city,model,datetime,lead_hours,temperature,rainfall,wind_speed
Chennai,ecmwf,2026-09-23T00:00:00,0,24.8,0.0,16.0
Chennai,ecmwf,2026-09-23T01:00:00,1,24.3,0.0,15.5
Chennai,ecmwf,2026-09-23T02:00:00,2,24.1,0.0,14.0
Chennai,ecmwf,2026-09-23T03:00:00,3,24.3,0.0,12.0
Chennai,ecmwf,2026-09-23T04:00:00,4,24.8,0.0,10.0
Chennai,ecmwf,2026-09-23T05:00:00,5,25.7,0.1,8.5
Chennai,ecmwf,2026-09-23T06:00:00,6,26.8,0.5,8.0
Chennai,ecmwf,2026-09-23T07:00:00,7,28.2,0.8,8.5
Chennai,ecmwf,2026-09-23T08:00:00,8,29.6,0.9,10.0
Chennai,ecmwf,2026-09-23T09:00:00,9,31.0,1.0,12.0
Chennai,ecmwf,2026-09-23T10:00:00,10,32.3,0.9,14.0
Chennai,ecmwf,2026-09-23T11:00:00,11,33.5,0.8,15.5
Chennai,ecmwf,2026-09-23T12:00:00,12,34.3,0.5,16.0
Chennai,ecmwf,2026-09-23T13:00:00,13,34.9,0.1,15.5
Chennai,ecmwf,2026-09-23T14:00:00,14,35.1,0.0,14.0
Chennai,ecmwf,2026-09-23T15:00:00,15,34.9,0.0,12.0
Chennai,ecmwf,2026-09-23T16:00:00,16,34.3,0.0,10.0
Chennai,ecmwf,2026-09-23T17:00:00,17,33.5,0.0,8.5
Chennai,ecmwf,2026-09-23T18:00:00,18,32.3,0.0,8.0
Chennai,ecmwf,2026-09-23T19:00:00,19,31.0,0.0,8.5
Chennai,ecmwf,2026-09-23T20:00:00,20,29.6,0.0,10.0
Chennai,ecmwf,2026-09-23T21:00:00,21,28.2,0.0,12.0
Chennai,ecmwf,2026-09-23T22:00:00,22,26.8,0.0,14.0
Chennai,ecmwf,2026-09-23T23:00:00,23,25.7,0.0,15.5
Chennai,ecmwf,2026-09-24T00:00:00,24,24.8,0.0,16.0
Chennai,ecmwf,2026-09-24T01:00:00,25,24.3,0.0,15.5
Chennai,ecmwf,2026-09-24T02:00:00,26,24.1,0.0,14.0
Chennai,ecmwf,2026-09-24T03:00:00,27,24.3,0.0,12.0
Chennai,ecmwf,2026-09-24T04:00:00,28,24.8,0.0,10.0
Chennai,ecmwf,2026-09-24T05:00:00,29,25.7,0.0,8.5
Chennai,ecmwf,2026-09-24T06:00:00,30,26.8,0.0,8.0
Chennai,ecmwf,2026-09-24T07:00:00,31,28.2,0.0,8.5
Chennai,ecmwf,2026-09-24T08:00:00,32,29.6,0.0,10.0
Chennai,ecmwf,2026-09-24T09:00:00,33,31.0,0.0,12.0
Chennai,ecmwf,2026-09-24T10:00:00,34,32.3,0.0,14.0
Chennai,ecmwf,2026-09-24T11:00:00,35,33.5,0.0,15.5
Chennai,ecmwf,2026-09-24T12:00:00,36,34.3,0.0,16.0
Chennai,ecmwf,2026-09-24T13:00:00,37,34.9,0.0,15.5
Chennai,ecmwf,2026-09-24T14:00:00,38,35.1,0.0,14.0
Chennai,ecmwf,2026-09-24T15:00:00,39,34.9,0.0,12.0
Chennai,ecmwf,2026-09-24T16:00:00,40,34.3,0.0,10.0
Chennai,ecmwf,2026-09-24T17:00:00,41,33.5,0.1,8.5
Chennai,ecmwf,2026-09-24T18:00:00,42,32.3,0.5,8.0
Chennai,ecmwf,2026-09-24T19:00:00,43,31.0,0.8,8.5
Chennai,ecmwf,2026-09-24T20:00:00,44,29.6,0.9,10.0
Chennai,ecmwf,2026-09-24T21:00:00,45,28.2,1.0,12.0
Chennai,ecmwf,2026-09-24T22:00:00,46,26.8,0.9,14.0
Chennai,ecmwf,2026-09-24T23:00:00,47,25.7,0.8,15.5
Chennai,ecmwf,2026-09-25T00:00:00,48,24.8,0.5,16.0
Chennai,ecmwf,2026-09-25T01:00:00,49,24.3,0.1,15.5
Chennai,ecmwf,2026-09-25T02:00:00,50,24.1,0.0,14.0
Chennai,ecmwf,2026-09-25T03:00:00,51,24.3,0.0,12.0
Chennai,ecmwf,2026-09-25T04:00:00,52,24.8,0.0,10.0
Chennai,ecmwf,2026-09-25T05:00:00,53,25.7,0.0,8.5
Chennai,ecmwf,2026-09-25T06:00:00,54,26.8,0.0,8.0
Chennai,ecmwf,2026-09-25T07:00:00,55,28.2,0.0,8.5
Chennai,ecmwf,2026-09-25T08:00:00,56,29.6,0.0,10.0
Chennai,ecmwf,2026-09-25T09:00:00,57,31.0,0.0,12.0
Chennai,ecmwf,2026-09-25T10:00:00,58,32.3,0.0,14.0
Chennai,ecmwf,2026-09-25T11:00:00,59,33.5,0.0,15.5
Chennai,ecmwf,2026-09-25T12:00:00,60,34.3,0.0,16.0
Chennai,ecmwf,2026-09-25T13:00:00,61,34.9,0.0,15.5
Chennai,ecmwf,2026-09-25T14:00:00,62,35.1,0.0,14.0
Chennai,ecmwf,2026-09-25T15:00:00,63,34.9,0.0,12.0
Chennai,ecmwf,2026-09-25T16:00:00,64,34.3,0.0,10.0
Chennai,ecmwf,2026-09-25T17:00:00,65,33.5,0.0,8.5
Chennai,ecmwf,2026-09-25T18:00:00,66,32.3,0.0,8.0
Chennai,ecmwf,2026-09-25T19:00:00,67,31.0,0.0,8.5
Chennai,ecmwf,2026-09-25T20:00:00,68,29.6,0.0,10.0
Chennai,ecmwf,2026-09-25T21:00:00,69,28.2,0.0,12.0
Chennai,ecmwf,2026-09-25T22:00:00,70,26.8,0.0,14.0
Chennai,ecmwf,2026-09-25T23:00:00,71,25.7,0.0,15.5
Chennai,ecmwf,2026-09-26T00:00:00,72,24.8,0.0,16.0
Chennai,ecmwf,2026-09-26T01:00:00,73,24.3,0.0,15.5
Chennai,ecmwf,2026-09-26T02:00:00,74,24.1,0.0,14.0
Chennai,ecmwf,2026-09-26T03:00:00,75,24.3,0.0,12.0
Chennai,ecmwf,2026-09-26T04:00:00,76,24.8,0.0,10.0
Chennai,ecmwf,2026-09-26T05:00:00,77,25.7,0.1,8.5
Chennai,ecmwf,2026-09-26T06:00:00,78,26.8,0.5,8.0
Chennai,ecmwf,2026-09-26T07:00:00,79,28.2,0.8,8.5
Chennai,ecmwf,2026-09-26T08:00:00,80,29.6,0.9,10.0
Chennai,ecmwf,2026-09-26T09:00:00,81,31.0,1.0,12.0
Chennai,ecmwf,2026-09-26T10:00:00,82,32.3,0.9,14.0
Chennai,ecmwf,2026-09-26T11:00:00,83,33.5,0.8,15.5
Chennai,ecmwf,2026-09-26T12:00:00,84,34.3,0.5,16.0
Chennai,ecmwf,2026-09-26T13:00:00,85,34.9,0.1,15.5
Chennai,ecmwf,2026-09-26T14:00:00,86,35.1,0.0,14.0
Chennai,ecmwf,2026-09-26T15:00:00,87,34.9,0.0,12.0
Chennai,ecmwf,2026-09-26T16:00:00,88,34.3,0.0,10.0
Chennai,ecmwf,2026-09-26T17:00:00,89,33.5,0.0,8.5
Chennai,ecmwf,2026-09-26T18:00:00,90,32.3,0.0,8.0
Chennai,ecmwf,2026-09-26T19:00:00,91,31.0,0.0,8.5
Chennai,ecmwf,2026-09-26T20:00:00,92,29.6,0.0,10.0
Chennai,ecmwf,2026-09-26T21:00:00,93,28.2,0.0,12.0
Chennai,ecmwf,2026-09-26T22:00:00,94,26.8,0.0,14.0
Chennai,ecmwf,2026-09-26T23:00:00,95,25.7,0.0,15.5
Chennai,ecmwf,2026-09-27T00:00:00,96,24.8,0.0,16.0
Chennai,ecmwf,2026-09-27T01:00:00,97,24.3,0.0,15.5
Chennai,ecmwf,2026-09-27T02:00:00,98,24.1,0.0,14.0
Chennai,ecmwf,2026-09-27T03:00:00,99,24.3,0.0,12.0
Chennai,ecmwf,2026-09-27T04:00:00,100,24.8,0.0,10.0
Chennai,ecmwf,2026-09-27T05:00:00,101,25.7,0.0,8.5
Chennai,ecmwf,2026-09-27T06:00:00,102,26.8,0.0,8.0
Chennai,ecmwf,2026-09-27T07:00:00,103,28.2,0.0,8.5
Chennai,ecmwf,2026-09-27T08:00:00,104,29.6,0.0,10.0
Chennai,ecmwf,2026-09-27T09:00:00,105,31.0,0.0,12.0
Chennai,ecmwf,2026-09-27T10:00:00,106,32.3,0.0,14.0
Chennai,ecmwf,2026-09-27T11:00:00,107,33.5,0.0,15.5
Chennai,ecmwf,2026-09-27T12:00:00,108,34.3,0.0,16.0
Chennai,ecmwf,2026-09-27T13:00:00,109,34.9,0.0,15.5
Chennai,ecmwf,2026-09-27T14:00:00,110,35.1,0.0,14.0
Chennai,ecmwf,2026-09-27T15:00:00,111,34.9,0.0,12.0
Chennai,ecmwf,2026-09-27T16:00:00,112,34.3,0.0,10.0
Chennai,ecmwf,2026-09-27T17:00:00,113,33.5,0.1,8.5
Chennai,ecmwf,2026-09-27T18:00:00,114,32.3,0.5,8.0
Chennai,ecmwf,2026-09-27T19:00:00,115,31.0,0.8,8.5
Chennai,ecmwf,2026-09-27T20:00:00,116,29.6,0.9,10.0
Chennai,ecmwf,2026-09-27T21:00:00,117,28.2,1.0,12.0
Chennai,ecmwf,2026-09-27T22:00:00,118,26.8,0.9,14.0
Chennai,ecmwf,2026-09-27T23:00:00,119,25.7,0.8,15.5
Chennai,ecmwf,2026-09-28T00:00:00,120,24.8,0.5,16.0
Chennai,ecmwf,2026-09-28T01:00:00,121,24.3,0.1,15.5
Chennai,ecmwf,2026-09-28T02:00:00,122,24.1,0.0,14.0
Chennai,ecmwf,2026-09-28T03:00:00,123,24.3,0.0,12.0
Chennai,ecmwf,2026-09-28T04:00:00,124,24.8,0.0,10.0
Chennai,ecmwf,2026-09-28T05:00:00,125,25.7,0.0,8.5
Chennai,ecmwf,2026-09-28T06:00:00,126,26.8,0.0,8.0
Chennai,ecmwf,2026-09-28T07:00:00,127,28.2,0.0,8.5
Chennai,ecmwf,2026-09-28T08:00:00,128,29.6,0.0,10.0
Chennai,ecmwf,2026-09-28T09:00:00,129,31.0,0.0,12.0
Chennai,ecmwf,2026-09-28T10:00:00,130,32.3,0.0,14.0
Chennai,ecmwf,2026-09-28T11:00:00,131,33.5,0.0,15.5
Chennai,ecmwf,2026-09-28T12:00:00,132,34.3,0.0,16.0
Chennai,ecmwf,2026-09-28T13:00:00,133,34.9,0.0,15.5
Chennai,ecmwf,2026-09-28T14:00:00,134,35.1,0.0,14.0
Chennai,ecmwf,2026-09-28T15:00:00,135,34.9,0.0,12.0
Chennai,ecmwf,2026-09-28T16:00:00,136,34.3,0.0,10.0
Chennai,ecmwf,2026-09-28T17:00:00,137,33.5,0.0,8.5
Chennai,ecmwf,2026-09-28T18:00:00,138,32.3,0.0,8.0
Chennai,ecmwf,2026-09-28T19:00:00,139,31.0,0.0,8.5
Chennai,ecmwf,2026-09-28T20:00:00,140,29.6,0.0,10.0
Chennai,ecmwf,2026-09-28T21:00:00,141,28.2,0.0,12.0
Chennai,ecmwf,2026-09-28T22:00:00,142,26.8,0.0,14.0
Chennai,ecmwf,2026-09-28T23:00:00,143,25.7,0.0,15.5
Delhi,ecmwf,2026-09-23T00:00:00,0,24.2,0.0,16.0
Delhi,ecmwf,2026-09-23T01:00:00,1,23.7,0.0,15.5
Delhi,ecmwf,2026-09-23T02:00:00,2,23.5,0.0,14.0
Delhi,ecmwf,2026-09-23T03:00:00,3,23.7,0.0,12.0
Delhi,ecmwf,2026-09-23T04:00:00,4,24.2,0.0,10.0
Delhi,ecmwf,2026-09-23T05:00:00,5,25.1,0.1,8.5
Delhi,ecmwf,2026-09-23T06:00:00,6,26.2,0.5,8.0
Delhi,ecmwf,2026-09-23T07:00:00,7,27.6,0.8,8.5
Delhi,ecmwf,2026-09-23T08:00:00,8,29.0,0.9,10.0
Delhi,ecmwf,2026-09-23T09:00:00,9,30.4,1.0,12.0
Delhi,ecmwf,2026-09-23T10:00:00,10,31.7,0.9,14.0
Delhi,ecmwf,2026-09-23T11:00:00,11,32.9,0.8,15.5
Delhi,ecmwf,2026-09-23T12:00:00,12,33.7,0.5,16.0
Delhi,ecmwf,2026-09-23T13:00:00,13,34.3,0.1,15.5
Delhi,ecmwf,2026-09-23T14:00:00,14,34.5,0.0,14.0
Delhi,ecmwf,2026-09-23T15:00:00,15,34.3,0.0,12.0
Delhi,ecmwf,2026-09-23T16:00:00,16,33.7,0.0,10.0
Delhi,ecmwf,2026-09-23T17:00:00,17,32.9,0.0,8.5
Delhi,ecmwf,2026-09-23T18:00:00,18,31.7,0.0,8.0
Delhi,ecmwf,2026-09-23T19:00:00,19,30.4,0.0,8.5
Delhi,ecmwf,2026-09-23T20:00:00,20,29.0,0.0,10.0
Delhi,ecmwf,2026-09-23T21:00:00,21,27.6,0.0,12.0
Delhi,ecmwf,2026-09-23T22:00:00,22,26.2,0.0,14.0
Delhi,ecmwf,2026-09-23T23:00:00,23,25.1,0.0,15.5
Delhi,ecmwf,2026-09-24T00:00:00,24,24.2,0.0,16.0
Delhi,ecmwf,2026-09-24T01:00:00,25,23.7,0.0,15.5
Delhi,ecmwf,2026-09-24T02:00:00,26,23.5,0.0,14.0
Delhi,ecmwf,2026-09-24T03:00:00,27,23.7,0.0,12.0
Delhi,ecmwf,2026-09-24T04:00:00,28,24.2,0.0,10.0
Delhi,ecmwf,2026-09-24T05:00:00,29,25.1,0.0,8.5
Delhi,ecmwf,2026-09-24T06:00:00,30,26.2,0.0,8.0
Delhi,ecmwf,2026-09-24T07:00:00,31,27.6,0.0,8.5
Delhi,ecmwf,2026-09-24T08:00:00,32,29.0,0.0,10.0
Delhi,ecmwf,2026-09-24T09:00:00,33,30.4,0.0,12.0
Delhi,ecmwf,2026-09-24T10:00:00,34,31.7,0.0,14.0
Delhi,ecmwf,2026-09-24T11:00:00,35,32.9,0.0,15.5
Delhi,ecmwf,2026-09-24T12:00:00,36,33.7,0.0,16.0
Delhi,ecmwf,2026-09-24T13:00:00,37,34.3,0.0,15.5
Delhi,ecmwf,2026-09-24T14:00:00,38,34.5,0.0,14.0
Delhi,ecmwf,2026-09-24T15:00:00,39,34.3,0.0,12.0
Delhi,ecmwf,2026-09-24T16:00:00,40,33.7,0.0,10.0
Delhi,ecmwf,2026-09-24T17:00:00,41,32.9,0.1,8.5
Delhi,ecmwf,2026-09-24T18:00:00,42,31.7,0.5,8.0
Delhi,ecmwf,2026-09-24T19:00:00,43,30.4,0.8,8.5
Delhi,ecmwf,2026-09-24T20:00:00,44,29.0,0.9,10.0
Delhi,ecmwf,2026-09-24T21:00:00,45,27.6,1.0,12.0
Delhi,ecmwf,2026-09-24T22:00:00,46,26.2,0.9,14.0
Delhi,ecmwf,2026-09-24T23:00:00,47,25.1,0.8,15.5
Delhi,ecmwf,2026-09-25T00:00:00,48,24.2,0.5,16.0
Delhi,ecmwf,2026-09-25T01:00:00,49,23.7,0.1,15.5
Delhi,ecmwf,2026-09-25T02:00:00,50,23.5,0.0,14.0
Delhi,ecmwf,2026-09-25T03:00:00,51,23.7,0.0,12.0
Delhi,ecmwf,2026-09-25T04:00:00,52,24.2,0.0,10.0
Delhi,ecmwf,2026-09-25T05:00:00,53,25.1,0.0,8.5
Delhi,ecmwf,2026-09-25T06:00:00,54,26.2,0.0,8.0
Delhi,ecmwf,2026-09-25T07:00:00,55,27.6,0.0,8.5
Delhi,ecmwf,2026-09-25T08:00:00,56,29.0,0.0,10.0
Delhi,ecmwf,2026-09-25T09:00:00,57,30.4,0.0,12.0
Delhi,ecmwf,2026-09-25T10:00:00,58,31.7,0.0,14.0
Delhi,ecmwf,2026-09-25T11:00:00,59,32.9,0.0,15.5
Delhi,ecmwf,2026-09-25T12:00:00,60,33.7,0.0,16.0
Delhi,ecmwf,2026-09-25T13:00:00,61,34.3,0.0,15.5
Delhi,ecmwf,2026-09-25T14:00:00,62,34.5,0.0,14.0
Delhi,ecmwf,2026-09-25T15:00:00,63,34.3,0.0,12.0
Delhi,ecmwf,2026-09-25T16:00:00,64,33.7,0.0,10.0
Delhi,ecmwf,2026-09-25T17:00:00,65,32.9,0.0,8.5
Delhi,ecmwf,2026-09-25T18:00:00,66,31.7,0.0,8.0
Delhi,ecmwf,2026-09-25T19:00:00,67,30.4,0.0,8.5
Delhi,ecmwf,2026-09-25T20:00:00,68,29.0,0.0,10.0
Delhi,ecmwf,2026-09-25T21:00:00,69,27.6,0.0,12.0
Delhi,ecmwf,2026-09-25T22:00:00,70,26.2,0.0,14.0
Delhi,ecmwf,2026-09-25T23:00:00,71,25.1,0.0,15.5
Delhi,ecmwf,2026-09-26T00:00:00,72,24.2,0.0,16.0
Delhi,ecmwf,2026-09-26T01:00:00,73,23.7,0.0,15.5
Delhi,ecmwf,2026-09-26T02:00:00,74,23.5,0.0,14.0
Delhi,ecmwf,2026-09-26T03:00:00,75,23.7,0.0,12.0
Delhi,ecmwf,2026-09-26T04:00:00,76,24.2,0.0,10.0
Delhi,ecmwf,2026-09-26T05:00:00,77,25.1,0.1,8.5
Delhi,ecmwf,2026-09-26T06:00:00,78,26.2,0.5,8.0
Delhi,ecmwf,2026-09-26T07:00:00,79,27.6,0.8,8.5
Delhi,ecmwf,2026-09-26T08:00:00,80,29.0,0.9,10.0
Delhi,ecmwf,2026-09-26T09:00:00,81,30.4,1.0,12.0
Delhi,ecmwf,2026-09-26T10:00:00,82,31.7,0.9,14.0
Delhi,ecmwf,2026-09-26T11:00:00,83,32.9,0.8,15.5
Delhi,ecmwf,2026-09-26T12:00:00,84,33.7,0.5,16.0
Delhi,ecmwf,2026-09-26T13:00:00,85,34.3,0.1,15.5
Delhi,ecmwf,2026-09-26T14:00:00,86,34.5,0.0,14.0
Delhi,ecmwf,2026-09-26T15:00:00,87,34.3,0.0,12.0
Delhi,ecmwf,2026-09-26T16:00:00,88,33.7,0.0,10.0
Delhi,ecmwf,2026-09-26T17:00:00,89,32.9,0.0,8.5
Delhi,ecmwf,2026-09-26T18:00:00,90,31.7,0.0,8.0
Delhi,ecmwf,2026-09-26T19:00:00,91,30.4,0.0,8.5
Delhi,ecmwf,2026-09-26T20:00:00,92,29.0,0.0,10.0
Delhi,ecmwf,2026-09-26T21:00:00,93,27.6,0.0,12.0
Delhi,ecmwf,2026-09-26T22:00:00,94,26.2,0.0,14.0
Delhi,ecmwf,2026-09-26T23:00:00,95,25.1,0.0,15.5
Delhi,ecmwf,2026-09-27T00:00:00,96,24.2,0.0,16.0
Delhi,ecmwf,2026-09-27T01:00:00,97,23.7,0.0,15.5
Delhi,ecmwf,2026-09-27T02:00:00,98,23.5,0.0,14.0
Delhi,ecmwf,2026-09-27T03:00:00,99,23.7,0.0,12.0
Delhi,ecmwf,2026-09-27T04:00:00,100,24.2,0.0,10.0
Delhi,ecmwf,2026-09-27T05:00:00,101,25.1,0.0,8.5
Delhi,ecmwf,2026-09-27T06:00:00,102,26.2,0.0,8.0
Delhi,ecmwf,2026-09-27T07:00:00,103,27.6,0.0,8.5
Delhi,ecmwf,2026-09-27T08:00:00,104,29.0,0.0,10.0
Delhi,ecmwf,2026-09-27T09:00:00,105,30.4,0.0,12.0
Delhi,ecmwf,2026-09-27T10:00:00,106,31.7,0.0,14.0
Delhi,ecmwf,2026-09-27T11:00:00,107,32.9,0.0,15.5
Delhi,ecmwf,2026-09-27T12:00:00,108,33.7,0.0,16.0
Delhi,ecmwf,2026-09-27T13:00:00,109,34.3,0.0,15.5
Delhi,ecmwf,2026-09-27T14:00:00,110,34.5,0.0,14.0
Delhi,ecmwf,2026-09-27T15:00:00,111,34.3,0.0,12.0
Delhi,ecmwf,2026-09-27T16:00:00,112,33.7,0.0,10.0
Delhi,ecmwf,2026-09-27T17:00:00,113,32.9,0.1,8.5
Delhi,ecmwf,2026-09-27T18:00:00,114,31.7,0.5,8.0
Delhi,ecmwf,2026-09-27T19:00:00,115,30.4,0.8,8.5
Delhi,ecmwf,2026-09-27T20:00:00,116,29.0,0.9,10.0
Delhi,ecmwf,2026-09-27T21:00:00,117,27.6,1.0,12.0
Delhi,ecmwf,2026-09-27T22:00:00,118,26.2,0.9,14.0
Delhi,ecmwf,2026-09-27T23:00:00,119,25.1,0.8,15.5
Delhi,ecmwf,2026-09-28T00:00:00,120,24.2,0.5,16.0
Delhi,ecmwf,2026-09-28T01:00:00,121,23.7,0.1,15.5
Delhi,ecmwf,2026-09-28T02:00:00,122,23.5,0.0,14.0
Delhi,ecmwf,2026-09-28T03:00:00,123,23.7,0.0,12.0
Delhi,ecmwf,2026-09-28T04:00:00,124,24.2,0.0,10.0
Delhi,ecmwf,2026-09-28T05:00:00,125,25.1,0.0,8.5
Delhi,ecmwf,2026-09-28T06:00:00,126,26.2,0.0,8.0
Delhi,ecmwf,2026-09-28T07:00:00,127,27.6,0.0,8.5
Delhi,ecmwf,2026-09-28T08:00:00,128,29.0,0.0,10.0
Delhi,ecmwf,2026-09-28T09:00:00,129,30.4,0.0,12.0
Delhi,ecmwf,2026-09-28T10:00:00,130,31.7,0.0,14.0
Delhi,ecmwf,2026-09-28T11:00:00,131,32.9,0.0,15.5
Delhi,ecmwf,2026-09-28T12:00:00,132,33.7,0.0,16.0
Delhi,ecmwf,2026-09-28T13:00:00,133,34.3,0.0,15.5
Delhi,ecmwf,2026-09-28T14:00:00,134,34.5,0.0,14.0
Delhi,ecmwf,2026-09-28T15:00:00,135,34.3,0.0,12.0
Delhi,ecmwf,2026-09-28T16:00:00,136,33.7,0.0,10.0
Delhi,ecmwf,2026-09-28T17:00:00,137,32.9,0.0,8.5
Delhi,ecmwf,2026-09-28T18:00:00,138,31.7,0.0,8.0
Delhi,ecmwf,2026-09-28T19:00:00,139,30.4,0.0,8.5
Delhi,ecmwf,2026-09-28T20:00:00,140,29.0,0.0,10.0
Delhi,ecmwf,2026-09-28T21:00:00,141,27.6,0.0,12.0
Delhi,ecmwf,2026-09-28T22:00:00,142,26.2,0.0,14.0
Delhi,ecmwf,2026-09-28T23:00:00,143,25.1,0.0,15.5
Guwahati,ecmwf,2026-09-23T00:00:00,0,25.1,0.0,16.0
Guwahati,ecmwf,2026-09-23T01:00:00,1,24.5,0.0,15.5
Guwahati,ecmwf,2026-09-23T02:00:00,2,24.3,0.0,14.0
Guwahati,ecmwf,2026-09-23T03:00:00,3,24.5,0.0,12.0
Guwahati,ecmwf,2026-09-23T04:00:00,4,25.1,0.0,10.0
Guwahati,ecmwf,2026-09-23T05:00:00,5,26.0,0.1,8.5
Guwahati,ecmwf,2026-09-23T06:00:00,6,27.1,0.5,8.0
Guwahati,ecmwf,2026-09-23T07:00:00,7,28.4,0.8,8.5
Guwahati,ecmwf,2026-09-23T08:00:00,8,29.8,0.9,10.0
Guwahati,ecmwf,2026-09-23T09:00:00,9,31.3,1.0,12.0
Guwahati,ecmwf,2026-09-23T10:00:00,10,32.6,0.9,14.0
Guwahati,ecmwf,2026-09-23T11:00:00,11,33.7,0.8,15.5
Guwahati,ecmwf,2026-09-23T12:00:00,12,34.6,0.5,16.0
Guwahati,ecmwf,2026-09-23T13:00:00,13,35.2,0.1,15.5
Guwahati,ecmwf,2026-09-23T14:00:00,14,35.3,0.0,14.0
Guwahati,ecmwf,2026-09-23T15:00:00,15,35.2,0.0,12.0
Guwahati,ecmwf,2026-09-23T16:00:00,16,34.6,0.0,10.0
Guwahati,ecmwf,2026-09-23T17:00:00,17,33.7,0.0,8.5
Guwahati,ecmwf,2026-09-23T18:00:00,18,32.6,0.0,8.0
Guwahati,ecmwf,2026-09-23T19:00:00,19,31.3,0.0,8.5
Guwahati,ecmwf,2026-09-23T20:00:00,20,29.8,0.0,10.0
Guwahati,ecmwf,2026-09-23T21:00:00,21,28.4,0.0,12.0
Guwahati,ecmwf,2026-09-23T22:00:00,22,27.1,0.0,14.0
Guwahati,ecmwf,2026-09-23T23:00:00,23,26.0,0.0,15.5
Guwahati,ecmwf,2026-09-24T00:00:00,24,25.1,0.0,16.0
Guwahati,ecmwf,2026-09-24T01:00:00,25,24.5,0.0,15.5
Guwahati,ecmwf,2026-09-24T02:00:00,26,24.3,0.0,14.0
Guwahati,ecmwf,2026-09-24T03:00:00,27,24.5,0.0,12.0
Guwahati,ecmwf,2026-09-24T04:00:00,28,25.1,0.0,10.0
Guwahati,ecmwf,2026-09-24T05:00:00,29,26.0,0.0,8.5
Guwahati,ecmwf,2026-09-24T06:00:00,30,27.1,0.0,8.0
Guwahati,ecmwf,2026-09-24T07:00:00,31,28.4,0.0,8.5
Guwahati,ecmwf,2026-09-24T08:00:00,32,29.8,0.0,10.0
Guwahati,ecmwf,2026-09-24T09:00:00,33,31.3,0.0,12.0
Guwahati,ecmwf,2026-09-24T10:00:00,34,32.6,0.0,14.0
Guwahati,ecmwf,2026-09-24T11:00:00,35,33.7,0.0,15.5
Guwahati,ecmwf,2026-09-24T12:00:00,36,34.6,0.0,16.0
Guwahati,ecmwf,2026-09-24T13:00:00,37,35.2,0.0,15.5
Guwahati,ecmwf,2026-09-24T14:00:00,38,35.3,0.0,14.0
Guwahati,ecmwf,2026-09-24T15:00:00,39,35.2,0.0,12.0
Guwahati,ecmwf,2026-09-24T16:00:00,40,34.6,0.0,10.0
Guwahati,ecmwf,2026-09-24T17:00:00,41,33.7,0.1,8.5
Guwahati,ecmwf,2026-09-24T18:00:00,42,32.6,0.5,8.0
Guwahati,ecmwf,2026-09-24T19:00:00,43,31.3,0.8,8.5
Guwahati,ecmwf,2026-09-24T20:00:00,44,29.8,0.9,10.0
Guwahati,ecmwf,2026-09-24T21:00:00,45,28.4,1.0,12.0
Guwahati,ecmwf,2026-09-24T22:00:00,46,27.1,0.9,14.0
Guwahati,ecmwf,2026-09-24T23:00:00,47,26.0,0.8,15.5
Guwahati,ecmwf,2026-09-25T00:00:00,48,25.1,0.5,16.0
Guwahati,ecmwf,2026-09-25T01:00:00,49,24.5,0.1,15.5
Guwahati,ecmwf,2026-09-25T02:00:00,50,24.3,0.0,14.0
Guwahati,ecmwf,2026-09-25T03:00:00,51,24.5,0.0,12.0
Guwahati,ecmwf,2026-09-25T04:00:00,52,25.1,0.0,10.0
Guwahati,ecmwf,2026-09-25T05:00:00,53,26.0,0.0,8.5
Guwahati,ecmwf,2026-09-25T06:00:00,54,27.1,0.0,8.0
Guwahati,ecmwf,2026-09-25T07:00:00,55,28.4,0.0,8.5
Guwahati,ecmwf,2026-09-25T08:00:00,56,29.8,0.0,10.0
Guwahati,ecmwf,2026-09-25T09:00:00,57,31.3,0.0,12.0
Guwahati,ecmwf,2026-09-25T10:00:00,58,32.6,0.0,14.0
Guwahati,ecmwf,2026-09-25T11:00:00,59,33.7,0.0,15.5
Guwahati,ecmwf,2026-09-25T12:00:00,60,34.6,0.0,16.0
Guwahati,ecmwf,2026-09-25T13:00:00,61,35.2,0.0,15.5
Guwahati,ecmwf,2026-09-25T14:00:00,62,35.3,0.0,14.0
Guwahati,ecmwf,2026-09-25T15:00:00,63,35.2,0.0,12.0
Guwahati,ecmwf,2026-09-25T16:00:00,64,34.6,0.0,10.0
Guwahati,ecmwf,2026-09-25T17:00:00,65,33.7,0.0,8.5
Guwahati,ecmwf,2026-09-25T18:00:00,66,32.6,0.0,8.0
Guwahati,ecmwf,2026-09-25T19:00:00,67,31.3,0.0,8.5
Guwahati,ecmwf,2026-09-25T20:00:00,68,29.8,0.0,10.0
Guwahati,ecmwf,2026-09-25T21:00:00,69,28.4,0.0,12.0
Guwahati,ecmwf,2026-09-25T22:00:00,70,27.1,0.0,14.0
Guwahati,ecmwf,2026-09-25T23:00:00,71,26.0,0.0,15.5
Guwahati,ecmwf,2026-09-26T00:00:00,72,25.1,0.0,16.0
Guwahati,ecmwf,2026-09-26T01:00:00,73,24.5,0.0,15.5
Guwahati,ecmwf,2026-09-26T02:00:00,74,24.3,0.0,14.0
Guwahati,ecmwf,2026-09-26T03:00:00,75,24.5,0.0,12.0
Guwahati,ecmwf,2026-09-26T04:00:00,76,25.1,0.0,10.0
Guwahati,ecmwf,2026-09-26T05:00:00,77,26.0,0.1,8.5
Guwahati,ecmwf,2026-09-26T06:00:00,78,27.1,0.5,8.0
Guwahati,ecmwf,2026-09-26T07:00:00,79,28.4,0.8,8.5
Guwahati,ecmwf,2026-09-26T08:00:00,80,29.8,0.9,10.0
Guwahati,ecmwf,2026-09-26T09:00:00,81,31.3,1.0,12.0
Guwahati,ecmwf,2026-09-26T10:00:00,82,32.6,0.9,14.0
Guwahati,ecmwf,2026-09-26T11:00:00,83,33.7,0.8,15.5
Guwahati,ecmwf,2026-09-26T12:00:00,84,34.6,0.5,16.0
Guwahati,ecmwf,2026-09-26T13:00:00,85,35.2,0.1,15.5
Guwahati,ecmwf,2026-09-26T14:00:00,86,35.3,0.0,14.0
Guwahati,ecmwf,2026-09-26T15:00:00,87,35.2,0.0,12.0
Guwahati,ecmwf,2026-09-26T16:00:00,88,34.6,0.0,10.0
Guwahati,ecmwf,2026-09-26T17:00:00,89,33.7,0.0,8.5
Guwahati,ecmwf,2026-09-26T18:00:00,90,32.6,0.0,8.0
Guwahati,ecmwf,2026-09-26T19:00:00,91,31.3,0.0,8.5
Guwahati,ecmwf,2026-09-26T20:00:00,92,29.8,0.0,10.0
Guwahati,ecmwf,2026-09-26T21:00:00,93,28.4,0.0,12.0
Guwahati,ecmwf,2026-09-26T22:00:00,94,27.1,0.0,14.0
Guwahati,ecmwf,2026-09-26T23:00:00,95,26.0,0.0,15.5
Guwahati,ecmwf,2026-09-27T00:00:00,96,25.1,0.0,16.0
Guwahati,ecmwf,2026-09-27T01:00:00,97,24.5,0.0,15.5
Guwahati,ecmwf,2026-09-27T02:00:00,98,24.3,0.0,14.0
Guwahati,ecmwf,2026-09-27T03:00:00,99,24.5,0.0,12.0
Guwahati,ecmwf,2026-09-27T04:00:00,100,25.1,0.0,10.0
Guwahati,ecmwf,2026-09-27T05:00:00,101,26.0,0.0,8.5
Guwahati,ecmwf,2026-09-27T06:00:00,102,27.1,0.0,8.0
Guwahati,ecmwf,2026-09-27T07:00:00,103,28.4,0.0,8.5
Guwahati,ecmwf,2026-09-27T08:00:00,104,29.8,0.0,10.0
Guwahati,ecmwf,2026-09-27T09:00:00,105,31.3,0.0,12.0
Guwahati,ecmwf,2026-09-27T10:00:00,106,32.6,0.0,14.0
Guwahati,ecmwf,2026-09-27T11:00:00,107,33.7,0.0,15.5
Guwahati,ecmwf,2026-09-27T12:00:00,108,34.6,0.0,16.0
Guwahati,ecmwf,2026-09-27T13:00:00,109,35.2,0.0,15.5
Guwahati,ecmwf,2026-09-27T14:00:00,110,35.3,0.0,14.0
Guwahati,ecmwf,2026-09-27T15:00:00,111,35.2,0.0,12.0
Guwahati,ecmwf,2026-09-27T16:00:00,112,34.6,0.0,10.0
Guwahati,ecmwf,2026-09-27T17:00:00,113,33.7,0.1,8.5
Guwahati,ecmwf,2026-09-27T18:00:00,114,32.6,0.5,8.0
Guwahati,ecmwf,2026-09-27T19:00:00,115,31.3,0.8,8.5
Guwahati,ecmwf,2026-09-27T20:00:00,116,29.8,0.9,10.0
Guwahati,ecmwf,2026-09-27T21:00:00,117,28.4,1.0,12.0
Guwahati,ecmwf,2026-09-27T22:00:00,118,27.1,0.9,14.0
Guwahati,ecmwf,2026-09-27T23:00:00,119,26.0,0.8,15.5
Guwahati,ecmwf,2026-09-28T00:00:00,120,25.1,0.5,16.0
Guwahati,ecmwf,2026-09-28T01:00:00,121,24.5,0.1,15.5
Guwahati,ecmwf,2026-09-28T02:00:00,122,24.3,0.0,14.0
Guwahati,ecmwf,2026-09-28T03:00:00,123,24.5,0.0,12.0
Guwahati,ecmwf,2026-09-28T04:00:00,124,25.1,0.0,10.0
Guwahati,ecmwf,2026-09-28T05:00:00,125,26.0,0.0,8.5
Guwahati,ecmwf,2026-09-28T06:00:00,126,27.1,0.0,8.0
Guwahati,ecmwf,2026-09-28T07:00:00,127,28.4,0.0,8.5
Guwahati,ecmwf,2026-09-28T08:00:00,128,29.8,0.0,10.0
Guwahati,ecmwf,2026-09-28T09:00:00,129,31.3,0.0,12.0
Guwahati,ecmwf,2026-09-28T10:00:00,130,32.6,0.0,14.0
Guwahati,ecmwf,2026-09-28T11:00:00,131,33.7,0.0,15.5
Guwahati,ecmwf,2026-09-28T12:00:00,132,34.6,0.0,16.0
Guwahati,ecmwf,2026-09-28T13:00:00,133,35.2,0.0,15.5
Guwahati,ecmwf,2026-09-28T14:00:00,134,35.3,0.0,14.0
Guwahati,ecmwf,2026-09-28T15:00:00,135,35.2,0.0,12.0
Guwahati,ecmwf,2026-09-28T16:00:00,136,34.6,0.0,10.0
Guwahati,ecmwf,2026-09-28T17:00:00,137,33.7,0.0,8.5
Guwahati,ecmwf,2026-09-28T18:00:00,138,32.6,0.0,8.0
Guwahati,ecmwf,2026-09-28T19:00:00,139,31.3,0.0,8.5
Guwahati,ecmwf,2026-09-28T20:00:00,140,29.8,0.0,10.0
Guwahati,ecmwf,2026-09-28T21:00:00,141,28.4,0.0,12.0
Guwahati,ecmwf,2026-09-28T22:00:00,142,27.1,0.0,14.0
Guwahati,ecmwf,2026-09-28T23:00:00,143,26.0,0.0,15.5
Jaipur,ecmwf,2026-09-23T00:00:00,0,24.8,0.0,16.0
Jaipur,ecmwf,2026-09-23T01:00:00,1,24.3,0.0,15.5
Jaipur,ecmwf,2026-09-23T02:00:00,2,24.1,0.0,14.0
Jaipur,ecmwf,2026-09-23T03:00:00,3,24.3,0.0,12.0
Jaipur,ecmwf,2026-09-23T04:00:00,4,24.8,0.0,10.0
Jaipur,ecmwf,2026-09-23T05:00:00,5,25.7,0.1,8.5
Jaipur,ecmwf,2026-09-23T06:00:00,6,26.8,0.5,8.0
Jaipur,ecmwf,2026-09-23T07:00:00,7,28.2,0.8,8.5
Jaipur,ecmwf,2026-09-23T08:00:00,8,29.6,0.9,10.0
Jaipur,ecmwf,2026-09-23T09:00:00,9,31.0,1.0,12.0
Jaipur,ecmwf,2026-09-23T10:00:00,10,32.3,0.9,14.0
Jaipur,ecmwf,2026-09-23T11:00:00,11,33.5,0.8,15.5
Jaipur,ecmwf,2026-09-23T12:00:00,12,34.3,0.5,16.0
Jaipur,ecmwf,2026-09-23T13:00:00,13,34.9,0.1,15.5
Jaipur,ecmwf,2026-09-23T14:00:00,14,35.1,0.0,14.0
Jaipur,ecmwf,2026-09-23T15:00:00,15,34.9,0.0,12.0
Jaipur,ecmwf,2026-09-23T16:00:00,16,34.3,0.0,10.0
Jaipur,ecmwf,2026-09-23T17:00:00,17,33.5,0.0,8.5
Jaipur,ecmwf,2026-09-23T18:00:00,18,32.3,0.0,8.0
Jaipur,ecmwf,2026-09-23T19:00:00,19,31.0,0.0,8.5
Jaipur,ecmwf,2026-09-23T20:00:00,20,29.6,0.0,10.0
Jaipur,ecmwf,2026-09-23T21:00:00,21,28.2,0.0,12.0
Jaipur,ecmwf,2026-09-23T22:00:00,22,26.8,0.0,14.0
Jaipur,ecmwf,2026-09-23T23:00:00,23,25.7,0.0,15.5
Jaipur,ecmwf,2026-09-24T00:00:00,24,24.8,0.0,16.0
Jaipur,ecmwf,2026-09-24T01:00:00,25,24.3,0.0,15.5
Jaipur,ecmwf,2026-09-24T02:00:00,26,24.1,0.0,14.0
Jaipur,ecmwf,2026-09-24T03:00:00,27,24.3,0.0,12.0
Jaipur,ecmwf,2026-09-24T04:00:00,28,24.8,0.0,10.0
Jaipur,ecmwf,2026-09-24T05:00:00,29,25.7,0.0,8.5
Jaipur,ecmwf,2026-09-24T06:00:00,30,26.8,0.0,8.0
Jaipur,ecmwf,2026-09-24T07:00:00,31,28.2,0.0,8.5
Jaipur,ecmwf,2026-09-24T08:00:00,32,29.6,0.0,10.0
Jaipur,ecmwf,2026-09-24T09:00:00,33,31.0,0.0,12.0
Jaipur,ecmwf,2026-09-24T10:00:00,34,32.3,0.0,14.0
Jaipur,ecmwf,2026-09-24T11:00:00,35,33.5,0.0,15.5
Jaipur,ecmwf,2026-09-24T12:00:00,36,34.3,0.0,16.0
Jaipur,ecmwf,2026-09-24T13:00:00,37,34.9,0.0,15.5
Jaipur,ecmwf,2026-09-24T14:00:00,38,35.1,0.0,14.0
Jaipur,ecmwf,2026-09-24T15:00:00,39,34.9,0.0,12.0
Jaipur,ecmwf,2026-09-24T16:00:00,40,34.3,0.0,10.0
Jaipur,ecmwf,2026-09-24T17:00:00,41,33.5,0.1,8.5
Jaipur,ecmwf,2026-09-24T18:00:00,42,32.3,0.5,8.0
Jaipur,ecmwf,2026-09-24T19:00:00,43,31.0,0.8,8.5
Jaipur,ecmwf,2026-09-24T20:00:00,44,29.6,0.9,10.0
Jaipur,ecmwf,2026-09-24T21:00:00,45,28.2,1.0,12.0
Jaipur,ecmwf,2026-09-24T22:00:00,46,26.8,0.9,14.0
Jaipur,ecmwf,2026-09-24T23:00:00,47,25.7,0.8,15.5
Jaipur,ecmwf,2026-09-25T00:00:00,48,24.8,0.5,16.0
Jaipur,ecmwf,2026-09-25T01:00:00,49,24.3,0.1,15.5
Jaipur,ecmwf,2026-09-25T02:00:00,50,24.1,0.0,14.0
Jaipur,ecmwf,2026-09-25T03:00:00,51,24.3,0.0,12.0
Jaipur,ecmwf,2026-09-25T04:00:00,52,24.8,0.0,10.0
Jaipur,ecmwf,2026-09-25T05:00:00,53,25.7,0.0,8.5
Jaipur,ecmwf,2026-09-25T06:00:00,54,26.8,0.0,8.0
Jaipur,ecmwf,2026-09-25T07:00:00,55,28.2,0.0,8.5
Jaipur,ecmwf,2026-09-25T08:00:00,56,29.6,0.0,10.0
Jaipur,ecmwf,2026-09-25T09:00:00,57,31.0,0.0,12.0
Jaipur,ecmwf,2026-09-25T10:00:00,58,32.3,0.0,14.0
Jaipur,ecmwf,2026-09-25T11:00:00,59,33.5,0.0,15.5
Jaipur,ecmwf,2026-09-25T12:00:00,60,34.3,0.0,16.0
Jaipur,ecmwf,2026-09-25T13:00:00,61,34.9,0.0,15.5
Jaipur,ecmwf,2026-09-25T14:00:00,62,35.1,0.0,14.0
Jaipur,ecmwf,2026-09-25T15:00:00,63,34.9,0.0,12.0
Jaipur,ecmwf,2026-09-25T16:00:00,64,34.3,0.0,10.0
Jaipur,ecmwf,2026-09-25T17:00:00,65,33.5,0.0,8.5
Jaipur,ecmwf,2026-09-25T18:00:00,66,32.3,0.0,8.0
Jaipur,ecmwf,2026-09-25T19:00:00,67,31.0,0.0,8.5
Jaipur,ecmwf,2026-09-25T20:00:00,68,29.6,0.0,10.0
Jaipur,ecmwf,2026-09-25T21:00:00,69,28.2,0.0,12.0
Jaipur,ecmwf,2026-09-25T22:00:00,70,26.8,0.0,14.0
Jaipur,ecmwf,2026-09-25T23:00:00,71,25.7,0.0,15.5
Jaipur,ecmwf,2026-09-26T00:00:00,72,24.8,0.0,16.0
Jaipur,ecmwf,2026-09-26T01:00:00,73,24.3,0.0,15.5
Jaipur,ecmwf,2026-09-26T02:00:00,74,24.1,0.0,14.0
Jaipur,ecmwf,2026-09-26T03:00:00,75,24.3,0.0,12.0
Jaipur,ecmwf,2026-09-26T04:00:00,76,24.8,0.0,10.0
Jaipur,ecmwf,2026-09-26T05:00:00,77,25.7,0.1,8.5
Jaipur,ecmwf,2026-09-26T06:00:00,78,26.8,0.5,8.0
Jaipur,ecmwf,2026-09-26T07:00:00,79,28.2,0.8,8.5
Jaipur,ecmwf,2026-09-26T08:00:00,80,29.6,0.9,10.0
Jaipur,ecmwf,2026-09-26T09:00:00,81,31.0,1.0,12.0
Jaipur,ecmwf,2026-09-26T10:00:00,82,32.3,0.9,14.0
Jaipur,ecmwf,2026-09-26T11:00:00,83,33.5,0.8,15.5
Jaipur,ecmwf,2026-09-26T12:00:00,84,34.3,0.5,16.0
Jaipur,ecmwf,2026-09-26T13:00:00,85,34.9,0.1,15.5
Jaipur,ecmwf,2026-09-26T14:00:00,86,35.1,0.0,14.0
Jaipur,ecmwf,2026-09-26T15:00:00,87,34.9,0.0,12.0
Jaipur,ecmwf,2026-09-26T16:00:00,88,34.3,0.0,10.0
Jaipur,ecmwf,2026-09-26T17:00:00,89,33.5,0.0,8.5
Jaipur,ecmwf,2026-09-26T18:00:00,90,32.3,0.0,8.0
Jaipur,ecmwf,2026-09-26T19:00:00,91,31.0,0.0,8.5
Jaipur,ecmwf,2026-09-26T20:00:00,92,29.6,0.0,10.0
Jaipur,ecmwf,2026-09-26T21:00:00,93,28.2,0.0,12.0
Jaipur,ecmwf,2026-09-26T22:00:00,94,26.8,0.0,14.0
Jaipur,ecmwf,2026-09-26T23:00:00,95,25.7,0.0,15.5
Jaipur,ecmwf,2026-09-27T00:00:00,96,24.8,0.0,16.0
Jaipur,ecmwf,2026-09-27T01:00:00,97,24.3,0.0,15.5
Jaipur,ecmwf,2026-09-27T02:00:00,98,24.1,0.0,14.0
Jaipur,ecmwf,2026-09-27T03:00:00,99,24.3,0.0,12.0
Jaipur,ecmwf,2026-09-27T04:00:00,100,24.8,0.0,10.0
Jaipur,ecmwf,2026-09-27T05:00:00,101,25.7,0.0,8.5
Jaipur,ecmwf,2026-09-27T06:00:00,102,26.8,0.0,8.0
Jaipur,ecmwf,2026-09-27T07:00:00,103,28.2,0.0,8.5
Jaipur,ecmwf,2026-09-27T08:00:00,104,29.6,0.0,10.0
Jaipur,ecmwf,2026-09-27T09:00:00,105,31.0,0.0,12.0
Jaipur,ecmwf,2026-09-27T10:00:00,106,32.3,0.0,14.0
Jaipur,ecmwf,2026-09-27T11:00:00,107,33.5,0.0,15.5
Jaipur,ecmwf,2026-09-27T12:00:00,108,34.3,0.0,16.0
Jaipur,ecmwf,2026-09-27T13:00:00,109,34.9,0.0,15.5
Jaipur,ecmwf,2026-09-27T14:00:00,110,35.1,0.0,14.0
Jaipur,ecmwf,2026-09-27T15:00:00,111,34.9,0.0,12.0
Jaipur,ecmwf,2026-09-27T16:00:00,112,34.3,0.0,10.0
Jaipur,ecmwf,2026-09-27T17:00:00,113,33.5,0.1,8.5
Jaipur,ecmwf,2026-09-27T18:00:00,114,32.3,0.5,8.0
Jaipur,ecmwf,2026-09-27T19:00:00,115,31.0,0.8,8.5
Jaipur,ecmwf,2026-09-27T20:00:00,116,29.6,0.9,10.0
Jaipur,ecmwf,2026-09-27T21:00:00,117,28.2,1.0,12.0
Jaipur,ecmwf,2026-09-27T22:00:00,118,26.8,0.9,14.0
Jaipur,ecmwf,2026-09-27T23:00:00,119,25.7,0.8,15.5
Jaipur,ecmwf,2026-09-28T00:00:00,120,24.8,0.5,16.0
Jaipur,ecmwf,2026-09-28T01:00:00,121,24.3,0.1,15.5
Jaipur,ecmwf,2026-09-28T02:00:00,122,24.1,0.0,14.0
Jaipur,ecmwf,2026-09-28T03:00:00,123,24.3,0.0,12.0
Jaipur,ecmwf,2026-09-28T04:00:00,124,24.8,0.0,10.0
Jaipur,ecmwf,2026-09-28T05:00:00,125,25.7,0.0,8.5
Jaipur,ecmwf,2026-09-28T06:00:00,126,26.8,0.0,8.0
Jaipur,ecmwf,2026-09-28T07:00:00,127,28.2,0.0,8.5
Jaipur,ecmwf,2026-09-28T08:00:00,128,29.6,0.0,10.0
Jaipur,ecmwf,2026-09-28T09:00:00,129,31.0,0.0,12.0
Jaipur,ecmwf,2026-09-28T10:00:00,130,32.3,0.0,14.0
Jaipur,ecmwf,2026-09-28T11:00:00,131,33.5,0.0,15.5
Jaipur,ecmwf,2026-09-28T12:00:00,132,34.3,0.0,16.0
Jaipur,ecmwf,2026-09-28T13:00:00,133,34.9,0.0,15.5
Jaipur,ecmwf,2026-09-28T14:00:00,134,35.1,0.0,14.0
Jaipur,ecmwf,2026-09-28T15:00:00,135,34.9,0.0,12.0
Jaipur,ecmwf,2026-09-28T16:00:00,136,34.3,0.0,10.0
Jaipur,ecmwf,2026-09-28T17:00:00,137,33.5,0.0,8.5
Jaipur,ecmwf,2026-09-28T18:00:00,138,32.3,0.0,8.0
Jaipur,ecmwf,2026-09-28T19:00:00,139,31.0,0.0,8.5
Jaipur,ecmwf,2026-09-28T20:00:00,140,29.6,0.0,10.0
Jaipur,ecmwf,2026-09-28T21:00:00,141,28.2,0.0,12.0
Jaipur,ecmwf,2026-09-28T22:00:00,142,26.8,0.0,14.0
Jaipur,ecmwf,2026-09-28T23:00:00,143,25.7,0.0,15.5
Kolkata,ecmwf,2026-09-23T00:00:00,0,26.3,0.0,16.0
Kolkata,ecmwf,2026-09-23T01:00:00,1,25.8,0.0,15.5
Kolkata,ecmwf,2026-09-23T02:00:00,2,25.6,0.0,14.0
Kolkata,ecmwf,2026-09-23T03:00:00,3,25.8,0.0,12.0
Kolkata,ecmwf,2026-09-23T04:00:00,4,26.3,0.0,10.0
Kolkata,ecmwf,2026-09-23T05:00:00,5,27.2,0.1,8.5
Kolkata,ecmwf,2026-09-23T06:00:00,6,28.3,0.5,8.0
Kolkata,ecmwf,2026-09-23T07:00:00,7,29.7,0.8,8.5
Kolkata,ecmwf,2026-09-23T08:00:00,8,31.1,0.9,10.0
Kolkata,ecmwf,2026-09-23T09:00:00,9,32.5,1.0,12.0
Kolkata,ecmwf,2026-09-23T10:00:00,10,33.8,0.9,14.0
Kolkata,ecmwf,2026-09-23T11:00:00,11,35.0,0.8,15.5
Kolkata,ecmwf,2026-09-23T12:00:00,12,35.9,0.5,16.0
Kolkata,ecmwf,2026-09-23T13:00:00,13,36.4,0.1,15.5
Kolkata,ecmwf,2026-09-23T14:00:00,14,36.6,0.0,14.0
Kolkata,ecmwf,2026-09-23T15:00:00,15,36.4,0.0,12.0
Kolkata,ecmwf,2026-09-23T16:00:00,16,35.9,0.0,10.0
Kolkata,ecmwf,2026-09-23T17:00:00,17,35.0,0.0,8.5
Kolkata,ecmwf,2026-09-23T18:00:00,18,33.8,0.0,8.0
Kolkata,ecmwf,2026-09-23T19:00:00,19,32.5,0.0,8.5
Kolkata,ecmwf,2026-09-23T20:00:00,20,31.1,0.0,10.0
Kolkata,ecmwf,2026-09-23T21:00:00,21,29.7,0.0,12.0
Kolkata,ecmwf,2026-09-23T22:00:00,22,28.3,0.0,14.0
Kolkata,ecmwf,2026-09-23T23:00:00,23,27.2,0.0,15.5
Kolkata,ecmwf,2026-09-24T00:00:00,24,26.3,0.0,16.0
Kolkata,ecmwf,2026-09-24T01:00:00,25,25.8,0.0,15.5
Kolkata,ecmwf,2026-09-24T02:00:00,26,25.6,0.0,14.0
Kolkata,ecmwf,2026-09-24T03:00:00,27,25.8,0.0,12.0
Kolkata,ecmwf,2026-09-24T04:00:00,28,26.3,0.0,10.0
Kolkata,ecmwf,2026-09-24T05:00:00,29,27.2,0.0,8.5
Kolkata,ecmwf,2026-09-24T06:00:00,30,28.3,0.0,8.0
Kolkata,ecmwf,2026-09-24T07:00:00,31,29.7,0.0,8.5
Kolkata,ecmwf,2026-09-24T08:00:00,32,31.1,0.0,10.0
Kolkata,ecmwf,2026-09-24T09:00:00,33,32.5,0.0,12.0
Kolkata,ecmwf,2026-09-24T10:00:00,34,33.8,0.0,14.0
Kolkata,ecmwf,2026-09-24T11:00:00,35,35.0,0.0,15.5
Kolkata,ecmwf,2026-09-24T12:00:00,36,35.9,0.0,16.0
Kolkata,ecmwf,2026-09-24T13:00:00,37,36.4,0.0,15.5
Kolkata,ecmwf,2026-09-24T14:00:00,38,36.6,0.0,14.0
Kolkata,ecmwf,2026-09-24T15:00:00,39,36.4,0.0,12.0
Kolkata,ecmwf,2026-09-24T16:00:00,40,35.9,0.0,10.0
Kolkata,ecmwf,2026-09-24T17:00:00,41,35.0,0.1,8.5
Kolkata,ecmwf,2026-09-24T18:00:00,42,33.8,0.5,8.0
Kolkata,ecmwf,2026-09-24T19:00:00,43,32.5,0.8,8.5
Kolkata,ecmwf,2026-09-24T20:00:00,44,31.1,0.9,10.0
Kolkata,ecmwf,2026-09-24T21:00:00,45,29.7,1.0,12.0
Kolkata,ecmwf,2026-09-24T22:00:00,46,28.3,0.9,14.0
Kolkata,ecmwf,2026-09-24T23:00:00,47,27.2,0.8,15.5
Kolkata,ecmwf,2026-09-25T00:00:00,48,26.3,0.5,16.0
Kolkata,ecmwf,2026-09-25T01:00:00,49,25.8,0.1,15.5
Kolkata,ecmwf,2026-09-25T02:00:00,50,25.6,0.0,14.0
Kolkata,ecmwf,2026-09-25T03:00:00,51,25.8,0.0,12.0
Kolkata,ecmwf,2026-09-25T04:00:00,52,26.3,0.0,10.0
Kolkata,ecmwf,2026-09-25T05:00:00,53,27.2,0.0,8.5
Kolkata,ecmwf,2026-09-25T06:00:00,54,28.3,0.0,8.0
Kolkata,ecmwf,2026-09-25T07:00:00,55,29.7,0.0,8.5
Kolkata,ecmwf,2026-09-25T08:00:00,56,31.1,0.0,10.0
Kolkata,ecmwf,2026-09-25T09:00:00,57,32.5,0.0,12.0
Kolkata,ecmwf,2026-09-25T10:00:00,58,33.8,0.0,14.0
Kolkata,ecmwf,2026-09-25T11:00:00,59,35.0,0.0,15.5
Kolkata,ecmwf,2026-09-25T12:00:00,60,35.9,0.0,16.0
Kolkata,ecmwf,2026-09-25T13:00:00,61,36.4,0.0,15.5
Kolkata,ecmwf,2026-09-25T14:00:00,62,36.6,0.0,14.0
Kolkata,ecmwf,2026-09-25T15:00:00,63,36.4,0.0,12.0
Kolkata,ecmwf,2026-09-25T16:00:00,64,35.9,0.0,10.0
Kolkata,ecmwf,2026-09-25T17:00:00,65,35.0,0.0,8.5
Kolkata,ecmwf,2026-09-25T18:00:00,66,33.8,0.0,8.0
Kolkata,ecmwf,2026-09-25T19:00:00,67,32.5,0.0,8.5
Kolkata,ecmwf,2026-09-25T20:00:00,68,31.1,0.0,10.0
Kolkata,ecmwf,2026-09-25T21:00:00,69,29.7,0.0,12.0
Kolkata,ecmwf,2026-09-25T22:00:00,70,28.3,0.0,14.0
Kolkata,ecmwf,2026-09-25T23:00:00,71,27.2,0.0,15.5
Kolkata,ecmwf,2026-09-26T00:00:00,72,26.3,0.0,16.0
Kolkata,ecmwf,2026-09-26T01:00:00,73,25.8,0.0,15.5
Kolkata,ecmwf,2026-09-26T02:00:00,74,25.6,0.0,14.0
Kolkata,ecmwf,2026-09-26T03:00:00,75,25.8,0.0,12.0
Kolkata,ecmwf,2026-09-26T04:00:00,76,26.3,0.0,10.0
Kolkata,ecmwf,2026-09-26T05:00:00,77,27.2,0.1,8.5
Kolkata,ecmwf,2026-09-26T06:00:00,78,28.3,0.5,8.0
Kolkata,ecmwf,2026-09-26T07:00:00,79,29.7,0.8,8.5
Kolkata,ecmwf,2026-09-26T08:00:00,80,31.1,0.9,10.0
Kolkata,ecmwf,2026-09-26T09:00:00,81,32.5,1.0,12.0
Kolkata,ecmwf,2026-09-26T10:00:00,82,33.8,0.9,14.0
Kolkata,ecmwf,2026-09-26T11:00:00,83,35.0,0.8,15.5
Kolkata,ecmwf,2026-09-26T12:00:00,84,35.9,0.5,16.0
Kolkata,ecmwf,2026-09-26T13:00:00,85,36.4,0.1,15.5
Kolkata,ecmwf,2026-09-26T14:00:00,86,36.6,0.0,14.0
Kolkata,ecmwf,2026-09-26T15:00:00,87,36.4,0.0,12.0
Kolkata,ecmwf,2026-09-26T16:00:00,88,35.9,0.0,10.0
Kolkata,ecmwf,2026-09-26T17:00:00,89,35.0,0.0,8.5
Kolkata,ecmwf,2026-09-26T18:00:00,90,33.8,0.0,8.0
Kolkata,ecmwf,2026-09-26T19:00:00,91,32.5,0.0,8.5
Kolkata,ecmwf,2026-09-26T20:00:00,92,31.1,0.0,10.0
Kolkata,ecmwf,2026-09-26T21:00:00,93,29.7,0.0,12.0
Kolkata,ecmwf,2026-09-26T22:00:00,94,28.3,0.0,14.0
Kolkata,ecmwf,2026-09-26T23:00:00,95,27.2,0.0,15.5
Kolkata,ecmwf,2026-09-27T00:00:00,96,26.3,0.0,16.0
Kolkata,ecmwf,2026-09-27T01:00:00,97,25.8,0.0,15.5
Kolkata,ecmwf,2026-09-27T02:00:00,98,25.6,0.0,14.0
Kolkata,ecmwf,2026-09-27T03:00:00,99,25.8,0.0,12.0
Kolkata,ecmwf,2026-09-27T04:00:00,100,26.3,0.0,10.0
Kolkata,ecmwf,2026-09-27T05:00:00,101,27.2,0.0,8.5
Kolkata,ecmwf,2026-09-27T06:00:00,102,28.3,0.0,8.0
Kolkata,ecmwf,2026-09-27T07:00:00,103,29.7,0.0,8.5
Kolkata,ecmwf,2026-09-27T08:00:00,104,31.1,0.0,10.0
Kolkata,ecmwf,2026-09-27T09:00:00,105,32.5,0.0,12.0
Kolkata,ecmwf,2026-09-27T10:00:00,106,33.8,0.0,14.0
Kolkata,ecmwf,2026-09-27T11:00:00,107,35.0,0.0,15.5
Kolkata,ecmwf,2026-09-27T12:00:00,108,35.9,0.0,16.0
Kolkata,ecmwf,2026-09-27T13:00:00,109,36.4,0.0,15.5
Kolkata,ecmwf,2026-09-27T14:00:00,110,36.6,0.0,14.0
Kolkata,ecmwf,2026-09-27T15:00:00,111,36.4,0.0,12.0
Kolkata,ecmwf,2026-09-27T16:00:00,112,35.9,0.0,10.0
Kolkata,ecmwf,2026-09-27T17:00:00,113,35.0,0.1,8.5
Kolkata,ecmwf,2026-09-27T18:00:00,114,33.8,0.5,8.0
Kolkata,ecmwf,2026-09-27T19:00:00,115,32.5,0.8,8.5
Kolkata,ecmwf,2026-09-27T20:00:00,116,31.1,0.9,10.0
Kolkata,ecmwf,2026-09-27T21:00:00,117,29.7,1.0,12.0
Kolkata,ecmwf,2026-09-27T22:00:00,118,28.3,0.9,14.0
Kolkata,ecmwf,2026-09-27T23:00:00,119,27.2,0.8,15.5
Kolkata,ecmwf,2026-09-28T00:00:00,120,26.3,0.5,16.0
Kolkata,ecmwf,2026-09-28T01:00:00,121,25.8,0.1,15.5
Kolkata,ecmwf,2026-09-28T02:00:00,122,25.6,0.0,14.0
Kolkata,ecmwf,2026-09-28T03:00:00,123,25.8,0.0,12.0
Kolkata,ecmwf,2026-09-28T04:00:00,124,26.3,0.0,10.0
Kolkata,ecmwf,2026-09-28T05:00:00,125,27.2,0.0,8.5
Kolkata,ecmwf,2026-09-28T06:00:00,126,28.3,0.0,8.0
Kolkata,ecmwf,2026-09-28T07:00:00,127,29.7,0.0,8.5
Kolkata,ecmwf,2026-09-28T08:00:00,128,31.1,0.0,10.0
Kolkata,ecmwf,2026-09-28T09:00:00,129,32.5,0.0,12.0
Kolkata,ecmwf,2026-09-28T10:00:00,130,33.8,0.0,14.0
Kolkata,ecmwf,2026-09-28T11:00:00,131,35.0,0.0,15.5
Kolkata,ecmwf,2026-09-28T12:00:00,132,35.9,0.0,16.0
Kolkata,ecmwf,2026-09-28T13:00:00,133,36.4,0.0,15.5
Kolkata,ecmwf,2026-09-28T14:00:00,134,36.6,0.0,14.0
Kolkata,ecmwf,2026-09-28T15:00:00,135,36.4,0.0,12.0
Kolkata,ecmwf,2026-09-28T16:00:00,136,35.9,0.0,10.0
Kolkata,ecmwf,2026-09-28T17:00:00,137,35.0,0.0,8.5
Kolkata,ecmwf,2026-09-28T18:00:00,138,33.8,0.0,8.0
Kolkata,ecmwf,2026-09-28T19:00:00,139,32.5,0.0,8.5
Kolkata,ecmwf,2026-09-28T20:00:00,140,31.1,0.0,10.0
Kolkata,ecmwf,2026-09-28T21:00:00,141,29.7,0.0,12.0
Kolkata,ecmwf,2026-09-28T22:00:00,142,28.3,0.0,14.0
Kolkata,ecmwf,2026-09-28T23:00:00,143,27.2,0.0,15.5
Mumbai,ecmwf,2026-09-23T00:00:00,0,26.9,0.0,16.0
Mumbai,ecmwf,2026-09-23T01:00:00,1,26.4,0.0,15.5
Mumbai,ecmwf,2026-09-23T02:00:00,2,26.2,0.0,14.0
Mumbai,ecmwf,2026-09-23T03:00:00,3,26.4,0.0,12.0
Mumbai,ecmwf,2026-09-23T04:00:00,4,26.9,0.0,10.0
Mumbai,ecmwf,2026-09-23T05:00:00,5,27.8,0.1,8.5
Mumbai,ecmwf,2026-09-23T06:00:00,6,28.9,0.5,8.0
Mumbai,ecmwf,2026-09-23T07:00:00,7,30.3,0.8,8.5
Mumbai,ecmwf,2026-09-23T08:00:00,8,31.7,0.9,10.0
Mumbai,ecmwf,2026-09-23T09:00:00,9,33.1,1.0,12.0
Mumbai,ecmwf,2026-09-23T10:00:00,10,34.4,0.9,14.0
Mumbai,ecmwf,2026-09-23T11:00:00,11,35.6,0.8,15.5
Mumbai,ecmwf,2026-09-23T12:00:00,12,36.4,0.5,16.0
Mumbai,ecmwf,2026-09-23T13:00:00,13,37.0,0.1,15.5
Mumbai,ecmwf,2026-09-23T14:00:00,14,37.2,0.0,14.0
Mumbai,ecmwf,2026-09-23T15:00:00,15,37.0,0.0,12.0
Mumbai,ecmwf,2026-09-23T16:00:00,16,36.4,0.0,10.0
Mumbai,ecmwf,2026-09-23T17:00:00,17,35.6,0.0,8.5
Mumbai,ecmwf,2026-09-23T18:00:00,18,34.4,0.0,8.0
Mumbai,ecmwf,2026-09-23T19:00:00,19,33.1,0.0,8.5
Mumbai,ecmwf,2026-09-23T20:00:00,20,31.7,0.0,10.0
Mumbai,ecmwf,2026-09-23T21:00:00,21,30.3,0.0,12.0
Mumbai,ecmwf,2026-09-23T22:00:00,22,28.9,0.0,14.0
Mumbai,ecmwf,2026-09-23T23:00:00,23,27.8,0.0,15.5
Mumbai,ecmwf,2026-09-24T00:00:00,24,26.9,0.0,16.0
Mumbai,ecmwf,2026-09-24T01:00:00,25,26.4,0.0,15.5
Mumbai,ecmwf,2026-09-24T02:00:00,26,26.2,0.0,14.0
Mumbai,ecmwf,2026-09-24T03:00:00,27,26.4,0.0,12.0
Mumbai,ecmwf,2026-09-24T04:00:00,28,26.9,0.0,10.0
Mumbai,ecmwf,2026-09-24T05:00:00,29,27.8,0.0,8.5
Mumbai,ecmwf,2026-09-24T06:00:00,30,28.9,0.0,8.0
Mumbai,ecmwf,2026-09-24T07:00:00,31,30.3,0.0,8.5
Mumbai,ecmwf,2026-09-24T08:00:00,32,31.7,0.0,10.0
Mumbai,ecmwf,2026-09-24T09:00:00,33,33.1,0.0,12.0
Mumbai,ecmwf,2026-09-24T10:00:00,34,34.4,0.0,14.0
Mumbai,ecmwf,2026-09-24T11:00:00,35,35.6,0.0,15.5
Mumbai,ecmwf,2026-09-24T12:00:00,36,36.4,0.0,16.0
Mumbai,ecmwf,2026-09-24T13:00:00,37,37.0,0.0,15.5
Mumbai,ecmwf,2026-09-24T14:00:00,38,37.2,0.0,14.0
Mumbai,ecmwf,2026-09-24T15:00:00,39,37.0,0.0,12.0
Mumbai,ecmwf,2026-09-24T16:00:00,40,36.4,0.0,10.0
Mumbai,ecmwf,2026-09-24T17:00:00,41,35.6,0.1,8.5
Mumbai,ecmwf,2026-09-24T18:00:00,42,34.4,0.5,8.0
Mumbai,ecmwf,2026-09-24T19:00:00,43,33.1,0.8,8.5
Mumbai,ecmwf,2026-09-24T20:00:00,44,31.7,0.9,10.0
Mumbai,ecmwf,2026-09-24T21:00:00,45,30.3,1.0,12.0
Mumbai,ecmwf,2026-09-24T22:00:00,46,28.9,0.9,14.0
Mumbai,ecmwf,2026-09-24T23:00:00,47,27.8,0.8,15.5
Mumbai,ecmwf,2026-09-25T00:00:00,48,26.9,0.5,16.0
Mumbai,ecmwf,2026-09-25T01:00:00,49,26.4,0.1,15.5
Mumbai,ecmwf,2026-09-25T02:00:00,50,26.2,0.0,14.0
Mumbai,ecmwf,2026-09-25T03:00:00,51,26.4,0.0,12.0
Mumbai,ecmwf,2026-09-25T04:00:00,52,26.9,0.0,10.0
Mumbai,ecmwf,2026-09-25T05:00:00,53,27.8,0.0,8.5
Mumbai,ecmwf,2026-09-25T06:00:00,54,28.9,0.0,8.0
Mumbai,ecmwf,2026-09-25T07:00:00,55,30.3,0.0,8.5
Mumbai,ecmwf,2026-09-25T08:00:00,56,31.7,0.0,10.0
Mumbai,ecmwf,2026-09-25T09:00:00,57,33.1,0.0,12.0
Mumbai,ecmwf,2026-09-25T10:00:00,58,34.4,0.0,14.0
Mumbai,ecmwf,2026-09-25T11:00:00,59,35.6,0.0,15.5
Mumbai,ecmwf,2026-09-25T12:00:00,60,36.4,0.0,16.0
Mumbai,ecmwf,2026-09-25T13:00:00,61,37.0,0.0,15.5
Mumbai,ecmwf,2026-09-25T14:00:00,62,37.2,0.0,14.0
Mumbai,ecmwf,2026-09-25T15:00:00,63,37.0,0.0,12.0
Mumbai,ecmwf,2026-09-25T16:00:00,64,36.4,0.0,10.0
Mumbai,ecmwf,2026-09-25T17:00:00,65,35.6,0.0,8.5
Mumbai,ecmwf,2026-09-25T18:00:00,66,34.4,0.0,8.0
Mumbai,ecmwf,2026-09-25T19:00:00,67,33.1,0.0,8.5
Mumbai,ecmwf,2026-09-25T20:00:00,68,31.7,0.0,10.0
Mumbai,ecmwf,2026-09-25T21:00:00,69,30.3,0.0,12.0
Mumbai,ecmwf,2026-09-25T22:00:00,70,28.9,0.0,14.0
Mumbai,ecmwf,2026-09-25T23:00:00,71,27.8,0.0,15.5
Mumbai,ecmwf,2026-09-26T00:00:00,72,26.9,0.0,16.0
Mumbai,ecmwf,2026-09-26T01:00:00,73,26.4,0.0,15.5
Mumbai,ecmwf,2026-09-26T02:00:00,74,26.2,0.0,14.0
Mumbai,ecmwf,2026-09-26T03:00:00,75,26.4,0.0,12.0
Mumbai,ecmwf,2026-09-26T04:00:00,76,26.9,0.0,10.0
Mumbai,ecmwf,2026-09-26T05:00:00,77,27.8,0.1,8.5
Mumbai,ecmwf,2026-09-26T06:00:00,78,28.9,0.5,8.0
Mumbai,ecmwf,2026-09-26T07:00:00,79,30.3,0.8,8.5
Mumbai,ecmwf,2026-09-26T08:00:00,80,31.7,0.9,10.0
Mumbai,ecmwf,2026-09-26T09:00:00,81,33.1,1.0,12.0
Mumbai,ecmwf,2026-09-26T10:00:00,82,34.4,0.9,14.0
Mumbai,ecmwf,2026-09-26T11:00:00,83,35.6,0.8,15.5
Mumbai,ecmwf,2026-09-26T12:00:00,84,36.4,0.5,16.0
Mumbai,ecmwf,2026-09-26T13:00:00,85,37.0,0.1,15.5
Mumbai,ecmwf,2026-09-26T14:00:00,86,37.2,0.0,14.0
Mumbai,ecmwf,2026-09-26T15:00:00,87,37.0,0.0,12.0
Mumbai,ecmwf,2026-09-26T16:00:00,88,36.4,0.0,10.0
Mumbai,ecmwf,2026-09-26T17:00:00,89,35.6,0.0,8.5
Mumbai,ecmwf,2026-09-26T18:00:00,90,34.4,0.0,8.0
Mumbai,ecmwf,2026-09-26T19:00:00,91,33.1,0.0,8.5
Mumbai,ecmwf,2026-09-26T20:00:00,92,31.7,0.0,10.0
Mumbai,ecmwf,2026-09-26T21:00:00,93,30.3,0.0,12.0
Mumbai,ecmwf,2026-09-26T22:00:00,94,28.9,0.0,14.0
Mumbai,ecmwf,2026-09-26T23:00:00,95,27.8,0.0,15.5
Mumbai,ecmwf,2026-09-27T00:00:00,96,26.9,0.0,16.0
Mumbai,ecmwf,2026-09-27T01:00:00,97,26.4,0.0,15.5
Mumbai,ecmwf,2026-09-27T02:00:00,98,26.2,0.0,14.0
Mumbai,ecmwf,2026-09-27T03:00:00,99,26.4,0.0,12.0
Mumbai,ecmwf,2026-09-27T04:00:00,100,26.9,0.0,10.0
Mumbai,ecmwf,2026-09-27T05:00:00,101,27.8,0.0,8.5
Mumbai,ecmwf,2026-09-27T06:00:00,102,28.9,0.0,8.0
Mumbai,ecmwf,2026-09-27T07:00:00,103,30.3,0.0,8.5
Mumbai,ecmwf,2026-09-27T08:00:00,104,31.7,0.0,10.0
Mumbai,ecmwf,2026-09-27T09:00:00,105,33.1,0.0,12.0
Mumbai,ecmwf,2026-09-27T10:00:00,106,34.4,0.0,14.0
Mumbai,ecmwf,2026-09-27T11:00:00,107,35.6,0.0,15.5
Mumbai,ecmwf,2026-09-27T12:00:00,108,36.4,0.0,16.0
Mumbai,ecmwf,2026-09-27T13:00:00,109,37.0,0.0,15.5
Mumbai,ecmwf,2026-09-27T14:00:00,110,37.2,0.0,14.0
Mumbai,ecmwf,2026-09-27T15:00:00,111,37.0,0.0,12.0
Mumbai,ecmwf,2026-09-27T16:00:00,112,36.4,0.0,10.0
Mumbai,ecmwf,2026-09-27T17:00:00,113,35.6,0.1,8.5
Mumbai,ecmwf,2026-09-27T18:00:00,114,34.4,0.5,8.0
Mumbai,ecmwf,2026-09-27T19:00:00,115,33.1,0.8,8.5
Mumbai,ecmwf,2026-09-27T20:00:00,116,31.7,0.9,10.0
Mumbai,ecmwf,2026-09-27T21:00:00,117,30.3,1.0,12.0
Mumbai,ecmwf,2026-09-27T22:00:00,118,28.9,0.9,14.0
Mumbai,ecmwf,2026-09-27T23:00:00,119,27.8,0.8,15.5
Mumbai,ecmwf,2026-09-28T00:00:00,120,26.9,0.5,16.0
Mumbai,ecmwf,2026-09-28T01:00:00,121,26.4,0.1,15.5
Mumbai,ecmwf,2026-09-28T02:00:00,122,26.2,0.0,14.0
Mumbai,ecmwf,2026-09-28T03:00:00,123,26.4,0.0,12.0
Mumbai,ecmwf,2026-09-28T04:00:00,124,26.9,0.0,10.0
Mumbai,ecmwf,2026-09-28T05:00:00,125,27.8,0.0,8.5
Mumbai,ecmwf,2026-09-28T06:00:00,126,28.9,0.0,8.0
Mumbai,ecmwf,2026-09-28T07:00:00,127,30.3,0.0,8.5
Mumbai,ecmwf,2026-09-28T08:00:00,128,31.7,0.0,10.0
Mumbai,ecmwf,2026-09-28T09:00:00,129,33.1,0.0,12.0
Mumbai,ecmwf,2026-09-28T10:00:00,130,34.4,0.0,14.0
Mumbai,ecmwf,2026-09-28T11:00:00,131,35.6,0.0,15.5
Mumbai,ecmwf,2026-09-28T12:00:00,132,36.4,0.0,16.0
Mumbai,ecmwf,2026-09-28T13:00:00,133,37.0,0.0,15.5
Mumbai,ecmwf,2026-09-28T14:00:00,134,37.2,0.0,14.0
Mumbai,ecmwf,2026-09-28T15:00:00,135,37.0,0.0,12.0
Mumbai,ecmwf,2026-09-28T16:00:00,136,36.4,0.0,10.0
Mumbai,ecmwf,2026-09-28T17:00:00,137,35.6,0.0,8.5
Mumbai,ecmwf,2026-09-28T18:00:00,138,34.4,0.0,8.0
Mumbai,ecmwf,2026-09-28T19:00:00,139,33.1,0.0,8.5
Mumbai,ecmwf,2026-09-28T20:00:00,140,31.7,0.0,10.0
Mumbai,ecmwf,2026-09-28T21:00:00,141,30.3,0.0,12.0
Mumbai,ecmwf,2026-09-28T22:00:00,142,28.9,0.0,14.0
Mumbai,ecmwf,2026-09-28T23:00:00,143,27.8,0.0,15.5
Chennai,gfs,2026-09-23T00:00:00,0,28.8,0.0,20.3
Chennai,gfs,2026-09-23T01:00:00,1,28.9,0.0,18.1
Chennai,gfs,2026-09-23T02:00:00,2,28.3,0.4,17.2
Chennai,gfs,2026-09-23T03:00:00,3,27.3,1.1,17.4
Chennai,gfs,2026-09-23T04:00:00,4,26.8,1.1,15.2
Chennai,gfs,2026-09-23T05:00:00,5,27.1,0.2,15.6
Chennai,gfs,2026-09-23T06:00:00,6,29.2,0.3,21.1
Chennai,gfs,2026-09-23T07:00:00,7,28.7,0.6,20.9
Chennai,gfs,2026-09-23T08:00:00,8,29.5,1.1,16.1
Chennai,gfs,2026-09-23T09:00:00,9,32.7,0.2,18.8
Chennai,gfs,2026-09-23T10:00:00,10,32.3,0.0,16.2
Chennai,gfs,2026-09-23T11:00:00,11,31.1,0.0,13.3
Chennai,gfs,2026-09-23T12:00:00,12,30.2,0.0,9.3
Chennai,gfs,2026-09-23T13:00:00,13,29.1,1.0,6.3
Chennai,gfs,2026-09-23T14:00:00,14,29.0,0.9,4.8
Chennai,gfs,2026-09-23T15:00:00,15,28.9,0.2,12.6
Chennai,gfs,2026-09-23T16:00:00,16,28.0,0.0,19.7
Chennai,gfs,2026-09-23T17:00:00,17,28.1,0.0,17.7
Chennai,gfs,2026-09-23T18:00:00,18,27.9,0.0,19.0
Chennai,gfs,2026-09-23T19:00:00,19,27.8,0.0,19.8
Chennai,gfs,2026-09-23T20:00:00,20,27.9,0.0,17.3
Chennai,gfs,2026-09-23T21:00:00,21,27.9,0.0,19.8
Chennai,gfs,2026-09-23T22:00:00,22,26.8,1.2,17.4
Chennai,gfs,2026-09-23T23:00:00,23,26.1,1.2,18.3
Chennai,gfs,2026-09-24T00:00:00,24,25.9,1.2,17.1
Chennai,gfs,2026-09-24T01:00:00,25,25.7,0.1,20.1
Chennai,gfs,2026-09-24T02:00:00,26,26.1,0.6,19.6
Chennai,gfs,2026-09-24T03:00:00,27,29.1,0.0,23.0
Chennai,gfs,2026-09-24T04:00:00,28,31.2,0.1,28.7
Chennai,gfs,2026-09-24T05:00:00,29,33.0,0.0,28.7
Chennai,gfs,2026-09-24T06:00:00,30,34.6,0.0,26.3
Chennai,gfs,2026-09-24T07:00:00,31,36.0,0.0,24.4
Chennai,gfs,2026-09-24T08:00:00,32,35.6,0.4,24.1
Chennai,gfs,2026-09-24T09:00:00,33,33.4,0.2,14.1
Chennai,gfs,2026-09-24T10:00:00,34,32.7,0.0,10.5
Chennai,gfs,2026-09-24T11:00:00,35,31.9,0.0,12.6
Chennai,gfs,2026-09-24T12:00:00,36,31.5,0.0,9.9
Chennai,gfs,2026-09-24T13:00:00,37,31.1,0.0,12.6
Chennai,gfs,2026-09-24T14:00:00,38,31.2,0.0,11.5
Chennai,gfs,2026-09-24T15:00:00,39,29.2,1.5,16.1
Chennai,gfs,2026-09-24T16:00:00,40,29.2,0.1,20.4
Chennai,gfs,2026-09-24T17:00:00,41,28.7,0.0,15.9
Chennai,gfs,2026-09-24T18:00:00,42,28.4,0.0,16.1
Chennai,gfs,2026-09-24T19:00:00,43,28.2,0.0,19.0
Chennai,gfs,2026-09-24T20:00:00,44,28.2,0.0,19.6
Chennai,gfs,2026-09-24T21:00:00,45,27.8,0.0,22.4
Chennai,gfs,2026-09-24T22:00:00,46,27.6,0.0,25.1
Chennai,gfs,2026-09-24T23:00:00,47,27.1,0.1,22.8
Chennai,gfs,2026-09-25T00:00:00,48,27.3,0.0,19.0
Chennai,gfs,2026-09-25T01:00:00,49,26.8,0.4,15.6
Chennai,gfs,2026-09-25T02:00:00,50,27.4,0.0,18.0
Chennai,gfs,2026-09-25T03:00:00,51,28.8,0.0,22.2
Chennai,gfs,2026-09-25T04:00:00,52,30.6,0.0,25.7
Chennai,gfs,2026-09-25T05:00:00,53,32.3,0.0,27.5
Chennai,gfs,2026-09-25T06:00:00,54,34.0,0.0,25.6
Chennai,gfs,2026-09-25T07:00:00,55,35.4,0.0,23.1
Chennai,gfs,2026-09-25T08:00:00,56,36.3,0.0,22.5
Chennai,gfs,2026-09-25T09:00:00,57,36.9,0.0,24.5
Chennai,gfs,2026-09-25T10:00:00,58,36.3,0.0,22.1
Chennai,gfs,2026-09-25T11:00:00,59,33.9,0.1,22.9
Chennai,gfs,2026-09-25T12:00:00,60,32.7,0.1,2.5
Chennai,gfs,2026-09-25T13:00:00,61,32.1,0.0,10.5
Chennai,gfs,2026-09-25T14:00:00,62,31.4,0.1,11.5
Chennai,gfs,2026-09-25T15:00:00,63,30.9,0.2,17.0
Chennai,gfs,2026-09-25T16:00:00,64,30.0,0.3,18.9
Chennai,gfs,2026-09-25T17:00:00,65,29.9,0.0,18.6
Chennai,gfs,2026-09-25T18:00:00,66,29.6,0.0,17.8
Chennai,gfs,2026-09-25T19:00:00,67,29.4,0.0,15.2
Chennai,gfs,2026-09-25T20:00:00,68,29.2,0.0,14.3
Chennai,gfs,2026-09-25T21:00:00,69,28.3,0.0,13.9
Chennai,gfs,2026-09-25T22:00:00,70,27.5,0.2,15.0
Chennai,gfs,2026-09-25T23:00:00,71,28.2,0.0,18.4
Chennai,gfs,2026-09-26T00:00:00,72,28.3,0.0,20.1
Chennai,gfs,2026-09-26T01:00:00,73,28.4,0.0,19.6
Chennai,gfs,2026-09-26T02:00:00,74,28.6,0.0,19.4
Chennai,gfs,2026-09-26T03:00:00,75,29.3,0.0,20.7
Chennai,gfs,2026-09-26T04:00:00,76,31.0,0.0,26.9
Chennai,gfs,2026-09-26T05:00:00,77,33.4,0.0,24.9
Chennai,gfs,2026-09-26T06:00:00,78,35.4,0.0,21.6
Chennai,gfs,2026-09-26T07:00:00,79,36.5,0.0,22.1
Chennai,gfs,2026-09-26T08:00:00,80,37.1,0.0,21.1
Chennai,gfs,2026-09-26T09:00:00,81,37.3,0.0,18.2
Chennai,gfs,2026-09-26T10:00:00,82,37.2,0.0,16.4
Chennai,gfs,2026-09-26T11:00:00,83,36.1,0.1,13.8
Chennai,gfs,2026-09-26T12:00:00,84,34.9,0.0,9.7
Chennai,gfs,2026-09-26T13:00:00,85,34.2,0.0,5.5
Chennai,gfs,2026-09-26T14:00:00,86,33.6,0.0,3.1
Chennai,gfs,2026-09-26T15:00:00,87,31.9,0.0,14.5
Chennai,gfs,2026-09-26T16:00:00,88,30.5,0.0,16.0
Chennai,gfs,2026-09-26T17:00:00,89,29.9,0.0,13.7
Chennai,gfs,2026-09-26T18:00:00,90,29.4,0.0,12.6
Chennai,gfs,2026-09-26T19:00:00,91,29.1,0.0,10.6
Chennai,gfs,2026-09-26T20:00:00,92,29.0,0.0,9.2
Chennai,gfs,2026-09-26T21:00:00,93,28.8,0.0,8.4
Chennai,gfs,2026-09-26T22:00:00,94,28.9,0.0,9.9
Chennai,gfs,2026-09-26T23:00:00,95,28.6,0.0,12.5
Chennai,gfs,2026-09-27T00:00:00,96,27.7,0.0,16.3
Chennai,gfs,2026-09-27T01:00:00,97,27.5,0.0,19.6
Chennai,gfs,2026-09-27T02:00:00,98,29.1,0.0,26.3
Chennai,gfs,2026-09-27T03:00:00,99,30.9,0.0,23.1
Chennai,gfs,2026-09-27T04:00:00,100,32.8,0.0,21.3
Chennai,gfs,2026-09-27T05:00:00,101,34.3,0.0,15.8
Chennai,gfs,2026-09-27T06:00:00,102,35.7,0.0,8.2
Chennai,gfs,2026-09-27T07:00:00,103,36.0,0.0,8.7
Chennai,gfs,2026-09-27T08:00:00,104,36.4,0.0,12.2
Chennai,gfs,2026-09-27T09:00:00,105,36.7,0.0,15.3
Chennai,gfs,2026-09-27T10:00:00,106,36.3,0.0,16.6
Chennai,gfs,2026-09-27T11:00:00,107,33.9,0.0,20.3
Chennai,gfs,2026-09-27T12:00:00,108,32.0,0.0,17.4
Chennai,gfs,2026-09-27T13:00:00,109,31.1,0.0,18.5
Chennai,gfs,2026-09-27T14:00:00,110,30.7,0.0,16.3
Chennai,gfs,2026-09-27T15:00:00,111,30.7,0.0,14.1
Chennai,gfs,2026-09-27T16:00:00,112,30.8,0.0,12.0
Chennai,gfs,2026-09-27T17:00:00,113,30.5,0.0,14.4
Chennai,gfs,2026-09-27T18:00:00,114,29.6,0.0,15.2
Chennai,gfs,2026-09-27T19:00:00,115,29.2,0.0,12.7
Chennai,gfs,2026-09-27T20:00:00,116,29.1,0.0,9.5
Chennai,gfs,2026-09-27T21:00:00,117,28.7,0.0,10.0
Chennai,gfs,2026-09-27T22:00:00,118,28.3,0.0,11.8
Chennai,gfs,2026-09-27T23:00:00,119,28.0,0.0,12.2
Chennai,gfs,2026-09-28T00:00:00,120,27.7,0.0,11.8
Chennai,gfs,2026-09-28T01:00:00,121,27.8,0.0,11.6
Chennai,gfs,2026-09-28T02:00:00,122,29.2,0.0,17.5
Chennai,gfs,2026-09-28T03:00:00,123,31.1,0.0,17.1
Chennai,gfs,2026-09-28T04:00:00,124,33.0,0.0,15.0
Chennai,gfs,2026-09-28T05:00:00,125,34.7,0.0,12.4
Chennai,gfs,2026-09-28T06:00:00,126,35.8,0.0,9.1
Chennai,gfs,2026-09-28T07:00:00,127,36.0,0.0,10.0
Chennai,gfs,2026-09-28T08:00:00,128,35.6,0.0,15.1
Chennai,gfs,2026-09-28T09:00:00,129,34.9,0.0,19.6
Chennai,gfs,2026-09-28T10:00:00,130,33.5,0.0,21.5
Chennai,gfs,2026-09-28T11:00:00,131,31.7,0.0,21.9
Chennai,gfs,2026-09-28T12:00:00,132,30.5,0.0,20.7
Chennai,gfs,2026-09-28T13:00:00,133,30.3,0.0,16.6
Chennai,gfs,2026-09-28T14:00:00,134,30.7,0.0,11.5
Chennai,gfs,2026-09-28T15:00:00,135,30.6,0.0,8.0
Chennai,gfs,2026-09-28T16:00:00,136,29.4,1.1,7.4
Chennai,gfs,2026-09-28T17:00:00,137,27.7,1.1,9.0
Chennai,gfs,2026-09-28T18:00:00,138,26.7,1.1,10.2
Chennai,gfs,2026-09-28T19:00:00,139,26.8,0.6,9.2
Chennai,gfs,2026-09-28T20:00:00,140,27.6,0.6,7.4
Chennai,gfs,2026-09-28T21:00:00,141,28.2,0.6,7.5
Chennai,gfs,2026-09-28T22:00:00,142,28.1,0.0,9.0
Chennai,gfs,2026-09-28T23:00:00,143,27.7,0.0,11.5
Delhi,gfs,2026-09-23T00:00:00,0,29.5,0.0,5.1
Delhi,gfs,2026-09-23T01:00:00,1,29.1,0.0,6.2
Delhi,gfs,2026-09-23T02:00:00,2,29.5,0.0,5.9
Delhi,gfs,2026-09-23T03:00:00,3,31.0,0.0,5.4
Delhi,gfs,2026-09-23T04:00:00,4,32.8,0.0,3.6
Delhi,gfs,2026-09-23T05:00:00,5,34.6,0.0,2.9
Delhi,gfs,2026-09-23T06:00:00,6,36.1,0.0,2.4
Delhi,gfs,2026-09-23T07:00:00,7,37.4,0.0,0.8
Delhi,gfs,2026-09-23T08:00:00,8,38.2,0.0,1.4
Delhi,gfs,2026-09-23T09:00:00,9,38.5,0.0,3.7
Delhi,gfs,2026-09-23T10:00:00,10,38.4,0.0,6.2
Delhi,gfs,2026-09-23T11:00:00,11,38.1,0.0,10.4
Delhi,gfs,2026-09-23T12:00:00,12,37.2,0.0,13.4
Delhi,gfs,2026-09-23T13:00:00,13,36.1,0.0,9.3
Delhi,gfs,2026-09-23T14:00:00,14,35.7,0.0,3.8
Delhi,gfs,2026-09-23T15:00:00,15,35.2,0.0,7.9
Delhi,gfs,2026-09-23T16:00:00,16,34.5,0.0,10.5
Delhi,gfs,2026-09-23T17:00:00,17,33.6,0.0,11.1
Delhi,gfs,2026-09-23T18:00:00,18,32.4,0.0,11.5
Delhi,gfs,2026-09-23T19:00:00,19,31.8,0.0,9.4
Delhi,gfs,2026-09-23T20:00:00,20,31.5,0.0,9.2
Delhi,gfs,2026-09-23T21:00:00,21,31.0,0.0,8.7
Delhi,gfs,2026-09-23T22:00:00,22,30.6,0.0,8.7
Delhi,gfs,2026-09-23T23:00:00,23,30.2,0.0,9.5
Delhi,gfs,2026-09-24T00:00:00,24,29.7,0.0,10.6
Delhi,gfs,2026-09-24T01:00:00,25,29.3,0.0,11.1
Delhi,gfs,2026-09-24T02:00:00,26,29.8,0.0,10.1
Delhi,gfs,2026-09-24T03:00:00,27,31.0,0.0,8.5
Delhi,gfs,2026-09-24T04:00:00,28,32.6,0.0,9.2
Delhi,gfs,2026-09-24T05:00:00,29,34.1,0.0,9.2
Delhi,gfs,2026-09-24T06:00:00,30,35.5,0.0,9.4
Delhi,gfs,2026-09-24T07:00:00,31,36.7,0.0,7.9
Delhi,gfs,2026-09-24T08:00:00,32,37.7,0.0,6.4
Delhi,gfs,2026-09-24T09:00:00,33,38.1,0.0,7.4
Delhi,gfs,2026-09-24T10:00:00,34,38.0,0.0,12.4
Delhi,gfs,2026-09-24T11:00:00,35,37.1,0.0,17.3
Delhi,gfs,2026-09-24T12:00:00,36,35.9,0.0,15.3
Delhi,gfs,2026-09-24T13:00:00,37,34.9,0.0,13.8
Delhi,gfs,2026-09-24T14:00:00,38,34.4,0.0,14.7
Delhi,gfs,2026-09-24T15:00:00,39,33.9,0.0,15.6
Delhi,gfs,2026-09-24T16:00:00,40,33.2,0.0,16.0
Delhi,gfs,2026-09-24T17:00:00,41,31.5,0.0,18.4
Delhi,gfs,2026-09-24T18:00:00,42,30.6,0.0,18.6
Delhi,gfs,2026-09-24T19:00:00,43,30.1,0.0,17.8
Delhi,gfs,2026-09-24T20:00:00,44,29.3,0.0,16.5
Delhi,gfs,2026-09-24T21:00:00,45,28.7,0.0,16.7
Delhi,gfs,2026-09-24T22:00:00,46,28.0,0.0,16.8
Delhi,gfs,2026-09-24T23:00:00,47,27.5,0.0,16.1
Delhi,gfs,2026-09-25T00:00:00,48,27.2,0.0,13.3
Delhi,gfs,2026-09-25T01:00:00,49,27.0,0.0,12.0
Delhi,gfs,2026-09-25T02:00:00,50,27.3,0.0,12.7
Delhi,gfs,2026-09-25T03:00:00,51,28.3,0.0,12.4
Delhi,gfs,2026-09-25T04:00:00,52,29.8,0.0,12.8
Delhi,gfs,2026-09-25T05:00:00,53,31.2,0.0,11.8
Delhi,gfs,2026-09-25T06:00:00,54,32.8,0.0,9.2
Delhi,gfs,2026-09-25T07:00:00,55,34.1,0.0,7.9
Delhi,gfs,2026-09-25T08:00:00,56,35.2,0.0,7.2
Delhi,gfs,2026-09-25T09:00:00,57,36.0,0.0,7.2
Delhi,gfs,2026-09-25T10:00:00,58,36.4,0.0,6.2
Delhi,gfs,2026-09-25T11:00:00,59,36.4,0.0,4.6
Delhi,gfs,2026-09-25T12:00:00,60,35.5,0.0,12.0
Delhi,gfs,2026-09-25T13:00:00,61,33.7,0.0,21.4
Delhi,gfs,2026-09-25T14:00:00,62,32.5,0.1,20.7
Delhi,gfs,2026-09-25T15:00:00,63,30.9,0.0,21.8
Delhi,gfs,2026-09-25T16:00:00,64,30.3,0.0,22.7
Delhi,gfs,2026-09-25T17:00:00,65,29.4,0.0,21.3
Delhi,gfs,2026-09-25T18:00:00,66,28.7,0.0,20.8
Delhi,gfs,2026-09-25T19:00:00,67,28.1,0.0,19.5
Delhi,gfs,2026-09-25T20:00:00,68,27.7,0.0,18.5
Delhi,gfs,2026-09-25T21:00:00,69,27.4,0.0,16.5
Delhi,gfs,2026-09-25T22:00:00,70,27.2,0.0,14.9
Delhi,gfs,2026-09-25T23:00:00,71,27.0,0.0,14.6
Delhi,gfs,2026-09-26T00:00:00,72,26.8,0.0,12.9
Delhi,gfs,2026-09-26T01:00:00,73,26.5,0.0,14.5
Delhi,gfs,2026-09-26T02:00:00,74,26.9,0.0,14.5
Delhi,gfs,2026-09-26T03:00:00,75,27.9,0.0,16.3
Delhi,gfs,2026-09-26T04:00:00,76,29.3,0.0,16.2
Delhi,gfs,2026-09-26T05:00:00,77,30.8,0.0,15.6
Delhi,gfs,2026-09-26T06:00:00,78,32.2,0.0,14.4
Delhi,gfs,2026-09-26T07:00:00,79,33.3,0.0,14.8
Delhi,gfs,2026-09-26T08:00:00,80,34.1,0.0,13.8
Delhi,gfs,2026-09-26T09:00:00,81,34.7,0.0,13.0
Delhi,gfs,2026-09-26T10:00:00,82,35.0,0.0,13.2
Delhi,gfs,2026-09-26T11:00:00,83,34.8,0.0,14.6
Delhi,gfs,2026-09-26T12:00:00,84,33.8,0.0,18.9
Delhi,gfs,2026-09-26T13:00:00,85,31.3,0.0,22.2
Delhi,gfs,2026-09-26T14:00:00,86,30.4,0.0,20.4
Delhi,gfs,2026-09-26T15:00:00,87,30.0,0.0,18.9
Delhi,gfs,2026-09-26T16:00:00,88,29.1,0.0,18.2
Delhi,gfs,2026-09-26T17:00:00,89,27.9,0.0,18.2
Delhi,gfs,2026-09-26T18:00:00,90,26.4,0.0,19.7
Delhi,gfs,2026-09-26T19:00:00,91,26.2,0.0,18.1
Delhi,gfs,2026-09-26T20:00:00,92,26.0,0.0,15.1
Delhi,gfs,2026-09-26T21:00:00,93,25.7,0.0,15.8
Delhi,gfs,2026-09-26T22:00:00,94,25.7,0.0,12.7
Delhi,gfs,2026-09-26T23:00:00,95,25.6,0.0,11.1
Delhi,gfs,2026-09-27T00:00:00,96,25.7,0.0,8.7
Delhi,gfs,2026-09-27T01:00:00,97,25.8,0.0,9.6
Delhi,gfs,2026-09-27T02:00:00,98,25.9,0.0,13.4
Delhi,gfs,2026-09-27T03:00:00,99,26.5,0.0,13.2
Delhi,gfs,2026-09-27T04:00:00,100,27.7,0.0,11.5
Delhi,gfs,2026-09-27T05:00:00,101,29.4,0.0,14.6
Delhi,gfs,2026-09-27T06:00:00,102,30.5,0.0,13.9
Delhi,gfs,2026-09-27T07:00:00,103,31.3,0.0,16.8
Delhi,gfs,2026-09-27T08:00:00,104,30.7,0.0,19.3
Delhi,gfs,2026-09-27T09:00:00,105,30.3,0.0,19.0
Delhi,gfs,2026-09-27T10:00:00,106,29.8,0.0,22.7
Delhi,gfs,2026-09-27T11:00:00,107,28.5,0.0,23.3
Delhi,gfs,2026-09-27T12:00:00,108,26.9,0.0,23.3
Delhi,gfs,2026-09-27T13:00:00,109,25.6,0.0,18.2
Delhi,gfs,2026-09-27T14:00:00,110,25.1,0.0,18.3
Delhi,gfs,2026-09-27T15:00:00,111,24.4,0.0,19.3
Delhi,gfs,2026-09-27T16:00:00,112,24.7,0.0,18.5
Delhi,gfs,2026-09-27T17:00:00,113,24.7,0.0,17.0
Delhi,gfs,2026-09-27T18:00:00,114,24.7,0.0,14.2
Delhi,gfs,2026-09-27T19:00:00,115,25.0,0.0,14.4
Delhi,gfs,2026-09-27T20:00:00,116,25.0,0.0,16.0
Delhi,gfs,2026-09-27T21:00:00,117,24.7,0.0,17.3
Delhi,gfs,2026-09-27T22:00:00,118,24.3,0.0,18.6
Delhi,gfs,2026-09-27T23:00:00,119,24.0,0.0,16.5
Delhi,gfs,2026-09-28T00:00:00,120,23.8,0.0,16.5
Delhi,gfs,2026-09-28T01:00:00,121,23.6,0.0,14.9
Delhi,gfs,2026-09-28T02:00:00,122,23.3,0.1,14.5
Delhi,gfs,2026-09-28T03:00:00,123,22.8,1.3,14.1
Delhi,gfs,2026-09-28T04:00:00,124,22.9,0.7,14.9
Delhi,gfs,2026-09-28T05:00:00,125,22.9,0.4,14.7
Delhi,gfs,2026-09-28T06:00:00,126,22.9,0.2,15.6
Delhi,gfs,2026-09-28T07:00:00,127,22.8,1.2,14.1
Delhi,gfs,2026-09-28T08:00:00,128,22.7,1.2,12.5
Delhi,gfs,2026-09-28T09:00:00,129,22.7,1.2,11.8
Delhi,gfs,2026-09-28T10:00:00,130,22.7,0.6,12.8
Delhi,gfs,2026-09-28T11:00:00,131,22.7,0.6,14.5
Delhi,gfs,2026-09-28T12:00:00,132,22.7,0.6,15.3
Delhi,gfs,2026-09-28T13:00:00,133,22.5,0.2,14.8
Delhi,gfs,2026-09-28T14:00:00,134,22.4,0.2,13.3
Delhi,gfs,2026-09-28T15:00:00,135,22.3,0.2,11.5
Delhi,gfs,2026-09-28T16:00:00,136,22.4,0.0,8.9
Delhi,gfs,2026-09-28T17:00:00,137,22.6,0.0,5.9
Delhi,gfs,2026-09-28T18:00:00,138,22.8,0.0,3.6
Delhi,gfs,2026-09-28T19:00:00,139,22.9,0.0,3.1
Delhi,gfs,2026-09-28T20:00:00,140,23.0,0.0,3.3
Delhi,gfs,2026-09-28T21:00:00,141,23.0,0.0,4.4
Delhi,gfs,2026-09-28T22:00:00,142,22.8,0.1,5.0
Delhi,gfs,2026-09-28T23:00:00,143,22.6,0.1,6.3
Guwahati,gfs,2026-09-23T00:00:00,0,25.1,0.0,2.6
Guwahati,gfs,2026-09-23T01:00:00,1,25.5,0.0,3.0
Guwahati,gfs,2026-09-23T02:00:00,2,25.5,0.0,3.1
Guwahati,gfs,2026-09-23T03:00:00,3,25.6,0.0,2.6
Guwahati,gfs,2026-09-23T04:00:00,4,25.9,1.3,4.2
Guwahati,gfs,2026-09-23T05:00:00,5,27.5,1.8,8.6
Guwahati,gfs,2026-09-23T06:00:00,6,26.4,0.9,9.4
Guwahati,gfs,2026-09-23T07:00:00,7,25.9,0.0,8.3
Guwahati,gfs,2026-09-23T08:00:00,8,26.1,0.0,8.6
Guwahati,gfs,2026-09-23T09:00:00,9,26.6,0.0,8.9
Guwahati,gfs,2026-09-23T10:00:00,10,26.5,0.0,8.3
Guwahati,gfs,2026-09-23T11:00:00,11,26.6,0.0,8.6
Guwahati,gfs,2026-09-23T12:00:00,12,25.6,0.0,8.1
Guwahati,gfs,2026-09-23T13:00:00,13,25.3,0.0,7.9
Guwahati,gfs,2026-09-23T14:00:00,14,25.1,0.0,7.1
Guwahati,gfs,2026-09-23T15:00:00,15,25.1,0.0,7.3
Guwahati,gfs,2026-09-23T16:00:00,16,25.3,0.0,6.2
Guwahati,gfs,2026-09-23T17:00:00,17,25.2,0.0,5.6
Guwahati,gfs,2026-09-23T18:00:00,18,24.8,0.0,5.1
Guwahati,gfs,2026-09-23T19:00:00,19,24.6,0.0,3.6
Guwahati,gfs,2026-09-23T20:00:00,20,24.2,1.8,3.4
Guwahati,gfs,2026-09-23T21:00:00,21,24.3,1.5,5.6
Guwahati,gfs,2026-09-23T22:00:00,22,24.3,0.4,4.1
Guwahati,gfs,2026-09-23T23:00:00,23,24.3,0.1,6.1
Guwahati,gfs,2026-09-24T00:00:00,24,24.3,0.0,5.9
Guwahati,gfs,2026-09-24T01:00:00,25,24.7,0.0,6.5
Guwahati,gfs,2026-09-24T02:00:00,26,25.5,0.0,8.6
Guwahati,gfs,2026-09-24T03:00:00,27,25.6,0.0,7.2
Guwahati,gfs,2026-09-24T04:00:00,28,26.0,0.0,4.7
Guwahati,gfs,2026-09-24T05:00:00,29,29.1,0.0,8.1
Guwahati,gfs,2026-09-24T06:00:00,30,31.4,0.0,12.0
Guwahati,gfs,2026-09-24T07:00:00,31,32.4,0.0,16.2
Guwahati,gfs,2026-09-24T08:00:00,32,32.3,0.0,16.7
Guwahati,gfs,2026-09-24T09:00:00,33,32.2,0.0,14.7
Guwahati,gfs,2026-09-24T10:00:00,34,31.6,0.0,12.9
Guwahati,gfs,2026-09-24T11:00:00,35,30.4,0.0,8.4
Guwahati,gfs,2026-09-24T12:00:00,36,28.6,0.0,6.4
Guwahati,gfs,2026-09-24T13:00:00,37,28.1,0.0,5.2
Guwahati,gfs,2026-09-24T14:00:00,38,27.6,0.0,4.0
Guwahati,gfs,2026-09-24T15:00:00,39,27.1,0.2,1.8
Guwahati,gfs,2026-09-24T16:00:00,40,26.6,0.2,2.9
Guwahati,gfs,2026-09-24T17:00:00,41,25.8,0.5,3.1
Guwahati,gfs,2026-09-24T18:00:00,42,25.0,1.0,7.0
Guwahati,gfs,2026-09-24T19:00:00,43,24.8,0.0,7.4
Guwahati,gfs,2026-09-24T20:00:00,44,24.2,1.0,6.6
Guwahati,gfs,2026-09-24T21:00:00,45,24.4,0.0,4.8
Guwahati,gfs,2026-09-24T22:00:00,46,24.5,0.2,3.8
Guwahati,gfs,2026-09-24T23:00:00,47,24.6,0.0,1.3
Guwahati,gfs,2026-09-25T00:00:00,48,24.5,0.1,0.4
Guwahati,gfs,2026-09-25T01:00:00,49,24.9,0.5,3.4
Guwahati,gfs,2026-09-25T02:00:00,50,26.0,0.0,2.6
Guwahati,gfs,2026-09-25T03:00:00,51,28.1,0.0,1.8
Guwahati,gfs,2026-09-25T04:00:00,52,29.6,0.0,6.4
Guwahati,gfs,2026-09-25T05:00:00,53,30.9,0.0,8.0
Guwahati,gfs,2026-09-25T06:00:00,54,31.7,0.0,8.7
Guwahati,gfs,2026-09-25T07:00:00,55,32.2,0.0,8.9
Guwahati,gfs,2026-09-25T08:00:00,56,32.2,0.0,6.4
Guwahati,gfs,2026-09-25T09:00:00,57,31.0,0.0,6.7
Guwahati,gfs,2026-09-25T10:00:00,58,29.1,0.0,6.2
Guwahati,gfs,2026-09-25T11:00:00,59,28.1,0.0,9.0
Guwahati,gfs,2026-09-25T12:00:00,60,27.5,0.0,8.4
Guwahati,gfs,2026-09-25T13:00:00,61,26.6,0.8,6.9
Guwahati,gfs,2026-09-25T14:00:00,62,26.2,0.9,6.8
Guwahati,gfs,2026-09-25T15:00:00,63,25.8,0.0,11.5
Guwahati,gfs,2026-09-25T16:00:00,64,25.1,0.1,10.9
Guwahati,gfs,2026-09-25T17:00:00,65,24.6,0.1,10.8
Guwahati,gfs,2026-09-25T18:00:00,66,23.9,0.0,9.8
Guwahati,gfs,2026-09-25T19:00:00,67,23.4,0.0,11.6
Guwahati,gfs,2026-09-25T20:00:00,68,23.2,0.0,10.2
Guwahati,gfs,2026-09-25T21:00:00,69,23.2,0.0,8.7
Guwahati,gfs,2026-09-25T22:00:00,70,23.2,0.0,7.4
Guwahati,gfs,2026-09-25T23:00:00,71,23.3,0.0,5.9
Guwahati,gfs,2026-09-26T00:00:00,72,23.5,0.0,5.6
Guwahati,gfs,2026-09-26T01:00:00,73,25.0,0.0,5.6
Guwahati,gfs,2026-09-26T02:00:00,74,26.8,0.0,5.3
Guwahati,gfs,2026-09-26T03:00:00,75,28.5,0.0,5.5
Guwahati,gfs,2026-09-26T04:00:00,76,29.7,0.0,7.6
Guwahati,gfs,2026-09-26T05:00:00,77,30.7,0.0,8.8
Guwahati,gfs,2026-09-26T06:00:00,78,31.4,0.0,10.2
Guwahati,gfs,2026-09-26T07:00:00,79,31.9,0.0,10.4
Guwahati,gfs,2026-09-26T08:00:00,80,32.2,0.0,9.6
Guwahati,gfs,2026-09-26T09:00:00,81,32.3,0.0,10.1
Guwahati,gfs,2026-09-26T10:00:00,82,32.2,0.0,7.6
Guwahati,gfs,2026-09-26T11:00:00,83,31.1,0.0,4.3
Guwahati,gfs,2026-09-26T12:00:00,84,29.1,0.0,3.1
Guwahati,gfs,2026-09-26T13:00:00,85,28.3,0.0,3.3
Guwahati,gfs,2026-09-26T14:00:00,86,27.7,0.0,3.8
Guwahati,gfs,2026-09-26T15:00:00,87,27.3,0.0,4.1
Guwahati,gfs,2026-09-26T16:00:00,88,27.0,0.0,3.8
Guwahati,gfs,2026-09-26T17:00:00,89,26.7,0.0,3.6
Guwahati,gfs,2026-09-26T18:00:00,90,26.4,0.0,4.1
Guwahati,gfs,2026-09-26T19:00:00,91,26.1,0.0,4.1
Guwahati,gfs,2026-09-26T20:00:00,92,25.8,0.1,4.7
Guwahati,gfs,2026-09-26T21:00:00,93,25.1,0.4,5.2
Guwahati,gfs,2026-09-26T22:00:00,94,24.9,0.0,5.1
Guwahati,gfs,2026-09-26T23:00:00,95,24.8,0.0,4.1
Guwahati,gfs,2026-09-27T00:00:00,96,24.8,0.0,2.6
Guwahati,gfs,2026-09-27T01:00:00,97,26.1,0.0,1.0
Guwahati,gfs,2026-09-27T02:00:00,98,27.5,0.0,1.1
Guwahati,gfs,2026-09-27T03:00:00,99,29.2,0.2,1.9
Guwahati,gfs,2026-09-27T04:00:00,100,30.6,0.1,4.8
Guwahati,gfs,2026-09-27T05:00:00,101,31.5,0.0,7.8
Guwahati,gfs,2026-09-27T06:00:00,102,32.1,0.0,10.2
Guwahati,gfs,2026-09-27T07:00:00,103,32.6,0.0,10.6
Guwahati,gfs,2026-09-27T08:00:00,104,32.8,0.0,10.3
Guwahati,gfs,2026-09-27T09:00:00,105,32.9,0.0,9.2
Guwahati,gfs,2026-09-27T10:00:00,106,32.7,0.0,7.6
Guwahati,gfs,2026-09-27T11:00:00,107,31.4,0.0,5.8
Guwahati,gfs,2026-09-27T12:00:00,108,29.5,0.0,5.4
Guwahati,gfs,2026-09-27T13:00:00,109,28.6,0.0,5.4
Guwahati,gfs,2026-09-27T14:00:00,110,28.1,0.0,4.9
Guwahati,gfs,2026-09-27T15:00:00,111,27.8,0.0,4.2
Guwahati,gfs,2026-09-27T16:00:00,112,27.0,0.5,4.3
Guwahati,gfs,2026-09-27T17:00:00,113,26.6,0.4,4.3
Guwahati,gfs,2026-09-27T18:00:00,114,25.9,1.1,4.3
Guwahati,gfs,2026-09-27T19:00:00,115,25.2,2.4,4.7
Guwahati,gfs,2026-09-27T20:00:00,116,24.9,2.1,4.4
Guwahati,gfs,2026-09-27T21:00:00,117,25.0,0.8,3.8
Guwahati,gfs,2026-09-27T22:00:00,118,25.1,0.0,3.2
Guwahati,gfs,2026-09-27T23:00:00,119,25.2,0.0,2.8
Guwahati,gfs,2026-09-28T00:00:00,120,25.3,0.0,3.1
Guwahati,gfs,2026-09-28T01:00:00,121,26.4,0.0,3.6
Guwahati,gfs,2026-09-28T02:00:00,122,27.3,0.0,5.1
Guwahati,gfs,2026-09-28T03:00:00,123,28.3,0.1,3.6
Guwahati,gfs,2026-09-28T04:00:00,124,29.8,0.8,3.1
Guwahati,gfs,2026-09-28T05:00:00,125,31.2,0.3,5.6
Guwahati,gfs,2026-09-28T06:00:00,126,32.4,0.0,5.5
Guwahati,gfs,2026-09-28T07:00:00,127,33.0,0.0,5.4
Guwahati,gfs,2026-09-28T08:00:00,128,33.2,0.0,6.6
Guwahati,gfs,2026-09-28T09:00:00,129,32.9,0.0,7.6
Guwahati,gfs,2026-09-28T10:00:00,130,31.9,0.1,5.5
Guwahati,gfs,2026-09-28T11:00:00,131,30.4,0.1,3.6
Guwahati,gfs,2026-09-28T12:00:00,132,29.1,0.1,5.4
Guwahati,gfs,2026-09-28T13:00:00,133,28.0,1.5,6.2
Guwahati,gfs,2026-09-28T14:00:00,134,27.0,1.5,6.3
Guwahati,gfs,2026-09-28T15:00:00,135,26.4,1.5,6.3
Guwahati,gfs,2026-09-28T16:00:00,136,26.1,1.2,6.1
Guwahati,gfs,2026-09-28T17:00:00,137,26.2,1.2,6.2
Guwahati,gfs,2026-09-28T18:00:00,138,26.2,1.2,5.9
Guwahati,gfs,2026-09-28T19:00:00,139,26.1,0.0,5.5
Guwahati,gfs,2026-09-28T20:00:00,140,26.0,0.0,4.7
Guwahati,gfs,2026-09-28T21:00:00,141,25.9,0.0,4.0
Guwahati,gfs,2026-09-28T22:00:00,142,25.6,0.0,3.0
Guwahati,gfs,2026-09-28T23:00:00,143,25.4,0.0,2.5
Jaipur,gfs,2026-09-23T00:00:00,0,27.2,0.0,4.2
Jaipur,gfs,2026-09-23T01:00:00,1,27.0,0.0,3.9
Jaipur,gfs,2026-09-23T02:00:00,2,28.3,0.0,3.8
Jaipur,gfs,2026-09-23T03:00:00,3,29.6,0.0,4.7
Jaipur,gfs,2026-09-23T04:00:00,4,31.2,0.0,4.0
Jaipur,gfs,2026-09-23T05:00:00,5,32.9,0.0,2.3
Jaipur,gfs,2026-09-23T06:00:00,6,34.1,0.0,3.1
Jaipur,gfs,2026-09-23T07:00:00,7,35.2,0.0,5.1
Jaipur,gfs,2026-09-23T08:00:00,8,36.0,0.0,6.0
Jaipur,gfs,2026-09-23T09:00:00,9,36.5,0.0,8.6
Jaipur,gfs,2026-09-23T10:00:00,10,36.6,0.0,11.0
Jaipur,gfs,2026-09-23T11:00:00,11,36.3,0.0,12.5
Jaipur,gfs,2026-09-23T12:00:00,12,35.1,0.0,11.7
Jaipur,gfs,2026-09-23T13:00:00,13,33.7,0.0,10.9
Jaipur,gfs,2026-09-23T14:00:00,14,33.1,0.0,9.8
Jaipur,gfs,2026-09-23T15:00:00,15,32.3,0.0,9.4
Jaipur,gfs,2026-09-23T16:00:00,16,31.1,0.0,10.2
Jaipur,gfs,2026-09-23T17:00:00,17,30.1,0.0,9.7
Jaipur,gfs,2026-09-23T18:00:00,18,29.7,0.0,6.9
Jaipur,gfs,2026-09-23T19:00:00,19,29.4,0.0,3.8
Jaipur,gfs,2026-09-23T20:00:00,20,29.0,0.0,2.9
Jaipur,gfs,2026-09-23T21:00:00,21,28.7,0.0,3.6
Jaipur,gfs,2026-09-23T22:00:00,22,28.4,0.0,5.8
Jaipur,gfs,2026-09-23T23:00:00,23,27.9,0.0,5.4
Jaipur,gfs,2026-09-24T00:00:00,24,27.6,0.0,5.3
Jaipur,gfs,2026-09-24T01:00:00,25,27.4,0.0,5.1
Jaipur,gfs,2026-09-24T02:00:00,26,28.5,0.0,4.9
Jaipur,gfs,2026-09-24T03:00:00,27,29.7,0.0,5.8
Jaipur,gfs,2026-09-24T04:00:00,28,31.0,0.0,7.2
Jaipur,gfs,2026-09-24T05:00:00,29,32.3,0.0,8.3
Jaipur,gfs,2026-09-24T06:00:00,30,33.6,0.0,7.4
Jaipur,gfs,2026-09-24T07:00:00,31,35.0,0.0,4.1
Jaipur,gfs,2026-09-24T08:00:00,32,35.9,0.0,1.5
Jaipur,gfs,2026-09-24T09:00:00,33,36.3,0.0,5.7
Jaipur,gfs,2026-09-24T10:00:00,34,36.6,0.0,9.7
Jaipur,gfs,2026-09-24T11:00:00,35,36.4,0.0,11.9
Jaipur,gfs,2026-09-24T12:00:00,36,35.4,0.0,8.9
Jaipur,gfs,2026-09-24T13:00:00,37,34.1,0.0,7.8
Jaipur,gfs,2026-09-24T14:00:00,38,32.6,0.0,11.2
Jaipur,gfs,2026-09-24T15:00:00,39,31.8,0.0,11.1
Jaipur,gfs,2026-09-24T16:00:00,40,31.3,0.0,9.2
Jaipur,gfs,2026-09-24T17:00:00,41,30.9,0.0,7.9
Jaipur,gfs,2026-09-24T18:00:00,42,30.2,0.0,12.6
Jaipur,gfs,2026-09-24T19:00:00,43,28.6,0.0,13.4
Jaipur,gfs,2026-09-24T20:00:00,44,27.7,0.0,13.5
Jaipur,gfs,2026-09-24T21:00:00,45,27.1,0.0,13.7
Jaipur,gfs,2026-09-24T22:00:00,46,26.7,0.0,11.7
Jaipur,gfs,2026-09-24T23:00:00,47,26.3,0.0,12.5
Jaipur,gfs,2026-09-25T00:00:00,48,25.8,0.0,13.5
Jaipur,gfs,2026-09-25T01:00:00,49,25.4,0.0,11.5
Jaipur,gfs,2026-09-25T02:00:00,50,26.0,0.0,10.8
Jaipur,gfs,2026-09-25T03:00:00,51,27.4,0.0,11.8
Jaipur,gfs,2026-09-25T04:00:00,52,29.0,0.0,11.4
Jaipur,gfs,2026-09-25T05:00:00,53,30.4,0.0,9.7
Jaipur,gfs,2026-09-25T06:00:00,54,32.0,0.0,8.7
Jaipur,gfs,2026-09-25T07:00:00,55,33.5,0.0,6.7
Jaipur,gfs,2026-09-25T08:00:00,56,34.8,0.0,4.1
Jaipur,gfs,2026-09-25T09:00:00,57,35.7,0.0,2.0
Jaipur,gfs,2026-09-25T10:00:00,58,36.1,0.0,1.6
Jaipur,gfs,2026-09-25T11:00:00,59,36.2,0.0,4.0
Jaipur,gfs,2026-09-25T12:00:00,60,34.9,0.0,13.6
Jaipur,gfs,2026-09-25T13:00:00,61,32.4,0.0,17.6
Jaipur,gfs,2026-09-25T14:00:00,62,31.7,0.0,17.6
Jaipur,gfs,2026-09-25T15:00:00,63,30.7,0.0,19.2
Jaipur,gfs,2026-09-25T16:00:00,64,29.2,0.0,23.6
Jaipur,gfs,2026-09-25T17:00:00,65,27.4,0.0,20.7
Jaipur,gfs,2026-09-25T18:00:00,66,26.6,0.0,19.1
Jaipur,gfs,2026-09-25T19:00:00,67,26.2,0.0,16.8
Jaipur,gfs,2026-09-25T20:00:00,68,25.7,0.0,17.0
Jaipur,gfs,2026-09-25T21:00:00,69,25.3,0.0,15.7
Jaipur,gfs,2026-09-25T22:00:00,70,25.0,0.0,15.1
Jaipur,gfs,2026-09-25T23:00:00,71,24.6,0.0,13.9
Jaipur,gfs,2026-09-26T00:00:00,72,24.3,0.0,11.8
Jaipur,gfs,2026-09-26T01:00:00,73,24.1,0.0,11.0
Jaipur,gfs,2026-09-26T02:00:00,74,24.6,0.0,15.8
Jaipur,gfs,2026-09-26T03:00:00,75,25.9,0.0,17.4
Jaipur,gfs,2026-09-26T04:00:00,76,27.5,0.0,16.2
Jaipur,gfs,2026-09-26T05:00:00,77,29.2,0.0,13.5
Jaipur,gfs,2026-09-26T06:00:00,78,30.8,0.0,11.2
Jaipur,gfs,2026-09-26T07:00:00,79,32.4,0.0,8.7
Jaipur,gfs,2026-09-26T08:00:00,80,33.9,0.0,6.9
Jaipur,gfs,2026-09-26T09:00:00,81,35.2,0.0,6.1
Jaipur,gfs,2026-09-26T10:00:00,82,36.3,0.0,6.4
Jaipur,gfs,2026-09-26T11:00:00,83,36.5,0.0,10.2
Jaipur,gfs,2026-09-26T12:00:00,84,34.7,0.0,5.8
Jaipur,gfs,2026-09-26T13:00:00,85,32.8,0.0,4.7
Jaipur,gfs,2026-09-26T14:00:00,86,30.4,0.0,15.9
Jaipur,gfs,2026-09-26T15:00:00,87,29.4,0.0,16.1
Jaipur,gfs,2026-09-26T16:00:00,88,29.1,0.0,14.8
Jaipur,gfs,2026-09-26T17:00:00,89,28.4,0.0,11.6
Jaipur,gfs,2026-09-26T18:00:00,90,27.6,0.0,14.4
Jaipur,gfs,2026-09-26T19:00:00,91,26.9,0.0,14.8
Jaipur,gfs,2026-09-26T20:00:00,92,26.5,0.0,14.7
Jaipur,gfs,2026-09-26T21:00:00,93,25.9,0.0,12.1
Jaipur,gfs,2026-09-26T22:00:00,94,25.6,0.0,9.2
Jaipur,gfs,2026-09-26T23:00:00,95,25.5,0.0,5.2
Jaipur,gfs,2026-09-27T00:00:00,96,25.7,0.0,4.5
Jaipur,gfs,2026-09-27T01:00:00,97,25.3,0.0,7.1
Jaipur,gfs,2026-09-27T02:00:00,98,25.8,0.0,5.1
Jaipur,gfs,2026-09-27T03:00:00,99,27.1,0.0,10.0
Jaipur,gfs,2026-09-27T04:00:00,100,28.9,0.0,15.8
Jaipur,gfs,2026-09-27T05:00:00,101,30.3,0.0,17.6
Jaipur,gfs,2026-09-27T06:00:00,102,31.8,0.0,16.9
Jaipur,gfs,2026-09-27T07:00:00,103,33.5,0.0,15.8
Jaipur,gfs,2026-09-27T08:00:00,104,34.6,0.0,15.9
Jaipur,gfs,2026-09-27T09:00:00,105,35.3,0.0,15.5
Jaipur,gfs,2026-09-27T10:00:00,106,35.4,0.0,15.0
Jaipur,gfs,2026-09-27T11:00:00,107,35.4,0.0,15.0
Jaipur,gfs,2026-09-27T12:00:00,108,33.8,0.1,7.0
Jaipur,gfs,2026-09-27T13:00:00,109,26.6,0.0,32.8
Jaipur,gfs,2026-09-27T14:00:00,110,26.3,0.0,26.0
Jaipur,gfs,2026-09-27T15:00:00,111,24.8,0.0,21.6
Jaipur,gfs,2026-09-27T16:00:00,112,24.5,0.0,20.9
Jaipur,gfs,2026-09-27T17:00:00,113,24.0,0.0,16.7
Jaipur,gfs,2026-09-27T18:00:00,114,24.1,0.0,11.2
Jaipur,gfs,2026-09-27T19:00:00,115,24.2,0.0,6.1
Jaipur,gfs,2026-09-27T20:00:00,116,24.2,0.0,3.5
Jaipur,gfs,2026-09-27T21:00:00,117,24.2,0.0,4.0
Jaipur,gfs,2026-09-27T22:00:00,118,24.1,0.0,4.3
Jaipur,gfs,2026-09-27T23:00:00,119,24.0,0.0,4.1
Jaipur,gfs,2026-09-28T00:00:00,120,24.0,0.0,3.1
Jaipur,gfs,2026-09-28T01:00:00,121,23.9,0.0,4.7
Jaipur,gfs,2026-09-28T02:00:00,122,24.2,0.0,2.2
Jaipur,gfs,2026-09-28T03:00:00,123,25.5,0.0,5.5
Jaipur,gfs,2026-09-28T04:00:00,124,27.6,0.0,11.2
Jaipur,gfs,2026-09-28T05:00:00,125,29.5,0.0,12.1
Jaipur,gfs,2026-09-28T06:00:00,126,31.1,0.0,13.5
Jaipur,gfs,2026-09-28T07:00:00,127,32.6,0.0,15.6
Jaipur,gfs,2026-09-28T08:00:00,128,33.9,0.0,16.9
Jaipur,gfs,2026-09-28T09:00:00,129,34.6,0.0,17.1
Jaipur,gfs,2026-09-28T10:00:00,130,34.3,0.0,17.6
Jaipur,gfs,2026-09-28T11:00:00,131,33.4,0.0,20.3
Jaipur,gfs,2026-09-28T12:00:00,132,32.0,0.0,23.1
Jaipur,gfs,2026-09-28T13:00:00,133,29.8,0.0,22.1
Jaipur,gfs,2026-09-28T14:00:00,134,27.2,0.0,19.3
Jaipur,gfs,2026-09-28T15:00:00,135,25.2,0.0,16.1
Jaipur,gfs,2026-09-28T16:00:00,136,24.4,0.0,12.7
Jaipur,gfs,2026-09-28T17:00:00,137,24.4,0.0,8.7
Jaipur,gfs,2026-09-28T18:00:00,138,24.3,0.0,7.2
Jaipur,gfs,2026-09-28T19:00:00,139,23.8,0.0,7.1
Jaipur,gfs,2026-09-28T20:00:00,140,23.4,0.0,7.3
Jaipur,gfs,2026-09-28T21:00:00,141,23.1,0.0,6.8
Jaipur,gfs,2026-09-28T22:00:00,142,23.0,0.0,4.0
Jaipur,gfs,2026-09-28T23:00:00,143,23.1,0.0,1.1
Kolkata,gfs,2026-09-23T00:00:00,0,25.8,2.2,20.7
Kolkata,gfs,2026-09-23T01:00:00,1,26.1,1.5,19.8
Kolkata,gfs,2026-09-23T02:00:00,2,26.6,1.6,19.7
Kolkata,gfs,2026-09-23T03:00:00,3,27.0,1.6,21.0
Kolkata,gfs,2026-09-23T04:00:00,4,27.0,1.6,20.4
Kolkata,gfs,2026-09-23T05:00:00,5,29.2,1.3,25.1
Kolkata,gfs,2026-09-23T06:00:00,6,29.8,1.6,26.6
Kolkata,gfs,2026-09-23T07:00:00,7,29.0,2.8,22.9
Kolkata,gfs,2026-09-23T08:00:00,8,29.0,2.5,22.5
Kolkata,gfs,2026-09-23T09:00:00,9,29.4,2.0,23.2
Kolkata,gfs,2026-09-23T10:00:00,10,29.1,1.6,21.8
Kolkata,gfs,2026-09-23T11:00:00,11,28.3,0.8,21.6
Kolkata,gfs,2026-09-23T12:00:00,12,27.4,0.1,19.0
Kolkata,gfs,2026-09-23T13:00:00,13,26.8,0.0,16.6
Kolkata,gfs,2026-09-23T14:00:00,14,26.2,0.5,14.6
Kolkata,gfs,2026-09-23T15:00:00,15,25.8,1.4,15.6
Kolkata,gfs,2026-09-23T16:00:00,16,25.9,0.6,16.6
Kolkata,gfs,2026-09-23T17:00:00,17,25.8,1.4,15.3
Kolkata,gfs,2026-09-23T18:00:00,18,25.8,1.0,15.6
Kolkata,gfs,2026-09-23T19:00:00,19,25.9,1.0,15.6
Kolkata,gfs,2026-09-23T20:00:00,20,26.0,0.6,15.4
Kolkata,gfs,2026-09-23T21:00:00,21,25.8,0.0,14.9
Kolkata,gfs,2026-09-23T22:00:00,22,25.9,0.7,19.6
Kolkata,gfs,2026-09-23T23:00:00,23,25.1,1.4,20.4
Kolkata,gfs,2026-09-24T00:00:00,24,24.8,5.2,17.9
Kolkata,gfs,2026-09-24T01:00:00,25,24.9,3.8,17.3
Kolkata,gfs,2026-09-24T02:00:00,26,25.5,0.8,19.8
Kolkata,gfs,2026-09-24T03:00:00,27,25.2,1.5,16.2
Kolkata,gfs,2026-09-24T04:00:00,28,27.1,1.6,16.3
Kolkata,gfs,2026-09-24T05:00:00,29,27.4,1.8,15.0
Kolkata,gfs,2026-09-24T06:00:00,30,26.8,1.7,14.8
Kolkata,gfs,2026-09-24T07:00:00,31,26.9,1.2,16.5
Kolkata,gfs,2026-09-24T08:00:00,32,29.5,1.8,26.6
Kolkata,gfs,2026-09-24T09:00:00,33,28.3,0.8,22.4
Kolkata,gfs,2026-09-24T10:00:00,34,27.0,0.2,20.5
Kolkata,gfs,2026-09-24T11:00:00,35,27.4,0.8,23.4
Kolkata,gfs,2026-09-24T12:00:00,36,26.6,1.2,24.2
Kolkata,gfs,2026-09-24T13:00:00,37,26.5,0.2,21.7
Kolkata,gfs,2026-09-24T14:00:00,38,26.3,0.1,20.0
Kolkata,gfs,2026-09-24T15:00:00,39,26.0,1.1,20.2
Kolkata,gfs,2026-09-24T16:00:00,40,25.9,1.3,18.8
Kolkata,gfs,2026-09-24T17:00:00,41,25.9,1.3,20.6
Kolkata,gfs,2026-09-24T18:00:00,42,25.8,0.9,20.9
Kolkata,gfs,2026-09-24T19:00:00,43,25.7,1.2,19.4
Kolkata,gfs,2026-09-24T20:00:00,44,25.8,1.1,19.1
Kolkata,gfs,2026-09-24T21:00:00,45,25.8,1.4,18.3
Kolkata,gfs,2026-09-24T22:00:00,46,25.5,1.1,16.8
Kolkata,gfs,2026-09-24T23:00:00,47,25.2,1.2,16.1
Kolkata,gfs,2026-09-25T00:00:00,48,25.2,1.3,17.6
Kolkata,gfs,2026-09-25T01:00:00,49,26.1,1.0,18.4
Kolkata,gfs,2026-09-25T02:00:00,50,27.6,0.5,22.2
Kolkata,gfs,2026-09-25T03:00:00,51,28.8,0.2,25.3
Kolkata,gfs,2026-09-25T04:00:00,52,29.6,0.0,28.9
Kolkata,gfs,2026-09-25T05:00:00,53,30.1,0.7,30.1
Kolkata,gfs,2026-09-25T06:00:00,54,30.4,1.1,30.1
Kolkata,gfs,2026-09-25T07:00:00,55,30.2,1.4,31.2
Kolkata,gfs,2026-09-25T08:00:00,56,29.9,1.4,30.8
Kolkata,gfs,2026-09-25T09:00:00,57,29.5,1.3,29.1
Kolkata,gfs,2026-09-25T10:00:00,58,29.1,0.9,26.8
Kolkata,gfs,2026-09-25T11:00:00,59,28.2,0.9,26.0
Kolkata,gfs,2026-09-25T12:00:00,60,27.1,1.2,25.1
Kolkata,gfs,2026-09-25T13:00:00,61,26.8,0.1,20.9
Kolkata,gfs,2026-09-25T14:00:00,62,26.6,0.5,20.4
Kolkata,gfs,2026-09-25T15:00:00,63,26.4,0.5,20.7
Kolkata,gfs,2026-09-25T16:00:00,64,26.4,0.9,21.9
Kolkata,gfs,2026-09-25T17:00:00,65,26.2,1.1,21.4
Kolkata,gfs,2026-09-25T18:00:00,66,26.0,2.4,21.1
Kolkata,gfs,2026-09-25T19:00:00,67,26.1,2.0,21.6
Kolkata,gfs,2026-09-25T20:00:00,68,25.9,0.9,20.4
Kolkata,gfs,2026-09-25T21:00:00,69,25.6,2.0,18.8
Kolkata,gfs,2026-09-25T22:00:00,70,25.2,2.1,17.9
Kolkata,gfs,2026-09-25T23:00:00,71,25.0,3.0,17.2
Kolkata,gfs,2026-09-26T00:00:00,72,25.0,3.0,16.7
Kolkata,gfs,2026-09-26T01:00:00,73,25.8,2.9,17.8
Kolkata,gfs,2026-09-26T02:00:00,74,28.0,2.0,23.2
Kolkata,gfs,2026-09-26T03:00:00,75,29.1,0.7,25.5
Kolkata,gfs,2026-09-26T04:00:00,76,29.6,0.8,28.9
Kolkata,gfs,2026-09-26T05:00:00,77,30.0,1.6,29.6
Kolkata,gfs,2026-09-26T06:00:00,78,30.1,1.9,29.6
Kolkata,gfs,2026-09-26T07:00:00,79,30.0,2.0,28.4
Kolkata,gfs,2026-09-26T08:00:00,80,29.8,1.7,26.6
Kolkata,gfs,2026-09-26T09:00:00,81,29.5,0.7,24.7
Kolkata,gfs,2026-09-26T10:00:00,82,29.4,0.1,22.3
Kolkata,gfs,2026-09-26T11:00:00,83,28.8,0.0,20.6
Kolkata,gfs,2026-09-26T12:00:00,84,27.5,0.1,18.2
Kolkata,gfs,2026-09-26T13:00:00,85,27.0,0.1,15.3
Kolkata,gfs,2026-09-26T14:00:00,86,26.9,0.0,15.2
Kolkata,gfs,2026-09-26T15:00:00,87,26.7,0.0,14.3
Kolkata,gfs,2026-09-26T16:00:00,88,26.4,0.0,13.0
Kolkata,gfs,2026-09-26T17:00:00,89,26.3,0.0,12.2
Kolkata,gfs,2026-09-26T18:00:00,90,26.1,0.0,12.0
Kolkata,gfs,2026-09-26T19:00:00,91,26.0,0.0,12.0
Kolkata,gfs,2026-09-26T20:00:00,92,26.0,0.0,12.3
Kolkata,gfs,2026-09-26T21:00:00,93,25.9,0.0,13.3
Kolkata,gfs,2026-09-26T22:00:00,94,25.8,0.0,12.5
Kolkata,gfs,2026-09-26T23:00:00,95,25.7,0.0,12.0
Kolkata,gfs,2026-09-27T00:00:00,96,25.6,0.0,11.7
Kolkata,gfs,2026-09-27T01:00:00,97,26.5,0.0,12.2
Kolkata,gfs,2026-09-27T02:00:00,98,28.5,0.0,17.0
Kolkata,gfs,2026-09-27T03:00:00,99,29.9,0.0,19.2
Kolkata,gfs,2026-09-27T04:00:00,100,31.1,0.1,20.3
Kolkata,gfs,2026-09-27T05:00:00,101,32.0,0.2,21.1
Kolkata,gfs,2026-09-27T06:00:00,102,32.7,0.1,20.8
Kolkata,gfs,2026-09-27T07:00:00,103,32.8,0.1,20.6
Kolkata,gfs,2026-09-27T08:00:00,104,32.7,0.1,20.0
Kolkata,gfs,2026-09-27T09:00:00,105,32.4,0.0,21.3
Kolkata,gfs,2026-09-27T10:00:00,106,31.6,0.0,19.5
Kolkata,gfs,2026-09-27T11:00:00,107,30.4,0.0,18.8
Kolkata,gfs,2026-09-27T12:00:00,108,28.7,0.0,15.3
Kolkata,gfs,2026-09-27T13:00:00,109,28.1,0.0,13.9
Kolkata,gfs,2026-09-27T14:00:00,110,27.7,0.0,13.8
Kolkata,gfs,2026-09-27T15:00:00,111,27.3,0.0,14.3
Kolkata,gfs,2026-09-27T16:00:00,112,27.0,0.0,12.2
Kolkata,gfs,2026-09-27T17:00:00,113,26.8,0.0,11.2
Kolkata,gfs,2026-09-27T18:00:00,114,26.6,0.0,10.5
Kolkata,gfs,2026-09-27T19:00:00,115,26.3,0.0,9.9
Kolkata,gfs,2026-09-27T20:00:00,116,26.1,0.0,8.8
Kolkata,gfs,2026-09-27T21:00:00,117,25.9,0.0,8.4
Kolkata,gfs,2026-09-27T22:00:00,118,25.7,0.0,7.6
Kolkata,gfs,2026-09-27T23:00:00,119,25.5,0.0,7.4
Kolkata,gfs,2026-09-28T00:00:00,120,25.3,0.0,5.9
Kolkata,gfs,2026-09-28T01:00:00,121,26.1,0.0,5.5
Kolkata,gfs,2026-09-28T02:00:00,122,27.7,0.0,7.8
Kolkata,gfs,2026-09-28T03:00:00,123,28.9,0.0,11.2
Kolkata,gfs,2026-09-28T04:00:00,124,30.1,0.1,16.2
Kolkata,gfs,2026-09-28T05:00:00,125,30.5,0.2,17.6
Kolkata,gfs,2026-09-28T06:00:00,126,30.5,0.2,18.7
Kolkata,gfs,2026-09-28T07:00:00,127,30.6,0.1,19.5
Kolkata,gfs,2026-09-28T08:00:00,128,30.4,0.1,18.7
Kolkata,gfs,2026-09-28T09:00:00,129,30.0,0.1,17.7
Kolkata,gfs,2026-09-28T10:00:00,130,29.2,0.0,16.3
Kolkata,gfs,2026-09-28T11:00:00,131,28.1,0.0,14.2
Kolkata,gfs,2026-09-28T12:00:00,132,27.2,0.0,12.7
Kolkata,gfs,2026-09-28T13:00:00,133,26.7,0.0,11.9
Kolkata,gfs,2026-09-28T14:00:00,134,26.3,0.0,11.9
Kolkata,gfs,2026-09-28T15:00:00,135,26.0,0.0,11.6
Kolkata,gfs,2026-09-28T16:00:00,136,25.8,0.0,10.4
Kolkata,gfs,2026-09-28T17:00:00,137,25.8,0.0,9.2
Kolkata,gfs,2026-09-28T18:00:00,138,25.7,0.0,8.1
Kolkata,gfs,2026-09-28T19:00:00,139,25.7,0.0,6.8
Kolkata,gfs,2026-09-28T20:00:00,140,25.7,0.0,4.7
Kolkata,gfs,2026-09-28T21:00:00,141,25.7,0.0,3.0
Kolkata,gfs,2026-09-28T22:00:00,142,25.5,0.0,1.3
Kolkata,gfs,2026-09-28T23:00:00,143,25.2,0.0,3.4
Mumbai,gfs,2026-09-23T00:00:00,0,27.3,0.2,3.9
Mumbai,gfs,2026-09-23T01:00:00,1,27.3,0.1,3.1
Mumbai,gfs,2026-09-23T02:00:00,2,27.6,0.4,2.8
Mumbai,gfs,2026-09-23T03:00:00,3,28.8,0.1,4.1
Mumbai,gfs,2026-09-23T04:00:00,4,29.8,0.0,7.1
Mumbai,gfs,2026-09-23T05:00:00,5,30.8,0.0,8.9
Mumbai,gfs,2026-09-23T06:00:00,6,31.6,0.0,10.1
Mumbai,gfs,2026-09-23T07:00:00,7,32.3,0.0,12.3
Mumbai,gfs,2026-09-23T08:00:00,8,32.7,0.0,14.8
Mumbai,gfs,2026-09-23T09:00:00,9,32.8,0.0,17.1
Mumbai,gfs,2026-09-23T10:00:00,10,32.5,0.0,18.0
Mumbai,gfs,2026-09-23T11:00:00,11,32.1,0.0,16.3
Mumbai,gfs,2026-09-23T12:00:00,12,31.6,0.0,15.3
Mumbai,gfs,2026-09-23T13:00:00,13,30.8,0.0,13.6
Mumbai,gfs,2026-09-23T14:00:00,14,30.5,0.0,10.5
Mumbai,gfs,2026-09-23T15:00:00,15,30.3,0.0,8.6
Mumbai,gfs,2026-09-23T16:00:00,16,29.9,0.0,6.6
Mumbai,gfs,2026-09-23T17:00:00,17,29.6,0.0,3.6
Mumbai,gfs,2026-09-23T18:00:00,18,29.3,0.0,5.6
Mumbai,gfs,2026-09-23T19:00:00,19,29.0,0.0,5.6
Mumbai,gfs,2026-09-23T20:00:00,20,28.8,0.1,5.1
Mumbai,gfs,2026-09-23T21:00:00,21,28.6,0.0,4.8
Mumbai,gfs,2026-09-23T22:00:00,22,28.4,0.0,4.1
Mumbai,gfs,2026-09-23T23:00:00,23,28.3,0.0,4.1
Mumbai,gfs,2026-09-24T00:00:00,24,28.1,0.0,4.3
Mumbai,gfs,2026-09-24T01:00:00,25,27.9,0.0,5.2
Mumbai,gfs,2026-09-24T02:00:00,26,28.2,0.0,6.2
Mumbai,gfs,2026-09-24T03:00:00,27,29.1,0.0,6.5
Mumbai,gfs,2026-09-24T04:00:00,28,30.4,0.0,6.6
Mumbai,gfs,2026-09-24T05:00:00,29,31.6,0.0,8.8
Mumbai,gfs,2026-09-24T06:00:00,30,32.3,0.0,11.9
Mumbai,gfs,2026-09-24T07:00:00,31,32.7,0.1,16.6
Mumbai,gfs,2026-09-24T08:00:00,32,32.4,0.5,20.7
Mumbai,gfs,2026-09-24T09:00:00,33,32.4,0.0,24.3
Mumbai,gfs,2026-09-24T10:00:00,34,31.6,0.4,21.9
Mumbai,gfs,2026-09-24T11:00:00,35,31.4,0.1,20.3
Mumbai,gfs,2026-09-24T12:00:00,36,30.5,0.1,19.6
Mumbai,gfs,2026-09-24T13:00:00,37,28.9,0.4,17.8
Mumbai,gfs,2026-09-24T14:00:00,38,28.5,0.8,16.8
Mumbai,gfs,2026-09-24T15:00:00,39,27.7,1.0,12.1
Mumbai,gfs,2026-09-24T16:00:00,40,27.7,1.0,10.0
Mumbai,gfs,2026-09-24T17:00:00,41,28.0,0.4,11.2
Mumbai,gfs,2026-09-24T18:00:00,42,27.8,0.0,10.9
Mumbai,gfs,2026-09-24T19:00:00,43,27.6,0.2,11.3
Mumbai,gfs,2026-09-24T20:00:00,44,27.5,2.2,11.5
Mumbai,gfs,2026-09-24T21:00:00,45,27.1,0.2,10.8
Mumbai,gfs,2026-09-24T22:00:00,46,27.1,0.8,11.1
Mumbai,gfs,2026-09-24T23:00:00,47,27.0,0.1,11.9
Mumbai,gfs,2026-09-25T00:00:00,48,26.7,0.2,9.2
Mumbai,gfs,2026-09-25T01:00:00,49,26.7,0.5,8.4
Mumbai,gfs,2026-09-25T02:00:00,50,27.4,0.0,8.8
Mumbai,gfs,2026-09-25T03:00:00,51,28.3,0.0,13.3
Mumbai,gfs,2026-09-25T04:00:00,52,29.3,0.0,13.8
Mumbai,gfs,2026-09-25T05:00:00,53,30.1,0.0,14.3
Mumbai,gfs,2026-09-25T06:00:00,54,30.5,0.0,16.0
Mumbai,gfs,2026-09-25T07:00:00,55,30.5,0.0,17.5
Mumbai,gfs,2026-09-25T08:00:00,56,31.1,0.0,19.8
Mumbai,gfs,2026-09-25T09:00:00,57,30.4,0.4,20.0
Mumbai,gfs,2026-09-25T10:00:00,58,30.2,0.5,19.1
Mumbai,gfs,2026-09-25T11:00:00,59,30.2,0.3,19.1
Mumbai,gfs,2026-09-25T12:00:00,60,29.4,0.1,18.6
Mumbai,gfs,2026-09-25T13:00:00,61,28.5,0.7,15.7
Mumbai,gfs,2026-09-25T14:00:00,62,28.1,1.2,14.4
Mumbai,gfs,2026-09-25T15:00:00,63,28.2,0.5,10.7
Mumbai,gfs,2026-09-25T16:00:00,64,28.1,0.0,9.9
Mumbai,gfs,2026-09-25T17:00:00,65,27.9,0.0,12.6
Mumbai,gfs,2026-09-25T18:00:00,66,27.7,0.1,9.6
Mumbai,gfs,2026-09-25T19:00:00,67,27.5,0.0,11.2
Mumbai,gfs,2026-09-25T20:00:00,68,27.3,0.0,10.6
Mumbai,gfs,2026-09-25T21:00:00,69,27.2,0.0,9.8
Mumbai,gfs,2026-09-25T22:00:00,70,27.0,0.0,10.5
Mumbai,gfs,2026-09-25T23:00:00,71,26.9,0.0,9.7
Mumbai,gfs,2026-09-26T00:00:00,72,26.8,0.0,9.9
Mumbai,gfs,2026-09-26T01:00:00,73,26.7,0.0,8.8
Mumbai,gfs,2026-09-26T02:00:00,74,27.2,0.0,9.8
Mumbai,gfs,2026-09-26T03:00:00,75,28.1,0.0,11.2
Mumbai,gfs,2026-09-26T04:00:00,76,28.9,0.0,10.5
Mumbai,gfs,2026-09-26T05:00:00,77,29.9,0.0,13.6
Mumbai,gfs,2026-09-26T06:00:00,78,30.6,0.0,15.5
Mumbai,gfs,2026-09-26T07:00:00,79,31.1,0.0,16.6
Mumbai,gfs,2026-09-26T08:00:00,80,31.2,0.0,17.4
Mumbai,gfs,2026-09-26T09:00:00,81,31.2,0.0,17.5
Mumbai,gfs,2026-09-26T10:00:00,82,31.0,0.0,17.0
Mumbai,gfs,2026-09-26T11:00:00,83,30.5,0.0,17.0
Mumbai,gfs,2026-09-26T12:00:00,84,29.6,0.0,14.5
Mumbai,gfs,2026-09-26T13:00:00,85,29.0,0.0,13.5
Mumbai,gfs,2026-09-26T14:00:00,86,28.9,0.0,11.3
Mumbai,gfs,2026-09-26T15:00:00,87,28.7,0.1,12.1
Mumbai,gfs,2026-09-26T16:00:00,88,28.5,0.0,11.6
Mumbai,gfs,2026-09-26T17:00:00,89,28.4,0.0,12.4
Mumbai,gfs,2026-09-26T18:00:00,90,28.0,0.1,9.5
Mumbai,gfs,2026-09-26T19:00:00,91,28.0,0.0,7.3
Mumbai,gfs,2026-09-26T20:00:00,92,28.2,0.1,7.9
Mumbai,gfs,2026-09-26T21:00:00,93,28.0,0.1,9.0
Mumbai,gfs,2026-09-26T22:00:00,94,27.5,0.1,10.5
Mumbai,gfs,2026-09-26T23:00:00,95,27.4,0.1,10.7
Mumbai,gfs,2026-09-27T00:00:00,96,27.4,0.0,9.3
Mumbai,gfs,2026-09-27T01:00:00,97,27.2,0.0,8.6
Mumbai,gfs,2026-09-27T02:00:00,98,27.6,0.0,10.0
Mumbai,gfs,2026-09-27T03:00:00,99,28.3,0.0,10.7
Mumbai,gfs,2026-09-27T04:00:00,100,28.9,0.0,12.0
Mumbai,gfs,2026-09-27T05:00:00,101,29.5,0.0,13.8
Mumbai,gfs,2026-09-27T06:00:00,102,30.2,0.0,14.3
Mumbai,gfs,2026-09-27T07:00:00,103,30.6,0.0,15.5
Mumbai,gfs,2026-09-27T08:00:00,104,31.1,0.0,15.9
Mumbai,gfs,2026-09-27T09:00:00,105,31.1,0.0,15.9
Mumbai,gfs,2026-09-27T10:00:00,106,30.9,0.0,15.5
Mumbai,gfs,2026-09-27T11:00:00,107,30.4,0.0,14.7
Mumbai,gfs,2026-09-27T12:00:00,108,29.8,0.0,12.7
Mumbai,gfs,2026-09-27T13:00:00,109,29.1,0.0,11.6
Mumbai,gfs,2026-09-27T14:00:00,110,28.7,0.0,11.2
Mumbai,gfs,2026-09-27T15:00:00,111,28.5,0.0,10.0
Mumbai,gfs,2026-09-27T16:00:00,112,28.3,0.0,9.3
Mumbai,gfs,2026-09-27T17:00:00,113,28.2,0.0,8.8
Mumbai,gfs,2026-09-27T18:00:00,114,28.0,0.0,9.5
Mumbai,gfs,2026-09-27T19:00:00,115,27.8,0.0,9.8
Mumbai,gfs,2026-09-27T20:00:00,116,27.5,0.0,9.5
Mumbai,gfs,2026-09-27T21:00:00,117,27.2,0.0,9.1
Mumbai,gfs,2026-09-27T22:00:00,118,26.7,0.0,8.7
Mumbai,gfs,2026-09-27T23:00:00,119,26.2,0.0,7.9
Mumbai,gfs,2026-09-28T00:00:00,120,26.0,0.0,6.4
Mumbai,gfs,2026-09-28T01:00:00,121,25.7,0.0,6.9
Mumbai,gfs,2026-09-28T02:00:00,122,25.8,0.0,7.4
Mumbai,gfs,2026-09-28T03:00:00,123,27.0,0.0,7.1
Mumbai,gfs,2026-09-28T04:00:00,124,28.4,0.0,7.5
Mumbai,gfs,2026-09-28T05:00:00,125,29.5,0.0,9.2
Mumbai,gfs,2026-09-28T06:00:00,126,30.5,0.0,12.6
Mumbai,gfs,2026-09-28T07:00:00,127,31.0,0.0,14.2
Mumbai,gfs,2026-09-28T08:00:00,128,31.2,0.0,15.0
Mumbai,gfs,2026-09-28T09:00:00,129,31.1,0.0,15.5
Mumbai,gfs,2026-09-28T10:00:00,130,30.8,0.0,15.5
Mumbai,gfs,2026-09-28T11:00:00,131,30.3,0.0,14.8
Mumbai,gfs,2026-09-28T12:00:00,132,29.7,0.0,13.7
Mumbai,gfs,2026-09-28T13:00:00,133,29.3,0.0,12.1
Mumbai,gfs,2026-09-28T14:00:00,134,28.8,0.0,10.0
Mumbai,gfs,2026-09-28T15:00:00,135,28.4,0.0,8.4
Mumbai,gfs,2026-09-28T16:00:00,136,28.2,0.0,6.9
Mumbai,gfs,2026-09-28T17:00:00,137,28.1,0.0,6.0
Mumbai,gfs,2026-09-28T18:00:00,138,27.9,0.0,4.8
Mumbai,gfs,2026-09-28T19:00:00,139,27.7,0.0,3.2
Mumbai,gfs,2026-09-28T20:00:00,140,27.4,0.0,1.6
Mumbai,gfs,2026-09-28T21:00:00,141,27.1,0.0,0.4
Mumbai,gfs,2026-09-28T22:00:00,142,26.8,0.0,2.0
Mumbai,gfs,2026-09-28T23:00:00,143,26.4,0.0,3.6
Chennai,icon,2026-09-23T00:00:00,0,27.7,0.0,8.1
Chennai,icon,2026-09-23T01:00:00,1,27.6,0.0,9.3
Chennai,icon,2026-09-23T02:00:00,2,27.8,0.0,10.0
Chennai,icon,2026-09-23T03:00:00,3,28.3,0.0,11.7
Chennai,icon,2026-09-23T04:00:00,4,28.9,0.0,12.6
Chennai,icon,2026-09-23T05:00:00,5,29.2,0.0,12.2
Chennai,icon,2026-09-23T06:00:00,6,31.9,0.0,13.4
Chennai,icon,2026-09-23T07:00:00,7,33.5,0.0,13.3
Chennai,icon,2026-09-23T08:00:00,8,34.2,0.0,12.5
Chennai,icon,2026-09-23T09:00:00,9,33.4,0.0,13.0
Chennai,icon,2026-09-23T10:00:00,10,32.1,0.0,6.3
Chennai,icon,2026-09-23T11:00:00,11,32.4,0.0,5.6
Chennai,icon,2026-09-23T12:00:00,12,31.6,0.1,5.2
Chennai,icon,2026-09-23T13:00:00,13,30.8,0.0,1.9
Chennai,icon,2026-09-23T14:00:00,14,30.4,0.0,2.5
Chennai,icon,2026-09-23T15:00:00,15,30.2,0.0,3.4
Chennai,icon,2026-09-23T16:00:00,16,30.0,0.0,4.6
Chennai,icon,2026-09-23T17:00:00,17,29.6,0.0,5.7
Chennai,icon,2026-09-23T18:00:00,18,29.1,0.0,7.2
Chennai,icon,2026-09-23T19:00:00,19,28.5,0.0,7.2
Chennai,icon,2026-09-23T20:00:00,20,28.0,0.0,7.0
Chennai,icon,2026-09-23T21:00:00,21,27.7,0.0,6.7
Chennai,icon,2026-09-23T22:00:00,22,27.6,0.0,8.9
Chennai,icon,2026-09-23T23:00:00,23,27.9,0.0,9.8
Chennai,icon,2026-09-24T00:00:00,24,27.6,0.0,10.1
Chennai,icon,2026-09-24T01:00:00,25,27.1,0.0,9.4
Chennai,icon,2026-09-24T02:00:00,26,27.2,0.0,9.8
Chennai,icon,2026-09-24T03:00:00,27,28.3,0.0,12.2
Chennai,icon,2026-09-24T04:00:00,28,29.7,0.0,13.5
Chennai,icon,2026-09-24T05:00:00,29,31.2,0.0,14.1
Chennai,icon,2026-09-24T06:00:00,30,32.6,0.0,14.2
Chennai,icon,2026-09-24T07:00:00,31,33.6,0.0,14.3
Chennai,icon,2026-09-24T08:00:00,32,34.5,0.0,13.7
Chennai,icon,2026-09-24T09:00:00,33,35.4,0.0,14.0
Chennai,icon,2026-09-24T10:00:00,34,35.5,0.0,12.4
Chennai,icon,2026-09-24T11:00:00,35,35.0,0.0,10.8
Chennai,icon,2026-09-24T12:00:00,36,33.8,0.0,9.3
Chennai,icon,2026-09-24T13:00:00,37,32.4,0.0,7.6
Chennai,icon,2026-09-24T14:00:00,38,31.4,0.0,6.5
Chennai,icon,2026-09-24T15:00:00,39,30.7,0.0,7.6
Chennai,icon,2026-09-24T16:00:00,40,30.3,0.0,7.2
Chennai,icon,2026-09-24T17:00:00,41,29.6,0.0,7.9
Chennai,icon,2026-09-24T18:00:00,42,29.2,0.0,8.9
Chennai,icon,2026-09-24T19:00:00,43,28.7,0.0,8.9
Chennai,icon,2026-09-24T20:00:00,44,28.3,0.0,9.2
Chennai,icon,2026-09-24T21:00:00,45,27.8,0.0,9.3
Chennai,icon,2026-09-24T22:00:00,46,27.3,0.0,9.7
Chennai,icon,2026-09-24T23:00:00,47,26.9,0.0,9.6
Chennai,icon,2026-09-25T00:00:00,48,26.7,0.0,8.7
Chennai,icon,2026-09-25T01:00:00,49,26.4,0.0,7.9
Chennai,icon,2026-09-25T02:00:00,50,26.9,0.0,7.8
Chennai,icon,2026-09-25T03:00:00,51,28.2,0.0,8.3
Chennai,icon,2026-09-25T04:00:00,52,30.1,0.0,10.0
Chennai,icon,2026-09-25T05:00:00,53,31.7,0.0,11.9
Chennai,icon,2026-09-25T06:00:00,54,33.3,0.0,12.0
Chennai,icon,2026-09-25T07:00:00,55,34.4,0.0,13.0
Chennai,icon,2026-09-25T08:00:00,56,34.8,0.0,13.1
Chennai,icon,2026-09-25T09:00:00,57,35.5,0.0,11.6
Chennai,icon,2026-09-25T10:00:00,58,35.9,0.0,10.5
Chennai,icon,2026-09-25T11:00:00,59,35.9,0.0,9.4
Chennai,icon,2026-09-25T12:00:00,60,35.3,0.0,7.4
Chennai,icon,2026-09-25T13:00:00,61,33.8,0.0,4.9
Chennai,icon,2026-09-25T14:00:00,62,32.3,0.0,5.1
Chennai,icon,2026-09-25T15:00:00,63,31.2,0.0,6.2
Chennai,icon,2026-09-25T16:00:00,64,30.5,0.0,6.1
Chennai,icon,2026-09-25T17:00:00,65,30.1,0.0,6.4
Chennai,icon,2026-09-25T18:00:00,66,29.6,0.0,5.6
Chennai,icon,2026-09-25T19:00:00,67,29.0,0.0,5.3
Chennai,icon,2026-09-25T20:00:00,68,28.5,0.0,6.4
Chennai,icon,2026-09-25T21:00:00,69,28.2,0.0,6.8
Chennai,icon,2026-09-25T22:00:00,70,27.9,0.0,6.9
Chennai,icon,2026-09-25T23:00:00,71,27.5,0.0,6.9
Chennai,icon,2026-09-26T00:00:00,72,27.3,0.0,6.8
Chennai,icon,2026-09-26T01:00:00,73,27.1,0.0,6.8
Chennai,icon,2026-09-26T02:00:00,74,28.1,0.0,7.2
Chennai,icon,2026-09-26T03:00:00,75,29.9,0.0,9.2
Chennai,icon,2026-09-26T04:00:00,76,31.5,0.0,11.5
Chennai,icon,2026-09-26T05:00:00,77,32.9,0.0,11.4
Chennai,icon,2026-09-26T06:00:00,78,34.3,0.0,10.1
Chennai,icon,2026-09-26T07:00:00,79,35.2,0.0,9.0
Chennai,icon,2026-09-26T08:00:00,80,36.0,0.0,8.0
Chennai,icon,2026-09-26T09:00:00,81,36.3,0.0,5.8
Chennai,icon,2026-09-26T10:00:00,82,36.4,0.0,3.2
Chennai,icon,2026-09-26T11:00:00,83,36.1,0.0,1.6
Chennai,icon,2026-09-26T12:00:00,84,34.6,0.0,7.7
Chennai,icon,2026-09-26T13:00:00,85,31.4,0.0,8.9
Chennai,icon,2026-09-26T14:00:00,86,30.7,0.0,7.2
Chennai,icon,2026-09-26T15:00:00,87,30.3,0.0,3.4
Chennai,icon,2026-09-26T16:00:00,88,29.5,1.0,2.4
Chennai,icon,2026-09-26T17:00:00,89,29.3,0.1,6.2
Chennai,icon,2026-09-26T18:00:00,90,29.1,0.0,6.4
Chennai,icon,2026-09-26T19:00:00,91,28.7,0.0,6.2
Chennai,icon,2026-09-26T20:00:00,92,28.4,0.0,6.1
Chennai,icon,2026-09-26T21:00:00,93,28.1,0.0,5.4
Chennai,icon,2026-09-26T22:00:00,94,27.7,0.0,4.9
Chennai,icon,2026-09-26T23:00:00,95,27.3,0.0,4.0
Chennai,icon,2026-09-27T00:00:00,96,27.3,0.0,3.6
Chennai,icon,2026-09-27T01:00:00,97,27.7,0.0,4.2
Chennai,icon,2026-09-27T02:00:00,98,28.5,0.0,5.5
Chennai,icon,2026-09-27T03:00:00,99,29.7,0.0,5.9
Chennai,icon,2026-09-27T04:00:00,100,31.6,0.0,5.4
Chennai,icon,2026-09-27T05:00:00,101,34.0,0.0,5.7
Chennai,icon,2026-09-27T06:00:00,102,35.7,0.0,5.8
Chennai,icon,2026-09-27T07:00:00,103,36.3,0.0,5.1
Chennai,icon,2026-09-27T08:00:00,104,36.2,0.0,6.4
Chennai,icon,2026-09-27T09:00:00,105,35.8,0.0,8.2
Chennai,icon,2026-09-27T10:00:00,106,34.9,0.0,8.8
Chennai,icon,2026-09-27T11:00:00,107,33.6,0.0,8.3
Chennai,icon,2026-09-27T12:00:00,108,32.5,0.0,8.0
Chennai,icon,2026-09-27T13:00:00,109,31.5,0.0,7.4
Chennai,icon,2026-09-27T14:00:00,110,30.7,0.0,6.4
Chennai,icon,2026-09-27T15:00:00,111,30.0,0.0,5.7
Chennai,icon,2026-09-27T16:00:00,112,29.6,0.0,4.7
Chennai,icon,2026-09-27T17:00:00,113,29.3,0.0,3.6
Chennai,icon,2026-09-27T18:00:00,114,29.1,0.0,3.0
Chennai,icon,2026-09-27T19:00:00,115,28.9,0.0,2.5
Chennai,icon,2026-09-27T20:00:00,116,28.6,0.0,2.5
Chennai,icon,2026-09-27T21:00:00,117,28.3,0.0,3.3
Chennai,icon,2026-09-27T22:00:00,118,27.9,0.0,4.0
Chennai,icon,2026-09-27T23:00:00,119,27.6,0.0,4.8
Chennai,icon,2026-09-28T00:00:00,120,27.5,0.0,5.4
Chennai,icon,2026-09-28T01:00:00,121,27.9,0.0,5.8
Chennai,icon,2026-09-28T02:00:00,122,28.7,0.0,5.8
Chennai,icon,2026-09-28T03:00:00,123,29.8,0.0,6.0
Chennai,icon,2026-09-28T04:00:00,124,31.5,0.0,6.6
Chennai,icon,2026-09-28T05:00:00,125,33.6,0.0,7.0
Chennai,icon,2026-09-28T06:00:00,126,35.2,0.0,6.9
Chennai,icon,2026-09-28T07:00:00,127,36.1,0.0,5.6
Chennai,icon,2026-09-28T08:00:00,128,36.6,0.0,4.1
Chennai,icon,2026-09-28T09:00:00,129,36.5,0.0,3.9
Chennai,icon,2026-09-28T10:00:00,130,35.6,0.0,5.1
Chennai,icon,2026-09-28T11:00:00,131,34.1,0.0,6.2
Chennai,icon,2026-09-28T12:00:00,132,32.8,0.0,7.1
Chennai,icon,2026-09-28T13:00:00,133,31.7,0.0,6.8
Chennai,icon,2026-09-28T14:00:00,134,30.8,0.0,6.1
Chennai,icon,2026-09-28T15:00:00,135,30.1,0.0,5.6
Chennai,icon,2026-09-28T16:00:00,136,29.7,0.0,5.6
Chennai,icon,2026-09-28T17:00:00,137,29.5,0.0,5.5
Chennai,icon,2026-09-28T18:00:00,138,29.4,0.0,5.8
Chennai,icon,2026-09-28T19:00:00,139,29.1,0.0,5.2
Chennai,icon,2026-09-28T20:00:00,140,28.8,0.0,4.3
Chennai,icon,2026-09-28T21:00:00,141,28.6,0.0,3.8
Chennai,icon,2026-09-28T22:00:00,142,28.3,0.0,3.3
Chennai,icon,2026-09-28T23:00:00,143,28.0,0.0,3.1
Delhi,icon,2026-09-23T00:00:00,0,26.1,0.0,1.5
Delhi,icon,2026-09-23T01:00:00,1,25.9,0.0,1.5
Delhi,icon,2026-09-23T02:00:00,2,26.3,0.0,1.0
Delhi,icon,2026-09-23T03:00:00,3,27.9,0.0,1.5
Delhi,icon,2026-09-23T04:00:00,4,29.8,0.0,1.3
Delhi,icon,2026-09-23T05:00:00,5,31.7,0.0,1.1
Delhi,icon,2026-09-23T06:00:00,6,33.6,0.0,2.2
Delhi,icon,2026-09-23T07:00:00,7,34.5,0.0,4.0
Delhi,icon,2026-09-23T08:00:00,8,35.1,0.0,4.9
Delhi,icon,2026-09-23T09:00:00,9,35.3,0.0,5.6
Delhi,icon,2026-09-23T10:00:00,10,35.2,0.0,6.4
Delhi,icon,2026-09-23T11:00:00,11,34.7,0.0,6.9
Delhi,icon,2026-09-23T12:00:00,12,33.6,0.0,5.0
Delhi,icon,2026-09-23T13:00:00,13,31.9,0.0,3.2
Delhi,icon,2026-09-23T14:00:00,14,30.9,0.0,2.5
Delhi,icon,2026-09-23T15:00:00,15,30.2,0.0,2.3
Delhi,icon,2026-09-23T16:00:00,16,29.5,0.0,2.9
Delhi,icon,2026-09-23T17:00:00,17,28.8,0.0,3.3
Delhi,icon,2026-09-23T18:00:00,18,28.2,0.0,3.7
Delhi,icon,2026-09-23T19:00:00,19,27.7,0.0,3.8
Delhi,icon,2026-09-23T20:00:00,20,27.1,0.0,3.7
Delhi,icon,2026-09-23T21:00:00,21,26.7,0.0,5.1
Delhi,icon,2026-09-23T22:00:00,22,26.4,0.0,6.4
Delhi,icon,2026-09-23T23:00:00,23,26.1,0.0,6.3
Delhi,icon,2026-09-24T00:00:00,24,26.1,0.0,6.3
Delhi,icon,2026-09-24T01:00:00,25,26.1,0.0,7.1
Delhi,icon,2026-09-24T02:00:00,26,26.6,0.0,8.4
Delhi,icon,2026-09-24T03:00:00,27,27.4,0.0,8.9
Delhi,icon,2026-09-24T04:00:00,28,29.0,0.0,8.7
Delhi,icon,2026-09-24T05:00:00,29,30.4,0.0,8.4
Delhi,icon,2026-09-24T06:00:00,30,31.7,0.0,7.9
Delhi,icon,2026-09-24T07:00:00,31,32.5,0.0,7.8
Delhi,icon,2026-09-24T08:00:00,32,32.9,0.0,7.6
Delhi,icon,2026-09-24T09:00:00,33,33.3,0.0,7.2
Delhi,icon,2026-09-24T10:00:00,34,33.3,0.0,7.2
Delhi,icon,2026-09-24T11:00:00,35,33.1,0.0,7.6
Delhi,icon,2026-09-24T12:00:00,36,32.1,0.0,8.8
Delhi,icon,2026-09-24T13:00:00,37,30.5,0.0,8.4
Delhi,icon,2026-09-24T14:00:00,38,29.5,0.0,6.0
Delhi,icon,2026-09-24T15:00:00,39,28.9,0.0,5.5
Delhi,icon,2026-09-24T16:00:00,40,28.2,0.0,7.6
Delhi,icon,2026-09-24T17:00:00,41,27.5,0.0,8.6
Delhi,icon,2026-09-24T18:00:00,42,26.9,0.0,7.5
Delhi,icon,2026-09-24T19:00:00,43,26.5,0.0,7.9
Delhi,icon,2026-09-24T20:00:00,44,26.0,0.0,8.6
Delhi,icon,2026-09-24T21:00:00,45,25.5,0.0,8.1
Delhi,icon,2026-09-24T22:00:00,46,25.1,0.0,6.4
Delhi,icon,2026-09-24T23:00:00,47,24.8,0.0,6.3
Delhi,icon,2026-09-25T00:00:00,48,24.6,0.0,6.0
Delhi,icon,2026-09-25T01:00:00,49,24.4,0.0,5.2
Delhi,icon,2026-09-25T02:00:00,50,24.8,0.0,5.5
Delhi,icon,2026-09-25T03:00:00,51,25.9,0.0,8.2
Delhi,icon,2026-09-25T04:00:00,52,27.2,0.0,10.8
Delhi,icon,2026-09-25T05:00:00,53,28.4,0.0,10.1
Delhi,icon,2026-09-25T06:00:00,54,29.5,0.0,7.9
Delhi,icon,2026-09-25T07:00:00,55,30.5,0.0,6.1
Delhi,icon,2026-09-25T08:00:00,56,31.1,0.0,5.8
Delhi,icon,2026-09-25T09:00:00,57,31.5,0.0,4.8
Delhi,icon,2026-09-25T10:00:00,58,31.6,0.0,4.7
Delhi,icon,2026-09-25T11:00:00,59,31.3,0.0,4.6
Delhi,icon,2026-09-25T12:00:00,60,30.8,0.0,5.2
Delhi,icon,2026-09-25T13:00:00,61,29.7,0.0,5.7
Delhi,icon,2026-09-25T14:00:00,62,28.1,0.0,13.0
Delhi,icon,2026-09-25T15:00:00,63,26.6,0.0,10.0
Delhi,icon,2026-09-25T16:00:00,64,26.0,0.0,7.3
Delhi,icon,2026-09-25T17:00:00,65,25.5,0.0,5.9
Delhi,icon,2026-09-25T18:00:00,66,25.0,0.0,5.8
Delhi,icon,2026-09-25T19:00:00,67,24.5,0.0,6.6
Delhi,icon,2026-09-25T20:00:00,68,24.1,0.0,6.1
Delhi,icon,2026-09-25T21:00:00,69,23.8,0.0,3.3
Delhi,icon,2026-09-25T22:00:00,70,23.6,0.0,4.0
Delhi,icon,2026-09-25T23:00:00,71,23.4,0.0,3.0
Delhi,icon,2026-09-26T00:00:00,72,23.2,0.0,1.8
Delhi,icon,2026-09-26T01:00:00,73,23.2,0.0,1.1
Delhi,icon,2026-09-26T02:00:00,74,23.4,0.0,2.6
Delhi,icon,2026-09-26T03:00:00,75,23.9,0.0,3.1
Delhi,icon,2026-09-26T04:00:00,76,24.6,0.0,6.0
Delhi,icon,2026-09-26T05:00:00,77,25.4,0.0,6.8
Delhi,icon,2026-09-26T06:00:00,78,26.4,0.0,7.4
Delhi,icon,2026-09-26T07:00:00,79,28.0,0.0,8.4
Delhi,icon,2026-09-26T08:00:00,80,29.3,0.0,8.0
Delhi,icon,2026-09-26T09:00:00,81,30.3,0.0,8.0
Delhi,icon,2026-09-26T10:00:00,82,30.8,0.0,8.3
Delhi,icon,2026-09-26T11:00:00,83,30.8,0.0,5.4
Delhi,icon,2026-09-26T12:00:00,84,30.1,0.0,5.6
Delhi,icon,2026-09-26T13:00:00,85,28.1,0.0,8.1
Delhi,icon,2026-09-26T14:00:00,86,26.6,0.0,8.3
Delhi,icon,2026-09-26T15:00:00,87,26.0,0.0,7.1
Delhi,icon,2026-09-26T16:00:00,88,25.6,0.0,6.1
Delhi,icon,2026-09-26T17:00:00,89,25.2,0.0,7.1
Delhi,icon,2026-09-26T18:00:00,90,24.5,0.0,6.9
Delhi,icon,2026-09-26T19:00:00,91,24.1,0.0,6.9
Delhi,icon,2026-09-26T20:00:00,92,23.7,0.0,6.9
Delhi,icon,2026-09-26T21:00:00,93,23.4,0.0,6.6
Delhi,icon,2026-09-26T22:00:00,94,23.0,0.0,6.1
Delhi,icon,2026-09-26T23:00:00,95,22.8,0.0,5.1
Delhi,icon,2026-09-27T00:00:00,96,22.7,0.0,4.7
Delhi,icon,2026-09-27T01:00:00,97,22.8,0.0,4.9
Delhi,icon,2026-09-27T02:00:00,98,23.0,0.0,5.4
Delhi,icon,2026-09-27T03:00:00,99,23.8,0.0,5.9
Delhi,icon,2026-09-27T04:00:00,100,25.3,0.0,6.2
Delhi,icon,2026-09-27T05:00:00,101,27.4,0.0,6.6
Delhi,icon,2026-09-27T06:00:00,102,29.1,0.0,6.6
Delhi,icon,2026-09-27T07:00:00,103,30.3,0.0,6.6
Delhi,icon,2026-09-27T08:00:00,104,31.2,0.0,6.5
Delhi,icon,2026-09-27T09:00:00,105,31.6,0.0,7.0
Delhi,icon,2026-09-27T10:00:00,106,31.4,0.0,8.4
Delhi,icon,2026-09-27T11:00:00,107,30.7,0.0,10.1
Delhi,icon,2026-09-27T12:00:00,108,29.8,0.0,11.2
Delhi,icon,2026-09-27T13:00:00,109,28.5,0.0,11.2
Delhi,icon,2026-09-27T14:00:00,110,27.0,0.0,10.5
Delhi,icon,2026-09-27T15:00:00,111,25.7,0.0,9.6
Delhi,icon,2026-09-27T16:00:00,112,24.8,0.0,8.8
Delhi,icon,2026-09-27T17:00:00,113,24.0,0.0,8.0
Delhi,icon,2026-09-27T18:00:00,114,23.5,0.0,7.3
Delhi,icon,2026-09-27T19:00:00,115,23.1,0.0,6.3
Delhi,icon,2026-09-27T20:00:00,116,22.8,0.0,5.5
Delhi,icon,2026-09-27T21:00:00,117,22.6,0.0,4.8
Delhi,icon,2026-09-27T22:00:00,118,22.3,0.0,5.1
Delhi,icon,2026-09-27T23:00:00,119,22.0,0.0,5.5
Delhi,icon,2026-09-28T00:00:00,120,22.0,0.0,5.9
Delhi,icon,2026-09-28T01:00:00,121,22.3,0.0,6.2
Delhi,icon,2026-09-28T02:00:00,122,22.9,0.0,6.6
Delhi,icon,2026-09-28T03:00:00,123,23.8,0.0,6.6
Delhi,icon,2026-09-28T04:00:00,124,25.3,0.0,6.8
Delhi,icon,2026-09-28T05:00:00,125,27.2,0.0,6.8
Delhi,icon,2026-09-28T06:00:00,126,28.8,0.0,6.3
Delhi,icon,2026-09-28T07:00:00,127,29.9,0.0,4.3
Delhi,icon,2026-09-28T08:00:00,128,30.8,0.0,4.3
Delhi,icon,2026-09-28T09:00:00,129,31.3,0.0,5.7
Delhi,icon,2026-09-28T10:00:00,130,31.3,0.0,5.7
Delhi,icon,2026-09-28T11:00:00,131,30.9,0.0,5.3
Delhi,icon,2026-09-28T12:00:00,132,30.3,0.0,4.8
Delhi,icon,2026-09-28T13:00:00,133,29.4,0.0,4.1
Delhi,icon,2026-09-28T14:00:00,134,28.3,0.0,3.5
Delhi,icon,2026-09-28T15:00:00,135,27.4,0.0,2.9
Delhi,icon,2026-09-28T16:00:00,136,26.7,0.0,2.6
Delhi,icon,2026-09-28T17:00:00,137,26.1,0.0,2.6
Delhi,icon,2026-09-28T18:00:00,138,25.6,0.0,2.8
Delhi,icon,2026-09-28T19:00:00,139,25.2,0.0,2.9
Delhi,icon,2026-09-28T20:00:00,140,24.9,0.0,3.2
Delhi,icon,2026-09-28T21:00:00,141,24.6,0.0,3.0
Delhi,icon,2026-09-28T22:00:00,142,24.4,0.0,2.5
Delhi,icon,2026-09-28T23:00:00,143,24.2,0.0,2.5
Guwahati,icon,2026-09-23T00:00:00,0,25.9,0.0,3.9
Guwahati,icon,2026-09-23T01:00:00,1,26.1,0.0,3.8
Guwahati,icon,2026-09-23T02:00:00,2,26.6,0.0,6.0
Guwahati,icon,2026-09-23T03:00:00,3,26.9,0.0,7.9
Guwahati,icon,2026-09-23T04:00:00,4,27.5,0.0,9.2
Guwahati,icon,2026-09-23T05:00:00,5,27.7,0.0,9.1
Guwahati,icon,2026-09-23T06:00:00,6,27.4,0.0,7.0
Guwahati,icon,2026-09-23T07:00:00,7,28.1,0.0,7.9
Guwahati,icon,2026-09-23T08:00:00,8,29.1,0.0,10.3
Guwahati,icon,2026-09-23T09:00:00,9,29.3,0.0,11.8
Guwahati,icon,2026-09-23T10:00:00,10,28.9,0.0,11.0
Guwahati,icon,2026-09-23T11:00:00,11,28.5,0.0,8.2
Guwahati,icon,2026-09-23T12:00:00,12,28.2,0.0,5.2
Guwahati,icon,2026-09-23T13:00:00,13,27.7,0.0,3.9
Guwahati,icon,2026-09-23T14:00:00,14,27.4,0.0,3.5
Guwahati,icon,2026-09-23T15:00:00,15,27.1,0.0,3.4
Guwahati,icon,2026-09-23T16:00:00,16,26.8,0.0,3.0
Guwahati,icon,2026-09-23T17:00:00,17,26.6,0.0,3.2
Guwahati,icon,2026-09-23T18:00:00,18,26.5,0.0,3.3
Guwahati,icon,2026-09-23T19:00:00,19,26.5,0.0,3.0
Guwahati,icon,2026-09-23T20:00:00,20,26.4,0.0,3.2
Guwahati,icon,2026-09-23T21:00:00,21,26.3,0.0,3.3
Guwahati,icon,2026-09-23T22:00:00,22,26.2,0.0,4.3
Guwahati,icon,2026-09-23T23:00:00,23,26.3,0.0,4.0
Guwahati,icon,2026-09-24T00:00:00,24,26.2,0.0,4.3
Guwahati,icon,2026-09-24T01:00:00,25,27.0,0.0,5.0
Guwahati,icon,2026-09-24T02:00:00,26,28.2,0.0,6.6
Guwahati,icon,2026-09-24T03:00:00,27,29.7,0.0,7.4
Guwahati,icon,2026-09-24T04:00:00,28,31.3,0.0,11.5
Guwahati,icon,2026-09-24T05:00:00,29,32.7,0.0,13.8
Guwahati,icon,2026-09-24T06:00:00,30,33.2,0.0,14.0
Guwahati,icon,2026-09-24T07:00:00,31,33.3,0.0,13.0
Guwahati,icon,2026-09-24T08:00:00,32,33.6,0.0,11.5
Guwahati,icon,2026-09-24T09:00:00,33,33.6,0.0,9.8
Guwahati,icon,2026-09-24T10:00:00,34,33.2,0.0,6.3
Guwahati,icon,2026-09-24T11:00:00,35,32.0,0.2,2.3
Guwahati,icon,2026-09-24T12:00:00,36,30.0,0.8,4.0
Guwahati,icon,2026-09-24T13:00:00,37,29.4,0.6,2.9
Guwahati,icon,2026-09-24T14:00:00,38,29.1,0.0,2.2
Guwahati,icon,2026-09-24T15:00:00,39,28.7,0.0,2.4
Guwahati,icon,2026-09-24T16:00:00,40,28.3,0.0,2.3
Guwahati,icon,2026-09-24T17:00:00,41,27.9,0.0,2.4
Guwahati,icon,2026-09-24T18:00:00,42,27.5,0.0,2.6
Guwahati,icon,2026-09-24T19:00:00,43,27.2,0.0,2.9
Guwahati,icon,2026-09-24T20:00:00,44,26.8,0.9,3.2
Guwahati,icon,2026-09-24T21:00:00,45,26.7,2.6,5.2
Guwahati,icon,2026-09-24T22:00:00,46,26.3,1.2,4.6
Guwahati,icon,2026-09-24T23:00:00,47,26.0,0.0,3.6
Guwahati,icon,2026-09-25T00:00:00,48,25.9,0.0,2.3
Guwahati,icon,2026-09-25T01:00:00,49,26.4,1.3,2.9
Guwahati,icon,2026-09-25T02:00:00,50,27.5,0.0,1.1
Guwahati,icon,2026-09-25T03:00:00,51,28.6,0.0,2.9
Guwahati,icon,2026-09-25T04:00:00,52,29.8,0.0,4.0
Guwahati,icon,2026-09-25T05:00:00,53,31.1,0.0,5.4
Guwahati,icon,2026-09-25T06:00:00,54,32.3,0.0,8.7
Guwahati,icon,2026-09-25T07:00:00,55,32.8,0.0,9.4
Guwahati,icon,2026-09-25T08:00:00,56,32.8,0.0,9.0
Guwahati,icon,2026-09-25T09:00:00,57,32.1,0.1,7.1
Guwahati,icon,2026-09-25T10:00:00,58,31.2,0.5,2.6
Guwahati,icon,2026-09-25T11:00:00,59,30.5,0.3,3.3
Guwahati,icon,2026-09-25T12:00:00,60,29.4,0.8,3.6
Guwahati,icon,2026-09-25T13:00:00,61,28.6,1.7,3.3
Guwahati,icon,2026-09-25T14:00:00,62,28.2,0.0,3.7
Guwahati,icon,2026-09-25T15:00:00,63,27.9,0.0,3.1
Guwahati,icon,2026-09-25T16:00:00,64,27.7,0.0,2.3
Guwahati,icon,2026-09-25T17:00:00,65,27.4,0.0,2.2
Guwahati,icon,2026-09-25T18:00:00,66,27.2,0.0,2.2
Guwahati,icon,2026-09-25T19:00:00,67,27.0,0.0,1.8
Guwahati,icon,2026-09-25T20:00:00,68,26.9,0.0,1.5
Guwahati,icon,2026-09-25T21:00:00,69,26.8,0.0,2.3
Guwahati,icon,2026-09-25T22:00:00,70,26.7,0.0,2.4
Guwahati,icon,2026-09-25T23:00:00,71,26.5,0.0,2.4
Guwahati,icon,2026-09-26T00:00:00,72,26.5,0.0,1.9
Guwahati,icon,2026-09-26T01:00:00,73,27.2,0.0,1.1
Guwahati,icon,2026-09-26T02:00:00,74,28.6,0.0,1.1
Guwahati,icon,2026-09-26T03:00:00,75,29.2,0.6,2.2
Guwahati,icon,2026-09-26T04:00:00,76,29.6,0.5,2.2
Guwahati,icon,2026-09-26T05:00:00,77,30.7,0.4,2.1
Guwahati,icon,2026-09-26T06:00:00,78,31.4,0.2,4.1
Guwahati,icon,2026-09-26T07:00:00,79,31.5,0.7,5.0
Guwahati,icon,2026-09-26T08:00:00,80,31.6,1.0,4.2
Guwahati,icon,2026-09-26T09:00:00,81,31.6,0.3,4.3
Guwahati,icon,2026-09-26T10:00:00,82,31.2,0.3,5.1
Guwahati,icon,2026-09-26T11:00:00,83,30.3,0.6,5.2
Guwahati,icon,2026-09-26T12:00:00,84,29.4,0.3,4.3
Guwahati,icon,2026-09-26T13:00:00,85,28.8,0.0,3.3
Guwahati,icon,2026-09-26T14:00:00,86,28.4,0.0,3.1
Guwahati,icon,2026-09-26T15:00:00,87,28.2,0.0,2.7
Guwahati,icon,2026-09-26T16:00:00,88,27.9,0.0,2.5
Guwahati,icon,2026-09-26T17:00:00,89,27.6,0.0,2.6
Guwahati,icon,2026-09-26T18:00:00,90,27.4,0.0,2.7
Guwahati,icon,2026-09-26T19:00:00,91,27.2,1.3,3.0
Guwahati,icon,2026-09-26T20:00:00,92,27.0,1.3,3.0
Guwahati,icon,2026-09-26T21:00:00,93,26.9,1.3,3.3
Guwahati,icon,2026-09-26T22:00:00,94,26.6,0.1,3.2
Guwahati,icon,2026-09-26T23:00:00,95,26.4,0.1,3.6
Guwahati,icon,2026-09-27T00:00:00,96,26.6,0.1,3.3
Guwahati,icon,2026-09-27T01:00:00,97,27.5,0.1,3.1
Guwahati,icon,2026-09-27T02:00:00,98,28.7,0.1,3.7
Guwahati,icon,2026-09-27T03:00:00,99,29.8,0.1,5.1
Guwahati,icon,2026-09-27T04:00:00,100,30.6,0.1,6.1
Guwahati,icon,2026-09-27T05:00:00,101,31.1,0.1,7.3
Guwahati,icon,2026-09-27T06:00:00,102,31.6,0.1,8.6
Guwahati,icon,2026-09-27T07:00:00,103,32.0,0.0,9.5
Guwahati,icon,2026-09-27T08:00:00,104,32.3,0.0,10.1
Guwahati,icon,2026-09-27T09:00:00,105,32.2,0.0,10.1
Guwahati,icon,2026-09-27T10:00:00,106,31.6,0.1,8.7
Guwahati,icon,2026-09-27T11:00:00,107,30.6,0.1,6.4
Guwahati,icon,2026-09-27T12:00:00,108,29.7,0.1,4.9
Guwahati,icon,2026-09-27T13:00:00,109,29.1,0.0,4.1
Guwahati,icon,2026-09-27T14:00:00,110,28.6,0.0,3.7
Guwahati,icon,2026-09-27T15:00:00,111,28.2,0.0,3.4
Guwahati,icon,2026-09-27T16:00:00,112,28.0,0.0,3.1
Guwahati,icon,2026-09-27T17:00:00,113,27.8,0.0,3.2
Guwahati,icon,2026-09-27T18:00:00,114,27.7,0.0,3.1
Guwahati,icon,2026-09-27T19:00:00,115,27.5,0.5,3.1
Guwahati,icon,2026-09-27T20:00:00,116,27.3,0.5,3.1
Guwahati,icon,2026-09-27T21:00:00,117,27.2,0.5,3.1
Guwahati,icon,2026-09-27T22:00:00,118,27.0,0.0,2.9
Guwahati,icon,2026-09-27T23:00:00,119,26.8,0.0,2.7
Guwahati,icon,2026-09-28T00:00:00,120,27.0,0.0,2.7
Guwahati,icon,2026-09-28T01:00:00,121,27.7,0.0,3.1
Guwahati,icon,2026-09-28T02:00:00,122,28.9,0.0,4.3
Guwahati,icon,2026-09-28T03:00:00,123,29.9,0.0,5.9
Guwahati,icon,2026-09-28T04:00:00,124,30.8,0.0,6.8
Guwahati,icon,2026-09-28T05:00:00,125,31.6,0.0,8.0
Guwahati,icon,2026-09-28T06:00:00,126,32.3,0.0,8.8
Guwahati,icon,2026-09-28T07:00:00,127,32.8,0.0,9.9
Guwahati,icon,2026-09-28T08:00:00,128,33.1,0.0,10.5
Guwahati,icon,2026-09-28T09:00:00,129,33.0,0.0,10.5
Guwahati,icon,2026-09-28T10:00:00,130,32.3,0.0,8.3
Guwahati,icon,2026-09-28T11:00:00,131,31.1,0.0,5.5
Guwahati,icon,2026-09-28T12:00:00,132,30.1,0.0,3.6
Guwahati,icon,2026-09-28T13:00:00,133,29.5,0.0,3.4
Guwahati,icon,2026-09-28T14:00:00,134,29.0,0.0,3.7
Guwahati,icon,2026-09-28T15:00:00,135,28.6,0.0,3.5
Guwahati,icon,2026-09-28T16:00:00,136,28.3,0.0,3.3
Guwahati,icon,2026-09-28T17:00:00,137,27.9,0.0,2.9
Guwahati,icon,2026-09-28T18:00:00,138,27.7,0.0,2.9
Guwahati,icon,2026-09-28T19:00:00,139,27.4,0.0,2.9
Guwahati,icon,2026-09-28T20:00:00,140,27.2,0.0,2.5
Guwahati,icon,2026-09-28T21:00:00,141,27.1,0.0,2.5
Guwahati,icon,2026-09-28T22:00:00,142,26.8,0.0,2.5
Guwahati,icon,2026-09-28T23:00:00,143,26.6,0.0,3.0
Jaipur,icon,2026-09-23T00:00:00,0,26.2,0.0,2.6
Jaipur,icon,2026-09-23T01:00:00,1,26.2,0.0,1.5
Jaipur,icon,2026-09-23T02:00:00,2,27.0,0.0,1.6
Jaipur,icon,2026-09-23T03:00:00,3,28.8,0.0,0.5
Jaipur,icon,2026-09-23T04:00:00,4,30.6,0.0,4.2
Jaipur,icon,2026-09-23T05:00:00,5,32.2,0.0,5.5
Jaipur,icon,2026-09-23T06:00:00,6,34.1,0.0,3.3
Jaipur,icon,2026-09-23T07:00:00,7,35.3,0.0,2.6
Jaipur,icon,2026-09-23T08:00:00,8,36.4,0.0,2.1
Jaipur,icon,2026-09-23T09:00:00,9,37.0,0.0,1.3
Jaipur,icon,2026-09-23T10:00:00,10,37.0,0.0,0.7
Jaipur,icon,2026-09-23T11:00:00,11,36.7,0.0,0.4
Jaipur,icon,2026-09-23T12:00:00,12,36.1,0.0,1.8
Jaipur,icon,2026-09-23T13:00:00,13,34.3,0.0,2.0
Jaipur,icon,2026-09-23T14:00:00,14,31.9,0.0,4.1
Jaipur,icon,2026-09-23T15:00:00,15,30.4,0.0,5.4
Jaipur,icon,2026-09-23T16:00:00,16,29.8,0.0,4.6
Jaipur,icon,2026-09-23T17:00:00,17,29.4,0.0,5.5
Jaipur,icon,2026-09-23T18:00:00,18,29.0,0.0,4.7
Jaipur,icon,2026-09-23T19:00:00,19,28.7,0.0,4.3
Jaipur,icon,2026-09-23T20:00:00,20,28.2,0.0,5.1
Jaipur,icon,2026-09-23T21:00:00,21,27.7,0.0,5.1
Jaipur,icon,2026-09-23T22:00:00,22,27.4,0.0,5.1
Jaipur,icon,2026-09-23T23:00:00,23,27.0,0.0,4.9
Jaipur,icon,2026-09-24T00:00:00,24,26.6,0.0,3.7
Jaipur,icon,2026-09-24T01:00:00,25,26.2,0.0,3.6
Jaipur,icon,2026-09-24T02:00:00,26,26.7,0.0,4.7
Jaipur,icon,2026-09-24T03:00:00,27,28.2,0.0,8.9
Jaipur,icon,2026-09-24T04:00:00,28,29.5,0.0,10.7
Jaipur,icon,2026-09-24T05:00:00,29,30.9,0.0,11.8
Jaipur,icon,2026-09-24T06:00:00,30,32.1,0.0,11.4
Jaipur,icon,2026-09-24T07:00:00,31,32.9,0.0,10.0
Jaipur,icon,2026-09-24T08:00:00,32,33.6,0.0,9.4
Jaipur,icon,2026-09-24T09:00:00,33,33.9,0.0,9.4
Jaipur,icon,2026-09-24T10:00:00,34,33.7,0.0,9.6
Jaipur,icon,2026-09-24T11:00:00,35,33.2,0.0,9.5
Jaipur,icon,2026-09-24T12:00:00,36,32.3,0.0,9.2
Jaipur,icon,2026-09-24T13:00:00,37,31.0,0.0,7.3
Jaipur,icon,2026-09-24T14:00:00,38,29.5,0.0,6.9
Jaipur,icon,2026-09-24T15:00:00,39,28.4,0.0,6.9
Jaipur,icon,2026-09-24T16:00:00,40,27.9,0.0,9.0
Jaipur,icon,2026-09-24T17:00:00,41,27.1,0.0,11.9
Jaipur,icon,2026-09-24T18:00:00,42,26.3,0.0,11.2
Jaipur,icon,2026-09-24T19:00:00,43,25.6,0.0,11.2
Jaipur,icon,2026-09-24T20:00:00,44,25.2,0.0,11.2
Jaipur,icon,2026-09-24T21:00:00,45,24.8,0.0,10.4
Jaipur,icon,2026-09-24T22:00:00,46,24.5,0.0,11.5
Jaipur,icon,2026-09-24T23:00:00,47,24.3,0.0,10.1
Jaipur,icon,2026-09-25T00:00:00,48,24.1,0.0,9.4
Jaipur,icon,2026-09-25T01:00:00,49,23.9,0.0,7.2
Jaipur,icon,2026-09-25T02:00:00,50,24.2,0.0,6.6
Jaipur,icon,2026-09-25T03:00:00,51,25.2,0.0,9.5
Jaipur,icon,2026-09-25T04:00:00,52,26.6,0.0,10.3
Jaipur,icon,2026-09-25T05:00:00,53,28.0,0.0,11.6
Jaipur,icon,2026-09-25T06:00:00,54,29.3,0.0,12.4
Jaipur,icon,2026-09-25T07:00:00,55,30.5,0.0,13.3
Jaipur,icon,2026-09-25T08:00:00,56,31.5,0.0,13.7
Jaipur,icon,2026-09-25T09:00:00,57,31.9,0.0,15.5
Jaipur,icon,2026-09-25T10:00:00,58,31.2,0.0,17.0
Jaipur,icon,2026-09-25T11:00:00,59,30.3,0.0,15.8
Jaipur,icon,2026-09-25T12:00:00,60,29.2,0.0,14.1
Jaipur,icon,2026-09-25T13:00:00,61,27.7,0.0,12.3
Jaipur,icon,2026-09-25T14:00:00,62,26.7,0.0,11.2
Jaipur,icon,2026-09-25T15:00:00,63,25.9,0.0,11.2
Jaipur,icon,2026-09-25T16:00:00,64,25.2,0.0,11.5
Jaipur,icon,2026-09-25T17:00:00,65,24.7,0.0,10.2
Jaipur,icon,2026-09-25T18:00:00,66,24.0,0.0,9.3
Jaipur,icon,2026-09-25T19:00:00,67,23.4,0.0,10.6
Jaipur,icon,2026-09-25T20:00:00,68,22.9,0.0,11.2
Jaipur,icon,2026-09-25T21:00:00,69,22.5,0.0,8.8
Jaipur,icon,2026-09-25T22:00:00,70,22.3,0.0,8.0
Jaipur,icon,2026-09-25T23:00:00,71,22.1,0.0,6.3
Jaipur,icon,2026-09-26T00:00:00,72,21.9,0.0,3.7
Jaipur,icon,2026-09-26T01:00:00,73,21.7,0.0,1.8
Jaipur,icon,2026-09-26T02:00:00,74,22.3,0.0,1.3
Jaipur,icon,2026-09-26T03:00:00,75,24.0,0.0,1.6
Jaipur,icon,2026-09-26T04:00:00,76,25.8,0.0,3.7
Jaipur,icon,2026-09-26T05:00:00,77,27.7,0.0,1.8
Jaipur,icon,2026-09-26T06:00:00,78,29.7,0.0,2.1
Jaipur,icon,2026-09-26T07:00:00,79,31.2,0.0,3.6
Jaipur,icon,2026-09-26T08:00:00,80,32.2,0.0,7.7
Jaipur,icon,2026-09-26T09:00:00,81,32.7,0.0,9.1
Jaipur,icon,2026-09-26T10:00:00,82,32.8,0.0,10.6
Jaipur,icon,2026-09-26T11:00:00,83,32.7,0.0,10.1
Jaipur,icon,2026-09-26T12:00:00,84,32.2,0.0,7.0
Jaipur,icon,2026-09-26T13:00:00,85,30.8,0.0,2.5
Jaipur,icon,2026-09-26T14:00:00,86,29.3,0.0,2.5
Jaipur,icon,2026-09-26T15:00:00,87,27.7,0.0,4.2
Jaipur,icon,2026-09-26T16:00:00,88,26.9,0.0,4.6
Jaipur,icon,2026-09-26T17:00:00,89,26.6,0.0,3.1
Jaipur,icon,2026-09-26T18:00:00,90,26.3,0.0,3.3
Jaipur,icon,2026-09-26T19:00:00,91,25.9,0.0,3.8
Jaipur,icon,2026-09-26T20:00:00,92,25.6,0.0,5.1
Jaipur,icon,2026-09-26T21:00:00,93,25.3,0.0,6.3
Jaipur,icon,2026-09-26T22:00:00,94,25.0,0.0,5.9
Jaipur,icon,2026-09-26T23:00:00,95,24.7,0.0,5.2
Jaipur,icon,2026-09-27T00:00:00,96,24.6,0.0,5.1
Jaipur,icon,2026-09-27T01:00:00,97,24.9,0.0,7.2
Jaipur,icon,2026-09-27T02:00:00,98,25.5,0.0,10.1
Jaipur,icon,2026-09-27T03:00:00,99,26.4,0.0,12.3
Jaipur,icon,2026-09-27T04:00:00,100,27.8,0.0,13.0
Jaipur,icon,2026-09-27T05:00:00,101,29.6,0.0,13.4
Jaipur,icon,2026-09-27T06:00:00,102,31.2,0.0,13.0
Jaipur,icon,2026-09-27T07:00:00,103,32.6,0.0,12.6
Jaipur,icon,2026-09-27T08:00:00,104,33.8,0.0,11.9
Jaipur,icon,2026-09-27T09:00:00,105,34.5,0.0,11.2
Jaipur,icon,2026-09-27T10:00:00,106,34.8,0.0,10.2
Jaipur,icon,2026-09-27T11:00:00,107,34.7,0.0,9.6
Jaipur,icon,2026-09-27T12:00:00,108,33.7,0.0,8.0
Jaipur,icon,2026-09-27T13:00:00,109,31.4,1.1,4.7
Jaipur,icon,2026-09-27T14:00:00,110,28.3,1.1,0.5
Jaipur,icon,2026-09-27T15:00:00,111,25.9,1.1,2.7
Jaipur,icon,2026-09-27T16:00:00,112,24.9,0.6,4.1
Jaipur,icon,2026-09-27T17:00:00,113,24.6,0.6,4.0
Jaipur,icon,2026-09-27T18:00:00,114,24.4,0.6,3.6
Jaipur,icon,2026-09-27T19:00:00,115,24.1,0.1,1.8
Jaipur,icon,2026-09-27T20:00:00,116,23.8,0.1,0.8
Jaipur,icon,2026-09-27T21:00:00,117,23.6,0.1,2.6
Jaipur,icon,2026-09-27T22:00:00,118,23.4,0.0,3.3
Jaipur,icon,2026-09-27T23:00:00,119,23.2,0.0,3.4
Jaipur,icon,2026-09-28T00:00:00,120,23.3,0.0,3.7
Jaipur,icon,2026-09-28T01:00:00,121,23.7,0.0,4.7
Jaipur,icon,2026-09-28T02:00:00,122,24.2,0.0,6.6
Jaipur,icon,2026-09-28T03:00:00,123,25.2,0.0,7.8
Jaipur,icon,2026-09-28T04:00:00,124,26.9,0.0,8.5
Jaipur,icon,2026-09-28T05:00:00,125,29.0,0.0,8.8
Jaipur,icon,2026-09-28T06:00:00,126,30.4,0.0,8.0
Jaipur,icon,2026-09-28T07:00:00,127,30.5,0.2,6.3
Jaipur,icon,2026-09-28T08:00:00,128,30.0,0.2,5.6
Jaipur,icon,2026-09-28T09:00:00,129,29.6,0.2,5.9
Jaipur,icon,2026-09-28T10:00:00,130,29.9,0.0,3.4
Jaipur,icon,2026-09-28T11:00:00,131,30.4,0.0,2.3
Jaipur,icon,2026-09-28T12:00:00,132,30.4,0.0,4.8
Jaipur,icon,2026-09-28T13:00:00,133,29.7,0.0,4.6
Jaipur,icon,2026-09-28T14:00:00,134,28.5,0.0,3.1
Jaipur,icon,2026-09-28T15:00:00,135,27.5,0.0,2.5
Jaipur,icon,2026-09-28T16:00:00,136,27.1,0.0,2.3
Jaipur,icon,2026-09-28T17:00:00,137,27.0,0.0,2.0
Jaipur,icon,2026-09-28T18:00:00,138,26.6,0.0,2.3
Jaipur,icon,2026-09-28T19:00:00,139,25.9,0.0,2.9
Jaipur,icon,2026-09-28T20:00:00,140,25.0,0.0,3.9
Jaipur,icon,2026-09-28T21:00:00,141,24.3,0.0,4.5
Jaipur,icon,2026-09-28T22:00:00,142,23.9,0.0,4.4
Jaipur,icon,2026-09-28T23:00:00,143,23.7,0.0,3.8
Kolkata,icon,2026-09-23T00:00:00,0,26.4,1.7,9.1
Kolkata,icon,2026-09-23T01:00:00,1,26.4,1.6,9.4
Kolkata,icon,2026-09-23T02:00:00,2,26.4,1.7,9.1
Kolkata,icon,2026-09-23T03:00:00,3,26.6,1.4,9.8
Kolkata,icon,2026-09-23T04:00:00,4,27.0,0.5,11.1
Kolkata,icon,2026-09-23T05:00:00,5,27.3,0.6,10.0
Kolkata,icon,2026-09-23T06:00:00,6,27.7,1.5,8.0
Kolkata,icon,2026-09-23T07:00:00,7,28.9,0.2,12.8
Kolkata,icon,2026-09-23T08:00:00,8,28.0,1.6,11.5
Kolkata,icon,2026-09-23T09:00:00,9,28.3,0.2,9.3
Kolkata,icon,2026-09-23T10:00:00,10,28.1,2.0,12.1
Kolkata,icon,2026-09-23T11:00:00,11,27.9,0.4,9.3
Kolkata,icon,2026-09-23T12:00:00,12,27.2,1.2,9.3
Kolkata,icon,2026-09-23T13:00:00,13,27.1,1.8,10.0
Kolkata,icon,2026-09-23T14:00:00,14,26.9,1.5,9.9
Kolkata,icon,2026-09-23T15:00:00,15,26.8,1.7,9.4
Kolkata,icon,2026-09-23T16:00:00,16,26.7,1.6,9.4
Kolkata,icon,2026-09-23T17:00:00,17,26.6,0.7,9.0
Kolkata,icon,2026-09-23T18:00:00,18,26.6,0.0,8.7
Kolkata,icon,2026-09-23T19:00:00,19,26.6,0.3,9.0
Kolkata,icon,2026-09-23T20:00:00,20,26.5,0.5,8.6
Kolkata,icon,2026-09-23T21:00:00,21,26.5,0.9,8.6
Kolkata,icon,2026-09-23T22:00:00,22,26.5,1.0,9.4
Kolkata,icon,2026-09-23T23:00:00,23,26.5,1.1,10.1
Kolkata,icon,2026-09-24T00:00:00,24,26.5,0.8,10.4
Kolkata,icon,2026-09-24T01:00:00,25,26.6,1.0,10.5
Kolkata,icon,2026-09-24T02:00:00,26,27.0,0.8,10.6
Kolkata,icon,2026-09-24T03:00:00,27,27.3,1.1,12.4
Kolkata,icon,2026-09-24T04:00:00,28,27.5,1.0,11.1
Kolkata,icon,2026-09-24T05:00:00,29,28.0,1.0,10.7
Kolkata,icon,2026-09-24T06:00:00,30,28.6,0.9,13.6
Kolkata,icon,2026-09-24T07:00:00,31,28.6,0.6,10.9
Kolkata,icon,2026-09-24T08:00:00,32,28.9,0.5,14.0
Kolkata,icon,2026-09-24T09:00:00,33,28.8,0.0,14.2
Kolkata,icon,2026-09-24T10:00:00,34,28.2,0.4,14.6
Kolkata,icon,2026-09-24T11:00:00,35,27.8,0.3,12.5
Kolkata,icon,2026-09-24T12:00:00,36,27.4,0.1,11.1
Kolkata,icon,2026-09-24T13:00:00,37,27.3,0.0,11.0
Kolkata,icon,2026-09-24T14:00:00,38,27.0,0.3,11.5
Kolkata,icon,2026-09-24T15:00:00,39,27.0,0.2,11.2
Kolkata,icon,2026-09-24T16:00:00,40,26.9,0.7,10.5
Kolkata,icon,2026-09-24T17:00:00,41,26.7,1.2,10.6
Kolkata,icon,2026-09-24T18:00:00,42,26.4,1.4,10.3
Kolkata,icon,2026-09-24T19:00:00,43,26.4,1.6,10.0
Kolkata,icon,2026-09-24T20:00:00,44,26.4,1.5,10.1
Kolkata,icon,2026-09-24T21:00:00,45,26.3,1.8,10.2
Kolkata,icon,2026-09-24T22:00:00,46,26.3,1.7,10.5
Kolkata,icon,2026-09-24T23:00:00,47,26.4,1.5,11.3
Kolkata,icon,2026-09-25T00:00:00,48,26.4,1.1,11.5
Kolkata,icon,2026-09-25T01:00:00,49,26.6,0.7,12.4
Kolkata,icon,2026-09-25T02:00:00,50,27.2,0.3,13.2
Kolkata,icon,2026-09-25T03:00:00,51,27.7,0.7,13.7
Kolkata,icon,2026-09-25T04:00:00,52,28.3,0.5,15.6
Kolkata,icon,2026-09-25T05:00:00,53,29.0,0.5,15.3
Kolkata,icon,2026-09-25T06:00:00,54,30.1,0.2,16.9
Kolkata,icon,2026-09-25T07:00:00,55,30.1,0.8,17.1
Kolkata,icon,2026-09-25T08:00:00,56,29.4,1.0,13.8
Kolkata,icon,2026-09-25T09:00:00,57,29.2,0.8,14.5
Kolkata,icon,2026-09-25T10:00:00,58,28.8,1.2,14.1
Kolkata,icon,2026-09-25T11:00:00,59,28.2,1.3,13.3
Kolkata,icon,2026-09-25T12:00:00,60,27.6,0.9,11.7
Kolkata,icon,2026-09-25T13:00:00,61,27.2,0.6,10.5
Kolkata,icon,2026-09-25T14:00:00,62,27.0,1.1,10.4
Kolkata,icon,2026-09-25T15:00:00,63,26.9,1.0,10.5
Kolkata,icon,2026-09-25T16:00:00,64,26.8,1.1,10.8
Kolkata,icon,2026-09-25T17:00:00,65,26.7,1.2,10.7
Kolkata,icon,2026-09-25T18:00:00,66,26.6,1.0,10.8
Kolkata,icon,2026-09-25T19:00:00,67,26.5,1.0,10.4
Kolkata,icon,2026-09-25T20:00:00,68,26.3,0.7,10.5
Kolkata,icon,2026-09-25T21:00:00,69,26.3,0.4,10.0
Kolkata,icon,2026-09-25T22:00:00,70,26.2,0.6,10.3
Kolkata,icon,2026-09-25T23:00:00,71,26.3,0.4,10.8
Kolkata,icon,2026-09-26T00:00:00,72,26.3,0.3,11.0
Kolkata,icon,2026-09-26T01:00:00,73,26.5,0.1,10.7
Kolkata,icon,2026-09-26T02:00:00,74,27.1,0.1,13.5
Kolkata,icon,2026-09-26T03:00:00,75,28.1,0.1,12.3
Kolkata,icon,2026-09-26T04:00:00,76,29.2,0.2,12.8
Kolkata,icon,2026-09-26T05:00:00,77,29.9,0.3,13.6
Kolkata,icon,2026-09-26T06:00:00,78,29.3,1.2,14.0
Kolkata,icon,2026-09-26T07:00:00,79,29.7,0.1,12.9
Kolkata,icon,2026-09-26T08:00:00,80,29.1,0.9,12.0
Kolkata,icon,2026-09-26T09:00:00,81,29.2,0.1,11.7
Kolkata,icon,2026-09-26T10:00:00,82,28.7,1.5,10.9
Kolkata,icon,2026-09-26T11:00:00,83,28.3,0.6,9.1
Kolkata,icon,2026-09-26T12:00:00,84,28.0,0.4,8.7
Kolkata,icon,2026-09-26T13:00:00,85,27.6,0.9,8.1
Kolkata,icon,2026-09-26T14:00:00,86,27.3,0.1,7.7
Kolkata,icon,2026-09-26T15:00:00,87,27.2,0.0,7.0
Kolkata,icon,2026-09-26T16:00:00,88,27.1,0.0,7.0
Kolkata,icon,2026-09-26T17:00:00,89,27.0,0.0,6.7
Kolkata,icon,2026-09-26T18:00:00,90,27.0,0.0,5.9
Kolkata,icon,2026-09-26T19:00:00,91,26.9,0.1,5.6
Kolkata,icon,2026-09-26T20:00:00,92,26.8,0.1,5.4
Kolkata,icon,2026-09-26T21:00:00,93,26.7,0.1,5.1
Kolkata,icon,2026-09-26T22:00:00,94,26.6,0.7,4.8
Kolkata,icon,2026-09-26T23:00:00,95,26.4,0.7,4.6
Kolkata,icon,2026-09-27T00:00:00,96,26.5,0.7,4.6
Kolkata,icon,2026-09-27T01:00:00,97,27.0,0.4,4.9
Kolkata,icon,2026-09-27T02:00:00,98,27.7,0.4,5.8
Kolkata,icon,2026-09-27T03:00:00,99,28.5,0.4,6.1
Kolkata,icon,2026-09-27T04:00:00,100,29.5,0.2,6.1
Kolkata,icon,2026-09-27T05:00:00,101,30.5,0.2,6.1
Kolkata,icon,2026-09-27T06:00:00,102,31.2,0.2,6.1
Kolkata,icon,2026-09-27T07:00:00,103,31.7,0.1,6.3
Kolkata,icon,2026-09-27T08:00:00,104,31.9,0.1,6.5
Kolkata,icon,2026-09-27T09:00:00,105,31.8,0.1,6.2
Kolkata,icon,2026-09-27T10:00:00,106,31.3,0.1,5.7
Kolkata,icon,2026-09-27T11:00:00,107,30.4,0.1,4.7
Kolkata,icon,2026-09-27T12:00:00,108,29.6,0.1,3.9
Kolkata,icon,2026-09-27T13:00:00,109,29.1,0.0,3.4
Kolkata,icon,2026-09-27T14:00:00,110,28.7,0.0,2.6
Kolkata,icon,2026-09-27T15:00:00,111,28.3,0.0,2.4
Kolkata,icon,2026-09-27T16:00:00,112,28.0,0.0,2.6
Kolkata,icon,2026-09-27T17:00:00,113,27.8,0.0,2.9
Kolkata,icon,2026-09-27T18:00:00,114,27.6,0.0,3.3
Kolkata,icon,2026-09-27T19:00:00,115,27.3,0.0,3.3
Kolkata,icon,2026-09-27T20:00:00,116,27.0,0.0,2.5
Kolkata,icon,2026-09-27T21:00:00,117,26.7,0.0,2.2
Kolkata,icon,2026-09-27T22:00:00,118,26.4,0.0,1.5
Kolkata,icon,2026-09-27T23:00:00,119,26.2,0.0,0.8
Kolkata,icon,2026-09-28T00:00:00,120,26.3,0.0,0.4
Kolkata,icon,2026-09-28T01:00:00,121,27.1,0.0,0.4
Kolkata,icon,2026-09-28T02:00:00,122,28.2,0.0,1.3
Kolkata,icon,2026-09-28T03:00:00,123,29.4,0.0,1.6
Kolkata,icon,2026-09-28T04:00:00,124,30.6,0.0,0.8
Kolkata,icon,2026-09-28T05:00:00,125,31.9,0.0,0.4
Kolkata,icon,2026-09-28T06:00:00,126,32.9,0.0,1.3
Kolkata,icon,2026-09-28T07:00:00,127,33.6,0.0,1.5
Kolkata,icon,2026-09-28T08:00:00,128,34.0,0.0,1.5
Kolkata,icon,2026-09-28T09:00:00,129,34.0,0.0,1.5
Kolkata,icon,2026-09-28T10:00:00,130,33.2,0.1,1.5
Kolkata,icon,2026-09-28T11:00:00,131,31.9,0.1,1.8
Kolkata,icon,2026-09-28T12:00:00,132,30.8,0.1,2.1
Kolkata,icon,2026-09-28T13:00:00,133,30.3,0.0,2.3
Kolkata,icon,2026-09-28T14:00:00,134,29.9,0.0,2.3
Kolkata,icon,2026-09-28T15:00:00,135,29.6,0.0,2.3
Kolkata,icon,2026-09-28T16:00:00,136,29.2,0.0,2.3
Kolkata,icon,2026-09-28T17:00:00,137,28.9,0.0,2.4
Kolkata,icon,2026-09-28T18:00:00,138,28.5,0.0,2.6
Kolkata,icon,2026-09-28T19:00:00,139,28.2,0.0,2.4
Kolkata,icon,2026-09-28T20:00:00,140,27.8,0.0,2.5
Kolkata,icon,2026-09-28T21:00:00,141,27.6,0.0,2.6
Kolkata,icon,2026-09-28T22:00:00,142,27.4,0.0,2.6
Kolkata,icon,2026-09-28T23:00:00,143,27.2,0.0,3.1
Mumbai,icon,2026-09-23T00:00:00,0,27.0,0.1,2.1
Mumbai,icon,2026-09-23T01:00:00,1,27.0,0.0,1.6
Mumbai,icon,2026-09-23T02:00:00,2,27.2,0.0,1.8
Mumbai,icon,2026-09-23T03:00:00,3,27.8,0.0,2.9
Mumbai,icon,2026-09-23T04:00:00,4,28.4,0.3,3.7
Mumbai,icon,2026-09-23T05:00:00,5,28.8,0.6,4.8
Mumbai,icon,2026-09-23T06:00:00,6,30.1,0.0,6.0
Mumbai,icon,2026-09-23T07:00:00,7,30.4,0.3,7.9
Mumbai,icon,2026-09-23T08:00:00,8,30.3,0.9,9.4
Mumbai,icon,2026-09-23T09:00:00,9,31.1,0.0,10.4
Mumbai,icon,2026-09-23T10:00:00,10,30.8,0.0,12.8
Mumbai,icon,2026-09-23T11:00:00,11,30.2,0.0,13.7
Mumbai,icon,2026-09-23T12:00:00,12,30.1,0.0,10.6
Mumbai,icon,2026-09-23T13:00:00,13,29.5,0.0,10.1
Mumbai,icon,2026-09-23T14:00:00,14,29.0,0.0,7.9
Mumbai,icon,2026-09-23T15:00:00,15,28.8,0.0,6.3
Mumbai,icon,2026-09-23T16:00:00,16,28.5,0.1,4.9
Mumbai,icon,2026-09-23T17:00:00,17,28.1,0.9,4.7
Mumbai,icon,2026-09-23T18:00:00,18,27.8,1.3,3.8
Mumbai,icon,2026-09-23T19:00:00,19,27.6,1.0,4.2
Mumbai,icon,2026-09-23T20:00:00,20,27.3,1.1,3.6
Mumbai,icon,2026-09-23T21:00:00,21,27.2,0.5,3.3
Mumbai,icon,2026-09-23T22:00:00,22,27.1,1.3,3.7
Mumbai,icon,2026-09-23T23:00:00,23,27.0,1.3,4.1
Mumbai,icon,2026-09-24T00:00:00,24,27.2,0.0,2.6
Mumbai,icon,2026-09-24T01:00:00,25,27.3,0.0,0.7
Mumbai,icon,2026-09-24T02:00:00,26,27.7,0.0,1.9
Mumbai,icon,2026-09-24T03:00:00,27,28.5,0.0,4.2
Mumbai,icon,2026-09-24T04:00:00,28,29.4,0.0,8.3
Mumbai,icon,2026-09-24T05:00:00,29,30.2,0.0,9.5
Mumbai,icon,2026-09-24T06:00:00,30,31.1,0.0,10.5
Mumbai,icon,2026-09-24T07:00:00,31,31.5,0.0,12.3
Mumbai,icon,2026-09-24T08:00:00,32,31.8,0.0,12.9
Mumbai,icon,2026-09-24T09:00:00,33,31.5,0.0,14.6
Mumbai,icon,2026-09-24T10:00:00,34,31.0,0.0,15.8
Mumbai,icon,2026-09-24T11:00:00,35,30.4,0.0,15.0
Mumbai,icon,2026-09-24T12:00:00,36,29.6,0.0,12.9
Mumbai,icon,2026-09-24T13:00:00,37,28.7,0.0,11.9
Mumbai,icon,2026-09-24T14:00:00,38,28.4,0.0,10.0
Mumbai,icon,2026-09-24T15:00:00,39,28.3,0.0,8.6
Mumbai,icon,2026-09-24T16:00:00,40,28.2,0.0,8.6
Mumbai,icon,2026-09-24T17:00:00,41,28.0,0.0,6.5
Mumbai,icon,2026-09-24T18:00:00,42,27.9,0.0,5.0
Mumbai,icon,2026-09-24T19:00:00,43,27.8,0.0,4.7
Mumbai,icon,2026-09-24T20:00:00,44,27.7,0.0,5.4
Mumbai,icon,2026-09-24T21:00:00,45,27.6,0.0,5.9
Mumbai,icon,2026-09-24T22:00:00,46,27.6,0.0,5.4
Mumbai,icon,2026-09-24T23:00:00,47,27.6,0.0,5.8
Mumbai,icon,2026-09-25T00:00:00,48,27.7,0.0,5.4
Mumbai,icon,2026-09-25T01:00:00,49,27.7,0.0,4.6
Mumbai,icon,2026-09-25T02:00:00,50,28.0,0.0,5.1
Mumbai,icon,2026-09-25T03:00:00,51,28.9,0.0,8.1
Mumbai,icon,2026-09-25T04:00:00,52,29.8,0.0,11.0
Mumbai,icon,2026-09-25T05:00:00,53,30.4,0.0,12.6
Mumbai,icon,2026-09-25T06:00:00,54,30.8,0.0,12.9
Mumbai,icon,2026-09-25T07:00:00,55,30.9,0.0,13.3
Mumbai,icon,2026-09-25T08:00:00,56,31.2,0.0,14.2
Mumbai,icon,2026-09-25T09:00:00,57,30.9,0.0,14.2
Mumbai,icon,2026-09-25T10:00:00,58,30.3,0.0,13.4
Mumbai,icon,2026-09-25T11:00:00,59,29.9,0.0,12.4
Mumbai,icon,2026-09-25T12:00:00,60,29.4,0.0,11.8
Mumbai,icon,2026-09-25T13:00:00,61,28.6,0.0,10.5
Mumbai,icon,2026-09-25T14:00:00,62,28.3,0.0,9.4
Mumbai,icon,2026-09-25T15:00:00,63,28.1,0.0,8.4
Mumbai,icon,2026-09-25T16:00:00,64,28.0,0.0,7.3
Mumbai,icon,2026-09-25T17:00:00,65,27.9,0.0,6.6
Mumbai,icon,2026-09-25T18:00:00,66,27.7,0.0,7.1
Mumbai,icon,2026-09-25T19:00:00,67,27.6,0.0,7.8
Mumbai,icon,2026-09-25T20:00:00,68,27.6,0.0,8.4
Mumbai,icon,2026-09-25T21:00:00,69,27.5,0.0,7.6
Mumbai,icon,2026-09-25T22:00:00,70,27.4,0.0,6.5
Mumbai,icon,2026-09-25T23:00:00,71,27.3,0.0,5.8
Mumbai,icon,2026-09-26T00:00:00,72,27.3,0.0,5.1
Mumbai,icon,2026-09-26T01:00:00,73,27.2,0.0,5.5
Mumbai,icon,2026-09-26T02:00:00,74,27.6,0.0,5.9
Mumbai,icon,2026-09-26T03:00:00,75,28.6,0.0,8.9
Mumbai,icon,2026-09-26T04:00:00,76,29.5,0.0,9.6
Mumbai,icon,2026-09-26T05:00:00,77,30.2,0.0,10.9
Mumbai,icon,2026-09-26T06:00:00,78,30.7,0.0,11.7
Mumbai,icon,2026-09-26T07:00:00,79,30.9,0.0,13.0
Mumbai,icon,2026-09-26T08:00:00,80,30.7,0.0,13.3
Mumbai,icon,2026-09-26T09:00:00,81,30.8,0.0,11.9
Mumbai,icon,2026-09-26T10:00:00,82,30.7,0.0,12.3
Mumbai,icon,2026-09-26T11:00:00,83,30.0,0.0,11.9
Mumbai,icon,2026-09-26T12:00:00,84,29.5,0.0,10.2
Mumbai,icon,2026-09-26T13:00:00,85,28.7,0.0,8.3
Mumbai,icon,2026-09-26T14:00:00,86,28.2,0.0,6.6
Mumbai,icon,2026-09-26T15:00:00,87,28.0,0.0,5.6
Mumbai,icon,2026-09-26T16:00:00,88,28.0,0.0,5.6
Mumbai,icon,2026-09-26T17:00:00,89,27.9,0.0,5.0
Mumbai,icon,2026-09-26T18:00:00,90,27.9,0.0,5.0
Mumbai,icon,2026-09-26T19:00:00,91,27.7,0.0,5.5
Mumbai,icon,2026-09-26T20:00:00,92,27.6,0.0,6.0
Mumbai,icon,2026-09-26T21:00:00,93,27.4,0.0,6.5
Mumbai,icon,2026-09-26T22:00:00,94,27.2,0.0,6.0
Mumbai,icon,2026-09-26T23:00:00,95,27.0,0.0,5.0
Mumbai,icon,2026-09-27T00:00:00,96,27.0,0.0,4.2
Mumbai,icon,2026-09-27T01:00:00,97,27.3,0.0,3.3
Mumbai,icon,2026-09-27T02:00:00,98,27.9,0.0,2.8
Mumbai,icon,2026-09-27T03:00:00,99,28.5,0.0,2.8
Mumbai,icon,2026-09-27T04:00:00,100,29.5,0.0,4.2
Mumbai,icon,2026-09-27T05:00:00,101,30.6,0.0,6.7
Mumbai,icon,2026-09-27T06:00:00,102,31.4,0.0,8.8
Mumbai,icon,2026-09-27T07:00:00,103,31.6,0.0,10.2
Mumbai,icon,2026-09-27T08:00:00,104,31.5,0.0,11.3
Mumbai,icon,2026-09-27T09:00:00,105,31.2,0.0,11.7
Mumbai,icon,2026-09-27T10:00:00,106,30.8,0.0,11.3
Mumbai,icon,2026-09-27T11:00:00,107,30.2,0.0,10.1
Mumbai,icon,2026-09-27T12:00:00,108,29.7,0.0,9.1
Mumbai,icon,2026-09-27T13:00:00,109,29.1,0.0,7.3
Mumbai,icon,2026-09-27T14:00:00,110,28.6,0.0,5.6
Mumbai,icon,2026-09-27T15:00:00,111,28.1,0.0,4.0
Mumbai,icon,2026-09-27T16:00:00,112,27.7,0.0,3.3
Mumbai,icon,2026-09-27T17:00:00,113,27.4,0.0,3.1
Mumbai,icon,2026-09-27T18:00:00,114,27.2,0.0,3.1
Mumbai,icon,2026-09-27T19:00:00,115,27.1,0.0,2.6
Mumbai,icon,2026-09-27T20:00:00,116,27.2,0.0,2.2
Mumbai,icon,2026-09-27T21:00:00,117,27.2,0.0,1.8
Mumbai,icon,2026-09-27T22:00:00,118,27.0,0.0,1.8
Mumbai,icon,2026-09-27T23:00:00,119,26.6,0.0,1.9
Mumbai,icon,2026-09-28T00:00:00,120,26.5,0.0,2.5
Mumbai,icon,2026-09-28T01:00:00,121,26.5,0.0,3.6
Mumbai,icon,2026-09-28T02:00:00,122,26.7,0.0,4.3
Mumbai,icon,2026-09-28T03:00:00,123,27.2,0.0,4.0
Mumbai,icon,2026-09-28T04:00:00,124,28.4,0.0,1.1
Mumbai,icon,2026-09-28T05:00:00,125,30.0,0.0,2.9
Mumbai,icon,2026-09-28T06:00:00,126,31.1,0.0,6.2
Mumbai,icon,2026-09-28T07:00:00,127,31.5,0.0,8.0
Mumbai,icon,2026-09-28T08:00:00,128,31.6,0.0,9.3
Mumbai,icon,2026-09-28T09:00:00,129,31.3,0.0,10.4
Mumbai,icon,2026-09-28T10:00:00,130,30.8,0.0,11.3
Mumbai,icon,2026-09-28T11:00:00,131,30.1,0.0,12.0
Mumbai,icon,2026-09-28T12:00:00,132,29.4,0.0,11.8
Mumbai,icon,2026-09-28T13:00:00,133,28.8,0.0,10.7
Mumbai,icon,2026-09-28T14:00:00,134,28.1,0.0,8.7
Mumbai,icon,2026-09-28T15:00:00,135,27.6,0.0,6.9
Mumbai,icon,2026-09-28T16:00:00,136,27.2,0.0,5.2
Mumbai,icon,2026-09-28T17:00:00,137,26.9,0.0,4.1
Mumbai,icon,2026-09-28T18:00:00,138,26.6,0.0,3.6
Mumbai,icon,2026-09-28T19:00:00,139,26.1,0.0,3.5
Mumbai,icon,2026-09-28T20:00:00,140,25.7,0.0,3.4
Mumbai,icon,2026-09-28T21:00:00,141,25.2,0.0,3.6
Mumbai,icon,2026-09-28T22:00:00,142,24.8,0.0,3.6
Mumbai,icon,2026-09-28T23:00:00,143,24.3,0.0,3.9
Chennai,gem,2026-09-23T00:00:00,0,27.1,0.0,20.5
Chennai,gem,2026-09-23T01:00:00,1,26.8,0.0,23.0
Chennai,gem,2026-09-23T02:00:00,2,27.2,0.0,23.0
Chennai,gem,2026-09-23T03:00:00,3,27.8,0.0,21.6
Chennai,gem,2026-09-23T04:00:00,4,28.7,0.0,21.6
Chennai,gem,2026-09-23T05:00:00,5,29.8,0.0,22.7
Chennai,gem,2026-09-23T06:00:00,6,30.7,0.0,22.3
Chennai,gem,2026-09-23T07:00:00,7,30.9,0.0,20.9
Chennai,gem,2026-09-23T08:00:00,8,31.6,0.0,18.4
Chennai,gem,2026-09-23T09:00:00,9,32.9,0.0,16.2
Chennai,gem,2026-09-23T10:00:00,10,32.8,0.0,16.9
Chennai,gem,2026-09-23T11:00:00,11,32.2,0.0,13.7
Chennai,gem,2026-09-23T12:00:00,12,31.7,0.0,8.3
Chennai,gem,2026-09-23T13:00:00,13,30.9,0.0,7.2
Chennai,gem,2026-09-23T14:00:00,14,29.0,0.7,11.9
Chennai,gem,2026-09-23T15:00:00,15,27.7,0.1,10.4
Chennai,gem,2026-09-23T16:00:00,16,27.5,0.0,7.6
Chennai,gem,2026-09-23T17:00:00,17,27.7,0.0,5.4
Chennai,gem,2026-09-23T18:00:00,18,27.8,0.0,9.0
Chennai,gem,2026-09-23T19:00:00,19,28.2,0.0,15.1
Chennai,gem,2026-09-23T20:00:00,20,28.3,0.0,18.7
Chennai,gem,2026-09-23T21:00:00,21,28.2,0.0,20.2
Chennai,gem,2026-09-23T22:00:00,22,27.8,0.0,20.2
Chennai,gem,2026-09-23T23:00:00,23,27.5,0.0,20.9
Chennai,gem,2026-09-24T00:00:00,24,27.2,0.0,19.8
Chennai,gem,2026-09-24T01:00:00,25,27.1,0.0,19.1
Chennai,gem,2026-09-24T02:00:00,26,27.8,0.0,18.7
Chennai,gem,2026-09-24T03:00:00,27,28.7,0.0,18.0
Chennai,gem,2026-09-24T04:00:00,28,29.8,0.0,19.1
Chennai,gem,2026-09-24T05:00:00,29,30.8,0.0,20.2
Chennai,gem,2026-09-24T06:00:00,30,32.0,0.0,20.2
Chennai,gem,2026-09-24T07:00:00,31,33.0,0.0,19.1
Chennai,gem,2026-09-24T08:00:00,32,33.9,0.0,18.4
Chennai,gem,2026-09-24T09:00:00,33,34.0,0.0,16.9
Chennai,gem,2026-09-24T10:00:00,34,34.2,0.0,15.1
Chennai,gem,2026-09-24T11:00:00,35,34.1,0.0,13.3
Chennai,gem,2026-09-24T12:00:00,36,30.9,0.8,15.8
Chennai,gem,2026-09-24T13:00:00,37,28.5,1.0,8.6
Chennai,gem,2026-09-24T14:00:00,38,28.3,0.4,7.9
Chennai,gem,2026-09-24T15:00:00,39,25.9,1.0,37.1
Chennai,gem,2026-09-24T16:00:00,40,25.4,2.3,23.0
Chennai,gem,2026-09-24T17:00:00,41,27.1,0.1,10.4
Chennai,gem,2026-09-24T18:00:00,42,26.7,0.0,18.7
Chennai,gem,2026-09-24T19:00:00,43,26.7,0.0,23.0
Chennai,gem,2026-09-24T20:00:00,44,27.1,0.0,20.9
Chennai,gem,2026-09-24T21:00:00,45,27.1,0.0,22.0
Chennai,gem,2026-09-24T22:00:00,46,27.0,0.0,21.2
Chennai,gem,2026-09-24T23:00:00,47,26.9,0.0,18.0
Chennai,gem,2026-09-25T00:00:00,48,26.7,0.0,15.8
Chennai,gem,2026-09-25T01:00:00,49,26.7,0.0,16.2
Chennai,gem,2026-09-25T02:00:00,50,27.5,0.0,17.6
Chennai,gem,2026-09-25T03:00:00,51,28.6,0.0,18.7
Chennai,gem,2026-09-25T04:00:00,52,30.1,0.0,21.2
Chennai,gem,2026-09-25T05:00:00,53,31.5,0.0,22.7
Chennai,gem,2026-09-25T06:00:00,54,32.5,0.0,20.5
Chennai,gem,2026-09-25T07:00:00,55,33.5,0.0,18.7
Chennai,gem,2026-09-25T08:00:00,56,34.0,0.0,16.2
Chennai,gem,2026-09-25T09:00:00,57,34.3,0.0,13.3
Chennai,gem,2026-09-25T10:00:00,58,30.9,0.8,17.3
Chennai,gem,2026-09-25T11:00:00,59,28.0,0.7,8.3
Chennai,gem,2026-09-25T12:00:00,60,26.7,1.3,3.2
Chennai,gem,2026-09-25T13:00:00,61,26.6,0.5,15.8
Chennai,gem,2026-09-25T14:00:00,62,26.6,0.2,9.0
Chennai,gem,2026-09-25T15:00:00,63,26.3,0.6,5.8
Chennai,gem,2026-09-25T16:00:00,64,26.2,0.2,5.8
Chennai,gem,2026-09-25T17:00:00,65,26.4,0.0,4.0
Chennai,gem,2026-09-25T18:00:00,66,26.6,0.0,4.3
Chennai,gem,2026-09-25T19:00:00,67,26.6,0.4,5.0
Chennai,gem,2026-09-25T20:00:00,68,26.3,0.5,4.0
Chennai,gem,2026-09-25T21:00:00,69,26.6,0.1,8.3
Chennai,gem,2026-09-25T22:00:00,70,26.9,0.0,12.2
Chennai,gem,2026-09-25T23:00:00,71,26.8,0.0,13.3
Chennai,gem,2026-09-26T00:00:00,72,26.5,0.0,14.8
Chennai,gem,2026-09-26T01:00:00,73,26.4,0.0,15.5
Chennai,gem,2026-09-26T02:00:00,74,27.0,0.0,15.8
Chennai,gem,2026-09-26T03:00:00,75,28.4,0.0,15.8
Chennai,gem,2026-09-26T04:00:00,76,29.9,0.0,15.8
Chennai,gem,2026-09-26T05:00:00,77,31.3,0.0,13.7
Chennai,gem,2026-09-26T06:00:00,78,32.5,0.0,8.3
Chennai,gem,2026-09-26T07:00:00,79,33.4,0.0,4.3
Chennai,gem,2026-09-26T08:00:00,80,33.7,0.0,7.9
Chennai,gem,2026-09-26T09:00:00,81,33.2,0.0,13.0
Chennai,gem,2026-09-26T10:00:00,82,31.1,0.5,10.4
Chennai,gem,2026-09-26T11:00:00,83,29.8,0.2,14.4
Chennai,gem,2026-09-26T12:00:00,84,29.5,0.0,14.8
Chennai,gem,2026-09-26T13:00:00,85,28.3,0.3,15.5
Chennai,gem,2026-09-26T14:00:00,86,27.2,0.3,16.6
Chennai,gem,2026-09-26T15:00:00,87,26.3,0.3,17.3
Chennai,gem,2026-09-26T16:00:00,88,25.9,0.3,18.0
Chennai,gem,2026-09-26T17:00:00,89,25.7,0.3,18.4
Chennai,gem,2026-09-26T18:00:00,90,25.7,0.3,18.0
Chennai,gem,2026-09-26T19:00:00,91,25.9,0.0,16.2
Chennai,gem,2026-09-26T20:00:00,92,26.3,0.0,13.3
Chennai,gem,2026-09-26T21:00:00,93,26.5,0.0,11.5
Chennai,gem,2026-09-26T22:00:00,94,26.3,0.0,11.2
Chennai,gem,2026-09-26T23:00:00,95,25.9,0.0,11.5
Chennai,gem,2026-09-27T00:00:00,96,25.9,0.0,11.9
Chennai,gem,2026-09-27T01:00:00,97,26.6,0.0,11.9
Chennai,gem,2026-09-27T02:00:00,98,27.7,0.0,11.9
Chennai,gem,2026-09-27T03:00:00,99,28.9,0.0,11.9
Chennai,gem,2026-09-27T04:00:00,100,30.1,0.0,11.5
Chennai,gem,2026-09-27T05:00:00,101,31.3,0.0,11.2
Chennai,gem,2026-09-27T06:00:00,102,32.4,0.0,10.8
Chennai,gem,2026-09-27T07:00:00,103,33.2,0.0,9.7
Chennai,gem,2026-09-27T08:00:00,104,33.7,0.0,8.3
Chennai,gem,2026-09-27T09:00:00,105,33.8,0.0,7.9
Chennai,gem,2026-09-27T10:00:00,106,33.3,0.0,10.1
Chennai,gem,2026-09-27T11:00:00,107,32.3,0.0,13.3
Chennai,gem,2026-09-27T12:00:00,108,31.3,0.0,15.5
Chennai,gem,2026-09-27T13:00:00,109,30.6,0.0,14.8
Chennai,gem,2026-09-27T14:00:00,110,29.8,0.0,12.6
Chennai,gem,2026-09-27T15:00:00,111,29.2,0.0,10.8
Chennai,gem,2026-09-27T16:00:00,112,28.5,0.1,10.1
Chennai,gem,2026-09-27T17:00:00,113,28.0,0.1,10.4
Chennai,gem,2026-09-27T18:00:00,114,27.5,0.1,11.2
Chennai,gem,2026-09-27T19:00:00,115,27.3,0.0,13.7
Chennai,gem,2026-09-27T20:00:00,116,27.3,0.0,17.3
Chennai,gem,2026-09-27T21:00:00,117,27.2,0.0,19.4
Chennai,gem,2026-09-27T22:00:00,118,26.7,0.0,19.1
Chennai,gem,2026-09-27T23:00:00,119,26.2,0.0,17.3
Chennai,gem,2026-09-28T00:00:00,120,26.1,0.0,15.8
Chennai,gem,2026-09-28T01:00:00,121,26.7,0.0,16.2
Chennai,gem,2026-09-28T02:00:00,122,27.6,0.0,16.9
Chennai,gem,2026-09-28T03:00:00,123,28.7,0.0,16.9
Chennai,gem,2026-09-28T04:00:00,124,30.2,0.0,14.8
Chennai,gem,2026-09-28T05:00:00,125,31.9,0.0,11.9
Chennai,gem,2026-09-28T06:00:00,126,33.2,0.0,10.4
Chennai,gem,2026-09-28T07:00:00,127,33.7,0.0,11.9
Chennai,gem,2026-09-28T08:00:00,128,33.8,0.0,14.4
Chennai,gem,2026-09-28T09:00:00,129,33.6,0.0,16.2
Chennai,gem,2026-09-28T10:00:00,130,33.0,0.0,15.5
Chennai,gem,2026-09-28T11:00:00,131,32.1,0.0,13.7
Chennai,gem,2026-09-28T12:00:00,132,31.3,0.0,12.2
Chennai,gem,2026-09-28T13:00:00,133,30.6,0.0,11.5
Chennai,gem,2026-09-28T14:00:00,134,30.0,0.0,11.2
Chennai,gem,2026-09-28T15:00:00,135,29.4,0.0,11.2
Chennai,gem,2026-09-28T16:00:00,136,29.1,0.0,12.2
Chennai,gem,2026-09-28T17:00:00,137,28.8,0.0,13.7
Chennai,gem,2026-09-28T18:00:00,138,28.5,0.0,14.4
Chennai,gem,2026-09-28T19:00:00,139,27.9,0.0,14.4
Chennai,gem,2026-09-28T20:00:00,140,27.3,0.0,13.7
Chennai,gem,2026-09-28T21:00:00,141,26.7,0.0,13.0
Chennai,gem,2026-09-28T22:00:00,142,26.1,0.0,11.9
Chennai,gem,2026-09-28T23:00:00,143,25.6,0.0,10.8
Delhi,gem,2026-09-23T00:00:00,0,23.4,0.0,0.4
Delhi,gem,2026-09-23T01:00:00,1,22.4,0.0,1.8
Delhi,gem,2026-09-23T02:00:00,2,24.3,0.0,4.0
Delhi,gem,2026-09-23T03:00:00,3,27.9,0.0,3.2
Delhi,gem,2026-09-23T04:00:00,4,31.1,0.0,2.2
Delhi,gem,2026-09-23T05:00:00,5,32.4,0.0,0.7
Delhi,gem,2026-09-23T06:00:00,6,33.4,0.0,1.1
Delhi,gem,2026-09-23T07:00:00,7,34.2,0.0,2.5
Delhi,gem,2026-09-23T08:00:00,8,34.9,0.0,5.0
Delhi,gem,2026-09-23T09:00:00,9,35.3,0.0,6.1
Delhi,gem,2026-09-23T10:00:00,10,35.3,0.0,7.2
Delhi,gem,2026-09-23T11:00:00,11,35.0,0.0,7.6
Delhi,gem,2026-09-23T12:00:00,12,34.3,0.0,7.2
Delhi,gem,2026-09-23T13:00:00,13,32.1,0.0,6.1
Delhi,gem,2026-09-23T14:00:00,14,29.8,0.0,6.8
Delhi,gem,2026-09-23T15:00:00,15,28.2,0.0,6.8
Delhi,gem,2026-09-23T16:00:00,16,27.0,0.0,6.1
Delhi,gem,2026-09-23T17:00:00,17,26.0,0.0,4.3
Delhi,gem,2026-09-23T18:00:00,18,25.2,0.0,2.9
Delhi,gem,2026-09-23T19:00:00,19,24.3,0.0,1.4
Delhi,gem,2026-09-23T20:00:00,20,23.5,0.0,0.4
Delhi,gem,2026-09-23T21:00:00,21,22.9,0.0,0.4
Delhi,gem,2026-09-23T22:00:00,22,22.3,0.0,0.7
Delhi,gem,2026-09-23T23:00:00,23,21.9,0.0,2.2
Delhi,gem,2026-09-24T00:00:00,24,21.6,0.0,4.0
Delhi,gem,2026-09-24T01:00:00,25,21.5,0.0,6.8
Delhi,gem,2026-09-24T02:00:00,26,23.6,0.0,13.7
Delhi,gem,2026-09-24T03:00:00,27,26.7,0.0,17.6
Delhi,gem,2026-09-24T04:00:00,28,29.5,0.0,16.2
Delhi,gem,2026-09-24T05:00:00,29,31.5,0.0,14.4
Delhi,gem,2026-09-24T06:00:00,30,32.7,0.0,14.0
Delhi,gem,2026-09-24T07:00:00,31,33.4,0.0,13.7
Delhi,gem,2026-09-24T08:00:00,32,33.9,0.0,14.0
Delhi,gem,2026-09-24T09:00:00,33,34.2,0.0,13.0
Delhi,gem,2026-09-24T10:00:00,34,34.2,0.0,13.0
Delhi,gem,2026-09-24T11:00:00,35,33.7,0.0,14.0
Delhi,gem,2026-09-24T12:00:00,36,32.9,0.0,15.1
Delhi,gem,2026-09-24T13:00:00,37,31.1,0.0,14.4
Delhi,gem,2026-09-24T14:00:00,38,29.7,0.0,15.1
Delhi,gem,2026-09-24T15:00:00,39,28.4,0.0,16.2
Delhi,gem,2026-09-24T16:00:00,40,27.5,0.0,14.4
Delhi,gem,2026-09-24T17:00:00,41,26.7,0.0,14.0
Delhi,gem,2026-09-24T18:00:00,42,25.8,0.0,13.3
Delhi,gem,2026-09-24T19:00:00,43,25.0,0.0,10.4
Delhi,gem,2026-09-24T20:00:00,44,24.3,0.0,7.2
Delhi,gem,2026-09-24T21:00:00,45,23.4,0.0,5.8
Delhi,gem,2026-09-24T22:00:00,46,22.8,0.0,5.0
Delhi,gem,2026-09-24T23:00:00,47,22.2,0.0,4.0
Delhi,gem,2026-09-25T00:00:00,48,21.7,0.0,4.0
Delhi,gem,2026-09-25T01:00:00,49,21.3,0.0,4.3
Delhi,gem,2026-09-25T02:00:00,50,22.8,0.0,3.6
Delhi,gem,2026-09-25T03:00:00,51,25.5,0.0,3.2
Delhi,gem,2026-09-25T04:00:00,52,28.3,0.0,4.7
Delhi,gem,2026-09-25T05:00:00,53,29.9,0.0,7.2
Delhi,gem,2026-09-25T06:00:00,54,31.1,0.0,7.2
Delhi,gem,2026-09-25T07:00:00,55,32.1,0.0,4.0
Delhi,gem,2026-09-25T08:00:00,56,32.9,0.0,1.1
Delhi,gem,2026-09-25T09:00:00,57,33.5,0.0,6.8
Delhi,gem,2026-09-25T10:00:00,58,33.6,0.0,8.6
Delhi,gem,2026-09-25T11:00:00,59,33.4,0.0,8.3
Delhi,gem,2026-09-25T12:00:00,60,32.6,0.0,9.0
Delhi,gem,2026-09-25T13:00:00,61,31.0,0.0,8.6
Delhi,gem,2026-09-25T14:00:00,62,29.3,0.0,9.0
Delhi,gem,2026-09-25T15:00:00,63,28.2,0.0,9.0
Delhi,gem,2026-09-25T16:00:00,64,27.2,0.0,7.9
Delhi,gem,2026-09-25T17:00:00,65,26.3,0.0,11.9
Delhi,gem,2026-09-25T18:00:00,66,25.8,0.0,13.7
Delhi,gem,2026-09-25T19:00:00,67,25.1,0.0,10.1
Delhi,gem,2026-09-25T20:00:00,68,24.5,0.0,7.2
Delhi,gem,2026-09-25T21:00:00,69,23.9,0.0,6.1
Delhi,gem,2026-09-25T22:00:00,70,23.3,0.0,5.8
Delhi,gem,2026-09-25T23:00:00,71,22.8,0.0,5.4
Delhi,gem,2026-09-26T00:00:00,72,22.4,0.0,5.8
Delhi,gem,2026-09-26T01:00:00,73,22.2,0.0,6.8
Delhi,gem,2026-09-26T02:00:00,74,23.9,0.0,7.6
Delhi,gem,2026-09-26T03:00:00,75,26.8,0.0,9.0
Delhi,gem,2026-09-26T04:00:00,76,29.8,0.0,7.9
Delhi,gem,2026-09-26T05:00:00,77,31.8,0.0,6.8
Delhi,gem,2026-09-26T06:00:00,78,33.1,0.0,6.5
Delhi,gem,2026-09-26T07:00:00,79,34.0,0.0,6.8
Delhi,gem,2026-09-26T08:00:00,80,34.7,0.0,7.9
Delhi,gem,2026-09-26T09:00:00,81,35.2,0.0,9.4
Delhi,gem,2026-09-26T10:00:00,82,35.3,0.0,10.4
Delhi,gem,2026-09-26T11:00:00,83,35.1,0.0,11.2
Delhi,gem,2026-09-26T12:00:00,84,34.3,0.0,11.9
Delhi,gem,2026-09-26T13:00:00,85,33.0,0.0,11.9
Delhi,gem,2026-09-26T14:00:00,86,31.2,0.0,11.5
Delhi,gem,2026-09-26T15:00:00,87,29.7,0.0,11.5
Delhi,gem,2026-09-26T16:00:00,88,28.6,0.0,13.0
Delhi,gem,2026-09-26T17:00:00,89,27.7,0.0,14.8
Delhi,gem,2026-09-26T18:00:00,90,26.9,0.0,15.8
Delhi,gem,2026-09-26T19:00:00,91,26.1,0.0,15.8
Delhi,gem,2026-09-26T20:00:00,92,25.4,0.0,14.8
Delhi,gem,2026-09-26T21:00:00,93,24.7,0.0,14.0
Delhi,gem,2026-09-26T22:00:00,94,23.9,0.0,13.3
Delhi,gem,2026-09-26T23:00:00,95,23.2,0.0,12.6
Delhi,gem,2026-09-27T00:00:00,96,22.9,0.0,11.9
Delhi,gem,2026-09-27T01:00:00,97,23.1,0.0,11.5
Delhi,gem,2026-09-27T02:00:00,98,23.6,0.0,10.8
Delhi,gem,2026-09-27T03:00:00,99,24.7,0.0,10.4
Delhi,gem,2026-09-27T04:00:00,100,26.5,0.0,9.7
Delhi,gem,2026-09-27T05:00:00,101,28.8,0.0,8.6
Delhi,gem,2026-09-27T06:00:00,102,30.7,0.0,8.3
Delhi,gem,2026-09-27T07:00:00,103,31.8,0.0,8.6
Delhi,gem,2026-09-27T08:00:00,104,32.6,0.0,9.7
Delhi,gem,2026-09-27T09:00:00,105,32.9,0.0,10.8
Delhi,gem,2026-09-27T10:00:00,106,33.0,0.0,11.5
Delhi,gem,2026-09-27T11:00:00,107,32.6,0.0,12.2
Delhi,gem,2026-09-27T12:00:00,108,31.9,0.0,13.0
Delhi,gem,2026-09-27T13:00:00,109,30.4,0.0,14.0
Delhi,gem,2026-09-27T14:00:00,110,28.5,0.0,15.1
Delhi,gem,2026-09-27T15:00:00,111,26.8,0.0,15.5
Delhi,gem,2026-09-27T16:00:00,112,25.6,0.0,14.4
Delhi,gem,2026-09-27T17:00:00,113,24.6,0.0,12.6
Delhi,gem,2026-09-27T18:00:00,114,23.9,0.0,10.8
Delhi,gem,2026-09-27T19:00:00,115,23.4,0.0,9.7
Delhi,gem,2026-09-27T20:00:00,116,23.0,0.0,9.0
Delhi,gem,2026-09-27T21:00:00,117,22.7,0.0,8.3
Delhi,gem,2026-09-27T22:00:00,118,22.0,0.0,7.2
Delhi,gem,2026-09-27T23:00:00,119,21.3,0.0,5.8
Delhi,gem,2026-09-28T00:00:00,120,21.1,0.0,5.0
Delhi,gem,2026-09-28T01:00:00,121,21.8,0.0,5.8
Delhi,gem,2026-09-28T02:00:00,122,22.9,0.0,6.8
Delhi,gem,2026-09-28T03:00:00,123,24.4,0.0,7.9
Delhi,gem,2026-09-28T04:00:00,124,26.4,0.0,7.9
Delhi,gem,2026-09-28T05:00:00,125,28.6,0.0,7.9
Delhi,gem,2026-09-28T06:00:00,126,30.4,0.0,7.6
Delhi,gem,2026-09-28T07:00:00,127,31.7,0.0,6.8
Delhi,gem,2026-09-28T08:00:00,128,32.5,0.0,6.1
Delhi,gem,2026-09-28T09:00:00,129,33.0,0.0,5.8
Delhi,gem,2026-09-28T10:00:00,130,33.1,0.0,7.2
Delhi,gem,2026-09-28T11:00:00,131,32.9,0.0,9.0
Delhi,gem,2026-09-28T12:00:00,132,32.2,0.0,10.1
Delhi,gem,2026-09-28T13:00:00,133,30.7,0.0,9.4
Delhi,gem,2026-09-28T14:00:00,134,28.8,0.0,7.9
Delhi,gem,2026-09-28T15:00:00,135,27.1,0.0,6.1
Delhi,gem,2026-09-28T16:00:00,136,25.8,0.0,4.7
Delhi,gem,2026-09-28T17:00:00,137,24.8,0.0,3.2
Delhi,gem,2026-09-28T18:00:00,138,23.9,0.0,2.2
Delhi,gem,2026-09-28T19:00:00,139,22.9,0.0,2.2
Delhi,gem,2026-09-28T20:00:00,140,22.1,0.0,2.9
Delhi,gem,2026-09-28T21:00:00,141,21.4,0.0,2.9
Delhi,gem,2026-09-28T22:00:00,142,20.7,0.0,2.2
Delhi,gem,2026-09-28T23:00:00,143,20.2,0.0,1.1
Guwahati,gem,2026-09-23T00:00:00,0,24.7,0.0,4.0
Guwahati,gem,2026-09-23T01:00:00,1,24.5,3.1,7.6
Guwahati,gem,2026-09-23T02:00:00,2,24.7,0.1,7.2
Guwahati,gem,2026-09-23T03:00:00,3,25.5,0.0,5.4
Guwahati,gem,2026-09-23T04:00:00,4,26.4,0.0,4.7
Guwahati,gem,2026-09-23T05:00:00,5,27.6,0.0,7.9
Guwahati,gem,2026-09-23T06:00:00,6,27.8,0.0,9.7
Guwahati,gem,2026-09-23T07:00:00,7,27.8,0.0,10.1
Guwahati,gem,2026-09-23T08:00:00,8,27.9,0.0,8.6
Guwahati,gem,2026-09-23T09:00:00,9,28.3,0.0,7.2
Guwahati,gem,2026-09-23T10:00:00,10,28.4,0.0,7.2
Guwahati,gem,2026-09-23T11:00:00,11,27.9,0.0,7.6
Guwahati,gem,2026-09-23T12:00:00,12,26.9,0.0,7.2
Guwahati,gem,2026-09-23T13:00:00,13,26.5,0.0,7.9
Guwahati,gem,2026-09-23T14:00:00,14,26.2,0.0,7.9
Guwahati,gem,2026-09-23T15:00:00,15,25.9,0.0,7.9
Guwahati,gem,2026-09-23T16:00:00,16,25.4,0.0,7.6
Guwahati,gem,2026-09-23T17:00:00,17,25.0,0.0,6.8
Guwahati,gem,2026-09-23T18:00:00,18,24.6,0.0,5.8
Guwahati,gem,2026-09-23T19:00:00,19,24.1,0.0,5.4
Guwahati,gem,2026-09-23T20:00:00,20,23.9,0.0,6.1
Guwahati,gem,2026-09-23T21:00:00,21,23.8,0.0,6.1
Guwahati,gem,2026-09-23T22:00:00,22,23.6,0.0,6.8
Guwahati,gem,2026-09-23T23:00:00,23,23.6,0.0,7.6
Guwahati,gem,2026-09-24T00:00:00,24,23.7,0.0,7.2
Guwahati,gem,2026-09-24T01:00:00,25,25.1,0.0,6.5
Guwahati,gem,2026-09-24T02:00:00,26,27.0,0.0,7.2
Guwahati,gem,2026-09-24T03:00:00,27,28.6,0.0,8.3
Guwahati,gem,2026-09-24T04:00:00,28,29.7,0.0,8.3
Guwahati,gem,2026-09-24T05:00:00,29,30.2,0.0,9.0
Guwahati,gem,2026-09-24T06:00:00,30,30.8,0.0,9.7
Guwahati,gem,2026-09-24T07:00:00,31,31.7,0.0,9.4
Guwahati,gem,2026-09-24T08:00:00,32,32.1,0.0,8.3
Guwahati,gem,2026-09-24T09:00:00,33,32.0,0.0,7.6
Guwahati,gem,2026-09-24T10:00:00,34,31.5,0.0,7.6
Guwahati,gem,2026-09-24T11:00:00,35,30.5,0.0,5.0
Guwahati,gem,2026-09-24T12:00:00,36,29.0,0.0,4.7
Guwahati,gem,2026-09-24T13:00:00,37,27.9,0.0,5.0
Guwahati,gem,2026-09-24T14:00:00,38,27.4,0.0,5.4
Guwahati,gem,2026-09-24T15:00:00,39,26.9,0.0,4.7
Guwahati,gem,2026-09-24T16:00:00,40,26.3,0.0,3.6
Guwahati,gem,2026-09-24T17:00:00,41,25.7,0.0,4.0
Guwahati,gem,2026-09-24T18:00:00,42,25.2,0.0,3.2
Guwahati,gem,2026-09-24T19:00:00,43,24.9,0.0,3.2
Guwahati,gem,2026-09-24T20:00:00,44,24.5,0.0,3.6
Guwahati,gem,2026-09-24T21:00:00,45,24.1,0.0,3.6
Guwahati,gem,2026-09-24T22:00:00,46,24.0,0.0,3.6
Guwahati,gem,2026-09-24T23:00:00,47,24.1,0.0,4.3
Guwahati,gem,2026-09-25T00:00:00,48,24.0,0.0,4.0
Guwahati,gem,2026-09-25T01:00:00,49,25.6,0.0,2.5
Guwahati,gem,2026-09-25T02:00:00,50,27.8,0.0,1.8
Guwahati,gem,2026-09-25T03:00:00,51,28.6,0.0,2.5
Guwahati,gem,2026-09-25T04:00:00,52,29.5,0.0,2.9
Guwahati,gem,2026-09-25T05:00:00,53,30.7,0.0,4.0
Guwahati,gem,2026-09-25T06:00:00,54,31.7,0.0,5.4
Guwahati,gem,2026-09-25T07:00:00,55,32.7,0.1,6.5
Guwahati,gem,2026-09-25T08:00:00,56,28.2,3.2,9.4
Guwahati,gem,2026-09-25T09:00:00,57,27.6,0.0,3.2
Guwahati,gem,2026-09-25T10:00:00,58,28.0,0.0,1.1
Guwahati,gem,2026-09-25T11:00:00,59,27.6,0.0,5.0
Guwahati,gem,2026-09-25T12:00:00,60,26.4,0.0,5.4
Guwahati,gem,2026-09-25T13:00:00,61,25.7,0.0,5.4
Guwahati,gem,2026-09-25T14:00:00,62,25.0,0.0,4.0
Guwahati,gem,2026-09-25T15:00:00,63,24.7,0.0,3.2
Guwahati,gem,2026-09-25T16:00:00,64,24.6,0.0,4.3
Guwahati,gem,2026-09-25T17:00:00,65,24.6,0.0,4.7
Guwahati,gem,2026-09-25T18:00:00,66,24.4,0.0,5.0
Guwahati,gem,2026-09-25T19:00:00,67,24.1,0.0,5.0
Guwahati,gem,2026-09-25T20:00:00,68,23.7,0.0,4.7
Guwahati,gem,2026-09-25T21:00:00,69,23.4,0.0,4.7
Guwahati,gem,2026-09-25T22:00:00,70,23.0,0.0,4.0
Guwahati,gem,2026-09-25T23:00:00,71,22.8,0.0,4.3
Guwahati,gem,2026-09-26T00:00:00,72,22.8,0.0,4.7
Guwahati,gem,2026-09-26T01:00:00,73,24.5,0.0,3.6
Guwahati,gem,2026-09-26T02:00:00,74,27.2,0.0,1.8
Guwahati,gem,2026-09-26T03:00:00,75,28.5,0.0,2.5
Guwahati,gem,2026-09-26T04:00:00,76,29.3,0.0,2.9
Guwahati,gem,2026-09-26T05:00:00,77,30.1,0.0,4.0
Guwahati,gem,2026-09-26T06:00:00,78,30.8,0.0,4.3
Guwahati,gem,2026-09-26T07:00:00,79,31.3,0.0,5.0
Guwahati,gem,2026-09-26T08:00:00,80,31.8,0.0,5.8
Guwahati,gem,2026-09-26T09:00:00,81,31.9,0.0,5.0
Guwahati,gem,2026-09-26T10:00:00,82,31.7,0.0,2.2
Guwahati,gem,2026-09-26T11:00:00,83,30.8,0.0,1.8
Guwahati,gem,2026-09-26T12:00:00,84,29.2,0.0,2.5
Guwahati,gem,2026-09-26T13:00:00,85,28.3,0.0,2.9
Guwahati,gem,2026-09-26T14:00:00,86,27.3,0.0,4.0
Guwahati,gem,2026-09-26T15:00:00,87,26.6,0.0,4.7
Guwahati,gem,2026-09-26T16:00:00,88,26.4,0.0,5.0
Guwahati,gem,2026-09-26T17:00:00,89,26.5,0.0,5.8
Guwahati,gem,2026-09-26T18:00:00,90,26.5,0.0,6.1
Guwahati,gem,2026-09-26T19:00:00,91,26.5,0.0,6.8
Guwahati,gem,2026-09-26T20:00:00,92,26.4,0.0,7.6
Guwahati,gem,2026-09-26T21:00:00,93,26.3,0.0,7.6
Guwahati,gem,2026-09-26T22:00:00,94,25.7,0.0,5.8
Guwahati,gem,2026-09-26T23:00:00,95,25.1,0.0,3.2
Guwahati,gem,2026-09-27T00:00:00,96,25.0,0.0,1.4
Guwahati,gem,2026-09-27T01:00:00,97,26.0,0.0,1.1
Guwahati,gem,2026-09-27T02:00:00,98,27.7,0.0,1.8
Guwahati,gem,2026-09-27T03:00:00,99,29.2,0.0,2.5
Guwahati,gem,2026-09-27T04:00:00,100,30.5,0.0,3.2
Guwahati,gem,2026-09-27T05:00:00,101,31.6,0.0,4.3
Guwahati,gem,2026-09-27T06:00:00,102,32.5,0.0,5.4
Guwahati,gem,2026-09-27T07:00:00,103,32.9,0.0,6.5
Guwahati,gem,2026-09-27T08:00:00,104,32.9,0.0,7.6
Guwahati,gem,2026-09-27T09:00:00,105,32.6,0.0,8.3
Guwahati,gem,2026-09-27T10:00:00,106,31.8,0.0,7.6
Guwahati,gem,2026-09-27T11:00:00,107,30.7,0.0,6.5
Guwahati,gem,2026-09-27T12:00:00,108,29.6,0.0,5.8
Guwahati,gem,2026-09-27T13:00:00,109,28.7,0.0,5.8
Guwahati,gem,2026-09-27T14:00:00,110,27.8,0.0,6.1
Guwahati,gem,2026-09-27T15:00:00,111,27.1,0.0,6.1
Guwahati,gem,2026-09-27T16:00:00,112,26.8,0.0,6.1
Guwahati,gem,2026-09-27T17:00:00,113,26.6,0.0,6.1
Guwahati,gem,2026-09-27T18:00:00,114,26.5,0.0,5.8
Guwahati,gem,2026-09-27T19:00:00,115,26.2,0.0,5.4
Guwahati,gem,2026-09-27T20:00:00,116,25.9,0.0,5.0
Guwahati,gem,2026-09-27T21:00:00,117,25.7,0.0,4.7
Guwahati,gem,2026-09-27T22:00:00,118,25.3,0.0,4.7
Guwahati,gem,2026-09-27T23:00:00,119,24.9,0.0,5.0
Guwahati,gem,2026-09-28T00:00:00,120,25.1,0.0,4.7
Guwahati,gem,2026-09-28T01:00:00,121,26.4,0.0,3.2
Guwahati,gem,2026-09-28T02:00:00,122,28.2,0.0,1.1
Guwahati,gem,2026-09-28T03:00:00,123,29.8,0.0,0.4
Guwahati,gem,2026-09-28T04:00:00,124,31.1,0.0,1.8
Guwahati,gem,2026-09-28T05:00:00,125,32.1,0.0,4.0
Guwahati,gem,2026-09-28T06:00:00,126,32.9,0.0,5.8
Guwahati,gem,2026-09-28T07:00:00,127,33.4,0.0,6.1
Guwahati,gem,2026-09-28T08:00:00,128,33.6,0.0,5.8
Guwahati,gem,2026-09-28T09:00:00,129,33.4,0.0,5.8
Guwahati,gem,2026-09-28T10:00:00,130,32.7,0.0,6.1
Guwahati,gem,2026-09-28T11:00:00,131,31.5,0.0,6.5
Guwahati,gem,2026-09-28T12:00:00,132,30.4,0.0,6.8
Guwahati,gem,2026-09-28T13:00:00,133,29.2,0.8,6.5
Guwahati,gem,2026-09-28T14:00:00,134,28.0,0.8,5.8
Guwahati,gem,2026-09-28T15:00:00,135,27.1,0.8,5.4
Guwahati,gem,2026-09-28T16:00:00,136,26.8,2.1,5.4
Guwahati,gem,2026-09-28T17:00:00,137,26.9,2.1,5.4
Guwahati,gem,2026-09-28T18:00:00,138,26.9,2.1,5.0
Guwahati,gem,2026-09-28T19:00:00,139,26.5,0.0,4.3
Guwahati,gem,2026-09-28T20:00:00,140,26.0,0.0,3.6
Guwahati,gem,2026-09-28T21:00:00,141,25.5,0.0,3.2
Guwahati,gem,2026-09-28T22:00:00,142,25.1,0.0,3.6
Guwahati,gem,2026-09-28T23:00:00,143,24.7,0.0,4.3
Jaipur,gem,2026-09-23T00:00:00,0,23.5,0.0,4.0
Jaipur,gem,2026-09-23T01:00:00,1,21.7,0.0,4.3
Jaipur,gem,2026-09-23T02:00:00,2,23.7,0.0,5.0
Jaipur,gem,2026-09-23T03:00:00,3,27.7,0.0,4.7
Jaipur,gem,2026-09-23T04:00:00,4,30.6,0.0,5.8
Jaipur,gem,2026-09-23T05:00:00,5,32.5,0.0,7.2
Jaipur,gem,2026-09-23T06:00:00,6,33.8,0.0,6.5
Jaipur,gem,2026-09-23T07:00:00,7,34.7,0.0,5.0
Jaipur,gem,2026-09-23T08:00:00,8,35.5,0.0,4.0
Jaipur,gem,2026-09-23T09:00:00,9,36.0,0.0,2.5
Jaipur,gem,2026-09-23T10:00:00,10,36.2,0.0,1.4
Jaipur,gem,2026-09-23T11:00:00,11,36.1,0.0,1.1
Jaipur,gem,2026-09-23T12:00:00,12,35.5,0.0,3.2
Jaipur,gem,2026-09-23T13:00:00,13,33.1,0.0,6.1
Jaipur,gem,2026-09-23T14:00:00,14,30.7,0.0,7.9
Jaipur,gem,2026-09-23T15:00:00,15,29.4,0.0,8.3
Jaipur,gem,2026-09-23T16:00:00,16,28.5,0.0,7.9
Jaipur,gem,2026-09-23T17:00:00,17,27.7,0.0,6.8
Jaipur,gem,2026-09-23T18:00:00,18,27.0,0.0,5.4
Jaipur,gem,2026-09-23T19:00:00,19,26.0,0.0,4.0
Jaipur,gem,2026-09-23T20:00:00,20,25.2,0.0,3.2
Jaipur,gem,2026-09-23T21:00:00,21,24.4,0.0,4.3
Jaipur,gem,2026-09-23T22:00:00,22,23.8,0.0,5.0
Jaipur,gem,2026-09-23T23:00:00,23,23.4,0.0,4.7
Jaipur,gem,2026-09-24T00:00:00,24,23.0,0.0,4.0
Jaipur,gem,2026-09-24T01:00:00,25,22.8,0.0,4.3
Jaipur,gem,2026-09-24T02:00:00,26,24.5,0.0,5.8
Jaipur,gem,2026-09-24T03:00:00,27,28.3,0.0,7.2
Jaipur,gem,2026-09-24T04:00:00,28,30.9,0.0,12.2
Jaipur,gem,2026-09-24T05:00:00,29,32.3,0.0,13.0
Jaipur,gem,2026-09-24T06:00:00,30,33.3,0.0,11.2
Jaipur,gem,2026-09-24T07:00:00,31,34.2,0.0,9.7
Jaipur,gem,2026-09-24T08:00:00,32,34.9,0.0,10.1
Jaipur,gem,2026-09-24T09:00:00,33,35.2,0.0,12.2
Jaipur,gem,2026-09-24T10:00:00,34,35.2,0.0,13.3
Jaipur,gem,2026-09-24T11:00:00,35,34.7,0.0,15.1
Jaipur,gem,2026-09-24T12:00:00,36,33.7,0.0,18.4
Jaipur,gem,2026-09-24T13:00:00,37,31.6,0.0,20.5
Jaipur,gem,2026-09-24T14:00:00,38,29.7,0.1,18.4
Jaipur,gem,2026-09-24T15:00:00,39,28.4,0.0,18.7
Jaipur,gem,2026-09-24T16:00:00,40,27.4,0.0,19.4
Jaipur,gem,2026-09-24T17:00:00,41,26.4,0.0,20.5
Jaipur,gem,2026-09-24T18:00:00,42,25.3,0.0,19.8
Jaipur,gem,2026-09-24T19:00:00,43,24.3,0.0,17.6
Jaipur,gem,2026-09-24T20:00:00,44,23.5,0.0,15.5
Jaipur,gem,2026-09-24T21:00:00,45,22.7,0.0,12.2
Jaipur,gem,2026-09-24T22:00:00,46,22.0,0.0,7.9
Jaipur,gem,2026-09-24T23:00:00,47,21.2,0.0,5.0
Jaipur,gem,2026-09-25T00:00:00,48,20.6,0.0,3.6
Jaipur,gem,2026-09-25T01:00:00,49,20.2,0.0,2.9
Jaipur,gem,2026-09-25T02:00:00,50,21.6,0.0,3.2
Jaipur,gem,2026-09-25T03:00:00,51,24.0,0.0,7.2
Jaipur,gem,2026-09-25T04:00:00,52,26.5,0.0,10.8
Jaipur,gem,2026-09-25T05:00:00,53,28.6,0.0,11.9
Jaipur,gem,2026-09-25T06:00:00,54,30.1,0.0,11.5
Jaipur,gem,2026-09-25T07:00:00,55,31.4,0.0,11.5
Jaipur,gem,2026-09-25T08:00:00,56,32.3,0.0,11.5
Jaipur,gem,2026-09-25T09:00:00,57,32.8,0.0,11.5
Jaipur,gem,2026-09-25T10:00:00,58,33.1,0.0,11.5
Jaipur,gem,2026-09-25T11:00:00,59,33.1,0.0,11.9
Jaipur,gem,2026-09-25T12:00:00,60,32.3,0.0,13.3
Jaipur,gem,2026-09-25T13:00:00,61,30.5,0.0,14.8
Jaipur,gem,2026-09-25T14:00:00,62,28.7,0.0,13.7
Jaipur,gem,2026-09-25T15:00:00,63,27.6,0.0,14.0
Jaipur,gem,2026-09-25T16:00:00,64,26.6,0.0,14.0
Jaipur,gem,2026-09-25T17:00:00,65,25.6,0.0,12.6
Jaipur,gem,2026-09-25T18:00:00,66,24.7,0.0,10.8
Jaipur,gem,2026-09-25T19:00:00,67,23.9,0.0,9.0
Jaipur,gem,2026-09-25T20:00:00,68,23.1,0.0,7.6
Jaipur,gem,2026-09-25T21:00:00,69,22.4,0.0,6.1
Jaipur,gem,2026-09-25T22:00:00,70,21.8,0.0,4.7
Jaipur,gem,2026-09-25T23:00:00,71,21.2,0.0,4.0
Jaipur,gem,2026-09-26T00:00:00,72,20.8,0.0,4.7
Jaipur,gem,2026-09-26T01:00:00,73,20.8,0.0,6.5
Jaipur,gem,2026-09-26T02:00:00,74,22.6,0.0,8.3
Jaipur,gem,2026-09-26T03:00:00,75,25.9,0.0,13.0
Jaipur,gem,2026-09-26T04:00:00,76,29.0,0.0,16.2
Jaipur,gem,2026-09-26T05:00:00,77,31.2,0.0,16.2
Jaipur,gem,2026-09-26T06:00:00,78,33.0,0.0,15.5
Jaipur,gem,2026-09-26T07:00:00,79,34.6,0.0,15.1
Jaipur,gem,2026-09-26T08:00:00,80,36.0,0.0,15.1
Jaipur,gem,2026-09-26T09:00:00,81,36.6,0.0,16.9
Jaipur,gem,2026-09-26T10:00:00,82,36.8,0.0,17.3
Jaipur,gem,2026-09-26T11:00:00,83,36.5,0.0,17.6
Jaipur,gem,2026-09-26T12:00:00,84,34.9,0.3,11.5
Jaipur,gem,2026-09-26T13:00:00,85,31.5,0.5,11.9
Jaipur,gem,2026-09-26T14:00:00,86,27.1,0.5,12.6
Jaipur,gem,2026-09-26T15:00:00,87,23.7,0.5,13.0
Jaipur,gem,2026-09-26T16:00:00,88,22.4,0.0,11.5
Jaipur,gem,2026-09-26T17:00:00,89,22.2,0.0,9.7
Jaipur,gem,2026-09-26T18:00:00,90,22.0,0.0,7.6
Jaipur,gem,2026-09-26T19:00:00,91,21.5,0.0,5.4
Jaipur,gem,2026-09-26T20:00:00,92,21.0,0.0,2.9
Jaipur,gem,2026-09-26T21:00:00,93,20.6,0.0,1.8
Jaipur,gem,2026-09-26T22:00:00,94,20.0,0.0,2.5
Jaipur,gem,2026-09-26T23:00:00,95,19.6,0.0,4.3
Jaipur,gem,2026-09-27T00:00:00,96,19.8,0.0,5.8
Jaipur,gem,2026-09-27T01:00:00,97,20.9,0.0,5.8
Jaipur,gem,2026-09-27T02:00:00,98,22.6,0.0,5.0
Jaipur,gem,2026-09-27T03:00:00,99,24.7,0.0,5.0
Jaipur,gem,2026-09-27T04:00:00,100,27.3,0.0,5.8
Jaipur,gem,2026-09-27T05:00:00,101,30.2,0.0,6.8
Jaipur,gem,2026-09-27T06:00:00,102,32.6,0.0,7.9
Jaipur,gem,2026-09-27T07:00:00,103,34.4,0.0,8.3
Jaipur,gem,2026-09-27T08:00:00,104,35.7,0.0,7.9
Jaipur,gem,2026-09-27T09:00:00,105,35.6,0.0,8.3
Jaipur,gem,2026-09-27T10:00:00,106,33.5,0.5,9.4
Jaipur,gem,2026-09-27T11:00:00,107,30.0,0.5,11.2
Jaipur,gem,2026-09-27T12:00:00,108,27.0,0.5,11.5
Jaipur,gem,2026-09-27T13:00:00,109,24.8,0.1,10.1
Jaipur,gem,2026-09-27T14:00:00,110,23.0,0.1,7.9
Jaipur,gem,2026-09-27T15:00:00,111,21.6,0.1,5.8
Jaipur,gem,2026-09-27T16:00:00,112,20.9,0.0,4.7
Jaipur,gem,2026-09-27T17:00:00,113,20.5,0.0,4.0
Jaipur,gem,2026-09-27T18:00:00,114,20.3,0.0,3.6
Jaipur,gem,2026-09-27T19:00:00,115,20.1,0.0,2.9
Jaipur,gem,2026-09-27T20:00:00,116,20.0,0.0,2.5
Jaipur,gem,2026-09-27T21:00:00,117,19.8,0.0,2.2
Jaipur,gem,2026-09-27T22:00:00,118,19.4,0.0,2.5
Jaipur,gem,2026-09-27T23:00:00,119,18.9,0.0,3.6
Jaipur,gem,2026-09-28T00:00:00,120,19.0,0.0,4.0
Jaipur,gem,2026-09-28T01:00:00,121,19.9,0.0,3.6
Jaipur,gem,2026-09-28T02:00:00,122,21.4,0.0,3.2
Jaipur,gem,2026-09-28T03:00:00,123,23.3,0.0,3.2
Jaipur,gem,2026-09-28T04:00:00,124,26.0,0.0,4.7
Jaipur,gem,2026-09-28T05:00:00,125,29.2,0.0,6.8
Jaipur,gem,2026-09-28T06:00:00,126,31.7,0.0,8.3
Jaipur,gem,2026-09-28T07:00:00,127,33.6,0.0,8.3
Jaipur,gem,2026-09-28T08:00:00,128,34.9,0.0,7.9
Jaipur,gem,2026-09-28T09:00:00,129,34.8,0.0,6.8
Jaipur,gem,2026-09-28T10:00:00,130,32.5,0.7,5.4
Jaipur,gem,2026-09-28T11:00:00,131,28.8,0.7,3.6
Jaipur,gem,2026-09-28T12:00:00,132,25.6,0.7,2.5
Jaipur,gem,2026-09-28T13:00:00,133,23.7,0.4,2.5
Jaipur,gem,2026-09-28T14:00:00,134,22.2,0.4,3.6
Jaipur,gem,2026-09-28T15:00:00,135,21.2,0.4,4.3
Jaipur,gem,2026-09-28T16:00:00,136,20.8,0.0,5.0
Jaipur,gem,2026-09-28T17:00:00,137,20.8,0.0,5.8
Jaipur,gem,2026-09-28T18:00:00,138,20.9,0.0,6.5
Jaipur,gem,2026-09-28T19:00:00,139,20.8,0.0,6.8
Jaipur,gem,2026-09-28T20:00:00,140,20.7,0.0,6.8
Jaipur,gem,2026-09-28T21:00:00,141,20.5,0.0,6.5
Jaipur,gem,2026-09-28T22:00:00,142,19.9,0.0,6.1
Jaipur,gem,2026-09-28T23:00:00,143,19.1,0.0,5.4
Kolkata,gem,2026-09-23T00:00:00,0,26.3,0.0,15.1
Kolkata,gem,2026-09-23T01:00:00,1,26.9,1.3,19.4
Kolkata,gem,2026-09-23T02:00:00,2,27.6,0.1,18.0
Kolkata,gem,2026-09-23T03:00:00,3,27.5,0.7,19.4
Kolkata,gem,2026-09-23T04:00:00,4,26.2,6.8,20.5
Kolkata,gem,2026-09-23T05:00:00,5,27.0,0.2,15.5
Kolkata,gem,2026-09-23T06:00:00,6,28.9,0.0,20.5
Kolkata,gem,2026-09-23T07:00:00,7,29.9,0.0,23.4
Kolkata,gem,2026-09-23T08:00:00,8,29.9,0.0,24.1
Kolkata,gem,2026-09-23T09:00:00,9,29.7,0.0,23.0
Kolkata,gem,2026-09-23T10:00:00,10,29.1,0.0,22.0
Kolkata,gem,2026-09-23T11:00:00,11,28.7,0.0,20.9
Kolkata,gem,2026-09-23T12:00:00,12,28.0,0.0,19.4
Kolkata,gem,2026-09-23T13:00:00,13,27.6,0.0,18.7
Kolkata,gem,2026-09-23T14:00:00,14,27.5,0.0,19.1
Kolkata,gem,2026-09-23T15:00:00,15,27.5,0.0,21.2
Kolkata,gem,2026-09-23T16:00:00,16,27.7,0.0,22.7
Kolkata,gem,2026-09-23T17:00:00,17,27.4,0.2,22.7
Kolkata,gem,2026-09-23T18:00:00,18,27.2,0.1,20.2
Kolkata,gem,2026-09-23T19:00:00,19,27.2,0.0,20.2
Kolkata,gem,2026-09-23T20:00:00,20,27.2,0.0,20.2
Kolkata,gem,2026-09-23T21:00:00,21,26.9,0.1,21.2
Kolkata,gem,2026-09-23T22:00:00,22,27.0,0.1,20.9
Kolkata,gem,2026-09-23T23:00:00,23,26.7,0.5,20.5
Kolkata,gem,2026-09-24T00:00:00,24,26.5,1.0,20.5
Kolkata,gem,2026-09-24T01:00:00,25,26.6,1.0,23.0
Kolkata,gem,2026-09-24T02:00:00,26,27.1,0.0,23.0
Kolkata,gem,2026-09-24T03:00:00,27,27.9,0.0,25.2
Kolkata,gem,2026-09-24T04:00:00,28,28.9,0.0,27.0
Kolkata,gem,2026-09-24T05:00:00,29,30.2,0.0,30.2
Kolkata,gem,2026-09-24T06:00:00,30,29.8,0.2,29.9
Kolkata,gem,2026-09-24T07:00:00,31,29.2,0.1,29.5
Kolkata,gem,2026-09-24T08:00:00,32,29.4,0.0,31.7
Kolkata,gem,2026-09-24T09:00:00,33,29.5,0.0,32.4
Kolkata,gem,2026-09-24T10:00:00,34,29.5,0.0,31.3
Kolkata,gem,2026-09-24T11:00:00,35,29.3,0.0,29.5
Kolkata,gem,2026-09-24T12:00:00,36,29.1,0.0,28.4
Kolkata,gem,2026-09-24T13:00:00,37,29.0,0.0,29.5
Kolkata,gem,2026-09-24T14:00:00,38,28.9,0.0,30.6
Kolkata,gem,2026-09-24T15:00:00,39,29.0,0.0,30.6
Kolkata,gem,2026-09-24T16:00:00,40,28.9,0.0,29.5
Kolkata,gem,2026-09-24T17:00:00,41,28.8,0.0,29.2
Kolkata,gem,2026-09-24T18:00:00,42,28.5,0.0,29.9
Kolkata,gem,2026-09-24T19:00:00,43,28.4,0.1,31.3
Kolkata,gem,2026-09-24T20:00:00,44,28.2,0.0,31.7
Kolkata,gem,2026-09-24T21:00:00,45,27.9,0.1,30.2
Kolkata,gem,2026-09-24T22:00:00,46,27.0,1.1,28.4
Kolkata,gem,2026-09-24T23:00:00,47,26.7,0.2,28.8
Kolkata,gem,2026-09-25T00:00:00,48,26.6,0.5,27.4
Kolkata,gem,2026-09-25T01:00:00,49,26.6,0.5,27.7
Kolkata,gem,2026-09-25T02:00:00,50,27.0,0.0,29.2
Kolkata,gem,2026-09-25T03:00:00,51,28.0,0.0,33.5
Kolkata,gem,2026-09-25T04:00:00,52,28.4,0.1,33.5
Kolkata,gem,2026-09-25T05:00:00,53,29.9,0.0,36.4
Kolkata,gem,2026-09-25T06:00:00,54,30.6,0.0,37.1
Kolkata,gem,2026-09-25T07:00:00,55,30.9,0.0,36.7
Kolkata,gem,2026-09-25T08:00:00,56,30.6,0.2,34.2
Kolkata,gem,2026-09-25T09:00:00,57,30.4,0.0,32.8
Kolkata,gem,2026-09-25T10:00:00,58,30.3,0.0,32.4
Kolkata,gem,2026-09-25T11:00:00,59,29.9,0.0,31.0
Kolkata,gem,2026-09-25T12:00:00,60,29.6,0.0,28.1
Kolkata,gem,2026-09-25T13:00:00,61,29.3,0.0,27.7
Kolkata,gem,2026-09-25T14:00:00,62,28.7,0.0,27.0
Kolkata,gem,2026-09-25T15:00:00,63,28.6,0.0,25.9
Kolkata,gem,2026-09-25T16:00:00,64,28.1,0.1,25.6
Kolkata,gem,2026-09-25T17:00:00,65,27.0,0.4,22.0
Kolkata,gem,2026-09-25T18:00:00,66,26.9,0.2,20.9
Kolkata,gem,2026-09-25T19:00:00,67,26.4,1.6,21.2
Kolkata,gem,2026-09-25T20:00:00,68,26.0,0.3,19.4
Kolkata,gem,2026-09-25T21:00:00,69,26.3,0.0,19.1
Kolkata,gem,2026-09-25T22:00:00,70,26.7,0.0,20.2
Kolkata,gem,2026-09-25T23:00:00,71,26.9,0.0,20.5
Kolkata,gem,2026-09-26T00:00:00,72,27.0,0.0,22.0
Kolkata,gem,2026-09-26T01:00:00,73,27.4,0.0,22.7
Kolkata,gem,2026-09-26T02:00:00,74,28.3,0.0,22.3
Kolkata,gem,2026-09-26T03:00:00,75,29.2,0.0,23.8
Kolkata,gem,2026-09-26T04:00:00,76,29.8,0.0,24.8
Kolkata,gem,2026-09-26T05:00:00,77,30.1,0.0,23.8
Kolkata,gem,2026-09-26T06:00:00,78,30.2,0.0,22.3
Kolkata,gem,2026-09-26T07:00:00,79,30.3,0.0,21.2
Kolkata,gem,2026-09-26T08:00:00,80,30.4,0.0,18.7
Kolkata,gem,2026-09-26T09:00:00,81,30.2,0.0,17.6
Kolkata,gem,2026-09-26T10:00:00,82,30.4,0.0,15.8
Kolkata,gem,2026-09-26T11:00:00,83,30.1,0.0,17.6
Kolkata,gem,2026-09-26T12:00:00,84,29.1,0.0,15.1
Kolkata,gem,2026-09-26T13:00:00,85,28.6,0.2,13.7
Kolkata,gem,2026-09-26T14:00:00,86,28.0,0.2,12.2
Kolkata,gem,2026-09-26T15:00:00,87,27.6,0.2,10.8
Kolkata,gem,2026-09-26T16:00:00,88,27.5,0.1,10.1
Kolkata,gem,2026-09-26T17:00:00,89,27.5,0.1,10.1
Kolkata,gem,2026-09-26T18:00:00,90,27.5,0.1,9.7
Kolkata,gem,2026-09-26T19:00:00,91,27.4,0.1,9.4
Kolkata,gem,2026-09-26T20:00:00,92,27.3,0.1,9.0
Kolkata,gem,2026-09-26T21:00:00,93,27.1,0.1,8.6
Kolkata,gem,2026-09-26T22:00:00,94,26.9,0.1,7.6
Kolkata,gem,2026-09-26T23:00:00,95,26.7,0.1,6.8
Kolkata,gem,2026-09-27T00:00:00,96,26.8,0.1,6.1
Kolkata,gem,2026-09-27T01:00:00,97,27.5,0.0,6.5
Kolkata,gem,2026-09-27T02:00:00,98,28.7,0.0,7.6
Kolkata,gem,2026-09-27T03:00:00,99,29.6,0.0,8.3
Kolkata,gem,2026-09-27T04:00:00,100,30.2,0.0,9.0
Kolkata,gem,2026-09-27T05:00:00,101,30.6,0.0,9.4
Kolkata,gem,2026-09-27T06:00:00,102,30.9,0.0,9.0
Kolkata,gem,2026-09-27T07:00:00,103,31.2,0.0,6.8
Kolkata,gem,2026-09-27T08:00:00,104,31.3,0.0,4.0
Kolkata,gem,2026-09-27T09:00:00,105,31.1,0.0,1.8
Kolkata,gem,2026-09-27T10:00:00,106,30.5,1.8,1.4
Kolkata,gem,2026-09-27T11:00:00,107,29.5,1.8,2.2
Kolkata,gem,2026-09-27T12:00:00,108,28.7,1.8,2.5
Kolkata,gem,2026-09-27T13:00:00,109,28.2,0.0,2.9
Kolkata,gem,2026-09-27T14:00:00,110,27.8,0.0,2.9
Kolkata,gem,2026-09-27T15:00:00,111,27.3,0.0,3.2
Kolkata,gem,2026-09-27T16:00:00,112,26.8,0.0,4.0
Kolkata,gem,2026-09-27T17:00:00,113,26.4,0.0,4.3
Kolkata,gem,2026-09-27T18:00:00,114,25.9,0.0,4.7
Kolkata,gem,2026-09-27T19:00:00,115,25.6,0.0,4.0
Kolkata,gem,2026-09-27T20:00:00,116,25.3,0.0,2.9
Kolkata,gem,2026-09-27T21:00:00,117,25.1,0.0,1.8
Kolkata,gem,2026-09-27T22:00:00,118,24.8,0.0,1.1
Kolkata,gem,2026-09-27T23:00:00,119,24.6,0.0,0.7
Kolkata,gem,2026-09-28T00:00:00,120,24.8,0.0,0.7
Kolkata,gem,2026-09-28T01:00:00,121,25.7,0.0,1.4
Kolkata,gem,2026-09-28T02:00:00,122,27.1,0.0,2.2
Kolkata,gem,2026-09-28T03:00:00,123,28.5,0.0,3.2
Kolkata,gem,2026-09-28T04:00:00,124,29.8,0.0,4.0
Kolkata,gem,2026-09-28T05:00:00,125,31.2,0.0,4.3
Kolkata,gem,2026-09-28T06:00:00,126,32.2,0.0,5.0
Kolkata,gem,2026-09-28T07:00:00,127,32.8,0.1,6.5
Kolkata,gem,2026-09-28T08:00:00,128,33.1,0.1,8.6
Kolkata,gem,2026-09-28T09:00:00,129,33.0,0.1,9.7
Kolkata,gem,2026-09-28T10:00:00,130,32.5,0.2,9.4
Kolkata,gem,2026-09-28T11:00:00,131,31.5,0.2,8.3
Kolkata,gem,2026-09-28T12:00:00,132,30.6,0.2,7.6
Kolkata,gem,2026-09-28T13:00:00,133,29.8,0.0,7.6
Kolkata,gem,2026-09-28T14:00:00,134,29.0,0.0,7.6
Kolkata,gem,2026-09-28T15:00:00,135,28.2,0.0,7.6
Kolkata,gem,2026-09-28T16:00:00,136,27.4,0.0,6.8
Kolkata,gem,2026-09-28T17:00:00,137,26.7,0.0,5.4
Kolkata,gem,2026-09-28T18:00:00,138,26.1,0.0,4.3
Kolkata,gem,2026-09-28T19:00:00,139,25.7,0.0,3.6
Kolkata,gem,2026-09-28T20:00:00,140,25.3,0.0,2.9
Kolkata,gem,2026-09-28T21:00:00,141,25.0,0.0,2.5
Kolkata,gem,2026-09-28T22:00:00,142,24.6,0.0,2.9
Kolkata,gem,2026-09-28T23:00:00,143,24.3,0.0,3.2
Mumbai,gem,2026-09-23T00:00:00,0,25.9,0.0,2.9
Mumbai,gem,2026-09-23T01:00:00,1,25.6,0.0,3.6
Mumbai,gem,2026-09-23T02:00:00,2,25.9,0.0,4.0
Mumbai,gem,2026-09-23T03:00:00,3,26.8,0.0,2.5
Mumbai,gem,2026-09-23T04:00:00,4,28.1,0.0,3.2
Mumbai,gem,2026-09-23T05:00:00,5,29.3,0.0,6.1
Mumbai,gem,2026-09-23T06:00:00,6,29.4,0.0,8.3
Mumbai,gem,2026-09-23T07:00:00,7,28.6,0.6,10.8
Mumbai,gem,2026-09-23T08:00:00,8,27.8,3.6,13.0
Mumbai,gem,2026-09-23T09:00:00,9,28.4,2.2,14.4
Mumbai,gem,2026-09-23T10:00:00,10,28.7,0.0,14.0
Mumbai,gem,2026-09-23T11:00:00,11,28.9,0.0,16.2
Mumbai,gem,2026-09-23T12:00:00,12,28.8,0.0,16.9
Mumbai,gem,2026-09-23T13:00:00,13,28.3,0.0,15.1
Mumbai,gem,2026-09-23T14:00:00,14,27.8,0.0,12.2
Mumbai,gem,2026-09-23T15:00:00,15,27.6,0.0,10.8
Mumbai,gem,2026-09-23T16:00:00,16,27.6,0.0,10.1
Mumbai,gem,2026-09-23T17:00:00,17,27.6,0.9,8.3
Mumbai,gem,2026-09-23T18:00:00,18,27.2,2.0,6.5
Mumbai,gem,2026-09-23T19:00:00,19,27.0,0.3,6.5
Mumbai,gem,2026-09-23T20:00:00,20,26.8,0.0,7.2
Mumbai,gem,2026-09-23T21:00:00,21,26.8,0.4,6.5
Mumbai,gem,2026-09-23T22:00:00,22,26.6,0.5,4.7
Mumbai,gem,2026-09-23T23:00:00,23,26.5,0.0,3.6
Mumbai,gem,2026-09-24T00:00:00,24,26.4,0.0,2.9
Mumbai,gem,2026-09-24T01:00:00,25,26.3,0.0,2.9
Mumbai,gem,2026-09-24T02:00:00,26,26.7,0.0,3.6
Mumbai,gem,2026-09-24T03:00:00,27,27.3,0.1,5.4
Mumbai,gem,2026-09-24T04:00:00,28,27.9,0.0,6.8
Mumbai,gem,2026-09-24T05:00:00,29,28.7,0.0,9.7
Mumbai,gem,2026-09-24T06:00:00,30,29.6,0.0,12.2
Mumbai,gem,2026-09-24T07:00:00,31,30.2,0.0,15.1
Mumbai,gem,2026-09-24T08:00:00,32,30.5,0.0,17.6
Mumbai,gem,2026-09-24T09:00:00,33,30.3,0.0,20.5
Mumbai,gem,2026-09-24T10:00:00,34,30.0,0.0,21.6
Mumbai,gem,2026-09-24T11:00:00,35,29.6,0.0,21.2
Mumbai,gem,2026-09-24T12:00:00,36,29.1,0.0,20.5
Mumbai,gem,2026-09-24T13:00:00,37,28.4,0.0,17.3
Mumbai,gem,2026-09-24T14:00:00,38,28.0,0.0,16.6
Mumbai,gem,2026-09-24T15:00:00,39,27.8,0.0,15.5
Mumbai,gem,2026-09-24T16:00:00,40,27.7,0.0,13.0
Mumbai,gem,2026-09-24T17:00:00,41,27.5,0.0,10.8
Mumbai,gem,2026-09-24T18:00:00,42,27.4,0.0,10.1
Mumbai,gem,2026-09-24T19:00:00,43,27.3,0.0,9.4
Mumbai,gem,2026-09-24T20:00:00,44,27.2,0.0,9.7
Mumbai,gem,2026-09-24T21:00:00,45,27.0,0.0,10.8
Mumbai,gem,2026-09-24T22:00:00,46,26.5,0.0,11.5
Mumbai,gem,2026-09-24T23:00:00,47,26.1,0.0,9.4
Mumbai,gem,2026-09-25T00:00:00,48,25.9,0.0,7.2
Mumbai,gem,2026-09-25T01:00:00,49,25.8,0.0,6.1
Mumbai,gem,2026-09-25T02:00:00,50,26.7,0.0,7.6
Mumbai,gem,2026-09-25T03:00:00,51,27.8,0.0,8.6
Mumbai,gem,2026-09-25T04:00:00,52,28.9,0.0,13.7
Mumbai,gem,2026-09-25T05:00:00,53,30.0,0.0,17.3
Mumbai,gem,2026-09-25T06:00:00,54,30.3,0.0,19.8
Mumbai,gem,2026-09-25T07:00:00,55,30.5,0.0,20.5
Mumbai,gem,2026-09-25T08:00:00,56,30.7,0.0,20.9
Mumbai,gem,2026-09-25T09:00:00,57,30.7,0.0,21.2
Mumbai,gem,2026-09-25T10:00:00,58,30.5,0.0,20.5
Mumbai,gem,2026-09-25T11:00:00,59,30.2,0.0,19.8
Mumbai,gem,2026-09-25T12:00:00,60,29.6,0.0,19.1
Mumbai,gem,2026-09-25T13:00:00,61,28.9,0.0,18.4
Mumbai,gem,2026-09-25T14:00:00,62,28.3,0.0,15.5
Mumbai,gem,2026-09-25T15:00:00,63,27.9,0.0,12.6
Mumbai,gem,2026-09-25T16:00:00,64,27.6,0.0,12.2
Mumbai,gem,2026-09-25T17:00:00,65,27.5,0.0,12.2
Mumbai,gem,2026-09-25T18:00:00,66,27.5,0.0,11.5
Mumbai,gem,2026-09-25T19:00:00,67,27.5,0.0,10.8
Mumbai,gem,2026-09-25T20:00:00,68,27.6,0.0,11.2
Mumbai,gem,2026-09-25T21:00:00,69,27.7,0.0,11.2
Mumbai,gem,2026-09-25T22:00:00,70,27.7,0.0,11.2
Mumbai,gem,2026-09-25T23:00:00,71,27.7,0.0,10.8
Mumbai,gem,2026-09-26T00:00:00,72,27.6,0.0,10.1
Mumbai,gem,2026-09-26T01:00:00,73,27.5,0.0,9.0
Mumbai,gem,2026-09-26T02:00:00,74,28.1,0.0,9.7
Mumbai,gem,2026-09-26T03:00:00,75,28.9,0.0,11.2
Mumbai,gem,2026-09-26T04:00:00,76,29.5,0.0,11.5
Mumbai,gem,2026-09-26T05:00:00,77,30.0,0.0,11.9
Mumbai,gem,2026-09-26T06:00:00,78,30.4,0.0,12.6
Mumbai,gem,2026-09-26T07:00:00,79,30.5,0.0,15.1
Mumbai,gem,2026-09-26T08:00:00,80,30.5,0.0,18.0
Mumbai,gem,2026-09-26T09:00:00,81,30.3,0.0,18.4
Mumbai,gem,2026-09-26T10:00:00,82,30.2,0.0,17.6
Mumbai,gem,2026-09-26T11:00:00,83,29.9,0.0,17.6
Mumbai,gem,2026-09-26T12:00:00,84,29.3,0.0,16.9
Mumbai,gem,2026-09-26T13:00:00,85,28.7,0.0,15.1
Mumbai,gem,2026-09-26T14:00:00,86,28.0,0.0,12.6
Mumbai,gem,2026-09-26T15:00:00,87,27.3,0.0,10.8
Mumbai,gem,2026-09-26T16:00:00,88,26.9,0.0,9.7
Mumbai,gem,2026-09-26T17:00:00,89,26.6,0.0,8.6
Mumbai,gem,2026-09-26T18:00:00,90,26.3,0.0,7.9
Mumbai,gem,2026-09-26T19:00:00,91,25.9,0.0,6.5
Mumbai,gem,2026-09-26T20:00:00,92,25.5,0.0,5.4
Mumbai,gem,2026-09-26T21:00:00,93,25.2,0.0,4.3
Mumbai,gem,2026-09-26T22:00:00,94,25.1,0.0,4.0
Mumbai,gem,2026-09-26T23:00:00,95,25.3,0.0,4.0
Mumbai,gem,2026-09-27T00:00:00,96,25.5,0.0,4.0
Mumbai,gem,2026-09-27T01:00:00,97,25.9,0.0,4.0
Mumbai,gem,2026-09-27T02:00:00,98,26.3,0.0,3.6
Mumbai,gem,2026-09-27T03:00:00,99,27.0,0.0,4.3
Mumbai,gem,2026-09-27T04:00:00,100,28.0,0.0,6.1
Mumbai,gem,2026-09-27T05:00:00,101,29.2,0.0,8.6
Mumbai,gem,2026-09-27T06:00:00,102,30.1,0.0,10.8
Mumbai,gem,2026-09-27T07:00:00,103,30.4,0.0,13.0
Mumbai,gem,2026-09-27T08:00:00,104,30.3,0.0,15.1
Mumbai,gem,2026-09-27T09:00:00,105,30.1,0.0,16.6
Mumbai,gem,2026-09-27T10:00:00,106,29.9,0.0,16.9
Mumbai,gem,2026-09-27T11:00:00,107,29.5,0.0,16.6
Mumbai,gem,2026-09-27T12:00:00,108,29.0,0.0,15.5
Mumbai,gem,2026-09-27T13:00:00,109,28.3,0.0,13.7
Mumbai,gem,2026-09-27T14:00:00,110,27.5,0.0,10.8
Mumbai,gem,2026-09-27T15:00:00,111,26.7,0.0,8.3
Mumbai,gem,2026-09-27T16:00:00,112,26.3,0.0,5.8
Mumbai,gem,2026-09-27T17:00:00,113,25.9,0.0,3.6
Mumbai,gem,2026-09-27T18:00:00,114,25.6,0.0,1.8
Mumbai,gem,2026-09-27T19:00:00,115,25.2,0.0,1.4
Mumbai,gem,2026-09-27T20:00:00,116,24.7,0.0,1.8
Mumbai,gem,2026-09-27T21:00:00,117,24.4,0.0,2.2
Mumbai,gem,2026-09-27T22:00:00,118,24.0,0.0,2.5
Mumbai,gem,2026-09-27T23:00:00,119,23.7,0.0,3.2
Mumbai,gem,2026-09-28T00:00:00,120,23.7,0.0,4.0
Mumbai,gem,2026-09-28T01:00:00,121,24.1,0.0,4.7
Mumbai,gem,2026-09-28T02:00:00,122,24.8,0.0,5.4
Mumbai,gem,2026-09-28T03:00:00,123,25.7,0.0,5.8
Mumbai,gem,2026-09-28T04:00:00,124,27.0,0.0,5.0
Mumbai,gem,2026-09-28T05:00:00,125,28.6,0.0,4.0
Mumbai,gem,2026-09-28T06:00:00,126,29.7,0.0,4.3
Mumbai,gem,2026-09-28T07:00:00,127,30.3,0.0,7.2
Mumbai,gem,2026-09-28T08:00:00,128,30.6,0.0,11.2
Mumbai,gem,2026-09-28T09:00:00,129,30.6,0.0,14.4
Mumbai,gem,2026-09-28T10:00:00,130,30.3,0.0,15.8
Mumbai,gem,2026-09-28T11:00:00,131,29.9,0.0,16.2
Mumbai,gem,2026-09-28T12:00:00,132,29.3,0.0,15.8
Mumbai,gem,2026-09-28T13:00:00,133,28.5,0.0,14.4
Mumbai,gem,2026-09-28T14:00:00,134,27.6,0.0,11.9
Mumbai,gem,2026-09-28T15:00:00,135,26.8,0.0,9.7
Mumbai,gem,2026-09-28T16:00:00,136,26.4,0.0,8.3
Mumbai,gem,2026-09-28T17:00:00,137,26.1,0.0,6.8
Mumbai,gem,2026-09-28T18:00:00,138,25.9,0.0,5.8
Mumbai,gem,2026-09-28T19:00:00,139,25.6,0.0,4.7
Mumbai,gem,2026-09-28T20:00:00,140,25.4,0.0,4.3
Mumbai,gem,2026-09-28T21:00:00,141,25.3,0.0,3.6
Mumbai,gem,2026-09-28T22:00:00,142,25.1,0.0,2.9
Mumbai,gem,2026-09-28T23:00:00,143,25.0,0.0,2.5
