city,model,datetime,temperature,rainfall,wind_speed
Delhi,ecmwf_ifs025,2026-09-27T00:00,22.2,0.3,9.7
Delhi,ecmwf_ifs025,2026-09-27T01:00,22.3,0.3,7.9
Delhi,ecmwf_ifs025,2026-09-27T02:00,22.5,0.3,6.1
Delhi,ecmwf_ifs025,2026-09-27T03:00,22.7,0.0,3.8
Delhi,ecmwf_ifs025,2026-09-27T04:00,22.9,0.0,2.4
Delhi,ecmwf_ifs025,2026-09-27T05:00,23.0,0.0,2.7
Delhi,ecmwf_ifs025,2026-09-27T06:00,23.1,0.0,2.9
Delhi,ecmwf_ifs025,2026-09-27T07:00,23.1,0.0,3.7
Delhi,ecmwf_ifs025,2026-09-27T08:00,23.4,0.0,3.8
Delhi,ecmwf_ifs025,2026-09-27T09:00,24.1,0.0,2.1
Delhi,ecmwf_ifs025,2026-09-27T10:00,25.1,0.0,4.8
Delhi,ecmwf_ifs025,2026-09-27T11:00,25.8,0.0,8.7
Delhi,ecmwf_ifs025,2026-09-27T12:00,26.4,0.0,11.3
Delhi,ecmwf_ifs025,2026-09-27T13:00,26.7,0.0,13.4
Delhi,ecmwf_ifs025,2026-09-27T14:00,26.8,0.0,13.8
Delhi,ecmwf_ifs025,2026-09-27T15:00,26.3,0.0,12.6
Delhi,ecmwf_ifs025,2026-09-27T16:00,25.6,0.0,9.7
Delhi,ecmwf_ifs025,2026-09-27T17:00,24.8,0.0,7.1
Delhi,ecmwf_ifs025,2026-09-27T18:00,24.2,0.0,5.2
Delhi,ecmwf_ifs025,2026-09-27T19:00,23.6,0.0,4.0
Delhi,ecmwf_ifs025,2026-09-27T20:00,23.0,0.0,3.1
Delhi,ecmwf_ifs025,2026-09-27T21:00,22.6,0.0,1.8
Delhi,ecmwf_ifs025,2026-09-27T22:00,22.3,0.0,1.1
Delhi,ecmwf_ifs025,2026-09-27T23:00,22.0,0.0,1.9
Delhi,ecmwf_ifs025,2026-09-28T00:00,21.7,0.0,2.5
Delhi,ecmwf_ifs025,2026-09-28T01:00,21.5,0.0,2.5
Delhi,ecmwf_ifs025,2026-09-28T02:00,21.4,0.0,2.5
Delhi,ecmwf_ifs025,2026-09-28T03:00,21.3,0.0,2.6
Delhi,ecmwf_ifs025,2026-09-28T04:00,21.3,0.0,3.1
Delhi,ecmwf_ifs025,2026-09-28T05:00,21.6,0.0,3.5
Delhi,ecmwf_ifs025,2026-09-28T06:00,22.3,0.0,3.3
Delhi,ecmwf_ifs025,2026-09-28T07:00,23.1,0.0,2.9
Delhi,ecmwf_ifs025,2026-09-28T08:00,24.1,0.0,2.6
Delhi,ecmwf_ifs025,2026-09-28T09:00,25.1,0.0,2.6
Delhi,ecmwf_ifs025,2026-09-28T10:00,26.3,0.0,3.1
Delhi,ecmwf_ifs025,2026-09-28T11:00,27.3,0.0,3.3
Delhi,ecmwf_ifs025,2026-09-28T12:00,28.2,0.0,3.6
Delhi,ecmwf_ifs025,2026-09-28T13:00,29.0,0.0,3.9
Delhi,ecmwf_ifs025,2026-09-28T14:00,29.4,0.0,4.5
Delhi,ecmwf_ifs025,2026-09-28T15:00,29.2,0.0,4.7
Delhi,ecmwf_ifs025,2026-09-28T16:00,28.7,0.0,4.4
Delhi,ecmwf_ifs025,2026-09-28T17:00,28.1,0.0,4.3
Delhi,ecmwf_ifs025,2026-09-28T18:00,27.4,0.0,4.0
Delhi,ecmwf_ifs025,2026-09-28T19:00,26.6,0.0,3.6
Delhi,ecmwf_ifs025,2026-09-28T20:00,25.8,0.0,3.1
Delhi,ecmwf_ifs025,2026-09-28T21:00,25.2,0.0,2.3
Delhi,ecmwf_ifs025,2026-09-28T22:00,24.7,0.0,2.3
Delhi,ecmwf_ifs025,2026-09-28T23:00,24.2,0.0,3.3
Delhi,ecmwf_ifs025,2026-09-29T00:00,23.9,0.0,3.8
Delhi,ecmwf_ifs025,2026-09-29T01:00,23.6,0.0,3.6
Delhi,ecmwf_ifs025,2026-09-29T02:00,23.4,0.0,3.5
Delhi,ecmwf_ifs025,2026-09-29T03:00,23.2,0.0,4.0
Delhi,ecmwf_ifs025,2026-09-29T04:00,23.0,0.0,4.4
Delhi,ecmwf_ifs025,2026-09-29T05:00,23.1,0.0,4.9
Delhi,ecmwf_ifs025,2026-09-29T06:00,23.7,0.0,4.6
Delhi,ecmwf_ifs025,2026-09-29T07:00,24.5,0.0,3.8
Delhi,ecmwf_ifs025,2026-09-29T08:00,25.6,0.0,3.5
Delhi,ecmwf_ifs025,2026-09-29T09:00,27.0,0.0,4.7
Delhi,ecmwf_ifs025,2026-09-29T10:00,28.6,0.0,6.9
Delhi,ecmwf_ifs025,2026-09-29T11:00,29.9,0.0,8.4
Delhi,ecmwf_ifs025,2026-09-29T12:00,30.6,0.0,8.9
Delhi,ecmwf_ifs025,2026-09-29T13:00,31.0,0.0,8.9
Delhi,ecmwf_ifs025,2026-09-29T14:00,31.0,0.0,8.4
Delhi,ecmwf_ifs025,2026-09-29T15:00,30.7,0.0,7.7
Delhi,ecmwf_ifs025,2026-09-29T16:00,30.1,0.0,6.4
Delhi,ecmwf_ifs025,2026-09-29T17:00,29.4,0.0,5.5
Delhi,ecmwf_ifs025,2026-09-29T18:00,28.5,0.0,5.0
Delhi,ecmwf_ifs025,2026-09-29T19:00,27.4,0.0,4.5
Delhi,ecmwf_ifs025,2026-09-29T20:00,26.6,0.0,4.5
Delhi,ecmwf_ifs025,2026-09-29T21:00,26.2,0.0,5.3
Delhi,ecmwf_ifs025,2026-09-29T22:00,26.0,0.0,6.3
Delhi,ecmwf_ifs025,2026-09-29T23:00,25.8,0.0,7.1
Delhi,gfs_seamless,2026-09-27T00:00,22.5,0.4,15.8
Delhi,gfs_seamless,2026-09-27T01:00,22.9,0.2,15.2
Delhi,gfs_seamless,2026-09-27T02:00,23.1,0.0,12.7
Delhi,gfs_seamless,2026-09-27T03:00,23.1,0.4,5.5
Delhi,gfs_seamless,2026-09-27T04:00,23.2,0.1,12.0
Delhi,gfs_seamless,2026-09-27T05:00,23.0,0.0,6.1
Delhi,gfs_seamless,2026-09-27T06:00,23.2,0.0,5.5
Delhi,gfs_seamless,2026-09-27T07:00,24.0,0.0,2.3
Delhi,gfs_seamless,2026-09-27T08:00,25.0,0.0,4.8
Delhi,gfs_seamless,2026-09-27T09:00,25.8,0.0,10.5
Delhi,gfs_seamless,2026-09-27T10:00,26.5,0.0,12.0
Delhi,gfs_seamless,2026-09-27T11:00,27.2,0.0,13.8
Delhi,gfs_seamless,2026-09-27T12:00,26.3,0.0,13.5
Delhi,gfs_seamless,2026-09-27T13:00,27.6,0.0,12.1
Delhi,gfs_seamless,2026-09-27T14:00,28.9,0.0,11.8
Delhi,gfs_seamless,2026-09-27T15:00,28.5,0.0,17.1
Delhi,gfs_seamless,2026-09-27T16:00,27.0,0.0,18.0
Delhi,gfs_seamless,2026-09-27T17:00,25.9,0.0,18.2
Delhi,gfs_seamless,2026-09-27T18:00,24.7,0.0,18.5
Delhi,gfs_seamless,2026-09-27T19:00,24.3,0.0,18.3
Delhi,gfs_seamless,2026-09-27T20:00,24.5,0.0,16.2
Delhi,gfs_seamless,2026-09-27T21:00,24.5,0.0,15.6
Delhi,gfs_seamless,2026-09-27T22:00,24.5,0.0,11.9
Delhi,gfs_seamless,2026-09-27T23:00,24.3,0.0,9.4
Delhi,gfs_seamless,2026-09-28T00:00,24.2,0.0,8.2
Delhi,gfs_seamless,2026-09-28T01:00,24.1,0.0,8.6
Delhi,gfs_seamless,2026-09-28T02:00,24.2,0.0,2.9
Delhi,gfs_seamless,2026-09-28T03:00,24.5,0.0,2.4
Delhi,gfs_seamless,2026-09-28T04:00,24.6,0.0,2.6
Delhi,gfs_seamless,2026-09-28T05:00,24.5,0.0,4.1
Delhi,gfs_seamless,2026-09-28T06:00,24.5,0.0,5.0
Delhi,gfs_seamless,2026-09-28T07:00,25.0,0.0,3.8
Delhi,gfs_seamless,2026-09-28T08:00,25.9,0.1,4.3
Delhi,gfs_seamless,2026-09-28T09:00,27.2,0.0,5.6
Delhi,gfs_seamless,2026-09-28T10:00,27.9,0.0,6.5
Delhi,gfs_seamless,2026-09-28T11:00,29.2,0.0,7.7
Delhi,gfs_seamless,2026-09-28T12:00,27.6,0.0,10.8
Delhi,gfs_seamless,2026-09-28T13:00,27.1,0.0,10.2
Delhi,gfs_seamless,2026-09-28T14:00,28.5,0.0,9.4
Delhi,gfs_seamless,2026-09-28T15:00,29.4,0.0,9.7
Delhi,gfs_seamless,2026-09-28T16:00,29.3,0.0,10.7
Delhi,gfs_seamless,2026-09-28T17:00,28.6,0.0,10.0
Delhi,gfs_seamless,2026-09-28T18:00,27.9,0.0,9.2
Delhi,gfs_seamless,2026-09-28T19:00,27.8,0.0,8.6
Delhi,gfs_seamless,2026-09-28T20:00,28.1,0.0,8.2
Delhi,gfs_seamless,2026-09-28T21:00,28.2,0.0,10.5
Delhi,gfs_seamless,2026-09-28T22:00,27.9,0.0,8.2
Delhi,gfs_seamless,2026-09-28T23:00,27.5,0.0,7.9
Delhi,gfs_seamless,2026-09-29T00:00,27.5,0.0,9.0
Delhi,gfs_seamless,2026-09-29T01:00,27.4,0.0,10.4
Delhi,gfs_seamless,2026-09-29T02:00,27.3,0.0,8.0
Delhi,gfs_seamless,2026-09-29T03:00,27.2,0.0,5.2
Delhi,gfs_seamless,2026-09-29T04:00,27.3,0.0,3.7
Delhi,gfs_seamless,2026-09-29T05:00,27.0,0.0,5.7
Delhi,gfs_seamless,2026-09-29T06:00,27.0,0.0,8.1
Delhi,gfs_seamless,2026-09-29T07:00,27.0,0.0,7.0
Delhi,gfs_seamless,2026-09-29T08:00,27.6,0.0,6.6
Delhi,gfs_seamless,2026-09-29T09:00,29.8,0.0,6.9
Delhi,gfs_seamless,2026-09-29T10:00,31.5,0.0,6.9
Delhi,gfs_seamless,2026-09-29T11:00,33.0,0.0,7.8
Delhi,gfs_seamless,2026-09-29T12:00,34.3,0.0,7.6
Delhi,gfs_seamless,2026-09-29T13:00,35.6,0.0,6.4
Delhi,gfs_seamless,2026-09-29T14:00,36.5,0.0,6.9
Delhi,gfs_seamless,2026-09-29T15:00,36.7,0.0,12.0
Delhi,gfs_seamless,2026-09-29T16:00,36.4,0.0,12.3
Delhi,gfs_seamless,2026-09-29T17:00,35.9,0.0,8.2
Delhi,gfs_seamless,2026-09-29T18:00,34.6,0.0,8.8
Delhi,gfs_seamless,2026-09-29T19:00,33.6,0.0,9.8
Delhi,gfs_seamless,2026-09-29T20:00,32.7,0.0,9.8
Delhi,gfs_seamless,2026-09-29T21:00,32.2,0.0,9.2
Delhi,gfs_seamless,2026-09-29T22:00,31.5,0.0,9.5
Delhi,gfs_seamless,2026-09-29T23:00,30.9,0.0,9.2
Delhi,icon_seamless,2026-09-27T00:00,21.3,0.1,7.9
Delhi,icon_seamless,2026-09-27T01:00,21.1,0.1,6.2
Delhi,icon_seamless,2026-09-27T02:00,21.1,0.2,3.9
Delhi,icon_seamless,2026-09-27T03:00,21.1,0.0,4.0
Delhi,icon_seamless,2026-09-27T04:00,21.1,0.0,4.1
Delhi,icon_seamless,2026-09-27T05:00,21.3,0.1,4.9
Delhi,icon_seamless,2026-09-27T06:00,21.4,0.0,3.3
Delhi,icon_seamless,2026-09-27T07:00,21.8,0.0,3.6
Delhi,icon_seamless,2026-09-27T08:00,22.8,0.0,3.9
Delhi,icon_seamless,2026-09-27T09:00,24.0,0.0,4.3
Delhi,icon_seamless,2026-09-27T10:00,25.1,0.0,5.6
Delhi,icon_seamless,2026-09-27T11:00,25.7,0.0,8.2
Delhi,icon_seamless,2026-09-27T12:00,26.1,0.0,9.4
Delhi,icon_seamless,2026-09-27T13:00,25.1,0.0,10.3
Delhi,icon_seamless,2026-09-27T14:00,24.8,0.0,9.7
Delhi,icon_seamless,2026-09-27T15:00,24.8,0.0,9.9
Delhi,icon_seamless,2026-09-27T16:00,24.5,0.0,10.0
Delhi,icon_seamless,2026-09-27T17:00,23.5,0.0,10.5
Delhi,icon_seamless,2026-09-27T18:00,22.6,0.0,9.7
Delhi,icon_seamless,2026-09-27T19:00,22.1,0.0,8.4
Delhi,icon_seamless,2026-09-27T20:00,21.8,0.0,8.0
Delhi,icon_seamless,2026-09-27T21:00,21.6,0.0,5.9
Delhi,icon_seamless,2026-09-27T22:00,21.6,0.0,3.9
Delhi,icon_seamless,2026-09-27T23:00,21.6,0.0,1.1
Delhi,icon_seamless,2026-09-28T00:00,21.6,0.0,2.1
Delhi,icon_seamless,2026-09-28T01:00,21.5,0.0,1.8
Delhi,icon_seamless,2026-09-28T02:00,21.4,0.0,2.3
Delhi,icon_seamless,2026-09-28T03:00,21.3,0.0,2.9
Delhi,icon_seamless,2026-09-28T04:00,21.2,0.0,2.9
Delhi,icon_seamless,2026-09-28T05:00,21.2,0.0,2.5
Delhi,icon_seamless,2026-09-28T06:00,21.2,0.0,2.5
Delhi,icon_seamless,2026-09-28T07:00,21.7,0.0,2.6
Delhi,icon_seamless,2026-09-28T08:00,22.7,0.0,3.2
Delhi,icon_seamless,2026-09-28T09:00,23.6,0.0,4.1
Delhi,icon_seamless,2026-09-28T10:00,24.3,0.0,4.6
Delhi,icon_seamless,2026-09-28T11:00,24.9,0.0,5.6
Delhi,icon_seamless,2026-09-28T12:00,25.4,0.0,7.5
Delhi,icon_seamless,2026-09-28T13:00,25.8,0.0,7.3
Delhi,icon_seamless,2026-09-28T14:00,26.4,0.0,7.4
Delhi,icon_seamless,2026-09-28T15:00,26.3,0.0,5.5
Delhi,icon_seamless,2026-09-28T16:00,26.2,0.0,4.9
Delhi,icon_seamless,2026-09-28T17:00,26.0,0.0,3.4
Delhi,icon_seamless,2026-09-28T18:00,25.3,0.0,1.9
Delhi,icon_seamless,2026-09-28T19:00,25.0,0.0,1.0
Delhi,icon_seamless,2026-09-28T20:00,24.8,0.0,1.6
Delhi,icon_seamless,2026-09-28T21:00,24.6,0.0,2.4
Delhi,icon_seamless,2026-09-28T22:00,24.3,0.0,2.5
Delhi,icon_seamless,2026-09-28T23:00,24.1,0.0,2.1
Delhi,icon_seamless,2026-09-29T00:00,23.8,0.0,2.4
Delhi,icon_seamless,2026-09-29T01:00,23.7,0.0,1.8
Delhi,icon_seamless,2026-09-29T02:00,23.6,0.0,0.8
Delhi,icon_seamless,2026-09-29T03:00,23.5,0.0,1.3
Delhi,icon_seamless,2026-09-29T04:00,23.4,0.0,1.9
Delhi,icon_seamless,2026-09-29T05:00,23.2,0.0,1.8
Delhi,icon_seamless,2026-09-29T06:00,22.9,0.0,2.5
Delhi,icon_seamless,2026-09-29T07:00,23.4,0.0,3.7
Delhi,icon_seamless,2026-09-29T08:00,24.5,0.0,5.1
Delhi,icon_seamless,2026-09-29T09:00,26.1,0.0,5.4
Delhi,icon_seamless,2026-09-29T10:00,27.8,0.0,5.6
Delhi,icon_seamless,2026-09-29T11:00,29.4,0.0,5.8
Delhi,icon_seamless,2026-09-29T12:00,30.6,0.0,7.2
Delhi,icon_seamless,2026-09-29T13:00,31.3,0.0,7.4
Delhi,icon_seamless,2026-09-29T14:00,31.5,0.0,7.7
Delhi,icon_seamless,2026-09-29T15:00,31.5,0.0,7.2
Delhi,icon_seamless,2026-09-29T16:00,31.2,0.0,7.0
Delhi,icon_seamless,2026-09-29T17:00,30.5,0.0,5.4
Delhi,icon_seamless,2026-09-29T18:00,29.1,0.0,3.2
Delhi,icon_seamless,2026-09-29T19:00,28.1,0.0,3.0
Delhi,icon_seamless,2026-09-29T20:00,27.6,0.0,2.3
Delhi,icon_seamless,2026-09-29T21:00,27.2,0.0,2.9
Delhi,icon_seamless,2026-09-29T22:00,26.7,0.0,3.3
Delhi,icon_seamless,2026-09-29T23:00,26.2,0.0,3.6
Delhi,gem_seamless,2026-09-27T00:00,20.7,0.9,14.8
Delhi,gem_seamless,2026-09-27T01:00,20.9,0.6,15.5
Delhi,gem_seamless,2026-09-27T02:00,20.9,0.5,15.8
Delhi,gem_seamless,2026-09-27T03:00,20.9,0.7,15.5
Delhi,gem_seamless,2026-09-27T04:00,21.0,0.8,15.1
Delhi,gem_seamless,2026-09-27T05:00,21.0,0.6,14.8
Delhi,gem_seamless,2026-09-27T06:00,20.9,0.7,14.0
Delhi,gem_seamless,2026-09-27T07:00,20.9,0.8,13.0
Delhi,gem_seamless,2026-09-27T08:00,21.1,0.5,14.8
Delhi,gem_seamless,2026-09-27T09:00,21.3,0.4,15.1
Delhi,gem_seamless,2026-09-27T10:00,21.6,0.0,15.1
Delhi,gem_seamless,2026-09-27T11:00,21.8,0.0,15.1
Delhi,gem_seamless,2026-09-27T12:00,22.1,0.1,13.3
Delhi,gem_seamless,2026-09-27T13:00,22.6,0.1,13.0
Delhi,gem_seamless,2026-09-27T14:00,22.8,0.0,14.0
Delhi,gem_seamless,2026-09-27T15:00,23.0,0.0,14.0
Delhi,gem_seamless,2026-09-27T16:00,22.4,0.2,13.0
Delhi,gem_seamless,2026-09-27T17:00,22.0,0.3,12.2
Delhi,gem_seamless,2026-09-27T18:00,21.7,0.2,11.5
Delhi,gem_seamless,2026-09-27T19:00,21.5,0.1,11.2
Delhi,gem_seamless,2026-09-27T20:00,21.4,0.0,11.5
Delhi,gem_seamless,2026-09-27T21:00,21.2,0.0,11.2
Delhi,gem_seamless,2026-09-27T22:00,21.1,0.0,10.4
Delhi,gem_seamless,2026-09-27T23:00,21.0,0.0,9.0
Delhi,gem_seamless,2026-09-28T00:00,20.7,0.0,7.6
Delhi,gem_seamless,2026-09-28T01:00,20.6,0.0,5.0
Delhi,gem_seamless,2026-09-28T02:00,20.4,0.0,1.8
Delhi,gem_seamless,2026-09-28T03:00,20.6,0.0,2.9
Delhi,gem_seamless,2026-09-28T04:00,20.7,0.0,3.6
Delhi,gem_seamless,2026-09-28T05:00,20.8,0.0,3.6
Delhi,gem_seamless,2026-09-28T06:00,21.0,0.0,4.0
Delhi,gem_seamless,2026-09-28T07:00,21.5,0.0,4.0
Delhi,gem_seamless,2026-09-28T08:00,22.9,0.0,3.6
Delhi,gem_seamless,2026-09-28T09:00,24.2,0.0,4.0
Delhi,gem_seamless,2026-09-28T10:00,25.7,0.0,4.3
Delhi,gem_seamless,2026-09-28T11:00,27.1,0.0,5.0
Delhi,gem_seamless,2026-09-28T12:00,28.3,0.0,5.8
Delhi,gem_seamless,2026-09-28T13:00,29.1,0.0,7.2
Delhi,gem_seamless,2026-09-28T14:00,29.5,0.0,9.4
Delhi,gem_seamless,2026-09-28T15:00,29.5,0.0,10.8
Delhi,gem_seamless,2026-09-28T16:00,29.1,0.0,11.2
Delhi,gem_seamless,2026-09-28T17:00,28.3,0.0,10.8
Delhi,gem_seamless,2026-09-28T18:00,26.7,0.0,7.9
Delhi,gem_seamless,2026-09-28T19:00,24.9,0.0,5.8
Delhi,gem_seamless,2026-09-28T20:00,23.5,0.0,4.3
Delhi,gem_seamless,2026-09-28T21:00,22.4,0.0,2.5
Delhi,gem_seamless,2026-09-28T22:00,21.6,0.0,1.4
Delhi,gem_seamless,2026-09-28T23:00,21.2,0.0,0.7
Delhi,gem_seamless,2026-09-29T00:00,20.8,0.0,1.1
Delhi,gem_seamless,2026-09-29T01:00,20.5,0.0,1.8
Delhi,gem_seamless,2026-09-29T02:00,20.2,0.0,2.2
Delhi,gem_seamless,2026-09-29T03:00,20.0,0.0,2.5
Delhi,gem_seamless,2026-09-29T04:00,19.9,0.0,2.5
Delhi,gem_seamless,2026-09-29T05:00,20.0,0.0,2.5
Delhi,gem_seamless,2026-09-29T06:00,20.0,0.0,2.5
Delhi,gem_seamless,2026-09-29T07:00,20.8,0.0,2.5
Delhi,gem_seamless,2026-09-29T08:00,23.0,0.0,4.0
Delhi,gem_seamless,2026-09-29T09:00,26.5,0.0,5.4
Delhi,gem_seamless,2026-09-29T10:00,28.4,0.0,8.3
Delhi,gem_seamless,2026-09-29T11:00,29.5,0.0,9.0
Delhi,gem_seamless,2026-09-29T12:00,30.2,0.0,9.7
Delhi,gem_seamless,2026-09-29T13:00,30.8,0.0,10.4
Delhi,gem_seamless,2026-09-29T14:00,31.2,0.0,10.4
Delhi,gem_seamless,2026-09-29T15:00,31.4,0.0,10.4
Delhi,gem_seamless,2026-09-29T16:00,31.2,0.0,10.4
Delhi,gem_seamless,2026-09-29T17:00,30.6,0.0,9.7
Delhi,gem_seamless,2026-09-29T18:00,29.0,0.0,7.6
Delhi,gem_seamless,2026-09-29T19:00,27.4,0.0,6.8
Delhi,gem_seamless,2026-09-29T20:00,26.1,0.0,7.2
Delhi,gem_seamless,2026-09-29T21:00,25.2,0.0,7.6
Delhi,gem_seamless,2026-09-29T22:00,24.4,0.0,7.6
Delhi,gem_seamless,2026-09-29T23:00,23.8,0.0,7.9
Mumbai,ecmwf_ifs025,2026-09-27T00:00,25.6,0.1,6.9
Mumbai,ecmwf_ifs025,2026-09-27T01:00,25.3,0.1,7.1
Mumbai,ecmwf_ifs025,2026-09-27T02:00,25.1,0.1,7.1
Mumbai,ecmwf_ifs025,2026-09-27T03:00,24.8,0.0,7.5
Mumbai,ecmwf_ifs025,2026-09-27T04:00,24.7,0.0,7.6
Mumbai,ecmwf_ifs025,2026-09-27T05:00,24.7,0.0,7.9
Mumbai,ecmwf_ifs025,2026-09-27T06:00,25.2,0.0,7.9
Mumbai,ecmwf_ifs025,2026-09-27T07:00,25.8,0.0,7.8
Mumbai,ecmwf_ifs025,2026-09-27T08:00,26.6,0.0,6.9
Mumbai,ecmwf_ifs025,2026-09-27T09:00,27.6,0.0,5.2
Mumbai,ecmwf_ifs025,2026-09-27T10:00,28.8,0.0,6.0
Mumbai,ecmwf_ifs025,2026-09-27T11:00,29.6,0.0,8.7
Mumbai,ecmwf_ifs025,2026-09-27T12:00,30.0,0.0,10.1
Mumbai,ecmwf_ifs025,2026-09-27T13:00,30.0,0.0,10.9
Mumbai,ecmwf_ifs025,2026-09-27T14:00,29.9,0.0,11.1
Mumbai,ecmwf_ifs025,2026-09-27T15:00,29.7,0.0,10.9
Mumbai,ecmwf_ifs025,2026-09-27T16:00,29.3,0.0,10.1
Mumbai,ecmwf_ifs025,2026-09-27T17:00,28.9,0.0,8.8
Mumbai,ecmwf_ifs025,2026-09-27T18:00,28.3,0.0,6.9
Mumbai,ecmwf_ifs025,2026-09-27T19:00,27.7,0.0,4.8
Mumbai,ecmwf_ifs025,2026-09-27T20:00,27.1,0.0,3.4
Mumbai,ecmwf_ifs025,2026-09-27T21:00,26.6,0.0,3.4
Mumbai,ecmwf_ifs025,2026-09-27T22:00,26.2,0.0,4.3
Mumbai,ecmwf_ifs025,2026-09-27T23:00,25.8,0.0,5.4
Mumbai,ecmwf_ifs025,2026-09-28T00:00,25.5,0.0,6.0
Mumbai,ecmwf_ifs025,2026-09-28T01:00,25.2,0.0,6.4
Mumbai,ecmwf_ifs025,2026-09-28T02:00,25.0,0.0,6.3
Mumbai,ecmwf_ifs025,2026-09-28T03:00,24.5,0.0,5.7
Mumbai,ecmwf_ifs025,2026-09-28T04:00,24.1,0.0,5.2
Mumbai,ecmwf_ifs025,2026-09-28T05:00,24.0,0.0,4.3
Mumbai,ecmwf_ifs025,2026-09-28T06:00,24.5,0.0,4.0
Mumbai,ecmwf_ifs025,2026-09-28T07:00,25.4,0.0,3.3
Mumbai,ecmwf_ifs025,2026-09-28T08:00,26.4,0.0,2.5
Mumbai,ecmwf_ifs025,2026-09-28T09:00,27.5,0.0,1.1
Mumbai,ecmwf_ifs025,2026-09-28T10:00,28.8,0.0,0.8
Mumbai,ecmwf_ifs025,2026-09-28T11:00,29.8,0.0,2.7
Mumbai,ecmwf_ifs025,2026-09-28T12:00,30.3,0.1,5.0
Mumbai,ecmwf_ifs025,2026-09-28T13:00,30.4,0.1,7.3
Mumbai,ecmwf_ifs025,2026-09-28T14:00,30.4,0.1,9.0
Mumbai,ecmwf_ifs025,2026-09-28T15:00,30.2,0.1,9.4
Mumbai,ecmwf_ifs025,2026-09-28T16:00,29.7,0.1,9.7
Mumbai,ecmwf_ifs025,2026-09-28T17:00,29.2,0.1,9.3
Mumbai,ecmwf_ifs025,2026-09-28T18:00,28.8,0.0,8.0
Mumbai,ecmwf_ifs025,2026-09-28T19:00,28.3,0.0,5.7
Mumbai,ecmwf_ifs025,2026-09-28T20:00,27.8,0.0,3.7
Mumbai,ecmwf_ifs025,2026-09-28T21:00,27.3,0.0,2.3
Mumbai,ecmwf_ifs025,2026-09-28T22:00,26.8,0.0,3.1
Mumbai,ecmwf_ifs025,2026-09-28T23:00,26.4,0.0,4.8
Mumbai,ecmwf_ifs025,2026-09-29T00:00,26.1,0.0,5.4
Mumbai,ecmwf_ifs025,2026-09-29T01:00,25.7,0.0,5.9
Mumbai,ecmwf_ifs025,2026-09-29T02:00,25.5,0.0,5.9
Mumbai,ecmwf_ifs025,2026-09-29T03:00,25.2,0.0,6.2
Mumbai,ecmwf_ifs025,2026-09-29T04:00,25.0,0.0,6.2
Mumbai,ecmwf_ifs025,2026-09-29T05:00,25.0,0.0,6.0
Mumbai,ecmwf_ifs025,2026-09-29T06:00,25.3,0.0,6.1
Mumbai,ecmwf_ifs025,2026-09-29T07:00,25.9,0.0,6.0
Mumbai,ecmwf_ifs025,2026-09-29T08:00,26.7,0.0,5.8
Mumbai,ecmwf_ifs025,2026-09-29T09:00,27.9,0.0,4.9
Mumbai,ecmwf_ifs025,2026-09-29T10:00,29.3,0.0,3.7
Mumbai,ecmwf_ifs025,2026-09-29T11:00,30.2,0.0,2.9
Mumbai,ecmwf_ifs025,2026-09-29T12:00,30.3,0.2,4.3
Mumbai,ecmwf_ifs025,2026-09-29T13:00,30.1,0.2,7.5
Mumbai,ecmwf_ifs025,2026-09-29T14:00,29.5,0.2,8.3
Mumbai,ecmwf_ifs025,2026-09-29T15:00,28.7,0.5,5.1
Mumbai,ecmwf_ifs025,2026-09-29T16:00,27.6,0.5,4.1
Mumbai,ecmwf_ifs025,2026-09-29T17:00,26.7,0.5,7.2
Mumbai,ecmwf_ifs025,2026-09-29T18:00,26.2,0.0,7.3
Mumbai,ecmwf_ifs025,2026-09-29T19:00,25.9,0.0,6.2
Mumbai,ecmwf_ifs025,2026-09-29T20:00,25.7,0.0,5.6
Mumbai,ecmwf_ifs025,2026-09-29T21:00,25.4,0.0,5.2
Mumbai,ecmwf_ifs025,2026-09-29T22:00,25.2,0.0,4.4
Mumbai,ecmwf_ifs025,2026-09-29T23:00,25.1,0.0,3.9
Mumbai,gfs_seamless,2026-09-27T00:00,27.8,0.0,13.7
Mumbai,gfs_seamless,2026-09-27T01:00,27.5,0.0,11.8
Mumbai,gfs_seamless,2026-09-27T02:00,27.3,0.0,11.8
Mumbai,gfs_seamless,2026-09-27T03:00,27.2,0.0,10.1
Mumbai,gfs_seamless,2026-09-27T04:00,27.2,0.0,8.1
Mumbai,gfs_seamless,2026-09-27T05:00,27.1,0.0,7.0
Mumbai,gfs_seamless,2026-09-27T06:00,27.0,0.0,5.9
Mumbai,gfs_seamless,2026-09-27T07:00,27.5,0.0,5.9
Mumbai,gfs_seamless,2026-09-27T08:00,28.5,0.0,7.6
Mumbai,gfs_seamless,2026-09-27T09:00,29.5,0.0,10.3
Mumbai,gfs_seamless,2026-09-27T10:00,30.3,0.0,12.4
Mumbai,gfs_seamless,2026-09-27T11:00,30.9,0.0,13.5
Mumbai,gfs_seamless,2026-09-27T12:00,31.4,0.0,14.5
Mumbai,gfs_seamless,2026-09-27T13:00,31.7,0.0,14.8
Mumbai,gfs_seamless,2026-09-27T14:00,31.7,0.0,16.0
Mumbai,gfs_seamless,2026-09-27T15:00,31.4,0.0,15.5
Mumbai,gfs_seamless,2026-09-27T16:00,30.9,0.0,14.3
Mumbai,gfs_seamless,2026-09-27T17:00,30.2,0.0,13.5
Mumbai,gfs_seamless,2026-09-27T18:00,29.4,0.0,13.0
Mumbai,gfs_seamless,2026-09-27T19:00,29.0,0.0,11.5
Mumbai,gfs_seamless,2026-09-27T20:00,28.7,0.0,10.7
Mumbai,gfs_seamless,2026-09-27T21:00,28.4,0.0,9.7
Mumbai,gfs_seamless,2026-09-27T22:00,28.2,0.0,8.5
Mumbai,gfs_seamless,2026-09-27T23:00,27.9,0.0,7.6
Mumbai,gfs_seamless,2026-09-28T00:00,27.6,0.0,7.9
Mumbai,gfs_seamless,2026-09-28T01:00,27.3,0.0,5.9
Mumbai,gfs_seamless,2026-09-28T02:00,27.0,0.0,4.5
Mumbai,gfs_seamless,2026-09-28T03:00,26.6,0.0,4.3
Mumbai,gfs_seamless,2026-09-28T04:00,26.2,0.0,5.2
Mumbai,gfs_seamless,2026-09-28T05:00,25.7,0.0,6.8
Mumbai,gfs_seamless,2026-09-28T06:00,25.3,0.0,6.8
Mumbai,gfs_seamless,2026-09-28T07:00,25.6,0.0,6.8
Mumbai,gfs_seamless,2026-09-28T08:00,26.8,0.0,6.5
Mumbai,gfs_seamless,2026-09-28T09:00,28.3,0.0,5.6
Mumbai,gfs_seamless,2026-09-28T10:00,29.9,0.0,4.6
Mumbai,gfs_seamless,2026-09-28T11:00,31.2,0.0,5.4
Mumbai,gfs_seamless,2026-09-28T12:00,32.0,0.0,7.3
Mumbai,gfs_seamless,2026-09-28T13:00,32.5,0.0,10.2
Mumbai,gfs_seamless,2026-09-28T14:00,32.7,0.0,11.2
Mumbai,gfs_seamless,2026-09-28T15:00,32.5,0.0,13.5
Mumbai,gfs_seamless,2026-09-28T16:00,31.7,0.0,14.0
Mumbai,gfs_seamless,2026-09-28T17:00,30.8,0.0,13.8
Mumbai,gfs_seamless,2026-09-28T18:00,29.8,0.0,13.2
Mumbai,gfs_seamless,2026-09-28T19:00,29.2,0.0,11.5
Mumbai,gfs_seamless,2026-09-28T20:00,28.9,0.0,8.6
Mumbai,gfs_seamless,2026-09-28T21:00,28.8,0.0,6.6
Mumbai,gfs_seamless,2026-09-28T22:00,28.6,0.0,4.8
Mumbai,gfs_seamless,2026-09-28T23:00,28.4,0.0,4.8
Mumbai,gfs_seamless,2026-09-29T00:00,28.2,0.0,4.6
Mumbai,gfs_seamless,2026-09-29T01:00,28.0,0.0,4.4
Mumbai,gfs_seamless,2026-09-29T02:00,27.8,0.0,7.3
Mumbai,gfs_seamless,2026-09-29T03:00,27.5,0.0,5.0
Mumbai,gfs_seamless,2026-09-29T04:00,27.2,0.0,4.7
Mumbai,gfs_seamless,2026-09-29T05:00,26.9,0.0,5.5
Mumbai,gfs_seamless,2026-09-29T06:00,25.9,1.4,5.2
Mumbai,gfs_seamless,2026-09-29T07:00,26.4,0.2,6.2
Mumbai,gfs_seamless,2026-09-29T08:00,27.5,0.0,7.4
Mumbai,gfs_seamless,2026-09-29T09:00,29.1,0.0,4.3
Mumbai,gfs_seamless,2026-09-29T10:00,30.8,0.0,3.6
Mumbai,gfs_seamless,2026-09-29T11:00,32.3,0.0,3.5
Mumbai,gfs_seamless,2026-09-29T12:00,33.2,0.0,5.4
Mumbai,gfs_seamless,2026-09-29T13:00,33.4,0.0,9.5
Mumbai,gfs_seamless,2026-09-29T14:00,33.0,0.3,13.1
Mumbai,gfs_seamless,2026-09-29T15:00,32.3,0.1,17.8
Mumbai,gfs_seamless,2026-09-29T16:00,31.4,0.0,20.9
Mumbai,gfs_seamless,2026-09-29T17:00,30.3,0.0,19.3
Mumbai,gfs_seamless,2026-09-29T18:00,29.4,0.0,14.4
Mumbai,gfs_seamless,2026-09-29T19:00,29.1,0.0,10.8
Mumbai,gfs_seamless,2026-09-29T20:00,28.9,0.3,9.8
Mumbai,gfs_seamless,2026-09-29T21:00,28.0,3.4,6.6
Mumbai,gfs_seamless,2026-09-29T22:00,28.0,1.5,4.4
Mumbai,gfs_seamless,2026-09-29T23:00,27.9,2.5,3.2
Mumbai,icon_seamless,2026-09-27T00:00,27.8,0.1,7.6
Mumbai,icon_seamless,2026-09-27T01:00,27.6,0.0,7.1
Mumbai,icon_seamless,2026-09-27T02:00,27.4,0.0,6.4
Mumbai,icon_seamless,2026-09-27T03:00,27.1,0.0,5.9
Mumbai,icon_seamless,2026-09-27T04:00,27.0,0.0,4.9
Mumbai,icon_seamless,2026-09-27T05:00,26.9,0.0,3.9
Mumbai,icon_seamless,2026-09-27T06:00,26.8,0.0,3.4
Mumbai,icon_seamless,2026-09-27T07:00,27.2,0.0,2.9
Mumbai,icon_seamless,2026-09-27T08:00,28.1,0.0,4.7
Mumbai,icon_seamless,2026-09-27T09:00,29.2,0.0,5.8
Mumbai,icon_seamless,2026-09-27T10:00,30.1,0.0,7.2
Mumbai,icon_seamless,2026-09-27T11:00,30.8,0.0,8.1
Mumbai,icon_seamless,2026-09-27T12:00,31.2,0.0,9.2
Mumbai,icon_seamless,2026-09-27T13:00,31.3,0.0,10.2
Mumbai,icon_seamless,2026-09-27T14:00,31.0,0.0,10.5
Mumbai,icon_seamless,2026-09-27T15:00,30.7,0.0,10.6
Mumbai,icon_seamless,2026-09-27T16:00,30.1,0.0,10.0
Mumbai,icon_seamless,2026-09-27T17:00,29.6,0.0,9.0
Mumbai,icon_seamless,2026-09-27T18:00,28.9,0.0,7.4
Mumbai,icon_seamless,2026-09-27T19:00,28.4,0.0,5.2
Mumbai,icon_seamless,2026-09-27T20:00,28.0,0.0,3.3
Mumbai,icon_seamless,2026-09-27T21:00,27.7,0.0,2.8
Mumbai,icon_seamless,2026-09-27T22:00,27.5,0.0,2.9
Mumbai,icon_seamless,2026-09-27T23:00,27.3,0.0,2.5
Mumbai,icon_seamless,2026-09-28T00:00,27.2,0.0,2.6
Mumbai,icon_seamless,2026-09-28T01:00,27.1,0.0,2.8
Mumbai,icon_seamless,2026-09-28T02:00,26.8,0.0,3.1
Mumbai,icon_seamless,2026-09-28T03:00,26.5,0.0,3.3
Mumbai,icon_seamless,2026-09-28T04:00,26.3,0.0,3.6
Mumbai,icon_seamless,2026-09-28T05:00,26.1,0.0,3.6
Mumbai,icon_seamless,2026-09-28T06:00,26.1,0.0,3.6
Mumbai,icon_seamless,2026-09-28T07:00,26.3,0.0,3.2
Mumbai,icon_seamless,2026-09-28T08:00,27.3,0.0,4.0
Mumbai,icon_seamless,2026-09-28T09:00,28.6,0.0,3.4
Mumbai,icon_seamless,2026-09-28T10:00,29.8,0.0,2.5
Mumbai,icon_seamless,2026-09-28T11:00,30.7,0.0,5.2
Mumbai,icon_seamless,2026-09-28T12:00,31.1,0.0,7.9
Mumbai,icon_seamless,2026-09-28T13:00,31.1,0.0,8.8
Mumbai,icon_seamless,2026-09-28T14:00,30.9,0.0,9.4
Mumbai,icon_seamless,2026-09-28T15:00,30.4,0.0,9.7
Mumbai,icon_seamless,2026-09-28T16:00,29.8,0.0,9.8
Mumbai,icon_seamless,2026-09-28T17:00,29.3,0.0,9.3
Mumbai,icon_seamless,2026-09-28T18:00,28.7,0.0,8.0
Mumbai,icon_seamless,2026-09-28T19:00,28.3,0.0,6.4
Mumbai,icon_seamless,2026-09-28T20:00,28.0,0.0,5.1
Mumbai,icon_seamless,2026-09-28T21:00,27.8,0.0,4.2
Mumbai,icon_seamless,2026-09-28T22:00,27.6,0.0,3.3
Mumbai,icon_seamless,2026-09-28T23:00,27.3,0.0,3.0
Mumbai,icon_seamless,2026-09-29T00:00,27.0,0.0,3.1
Mumbai,icon_seamless,2026-09-29T01:00,26.7,0.0,3.2
Mumbai,icon_seamless,2026-09-29T02:00,26.4,0.0,3.4
Mumbai,icon_seamless,2026-09-29T03:00,26.3,0.0,3.7
Mumbai,icon_seamless,2026-09-29T04:00,26.2,0.0,3.5
Mumbai,icon_seamless,2026-09-29T05:00,26.2,0.0,3.5
Mumbai,icon_seamless,2026-09-29T06:00,26.1,0.0,2.6
Mumbai,icon_seamless,2026-09-29T07:00,26.4,0.0,3.0
Mumbai,icon_seamless,2026-09-29T08:00,27.5,0.0,4.0
Mumbai,icon_seamless,2026-09-29T09:00,28.8,0.0,4.7
Mumbai,icon_seamless,2026-09-29T10:00,30.3,0.0,5.0
Mumbai,icon_seamless,2026-09-29T11:00,31.1,0.0,5.1
Mumbai,icon_seamless,2026-09-29T12:00,31.7,0.1,7.6
Mumbai,icon_seamless,2026-09-29T13:00,31.7,0.3,9.6
Mumbai,icon_seamless,2026-09-29T14:00,31.5,0.0,11.5
Mumbai,icon_seamless,2026-09-29T15:00,31.3,0.0,11.2
Mumbai,icon_seamless,2026-09-29T16:00,30.4,0.6,10.9
Mumbai,icon_seamless,2026-09-29T17:00,29.7,0.0,10.6
Mumbai,icon_seamless,2026-09-29T18:00,29.0,0.0,7.6
Mumbai,icon_seamless,2026-09-29T19:00,28.5,0.0,6.9
Mumbai,icon_seamless,2026-09-29T20:00,28.3,0.0,4.0
Mumbai,icon_seamless,2026-09-29T21:00,28.0,0.0,2.6
Mumbai,icon_seamless,2026-09-29T22:00,27.8,0.0,2.3
Mumbai,icon_seamless,2026-09-29T23:00,27.7,0.0,0.0
Mumbai,gem_seamless,2026-09-27T00:00,26.6,0.0,7.9
Mumbai,gem_seamless,2026-09-27T01:00,26.8,0.0,7.9
Mumbai,gem_seamless,2026-09-27T02:00,27.0,0.0,8.6
Mumbai,gem_seamless,2026-09-27T03:00,27.2,0.0,9.0
Mumbai,gem_seamless,2026-09-27T04:00,27.1,0.0,8.6
Mumbai,gem_seamless,2026-09-27T05:00,26.7,0.0,7.6
Mumbai,gem_seamless,2026-09-27T06:00,26.5,0.0,6.1
Mumbai,gem_seamless,2026-09-27T07:00,27.1,0.0,5.0
Mumbai,gem_seamless,2026-09-27T08:00,28.6,0.0,5.4
Mumbai,gem_seamless,2026-09-27T09:00,29.7,0.0,7.9
Mumbai,gem_seamless,2026-09-27T10:00,30.5,0.0,10.8
Mumbai,gem_seamless,2026-09-27T11:00,30.8,0.0,13.3
Mumbai,gem_seamless,2026-09-27T12:00,31.2,0.0,15.1
Mumbai,gem_seamless,2026-09-27T13:00,31.2,0.0,16.6
Mumbai,gem_seamless,2026-09-27T14:00,31.0,0.0,16.9
Mumbai,gem_seamless,2026-09-27T15:00,30.8,0.0,17.3
Mumbai,gem_seamless,2026-09-27T16:00,30.4,0.0,16.9
Mumbai,gem_seamless,2026-09-27T17:00,29.7,0.0,15.5
Mumbai,gem_seamless,2026-09-27T18:00,28.7,0.0,13.3
Mumbai,gem_seamless,2026-09-27T19:00,27.6,0.0,8.6
Mumbai,gem_seamless,2026-09-27T20:00,26.9,0.0,7.2
Mumbai,gem_seamless,2026-09-27T21:00,26.5,0.0,5.4
Mumbai,gem_seamless,2026-09-27T22:00,26.0,0.0,4.3
Mumbai,gem_seamless,2026-09-27T23:00,25.6,0.0,4.0
Mumbai,gem_seamless,2026-09-28T00:00,25.1,0.0,4.0
Mumbai,gem_seamless,2026-09-28T01:00,24.7,0.0,4.3
Mumbai,gem_seamless,2026-09-28T02:00,24.3,0.0,4.3
Mumbai,gem_seamless,2026-09-28T03:00,23.9,0.0,5.0
Mumbai,gem_seamless,2026-09-28T04:00,23.4,0.0,5.8
Mumbai,gem_seamless,2026-09-28T05:00,23.2,0.0,6.5
Mumbai,gem_seamless,2026-09-28T06:00,22.9,0.0,7.6
Mumbai,gem_seamless,2026-09-28T07:00,23.2,0.0,7.6
Mumbai,gem_seamless,2026-09-28T08:00,25.4,0.0,7.9
Mumbai,gem_seamless,2026-09-28T09:00,28.0,0.0,7.6
Mumbai,gem_seamless,2026-09-28T10:00,29.5,0.0,0.7
Mumbai,gem_seamless,2026-09-28T11:00,30.5,0.0,4.7
Mumbai,gem_seamless,2026-09-28T12:00,31.2,0.0,9.0
Mumbai,gem_seamless,2026-09-28T13:00,31.3,0.0,13.7
Mumbai,gem_seamless,2026-09-28T14:00,31.3,0.0,16.2
Mumbai,gem_seamless,2026-09-28T15:00,31.0,0.0,17.3
Mumbai,gem_seamless,2026-09-28T16:00,30.5,0.0,16.9
Mumbai,gem_seamless,2026-09-28T17:00,29.9,0.0,15.8
Mumbai,gem_seamless,2026-09-28T18:00,28.8,0.0,14.0
Mumbai,gem_seamless,2026-09-28T19:00,27.9,0.0,9.7
Mumbai,gem_seamless,2026-09-28T20:00,27.3,0.0,7.9
Mumbai,gem_seamless,2026-09-28T21:00,26.8,0.0,7.6
Mumbai,gem_seamless,2026-09-28T22:00,26.4,0.0,6.1
Mumbai,gem_seamless,2026-09-28T23:00,26.0,0.0,5.4
Mumbai,gem_seamless,2026-09-29T00:00,25.5,0.0,6.1
Mumbai,gem_seamless,2026-09-29T01:00,25.1,0.0,6.8
Mumbai,gem_seamless,2026-09-29T02:00,25.0,0.0,6.1
Mumbai,gem_seamless,2026-09-29T03:00,25.2,0.0,4.7
Mumbai,gem_seamless,2026-09-29T04:00,25.3,0.1,5.0
Mumbai,gem_seamless,2026-09-29T05:00,25.4,0.1,10.1
Mumbai,gem_seamless,2026-09-29T06:00,25.5,0.0,10.4
Mumbai,gem_seamless,2026-09-29T07:00,25.9,0.0,7.6
Mumbai,gem_seamless,2026-09-29T08:00,26.9,0.0,5.4
Mumbai,gem_seamless,2026-09-29T09:00,28.1,0.0,1.1
Mumbai,gem_seamless,2026-09-29T10:00,29.3,0.0,7.2
Mumbai,gem_seamless,2026-09-29T11:00,30.1,0.0,9.4
Mumbai,gem_seamless,2026-09-29T12:00,30.5,0.0,10.4
Mumbai,gem_seamless,2026-09-29T13:00,31.0,0.0,11.5
Mumbai,gem_seamless,2026-09-29T14:00,31.3,0.0,14.0
Mumbai,gem_seamless,2026-09-29T15:00,31.5,0.0,15.5
Mumbai,gem_seamless,2026-09-29T16:00,31.5,0.0,15.8
Mumbai,gem_seamless,2026-09-29T17:00,31.0,0.0,16.9
Mumbai,gem_seamless,2026-09-29T18:00,29.7,0.0,18.0
Mumbai,gem_seamless,2026-09-29T19:00,28.7,0.0,16.9
Mumbai,gem_seamless,2026-09-29T20:00,28.1,0.0,14.8
Mumbai,gem_seamless,2026-09-29T21:00,27.8,0.0,13.3
Mumbai,gem_seamless,2026-09-29T22:00,27.5,0.0,12.2
Mumbai,gem_seamless,2026-09-29T23:00,27.3,0.0,10.8
Chennai,ecmwf_ifs025,2026-09-27T00:00,29.7,0.0,9.3
Chennai,ecmwf_ifs025,2026-09-27T01:00,29.2,0.0,8.7
Chennai,ecmwf_ifs025,2026-09-27T02:00,28.7,0.0,7.6
Chennai,ecmwf_ifs025,2026-09-27T03:00,28.1,0.0,6.0
Chennai,ecmwf_ifs025,2026-09-27T04:00,27.5,0.0,4.1
Chennai,ecmwf_ifs025,2026-09-27T05:00,27.5,0.0,3.8
Chennai,ecmwf_ifs025,2026-09-27T06:00,28.5,0.0,5.9
Chennai,ecmwf_ifs025,2026-09-27T07:00,30.1,0.0,8.6
Chennai,ecmwf_ifs025,2026-09-27T08:00,31.7,0.0,9.7
Chennai,ecmwf_ifs025,2026-09-27T09:00,33.2,0.1,8.7
Chennai,ecmwf_ifs025,2026-09-27T10:00,34.7,0.1,8.3
Chennai,ecmwf_ifs025,2026-09-27T11:00,35.7,0.1,9.0
Chennai,ecmwf_ifs025,2026-09-27T12:00,35.7,0.2,8.9
Chennai,ecmwf_ifs025,2026-09-27T13:00,35.2,0.2,9.9
Chennai,ecmwf_ifs025,2026-09-27T14:00,34.4,0.2,11.3
Chennai,ecmwf_ifs025,2026-09-27T15:00,33.6,0.1,10.4
Chennai,ecmwf_ifs025,2026-09-27T16:00,32.5,0.1,8.3
Chennai,ecmwf_ifs025,2026-09-27T17:00,31.6,0.1,6.6
Chennai,ecmwf_ifs025,2026-09-27T18:00,31.0,0.0,6.3
Chennai,ecmwf_ifs025,2026-09-27T19:00,30.5,0.0,6.6
Chennai,ecmwf_ifs025,2026-09-27T20:00,30.1,0.0,6.4
Chennai,ecmwf_ifs025,2026-09-27T21:00,29.8,0.0,6.2
Chennai,ecmwf_ifs025,2026-09-27T22:00,29.5,0.0,5.4
Chennai,ecmwf_ifs025,2026-09-27T23:00,29.2,0.0,5.2
Chennai,ecmwf_ifs025,2026-09-28T00:00,28.8,0.0,5.0
Chennai,ecmwf_ifs025,2026-09-28T01:00,28.4,0.0,5.8
Chennai,ecmwf_ifs025,2026-09-28T02:00,28.0,0.0,6.6
Chennai,ecmwf_ifs025,2026-09-28T03:00,27.4,0.0,7.0
Chennai,ecmwf_ifs025,2026-09-28T04:00,26.9,0.0,7.0
Chennai,ecmwf_ifs025,2026-09-28T05:00,26.9,0.0,7.4
Chennai,ecmwf_ifs025,2026-09-28T06:00,27.8,0.0,8.3
Chennai,ecmwf_ifs025,2026-09-28T07:00,29.3,0.0,9.0
Chennai,ecmwf_ifs025,2026-09-28T08:00,30.8,0.0,8.6
Chennai,ecmwf_ifs025,2026-09-28T09:00,32.3,0.1,6.1
Chennai,ecmwf_ifs025,2026-09-28T10:00,33.9,0.1,4.0
Chennai,ecmwf_ifs025,2026-09-28T11:00,34.8,0.1,6.1
Chennai,ecmwf_ifs025,2026-09-28T12:00,34.7,0.2,10.0
Chennai,ecmwf_ifs025,2026-09-28T13:00,34.0,0.2,14.2
Chennai,ecmwf_ifs025,2026-09-28T14:00,33.2,0.2,16.7
Chennai,ecmwf_ifs025,2026-09-28T15:00,32.5,0.1,16.3
Chennai,ecmwf_ifs025,2026-09-28T16:00,31.8,0.1,14.7
Chennai,ecmwf_ifs025,2026-09-28T17:00,31.2,0.1,13.0
Chennai,ecmwf_ifs025,2026-09-28T18:00,30.7,0.0,12.0
Chennai,ecmwf_ifs025,2026-09-28T19:00,30.3,0.0,11.0
Chennai,ecmwf_ifs025,2026-09-28T20:00,29.9,0.0,10.4
Chennai,ecmwf_ifs025,2026-09-28T21:00,29.5,0.0,10.2
Chennai,ecmwf_ifs025,2026-09-28T22:00,29.2,0.0,10.4
Chennai,ecmwf_ifs025,2026-09-28T23:00,28.9,0.0,10.1
Chennai,ecmwf_ifs025,2026-09-29T00:00,28.5,0.0,8.9
Chennai,ecmwf_ifs025,2026-09-29T01:00,28.1,0.0,8.4
Chennai,ecmwf_ifs025,2026-09-29T02:00,27.8,0.0,8.7
Chennai,ecmwf_ifs025,2026-09-29T03:00,27.4,0.0,9.0
Chennai,ecmwf_ifs025,2026-09-29T04:00,27.0,0.0,9.2
Chennai,ecmwf_ifs025,2026-09-29T05:00,27.2,0.0,8.7
Chennai,ecmwf_ifs025,2026-09-29T06:00,28.0,0.0,8.4
Chennai,ecmwf_ifs025,2026-09-29T07:00,29.4,0.0,8.0
Chennai,ecmwf_ifs025,2026-09-29T08:00,30.8,0.0,7.3
Chennai,ecmwf_ifs025,2026-09-29T09:00,32.5,0.0,4.9
Chennai,ecmwf_ifs025,2026-09-29T10:00,34.2,0.0,2.4
Chennai,ecmwf_ifs025,2026-09-29T11:00,35.1,0.0,4.0
Chennai,ecmwf_ifs025,2026-09-29T12:00,34.5,0.5,7.6
Chennai,ecmwf_ifs025,2026-09-29T13:00,33.0,0.5,11.8
Chennai,ecmwf_ifs025,2026-09-29T14:00,31.7,0.5,14.0
Chennai,ecmwf_ifs025,2026-09-29T15:00,31.0,0.6,12.9
Chennai,ecmwf_ifs025,2026-09-29T16:00,30.5,0.6,10.5
Chennai,ecmwf_ifs025,2026-09-29T17:00,30.1,0.6,8.4
Chennai,ecmwf_ifs025,2026-09-29T18:00,29.7,0.0,7.6
Chennai,ecmwf_ifs025,2026-09-29T19:00,29.4,0.0,7.3
Chennai,ecmwf_ifs025,2026-09-29T20:00,29.0,0.0,6.6
Chennai,ecmwf_ifs025,2026-09-29T21:00,28.7,0.0,5.2
Chennai,ecmwf_ifs025,2026-09-29T22:00,28.3,0.0,5.1
Chennai,ecmwf_ifs025,2026-09-29T23:00,27.9,0.0,6.5
Chennai,gfs_seamless,2026-09-27T00:00,30.6,0.0,4.7
Chennai,gfs_seamless,2026-09-27T01:00,30.0,0.0,7.0
Chennai,gfs_seamless,2026-09-27T02:00,29.6,0.0,6.4
Chennai,gfs_seamless,2026-09-27T03:00,29.3,0.0,6.2
Chennai,gfs_seamless,2026-09-27T04:00,28.9,0.0,6.4
Chennai,gfs_seamless,2026-09-27T05:00,28.7,0.0,5.2
Chennai,gfs_seamless,2026-09-27T06:00,29.0,0.0,2.3
Chennai,gfs_seamless,2026-09-27T07:00,30.8,0.0,5.5
Chennai,gfs_seamless,2026-09-27T08:00,32.5,0.0,8.1
Chennai,gfs_seamless,2026-09-27T09:00,34.4,0.0,7.8
Chennai,gfs_seamless,2026-09-27T10:00,36.0,0.0,6.5
Chennai,gfs_seamless,2026-09-27T11:00,36.9,0.0,8.9
Chennai,gfs_seamless,2026-09-27T12:00,37.6,0.0,12.4
Chennai,gfs_seamless,2026-09-27T13:00,37.9,0.0,19.7
Chennai,gfs_seamless,2026-09-27T14:00,34.7,0.0,25.5
Chennai,gfs_seamless,2026-09-27T15:00,32.8,0.0,19.2
Chennai,gfs_seamless,2026-09-27T16:00,32.7,0.0,16.2
Chennai,gfs_seamless,2026-09-27T17:00,32.4,0.0,16.3
Chennai,gfs_seamless,2026-09-27T18:00,31.7,0.0,18.1
Chennai,gfs_seamless,2026-09-27T19:00,31.2,0.0,10.4
Chennai,gfs_seamless,2026-09-27T20:00,31.2,0.0,11.9
Chennai,gfs_seamless,2026-09-27T21:00,30.8,0.0,3.2
Chennai,gfs_seamless,2026-09-27T22:00,30.5,0.0,6.2
Chennai,gfs_seamless,2026-09-27T23:00,30.2,0.0,5.8
Chennai,gfs_seamless,2026-09-28T00:00,29.9,0.0,7.1
Chennai,gfs_seamless,2026-09-28T01:00,29.7,0.0,5.9
Chennai,gfs_seamless,2026-09-28T02:00,29.8,0.0,7.0
Chennai,gfs_seamless,2026-09-28T03:00,29.7,0.0,5.5
Chennai,gfs_seamless,2026-09-28T04:00,29.3,0.0,5.6
Chennai,gfs_seamless,2026-09-28T05:00,29.1,0.0,5.1
Chennai,gfs_seamless,2026-09-28T06:00,29.2,0.0,5.7
Chennai,gfs_seamless,2026-09-28T07:00,30.4,0.0,6.9
Chennai,gfs_seamless,2026-09-28T08:00,32.0,0.0,6.1
Chennai,gfs_seamless,2026-09-28T09:00,33.7,0.0,2.8
Chennai,gfs_seamless,2026-09-28T10:00,35.1,0.0,2.6
Chennai,gfs_seamless,2026-09-28T11:00,35.8,0.0,8.6
Chennai,gfs_seamless,2026-09-28T12:00,36.4,0.0,16.8
Chennai,gfs_seamless,2026-09-28T13:00,33.1,0.0,23.9
Chennai,gfs_seamless,2026-09-28T14:00,31.5,0.0,16.3
Chennai,gfs_seamless,2026-09-28T15:00,31.4,0.1,13.6
Chennai,gfs_seamless,2026-09-28T16:00,31.0,0.4,16.0
Chennai,gfs_seamless,2026-09-28T17:00,31.0,0.0,14.6
Chennai,gfs_seamless,2026-09-28T18:00,30.4,0.0,10.0
Chennai,gfs_seamless,2026-09-28T19:00,30.1,0.1,5.9
Chennai,gfs_seamless,2026-09-28T20:00,30.1,0.0,6.2
Chennai,gfs_seamless,2026-09-28T21:00,29.9,0.0,4.1
Chennai,gfs_seamless,2026-09-28T22:00,30.1,0.0,5.5
Chennai,gfs_seamless,2026-09-28T23:00,30.0,0.0,7.6
Chennai,gfs_seamless,2026-09-29T00:00,29.8,0.0,7.2
Chennai,gfs_seamless,2026-09-29T01:00,29.7,0.0,8.5
Chennai,gfs_seamless,2026-09-29T02:00,29.7,0.0,8.4
Chennai,gfs_seamless,2026-09-29T03:00,29.6,0.0,9.5
Chennai,gfs_seamless,2026-09-29T04:00,28.9,0.0,11.1
Chennai,gfs_seamless,2026-09-29T05:00,28.3,0.0,9.9
Chennai,gfs_seamless,2026-09-29T06:00,28.4,0.0,10.0
Chennai,gfs_seamless,2026-09-29T07:00,30.1,0.0,9.4
Chennai,gfs_seamless,2026-09-29T08:00,31.7,0.0,9.4
Chennai,gfs_seamless,2026-09-29T09:00,33.2,0.0,8.4
Chennai,gfs_seamless,2026-09-29T10:00,34.6,0.0,7.6
Chennai,gfs_seamless,2026-09-29T11:00,35.7,0.0,9.4
Chennai,gfs_seamless,2026-09-29T12:00,35.4,0.2,15.6
Chennai,gfs_seamless,2026-09-29T13:00,33.8,0.1,16.0
Chennai,gfs_seamless,2026-09-29T14:00,33.5,0.0,15.3
Chennai,gfs_seamless,2026-09-29T15:00,34.3,0.0,15.6
Chennai,gfs_seamless,2026-09-29T16:00,33.6,0.1,10.9
Chennai,gfs_seamless,2026-09-29T17:00,32.6,0.0,12.5
Chennai,gfs_seamless,2026-09-29T18:00,30.0,1.3,13.1
Chennai,gfs_seamless,2026-09-29T19:00,30.1,0.3,9.2
Chennai,gfs_seamless,2026-09-29T20:00,29.9,0.0,7.6
Chennai,gfs_seamless,2026-09-29T21:00,29.7,0.0,7.6
Chennai,gfs_seamless,2026-09-29T22:00,29.5,0.0,5.0
Chennai,gfs_seamless,2026-09-29T23:00,29.1,0.1,8.7
Chennai,icon_seamless,2026-09-27T00:00,29.0,0.0,4.2
Chennai,icon_seamless,2026-09-27T01:00,28.9,0.0,4.6
Chennai,icon_seamless,2026-09-27T02:00,28.6,0.0,3.9
Chennai,icon_seamless,2026-09-27T03:00,28.4,0.0,3.1
Chennai,icon_seamless,2026-09-27T04:00,28.2,0.0,1.1
Chennai,icon_seamless,2026-09-27T05:00,27.9,0.0,1.5
Chennai,icon_seamless,2026-09-27T06:00,27.7,0.0,1.8
Chennai,icon_seamless,2026-09-27T07:00,28.8,0.0,3.3
Chennai,icon_seamless,2026-09-27T08:00,30.6,0.0,5.1
Chennai,icon_seamless,2026-09-27T09:00,32.8,0.0,5.2
Chennai,icon_seamless,2026-09-27T10:00,34.9,0.0,5.4
Chennai,icon_seamless,2026-09-27T11:00,35.8,0.0,6.7
Chennai,icon_seamless,2026-09-27T12:00,36.3,0.0,5.4
Chennai,icon_seamless,2026-09-27T13:00,36.9,0.0,4.5
Chennai,icon_seamless,2026-09-27T14:00,36.6,0.0,6.9
Chennai,icon_seamless,2026-09-27T15:00,34.9,0.1,10.7
Chennai,icon_seamless,2026-09-27T16:00,33.8,0.0,8.2
Chennai,icon_seamless,2026-09-27T17:00,32.9,0.0,7.1
Chennai,icon_seamless,2026-09-27T18:00,31.5,0.0,7.0
Chennai,icon_seamless,2026-09-27T19:00,30.9,0.0,5.4
Chennai,icon_seamless,2026-09-27T20:00,30.5,0.0,4.1
Chennai,icon_seamless,2026-09-27T21:00,30.2,0.0,4.8
Chennai,icon_seamless,2026-09-27T22:00,30.1,0.0,4.6
Chennai,icon_seamless,2026-09-27T23:00,29.8,0.1,1.1
Chennai,icon_seamless,2026-09-28T00:00,29.7,0.0,1.4
Chennai,icon_seamless,2026-09-28T01:00,29.4,0.0,2.9
Chennai,icon_seamless,2026-09-28T02:00,29.0,0.0,4.7
Chennai,icon_seamless,2026-09-28T03:00,28.7,0.0,6.4
Chennai,icon_seamless,2026-09-28T04:00,28.4,0.0,5.7
Chennai,icon_seamless,2026-09-28T05:00,28.2,0.0,5.5
Chennai,icon_seamless,2026-09-28T06:00,28.0,0.0,4.9
Chennai,icon_seamless,2026-09-28T07:00,28.9,0.0,5.8
Chennai,icon_seamless,2026-09-28T08:00,30.7,0.0,7.3
Chennai,icon_seamless,2026-09-28T09:00,32.8,0.0,7.2
Chennai,icon_seamless,2026-09-28T10:00,34.8,0.0,6.6
Chennai,icon_seamless,2026-09-28T11:00,36.3,0.0,4.3
Chennai,icon_seamless,2026-09-28T12:00,37.4,0.0,1.1
Chennai,icon_seamless,2026-09-28T13:00,37.7,0.0,3.8
Chennai,icon_seamless,2026-09-28T14:00,36.2,0.0,10.1
Chennai,icon_seamless,2026-09-28T15:00,34.2,0.0,11.2
Chennai,icon_seamless,2026-09-28T16:00,33.6,0.0,9.4
Chennai,icon_seamless,2026-09-28T17:00,32.7,0.0,8.7
Chennai,icon_seamless,2026-09-28T18:00,31.4,0.0,7.0
Chennai,icon_seamless,2026-09-28T19:00,30.8,0.0,5.4
Chennai,icon_seamless,2026-09-28T20:00,30.4,0.1,2.1
Chennai,icon_seamless,2026-09-28T21:00,30.0,0.1,0.5
Chennai,icon_seamless,2026-09-28T22:00,29.9,0.0,1.1
Chennai,icon_seamless,2026-09-28T23:00,29.7,0.0,2.1
Chennai,icon_seamless,2026-09-29T00:00,29.5,0.0,0.8
Chennai,icon_seamless,2026-09-29T01:00,29.3,0.0,1.3
Chennai,icon_seamless,2026-09-29T02:00,29.0,0.0,2.6
Chennai,icon_seamless,2026-09-29T03:00,28.7,0.0,4.2
Chennai,icon_seamless,2026-09-29T04:00,28.3,0.0,5.2
Chennai,icon_seamless,2026-09-29T05:00,28.2,0.0,5.2
Chennai,icon_seamless,2026-09-29T06:00,28.1,0.0,5.4
Chennai,icon_seamless,2026-09-29T07:00,28.6,0.0,4.1
Chennai,icon_seamless,2026-09-29T08:00,29.9,0.0,5.1
Chennai,icon_seamless,2026-09-29T09:00,31.8,0.0,6.5
Chennai,icon_seamless,2026-09-29T10:00,34.0,0.0,6.5
Chennai,icon_seamless,2026-09-29T11:00,35.6,0.0,4.2
Chennai,icon_seamless,2026-09-29T12:00,36.6,0.0,2.5
Chennai,icon_seamless,2026-09-29T13:00,36.7,0.0,5.2
Chennai,icon_seamless,2026-09-29T14:00,33.7,0.8,9.2
Chennai,icon_seamless,2026-09-29T15:00,33.4,0.1,6.4
Chennai,icon_seamless,2026-09-29T16:00,33.2,0.0,6.7
Chennai,icon_seamless,2026-09-29T17:00,31.9,0.0,7.1
Chennai,icon_seamless,2026-09-29T18:00,30.7,0.0,6.1
Chennai,icon_seamless,2026-09-29T19:00,30.1,0.0,4.6
Chennai,icon_seamless,2026-09-29T20:00,29.9,0.0,3.7
Chennai,icon_seamless,2026-09-29T21:00,29.7,0.0,4.0
Chennai,icon_seamless,2026-09-29T22:00,29.5,0.0,4.2
Chennai,icon_seamless,2026-09-29T23:00,29.2,0.0,4.7
Chennai,gem_seamless,2026-09-27T00:00,28.6,0.0,16.6
Chennai,gem_seamless,2026-09-27T01:00,28.1,0.0,11.5
Chennai,gem_seamless,2026-09-27T02:00,27.6,0.0,10.4
Chennai,gem_seamless,2026-09-27T03:00,27.1,0.0,9.4
Chennai,gem_seamless,2026-09-27T04:00,26.7,0.0,8.3
Chennai,gem_seamless,2026-09-27T05:00,26.2,0.0,8.6
Chennai,gem_seamless,2026-09-27T06:00,25.9,0.0,13.0
Chennai,gem_seamless,2026-09-27T07:00,27.5,0.0,14.0
Chennai,gem_seamless,2026-09-27T08:00,30.0,0.0,14.4
Chennai,gem_seamless,2026-09-27T09:00,31.8,0.0,14.0
Chennai,gem_seamless,2026-09-27T10:00,32.6,0.0,11.9
Chennai,gem_seamless,2026-09-27T11:00,33.2,0.0,10.4
Chennai,gem_seamless,2026-09-27T12:00,33.7,0.0,9.7
Chennai,gem_seamless,2026-09-27T13:00,34.0,0.0,9.7
Chennai,gem_seamless,2026-09-27T14:00,34.0,0.0,12.2
Chennai,gem_seamless,2026-09-27T15:00,33.3,0.0,16.2
Chennai,gem_seamless,2026-09-27T16:00,32.2,0.0,17.3
Chennai,gem_seamless,2026-09-27T17:00,31.1,0.0,15.5
Chennai,gem_seamless,2026-09-27T18:00,30.3,0.0,11.9
Chennai,gem_seamless,2026-09-27T19:00,29.5,0.0,7.6
Chennai,gem_seamless,2026-09-27T20:00,28.8,0.0,5.4
Chennai,gem_seamless,2026-09-27T21:00,28.3,0.0,3.2
Chennai,gem_seamless,2026-09-27T22:00,27.9,0.0,5.8
Chennai,gem_seamless,2026-09-27T23:00,27.6,0.0,6.5
Chennai,gem_seamless,2026-09-28T00:00,27.3,0.0,6.1
Chennai,gem_seamless,2026-09-28T01:00,26.9,0.0,11.2
Chennai,gem_seamless,2026-09-28T02:00,26.9,0.0,12.6
Chennai,gem_seamless,2026-09-28T03:00,27.0,0.0,12.2
Chennai,gem_seamless,2026-09-28T04:00,27.0,0.0,14.8
Chennai,gem_seamless,2026-09-28T05:00,26.7,0.0,15.8
Chennai,gem_seamless,2026-09-28T06:00,26.6,0.0,15.5
Chennai,gem_seamless,2026-09-28T07:00,27.8,0.0,15.5
Chennai,gem_seamless,2026-09-28T08:00,29.7,0.0,14.0
Chennai,gem_seamless,2026-09-28T09:00,31.4,0.0,11.9
Chennai,gem_seamless,2026-09-28T10:00,32.5,0.0,10.1
Chennai,gem_seamless,2026-09-28T11:00,33.2,0.0,10.1
Chennai,gem_seamless,2026-09-28T12:00,33.4,0.0,13.3
Chennai,gem_seamless,2026-09-28T13:00,33.2,0.0,17.3
Chennai,gem_seamless,2026-09-28T14:00,32.7,0.0,19.4
Chennai,gem_seamless,2026-09-28T15:00,32.3,0.0,18.7
Chennai,gem_seamless,2026-09-28T16:00,31.8,0.0,18.0
Chennai,gem_seamless,2026-09-28T17:00,30.9,0.0,16.9
Chennai,gem_seamless,2026-09-28T18:00,29.9,0.0,15.1
Chennai,gem_seamless,2026-09-28T19:00,29.2,0.0,13.0
Chennai,gem_seamless,2026-09-28T20:00,28.6,0.0,10.4
Chennai,gem_seamless,2026-09-28T21:00,28.0,0.0,9.0
Chennai,gem_seamless,2026-09-28T22:00,27.7,0.0,10.4
Chennai,gem_seamless,2026-09-28T23:00,27.4,0.0,12.2
Chennai,gem_seamless,2026-09-29T00:00,26.9,0.0,16.6
Chennai,gem_seamless,2026-09-29T01:00,26.6,0.0,15.5
Chennai,gem_seamless,2026-09-29T02:00,26.4,0.0,10.8
Chennai,gem_seamless,2026-09-29T03:00,26.1,0.0,6.5
Chennai,gem_seamless,2026-09-29T04:00,25.8,0.0,4.3
Chennai,gem_seamless,2026-09-29T05:00,25.6,0.0,4.7
Chennai,gem_seamless,2026-09-29T06:00,25.5,0.0,8.6
Chennai,gem_seamless,2026-09-29T07:00,26.8,0.0,9.0
Chennai,gem_seamless,2026-09-29T08:00,28.9,0.0,8.3
Chennai,gem_seamless,2026-09-29T09:00,30.7,0.0,8.3
Chennai,gem_seamless,2026-09-29T10:00,31.9,0.0,9.0
Chennai,gem_seamless,2026-09-29T11:00,32.9,0.0,7.2
Chennai,gem_seamless,2026-09-29T12:00,33.4,0.0,6.5
Chennai,gem_seamless,2026-09-29T13:00,33.5,0.0,11.2
Chennai,gem_seamless,2026-09-29T14:00,32.8,0.0,17.3
Chennai,gem_seamless,2026-09-29T15:00,32.0,0.0,19.4
Chennai,gem_seamless,2026-09-29T16:00,31.4,0.0,17.3
Chennai,gem_seamless,2026-09-29T17:00,30.8,0.0,14.8
Chennai,gem_seamless,2026-09-29T18:00,29.8,0.0,11.5
Chennai,gem_seamless,2026-09-29T19:00,29.0,0.0,8.3
Chennai,gem_seamless,2026-09-29T20:00,28.3,0.0,6.5
Chennai,gem_seamless,2026-09-29T21:00,28.0,0.0,6.5
Chennai,gem_seamless,2026-09-29T22:00,27.8,0.0,7.6
Chennai,gem_seamless,2026-09-29T23:00,27.8,0.0,8.3
Kolkata,ecmwf_ifs025,2026-09-27T00:00,26.2,0.0,6.8
Kolkata,ecmwf_ifs025,2026-09-27T01:00,26.1,0.0,7.0
Kolkata,ecmwf_ifs025,2026-09-27T02:00,25.9,0.0,7.4
Kolkata,ecmwf_ifs025,2026-09-27T03:00,25.3,0.2,7.3
Kolkata,ecmwf_ifs025,2026-09-27T04:00,24.6,0.2,7.6
Kolkata,ecmwf_ifs025,2026-09-27T05:00,24.5,0.2,7.8
Kolkata,ecmwf_ifs025,2026-09-27T06:00,25.5,0.0,6.8
Kolkata,ecmwf_ifs025,2026-09-27T07:00,27.1,0.0,5.0
Kolkata,ecmwf_ifs025,2026-09-27T08:00,28.5,0.0,4.3
Kolkata,ecmwf_ifs025,2026-09-27T09:00,29.5,0.2,5.3
Kolkata,ecmwf_ifs025,2026-09-27T10:00,30.4,0.2,6.9
Kolkata,ecmwf_ifs025,2026-09-27T11:00,31.0,0.2,7.4
Kolkata,ecmwf_ifs025,2026-09-27T12:00,31.3,0.2,5.8
Kolkata,ecmwf_ifs025,2026-09-27T13:00,31.3,0.2,4.8
Kolkata,ecmwf_ifs025,2026-09-27T14:00,31.1,0.2,5.5
Kolkata,ecmwf_ifs025,2026-09-27T15:00,30.4,0.1,4.2
Kolkata,ecmwf_ifs025,2026-09-27T16:00,29.4,0.1,1.8
Kolkata,ecmwf_ifs025,2026-09-27T17:00,28.5,0.1,1.6
Kolkata,ecmwf_ifs025,2026-09-27T18:00,28.0,0.0,2.2
Kolkata,ecmwf_ifs025,2026-09-27T19:00,27.6,0.0,3.3
Kolkata,ecmwf_ifs025,2026-09-27T20:00,27.3,0.0,4.2
Kolkata,ecmwf_ifs025,2026-09-27T21:00,26.9,0.0,4.2
Kolkata,ecmwf_ifs025,2026-09-27T22:00,26.6,0.0,3.8
Kolkata,ecmwf_ifs025,2026-09-27T23:00,26.4,0.0,3.3
Kolkata,ecmwf_ifs025,2026-09-28T00:00,26.1,0.0,3.3
Kolkata,ecmwf_ifs025,2026-09-28T01:00,25.9,0.0,3.4
Kolkata,ecmwf_ifs025,2026-09-28T02:00,25.7,0.0,3.2
Kolkata,ecmwf_ifs025,2026-09-28T03:00,25.5,0.0,2.8
Kolkata,ecmwf_ifs025,2026-09-28T04:00,25.3,0.0,3.2
Kolkata,ecmwf_ifs025,2026-09-28T05:00,25.5,0.0,3.9
Kolkata,ecmwf_ifs025,2026-09-28T06:00,26.5,0.0,3.8
Kolkata,ecmwf_ifs025,2026-09-28T07:00,27.8,0.0,4.0
Kolkata,ecmwf_ifs025,2026-09-28T08:00,29.1,0.0,4.8
Kolkata,ecmwf_ifs025,2026-09-28T09:00,30.2,0.1,6.2
Kolkata,ecmwf_ifs025,2026-09-28T10:00,31.2,0.1,7.7
Kolkata,ecmwf_ifs025,2026-09-28T11:00,31.9,0.1,8.9
Kolkata,ecmwf_ifs025,2026-09-28T12:00,32.2,0.0,9.8
Kolkata,ecmwf_ifs025,2026-09-28T13:00,32.2,0.0,10.0
Kolkata,ecmwf_ifs025,2026-09-28T14:00,32.0,0.0,9.8
Kolkata,ecmwf_ifs025,2026-09-28T15:00,31.2,0.0,8.2
Kolkata,ecmwf_ifs025,2026-09-28T16:00,30.2,0.0,5.8
Kolkata,ecmwf_ifs025,2026-09-28T17:00,29.3,0.0,3.9
Kolkata,ecmwf_ifs025,2026-09-28T18:00,28.7,0.0,3.2
Kolkata,ecmwf_ifs025,2026-09-28T19:00,28.2,0.0,3.2
Kolkata,ecmwf_ifs025,2026-09-28T20:00,27.8,0.0,3.1
Kolkata,ecmwf_ifs025,2026-09-28T21:00,27.3,0.0,3.1
Kolkata,ecmwf_ifs025,2026-09-28T22:00,26.9,0.0,2.8
Kolkata,ecmwf_ifs025,2026-09-28T23:00,26.6,0.0,2.9
Kolkata,ecmwf_ifs025,2026-09-29T00:00,26.3,0.0,3.2
Kolkata,ecmwf_ifs025,2026-09-29T01:00,26.0,0.0,3.2
Kolkata,ecmwf_ifs025,2026-09-29T02:00,25.8,0.0,3.7
Kolkata,ecmwf_ifs025,2026-09-29T03:00,25.5,0.0,4.2
Kolkata,ecmwf_ifs025,2026-09-29T04:00,25.3,0.0,4.6
Kolkata,ecmwf_ifs025,2026-09-29T05:00,25.5,0.0,5.1
Kolkata,ecmwf_ifs025,2026-09-29T06:00,26.6,0.0,5.2
Kolkata,ecmwf_ifs025,2026-09-29T07:00,28.1,0.0,5.6
Kolkata,ecmwf_ifs025,2026-09-29T08:00,29.4,0.0,6.2
Kolkata,ecmwf_ifs025,2026-09-29T09:00,30.4,0.0,7.5
Kolkata,ecmwf_ifs025,2026-09-29T10:00,31.2,0.0,9.3
Kolkata,ecmwf_ifs025,2026-09-29T11:00,31.8,0.0,10.5
Kolkata,ecmwf_ifs025,2026-09-29T12:00,32.1,0.0,11.1
Kolkata,ecmwf_ifs025,2026-09-29T13:00,32.1,0.0,10.6
Kolkata,ecmwf_ifs025,2026-09-29T14:00,31.9,0.0,10.0
Kolkata,ecmwf_ifs025,2026-09-29T15:00,31.1,0.0,8.4
Kolkata,ecmwf_ifs025,2026-09-29T16:00,30.0,0.0,5.7
Kolkata,ecmwf_ifs025,2026-09-29T17:00,29.1,0.0,3.4
Kolkata,ecmwf_ifs025,2026-09-29T18:00,28.4,0.0,1.3
Kolkata,ecmwf_ifs025,2026-09-29T19:00,27.9,0.0,1.5
Kolkata,ecmwf_ifs025,2026-09-29T20:00,27.4,0.0,3.3
Kolkata,ecmwf_ifs025,2026-09-29T21:00,27.1,0.0,4.3
Kolkata,ecmwf_ifs025,2026-09-29T22:00,26.8,0.0,4.7
Kolkata,ecmwf_ifs025,2026-09-29T23:00,26.6,0.0,4.8
Kolkata,gfs_seamless,2026-09-27T00:00,26.2,0.0,9.0
Kolkata,gfs_seamless,2026-09-27T01:00,26.0,0.0,8.0
Kolkata,gfs_seamless,2026-09-27T02:00,25.9,0.0,7.0
Kolkata,gfs_seamless,2026-09-27T03:00,25.8,0.0,6.6
Kolkata,gfs_seamless,2026-09-27T04:00,25.3,0.4,6.6
Kolkata,gfs_seamless,2026-09-27T05:00,25.5,0.0,5.4
Kolkata,gfs_seamless,2026-09-27T06:00,26.5,0.0,4.9
Kolkata,gfs_seamless,2026-09-27T07:00,28.0,0.0,5.4
Kolkata,gfs_seamless,2026-09-27T08:00,29.4,0.0,5.8
Kolkata,gfs_seamless,2026-09-27T09:00,30.7,0.0,6.5
Kolkata,gfs_seamless,2026-09-27T10:00,31.8,0.0,6.5
Kolkata,gfs_seamless,2026-09-27T11:00,32.8,0.0,6.8
Kolkata,gfs_seamless,2026-09-27T12:00,33.5,0.0,7.2
Kolkata,gfs_seamless,2026-09-27T13:00,33.9,0.0,8.4
Kolkata,gfs_seamless,2026-09-27T14:00,33.9,0.0,7.9
Kolkata,gfs_seamless,2026-09-27T15:00,33.6,0.0,8.8
Kolkata,gfs_seamless,2026-09-27T16:00,32.2,0.0,11.0
Kolkata,gfs_seamless,2026-09-27T17:00,30.2,0.1,12.9
Kolkata,gfs_seamless,2026-09-27T18:00,29.3,0.1,13.3
Kolkata,gfs_seamless,2026-09-27T19:00,28.7,0.0,12.4
Kolkata,gfs_seamless,2026-09-27T20:00,28.3,0.0,10.1
Kolkata,gfs_seamless,2026-09-27T21:00,27.8,0.0,9.4
Kolkata,gfs_seamless,2026-09-27T22:00,27.6,0.0,8.5
Kolkata,gfs_seamless,2026-09-27T23:00,27.4,0.0,7.9
Kolkata,gfs_seamless,2026-09-28T00:00,27.2,0.0,7.3
Kolkata,gfs_seamless,2026-09-28T01:00,27.1,0.0,6.5
Kolkata,gfs_seamless,2026-09-28T02:00,26.9,0.0,6.4
Kolkata,gfs_seamless,2026-09-28T03:00,26.7,0.0,7.4
Kolkata,gfs_seamless,2026-09-28T04:00,26.4,0.0,7.6
Kolkata,gfs_seamless,2026-09-28T05:00,26.3,0.0,5.8
Kolkata,gfs_seamless,2026-09-28T06:00,27.2,0.0,5.2
Kolkata,gfs_seamless,2026-09-28T07:00,28.8,0.0,6.6
Kolkata,gfs_seamless,2026-09-28T08:00,30.4,0.0,8.6
Kolkata,gfs_seamless,2026-09-28T09:00,31.9,0.0,10.3
Kolkata,gfs_seamless,2026-09-28T10:00,33.0,0.0,11.6
Kolkata,gfs_seamless,2026-09-28T11:00,33.7,0.0,13.6
Kolkata,gfs_seamless,2026-09-28T12:00,34.1,0.0,14.1
Kolkata,gfs_seamless,2026-09-28T13:00,34.1,0.0,14.5
Kolkata,gfs_seamless,2026-09-28T14:00,34.1,0.0,14.4
Kolkata,gfs_seamless,2026-09-28T15:00,33.7,0.0,14.9
Kolkata,gfs_seamless,2026-09-28T16:00,32.3,0.0,14.7
Kolkata,gfs_seamless,2026-09-28T17:00,30.9,0.0,12.9
Kolkata,gfs_seamless,2026-09-28T18:00,30.7,0.0,8.6
Kolkata,gfs_seamless,2026-09-28T19:00,30.5,0.0,5.9
Kolkata,gfs_seamless,2026-09-28T20:00,30.2,0.0,4.9
Kolkata,gfs_seamless,2026-09-28T21:00,29.9,0.0,5.9
Kolkata,gfs_seamless,2026-09-28T22:00,29.6,0.0,5.7
Kolkata,gfs_seamless,2026-09-28T23:00,29.2,0.0,7.1
Kolkata,gfs_seamless,2026-09-29T00:00,28.5,0.0,8.7
Kolkata,gfs_seamless,2026-09-29T01:00,28.0,0.0,8.0
Kolkata,gfs_seamless,2026-09-29T02:00,27.7,0.0,7.1
Kolkata,gfs_seamless,2026-09-29T03:00,27.4,0.0,8.0
Kolkata,gfs_seamless,2026-09-29T04:00,27.4,0.0,6.8
Kolkata,gfs_seamless,2026-09-29T05:00,27.2,0.0,6.9
Kolkata,gfs_seamless,2026-09-29T06:00,27.7,0.0,7.6
Kolkata,gfs_seamless,2026-09-29T07:00,29.4,0.0,8.2
Kolkata,gfs_seamless,2026-09-29T08:00,31.0,0.0,8.9
Kolkata,gfs_seamless,2026-09-29T09:00,32.4,0.0,9.4
Kolkata,gfs_seamless,2026-09-29T10:00,33.4,0.0,10.4
Kolkata,gfs_seamless,2026-09-29T11:00,34.1,0.0,11.8
Kolkata,gfs_seamless,2026-09-29T12:00,34.3,0.0,13.8
Kolkata,gfs_seamless,2026-09-29T13:00,34.4,0.0,15.7
Kolkata,gfs_seamless,2026-09-29T14:00,34.2,0.0,15.0
Kolkata,gfs_seamless,2026-09-29T15:00,33.9,0.0,14.0
Kolkata,gfs_seamless,2026-09-29T16:00,32.6,0.0,13.7
Kolkata,gfs_seamless,2026-09-29T17:00,31.4,0.0,12.8
Kolkata,gfs_seamless,2026-09-29T18:00,31.1,0.0,9.4
Kolkata,gfs_seamless,2026-09-29T19:00,30.6,0.0,6.8
Kolkata,gfs_seamless,2026-09-29T20:00,30.2,0.0,5.1
Kolkata,gfs_seamless,2026-09-29T21:00,30.3,0.0,2.6
Kolkata,gfs_seamless,2026-09-29T22:00,30.3,0.0,1.5
Kolkata,gfs_seamless,2026-09-29T23:00,30.1,0.0,3.0
Kolkata,icon_seamless,2026-09-27T00:00,26.8,0.0,4.6
Kolkata,icon_seamless,2026-09-27T01:00,26.7,0.0,3.8
Kolkata,icon_seamless,2026-09-27T02:00,26.7,0.0,3.3
Kolkata,icon_seamless,2026-09-27T03:00,26.6,0.0,3.1
Kolkata,icon_seamless,2026-09-27T04:00,26.5,0.0,2.8
Kolkata,icon_seamless,2026-09-27T05:00,26.9,0.0,3.1
Kolkata,icon_seamless,2026-09-27T06:00,27.2,0.1,2.3
Kolkata,icon_seamless,2026-09-27T07:00,27.8,0.5,4.0
Kolkata,icon_seamless,2026-09-27T08:00,28.8,0.4,5.4
Kolkata,icon_seamless,2026-09-27T09:00,29.8,0.3,4.7
Kolkata,icon_seamless,2026-09-27T10:00,30.9,0.2,3.3
Kolkata,icon_seamless,2026-09-27T11:00,31.9,0.1,3.3
Kolkata,icon_seamless,2026-09-27T12:00,32.4,0.0,3.6
Kolkata,icon_seamless,2026-09-27T13:00,32.6,0.0,4.7
Kolkata,icon_seamless,2026-09-27T14:00,32.5,0.0,5.0
Kolkata,icon_seamless,2026-09-27T15:00,31.7,0.1,5.5
Kolkata,icon_seamless,2026-09-27T16:00,31.0,0.3,4.4
Kolkata,icon_seamless,2026-09-27T17:00,30.5,0.0,2.9
Kolkata,icon_seamless,2026-09-27T18:00,29.7,0.0,3.6
Kolkata,icon_seamless,2026-09-27T19:00,29.1,0.0,3.7
Kolkata,icon_seamless,2026-09-27T20:00,28.8,0.0,3.7
Kolkata,icon_seamless,2026-09-27T21:00,28.4,0.0,3.7
Kolkata,icon_seamless,2026-09-27T22:00,28.1,0.0,4.2
Kolkata,icon_seamless,2026-09-27T23:00,27.7,0.0,4.4
Kolkata,icon_seamless,2026-09-28T00:00,27.5,0.0,4.2
Kolkata,icon_seamless,2026-09-28T01:00,27.3,0.0,3.6
Kolkata,icon_seamless,2026-09-28T02:00,27.1,0.0,3.8
Kolkata,icon_seamless,2026-09-28T03:00,27.0,0.0,3.7
Kolkata,icon_seamless,2026-09-28T04:00,26.8,0.0,3.6
Kolkata,icon_seamless,2026-09-28T05:00,26.7,0.0,3.1
Kolkata,icon_seamless,2026-09-28T06:00,27.0,0.0,3.3
Kolkata,icon_seamless,2026-09-28T07:00,27.9,0.0,5.8
Kolkata,icon_seamless,2026-09-28T08:00,29.4,0.0,6.0
Kolkata,icon_seamless,2026-09-28T09:00,31.0,0.0,7.0
Kolkata,icon_seamless,2026-09-28T10:00,32.3,0.0,7.2
Kolkata,icon_seamless,2026-09-28T11:00,33.2,0.0,8.2
Kolkata,icon_seamless,2026-09-28T12:00,33.7,0.0,8.4
Kolkata,icon_seamless,2026-09-28T13:00,33.7,0.0,8.9
Kolkata,icon_seamless,2026-09-28T14:00,33.8,0.0,9.2
Kolkata,icon_seamless,2026-09-28T15:00,33.0,0.0,8.9
Kolkata,icon_seamless,2026-09-28T16:00,32.3,0.0,6.9
Kolkata,icon_seamless,2026-09-28T17:00,31.1,0.0,3.9
Kolkata,icon_seamless,2026-09-28T18:00,30.3,0.0,2.9
Kolkata,icon_seamless,2026-09-28T19:00,29.8,0.0,2.5
Kolkata,icon_seamless,2026-09-28T20:00,29.5,0.0,2.4
Kolkata,icon_seamless,2026-09-28T21:00,29.0,0.0,3.1
Kolkata,icon_seamless,2026-09-28T22:00,28.5,0.0,3.4
Kolkata,icon_seamless,2026-09-28T23:00,28.0,0.0,3.4
Kolkata,icon_seamless,2026-09-29T00:00,27.6,0.0,3.4
Kolkata,icon_seamless,2026-09-29T01:00,27.3,0.0,3.8
Kolkata,icon_seamless,2026-09-29T02:00,26.9,0.0,4.3
Kolkata,icon_seamless,2026-09-29T03:00,26.7,0.0,4.9
Kolkata,icon_seamless,2026-09-29T04:00,26.4,0.0,5.5
Kolkata,icon_seamless,2026-09-29T05:00,26.2,0.0,5.2
Kolkata,icon_seamless,2026-09-29T06:00,26.4,0.0,5.3
Kolkata,icon_seamless,2026-09-29T07:00,27.6,0.0,6.6
Kolkata,icon_seamless,2026-09-29T08:00,29.0,0.0,8.2
Kolkata,icon_seamless,2026-09-29T09:00,30.3,0.0,8.7
Kolkata,icon_seamless,2026-09-29T10:00,31.5,0.0,8.9
Kolkata,icon_seamless,2026-09-29T11:00,32.4,0.0,9.4
Kolkata,icon_seamless,2026-09-29T12:00,33.0,0.0,9.9
Kolkata,icon_seamless,2026-09-29T13:00,33.0,0.0,10.2
Kolkata,icon_seamless,2026-09-29T14:00,32.8,0.0,10.0
Kolkata,icon_seamless,2026-09-29T15:00,32.3,0.0,10.0
Kolkata,icon_seamless,2026-09-29T16:00,31.7,0.0,7.9
Kolkata,icon_seamless,2026-09-29T17:00,30.5,0.0,4.7
Kolkata,icon_seamless,2026-09-29T18:00,29.6,0.0,3.4
Kolkata,icon_seamless,2026-09-29T19:00,28.9,0.0,3.3
Kolkata,icon_seamless,2026-09-29T20:00,28.4,0.0,3.0
Kolkata,icon_seamless,2026-09-29T21:00,28.0,0.0,2.9
Kolkata,icon_seamless,2026-09-29T22:00,27.4,0.0,4.0
Kolkata,icon_seamless,2026-09-29T23:00,27.0,0.0,4.8
Kolkata,gem_seamless,2026-09-27T00:00,27.0,0.0,7.9
Kolkata,gem_seamless,2026-09-27T01:00,26.6,0.0,6.5
Kolkata,gem_seamless,2026-09-27T02:00,26.3,0.0,5.4
Kolkata,gem_seamless,2026-09-27T03:00,26.1,0.0,5.0
Kolkata,gem_seamless,2026-09-27T04:00,25.8,0.0,5.0
Kolkata,gem_seamless,2026-09-27T05:00,25.7,0.0,4.7
Kolkata,gem_seamless,2026-09-27T06:00,26.6,0.1,4.7
Kolkata,gem_seamless,2026-09-27T07:00,28.4,0.0,4.0
Kolkata,gem_seamless,2026-09-27T08:00,30.7,0.0,6.8
Kolkata,gem_seamless,2026-09-27T09:00,31.8,0.0,7.6
Kolkata,gem_seamless,2026-09-27T10:00,32.6,0.0,9.4
Kolkata,gem_seamless,2026-09-27T11:00,33.0,0.0,10.1
Kolkata,gem_seamless,2026-09-27T12:00,33.3,0.0,10.4
Kolkata,gem_seamless,2026-09-27T13:00,33.3,0.0,9.0
Kolkata,gem_seamless,2026-09-27T14:00,32.9,1.0,7.2
Kolkata,gem_seamless,2026-09-27T15:00,33.1,0.0,6.5
Kolkata,gem_seamless,2026-09-27T16:00,32.7,0.0,5.4
Kolkata,gem_seamless,2026-09-27T17:00,31.3,0.0,5.0
Kolkata,gem_seamless,2026-09-27T18:00,29.9,0.0,7.6
Kolkata,gem_seamless,2026-09-27T19:00,28.9,0.0,8.6
Kolkata,gem_seamless,2026-09-27T20:00,28.2,0.0,8.3
Kolkata,gem_seamless,2026-09-27T21:00,27.6,0.0,7.6
Kolkata,gem_seamless,2026-09-27T22:00,27.2,0.0,7.2
Kolkata,gem_seamless,2026-09-27T23:00,26.7,0.0,6.8
Kolkata,gem_seamless,2026-09-28T00:00,26.3,0.0,6.5
Kolkata,gem_seamless,2026-09-28T01:00,25.9,0.0,6.5
Kolkata,gem_seamless,2026-09-28T02:00,25.5,0.0,6.5
Kolkata,gem_seamless,2026-09-28T03:00,25.3,0.0,6.1
Kolkata,gem_seamless,2026-09-28T04:00,24.9,0.0,5.8
Kolkata,gem_seamless,2026-09-28T05:00,24.7,0.0,6.1
Kolkata,gem_seamless,2026-09-28T06:00,25.5,0.0,6.8
Kolkata,gem_seamless,2026-09-28T07:00,27.9,0.0,6.5
Kolkata,gem_seamless,2026-09-28T08:00,30.2,0.0,6.8
Kolkata,gem_seamless,2026-09-28T09:00,31.5,0.0,7.2
Kolkata,gem_seamless,2026-09-28T10:00,32.5,0.0,6.8
Kolkata,gem_seamless,2026-09-28T11:00,33.1,0.0,5.8
Kolkata,gem_seamless,2026-09-28T12:00,33.6,0.0,4.7
Kolkata,gem_seamless,2026-09-28T13:00,34.0,0.0,4.7
Kolkata,gem_seamless,2026-09-28T14:00,34.2,0.0,4.7
Kolkata,gem_seamless,2026-09-28T15:00,34.0,0.0,6.5
Kolkata,gem_seamless,2026-09-28T16:00,33.4,0.0,7.6
Kolkata,gem_seamless,2026-09-28T17:00,32.1,0.0,9.0
Kolkata,gem_seamless,2026-09-28T18:00,31.2,0.0,10.1
Kolkata,gem_seamless,2026-09-28T19:00,30.6,0.0,9.0
Kolkata,gem_seamless,2026-09-28T20:00,30.0,0.0,7.9
Kolkata,gem_seamless,2026-09-28T21:00,29.4,0.0,7.6
Kolkata,gem_seamless,2026-09-28T22:00,28.9,0.0,7.9
Kolkata,gem_seamless,2026-09-28T23:00,28.5,0.0,8.6
Kolkata,gem_seamless,2026-09-29T00:00,27.9,0.0,7.9
Kolkata,gem_seamless,2026-09-29T01:00,27.4,0.0,7.9
Kolkata,gem_seamless,2026-09-29T02:00,26.8,0.0,7.9
Kolkata,gem_seamless,2026-09-29T03:00,26.3,0.0,7.6
Kolkata,gem_seamless,2026-09-29T04:00,25.8,0.0,7.6
Kolkata,gem_seamless,2026-09-29T05:00,25.4,0.0,7.2
Kolkata,gem_seamless,2026-09-29T06:00,26.1,0.0,7.9
Kolkata,gem_seamless,2026-09-29T07:00,28.2,0.0,9.7
Kolkata,gem_seamless,2026-09-29T08:00,29.9,0.0,9.7
Kolkata,gem_seamless,2026-09-29T09:00,31.1,0.0,9.7
Kolkata,gem_seamless,2026-09-29T10:00,32.0,0.0,9.7
Kolkata,gem_seamless,2026-09-29T11:00,32.8,0.0,10.1
Kolkata,gem_seamless,2026-09-29T12:00,33.2,0.0,10.4
Kolkata,gem_seamless,2026-09-29T13:00,33.5,0.0,10.8
Kolkata,gem_seamless,2026-09-29T14:00,33.5,0.0,11.5
Kolkata,gem_seamless,2026-09-29T15:00,33.3,0.0,11.9
Kolkata,gem_seamless,2026-09-29T16:00,32.6,0.0,11.5
Kolkata,gem_seamless,2026-09-29T17:00,31.2,0.0,9.7
Kolkata,gem_seamless,2026-09-29T18:00,29.9,0.0,7.9
Kolkata,gem_seamless,2026-09-29T19:00,28.9,0.0,6.8
Kolkata,gem_seamless,2026-09-29T20:00,27.9,0.0,5.8
Kolkata,gem_seamless,2026-09-29T21:00,27.2,0.0,5.8
Kolkata,gem_seamless,2026-09-29T22:00,26.5,0.0,5.0
Kolkata,gem_seamless,2026-09-29T23:00,26.1,0.0,4.0
Jaipur,ecmwf_ifs025,2026-09-27T00:00,24.6,0.1,6.6
Jaipur,ecmwf_ifs025,2026-09-27T01:00,24.1,0.1,7.2
Jaipur,ecmwf_ifs025,2026-09-27T02:00,23.6,0.1,7.0
Jaipur,ecmwf_ifs025,2026-09-27T03:00,23.1,0.0,4.5
Jaipur,ecmwf_ifs025,2026-09-27T04:00,22.7,0.0,1.8
Jaipur,ecmwf_ifs025,2026-09-27T05:00,22.7,0.0,2.5
Jaipur,ecmwf_ifs025,2026-09-27T06:00,23.3,0.0,3.2
Jaipur,ecmwf_ifs025,2026-09-27T07:00,24.4,0.0,3.3
Jaipur,ecmwf_ifs025,2026-09-27T08:00,25.7,0.0,2.9
Jaipur,ecmwf_ifs025,2026-09-27T09:00,27.3,0.0,4.0
Jaipur,ecmwf_ifs025,2026-09-27T10:00,29.1,0.0,8.0
Jaipur,ecmwf_ifs025,2026-09-27T11:00,30.6,0.0,10.8
Jaipur,ecmwf_ifs025,2026-09-27T12:00,31.8,0.0,11.6
Jaipur,ecmwf_ifs025,2026-09-27T13:00,32.7,0.0,11.3
Jaipur,ecmwf_ifs025,2026-09-27T14:00,32.5,0.0,9.6
Jaipur,ecmwf_ifs025,2026-09-27T15:00,30.6,0.6,7.7
Jaipur,ecmwf_ifs025,2026-09-27T16:00,27.6,0.6,12.0
Jaipur,ecmwf_ifs025,2026-09-27T17:00,25.3,0.6,15.7
Jaipur,ecmwf_ifs025,2026-09-27T18:00,24.4,0.1,13.5
Jaipur,ecmwf_ifs025,2026-09-27T19:00,24.2,0.1,8.7
Jaipur,ecmwf_ifs025,2026-09-27T20:00,24.1,0.1,5.8
Jaipur,ecmwf_ifs025,2026-09-27T21:00,23.8,0.0,4.3
Jaipur,ecmwf_ifs025,2026-09-27T22:00,23.6,0.0,2.8
Jaipur,ecmwf_ifs025,2026-09-27T23:00,23.4,0.0,1.8
Jaipur,ecmwf_ifs025,2026-09-28T00:00,23.1,0.0,1.5
Jaipur,ecmwf_ifs025,2026-09-28T01:00,22.9,0.0,1.0
Jaipur,ecmwf_ifs025,2026-09-28T02:00,22.7,0.0,0.8
Jaipur,ecmwf_ifs025,2026-09-28T03:00,22.4,0.0,1.1
Jaipur,ecmwf_ifs025,2026-09-28T04:00,22.2,0.0,2.6
Jaipur,ecmwf_ifs025,2026-09-28T05:00,22.3,0.0,4.1
Jaipur,ecmwf_ifs025,2026-09-28T06:00,23.1,0.0,5.5
Jaipur,ecmwf_ifs025,2026-09-28T07:00,24.2,0.0,7.1
Jaipur,ecmwf_ifs025,2026-09-28T08:00,25.6,0.0,8.6
Jaipur,ecmwf_ifs025,2026-09-28T09:00,27.2,0.0,9.4
Jaipur,ecmwf_ifs025,2026-09-28T10:00,29.1,0.0,10.5
Jaipur,ecmwf_ifs025,2026-09-28T11:00,30.5,0.0,11.2
Jaipur,ecmwf_ifs025,2026-09-28T12:00,31.5,0.0,11.3
Jaipur,ecmwf_ifs025,2026-09-28T13:00,32.1,0.0,11.3
Jaipur,ecmwf_ifs025,2026-09-28T14:00,31.6,0.0,10.4
Jaipur,ecmwf_ifs025,2026-09-28T15:00,29.0,1.0,9.4
Jaipur,ecmwf_ifs025,2026-09-28T16:00,25.3,1.0,10.6
Jaipur,ecmwf_ifs025,2026-09-28T17:00,22.7,1.0,10.7
Jaipur,ecmwf_ifs025,2026-09-28T18:00,22.2,0.2,6.4
Jaipur,ecmwf_ifs025,2026-09-28T19:00,22.7,0.2,2.6
Jaipur,ecmwf_ifs025,2026-09-28T20:00,23.1,0.2,6.3
Jaipur,ecmwf_ifs025,2026-09-28T21:00,22.8,0.0,6.3
Jaipur,ecmwf_ifs025,2026-09-28T22:00,22.4,0.0,4.1
Jaipur,ecmwf_ifs025,2026-09-28T23:00,22.0,0.0,2.5
Jaipur,ecmwf_ifs025,2026-09-29T00:00,21.7,0.0,2.7
Jaipur,ecmwf_ifs025,2026-09-29T01:00,21.4,0.0,3.3
Jaipur,ecmwf_ifs025,2026-09-29T02:00,21.2,0.0,4.4
Jaipur,ecmwf_ifs025,2026-09-29T03:00,20.9,0.0,4.8
Jaipur,ecmwf_ifs025,2026-09-29T04:00,20.7,0.0,5.4
Jaipur,ecmwf_ifs025,2026-09-29T05:00,20.9,0.0,6.0
Jaipur,ecmwf_ifs025,2026-09-29T06:00,21.8,0.0,6.0
Jaipur,ecmwf_ifs025,2026-09-29T07:00,23.1,0.0,5.9
Jaipur,ecmwf_ifs025,2026-09-29T08:00,24.5,0.0,6.4
Jaipur,ecmwf_ifs025,2026-09-29T09:00,26.2,0.0,8.2
Jaipur,ecmwf_ifs025,2026-09-29T10:00,28.0,0.0,10.2
Jaipur,ecmwf_ifs025,2026-09-29T11:00,29.5,0.0,12.0
Jaipur,ecmwf_ifs025,2026-09-29T12:00,30.6,0.0,12.5
Jaipur,ecmwf_ifs025,2026-09-29T13:00,31.3,0.0,12.0
Jaipur,ecmwf_ifs025,2026-09-29T14:00,31.5,0.0,11.5
Jaipur,ecmwf_ifs025,2026-09-29T15:00,31.2,0.0,10.0
Jaipur,ecmwf_ifs025,2026-09-29T16:00,30.5,0.0,7.7
Jaipur,ecmwf_ifs025,2026-09-29T17:00,29.5,0.0,6.2
Jaipur,ecmwf_ifs025,2026-09-29T18:00,28.3,0.0,6.2
Jaipur,ecmwf_ifs025,2026-09-29T19:00,26.9,0.0,6.4
Jaipur,ecmwf_ifs025,2026-09-29T20:00,25.7,0.0,6.9
Jaipur,ecmwf_ifs025,2026-09-29T21:00,24.9,0.0,7.1
Jaipur,ecmwf_ifs025,2026-09-29T22:00,24.3,0.0,6.9
Jaipur,ecmwf_ifs025,2026-09-29T23:00,23.8,0.0,6.9
Jaipur,gfs_seamless,2026-09-27T00:00,26.6,0.0,6.7
Jaipur,gfs_seamless,2026-09-27T01:00,26.3,0.0,8.9
Jaipur,gfs_seamless,2026-09-27T02:00,26.2,0.0,10.8
Jaipur,gfs_seamless,2026-09-27T03:00,26.1,0.0,9.4
Jaipur,gfs_seamless,2026-09-27T04:00,25.7,0.0,7.6
Jaipur,gfs_seamless,2026-09-27T05:00,25.3,0.0,2.9
Jaipur,gfs_seamless,2026-09-27T06:00,25.0,0.0,6.3
Jaipur,gfs_seamless,2026-09-27T07:00,25.3,0.0,5.7
Jaipur,gfs_seamless,2026-09-27T08:00,26.5,0.0,5.4
Jaipur,gfs_seamless,2026-09-27T09:00,28.1,0.0,8.9
Jaipur,gfs_seamless,2026-09-27T10:00,29.9,0.0,12.0
Jaipur,gfs_seamless,2026-09-27T11:00,31.5,0.0,13.3
Jaipur,gfs_seamless,2026-09-27T12:00,33.2,0.0,14.8
Jaipur,gfs_seamless,2026-09-27T13:00,34.4,0.0,15.3
Jaipur,gfs_seamless,2026-09-27T14:00,35.3,0.0,15.4
Jaipur,gfs_seamless,2026-09-27T15:00,35.8,0.0,16.2
Jaipur,gfs_seamless,2026-09-27T16:00,35.6,0.0,16.2
Jaipur,gfs_seamless,2026-09-27T17:00,34.5,0.0,12.1
Jaipur,gfs_seamless,2026-09-27T18:00,33.7,0.0,8.8
Jaipur,gfs_seamless,2026-09-27T19:00,32.7,0.0,3.5
Jaipur,gfs_seamless,2026-09-27T20:00,31.2,0.0,15.9
Jaipur,gfs_seamless,2026-09-27T21:00,26.7,0.0,24.9
Jaipur,gfs_seamless,2026-09-27T22:00,26.0,0.0,14.1
Jaipur,gfs_seamless,2026-09-27T23:00,26.1,0.2,10.4
Jaipur,gfs_seamless,2026-09-28T00:00,25.2,0.0,13.0
Jaipur,gfs_seamless,2026-09-28T01:00,25.0,0.0,8.4
Jaipur,gfs_seamless,2026-09-28T02:00,25.1,0.0,5.4
Jaipur,gfs_seamless,2026-09-28T03:00,25.0,0.0,6.5
Jaipur,gfs_seamless,2026-09-28T04:00,25.0,0.0,6.9
Jaipur,gfs_seamless,2026-09-28T05:00,25.1,0.0,9.7
Jaipur,gfs_seamless,2026-09-28T06:00,25.4,0.0,11.9
Jaipur,gfs_seamless,2026-09-28T07:00,26.3,0.0,16.3
Jaipur,gfs_seamless,2026-09-28T08:00,27.3,0.0,20.8
Jaipur,gfs_seamless,2026-09-28T09:00,29.1,0.0,20.5
Jaipur,gfs_seamless,2026-09-28T10:00,30.9,0.0,18.7
Jaipur,gfs_seamless,2026-09-28T11:00,32.3,0.0,17.3
Jaipur,gfs_seamless,2026-09-28T12:00,33.4,0.0,16.0
Jaipur,gfs_seamless,2026-09-28T13:00,34.2,0.0,15.8
Jaipur,gfs_seamless,2026-09-28T14:00,34.9,0.0,16.3
Jaipur,gfs_seamless,2026-09-28T15:00,35.3,0.0,16.1
Jaipur,gfs_seamless,2026-09-28T16:00,34.5,0.0,13.4
Jaipur,gfs_seamless,2026-09-28T17:00,33.6,0.0,14.4
Jaipur,gfs_seamless,2026-09-28T18:00,32.9,0.0,23.6
Jaipur,gfs_seamless,2026-09-28T19:00,31.1,0.2,15.3
Jaipur,gfs_seamless,2026-09-28T20:00,30.3,0.0,10.8
Jaipur,gfs_seamless,2026-09-28T21:00,29.6,0.0,9.8
Jaipur,gfs_seamless,2026-09-28T22:00,29.2,0.0,11.3
Jaipur,gfs_seamless,2026-09-28T23:00,28.5,0.2,11.3
Jaipur,gfs_seamless,2026-09-29T00:00,27.5,0.4,7.6
Jaipur,gfs_seamless,2026-09-29T01:00,26.7,0.2,10.8
Jaipur,gfs_seamless,2026-09-29T02:00,26.1,0.2,14.8
Jaipur,gfs_seamless,2026-09-29T03:00,25.8,0.0,11.6
Jaipur,gfs_seamless,2026-09-29T04:00,25.7,0.0,15.6
Jaipur,gfs_seamless,2026-09-29T05:00,25.4,0.0,17.5
Jaipur,gfs_seamless,2026-09-29T06:00,24.9,0.0,17.9
Jaipur,gfs_seamless,2026-09-29T07:00,25.7,0.0,17.0
Jaipur,gfs_seamless,2026-09-29T08:00,27.6,0.0,18.4
Jaipur,gfs_seamless,2026-09-29T09:00,29.4,0.0,19.5
Jaipur,gfs_seamless,2026-09-29T10:00,31.2,0.0,18.7
Jaipur,gfs_seamless,2026-09-29T11:00,32.7,0.0,16.8
Jaipur,gfs_seamless,2026-09-29T12:00,33.9,0.0,16.3
Jaipur,gfs_seamless,2026-09-29T13:00,34.6,0.0,16.0
Jaipur,gfs_seamless,2026-09-29T14:00,35.0,0.0,15.2
Jaipur,gfs_seamless,2026-09-29T15:00,35.1,0.0,14.0
Jaipur,gfs_seamless,2026-09-29T16:00,34.2,0.0,13.2
Jaipur,gfs_seamless,2026-09-29T17:00,33.6,0.0,7.7
Jaipur,gfs_seamless,2026-09-29T18:00,31.9,0.0,12.4
Jaipur,gfs_seamless,2026-09-29T19:00,28.9,0.0,22.6
Jaipur,gfs_seamless,2026-09-29T20:00,29.6,0.2,10.6
Jaipur,gfs_seamless,2026-09-29T21:00,28.5,0.0,22.4
Jaipur,gfs_seamless,2026-09-29T22:00,27.6,0.0,19.5
Jaipur,gfs_seamless,2026-09-29T23:00,27.3,0.0,16.2
Jaipur,icon_seamless,2026-09-27T00:00,24.2,0.0,2.3
Jaipur,icon_seamless,2026-09-27T01:00,23.9,0.0,2.7
Jaipur,icon_seamless,2026-09-27T02:00,23.6,0.0,1.8
Jaipur,icon_seamless,2026-09-27T03:00,23.4,0.0,3.7
Jaipur,icon_seamless,2026-09-27T04:00,23.3,0.0,3.2
Jaipur,icon_seamless,2026-09-27T05:00,23.6,0.0,3.2
Jaipur,icon_seamless,2026-09-27T06:00,23.5,0.0,3.1
Jaipur,icon_seamless,2026-09-27T07:00,23.8,0.0,3.8
Jaipur,icon_seamless,2026-09-27T08:00,24.7,0.0,5.8
Jaipur,icon_seamless,2026-09-27T09:00,25.9,0.0,8.8
Jaipur,icon_seamless,2026-09-27T10:00,27.9,0.0,12.9
Jaipur,icon_seamless,2026-09-27T11:00,29.8,0.0,12.0
Jaipur,icon_seamless,2026-09-27T12:00,31.4,0.0,11.6
Jaipur,icon_seamless,2026-09-27T13:00,32.5,0.0,11.6
Jaipur,icon_seamless,2026-09-27T14:00,33.0,0.0,11.0
Jaipur,icon_seamless,2026-09-27T15:00,32.9,0.0,9.9
Jaipur,icon_seamless,2026-09-27T16:00,32.6,0.0,11.4
Jaipur,icon_seamless,2026-09-27T17:00,28.2,2.2,14.3
Jaipur,icon_seamless,2026-09-27T18:00,26.7,2.5,4.7
Jaipur,icon_seamless,2026-09-27T19:00,26.2,0.0,2.7
Jaipur,icon_seamless,2026-09-27T20:00,25.6,0.7,3.0
Jaipur,icon_seamless,2026-09-27T21:00,24.9,1.6,1.1
Jaipur,icon_seamless,2026-09-27T22:00,24.4,1.6,2.5
Jaipur,icon_seamless,2026-09-27T23:00,24.0,0.6,4.4
Jaipur,icon_seamless,2026-09-28T00:00,23.7,0.1,2.7
Jaipur,icon_seamless,2026-09-28T01:00,23.3,0.9,1.1
Jaipur,icon_seamless,2026-09-28T02:00,23.3,0.0,3.3
Jaipur,icon_seamless,2026-09-28T03:00,23.1,0.0,3.3
Jaipur,icon_seamless,2026-09-28T04:00,22.9,0.0,3.6
Jaipur,icon_seamless,2026-09-28T05:00,22.8,0.0,4.0
Jaipur,icon_seamless,2026-09-28T06:00,22.7,0.0,4.0
Jaipur,icon_seamless,2026-09-28T07:00,23.3,0.0,4.5
Jaipur,icon_seamless,2026-09-28T08:00,24.7,0.0,6.2
Jaipur,icon_seamless,2026-09-28T09:00,26.1,0.0,9.0
Jaipur,icon_seamless,2026-09-28T10:00,27.3,0.1,11.7
Jaipur,icon_seamless,2026-09-28T11:00,27.6,1.1,10.9
Jaipur,icon_seamless,2026-09-28T12:00,28.5,0.6,8.4
Jaipur,icon_seamless,2026-09-28T13:00,29.2,0.2,7.9
Jaipur,icon_seamless,2026-09-28T14:00,28.2,2.3,11.4
Jaipur,icon_seamless,2026-09-28T15:00,28.2,1.4,7.5
Jaipur,icon_seamless,2026-09-28T16:00,28.6,0.0,5.6
Jaipur,icon_seamless,2026-09-28T17:00,28.5,0.0,4.7
Jaipur,icon_seamless,2026-09-28T18:00,27.4,0.3,3.5
Jaipur,icon_seamless,2026-09-28T19:00,25.5,1.5,4.5
Jaipur,icon_seamless,2026-09-28T20:00,25.1,0.0,2.0
Jaipur,icon_seamless,2026-09-28T21:00,24.8,0.0,2.3
Jaipur,icon_seamless,2026-09-28T22:00,24.6,0.0,2.5
Jaipur,icon_seamless,2026-09-28T23:00,24.3,0.0,2.3
Jaipur,icon_seamless,2026-09-29T00:00,24.1,0.0,2.2
Jaipur,icon_seamless,2026-09-29T01:00,23.9,0.0,1.1
Jaipur,icon_seamless,2026-09-29T02:00,23.7,0.0,1.4
Jaipur,icon_seamless,2026-09-29T03:00,23.6,0.0,2.6
Jaipur,icon_seamless,2026-09-29T04:00,23.2,0.1,3.4
Jaipur,icon_seamless,2026-09-29T05:00,23.0,0.0,1.0
Jaipur,icon_seamless,2026-09-29T06:00,23.0,0.0,1.8
Jaipur,icon_seamless,2026-09-29T07:00,23.6,0.0,2.5
Jaipur,icon_seamless,2026-09-29T08:00,25.1,0.0,4.7
Jaipur,icon_seamless,2026-09-29T09:00,27.0,0.0,8.4
Jaipur,icon_seamless,2026-09-29T10:00,28.6,0.0,9.5
Jaipur,icon_seamless,2026-09-29T11:00,30.0,0.0,10.4
Jaipur,icon_seamless,2026-09-29T12:00,30.9,0.0,9.7
Jaipur,icon_seamless,2026-09-29T13:00,31.7,0.0,9.4
Jaipur,icon_seamless,2026-09-29T14:00,31.7,0.0,8.9
Jaipur,icon_seamless,2026-09-29T15:00,31.6,0.0,7.6
Jaipur,icon_seamless,2026-09-29T16:00,31.0,0.1,6.5
Jaipur,icon_seamless,2026-09-29T17:00,30.4,0.1,4.6
Jaipur,icon_seamless,2026-09-29T18:00,29.7,0.0,0.7
Jaipur,icon_seamless,2026-09-29T19:00,29.1,0.0,1.6
Jaipur,icon_seamless,2026-09-29T20:00,28.7,0.0,0.5
Jaipur,icon_seamless,2026-09-29T21:00,28.1,0.0,0.8
Jaipur,icon_seamless,2026-09-29T22:00,27.3,0.0,0.8
Jaipur,icon_seamless,2026-09-29T23:00,26.8,0.0,0.4
Jaipur,gem_seamless,2026-09-27T00:00,22.6,0.0,5.0
Jaipur,gem_seamless,2026-09-27T01:00,22.1,0.0,7.2
Jaipur,gem_seamless,2026-09-27T02:00,21.8,0.0,3.2
Jaipur,gem_seamless,2026-09-27T03:00,21.3,0.0,0.7
Jaipur,gem_seamless,2026-09-27T04:00,20.8,0.0,3.2
Jaipur,gem_seamless,2026-09-27T05:00,20.4,0.0,5.0
Jaipur,gem_seamless,2026-09-27T06:00,20.0,0.0,4.7
Jaipur,gem_seamless,2026-09-27T07:00,21.3,0.0,3.6
Jaipur,gem_seamless,2026-09-27T08:00,23.9,0.0,2.5
Jaipur,gem_seamless,2026-09-27T09:00,26.9,0.0,4.7
Jaipur,gem_seamless,2026-09-27T10:00,29.4,0.0,10.1
Jaipur,gem_seamless,2026-09-27T11:00,31.2,0.0,10.8
Jaipur,gem_seamless,2026-09-27T12:00,32.4,0.0,11.2
Jaipur,gem_seamless,2026-09-27T13:00,33.3,0.0,10.4
Jaipur,gem_seamless,2026-09-27T14:00,33.6,0.1,9.7
Jaipur,gem_seamless,2026-09-27T15:00,32.9,0.4,10.4
Jaipur,gem_seamless,2026-09-27T16:00,29.6,1.5,11.5
Jaipur,gem_seamless,2026-09-27T17:00,26.6,1.8,6.1
Jaipur,gem_seamless,2026-09-27T18:00,24.6,1.1,5.4
Jaipur,gem_seamless,2026-09-27T19:00,23.2,0.7,7.2
Jaipur,gem_seamless,2026-09-27T20:00,22.6,0.4,5.8
Jaipur,gem_seamless,2026-09-27T21:00,22.2,1.2,4.7
Jaipur,gem_seamless,2026-09-27T22:00,22.0,0.4,6.1
Jaipur,gem_seamless,2026-09-27T23:00,22.3,0.0,6.5
Jaipur,gem_seamless,2026-09-28T00:00,21.8,0.0,4.3
Jaipur,gem_seamless,2026-09-28T01:00,21.4,0.0,2.9
Jaipur,gem_seamless,2026-09-28T02:00,21.0,0.0,4.3
Jaipur,gem_seamless,2026-09-28T03:00,20.5,0.0,4.7
Jaipur,gem_seamless,2026-09-28T04:00,20.2,0.0,2.5
Jaipur,gem_seamless,2026-09-28T05:00,19.9,0.0,1.4
Jaipur,gem_seamless,2026-09-28T06:00,19.8,0.0,1.8
Jaipur,gem_seamless,2026-09-28T07:00,21.2,0.0,3.6
Jaipur,gem_seamless,2026-09-28T08:00,23.8,0.0,8.6
Jaipur,gem_seamless,2026-09-28T09:00,26.1,0.0,12.2
Jaipur,gem_seamless,2026-09-28T10:00,27.8,0.0,14.4
Jaipur,gem_seamless,2026-09-28T11:00,29.3,0.0,14.0
Jaipur,gem_seamless,2026-09-28T12:00,30.7,0.0,14.4
Jaipur,gem_seamless,2026-09-28T13:00,31.7,0.0,15.1
Jaipur,gem_seamless,2026-09-28T14:00,32.1,0.0,16.6
Jaipur,gem_seamless,2026-09-28T15:00,31.9,0.0,18.0
Jaipur,gem_seamless,2026-09-28T16:00,31.1,0.3,13.7
Jaipur,gem_seamless,2026-09-28T17:00,30.4,0.0,9.0
Jaipur,gem_seamless,2026-09-28T18:00,28.4,0.0,4.7
Jaipur,gem_seamless,2026-09-28T19:00,26.6,0.0,1.8
Jaipur,gem_seamless,2026-09-28T20:00,24.8,0.0,6.5
Jaipur,gem_seamless,2026-09-28T21:00,23.4,0.0,8.6
Jaipur,gem_seamless,2026-09-28T22:00,22.4,0.0,7.2
Jaipur,gem_seamless,2026-09-28T23:00,21.7,0.0,5.0
Jaipur,gem_seamless,2026-09-29T00:00,21.1,0.0,4.3
Jaipur,gem_seamless,2026-09-29T01:00,20.7,0.0,4.0
Jaipur,gem_seamless,2026-09-29T02:00,20.7,0.0,5.8
Jaipur,gem_seamless,2026-09-29T03:00,21.0,0.0,7.2
Jaipur,gem_seamless,2026-09-29T04:00,21.4,0.0,7.9
Jaipur,gem_seamless,2026-09-29T05:00,21.3,0.0,8.3
Jaipur,gem_seamless,2026-09-29T06:00,21.0,0.0,7.9
Jaipur,gem_seamless,2026-09-29T07:00,22.7,0.0,9.4
Jaipur,gem_seamless,2026-09-29T08:00,26.0,0.0,14.4
Jaipur,gem_seamless,2026-09-29T09:00,28.2,0.0,15.5
Jaipur,gem_seamless,2026-09-29T10:00,30.1,0.0,15.5
Jaipur,gem_seamless,2026-09-29T11:00,31.8,0.0,15.1
Jaipur,gem_seamless,2026-09-29T12:00,32.6,0.0,15.8
Jaipur,gem_seamless,2026-09-29T13:00,33.2,0.0,15.5
Jaipur,gem_seamless,2026-09-29T14:00,33.6,0.0,14.8
Jaipur,gem_seamless,2026-09-29T15:00,33.0,0.2,12.6
Jaipur,gem_seamless,2026-09-29T16:00,31.7,0.2,8.3
Jaipur,gem_seamless,2026-09-29T17:00,30.7,0.0,8.3
Jaipur,gem_seamless,2026-09-29T18:00,28.5,0.0,8.3
Jaipur,gem_seamless,2026-09-29T19:00,26.6,0.0,7.2
Jaipur,gem_seamless,2026-09-29T20:00,24.5,0.4,9.0
Jaipur,gem_seamless,2026-09-29T21:00,22.6,0.6,5.0
Jaipur,gem_seamless,2026-09-29T22:00,22.0,0.0,6.1
Jaipur,gem_seamless,2026-09-29T23:00,22.1,0.0,5.0
Guwahati,ecmwf_ifs025,2026-09-27T00:00,28.3,0.1,8.4
Guwahati,ecmwf_ifs025,2026-09-27T01:00,27.8,0.1,7.2
Guwahati,ecmwf_ifs025,2026-09-27T02:00,27.4,0.1,6.6
Guwahati,ecmwf_ifs025,2026-09-27T03:00,27.1,0.0,5.8
Guwahati,ecmwf_ifs025,2026-09-27T04:00,26.9,0.0,6.2
Guwahati,ecmwf_ifs025,2026-09-27T05:00,27.0,0.0,7.4
Guwahati,ecmwf_ifs025,2026-09-27T06:00,27.6,0.0,7.6
Guwahati,ecmwf_ifs025,2026-09-27T07:00,28.5,0.0,8.4
Guwahati,ecmwf_ifs025,2026-09-27T08:00,29.4,0.0,10.1
Guwahati,ecmwf_ifs025,2026-09-27T09:00,30.1,0.2,10.8
Guwahati,ecmwf_ifs025,2026-09-27T10:00,30.8,0.2,11.2
Guwahati,ecmwf_ifs025,2026-09-27T11:00,31.3,0.2,11.6
Guwahati,ecmwf_ifs025,2026-09-27T12:00,31.8,0.1,12.6
Guwahati,ecmwf_ifs025,2026-09-27T13:00,32.1,0.1,13.7
Guwahati,ecmwf_ifs025,2026-09-27T14:00,32.0,0.1,13.7
Guwahati,ecmwf_ifs025,2026-09-27T15:00,31.5,0.0,12.2
Guwahati,ecmwf_ifs025,2026-09-27T16:00,30.6,0.0,9.7
Guwahati,ecmwf_ifs025,2026-09-27T17:00,29.8,0.0,7.6
Guwahati,ecmwf_ifs025,2026-09-27T18:00,29.3,0.0,7.2
Guwahati,ecmwf_ifs025,2026-09-27T19:00,28.9,0.0,7.5
Guwahati,ecmwf_ifs025,2026-09-27T20:00,28.5,0.0,8.4
Guwahati,ecmwf_ifs025,2026-09-27T21:00,28.2,0.0,8.4
Guwahati,ecmwf_ifs025,2026-09-27T22:00,27.9,0.0,8.0
Guwahati,ecmwf_ifs025,2026-09-27T23:00,27.7,0.0,7.6
Guwahati,ecmwf_ifs025,2026-09-28T00:00,27.4,0.0,7.4
Guwahati,ecmwf_ifs025,2026-09-28T01:00,27.1,0.0,7.4
Guwahati,ecmwf_ifs025,2026-09-28T02:00,26.8,0.0,7.1
Guwahati,ecmwf_ifs025,2026-09-28T03:00,26.5,0.0,5.7
Guwahati,ecmwf_ifs025,2026-09-28T04:00,26.2,0.0,3.6
Guwahati,ecmwf_ifs025,2026-09-28T05:00,26.4,0.0,2.6
Guwahati,ecmwf_ifs025,2026-09-28T06:00,27.3,0.0,3.6
Guwahati,ecmwf_ifs025,2026-09-28T07:00,28.6,0.0,5.5
Guwahati,ecmwf_ifs025,2026-09-28T08:00,29.8,0.0,7.2
Guwahati,ecmwf_ifs025,2026-09-28T09:00,30.7,0.0,7.4
Guwahati,ecmwf_ifs025,2026-09-28T10:00,31.4,0.0,7.1
Guwahati,ecmwf_ifs025,2026-09-28T11:00,32.0,0.0,6.9
Guwahati,ecmwf_ifs025,2026-09-28T12:00,32.4,0.0,7.6
Guwahati,ecmwf_ifs025,2026-09-28T13:00,32.6,0.0,8.3
Guwahati,ecmwf_ifs025,2026-09-28T14:00,32.4,0.0,8.4
Guwahati,ecmwf_ifs025,2026-09-28T15:00,31.8,0.0,7.5
Guwahati,ecmwf_ifs025,2026-09-28T16:00,30.8,0.0,6.1
Guwahati,ecmwf_ifs025,2026-09-28T17:00,30.0,0.0,4.7
Guwahati,ecmwf_ifs025,2026-09-28T18:00,29.5,0.0,3.6
Guwahati,ecmwf_ifs025,2026-09-28T19:00,29.2,0.0,5.4
Guwahati,ecmwf_ifs025,2026-09-28T20:00,28.9,0.0,7.4
Guwahati,ecmwf_ifs025,2026-09-28T21:00,28.5,0.0,7.6
Guwahati,ecmwf_ifs025,2026-09-28T22:00,28.2,0.0,6.6
Guwahati,ecmwf_ifs025,2026-09-28T23:00,28.0,0.0,5.5
Guwahati,ecmwf_ifs025,2026-09-29T00:00,27.8,0.0,5.0
Guwahati,ecmwf_ifs025,2026-09-29T01:00,27.6,0.0,4.7
Guwahati,ecmwf_ifs025,2026-09-29T02:00,27.5,0.0,3.9
Guwahati,ecmwf_ifs025,2026-09-29T03:00,27.2,0.0,2.6
Guwahati,ecmwf_ifs025,2026-09-29T04:00,27.0,0.0,0.8
Guwahati,ecmwf_ifs025,2026-09-29T05:00,27.1,0.0,0.8
Guwahati,ecmwf_ifs025,2026-09-29T06:00,27.7,0.1,1.5
Guwahati,ecmwf_ifs025,2026-09-29T07:00,28.7,0.1,2.9
Guwahati,ecmwf_ifs025,2026-09-29T08:00,29.7,0.1,3.9
Guwahati,ecmwf_ifs025,2026-09-29T09:00,30.5,0.1,4.2
Guwahati,ecmwf_ifs025,2026-09-29T10:00,31.2,0.1,4.1
Guwahati,ecmwf_ifs025,2026-09-29T11:00,31.7,0.1,4.6
Guwahati,ecmwf_ifs025,2026-09-29T12:00,32.0,0.2,5.6
Guwahati,ecmwf_ifs025,2026-09-29T13:00,32.0,0.2,7.4
Guwahati,ecmwf_ifs025,2026-09-29T14:00,31.8,0.2,8.3
Guwahati,ecmwf_ifs025,2026-09-29T15:00,31.2,0.3,8.3
Guwahati,ecmwf_ifs025,2026-09-29T16:00,30.2,0.3,8.7
Guwahati,ecmwf_ifs025,2026-09-29T17:00,29.4,0.3,9.6
Guwahati,ecmwf_ifs025,2026-09-29T18:00,28.9,0.0,9.4
Guwahati,ecmwf_ifs025,2026-09-29T19:00,28.6,0.0,8.4
Guwahati,ecmwf_ifs025,2026-09-29T20:00,28.3,0.0,7.9
Guwahati,ecmwf_ifs025,2026-09-29T21:00,28.0,0.0,8.4
Guwahati,ecmwf_ifs025,2026-09-29T22:00,27.8,0.0,9.3
Guwahati,ecmwf_ifs025,2026-09-29T23:00,27.5,0.0,9.6
Guwahati,gfs_seamless,2026-09-27T00:00,24.8,2.4,5.9
Guwahati,gfs_seamless,2026-09-27T01:00,24.4,3.3,5.4
Guwahati,gfs_seamless,2026-09-27T02:00,24.3,2.0,5.8
Guwahati,gfs_seamless,2026-09-27T03:00,24.6,0.1,6.2
Guwahati,gfs_seamless,2026-09-27T04:00,24.6,0.0,6.0
Guwahati,gfs_seamless,2026-09-27T05:00,24.7,0.0,5.6
Guwahati,gfs_seamless,2026-09-27T06:00,25.9,0.0,4.7
Guwahati,gfs_seamless,2026-09-27T07:00,27.3,0.0,5.2
Guwahati,gfs_seamless,2026-09-27T08:00,28.6,0.0,7.6
Guwahati,gfs_seamless,2026-09-27T09:00,29.9,0.0,9.4
Guwahati,gfs_seamless,2026-09-27T10:00,30.9,0.0,10.8
Guwahati,gfs_seamless,2026-09-27T11:00,31.7,0.0,12.3
Guwahati,gfs_seamless,2026-09-27T12:00,32.3,0.0,13.3
Guwahati,gfs_seamless,2026-09-27T13:00,32.6,0.0,13.7
Guwahati,gfs_seamless,2026-09-27T14:00,32.6,0.0,13.0
Guwahati,gfs_seamless,2026-09-27T15:00,32.2,0.0,11.2
Guwahati,gfs_seamless,2026-09-27T16:00,30.8,0.0,8.8
Guwahati,gfs_seamless,2026-09-27T17:00,28.9,0.0,8.2
Guwahati,gfs_seamless,2026-09-27T18:00,28.1,0.0,6.6
Guwahati,gfs_seamless,2026-09-27T19:00,27.7,0.0,6.3
Guwahati,gfs_seamless,2026-09-27T20:00,27.4,0.0,6.3
Guwahati,gfs_seamless,2026-09-27T21:00,27.1,0.0,5.5
Guwahati,gfs_seamless,2026-09-27T22:00,26.9,0.0,4.4
Guwahati,gfs_seamless,2026-09-27T23:00,26.7,0.0,4.1
Guwahati,gfs_seamless,2026-09-28T00:00,26.5,0.0,4.4
Guwahati,gfs_seamless,2026-09-28T01:00,26.3,0.0,4.2
Guwahati,gfs_seamless,2026-09-28T02:00,26.1,0.0,3.9
Guwahati,gfs_seamless,2026-09-28T03:00,26.0,0.0,3.8
Guwahati,gfs_seamless,2026-09-28T04:00,25.9,0.0,3.0
Guwahati,gfs_seamless,2026-09-28T05:00,25.9,0.0,1.5
Guwahati,gfs_seamless,2026-09-28T06:00,27.3,0.0,2.0
Guwahati,gfs_seamless,2026-09-28T07:00,28.6,0.0,4.8
Guwahati,gfs_seamless,2026-09-28T08:00,29.9,0.0,5.4
Guwahati,gfs_seamless,2026-09-28T09:00,31.1,0.0,5.7
Guwahati,gfs_seamless,2026-09-28T10:00,32.0,0.0,6.6
Guwahati,gfs_seamless,2026-09-28T11:00,32.7,0.0,9.4
Guwahati,gfs_seamless,2026-09-28T12:00,33.1,0.0,11.1
Guwahati,gfs_seamless,2026-09-28T13:00,33.3,0.0,10.6
Guwahati,gfs_seamless,2026-09-28T14:00,33.4,0.0,9.7
Guwahati,gfs_seamless,2026-09-28T15:00,33.3,0.0,7.0
Guwahati,gfs_seamless,2026-09-28T16:00,32.0,0.0,4.7
Guwahati,gfs_seamless,2026-09-28T17:00,30.0,0.0,4.4
Guwahati,gfs_seamless,2026-09-28T18:00,28.9,0.1,6.4
Guwahati,gfs_seamless,2026-09-28T19:00,28.3,0.1,6.1
Guwahati,gfs_seamless,2026-09-28T20:00,27.9,0.0,5.8
Guwahati,gfs_seamless,2026-09-28T21:00,27.6,0.0,5.5
Guwahati,gfs_seamless,2026-09-28T22:00,27.3,0.0,5.4
Guwahati,gfs_seamless,2026-09-28T23:00,27.1,0.0,4.8
Guwahati,gfs_seamless,2026-09-29T00:00,26.9,0.0,5.0
Guwahati,gfs_seamless,2026-09-29T01:00,26.7,0.0,4.6
Guwahati,gfs_seamless,2026-09-29T02:00,26.5,0.0,3.7
Guwahati,gfs_seamless,2026-09-29T03:00,26.3,0.0,1.9
Guwahati,gfs_seamless,2026-09-29T04:00,26.0,0.0,2.6
Guwahati,gfs_seamless,2026-09-29T05:00,25.9,0.0,3.2
Guwahati,gfs_seamless,2026-09-29T06:00,27.0,0.0,2.9
Guwahati,gfs_seamless,2026-09-29T07:00,28.4,0.0,4.4
Guwahati,gfs_seamless,2026-09-29T08:00,30.0,0.0,4.9
Guwahati,gfs_seamless,2026-09-29T09:00,31.2,0.0,4.6
Guwahati,gfs_seamless,2026-09-29T10:00,32.2,0.0,5.4
Guwahati,gfs_seamless,2026-09-29T11:00,33.0,0.0,7.6
Guwahati,gfs_seamless,2026-09-29T12:00,33.4,0.0,10.3
Guwahati,gfs_seamless,2026-09-29T13:00,33.3,0.0,11.5
Guwahati,gfs_seamless,2026-09-29T14:00,33.2,0.0,10.8
Guwahati,gfs_seamless,2026-09-29T15:00,32.9,0.0,6.8
Guwahati,gfs_seamless,2026-09-29T16:00,31.5,0.4,2.4
Guwahati,gfs_seamless,2026-09-29T17:00,29.7,0.1,3.4
Guwahati,gfs_seamless,2026-09-29T18:00,29.1,0.1,5.4
Guwahati,gfs_seamless,2026-09-29T19:00,28.6,0.0,6.7
Guwahati,gfs_seamless,2026-09-29T20:00,27.8,0.0,7.6
Guwahati,gfs_seamless,2026-09-29T21:00,27.4,0.0,6.3
Guwahati,gfs_seamless,2026-09-29T22:00,27.0,0.0,5.3
Guwahati,gfs_seamless,2026-09-29T23:00,26.8,0.0,5.3
Guwahati,icon_seamless,2026-09-27T00:00,26.8,0.0,3.4
Guwahati,icon_seamless,2026-09-27T01:00,26.6,0.0,3.4
Guwahati,icon_seamless,2026-09-27T02:00,26.5,0.0,3.3
Guwahati,icon_seamless,2026-09-27T03:00,26.3,0.0,3.3
Guwahati,icon_seamless,2026-09-27T04:00,26.2,0.0,3.0
Guwahati,icon_seamless,2026-09-27T05:00,26.2,0.0,3.4
Guwahati,icon_seamless,2026-09-27T06:00,26.9,0.0,2.2
Guwahati,icon_seamless,2026-09-27T07:00,29.2,0.0,2.8
Guwahati,icon_seamless,2026-09-27T08:00,30.3,0.0,6.1
Guwahati,icon_seamless,2026-09-27T09:00,31.1,0.0,9.0
Guwahati,icon_seamless,2026-09-27T10:00,32.0,0.0,9.7
Guwahati,icon_seamless,2026-09-27T11:00,32.7,0.0,9.7
Guwahati,icon_seamless,2026-09-27T12:00,33.2,0.0,9.7
Guwahati,icon_seamless,2026-09-27T13:00,33.5,0.0,10.2
Guwahati,icon_seamless,2026-09-27T14:00,33.2,0.0,9.8
Guwahati,icon_seamless,2026-09-27T15:00,32.6,0.0,8.8
Guwahati,icon_seamless,2026-09-27T16:00,31.7,0.0,5.9
Guwahati,icon_seamless,2026-09-27T17:00,30.3,0.0,3.6
Guwahati,icon_seamless,2026-09-27T18:00,29.4,0.0,3.7
Guwahati,icon_seamless,2026-09-27T19:00,28.6,0.0,3.9
Guwahati,icon_seamless,2026-09-27T20:00,28.2,0.0,3.5
Guwahati,icon_seamless,2026-09-27T21:00,27.9,0.0,3.4
Guwahati,icon_seamless,2026-09-27T22:00,27.6,0.0,3.1
Guwahati,icon_seamless,2026-09-27T23:00,27.2,0.0,3.3
Guwahati,icon_seamless,2026-09-28T00:00,26.8,0.0,3.6
Guwahati,icon_seamless,2026-09-28T01:00,26.6,0.0,3.6
Guwahati,icon_seamless,2026-09-28T02:00,26.6,0.0,3.3
Guwahati,icon_seamless,2026-09-28T03:00,26.6,0.0,3.0
Guwahati,icon_seamless,2026-09-28T04:00,26.4,0.0,2.7
Guwahati,icon_seamless,2026-09-28T05:00,26.2,0.0,2.7
Guwahati,icon_seamless,2026-09-28T06:00,26.8,0.0,1.9
Guwahati,icon_seamless,2026-09-28T07:00,29.3,0.0,1.3
Guwahati,icon_seamless,2026-09-28T08:00,30.5,0.0,2.5
Guwahati,icon_seamless,2026-09-28T09:00,31.4,0.0,4.1
Guwahati,icon_seamless,2026-09-28T10:00,32.2,0.0,5.4
Guwahati,icon_seamless,2026-09-28T11:00,32.8,0.0,6.5
Guwahati,icon_seamless,2026-09-28T12:00,33.3,0.0,7.6
Guwahati,icon_seamless,2026-09-28T13:00,33.5,0.0,8.4
Guwahati,icon_seamless,2026-09-28T14:00,33.3,0.0,7.6
Guwahati,icon_seamless,2026-09-28T15:00,32.9,0.0,6.1
Guwahati,icon_seamless,2026-09-28T16:00,32.0,0.0,3.1
Guwahati,icon_seamless,2026-09-28T17:00,30.9,0.0,2.2
Guwahati,icon_seamless,2026-09-28T18:00,29.9,0.0,2.8
Guwahati,icon_seamless,2026-09-28T19:00,28.7,0.0,3.1
Guwahati,icon_seamless,2026-09-28T20:00,27.6,0.0,3.6
Guwahati,icon_seamless,2026-09-28T21:00,26.8,0.0,3.6
Guwahati,icon_seamless,2026-09-28T22:00,26.5,0.0,3.3
Guwahati,icon_seamless,2026-09-28T23:00,26.3,0.0,3.0
Guwahati,icon_seamless,2026-09-29T00:00,26.1,0.0,3.3
Guwahati,icon_seamless,2026-09-29T01:00,25.9,0.0,3.0
Guwahati,icon_seamless,2026-09-29T02:00,25.7,0.0,3.1
Guwahati,icon_seamless,2026-09-29T03:00,25.5,0.0,3.1
Guwahati,icon_seamless,2026-09-29T04:00,25.4,0.0,3.1
Guwahati,icon_seamless,2026-09-29T05:00,25.3,0.0,3.2
Guwahati,icon_seamless,2026-09-29T06:00,26.3,0.0,2.8
Guwahati,icon_seamless,2026-09-29T07:00,29.2,0.0,2.9
Guwahati,icon_seamless,2026-09-29T08:00,30.7,0.0,5.5
Guwahati,icon_seamless,2026-09-29T09:00,31.8,0.0,8.4
Guwahati,icon_seamless,2026-09-29T10:00,32.7,0.0,9.0
Guwahati,icon_seamless,2026-09-29T11:00,33.5,0.0,8.7
Guwahati,icon_seamless,2026-09-29T12:00,33.9,0.0,7.4
Guwahati,icon_seamless,2026-09-29T13:00,34.1,0.0,4.9
Guwahati,icon_seamless,2026-09-29T14:00,33.9,0.0,2.3
Guwahati,icon_seamless,2026-09-29T15:00,33.6,0.0,1.8
Guwahati,icon_seamless,2026-09-29T16:00,32.8,0.0,2.2
Guwahati,icon_seamless,2026-09-29T17:00,31.8,0.0,1.8
Guwahati,icon_seamless,2026-09-29T18:00,31.1,0.0,1.1
Guwahati,icon_seamless,2026-09-29T19:00,30.6,0.0,1.4
Guwahati,icon_seamless,2026-09-29T20:00,29.9,0.0,2.9
Guwahati,icon_seamless,2026-09-29T21:00,29.2,0.0,2.9
Guwahati,icon_seamless,2026-09-29T22:00,28.6,0.1,3.6
Guwahati,icon_seamless,2026-09-29T23:00,28.3,0.1,3.3
Guwahati,gem_seamless,2026-09-27T00:00,25.4,0.0,5.0
Guwahati,gem_seamless,2026-09-27T01:00,25.2,0.0,5.4
Guwahati,gem_seamless,2026-09-27T02:00,25.2,0.0,5.0
Guwahati,gem_seamless,2026-09-27T03:00,25.2,0.0,5.0
Guwahati,gem_seamless,2026-09-27T04:00,24.9,0.0,5.0
Guwahati,gem_seamless,2026-09-27T05:00,24.8,0.0,4.7
Guwahati,gem_seamless,2026-09-27T06:00,26.1,0.0,4.0
Guwahati,gem_seamless,2026-09-27T07:00,27.6,0.0,1.8
Guwahati,gem_seamless,2026-09-27T08:00,28.5,0.0,2.2
Guwahati,gem_seamless,2026-09-27T09:00,29.3,0.0,3.6
Guwahati,gem_seamless,2026-09-27T10:00,30.7,0.0,4.3
Guwahati,gem_seamless,2026-09-27T11:00,32.2,0.0,5.8
Guwahati,gem_seamless,2026-09-27T12:00,32.8,0.0,6.8
Guwahati,gem_seamless,2026-09-27T13:00,32.9,0.0,7.2
Guwahati,gem_seamless,2026-09-27T14:00,32.7,0.0,6.8
Guwahati,gem_seamless,2026-09-27T15:00,32.2,0.0,6.5
Guwahati,gem_seamless,2026-09-27T16:00,31.2,0.0,4.3
Guwahati,gem_seamless,2026-09-27T17:00,29.6,0.0,6.5
Guwahati,gem_seamless,2026-09-27T18:00,28.6,0.0,5.4
Guwahati,gem_seamless,2026-09-27T19:00,28.0,0.0,5.0
Guwahati,gem_seamless,2026-09-27T20:00,27.9,0.0,4.7
Guwahati,gem_seamless,2026-09-27T21:00,27.7,0.0,4.7
Guwahati,gem_seamless,2026-09-27T22:00,27.7,0.0,5.0
Guwahati,gem_seamless,2026-09-27T23:00,27.7,0.0,5.4
Guwahati,gem_seamless,2026-09-28T00:00,27.8,0.0,5.0
Guwahati,gem_seamless,2026-09-28T01:00,27.4,0.0,4.3
Guwahati,gem_seamless,2026-09-28T02:00,26.9,0.0,3.2
Guwahati,gem_seamless,2026-09-28T03:00,26.7,0.0,2.5
Guwahati,gem_seamless,2026-09-28T04:00,26.6,0.0,1.8
Guwahati,gem_seamless,2026-09-28T05:00,26.6,0.0,2.5
Guwahati,gem_seamless,2026-09-28T06:00,27.1,0.0,2.5
Guwahati,gem_seamless,2026-09-28T07:00,28.9,0.0,2.2
Guwahati,gem_seamless,2026-09-28T08:00,30.2,0.0,2.5
Guwahati,gem_seamless,2026-09-28T09:00,31.2,0.0,3.2
Guwahati,gem_seamless,2026-09-28T10:00,32.0,0.0,3.2
Guwahati,gem_seamless,2026-09-28T11:00,32.8,0.0,3.2
Guwahati,gem_seamless,2026-09-28T12:00,33.3,0.0,3.6
Guwahati,gem_seamless,2026-09-28T13:00,33.4,0.0,4.3
Guwahati,gem_seamless,2026-09-28T14:00,33.2,0.0,4.3
Guwahati,gem_seamless,2026-09-28T15:00,32.7,0.0,3.2
Guwahati,gem_seamless,2026-09-28T16:00,31.7,0.0,1.8
Guwahati,gem_seamless,2026-09-28T17:00,29.9,0.0,2.2
Guwahati,gem_seamless,2026-09-28T18:00,28.5,0.0,3.6
Guwahati,gem_seamless,2026-09-28T19:00,27.8,0.0,5.0
Guwahati,gem_seamless,2026-09-28T20:00,27.6,0.0,5.4
Guwahati,gem_seamless,2026-09-28T21:00,27.4,0.0,5.4
Guwahati,gem_seamless,2026-09-28T22:00,27.0,0.0,5.4
Guwahati,gem_seamless,2026-09-28T23:00,26.5,0.0,4.3
Guwahati,gem_seamless,2026-09-29T00:00,26.0,0.0,3.6
Guwahati,gem_seamless,2026-09-29T01:00,25.6,0.0,3.6
Guwahati,gem_seamless,2026-09-29T02:00,25.2,0.0,3.6
Guwahati,gem_seamless,2026-09-29T03:00,25.0,0.0,4.0
Guwahati,gem_seamless,2026-09-29T04:00,24.9,0.0,4.0
Guwahati,gem_seamless,2026-09-29T05:00,24.8,0.0,4.0
Guwahati,gem_seamless,2026-09-29T06:00,26.7,0.0,2.9
Guwahati,gem_seamless,2026-09-29T07:00,29.2,0.0,3.2
Guwahati,gem_seamless,2026-09-29T08:00,30.7,0.0,4.7
Guwahati,gem_seamless,2026-09-29T09:00,31.9,0.0,5.4
Guwahati,gem_seamless,2026-09-29T10:00,33.0,0.0,5.8
Guwahati,gem_seamless,2026-09-29T11:00,33.7,0.0,5.8
Guwahati,gem_seamless,2026-09-29T12:00,34.1,0.0,5.0
Guwahati,gem_seamless,2026-09-29T13:00,34.3,0.0,5.0
Guwahati,gem_seamless,2026-09-29T14:00,34.1,0.0,4.7
Guwahati,gem_seamless,2026-09-29T15:00,33.7,0.0,4.0
Guwahati,gem_seamless,2026-09-29T16:00,32.5,0.0,2.2
Guwahati,gem_seamless,2026-09-29T17:00,30.7,0.0,3.2
Guwahati,gem_seamless,2026-09-29T18:00,29.6,0.0,6.1
Guwahati,gem_seamless,2026-09-29T19:00,29.0,0.0,5.4
Guwahati,gem_seamless,2026-09-29T20:00,28.2,0.0,5.0
Guwahati,gem_seamless,2026-09-29T21:00,27.6,0.0,5.0
Guwahati,gem_seamless,2026-09-29T22:00,27.1,0.0,5.0
Guwahati,gem_seamless,2026-09-29T23:00,26.8,0.0,5.0
Bengaluru,ecmwf_ifs025,2026-09-27T00:00,21.3,0.0,7.3
Bengaluru,ecmwf_ifs025,2026-09-27T01:00,20.5,0.0,5.5
Bengaluru,ecmwf_ifs025,2026-09-27T02:00,19.8,0.0,3.9
Bengaluru,ecmwf_ifs025,2026-09-27T03:00,19.2,0.0,3.4
Bengaluru,ecmwf_ifs025,2026-09-27T04:00,18.7,0.0,3.8
Bengaluru,ecmwf_ifs025,2026-09-27T05:00,18.8,0.0,3.6
Bengaluru,ecmwf_ifs025,2026-09-27T06:00,19.7,0.0,3.9
Bengaluru,ecmwf_ifs025,2026-09-27T07:00,21.2,0.0,6.1
Bengaluru,ecmwf_ifs025,2026-09-27T08:00,22.8,0.0,7.6
Bengaluru,ecmwf_ifs025,2026-09-27T09:00,24.6,0.0,7.5
Bengaluru,ecmwf_ifs025,2026-09-27T10:00,26.6,0.0,6.6
Bengaluru,ecmwf_ifs025,2026-09-27T11:00,28.2,0.0,5.9
Bengaluru,ecmwf_ifs025,2026-09-27T12:00,29.0,0.0,5.7
Bengaluru,ecmwf_ifs025,2026-09-27T13:00,29.5,0.0,6.0
Bengaluru,ecmwf_ifs025,2026-09-27T14:00,29.5,0.0,5.8
Bengaluru,ecmwf_ifs025,2026-09-27T15:00,29.2,0.0,5.4
Bengaluru,ecmwf_ifs025,2026-09-27T16:00,28.4,0.0,5.1
Bengaluru,ecmwf_ifs025,2026-09-27T17:00,27.6,0.0,4.6
Bengaluru,ecmwf_ifs025,2026-09-27T18:00,26.5,0.0,3.6
Bengaluru,ecmwf_ifs025,2026-09-27T19:00,25.3,0.0,2.6
Bengaluru,ecmwf_ifs025,2026-09-27T20:00,24.3,0.0,2.6
Bengaluru,ecmwf_ifs025,2026-09-27T21:00,23.7,0.0,3.3
Bengaluru,ecmwf_ifs025,2026-09-27T22:00,23.3,0.0,4.1
Bengaluru,ecmwf_ifs025,2026-09-27T23:00,22.8,0.0,4.4
Bengaluru,ecmwf_ifs025,2026-09-28T00:00,22.3,0.0,3.1
Bengaluru,ecmwf_ifs025,2026-09-28T01:00,21.8,0.0,3.0
Bengaluru,ecmwf_ifs025,2026-09-28T02:00,21.3,0.0,3.8
Bengaluru,ecmwf_ifs025,2026-09-28T03:00,20.6,0.0,3.1
Bengaluru,ecmwf_ifs025,2026-09-28T04:00,20.0,0.0,1.8
Bengaluru,ecmwf_ifs025,2026-09-28T05:00,19.9,0.0,1.1
Bengaluru,ecmwf_ifs025,2026-09-28T06:00,20.8,0.0,1.4
Bengaluru,ecmwf_ifs025,2026-09-28T07:00,22.3,0.0,2.2
Bengaluru,ecmwf_ifs025,2026-09-28T08:00,23.8,0.0,2.2
Bengaluru,ecmwf_ifs025,2026-09-28T09:00,25.4,0.1,1.1
Bengaluru,ecmwf_ifs025,2026-09-28T10:00,27.0,0.1,0.4
Bengaluru,ecmwf_ifs025,2026-09-28T11:00,28.3,0.1,1.3
Bengaluru,ecmwf_ifs025,2026-09-28T12:00,29.1,0.2,1.8
Bengaluru,ecmwf_ifs025,2026-09-28T13:00,29.6,0.2,2.6
Bengaluru,ecmwf_ifs025,2026-09-28T14:00,29.8,0.2,2.9
Bengaluru,ecmwf_ifs025,2026-09-28T15:00,29.5,0.3,1.8
Bengaluru,ecmwf_ifs025,2026-09-28T16:00,28.8,0.3,2.5
Bengaluru,ecmwf_ifs025,2026-09-28T17:00,27.8,0.3,2.4
Bengaluru,ecmwf_ifs025,2026-09-28T18:00,26.2,0.1,1.6
Bengaluru,ecmwf_ifs025,2026-09-28T19:00,24.3,0.1,7.9
Bengaluru,ecmwf_ifs025,2026-09-28T20:00,22.8,0.1,11.3
Bengaluru,ecmwf_ifs025,2026-09-28T21:00,21.9,0.0,9.7
Bengaluru,ecmwf_ifs025,2026-09-28T22:00,21.5,0.0,5.8
Bengaluru,ecmwf_ifs025,2026-09-28T23:00,21.2,0.0,2.4
Bengaluru,ecmwf_ifs025,2026-09-29T00:00,20.9,0.0,1.1
Bengaluru,ecmwf_ifs025,2026-09-29T01:00,20.8,0.0,1.1
Bengaluru,ecmwf_ifs025,2026-09-29T02:00,20.7,0.0,0.8
Bengaluru,ecmwf_ifs025,2026-09-29T03:00,20.3,0.0,0.4
Bengaluru,ecmwf_ifs025,2026-09-29T04:00,19.9,0.0,0.0
Bengaluru,ecmwf_ifs025,2026-09-29T05:00,20.0,0.0,0.5
Bengaluru,ecmwf_ifs025,2026-09-29T06:00,20.8,0.0,2.0
Bengaluru,ecmwf_ifs025,2026-09-29T07:00,22.1,0.0,3.8
Bengaluru,ecmwf_ifs025,2026-09-29T08:00,23.5,0.0,5.1
Bengaluru,ecmwf_ifs025,2026-09-29T09:00,25.3,0.0,5.2
Bengaluru,ecmwf_ifs025,2026-09-29T10:00,27.1,0.0,4.6
Bengaluru,ecmwf_ifs025,2026-09-29T11:00,28.3,0.0,4.0
Bengaluru,ecmwf_ifs025,2026-09-29T12:00,28.2,0.4,4.3
Bengaluru,ecmwf_ifs025,2026-09-29T13:00,27.4,0.4,6.8
Bengaluru,ecmwf_ifs025,2026-09-29T14:00,26.5,0.4,7.3
Bengaluru,ecmwf_ifs025,2026-09-29T15:00,25.7,0.6,2.9
Bengaluru,ecmwf_ifs025,2026-09-29T16:00,24.8,0.6,4.0
Bengaluru,ecmwf_ifs025,2026-09-29T17:00,24.0,0.6,8.8
Bengaluru,ecmwf_ifs025,2026-09-29T18:00,23.0,0.5,8.6
Bengaluru,ecmwf_ifs025,2026-09-29T19:00,22.1,0.5,6.1
Bengaluru,ecmwf_ifs025,2026-09-29T20:00,21.3,0.5,4.1
Bengaluru,ecmwf_ifs025,2026-09-29T21:00,20.8,0.5,2.6
Bengaluru,ecmwf_ifs025,2026-09-29T22:00,20.5,0.5,1.1
Bengaluru,ecmwf_ifs025,2026-09-29T23:00,20.3,0.5,0.0
Bengaluru,gfs_seamless,2026-09-27T00:00,22.0,0.0,11.3
Bengaluru,gfs_seamless,2026-09-27T01:00,21.5,0.0,11.8
Bengaluru,gfs_seamless,2026-09-27T02:00,21.2,0.0,11.8
Bengaluru,gfs_seamless,2026-09-27T03:00,20.8,0.0,10.8
Bengaluru,gfs_seamless,2026-09-27T04:00,20.5,0.0,10.2
Bengaluru,gfs_seamless,2026-09-27T05:00,20.4,0.0,10.0
Bengaluru,gfs_seamless,2026-09-27T06:00,20.4,0.0,8.9
Bengaluru,gfs_seamless,2026-09-27T07:00,21.7,0.0,9.0
Bengaluru,gfs_seamless,2026-09-27T08:00,23.6,0.0,8.8
Bengaluru,gfs_seamless,2026-09-27T09:00,25.7,0.0,8.9
Bengaluru,gfs_seamless,2026-09-27T10:00,27.8,0.0,8.4
Bengaluru,gfs_seamless,2026-09-27T11:00,29.5,0.0,7.6
Bengaluru,gfs_seamless,2026-09-27T12:00,30.8,0.0,7.3
Bengaluru,gfs_seamless,2026-09-27T13:00,31.6,0.0,7.2
Bengaluru,gfs_seamless,2026-09-27T14:00,31.9,0.0,8.5
Bengaluru,gfs_seamless,2026-09-27T15:00,31.2,0.0,9.4
Bengaluru,gfs_seamless,2026-09-27T16:00,29.8,0.0,8.7
Bengaluru,gfs_seamless,2026-09-27T17:00,29.2,0.0,9.9
Bengaluru,gfs_seamless,2026-09-27T18:00,28.7,0.0,11.9
Bengaluru,gfs_seamless,2026-09-27T19:00,28.1,0.0,11.7
Bengaluru,gfs_seamless,2026-09-27T20:00,28.2,0.0,9.5
Bengaluru,gfs_seamless,2026-09-27T21:00,27.9,0.0,7.4
Bengaluru,gfs_seamless,2026-09-27T22:00,27.4,0.0,5.8
Bengaluru,gfs_seamless,2026-09-27T23:00,27.0,0.0,4.2
Bengaluru,gfs_seamless,2026-09-28T00:00,26.5,0.0,3.2
Bengaluru,gfs_seamless,2026-09-28T01:00,25.8,0.0,3.2
Bengaluru,gfs_seamless,2026-09-28T02:00,25.6,0.0,3.7
Bengaluru,gfs_seamless,2026-09-28T03:00,25.4,0.0,4.7
Bengaluru,gfs_seamless,2026-09-28T04:00,25.0,0.0,6.5
Bengaluru,gfs_seamless,2026-09-28T05:00,24.7,0.0,7.9
Bengaluru,gfs_seamless,2026-09-28T06:00,24.5,0.0,8.2
Bengaluru,gfs_seamless,2026-09-28T07:00,25.0,0.0,9.1
Bengaluru,gfs_seamless,2026-09-28T08:00,26.3,0.0,9.9
Bengaluru,gfs_seamless,2026-09-28T09:00,27.8,0.0,9.2
Bengaluru,gfs_seamless,2026-09-28T10:00,29.3,0.0,8.4
Bengaluru,gfs_seamless,2026-09-28T11:00,30.8,0.0,6.6
Bengaluru,gfs_seamless,2026-09-28T12:00,30.8,0.0,5.5
Bengaluru,gfs_seamless,2026-09-28T13:00,29.4,0.0,8.3
Bengaluru,gfs_seamless,2026-09-28T14:00,28.3,0.0,12.4
Bengaluru,gfs_seamless,2026-09-28T15:00,28.0,0.0,7.6
Bengaluru,gfs_seamless,2026-09-28T16:00,28.2,0.0,6.9
Bengaluru,gfs_seamless,2026-09-28T17:00,27.7,0.0,7.6
Bengaluru,gfs_seamless,2026-09-28T18:00,27.0,0.0,4.4
Bengaluru,gfs_seamless,2026-09-28T19:00,27.0,0.0,1.8
Bengaluru,gfs_seamless,2026-09-28T20:00,26.7,0.0,3.6
Bengaluru,gfs_seamless,2026-09-28T21:00,25.8,0.0,5.8
Bengaluru,gfs_seamless,2026-09-28T22:00,24.9,0.1,6.9
Bengaluru,gfs_seamless,2026-09-28T23:00,24.9,0.0,5.3
Bengaluru,gfs_seamless,2026-09-29T00:00,24.8,0.0,4.1
Bengaluru,gfs_seamless,2026-09-29T01:00,24.3,0.1,2.6
Bengaluru,gfs_seamless,2026-09-29T02:00,23.8,0.1,1.3
Bengaluru,gfs_seamless,2026-09-29T03:00,23.4,0.4,1.8
Bengaluru,gfs_seamless,2026-09-29T04:00,23.3,0.3,3.3
Bengaluru,gfs_seamless,2026-09-29T05:00,22.9,0.2,2.3
Bengaluru,gfs_seamless,2026-09-29T06:00,22.8,0.3,2.4
Bengaluru,gfs_seamless,2026-09-29T07:00,23.6,0.5,1.3
Bengaluru,gfs_seamless,2026-09-29T08:00,24.6,0.5,2.1
Bengaluru,gfs_seamless,2026-09-29T09:00,26.6,0.3,3.8
Bengaluru,gfs_seamless,2026-09-29T10:00,27.7,0.2,2.4
Bengaluru,gfs_seamless,2026-09-29T11:00,28.7,0.3,3.7
Bengaluru,gfs_seamless,2026-09-29T12:00,28.7,2.1,6.2
Bengaluru,gfs_seamless,2026-09-29T13:00,29.4,1.0,3.3
Bengaluru,gfs_seamless,2026-09-29T14:00,29.8,0.0,3.8
Bengaluru,gfs_seamless,2026-09-29T15:00,28.1,0.3,7.9
Bengaluru,gfs_seamless,2026-09-29T16:00,25.5,0.5,13.0
Bengaluru,gfs_seamless,2026-09-29T17:00,25.6,0.1,10.7
Bengaluru,gfs_seamless,2026-09-29T18:00,24.1,2.0,7.9
Bengaluru,gfs_seamless,2026-09-29T19:00,23.3,0.7,14.0
Bengaluru,gfs_seamless,2026-09-29T20:00,22.1,2.1,18.8
Bengaluru,gfs_seamless,2026-09-29T21:00,21.6,1.4,12.6
Bengaluru,gfs_seamless,2026-09-29T22:00,21.5,0.7,11.6
Bengaluru,gfs_seamless,2026-09-29T23:00,21.5,0.0,11.6
Bengaluru,icon_seamless,2026-09-27T00:00,22.2,0.0,6.2
Bengaluru,icon_seamless,2026-09-27T01:00,21.5,0.0,5.7
Bengaluru,icon_seamless,2026-09-27T02:00,20.9,0.0,5.4
Bengaluru,icon_seamless,2026-09-27T03:00,20.5,0.0,5.4
Bengaluru,icon_seamless,2026-09-27T04:00,20.1,0.0,5.1
Bengaluru,icon_seamless,2026-09-27T05:00,20.1,0.0,3.7
Bengaluru,icon_seamless,2026-09-27T06:00,19.8,0.0,3.3
Bengaluru,icon_seamless,2026-09-27T07:00,20.5,0.0,3.3
Bengaluru,icon_seamless,2026-09-27T08:00,22.1,0.0,4.2
Bengaluru,icon_seamless,2026-09-27T09:00,24.0,0.0,5.8
Bengaluru,icon_seamless,2026-09-27T10:00,25.9,0.0,6.1
Bengaluru,icon_seamless,2026-09-27T11:00,27.6,0.0,5.4
Bengaluru,icon_seamless,2026-09-27T12:00,28.7,0.0,4.4
Bengaluru,icon_seamless,2026-09-27T13:00,29.2,0.0,4.9
Bengaluru,icon_seamless,2026-09-27T14:00,29.6,0.0,5.8
Bengaluru,icon_seamless,2026-09-27T15:00,29.5,0.0,6.6
Bengaluru,icon_seamless,2026-09-27T16:00,29.2,0.0,7.1
Bengaluru,icon_seamless,2026-09-27T17:00,28.6,0.0,6.4
Bengaluru,icon_seamless,2026-09-27T18:00,27.3,0.0,2.2
Bengaluru,icon_seamless,2026-09-27T19:00,26.3,0.0,1.8
Bengaluru,icon_seamless,2026-09-27T20:00,25.5,0.0,2.3
Bengaluru,icon_seamless,2026-09-27T21:00,25.0,0.0,2.2
Bengaluru,icon_seamless,2026-09-27T22:00,24.9,0.0,1.9
Bengaluru,icon_seamless,2026-09-27T23:00,24.6,0.0,2.5
Bengaluru,icon_seamless,2026-09-28T00:00,23.7,0.0,2.3
Bengaluru,icon_seamless,2026-09-28T01:00,23.3,0.0,3.0
Bengaluru,icon_seamless,2026-09-28T02:00,22.8,0.0,3.8
Bengaluru,icon_seamless,2026-09-28T03:00,22.6,0.0,2.9
Bengaluru,icon_seamless,2026-09-28T04:00,22.4,0.0,2.2
Bengaluru,icon_seamless,2026-09-28T05:00,22.1,0.0,1.8
Bengaluru,icon_seamless,2026-09-28T06:00,21.9,0.0,2.2
Bengaluru,icon_seamless,2026-09-28T07:00,22.4,0.0,3.0
Bengaluru,icon_seamless,2026-09-28T08:00,23.4,0.0,4.3
Bengaluru,icon_seamless,2026-09-28T09:00,24.7,0.0,5.0
Bengaluru,icon_seamless,2026-09-28T10:00,26.5,0.0,3.3
Bengaluru,icon_seamless,2026-09-28T11:00,28.0,0.0,2.2
Bengaluru,icon_seamless,2026-09-28T12:00,28.8,0.0,2.4
Bengaluru,icon_seamless,2026-09-28T13:00,29.5,0.0,2.2
Bengaluru,icon_seamless,2026-09-28T14:00,29.8,0.0,3.0
Bengaluru,icon_seamless,2026-09-28T15:00,29.8,0.0,3.1
Bengaluru,icon_seamless,2026-09-28T16:00,29.5,0.0,0.8
Bengaluru,icon_seamless,2026-09-28T17:00,28.8,0.0,4.4
Bengaluru,icon_seamless,2026-09-28T18:00,26.4,0.4,6.2
Bengaluru,icon_seamless,2026-09-28T19:00,25.1,0.8,3.9
Bengaluru,icon_seamless,2026-09-28T20:00,24.6,0.0,5.2
Bengaluru,icon_seamless,2026-09-28T21:00,24.1,0.0,4.7
Bengaluru,icon_seamless,2026-09-28T22:00,23.3,1.9,7.9
Bengaluru,icon_seamless,2026-09-28T23:00,22.6,2.0,5.4
Bengaluru,icon_seamless,2026-09-29T00:00,22.3,2.9,3.1
Bengaluru,icon_seamless,2026-09-29T01:00,21.9,2.3,2.6
Bengaluru,icon_seamless,2026-09-29T02:00,21.6,1.2,1.1
Bengaluru,icon_seamless,2026-09-29T03:00,21.5,0.8,1.0
Bengaluru,icon_seamless,2026-09-29T04:00,21.4,1.0,1.5
Bengaluru,icon_seamless,2026-09-29T05:00,21.5,0.0,0.0
Bengaluru,icon_seamless,2026-09-29T06:00,21.4,0.0,1.5
Bengaluru,icon_seamless,2026-09-29T07:00,21.7,0.0,2.9
Bengaluru,icon_seamless,2026-09-29T08:00,22.6,0.0,3.7
Bengaluru,icon_seamless,2026-09-29T09:00,23.7,0.0,4.9
Bengaluru,icon_seamless,2026-09-29T10:00,25.0,0.0,6.2
Bengaluru,icon_seamless,2026-09-29T11:00,26.0,0.0,5.4
Bengaluru,icon_seamless,2026-09-29T12:00,27.1,0.0,6.8
Bengaluru,icon_seamless,2026-09-29T13:00,27.6,0.1,6.5
Bengaluru,icon_seamless,2026-09-29T14:00,27.7,0.1,5.4
Bengaluru,icon_seamless,2026-09-29T15:00,27.8,0.1,5.4
Bengaluru,icon_seamless,2026-09-29T16:00,27.5,0.1,5.0
Bengaluru,icon_seamless,2026-09-29T17:00,26.4,0.7,5.1
Bengaluru,icon_seamless,2026-09-29T18:00,25.2,2.2,5.8
Bengaluru,icon_seamless,2026-09-29T19:00,24.6,0.0,4.8
Bengaluru,icon_seamless,2026-09-29T20:00,24.2,0.0,3.4
Bengaluru,icon_seamless,2026-09-29T21:00,23.9,0.0,1.8
Bengaluru,icon_seamless,2026-09-29T22:00,23.4,1.5,2.7
Bengaluru,icon_seamless,2026-09-29T23:00,23.0,2.5,3.3
Bengaluru,gem_seamless,2026-09-27T00:00,20.6,0.0,5.8
Bengaluru,gem_seamless,2026-09-27T01:00,19.7,0.0,7.2
Bengaluru,gem_seamless,2026-09-27T02:00,18.9,0.0,7.6
Bengaluru,gem_seamless,2026-09-27T03:00,18.3,0.0,6.8
Bengaluru,gem_seamless,2026-09-27T04:00,17.7,0.0,6.5
Bengaluru,gem_seamless,2026-09-27T05:00,17.4,0.0,5.8
Bengaluru,gem_seamless,2026-09-27T06:00,17.3,0.0,5.4
Bengaluru,gem_seamless,2026-09-27T07:00,19.3,0.0,6.8
Bengaluru,gem_seamless,2026-09-27T08:00,22.4,0.0,10.8
Bengaluru,gem_seamless,2026-09-27T09:00,25.4,0.0,11.5
Bengaluru,gem_seamless,2026-09-27T10:00,27.5,0.0,11.2
Bengaluru,gem_seamless,2026-09-27T11:00,29.0,0.0,10.8
Bengaluru,gem_seamless,2026-09-27T12:00,30.1,0.0,10.4
Bengaluru,gem_seamless,2026-09-27T13:00,30.8,0.0,9.7
Bengaluru,gem_seamless,2026-09-27T14:00,31.1,0.0,10.4
Bengaluru,gem_seamless,2026-09-27T15:00,31.1,0.0,11.5
Bengaluru,gem_seamless,2026-09-27T16:00,30.8,0.0,11.2
Bengaluru,gem_seamless,2026-09-27T17:00,29.8,0.0,9.7
Bengaluru,gem_seamless,2026-09-27T18:00,26.9,0.0,5.8
Bengaluru,gem_seamless,2026-09-27T19:00,24.3,0.0,4.0
Bengaluru,gem_seamless,2026-09-27T20:00,22.6,0.0,4.0
Bengaluru,gem_seamless,2026-09-27T21:00,21.1,0.0,5.0
Bengaluru,gem_seamless,2026-09-27T22:00,20.0,0.0,5.8
Bengaluru,gem_seamless,2026-09-27T23:00,19.4,0.0,6.5
Bengaluru,gem_seamless,2026-09-28T00:00,19.2,0.0,6.8
Bengaluru,gem_seamless,2026-09-28T01:00,19.7,0.0,7.6
Bengaluru,gem_seamless,2026-09-28T02:00,19.9,0.0,5.8
Bengaluru,gem_seamless,2026-09-28T03:00,19.8,0.0,3.6
Bengaluru,gem_seamless,2026-09-28T04:00,19.9,0.0,2.5
Bengaluru,gem_seamless,2026-09-28T05:00,19.9,0.0,1.1
Bengaluru,gem_seamless,2026-09-28T06:00,19.9,0.0,1.1
Bengaluru,gem_seamless,2026-09-28T07:00,21.2,0.0,2.2
Bengaluru,gem_seamless,2026-09-28T08:00,23.7,0.0,1.4
Bengaluru,gem_seamless,2026-09-28T09:00,26.2,0.0,4.7
Bengaluru,gem_seamless,2026-09-28T10:00,28.3,0.0,4.3
Bengaluru,gem_seamless,2026-09-28T11:00,29.8,0.0,2.5
Bengaluru,gem_seamless,2026-09-28T12:00,30.8,0.1,1.8
Bengaluru,gem_seamless,2026-09-28T13:00,28.8,1.2,6.8
Bengaluru,gem_seamless,2026-09-28T14:00,27.0,2.1,8.3
Bengaluru,gem_seamless,2026-09-28T15:00,27.7,0.4,4.3
Bengaluru,gem_seamless,2026-09-28T16:00,28.1,0.0,5.8
Bengaluru,gem_seamless,2026-09-28T17:00,27.2,0.0,10.4
Bengaluru,gem_seamless,2026-09-28T18:00,25.4,0.0,8.3
Bengaluru,gem_seamless,2026-09-28T19:00,23.7,0.0,4.0
Bengaluru,gem_seamless,2026-09-28T20:00,22.6,0.0,2.2
Bengaluru,gem_seamless,2026-09-28T21:00,22.2,0.0,2.9
Bengaluru,gem_seamless,2026-09-28T22:00,22.0,0.1,2.2
Bengaluru,gem_seamless,2026-09-28T23:00,21.4,0.0,4.3
Bengaluru,gem_seamless,2026-09-29T00:00,20.8,0.0,5.0
Bengaluru,gem_seamless,2026-09-29T01:00,20.6,0.0,3.6
Bengaluru,gem_seamless,2026-09-29T02:00,20.5,0.0,2.2
Bengaluru,gem_seamless,2026-09-29T03:00,20.1,0.0,2.5
Bengaluru,gem_seamless,2026-09-29T04:00,19.8,0.0,1.1
Bengaluru,gem_seamless,2026-09-29T05:00,19.3,0.0,2.5
Bengaluru,gem_seamless,2026-09-29T06:00,19.4,0.0,1.8
Bengaluru,gem_seamless,2026-09-29T07:00,20.6,0.0,3.6
Bengaluru,gem_seamless,2026-09-29T08:00,21.9,0.0,4.3
Bengaluru,gem_seamless,2026-09-29T09:00,23.8,0.0,5.8
Bengaluru,gem_seamless,2026-09-29T10:00,25.8,0.0,6.8
Bengaluru,gem_seamless,2026-09-29T11:00,27.1,0.0,5.8
Bengaluru,gem_seamless,2026-09-29T12:00,28.0,0.0,1.4
Bengaluru,gem_seamless,2026-09-29T13:00,28.6,0.0,1.8
Bengaluru,gem_seamless,2026-09-29T14:00,28.9,0.0,2.9
Bengaluru,gem_seamless,2026-09-29T15:00,29.0,0.0,3.2
Bengaluru,gem_seamless,2026-09-29T16:00,28.8,0.0,1.4
Bengaluru,gem_seamless,2026-09-29T17:00,27.4,0.3,5.0
Bengaluru,gem_seamless,2026-09-29T18:00,24.9,0.5,7.2
Bengaluru,gem_seamless,2026-09-29T19:00,23.5,0.1,2.5
Bengaluru,gem_seamless,2026-09-29T20:00,22.6,0.1,2.5
Bengaluru,gem_seamless,2026-09-29T21:00,21.9,0.4,2.5
Bengaluru,gem_seamless,2026-09-29T22:00,20.9,0.8,4.3
Bengaluru,gem_seamless,2026-09-29T23:00,20.4,0.6,5.0
Hyderabad,ecmwf_ifs025,2026-09-27T00:00,24.2,0.0,6.9
Hyderabad,ecmwf_ifs025,2026-09-27T01:00,24.1,0.0,8.7
Hyderabad,ecmwf_ifs025,2026-09-27T02:00,23.9,0.0,10.2
Hyderabad,ecmwf_ifs025,2026-09-27T03:00,23.4,0.0,10.5
Hyderabad,ecmwf_ifs025,2026-09-27T04:00,22.9,0.0,9.7
Hyderabad,ecmwf_ifs025,2026-09-27T05:00,22.8,0.0,9.3
Hyderabad,ecmwf_ifs025,2026-09-27T06:00,23.5,0.0,9.2
Hyderabad,ecmwf_ifs025,2026-09-27T07:00,24.7,0.0,9.1
Hyderabad,ecmwf_ifs025,2026-09-27T08:00,26.0,0.0,9.3
Hyderabad,ecmwf_ifs025,2026-09-27T09:00,27.4,0.0,9.5
Hyderabad,ecmwf_ifs025,2026-09-27T10:00,28.9,0.0,9.2
Hyderabad,ecmwf_ifs025,2026-09-27T11:00,30.2,0.0,9.4
Hyderabad,ecmwf_ifs025,2026-09-27T12:00,31.0,0.0,9.9
Hyderabad,ecmwf_ifs025,2026-09-27T13:00,31.5,0.0,10.2
Hyderabad,ecmwf_ifs025,2026-09-27T14:00,31.6,0.0,10.2
Hyderabad,ecmwf_ifs025,2026-09-27T15:00,31.1,0.0,9.3
Hyderabad,ecmwf_ifs025,2026-09-27T16:00,30.3,0.0,7.6
Hyderabad,ecmwf_ifs025,2026-09-27T17:00,29.3,0.0,6.3
Hyderabad,ecmwf_ifs025,2026-09-27T18:00,28.1,0.0,5.6
Hyderabad,ecmwf_ifs025,2026-09-27T19:00,26.7,0.0,5.1
Hyderabad,ecmwf_ifs025,2026-09-27T20:00,25.6,0.0,4.7
Hyderabad,ecmwf_ifs025,2026-09-27T21:00,25.0,0.0,3.6
Hyderabad,ecmwf_ifs025,2026-09-27T22:00,24.6,0.0,2.7
Hyderabad,ecmwf_ifs025,2026-09-27T23:00,24.3,0.0,2.3
Hyderabad,ecmwf_ifs025,2026-09-28T00:00,23.9,0.0,2.5
Hyderabad,ecmwf_ifs025,2026-09-28T01:00,23.5,0.0,3.3
Hyderabad,ecmwf_ifs025,2026-09-28T02:00,23.2,0.0,4.1
Hyderabad,ecmwf_ifs025,2026-09-28T03:00,22.8,0.0,4.4
Hyderabad,ecmwf_ifs025,2026-09-28T04:00,22.4,0.0,4.3
Hyderabad,ecmwf_ifs025,2026-09-28T05:00,22.7,0.0,4.3
Hyderabad,ecmwf_ifs025,2026-09-28T06:00,24.0,0.0,4.3
Hyderabad,ecmwf_ifs025,2026-09-28T07:00,26.0,0.0,4.3
Hyderabad,ecmwf_ifs025,2026-09-28T08:00,27.8,0.0,4.3
Hyderabad,ecmwf_ifs025,2026-09-28T09:00,29.2,0.0,4.8
Hyderabad,ecmwf_ifs025,2026-09-28T10:00,30.4,0.0,6.3
Hyderabad,ecmwf_ifs025,2026-09-28T11:00,31.3,0.0,7.7
Hyderabad,ecmwf_ifs025,2026-09-28T12:00,31.9,0.0,7.9
Hyderabad,ecmwf_ifs025,2026-09-28T13:00,32.3,0.0,8.1
Hyderabad,ecmwf_ifs025,2026-09-28T14:00,32.3,0.0,7.9
Hyderabad,ecmwf_ifs025,2026-09-28T15:00,31.7,0.2,7.6
Hyderabad,ecmwf_ifs025,2026-09-28T16:00,30.7,0.2,7.0
Hyderabad,ecmwf_ifs025,2026-09-28T17:00,29.6,0.2,6.5
Hyderabad,ecmwf_ifs025,2026-09-28T18:00,28.6,0.0,5.4
Hyderabad,ecmwf_ifs025,2026-09-28T19:00,27.6,0.0,4.3
Hyderabad,ecmwf_ifs025,2026-09-28T20:00,26.7,0.0,3.6
Hyderabad,ecmwf_ifs025,2026-09-28T21:00,26.0,0.0,4.0
Hyderabad,ecmwf_ifs025,2026-09-28T22:00,25.4,0.0,4.8
Hyderabad,ecmwf_ifs025,2026-09-28T23:00,24.9,0.0,5.2
Hyderabad,ecmwf_ifs025,2026-09-29T00:00,24.4,0.0,4.4
Hyderabad,ecmwf_ifs025,2026-09-29T01:00,24.1,0.0,3.3
Hyderabad,ecmwf_ifs025,2026-09-29T02:00,23.8,0.0,2.2
Hyderabad,ecmwf_ifs025,2026-09-29T03:00,23.3,0.0,2.2
Hyderabad,ecmwf_ifs025,2026-09-29T04:00,22.9,0.0,2.3
Hyderabad,ecmwf_ifs025,2026-09-29T05:00,23.0,0.0,2.4
Hyderabad,ecmwf_ifs025,2026-09-29T06:00,24.1,0.0,2.3
Hyderabad,ecmwf_ifs025,2026-09-29T07:00,25.7,0.0,2.4
Hyderabad,ecmwf_ifs025,2026-09-29T08:00,27.3,0.0,2.4
Hyderabad,ecmwf_ifs025,2026-09-29T09:00,28.7,0.0,2.9
Hyderabad,ecmwf_ifs025,2026-09-29T10:00,30.2,0.0,4.7
Hyderabad,ecmwf_ifs025,2026-09-29T11:00,31.3,0.0,6.5
Hyderabad,ecmwf_ifs025,2026-09-29T12:00,31.9,0.0,7.9
Hyderabad,ecmwf_ifs025,2026-09-29T13:00,32.2,0.0,9.0
Hyderabad,ecmwf_ifs025,2026-09-29T14:00,32.1,0.0,9.8
Hyderabad,ecmwf_ifs025,2026-09-29T15:00,31.6,0.0,9.8
Hyderabad,ecmwf_ifs025,2026-09-29T16:00,30.7,0.0,9.4
Hyderabad,ecmwf_ifs025,2026-09-29T17:00,29.8,0.0,8.7
Hyderabad,ecmwf_ifs025,2026-09-29T18:00,28.9,0.0,7.6
Hyderabad,ecmwf_ifs025,2026-09-29T19:00,27.9,0.0,5.8
Hyderabad,ecmwf_ifs025,2026-09-29T20:00,27.0,0.0,4.7
Hyderabad,ecmwf_ifs025,2026-09-29T21:00,26.2,0.0,4.3
Hyderabad,ecmwf_ifs025,2026-09-29T22:00,25.5,0.0,4.7
Hyderabad,ecmwf_ifs025,2026-09-29T23:00,25.0,0.0,4.3
Hyderabad,gfs_seamless,2026-09-27T00:00,25.1,0.0,12.6
Hyderabad,gfs_seamless,2026-09-27T01:00,24.8,0.0,11.3
Hyderabad,gfs_seamless,2026-09-27T02:00,24.2,0.0,11.5
Hyderabad,gfs_seamless,2026-09-27T03:00,23.7,0.0,10.9
Hyderabad,gfs_seamless,2026-09-27T04:00,23.6,0.0,9.7
Hyderabad,gfs_seamless,2026-09-27T05:00,23.3,0.0,9.9
Hyderabad,gfs_seamless,2026-09-27T06:00,23.2,0.0,10.7
Hyderabad,gfs_seamless,2026-09-27T07:00,24.5,0.0,12.0
Hyderabad,gfs_seamless,2026-09-27T08:00,26.1,0.0,13.0
Hyderabad,gfs_seamless,2026-09-27T09:00,27.8,0.0,14.5
Hyderabad,gfs_seamless,2026-09-27T10:00,29.4,0.0,15.5
Hyderabad,gfs_seamless,2026-09-27T11:00,30.5,0.0,16.9
Hyderabad,gfs_seamless,2026-09-27T12:00,31.2,0.0,17.5
Hyderabad,gfs_seamless,2026-09-27T13:00,31.7,0.0,17.0
Hyderabad,gfs_seamless,2026-09-27T14:00,31.8,0.0,17.4
Hyderabad,gfs_seamless,2026-09-27T15:00,31.4,0.0,17.6
Hyderabad,gfs_seamless,2026-09-27T16:00,30.6,0.0,16.7
Hyderabad,gfs_seamless,2026-09-27T17:00,29.2,0.0,14.2
Hyderabad,gfs_seamless,2026-09-27T18:00,27.7,0.0,11.9
Hyderabad,gfs_seamless,2026-09-27T19:00,26.9,0.0,9.9
Hyderabad,gfs_seamless,2026-09-27T20:00,26.3,0.0,8.3
Hyderabad,gfs_seamless,2026-09-27T21:00,25.8,0.0,5.8
Hyderabad,gfs_seamless,2026-09-27T22:00,25.3,0.0,4.6
Hyderabad,gfs_seamless,2026-09-27T23:00,24.8,0.0,1.0
Hyderabad,gfs_seamless,2026-09-28T00:00,24.5,0.0,1.9
Hyderabad,gfs_seamless,2026-09-28T01:00,24.1,0.0,3.3
Hyderabad,gfs_seamless,2026-09-28T02:00,23.8,0.0,4.9
Hyderabad,gfs_seamless,2026-09-28T03:00,23.5,0.0,6.4
Hyderabad,gfs_seamless,2026-09-28T04:00,23.1,0.0,6.5
Hyderabad,gfs_seamless,2026-09-28T05:00,22.9,0.0,6.1
Hyderabad,gfs_seamless,2026-09-28T06:00,23.0,0.0,6.5
Hyderabad,gfs_seamless,2026-09-28T07:00,24.8,0.0,8.4
Hyderabad,gfs_seamless,2026-09-28T08:00,26.9,0.0,8.7
Hyderabad,gfs_seamless,2026-09-28T09:00,28.8,0.0,10.3
Hyderabad,gfs_seamless,2026-09-28T10:00,30.2,0.0,12.0
Hyderabad,gfs_seamless,2026-09-28T11:00,31.2,0.0,13.2
Hyderabad,gfs_seamless,2026-09-28T12:00,31.9,0.0,14.3
Hyderabad,gfs_seamless,2026-09-28T13:00,32.4,0.0,14.8
Hyderabad,gfs_seamless,2026-09-28T14:00,32.5,0.0,15.5
Hyderabad,gfs_seamless,2026-09-28T15:00,32.2,0.0,16.3
Hyderabad,gfs_seamless,2026-09-28T16:00,31.4,0.0,17.5
Hyderabad,gfs_seamless,2026-09-28T17:00,29.6,0.0,16.2
Hyderabad,gfs_seamless,2026-09-28T18:00,28.1,0.0,14.0
Hyderabad,gfs_seamless,2026-09-28T19:00,27.1,0.0,13.5
Hyderabad,gfs_seamless,2026-09-28T20:00,26.3,0.0,12.6
Hyderabad,gfs_seamless,2026-09-28T21:00,25.7,0.0,10.2
Hyderabad,gfs_seamless,2026-09-28T22:00,25.2,0.0,7.6
Hyderabad,gfs_seamless,2026-09-28T23:00,24.8,0.0,6.3
Hyderabad,gfs_seamless,2026-09-29T00:00,24.5,0.0,7.2
Hyderabad,gfs_seamless,2026-09-29T01:00,24.2,0.0,6.2
Hyderabad,gfs_seamless,2026-09-29T02:00,23.9,0.0,5.6
Hyderabad,gfs_seamless,2026-09-29T03:00,23.5,0.0,5.3
Hyderabad,gfs_seamless,2026-09-29T04:00,23.3,0.0,5.6
Hyderabad,gfs_seamless,2026-09-29T05:00,23.0,0.0,5.2
Hyderabad,gfs_seamless,2026-09-29T06:00,23.0,0.0,4.7
Hyderabad,gfs_seamless,2026-09-29T07:00,24.8,0.0,6.6
Hyderabad,gfs_seamless,2026-09-29T08:00,26.8,0.0,9.0
Hyderabad,gfs_seamless,2026-09-29T09:00,28.6,0.0,10.0
Hyderabad,gfs_seamless,2026-09-29T10:00,30.2,0.0,10.0
Hyderabad,gfs_seamless,2026-09-29T11:00,31.4,0.0,9.5
Hyderabad,gfs_seamless,2026-09-29T12:00,32.3,0.0,10.5
Hyderabad,gfs_seamless,2026-09-29T13:00,32.8,0.0,12.7
Hyderabad,gfs_seamless,2026-09-29T14:00,32.9,0.0,15.2
Hyderabad,gfs_seamless,2026-09-29T15:00,32.4,0.0,17.3
Hyderabad,gfs_seamless,2026-09-29T16:00,31.4,0.0,16.7
Hyderabad,gfs_seamless,2026-09-29T17:00,29.7,0.0,15.0
Hyderabad,gfs_seamless,2026-09-29T18:00,28.2,0.0,12.4
Hyderabad,gfs_seamless,2026-09-29T19:00,27.3,0.0,11.9
Hyderabad,gfs_seamless,2026-09-29T20:00,26.3,0.0,12.1
Hyderabad,gfs_seamless,2026-09-29T21:00,25.6,0.0,12.2
Hyderabad,gfs_seamless,2026-09-29T22:00,25.2,0.0,8.8
Hyderabad,gfs_seamless,2026-09-29T23:00,24.9,0.0,7.4
Hyderabad,icon_seamless,2026-09-27T00:00,25.8,0.0,3.3
Hyderabad,icon_seamless,2026-09-27T01:00,25.5,0.0,2.9
Hyderabad,icon_seamless,2026-09-27T02:00,25.2,0.0,3.0
Hyderabad,icon_seamless,2026-09-27T03:00,25.1,0.0,3.0
Hyderabad,icon_seamless,2026-09-27T04:00,24.8,0.0,3.3
Hyderabad,icon_seamless,2026-09-27T05:00,24.6,0.0,6.2
Hyderabad,icon_seamless,2026-09-27T06:00,24.1,0.0,6.2
Hyderabad,icon_seamless,2026-09-27T07:00,24.6,0.0,6.7
Hyderabad,icon_seamless,2026-09-27T08:00,26.2,0.0,8.2
Hyderabad,icon_seamless,2026-09-27T09:00,27.9,0.0,8.7
Hyderabad,icon_seamless,2026-09-27T10:00,29.6,0.0,8.8
Hyderabad,icon_seamless,2026-09-27T11:00,31.0,0.0,8.7
Hyderabad,icon_seamless,2026-09-27T12:00,32.3,0.0,8.4
Hyderabad,icon_seamless,2026-09-27T13:00,33.0,0.0,8.1
Hyderabad,icon_seamless,2026-09-27T14:00,33.3,0.0,7.6
Hyderabad,icon_seamless,2026-09-27T15:00,33.2,0.0,7.4
Hyderabad,icon_seamless,2026-09-27T16:00,32.7,0.0,6.9
Hyderabad,icon_seamless,2026-09-27T17:00,31.9,0.0,5.2
Hyderabad,icon_seamless,2026-09-27T18:00,30.5,0.0,2.5
Hyderabad,icon_seamless,2026-09-27T19:00,29.6,0.0,2.0
Hyderabad,icon_seamless,2026-09-27T20:00,28.8,0.0,1.9
Hyderabad,icon_seamless,2026-09-27T21:00,28.1,0.0,0.7
Hyderabad,icon_seamless,2026-09-27T22:00,27.3,0.0,1.8
Hyderabad,icon_seamless,2026-09-27T23:00,26.6,0.0,1.5
Hyderabad,icon_seamless,2026-09-28T00:00,26.1,0.0,1.3
Hyderabad,icon_seamless,2026-09-28T01:00,25.5,0.0,1.3
Hyderabad,icon_seamless,2026-09-28T02:00,25.0,0.0,1.5
Hyderabad,icon_seamless,2026-09-28T03:00,24.4,0.0,1.3
Hyderabad,icon_seamless,2026-09-28T04:00,23.9,0.0,1.3
Hyderabad,icon_seamless,2026-09-28T05:00,23.5,0.0,0.8
Hyderabad,icon_seamless,2026-09-28T06:00,23.3,0.0,1.1
Hyderabad,icon_seamless,2026-09-28T07:00,24.1,0.0,1.1
Hyderabad,icon_seamless,2026-09-28T08:00,26.7,0.0,1.4
Hyderabad,icon_seamless,2026-09-28T09:00,29.1,0.0,2.5
Hyderabad,icon_seamless,2026-09-28T10:00,30.9,0.0,3.7
Hyderabad,icon_seamless,2026-09-28T11:00,32.2,0.0,4.6
Hyderabad,icon_seamless,2026-09-28T12:00,33.0,0.0,5.9
Hyderabad,icon_seamless,2026-09-28T13:00,33.4,0.0,6.5
Hyderabad,icon_seamless,2026-09-28T14:00,33.5,0.0,6.3
Hyderabad,icon_seamless,2026-09-28T15:00,33.3,0.0,5.9
Hyderabad,icon_seamless,2026-09-28T16:00,32.8,0.0,5.8
Hyderabad,icon_seamless,2026-09-28T17:00,32.1,0.0,4.7
Hyderabad,icon_seamless,2026-09-28T18:00,30.7,0.0,3.4
Hyderabad,icon_seamless,2026-09-28T19:00,29.1,0.0,5.6
Hyderabad,icon_seamless,2026-09-28T20:00,27.8,0.0,4.4
Hyderabad,icon_seamless,2026-09-28T21:00,27.0,0.0,3.3
Hyderabad,icon_seamless,2026-09-28T22:00,26.5,0.0,2.2
Hyderabad,icon_seamless,2026-09-28T23:00,26.2,0.0,0.7
Hyderabad,icon_seamless,2026-09-29T00:00,26.0,0.0,1.4
Hyderabad,icon_seamless,2026-09-29T01:00,25.7,0.0,1.8
Hyderabad,icon_seamless,2026-09-29T02:00,25.1,0.0,2.7
Hyderabad,icon_seamless,2026-09-29T03:00,24.8,0.0,2.2
Hyderabad,icon_seamless,2026-09-29T04:00,24.8,0.0,1.6
Hyderabad,icon_seamless,2026-09-29T05:00,24.5,0.0,1.8
Hyderabad,icon_seamless,2026-09-29T06:00,24.3,0.0,1.8
Hyderabad,icon_seamless,2026-09-29T07:00,25.0,0.0,1.1
Hyderabad,icon_seamless,2026-09-29T08:00,26.7,0.0,2.2
Hyderabad,icon_seamless,2026-09-29T09:00,28.5,0.0,3.0
Hyderabad,icon_seamless,2026-09-29T10:00,30.0,0.0,3.5
Hyderabad,icon_seamless,2026-09-29T11:00,31.1,0.0,4.7
Hyderabad,icon_seamless,2026-09-29T12:00,32.0,0.0,5.7
Hyderabad,icon_seamless,2026-09-29T13:00,32.7,0.0,6.0
Hyderabad,icon_seamless,2026-09-29T14:00,33.0,0.0,6.6
Hyderabad,icon_seamless,2026-09-29T15:00,32.9,0.0,7.2
Hyderabad,icon_seamless,2026-09-29T16:00,32.4,0.0,7.2
Hyderabad,icon_seamless,2026-09-29T17:00,31.4,0.0,7.1
Hyderabad,icon_seamless,2026-09-29T18:00,30.0,0.0,4.0
Hyderabad,icon_seamless,2026-09-29T19:00,29.0,0.0,3.3
Hyderabad,icon_seamless,2026-09-29T20:00,27.9,0.0,3.6
Hyderabad,icon_seamless,2026-09-29T21:00,27.0,0.0,3.4
Hyderabad,icon_seamless,2026-09-29T22:00,26.3,0.0,2.5
Hyderabad,icon_seamless,2026-09-29T23:00,25.9,0.0,0.7
Hyderabad,gem_seamless,2026-09-27T00:00,22.6,0.0,7.2
Hyderabad,gem_seamless,2026-09-27T01:00,22.1,0.0,7.6
Hyderabad,gem_seamless,2026-09-27T02:00,21.7,0.0,7.6
Hyderabad,gem_seamless,2026-09-27T03:00,21.6,0.0,9.7
Hyderabad,gem_seamless,2026-09-27T04:00,21.8,0.0,12.2
Hyderabad,gem_seamless,2026-09-27T05:00,22.1,0.0,13.0
Hyderabad,gem_seamless,2026-09-27T06:00,22.2,0.0,13.3
Hyderabad,gem_seamless,2026-09-27T07:00,24.0,0.0,14.4
Hyderabad,gem_seamless,2026-09-27T08:00,26.1,0.0,17.3
Hyderabad,gem_seamless,2026-09-27T09:00,27.7,0.0,18.0
Hyderabad,gem_seamless,2026-09-27T10:00,29.0,0.0,17.3
Hyderabad,gem_seamless,2026-09-27T11:00,30.2,0.0,16.2
Hyderabad,gem_seamless,2026-09-27T12:00,31.1,0.0,15.5
Hyderabad,gem_seamless,2026-09-27T13:00,31.7,0.0,14.8
Hyderabad,gem_seamless,2026-09-27T14:00,32.1,0.0,14.0
Hyderabad,gem_seamless,2026-09-27T15:00,32.2,0.0,13.7
Hyderabad,gem_seamless,2026-09-27T16:00,31.7,0.0,12.2
Hyderabad,gem_seamless,2026-09-27T17:00,30.5,0.0,8.3
Hyderabad,gem_seamless,2026-09-27T18:00,28.1,0.0,5.0
Hyderabad,gem_seamless,2026-09-27T19:00,26.0,0.0,3.2
Hyderabad,gem_seamless,2026-09-27T20:00,24.6,0.0,2.2
Hyderabad,gem_seamless,2026-09-27T21:00,23.4,0.0,1.1
Hyderabad,gem_seamless,2026-09-27T22:00,22.7,0.0,1.1
Hyderabad,gem_seamless,2026-09-27T23:00,22.1,0.0,2.2
Hyderabad,gem_seamless,2026-09-28T00:00,21.2,0.0,3.6
Hyderabad,gem_seamless,2026-09-28T01:00,20.4,0.0,4.0
Hyderabad,gem_seamless,2026-09-28T02:00,19.8,0.0,4.0
Hyderabad,gem_seamless,2026-09-28T03:00,19.2,0.0,4.0
Hyderabad,gem_seamless,2026-09-28T04:00,18.8,0.0,3.6
Hyderabad,gem_seamless,2026-09-28T05:00,18.5,0.0,2.9
Hyderabad,gem_seamless,2026-09-28T06:00,18.5,0.0,2.5
Hyderabad,gem_seamless,2026-09-28T07:00,20.8,0.0,4.0
Hyderabad,gem_seamless,2026-09-28T08:00,25.4,0.0,4.7
Hyderabad,gem_seamless,2026-09-28T09:00,28.7,0.0,6.5
Hyderabad,gem_seamless,2026-09-28T10:00,30.6,0.0,5.8
Hyderabad,gem_seamless,2026-09-28T11:00,31.7,0.0,6.5
Hyderabad,gem_seamless,2026-09-28T12:00,32.4,0.0,7.6
Hyderabad,gem_seamless,2026-09-28T13:00,32.8,0.0,9.0
Hyderabad,gem_seamless,2026-09-28T14:00,33.0,0.0,9.7
Hyderabad,gem_seamless,2026-09-28T15:00,32.9,0.0,10.4
Hyderabad,gem_seamless,2026-09-28T16:00,32.4,0.0,10.8
Hyderabad,gem_seamless,2026-09-28T17:00,31.2,0.0,9.0
Hyderabad,gem_seamless,2026-09-28T18:00,28.8,0.0,6.5
Hyderabad,gem_seamless,2026-09-28T19:00,26.8,0.0,4.3
Hyderabad,gem_seamless,2026-09-28T20:00,25.4,0.0,4.0
Hyderabad,gem_seamless,2026-09-28T21:00,24.4,0.0,3.6
Hyderabad,gem_seamless,2026-09-28T22:00,23.8,0.0,1.8
Hyderabad,gem_seamless,2026-09-28T23:00,23.1,0.0,2.9
Hyderabad,gem_seamless,2026-09-29T00:00,22.4,0.0,3.2
Hyderabad,gem_seamless,2026-09-29T01:00,22.1,0.0,1.4
Hyderabad,gem_seamless,2026-09-29T02:00,21.8,0.0,1.4
Hyderabad,gem_seamless,2026-09-29T03:00,21.4,0.0,2.5
Hyderabad,gem_seamless,2026-09-29T04:00,21.0,0.0,4.0
Hyderabad,gem_seamless,2026-09-29T05:00,20.5,0.0,4.7
Hyderabad,gem_seamless,2026-09-29T06:00,20.4,0.0,5.0
Hyderabad,gem_seamless,2026-09-29T07:00,22.5,0.0,5.8
Hyderabad,gem_seamless,2026-09-29T08:00,26.2,0.0,7.2
Hyderabad,gem_seamless,2026-09-29T09:00,28.9,0.0,7.6
Hyderabad,gem_seamless,2026-09-29T10:00,30.5,0.0,6.5
Hyderabad,gem_seamless,2026-09-29T11:00,31.6,0.0,6.5
Hyderabad,gem_seamless,2026-09-29T12:00,32.4,0.0,6.8
Hyderabad,gem_seamless,2026-09-29T13:00,32.3,0.5,7.9
Hyderabad,gem_seamless,2026-09-29T14:00,31.3,1.0,10.1
Hyderabad,gem_seamless,2026-09-29T15:00,31.9,0.2,10.4
Hyderabad,gem_seamless,2026-09-29T16:00,31.9,0.0,10.4
Hyderabad,gem_seamless,2026-09-29T17:00,31.0,0.0,9.0
Hyderabad,gem_seamless,2026-09-29T18:00,28.9,0.0,7.2
Hyderabad,gem_seamless,2026-09-29T19:00,27.0,0.0,6.1
Hyderabad,gem_seamless,2026-09-29T20:00,25.8,0.0,5.8
Hyderabad,gem_seamless,2026-09-29T21:00,24.9,0.0,5.0
Hyderabad,gem_seamless,2026-09-29T22:00,24.1,0.0,2.5
Hyderabad,gem_seamless,2026-09-29T23:00,23.5,0.0,1.4
Ahmedabad,ecmwf_ifs025,2026-09-27T00:00,26.5,0.0,11.0
Ahmedabad,ecmwf_ifs025,2026-09-27T01:00,26.2,0.0,10.9
Ahmedabad,ecmwf_ifs025,2026-09-27T02:00,25.9,0.0,11.5
Ahmedabad,ecmwf_ifs025,2026-09-27T03:00,25.5,0.0,11.7
Ahmedabad,ecmwf_ifs025,2026-09-27T04:00,25.3,0.0,11.5
Ahmedabad,ecmwf_ifs025,2026-09-27T05:00,25.2,0.0,11.5
Ahmedabad,ecmwf_ifs025,2026-09-27T06:00,25.3,0.0,12.2
Ahmedabad,ecmwf_ifs025,2026-09-27T07:00,25.6,0.0,13.0
Ahmedabad,ecmwf_ifs025,2026-09-27T08:00,26.2,0.0,13.5
Ahmedabad,ecmwf_ifs025,2026-09-27T09:00,27.3,0.0,13.2
Ahmedabad,ecmwf_ifs025,2026-09-27T10:00,28.8,0.0,12.7
Ahmedabad,ecmwf_ifs025,2026-09-27T11:00,30.0,0.0,12.5
Ahmedabad,ecmwf_ifs025,2026-09-27T12:00,30.9,0.0,12.5
Ahmedabad,ecmwf_ifs025,2026-09-27T13:00,31.6,0.0,12.7
Ahmedabad,ecmwf_ifs025,2026-09-27T14:00,32.0,0.0,12.5
Ahmedabad,ecmwf_ifs025,2026-09-27T15:00,32.0,0.0,11.9
Ahmedabad,ecmwf_ifs025,2026-09-27T16:00,31.8,0.0,11.2
Ahmedabad,ecmwf_ifs025,2026-09-27T17:00,31.3,0.0,10.2
Ahmedabad,ecmwf_ifs025,2026-09-27T18:00,30.5,0.0,9.7
Ahmedabad,ecmwf_ifs025,2026-09-27T19:00,29.5,0.0,9.8
Ahmedabad,ecmwf_ifs025,2026-09-27T20:00,28.6,0.0,9.7
Ahmedabad,ecmwf_ifs025,2026-09-27T21:00,28.0,0.0,7.9
Ahmedabad,ecmwf_ifs025,2026-09-27T22:00,27.5,0.0,5.6
Ahmedabad,ecmwf_ifs025,2026-09-27T23:00,27.0,0.0,5.2
Ahmedabad,ecmwf_ifs025,2026-09-28T00:00,26.4,0.0,6.0
Ahmedabad,ecmwf_ifs025,2026-09-28T01:00,25.9,0.0,6.6
Ahmedabad,ecmwf_ifs025,2026-09-28T02:00,25.3,0.0,6.8
Ahmedabad,ecmwf_ifs025,2026-09-28T03:00,24.7,0.0,6.0
Ahmedabad,ecmwf_ifs025,2026-09-28T04:00,24.0,0.0,4.8
Ahmedabad,ecmwf_ifs025,2026-09-28T05:00,23.8,0.0,4.2
Ahmedabad,ecmwf_ifs025,2026-09-28T06:00,24.1,0.0,4.4
Ahmedabad,ecmwf_ifs025,2026-09-28T07:00,24.8,0.0,4.8
Ahmedabad,ecmwf_ifs025,2026-09-28T08:00,25.7,0.0,5.9
Ahmedabad,ecmwf_ifs025,2026-09-28T09:00,26.9,0.0,7.4
Ahmedabad,ecmwf_ifs025,2026-09-28T10:00,28.4,0.0,9.4
Ahmedabad,ecmwf_ifs025,2026-09-28T11:00,29.6,0.0,10.7
Ahmedabad,ecmwf_ifs025,2026-09-28T12:00,30.4,0.0,10.7
Ahmedabad,ecmwf_ifs025,2026-09-28T13:00,31.0,0.0,10.2
Ahmedabad,ecmwf_ifs025,2026-09-28T14:00,31.4,0.0,9.4
Ahmedabad,ecmwf_ifs025,2026-09-28T15:00,31.4,0.0,8.7
Ahmedabad,ecmwf_ifs025,2026-09-28T16:00,31.1,0.0,8.6
Ahmedabad,ecmwf_ifs025,2026-09-28T17:00,30.7,0.0,8.0
Ahmedabad,ecmwf_ifs025,2026-09-28T18:00,30.1,0.0,6.2
Ahmedabad,ecmwf_ifs025,2026-09-28T19:00,29.3,0.0,3.5
Ahmedabad,ecmwf_ifs025,2026-09-28T20:00,28.6,0.0,2.4
Ahmedabad,ecmwf_ifs025,2026-09-28T21:00,27.9,0.0,2.9
Ahmedabad,ecmwf_ifs025,2026-09-28T22:00,27.2,0.0,4.1
Ahmedabad,ecmwf_ifs025,2026-09-28T23:00,26.6,0.0,4.9
Ahmedabad,ecmwf_ifs025,2026-09-29T00:00,26.0,0.0,4.7
Ahmedabad,ecmwf_ifs025,2026-09-29T01:00,25.5,0.0,4.7
Ahmedabad,ecmwf_ifs025,2026-09-29T02:00,25.0,0.0,4.7
Ahmedabad,ecmwf_ifs025,2026-09-29T03:00,24.5,0.0,4.7
Ahmedabad,ecmwf_ifs025,2026-09-29T04:00,23.9,0.0,4.6
Ahmedabad,ecmwf_ifs025,2026-09-29T05:00,23.8,0.0,4.1
Ahmedabad,ecmwf_ifs025,2026-09-29T06:00,24.3,0.0,3.6
Ahmedabad,ecmwf_ifs025,2026-09-29T07:00,25.1,0.0,5.1
Ahmedabad,ecmwf_ifs025,2026-09-29T08:00,26.2,0.0,6.6
Ahmedabad,ecmwf_ifs025,2026-09-29T09:00,27.7,0.0,6.1
Ahmedabad,ecmwf_ifs025,2026-09-29T10:00,29.4,0.0,4.8
Ahmedabad,ecmwf_ifs025,2026-09-29T11:00,30.8,0.0,3.9
Ahmedabad,ecmwf_ifs025,2026-09-29T12:00,31.7,0.0,4.6
Ahmedabad,ecmwf_ifs025,2026-09-29T13:00,32.2,0.0,5.8
Ahmedabad,ecmwf_ifs025,2026-09-29T14:00,32.5,0.0,6.8
Ahmedabad,ecmwf_ifs025,2026-09-29T15:00,32.3,0.0,7.2
Ahmedabad,ecmwf_ifs025,2026-09-29T16:00,31.9,0.0,7.2
Ahmedabad,ecmwf_ifs025,2026-09-29T17:00,31.2,0.0,6.9
Ahmedabad,ecmwf_ifs025,2026-09-29T18:00,30.3,0.0,6.2
Ahmedabad,ecmwf_ifs025,2026-09-29T19:00,29.3,0.0,5.1
Ahmedabad,ecmwf_ifs025,2026-09-29T20:00,28.4,0.0,4.0
Ahmedabad,ecmwf_ifs025,2026-09-29T21:00,27.8,0.0,2.9
Ahmedabad,ecmwf_ifs025,2026-09-29T22:00,27.4,0.0,1.4
Ahmedabad,ecmwf_ifs025,2026-09-29T23:00,27.0,0.0,1.1
Ahmedabad,gfs_seamless,2026-09-27T00:00,26.8,0.0,15.8
Ahmedabad,gfs_seamless,2026-09-27T01:00,26.6,0.0,14.4
Ahmedabad,gfs_seamless,2026-09-27T02:00,26.1,0.0,16.6
Ahmedabad,gfs_seamless,2026-09-27T03:00,25.5,0.0,17.6
Ahmedabad,gfs_seamless,2026-09-27T04:00,25.1,0.0,16.1
Ahmedabad,gfs_seamless,2026-09-27T05:00,24.9,0.0,15.5
Ahmedabad,gfs_seamless,2026-09-27T06:00,24.7,0.0,14.9
Ahmedabad,gfs_seamless,2026-09-27T07:00,25.1,0.0,16.2
Ahmedabad,gfs_seamless,2026-09-27T08:00,26.4,0.0,18.6
Ahmedabad,gfs_seamless,2026-09-27T09:00,28.1,0.0,17.9
Ahmedabad,gfs_seamless,2026-09-27T10:00,29.7,0.0,16.8
Ahmedabad,gfs_seamless,2026-09-27T11:00,31.2,0.0,16.3
Ahmedabad,gfs_seamless,2026-09-27T12:00,32.7,0.0,17.2
Ahmedabad,gfs_seamless,2026-09-27T13:00,33.9,0.0,15.6
Ahmedabad,gfs_seamless,2026-09-27T14:00,34.7,0.0,15.5
Ahmedabad,gfs_seamless,2026-09-27T15:00,35.1,0.0,15.3
Ahmedabad,gfs_seamless,2026-09-27T16:00,35.1,0.0,14.2
Ahmedabad,gfs_seamless,2026-09-27T17:00,34.5,0.0,12.9
Ahmedabad,gfs_seamless,2026-09-27T18:00,30.6,0.0,22.0
Ahmedabad,gfs_seamless,2026-09-27T19:00,29.3,0.0,15.1
Ahmedabad,gfs_seamless,2026-09-27T20:00,28.7,0.0,12.5
Ahmedabad,gfs_seamless,2026-09-27T21:00,28.4,0.0,8.4
Ahmedabad,gfs_seamless,2026-09-27T22:00,28.6,0.0,3.6
Ahmedabad,gfs_seamless,2026-09-27T23:00,28.8,0.0,7.8
Ahmedabad,gfs_seamless,2026-09-28T00:00,27.5,0.0,11.9
Ahmedabad,gfs_seamless,2026-09-28T01:00,26.8,0.0,10.9
Ahmedabad,gfs_seamless,2026-09-28T02:00,26.6,0.0,11.2
Ahmedabad,gfs_seamless,2026-09-28T03:00,26.1,0.0,13.0
Ahmedabad,gfs_seamless,2026-09-28T04:00,25.7,0.0,12.8
Ahmedabad,gfs_seamless,2026-09-28T05:00,25.2,0.0,12.0
Ahmedabad,gfs_seamless,2026-09-28T06:00,24.8,0.0,10.6
Ahmedabad,gfs_seamless,2026-09-28T07:00,25.0,0.0,10.4
Ahmedabad,gfs_seamless,2026-09-28T08:00,26.3,0.0,11.4
Ahmedabad,gfs_seamless,2026-09-28T09:00,27.9,0.0,11.8
Ahmedabad,gfs_seamless,2026-09-28T10:00,29.6,0.0,11.7
Ahmedabad,gfs_seamless,2026-09-28T11:00,31.1,0.0,12.0
Ahmedabad,gfs_seamless,2026-09-28T12:00,32.4,0.0,12.0
Ahmedabad,gfs_seamless,2026-09-28T13:00,33.3,0.0,12.0
Ahmedabad,gfs_seamless,2026-09-28T14:00,33.9,0.0,12.0
Ahmedabad,gfs_seamless,2026-09-28T15:00,34.2,0.0,11.4
Ahmedabad,gfs_seamless,2026-09-28T16:00,34.2,0.0,10.2
Ahmedabad,gfs_seamless,2026-09-28T17:00,33.9,0.0,5.2
Ahmedabad,gfs_seamless,2026-09-28T18:00,31.5,0.0,14.7
Ahmedabad,gfs_seamless,2026-09-28T19:00,29.9,0.0,15.8
Ahmedabad,gfs_seamless,2026-09-28T20:00,29.3,0.0,13.3
Ahmedabad,gfs_seamless,2026-09-28T21:00,28.6,0.0,12.6
Ahmedabad,gfs_seamless,2026-09-28T22:00,28.2,0.0,13.0
Ahmedabad,gfs_seamless,2026-09-28T23:00,27.8,0.0,13.5
Ahmedabad,gfs_seamless,2026-09-29T00:00,27.4,0.0,10.1
Ahmedabad,gfs_seamless,2026-09-29T01:00,27.3,0.0,5.4
Ahmedabad,gfs_seamless,2026-09-29T02:00,27.0,0.0,9.2
Ahmedabad,gfs_seamless,2026-09-29T03:00,26.6,0.0,9.8
Ahmedabad,gfs_seamless,2026-09-29T04:00,26.2,0.0,9.6
Ahmedabad,gfs_seamless,2026-09-29T05:00,26.0,0.0,8.0
Ahmedabad,gfs_seamless,2026-09-29T06:00,25.7,0.0,7.6
Ahmedabad,gfs_seamless,2026-09-29T07:00,26.1,0.0,7.0
Ahmedabad,gfs_seamless,2026-09-29T08:00,27.5,0.0,6.7
Ahmedabad,gfs_seamless,2026-09-29T09:00,29.0,0.0,6.2
Ahmedabad,gfs_seamless,2026-09-29T10:00,30.6,0.0,6.5
Ahmedabad,gfs_seamless,2026-09-29T11:00,31.9,0.0,7.3
Ahmedabad,gfs_seamless,2026-09-29T12:00,33.1,0.0,8.6
Ahmedabad,gfs_seamless,2026-09-29T13:00,34.1,0.0,9.3
Ahmedabad,gfs_seamless,2026-09-29T14:00,34.6,0.0,9.8
Ahmedabad,gfs_seamless,2026-09-29T15:00,34.9,0.0,9.9
Ahmedabad,gfs_seamless,2026-09-29T16:00,34.8,0.0,8.7
Ahmedabad,gfs_seamless,2026-09-29T17:00,34.2,0.0,7.1
Ahmedabad,gfs_seamless,2026-09-29T18:00,33.1,0.0,3.5
Ahmedabad,gfs_seamless,2026-09-29T19:00,32.2,0.0,5.2
Ahmedabad,gfs_seamless,2026-09-29T20:00,30.8,0.0,4.9
Ahmedabad,gfs_seamless,2026-09-29T21:00,30.2,0.0,3.8
Ahmedabad,gfs_seamless,2026-09-29T22:00,29.8,0.0,4.6
Ahmedabad,gfs_seamless,2026-09-29T23:00,29.5,0.0,4.1
Ahmedabad,icon_seamless,2026-09-27T00:00,26.9,0.0,4.9
Ahmedabad,icon_seamless,2026-09-27T01:00,26.4,0.0,5.5
Ahmedabad,icon_seamless,2026-09-27T02:00,26.0,0.0,6.1
Ahmedabad,icon_seamless,2026-09-27T03:00,25.6,0.0,7.9
Ahmedabad,icon_seamless,2026-09-27T04:00,25.1,0.0,7.9
Ahmedabad,icon_seamless,2026-09-27T05:00,25.0,0.0,7.1
Ahmedabad,icon_seamless,2026-09-27T06:00,24.9,0.0,6.4
Ahmedabad,icon_seamless,2026-09-27T07:00,25.1,0.0,6.8
Ahmedabad,icon_seamless,2026-09-27T08:00,26.0,0.0,8.8
Ahmedabad,icon_seamless,2026-09-27T09:00,27.3,0.0,11.8
Ahmedabad,icon_seamless,2026-09-27T10:00,28.5,0.0,12.4
Ahmedabad,icon_seamless,2026-09-27T11:00,29.8,0.0,11.4
Ahmedabad,icon_seamless,2026-09-27T12:00,31.2,0.0,11.1
Ahmedabad,icon_seamless,2026-09-27T13:00,31.8,0.0,11.1
Ahmedabad,icon_seamless,2026-09-27T14:00,32.2,0.0,10.5
Ahmedabad,icon_seamless,2026-09-27T15:00,32.4,0.0,10.1
Ahmedabad,icon_seamless,2026-09-27T16:00,32.4,0.0,9.8
Ahmedabad,icon_seamless,2026-09-27T17:00,32.2,0.0,7.6
Ahmedabad,icon_seamless,2026-09-27T18:00,31.4,0.0,3.2
Ahmedabad,icon_seamless,2026-09-27T19:00,30.3,0.0,3.1
Ahmedabad,icon_seamless,2026-09-27T20:00,29.3,0.0,6.0
Ahmedabad,icon_seamless,2026-09-27T21:00,28.0,0.0,9.0
Ahmedabad,icon_seamless,2026-09-27T22:00,27.3,0.0,6.8
Ahmedabad,icon_seamless,2026-09-27T23:00,26.8,0.0,5.1
Ahmedabad,icon_seamless,2026-09-28T00:00,26.5,0.0,3.8
Ahmedabad,icon_seamless,2026-09-28T01:00,26.4,0.0,4.4
Ahmedabad,icon_seamless,2026-09-28T02:00,26.5,0.0,5.5
Ahmedabad,icon_seamless,2026-09-28T03:00,26.3,0.0,5.6
Ahmedabad,icon_seamless,2026-09-28T04:00,25.8,0.0,4.9
Ahmedabad,icon_seamless,2026-09-28T05:00,25.3,0.0,4.0
Ahmedabad,icon_seamless,2026-09-28T06:00,24.9,0.0,4.0
Ahmedabad,icon_seamless,2026-09-28T07:00,24.9,0.0,5.1
Ahmedabad,icon_seamless,2026-09-28T08:00,25.8,0.0,7.2
Ahmedabad,icon_seamless,2026-09-28T09:00,27.0,0.0,7.6
Ahmedabad,icon_seamless,2026-09-28T10:00,28.2,0.0,8.2
Ahmedabad,icon_seamless,2026-09-28T11:00,29.3,0.0,7.8
Ahmedabad,icon_seamless,2026-09-28T12:00,30.4,0.0,8.2
Ahmedabad,icon_seamless,2026-09-28T13:00,31.0,0.0,8.4
Ahmedabad,icon_seamless,2026-09-28T14:00,31.6,0.0,8.4
Ahmedabad,icon_seamless,2026-09-28T15:00,31.8,0.0,8.2
Ahmedabad,icon_seamless,2026-09-28T16:00,31.6,0.0,7.1
Ahmedabad,icon_seamless,2026-09-28T17:00,31.2,0.0,5.9
Ahmedabad,icon_seamless,2026-09-28T18:00,30.3,0.0,3.8
Ahmedabad,icon_seamless,2026-09-28T19:00,29.5,0.0,1.3
Ahmedabad,icon_seamless,2026-09-28T20:00,29.0,0.0,2.3
Ahmedabad,icon_seamless,2026-09-28T21:00,28.1,0.0,3.6
Ahmedabad,icon_seamless,2026-09-28T22:00,27.2,0.0,3.1
Ahmedabad,icon_seamless,2026-09-28T23:00,26.7,0.0,1.8
Ahmedabad,icon_seamless,2026-09-29T00:00,26.4,0.0,2.3
Ahmedabad,icon_seamless,2026-09-29T01:00,26.0,0.0,2.3
Ahmedabad,icon_seamless,2026-09-29T02:00,25.8,0.0,1.8
Ahmedabad,icon_seamless,2026-09-29T03:00,25.7,0.0,2.0
Ahmedabad,icon_seamless,2026-09-29T04:00,25.6,0.0,2.6
Ahmedabad,icon_seamless,2026-09-29T05:00,25.4,0.0,3.4
Ahmedabad,icon_seamless,2026-09-29T06:00,25.1,0.0,2.9
Ahmedabad,icon_seamless,2026-09-29T07:00,25.3,0.0,0.7
Ahmedabad,icon_seamless,2026-09-29T08:00,26.5,0.0,0.8
Ahmedabad,icon_seamless,2026-09-29T09:00,27.9,0.0,1.8
Ahmedabad,icon_seamless,2026-09-29T10:00,29.7,0.0,1.5
Ahmedabad,icon_seamless,2026-09-29T11:00,31.4,0.0,1.3
Ahmedabad,icon_seamless,2026-09-29T12:00,32.5,0.0,1.5
Ahmedabad,icon_seamless,2026-09-29T13:00,33.1,0.0,3.2
Ahmedabad,icon_seamless,2026-09-29T14:00,33.4,0.0,4.7
Ahmedabad,icon_seamless,2026-09-29T15:00,33.4,0.0,5.4
Ahmedabad,icon_seamless,2026-09-29T16:00,33.2,0.0,5.3
Ahmedabad,icon_seamless,2026-09-29T17:00,32.7,0.0,5.0
Ahmedabad,icon_seamless,2026-09-29T18:00,31.6,0.0,3.4
Ahmedabad,icon_seamless,2026-09-29T19:00,30.5,0.0,2.5
Ahmedabad,icon_seamless,2026-09-29T20:00,29.9,0.0,2.1
Ahmedabad,icon_seamless,2026-09-29T21:00,29.3,0.0,2.6
Ahmedabad,icon_seamless,2026-09-29T22:00,28.7,0.0,2.3
Ahmedabad,icon_seamless,2026-09-29T23:00,27.9,0.0,3.1
Ahmedabad,gem_seamless,2026-09-27T00:00,26.3,0.0,16.6
Ahmedabad,gem_seamless,2026-09-27T01:00,25.9,0.0,15.5
Ahmedabad,gem_seamless,2026-09-27T02:00,25.3,0.0,15.1
Ahmedabad,gem_seamless,2026-09-27T03:00,24.7,0.0,14.0
Ahmedabad,gem_seamless,2026-09-27T04:00,24.0,0.0,12.6
Ahmedabad,gem_seamless,2026-09-27T05:00,23.8,0.0,12.6
Ahmedabad,gem_seamless,2026-09-27T06:00,24.0,0.0,12.6
Ahmedabad,gem_seamless,2026-09-27T07:00,24.6,0.0,13.3
Ahmedabad,gem_seamless,2026-09-27T08:00,26.2,0.0,16.2
Ahmedabad,gem_seamless,2026-09-27T09:00,28.0,0.0,17.3
Ahmedabad,gem_seamless,2026-09-27T10:00,29.4,0.0,16.6
Ahmedabad,gem_seamless,2026-09-27T11:00,30.6,0.0,14.8
Ahmedabad,gem_seamless,2026-09-27T12:00,31.8,0.0,14.0
Ahmedabad,gem_seamless,2026-09-27T13:00,32.7,0.0,13.0
Ahmedabad,gem_seamless,2026-09-27T14:00,33.5,0.0,11.9
Ahmedabad,gem_seamless,2026-09-27T15:00,34.0,0.0,10.8
Ahmedabad,gem_seamless,2026-09-27T16:00,34.1,0.0,10.1
Ahmedabad,gem_seamless,2026-09-27T17:00,33.6,0.0,7.2
Ahmedabad,gem_seamless,2026-09-27T18:00,31.8,0.0,3.6
Ahmedabad,gem_seamless,2026-09-27T19:00,29.9,0.0,9.4
Ahmedabad,gem_seamless,2026-09-27T20:00,28.7,0.0,16.2
Ahmedabad,gem_seamless,2026-09-27T21:00,28.0,0.0,18.0
Ahmedabad,gem_seamless,2026-09-27T22:00,27.4,0.0,15.5
Ahmedabad,gem_seamless,2026-09-27T23:00,26.9,0.0,9.4
Ahmedabad,gem_seamless,2026-09-28T00:00,26.4,0.0,11.2
Ahmedabad,gem_seamless,2026-09-28T01:00,25.8,0.0,11.9
Ahmedabad,gem_seamless,2026-09-28T02:00,25.1,0.0,10.8
Ahmedabad,gem_seamless,2026-09-28T03:00,24.5,0.0,10.1
Ahmedabad,gem_seamless,2026-09-28T04:00,23.8,0.0,9.0
Ahmedabad,gem_seamless,2026-09-28T05:00,23.1,0.0,7.9
Ahmedabad,gem_seamless,2026-09-28T06:00,22.5,0.0,7.6
Ahmedabad,gem_seamless,2026-09-28T07:00,22.9,0.0,8.3
Ahmedabad,gem_seamless,2026-09-28T08:00,25.2,0.0,9.4
Ahmedabad,gem_seamless,2026-09-28T09:00,27.0,0.0,10.1
Ahmedabad,gem_seamless,2026-09-28T10:00,28.5,0.0,8.3
Ahmedabad,gem_seamless,2026-09-28T11:00,29.8,0.0,8.3
Ahmedabad,gem_seamless,2026-09-28T12:00,30.9,0.0,7.6
Ahmedabad,gem_seamless,2026-09-28T13:00,31.7,0.0,7.6
Ahmedabad,gem_seamless,2026-09-28T14:00,32.3,0.0,6.8
Ahmedabad,gem_seamless,2026-09-28T15:00,32.8,0.0,5.0
Ahmedabad,gem_seamless,2026-09-28T16:00,32.9,0.0,3.2
Ahmedabad,gem_seamless,2026-09-28T17:00,32.8,0.0,1.1
Ahmedabad,gem_seamless,2026-09-28T18:00,30.8,0.0,3.2
Ahmedabad,gem_seamless,2026-09-28T19:00,28.6,0.0,7.6
Ahmedabad,gem_seamless,2026-09-28T20:00,27.1,0.0,7.2
Ahmedabad,gem_seamless,2026-09-28T21:00,25.8,0.0,5.8
Ahmedabad,gem_seamless,2026-09-28T22:00,24.8,0.0,6.1
Ahmedabad,gem_seamless,2026-09-28T23:00,24.2,0.0,6.5
Ahmedabad,gem_seamless,2026-09-29T00:00,23.9,0.0,6.8
Ahmedabad,gem_seamless,2026-09-29T01:00,23.6,0.0,7.2
Ahmedabad,gem_seamless,2026-09-29T02:00,23.3,0.0,7.2
Ahmedabad,gem_seamless,2026-09-29T03:00,22.8,0.0,5.8
Ahmedabad,gem_seamless,2026-09-29T04:00,22.3,0.0,4.0
Ahmedabad,gem_seamless,2026-09-29T05:00,22.0,0.0,1.4
Ahmedabad,gem_seamless,2026-09-29T06:00,21.7,0.0,0.7
Ahmedabad,gem_seamless,2026-09-29T07:00,22.5,0.0,1.8
Ahmedabad,gem_seamless,2026-09-29T08:00,25.3,0.0,5.0
Ahmedabad,gem_seamless,2026-09-29T09:00,27.9,0.0,9.0
Ahmedabad,gem_seamless,2026-09-29T10:00,29.6,0.0,9.7
Ahmedabad,gem_seamless,2026-09-29T11:00,30.9,0.0,8.3
Ahmedabad,gem_seamless,2026-09-29T12:00,31.9,0.0,6.8
Ahmedabad,gem_seamless,2026-09-29T13:00,32.7,0.0,5.0
Ahmedabad,gem_seamless,2026-09-29T14:00,33.2,0.0,4.0
Ahmedabad,gem_seamless,2026-09-29T15:00,33.7,0.0,4.7
Ahmedabad,gem_seamless,2026-09-29T16:00,33.5,0.0,6.5
Ahmedabad,gem_seamless,2026-09-29T17:00,33.0,0.0,7.6
Ahmedabad,gem_seamless,2026-09-29T18:00,31.3,0.0,6.5
Ahmedabad,gem_seamless,2026-09-29T19:00,29.4,0.0,5.0
Ahmedabad,gem_seamless,2026-09-29T20:00,27.9,0.0,3.2
Ahmedabad,gem_seamless,2026-09-29T21:00,26.7,0.0,1.8
Ahmedabad,gem_seamless,2026-09-29T22:00,25.7,0.0,1.4
Ahmedabad,gem_seamless,2026-09-29T23:00,24.9,0.0,1.4
Pune,ecmwf_ifs025,2026-09-27T00:00,22.6,0.0,7.4
Pune,ecmwf_ifs025,2026-09-27T01:00,22.4,0.0,7.2
Pune,ecmwf_ifs025,2026-09-27T02:00,22.2,0.0,6.6
Pune,ecmwf_ifs025,2026-09-27T03:00,21.8,0.0,5.5
Pune,ecmwf_ifs025,2026-09-27T04:00,21.3,0.0,4.3
Pune,ecmwf_ifs025,2026-09-27T05:00,21.2,0.0,3.6
Pune,ecmwf_ifs025,2026-09-27T06:00,21.7,0.0,4.4
Pune,ecmwf_ifs025,2026-09-27T07:00,22.6,0.0,5.7
Pune,ecmwf_ifs025,2026-09-27T08:00,23.7,0.0,7.2
Pune,ecmwf_ifs025,2026-09-27T09:00,25.2,0.0,8.1
Pune,ecmwf_ifs025,2026-09-27T10:00,27.1,0.0,8.7
Pune,ecmwf_ifs025,2026-09-27T11:00,28.4,0.0,9.7
Pune,ecmwf_ifs025,2026-09-27T12:00,28.9,0.0,10.8
Pune,ecmwf_ifs025,2026-09-27T13:00,28.8,0.0,12.2
Pune,ecmwf_ifs025,2026-09-27T14:00,28.6,0.0,13.0
Pune,ecmwf_ifs025,2026-09-27T15:00,28.1,0.0,13.3
Pune,ecmwf_ifs025,2026-09-27T16:00,27.4,0.0,13.0
Pune,ecmwf_ifs025,2026-09-27T17:00,26.6,0.0,12.2
Pune,ecmwf_ifs025,2026-09-27T18:00,25.4,0.0,10.1
Pune,ecmwf_ifs025,2026-09-27T19:00,24.2,0.0,7.2
Pune,ecmwf_ifs025,2026-09-27T20:00,23.1,0.0,5.1
Pune,ecmwf_ifs025,2026-09-27T21:00,22.6,0.0,5.2
Pune,ecmwf_ifs025,2026-09-27T22:00,22.4,0.0,6.4
Pune,ecmwf_ifs025,2026-09-27T23:00,22.1,0.0,6.8
Pune,ecmwf_ifs025,2026-09-28T00:00,21.5,0.0,6.0
Pune,ecmwf_ifs025,2026-09-28T01:00,20.8,0.0,4.7
Pune,ecmwf_ifs025,2026-09-28T02:00,20.3,0.0,3.8
Pune,ecmwf_ifs025,2026-09-28T03:00,19.9,0.0,3.6
Pune,ecmwf_ifs025,2026-09-28T04:00,19.6,0.0,3.3
Pune,ecmwf_ifs025,2026-09-28T05:00,19.7,0.0,3.1
Pune,ecmwf_ifs025,2026-09-28T06:00,20.2,0.0,2.4
Pune,ecmwf_ifs025,2026-09-28T07:00,21.0,0.0,1.4
Pune,ecmwf_ifs025,2026-09-28T08:00,22.1,0.0,1.3
Pune,ecmwf_ifs025,2026-09-28T09:00,23.9,0.0,1.8
Pune,ecmwf_ifs025,2026-09-28T10:00,26.0,0.0,2.7
Pune,ecmwf_ifs025,2026-09-28T11:00,27.7,0.0,3.4
Pune,ecmwf_ifs025,2026-09-28T12:00,28.8,0.0,4.6
Pune,ecmwf_ifs025,2026-09-28T13:00,29.5,0.0,6.0
Pune,ecmwf_ifs025,2026-09-28T14:00,29.5,0.0,7.5
Pune,ecmwf_ifs025,2026-09-28T15:00,28.7,0.5,8.3
Pune,ecmwf_ifs025,2026-09-28T16:00,27.3,0.5,8.8
Pune,ecmwf_ifs025,2026-09-28T17:00,26.0,0.5,8.4
Pune,ecmwf_ifs025,2026-09-28T18:00,25.0,0.0,7.2
Pune,ecmwf_ifs025,2026-09-28T19:00,24.0,0.0,5.5
Pune,ecmwf_ifs025,2026-09-28T20:00,23.3,0.0,4.3
Pune,ecmwf_ifs025,2026-09-28T21:00,22.7,0.0,4.1
Pune,ecmwf_ifs025,2026-09-28T22:00,22.2,0.0,4.0
Pune,ecmwf_ifs025,2026-09-28T23:00,21.9,0.0,3.9
Pune,ecmwf_ifs025,2026-09-29T00:00,21.6,0.0,3.1
Pune,ecmwf_ifs025,2026-09-29T01:00,21.3,0.0,2.4
Pune,ecmwf_ifs025,2026-09-29T02:00,21.2,0.0,1.6
Pune,ecmwf_ifs025,2026-09-29T03:00,21.1,0.0,1.3
Pune,ecmwf_ifs025,2026-09-29T04:00,21.2,0.0,1.5
Pune,ecmwf_ifs025,2026-09-29T05:00,21.5,0.0,0.8
Pune,ecmwf_ifs025,2026-09-29T06:00,22.1,0.0,0.8
Pune,ecmwf_ifs025,2026-09-29T07:00,23.0,0.0,2.8
Pune,ecmwf_ifs025,2026-09-29T08:00,24.1,0.0,4.4
Pune,ecmwf_ifs025,2026-09-29T09:00,25.8,0.0,5.8
Pune,ecmwf_ifs025,2026-09-29T10:00,27.6,0.0,7.3
Pune,ecmwf_ifs025,2026-09-29T11:00,28.9,0.0,7.2
Pune,ecmwf_ifs025,2026-09-29T12:00,29.3,0.5,3.8
Pune,ecmwf_ifs025,2026-09-29T13:00,29.0,0.5,3.4
Pune,ecmwf_ifs025,2026-09-29T14:00,28.3,0.5,6.6
Pune,ecmwf_ifs025,2026-09-29T15:00,27.0,4.0,6.3
Pune,ecmwf_ifs025,2026-09-29T16:00,25.3,4.0,5.2
Pune,ecmwf_ifs025,2026-09-29T17:00,23.9,4.0,4.3
Pune,ecmwf_ifs025,2026-09-29T18:00,23.3,0.0,2.4
Pune,ecmwf_ifs025,2026-09-29T19:00,23.0,0.0,1.8
Pune,ecmwf_ifs025,2026-09-29T20:00,22.7,0.0,3.4
Pune,ecmwf_ifs025,2026-09-29T21:00,22.5,0.0,3.1
Pune,ecmwf_ifs025,2026-09-29T22:00,22.4,0.0,1.1
Pune,ecmwf_ifs025,2026-09-29T23:00,22.2,0.0,0.0
Pune,gfs_seamless,2026-09-27T00:00,22.5,0.0,8.2
Pune,gfs_seamless,2026-09-27T01:00,22.2,0.0,9.1
Pune,gfs_seamless,2026-09-27T02:00,22.0,0.0,8.4
Pune,gfs_seamless,2026-09-27T03:00,21.7,0.0,7.9
Pune,gfs_seamless,2026-09-27T04:00,21.5,0.0,6.8
Pune,gfs_seamless,2026-09-27T05:00,21.4,0.0,8.7
Pune,gfs_seamless,2026-09-27T06:00,21.2,0.0,8.3
Pune,gfs_seamless,2026-09-27T07:00,21.5,0.0,9.0
Pune,gfs_seamless,2026-09-27T08:00,22.8,0.0,8.1
Pune,gfs_seamless,2026-09-27T09:00,24.9,0.0,9.1
Pune,gfs_seamless,2026-09-27T10:00,27.0,0.0,10.4
Pune,gfs_seamless,2026-09-27T11:00,28.7,0.0,10.8
Pune,gfs_seamless,2026-09-27T12:00,29.8,0.0,12.5
Pune,gfs_seamless,2026-09-27T13:00,30.3,0.0,15.0
Pune,gfs_seamless,2026-09-27T14:00,30.3,0.0,16.2
Pune,gfs_seamless,2026-09-27T15:00,30.0,0.0,15.8
Pune,gfs_seamless,2026-09-27T16:00,29.4,0.0,14.6
Pune,gfs_seamless,2026-09-27T17:00,28.2,0.0,15.0
Pune,gfs_seamless,2026-09-27T18:00,26.2,0.0,14.5
Pune,gfs_seamless,2026-09-27T19:00,25.0,0.0,14.0
Pune,gfs_seamless,2026-09-27T20:00,24.3,0.0,11.2
Pune,gfs_seamless,2026-09-27T21:00,23.6,0.0,11.8
Pune,gfs_seamless,2026-09-27T22:00,23.1,0.0,11.9
Pune,gfs_seamless,2026-09-27T23:00,22.7,0.0,7.3
Pune,gfs_seamless,2026-09-28T00:00,22.4,0.0,6.8
Pune,gfs_seamless,2026-09-28T01:00,22.0,0.0,7.3
Pune,gfs_seamless,2026-09-28T02:00,21.9,0.0,6.6
Pune,gfs_seamless,2026-09-28T03:00,22.1,0.0,8.0
Pune,gfs_seamless,2026-09-28T04:00,22.2,0.0,7.4
Pune,gfs_seamless,2026-09-28T05:00,22.2,0.0,5.5
Pune,gfs_seamless,2026-09-28T06:00,21.8,0.0,2.9
Pune,gfs_seamless,2026-09-28T07:00,22.5,0.0,2.8
Pune,gfs_seamless,2026-09-28T08:00,24.0,0.0,0.8
Pune,gfs_seamless,2026-09-28T09:00,25.9,0.0,2.1
Pune,gfs_seamless,2026-09-28T10:00,27.8,0.0,1.4
Pune,gfs_seamless,2026-09-28T11:00,29.4,0.0,1.4
Pune,gfs_seamless,2026-09-28T12:00,30.6,0.0,1.8
Pune,gfs_seamless,2026-09-28T13:00,31.5,0.0,2.7
Pune,gfs_seamless,2026-09-28T14:00,31.9,0.0,4.9
Pune,gfs_seamless,2026-09-28T15:00,31.4,0.1,9.0
Pune,gfs_seamless,2026-09-28T16:00,29.2,0.1,13.3
Pune,gfs_seamless,2026-09-28T17:00,27.4,0.0,17.3
Pune,gfs_seamless,2026-09-28T18:00,26.7,0.0,12.2
Pune,gfs_seamless,2026-09-28T19:00,26.5,0.1,4.0
Pune,gfs_seamless,2026-09-28T20:00,26.3,0.0,4.5
Pune,gfs_seamless,2026-09-28T21:00,26.2,0.0,7.2
Pune,gfs_seamless,2026-09-28T22:00,25.4,0.1,9.4
Pune,gfs_seamless,2026-09-28T23:00,24.6,0.8,7.2
Pune,gfs_seamless,2026-09-29T00:00,23.9,0.3,5.8
Pune,gfs_seamless,2026-09-29T01:00,24.0,0.8,4.0
Pune,gfs_seamless,2026-09-29T02:00,23.7,0.0,5.1
Pune,gfs_seamless,2026-09-29T03:00,23.4,0.4,5.0
Pune,gfs_seamless,2026-09-29T04:00,23.4,0.1,4.0
Pune,gfs_seamless,2026-09-29T05:00,23.3,0.2,4.8
Pune,gfs_seamless,2026-09-29T06:00,24.0,1.5,4.0
Pune,gfs_seamless,2026-09-29T07:00,24.5,0.4,3.9
Pune,gfs_seamless,2026-09-29T08:00,24.4,0.0,4.9
Pune,gfs_seamless,2026-09-29T09:00,24.6,0.0,4.7
Pune,gfs_seamless,2026-09-29T10:00,27.3,0.0,7.5
Pune,gfs_seamless,2026-09-29T11:00,29.3,0.0,7.8
Pune,gfs_seamless,2026-09-29T12:00,30.7,0.0,6.1
Pune,gfs_seamless,2026-09-29T13:00,31.5,0.1,4.7
Pune,gfs_seamless,2026-09-29T14:00,30.1,0.2,6.8
Pune,gfs_seamless,2026-09-29T15:00,26.9,0.6,16.9
Pune,gfs_seamless,2026-09-29T16:00,22.1,0.9,23.9
Pune,gfs_seamless,2026-09-29T17:00,23.3,0.7,16.1
Pune,gfs_seamless,2026-09-29T18:00,22.6,1.1,9.5
Pune,gfs_seamless,2026-09-29T19:00,22.6,0.6,4.4
Pune,gfs_seamless,2026-09-29T20:00,21.9,3.6,4.0
Pune,gfs_seamless,2026-09-29T21:00,22.0,3.1,5.7
Pune,gfs_seamless,2026-09-29T22:00,22.3,0.1,3.0
Pune,gfs_seamless,2026-09-29T23:00,22.4,0.0,2.7
Pune,icon_seamless,2026-09-27T00:00,23.3,0.0,6.0
Pune,icon_seamless,2026-09-27T01:00,23.2,0.0,6.2
Pune,icon_seamless,2026-09-27T02:00,23.2,0.0,5.6
Pune,icon_seamless,2026-09-27T03:00,23.0,0.0,5.2
Pune,icon_seamless,2026-09-27T04:00,23.0,0.0,5.0
Pune,icon_seamless,2026-09-27T05:00,22.7,0.0,4.3
Pune,icon_seamless,2026-09-27T06:00,22.5,0.0,4.0
Pune,icon_seamless,2026-09-27T07:00,23.2,0.0,4.3
Pune,icon_seamless,2026-09-27T08:00,24.2,0.0,6.0
Pune,icon_seamless,2026-09-27T09:00,25.7,0.0,5.9
Pune,icon_seamless,2026-09-27T10:00,27.3,0.0,7.3
Pune,icon_seamless,2026-09-27T11:00,28.9,0.0,9.8
Pune,icon_seamless,2026-09-27T12:00,30.1,0.0,10.9
Pune,icon_seamless,2026-09-27T13:00,30.7,0.0,12.6
Pune,icon_seamless,2026-09-27T14:00,30.7,0.0,13.7
Pune,icon_seamless,2026-09-27T15:00,30.0,0.0,14.8
Pune,icon_seamless,2026-09-27T16:00,29.0,0.0,13.9
Pune,icon_seamless,2026-09-27T17:00,27.9,0.1,12.0
Pune,icon_seamless,2026-09-27T18:00,26.5,0.0,9.8
Pune,icon_seamless,2026-09-27T19:00,25.2,0.0,7.9
Pune,icon_seamless,2026-09-27T20:00,24.5,0.0,6.5
Pune,icon_seamless,2026-09-27T21:00,24.0,0.0,5.8
Pune,icon_seamless,2026-09-27T22:00,23.7,0.0,4.4
Pune,icon_seamless,2026-09-27T23:00,23.2,0.0,3.4
Pune,icon_seamless,2026-09-28T00:00,22.7,0.0,3.0
Pune,icon_seamless,2026-09-28T01:00,22.2,0.0,2.7
Pune,icon_seamless,2026-09-28T02:00,21.7,0.0,2.8
Pune,icon_seamless,2026-09-28T03:00,21.2,0.0,2.8
Pune,icon_seamless,2026-09-28T04:00,20.8,0.0,2.8
Pune,icon_seamless,2026-09-28T05:00,20.5,0.0,2.6
Pune,icon_seamless,2026-09-28T06:00,20.2,0.0,2.1
Pune,icon_seamless,2026-09-28T07:00,20.9,0.0,1.6
Pune,icon_seamless,2026-09-28T08:00,23.8,0.0,2.1
Pune,icon_seamless,2026-09-28T09:00,25.8,0.0,2.5
Pune,icon_seamless,2026-09-28T10:00,27.6,0.0,3.1
Pune,icon_seamless,2026-09-28T11:00,29.2,0.0,3.9
Pune,icon_seamless,2026-09-28T12:00,30.5,0.0,3.9
Pune,icon_seamless,2026-09-28T13:00,31.1,0.0,5.8
Pune,icon_seamless,2026-09-28T14:00,31.3,0.0,8.1
Pune,icon_seamless,2026-09-28T15:00,30.2,0.0,12.0
Pune,icon_seamless,2026-09-28T16:00,28.9,0.0,10.9
Pune,icon_seamless,2026-09-28T17:00,27.9,0.0,9.6
Pune,icon_seamless,2026-09-28T18:00,26.9,0.0,5.9
Pune,icon_seamless,2026-09-28T19:00,25.8,0.0,4.7
Pune,icon_seamless,2026-09-28T20:00,25.0,0.0,3.9
Pune,icon_seamless,2026-09-28T21:00,24.5,0.0,3.1
Pune,icon_seamless,2026-09-28T22:00,24.1,0.0,2.5
Pune,icon_seamless,2026-09-28T23:00,23.7,0.0,2.2
Pune,icon_seamless,2026-09-29T00:00,23.4,0.0,1.5
Pune,icon_seamless,2026-09-29T01:00,23.3,0.0,0.8
Pune,icon_seamless,2026-09-29T02:00,23.1,0.0,1.9
Pune,icon_seamless,2026-09-29T03:00,22.9,0.0,3.3
Pune,icon_seamless,2026-09-29T04:00,22.8,0.0,1.3
Pune,icon_seamless,2026-09-29T05:00,22.7,0.0,0.4
Pune,icon_seamless,2026-09-29T06:00,22.4,0.0,0.8
Pune,icon_seamless,2026-09-29T07:00,23.0,0.0,1.5
Pune,icon_seamless,2026-09-29T08:00,25.0,0.0,3.1
Pune,icon_seamless,2026-09-29T09:00,26.4,0.0,5.2
Pune,icon_seamless,2026-09-29T10:00,27.8,0.0,6.1
Pune,icon_seamless,2026-09-29T11:00,28.9,0.2,5.9
Pune,icon_seamless,2026-09-29T12:00,29.3,0.2,7.1
Pune,icon_seamless,2026-09-29T13:00,29.0,0.5,8.9
Pune,icon_seamless,2026-09-29T14:00,29.0,1.5,9.0
Pune,icon_seamless,2026-09-29T15:00,29.5,0.1,4.6
Pune,icon_seamless,2026-09-29T16:00,28.8,0.1,1.9
Pune,icon_seamless,2026-09-29T17:00,26.9,5.1,7.2
Pune,icon_seamless,2026-09-29T18:00,25.1,5.3,4.8
Pune,icon_seamless,2026-09-29T19:00,24.4,2.0,1.1
Pune,icon_seamless,2026-09-29T20:00,23.9,1.2,3.8
Pune,icon_seamless,2026-09-29T21:00,23.5,0.0,3.8
Pune,icon_seamless,2026-09-29T22:00,23.0,0.0,3.4
Pune,icon_seamless,2026-09-29T23:00,22.6,0.0,2.5
Pune,gem_seamless,2026-09-27T00:00,21.6,0.0,9.0
Pune,gem_seamless,2026-09-27T01:00,22.2,0.0,9.7
Pune,gem_seamless,2026-09-27T02:00,22.3,0.0,10.4
Pune,gem_seamless,2026-09-27T03:00,22.2,0.0,10.8
Pune,gem_seamless,2026-09-27T04:00,21.7,0.0,9.4
Pune,gem_seamless,2026-09-27T05:00,21.0,0.0,7.9
Pune,gem_seamless,2026-09-27T06:00,20.8,0.0,7.9
Pune,gem_seamless,2026-09-27T07:00,22.2,0.0,9.7
Pune,gem_seamless,2026-09-27T08:00,24.7,0.0,11.5
Pune,gem_seamless,2026-09-27T09:00,26.5,0.0,11.2
Pune,gem_seamless,2026-09-27T10:00,27.6,0.0,11.5
Pune,gem_seamless,2026-09-27T11:00,28.5,0.0,11.9
Pune,gem_seamless,2026-09-27T12:00,28.9,0.0,13.3
Pune,gem_seamless,2026-09-27T13:00,29.0,0.0,14.0
Pune,gem_seamless,2026-09-27T14:00,29.1,0.0,14.4
Pune,gem_seamless,2026-09-27T15:00,28.8,0.0,14.8
Pune,gem_seamless,2026-09-27T16:00,28.2,0.0,14.8
Pune,gem_seamless,2026-09-27T17:00,27.2,0.0,13.7
Pune,gem_seamless,2026-09-27T18:00,25.6,0.0,10.8
Pune,gem_seamless,2026-09-27T19:00,23.9,0.0,9.0
Pune,gem_seamless,2026-09-27T20:00,22.7,0.0,7.9
Pune,gem_seamless,2026-09-27T21:00,21.6,0.0,6.8
Pune,gem_seamless,2026-09-27T22:00,20.8,0.0,5.8
Pune,gem_seamless,2026-09-27T23:00,20.3,0.0,4.3
Pune,gem_seamless,2026-09-28T00:00,20.2,0.0,4.3
Pune,gem_seamless,2026-09-28T01:00,20.2,0.0,4.7
Pune,gem_seamless,2026-09-28T02:00,19.7,0.0,3.2
Pune,gem_seamless,2026-09-28T03:00,19.1,0.0,2.5
Pune,gem_seamless,2026-09-28T04:00,18.8,0.0,2.9
Pune,gem_seamless,2026-09-28T05:00,18.7,0.0,2.9
Pune,gem_seamless,2026-09-28T06:00,18.5,0.0,3.6
Pune,gem_seamless,2026-09-28T07:00,18.9,0.0,2.9
Pune,gem_seamless,2026-09-28T08:00,22.3,0.0,1.4
Pune,gem_seamless,2026-09-28T09:00,25.6,0.0,4.3
Pune,gem_seamless,2026-09-28T10:00,27.6,0.0,4.3
Pune,gem_seamless,2026-09-28T11:00,29.1,0.0,4.3
Pune,gem_seamless,2026-09-28T12:00,30.0,0.0,5.8
Pune,gem_seamless,2026-09-28T13:00,29.9,0.7,5.0
Pune,gem_seamless,2026-09-28T14:00,29.1,2.3,2.5
Pune,gem_seamless,2026-09-28T15:00,29.5,0.2,4.0
Pune,gem_seamless,2026-09-28T16:00,28.2,0.7,8.3
Pune,gem_seamless,2026-09-28T17:00,27.7,0.0,11.5
Pune,gem_seamless,2026-09-28T18:00,26.2,0.0,11.5
Pune,gem_seamless,2026-09-28T19:00,24.8,0.0,9.4
Pune,gem_seamless,2026-09-28T20:00,23.5,0.0,6.1
Pune,gem_seamless,2026-09-28T21:00,22.4,0.0,4.7
Pune,gem_seamless,2026-09-28T22:00,21.9,0.0,4.3
Pune,gem_seamless,2026-09-28T23:00,21.6,0.0,4.3
Pune,gem_seamless,2026-09-29T00:00,21.6,0.0,2.9
Pune,gem_seamless,2026-09-29T01:00,21.5,0.0,2.2
Pune,gem_seamless,2026-09-29T02:00,21.4,0.0,1.8
Pune,gem_seamless,2026-09-29T03:00,21.3,0.0,1.8
Pune,gem_seamless,2026-09-29T04:00,21.1,0.0,2.5
Pune,gem_seamless,2026-09-29T05:00,21.2,0.0,2.2
Pune,gem_seamless,2026-09-29T06:00,21.2,0.0,1.1
Pune,gem_seamless,2026-09-29T07:00,21.6,0.0,0.4
Pune,gem_seamless,2026-09-29T08:00,23.6,0.0,2.2
Pune,gem_seamless,2026-09-29T09:00,26.2,0.0,5.0
Pune,gem_seamless,2026-09-29T10:00,27.9,0.0,5.8
Pune,gem_seamless,2026-09-29T11:00,29.3,0.0,6.5
Pune,gem_seamless,2026-09-29T12:00,30.0,0.0,7.6
Pune,gem_seamless,2026-09-29T13:00,30.4,0.0,8.6
Pune,gem_seamless,2026-09-29T14:00,30.4,0.0,5.4
Pune,gem_seamless,2026-09-29T15:00,29.5,0.1,1.8
Pune,gem_seamless,2026-09-29T16:00,29.6,0.0,4.7
Pune,gem_seamless,2026-09-29T17:00,28.8,0.0,6.5
Pune,gem_seamless,2026-09-29T18:00,26.8,0.0,7.6
Pune,gem_seamless,2026-09-29T19:00,25.2,0.0,7.2
Pune,gem_seamless,2026-09-29T20:00,23.9,0.0,4.7
Pune,gem_seamless,2026-09-29T21:00,23.4,0.0,2.9
Pune,gem_seamless,2026-09-29T22:00,23.1,0.0,2.2
Pune,gem_seamless,2026-09-29T23:00,23.2,0.0,2.2
Surat,ecmwf_ifs025,2026-09-27T00:00,27.2,0.0,16.4
Surat,ecmwf_ifs025,2026-09-27T01:00,27.0,0.0,14.5
Surat,ecmwf_ifs025,2026-09-27T02:00,26.9,0.0,13.2
Surat,ecmwf_ifs025,2026-09-27T03:00,26.7,0.0,12.5
Surat,ecmwf_ifs025,2026-09-27T04:00,26.6,0.0,12.3
Surat,ecmwf_ifs025,2026-09-27T05:00,26.6,0.0,12.5
Surat,ecmwf_ifs025,2026-09-27T06:00,27.0,0.0,13.2
Surat,ecmwf_ifs025,2026-09-27T07:00,27.6,0.0,14.5
Surat,ecmwf_ifs025,2026-09-27T08:00,28.2,0.0,15.5
Surat,ecmwf_ifs025,2026-09-27T09:00,28.8,0.0,15.8
Surat,ecmwf_ifs025,2026-09-27T10:00,29.4,0.0,16.3
Surat,ecmwf_ifs025,2026-09-27T11:00,29.8,0.0,16.6
Surat,ecmwf_ifs025,2026-09-27T12:00,29.9,0.0,17.4
Surat,ecmwf_ifs025,2026-09-27T13:00,29.9,0.0,17.9
Surat,ecmwf_ifs025,2026-09-27T14:00,29.7,0.0,18.4
Surat,ecmwf_ifs025,2026-09-27T15:00,29.3,0.0,17.9
Surat,ecmwf_ifs025,2026-09-27T16:00,28.8,0.0,17.1
Surat,ecmwf_ifs025,2026-09-27T17:00,28.4,0.0,16.1
Surat,ecmwf_ifs025,2026-09-27T18:00,27.9,0.0,14.5
Surat,ecmwf_ifs025,2026-09-27T19:00,27.5,0.0,13.1
Surat,ecmwf_ifs025,2026-09-27T20:00,27.1,0.0,12.0
Surat,ecmwf_ifs025,2026-09-27T21:00,26.9,0.0,11.2
Surat,ecmwf_ifs025,2026-09-27T22:00,26.8,0.0,10.6
Surat,ecmwf_ifs025,2026-09-27T23:00,26.6,0.0,10.0
Surat,ecmwf_ifs025,2026-09-28T00:00,26.4,0.0,8.9
Surat,ecmwf_ifs025,2026-09-28T01:00,26.2,0.0,8.2
Surat,ecmwf_ifs025,2026-09-28T02:00,26.0,0.0,6.6
Surat,ecmwf_ifs025,2026-09-28T03:00,25.7,0.1,4.6
Surat,ecmwf_ifs025,2026-09-28T04:00,25.4,0.1,2.3
Surat,ecmwf_ifs025,2026-09-28T05:00,25.4,0.1,1.3
Surat,ecmwf_ifs025,2026-09-28T06:00,25.6,0.2,1.9
Surat,ecmwf_ifs025,2026-09-28T07:00,26.1,0.2,2.4
Surat,ecmwf_ifs025,2026-09-28T08:00,26.7,0.2,3.1
Surat,ecmwf_ifs025,2026-09-28T09:00,27.5,0.2,4.7
Surat,ecmwf_ifs025,2026-09-28T10:00,28.4,0.2,6.9
Surat,ecmwf_ifs025,2026-09-28T11:00,29.1,0.2,9.0
Surat,ecmwf_ifs025,2026-09-28T12:00,29.5,0.1,10.5
Surat,ecmwf_ifs025,2026-09-28T13:00,29.6,0.1,11.7
Surat,ecmwf_ifs025,2026-09-28T14:00,29.5,0.1,11.8
Surat,ecmwf_ifs025,2026-09-28T15:00,29.2,0.0,11.0
Surat,ecmwf_ifs025,2026-09-28T16:00,28.8,0.0,10.1
Surat,ecmwf_ifs025,2026-09-28T17:00,28.2,0.0,8.7
Surat,ecmwf_ifs025,2026-09-28T18:00,27.5,0.0,7.2
Surat,ecmwf_ifs025,2026-09-28T19:00,26.6,0.0,6.2
Surat,ecmwf_ifs025,2026-09-28T20:00,25.8,0.0,6.2
Surat,ecmwf_ifs025,2026-09-28T21:00,25.4,0.0,6.2
Surat,ecmwf_ifs025,2026-09-28T22:00,25.1,0.0,6.5
Surat,ecmwf_ifs025,2026-09-28T23:00,24.9,0.0,6.4
Surat,ecmwf_ifs025,2026-09-29T00:00,24.8,0.0,6.0
Surat,ecmwf_ifs025,2026-09-29T01:00,24.8,0.0,5.7
Surat,ecmwf_ifs025,2026-09-29T02:00,24.7,0.0,4.8
Surat,ecmwf_ifs025,2026-09-29T03:00,24.3,0.0,3.6
Surat,ecmwf_ifs025,2026-09-29T04:00,23.9,0.0,2.0
Surat,ecmwf_ifs025,2026-09-29T05:00,23.9,0.0,1.0
Surat,ecmwf_ifs025,2026-09-29T06:00,24.6,0.0,0.5
Surat,ecmwf_ifs025,2026-09-29T07:00,25.8,0.0,0.7
Surat,ecmwf_ifs025,2026-09-29T08:00,27.0,0.0,0.8
Surat,ecmwf_ifs025,2026-09-29T09:00,28.2,0.0,1.5
Surat,ecmwf_ifs025,2026-09-29T10:00,29.4,0.0,2.1
Surat,ecmwf_ifs025,2026-09-29T11:00,30.2,0.0,3.7
Surat,ecmwf_ifs025,2026-09-29T12:00,30.3,0.0,7.0
Surat,ecmwf_ifs025,2026-09-29T13:00,30.0,0.0,11.3
Surat,ecmwf_ifs025,2026-09-29T14:00,29.6,0.0,13.9
Surat,ecmwf_ifs025,2026-09-29T15:00,29.4,0.0,12.3
Surat,ecmwf_ifs025,2026-09-29T16:00,29.1,0.0,8.4
Surat,ecmwf_ifs025,2026-09-29T17:00,28.6,0.0,6.2
Surat,ecmwf_ifs025,2026-09-29T18:00,27.7,0.0,5.6
Surat,ecmwf_ifs025,2026-09-29T19:00,26.5,0.0,5.2
Surat,ecmwf_ifs025,2026-09-29T20:00,25.7,0.0,5.2
Surat,ecmwf_ifs025,2026-09-29T21:00,25.3,0.0,4.8
Surat,ecmwf_ifs025,2026-09-29T22:00,25.2,0.0,4.5
Surat,ecmwf_ifs025,2026-09-29T23:00,25.1,0.0,4.1
Surat,gfs_seamless,2026-09-27T00:00,27.0,0.0,23.3
Surat,gfs_seamless,2026-09-27T01:00,26.9,0.0,20.5
Surat,gfs_seamless,2026-09-27T02:00,26.8,0.0,21.0
Surat,gfs_seamless,2026-09-27T03:00,26.7,0.0,19.5
Surat,gfs_seamless,2026-09-27T04:00,27.0,0.0,19.2
Surat,gfs_seamless,2026-09-27T05:00,26.8,0.0,17.7
Surat,gfs_seamless,2026-09-27T06:00,26.8,0.1,16.9
Surat,gfs_seamless,2026-09-27T07:00,27.4,0.0,15.2
Surat,gfs_seamless,2026-09-27T08:00,28.5,0.0,18.6
Surat,gfs_seamless,2026-09-27T09:00,28.9,0.0,20.7
Surat,gfs_seamless,2026-09-27T10:00,29.3,0.0,20.0
Surat,gfs_seamless,2026-09-27T11:00,29.6,0.0,19.6
Surat,gfs_seamless,2026-09-27T12:00,29.8,0.0,20.5
Surat,gfs_seamless,2026-09-27T13:00,29.6,0.0,21.0
Surat,gfs_seamless,2026-09-27T14:00,29.4,0.0,20.4
Surat,gfs_seamless,2026-09-27T15:00,29.2,0.0,18.9
Surat,gfs_seamless,2026-09-27T16:00,28.9,0.0,17.1
Surat,gfs_seamless,2026-09-27T17:00,28.2,0.0,15.5
Surat,gfs_seamless,2026-09-27T18:00,27.5,0.0,14.6
Surat,gfs_seamless,2026-09-27T19:00,27.3,0.0,15.1
Surat,gfs_seamless,2026-09-27T20:00,27.4,0.0,17.6
Surat,gfs_seamless,2026-09-27T21:00,27.4,0.0,18.7
Surat,gfs_seamless,2026-09-27T22:00,27.2,0.0,17.9
Surat,gfs_seamless,2026-09-27T23:00,27.0,0.0,16.4
Surat,gfs_seamless,2026-09-28T00:00,26.8,0.0,13.8
Surat,gfs_seamless,2026-09-28T01:00,26.5,0.0,11.4
Surat,gfs_seamless,2026-09-28T02:00,26.4,0.0,9.2
Surat,gfs_seamless,2026-09-28T03:00,26.3,0.0,8.4
Surat,gfs_seamless,2026-09-28T04:00,26.3,0.1,9.4
Surat,gfs_seamless,2026-09-28T05:00,26.2,0.1,8.7
Surat,gfs_seamless,2026-09-28T06:00,26.0,0.1,7.6
Surat,gfs_seamless,2026-09-28T07:00,26.6,0.1,6.8
Surat,gfs_seamless,2026-09-28T08:00,27.1,0.1,8.1
Surat,gfs_seamless,2026-09-28T09:00,27.8,0.1,10.1
Surat,gfs_seamless,2026-09-28T10:00,28.8,0.1,13.0
Surat,gfs_seamless,2026-09-28T11:00,29.6,0.0,14.7
Surat,gfs_seamless,2026-09-28T12:00,30.1,0.0,14.2
Surat,gfs_seamless,2026-09-28T13:00,30.3,0.0,17.2
Surat,gfs_seamless,2026-09-28T14:00,29.9,0.0,17.3
Surat,gfs_seamless,2026-09-28T15:00,29.6,0.0,15.5
Surat,gfs_seamless,2026-09-28T16:00,29.2,0.0,15.1
Surat,gfs_seamless,2026-09-28T17:00,28.6,0.0,13.0
Surat,gfs_seamless,2026-09-28T18:00,27.6,0.0,10.8
Surat,gfs_seamless,2026-09-28T19:00,27.3,0.0,10.3
Surat,gfs_seamless,2026-09-28T20:00,27.1,0.0,10.5
Surat,gfs_seamless,2026-09-28T21:00,27.0,0.0,10.4
Surat,gfs_seamless,2026-09-28T22:00,26.9,0.0,10.7
Surat,gfs_seamless,2026-09-28T23:00,26.7,0.0,10.2
Surat,gfs_seamless,2026-09-29T00:00,26.5,0.0,9.6
Surat,gfs_seamless,2026-09-29T01:00,26.2,0.0,8.4
Surat,gfs_seamless,2026-09-29T02:00,26.0,0.0,6.8
Surat,gfs_seamless,2026-09-29T03:00,25.8,0.0,4.0
Surat,gfs_seamless,2026-09-29T04:00,25.6,0.0,0.4
Surat,gfs_seamless,2026-09-29T05:00,25.4,0.0,2.1
Surat,gfs_seamless,2026-09-29T06:00,25.1,0.0,4.3
Surat,gfs_seamless,2026-09-29T07:00,25.7,0.0,4.6
Surat,gfs_seamless,2026-09-29T08:00,26.9,0.0,5.1
Surat,gfs_seamless,2026-09-29T09:00,28.5,0.0,3.1
Surat,gfs_seamless,2026-09-29T10:00,30.2,0.0,1.6
Surat,gfs_seamless,2026-09-29T11:00,31.2,0.0,4.8
Surat,gfs_seamless,2026-09-29T12:00,31.6,0.0,9.8
Surat,gfs_seamless,2026-09-29T13:00,31.5,0.0,13.0
Surat,gfs_seamless,2026-09-29T14:00,31.1,0.0,14.9
Surat,gfs_seamless,2026-09-29T15:00,30.5,0.0,15.2
Surat,gfs_seamless,2026-09-29T16:00,29.8,0.0,14.4
Surat,gfs_seamless,2026-09-29T17:00,28.0,0.4,12.4
Surat,gfs_seamless,2026-09-29T18:00,27.4,0.0,9.4
Surat,gfs_seamless,2026-09-29T19:00,27.5,0.0,8.6
Surat,gfs_seamless,2026-09-29T20:00,27.4,0.0,8.7
Surat,gfs_seamless,2026-09-29T21:00,27.3,0.0,9.1
Surat,gfs_seamless,2026-09-29T22:00,27.2,0.0,9.2
Surat,gfs_seamless,2026-09-29T23:00,27.1,0.0,9.4
Surat,icon_seamless,2026-09-27T00:00,27.1,0.0,12.2
Surat,icon_seamless,2026-09-27T01:00,27.0,0.0,10.5
Surat,icon_seamless,2026-09-27T02:00,27.0,0.0,10.2
Surat,icon_seamless,2026-09-27T03:00,26.9,0.0,10.7
Surat,icon_seamless,2026-09-27T04:00,26.7,0.0,10.7
Surat,icon_seamless,2026-09-27T05:00,26.5,0.0,10.7
Surat,icon_seamless,2026-09-27T06:00,26.4,0.0,8.7
Surat,icon_seamless,2026-09-27T07:00,26.8,0.0,6.6
Surat,icon_seamless,2026-09-27T08:00,28.3,0.0,9.4
Surat,icon_seamless,2026-09-27T09:00,29.4,0.0,14.6
Surat,icon_seamless,2026-09-27T10:00,30.1,0.0,15.6
Surat,icon_seamless,2026-09-27T11:00,30.6,0.0,16.1
Surat,icon_seamless,2026-09-27T12:00,30.8,0.0,16.9
Surat,icon_seamless,2026-09-27T13:00,30.8,0.0,17.5
Surat,icon_seamless,2026-09-27T14:00,30.7,0.0,17.2
Surat,icon_seamless,2026-09-27T15:00,30.3,0.0,16.6
Surat,icon_seamless,2026-09-27T16:00,29.7,0.0,15.5
Surat,icon_seamless,2026-09-27T17:00,29.0,0.0,14.5
Surat,icon_seamless,2026-09-27T18:00,28.1,0.0,12.0
Surat,icon_seamless,2026-09-27T19:00,27.4,0.0,8.9
Surat,icon_seamless,2026-09-27T20:00,27.0,0.0,7.7
Surat,icon_seamless,2026-09-27T21:00,26.7,0.0,7.2
Surat,icon_seamless,2026-09-27T22:00,26.4,0.0,6.7
Surat,icon_seamless,2026-09-27T23:00,26.2,0.0,6.0
Surat,icon_seamless,2026-09-28T00:00,26.0,0.0,5.5
Surat,icon_seamless,2026-09-28T01:00,25.9,0.0,4.5
Surat,icon_seamless,2026-09-28T02:00,25.8,0.0,3.7
Surat,icon_seamless,2026-09-28T03:00,25.7,0.0,3.3
Surat,icon_seamless,2026-09-28T04:00,25.4,0.0,3.3
Surat,icon_seamless,2026-09-28T05:00,25.0,0.0,3.7
Surat,icon_seamless,2026-09-28T06:00,24.7,0.0,4.6
Surat,icon_seamless,2026-09-28T07:00,25.0,0.0,5.6
Surat,icon_seamless,2026-09-28T08:00,26.1,0.0,5.8
Surat,icon_seamless,2026-09-28T09:00,27.7,0.0,4.7
Surat,icon_seamless,2026-09-28T10:00,29.2,0.0,6.4
Surat,icon_seamless,2026-09-28T11:00,30.2,0.0,9.0
Surat,icon_seamless,2026-09-28T12:00,30.8,0.0,10.7
Surat,icon_seamless,2026-09-28T13:00,31.1,0.0,11.6
Surat,icon_seamless,2026-09-28T14:00,31.0,0.0,11.9
Surat,icon_seamless,2026-09-28T15:00,30.8,0.0,11.3
Surat,icon_seamless,2026-09-28T16:00,30.3,0.0,10.5
Surat,icon_seamless,2026-09-28T17:00,29.5,0.0,9.9
Surat,icon_seamless,2026-09-28T18:00,28.3,0.0,8.0
Surat,icon_seamless,2026-09-28T19:00,27.2,0.0,5.6
Surat,icon_seamless,2026-09-28T20:00,26.7,0.0,4.1
Surat,icon_seamless,2026-09-28T21:00,26.4,0.0,3.3
Surat,icon_seamless,2026-09-28T22:00,26.3,0.0,2.6
Surat,icon_seamless,2026-09-28T23:00,26.2,0.0,1.5
Surat,icon_seamless,2026-09-29T00:00,25.9,0.0,2.4
Surat,icon_seamless,2026-09-29T01:00,25.3,0.0,2.8
Surat,icon_seamless,2026-09-29T02:00,24.9,0.0,3.0
Surat,icon_seamless,2026-09-29T03:00,24.5,0.0,3.2
Surat,icon_seamless,2026-09-29T04:00,24.1,0.0,3.6
Surat,icon_seamless,2026-09-29T05:00,24.1,0.0,4.0
Surat,icon_seamless,2026-09-29T06:00,23.9,0.0,3.7
Surat,icon_seamless,2026-09-29T07:00,24.3,0.0,3.3
Surat,icon_seamless,2026-09-29T08:00,25.8,0.0,2.6
Surat,icon_seamless,2026-09-29T09:00,28.0,0.0,1.8
Surat,icon_seamless,2026-09-29T10:00,29.6,0.0,1.8
Surat,icon_seamless,2026-09-29T11:00,31.0,0.0,1.6
Surat,icon_seamless,2026-09-29T12:00,32.2,0.0,2.3
Surat,icon_seamless,2026-09-29T13:00,33.1,0.0,3.9
Surat,icon_seamless,2026-09-29T14:00,33.4,0.0,6.8
Surat,icon_seamless,2026-09-29T15:00,32.7,0.0,10.1
Surat,icon_seamless,2026-09-29T16:00,31.7,0.0,10.6
Surat,icon_seamless,2026-09-29T17:00,30.9,0.0,9.1
Surat,icon_seamless,2026-09-29T18:00,29.5,0.0,6.3
Surat,icon_seamless,2026-09-29T19:00,28.4,0.0,4.8
Surat,icon_seamless,2026-09-29T20:00,27.7,0.0,3.7
Surat,icon_seamless,2026-09-29T21:00,27.1,0.0,3.5
Surat,icon_seamless,2026-09-29T22:00,26.8,0.0,2.3
Surat,icon_seamless,2026-09-29T23:00,26.6,0.0,1.4
Surat,gem_seamless,2026-09-27T00:00,27.4,0.0,26.6
Surat,gem_seamless,2026-09-27T01:00,27.2,0.0,24.8
Surat,gem_seamless,2026-09-27T02:00,27.0,0.0,23.4
Surat,gem_seamless,2026-09-27T03:00,26.9,0.0,22.3
Surat,gem_seamless,2026-09-27T04:00,26.7,0.0,20.9
Surat,gem_seamless,2026-09-27T05:00,26.8,0.0,20.2
Surat,gem_seamless,2026-09-27T06:00,26.8,0.0,18.7
Surat,gem_seamless,2026-09-27T07:00,27.5,0.0,18.7
Surat,gem_seamless,2026-09-27T08:00,29.2,0.0,21.2
Surat,gem_seamless,2026-09-27T09:00,30.1,0.0,23.8
Surat,gem_seamless,2026-09-27T10:00,30.7,0.0,24.1
Surat,gem_seamless,2026-09-27T11:00,31.0,0.0,25.2
Surat,gem_seamless,2026-09-27T12:00,31.2,0.0,25.6
Surat,gem_seamless,2026-09-27T13:00,31.2,0.0,25.9
Surat,gem_seamless,2026-09-27T14:00,31.2,0.0,25.2
Surat,gem_seamless,2026-09-27T15:00,30.9,0.0,25.2
Surat,gem_seamless,2026-09-27T16:00,30.5,0.0,25.6
Surat,gem_seamless,2026-09-27T17:00,29.7,0.0,25.6
Surat,gem_seamless,2026-09-27T18:00,28.4,0.0,24.1
Surat,gem_seamless,2026-09-27T19:00,27.4,0.0,21.2
Surat,gem_seamless,2026-09-27T20:00,27.0,0.0,20.2
Surat,gem_seamless,2026-09-27T21:00,26.7,0.0,19.1
Surat,gem_seamless,2026-09-27T22:00,26.4,0.0,18.4
Surat,gem_seamless,2026-09-27T23:00,26.2,0.0,16.9
Surat,gem_seamless,2026-09-28T00:00,25.9,0.0,15.5
Surat,gem_seamless,2026-09-28T01:00,25.5,0.0,14.0
Surat,gem_seamless,2026-09-28T02:00,25.2,0.0,11.5
Surat,gem_seamless,2026-09-28T03:00,25.1,0.0,9.0
Surat,gem_seamless,2026-09-28T04:00,25.0,0.0,6.8
Surat,gem_seamless,2026-09-28T05:00,25.3,0.0,4.7
Surat,gem_seamless,2026-09-28T06:00,25.3,0.0,1.8
Surat,gem_seamless,2026-09-28T07:00,25.4,0.0,1.1
Surat,gem_seamless,2026-09-28T08:00,25.7,0.0,1.4
Surat,gem_seamless,2026-09-28T09:00,26.4,0.0,1.1
Surat,gem_seamless,2026-09-28T10:00,27.3,0.0,2.2
Surat,gem_seamless,2026-09-28T11:00,28.8,0.0,1.8
Surat,gem_seamless,2026-09-28T12:00,30.6,0.0,6.5
Surat,gem_seamless,2026-09-28T13:00,31.7,0.0,13.0
Surat,gem_seamless,2026-09-28T14:00,31.7,0.0,16.6
Surat,gem_seamless,2026-09-28T15:00,31.4,0.0,17.3
Surat,gem_seamless,2026-09-28T16:00,30.8,0.0,17.3
Surat,gem_seamless,2026-09-28T17:00,30.1,0.0,16.2
Surat,gem_seamless,2026-09-28T18:00,28.7,0.0,13.7
Surat,gem_seamless,2026-09-28T19:00,27.2,0.0,10.8
Surat,gem_seamless,2026-09-28T20:00,26.1,0.0,10.1
Surat,gem_seamless,2026-09-28T21:00,25.3,0.0,9.7
Surat,gem_seamless,2026-09-28T22:00,24.9,0.0,9.7
Surat,gem_seamless,2026-09-28T23:00,24.7,0.0,9.4
Surat,gem_seamless,2026-09-29T00:00,24.4,0.0,8.3
Surat,gem_seamless,2026-09-29T01:00,24.1,0.0,6.1
Surat,gem_seamless,2026-09-29T02:00,23.8,0.0,3.6
Surat,gem_seamless,2026-09-29T03:00,23.7,0.0,1.4
Surat,gem_seamless,2026-09-29T04:00,23.4,0.0,1.1
Surat,gem_seamless,2026-09-29T05:00,23.1,0.0,3.6
Surat,gem_seamless,2026-09-29T06:00,22.6,0.0,5.0
Surat,gem_seamless,2026-09-29T07:00,23.2,0.0,5.4
Surat,gem_seamless,2026-09-29T08:00,25.5,0.0,4.7
Surat,gem_seamless,2026-09-29T09:00,27.8,0.0,3.2
Surat,gem_seamless,2026-09-29T10:00,29.6,0.0,4.7
Surat,gem_seamless,2026-09-29T11:00,31.0,0.0,6.5
Surat,gem_seamless,2026-09-29T12:00,31.9,0.0,9.0
Surat,gem_seamless,2026-09-29T13:00,32.5,0.0,13.0
Surat,gem_seamless,2026-09-29T14:00,32.6,0.0,16.2
Surat,gem_seamless,2026-09-29T15:00,32.4,0.0,17.3
Surat,gem_seamless,2026-09-29T16:00,32.0,0.0,18.4
Surat,gem_seamless,2026-09-29T17:00,31.0,0.0,17.3
Surat,gem_seamless,2026-09-29T18:00,29.5,0.0,14.0
Surat,gem_seamless,2026-09-29T19:00,27.7,0.0,10.4
Surat,gem_seamless,2026-09-29T20:00,26.6,0.0,9.7
Surat,gem_seamless,2026-09-29T21:00,26.0,0.0,9.4
Surat,gem_seamless,2026-09-29T22:00,25.5,0.0,7.6
Surat,gem_seamless,2026-09-29T23:00,25.3,0.0,5.8
Lucknow,ecmwf_ifs025,2026-09-27T00:00,22.0,0.0,14.9
Lucknow,ecmwf_ifs025,2026-09-27T01:00,22.0,0.0,13.3
Lucknow,ecmwf_ifs025,2026-09-27T02:00,22.0,0.0,12.4
Lucknow,ecmwf_ifs025,2026-09-27T03:00,21.9,1.1,12.8
Lucknow,ecmwf_ifs025,2026-09-27T04:00,21.7,1.1,14.2
Lucknow,ecmwf_ifs025,2026-09-27T05:00,21.7,1.1,15.3
Lucknow,ecmwf_ifs025,2026-09-27T06:00,22.0,0.4,14.8
Lucknow,ecmwf_ifs025,2026-09-27T07:00,22.4,0.4,13.7
Lucknow,ecmwf_ifs025,2026-09-27T08:00,22.8,0.4,12.5
Lucknow,ecmwf_ifs025,2026-09-27T09:00,22.9,0.4,12.3
Lucknow,ecmwf_ifs025,2026-09-27T10:00,22.9,0.4,12.5
Lucknow,ecmwf_ifs025,2026-09-27T11:00,23.0,0.4,13.1
Lucknow,ecmwf_ifs025,2026-09-27T12:00,23.5,0.1,12.6
Lucknow,ecmwf_ifs025,2026-09-27T13:00,24.2,0.1,11.4
Lucknow,ecmwf_ifs025,2026-09-27T14:00,24.7,0.1,9.7
Lucknow,ecmwf_ifs025,2026-09-27T15:00,25.0,0.0,7.0
Lucknow,ecmwf_ifs025,2026-09-27T16:00,25.3,0.0,3.4
Lucknow,ecmwf_ifs025,2026-09-27T17:00,25.2,0.0,1.1
Lucknow,ecmwf_ifs025,2026-09-27T18:00,24.6,0.0,2.2
Lucknow,ecmwf_ifs025,2026-09-27T19:00,23.7,0.0,4.3
Lucknow,ecmwf_ifs025,2026-09-27T20:00,23.0,0.0,5.1
Lucknow,ecmwf_ifs025,2026-09-27T21:00,22.5,0.0,4.0
Lucknow,ecmwf_ifs025,2026-09-27T22:00,22.3,0.0,3.9
Lucknow,ecmwf_ifs025,2026-09-27T23:00,22.0,0.0,4.4
Lucknow,ecmwf_ifs025,2026-09-28T00:00,21.8,0.0,4.3
Lucknow,ecmwf_ifs025,2026-09-28T01:00,21.7,0.0,3.6
Lucknow,ecmwf_ifs025,2026-09-28T02:00,21.6,0.0,3.1
Lucknow,ecmwf_ifs025,2026-09-28T03:00,21.4,0.0,2.7
Lucknow,ecmwf_ifs025,2026-09-28T04:00,21.2,0.0,2.3
Lucknow,ecmwf_ifs025,2026-09-28T05:00,21.3,0.0,2.3
Lucknow,ecmwf_ifs025,2026-09-28T06:00,22.2,0.0,3.2
Lucknow,ecmwf_ifs025,2026-09-28T07:00,23.5,0.0,4.9
Lucknow,ecmwf_ifs025,2026-09-28T08:00,24.7,0.0,6.2
Lucknow,ecmwf_ifs025,2026-09-28T09:00,25.7,0.0,6.4
Lucknow,ecmwf_ifs025,2026-09-28T10:00,26.6,0.0,6.6
Lucknow,ecmwf_ifs025,2026-09-28T11:00,27.4,0.0,6.8
Lucknow,ecmwf_ifs025,2026-09-28T12:00,28.1,0.0,7.2
Lucknow,ecmwf_ifs025,2026-09-28T13:00,28.7,0.0,7.6
Lucknow,ecmwf_ifs025,2026-09-28T14:00,28.9,0.0,7.6
Lucknow,ecmwf_ifs025,2026-09-28T15:00,28.6,0.0,7.0
Lucknow,ecmwf_ifs025,2026-09-28T16:00,28.0,0.0,6.0
Lucknow,ecmwf_ifs025,2026-09-28T17:00,27.4,0.0,5.2
Lucknow,ecmwf_ifs025,2026-09-28T18:00,26.6,0.0,3.9
Lucknow,ecmwf_ifs025,2026-09-28T19:00,25.8,0.0,2.2
Lucknow,ecmwf_ifs025,2026-09-28T20:00,25.1,0.0,2.1
Lucknow,ecmwf_ifs025,2026-09-28T21:00,24.6,0.0,3.1
Lucknow,ecmwf_ifs025,2026-09-28T22:00,24.3,0.0,4.1
Lucknow,ecmwf_ifs025,2026-09-28T23:00,23.9,0.0,4.8
Lucknow,ecmwf_ifs025,2026-09-29T00:00,23.6,0.0,5.1
Lucknow,ecmwf_ifs025,2026-09-29T01:00,23.4,0.0,4.6
Lucknow,ecmwf_ifs025,2026-09-29T02:00,23.1,0.0,4.7
Lucknow,ecmwf_ifs025,2026-09-29T03:00,22.8,0.0,4.5
Lucknow,ecmwf_ifs025,2026-09-29T04:00,22.5,0.0,4.3
Lucknow,ecmwf_ifs025,2026-09-29T05:00,22.6,0.0,4.6
Lucknow,ecmwf_ifs025,2026-09-29T06:00,23.5,0.0,4.9
Lucknow,ecmwf_ifs025,2026-09-29T07:00,24.8,0.0,5.2
Lucknow,ecmwf_ifs025,2026-09-29T08:00,26.2,0.0,5.9
Lucknow,ecmwf_ifs025,2026-09-29T09:00,27.4,0.1,6.5
Lucknow,ecmwf_ifs025,2026-09-29T10:00,28.7,0.1,7.7
Lucknow,ecmwf_ifs025,2026-09-29T11:00,29.7,0.1,8.7
Lucknow,ecmwf_ifs025,2026-09-29T12:00,30.3,0.1,9.3
Lucknow,ecmwf_ifs025,2026-09-29T13:00,30.7,0.1,10.0
Lucknow,ecmwf_ifs025,2026-09-29T14:00,30.7,0.1,9.9
Lucknow,ecmwf_ifs025,2026-09-29T15:00,30.2,0.0,8.7
Lucknow,ecmwf_ifs025,2026-09-29T16:00,29.4,0.0,6.8
Lucknow,ecmwf_ifs025,2026-09-29T17:00,28.5,0.0,5.4
Lucknow,ecmwf_ifs025,2026-09-29T18:00,27.7,0.0,5.4
Lucknow,ecmwf_ifs025,2026-09-29T19:00,26.9,0.0,5.8
Lucknow,ecmwf_ifs025,2026-09-29T20:00,26.2,0.0,6.2
Lucknow,ecmwf_ifs025,2026-09-29T21:00,25.8,0.0,6.6
Lucknow,ecmwf_ifs025,2026-09-29T22:00,25.4,0.0,6.6
Lucknow,ecmwf_ifs025,2026-09-29T23:00,25.1,0.0,6.5
Lucknow,gfs_seamless,2026-09-27T00:00,21.5,0.0,22.3
Lucknow,gfs_seamless,2026-09-27T01:00,21.4,0.0,25.1
Lucknow,gfs_seamless,2026-09-27T02:00,21.4,0.8,26.1
Lucknow,gfs_seamless,2026-09-27T03:00,21.4,2.0,25.0
Lucknow,gfs_seamless,2026-09-27T04:00,21.2,2.3,24.6
Lucknow,gfs_seamless,2026-09-27T05:00,21.2,1.7,23.6
Lucknow,gfs_seamless,2026-09-27T06:00,21.3,1.3,20.7
Lucknow,gfs_seamless,2026-09-27T07:00,21.4,0.7,19.4
Lucknow,gfs_seamless,2026-09-27T08:00,21.4,0.2,17.3
Lucknow,gfs_seamless,2026-09-27T09:00,21.4,0.1,15.3
Lucknow,gfs_seamless,2026-09-27T10:00,21.6,0.0,14.0
Lucknow,gfs_seamless,2026-09-27T11:00,21.8,0.1,12.0
Lucknow,gfs_seamless,2026-09-27T12:00,21.9,0.0,10.6
Lucknow,gfs_seamless,2026-09-27T13:00,22.1,0.0,9.9
Lucknow,gfs_seamless,2026-09-27T14:00,22.5,0.0,9.7
Lucknow,gfs_seamless,2026-09-27T15:00,22.7,0.0,9.3
Lucknow,gfs_seamless,2026-09-27T16:00,22.7,0.0,8.2
Lucknow,gfs_seamless,2026-09-27T17:00,22.8,0.0,6.6
Lucknow,gfs_seamless,2026-09-27T18:00,22.4,0.0,6.1
Lucknow,gfs_seamless,2026-09-27T19:00,22.3,0.0,5.9
Lucknow,gfs_seamless,2026-09-27T20:00,22.2,0.0,5.0
Lucknow,gfs_seamless,2026-09-27T21:00,22.2,0.0,5.2
Lucknow,gfs_seamless,2026-09-27T22:00,22.1,0.0,4.9
Lucknow,gfs_seamless,2026-09-27T23:00,22.0,0.0,4.7
Lucknow,gfs_seamless,2026-09-28T00:00,22.1,0.0,4.4
Lucknow,gfs_seamless,2026-09-28T01:00,22.4,0.0,5.2
Lucknow,gfs_seamless,2026-09-28T02:00,22.3,0.1,6.1
Lucknow,gfs_seamless,2026-09-28T03:00,22.4,0.0,5.2
Lucknow,gfs_seamless,2026-09-28T04:00,22.2,0.0,5.6
Lucknow,gfs_seamless,2026-09-28T05:00,22.0,0.0,5.8
Lucknow,gfs_seamless,2026-09-28T06:00,22.2,0.0,5.7
Lucknow,gfs_seamless,2026-09-28T07:00,22.8,0.0,6.9
Lucknow,gfs_seamless,2026-09-28T08:00,23.2,0.0,8.1
Lucknow,gfs_seamless,2026-09-28T09:00,23.6,0.0,8.4
Lucknow,gfs_seamless,2026-09-28T10:00,24.0,0.0,8.6
Lucknow,gfs_seamless,2026-09-28T11:00,24.5,0.0,8.5
Lucknow,gfs_seamless,2026-09-28T12:00,25.0,0.0,8.2
Lucknow,gfs_seamless,2026-09-28T13:00,26.0,0.0,7.5
Lucknow,gfs_seamless,2026-09-28T14:00,27.1,0.0,8.4
Lucknow,gfs_seamless,2026-09-28T15:00,27.6,0.0,10.0
Lucknow,gfs_seamless,2026-09-28T16:00,27.2,0.0,10.2
Lucknow,gfs_seamless,2026-09-28T17:00,26.1,0.0,8.7
Lucknow,gfs_seamless,2026-09-28T18:00,25.2,0.0,5.0
Lucknow,gfs_seamless,2026-09-28T19:00,24.9,0.0,3.4
Lucknow,gfs_seamless,2026-09-28T20:00,24.8,0.0,2.6
Lucknow,gfs_seamless,2026-09-28T21:00,24.6,0.0,2.5
Lucknow,gfs_seamless,2026-09-28T22:00,24.4,0.0,3.8
Lucknow,gfs_seamless,2026-09-28T23:00,24.2,0.0,3.6
Lucknow,gfs_seamless,2026-09-29T00:00,24.1,0.0,4.7
Lucknow,gfs_seamless,2026-09-29T01:00,23.9,0.0,2.6
Lucknow,gfs_seamless,2026-09-29T02:00,23.8,0.0,1.9
Lucknow,gfs_seamless,2026-09-29T03:00,23.6,0.0,1.8
Lucknow,gfs_seamless,2026-09-29T04:00,23.5,0.0,3.5
Lucknow,gfs_seamless,2026-09-29T05:00,23.4,0.0,3.6
Lucknow,gfs_seamless,2026-09-29T06:00,23.7,0.0,3.7
Lucknow,gfs_seamless,2026-09-29T07:00,24.9,0.0,1.8
Lucknow,gfs_seamless,2026-09-29T08:00,26.6,0.0,1.5
Lucknow,gfs_seamless,2026-09-29T09:00,28.2,0.0,3.7
Lucknow,gfs_seamless,2026-09-29T10:00,29.6,0.0,4.8
Lucknow,gfs_seamless,2026-09-29T11:00,30.7,0.0,5.8
Lucknow,gfs_seamless,2026-09-29T12:00,31.8,0.0,5.1
Lucknow,gfs_seamless,2026-09-29T13:00,32.2,0.0,5.8
Lucknow,gfs_seamless,2026-09-29T14:00,31.5,0.0,6.9
Lucknow,gfs_seamless,2026-09-29T15:00,30.3,0.0,8.8
Lucknow,gfs_seamless,2026-09-29T16:00,29.7,0.0,7.6
Lucknow,gfs_seamless,2026-09-29T17:00,29.3,0.0,6.2
Lucknow,gfs_seamless,2026-09-29T18:00,29.0,0.0,6.0
Lucknow,gfs_seamless,2026-09-29T19:00,28.6,0.0,6.5
Lucknow,gfs_seamless,2026-09-29T20:00,28.2,0.0,8.4
Lucknow,gfs_seamless,2026-09-29T21:00,27.9,0.0,9.1
Lucknow,gfs_seamless,2026-09-29T22:00,27.1,0.0,8.4
Lucknow,gfs_seamless,2026-09-29T23:00,27.0,0.0,8.1
Lucknow,icon_seamless,2026-09-27T00:00,22.7,0.0,11.3
Lucknow,icon_seamless,2026-09-27T01:00,22.7,0.0,10.2
Lucknow,icon_seamless,2026-09-27T02:00,22.7,0.1,9.8
Lucknow,icon_seamless,2026-09-27T03:00,22.7,0.2,10.0
Lucknow,icon_seamless,2026-09-27T04:00,22.5,0.6,10.0
Lucknow,icon_seamless,2026-09-27T05:00,22.4,0.8,13.1
Lucknow,icon_seamless,2026-09-27T06:00,22.4,0.5,12.1
Lucknow,icon_seamless,2026-09-27T07:00,22.6,0.1,11.5
Lucknow,icon_seamless,2026-09-27T08:00,22.7,0.0,10.3
Lucknow,icon_seamless,2026-09-27T09:00,23.1,0.2,9.5
Lucknow,icon_seamless,2026-09-27T10:00,23.4,0.3,8.0
Lucknow,icon_seamless,2026-09-27T11:00,23.9,0.0,8.4
Lucknow,icon_seamless,2026-09-27T12:00,24.2,0.1,7.9
Lucknow,icon_seamless,2026-09-27T13:00,23.7,0.0,6.6
Lucknow,icon_seamless,2026-09-27T14:00,23.5,0.0,5.6
Lucknow,icon_seamless,2026-09-27T15:00,23.4,0.0,3.9
Lucknow,icon_seamless,2026-09-27T16:00,23.6,0.0,4.7
Lucknow,icon_seamless,2026-09-27T17:00,23.5,0.0,4.7
Lucknow,icon_seamless,2026-09-27T18:00,23.3,0.0,0.8
Lucknow,icon_seamless,2026-09-27T19:00,23.2,0.0,3.2
Lucknow,icon_seamless,2026-09-27T20:00,22.9,0.0,4.4
Lucknow,icon_seamless,2026-09-27T21:00,22.7,0.0,4.3
Lucknow,icon_seamless,2026-09-27T22:00,22.5,0.0,1.8
Lucknow,icon_seamless,2026-09-27T23:00,22.5,0.0,1.5
Lucknow,icon_seamless,2026-09-28T00:00,22.2,0.0,2.3
Lucknow,icon_seamless,2026-09-28T01:00,22.1,0.0,1.8
Lucknow,icon_seamless,2026-09-28T02:00,22.1,0.0,1.3
Lucknow,icon_seamless,2026-09-28T03:00,22.0,0.0,1.6
Lucknow,icon_seamless,2026-09-28T04:00,21.9,0.0,1.9
Lucknow,icon_seamless,2026-09-28T05:00,21.7,0.0,1.8
Lucknow,icon_seamless,2026-09-28T06:00,21.9,0.0,1.1
Lucknow,icon_seamless,2026-09-28T07:00,22.9,0.0,0.8
Lucknow,icon_seamless,2026-09-28T08:00,24.5,0.0,1.8
Lucknow,icon_seamless,2026-09-28T09:00,26.3,0.0,2.9
Lucknow,icon_seamless,2026-09-28T10:00,27.8,0.0,3.2
Lucknow,icon_seamless,2026-09-28T11:00,29.0,0.0,6.1
Lucknow,icon_seamless,2026-09-28T12:00,29.7,0.0,6.9
Lucknow,icon_seamless,2026-09-28T13:00,30.4,0.0,5.2
Lucknow,icon_seamless,2026-09-28T14:00,30.8,0.0,5.2
Lucknow,icon_seamless,2026-09-28T15:00,30.8,0.0,5.4
Lucknow,icon_seamless,2026-09-28T16:00,30.5,0.0,5.4
Lucknow,icon_seamless,2026-09-28T17:00,29.4,0.0,4.1
Lucknow,icon_seamless,2026-09-28T18:00,28.2,0.0,3.3
Lucknow,icon_seamless,2026-09-28T19:00,27.4,0.0,3.9
Lucknow,icon_seamless,2026-09-28T20:00,26.8,0.0,5.9
Lucknow,icon_seamless,2026-09-28T21:00,26.2,0.0,6.0
Lucknow,icon_seamless,2026-09-28T22:00,25.5,0.0,5.8
Lucknow,icon_seamless,2026-09-28T23:00,25.0,0.0,5.1
Lucknow,icon_seamless,2026-09-29T00:00,24.5,0.0,4.1
Lucknow,icon_seamless,2026-09-29T01:00,24.1,0.0,3.4
Lucknow,icon_seamless,2026-09-29T02:00,23.9,0.0,2.6
Lucknow,icon_seamless,2026-09-29T03:00,23.6,0.0,2.9
Lucknow,icon_seamless,2026-09-29T04:00,23.3,0.0,3.2
Lucknow,icon_seamless,2026-09-29T05:00,23.2,0.0,3.8
Lucknow,icon_seamless,2026-09-29T06:00,23.2,0.0,3.9
Lucknow,icon_seamless,2026-09-29T07:00,24.3,0.0,5.2
Lucknow,icon_seamless,2026-09-29T08:00,25.9,0.0,6.5
Lucknow,icon_seamless,2026-09-29T09:00,27.3,0.0,9.7
Lucknow,icon_seamless,2026-09-29T10:00,28.5,0.0,10.2
Lucknow,icon_seamless,2026-09-29T11:00,29.2,0.0,10.5
Lucknow,icon_seamless,2026-09-29T12:00,29.9,0.0,10.5
Lucknow,icon_seamless,2026-09-29T13:00,30.3,0.0,10.9
Lucknow,icon_seamless,2026-09-29T14:00,30.5,0.0,10.1
Lucknow,icon_seamless,2026-09-29T15:00,30.3,0.0,9.7
Lucknow,icon_seamless,2026-09-29T16:00,29.9,0.0,8.6
Lucknow,icon_seamless,2026-09-29T17:00,28.7,0.0,6.1
Lucknow,icon_seamless,2026-09-29T18:00,27.4,0.0,5.0
Lucknow,icon_seamless,2026-09-29T19:00,26.6,0.0,4.3
Lucknow,icon_seamless,2026-09-29T20:00,26.1,0.0,4.3
Lucknow,icon_seamless,2026-09-29T21:00,25.7,0.0,4.7
Lucknow,icon_seamless,2026-09-29T22:00,25.3,0.0,5.8
Lucknow,icon_seamless,2026-09-29T23:00,25.0,0.0,5.4
Lucknow,gem_seamless,2026-09-27T00:00,22.2,0.4,21.2
Lucknow,gem_seamless,2026-09-27T01:00,21.9,0.5,18.7
Lucknow,gem_seamless,2026-09-27T02:00,21.9,0.6,18.0
Lucknow,gem_seamless,2026-09-27T03:00,21.9,0.5,16.9
Lucknow,gem_seamless,2026-09-27T04:00,21.8,0.5,16.9
Lucknow,gem_seamless,2026-09-27T05:00,21.7,0.3,16.9
Lucknow,gem_seamless,2026-09-27T06:00,21.7,0.2,16.9
Lucknow,gem_seamless,2026-09-27T07:00,21.9,0.2,16.6
Lucknow,gem_seamless,2026-09-27T08:00,22.2,0.5,16.9
Lucknow,gem_seamless,2026-09-27T09:00,22.5,0.7,15.1
Lucknow,gem_seamless,2026-09-27T10:00,22.6,0.9,13.3
Lucknow,gem_seamless,2026-09-27T11:00,22.8,0.8,10.8
Lucknow,gem_seamless,2026-09-27T12:00,23.0,0.6,7.9
Lucknow,gem_seamless,2026-09-27T13:00,23.2,0.3,5.0
Lucknow,gem_seamless,2026-09-27T14:00,23.4,0.1,0.7
Lucknow,gem_seamless,2026-09-27T15:00,23.6,0.1,0.4
Lucknow,gem_seamless,2026-09-27T16:00,23.4,0.4,1.4
Lucknow,gem_seamless,2026-09-27T17:00,23.0,0.6,2.5
Lucknow,gem_seamless,2026-09-27T18:00,22.8,0.2,3.6
Lucknow,gem_seamless,2026-09-27T19:00,22.4,0.0,4.3
Lucknow,gem_seamless,2026-09-27T20:00,22.3,0.0,4.7
Lucknow,gem_seamless,2026-09-27T21:00,22.2,0.0,6.5
Lucknow,gem_seamless,2026-09-27T22:00,22.0,0.0,5.4
Lucknow,gem_seamless,2026-09-27T23:00,21.9,0.0,4.7
Lucknow,gem_seamless,2026-09-28T00:00,21.9,0.0,4.3
Lucknow,gem_seamless,2026-09-28T01:00,22.0,0.2,4.7
Lucknow,gem_seamless,2026-09-28T02:00,22.1,0.1,5.0
Lucknow,gem_seamless,2026-09-28T03:00,22.2,0.0,5.4
Lucknow,gem_seamless,2026-09-28T04:00,22.3,0.0,6.1
Lucknow,gem_seamless,2026-09-28T05:00,22.3,0.0,7.6
Lucknow,gem_seamless,2026-09-28T06:00,22.3,0.0,7.6
Lucknow,gem_seamless,2026-09-28T07:00,22.9,0.0,7.6
Lucknow,gem_seamless,2026-09-28T08:00,23.7,0.0,5.0
Lucknow,gem_seamless,2026-09-28T09:00,24.8,0.0,2.9
Lucknow,gem_seamless,2026-09-28T10:00,26.1,0.0,3.2
Lucknow,gem_seamless,2026-09-28T11:00,27.0,0.0,5.4
Lucknow,gem_seamless,2026-09-28T12:00,27.9,0.0,9.0
Lucknow,gem_seamless,2026-09-28T13:00,28.4,0.0,9.7
Lucknow,gem_seamless,2026-09-28T14:00,28.6,0.0,10.1
Lucknow,gem_seamless,2026-09-28T15:00,28.4,0.0,11.5
Lucknow,gem_seamless,2026-09-28T16:00,27.9,0.0,9.7
Lucknow,gem_seamless,2026-09-28T17:00,26.7,0.0,7.2
Lucknow,gem_seamless,2026-09-28T18:00,25.3,0.0,7.2
Lucknow,gem_seamless,2026-09-28T19:00,24.3,0.0,7.2
Lucknow,gem_seamless,2026-09-28T20:00,23.7,0.0,6.5
Lucknow,gem_seamless,2026-09-28T21:00,23.0,0.0,5.0
Lucknow,gem_seamless,2026-09-28T22:00,22.5,0.0,3.6
Lucknow,gem_seamless,2026-09-28T23:00,22.1,0.0,2.9
Lucknow,gem_seamless,2026-09-29T00:00,21.8,0.0,2.9
Lucknow,gem_seamless,2026-09-29T01:00,21.4,0.0,2.9
Lucknow,gem_seamless,2026-09-29T02:00,21.1,0.0,3.2
Lucknow,gem_seamless,2026-09-29T03:00,21.0,0.0,3.6
Lucknow,gem_seamless,2026-09-29T04:00,20.8,0.0,4.3
Lucknow,gem_seamless,2026-09-29T05:00,20.8,0.0,4.7
Lucknow,gem_seamless,2026-09-29T06:00,21.2,0.0,5.0
Lucknow,gem_seamless,2026-09-29T07:00,22.1,0.0,5.8
Lucknow,gem_seamless,2026-09-29T08:00,23.3,0.0,5.8
Lucknow,gem_seamless,2026-09-29T09:00,24.7,0.0,6.5
Lucknow,gem_seamless,2026-09-29T10:00,26.1,0.0,7.2
Lucknow,gem_seamless,2026-09-29T11:00,27.4,0.0,7.6
Lucknow,gem_seamless,2026-09-29T12:00,28.1,0.0,9.0
Lucknow,gem_seamless,2026-09-29T13:00,28.6,0.0,9.7
Lucknow,gem_seamless,2026-09-29T14:00,28.4,0.0,10.1
Lucknow,gem_seamless,2026-09-29T15:00,28.6,0.0,10.4
Lucknow,gem_seamless,2026-09-29T16:00,28.3,0.0,9.0
Lucknow,gem_seamless,2026-09-29T17:00,27.4,0.0,5.8
Lucknow,gem_seamless,2026-09-29T18:00,26.1,0.0,4.3
Lucknow,gem_seamless,2026-09-29T19:00,25.0,0.0,4.7
Lucknow,gem_seamless,2026-09-29T20:00,24.1,0.0,4.0
Lucknow,gem_seamless,2026-09-29T21:00,23.5,0.0,3.6
Lucknow,gem_seamless,2026-09-29T22:00,23.0,0.0,4.0
Lucknow,gem_seamless,2026-09-29T23:00,22.6,0.0,4.3
Kanpur,ecmwf_ifs025,2026-09-27T00:00,22.0,0.1,17.7
Kanpur,ecmwf_ifs025,2026-09-27T01:00,22.1,0.1,17.7
Kanpur,ecmwf_ifs025,2026-09-27T02:00,22.2,0.1,17.1
Kanpur,ecmwf_ifs025,2026-09-27T03:00,22.2,0.1,17.1
Kanpur,ecmwf_ifs025,2026-09-27T04:00,22.2,0.1,17.4
Kanpur,ecmwf_ifs025,2026-09-27T05:00,22.2,0.1,17.4
Kanpur,ecmwf_ifs025,2026-09-27T06:00,22.0,0.3,16.8
Kanpur,ecmwf_ifs025,2026-09-27T07:00,21.9,0.3,15.5
Kanpur,ecmwf_ifs025,2026-09-27T08:00,22.0,0.3,14.8
Kanpur,ecmwf_ifs025,2026-09-27T09:00,22.7,0.3,14.7
Kanpur,ecmwf_ifs025,2026-09-27T10:00,23.6,0.3,14.8
Kanpur,ecmwf_ifs025,2026-09-27T11:00,24.4,0.3,14.5
Kanpur,ecmwf_ifs025,2026-09-27T12:00,25.0,0.3,13.4
Kanpur,ecmwf_ifs025,2026-09-27T13:00,25.5,0.3,11.9
Kanpur,ecmwf_ifs025,2026-09-27T14:00,25.9,0.3,10.1
Kanpur,ecmwf_ifs025,2026-09-27T15:00,26.0,0.2,7.6
Kanpur,ecmwf_ifs025,2026-09-27T16:00,25.8,0.2,4.7
Kanpur,ecmwf_ifs025,2026-09-27T17:00,25.5,0.2,2.5
Kanpur,ecmwf_ifs025,2026-09-27T18:00,24.7,0.0,2.2
Kanpur,ecmwf_ifs025,2026-09-27T19:00,23.8,0.0,2.9
Kanpur,ecmwf_ifs025,2026-09-27T20:00,23.0,0.0,3.6
Kanpur,ecmwf_ifs025,2026-09-27T21:00,22.5,0.0,3.6
Kanpur,ecmwf_ifs025,2026-09-27T22:00,22.2,0.0,4.0
Kanpur,ecmwf_ifs025,2026-09-27T23:00,22.0,0.0,4.0
Kanpur,ecmwf_ifs025,2026-09-28T00:00,21.7,0.0,4.5
Kanpur,ecmwf_ifs025,2026-09-28T01:00,21.5,0.0,4.9
Kanpur,ecmwf_ifs025,2026-09-28T02:00,21.3,0.0,5.2
Kanpur,ecmwf_ifs025,2026-09-28T03:00,21.0,0.0,4.8
Kanpur,ecmwf_ifs025,2026-09-28T04:00,20.8,0.0,4.0
Kanpur,ecmwf_ifs025,2026-09-28T05:00,20.9,0.0,4.0
Kanpur,ecmwf_ifs025,2026-09-28T06:00,21.6,0.0,4.7
Kanpur,ecmwf_ifs025,2026-09-28T07:00,22.8,0.0,6.1
Kanpur,ecmwf_ifs025,2026-09-28T08:00,23.9,0.0,7.2
Kanpur,ecmwf_ifs025,2026-09-28T09:00,25.0,0.0,8.3
Kanpur,ecmwf_ifs025,2026-09-28T10:00,26.1,0.0,9.1
Kanpur,ecmwf_ifs025,2026-09-28T11:00,27.1,0.0,10.0
Kanpur,ecmwf_ifs025,2026-09-28T12:00,27.9,0.0,10.2
Kanpur,ecmwf_ifs025,2026-09-28T13:00,28.5,0.0,10.1
Kanpur,ecmwf_ifs025,2026-09-28T14:00,28.8,0.0,9.4
Kanpur,ecmwf_ifs025,2026-09-28T15:00,28.6,0.0,7.6
Kanpur,ecmwf_ifs025,2026-09-28T16:00,28.1,0.0,5.0
Kanpur,ecmwf_ifs025,2026-09-28T17:00,27.5,0.0,3.9
Kanpur,ecmwf_ifs025,2026-09-28T18:00,26.7,0.0,4.2
Kanpur,ecmwf_ifs025,2026-09-28T19:00,25.7,0.0,5.2
Kanpur,ecmwf_ifs025,2026-09-28T20:00,24.9,0.0,5.9
Kanpur,ecmwf_ifs025,2026-09-28T21:00,24.4,0.0,5.7
Kanpur,ecmwf_ifs025,2026-09-28T22:00,24.1,0.0,5.8
Kanpur,ecmwf_ifs025,2026-09-28T23:00,23.8,0.0,5.4
Kanpur,ecmwf_ifs025,2026-09-29T00:00,23.5,0.0,4.9
Kanpur,ecmwf_ifs025,2026-09-29T01:00,23.2,0.0,4.5
Kanpur,ecmwf_ifs025,2026-09-29T02:00,22.9,0.0,4.3
Kanpur,ecmwf_ifs025,2026-09-29T03:00,22.6,0.0,4.7
Kanpur,ecmwf_ifs025,2026-09-29T04:00,22.3,0.0,5.2
Kanpur,ecmwf_ifs025,2026-09-29T05:00,22.5,0.0,5.4
Kanpur,ecmwf_ifs025,2026-09-29T06:00,23.3,0.0,5.4
Kanpur,ecmwf_ifs025,2026-09-29T07:00,24.7,0.0,6.2
Kanpur,ecmwf_ifs025,2026-09-29T08:00,26.0,0.0,7.1
Kanpur,ecmwf_ifs025,2026-09-29T09:00,27.3,0.1,8.1
Kanpur,ecmwf_ifs025,2026-09-29T10:00,28.6,0.1,9.0
Kanpur,ecmwf_ifs025,2026-09-29T11:00,29.6,0.1,10.0
Kanpur,ecmwf_ifs025,2026-09-29T12:00,30.2,0.1,10.5
Kanpur,ecmwf_ifs025,2026-09-29T13:00,30.5,0.1,10.6
Kanpur,ecmwf_ifs025,2026-09-29T14:00,30.5,0.1,10.1
Kanpur,ecmwf_ifs025,2026-09-29T15:00,30.1,0.0,9.0
Kanpur,ecmwf_ifs025,2026-09-29T16:00,29.3,0.0,7.3
Kanpur,ecmwf_ifs025,2026-09-29T17:00,28.5,0.0,6.3
Kanpur,ecmwf_ifs025,2026-09-29T18:00,27.8,0.0,6.2
Kanpur,ecmwf_ifs025,2026-09-29T19:00,27.0,0.0,7.0
Kanpur,ecmwf_ifs025,2026-09-29T20:00,26.4,0.0,7.3
Kanpur,ecmwf_ifs025,2026-09-29T21:00,25.8,0.0,6.9
Kanpur,ecmwf_ifs025,2026-09-29T22:00,25.3,0.0,6.2
Kanpur,ecmwf_ifs025,2026-09-29T23:00,24.9,0.0,5.8
Kanpur,gfs_seamless,2026-09-27T00:00,21.6,0.0,22.1
Kanpur,gfs_seamless,2026-09-27T01:00,21.5,0.0,22.4
Kanpur,gfs_seamless,2026-09-27T02:00,21.6,0.0,19.5
Kanpur,gfs_seamless,2026-09-27T03:00,21.7,0.0,17.3
Kanpur,gfs_seamless,2026-09-27T04:00,21.6,0.1,16.2
Kanpur,gfs_seamless,2026-09-27T05:00,21.6,0.3,15.2
Kanpur,gfs_seamless,2026-09-27T06:00,21.8,0.3,15.3
Kanpur,gfs_seamless,2026-09-27T07:00,21.9,0.4,15.3
Kanpur,gfs_seamless,2026-09-27T08:00,22.1,0.1,15.6
Kanpur,gfs_seamless,2026-09-27T09:00,22.7,0.1,15.6
Kanpur,gfs_seamless,2026-09-27T10:00,23.7,0.3,16.9
Kanpur,gfs_seamless,2026-09-27T11:00,23.0,0.3,15.8
Kanpur,gfs_seamless,2026-09-27T12:00,22.7,0.1,13.0
Kanpur,gfs_seamless,2026-09-27T13:00,23.0,0.2,12.9
Kanpur,gfs_seamless,2026-09-27T14:00,23.1,0.1,12.5
Kanpur,gfs_seamless,2026-09-27T15:00,23.3,0.0,14.1
Kanpur,gfs_seamless,2026-09-27T16:00,23.7,0.0,9.5
Kanpur,gfs_seamless,2026-09-27T17:00,23.9,0.0,7.7
Kanpur,gfs_seamless,2026-09-27T18:00,23.1,0.0,8.7
Kanpur,gfs_seamless,2026-09-27T19:00,23.1,0.0,7.2
Kanpur,gfs_seamless,2026-09-27T20:00,22.7,0.0,6.8
Kanpur,gfs_seamless,2026-09-27T21:00,22.3,0.0,6.6
Kanpur,gfs_seamless,2026-09-27T22:00,21.9,0.0,9.1
Kanpur,gfs_seamless,2026-09-27T23:00,21.6,0.0,9.8
Kanpur,gfs_seamless,2026-09-28T00:00,21.3,0.0,10.1
Kanpur,gfs_seamless,2026-09-28T01:00,21.0,0.0,9.6
Kanpur,gfs_seamless,2026-09-28T02:00,20.8,0.0,8.3
Kanpur,gfs_seamless,2026-09-28T03:00,20.7,0.0,8.1
Kanpur,gfs_seamless,2026-09-28T04:00,20.7,0.0,6.9
Kanpur,gfs_seamless,2026-09-28T05:00,20.9,0.0,7.9
Kanpur,gfs_seamless,2026-09-28T06:00,21.4,0.0,8.1
Kanpur,gfs_seamless,2026-09-28T07:00,22.5,0.0,10.4
Kanpur,gfs_seamless,2026-09-28T08:00,23.7,0.0,11.6
Kanpur,gfs_seamless,2026-09-28T09:00,25.0,0.0,12.0
Kanpur,gfs_seamless,2026-09-28T10:00,26.5,0.0,12.2
Kanpur,gfs_seamless,2026-09-28T11:00,27.3,0.2,13.0
Kanpur,gfs_seamless,2026-09-28T12:00,27.2,0.3,13.4
Kanpur,gfs_seamless,2026-09-28T13:00,27.4,0.3,14.1
Kanpur,gfs_seamless,2026-09-28T14:00,28.1,0.2,14.1
Kanpur,gfs_seamless,2026-09-28T15:00,28.1,0.1,14.3
Kanpur,gfs_seamless,2026-09-28T16:00,27.5,0.1,12.2
Kanpur,gfs_seamless,2026-09-28T17:00,26.4,0.1,10.0
Kanpur,gfs_seamless,2026-09-28T18:00,25.5,0.0,7.9
Kanpur,gfs_seamless,2026-09-28T19:00,25.2,0.0,5.7
Kanpur,gfs_seamless,2026-09-28T20:00,25.0,0.0,4.6
Kanpur,gfs_seamless,2026-09-28T21:00,24.8,0.0,3.1
Kanpur,gfs_seamless,2026-09-28T22:00,24.5,0.0,2.7
Kanpur,gfs_seamless,2026-09-28T23:00,24.4,0.0,3.2
Kanpur,gfs_seamless,2026-09-29T00:00,24.1,0.0,2.9
Kanpur,gfs_seamless,2026-09-29T01:00,24.0,0.0,4.9
Kanpur,gfs_seamless,2026-09-29T02:00,23.7,0.1,3.2
Kanpur,gfs_seamless,2026-09-29T03:00,23.5,0.1,1.1
Kanpur,gfs_seamless,2026-09-29T04:00,23.4,0.0,2.1
Kanpur,gfs_seamless,2026-09-29T05:00,23.3,0.0,2.6
Kanpur,gfs_seamless,2026-09-29T06:00,23.6,0.0,1.8
Kanpur,gfs_seamless,2026-09-29T07:00,24.9,0.0,2.4
Kanpur,gfs_seamless,2026-09-29T08:00,26.3,0.0,6.1
Kanpur,gfs_seamless,2026-09-29T09:00,27.6,0.0,7.9
Kanpur,gfs_seamless,2026-09-29T10:00,28.9,0.0,9.0
Kanpur,gfs_seamless,2026-09-29T11:00,30.0,0.0,9.7
Kanpur,gfs_seamless,2026-09-29T12:00,30.8,0.0,10.4
Kanpur,gfs_seamless,2026-09-29T13:00,31.2,0.0,12.2
Kanpur,gfs_seamless,2026-09-29T14:00,31.3,0.0,12.8
Kanpur,gfs_seamless,2026-09-29T15:00,30.4,0.0,11.7
Kanpur,gfs_seamless,2026-09-29T16:00,28.2,0.0,10.5
Kanpur,gfs_seamless,2026-09-29T17:00,27.7,0.0,10.2
Kanpur,gfs_seamless,2026-09-29T18:00,27.1,0.0,10.9
Kanpur,gfs_seamless,2026-09-29T19:00,26.5,0.0,10.0
Kanpur,gfs_seamless,2026-09-29T20:00,26.2,0.0,9.5
Kanpur,gfs_seamless,2026-09-29T21:00,26.0,0.0,9.1
Kanpur,gfs_seamless,2026-09-29T22:00,25.9,0.0,7.9
Kanpur,gfs_seamless,2026-09-29T23:00,25.7,0.0,5.4
Kanpur,icon_seamless,2026-09-27T00:00,22.5,0.0,11.8
Kanpur,icon_seamless,2026-09-27T01:00,22.6,0.0,11.4
Kanpur,icon_seamless,2026-09-27T02:00,22.6,0.0,10.3
Kanpur,icon_seamless,2026-09-27T03:00,22.6,0.0,10.3
Kanpur,icon_seamless,2026-09-27T04:00,22.5,0.0,8.9
Kanpur,icon_seamless,2026-09-27T05:00,22.5,0.0,10.0
Kanpur,icon_seamless,2026-09-27T06:00,22.4,0.0,9.3
Kanpur,icon_seamless,2026-09-27T07:00,22.5,0.0,9.5
Kanpur,icon_seamless,2026-09-27T08:00,22.6,0.0,8.6
Kanpur,icon_seamless,2026-09-27T09:00,22.6,0.1,8.0
Kanpur,icon_seamless,2026-09-27T10:00,22.5,0.3,6.3
Kanpur,icon_seamless,2026-09-27T11:00,22.6,0.3,5.0
Kanpur,icon_seamless,2026-09-27T12:00,23.0,0.0,5.1
Kanpur,icon_seamless,2026-09-27T13:00,23.2,0.0,4.6
Kanpur,icon_seamless,2026-09-27T14:00,23.3,0.0,4.3
Kanpur,icon_seamless,2026-09-27T15:00,23.9,0.0,4.0
Kanpur,icon_seamless,2026-09-27T16:00,24.1,0.0,2.5
Kanpur,icon_seamless,2026-09-27T17:00,23.9,0.0,3.0
Kanpur,icon_seamless,2026-09-27T18:00,23.6,0.0,1.0
Kanpur,icon_seamless,2026-09-27T19:00,23.3,0.0,2.5
Kanpur,icon_seamless,2026-09-27T20:00,22.8,0.0,2.9
Kanpur,icon_seamless,2026-09-27T21:00,22.4,0.0,3.1
Kanpur,icon_seamless,2026-09-27T22:00,22.1,0.0,3.6
Kanpur,icon_seamless,2026-09-27T23:00,22.0,0.0,3.3
Kanpur,icon_seamless,2026-09-28T00:00,21.9,0.0,2.2
Kanpur,icon_seamless,2026-09-28T01:00,22.0,0.0,1.8
Kanpur,icon_seamless,2026-09-28T02:00,22.1,0.0,2.3
Kanpur,icon_seamless,2026-09-28T03:00,22.2,0.0,2.2
Kanpur,icon_seamless,2026-09-28T04:00,22.2,0.0,1.9
Kanpur,icon_seamless,2026-09-28T05:00,22.2,0.0,2.3
Kanpur,icon_seamless,2026-09-28T06:00,22.3,0.0,2.4
Kanpur,icon_seamless,2026-09-28T07:00,23.0,0.0,2.9
Kanpur,icon_seamless,2026-09-28T08:00,24.2,0.0,4.2
Kanpur,icon_seamless,2026-09-28T09:00,25.7,0.0,5.4
Kanpur,icon_seamless,2026-09-28T10:00,27.5,0.0,6.5
Kanpur,icon_seamless,2026-09-28T11:00,28.6,0.0,4.6
Kanpur,icon_seamless,2026-09-28T12:00,29.7,0.0,4.8
Kanpur,icon_seamless,2026-09-28T13:00,30.4,0.0,6.1
Kanpur,icon_seamless,2026-09-28T14:00,30.7,0.0,7.0
Kanpur,icon_seamless,2026-09-28T15:00,30.5,0.0,7.0
Kanpur,icon_seamless,2026-09-28T16:00,30.0,0.0,6.8
Kanpur,icon_seamless,2026-09-28T17:00,28.8,0.0,4.3
Kanpur,icon_seamless,2026-09-28T18:00,27.5,0.0,4.0
Kanpur,icon_seamless,2026-09-28T19:00,26.8,0.0,3.7
Kanpur,icon_seamless,2026-09-28T20:00,26.1,0.0,3.5
Kanpur,icon_seamless,2026-09-28T21:00,25.6,0.0,3.6
Kanpur,icon_seamless,2026-09-28T22:00,25.1,0.0,2.9
Kanpur,icon_seamless,2026-09-28T23:00,24.6,0.0,3.1
Kanpur,icon_seamless,2026-09-29T00:00,24.2,0.0,2.5
Kanpur,icon_seamless,2026-09-29T01:00,23.9,0.0,1.5
Kanpur,icon_seamless,2026-09-29T02:00,23.6,0.0,0.8
Kanpur,icon_seamless,2026-09-29T03:00,23.3,0.0,1.9
Kanpur,icon_seamless,2026-09-29T04:00,23.2,0.0,2.6
Kanpur,icon_seamless,2026-09-29T05:00,23.2,0.0,2.8
Kanpur,icon_seamless,2026-09-29T06:00,23.2,0.0,3.2
Kanpur,icon_seamless,2026-09-29T07:00,24.2,0.0,4.1
Kanpur,icon_seamless,2026-09-29T08:00,25.7,0.0,6.5
Kanpur,icon_seamless,2026-09-29T09:00,27.1,0.0,8.0
Kanpur,icon_seamless,2026-09-29T10:00,28.1,0.0,9.2
Kanpur,icon_seamless,2026-09-29T11:00,29.0,0.0,10.4
Kanpur,icon_seamless,2026-09-29T12:00,29.4,0.0,11.0
Kanpur,icon_seamless,2026-09-29T13:00,29.8,0.0,10.4
Kanpur,icon_seamless,2026-09-29T14:00,29.9,0.0,9.8
Kanpur,icon_seamless,2026-09-29T15:00,29.9,0.0,8.8
Kanpur,icon_seamless,2026-09-29T16:00,29.5,0.0,7.3
Kanpur,icon_seamless,2026-09-29T17:00,28.4,0.0,4.7
Kanpur,icon_seamless,2026-09-29T18:00,27.2,0.0,4.3
Kanpur,icon_seamless,2026-09-29T19:00,26.5,0.0,4.0
Kanpur,icon_seamless,2026-09-29T20:00,26.0,0.0,4.3
Kanpur,icon_seamless,2026-09-29T21:00,25.6,0.0,5.1
Kanpur,icon_seamless,2026-09-29T22:00,25.2,0.0,4.3
Kanpur,icon_seamless,2026-09-29T23:00,24.9,0.0,4.3
Kanpur,gem_seamless,2026-09-27T00:00,21.7,0.1,22.3
Kanpur,gem_seamless,2026-09-27T01:00,21.7,0.1,19.4
Kanpur,gem_seamless,2026-09-27T02:00,21.6,0.3,17.3
Kanpur,gem_seamless,2026-09-27T03:00,21.5,0.4,16.2
Kanpur,gem_seamless,2026-09-27T04:00,21.4,0.5,16.2
Kanpur,gem_seamless,2026-09-27T05:00,21.4,0.8,16.9
Kanpur,gem_seamless,2026-09-27T06:00,21.6,0.9,17.3
Kanpur,gem_seamless,2026-09-27T07:00,21.9,0.4,16.2
Kanpur,gem_seamless,2026-09-27T08:00,22.5,0.2,14.4
Kanpur,gem_seamless,2026-09-27T09:00,23.5,0.1,13.0
Kanpur,gem_seamless,2026-09-27T10:00,24.5,0.0,11.5
Kanpur,gem_seamless,2026-09-27T11:00,25.1,0.1,12.2
Kanpur,gem_seamless,2026-09-27T12:00,25.2,0.3,11.9
Kanpur,gem_seamless,2026-09-27T13:00,24.9,0.7,10.8
Kanpur,gem_seamless,2026-09-27T14:00,24.5,0.9,9.4
Kanpur,gem_seamless,2026-09-27T15:00,24.4,0.6,8.3
Kanpur,gem_seamless,2026-09-27T16:00,24.8,0.0,4.3
Kanpur,gem_seamless,2026-09-27T17:00,24.8,0.0,1.4
Kanpur,gem_seamless,2026-09-27T18:00,24.0,0.0,1.1
Kanpur,gem_seamless,2026-09-27T19:00,23.3,0.1,4.7
Kanpur,gem_seamless,2026-09-27T20:00,22.8,0.0,6.5
Kanpur,gem_seamless,2026-09-27T21:00,22.5,0.0,6.1
Kanpur,gem_seamless,2026-09-27T22:00,22.3,0.0,5.0
Kanpur,gem_seamless,2026-09-27T23:00,22.3,0.0,4.7
Kanpur,gem_seamless,2026-09-28T00:00,22.2,0.0,4.7
Kanpur,gem_seamless,2026-09-28T01:00,22.1,0.0,5.0
Kanpur,gem_seamless,2026-09-28T02:00,22.0,0.0,4.3
Kanpur,gem_seamless,2026-09-28T03:00,21.8,0.0,3.6
Kanpur,gem_seamless,2026-09-28T04:00,21.7,0.0,4.7
Kanpur,gem_seamless,2026-09-28T05:00,21.6,0.0,4.3
Kanpur,gem_seamless,2026-09-28T06:00,21.7,0.1,4.3
Kanpur,gem_seamless,2026-09-28T07:00,22.2,0.1,3.6
Kanpur,gem_seamless,2026-09-28T08:00,23.2,0.0,2.9
Kanpur,gem_seamless,2026-09-28T09:00,24.3,0.0,2.9
Kanpur,gem_seamless,2026-09-28T10:00,25.5,0.0,4.7
Kanpur,gem_seamless,2026-09-28T11:00,26.2,0.0,8.3
Kanpur,gem_seamless,2026-09-28T12:00,27.4,0.0,7.6
Kanpur,gem_seamless,2026-09-28T13:00,28.0,0.0,7.9
Kanpur,gem_seamless,2026-09-28T14:00,28.3,0.0,7.2
Kanpur,gem_seamless,2026-09-28T15:00,28.3,0.0,7.9
Kanpur,gem_seamless,2026-09-28T16:00,27.9,0.0,9.0
Kanpur,gem_seamless,2026-09-28T17:00,26.9,0.0,7.2
Kanpur,gem_seamless,2026-09-28T18:00,25.5,0.0,7.2
Kanpur,gem_seamless,2026-09-28T19:00,24.4,0.0,5.8
Kanpur,gem_seamless,2026-09-28T20:00,23.6,0.0,4.0
Kanpur,gem_seamless,2026-09-28T21:00,23.0,0.0,2.9
Kanpur,gem_seamless,2026-09-28T22:00,22.5,0.0,2.9
Kanpur,gem_seamless,2026-09-28T23:00,22.2,0.0,2.9
Kanpur,gem_seamless,2026-09-29T00:00,21.9,0.0,3.2
Kanpur,gem_seamless,2026-09-29T01:00,21.6,0.0,3.2
Kanpur,gem_seamless,2026-09-29T02:00,21.3,0.0,2.9
Kanpur,gem_seamless,2026-09-29T03:00,21.1,0.0,3.2
Kanpur,gem_seamless,2026-09-29T04:00,21.0,0.0,4.7
Kanpur,gem_seamless,2026-09-29T05:00,21.2,0.0,5.8
Kanpur,gem_seamless,2026-09-29T06:00,21.6,0.1,5.0
Kanpur,gem_seamless,2026-09-29T07:00,22.5,0.0,4.0
Kanpur,gem_seamless,2026-09-29T08:00,24.1,0.0,4.3
Kanpur,gem_seamless,2026-09-29T09:00,25.3,0.0,4.7
Kanpur,gem_seamless,2026-09-29T10:00,26.1,0.1,5.8
Kanpur,gem_seamless,2026-09-29T11:00,27.0,0.0,5.4
Kanpur,gem_seamless,2026-09-29T12:00,28.4,0.0,7.6
Kanpur,gem_seamless,2026-09-29T13:00,29.3,0.0,10.1
Kanpur,gem_seamless,2026-09-29T14:00,29.4,0.0,11.9
Kanpur,gem_seamless,2026-09-29T15:00,29.3,0.0,12.6
Kanpur,gem_seamless,2026-09-29T16:00,28.6,0.0,13.3
Kanpur,gem_seamless,2026-09-29T17:00,27.4,0.1,9.0
Kanpur,gem_seamless,2026-09-29T18:00,26.4,0.0,4.0
Kanpur,gem_seamless,2026-09-29T19:00,25.2,0.0,1.4
Kanpur,gem_seamless,2026-09-29T20:00,24.3,0.0,1.1
Kanpur,gem_seamless,2026-09-29T21:00,23.8,0.0,2.5
Kanpur,gem_seamless,2026-09-29T22:00,23.3,0.0,3.2
Kanpur,gem_seamless,2026-09-29T23:00,22.9,0.0,4.7
Nagpur,ecmwf_ifs025,2026-09-27T00:00,23.8,0.0,7.9
Nagpur,ecmwf_ifs025,2026-09-27T01:00,23.4,0.0,8.4
Nagpur,ecmwf_ifs025,2026-09-27T02:00,23.0,0.0,8.7
Nagpur,ecmwf_ifs025,2026-09-27T03:00,22.6,0.0,8.3
Nagpur,ecmwf_ifs025,2026-09-27T04:00,22.3,0.0,7.9
Nagpur,ecmwf_ifs025,2026-09-27T05:00,22.5,0.0,8.0
Nagpur,ecmwf_ifs025,2026-09-27T06:00,23.3,0.0,9.2
Nagpur,ecmwf_ifs025,2026-09-27T07:00,24.5,0.0,10.7
Nagpur,ecmwf_ifs025,2026-09-27T08:00,25.8,0.0,12.3
Nagpur,ecmwf_ifs025,2026-09-27T09:00,27.0,0.0,13.0
Nagpur,ecmwf_ifs025,2026-09-27T10:00,28.3,0.0,13.3
Nagpur,ecmwf_ifs025,2026-09-27T11:00,29.3,0.0,13.3
Nagpur,ecmwf_ifs025,2026-09-27T12:00,30.1,0.0,13.0
Nagpur,ecmwf_ifs025,2026-09-27T13:00,30.7,0.0,12.9
Nagpur,ecmwf_ifs025,2026-09-27T14:00,30.9,0.0,12.1
Nagpur,ecmwf_ifs025,2026-09-27T15:00,30.6,0.0,10.2
Nagpur,ecmwf_ifs025,2026-09-27T16:00,29.8,0.0,8.4
Nagpur,ecmwf_ifs025,2026-09-27T17:00,28.9,0.0,7.8
Nagpur,ecmwf_ifs025,2026-09-27T18:00,27.9,0.0,7.2
Nagpur,ecmwf_ifs025,2026-09-27T19:00,26.8,0.0,7.2
Nagpur,ecmwf_ifs025,2026-09-27T20:00,25.8,0.0,7.3
Nagpur,ecmwf_ifs025,2026-09-27T21:00,24.8,0.0,6.7
Nagpur,ecmwf_ifs025,2026-09-27T22:00,24.0,0.0,6.2
Nagpur,ecmwf_ifs025,2026-09-27T23:00,23.2,0.0,5.6
Nagpur,ecmwf_ifs025,2026-09-28T00:00,22.6,0.0,5.5
Nagpur,ecmwf_ifs025,2026-09-28T01:00,22.1,0.0,5.7
Nagpur,ecmwf_ifs025,2026-09-28T02:00,21.7,0.0,5.9
Nagpur,ecmwf_ifs025,2026-09-28T03:00,21.3,0.0,6.4
Nagpur,ecmwf_ifs025,2026-09-28T04:00,21.1,0.0,6.7
Nagpur,ecmwf_ifs025,2026-09-28T05:00,21.4,0.0,7.2
Nagpur,ecmwf_ifs025,2026-09-28T06:00,22.5,0.0,8.2
Nagpur,ecmwf_ifs025,2026-09-28T07:00,24.0,0.0,9.2
Nagpur,ecmwf_ifs025,2026-09-28T08:00,25.6,0.0,9.7
Nagpur,ecmwf_ifs025,2026-09-28T09:00,27.0,0.0,9.2
Nagpur,ecmwf_ifs025,2026-09-28T10:00,28.4,0.0,8.2
Nagpur,ecmwf_ifs025,2026-09-28T11:00,29.5,0.0,7.8
Nagpur,ecmwf_ifs025,2026-09-28T12:00,30.3,0.0,8.5
Nagpur,ecmwf_ifs025,2026-09-28T13:00,30.9,0.0,10.0
Nagpur,ecmwf_ifs025,2026-09-28T14:00,31.1,0.0,10.2
Nagpur,ecmwf_ifs025,2026-09-28T15:00,30.8,0.0,8.1
Nagpur,ecmwf_ifs025,2026-09-28T16:00,30.1,0.0,5.0
Nagpur,ecmwf_ifs025,2026-09-28T17:00,29.2,0.0,3.1
Nagpur,ecmwf_ifs025,2026-09-28T18:00,28.1,0.0,3.4
Nagpur,ecmwf_ifs025,2026-09-28T19:00,26.8,0.0,4.9
Nagpur,ecmwf_ifs025,2026-09-28T20:00,25.6,0.0,6.3
Nagpur,ecmwf_ifs025,2026-09-28T21:00,24.8,0.0,7.0
Nagpur,ecmwf_ifs025,2026-09-28T22:00,24.1,0.0,7.8
Nagpur,ecmwf_ifs025,2026-09-28T23:00,23.5,0.0,8.2
Nagpur,ecmwf_ifs025,2026-09-29T00:00,22.9,0.0,8.1
Nagpur,ecmwf_ifs025,2026-09-29T01:00,22.3,0.0,7.4
Nagpur,ecmwf_ifs025,2026-09-29T02:00,21.9,0.0,6.9
Nagpur,ecmwf_ifs025,2026-09-29T03:00,21.4,0.0,6.6
Nagpur,ecmwf_ifs025,2026-09-29T04:00,21.0,0.0,6.4
Nagpur,ecmwf_ifs025,2026-09-29T05:00,21.1,0.0,6.5
Nagpur,ecmwf_ifs025,2026-09-29T06:00,22.2,0.0,6.7
Nagpur,ecmwf_ifs025,2026-09-29T07:00,23.9,0.0,6.6
Nagpur,ecmwf_ifs025,2026-09-29T08:00,25.6,0.0,6.6
Nagpur,ecmwf_ifs025,2026-09-29T09:00,27.2,0.0,6.2
Nagpur,ecmwf_ifs025,2026-09-29T10:00,28.8,0.0,5.6
Nagpur,ecmwf_ifs025,2026-09-29T11:00,30.1,0.0,5.4
Nagpur,ecmwf_ifs025,2026-09-29T12:00,30.9,0.0,5.4
Nagpur,ecmwf_ifs025,2026-09-29T13:00,31.4,0.0,5.2
Nagpur,ecmwf_ifs025,2026-09-29T14:00,31.5,0.0,4.8
Nagpur,ecmwf_ifs025,2026-09-29T15:00,31.3,0.0,3.9
Nagpur,ecmwf_ifs025,2026-09-29T16:00,30.8,0.0,2.5
Nagpur,ecmwf_ifs025,2026-09-29T17:00,30.0,0.0,2.2
Nagpur,ecmwf_ifs025,2026-09-29T18:00,28.6,0.0,3.7
Nagpur,ecmwf_ifs025,2026-09-29T19:00,26.8,0.0,6.6
Nagpur,ecmwf_ifs025,2026-09-29T20:00,25.3,0.0,8.7
Nagpur,ecmwf_ifs025,2026-09-29T21:00,24.5,0.0,8.9
Nagpur,ecmwf_ifs025,2026-09-29T22:00,24.0,0.0,8.0
Nagpur,ecmwf_ifs025,2026-09-29T23:00,23.4,0.0,7.3
Nagpur,gfs_seamless,2026-09-27T00:00,23.5,0.0,8.6
Nagpur,gfs_seamless,2026-09-27T01:00,23.2,0.0,8.8
Nagpur,gfs_seamless,2026-09-27T02:00,22.8,0.0,9.1
Nagpur,gfs_seamless,2026-09-27T03:00,22.5,0.0,9.1
Nagpur,gfs_seamless,2026-09-27T04:00,22.3,0.0,8.5
Nagpur,gfs_seamless,2026-09-27T05:00,22.2,0.0,8.1
Nagpur,gfs_seamless,2026-09-27T06:00,22.3,0.0,8.5
Nagpur,gfs_seamless,2026-09-27T07:00,23.7,0.0,9.5
Nagpur,gfs_seamless,2026-09-27T08:00,25.5,0.0,10.8
Nagpur,gfs_seamless,2026-09-27T09:00,27.1,0.0,14.6
Nagpur,gfs_seamless,2026-09-27T10:00,28.2,0.0,16.9
Nagpur,gfs_seamless,2026-09-27T11:00,29.2,0.0,16.9
Nagpur,gfs_seamless,2026-09-27T12:00,30.1,0.0,17.1
Nagpur,gfs_seamless,2026-09-27T13:00,30.7,0.0,16.6
Nagpur,gfs_seamless,2026-09-27T14:00,30.7,0.0,16.6
Nagpur,gfs_seamless,2026-09-27T15:00,30.4,0.0,15.5
Nagpur,gfs_seamless,2026-09-27T16:00,29.8,0.0,14.0
Nagpur,gfs_seamless,2026-09-27T17:00,28.2,0.0,10.9
Nagpur,gfs_seamless,2026-09-27T18:00,26.7,0.0,9.7
Nagpur,gfs_seamless,2026-09-27T19:00,25.9,0.0,10.5
Nagpur,gfs_seamless,2026-09-27T20:00,25.3,0.0,11.0
Nagpur,gfs_seamless,2026-09-27T21:00,24.8,0.0,11.0
Nagpur,gfs_seamless,2026-09-27T22:00,24.4,0.0,10.8
Nagpur,gfs_seamless,2026-09-27T23:00,24.1,0.0,11.0
Nagpur,gfs_seamless,2026-09-28T00:00,23.7,0.0,10.0
Nagpur,gfs_seamless,2026-09-28T01:00,23.3,0.0,9.9
Nagpur,gfs_seamless,2026-09-28T02:00,23.0,0.0,9.2
Nagpur,gfs_seamless,2026-09-28T03:00,22.7,0.0,9.2
Nagpur,gfs_seamless,2026-09-28T04:00,22.5,0.0,9.4
Nagpur,gfs_seamless,2026-09-28T05:00,22.2,0.0,9.2
Nagpur,gfs_seamless,2026-09-28T06:00,22.2,0.0,8.4
Nagpur,gfs_seamless,2026-09-28T07:00,23.8,0.0,9.5
Nagpur,gfs_seamless,2026-09-28T08:00,25.7,0.0,11.1
Nagpur,gfs_seamless,2026-09-28T09:00,27.4,0.0,11.0
Nagpur,gfs_seamless,2026-09-28T10:00,28.9,0.0,10.7
Nagpur,gfs_seamless,2026-09-28T11:00,30.0,0.0,11.0
Nagpur,gfs_seamless,2026-09-28T12:00,30.8,0.0,11.2
Nagpur,gfs_seamless,2026-09-28T13:00,31.3,0.0,10.2
Nagpur,gfs_seamless,2026-09-28T14:00,31.5,0.0,10.2
Nagpur,gfs_seamless,2026-09-28T15:00,31.4,0.0,8.9
Nagpur,gfs_seamless,2026-09-28T16:00,31.0,0.0,7.9
Nagpur,gfs_seamless,2026-09-28T17:00,29.3,0.0,6.0
Nagpur,gfs_seamless,2026-09-28T18:00,27.6,0.0,6.8
Nagpur,gfs_seamless,2026-09-28T19:00,26.5,0.0,9.0
Nagpur,gfs_seamless,2026-09-28T20:00,25.5,0.0,9.3
Nagpur,gfs_seamless,2026-09-28T21:00,25.0,0.0,8.9
Nagpur,gfs_seamless,2026-09-28T22:00,24.5,0.0,9.0
Nagpur,gfs_seamless,2026-09-28T23:00,24.1,0.0,8.8
Nagpur,gfs_seamless,2026-09-29T00:00,23.8,0.0,8.0
Nagpur,gfs_seamless,2026-09-29T01:00,23.5,0.0,7.3
Nagpur,gfs_seamless,2026-09-29T02:00,23.3,0.0,7.6
Nagpur,gfs_seamless,2026-09-29T03:00,23.1,0.0,7.3
Nagpur,gfs_seamless,2026-09-29T04:00,22.8,0.0,7.4
Nagpur,gfs_seamless,2026-09-29T05:00,22.5,0.0,6.5
Nagpur,gfs_seamless,2026-09-29T06:00,22.6,0.0,5.4
Nagpur,gfs_seamless,2026-09-29T07:00,24.3,0.0,5.2
Nagpur,gfs_seamless,2026-09-29T08:00,26.2,0.0,6.5
Nagpur,gfs_seamless,2026-09-29T09:00,28.0,0.0,6.1
Nagpur,gfs_seamless,2026-09-29T10:00,29.5,0.0,6.5
Nagpur,gfs_seamless,2026-09-29T11:00,30.7,0.0,6.6
Nagpur,gfs_seamless,2026-09-29T12:00,31.4,0.0,8.4
Nagpur,gfs_seamless,2026-09-29T13:00,31.8,0.0,9.7
Nagpur,gfs_seamless,2026-09-29T14:00,31.8,0.0,10.5
Nagpur,gfs_seamless,2026-09-29T15:00,31.6,0.0,9.7
Nagpur,gfs_seamless,2026-09-29T16:00,31.3,0.0,6.2
Nagpur,gfs_seamless,2026-09-29T17:00,29.7,0.0,3.3
Nagpur,gfs_seamless,2026-09-29T18:00,28.0,0.0,6.2
Nagpur,gfs_seamless,2026-09-29T19:00,26.3,0.0,11.4
Nagpur,gfs_seamless,2026-09-29T20:00,25.5,0.0,11.9
Nagpur,gfs_seamless,2026-09-29T21:00,24.7,0.0,12.6
Nagpur,gfs_seamless,2026-09-29T22:00,24.2,0.0,10.6
Nagpur,gfs_seamless,2026-09-29T23:00,23.9,0.0,8.6
Nagpur,icon_seamless,2026-09-27T00:00,25.2,0.0,3.1
Nagpur,icon_seamless,2026-09-27T01:00,24.8,0.0,3.3
Nagpur,icon_seamless,2026-09-27T02:00,24.4,0.0,3.4
Nagpur,icon_seamless,2026-09-27T03:00,24.1,0.0,3.4
Nagpur,icon_seamless,2026-09-27T04:00,23.6,0.0,3.4
Nagpur,icon_seamless,2026-09-27T05:00,22.9,0.0,3.1
Nagpur,icon_seamless,2026-09-27T06:00,22.7,0.0,2.9
Nagpur,icon_seamless,2026-09-27T07:00,23.8,0.0,3.2
Nagpur,icon_seamless,2026-09-27T08:00,25.6,0.0,5.1
Nagpur,icon_seamless,2026-09-27T09:00,27.2,0.0,6.1
Nagpur,icon_seamless,2026-09-27T10:00,28.5,0.0,12.3
Nagpur,icon_seamless,2026-09-27T11:00,29.6,0.0,11.2
Nagpur,icon_seamless,2026-09-27T12:00,30.7,0.0,10.0
Nagpur,icon_seamless,2026-09-27T13:00,31.5,0.0,9.8
Nagpur,icon_seamless,2026-09-27T14:00,31.7,0.0,9.8
Nagpur,icon_seamless,2026-09-27T15:00,31.4,0.0,9.0
Nagpur,icon_seamless,2026-09-27T16:00,30.9,0.0,8.2
Nagpur,icon_seamless,2026-09-27T17:00,29.8,0.0,6.2
Nagpur,icon_seamless,2026-09-27T18:00,28.1,0.0,4.3
Nagpur,icon_seamless,2026-09-27T19:00,27.1,0.0,4.0
Nagpur,icon_seamless,2026-09-27T20:00,26.5,0.0,3.6
Nagpur,icon_seamless,2026-09-27T21:00,25.9,0.0,3.3
Nagpur,icon_seamless,2026-09-27T22:00,25.4,0.0,3.3
Nagpur,icon_seamless,2026-09-27T23:00,25.0,0.0,3.1
Nagpur,icon_seamless,2026-09-28T00:00,24.5,0.0,3.2
Nagpur,icon_seamless,2026-09-28T01:00,24.1,0.0,3.2
Nagpur,icon_seamless,2026-09-28T02:00,23.6,0.0,3.4
Nagpur,icon_seamless,2026-09-28T03:00,23.2,0.0,3.3
Nagpur,icon_seamless,2026-09-28T04:00,22.9,0.0,3.6
Nagpur,icon_seamless,2026-09-28T05:00,22.7,0.0,3.6
Nagpur,icon_seamless,2026-09-28T06:00,22.6,0.0,3.7
Nagpur,icon_seamless,2026-09-28T07:00,24.0,0.0,4.2
Nagpur,icon_seamless,2026-09-28T08:00,26.2,0.0,6.2
Nagpur,icon_seamless,2026-09-28T09:00,28.1,0.0,7.9
Nagpur,icon_seamless,2026-09-28T10:00,29.6,0.0,8.4
Nagpur,icon_seamless,2026-09-28T11:00,30.7,0.0,8.4
Nagpur,icon_seamless,2026-09-28T12:00,31.4,0.0,8.5
Nagpur,icon_seamless,2026-09-28T13:00,31.8,0.0,9.0
Nagpur,icon_seamless,2026-09-28T14:00,31.6,0.0,8.9
Nagpur,icon_seamless,2026-09-28T15:00,31.2,0.0,8.4
Nagpur,icon_seamless,2026-09-28T16:00,30.7,0.0,7.7
Nagpur,icon_seamless,2026-09-28T17:00,29.8,0.0,4.8
Nagpur,icon_seamless,2026-09-28T18:00,28.6,0.0,2.4
Nagpur,icon_seamless,2026-09-28T19:00,28.0,0.0,2.5
Nagpur,icon_seamless,2026-09-28T20:00,27.4,0.0,3.2
Nagpur,icon_seamless,2026-09-28T21:00,27.0,0.0,3.8
Nagpur,icon_seamless,2026-09-28T22:00,25.9,0.0,3.6
Nagpur,icon_seamless,2026-09-28T23:00,25.2,0.0,3.6
Nagpur,icon_seamless,2026-09-29T00:00,24.7,0.0,3.1
Nagpur,icon_seamless,2026-09-29T01:00,24.3,0.0,3.1
Nagpur,icon_seamless,2026-09-29T02:00,23.9,0.0,2.9
Nagpur,icon_seamless,2026-09-29T03:00,23.5,0.0,2.9
Nagpur,icon_seamless,2026-09-29T04:00,23.1,0.0,2.9
Nagpur,icon_seamless,2026-09-29T05:00,22.8,0.0,3.0
Nagpur,icon_seamless,2026-09-29T06:00,22.5,0.0,3.4
Nagpur,icon_seamless,2026-09-29T07:00,23.7,0.0,3.1
Nagpur,icon_seamless,2026-09-29T08:00,25.8,0.0,4.6
Nagpur,icon_seamless,2026-09-29T09:00,27.9,0.0,4.9
Nagpur,icon_seamless,2026-09-29T10:00,29.7,0.0,5.5
Nagpur,icon_seamless,2026-09-29T11:00,30.8,0.0,6.2
Nagpur,icon_seamless,2026-09-29T12:00,31.5,0.0,5.9
Nagpur,icon_seamless,2026-09-29T13:00,31.9,0.0,6.2
Nagpur,icon_seamless,2026-09-29T14:00,31.9,0.0,6.4
Nagpur,icon_seamless,2026-09-29T15:00,31.7,0.0,6.3
Nagpur,icon_seamless,2026-09-29T16:00,31.1,0.0,5.7
Nagpur,icon_seamless,2026-09-29T17:00,30.0,0.0,3.6
Nagpur,icon_seamless,2026-09-29T18:00,28.9,0.0,2.1
Nagpur,icon_seamless,2026-09-29T19:00,28.3,0.0,1.3
Nagpur,icon_seamless,2026-09-29T20:00,27.6,0.0,1.8
Nagpur,icon_seamless,2026-09-29T21:00,26.9,0.0,1.8
Nagpur,icon_seamless,2026-09-29T22:00,26.4,0.0,2.5
Nagpur,icon_seamless,2026-09-29T23:00,25.9,0.0,4.1
Nagpur,gem_seamless,2026-09-27T00:00,25.4,0.0,12.6
Nagpur,gem_seamless,2026-09-27T01:00,24.9,0.0,12.2
Nagpur,gem_seamless,2026-09-27T02:00,24.4,0.0,11.5
Nagpur,gem_seamless,2026-09-27T03:00,23.9,0.0,10.8
Nagpur,gem_seamless,2026-09-27T04:00,23.2,0.0,9.4
Nagpur,gem_seamless,2026-09-27T05:00,22.6,0.0,8.6
Nagpur,gem_seamless,2026-09-27T06:00,22.3,0.0,8.6
Nagpur,gem_seamless,2026-09-27T07:00,24.3,0.0,9.7
Nagpur,gem_seamless,2026-09-27T08:00,26.8,0.0,13.3
Nagpur,gem_seamless,2026-09-27T09:00,28.5,0.0,17.6
Nagpur,gem_seamless,2026-09-27T10:00,29.9,0.0,17.6
Nagpur,gem_seamless,2026-09-27T11:00,31.2,0.0,16.9
Nagpur,gem_seamless,2026-09-27T12:00,32.0,0.0,17.3
Nagpur,gem_seamless,2026-09-27T13:00,32.6,0.0,16.9
Nagpur,gem_seamless,2026-09-27T14:00,32.8,0.0,16.2
Nagpur,gem_seamless,2026-09-27T15:00,32.8,0.0,15.5
Nagpur,gem_seamless,2026-09-27T16:00,32.3,0.0,14.8
Nagpur,gem_seamless,2026-09-27T17:00,30.9,0.0,10.8
Nagpur,gem_seamless,2026-09-27T18:00,28.6,0.0,9.0
Nagpur,gem_seamless,2026-09-27T19:00,26.7,0.0,8.3
Nagpur,gem_seamless,2026-09-27T20:00,25.3,0.0,8.3
Nagpur,gem_seamless,2026-09-27T21:00,24.1,0.0,8.3
Nagpur,gem_seamless,2026-09-27T22:00,23.1,0.0,7.6
Nagpur,gem_seamless,2026-09-27T23:00,22.2,0.0,7.2
Nagpur,gem_seamless,2026-09-28T00:00,21.3,0.0,7.6
Nagpur,gem_seamless,2026-09-28T01:00,20.5,0.0,7.9
Nagpur,gem_seamless,2026-09-28T02:00,19.9,0.0,7.9
Nagpur,gem_seamless,2026-09-28T03:00,19.4,0.0,8.3
Nagpur,gem_seamless,2026-09-28T04:00,19.0,0.0,8.3
Nagpur,gem_seamless,2026-09-28T05:00,18.7,0.0,8.6
Nagpur,gem_seamless,2026-09-28T06:00,18.9,0.0,9.4
Nagpur,gem_seamless,2026-09-28T07:00,21.5,0.0,10.1
Nagpur,gem_seamless,2026-09-28T08:00,25.3,0.0,11.2
Nagpur,gem_seamless,2026-09-28T09:00,28.5,0.0,12.2
Nagpur,gem_seamless,2026-09-28T10:00,30.3,0.0,13.7
Nagpur,gem_seamless,2026-09-28T11:00,31.2,0.0,14.0
Nagpur,gem_seamless,2026-09-28T12:00,32.0,0.0,13.3
Nagpur,gem_seamless,2026-09-28T13:00,32.6,0.0,11.9
Nagpur,gem_seamless,2026-09-28T14:00,33.1,0.0,10.8
Nagpur,gem_seamless,2026-09-28T15:00,33.3,0.0,11.2
Nagpur,gem_seamless,2026-09-28T16:00,33.0,0.0,12.2
Nagpur,gem_seamless,2026-09-28T17:00,31.6,0.0,9.0
Nagpur,gem_seamless,2026-09-28T18:00,29.0,0.0,7.2
Nagpur,gem_seamless,2026-09-28T19:00,27.1,0.0,6.8
Nagpur,gem_seamless,2026-09-28T20:00,25.8,0.0,7.9
Nagpur,gem_seamless,2026-09-28T21:00,24.7,0.0,8.6
Nagpur,gem_seamless,2026-09-28T22:00,23.9,0.0,7.9
Nagpur,gem_seamless,2026-09-28T23:00,23.1,0.0,7.2
Nagpur,gem_seamless,2026-09-29T00:00,22.4,0.0,7.6
Nagpur,gem_seamless,2026-09-29T01:00,22.0,0.0,7.9
Nagpur,gem_seamless,2026-09-29T02:00,21.3,0.0,8.3
Nagpur,gem_seamless,2026-09-29T03:00,20.8,0.0,9.0
Nagpur,gem_seamless,2026-09-29T04:00,20.3,0.0,9.4
Nagpur,gem_seamless,2026-09-29T05:00,20.1,0.0,9.4
Nagpur,gem_seamless,2026-09-29T06:00,20.1,0.0,8.6
Nagpur,gem_seamless,2026-09-29T07:00,22.5,0.0,7.9
Nagpur,gem_seamless,2026-09-29T08:00,26.1,0.0,7.2
Nagpur,gem_seamless,2026-09-29T09:00,29.2,0.0,6.5
Nagpur,gem_seamless,2026-09-29T10:00,31.2,0.0,7.6
Nagpur,gem_seamless,2026-09-29T11:00,32.5,0.0,6.5
Nagpur,gem_seamless,2026-09-29T12:00,33.3,0.0,6.5
Nagpur,gem_seamless,2026-09-29T13:00,34.0,0.0,8.3
Nagpur,gem_seamless,2026-09-29T14:00,34.3,0.0,10.8
Nagpur,gem_seamless,2026-09-29T15:00,34.2,0.0,11.9
Nagpur,gem_seamless,2026-09-29T16:00,33.6,0.0,13.3
Nagpur,gem_seamless,2026-09-29T17:00,31.5,0.0,11.9
Nagpur,gem_seamless,2026-09-29T18:00,28.7,0.0,13.7
Nagpur,gem_seamless,2026-09-29T19:00,27.0,0.0,14.4
Nagpur,gem_seamless,2026-09-29T20:00,25.9,0.0,13.7
Nagpur,gem_seamless,2026-09-29T21:00,24.8,0.0,9.7
Nagpur,gem_seamless,2026-09-29T22:00,23.6,0.0,6.5
Nagpur,gem_seamless,2026-09-29T23:00,22.5,0.0,5.0
Indore,ecmwf_ifs025,2026-09-27T00:00,23.3,0.0,17.2
Indore,ecmwf_ifs025,2026-09-27T01:00,23.1,0.0,15.7
Indore,ecmwf_ifs025,2026-09-27T02:00,23.0,0.0,15.1
Indore,ecmwf_ifs025,2026-09-27T03:00,23.1,0.0,15.6
Indore,ecmwf_ifs025,2026-09-27T04:00,23.2,0.0,16.9
Indore,ecmwf_ifs025,2026-09-27T05:00,23.5,0.0,17.8
Indore,ecmwf_ifs025,2026-09-27T06:00,23.6,0.0,18.2
Indore,ecmwf_ifs025,2026-09-27T07:00,23.8,0.0,18.4
Indore,ecmwf_ifs025,2026-09-27T08:00,24.2,0.0,18.5
Indore,ecmwf_ifs025,2026-09-27T09:00,25.3,0.0,18.5
Indore,ecmwf_ifs025,2026-09-27T10:00,26.6,0.0,18.4
Indore,ecmwf_ifs025,2026-09-27T11:00,27.7,0.0,18.2
Indore,ecmwf_ifs025,2026-09-27T12:00,28.4,0.0,17.7
Indore,ecmwf_ifs025,2026-09-27T13:00,28.9,0.0,17.3
Indore,ecmwf_ifs025,2026-09-27T14:00,29.1,0.0,16.2
Indore,ecmwf_ifs025,2026-09-27T15:00,28.8,0.0,14.8
Indore,ecmwf_ifs025,2026-09-27T16:00,28.2,0.0,13.0
Indore,ecmwf_ifs025,2026-09-27T17:00,27.5,0.0,11.2
Indore,ecmwf_ifs025,2026-09-27T18:00,26.5,0.0,9.7
Indore,ecmwf_ifs025,2026-09-27T19:00,25.3,0.0,8.3
Indore,ecmwf_ifs025,2026-09-27T20:00,24.3,0.0,7.6
Indore,ecmwf_ifs025,2026-09-27T21:00,23.8,0.0,7.6
Indore,ecmwf_ifs025,2026-09-27T22:00,23.5,0.0,8.3
Indore,ecmwf_ifs025,2026-09-27T23:00,23.2,0.0,9.0
Indore,ecmwf_ifs025,2026-09-28T00:00,22.6,0.0,9.4
Indore,ecmwf_ifs025,2026-09-28T01:00,21.9,0.0,9.7
Indore,ecmwf_ifs025,2026-09-28T02:00,21.5,0.0,10.1
Indore,ecmwf_ifs025,2026-09-28T03:00,21.5,0.0,9.7
Indore,ecmwf_ifs025,2026-09-28T04:00,21.7,0.0,9.4
Indore,ecmwf_ifs025,2026-09-28T05:00,22.1,0.0,9.7
Indore,ecmwf_ifs025,2026-09-28T06:00,22.8,0.0,11.2
Indore,ecmwf_ifs025,2026-09-28T07:00,23.7,0.0,13.8
Indore,ecmwf_ifs025,2026-09-28T08:00,24.8,0.0,15.0
Indore,ecmwf_ifs025,2026-09-28T09:00,26.0,0.0,14.3
Indore,ecmwf_ifs025,2026-09-28T10:00,27.3,0.0,12.7
Indore,ecmwf_ifs025,2026-09-28T11:00,28.4,0.0,11.3
Indore,ecmwf_ifs025,2026-09-28T12:00,29.2,0.0,10.5
Indore,ecmwf_ifs025,2026-09-28T13:00,29.8,0.0,9.6
Indore,ecmwf_ifs025,2026-09-28T14:00,29.9,0.0,9.2
Indore,ecmwf_ifs025,2026-09-28T15:00,29.5,0.0,8.8
Indore,ecmwf_ifs025,2026-09-28T16:00,28.7,0.0,8.8
Indore,ecmwf_ifs025,2026-09-28T17:00,27.8,0.0,8.5
Indore,ecmwf_ifs025,2026-09-28T18:00,26.7,0.0,8.0
Indore,ecmwf_ifs025,2026-09-28T19:00,25.4,0.0,7.4
Indore,ecmwf_ifs025,2026-09-28T20:00,24.3,0.0,7.2
Indore,ecmwf_ifs025,2026-09-28T21:00,23.5,0.0,7.2
Indore,ecmwf_ifs025,2026-09-28T22:00,22.8,0.0,7.0
Indore,ecmwf_ifs025,2026-09-28T23:00,22.1,0.0,6.8
Indore,ecmwf_ifs025,2026-09-29T00:00,21.5,0.0,5.7
Indore,ecmwf_ifs025,2026-09-29T01:00,21.0,0.0,4.3
Indore,ecmwf_ifs025,2026-09-29T02:00,20.5,0.0,3.3
Indore,ecmwf_ifs025,2026-09-29T03:00,19.9,0.0,2.9
Indore,ecmwf_ifs025,2026-09-29T04:00,19.4,0.0,3.9
Indore,ecmwf_ifs025,2026-09-29T05:00,19.5,0.0,5.0
Indore,ecmwf_ifs025,2026-09-29T06:00,20.7,0.0,5.0
Indore,ecmwf_ifs025,2026-09-29T07:00,22.5,0.0,5.0
Indore,ecmwf_ifs025,2026-09-29T08:00,24.2,0.0,5.4
Indore,ecmwf_ifs025,2026-09-29T09:00,25.6,0.0,6.4
Indore,ecmwf_ifs025,2026-09-29T10:00,27.0,0.0,8.2
Indore,ecmwf_ifs025,2026-09-29T11:00,28.2,0.0,9.4
Indore,ecmwf_ifs025,2026-09-29T12:00,29.1,0.0,9.4
Indore,ecmwf_ifs025,2026-09-29T13:00,29.8,0.0,8.6
Indore,ecmwf_ifs025,2026-09-29T14:00,30.1,0.0,7.8
Indore,ecmwf_ifs025,2026-09-29T15:00,29.8,0.0,6.7
Indore,ecmwf_ifs025,2026-09-29T16:00,29.2,0.0,5.4
Indore,ecmwf_ifs025,2026-09-29T17:00,28.3,0.0,4.6
Indore,ecmwf_ifs025,2026-09-29T18:00,27.1,0.0,4.7
Indore,ecmwf_ifs025,2026-09-29T19:00,25.6,0.0,5.5
Indore,ecmwf_ifs025,2026-09-29T20:00,24.4,0.0,6.0
Indore,ecmwf_ifs025,2026-09-29T21:00,23.6,0.0,6.0
Indore,ecmwf_ifs025,2026-09-29T22:00,23.0,0.0,6.2
Indore,ecmwf_ifs025,2026-09-29T23:00,22.5,0.0,5.8
Indore,gfs_seamless,2026-09-27T00:00,22.3,0.0,24.5
Indore,gfs_seamless,2026-09-27T01:00,21.8,0.0,24.3
Indore,gfs_seamless,2026-09-27T02:00,21.4,0.0,26.0
Indore,gfs_seamless,2026-09-27T03:00,21.3,0.0,25.6
Indore,gfs_seamless,2026-09-27T04:00,21.5,0.0,26.1
Indore,gfs_seamless,2026-09-27T05:00,21.9,0.0,27.1
Indore,gfs_seamless,2026-09-27T06:00,21.6,0.0,26.0
Indore,gfs_seamless,2026-09-27T07:00,21.8,0.0,24.0
Indore,gfs_seamless,2026-09-27T08:00,23.0,0.0,26.0
Indore,gfs_seamless,2026-09-27T09:00,24.2,0.0,25.9
Indore,gfs_seamless,2026-09-27T10:00,25.7,0.0,24.5
Indore,gfs_seamless,2026-09-27T11:00,27.0,0.0,23.5
Indore,gfs_seamless,2026-09-27T12:00,27.9,0.0,22.5
Indore,gfs_seamless,2026-09-27T13:00,28.4,0.0,21.5
Indore,gfs_seamless,2026-09-27T14:00,28.5,0.0,21.3
Indore,gfs_seamless,2026-09-27T15:00,28.3,0.0,18.5
Indore,gfs_seamless,2026-09-27T16:00,27.5,0.0,17.0
Indore,gfs_seamless,2026-09-27T17:00,25.7,0.0,12.7
Indore,gfs_seamless,2026-09-27T18:00,23.8,0.0,12.8
Indore,gfs_seamless,2026-09-27T19:00,22.9,0.0,12.7
Indore,gfs_seamless,2026-09-27T20:00,22.1,0.0,11.9
Indore,gfs_seamless,2026-09-27T21:00,21.6,0.0,12.3
Indore,gfs_seamless,2026-09-27T22:00,21.2,0.0,12.6
Indore,gfs_seamless,2026-09-27T23:00,20.8,0.0,12.6
Indore,gfs_seamless,2026-09-28T00:00,20.6,0.0,11.5
Indore,gfs_seamless,2026-09-28T01:00,20.4,0.0,11.9
Indore,gfs_seamless,2026-09-28T02:00,20.1,0.0,12.2
Indore,gfs_seamless,2026-09-28T03:00,19.8,0.0,12.6
Indore,gfs_seamless,2026-09-28T04:00,19.5,0.0,13.3
Indore,gfs_seamless,2026-09-28T05:00,19.4,0.0,14.4
Indore,gfs_seamless,2026-09-28T06:00,19.6,0.0,15.1
Indore,gfs_seamless,2026-09-28T07:00,21.2,0.0,16.6
Indore,gfs_seamless,2026-09-28T08:00,23.2,0.0,18.7
Indore,gfs_seamless,2026-09-28T09:00,24.8,0.0,17.0
Indore,gfs_seamless,2026-09-28T10:00,26.2,0.0,16.2
Indore,gfs_seamless,2026-09-28T11:00,27.4,0.0,15.8
Indore,gfs_seamless,2026-09-28T12:00,28.4,0.0,15.0
Indore,gfs_seamless,2026-09-28T13:00,29.1,0.0,14.2
Indore,gfs_seamless,2026-09-28T14:00,29.5,0.0,13.7
Indore,gfs_seamless,2026-09-28T15:00,29.5,0.0,13.1
Indore,gfs_seamless,2026-09-28T16:00,29.1,0.0,11.2
Indore,gfs_seamless,2026-09-28T17:00,27.2,0.0,9.7
Indore,gfs_seamless,2026-09-28T18:00,24.7,0.0,8.7
Indore,gfs_seamless,2026-09-28T19:00,23.8,0.0,8.4
Indore,gfs_seamless,2026-09-28T20:00,23.0,0.0,9.6
Indore,gfs_seamless,2026-09-28T21:00,22.4,0.0,10.0
Indore,gfs_seamless,2026-09-28T22:00,21.9,0.0,9.3
Indore,gfs_seamless,2026-09-28T23:00,21.5,0.0,9.2
Indore,gfs_seamless,2026-09-29T00:00,21.2,0.0,8.4
Indore,gfs_seamless,2026-09-29T01:00,20.9,0.0,8.2
Indore,gfs_seamless,2026-09-29T02:00,20.7,0.0,8.7
Indore,gfs_seamless,2026-09-29T03:00,20.5,0.0,8.1
Indore,gfs_seamless,2026-09-29T04:00,20.3,0.0,7.7
Indore,gfs_seamless,2026-09-29T05:00,20.3,0.0,6.8
Indore,gfs_seamless,2026-09-29T06:00,20.3,0.0,8.4
Indore,gfs_seamless,2026-09-29T07:00,21.6,0.0,9.7
Indore,gfs_seamless,2026-09-29T08:00,23.9,0.0,11.8
Indore,gfs_seamless,2026-09-29T09:00,25.8,0.0,10.5
Indore,gfs_seamless,2026-09-29T10:00,27.4,0.0,10.1
Indore,gfs_seamless,2026-09-29T11:00,28.5,0.0,9.9
Indore,gfs_seamless,2026-09-29T12:00,29.3,0.0,10.0
Indore,gfs_seamless,2026-09-29T13:00,29.9,0.0,9.8
Indore,gfs_seamless,2026-09-29T14:00,30.1,0.0,9.9
Indore,gfs_seamless,2026-09-29T15:00,30.1,0.0,10.4
Indore,gfs_seamless,2026-09-29T16:00,29.7,0.0,8.9
Indore,gfs_seamless,2026-09-29T17:00,27.6,0.0,7.0
Indore,gfs_seamless,2026-09-29T18:00,25.1,0.0,5.7
Indore,gfs_seamless,2026-09-29T19:00,24.2,0.0,5.4
Indore,gfs_seamless,2026-09-29T20:00,23.6,0.0,6.4
Indore,gfs_seamless,2026-09-29T21:00,22.9,0.0,9.4
Indore,gfs_seamless,2026-09-29T22:00,22.3,0.0,10.4
Indore,gfs_seamless,2026-09-29T23:00,22.0,0.0,9.2
Indore,icon_seamless,2026-09-27T00:00,23.7,0.0,13.6
Indore,icon_seamless,2026-09-27T01:00,23.5,0.0,14.3
Indore,icon_seamless,2026-09-27T02:00,23.3,0.0,15.3
Indore,icon_seamless,2026-09-27T03:00,23.3,0.0,16.0
Indore,icon_seamless,2026-09-27T04:00,23.3,0.0,15.9
Indore,icon_seamless,2026-09-27T05:00,23.3,0.0,14.6
Indore,icon_seamless,2026-09-27T06:00,22.9,0.0,15.3
Indore,icon_seamless,2026-09-27T07:00,23.2,0.0,17.0
Indore,icon_seamless,2026-09-27T08:00,23.8,0.0,18.0
Indore,icon_seamless,2026-09-27T09:00,25.2,0.0,17.6
Indore,icon_seamless,2026-09-27T10:00,26.7,0.0,16.9
Indore,icon_seamless,2026-09-27T11:00,27.9,0.0,15.8
Indore,icon_seamless,2026-09-27T12:00,28.9,0.0,15.1
Indore,icon_seamless,2026-09-27T13:00,29.5,0.0,14.8
Indore,icon_seamless,2026-09-27T14:00,29.8,0.0,13.7
Indore,icon_seamless,2026-09-27T15:00,29.9,0.0,12.6
Indore,icon_seamless,2026-09-27T16:00,29.3,0.0,11.6
Indore,icon_seamless,2026-09-27T17:00,28.6,0.0,10.1
Indore,icon_seamless,2026-09-27T18:00,27.5,0.0,6.9
Indore,icon_seamless,2026-09-27T19:00,26.3,0.0,5.4
Indore,icon_seamless,2026-09-27T20:00,25.4,0.0,5.4
Indore,icon_seamless,2026-09-27T21:00,24.7,0.0,5.8
Indore,icon_seamless,2026-09-27T22:00,24.0,0.0,6.2
Indore,icon_seamless,2026-09-27T23:00,23.5,0.0,6.3
Indore,icon_seamless,2026-09-28T00:00,23.0,0.0,6.6
Indore,icon_seamless,2026-09-28T01:00,22.6,0.0,7.2
Indore,icon_seamless,2026-09-28T02:00,22.3,0.0,6.6
Indore,icon_seamless,2026-09-28T03:00,21.9,0.0,6.2
Indore,icon_seamless,2026-09-28T04:00,21.6,0.0,5.8
Indore,icon_seamless,2026-09-28T05:00,21.5,0.0,6.6
Indore,icon_seamless,2026-09-28T06:00,21.6,0.0,6.8
Indore,icon_seamless,2026-09-28T07:00,22.2,0.0,8.3
Indore,icon_seamless,2026-09-28T08:00,23.7,0.0,10.8
Indore,icon_seamless,2026-09-28T09:00,25.4,0.0,11.3
Indore,icon_seamless,2026-09-28T10:00,27.1,0.0,10.9
Indore,icon_seamless,2026-09-28T11:00,28.4,0.0,10.9
Indore,icon_seamless,2026-09-28T12:00,29.5,0.0,10.5
Indore,icon_seamless,2026-09-28T13:00,30.2,0.0,9.9
Indore,icon_seamless,2026-09-28T14:00,30.6,0.0,9.6
Indore,icon_seamless,2026-09-28T15:00,30.7,0.0,8.9
Indore,icon_seamless,2026-09-28T16:00,30.4,0.0,8.2
Indore,icon_seamless,2026-09-28T17:00,29.8,0.0,7.3
Indore,icon_seamless,2026-09-28T18:00,28.6,0.0,5.2
Indore,icon_seamless,2026-09-28T19:00,27.3,0.0,4.7
Indore,icon_seamless,2026-09-28T20:00,26.3,0.0,4.8
Indore,icon_seamless,2026-09-28T21:00,25.5,0.0,4.8
Indore,icon_seamless,2026-09-28T22:00,24.8,0.0,4.6
Indore,icon_seamless,2026-09-28T23:00,24.0,0.0,4.5
Indore,icon_seamless,2026-09-29T00:00,23.3,0.0,4.3
Indore,icon_seamless,2026-09-29T01:00,22.7,0.0,4.4
Indore,icon_seamless,2026-09-29T02:00,22.2,0.0,4.3
Indore,icon_seamless,2026-09-29T03:00,21.8,0.0,3.7
Indore,icon_seamless,2026-09-29T04:00,21.4,0.0,4.2
Indore,icon_seamless,2026-09-29T05:00,21.1,0.0,4.2
Indore,icon_seamless,2026-09-29T06:00,20.9,0.0,4.0
Indore,icon_seamless,2026-09-29T07:00,21.7,0.0,4.0
Indore,icon_seamless,2026-09-29T08:00,23.5,0.0,5.5
Indore,icon_seamless,2026-09-29T09:00,25.6,0.0,7.1
Indore,icon_seamless,2026-09-29T10:00,27.6,0.0,7.4
Indore,icon_seamless,2026-09-29T11:00,29.2,0.0,6.7
Indore,icon_seamless,2026-09-29T12:00,30.4,0.0,6.4
Indore,icon_seamless,2026-09-29T13:00,31.3,0.0,6.4
Indore,icon_seamless,2026-09-29T14:00,31.7,0.0,6.7
Indore,icon_seamless,2026-09-29T15:00,31.7,0.0,6.3
Indore,icon_seamless,2026-09-29T16:00,31.2,0.0,6.1
Indore,icon_seamless,2026-09-29T17:00,30.5,0.0,5.6
Indore,icon_seamless,2026-09-29T18:00,29.0,0.0,3.1
Indore,icon_seamless,2026-09-29T19:00,27.8,0.0,2.8
Indore,icon_seamless,2026-09-29T20:00,27.0,0.0,2.4
Indore,icon_seamless,2026-09-29T21:00,26.1,0.0,3.0
Indore,icon_seamless,2026-09-29T22:00,25.2,0.0,3.3
Indore,icon_seamless,2026-09-29T23:00,24.3,0.0,4.0
Indore,gem_seamless,2026-09-27T00:00,24.1,0.0,25.6
Indore,gem_seamless,2026-09-27T01:00,23.7,0.0,25.6
Indore,gem_seamless,2026-09-27T02:00,23.3,0.0,25.9
Indore,gem_seamless,2026-09-27T03:00,23.0,0.0,26.6
Indore,gem_seamless,2026-09-27T04:00,22.8,0.0,27.7
Indore,gem_seamless,2026-09-27T05:00,22.7,0.0,28.4
Indore,gem_seamless,2026-09-27T06:00,22.4,0.0,27.0
Indore,gem_seamless,2026-09-27T07:00,23.0,0.0,26.6
Indore,gem_seamless,2026-09-27T08:00,25.0,0.0,26.3
Indore,gem_seamless,2026-09-27T09:00,26.5,0.0,26.6
Indore,gem_seamless,2026-09-27T10:00,27.6,0.0,26.3
Indore,gem_seamless,2026-09-27T11:00,28.7,0.0,25.6
Indore,gem_seamless,2026-09-27T12:00,29.6,0.0,24.1
Indore,gem_seamless,2026-09-27T13:00,30.2,0.0,23.4
Indore,gem_seamless,2026-09-27T14:00,30.5,0.0,22.0
Indore,gem_seamless,2026-09-27T15:00,30.5,0.0,20.9
Indore,gem_seamless,2026-09-27T16:00,30.1,0.0,19.4
Indore,gem_seamless,2026-09-27T17:00,29.2,0.0,18.4
Indore,gem_seamless,2026-09-27T18:00,27.5,0.0,14.8
Indore,gem_seamless,2026-09-27T19:00,25.6,0.0,11.5
Indore,gem_seamless,2026-09-27T20:00,24.2,0.0,10.4
Indore,gem_seamless,2026-09-27T21:00,23.0,0.0,9.4
Indore,gem_seamless,2026-09-27T22:00,22.1,0.0,8.3
Indore,gem_seamless,2026-09-27T23:00,21.3,0.0,7.6
Indore,gem_seamless,2026-09-28T00:00,20.6,0.0,7.2
Indore,gem_seamless,2026-09-28T01:00,20.1,0.0,7.9
Indore,gem_seamless,2026-09-28T02:00,20.0,0.0,11.2
Indore,gem_seamless,2026-09-28T03:00,19.9,0.0,13.3
Indore,gem_seamless,2026-09-28T04:00,19.8,0.0,14.0
Indore,gem_seamless,2026-09-28T05:00,19.8,0.0,14.4
Indore,gem_seamless,2026-09-28T06:00,19.8,0.0,15.1
Indore,gem_seamless,2026-09-28T07:00,21.2,0.0,16.6
Indore,gem_seamless,2026-09-28T08:00,24.0,0.0,17.6
Indore,gem_seamless,2026-09-28T09:00,26.4,0.0,16.2
Indore,gem_seamless,2026-09-28T10:00,28.2,0.0,14.8
Indore,gem_seamless,2026-09-28T11:00,29.7,0.0,14.0
Indore,gem_seamless,2026-09-28T12:00,30.7,0.0,13.7
Indore,gem_seamless,2026-09-28T13:00,31.3,0.0,14.0
Indore,gem_seamless,2026-09-28T14:00,31.6,0.0,14.4
Indore,gem_seamless,2026-09-28T15:00,31.4,0.0,14.8
Indore,gem_seamless,2026-09-28T16:00,31.0,0.0,15.5
Indore,gem_seamless,2026-09-28T17:00,30.0,0.0,15.5
Indore,gem_seamless,2026-09-28T18:00,27.9,0.0,11.9
Indore,gem_seamless,2026-09-28T19:00,25.7,0.0,10.4
Indore,gem_seamless,2026-09-28T20:00,24.1,0.0,10.4
Indore,gem_seamless,2026-09-28T21:00,22.7,0.0,9.7
Indore,gem_seamless,2026-09-28T22:00,21.5,0.0,9.4
Indore,gem_seamless,2026-09-28T23:00,20.5,0.0,9.0
Indore,gem_seamless,2026-09-29T00:00,19.8,0.0,8.6
Indore,gem_seamless,2026-09-29T01:00,19.2,0.0,8.3
Indore,gem_seamless,2026-09-29T02:00,18.8,0.0,7.9
Indore,gem_seamless,2026-09-29T03:00,18.6,0.0,7.9
Indore,gem_seamless,2026-09-29T04:00,18.5,0.0,7.6
Indore,gem_seamless,2026-09-29T05:00,18.5,0.0,6.8
Indore,gem_seamless,2026-09-29T06:00,18.4,0.0,6.1
Indore,gem_seamless,2026-09-29T07:00,20.2,0.0,7.6
Indore,gem_seamless,2026-09-29T08:00,24.9,0.0,7.9
Indore,gem_seamless,2026-09-29T09:00,27.7,0.0,13.0
Indore,gem_seamless,2026-09-29T10:00,29.0,0.0,14.4
Indore,gem_seamless,2026-09-29T11:00,30.1,0.0,13.7
Indore,gem_seamless,2026-09-29T12:00,31.0,0.0,13.3
Indore,gem_seamless,2026-09-29T13:00,31.6,0.0,13.3
Indore,gem_seamless,2026-09-29T14:00,32.0,0.0,13.3
Indore,gem_seamless,2026-09-29T15:00,31.9,0.0,13.0
Indore,gem_seamless,2026-09-29T16:00,31.6,0.0,13.0
Indore,gem_seamless,2026-09-29T17:00,30.5,0.0,11.5
Indore,gem_seamless,2026-09-29T18:00,27.7,0.0,9.4
Indore,gem_seamless,2026-09-29T19:00,25.5,0.0,10.4
Indore,gem_seamless,2026-09-29T20:00,24.1,0.0,11.9
Indore,gem_seamless,2026-09-29T21:00,23.3,0.0,12.2
Indore,gem_seamless,2026-09-29T22:00,22.4,0.0,12.2
Indore,gem_seamless,2026-09-29T23:00,21.7,0.0,11.9
Thane,ecmwf_ifs025,2026-09-27T00:00,25.8,0.0,5.6
Thane,ecmwf_ifs025,2026-09-27T01:00,25.5,0.0,5.9
Thane,ecmwf_ifs025,2026-09-27T02:00,25.2,0.0,5.9
Thane,ecmwf_ifs025,2026-09-27T03:00,24.9,0.0,5.2
Thane,ecmwf_ifs025,2026-09-27T04:00,24.6,0.0,4.1
Thane,ecmwf_ifs025,2026-09-27T05:00,24.6,0.0,3.4
Thane,ecmwf_ifs025,2026-09-27T06:00,25.0,0.0,3.1
Thane,ecmwf_ifs025,2026-09-27T07:00,25.7,0.0,3.2
Thane,ecmwf_ifs025,2026-09-27T08:00,26.6,0.0,3.0
Thane,ecmwf_ifs025,2026-09-27T09:00,27.9,0.1,3.4
Thane,ecmwf_ifs025,2026-09-27T10:00,29.3,0.1,5.1
Thane,ecmwf_ifs025,2026-09-27T11:00,30.3,0.1,7.3
Thane,ecmwf_ifs025,2026-09-27T12:00,30.7,0.0,8.7
Thane,ecmwf_ifs025,2026-09-27T13:00,30.7,0.0,10.1
Thane,ecmwf_ifs025,2026-09-27T14:00,30.5,0.0,11.0
Thane,ecmwf_ifs025,2026-09-27T15:00,30.1,0.0,10.9
Thane,ecmwf_ifs025,2026-09-27T16:00,29.4,0.0,10.1
Thane,ecmwf_ifs025,2026-09-27T17:00,28.7,0.0,8.6
Thane,ecmwf_ifs025,2026-09-27T18:00,28.0,0.0,6.5
Thane,ecmwf_ifs025,2026-09-27T19:00,27.1,0.0,4.0
Thane,ecmwf_ifs025,2026-09-27T20:00,26.4,0.0,1.8
Thane,ecmwf_ifs025,2026-09-27T21:00,25.9,0.0,0.8
Thane,ecmwf_ifs025,2026-09-27T22:00,25.6,0.0,1.3
Thane,ecmwf_ifs025,2026-09-27T23:00,25.3,0.0,1.9
Thane,ecmwf_ifs025,2026-09-28T00:00,24.9,0.0,1.8
Thane,ecmwf_ifs025,2026-09-28T01:00,24.6,0.0,1.5
Thane,ecmwf_ifs025,2026-09-28T02:00,24.3,0.0,1.5
Thane,ecmwf_ifs025,2026-09-28T03:00,24.1,0.0,1.8
Thane,ecmwf_ifs025,2026-09-28T04:00,23.9,0.0,2.1
Thane,ecmwf_ifs025,2026-09-28T05:00,24.0,0.0,2.6
Thane,ecmwf_ifs025,2026-09-28T06:00,24.4,0.0,3.1
Thane,ecmwf_ifs025,2026-09-28T07:00,25.1,0.0,4.0
Thane,ecmwf_ifs025,2026-09-28T08:00,26.0,0.0,4.2
Thane,ecmwf_ifs025,2026-09-28T09:00,27.2,0.1,3.7
Thane,ecmwf_ifs025,2026-09-28T10:00,28.6,0.1,2.5
Thane,ecmwf_ifs025,2026-09-28T11:00,29.7,0.1,0.8
Thane,ecmwf_ifs025,2026-09-28T12:00,30.3,0.2,1.8
Thane,ecmwf_ifs025,2026-09-28T13:00,30.6,0.2,4.8
Thane,ecmwf_ifs025,2026-09-28T14:00,30.5,0.2,7.4
Thane,ecmwf_ifs025,2026-09-28T15:00,30.1,0.1,9.0
Thane,ecmwf_ifs025,2026-09-28T16:00,29.3,0.1,9.8
Thane,ecmwf_ifs025,2026-09-28T17:00,28.6,0.1,9.9
Thane,ecmwf_ifs025,2026-09-28T18:00,27.8,0.0,8.4
Thane,ecmwf_ifs025,2026-09-28T19:00,27.1,0.0,6.5
Thane,ecmwf_ifs025,2026-09-28T20:00,26.4,0.0,4.3
Thane,ecmwf_ifs025,2026-09-28T21:00,25.9,0.0,2.8
Thane,ecmwf_ifs025,2026-09-28T22:00,25.5,0.0,2.3
Thane,ecmwf_ifs025,2026-09-28T23:00,25.2,0.0,2.5
Thane,ecmwf_ifs025,2026-09-29T00:00,25.0,0.0,3.0
Thane,ecmwf_ifs025,2026-09-29T01:00,24.8,0.0,3.3
Thane,ecmwf_ifs025,2026-09-29T02:00,24.7,0.0,3.7
Thane,ecmwf_ifs025,2026-09-29T03:00,24.4,0.0,3.8
Thane,ecmwf_ifs025,2026-09-29T04:00,24.2,0.0,3.5
Thane,ecmwf_ifs025,2026-09-29T05:00,24.3,0.0,3.2
Thane,ecmwf_ifs025,2026-09-29T06:00,24.8,0.0,3.2
Thane,ecmwf_ifs025,2026-09-29T07:00,25.6,0.0,3.1
Thane,ecmwf_ifs025,2026-09-29T08:00,26.6,0.0,3.0
Thane,ecmwf_ifs025,2026-09-29T09:00,28.0,0.0,3.0
Thane,ecmwf_ifs025,2026-09-29T10:00,29.6,0.0,3.0
Thane,ecmwf_ifs025,2026-09-29T11:00,30.5,0.0,2.5
Thane,ecmwf_ifs025,2026-09-29T12:00,30.3,1.0,2.5
Thane,ecmwf_ifs025,2026-09-29T13:00,29.4,1.0,4.7
Thane,ecmwf_ifs025,2026-09-29T14:00,28.4,1.0,5.4
Thane,ecmwf_ifs025,2026-09-29T15:00,27.5,0.6,2.1
Thane,ecmwf_ifs025,2026-09-29T16:00,26.6,0.6,4.4
Thane,ecmwf_ifs025,2026-09-29T17:00,25.8,0.6,8.0
Thane,ecmwf_ifs025,2026-09-29T18:00,25.3,0.0,8.0
Thane,ecmwf_ifs025,2026-09-29T19:00,24.9,0.0,6.1
Thane,ecmwf_ifs025,2026-09-29T20:00,24.6,0.0,4.2
Thane,ecmwf_ifs025,2026-09-29T21:00,24.4,0.0,3.1
Thane,ecmwf_ifs025,2026-09-29T22:00,24.3,0.0,2.3
Thane,ecmwf_ifs025,2026-09-29T23:00,24.2,0.0,1.9
Thane,gfs_seamless,2026-09-27T00:00,26.5,0.0,9.2
Thane,gfs_seamless,2026-09-27T01:00,26.3,0.0,7.8
Thane,gfs_seamless,2026-09-27T02:00,26.1,0.0,8.0
Thane,gfs_seamless,2026-09-27T03:00,26.0,0.0,6.8
Thane,gfs_seamless,2026-09-27T04:00,25.9,0.0,5.9
Thane,gfs_seamless,2026-09-27T05:00,25.7,0.0,3.8
Thane,gfs_seamless,2026-09-27T06:00,25.6,0.0,3.8
Thane,gfs_seamless,2026-09-27T07:00,26.6,0.0,3.4
Thane,gfs_seamless,2026-09-27T08:00,27.9,0.0,5.8
Thane,gfs_seamless,2026-09-27T09:00,29.1,0.0,7.9
Thane,gfs_seamless,2026-09-27T10:00,30.4,0.0,10.2
Thane,gfs_seamless,2026-09-27T11:00,31.2,0.0,11.4
Thane,gfs_seamless,2026-09-27T12:00,31.8,0.0,13.3
Thane,gfs_seamless,2026-09-27T13:00,32.1,0.0,13.2
Thane,gfs_seamless,2026-09-27T14:00,32.0,0.0,14.5
Thane,gfs_seamless,2026-09-27T15:00,31.5,0.0,15.3
Thane,gfs_seamless,2026-09-27T16:00,30.7,0.0,14.0
Thane,gfs_seamless,2026-09-27T17:00,29.4,0.0,12.5
Thane,gfs_seamless,2026-09-27T18:00,27.9,0.0,10.5
Thane,gfs_seamless,2026-09-27T19:00,27.4,0.0,9.2
Thane,gfs_seamless,2026-09-27T20:00,27.1,0.0,7.7
Thane,gfs_seamless,2026-09-27T21:00,26.9,0.0,6.9
Thane,gfs_seamless,2026-09-27T22:00,26.6,0.0,5.5
Thane,gfs_seamless,2026-09-27T23:00,26.2,0.0,4.1
Thane,gfs_seamless,2026-09-28T00:00,25.8,0.0,4.7
Thane,gfs_seamless,2026-09-28T01:00,25.5,0.0,2.8
Thane,gfs_seamless,2026-09-28T02:00,25.0,0.0,3.7
Thane,gfs_seamless,2026-09-28T03:00,24.5,0.0,4.3
Thane,gfs_seamless,2026-09-28T04:00,24.0,0.0,4.7
Thane,gfs_seamless,2026-09-28T05:00,23.6,0.0,5.4
Thane,gfs_seamless,2026-09-28T06:00,23.3,0.0,4.7
Thane,gfs_seamless,2026-09-28T07:00,24.0,0.0,4.7
Thane,gfs_seamless,2026-09-28T08:00,25.5,0.0,6.2
Thane,gfs_seamless,2026-09-28T09:00,27.3,0.0,6.2
Thane,gfs_seamless,2026-09-28T10:00,29.2,0.0,4.1
Thane,gfs_seamless,2026-09-28T11:00,30.9,0.0,2.5
Thane,gfs_seamless,2026-09-28T12:00,32.1,0.0,1.4
Thane,gfs_seamless,2026-09-28T13:00,32.7,0.0,2.6
Thane,gfs_seamless,2026-09-28T14:00,32.9,0.0,3.2
Thane,gfs_seamless,2026-09-28T15:00,32.6,0.0,6.1
Thane,gfs_seamless,2026-09-28T16:00,32.0,0.0,9.5
Thane,gfs_seamless,2026-09-28T17:00,30.4,0.0,11.3
Thane,gfs_seamless,2026-09-28T18:00,28.0,0.2,10.9
Thane,gfs_seamless,2026-09-28T19:00,27.0,0.6,9.5
Thane,gfs_seamless,2026-09-28T20:00,27.1,0.0,5.9
Thane,gfs_seamless,2026-09-28T21:00,27.0,0.0,4.6
Thane,gfs_seamless,2026-09-28T22:00,26.7,0.0,3.6
Thane,gfs_seamless,2026-09-28T23:00,26.4,0.0,2.9
Thane,gfs_seamless,2026-09-29T00:00,26.1,0.0,4.0
Thane,gfs_seamless,2026-09-29T01:00,25.8,0.0,3.7
Thane,gfs_seamless,2026-09-29T02:00,24.8,1.2,5.2
Thane,gfs_seamless,2026-09-29T03:00,24.6,0.8,2.5
Thane,gfs_seamless,2026-09-29T04:00,24.6,0.0,3.3
Thane,gfs_seamless,2026-09-29T05:00,24.4,0.0,3.4
Thane,gfs_seamless,2026-09-29T06:00,24.2,0.2,2.8
Thane,gfs_seamless,2026-09-29T07:00,25.1,0.0,2.3
Thane,gfs_seamless,2026-09-29T08:00,26.2,0.0,3.6
Thane,gfs_seamless,2026-09-29T09:00,27.9,0.0,4.6
Thane,gfs_seamless,2026-09-29T10:00,29.8,0.0,5.4
Thane,gfs_seamless,2026-09-29T11:00,31.5,0.0,4.7
Thane,gfs_seamless,2026-09-29T12:00,32.8,0.0,3.3
Thane,gfs_seamless,2026-09-29T13:00,33.5,0.0,1.9
Thane,gfs_seamless,2026-09-29T14:00,33.7,0.0,1.1
Thane,gfs_seamless,2026-09-29T15:00,33.2,0.0,6.6
Thane,gfs_seamless,2026-09-29T16:00,32.4,0.0,10.9
Thane,gfs_seamless,2026-09-29T17:00,30.5,0.0,13.8
Thane,gfs_seamless,2026-09-29T18:00,28.1,0.9,12.4
Thane,gfs_seamless,2026-09-29T19:00,27.1,2.0,9.0
Thane,gfs_seamless,2026-09-29T20:00,27.2,0.0,8.3
Thane,gfs_seamless,2026-09-29T21:00,26.7,1.2,3.3
Thane,gfs_seamless,2026-09-29T22:00,26.1,2.2,2.3
Thane,gfs_seamless,2026-09-29T23:00,26.3,2.2,4.3
Thane,icon_seamless,2026-09-27T00:00,27.5,0.2,5.0
Thane,icon_seamless,2026-09-27T01:00,27.3,0.2,5.0
Thane,icon_seamless,2026-09-27T02:00,27.0,0.1,4.9
Thane,icon_seamless,2026-09-27T03:00,26.6,0.0,4.0
Thane,icon_seamless,2026-09-27T04:00,26.3,0.0,3.3
Thane,icon_seamless,2026-09-27T05:00,26.3,0.0,3.1
Thane,icon_seamless,2026-09-27T06:00,26.0,0.0,2.8
Thane,icon_seamless,2026-09-27T07:00,26.3,0.0,3.1
Thane,icon_seamless,2026-09-27T08:00,27.3,0.0,3.9
Thane,icon_seamless,2026-09-27T09:00,28.7,0.0,4.4
Thane,icon_seamless,2026-09-27T10:00,30.2,0.0,5.4
Thane,icon_seamless,2026-09-27T11:00,31.7,0.0,7.0
Thane,icon_seamless,2026-09-27T12:00,32.6,0.0,7.7
Thane,icon_seamless,2026-09-27T13:00,33.1,0.0,8.9
Thane,icon_seamless,2026-09-27T14:00,33.1,0.0,9.8
Thane,icon_seamless,2026-09-27T15:00,32.5,0.0,10.3
Thane,icon_seamless,2026-09-27T16:00,31.7,0.0,9.9
Thane,icon_seamless,2026-09-27T17:00,30.7,0.0,8.8
Thane,icon_seamless,2026-09-27T18:00,29.6,0.0,7.6
Thane,icon_seamless,2026-09-27T19:00,28.6,0.0,4.8
Thane,icon_seamless,2026-09-27T20:00,28.1,0.0,2.1
Thane,icon_seamless,2026-09-27T21:00,27.6,0.0,1.5
Thane,icon_seamless,2026-09-27T22:00,27.3,0.0,1.1
Thane,icon_seamless,2026-09-27T23:00,26.9,0.0,1.8
Thane,icon_seamless,2026-09-28T00:00,26.5,0.0,1.9
Thane,icon_seamless,2026-09-28T01:00,26.3,0.0,1.8
Thane,icon_seamless,2026-09-28T02:00,26.2,0.0,1.8
Thane,icon_seamless,2026-09-28T03:00,26.1,0.0,1.6
Thane,icon_seamless,2026-09-28T04:00,26.0,0.0,1.9
Thane,icon_seamless,2026-09-28T05:00,25.9,0.0,1.9
Thane,icon_seamless,2026-09-28T06:00,25.7,0.0,1.9
Thane,icon_seamless,2026-09-28T07:00,25.9,0.0,1.9
Thane,icon_seamless,2026-09-28T08:00,26.9,0.0,3.3
Thane,icon_seamless,2026-09-28T09:00,28.4,0.0,3.3
Thane,icon_seamless,2026-09-28T10:00,29.9,0.0,2.1
Thane,icon_seamless,2026-09-28T11:00,31.3,0.0,1.0
Thane,icon_seamless,2026-09-28T12:00,32.5,0.0,2.9
Thane,icon_seamless,2026-09-28T13:00,33.1,0.0,5.2
Thane,icon_seamless,2026-09-28T14:00,33.1,0.1,6.5
Thane,icon_seamless,2026-09-28T15:00,32.9,0.1,6.9
Thane,icon_seamless,2026-09-28T16:00,31.6,0.1,9.3
Thane,icon_seamless,2026-09-28T17:00,30.5,0.0,9.0
Thane,icon_seamless,2026-09-28T18:00,29.3,0.0,8.4
Thane,icon_seamless,2026-09-28T19:00,28.5,0.0,6.0
Thane,icon_seamless,2026-09-28T20:00,28.1,0.0,3.4
Thane,icon_seamless,2026-09-28T21:00,27.7,0.0,2.3
Thane,icon_seamless,2026-09-28T22:00,27.5,0.0,1.5
Thane,icon_seamless,2026-09-28T23:00,27.3,0.0,1.1
Thane,icon_seamless,2026-09-29T00:00,27.0,0.0,1.9
Thane,icon_seamless,2026-09-29T01:00,26.7,0.0,1.8
Thane,icon_seamless,2026-09-29T02:00,26.5,0.0,1.8
Thane,icon_seamless,2026-09-29T03:00,26.3,0.0,2.4
Thane,icon_seamless,2026-09-29T04:00,26.1,0.0,2.2
Thane,icon_seamless,2026-09-29T05:00,25.9,0.0,2.2
Thane,icon_seamless,2026-09-29T06:00,25.8,0.0,1.5
Thane,icon_seamless,2026-09-29T07:00,26.1,0.0,2.6
Thane,icon_seamless,2026-09-29T08:00,27.3,0.0,2.5
Thane,icon_seamless,2026-09-29T09:00,28.8,0.0,3.7
Thane,icon_seamless,2026-09-29T10:00,30.4,0.0,3.3
Thane,icon_seamless,2026-09-29T11:00,31.7,0.0,2.7
Thane,icon_seamless,2026-09-29T12:00,32.5,0.1,4.3
Thane,icon_seamless,2026-09-29T13:00,32.9,0.1,6.4
Thane,icon_seamless,2026-09-29T14:00,31.7,1.8,9.3
Thane,icon_seamless,2026-09-29T15:00,30.9,2.4,8.8
Thane,icon_seamless,2026-09-29T16:00,30.5,1.1,8.4
Thane,icon_seamless,2026-09-29T17:00,29.8,2.5,6.1
Thane,icon_seamless,2026-09-29T18:00,28.9,3.5,1.6
Thane,icon_seamless,2026-09-29T19:00,28.3,1.8,2.3
Thane,icon_seamless,2026-09-29T20:00,28.0,0.3,1.5
Thane,icon_seamless,2026-09-29T21:00,27.7,0.0,1.5
Thane,icon_seamless,2026-09-29T22:00,27.0,1.1,3.2
Thane,icon_seamless,2026-09-29T23:00,26.7,0.1,2.4
Thane,gem_seamless,2026-09-27T00:00,24.9,0.0,4.0
Thane,gem_seamless,2026-09-27T01:00,25.1,0.0,4.3
Thane,gem_seamless,2026-09-27T02:00,25.5,0.0,4.3
Thane,gem_seamless,2026-09-27T03:00,25.8,0.0,4.3
Thane,gem_seamless,2026-09-27T04:00,26.0,0.0,4.0
Thane,gem_seamless,2026-09-27T05:00,25.6,0.0,4.0
Thane,gem_seamless,2026-09-27T06:00,25.4,0.0,4.0
Thane,gem_seamless,2026-09-27T07:00,26.0,0.0,4.3
Thane,gem_seamless,2026-09-27T08:00,28.1,0.0,4.0
Thane,gem_seamless,2026-09-27T09:00,30.0,0.0,4.3
Thane,gem_seamless,2026-09-27T10:00,31.5,0.0,7.9
Thane,gem_seamless,2026-09-27T11:00,32.1,0.0,11.2
Thane,gem_seamless,2026-09-27T12:00,32.8,0.0,14.0
Thane,gem_seamless,2026-09-27T13:00,32.9,0.0,16.2
Thane,gem_seamless,2026-09-27T14:00,32.8,0.0,17.3
Thane,gem_seamless,2026-09-27T15:00,32.4,0.0,17.3
Thane,gem_seamless,2026-09-27T16:00,31.7,0.0,16.6
Thane,gem_seamless,2026-09-27T17:00,30.6,0.0,15.1
Thane,gem_seamless,2026-09-27T18:00,29.0,0.0,12.2
Thane,gem_seamless,2026-09-27T19:00,27.3,0.0,6.5
Thane,gem_seamless,2026-09-27T20:00,26.2,0.0,4.0
Thane,gem_seamless,2026-09-27T21:00,25.3,0.0,2.5
Thane,gem_seamless,2026-09-27T22:00,24.5,0.0,2.9
Thane,gem_seamless,2026-09-27T23:00,23.8,0.0,4.0
Thane,gem_seamless,2026-09-28T00:00,23.1,0.0,4.3
Thane,gem_seamless,2026-09-28T01:00,22.6,0.0,4.7
Thane,gem_seamless,2026-09-28T02:00,22.2,0.0,4.3
Thane,gem_seamless,2026-09-28T03:00,22.0,0.0,4.0
Thane,gem_seamless,2026-09-28T04:00,21.7,0.0,4.0
Thane,gem_seamless,2026-09-28T05:00,21.7,0.0,4.0
Thane,gem_seamless,2026-09-28T06:00,21.5,0.0,4.0
Thane,gem_seamless,2026-09-28T07:00,22.2,0.0,4.3
Thane,gem_seamless,2026-09-28T08:00,25.4,0.0,5.4
Thane,gem_seamless,2026-09-28T09:00,28.7,0.0,6.1
Thane,gem_seamless,2026-09-28T10:00,30.4,0.0,0.7
Thane,gem_seamless,2026-09-28T11:00,31.9,0.0,2.9
Thane,gem_seamless,2026-09-28T12:00,33.0,0.0,6.1
Thane,gem_seamless,2026-09-28T13:00,33.6,0.0,9.7
Thane,gem_seamless,2026-09-28T14:00,33.6,0.0,13.0
Thane,gem_seamless,2026-09-28T15:00,33.3,0.0,15.5
Thane,gem_seamless,2026-09-28T16:00,32.4,0.0,15.8
Thane,gem_seamless,2026-09-28T17:00,31.2,0.0,15.8
Thane,gem_seamless,2026-09-28T18:00,29.4,0.0,13.7
Thane,gem_seamless,2026-09-28T19:00,27.9,0.0,8.3
Thane,gem_seamless,2026-09-28T20:00,26.8,0.0,5.8
Thane,gem_seamless,2026-09-28T21:00,26.0,0.0,4.3
Thane,gem_seamless,2026-09-28T22:00,25.4,0.0,2.9
Thane,gem_seamless,2026-09-28T23:00,24.8,0.0,3.2
Thane,gem_seamless,2026-09-29T00:00,24.3,0.0,3.6
Thane,gem_seamless,2026-09-29T01:00,24.1,0.0,3.2
Thane,gem_seamless,2026-09-29T02:00,24.1,0.0,2.2
Thane,gem_seamless,2026-09-29T03:00,24.3,0.0,1.1
Thane,gem_seamless,2026-09-29T04:00,24.6,0.0,4.7
Thane,gem_seamless,2026-09-29T05:00,24.6,0.0,8.3
Thane,gem_seamless,2026-09-29T06:00,24.5,0.0,7.6
Thane,gem_seamless,2026-09-29T07:00,25.1,0.0,6.1
Thane,gem_seamless,2026-09-29T08:00,27.0,0.0,2.9
Thane,gem_seamless,2026-09-29T09:00,29.0,0.0,3.2
Thane,gem_seamless,2026-09-29T10:00,30.7,0.0,6.1
Thane,gem_seamless,2026-09-29T11:00,31.9,0.0,6.5
Thane,gem_seamless,2026-09-29T12:00,32.7,0.0,7.2
Thane,gem_seamless,2026-09-29T13:00,33.5,0.0,7.6
Thane,gem_seamless,2026-09-29T14:00,34.0,0.0,9.0
Thane,gem_seamless,2026-09-29T15:00,34.3,0.0,9.4
Thane,gem_seamless,2026-09-29T16:00,34.1,0.0,9.7
Thane,gem_seamless,2026-09-29T17:00,33.3,0.0,10.4
Thane,gem_seamless,2026-09-29T18:00,31.3,0.0,11.5
Thane,gem_seamless,2026-09-29T19:00,29.6,0.0,11.5
Thane,gem_seamless,2026-09-29T20:00,28.5,0.0,10.4
Thane,gem_seamless,2026-09-29T21:00,27.9,0.0,8.6
Thane,gem_seamless,2026-09-29T22:00,27.4,0.0,7.2
Thane,gem_seamless,2026-09-29T23:00,26.9,0.0,5.4
Bhopal,ecmwf_ifs025,2026-09-27T00:00,24.0,0.0,15.2
Bhopal,ecmwf_ifs025,2026-09-27T01:00,23.8,0.0,14.7
Bhopal,ecmwf_ifs025,2026-09-27T02:00,23.5,0.0,14.6
Bhopal,ecmwf_ifs025,2026-09-27T03:00,23.2,0.0,14.1
Bhopal,ecmwf_ifs025,2026-09-27T04:00,22.8,0.0,14.0
Bhopal,ecmwf_ifs025,2026-09-27T05:00,22.8,0.0,14.3
Bhopal,ecmwf_ifs025,2026-09-27T06:00,23.3,0.0,15.8
Bhopal,ecmwf_ifs025,2026-09-27T07:00,24.1,0.0,17.7
Bhopal,ecmwf_ifs025,2026-09-27T08:00,25.0,0.0,18.9
Bhopal,ecmwf_ifs025,2026-09-27T09:00,26.2,0.0,18.4
Bhopal,ecmwf_ifs025,2026-09-27T10:00,27.6,0.0,16.7
Bhopal,ecmwf_ifs025,2026-09-27T11:00,28.7,0.0,15.5
Bhopal,ecmwf_ifs025,2026-09-27T12:00,29.4,0.0,15.1
Bhopal,ecmwf_ifs025,2026-09-27T13:00,29.8,0.0,14.8
Bhopal,ecmwf_ifs025,2026-09-27T14:00,29.8,0.0,14.1
Bhopal,ecmwf_ifs025,2026-09-27T15:00,29.4,0.0,12.6
Bhopal,ecmwf_ifs025,2026-09-27T16:00,28.6,0.0,10.4
Bhopal,ecmwf_ifs025,2026-09-27T17:00,27.7,0.0,8.6
Bhopal,ecmwf_ifs025,2026-09-27T18:00,26.6,0.0,7.6
Bhopal,ecmwf_ifs025,2026-09-27T19:00,25.3,0.0,6.5
Bhopal,ecmwf_ifs025,2026-09-27T20:00,24.3,0.0,6.2
Bhopal,ecmwf_ifs025,2026-09-27T21:00,23.7,0.0,6.2
Bhopal,ecmwf_ifs025,2026-09-27T22:00,23.3,0.0,6.9
Bhopal,ecmwf_ifs025,2026-09-27T23:00,22.9,0.0,7.2
Bhopal,ecmwf_ifs025,2026-09-28T00:00,22.5,0.0,7.6
Bhopal,ecmwf_ifs025,2026-09-28T01:00,22.1,0.0,8.3
Bhopal,ecmwf_ifs025,2026-09-28T02:00,21.8,0.0,8.7
Bhopal,ecmwf_ifs025,2026-09-28T03:00,21.4,0.0,9.1
Bhopal,ecmwf_ifs025,2026-09-28T04:00,21.1,0.0,9.6
Bhopal,ecmwf_ifs025,2026-09-28T05:00,21.2,0.0,10.0
Bhopal,ecmwf_ifs025,2026-09-28T06:00,21.9,0.0,10.7
Bhopal,ecmwf_ifs025,2026-09-28T07:00,23.1,0.0,11.6
Bhopal,ecmwf_ifs025,2026-09-28T08:00,24.3,0.0,12.0
Bhopal,ecmwf_ifs025,2026-09-28T09:00,25.6,0.0,11.8
Bhopal,ecmwf_ifs025,2026-09-28T10:00,26.9,0.0,11.3
Bhopal,ecmwf_ifs025,2026-09-28T11:00,28.0,0.0,11.1
Bhopal,ecmwf_ifs025,2026-09-28T12:00,28.8,0.0,10.6
Bhopal,ecmwf_ifs025,2026-09-28T13:00,29.4,0.0,9.7
Bhopal,ecmwf_ifs025,2026-09-28T14:00,29.6,0.0,9.0
Bhopal,ecmwf_ifs025,2026-09-28T15:00,29.3,0.0,7.8
Bhopal,ecmwf_ifs025,2026-09-28T16:00,28.7,0.0,5.9
Bhopal,ecmwf_ifs025,2026-09-28T17:00,27.9,0.0,4.8
Bhopal,ecmwf_ifs025,2026-09-28T18:00,26.8,0.0,4.1
Bhopal,ecmwf_ifs025,2026-09-28T19:00,25.6,0.0,3.5
Bhopal,ecmwf_ifs025,2026-09-28T20:00,24.5,0.0,3.5
Bhopal,ecmwf_ifs025,2026-09-28T21:00,23.9,0.0,3.7
Bhopal,ecmwf_ifs025,2026-09-28T22:00,23.6,0.0,4.3
Bhopal,ecmwf_ifs025,2026-09-28T23:00,23.2,0.0,5.1
Bhopal,ecmwf_ifs025,2026-09-29T00:00,22.9,0.0,6.1
Bhopal,ecmwf_ifs025,2026-09-29T01:00,22.6,0.0,7.9
Bhopal,ecmwf_ifs025,2026-09-29T02:00,22.2,0.0,9.0
Bhopal,ecmwf_ifs025,2026-09-29T03:00,21.7,0.0,9.4
Bhopal,ecmwf_ifs025,2026-09-29T04:00,21.1,0.0,8.9
Bhopal,ecmwf_ifs025,2026-09-29T05:00,21.0,0.0,8.8
Bhopal,ecmwf_ifs025,2026-09-29T06:00,21.7,0.0,8.9
Bhopal,ecmwf_ifs025,2026-09-29T07:00,22.9,0.0,9.0
Bhopal,ecmwf_ifs025,2026-09-29T08:00,24.2,0.0,8.9
Bhopal,ecmwf_ifs025,2026-09-29T09:00,25.8,0.0,8.6
Bhopal,ecmwf_ifs025,2026-09-29T10:00,27.5,0.0,8.1
Bhopal,ecmwf_ifs025,2026-09-29T11:00,28.9,0.0,7.8
Bhopal,ecmwf_ifs025,2026-09-29T12:00,29.7,0.0,7.9
Bhopal,ecmwf_ifs025,2026-09-29T13:00,30.1,0.0,8.7
Bhopal,ecmwf_ifs025,2026-09-29T14:00,30.1,0.0,8.9
Bhopal,ecmwf_ifs025,2026-09-29T15:00,29.5,0.2,7.9
Bhopal,ecmwf_ifs025,2026-09-29T16:00,28.4,0.2,6.5
Bhopal,ecmwf_ifs025,2026-09-29T17:00,27.3,0.2,5.4
Bhopal,ecmwf_ifs025,2026-09-29T18:00,26.4,0.0,4.8
Bhopal,ecmwf_ifs025,2026-09-29T19:00,25.6,0.0,4.8
Bhopal,ecmwf_ifs025,2026-09-29T20:00,24.9,0.0,4.8
Bhopal,ecmwf_ifs025,2026-09-29T21:00,24.3,0.0,5.4
Bhopal,ecmwf_ifs025,2026-09-29T22:00,23.8,0.0,5.7
Bhopal,ecmwf_ifs025,2026-09-29T23:00,23.3,0.0,6.3
Bhopal,gfs_seamless,2026-09-27T00:00,23.5,0.0,23.9
Bhopal,gfs_seamless,2026-09-27T01:00,23.1,0.0,22.3
Bhopal,gfs_seamless,2026-09-27T02:00,22.5,0.0,18.6
Bhopal,gfs_seamless,2026-09-27T03:00,22.1,0.0,17.0
Bhopal,gfs_seamless,2026-09-27T04:00,21.8,0.0,16.3
Bhopal,gfs_seamless,2026-09-27T05:00,21.4,0.0,15.7
Bhopal,gfs_seamless,2026-09-27T06:00,21.2,0.0,15.2
Bhopal,gfs_seamless,2026-09-27T07:00,22.2,0.0,17.7
Bhopal,gfs_seamless,2026-09-27T08:00,23.6,0.0,22.8
Bhopal,gfs_seamless,2026-09-27T09:00,25.0,0.0,22.7
Bhopal,gfs_seamless,2026-09-27T10:00,26.3,0.0,22.0
Bhopal,gfs_seamless,2026-09-27T11:00,27.4,0.0,20.5
Bhopal,gfs_seamless,2026-09-27T12:00,28.1,0.0,20.2
Bhopal,gfs_seamless,2026-09-27T13:00,28.5,0.0,20.6
Bhopal,gfs_seamless,2026-09-27T14:00,28.6,0.0,19.7
Bhopal,gfs_seamless,2026-09-27T15:00,28.4,0.0,17.5
Bhopal,gfs_seamless,2026-09-27T16:00,27.9,0.0,15.0
Bhopal,gfs_seamless,2026-09-27T17:00,26.2,0.0,11.6
Bhopal,gfs_seamless,2026-09-27T18:00,24.6,0.0,10.4
Bhopal,gfs_seamless,2026-09-27T19:00,23.9,0.0,9.4
Bhopal,gfs_seamless,2026-09-27T20:00,23.3,0.0,9.8
Bhopal,gfs_seamless,2026-09-27T21:00,22.9,0.0,10.1
Bhopal,gfs_seamless,2026-09-27T22:00,22.5,0.0,11.2
Bhopal,gfs_seamless,2026-09-27T23:00,22.1,0.0,12.3
Bhopal,gfs_seamless,2026-09-28T00:00,21.7,0.0,12.4
Bhopal,gfs_seamless,2026-09-28T01:00,21.3,0.0,13.2
Bhopal,gfs_seamless,2026-09-28T02:00,21.0,0.0,13.0
Bhopal,gfs_seamless,2026-09-28T03:00,20.8,0.0,14.4
Bhopal,gfs_seamless,2026-09-28T04:00,20.7,0.0,14.1
Bhopal,gfs_seamless,2026-09-28T05:00,20.7,0.0,13.8
Bhopal,gfs_seamless,2026-09-28T06:00,20.6,0.0,13.4
Bhopal,gfs_seamless,2026-09-28T07:00,22.0,0.0,13.3
Bhopal,gfs_seamless,2026-09-28T08:00,23.8,0.0,16.2
Bhopal,gfs_seamless,2026-09-28T09:00,25.4,0.0,16.5
Bhopal,gfs_seamless,2026-09-28T10:00,26.8,0.0,15.9
Bhopal,gfs_seamless,2026-09-28T11:00,28.0,0.0,15.6
Bhopal,gfs_seamless,2026-09-28T12:00,28.8,0.0,15.9
Bhopal,gfs_seamless,2026-09-28T13:00,29.4,0.0,15.7
Bhopal,gfs_seamless,2026-09-28T14:00,29.6,0.0,15.2
Bhopal,gfs_seamless,2026-09-28T15:00,29.4,0.0,15.3
Bhopal,gfs_seamless,2026-09-28T16:00,28.8,0.0,13.0
Bhopal,gfs_seamless,2026-09-28T17:00,26.8,0.0,10.6
Bhopal,gfs_seamless,2026-09-28T18:00,24.9,0.0,9.1
Bhopal,gfs_seamless,2026-09-28T19:00,24.2,0.0,6.6
Bhopal,gfs_seamless,2026-09-28T20:00,23.8,0.0,6.2
Bhopal,gfs_seamless,2026-09-28T21:00,23.4,0.0,4.7
Bhopal,gfs_seamless,2026-09-28T22:00,23.1,0.0,4.6
Bhopal,gfs_seamless,2026-09-28T23:00,22.8,0.0,7.6
Bhopal,gfs_seamless,2026-09-29T00:00,22.3,0.0,8.3
Bhopal,gfs_seamless,2026-09-29T01:00,22.0,0.0,9.0
Bhopal,gfs_seamless,2026-09-29T02:00,21.7,0.0,9.4
Bhopal,gfs_seamless,2026-09-29T03:00,21.2,0.0,9.0
Bhopal,gfs_seamless,2026-09-29T04:00,20.7,0.0,10.0
Bhopal,gfs_seamless,2026-09-29T05:00,20.2,0.0,10.1
Bhopal,gfs_seamless,2026-09-29T06:00,20.1,0.0,9.5
Bhopal,gfs_seamless,2026-09-29T07:00,21.8,0.0,9.3
Bhopal,gfs_seamless,2026-09-29T08:00,24.1,0.0,13.5
Bhopal,gfs_seamless,2026-09-29T09:00,26.0,0.0,13.2
Bhopal,gfs_seamless,2026-09-29T10:00,27.6,0.0,13.0
Bhopal,gfs_seamless,2026-09-29T11:00,28.6,0.0,12.6
Bhopal,gfs_seamless,2026-09-29T12:00,29.3,0.0,10.8
Bhopal,gfs_seamless,2026-09-29T13:00,29.7,0.0,11.7
Bhopal,gfs_seamless,2026-09-29T14:00,29.7,0.0,12.1
Bhopal,gfs_seamless,2026-09-29T15:00,29.5,0.0,11.7
Bhopal,gfs_seamless,2026-09-29T16:00,29.0,0.0,9.3
Bhopal,gfs_seamless,2026-09-29T17:00,27.2,0.0,7.4
Bhopal,gfs_seamless,2026-09-29T18:00,25.3,0.0,6.0
Bhopal,gfs_seamless,2026-09-29T19:00,24.8,0.0,4.7
Bhopal,gfs_seamless,2026-09-29T20:00,24.5,0.0,5.0
Bhopal,gfs_seamless,2026-09-29T21:00,24.2,0.0,4.8
Bhopal,gfs_seamless,2026-09-29T22:00,23.9,0.0,4.8
Bhopal,gfs_seamless,2026-09-29T23:00,23.5,0.0,6.2
Bhopal,icon_seamless,2026-09-27T00:00,23.2,0.0,9.9
Bhopal,icon_seamless,2026-09-27T01:00,22.9,0.0,9.8
Bhopal,icon_seamless,2026-09-27T02:00,22.8,0.0,9.3
Bhopal,icon_seamless,2026-09-27T03:00,22.8,0.0,9.7
Bhopal,icon_seamless,2026-09-27T04:00,22.9,0.0,10.9
Bhopal,icon_seamless,2026-09-27T05:00,22.9,0.0,11.4
Bhopal,icon_seamless,2026-09-27T06:00,23.0,0.0,10.4
Bhopal,icon_seamless,2026-09-27T07:00,23.3,0.0,10.7
Bhopal,icon_seamless,2026-09-27T08:00,24.4,0.0,14.1
Bhopal,icon_seamless,2026-09-27T09:00,25.4,0.0,15.9
Bhopal,icon_seamless,2026-09-27T10:00,26.6,0.0,15.2
Bhopal,icon_seamless,2026-09-27T11:00,27.7,0.0,14.2
Bhopal,icon_seamless,2026-09-27T12:00,28.4,0.0,13.4
Bhopal,icon_seamless,2026-09-27T13:00,28.7,0.0,12.2
Bhopal,icon_seamless,2026-09-27T14:00,28.9,0.0,11.5
Bhopal,icon_seamless,2026-09-27T15:00,28.7,0.0,10.4
Bhopal,icon_seamless,2026-09-27T16:00,28.4,0.0,9.0
Bhopal,icon_seamless,2026-09-27T17:00,27.6,0.0,6.8
Bhopal,icon_seamless,2026-09-27T18:00,26.3,0.0,3.6
Bhopal,icon_seamless,2026-09-27T19:00,25.7,0.0,3.4
Bhopal,icon_seamless,2026-09-27T20:00,25.3,0.0,3.4
Bhopal,icon_seamless,2026-09-27T21:00,24.6,0.0,4.0
Bhopal,icon_seamless,2026-09-27T22:00,23.9,0.0,4.4
Bhopal,icon_seamless,2026-09-27T23:00,23.3,0.0,4.7
Bhopal,icon_seamless,2026-09-28T00:00,22.9,0.0,5.4
Bhopal,icon_seamless,2026-09-28T01:00,22.4,0.0,6.2
Bhopal,icon_seamless,2026-09-28T02:00,22.3,0.0,5.4
Bhopal,icon_seamless,2026-09-28T03:00,22.0,0.0,4.7
Bhopal,icon_seamless,2026-09-28T04:00,21.7,0.0,5.1
Bhopal,icon_seamless,2026-09-28T05:00,21.4,0.0,4.7
Bhopal,icon_seamless,2026-09-28T06:00,21.3,0.0,4.9
Bhopal,icon_seamless,2026-09-28T07:00,22.2,0.0,6.2
Bhopal,icon_seamless,2026-09-28T08:00,23.8,0.0,9.1
Bhopal,icon_seamless,2026-09-28T09:00,25.2,0.0,11.3
Bhopal,icon_seamless,2026-09-28T10:00,26.7,0.0,10.1
Bhopal,icon_seamless,2026-09-28T11:00,27.8,0.0,9.1
Bhopal,icon_seamless,2026-09-28T12:00,28.7,0.0,8.9
Bhopal,icon_seamless,2026-09-28T13:00,29.5,0.0,8.8
Bhopal,icon_seamless,2026-09-28T14:00,29.8,0.0,8.8
Bhopal,icon_seamless,2026-09-28T15:00,29.7,0.0,8.4
Bhopal,icon_seamless,2026-09-28T16:00,29.3,0.0,7.7
Bhopal,icon_seamless,2026-09-28T17:00,28.2,0.0,5.1
Bhopal,icon_seamless,2026-09-28T18:00,26.8,0.0,3.0
Bhopal,icon_seamless,2026-09-28T19:00,26.2,0.0,2.3
Bhopal,icon_seamless,2026-09-28T20:00,25.8,0.0,1.9
Bhopal,icon_seamless,2026-09-28T21:00,25.5,0.0,2.6
Bhopal,icon_seamless,2026-09-28T22:00,25.1,0.0,3.3
Bhopal,icon_seamless,2026-09-28T23:00,24.7,0.0,3.0
Bhopal,icon_seamless,2026-09-29T00:00,24.3,0.0,2.5
Bhopal,icon_seamless,2026-09-29T01:00,23.9,0.0,2.2
Bhopal,icon_seamless,2026-09-29T02:00,23.6,0.0,1.8
Bhopal,icon_seamless,2026-09-29T03:00,23.3,0.0,2.9
Bhopal,icon_seamless,2026-09-29T04:00,23.1,0.0,4.2
Bhopal,icon_seamless,2026-09-29T05:00,21.9,0.0,3.7
Bhopal,icon_seamless,2026-09-29T06:00,21.4,0.0,3.6
Bhopal,icon_seamless,2026-09-29T07:00,22.3,0.0,3.6
Bhopal,icon_seamless,2026-09-29T08:00,24.0,0.0,6.2
Bhopal,icon_seamless,2026-09-29T09:00,25.6,0.0,7.7
Bhopal,icon_seamless,2026-09-29T10:00,27.1,0.0,7.4
Bhopal,icon_seamless,2026-09-29T11:00,28.4,0.0,7.2
Bhopal,icon_seamless,2026-09-29T12:00,29.3,0.0,7.1
Bhopal,icon_seamless,2026-09-29T13:00,29.8,0.0,6.9
Bhopal,icon_seamless,2026-09-29T14:00,30.0,0.0,6.8
Bhopal,icon_seamless,2026-09-29T15:00,29.9,0.0,6.3
Bhopal,icon_seamless,2026-09-29T16:00,29.6,0.0,6.0
Bhopal,icon_seamless,2026-09-29T17:00,28.6,0.0,4.1
Bhopal,icon_seamless,2026-09-29T18:00,27.2,0.0,3.3
Bhopal,icon_seamless,2026-09-29T19:00,26.3,0.0,3.2
Bhopal,icon_seamless,2026-09-29T20:00,25.8,0.0,2.9
Bhopal,icon_seamless,2026-09-29T21:00,25.3,0.0,3.2
Bhopal,icon_seamless,2026-09-29T22:00,24.7,0.0,3.3
Bhopal,icon_seamless,2026-09-29T23:00,24.2,0.0,3.0
Bhopal,gem_seamless,2026-09-27T00:00,25.3,0.0,24.1
Bhopal,gem_seamless,2026-09-27T01:00,25.0,0.0,24.1
Bhopal,gem_seamless,2026-09-27T02:00,24.9,0.0,24.1
Bhopal,gem_seamless,2026-09-27T03:00,24.8,0.0,23.4
Bhopal,gem_seamless,2026-09-27T04:00,24.4,0.0,22.7
Bhopal,gem_seamless,2026-09-27T05:00,23.9,0.0,22.3
Bhopal,gem_seamless,2026-09-27T06:00,23.4,0.0,21.6
Bhopal,gem_seamless,2026-09-27T07:00,24.3,0.0,23.8
Bhopal,gem_seamless,2026-09-27T08:00,26.2,0.0,25.6
Bhopal,gem_seamless,2026-09-27T09:00,27.4,0.0,24.1
Bhopal,gem_seamless,2026-09-27T10:00,28.4,0.0,23.8
Bhopal,gem_seamless,2026-09-27T11:00,29.3,0.0,23.0
Bhopal,gem_seamless,2026-09-27T12:00,30.1,0.0,23.0
Bhopal,gem_seamless,2026-09-27T13:00,30.7,0.0,22.7
Bhopal,gem_seamless,2026-09-27T14:00,30.9,0.0,22.3
Bhopal,gem_seamless,2026-09-27T15:00,30.8,0.0,21.2
Bhopal,gem_seamless,2026-09-27T16:00,30.3,0.0,20.2
Bhopal,gem_seamless,2026-09-27T17:00,29.4,0.0,18.0
Bhopal,gem_seamless,2026-09-27T18:00,27.8,0.0,11.9
Bhopal,gem_seamless,2026-09-27T19:00,26.0,0.0,9.0
Bhopal,gem_seamless,2026-09-27T20:00,24.5,0.0,9.0
Bhopal,gem_seamless,2026-09-27T21:00,23.4,0.0,9.7
Bhopal,gem_seamless,2026-09-27T22:00,22.8,0.0,11.5
Bhopal,gem_seamless,2026-09-27T23:00,22.3,0.0,12.6
Bhopal,gem_seamless,2026-09-28T00:00,21.8,0.0,12.6
Bhopal,gem_seamless,2026-09-28T01:00,21.2,0.0,12.6
Bhopal,gem_seamless,2026-09-28T02:00,20.8,0.0,12.6
Bhopal,gem_seamless,2026-09-28T03:00,20.5,0.0,13.3
Bhopal,gem_seamless,2026-09-28T04:00,20.3,0.0,13.0
Bhopal,gem_seamless,2026-09-28T05:00,20.0,0.0,12.6
Bhopal,gem_seamless,2026-09-28T06:00,19.9,0.0,12.2
Bhopal,gem_seamless,2026-09-28T07:00,21.7,0.0,13.7
Bhopal,gem_seamless,2026-09-28T08:00,24.6,0.0,16.6
Bhopal,gem_seamless,2026-09-28T09:00,26.8,0.0,16.6
Bhopal,gem_seamless,2026-09-28T10:00,28.4,0.0,15.5
Bhopal,gem_seamless,2026-09-28T11:00,29.6,0.0,14.4
Bhopal,gem_seamless,2026-09-28T12:00,30.6,0.0,13.0
Bhopal,gem_seamless,2026-09-28T13:00,31.5,0.0,11.9
Bhopal,gem_seamless,2026-09-28T14:00,31.9,0.0,12.2
Bhopal,gem_seamless,2026-09-28T15:00,31.9,0.0,13.0
Bhopal,gem_seamless,2026-09-28T16:00,31.5,0.0,13.0
Bhopal,gem_seamless,2026-09-28T17:00,30.6,0.0,11.2
Bhopal,gem_seamless,2026-09-28T18:00,28.3,0.0,6.8
Bhopal,gem_seamless,2026-09-28T19:00,26.3,0.0,4.0
Bhopal,gem_seamless,2026-09-28T20:00,24.9,0.0,2.9
Bhopal,gem_seamless,2026-09-28T21:00,23.8,0.0,3.6
Bhopal,gem_seamless,2026-09-28T22:00,22.8,0.0,5.0
Bhopal,gem_seamless,2026-09-28T23:00,22.0,0.0,6.5
Bhopal,gem_seamless,2026-09-29T00:00,21.7,0.0,8.3
Bhopal,gem_seamless,2026-09-29T01:00,21.4,0.0,11.2
Bhopal,gem_seamless,2026-09-29T02:00,21.2,0.0,12.2
Bhopal,gem_seamless,2026-09-29T03:00,20.8,0.0,11.2
Bhopal,gem_seamless,2026-09-29T04:00,20.2,0.0,9.7
Bhopal,gem_seamless,2026-09-29T05:00,19.6,0.0,8.6
Bhopal,gem_seamless,2026-09-29T06:00,19.1,0.0,7.9
Bhopal,gem_seamless,2026-09-29T07:00,21.0,0.0,10.4
Bhopal,gem_seamless,2026-09-29T08:00,24.8,0.0,12.6
Bhopal,gem_seamless,2026-09-29T09:00,27.0,0.0,14.0
Bhopal,gem_seamless,2026-09-29T10:00,28.5,0.0,13.0
Bhopal,gem_seamless,2026-09-29T11:00,29.9,0.0,12.2
Bhopal,gem_seamless,2026-09-29T12:00,30.9,0.0,11.9
Bhopal,gem_seamless,2026-09-29T13:00,31.6,0.0,12.2
Bhopal,gem_seamless,2026-09-29T14:00,31.9,0.0,13.0
Bhopal,gem_seamless,2026-09-29T15:00,32.0,0.0,13.3
Bhopal,gem_seamless,2026-09-29T16:00,31.7,0.0,13.7
Bhopal,gem_seamless,2026-09-29T17:00,30.8,0.0,13.7
Bhopal,gem_seamless,2026-09-29T18:00,28.7,0.0,10.4
Bhopal,gem_seamless,2026-09-29T19:00,26.9,0.0,8.3
Bhopal,gem_seamless,2026-09-29T20:00,25.1,0.0,9.0
Bhopal,gem_seamless,2026-09-29T21:00,23.4,0.0,9.0
Bhopal,gem_seamless,2026-09-29T22:00,22.3,0.0,5.4
Bhopal,gem_seamless,2026-09-29T23:00,21.5,0.0,4.0
Visakhapatnam,ecmwf_ifs025,2026-09-27T00:00,26.6,0.0,9.8
Visakhapatnam,ecmwf_ifs025,2026-09-27T01:00,26.5,0.0,10.2
Visakhapatnam,ecmwf_ifs025,2026-09-27T02:00,26.3,0.0,9.8
Visakhapatnam,ecmwf_ifs025,2026-09-27T03:00,25.7,0.0,8.9
Visakhapatnam,ecmwf_ifs025,2026-09-27T04:00,25.0,0.0,7.0
Visakhapatnam,ecmwf_ifs025,2026-09-27T05:00,25.0,0.0,5.7
Visakhapatnam,ecmwf_ifs025,2026-09-27T06:00,26.4,0.0,4.3
Visakhapatnam,ecmwf_ifs025,2026-09-27T07:00,28.5,0.0,4.0
Visakhapatnam,ecmwf_ifs025,2026-09-27T08:00,30.3,0.0,3.4
Visakhapatnam,ecmwf_ifs025,2026-09-27T09:00,31.5,0.0,1.8
Visakhapatnam,ecmwf_ifs025,2026-09-27T10:00,32.4,0.0,1.1
Visakhapatnam,ecmwf_ifs025,2026-09-27T11:00,32.8,0.0,1.8
Visakhapatnam,ecmwf_ifs025,2026-09-27T12:00,32.6,0.2,3.5
Visakhapatnam,ecmwf_ifs025,2026-09-27T13:00,31.9,0.2,7.7
Visakhapatnam,ecmwf_ifs025,2026-09-27T14:00,31.2,0.2,10.1
Visakhapatnam,ecmwf_ifs025,2026-09-27T15:00,30.4,0.1,9.2
Visakhapatnam,ecmwf_ifs025,2026-09-27T16:00,29.5,0.1,7.3
Visakhapatnam,ecmwf_ifs025,2026-09-27T17:00,28.8,0.1,6.2
Visakhapatnam,ecmwf_ifs025,2026-09-27T18:00,28.3,0.0,5.4
Visakhapatnam,ecmwf_ifs025,2026-09-27T19:00,28.0,0.0,4.3
Visakhapatnam,ecmwf_ifs025,2026-09-27T20:00,27.7,0.0,3.7
Visakhapatnam,ecmwf_ifs025,2026-09-27T21:00,27.4,0.0,3.7
Visakhapatnam,ecmwf_ifs025,2026-09-27T22:00,27.2,0.0,3.9
Visakhapatnam,ecmwf_ifs025,2026-09-27T23:00,26.9,0.0,3.5
Visakhapatnam,ecmwf_ifs025,2026-09-28T00:00,26.6,0.0,2.6
Visakhapatnam,ecmwf_ifs025,2026-09-28T01:00,26.2,0.0,3.0
Visakhapatnam,ecmwf_ifs025,2026-09-28T02:00,25.9,0.0,4.1
Visakhapatnam,ecmwf_ifs025,2026-09-28T03:00,25.5,0.0,4.1
Visakhapatnam,ecmwf_ifs025,2026-09-28T04:00,25.2,0.0,3.8
Visakhapatnam,ecmwf_ifs025,2026-09-28T05:00,25.4,0.0,4.0
Visakhapatnam,ecmwf_ifs025,2026-09-28T06:00,26.4,0.0,4.9
Visakhapatnam,ecmwf_ifs025,2026-09-28T07:00,28.0,0.0,6.0
Visakhapatnam,ecmwf_ifs025,2026-09-28T08:00,29.4,0.0,6.3
Visakhapatnam,ecmwf_ifs025,2026-09-28T09:00,30.6,0.0,6.1
Visakhapatnam,ecmwf_ifs025,2026-09-28T10:00,31.6,0.0,5.5
Visakhapatnam,ecmwf_ifs025,2026-09-28T11:00,32.2,0.0,5.4
Visakhapatnam,ecmwf_ifs025,2026-09-28T12:00,32.4,0.1,5.6
Visakhapatnam,ecmwf_ifs025,2026-09-28T13:00,32.3,0.1,5.7
Visakhapatnam,ecmwf_ifs025,2026-09-28T14:00,31.8,0.1,5.9
Visakhapatnam,ecmwf_ifs025,2026-09-28T15:00,31.1,0.2,5.3
Visakhapatnam,ecmwf_ifs025,2026-09-28T16:00,30.1,0.2,4.4
Visakhapatnam,ecmwf_ifs025,2026-09-28T17:00,29.1,0.2,2.9
Visakhapatnam,ecmwf_ifs025,2026-09-28T18:00,28.0,0.6,2.8
Visakhapatnam,ecmwf_ifs025,2026-09-28T19:00,26.8,0.6,9.3
Visakhapatnam,ecmwf_ifs025,2026-09-28T20:00,25.9,0.6,12.6
Visakhapatnam,ecmwf_ifs025,2026-09-28T21:00,25.5,0.6,8.9
Visakhapatnam,ecmwf_ifs025,2026-09-28T22:00,25.3,0.6,3.7
Visakhapatnam,ecmwf_ifs025,2026-09-28T23:00,25.2,0.6,5.4
Visakhapatnam,ecmwf_ifs025,2026-09-29T00:00,25.1,0.0,5.4
Visakhapatnam,ecmwf_ifs025,2026-09-29T01:00,24.9,0.0,3.6
Visakhapatnam,ecmwf_ifs025,2026-09-29T02:00,24.8,0.0,2.4
Visakhapatnam,ecmwf_ifs025,2026-09-29T03:00,24.6,0.0,2.8
Visakhapatnam,ecmwf_ifs025,2026-09-29T04:00,24.4,0.0,3.8
Visakhapatnam,ecmwf_ifs025,2026-09-29T05:00,24.7,0.0,4.3
Visakhapatnam,ecmwf_ifs025,2026-09-29T06:00,25.9,0.0,4.6
Visakhapatnam,ecmwf_ifs025,2026-09-29T07:00,27.5,0.0,4.6
Visakhapatnam,ecmwf_ifs025,2026-09-29T08:00,29.0,0.0,3.8
Visakhapatnam,ecmwf_ifs025,2026-09-29T09:00,30.3,0.0,2.3
Visakhapatnam,ecmwf_ifs025,2026-09-29T10:00,31.5,0.0,5.2
Visakhapatnam,ecmwf_ifs025,2026-09-29T11:00,32.1,0.0,7.2
Visakhapatnam,ecmwf_ifs025,2026-09-29T12:00,31.7,0.5,4.0
Visakhapatnam,ecmwf_ifs025,2026-09-29T13:00,30.8,0.5,2.6
Visakhapatnam,ecmwf_ifs025,2026-09-29T14:00,29.7,0.5,6.0
Visakhapatnam,ecmwf_ifs025,2026-09-29T15:00,28.6,1.1,5.4
Visakhapatnam,ecmwf_ifs025,2026-09-29T16:00,27.5,1.1,4.0
Visakhapatnam,ecmwf_ifs025,2026-09-29T17:00,26.6,1.1,4.5
Visakhapatnam,ecmwf_ifs025,2026-09-29T18:00,26.3,0.0,4.5
Visakhapatnam,ecmwf_ifs025,2026-09-29T19:00,26.3,0.0,4.0
Visakhapatnam,ecmwf_ifs025,2026-09-29T20:00,26.3,0.0,3.3
Visakhapatnam,ecmwf_ifs025,2026-09-29T21:00,26.2,0.0,2.5
Visakhapatnam,ecmwf_ifs025,2026-09-29T22:00,26.0,0.0,1.9
Visakhapatnam,ecmwf_ifs025,2026-09-29T23:00,25.8,0.0,2.0
Visakhapatnam,gfs_seamless,2026-09-27T00:00,27.6,0.0,8.5
Visakhapatnam,gfs_seamless,2026-09-27T01:00,27.2,0.0,8.7
Visakhapatnam,gfs_seamless,2026-09-27T02:00,26.8,0.0,8.4
Visakhapatnam,gfs_seamless,2026-09-27T03:00,26.7,0.0,7.7
Visakhapatnam,gfs_seamless,2026-09-27T04:00,26.6,0.0,7.4
Visakhapatnam,gfs_seamless,2026-09-27T05:00,26.5,0.0,7.1
Visakhapatnam,gfs_seamless,2026-09-27T06:00,26.7,0.0,5.6
Visakhapatnam,gfs_seamless,2026-09-27T07:00,27.8,0.0,4.2
Visakhapatnam,gfs_seamless,2026-09-27T08:00,29.2,0.0,3.3
Visakhapatnam,gfs_seamless,2026-09-27T09:00,30.5,0.0,1.0
Visakhapatnam,gfs_seamless,2026-09-27T10:00,31.4,0.0,2.3
Visakhapatnam,gfs_seamless,2026-09-27T11:00,31.9,0.0,5.5
Visakhapatnam,gfs_seamless,2026-09-27T12:00,31.8,0.0,9.2
Visakhapatnam,gfs_seamless,2026-09-27T13:00,31.5,0.0,12.4
Visakhapatnam,gfs_seamless,2026-09-27T14:00,31.1,0.0,15.4
Visakhapatnam,gfs_seamless,2026-09-27T15:00,30.4,0.0,13.9
Visakhapatnam,gfs_seamless,2026-09-27T16:00,29.7,0.0,10.6
Visakhapatnam,gfs_seamless,2026-09-27T17:00,29.3,0.0,13.1
Visakhapatnam,gfs_seamless,2026-09-27T18:00,29.1,0.0,12.4
Visakhapatnam,gfs_seamless,2026-09-27T19:00,29.2,0.0,7.6
Visakhapatnam,gfs_seamless,2026-09-27T20:00,28.9,0.0,6.5
Visakhapatnam,gfs_seamless,2026-09-27T21:00,28.7,0.0,6.8
Visakhapatnam,gfs_seamless,2026-09-27T22:00,28.4,0.0,6.4
Visakhapatnam,gfs_seamless,2026-09-27T23:00,28.2,0.0,5.6
Visakhapatnam,gfs_seamless,2026-09-28T00:00,28.0,0.0,5.2
Visakhapatnam,gfs_seamless,2026-09-28T01:00,27.8,0.0,3.6
Visakhapatnam,gfs_seamless,2026-09-28T02:00,27.6,0.0,3.3
Visakhapatnam,gfs_seamless,2026-09-28T03:00,27.3,0.0,4.2
Visakhapatnam,gfs_seamless,2026-09-28T04:00,27.0,0.0,5.6
Visakhapatnam,gfs_seamless,2026-09-28T05:00,26.8,0.0,5.1
Visakhapatnam,gfs_seamless,2026-09-28T06:00,27.0,0.0,5.3
Visakhapatnam,gfs_seamless,2026-09-28T07:00,28.1,0.0,5.9
Visakhapatnam,gfs_seamless,2026-09-28T08:00,29.5,0.0,5.4
Visakhapatnam,gfs_seamless,2026-09-28T09:00,30.9,0.0,3.9
Visakhapatnam,gfs_seamless,2026-09-28T10:00,31.8,0.0,5.4
Visakhapatnam,gfs_seamless,2026-09-28T11:00,31.9,0.0,7.8
Visakhapatnam,gfs_seamless,2026-09-28T12:00,31.7,0.0,11.3
Visakhapatnam,gfs_seamless,2026-09-28T13:00,31.5,0.0,13.3
Visakhapatnam,gfs_seamless,2026-09-28T14:00,31.1,0.0,12.8
Visakhapatnam,gfs_seamless,2026-09-28T15:00,30.7,0.0,11.9
Visakhapatnam,gfs_seamless,2026-09-28T16:00,30.2,0.0,10.6
Visakhapatnam,gfs_seamless,2026-09-28T17:00,29.3,0.1,8.7
Visakhapatnam,gfs_seamless,2026-09-28T18:00,29.5,0.0,6.5
Visakhapatnam,gfs_seamless,2026-09-28T19:00,29.1,0.4,1.6
Visakhapatnam,gfs_seamless,2026-09-28T20:00,29.0,0.3,2.6
Visakhapatnam,gfs_seamless,2026-09-28T21:00,28.9,0.0,1.3
Visakhapatnam,gfs_seamless,2026-09-28T22:00,28.9,0.0,3.8
Visakhapatnam,gfs_seamless,2026-09-28T23:00,28.5,0.0,5.4
Visakhapatnam,gfs_seamless,2026-09-29T00:00,28.1,0.0,5.2
Visakhapatnam,gfs_seamless,2026-09-29T01:00,28.0,0.0,6.5
Visakhapatnam,gfs_seamless,2026-09-29T02:00,27.8,0.0,5.2
Visakhapatnam,gfs_seamless,2026-09-29T03:00,27.7,0.0,5.5
Visakhapatnam,gfs_seamless,2026-09-29T04:00,27.4,0.0,5.5
Visakhapatnam,gfs_seamless,2026-09-29T05:00,27.2,0.0,5.4
Visakhapatnam,gfs_seamless,2026-09-29T06:00,27.3,0.0,5.6
Visakhapatnam,gfs_seamless,2026-09-29T07:00,28.3,0.0,6.1
Visakhapatnam,gfs_seamless,2026-09-29T08:00,29.7,0.0,4.2
Visakhapatnam,gfs_seamless,2026-09-29T09:00,30.9,0.0,1.0
Visakhapatnam,gfs_seamless,2026-09-29T10:00,31.9,0.0,3.4
Visakhapatnam,gfs_seamless,2026-09-29T11:00,31.8,0.0,8.9
Visakhapatnam,gfs_seamless,2026-09-29T12:00,31.7,0.0,12.7
Visakhapatnam,gfs_seamless,2026-09-29T13:00,31.3,0.0,14.0
Visakhapatnam,gfs_seamless,2026-09-29T14:00,30.8,0.0,13.4
Visakhapatnam,gfs_seamless,2026-09-29T15:00,30.2,0.0,13.7
Visakhapatnam,gfs_seamless,2026-09-29T16:00,29.9,0.0,11.5
Visakhapatnam,gfs_seamless,2026-09-29T17:00,29.4,0.0,8.7
Visakhapatnam,gfs_seamless,2026-09-29T18:00,29.3,0.0,7.6
Visakhapatnam,gfs_seamless,2026-09-29T19:00,29.1,0.0,7.1
Visakhapatnam,gfs_seamless,2026-09-29T20:00,29.0,0.0,6.6
Visakhapatnam,gfs_seamless,2026-09-29T21:00,28.8,0.0,5.0
Visakhapatnam,gfs_seamless,2026-09-29T22:00,28.6,0.0,2.9
Visakhapatnam,gfs_seamless,2026-09-29T23:00,28.4,0.0,4.5
Visakhapatnam,icon_seamless,2026-09-27T00:00,28.3,0.0,3.1
Visakhapatnam,icon_seamless,2026-09-27T01:00,28.2,0.0,3.4
Visakhapatnam,icon_seamless,2026-09-27T02:00,28.3,0.0,3.3
Visakhapatnam,icon_seamless,2026-09-27T03:00,28.3,0.0,2.5
Visakhapatnam,icon_seamless,2026-09-27T04:00,28.3,0.0,2.6
Visakhapatnam,icon_seamless,2026-09-27T05:00,27.3,0.0,2.3
Visakhapatnam,icon_seamless,2026-09-27T06:00,27.4,0.0,2.0
Visakhapatnam,icon_seamless,2026-09-27T07:00,28.2,0.0,2.0
Visakhapatnam,icon_seamless,2026-09-27T08:00,29.7,0.0,2.3
Visakhapatnam,icon_seamless,2026-09-27T09:00,31.3,0.0,2.6
Visakhapatnam,icon_seamless,2026-09-27T10:00,32.7,0.0,0.8
Visakhapatnam,icon_seamless,2026-09-27T11:00,33.5,0.0,1.5
Visakhapatnam,icon_seamless,2026-09-27T12:00,34.0,0.0,4.3
Visakhapatnam,icon_seamless,2026-09-27T13:00,33.9,0.0,5.6
Visakhapatnam,icon_seamless,2026-09-27T14:00,32.8,0.0,8.7
Visakhapatnam,icon_seamless,2026-09-27T15:00,31.7,0.0,8.8
Visakhapatnam,icon_seamless,2026-09-27T16:00,31.0,0.0,6.3
Visakhapatnam,icon_seamless,2026-09-27T17:00,30.0,0.0,4.8
Visakhapatnam,icon_seamless,2026-09-27T18:00,29.4,0.0,2.9
Visakhapatnam,icon_seamless,2026-09-27T19:00,28.8,0.0,5.9
Visakhapatnam,icon_seamless,2026-09-27T20:00,28.4,0.0,4.9
Visakhapatnam,icon_seamless,2026-09-27T21:00,28.3,0.0,2.8
Visakhapatnam,icon_seamless,2026-09-27T22:00,28.1,0.0,1.9
Visakhapatnam,icon_seamless,2026-09-27T23:00,28.0,0.0,1.8
Visakhapatnam,icon_seamless,2026-09-28T00:00,27.9,0.0,2.3
Visakhapatnam,icon_seamless,2026-09-28T01:00,27.7,0.0,2.2
Visakhapatnam,icon_seamless,2026-09-28T02:00,27.5,0.0,1.5
Visakhapatnam,icon_seamless,2026-09-28T03:00,27.3,0.0,1.5
Visakhapatnam,icon_seamless,2026-09-28T04:00,27.1,0.0,1.1
Visakhapatnam,icon_seamless,2026-09-28T05:00,26.8,0.0,1.5
Visakhapatnam,icon_seamless,2026-09-28T06:00,26.8,0.0,2.2
Visakhapatnam,icon_seamless,2026-09-28T07:00,27.5,0.0,1.4
Visakhapatnam,icon_seamless,2026-09-28T08:00,29.2,0.0,1.8
Visakhapatnam,icon_seamless,2026-09-28T09:00,30.9,0.0,2.5
Visakhapatnam,icon_seamless,2026-09-28T10:00,32.3,0.0,2.7
Visakhapatnam,icon_seamless,2026-09-28T11:00,33.3,0.0,3.1
Visakhapatnam,icon_seamless,2026-09-28T12:00,33.9,0.0,2.7
Visakhapatnam,icon_seamless,2026-09-28T13:00,34.0,0.0,4.1
Visakhapatnam,icon_seamless,2026-09-28T14:00,33.0,0.0,7.3
Visakhapatnam,icon_seamless,2026-09-28T15:00,31.4,0.0,8.4
Visakhapatnam,icon_seamless,2026-09-28T16:00,30.8,0.0,6.1
Visakhapatnam,icon_seamless,2026-09-28T17:00,30.2,0.0,3.8
Visakhapatnam,icon_seamless,2026-09-28T18:00,29.4,0.0,2.5
Visakhapatnam,icon_seamless,2026-09-28T19:00,29.2,0.0,3.2
Visakhapatnam,icon_seamless,2026-09-28T20:00,29.1,0.1,1.9
Visakhapatnam,icon_seamless,2026-09-28T21:00,28.6,0.0,5.1
Visakhapatnam,icon_seamless,2026-09-28T22:00,28.2,0.1,3.3
Visakhapatnam,icon_seamless,2026-09-28T23:00,27.6,2.6,1.1
Visakhapatnam,icon_seamless,2026-09-29T00:00,27.2,0.8,3.3
Visakhapatnam,icon_seamless,2026-09-29T01:00,27.0,0.0,1.4
Visakhapatnam,icon_seamless,2026-09-29T02:00,26.9,0.0,1.8
Visakhapatnam,icon_seamless,2026-09-29T03:00,26.8,0.0,1.3
Visakhapatnam,icon_seamless,2026-09-29T04:00,26.8,0.0,0.8
Visakhapatnam,icon_seamless,2026-09-29T05:00,26.7,0.0,1.9
Visakhapatnam,icon_seamless,2026-09-29T06:00,26.8,0.0,2.4
Visakhapatnam,icon_seamless,2026-09-29T07:00,27.2,0.0,2.2
Visakhapatnam,icon_seamless,2026-09-29T08:00,28.0,0.0,2.2
Visakhapatnam,icon_seamless,2026-09-29T09:00,29.2,0.0,2.6
Visakhapatnam,icon_seamless,2026-09-29T10:00,30.7,0.0,3.6
Visakhapatnam,icon_seamless,2026-09-29T11:00,31.8,0.0,2.3
Visakhapatnam,icon_seamless,2026-09-29T12:00,32.8,0.0,0.8
Visakhapatnam,icon_seamless,2026-09-29T13:00,33.0,0.0,4.5
Visakhapatnam,icon_seamless,2026-09-29T14:00,32.6,0.0,6.9
Visakhapatnam,icon_seamless,2026-09-29T15:00,31.4,0.0,7.6
Visakhapatnam,icon_seamless,2026-09-29T16:00,30.4,0.0,6.6
Visakhapatnam,icon_seamless,2026-09-29T17:00,29.6,0.0,4.7
Visakhapatnam,icon_seamless,2026-09-29T18:00,29.0,0.0,3.3
Visakhapatnam,icon_seamless,2026-09-29T19:00,28.7,0.0,2.3
Visakhapatnam,icon_seamless,2026-09-29T20:00,28.5,0.0,2.1
Visakhapatnam,icon_seamless,2026-09-29T21:00,28.3,0.0,3.3
Visakhapatnam,icon_seamless,2026-09-29T22:00,28.2,0.0,4.5
Visakhapatnam,icon_seamless,2026-09-29T23:00,28.0,0.0,5.8
Visakhapatnam,gem_seamless,2026-09-27T00:00,25.9,0.0,6.8
Visakhapatnam,gem_seamless,2026-09-27T01:00,25.4,0.0,6.5
Visakhapatnam,gem_seamless,2026-09-27T02:00,25.0,0.0,5.8
Visakhapatnam,gem_seamless,2026-09-27T03:00,24.7,0.0,5.0
Visakhapatnam,gem_seamless,2026-09-27T04:00,24.3,0.0,4.7
Visakhapatnam,gem_seamless,2026-09-27T05:00,24.1,0.0,4.3
Visakhapatnam,gem_seamless,2026-09-27T06:00,24.4,0.0,4.3
Visakhapatnam,gem_seamless,2026-09-27T07:00,25.9,0.0,4.3
Visakhapatnam,gem_seamless,2026-09-27T08:00,27.8,0.0,3.6
Visakhapatnam,gem_seamless,2026-09-27T09:00,29.2,0.0,4.0
Visakhapatnam,gem_seamless,2026-09-27T10:00,30.1,0.0,6.1
Visakhapatnam,gem_seamless,2026-09-27T11:00,30.7,0.0,8.6
Visakhapatnam,gem_seamless,2026-09-27T12:00,30.9,0.0,10.8
Visakhapatnam,gem_seamless,2026-09-27T13:00,30.9,0.0,10.8
Visakhapatnam,gem_seamless,2026-09-27T14:00,30.9,0.0,11.5
Visakhapatnam,gem_seamless,2026-09-27T15:00,30.7,0.0,11.5
Visakhapatnam,gem_seamless,2026-09-27T16:00,30.4,0.0,11.5
Visakhapatnam,gem_seamless,2026-09-27T17:00,29.7,0.0,9.7
Visakhapatnam,gem_seamless,2026-09-27T18:00,28.9,0.0,6.5
Visakhapatnam,gem_seamless,2026-09-27T19:00,28.2,0.8,5.8
Visakhapatnam,gem_seamless,2026-09-27T20:00,27.3,0.6,5.0
Visakhapatnam,gem_seamless,2026-09-27T21:00,26.8,0.0,5.4
Visakhapatnam,gem_seamless,2026-09-27T22:00,26.6,0.0,2.2
Visakhapatnam,gem_seamless,2026-09-27T23:00,26.3,0.0,6.1
Visakhapatnam,gem_seamless,2026-09-28T00:00,26.2,0.0,6.1
Visakhapatnam,gem_seamless,2026-09-28T01:00,26.0,0.0,5.4
Visakhapatnam,gem_seamless,2026-09-28T02:00,25.9,0.0,4.3
Visakhapatnam,gem_seamless,2026-09-28T03:00,25.6,0.0,4.3
Visakhapatnam,gem_seamless,2026-09-28T04:00,25.4,0.0,5.4
Visakhapatnam,gem_seamless,2026-09-28T05:00,25.2,0.0,6.5
Visakhapatnam,gem_seamless,2026-09-28T06:00,25.3,0.0,7.2
Visakhapatnam,gem_seamless,2026-09-28T07:00,26.2,0.0,5.4
Visakhapatnam,gem_seamless,2026-09-28T08:00,27.8,0.0,3.6
Visakhapatnam,gem_seamless,2026-09-28T09:00,29.4,0.0,2.9
Visakhapatnam,gem_seamless,2026-09-28T10:00,30.3,0.0,5.4
Visakhapatnam,gem_seamless,2026-09-28T11:00,30.7,0.0,8.3
Visakhapatnam,gem_seamless,2026-09-28T12:00,30.9,0.0,11.2
Visakhapatnam,gem_seamless,2026-09-28T13:00,31.0,0.0,13.7
Visakhapatnam,gem_seamless,2026-09-28T14:00,30.8,0.1,10.4
Visakhapatnam,gem_seamless,2026-09-28T15:00,29.6,0.1,6.5
Visakhapatnam,gem_seamless,2026-09-28T16:00,28.0,0.0,12.2
Visakhapatnam,gem_seamless,2026-09-28T17:00,26.6,0.1,13.7
Visakhapatnam,gem_seamless,2026-09-28T18:00,25.8,0.0,15.5
Visakhapatnam,gem_seamless,2026-09-28T19:00,25.3,0.0,13.7
Visakhapatnam,gem_seamless,2026-09-28T20:00,25.5,0.0,9.7
Visakhapatnam,gem_seamless,2026-09-28T21:00,25.2,0.0,9.7
Visakhapatnam,gem_seamless,2026-09-28T22:00,25.2,0.0,8.6
Visakhapatnam,gem_seamless,2026-09-28T23:00,25.3,0.0,7.6
Visakhapatnam,gem_seamless,2026-09-29T00:00,25.5,0.0,6.1
Visakhapatnam,gem_seamless,2026-09-29T01:00,25.5,0.0,4.3
Visakhapatnam,gem_seamless,2026-09-29T02:00,25.6,0.0,4.7
Visakhapatnam,gem_seamless,2026-09-29T03:00,25.8,0.0,6.5
Visakhapatnam,gem_seamless,2026-09-29T04:00,25.8,0.0,5.8
Visakhapatnam,gem_seamless,2026-09-29T05:00,25.6,0.0,5.4
Visakhapatnam,gem_seamless,2026-09-29T06:00,25.8,0.0,6.1
Visakhapatnam,gem_seamless,2026-09-29T07:00,26.5,0.0,5.4
Visakhapatnam,gem_seamless,2026-09-29T08:00,27.8,0.0,6.5
Visakhapatnam,gem_seamless,2026-09-29T09:00,29.4,0.0,5.4
Visakhapatnam,gem_seamless,2026-09-29T10:00,30.4,0.0,3.2
Visakhapatnam,gem_seamless,2026-09-29T11:00,31.1,0.0,5.4
Visakhapatnam,gem_seamless,2026-09-29T12:00,31.3,0.0,8.6
Visakhapatnam,gem_seamless,2026-09-29T13:00,31.0,0.0,10.8
Visakhapatnam,gem_seamless,2026-09-29T14:00,30.7,0.0,12.2
Visakhapatnam,gem_seamless,2026-09-29T15:00,30.3,0.0,12.6
Visakhapatnam,gem_seamless,2026-09-29T16:00,29.9,0.1,9.0
Visakhapatnam,gem_seamless,2026-09-29T17:00,29.2,0.1,4.3
Visakhapatnam,gem_seamless,2026-09-29T18:00,28.2,0.0,4.3
Visakhapatnam,gem_seamless,2026-09-29T19:00,27.6,0.0,2.9
Visakhapatnam,gem_seamless,2026-09-29T20:00,26.9,0.0,7.2
Visakhapatnam,gem_seamless,2026-09-29T21:00,26.1,0.1,19.4
Visakhapatnam,gem_seamless,2026-09-29T22:00,24.4,0.2,32.0
Visakhapatnam,gem_seamless,2026-09-29T23:00,23.8,0.0,23.0
Patna,ecmwf_ifs025,2026-09-27T00:00,25.1,0.8,9.5
Patna,ecmwf_ifs025,2026-09-27T01:00,24.8,0.8,8.0
Patna,ecmwf_ifs025,2026-09-27T02:00,24.6,0.8,6.6
Patna,ecmwf_ifs025,2026-09-27T03:00,24.4,0.1,4.3
Patna,ecmwf_ifs025,2026-09-27T04:00,24.2,0.1,2.5
Patna,ecmwf_ifs025,2026-09-27T05:00,24.4,0.1,3.2
Patna,ecmwf_ifs025,2026-09-27T06:00,25.1,0.0,2.5
Patna,ecmwf_ifs025,2026-09-27T07:00,26.2,0.0,1.8
Patna,ecmwf_ifs025,2026-09-27T08:00,27.3,0.0,2.3
Patna,ecmwf_ifs025,2026-09-27T09:00,28.4,0.0,2.7
Patna,ecmwf_ifs025,2026-09-27T10:00,29.5,0.0,4.3
Patna,ecmwf_ifs025,2026-09-27T11:00,30.3,0.0,6.0
Patna,ecmwf_ifs025,2026-09-27T12:00,30.8,0.0,6.8
Patna,ecmwf_ifs025,2026-09-27T13:00,31.0,0.0,7.0
Patna,ecmwf_ifs025,2026-09-27T14:00,30.9,0.0,6.6
Patna,ecmwf_ifs025,2026-09-27T15:00,30.2,0.0,5.8
Patna,ecmwf_ifs025,2026-09-27T16:00,29.2,0.0,4.6
Patna,ecmwf_ifs025,2026-09-27T17:00,28.1,0.0,3.8
Patna,ecmwf_ifs025,2026-09-27T18:00,27.2,0.0,3.7
Patna,ecmwf_ifs025,2026-09-27T19:00,26.4,0.0,5.6
Patna,ecmwf_ifs025,2026-09-27T20:00,25.7,0.0,6.8
Patna,ecmwf_ifs025,2026-09-27T21:00,25.2,0.0,5.6
Patna,ecmwf_ifs025,2026-09-27T22:00,24.9,0.0,3.7
Patna,ecmwf_ifs025,2026-09-27T23:00,24.7,0.0,2.5
Patna,ecmwf_ifs025,2026-09-28T00:00,24.6,0.0,3.1
Patna,ecmwf_ifs025,2026-09-28T01:00,24.7,0.0,4.2
Patna,ecmwf_ifs025,2026-09-28T02:00,24.7,0.0,5.2
Patna,ecmwf_ifs025,2026-09-28T03:00,24.3,0.0,5.4
Patna,ecmwf_ifs025,2026-09-28T04:00,23.9,0.0,5.4
Patna,ecmwf_ifs025,2026-09-28T05:00,24.0,0.0,5.6
Patna,ecmwf_ifs025,2026-09-28T06:00,24.8,0.0,5.9
Patna,ecmwf_ifs025,2026-09-28T07:00,26.1,0.0,6.2
Patna,ecmwf_ifs025,2026-09-28T08:00,27.3,0.0,6.8
Patna,ecmwf_ifs025,2026-09-28T09:00,28.5,0.0,7.6
Patna,ecmwf_ifs025,2026-09-28T10:00,29.7,0.0,8.7
Patna,ecmwf_ifs025,2026-09-28T11:00,30.6,0.0,9.4
Patna,ecmwf_ifs025,2026-09-28T12:00,31.1,0.0,10.1
Patna,ecmwf_ifs025,2026-09-28T13:00,31.2,0.0,11.2
Patna,ecmwf_ifs025,2026-09-28T14:00,31.0,0.0,11.2
Patna,ecmwf_ifs025,2026-09-28T15:00,30.3,0.0,10.1
Patna,ecmwf_ifs025,2026-09-28T16:00,29.2,0.0,8.0
Patna,ecmwf_ifs025,2026-09-28T17:00,28.2,0.0,6.6
Patna,ecmwf_ifs025,2026-09-28T18:00,27.3,0.0,5.9
Patna,ecmwf_ifs025,2026-09-28T19:00,26.4,0.0,5.4
Patna,ecmwf_ifs025,2026-09-28T20:00,25.7,0.0,5.1
Patna,ecmwf_ifs025,2026-09-28T21:00,25.2,0.0,5.1
Patna,ecmwf_ifs025,2026-09-28T22:00,24.8,0.0,5.4
Patna,ecmwf_ifs025,2026-09-28T23:00,24.5,0.0,5.4
Patna,ecmwf_ifs025,2026-09-29T00:00,24.3,0.0,5.1
Patna,ecmwf_ifs025,2026-09-29T01:00,24.1,0.0,5.0
Patna,ecmwf_ifs025,2026-09-29T02:00,23.9,0.0,4.7
Patna,ecmwf_ifs025,2026-09-29T03:00,23.5,0.0,4.7
Patna,ecmwf_ifs025,2026-09-29T04:00,23.1,0.0,4.6
Patna,ecmwf_ifs025,2026-09-29T05:00,23.3,0.0,5.0
Patna,ecmwf_ifs025,2026-09-29T06:00,24.5,0.0,5.4
Patna,ecmwf_ifs025,2026-09-29T07:00,26.3,0.0,6.0
Patna,ecmwf_ifs025,2026-09-29T08:00,27.9,0.0,7.0
Patna,ecmwf_ifs025,2026-09-29T09:00,28.9,0.0,9.0
Patna,ecmwf_ifs025,2026-09-29T10:00,29.8,0.0,12.0
Patna,ecmwf_ifs025,2026-09-29T11:00,30.4,0.0,14.3
Patna,ecmwf_ifs025,2026-09-29T12:00,30.9,0.0,15.0
Patna,ecmwf_ifs025,2026-09-29T13:00,31.1,0.0,14.5
Patna,ecmwf_ifs025,2026-09-29T14:00,31.0,0.0,13.7
Patna,ecmwf_ifs025,2026-09-29T15:00,30.3,0.0,11.9
Patna,ecmwf_ifs025,2026-09-29T16:00,29.3,0.0,9.4
Patna,ecmwf_ifs025,2026-09-29T17:00,28.2,0.0,7.2
Patna,ecmwf_ifs025,2026-09-29T18:00,27.3,0.0,6.2
Patna,ecmwf_ifs025,2026-09-29T19:00,26.4,0.0,5.1
Patna,ecmwf_ifs025,2026-09-29T20:00,25.7,0.0,4.7
Patna,ecmwf_ifs025,2026-09-29T21:00,25.2,0.0,4.6
Patna,ecmwf_ifs025,2026-09-29T22:00,24.9,0.0,5.2
Patna,ecmwf_ifs025,2026-09-29T23:00,24.6,0.0,5.9
Patna,gfs_seamless,2026-09-27T00:00,25.4,3.2,9.1
Patna,gfs_seamless,2026-09-27T01:00,25.1,1.2,7.1
Patna,gfs_seamless,2026-09-27T02:00,25.2,0.5,7.8
Patna,gfs_seamless,2026-09-27T03:00,24.9,0.0,6.2
Patna,gfs_seamless,2026-09-27T04:00,24.6,0.1,6.2
Patna,gfs_seamless,2026-09-27T05:00,24.4,0.0,5.8
Patna,gfs_seamless,2026-09-27T06:00,24.8,0.0,5.2
Patna,gfs_seamless,2026-09-27T07:00,26.1,0.0,5.9
Patna,gfs_seamless,2026-09-27T08:00,27.6,0.0,7.0
Patna,gfs_seamless,2026-09-27T09:00,29.2,0.0,6.2
Patna,gfs_seamless,2026-09-27T10:00,30.8,0.0,4.6
Patna,gfs_seamless,2026-09-27T11:00,32.2,0.0,4.5
Patna,gfs_seamless,2026-09-27T12:00,33.2,0.0,3.8
Patna,gfs_seamless,2026-09-27T13:00,33.6,0.0,4.6
Patna,gfs_seamless,2026-09-27T14:00,33.6,0.0,6.2
Patna,gfs_seamless,2026-09-27T15:00,33.1,0.0,9.8
Patna,gfs_seamless,2026-09-27T16:00,32.4,0.0,11.2
Patna,gfs_seamless,2026-09-27T17:00,31.2,0.0,11.5
Patna,gfs_seamless,2026-09-27T18:00,30.7,0.0,8.6
Patna,gfs_seamless,2026-09-27T19:00,30.3,0.0,6.5
Patna,gfs_seamless,2026-09-27T20:00,29.7,0.0,8.7
Patna,gfs_seamless,2026-09-27T21:00,28.8,0.0,9.4
Patna,gfs_seamless,2026-09-27T22:00,28.3,0.0,9.1
Patna,gfs_seamless,2026-09-27T23:00,27.8,0.0,9.5
Patna,gfs_seamless,2026-09-28T00:00,27.4,0.0,9.1
Patna,gfs_seamless,2026-09-28T01:00,27.1,0.0,8.3
Patna,gfs_seamless,2026-09-28T02:00,26.7,0.0,9.0
Patna,gfs_seamless,2026-09-28T03:00,26.3,0.0,9.4
Patna,gfs_seamless,2026-09-28T04:00,26.0,0.0,9.4
Patna,gfs_seamless,2026-09-28T05:00,25.7,0.0,9.5
Patna,gfs_seamless,2026-09-28T06:00,25.8,0.0,10.0
Patna,gfs_seamless,2026-09-28T07:00,27.0,0.0,10.6
Patna,gfs_seamless,2026-09-28T08:00,28.3,0.0,10.2
Patna,gfs_seamless,2026-09-28T09:00,29.7,0.0,10.1
Patna,gfs_seamless,2026-09-28T10:00,31.0,0.0,11.0
Patna,gfs_seamless,2026-09-28T11:00,32.0,0.0,13.2
Patna,gfs_seamless,2026-09-28T12:00,32.8,0.0,14.4
Patna,gfs_seamless,2026-09-28T13:00,33.2,0.0,14.7
Patna,gfs_seamless,2026-09-28T14:00,32.9,0.0,15.0
Patna,gfs_seamless,2026-09-28T15:00,32.1,0.0,13.0
Patna,gfs_seamless,2026-09-28T16:00,31.7,0.0,10.2
Patna,gfs_seamless,2026-09-28T17:00,31.7,0.0,9.5
Patna,gfs_seamless,2026-09-28T18:00,31.2,0.0,9.6
Patna,gfs_seamless,2026-09-28T19:00,30.0,0.0,9.8
Patna,gfs_seamless,2026-09-28T20:00,29.5,0.0,9.4
Patna,gfs_seamless,2026-09-28T21:00,29.1,0.0,7.3
Patna,gfs_seamless,2026-09-28T22:00,29.1,0.0,5.4
Patna,gfs_seamless,2026-09-28T23:00,29.3,0.0,5.5
Patna,gfs_seamless,2026-09-29T00:00,29.0,0.0,6.9
Patna,gfs_seamless,2026-09-29T01:00,28.0,0.0,10.5
Patna,gfs_seamless,2026-09-29T02:00,27.1,0.0,10.5
Patna,gfs_seamless,2026-09-29T03:00,26.7,0.0,9.7
Patna,gfs_seamless,2026-09-29T04:00,26.5,0.0,9.4
Patna,gfs_seamless,2026-09-29T05:00,26.3,0.0,9.8
Patna,gfs_seamless,2026-09-29T06:00,26.5,0.0,9.9
Patna,gfs_seamless,2026-09-29T07:00,27.7,0.0,11.0
Patna,gfs_seamless,2026-09-29T08:00,29.1,0.0,12.2
Patna,gfs_seamless,2026-09-29T09:00,30.4,0.0,12.2
Patna,gfs_seamless,2026-09-29T10:00,31.6,0.0,12.2
Patna,gfs_seamless,2026-09-29T11:00,32.6,0.0,12.5
Patna,gfs_seamless,2026-09-29T12:00,32.9,0.0,13.4
Patna,gfs_seamless,2026-09-29T13:00,32.9,0.0,13.8
Patna,gfs_seamless,2026-09-29T14:00,32.9,0.0,12.3
Patna,gfs_seamless,2026-09-29T15:00,33.2,0.0,12.5
Patna,gfs_seamless,2026-09-29T16:00,32.4,0.0,15.1
Patna,gfs_seamless,2026-09-29T17:00,31.3,0.0,14.4
Patna,gfs_seamless,2026-09-29T18:00,31.2,0.0,10.8
Patna,gfs_seamless,2026-09-29T19:00,30.6,0.0,8.0
Patna,gfs_seamless,2026-09-29T20:00,30.2,0.0,7.2
Patna,gfs_seamless,2026-09-29T21:00,30.1,0.0,9.6
Patna,gfs_seamless,2026-09-29T22:00,29.5,0.0,12.6
Patna,gfs_seamless,2026-09-29T23:00,28.8,0.0,12.0
Patna,icon_seamless,2026-09-27T00:00,26.1,0.6,9.0
Patna,icon_seamless,2026-09-27T01:00,25.9,0.7,6.6
Patna,icon_seamless,2026-09-27T02:00,25.7,1.1,5.4
Patna,icon_seamless,2026-09-27T03:00,25.6,0.8,4.3
Patna,icon_seamless,2026-09-27T04:00,25.5,0.0,3.8
Patna,icon_seamless,2026-09-27T05:00,25.4,0.0,1.1
Patna,icon_seamless,2026-09-27T06:00,25.5,0.0,0.8
Patna,icon_seamless,2026-09-27T07:00,26.5,0.0,1.8
Patna,icon_seamless,2026-09-27T08:00,27.5,0.0,2.2
Patna,icon_seamless,2026-09-27T09:00,28.9,0.0,2.1
Patna,icon_seamless,2026-09-27T10:00,30.1,0.0,1.8
Patna,icon_seamless,2026-09-27T11:00,31.1,0.0,5.2
Patna,icon_seamless,2026-09-27T12:00,31.4,0.0,7.4
Patna,icon_seamless,2026-09-27T13:00,31.7,0.0,8.1
Patna,icon_seamless,2026-09-27T14:00,31.5,0.0,8.6
Patna,icon_seamless,2026-09-27T15:00,31.2,0.0,7.3
Patna,icon_seamless,2026-09-27T16:00,30.7,0.0,5.2
Patna,icon_seamless,2026-09-27T17:00,29.8,0.0,2.3
Patna,icon_seamless,2026-09-27T18:00,28.8,0.0,2.5
Patna,icon_seamless,2026-09-27T19:00,28.0,0.0,2.5
Patna,icon_seamless,2026-09-27T20:00,27.4,0.0,2.9
Patna,icon_seamless,2026-09-27T21:00,27.0,0.0,2.6
Patna,icon_seamless,2026-09-27T22:00,26.7,0.0,2.1
Patna,icon_seamless,2026-09-27T23:00,26.5,0.0,2.1
Patna,icon_seamless,2026-09-28T00:00,26.1,0.0,2.6
Patna,icon_seamless,2026-09-28T01:00,25.7,0.0,2.9
Patna,icon_seamless,2026-09-28T02:00,25.4,0.0,1.6
Patna,icon_seamless,2026-09-28T03:00,25.2,0.0,2.2
Patna,icon_seamless,2026-09-28T04:00,25.2,0.0,3.7
Patna,icon_seamless,2026-09-28T05:00,25.1,0.0,4.5
Patna,icon_seamless,2026-09-28T06:00,25.3,0.0,5.9
Patna,icon_seamless,2026-09-28T07:00,26.0,0.0,8.0
Patna,icon_seamless,2026-09-28T08:00,26.8,0.0,7.3
Patna,icon_seamless,2026-09-28T09:00,28.0,0.0,8.0
Patna,icon_seamless,2026-09-28T10:00,29.1,0.0,8.0
Patna,icon_seamless,2026-09-28T11:00,29.9,0.0,8.5
Patna,icon_seamless,2026-09-28T12:00,30.4,0.0,9.3
Patna,icon_seamless,2026-09-28T13:00,30.6,0.0,9.3
Patna,icon_seamless,2026-09-28T14:00,30.8,0.0,9.0
Patna,icon_seamless,2026-09-28T15:00,30.5,0.0,7.9
Patna,icon_seamless,2026-09-28T16:00,29.8,0.0,6.9
Patna,icon_seamless,2026-09-28T17:00,28.7,0.0,4.3
Patna,icon_seamless,2026-09-28T18:00,27.5,0.0,4.0
Patna,icon_seamless,2026-09-28T19:00,26.9,0.0,3.6
Patna,icon_seamless,2026-09-28T20:00,26.4,0.0,3.3
Patna,icon_seamless,2026-09-28T21:00,26.0,0.0,3.3
Patna,icon_seamless,2026-09-28T22:00,25.7,0.0,3.6
Patna,icon_seamless,2026-09-28T23:00,25.4,0.0,4.0
Patna,icon_seamless,2026-09-29T00:00,25.1,0.0,4.7
Patna,icon_seamless,2026-09-29T01:00,24.9,0.0,4.7
Patna,icon_seamless,2026-09-29T02:00,24.8,0.0,4.3
Patna,icon_seamless,2026-09-29T03:00,24.6,0.0,4.3
Patna,icon_seamless,2026-09-29T04:00,24.5,0.0,4.3
Patna,icon_seamless,2026-09-29T05:00,24.4,0.0,4.3
Patna,icon_seamless,2026-09-29T06:00,24.6,0.0,5.0
Patna,icon_seamless,2026-09-29T07:00,25.9,0.0,6.1
Patna,icon_seamless,2026-09-29T08:00,27.4,0.0,6.6
Patna,icon_seamless,2026-09-29T09:00,29.0,0.0,6.9
Patna,icon_seamless,2026-09-29T10:00,30.1,0.0,9.0
Patna,icon_seamless,2026-09-29T11:00,31.0,0.0,9.5
Patna,icon_seamless,2026-09-29T12:00,31.6,0.0,9.4
Patna,icon_seamless,2026-09-29T13:00,31.9,0.0,9.6
Patna,icon_seamless,2026-09-29T14:00,31.9,0.0,9.9
Patna,icon_seamless,2026-09-29T15:00,31.5,0.0,9.6
Patna,icon_seamless,2026-09-29T16:00,30.8,0.0,8.2
Patna,icon_seamless,2026-09-29T17:00,29.5,0.0,5.7
Patna,icon_seamless,2026-09-29T18:00,28.4,0.0,5.2
Patna,icon_seamless,2026-09-29T19:00,27.6,0.0,4.7
Patna,icon_seamless,2026-09-29T20:00,27.1,0.0,4.0
Patna,icon_seamless,2026-09-29T21:00,26.5,0.0,4.0
Patna,icon_seamless,2026-09-29T22:00,26.1,0.0,4.0
Patna,icon_seamless,2026-09-29T23:00,25.7,0.0,4.7
Patna,gem_seamless,2026-09-27T00:00,24.2,1.2,15.8
Patna,gem_seamless,2026-09-27T01:00,24.2,3.3,13.0
Patna,gem_seamless,2026-09-27T02:00,24.3,1.0,11.9
Patna,gem_seamless,2026-09-27T03:00,24.1,0.1,8.3
Patna,gem_seamless,2026-09-27T04:00,23.9,0.0,7.2
Patna,gem_seamless,2026-09-27T05:00,23.7,0.0,7.2
Patna,gem_seamless,2026-09-27T06:00,23.7,0.0,8.3
Patna,gem_seamless,2026-09-27T07:00,25.0,0.0,7.9
Patna,gem_seamless,2026-09-27T08:00,26.3,0.0,5.4
Patna,gem_seamless,2026-09-27T09:00,27.7,0.0,3.2
Patna,gem_seamless,2026-09-27T10:00,28.2,0.0,1.4
Patna,gem_seamless,2026-09-27T11:00,28.8,0.0,3.2
Patna,gem_seamless,2026-09-27T12:00,29.6,0.0,2.2
Patna,gem_seamless,2026-09-27T13:00,29.9,0.0,3.2
Patna,gem_seamless,2026-09-27T14:00,30.0,0.0,5.4
Patna,gem_seamless,2026-09-27T15:00,29.7,0.0,7.2
Patna,gem_seamless,2026-09-27T16:00,28.9,0.0,6.1
Patna,gem_seamless,2026-09-27T17:00,27.7,0.0,4.7
Patna,gem_seamless,2026-09-27T18:00,26.2,0.0,7.6
Patna,gem_seamless,2026-09-27T19:00,25.3,0.0,9.7
Patna,gem_seamless,2026-09-27T20:00,24.6,0.0,7.6
Patna,gem_seamless,2026-09-27T21:00,24.0,0.0,8.3
Patna,gem_seamless,2026-09-27T22:00,23.8,0.0,10.4
Patna,gem_seamless,2026-09-27T23:00,23.7,0.0,10.4
Patna,gem_seamless,2026-09-28T00:00,23.4,0.0,8.6
Patna,gem_seamless,2026-09-28T01:00,23.1,0.0,7.2
Patna,gem_seamless,2026-09-28T02:00,22.7,0.0,5.4
Patna,gem_seamless,2026-09-28T03:00,22.4,0.0,4.3
Patna,gem_seamless,2026-09-28T04:00,22.2,0.0,5.4
Patna,gem_seamless,2026-09-28T05:00,22.3,0.0,7.9
Patna,gem_seamless,2026-09-28T06:00,22.7,0.0,9.0
Patna,gem_seamless,2026-09-28T07:00,23.5,0.0,9.7
Patna,gem_seamless,2026-09-28T08:00,24.6,0.0,9.4
Patna,gem_seamless,2026-09-28T09:00,26.1,0.0,9.0
Patna,gem_seamless,2026-09-28T10:00,27.6,0.0,10.4
Patna,gem_seamless,2026-09-28T11:00,28.4,0.0,12.2
Patna,gem_seamless,2026-09-28T12:00,29.0,0.0,12.6
Patna,gem_seamless,2026-09-28T13:00,29.5,0.0,12.6
Patna,gem_seamless,2026-09-28T14:00,29.7,0.0,13.3
Patna,gem_seamless,2026-09-28T15:00,29.5,0.0,13.0
Patna,gem_seamless,2026-09-28T16:00,29.1,0.0,10.8
Patna,gem_seamless,2026-09-28T17:00,28.0,0.0,7.6
Patna,gem_seamless,2026-09-28T18:00,26.6,0.0,7.6
Patna,gem_seamless,2026-09-28T19:00,25.4,0.0,8.3
Patna,gem_seamless,2026-09-28T20:00,24.8,0.0,7.6
Patna,gem_seamless,2026-09-28T21:00,24.3,0.0,6.5
Patna,gem_seamless,2026-09-28T22:00,23.9,0.0,6.5
Patna,gem_seamless,2026-09-28T23:00,23.5,0.0,6.5
Patna,gem_seamless,2026-09-29T00:00,23.2,0.0,6.5
Patna,gem_seamless,2026-09-29T01:00,22.8,0.0,6.5
Patna,gem_seamless,2026-09-29T02:00,22.5,0.0,7.2
Patna,gem_seamless,2026-09-29T03:00,22.3,0.0,9.0
Patna,gem_seamless,2026-09-29T04:00,22.3,0.0,9.0
Patna,gem_seamless,2026-09-29T05:00,22.2,0.0,8.3
Patna,gem_seamless,2026-09-29T06:00,22.5,0.0,8.3
Patna,gem_seamless,2026-09-29T07:00,24.2,0.0,7.9
Patna,gem_seamless,2026-09-29T08:00,26.3,0.0,10.1
Patna,gem_seamless,2026-09-29T09:00,27.9,0.0,11.9
Patna,gem_seamless,2026-09-29T10:00,28.8,0.0,14.8
Patna,gem_seamless,2026-09-29T11:00,29.6,0.0,16.2
Patna,gem_seamless,2026-09-29T12:00,30.0,0.0,16.2
Patna,gem_seamless,2026-09-29T13:00,30.2,0.0,15.5
Patna,gem_seamless,2026-09-29T14:00,30.2,0.0,14.8
Patna,gem_seamless,2026-09-29T15:00,30.1,0.0,13.0
Patna,gem_seamless,2026-09-29T16:00,29.6,0.0,11.5
Patna,gem_seamless,2026-09-29T17:00,28.1,0.0,7.6
Patna,gem_seamless,2026-09-29T18:00,26.6,0.0,6.5
Patna,gem_seamless,2026-09-29T19:00,25.5,0.0,4.7
Patna,gem_seamless,2026-09-29T20:00,24.7,0.0,4.3
Patna,gem_seamless,2026-09-29T21:00,24.2,0.0,4.3
Patna,gem_seamless,2026-09-29T22:00,23.6,0.0,5.4
Patna,gem_seamless,2026-09-29T23:00,23.0,0.0,6.5
Vadodara,ecmwf_ifs025,2026-09-27T00:00,26.8,0.0,14.3
Vadodara,ecmwf_ifs025,2026-09-27T01:00,26.5,0.0,14.1
Vadodara,ecmwf_ifs025,2026-09-27T02:00,26.2,0.0,13.9
Vadodara,ecmwf_ifs025,2026-09-27T03:00,25.7,0.0,13.2
Vadodara,ecmwf_ifs025,2026-09-27T04:00,25.2,0.0,11.8
Vadodara,ecmwf_ifs025,2026-09-27T05:00,25.0,0.0,11.3
Vadodara,ecmwf_ifs025,2026-09-27T06:00,25.4,0.0,11.8
Vadodara,ecmwf_ifs025,2026-09-27T07:00,26.2,0.0,13.4
Vadodara,ecmwf_ifs025,2026-09-27T08:00,27.2,0.0,14.5
Vadodara,ecmwf_ifs025,2026-09-27T09:00,28.4,0.0,15.6
Vadodara,ecmwf_ifs025,2026-09-27T10:00,29.8,0.0,16.6
Vadodara,ecmwf_ifs025,2026-09-27T11:00,31.0,0.0,17.2
Vadodara,ecmwf_ifs025,2026-09-27T12:00,31.7,0.0,17.4
Vadodara,ecmwf_ifs025,2026-09-27T13:00,32.0,0.0,17.6
Vadodara,ecmwf_ifs025,2026-09-27T14:00,32.1,0.0,17.3
Vadodara,ecmwf_ifs025,2026-09-27T15:00,31.7,0.0,16.5
Vadodara,ecmwf_ifs025,2026-09-27T16:00,30.9,0.0,14.9
Vadodara,ecmwf_ifs025,2026-09-27T17:00,30.1,0.0,13.8
Vadodara,ecmwf_ifs025,2026-09-27T18:00,29.1,0.0,12.8
Vadodara,ecmwf_ifs025,2026-09-27T19:00,28.0,0.0,12.2
Vadodara,ecmwf_ifs025,2026-09-27T20:00,27.2,0.0,12.2
Vadodara,ecmwf_ifs025,2026-09-27T21:00,26.7,0.0,12.5
Vadodara,ecmwf_ifs025,2026-09-27T22:00,26.5,0.0,12.8
Vadodara,ecmwf_ifs025,2026-09-27T23:00,26.3,0.0,12.7
Vadodara,ecmwf_ifs025,2026-09-28T00:00,26.1,0.0,12.1
Vadodara,ecmwf_ifs025,2026-09-28T01:00,26.0,0.0,11.2
Vadodara,ecmwf_ifs025,2026-09-28T02:00,25.9,0.0,10.4
Vadodara,ecmwf_ifs025,2026-09-28T03:00,25.8,0.0,9.2
Vadodara,ecmwf_ifs025,2026-09-28T04:00,25.8,0.0,7.8
Vadodara,ecmwf_ifs025,2026-09-28T05:00,25.8,0.0,6.4
Vadodara,ecmwf_ifs025,2026-09-28T06:00,26.0,0.0,6.0
Vadodara,ecmwf_ifs025,2026-09-28T07:00,26.3,0.0,5.8
Vadodara,ecmwf_ifs025,2026-09-28T08:00,26.9,0.0,6.1
Vadodara,ecmwf_ifs025,2026-09-28T09:00,28.0,0.0,7.1
Vadodara,ecmwf_ifs025,2026-09-28T10:00,29.3,0.0,8.9
Vadodara,ecmwf_ifs025,2026-09-28T11:00,30.4,0.0,10.2
Vadodara,ecmwf_ifs025,2026-09-28T12:00,31.2,0.0,10.4
Vadodara,ecmwf_ifs025,2026-09-28T13:00,31.8,0.0,10.1
Vadodara,ecmwf_ifs025,2026-09-28T14:00,32.1,0.0,9.6
Vadodara,ecmwf_ifs025,2026-09-28T15:00,31.9,0.0,9.4
Vadodara,ecmwf_ifs025,2026-09-28T16:00,31.4,0.0,8.5
Vadodara,ecmwf_ifs025,2026-09-28T17:00,30.7,0.0,8.0
Vadodara,ecmwf_ifs025,2026-09-28T18:00,29.6,0.0,7.1
Vadodara,ecmwf_ifs025,2026-09-28T19:00,28.2,0.0,5.9
Vadodara,ecmwf_ifs025,2026-09-28T20:00,27.0,0.0,5.1
Vadodara,ecmwf_ifs025,2026-09-28T21:00,26.2,0.0,4.8
Vadodara,ecmwf_ifs025,2026-09-28T22:00,25.6,0.0,4.9
Vadodara,ecmwf_ifs025,2026-09-28T23:00,25.1,0.0,5.2
Vadodara,ecmwf_ifs025,2026-09-29T00:00,24.7,0.0,5.6
Vadodara,ecmwf_ifs025,2026-09-29T01:00,24.5,0.0,6.1
Vadodara,ecmwf_ifs025,2026-09-29T02:00,24.2,0.0,6.3
Vadodara,ecmwf_ifs025,2026-09-29T03:00,23.8,0.0,5.8
Vadodara,ecmwf_ifs025,2026-09-29T04:00,23.3,0.0,5.2
Vadodara,ecmwf_ifs025,2026-09-29T05:00,23.3,0.0,4.7
Vadodara,ecmwf_ifs025,2026-09-29T06:00,23.9,0.0,4.3
Vadodara,ecmwf_ifs025,2026-09-29T07:00,25.1,0.0,4.3
Vadodara,ecmwf_ifs025,2026-09-29T08:00,26.4,0.0,4.0
Vadodara,ecmwf_ifs025,2026-09-29T09:00,27.9,0.0,3.3
Vadodara,ecmwf_ifs025,2026-09-29T10:00,29.7,0.0,2.3
Vadodara,ecmwf_ifs025,2026-09-29T11:00,31.1,0.0,2.3
Vadodara,ecmwf_ifs025,2026-09-29T12:00,31.9,0.0,3.1
Vadodara,ecmwf_ifs025,2026-09-29T13:00,32.5,0.0,4.4
Vadodara,ecmwf_ifs025,2026-09-29T14:00,32.7,0.0,5.2
Vadodara,ecmwf_ifs025,2026-09-29T15:00,32.6,0.0,5.1
Vadodara,ecmwf_ifs025,2026-09-29T16:00,32.2,0.0,4.7
Vadodara,ecmwf_ifs025,2026-09-29T17:00,31.6,0.0,4.6
Vadodara,ecmwf_ifs025,2026-09-29T18:00,30.6,0.0,4.0
Vadodara,ecmwf_ifs025,2026-09-29T19:00,29.4,0.0,3.6
Vadodara,ecmwf_ifs025,2026-09-29T20:00,28.3,0.0,3.0
Vadodara,ecmwf_ifs025,2026-09-29T21:00,27.7,0.0,2.5
Vadodara,ecmwf_ifs025,2026-09-29T22:00,27.3,0.0,3.1
Vadodara,ecmwf_ifs025,2026-09-29T23:00,26.8,0.0,3.3
Vadodara,gfs_seamless,2026-09-27T00:00,27.9,0.0,17.7
Vadodara,gfs_seamless,2026-09-27T01:00,27.2,0.0,17.9
Vadodara,gfs_seamless,2026-09-27T02:00,26.7,0.0,18.6
Vadodara,gfs_seamless,2026-09-27T03:00,26.3,0.0,18.2
Vadodara,gfs_seamless,2026-09-27T04:00,26.1,0.0,17.7
Vadodara,gfs_seamless,2026-09-27T05:00,25.9,0.0,16.8
Vadodara,gfs_seamless,2026-09-27T06:00,25.8,0.0,15.6
Vadodara,gfs_seamless,2026-09-27T07:00,26.1,0.0,16.4
Vadodara,gfs_seamless,2026-09-27T08:00,27.4,0.0,18.7
Vadodara,gfs_seamless,2026-09-27T09:00,28.9,0.0,19.7
Vadodara,gfs_seamless,2026-09-27T10:00,30.5,0.0,19.5
Vadodara,gfs_seamless,2026-09-27T11:00,31.8,0.0,20.1
Vadodara,gfs_seamless,2026-09-27T12:00,32.8,0.0,20.4
Vadodara,gfs_seamless,2026-09-27T13:00,33.5,0.0,20.4
Vadodara,gfs_seamless,2026-09-27T14:00,33.8,0.0,19.7
Vadodara,gfs_seamless,2026-09-27T15:00,33.8,0.0,19.1
Vadodara,gfs_seamless,2026-09-27T16:00,33.2,0.0,20.0
Vadodara,gfs_seamless,2026-09-27T17:00,31.6,0.0,21.4
Vadodara,gfs_seamless,2026-09-27T18:00,29.5,0.0,20.6
Vadodara,gfs_seamless,2026-09-27T19:00,28.5,0.0,19.3
Vadodara,gfs_seamless,2026-09-27T20:00,27.8,0.0,19.4
Vadodara,gfs_seamless,2026-09-27T21:00,27.3,0.0,19.2
Vadodara,gfs_seamless,2026-09-27T22:00,27.0,0.0,21.2
Vadodara,gfs_seamless,2026-09-27T23:00,27.0,0.0,20.1
Vadodara,gfs_seamless,2026-09-28T00:00,27.0,0.0,17.4
Vadodara,gfs_seamless,2026-09-28T01:00,27.0,0.0,15.5
Vadodara,gfs_seamless,2026-09-28T02:00,26.8,0.0,14.8
Vadodara,gfs_seamless,2026-09-28T03:00,26.5,0.0,13.0
Vadodara,gfs_seamless,2026-09-28T04:00,26.2,0.0,11.7
Vadodara,gfs_seamless,2026-09-28T05:00,25.9,0.0,9.7
Vadodara,gfs_seamless,2026-09-28T06:00,25.7,0.0,8.0
Vadodara,gfs_seamless,2026-09-28T07:00,26.0,0.0,7.4
Vadodara,gfs_seamless,2026-09-28T08:00,27.2,0.0,9.2
Vadodara,gfs_seamless,2026-09-28T09:00,28.6,0.0,11.2
Vadodara,gfs_seamless,2026-09-28T10:00,30.4,0.0,12.2
Vadodara,gfs_seamless,2026-09-28T11:00,32.0,0.0,13.3
Vadodara,gfs_seamless,2026-09-28T12:00,33.1,0.0,14.6
Vadodara,gfs_seamless,2026-09-28T13:00,33.9,0.0,15.5
Vadodara,gfs_seamless,2026-09-28T14:00,34.3,0.0,17.1
Vadodara,gfs_seamless,2026-09-28T15:00,34.3,0.0,17.6
Vadodara,gfs_seamless,2026-09-28T16:00,33.7,0.0,16.4
Vadodara,gfs_seamless,2026-09-28T17:00,32.9,0.0,14.5
Vadodara,gfs_seamless,2026-09-28T18:00,31.8,0.0,14.3
Vadodara,gfs_seamless,2026-09-28T19:00,30.4,0.0,15.6
Vadodara,gfs_seamless,2026-09-28T20:00,29.3,0.0,15.7
Vadodara,gfs_seamless,2026-09-28T21:00,28.4,0.0,15.9
Vadodara,gfs_seamless,2026-09-28T22:00,27.8,0.0,16.0
Vadodara,gfs_seamless,2026-09-28T23:00,27.4,0.0,15.1
Vadodara,gfs_seamless,2026-09-29T00:00,27.2,0.0,13.7
Vadodara,gfs_seamless,2026-09-29T01:00,27.1,0.0,12.0
Vadodara,gfs_seamless,2026-09-29T02:00,26.8,0.0,10.8
Vadodara,gfs_seamless,2026-09-29T03:00,26.7,0.0,9.4
Vadodara,gfs_seamless,2026-09-29T04:00,26.6,0.0,8.2
Vadodara,gfs_seamless,2026-09-29T05:00,26.5,0.0,6.5
Vadodara,gfs_seamless,2026-09-29T06:00,26.5,0.0,4.7
Vadodara,gfs_seamless,2026-09-29T07:00,26.9,0.0,3.2
Vadodara,gfs_seamless,2026-09-29T08:00,28.1,0.0,1.3
Vadodara,gfs_seamless,2026-09-29T09:00,29.6,0.0,2.1
Vadodara,gfs_seamless,2026-09-29T10:00,31.2,0.0,3.1
Vadodara,gfs_seamless,2026-09-29T11:00,32.7,0.0,3.3
Vadodara,gfs_seamless,2026-09-29T12:00,34.1,0.0,5.4
Vadodara,gfs_seamless,2026-09-29T13:00,35.0,0.0,6.4
Vadodara,gfs_seamless,2026-09-29T14:00,35.5,0.0,8.1
Vadodara,gfs_seamless,2026-09-29T15:00,35.7,0.0,9.4
Vadodara,gfs_seamless,2026-09-29T16:00,35.6,0.0,10.0
Vadodara,gfs_seamless,2026-09-29T17:00,34.6,0.0,12.3
Vadodara,gfs_seamless,2026-09-29T18:00,33.1,0.0,12.6
Vadodara,gfs_seamless,2026-09-29T19:00,32.4,0.0,9.8
Vadodara,gfs_seamless,2026-09-29T20:00,32.0,0.0,6.7
Vadodara,gfs_seamless,2026-09-29T21:00,31.6,0.0,4.0
Vadodara,gfs_seamless,2026-09-29T22:00,31.2,0.0,2.8
Vadodara,gfs_seamless,2026-09-29T23:00,30.6,0.0,4.7
Vadodara,icon_seamless,2026-09-27T00:00,27.1,0.0,16.1
Vadodara,icon_seamless,2026-09-27T01:00,26.8,0.0,15.1
Vadodara,icon_seamless,2026-09-27T02:00,26.4,0.0,13.5
Vadodara,icon_seamless,2026-09-27T03:00,26.0,0.0,12.1
Vadodara,icon_seamless,2026-09-27T04:00,25.8,0.0,12.1
Vadodara,icon_seamless,2026-09-27T05:00,25.8,0.0,11.2
Vadodara,icon_seamless,2026-09-27T06:00,25.7,0.0,9.9
Vadodara,icon_seamless,2026-09-27T07:00,25.9,0.0,9.9
Vadodara,icon_seamless,2026-09-27T08:00,27.1,0.0,12.4
Vadodara,icon_seamless,2026-09-27T09:00,28.5,0.0,17.2
Vadodara,icon_seamless,2026-09-27T10:00,30.0,0.0,18.4
Vadodara,icon_seamless,2026-09-27T11:00,31.0,0.0,18.2
Vadodara,icon_seamless,2026-09-27T12:00,31.9,0.0,17.7
Vadodara,icon_seamless,2026-09-27T13:00,32.5,0.0,17.5
Vadodara,icon_seamless,2026-09-27T14:00,32.9,0.0,17.3
Vadodara,icon_seamless,2026-09-27T15:00,32.8,0.0,17.0
Vadodara,icon_seamless,2026-09-27T16:00,32.3,0.0,16.2
Vadodara,icon_seamless,2026-09-27T17:00,31.4,0.0,15.1
Vadodara,icon_seamless,2026-09-27T18:00,30.1,0.0,11.4
Vadodara,icon_seamless,2026-09-27T19:00,28.6,0.0,11.2
Vadodara,icon_seamless,2026-09-27T20:00,27.7,0.0,11.1
Vadodara,icon_seamless,2026-09-27T21:00,27.1,0.0,11.6
Vadodara,icon_seamless,2026-09-27T22:00,26.7,0.0,11.7
Vadodara,icon_seamless,2026-09-27T23:00,26.5,0.0,12.2
Vadodara,icon_seamless,2026-09-28T00:00,26.3,0.0,11.8
Vadodara,icon_seamless,2026-09-28T01:00,26.2,0.0,11.1
Vadodara,icon_seamless,2026-09-28T02:00,26.1,0.0,8.9
Vadodara,icon_seamless,2026-09-28T03:00,25.7,0.0,7.2
Vadodara,icon_seamless,2026-09-28T04:00,25.3,0.0,5.5
Vadodara,icon_seamless,2026-09-28T05:00,25.0,0.0,4.2
Vadodara,icon_seamless,2026-09-28T06:00,24.8,0.0,3.6
Vadodara,icon_seamless,2026-09-28T07:00,25.2,0.0,3.4
Vadodara,icon_seamless,2026-09-28T08:00,26.6,0.0,5.6
Vadodara,icon_seamless,2026-09-28T09:00,27.9,0.0,7.1
Vadodara,icon_seamless,2026-09-28T10:00,29.4,0.0,10.0
Vadodara,icon_seamless,2026-09-28T11:00,30.8,0.0,10.8
Vadodara,icon_seamless,2026-09-28T12:00,31.9,0.0,10.6
Vadodara,icon_seamless,2026-09-28T13:00,32.6,0.0,10.2
Vadodara,icon_seamless,2026-09-28T14:00,32.8,0.0,9.7
Vadodara,icon_seamless,2026-09-28T15:00,32.9,0.0,9.1
Vadodara,icon_seamless,2026-09-28T16:00,32.7,0.0,9.0
Vadodara,icon_seamless,2026-09-28T17:00,32.1,0.0,8.6
Vadodara,icon_seamless,2026-09-28T18:00,30.6,0.0,6.5
Vadodara,icon_seamless,2026-09-28T19:00,29.2,0.0,5.8
Vadodara,icon_seamless,2026-09-28T20:00,28.1,0.0,5.2
Vadodara,icon_seamless,2026-09-28T21:00,27.1,0.0,5.5
Vadodara,icon_seamless,2026-09-28T22:00,26.4,0.0,5.0
Vadodara,icon_seamless,2026-09-28T23:00,25.8,0.0,4.1
Vadodara,icon_seamless,2026-09-29T00:00,25.3,0.0,3.3
Vadodara,icon_seamless,2026-09-29T01:00,24.8,0.0,3.9
Vadodara,icon_seamless,2026-09-29T02:00,24.4,0.0,4.1
Vadodara,icon_seamless,2026-09-29T03:00,24.2,0.0,2.6
Vadodara,icon_seamless,2026-09-29T04:00,24.1,0.0,1.1
Vadodara,icon_seamless,2026-09-29T05:00,24.1,0.0,1.0
Vadodara,icon_seamless,2026-09-29T06:00,23.9,0.0,2.6
Vadodara,icon_seamless,2026-09-29T07:00,24.3,0.0,3.4
Vadodara,icon_seamless,2026-09-29T08:00,26.3,0.0,5.9
Vadodara,icon_seamless,2026-09-29T09:00,28.2,0.0,5.7
Vadodara,icon_seamless,2026-09-29T10:00,30.0,0.0,3.9
Vadodara,icon_seamless,2026-09-29T11:00,31.6,0.0,2.1
Vadodara,icon_seamless,2026-09-29T12:00,32.7,0.0,1.0
Vadodara,icon_seamless,2026-09-29T13:00,33.5,0.0,1.6
Vadodara,icon_seamless,2026-09-29T14:00,34.1,0.0,2.5
Vadodara,icon_seamless,2026-09-29T15:00,34.2,0.0,4.6
Vadodara,icon_seamless,2026-09-29T16:00,34.0,0.0,5.9
Vadodara,icon_seamless,2026-09-29T17:00,33.4,0.0,6.1
Vadodara,icon_seamless,2026-09-29T18:00,31.9,0.0,4.8
Vadodara,icon_seamless,2026-09-29T19:00,30.5,0.0,4.6
Vadodara,icon_seamless,2026-09-29T20:00,29.6,0.0,4.5
Vadodara,icon_seamless,2026-09-29T21:00,28.9,0.0,3.6
Vadodara,icon_seamless,2026-09-29T22:00,28.3,0.0,3.4
Vadodara,icon_seamless,2026-09-29T23:00,27.7,0.0,3.6
Vadodara,gem_seamless,2026-09-27T00:00,27.3,0.0,17.3
Vadodara,gem_seamless,2026-09-27T01:00,26.7,0.0,17.3
Vadodara,gem_seamless,2026-09-27T02:00,25.8,0.0,16.9
Vadodara,gem_seamless,2026-09-27T03:00,25.0,0.0,15.8
Vadodara,gem_seamless,2026-09-27T04:00,24.3,0.0,14.0
Vadodara,gem_seamless,2026-09-27T05:00,24.1,0.0,13.0
Vadodara,gem_seamless,2026-09-27T06:00,23.9,0.0,13.0
Vadodara,gem_seamless,2026-09-27T07:00,24.6,0.0,14.4
Vadodara,gem_seamless,2026-09-27T08:00,26.6,0.0,19.1
Vadodara,gem_seamless,2026-09-27T09:00,28.9,0.0,21.2
Vadodara,gem_seamless,2026-09-27T10:00,30.6,0.0,22.0
Vadodara,gem_seamless,2026-09-27T11:00,31.5,0.0,22.0
Vadodara,gem_seamless,2026-09-27T12:00,32.4,0.0,20.5
Vadodara,gem_seamless,2026-09-27T13:00,33.1,0.0,19.8
Vadodara,gem_seamless,2026-09-27T14:00,33.5,0.0,19.4
Vadodara,gem_seamless,2026-09-27T15:00,33.7,0.0,19.1
Vadodara,gem_seamless,2026-09-27T16:00,33.5,0.0,18.7
Vadodara,gem_seamless,2026-09-27T17:00,32.6,0.0,18.7
Vadodara,gem_seamless,2026-09-27T18:00,30.9,0.0,18.7
Vadodara,gem_seamless,2026-09-27T19:00,28.9,0.0,19.1
Vadodara,gem_seamless,2026-09-27T20:00,27.5,0.0,18.4
Vadodara,gem_seamless,2026-09-27T21:00,26.5,0.0,18.0
Vadodara,gem_seamless,2026-09-27T22:00,25.9,0.0,17.3
Vadodara,gem_seamless,2026-09-27T23:00,25.5,0.0,16.9
Vadodara,gem_seamless,2026-09-28T00:00,25.2,0.0,15.5
Vadodara,gem_seamless,2026-09-28T01:00,24.9,0.0,13.7
Vadodara,gem_seamless,2026-09-28T02:00,24.6,0.0,11.5
Vadodara,gem_seamless,2026-09-28T03:00,24.1,0.0,9.4
Vadodara,gem_seamless,2026-09-28T04:00,23.4,0.0,7.2
Vadodara,gem_seamless,2026-09-28T05:00,22.9,0.0,5.4
Vadodara,gem_seamless,2026-09-28T06:00,22.3,0.0,4.0
Vadodara,gem_seamless,2026-09-28T07:00,23.4,0.0,4.0
Vadodara,gem_seamless,2026-09-28T08:00,25.8,0.0,7.6
Vadodara,gem_seamless,2026-09-28T09:00,27.7,0.0,10.1
Vadodara,gem_seamless,2026-09-28T10:00,29.7,0.0,12.2
Vadodara,gem_seamless,2026-09-28T11:00,31.3,0.0,13.7
Vadodara,gem_seamless,2026-09-28T12:00,32.4,0.0,15.1
Vadodara,gem_seamless,2026-09-28T13:00,33.1,0.0,16.2
Vadodara,gem_seamless,2026-09-28T14:00,33.5,0.0,16.2
Vadodara,gem_seamless,2026-09-28T15:00,33.6,0.0,15.5
Vadodara,gem_seamless,2026-09-28T16:00,33.4,0.0,13.7
Vadodara,gem_seamless,2026-09-28T17:00,32.7,0.0,10.8
Vadodara,gem_seamless,2026-09-28T18:00,30.6,0.0,7.2
Vadodara,gem_seamless,2026-09-28T19:00,28.3,0.0,6.5
Vadodara,gem_seamless,2026-09-28T20:00,26.8,0.0,7.6
Vadodara,gem_seamless,2026-09-28T21:00,25.6,0.0,8.6
Vadodara,gem_seamless,2026-09-28T22:00,24.6,0.0,8.3
Vadodara,gem_seamless,2026-09-28T23:00,23.9,0.0,7.9
Vadodara,gem_seamless,2026-09-29T00:00,23.3,0.0,7.6
Vadodara,gem_seamless,2026-09-29T01:00,23.1,0.0,7.6
Vadodara,gem_seamless,2026-09-29T02:00,23.0,0.0,7.2
Vadodara,gem_seamless,2026-09-29T03:00,23.0,0.0,7.6
Vadodara,gem_seamless,2026-09-29T04:00,22.8,0.0,7.2
Vadodara,gem_seamless,2026-09-29T05:00,22.5,0.0,7.2
Vadodara,gem_seamless,2026-09-29T06:00,22.3,0.0,7.2
Vadodara,gem_seamless,2026-09-29T07:00,23.3,0.0,8.3
Vadodara,gem_seamless,2026-09-29T08:00,25.9,0.0,6.8
Vadodara,gem_seamless,2026-09-29T09:00,28.3,0.0,6.1
Vadodara,gem_seamless,2026-09-29T10:00,30.5,0.0,6.5
Vadodara,gem_seamless,2026-09-29T11:00,32.4,0.0,7.2
Vadodara,gem_seamless,2026-09-29T12:00,33.7,0.0,7.9
Vadodara,gem_seamless,2026-09-29T13:00,34.6,0.0,8.6
Vadodara,gem_seamless,2026-09-29T14:00,34.8,0.0,9.4
Vadodara,gem_seamless,2026-09-29T15:00,34.9,0.0,10.8
Vadodara,gem_seamless,2026-09-29T16:00,31.9,0.9,7.6
Vadodara,gem_seamless,2026-09-29T17:00,30.4,0.5,5.4
Vadodara,gem_seamless,2026-09-29T18:00,28.8,0.0,6.5
Vadodara,gem_seamless,2026-09-29T19:00,27.3,0.0,6.8
Vadodara,gem_seamless,2026-09-29T20:00,26.4,0.0,7.6
Vadodara,gem_seamless,2026-09-29T21:00,25.9,0.0,7.9
Vadodara,gem_seamless,2026-09-29T22:00,25.4,0.0,6.8
Vadodara,gem_seamless,2026-09-29T23:00,24.9,0.0,4.3
Ghaziabad,ecmwf_ifs025,2026-09-27T00:00,22.2,0.4,5.3
Ghaziabad,ecmwf_ifs025,2026-09-27T01:00,22.4,0.4,2.5
Ghaziabad,ecmwf_ifs025,2026-09-27T02:00,22.5,0.4,0.8
Ghaziabad,ecmwf_ifs025,2026-09-27T03:00,22.4,0.1,1.9
Ghaziabad,ecmwf_ifs025,2026-09-27T04:00,22.3,0.1,3.6
Ghaziabad,ecmwf_ifs025,2026-09-27T05:00,22.3,0.1,4.6
Ghaziabad,ecmwf_ifs025,2026-09-27T06:00,22.4,0.0,4.3
Ghaziabad,ecmwf_ifs025,2026-09-27T07:00,22.6,0.0,3.8
Ghaziabad,ecmwf_ifs025,2026-09-27T08:00,23.1,0.0,2.6
Ghaziabad,ecmwf_ifs025,2026-09-27T09:00,24.0,0.0,3.9
Ghaziabad,ecmwf_ifs025,2026-09-27T10:00,25.2,0.0,8.4
Ghaziabad,ecmwf_ifs025,2026-09-27T11:00,26.0,0.0,11.8
Ghaziabad,ecmwf_ifs025,2026-09-27T12:00,26.2,0.0,13.0
Ghaziabad,ecmwf_ifs025,2026-09-27T13:00,25.9,0.0,12.9
Ghaziabad,ecmwf_ifs025,2026-09-27T14:00,25.6,0.0,12.6
Ghaziabad,ecmwf_ifs025,2026-09-27T15:00,25.3,0.0,10.4
Ghaziabad,ecmwf_ifs025,2026-09-27T16:00,24.9,0.0,6.5
Ghaziabad,ecmwf_ifs025,2026-09-27T17:00,24.4,0.0,4.0
Ghaziabad,ecmwf_ifs025,2026-09-27T18:00,23.7,0.0,2.9
Ghaziabad,ecmwf_ifs025,2026-09-27T19:00,22.9,0.0,3.1
Ghaziabad,ecmwf_ifs025,2026-09-27T20:00,22.3,0.0,2.8
Ghaziabad,ecmwf_ifs025,2026-09-27T21:00,21.8,0.0,2.2
Ghaziabad,ecmwf_ifs025,2026-09-27T22:00,21.3,0.0,3.1
Ghaziabad,ecmwf_ifs025,2026-09-27T23:00,21.0,0.0,4.3
Ghaziabad,ecmwf_ifs025,2026-09-28T00:00,20.9,0.0,4.6
Ghaziabad,ecmwf_ifs025,2026-09-28T01:00,20.8,0.0,4.1
Ghaziabad,ecmwf_ifs025,2026-09-28T02:00,20.7,0.0,3.8
Ghaziabad,ecmwf_ifs025,2026-09-28T03:00,20.5,0.0,4.2
Ghaziabad,ecmwf_ifs025,2026-09-28T04:00,20.3,0.0,4.6
Ghaziabad,ecmwf_ifs025,2026-09-28T05:00,20.5,0.0,4.8
Ghaziabad,ecmwf_ifs025,2026-09-28T06:00,21.3,0.0,4.0
Ghaziabad,ecmwf_ifs025,2026-09-28T07:00,22.4,0.0,2.9
Ghaziabad,ecmwf_ifs025,2026-09-28T08:00,23.6,0.0,1.8
Ghaziabad,ecmwf_ifs025,2026-09-28T09:00,24.8,0.0,1.0
Ghaziabad,ecmwf_ifs025,2026-09-28T10:00,26.0,0.0,0.7
Ghaziabad,ecmwf_ifs025,2026-09-28T11:00,27.1,0.0,0.5
Ghaziabad,ecmwf_ifs025,2026-09-28T12:00,28.0,0.0,0.8
Ghaziabad,ecmwf_ifs025,2026-09-28T13:00,28.7,0.0,3.2
Ghaziabad,ecmwf_ifs025,2026-09-28T14:00,29.1,0.0,4.7
Ghaziabad,ecmwf_ifs025,2026-09-28T15:00,28.9,0.1,5.1
Ghaziabad,ecmwf_ifs025,2026-09-28T16:00,28.2,0.1,5.4
Ghaziabad,ecmwf_ifs025,2026-09-28T17:00,27.5,0.1,5.4
Ghaziabad,ecmwf_ifs025,2026-09-28T18:00,26.5,0.0,3.6
Ghaziabad,ecmwf_ifs025,2026-09-28T19:00,25.5,0.0,1.9
Ghaziabad,ecmwf_ifs025,2026-09-28T20:00,24.6,0.0,2.9
Ghaziabad,ecmwf_ifs025,2026-09-28T21:00,24.0,0.0,3.3
Ghaziabad,ecmwf_ifs025,2026-09-28T22:00,23.7,0.0,3.3
Ghaziabad,ecmwf_ifs025,2026-09-28T23:00,23.4,0.0,3.2
Ghaziabad,ecmwf_ifs025,2026-09-29T00:00,23.1,0.0,2.5
Ghaziabad,ecmwf_ifs025,2026-09-29T01:00,22.9,0.0,2.1
Ghaziabad,ecmwf_ifs025,2026-09-29T02:00,22.7,0.0,2.4
Ghaziabad,ecmwf_ifs025,2026-09-29T03:00,22.3,0.0,3.1
Ghaziabad,ecmwf_ifs025,2026-09-29T04:00,21.8,0.0,3.8
Ghaziabad,ecmwf_ifs025,2026-09-29T05:00,21.9,0.0,3.8
Ghaziabad,ecmwf_ifs025,2026-09-29T06:00,22.7,0.0,3.1
Ghaziabad,ecmwf_ifs025,2026-09-29T07:00,24.0,0.0,1.9
Ghaziabad,ecmwf_ifs025,2026-09-29T08:00,25.4,0.0,2.0
Ghaziabad,ecmwf_ifs025,2026-09-29T09:00,26.8,0.0,4.4
Ghaziabad,ecmwf_ifs025,2026-09-29T10:00,28.2,0.0,7.5
Ghaziabad,ecmwf_ifs025,2026-09-29T11:00,29.4,0.0,10.1
Ghaziabad,ecmwf_ifs025,2026-09-29T12:00,30.0,0.0,11.1
Ghaziabad,ecmwf_ifs025,2026-09-29T13:00,30.4,0.0,11.4
Ghaziabad,ecmwf_ifs025,2026-09-29T14:00,30.4,0.0,11.1
Ghaziabad,ecmwf_ifs025,2026-09-29T15:00,30.0,0.0,10.0
Ghaziabad,ecmwf_ifs025,2026-09-29T16:00,29.2,0.0,8.2
Ghaziabad,ecmwf_ifs025,2026-09-29T17:00,28.4,0.0,6.9
Ghaziabad,ecmwf_ifs025,2026-09-29T18:00,27.6,0.0,6.2
Ghaziabad,ecmwf_ifs025,2026-09-29T19:00,26.6,0.0,6.1
Ghaziabad,ecmwf_ifs025,2026-09-29T20:00,25.9,0.0,6.3
Ghaziabad,ecmwf_ifs025,2026-09-29T21:00,25.4,0.0,6.6
Ghaziabad,ecmwf_ifs025,2026-09-29T22:00,25.1,0.0,6.6
Ghaziabad,ecmwf_ifs025,2026-09-29T23:00,24.8,0.0,7.0
Ghaziabad,gfs_seamless,2026-09-27T00:00,21.7,1.0,15.5
Ghaziabad,gfs_seamless,2026-09-27T01:00,21.9,0.7,14.6
Ghaziabad,gfs_seamless,2026-09-27T02:00,21.9,0.5,12.4
Ghaziabad,gfs_seamless,2026-09-27T03:00,21.9,0.1,7.8
Ghaziabad,gfs_seamless,2026-09-27T04:00,21.6,0.2,11.3
Ghaziabad,gfs_seamless,2026-09-27T05:00,22.0,0.1,8.3
Ghaziabad,gfs_seamless,2026-09-27T06:00,22.2,0.2,4.1
Ghaziabad,gfs_seamless,2026-09-27T07:00,22.4,0.0,3.0
Ghaziabad,gfs_seamless,2026-09-27T08:00,22.6,0.0,7.4
Ghaziabad,gfs_seamless,2026-09-27T09:00,22.7,0.0,7.4
Ghaziabad,gfs_seamless,2026-09-27T10:00,23.1,0.0,8.2
Ghaziabad,gfs_seamless,2026-09-27T11:00,23.4,0.0,9.2
Ghaziabad,gfs_seamless,2026-09-27T12:00,24.7,0.0,8.7
Ghaziabad,gfs_seamless,2026-09-27T13:00,25.8,0.0,9.3
Ghaziabad,gfs_seamless,2026-09-27T14:00,27.0,0.0,12.8
Ghaziabad,gfs_seamless,2026-09-27T15:00,26.1,0.0,15.8
Ghaziabad,gfs_seamless,2026-09-27T16:00,25.1,0.1,16.1
Ghaziabad,gfs_seamless,2026-09-27T17:00,23.8,0.0,16.0
Ghaziabad,gfs_seamless,2026-09-27T18:00,23.2,0.0,15.2
Ghaziabad,gfs_seamless,2026-09-27T19:00,23.3,0.0,13.8
Ghaziabad,gfs_seamless,2026-09-27T20:00,23.5,0.0,15.4
Ghaziabad,gfs_seamless,2026-09-27T21:00,23.3,0.0,10.7
Ghaziabad,gfs_seamless,2026-09-27T22:00,23.1,0.0,8.5
Ghaziabad,gfs_seamless,2026-09-27T23:00,23.0,0.0,7.1
Ghaziabad,gfs_seamless,2026-09-28T00:00,23.0,0.0,8.6
Ghaziabad,gfs_seamless,2026-09-28T01:00,23.2,0.0,6.0
Ghaziabad,gfs_seamless,2026-09-28T02:00,23.2,0.0,3.3
Ghaziabad,gfs_seamless,2026-09-28T03:00,23.2,0.0,2.4
Ghaziabad,gfs_seamless,2026-09-28T04:00,23.3,0.0,3.0
Ghaziabad,gfs_seamless,2026-09-28T05:00,23.2,0.0,4.7
Ghaziabad,gfs_seamless,2026-09-28T06:00,23.1,0.0,5.8
Ghaziabad,gfs_seamless,2026-09-28T07:00,23.4,0.4,4.6
Ghaziabad,gfs_seamless,2026-09-28T08:00,24.3,1.0,4.0
Ghaziabad,gfs_seamless,2026-09-28T09:00,25.5,0.2,4.7
Ghaziabad,gfs_seamless,2026-09-28T10:00,25.4,0.0,7.2
Ghaziabad,gfs_seamless,2026-09-28T11:00,24.8,0.0,8.2
Ghaziabad,gfs_seamless,2026-09-28T12:00,24.6,0.0,7.8
Ghaziabad,gfs_seamless,2026-09-28T13:00,25.2,0.0,8.2
Ghaziabad,gfs_seamless,2026-09-28T14:00,26.9,0.0,7.9
Ghaziabad,gfs_seamless,2026-09-28T15:00,27.7,0.0,7.4
Ghaziabad,gfs_seamless,2026-09-28T16:00,27.8,0.0,7.4
Ghaziabad,gfs_seamless,2026-09-28T17:00,27.4,0.0,7.4
Ghaziabad,gfs_seamless,2026-09-28T18:00,26.6,0.0,6.9
Ghaziabad,gfs_seamless,2026-09-28T19:00,26.3,0.0,6.0
Ghaziabad,gfs_seamless,2026-09-28T20:00,26.3,0.0,6.9
Ghaziabad,gfs_seamless,2026-09-28T21:00,26.2,0.0,8.4
Ghaziabad,gfs_seamless,2026-09-28T22:00,25.9,0.0,8.9
Ghaziabad,gfs_seamless,2026-09-28T23:00,25.6,0.0,6.8
Ghaziabad,gfs_seamless,2026-09-29T00:00,25.5,0.0,6.5
Ghaziabad,gfs_seamless,2026-09-29T01:00,25.7,0.0,7.2
Ghaziabad,gfs_seamless,2026-09-29T02:00,25.8,0.0,6.1
Ghaziabad,gfs_seamless,2026-09-29T03:00,25.8,0.0,2.7
Ghaziabad,gfs_seamless,2026-09-29T04:00,25.8,0.0,3.6
Ghaziabad,gfs_seamless,2026-09-29T05:00,25.6,0.0,6.3
Ghaziabad,gfs_seamless,2026-09-29T06:00,25.4,0.0,7.9
Ghaziabad,gfs_seamless,2026-09-29T07:00,25.9,0.0,6.9
Ghaziabad,gfs_seamless,2026-09-29T08:00,27.6,0.0,5.5
Ghaziabad,gfs_seamless,2026-09-29T09:00,29.4,0.0,6.5
Ghaziabad,gfs_seamless,2026-09-29T10:00,31.3,0.0,5.2
Ghaziabad,gfs_seamless,2026-09-29T11:00,33.1,0.0,4.5
Ghaziabad,gfs_seamless,2026-09-29T12:00,34.5,0.0,4.7
Ghaziabad,gfs_seamless,2026-09-29T13:00,35.2,0.0,5.7
Ghaziabad,gfs_seamless,2026-09-29T14:00,35.7,0.0,6.1
Ghaziabad,gfs_seamless,2026-09-29T15:00,35.9,0.0,9.0
Ghaziabad,gfs_seamless,2026-09-29T16:00,35.3,0.0,13.1
Ghaziabad,gfs_seamless,2026-09-29T17:00,34.1,0.0,11.2
Ghaziabad,gfs_seamless,2026-09-29T18:00,32.8,0.0,9.1
Ghaziabad,gfs_seamless,2026-09-29T19:00,31.8,0.0,10.2
Ghaziabad,gfs_seamless,2026-09-29T20:00,30.8,0.0,10.0
Ghaziabad,gfs_seamless,2026-09-29T21:00,30.2,0.0,9.2
Ghaziabad,gfs_seamless,2026-09-29T22:00,29.7,0.0,9.2
Ghaziabad,gfs_seamless,2026-09-29T23:00,29.3,0.0,8.3
Ghaziabad,icon_seamless,2026-09-27T00:00,20.8,0.0,10.0
Ghaziabad,icon_seamless,2026-09-27T01:00,20.7,0.0,8.8
Ghaziabad,icon_seamless,2026-09-27T02:00,20.7,0.0,6.6
Ghaziabad,icon_seamless,2026-09-27T03:00,20.7,0.1,6.5
Ghaziabad,icon_seamless,2026-09-27T04:00,20.7,0.0,4.8
Ghaziabad,icon_seamless,2026-09-27T05:00,20.9,0.0,6.0
Ghaziabad,icon_seamless,2026-09-27T06:00,21.0,0.0,4.6
Ghaziabad,icon_seamless,2026-09-27T07:00,21.4,0.0,5.2
Ghaziabad,icon_seamless,2026-09-27T08:00,22.3,0.0,5.4
Ghaziabad,icon_seamless,2026-09-27T09:00,23.4,0.0,6.9
Ghaziabad,icon_seamless,2026-09-27T10:00,24.5,0.0,10.5
Ghaziabad,icon_seamless,2026-09-27T11:00,24.5,0.0,11.4
Ghaziabad,icon_seamless,2026-09-27T12:00,24.0,0.0,10.6
Ghaziabad,icon_seamless,2026-09-27T13:00,23.4,0.0,10.2
Ghaziabad,icon_seamless,2026-09-27T14:00,22.9,0.0,10.5
Ghaziabad,icon_seamless,2026-09-27T15:00,22.7,0.0,10.0
Ghaziabad,icon_seamless,2026-09-27T16:00,22.9,0.0,10.2
Ghaziabad,icon_seamless,2026-09-27T17:00,22.5,0.0,11.2
Ghaziabad,icon_seamless,2026-09-27T18:00,21.9,0.0,10.7
Ghaziabad,icon_seamless,2026-09-27T19:00,21.5,0.0,9.2
Ghaziabad,icon_seamless,2026-09-27T20:00,21.3,0.0,9.0
Ghaziabad,icon_seamless,2026-09-27T21:00,21.3,0.0,6.3
Ghaziabad,icon_seamless,2026-09-27T22:00,21.3,0.0,4.8
Ghaziabad,icon_seamless,2026-09-27T23:00,21.4,0.0,1.0
Ghaziabad,icon_seamless,2026-09-28T00:00,21.5,0.0,2.6
Ghaziabad,icon_seamless,2026-09-28T01:00,21.5,0.0,1.8
Ghaziabad,icon_seamless,2026-09-28T02:00,21.3,0.0,2.4
Ghaziabad,icon_seamless,2026-09-28T03:00,21.3,0.0,3.9
Ghaziabad,icon_seamless,2026-09-28T04:00,21.2,0.0,4.2
Ghaziabad,icon_seamless,2026-09-28T05:00,21.1,0.0,4.2
Ghaziabad,icon_seamless,2026-09-28T06:00,21.1,0.0,4.5
Ghaziabad,icon_seamless,2026-09-28T07:00,21.5,0.0,3.3
Ghaziabad,icon_seamless,2026-09-28T08:00,22.2,0.0,4.5
Ghaziabad,icon_seamless,2026-09-28T09:00,22.8,0.0,4.5
Ghaziabad,icon_seamless,2026-09-28T10:00,23.2,0.0,5.5
Ghaziabad,icon_seamless,2026-09-28T11:00,24.1,0.0,5.9
Ghaziabad,icon_seamless,2026-09-28T12:00,24.6,0.0,8.1
Ghaziabad,icon_seamless,2026-09-28T13:00,25.4,0.0,8.2
Ghaziabad,icon_seamless,2026-09-28T14:00,26.2,0.0,8.9
Ghaziabad,icon_seamless,2026-09-28T15:00,26.0,0.0,6.6
Ghaziabad,icon_seamless,2026-09-28T16:00,25.9,0.0,5.6
Ghaziabad,icon_seamless,2026-09-28T17:00,25.6,0.0,3.5
Ghaziabad,icon_seamless,2026-09-28T18:00,25.0,0.0,2.3
Ghaziabad,icon_seamless,2026-09-28T19:00,24.6,0.0,0.5
Ghaziabad,icon_seamless,2026-09-28T20:00,24.3,0.0,2.6
Ghaziabad,icon_seamless,2026-09-28T21:00,23.8,0.0,2.6
Ghaziabad,icon_seamless,2026-09-28T22:00,23.7,0.0,2.5
Ghaziabad,icon_seamless,2026-09-28T23:00,23.6,0.0,1.8
Ghaziabad,icon_seamless,2026-09-29T00:00,23.5,0.0,1.1
Ghaziabad,icon_seamless,2026-09-29T01:00,23.4,0.0,2.6
Ghaziabad,icon_seamless,2026-09-29T02:00,23.1,0.0,1.8
Ghaziabad,icon_seamless,2026-09-29T03:00,22.7,0.0,2.3
Ghaziabad,icon_seamless,2026-09-29T04:00,22.3,0.0,1.9
Ghaziabad,icon_seamless,2026-09-29T05:00,22.2,0.0,2.5
Ghaziabad,icon_seamless,2026-09-29T06:00,22.2,0.0,2.9
Ghaziabad,icon_seamless,2026-09-29T07:00,23.0,0.0,3.2
Ghaziabad,icon_seamless,2026-09-29T08:00,24.5,0.0,5.4
Ghaziabad,icon_seamless,2026-09-29T09:00,26.0,0.0,6.6
Ghaziabad,icon_seamless,2026-09-29T10:00,27.5,0.0,6.6
Ghaziabad,icon_seamless,2026-09-29T11:00,28.7,0.0,6.1
Ghaziabad,icon_seamless,2026-09-29T12:00,29.8,0.0,7.4
Ghaziabad,icon_seamless,2026-09-29T13:00,30.4,0.0,7.9
Ghaziabad,icon_seamless,2026-09-29T14:00,30.9,0.0,7.7
Ghaziabad,icon_seamless,2026-09-29T15:00,31.0,0.0,7.7
Ghaziabad,icon_seamless,2026-09-29T16:00,30.7,0.0,7.2
Ghaziabad,icon_seamless,2026-09-29T17:00,29.7,0.0,5.1
Ghaziabad,icon_seamless,2026-09-29T18:00,28.3,0.0,4.1
Ghaziabad,icon_seamless,2026-09-29T19:00,27.4,0.0,3.8
Ghaziabad,icon_seamless,2026-09-29T20:00,26.8,0.0,3.1
Ghaziabad,icon_seamless,2026-09-29T21:00,26.4,0.0,3.0
Ghaziabad,icon_seamless,2026-09-29T22:00,26.0,0.0,3.6
Ghaziabad,icon_seamless,2026-09-29T23:00,25.6,0.0,3.6
Ghaziabad,gem_seamless,2026-09-27T00:00,20.6,1.0,19.4
Ghaziabad,gem_seamless,2026-09-27T01:00,20.8,0.7,20.2
Ghaziabad,gem_seamless,2026-09-27T02:00,20.9,0.7,20.5
Ghaziabad,gem_seamless,2026-09-27T03:00,20.9,0.9,20.5
Ghaziabad,gem_seamless,2026-09-27T04:00,21.0,0.9,20.2
Ghaziabad,gem_seamless,2026-09-27T05:00,21.0,0.5,19.4
Ghaziabad,gem_seamless,2026-09-27T06:00,20.9,0.6,19.1
Ghaziabad,gem_seamless,2026-09-27T07:00,21.0,0.5,18.0
Ghaziabad,gem_seamless,2026-09-27T08:00,21.3,0.4,20.2
Ghaziabad,gem_seamless,2026-09-27T09:00,21.5,0.3,20.5
Ghaziabad,gem_seamless,2026-09-27T10:00,21.9,0.0,20.2
Ghaziabad,gem_seamless,2026-09-27T11:00,22.2,0.0,19.4
Ghaziabad,gem_seamless,2026-09-27T12:00,22.5,0.2,17.3
Ghaziabad,gem_seamless,2026-09-27T13:00,22.8,0.2,16.9
Ghaziabad,gem_seamless,2026-09-27T14:00,22.7,0.1,18.0
Ghaziabad,gem_seamless,2026-09-27T15:00,22.9,0.0,18.7
Ghaziabad,gem_seamless,2026-09-27T16:00,22.4,0.2,16.6
Ghaziabad,gem_seamless,2026-09-27T17:00,21.9,0.3,15.5
Ghaziabad,gem_seamless,2026-09-27T18:00,21.7,0.2,14.4
Ghaziabad,gem_seamless,2026-09-27T19:00,21.6,0.1,13.7
Ghaziabad,gem_seamless,2026-09-27T20:00,21.4,0.1,13.0
Ghaziabad,gem_seamless,2026-09-27T21:00,21.3,0.1,13.0
Ghaziabad,gem_seamless,2026-09-27T22:00,21.2,0.0,12.2
Ghaziabad,gem_seamless,2026-09-27T23:00,21.0,0.0,10.8
Ghaziabad,gem_seamless,2026-09-28T00:00,20.8,0.0,9.4
Ghaziabad,gem_seamless,2026-09-28T01:00,20.5,0.0,7.2
Ghaziabad,gem_seamless,2026-09-28T02:00,20.2,0.0,4.0
Ghaziabad,gem_seamless,2026-09-28T03:00,20.2,0.0,2.5
Ghaziabad,gem_seamless,2026-09-28T04:00,20.4,0.0,4.3
Ghaziabad,gem_seamless,2026-09-28T05:00,20.7,0.1,5.0
Ghaziabad,gem_seamless,2026-09-28T06:00,20.8,0.1,5.8
Ghaziabad,gem_seamless,2026-09-28T07:00,21.4,0.0,5.8
Ghaziabad,gem_seamless,2026-09-28T08:00,22.7,0.0,4.3
Ghaziabad,gem_seamless,2026-09-28T09:00,23.9,0.0,4.7
Ghaziabad,gem_seamless,2026-09-28T10:00,25.3,0.0,5.4
Ghaziabad,gem_seamless,2026-09-28T11:00,26.3,0.0,6.5
Ghaziabad,gem_seamless,2026-09-28T12:00,27.6,0.0,7.2
Ghaziabad,gem_seamless,2026-09-28T13:00,28.5,0.0,9.0
Ghaziabad,gem_seamless,2026-09-28T14:00,28.8,0.0,11.5
Ghaziabad,gem_seamless,2026-09-28T15:00,28.7,0.0,13.3
Ghaziabad,gem_seamless,2026-09-28T16:00,28.2,0.0,13.0
Ghaziabad,gem_seamless,2026-09-28T17:00,27.3,0.0,11.9
Ghaziabad,gem_seamless,2026-09-28T18:00,25.6,0.0,8.6
Ghaziabad,gem_seamless,2026-09-28T19:00,23.8,0.0,5.4
Ghaziabad,gem_seamless,2026-09-28T20:00,22.5,0.0,3.6
Ghaziabad,gem_seamless,2026-09-28T21:00,21.7,0.0,1.8
Ghaziabad,gem_seamless,2026-09-28T22:00,21.3,0.0,1.1
Ghaziabad,gem_seamless,2026-09-28T23:00,20.9,0.0,1.1
Ghaziabad,gem_seamless,2026-09-29T00:00,20.6,0.0,2.2
Ghaziabad,gem_seamless,2026-09-29T01:00,20.3,0.0,2.9
Ghaziabad,gem_seamless,2026-09-29T02:00,20.0,0.0,2.9
Ghaziabad,gem_seamless,2026-09-29T03:00,19.7,0.0,3.2
Ghaziabad,gem_seamless,2026-09-29T04:00,19.7,0.0,3.2
Ghaziabad,gem_seamless,2026-09-29T05:00,19.9,0.0,3.2
Ghaziabad,gem_seamless,2026-09-29T06:00,19.9,0.0,3.2
Ghaziabad,gem_seamless,2026-09-29T07:00,20.6,0.0,3.2
Ghaziabad,gem_seamless,2026-09-29T08:00,22.7,0.0,5.0
Ghaziabad,gem_seamless,2026-09-29T09:00,25.8,0.0,5.8
Ghaziabad,gem_seamless,2026-09-29T10:00,28.1,0.0,8.3
Ghaziabad,gem_seamless,2026-09-29T11:00,29.4,0.0,9.0
Ghaziabad,gem_seamless,2026-09-29T12:00,30.2,0.0,9.4
Ghaziabad,gem_seamless,2026-09-29T13:00,30.8,0.0,10.1
Ghaziabad,gem_seamless,2026-09-29T14:00,31.0,0.0,10.4
Ghaziabad,gem_seamless,2026-09-29T15:00,31.2,0.0,10.4
Ghaziabad,gem_seamless,2026-09-29T16:00,30.9,0.0,10.1
Ghaziabad,gem_seamless,2026-09-29T17:00,30.2,0.0,8.6
Ghaziabad,gem_seamless,2026-09-29T18:00,28.5,0.0,7.2
Ghaziabad,gem_seamless,2026-09-29T19:00,27.3,0.0,7.2
Ghaziabad,gem_seamless,2026-09-29T20:00,26.3,0.0,8.3
Ghaziabad,gem_seamless,2026-09-29T21:00,25.7,0.0,9.4
Ghaziabad,gem_seamless,2026-09-29T22:00,25.0,0.0,9.0
Ghaziabad,gem_seamless,2026-09-29T23:00,24.3,0.0,9.0
Ludhiana,ecmwf_ifs025,2026-09-27T00:00,25.2,0.0,3.8
Ludhiana,ecmwf_ifs025,2026-09-27T01:00,24.6,0.0,5.0
Ludhiana,ecmwf_ifs025,2026-09-27T02:00,24.0,0.0,6.1
Ludhiana,ecmwf_ifs025,2026-09-27T03:00,23.6,0.0,5.8
Ludhiana,ecmwf_ifs025,2026-09-27T04:00,23.3,0.0,5.0
Ludhiana,ecmwf_ifs025,2026-09-27T05:00,23.4,0.0,4.7
Ludhiana,ecmwf_ifs025,2026-09-27T06:00,23.9,0.0,4.7
Ludhiana,ecmwf_ifs025,2026-09-27T07:00,24.7,0.0,5.4
Ludhiana,ecmwf_ifs025,2026-09-27T08:00,25.7,0.0,5.9
Ludhiana,ecmwf_ifs025,2026-09-27T09:00,26.8,0.1,5.6
Ludhiana,ecmwf_ifs025,2026-09-27T10:00,28.2,0.1,5.2
Ludhiana,ecmwf_ifs025,2026-09-27T11:00,29.2,0.1,4.4
Ludhiana,ecmwf_ifs025,2026-09-27T12:00,30.1,0.1,3.7
Ludhiana,ecmwf_ifs025,2026-09-27T13:00,30.7,0.1,3.3
Ludhiana,ecmwf_ifs025,2026-09-27T14:00,30.5,0.1,3.0
Ludhiana,ecmwf_ifs025,2026-09-27T15:00,29.1,0.4,4.6
Ludhiana,ecmwf_ifs025,2026-09-27T16:00,27.0,0.4,8.4
Ludhiana,ecmwf_ifs025,2026-09-27T17:00,25.4,0.4,10.7
Ludhiana,ecmwf_ifs025,2026-09-27T18:00,24.7,0.0,10.2
Ludhiana,ecmwf_ifs025,2026-09-27T19:00,24.5,0.0,7.9
Ludhiana,ecmwf_ifs025,2026-09-27T20:00,24.3,0.0,6.4
Ludhiana,ecmwf_ifs025,2026-09-27T21:00,24.1,0.0,6.5
Ludhiana,ecmwf_ifs025,2026-09-27T22:00,23.9,0.0,7.1
Ludhiana,ecmwf_ifs025,2026-09-27T23:00,23.7,0.0,7.2
Ludhiana,ecmwf_ifs025,2026-09-28T00:00,23.4,0.0,6.8
Ludhiana,ecmwf_ifs025,2026-09-28T01:00,23.0,0.0,5.9
Ludhiana,ecmwf_ifs025,2026-09-28T02:00,22.7,0.0,4.8
Ludhiana,ecmwf_ifs025,2026-09-28T03:00,22.3,0.0,4.1
Ludhiana,ecmwf_ifs025,2026-09-28T04:00,21.9,0.0,3.5
Ludhiana,ecmwf_ifs025,2026-09-28T05:00,21.9,0.0,3.1
Ludhiana,ecmwf_ifs025,2026-09-28T06:00,22.5,0.0,3.1
Ludhiana,ecmwf_ifs025,2026-09-28T07:00,23.3,0.0,3.8
Ludhiana,ecmwf_ifs025,2026-09-28T08:00,24.4,0.0,4.3
Ludhiana,ecmwf_ifs025,2026-09-28T09:00,25.9,0.0,4.3
Ludhiana,ecmwf_ifs025,2026-09-28T10:00,27.6,0.0,6.9
Ludhiana,ecmwf_ifs025,2026-09-28T11:00,28.7,0.0,8.0
Ludhiana,ecmwf_ifs025,2026-09-28T12:00,28.8,0.5,5.4
Ludhiana,ecmwf_ifs025,2026-09-28T13:00,28.3,0.5,5.8
Ludhiana,ecmwf_ifs025,2026-09-28T14:00,27.8,0.5,8.4
Ludhiana,ecmwf_ifs025,2026-09-28T15:00,27.5,0.0,6.8
Ludhiana,ecmwf_ifs025,2026-09-28T16:00,27.1,0.0,3.3
Ludhiana,ecmwf_ifs025,2026-09-28T17:00,26.6,0.0,2.4
Ludhiana,ecmwf_ifs025,2026-09-28T18:00,25.8,0.0,2.2
Ludhiana,ecmwf_ifs025,2026-09-28T19:00,25.0,0.0,1.1
Ludhiana,ecmwf_ifs025,2026-09-28T20:00,24.3,0.0,0.4
Ludhiana,ecmwf_ifs025,2026-09-28T21:00,23.8,0.0,1.3
Ludhiana,ecmwf_ifs025,2026-09-28T22:00,23.5,0.0,3.2
Ludhiana,ecmwf_ifs025,2026-09-28T23:00,23.2,0.0,4.3
Ludhiana,ecmwf_ifs025,2026-09-29T00:00,22.9,0.0,4.0
Ludhiana,ecmwf_ifs025,2026-09-29T01:00,22.6,0.0,3.1
Ludhiana,ecmwf_ifs025,2026-09-29T02:00,22.3,0.0,2.0
Ludhiana,ecmwf_ifs025,2026-09-29T03:00,21.9,0.0,0.8
Ludhiana,ecmwf_ifs025,2026-09-29T04:00,21.6,0.0,1.1
Ludhiana,ecmwf_ifs025,2026-09-29T05:00,21.7,0.0,2.3
Ludhiana,ecmwf_ifs025,2026-09-29T06:00,22.5,0.0,3.0
Ludhiana,ecmwf_ifs025,2026-09-29T07:00,23.6,0.0,3.7
Ludhiana,ecmwf_ifs025,2026-09-29T08:00,24.9,0.0,4.5
Ludhiana,ecmwf_ifs025,2026-09-29T09:00,26.3,0.0,5.5
Ludhiana,ecmwf_ifs025,2026-09-29T10:00,27.9,0.0,6.9
Ludhiana,ecmwf_ifs025,2026-09-29T11:00,29.2,0.0,8.1
Ludhiana,ecmwf_ifs025,2026-09-29T12:00,30.0,0.0,8.9
Ludhiana,ecmwf_ifs025,2026-09-29T13:00,30.5,0.0,9.2
Ludhiana,ecmwf_ifs025,2026-09-29T14:00,30.6,0.0,9.0
Ludhiana,ecmwf_ifs025,2026-09-29T15:00,30.4,0.0,7.7
Ludhiana,ecmwf_ifs025,2026-09-29T16:00,29.8,0.0,5.8
Ludhiana,ecmwf_ifs025,2026-09-29T17:00,29.0,0.0,4.9
Ludhiana,ecmwf_ifs025,2026-09-29T18:00,28.1,0.0,5.5
Ludhiana,ecmwf_ifs025,2026-09-29T19:00,27.1,0.0,7.3
Ludhiana,ecmwf_ifs025,2026-09-29T20:00,26.2,0.0,8.4
Ludhiana,ecmwf_ifs025,2026-09-29T21:00,25.6,0.0,8.5
Ludhiana,ecmwf_ifs025,2026-09-29T22:00,25.1,0.0,7.5
Ludhiana,ecmwf_ifs025,2026-09-29T23:00,24.5,0.0,7.0
Ludhiana,gfs_seamless,2026-09-27T00:00,21.1,0.0,14.7
Ludhiana,gfs_seamless,2026-09-27T01:00,20.5,0.0,13.5
Ludhiana,gfs_seamless,2026-09-27T02:00,19.5,0.0,9.6
Ludhiana,gfs_seamless,2026-09-27T03:00,19.3,0.0,8.4
Ludhiana,gfs_seamless,2026-09-27T04:00,19.3,0.0,8.4
Ludhiana,gfs_seamless,2026-09-27T05:00,19.3,0.0,7.7
Ludhiana,gfs_seamless,2026-09-27T06:00,19.5,0.0,6.9
Ludhiana,gfs_seamless,2026-09-27T07:00,22.0,0.0,9.4
Ludhiana,gfs_seamless,2026-09-27T08:00,25.2,0.0,10.5
Ludhiana,gfs_seamless,2026-09-27T09:00,28.2,0.0,10.6
Ludhiana,gfs_seamless,2026-09-27T10:00,30.9,0.0,13.6
Ludhiana,gfs_seamless,2026-09-27T11:00,32.9,0.0,14.1
Ludhiana,gfs_seamless,2026-09-27T12:00,34.6,0.0,14.3
Ludhiana,gfs_seamless,2026-09-27T13:00,35.6,0.0,11.2
Ludhiana,gfs_seamless,2026-09-27T14:00,36.9,0.0,7.3
Ludhiana,gfs_seamless,2026-09-27T15:00,37.1,0.0,6.6
Ludhiana,gfs_seamless,2026-09-27T16:00,36.4,0.0,14.7
Ludhiana,gfs_seamless,2026-09-27T17:00,31.4,0.0,31.3
Ludhiana,gfs_seamless,2026-09-27T18:00,27.1,0.0,27.0
Ludhiana,gfs_seamless,2026-09-27T19:00,25.7,0.0,21.7
Ludhiana,gfs_seamless,2026-09-27T20:00,24.2,0.0,19.3
Ludhiana,gfs_seamless,2026-09-27T21:00,23.4,0.0,22.0
Ludhiana,gfs_seamless,2026-09-27T22:00,22.2,0.0,15.6
Ludhiana,gfs_seamless,2026-09-27T23:00,21.2,0.0,12.5
Ludhiana,gfs_seamless,2026-09-28T00:00,20.6,0.0,11.9
Ludhiana,gfs_seamless,2026-09-28T01:00,20.4,0.0,10.7
Ludhiana,gfs_seamless,2026-09-28T02:00,20.0,0.0,8.7
Ludhiana,gfs_seamless,2026-09-28T03:00,20.1,0.0,9.3
Ludhiana,gfs_seamless,2026-09-28T04:00,19.7,0.0,8.4
Ludhiana,gfs_seamless,2026-09-28T05:00,19.3,0.0,9.0
Ludhiana,gfs_seamless,2026-09-28T06:00,19.3,0.0,8.6
Ludhiana,gfs_seamless,2026-09-28T07:00,21.9,0.0,7.6
Ludhiana,gfs_seamless,2026-09-28T08:00,25.6,0.0,4.6
Ludhiana,gfs_seamless,2026-09-28T09:00,29.1,0.0,2.9
Ludhiana,gfs_seamless,2026-09-28T10:00,32.3,0.0,2.3
Ludhiana,gfs_seamless,2026-09-28T11:00,34.6,0.0,4.1
Ludhiana,gfs_seamless,2026-09-28T12:00,36.1,0.0,4.9
Ludhiana,gfs_seamless,2026-09-28T13:00,37.4,0.0,4.0
Ludhiana,gfs_seamless,2026-09-28T14:00,37.4,0.0,6.5
Ludhiana,gfs_seamless,2026-09-28T15:00,37.1,0.0,10.7
Ludhiana,gfs_seamless,2026-09-28T16:00,36.8,0.0,14.4
Ludhiana,gfs_seamless,2026-09-28T17:00,35.4,0.0,18.3
Ludhiana,gfs_seamless,2026-09-28T18:00,31.5,0.0,18.9
Ludhiana,gfs_seamless,2026-09-28T19:00,29.0,0.0,16.0
Ludhiana,gfs_seamless,2026-09-28T20:00,27.1,0.0,12.1
Ludhiana,gfs_seamless,2026-09-28T21:00,25.9,0.0,12.2
Ludhiana,gfs_seamless,2026-09-28T22:00,25.6,0.0,6.2
Ludhiana,gfs_seamless,2026-09-28T23:00,26.0,0.0,8.7
Ludhiana,gfs_seamless,2026-09-29T00:00,25.3,0.0,5.2
Ludhiana,gfs_seamless,2026-09-29T01:00,25.2,0.0,5.8
Ludhiana,gfs_seamless,2026-09-29T02:00,24.2,0.0,10.5
Ludhiana,gfs_seamless,2026-09-29T03:00,22.9,0.0,10.8
Ludhiana,gfs_seamless,2026-09-29T04:00,22.2,0.0,11.5
Ludhiana,gfs_seamless,2026-09-29T05:00,21.5,0.1,10.2
Ludhiana,gfs_seamless,2026-09-29T06:00,20.9,0.2,7.5
Ludhiana,gfs_seamless,2026-09-29T07:00,23.4,0.0,7.1
Ludhiana,gfs_seamless,2026-09-29T08:00,26.6,0.0,7.7
Ludhiana,gfs_seamless,2026-09-29T09:00,29.8,0.0,6.9
Ludhiana,gfs_seamless,2026-09-29T10:00,33.5,0.0,4.1
Ludhiana,gfs_seamless,2026-09-29T11:00,36.1,0.0,2.5
Ludhiana,gfs_seamless,2026-09-29T12:00,36.8,0.0,7.9
Ludhiana,gfs_seamless,2026-09-29T13:00,37.5,0.0,11.0
Ludhiana,gfs_seamless,2026-09-29T14:00,38.4,0.0,13.2
Ludhiana,gfs_seamless,2026-09-29T15:00,38.5,0.0,17.2
Ludhiana,gfs_seamless,2026-09-29T16:00,37.8,0.0,18.5
Ludhiana,gfs_seamless,2026-09-29T17:00,36.3,0.0,15.9
Ludhiana,gfs_seamless,2026-09-29T18:00,31.9,0.0,15.9
Ludhiana,gfs_seamless,2026-09-29T19:00,29.9,0.0,15.9
Ludhiana,gfs_seamless,2026-09-29T20:00,28.2,0.0,12.3
Ludhiana,gfs_seamless,2026-09-29T21:00,27.5,0.0,11.8
Ludhiana,gfs_seamless,2026-09-29T22:00,27.0,0.0,10.7
Ludhiana,gfs_seamless,2026-09-29T23:00,26.3,0.0,7.6
Ludhiana,icon_seamless,2026-09-27T00:00,24.4,0.0,7.9
Ludhiana,icon_seamless,2026-09-27T01:00,23.9,0.0,6.1
Ludhiana,icon_seamless,2026-09-27T02:00,23.5,0.0,7.8
Ludhiana,icon_seamless,2026-09-27T03:00,22.9,0.0,7.8
Ludhiana,icon_seamless,2026-09-27T04:00,22.6,0.0,6.2
Ludhiana,icon_seamless,2026-09-27T05:00,22.6,0.0,6.4
Ludhiana,icon_seamless,2026-09-27T06:00,22.4,0.0,7.1
Ludhiana,icon_seamless,2026-09-27T07:00,22.5,0.0,7.7
Ludhiana,icon_seamless,2026-09-27T08:00,23.5,0.0,6.9
Ludhiana,icon_seamless,2026-09-27T09:00,25.0,0.0,6.9
Ludhiana,icon_seamless,2026-09-27T10:00,26.7,0.0,7.7
Ludhiana,icon_seamless,2026-09-27T11:00,28.2,0.0,7.8
Ludhiana,icon_seamless,2026-09-27T12:00,29.6,0.0,6.9
Ludhiana,icon_seamless,2026-09-27T13:00,30.7,0.0,6.5
Ludhiana,icon_seamless,2026-09-27T14:00,31.4,0.0,4.8
Ludhiana,icon_seamless,2026-09-27T15:00,31.6,0.0,5.7
Ludhiana,icon_seamless,2026-09-27T16:00,31.3,0.0,6.1
Ludhiana,icon_seamless,2026-09-27T17:00,30.6,0.0,7.1
Ludhiana,icon_seamless,2026-09-27T18:00,27.5,0.0,16.8
Ludhiana,icon_seamless,2026-09-27T19:00,25.7,0.0,13.2
Ludhiana,icon_seamless,2026-09-27T20:00,24.6,0.0,12.2
Ludhiana,icon_seamless,2026-09-27T21:00,23.7,0.0,11.2
Ludhiana,icon_seamless,2026-09-27T22:00,23.0,0.0,9.4
Ludhiana,icon_seamless,2026-09-27T23:00,22.6,0.0,6.4
Ludhiana,icon_seamless,2026-09-28T00:00,22.3,0.0,5.1
Ludhiana,icon_seamless,2026-09-28T01:00,22.0,0.0,4.3
Ludhiana,icon_seamless,2026-09-28T02:00,21.8,0.0,4.6
Ludhiana,icon_seamless,2026-09-28T03:00,21.6,0.0,4.1
Ludhiana,icon_seamless,2026-09-28T04:00,21.5,0.0,3.6
Ludhiana,icon_seamless,2026-09-28T05:00,21.4,0.0,1.6
Ludhiana,icon_seamless,2026-09-28T06:00,21.5,0.0,1.4
Ludhiana,icon_seamless,2026-09-28T07:00,21.8,0.0,2.9
Ludhiana,icon_seamless,2026-09-28T08:00,23.0,0.0,1.1
Ludhiana,icon_seamless,2026-09-28T09:00,24.5,0.0,1.6
Ludhiana,icon_seamless,2026-09-28T10:00,26.2,0.0,3.0
Ludhiana,icon_seamless,2026-09-28T11:00,27.9,0.0,2.3
Ludhiana,icon_seamless,2026-09-28T12:00,29.4,0.0,0.4
Ludhiana,icon_seamless,2026-09-28T13:00,30.2,0.0,2.9
Ludhiana,icon_seamless,2026-09-28T14:00,30.7,0.0,4.0
Ludhiana,icon_seamless,2026-09-28T15:00,30.9,0.0,5.8
Ludhiana,icon_seamless,2026-09-28T16:00,30.6,0.0,6.3
Ludhiana,icon_seamless,2026-09-28T17:00,29.8,0.0,5.4
Ludhiana,icon_seamless,2026-09-28T18:00,28.3,0.0,5.1
Ludhiana,icon_seamless,2026-09-28T19:00,27.3,0.0,4.3
Ludhiana,icon_seamless,2026-09-28T20:00,26.7,0.0,3.1
Ludhiana,icon_seamless,2026-09-28T21:00,26.2,0.0,2.8
Ludhiana,icon_seamless,2026-09-28T22:00,26.0,0.0,1.8
Ludhiana,icon_seamless,2026-09-28T23:00,25.7,0.0,2.3
Ludhiana,icon_seamless,2026-09-29T00:00,25.2,0.0,2.3
Ludhiana,icon_seamless,2026-09-29T01:00,25.0,0.0,2.3
Ludhiana,icon_seamless,2026-09-29T02:00,24.8,0.0,2.3
Ludhiana,icon_seamless,2026-09-29T03:00,24.6,0.0,2.1
Ludhiana,icon_seamless,2026-09-29T04:00,24.4,0.0,2.3
Ludhiana,icon_seamless,2026-09-29T05:00,24.1,0.0,2.8
Ludhiana,icon_seamless,2026-09-29T06:00,23.9,0.0,3.2
Ludhiana,icon_seamless,2026-09-29T07:00,24.2,0.0,4.0
Ludhiana,icon_seamless,2026-09-29T08:00,25.4,0.0,4.5
Ludhiana,icon_seamless,2026-09-29T09:00,27.1,0.0,5.9
Ludhiana,icon_seamless,2026-09-29T10:00,28.7,0.0,7.4
Ludhiana,icon_seamless,2026-09-29T11:00,30.2,0.0,10.0
Ludhiana,icon_seamless,2026-09-29T12:00,31.1,0.0,10.0
Ludhiana,icon_seamless,2026-09-29T13:00,31.4,0.2,8.9
Ludhiana,icon_seamless,2026-09-29T14:00,32.1,0.0,9.7
Ludhiana,icon_seamless,2026-09-29T15:00,31.7,0.0,8.2
Ludhiana,icon_seamless,2026-09-29T16:00,31.4,0.2,6.6
Ludhiana,icon_seamless,2026-09-29T17:00,30.8,0.0,4.4
Ludhiana,icon_seamless,2026-09-29T18:00,29.4,0.0,3.4
Ludhiana,icon_seamless,2026-09-29T19:00,28.3,0.0,3.7
Ludhiana,icon_seamless,2026-09-29T20:00,27.9,0.0,1.9
Ludhiana,icon_seamless,2026-09-29T21:00,27.6,0.0,2.2
Ludhiana,icon_seamless,2026-09-29T22:00,26.7,0.0,2.9
Ludhiana,icon_seamless,2026-09-29T23:00,26.1,0.0,3.2
Ludhiana,gem_seamless,2026-09-27T00:00,23.8,0.0,6.1
Ludhiana,gem_seamless,2026-09-27T01:00,23.3,0.0,6.5
Ludhiana,gem_seamless,2026-09-27T02:00,23.1,0.0,6.8
Ludhiana,gem_seamless,2026-09-27T03:00,23.0,0.0,7.2
Ludhiana,gem_seamless,2026-09-27T04:00,23.1,0.0,9.0
Ludhiana,gem_seamless,2026-09-27T05:00,23.2,0.0,13.7
Ludhiana,gem_seamless,2026-09-27T06:00,22.7,0.0,14.4
Ludhiana,gem_seamless,2026-09-27T07:00,23.1,0.0,13.0
Ludhiana,gem_seamless,2026-09-27T08:00,24.5,0.0,10.8
Ludhiana,gem_seamless,2026-09-27T09:00,26.1,0.0,15.1
Ludhiana,gem_seamless,2026-09-27T10:00,26.9,0.0,11.9
Ludhiana,gem_seamless,2026-09-27T11:00,28.4,0.0,10.8
Ludhiana,gem_seamless,2026-09-27T12:00,29.6,0.0,11.2
Ludhiana,gem_seamless,2026-09-27T13:00,30.4,0.0,14.8
Ludhiana,gem_seamless,2026-09-27T14:00,30.3,0.0,19.4
Ludhiana,gem_seamless,2026-09-27T15:00,29.3,0.0,23.4
Ludhiana,gem_seamless,2026-09-27T16:00,27.6,0.0,22.7
Ludhiana,gem_seamless,2026-09-27T17:00,26.0,0.0,20.5
Ludhiana,gem_seamless,2026-09-27T18:00,24.1,0.0,16.9
Ludhiana,gem_seamless,2026-09-27T19:00,23.4,0.0,13.0
Ludhiana,gem_seamless,2026-09-27T20:00,23.1,0.0,13.3
Ludhiana,gem_seamless,2026-09-27T21:00,22.6,0.0,13.7
Ludhiana,gem_seamless,2026-09-27T22:00,22.0,0.0,14.0
Ludhiana,gem_seamless,2026-09-27T23:00,21.6,0.0,15.1
Ludhiana,gem_seamless,2026-09-28T00:00,21.3,0.0,15.8
Ludhiana,gem_seamless,2026-09-28T01:00,21.2,0.0,15.5
Ludhiana,gem_seamless,2026-09-28T02:00,21.2,0.0,16.9
Ludhiana,gem_seamless,2026-09-28T03:00,21.4,0.0,17.3
Ludhiana,gem_seamless,2026-09-28T04:00,21.3,0.8,11.5
Ludhiana,gem_seamless,2026-09-28T05:00,21.0,1.7,14.8
Ludhiana,gem_seamless,2026-09-28T06:00,21.0,0.4,17.6
Ludhiana,gem_seamless,2026-09-28T07:00,21.3,1.1,16.2
Ludhiana,gem_seamless,2026-09-28T08:00,21.6,1.8,16.9
Ludhiana,gem_seamless,2026-09-28T09:00,21.9,0.6,15.1
Ludhiana,gem_seamless,2026-09-28T10:00,22.0,2.2,12.2
Ludhiana,gem_seamless,2026-09-28T11:00,22.0,2.4,10.8
Ludhiana,gem_seamless,2026-09-28T12:00,22.2,0.9,15.5
Ludhiana,gem_seamless,2026-09-28T13:00,22.5,0.2,12.2
Ludhiana,gem_seamless,2026-09-28T14:00,23.7,0.0,14.4
Ludhiana,gem_seamless,2026-09-28T15:00,25.3,0.0,14.8
Ludhiana,gem_seamless,2026-09-28T16:00,25.9,0.0,12.2
Ludhiana,gem_seamless,2026-09-28T17:00,25.5,0.0,9.7
Ludhiana,gem_seamless,2026-09-28T18:00,24.0,0.0,6.8
Ludhiana,gem_seamless,2026-09-28T19:00,22.6,0.0,7.2
Ludhiana,gem_seamless,2026-09-28T20:00,21.6,0.0,6.8
Ludhiana,gem_seamless,2026-09-28T21:00,21.0,0.0,6.1
Ludhiana,gem_seamless,2026-09-28T22:00,20.5,0.0,4.7
Ludhiana,gem_seamless,2026-09-28T23:00,20.1,0.0,4.3
Ludhiana,gem_seamless,2026-09-29T00:00,19.8,0.0,4.3
Ludhiana,gem_seamless,2026-09-29T01:00,19.3,0.0,4.7
Ludhiana,gem_seamless,2026-09-29T02:00,19.0,0.0,5.0
Ludhiana,gem_seamless,2026-09-29T03:00,18.6,0.0,5.4
Ludhiana,gem_seamless,2026-09-29T04:00,18.3,0.0,5.4
Ludhiana,gem_seamless,2026-09-29T05:00,18.1,0.0,5.4
Ludhiana,gem_seamless,2026-09-29T06:00,18.1,0.0,5.4
Ludhiana,gem_seamless,2026-09-29T07:00,18.8,0.0,4.3
Ludhiana,gem_seamless,2026-09-29T08:00,21.1,0.0,5.0
Ludhiana,gem_seamless,2026-09-29T09:00,24.3,0.0,6.5
Ludhiana,gem_seamless,2026-09-29T10:00,26.7,0.0,7.6
Ludhiana,gem_seamless,2026-09-29T11:00,28.5,0.0,9.4
Ludhiana,gem_seamless,2026-09-29T12:00,29.6,0.0,9.7
Ludhiana,gem_seamless,2026-09-29T13:00,30.5,0.0,9.0
Ludhiana,gem_seamless,2026-09-29T14:00,31.1,0.0,8.3
Ludhiana,gem_seamless,2026-09-29T15:00,31.4,0.0,8.6
Ludhiana,gem_seamless,2026-09-29T16:00,31.3,0.0,9.4
Ludhiana,gem_seamless,2026-09-29T17:00,30.4,0.0,9.0
Ludhiana,gem_seamless,2026-09-29T18:00,27.9,0.0,7.6
Ludhiana,gem_seamless,2026-09-29T19:00,26.0,0.0,8.3
Ludhiana,gem_seamless,2026-09-29T20:00,24.8,0.0,10.4
Ludhiana,gem_seamless,2026-09-29T21:00,24.0,0.0,12.2
Ludhiana,gem_seamless,2026-09-29T22:00,23.4,0.0,11.9
Ludhiana,gem_seamless,2026-09-29T23:00,22.8,0.0,10.8
Agra,ecmwf_ifs025,2026-09-27T00:00,22.1,0.2,16.5
Agra,ecmwf_ifs025,2026-09-27T01:00,22.1,0.2,15.5
Agra,ecmwf_ifs025,2026-09-27T02:00,22.1,0.2,13.8
Agra,ecmwf_ifs025,2026-09-27T03:00,22.1,0.0,11.8
Agra,ecmwf_ifs025,2026-09-27T04:00,22.0,0.0,10.6
Agra,ecmwf_ifs025,2026-09-27T05:00,22.2,0.0,10.7
Agra,ecmwf_ifs025,2026-09-27T06:00,22.6,0.0,9.9
Agra,ecmwf_ifs025,2026-09-27T07:00,23.1,0.0,9.5
Agra,ecmwf_ifs025,2026-09-27T08:00,24.0,0.0,10.1
Agra,ecmwf_ifs025,2026-09-27T09:00,25.3,0.0,11.8
Agra,ecmwf_ifs025,2026-09-27T10:00,26.8,0.0,14.2
Agra,ecmwf_ifs025,2026-09-27T11:00,28.1,0.0,16.2
Agra,ecmwf_ifs025,2026-09-27T12:00,29.0,0.0,17.3
Agra,ecmwf_ifs025,2026-09-27T13:00,29.6,0.0,18.2
Agra,ecmwf_ifs025,2026-09-27T14:00,29.7,0.0,17.8
Agra,ecmwf_ifs025,2026-09-27T15:00,29.1,0.0,16.3
Agra,ecmwf_ifs025,2026-09-27T16:00,28.0,0.0,14.0
Agra,ecmwf_ifs025,2026-09-27T17:00,26.9,0.0,11.7
Agra,ecmwf_ifs025,2026-09-27T18:00,25.7,0.0,10.4
Agra,ecmwf_ifs025,2026-09-27T19:00,24.5,0.0,9.5
Agra,ecmwf_ifs025,2026-09-27T20:00,23.4,0.0,8.8
Agra,ecmwf_ifs025,2026-09-27T21:00,22.7,0.0,7.2
Agra,ecmwf_ifs025,2026-09-27T22:00,22.2,0.0,5.4
Agra,ecmwf_ifs025,2026-09-27T23:00,21.8,0.0,4.0
Agra,ecmwf_ifs025,2026-09-28T00:00,21.5,0.0,3.4
Agra,ecmwf_ifs025,2026-09-28T01:00,21.3,0.0,3.1
Agra,ecmwf_ifs025,2026-09-28T02:00,21.1,0.0,3.4
Agra,ecmwf_ifs025,2026-09-28T03:00,20.8,0.0,3.8
Agra,ecmwf_ifs025,2026-09-28T04:00,20.5,0.0,4.0
Agra,ecmwf_ifs025,2026-09-28T05:00,20.6,0.0,4.4
Agra,ecmwf_ifs025,2026-09-28T06:00,21.5,0.0,4.3
Agra,ecmwf_ifs025,2026-09-28T07:00,22.7,0.0,3.9
Agra,ecmwf_ifs025,2026-09-28T08:00,24.1,0.0,4.5
Agra,ecmwf_ifs025,2026-09-28T09:00,25.7,0.0,5.4
Agra,ecmwf_ifs025,2026-09-28T10:00,27.3,0.0,6.1
Agra,ecmwf_ifs025,2026-09-28T11:00,28.7,0.0,7.2
Agra,ecmwf_ifs025,2026-09-28T12:00,29.6,0.0,8.4
Agra,ecmwf_ifs025,2026-09-28T13:00,30.1,0.0,9.2
Agra,ecmwf_ifs025,2026-09-28T14:00,30.3,0.0,9.7
Agra,ecmwf_ifs025,2026-09-28T15:00,30.0,0.0,9.4
Agra,ecmwf_ifs025,2026-09-28T16:00,29.3,0.0,8.4
Agra,ecmwf_ifs025,2026-09-28T17:00,28.5,0.0,7.4
Agra,ecmwf_ifs025,2026-09-28T18:00,27.5,0.0,6.4
Agra,ecmwf_ifs025,2026-09-28T19:00,26.5,0.0,5.4
Agra,ecmwf_ifs025,2026-09-28T20:00,25.6,0.0,4.8
Agra,ecmwf_ifs025,2026-09-28T21:00,25.0,0.0,3.9
Agra,ecmwf_ifs025,2026-09-28T22:00,24.6,0.0,2.7
Agra,ecmwf_ifs025,2026-09-28T23:00,24.2,0.0,1.8
Agra,ecmwf_ifs025,2026-09-29T00:00,23.7,0.0,1.8
Agra,ecmwf_ifs025,2026-09-29T01:00,23.1,0.0,3.1
Agra,ecmwf_ifs025,2026-09-29T02:00,22.7,0.0,4.5
Agra,ecmwf_ifs025,2026-09-29T03:00,22.3,0.0,5.2
Agra,ecmwf_ifs025,2026-09-29T04:00,22.0,0.0,5.1
Agra,ecmwf_ifs025,2026-09-29T05:00,22.2,0.0,5.1
Agra,ecmwf_ifs025,2026-09-29T06:00,23.0,0.0,4.7
Agra,ecmwf_ifs025,2026-09-29T07:00,24.3,0.0,4.0
Agra,ecmwf_ifs025,2026-09-29T08:00,25.6,0.0,3.7
Agra,ecmwf_ifs025,2026-09-29T09:00,27.1,0.0,4.7
Agra,ecmwf_ifs025,2026-09-29T10:00,28.8,0.0,6.6
Agra,ecmwf_ifs025,2026-09-29T11:00,30.1,0.0,8.1
Agra,ecmwf_ifs025,2026-09-29T12:00,30.9,0.1,9.1
Agra,ecmwf_ifs025,2026-09-29T13:00,31.5,0.1,10.1
Agra,ecmwf_ifs025,2026-09-29T14:00,31.6,0.1,10.1
Agra,ecmwf_ifs025,2026-09-29T15:00,31.1,0.0,9.3
Agra,ecmwf_ifs025,2026-09-29T16:00,30.2,0.0,7.4
Agra,ecmwf_ifs025,2026-09-29T17:00,29.3,0.0,5.6
Agra,ecmwf_ifs025,2026-09-29T18:00,28.6,0.0,3.6
Agra,ecmwf_ifs025,2026-09-29T19:00,27.9,0.0,1.3
Agra,ecmwf_ifs025,2026-09-29T20:00,27.1,0.0,0.4
Agra,ecmwf_ifs025,2026-09-29T21:00,26.3,0.0,0.8
Agra,ecmwf_ifs025,2026-09-29T22:00,25.4,0.0,2.6
Agra,ecmwf_ifs025,2026-09-29T23:00,24.6,0.0,4.0
Agra,gfs_seamless,2026-09-27T00:00,21.6,0.0,14.3
Agra,gfs_seamless,2026-09-27T01:00,21.9,0.0,13.1
Agra,gfs_seamless,2026-09-27T02:00,22.0,0.2,13.2
Agra,gfs_seamless,2026-09-27T03:00,22.2,0.0,13.7
Agra,gfs_seamless,2026-09-27T04:00,22.1,0.0,12.7
Agra,gfs_seamless,2026-09-27T05:00,22.1,0.0,13.9
Agra,gfs_seamless,2026-09-27T06:00,22.0,0.1,13.8
Agra,gfs_seamless,2026-09-27T07:00,22.2,0.1,7.7
Agra,gfs_seamless,2026-09-27T08:00,22.7,0.0,6.4
Agra,gfs_seamless,2026-09-27T09:00,23.1,0.0,10.4
Agra,gfs_seamless,2026-09-27T10:00,23.5,0.0,12.4
Agra,gfs_seamless,2026-09-27T11:00,24.1,0.0,14.3
Agra,gfs_seamless,2026-09-27T12:00,27.0,0.0,16.2
Agra,gfs_seamless,2026-09-27T13:00,26.4,0.0,18.6
Agra,gfs_seamless,2026-09-27T14:00,25.3,0.0,18.8
Agra,gfs_seamless,2026-09-27T15:00,26.0,0.0,19.1
Agra,gfs_seamless,2026-09-27T16:00,26.6,0.0,20.5
Agra,gfs_seamless,2026-09-27T17:00,25.6,0.0,19.8
Agra,gfs_seamless,2026-09-27T18:00,23.1,0.0,19.1
Agra,gfs_seamless,2026-09-27T19:00,22.6,0.0,11.8
Agra,gfs_seamless,2026-09-27T20:00,22.5,0.0,11.2
Agra,gfs_seamless,2026-09-27T21:00,22.2,0.0,11.4
Agra,gfs_seamless,2026-09-27T22:00,21.9,0.0,6.1
Agra,gfs_seamless,2026-09-27T23:00,21.7,0.0,4.0
Agra,gfs_seamless,2026-09-28T00:00,21.7,0.0,2.3
Agra,gfs_seamless,2026-09-28T01:00,21.8,0.0,1.5
Agra,gfs_seamless,2026-09-28T02:00,22.3,0.0,2.3
Agra,gfs_seamless,2026-09-28T03:00,21.9,0.0,6.4
Agra,gfs_seamless,2026-09-28T04:00,21.8,0.0,7.4
Agra,gfs_seamless,2026-09-28T05:00,21.8,0.0,8.7
Agra,gfs_seamless,2026-09-28T06:00,22.0,0.0,8.3
Agra,gfs_seamless,2026-09-28T07:00,22.9,0.0,8.1
Agra,gfs_seamless,2026-09-28T08:00,23.9,0.0,8.0
Agra,gfs_seamless,2026-09-28T09:00,26.0,0.0,8.9
Agra,gfs_seamless,2026-09-28T10:00,27.8,0.0,9.4
Agra,gfs_seamless,2026-09-28T11:00,29.4,0.0,10.9
Agra,gfs_seamless,2026-09-28T12:00,30.8,0.0,11.9
Agra,gfs_seamless,2026-09-28T13:00,31.9,0.0,12.9
Agra,gfs_seamless,2026-09-28T14:00,32.7,0.0,14.1
Agra,gfs_seamless,2026-09-28T15:00,31.3,0.0,13.0
Agra,gfs_seamless,2026-09-28T16:00,29.1,0.0,16.7
Agra,gfs_seamless,2026-09-28T17:00,29.2,0.0,11.0
Agra,gfs_seamless,2026-09-28T18:00,27.8,0.0,10.7
Agra,gfs_seamless,2026-09-28T19:00,26.6,0.0,14.3
Agra,gfs_seamless,2026-09-28T20:00,26.0,0.0,9.3
Agra,gfs_seamless,2026-09-28T21:00,25.7,0.0,6.6
Agra,gfs_seamless,2026-09-28T22:00,25.6,0.0,2.5
Agra,gfs_seamless,2026-09-28T23:00,25.5,0.0,4.0
Agra,gfs_seamless,2026-09-29T00:00,25.3,0.2,5.6
Agra,gfs_seamless,2026-09-29T01:00,25.5,0.0,3.3
Agra,gfs_seamless,2026-09-29T02:00,25.4,0.0,6.9
Agra,gfs_seamless,2026-09-29T03:00,25.2,0.0,3.9
Agra,gfs_seamless,2026-09-29T04:00,25.6,0.0,7.8
Agra,gfs_seamless,2026-09-29T05:00,25.7,0.0,6.4
Agra,gfs_seamless,2026-09-29T06:00,25.6,0.0,6.5
Agra,gfs_seamless,2026-09-29T07:00,26.3,0.0,7.0
Agra,gfs_seamless,2026-09-29T08:00,27.8,0.0,6.2
Agra,gfs_seamless,2026-09-29T09:00,29.3,0.0,5.4
Agra,gfs_seamless,2026-09-29T10:00,30.9,0.0,3.8
Agra,gfs_seamless,2026-09-29T11:00,32.3,0.0,4.8
Agra,gfs_seamless,2026-09-29T12:00,33.1,0.0,7.0
Agra,gfs_seamless,2026-09-29T13:00,33.9,0.0,7.8
Agra,gfs_seamless,2026-09-29T14:00,34.6,0.0,7.8
Agra,gfs_seamless,2026-09-29T15:00,35.1,0.0,9.4
Agra,gfs_seamless,2026-09-29T16:00,34.8,0.0,9.2
Agra,gfs_seamless,2026-09-29T17:00,33.2,0.0,5.4
Agra,gfs_seamless,2026-09-29T18:00,31.4,0.0,9.5
Agra,gfs_seamless,2026-09-29T19:00,30.1,0.0,11.5
Agra,gfs_seamless,2026-09-29T20:00,29.6,0.0,11.4
Agra,gfs_seamless,2026-09-29T21:00,29.0,0.0,10.3
Agra,gfs_seamless,2026-09-29T22:00,28.5,0.0,10.7
Agra,gfs_seamless,2026-09-29T23:00,28.2,0.0,10.1
Agra,icon_seamless,2026-09-27T00:00,22.3,0.0,9.4
Agra,icon_seamless,2026-09-27T01:00,22.1,0.0,9.5
Agra,icon_seamless,2026-09-27T02:00,22.0,0.0,8.9
Agra,icon_seamless,2026-09-27T03:00,21.9,0.0,9.0
Agra,icon_seamless,2026-09-27T04:00,21.9,0.0,9.1
Agra,icon_seamless,2026-09-27T05:00,21.9,0.0,8.3
Agra,icon_seamless,2026-09-27T06:00,22.0,0.0,7.7
Agra,icon_seamless,2026-09-27T07:00,22.3,0.0,6.9
Agra,icon_seamless,2026-09-27T08:00,23.1,0.0,6.8
Agra,icon_seamless,2026-09-27T09:00,24.0,0.0,9.7
Agra,icon_seamless,2026-09-27T10:00,24.9,0.0,9.9
Agra,icon_seamless,2026-09-27T11:00,26.5,0.0,9.9
Agra,icon_seamless,2026-09-27T12:00,27.8,0.0,9.2
Agra,icon_seamless,2026-09-27T13:00,28.8,0.0,11.2
Agra,icon_seamless,2026-09-27T14:00,29.0,0.0,10.0
Agra,icon_seamless,2026-09-27T15:00,29.4,0.0,8.9
Agra,icon_seamless,2026-09-27T16:00,28.8,0.0,7.9
Agra,icon_seamless,2026-09-27T17:00,27.7,0.0,6.2
Agra,icon_seamless,2026-09-27T18:00,26.2,0.0,5.9
Agra,icon_seamless,2026-09-27T19:00,25.1,0.0,5.2
Agra,icon_seamless,2026-09-27T20:00,24.2,0.0,4.9
Agra,icon_seamless,2026-09-27T21:00,23.5,0.0,3.2
Agra,icon_seamless,2026-09-27T22:00,23.0,0.0,3.7
Agra,icon_seamless,2026-09-27T23:00,22.6,0.0,2.8
Agra,icon_seamless,2026-09-28T00:00,22.3,0.0,3.3
Agra,icon_seamless,2026-09-28T01:00,22.1,0.0,3.8
Agra,icon_seamless,2026-09-28T02:00,22.0,0.0,4.4
Agra,icon_seamless,2026-09-28T03:00,21.9,0.0,4.5
Agra,icon_seamless,2026-09-28T04:00,22.0,0.0,3.7
Agra,icon_seamless,2026-09-28T05:00,22.0,0.0,2.9
Agra,icon_seamless,2026-09-28T06:00,22.1,0.0,1.9
Agra,icon_seamless,2026-09-28T07:00,22.4,0.0,2.9
Agra,icon_seamless,2026-09-28T08:00,23.2,0.0,4.3
Agra,icon_seamless,2026-09-28T09:00,24.6,0.0,6.6
Agra,icon_seamless,2026-09-28T10:00,26.0,0.0,6.8
Agra,icon_seamless,2026-09-28T11:00,27.3,0.0,7.9
Agra,icon_seamless,2026-09-28T12:00,28.3,0.0,8.4
Agra,icon_seamless,2026-09-28T13:00,29.2,0.0,9.2
Agra,icon_seamless,2026-09-28T14:00,29.7,0.0,8.4
Agra,icon_seamless,2026-09-28T15:00,29.9,0.0,7.9
Agra,icon_seamless,2026-09-28T16:00,29.6,0.0,7.4
Agra,icon_seamless,2026-09-28T17:00,28.5,0.0,5.4
Agra,icon_seamless,2026-09-28T18:00,26.9,0.0,4.3
Agra,icon_seamless,2026-09-28T19:00,25.8,0.0,3.7
Agra,icon_seamless,2026-09-28T20:00,25.0,0.0,4.3
Agra,icon_seamless,2026-09-28T21:00,24.5,0.0,3.3
Agra,icon_seamless,2026-09-28T22:00,24.2,0.0,1.6
Agra,icon_seamless,2026-09-28T23:00,23.9,0.0,1.9
Agra,icon_seamless,2026-09-29T00:00,23.6,0.0,1.8
Agra,icon_seamless,2026-09-29T01:00,23.4,0.0,2.3
Agra,icon_seamless,2026-09-29T02:00,23.2,0.0,2.5
Agra,icon_seamless,2026-09-29T03:00,22.9,0.0,3.1
Agra,icon_seamless,2026-09-29T04:00,22.6,0.0,2.8
Agra,icon_seamless,2026-09-29T05:00,22.5,0.0,2.0
Agra,icon_seamless,2026-09-29T06:00,22.4,0.0,2.1
Agra,icon_seamless,2026-09-29T07:00,23.0,0.0,2.1
Agra,icon_seamless,2026-09-29T08:00,24.5,0.0,3.3
Agra,icon_seamless,2026-09-29T09:00,26.3,0.0,4.3
Agra,icon_seamless,2026-09-29T10:00,28.0,0.0,5.2
Agra,icon_seamless,2026-09-29T11:00,29.4,0.0,5.6
Agra,icon_seamless,2026-09-29T12:00,30.6,0.0,6.2
Agra,icon_seamless,2026-09-29T13:00,31.3,0.0,6.9
Agra,icon_seamless,2026-09-29T14:00,31.6,0.0,6.7
Agra,icon_seamless,2026-09-29T15:00,31.6,0.0,6.1
Agra,icon_seamless,2026-09-29T16:00,31.2,0.0,4.9
Agra,icon_seamless,2026-09-29T17:00,30.2,0.0,3.6
Agra,icon_seamless,2026-09-29T18:00,28.8,0.0,3.2
Agra,icon_seamless,2026-09-29T19:00,28.1,0.0,2.9
Agra,icon_seamless,2026-09-29T20:00,27.2,0.0,3.9
Agra,icon_seamless,2026-09-29T21:00,26.4,0.0,4.8
Agra,icon_seamless,2026-09-29T22:00,25.9,0.0,3.7
Agra,icon_seamless,2026-09-29T23:00,25.6,0.0,4.0
Agra,gem_seamless,2026-09-27T00:00,21.1,0.3,20.9
Agra,gem_seamless,2026-09-27T01:00,20.9,0.1,18.7
Agra,gem_seamless,2026-09-27T02:00,20.9,0.1,16.2
Agra,gem_seamless,2026-09-27T03:00,20.9,0.1,14.0
Agra,gem_seamless,2026-09-27T04:00,20.9,0.2,14.0
Agra,gem_seamless,2026-09-27T05:00,20.9,0.2,15.8
Agra,gem_seamless,2026-09-27T06:00,21.1,0.1,17.3
Agra,gem_seamless,2026-09-27T07:00,21.6,0.0,18.4
Agra,gem_seamless,2026-09-27T08:00,22.7,0.0,20.2
Agra,gem_seamless,2026-09-27T09:00,23.7,0.0,21.2
Agra,gem_seamless,2026-09-27T10:00,24.0,0.1,20.9
Agra,gem_seamless,2026-09-27T11:00,24.3,0.0,20.5
Agra,gem_seamless,2026-09-27T12:00,24.8,0.0,20.5
Agra,gem_seamless,2026-09-27T13:00,25.8,0.0,21.2
Agra,gem_seamless,2026-09-27T14:00,26.1,0.0,21.2
Agra,gem_seamless,2026-09-27T15:00,26.2,0.0,19.1
Agra,gem_seamless,2026-09-27T16:00,26.2,0.0,16.6
Agra,gem_seamless,2026-09-27T17:00,25.7,0.0,14.0
Agra,gem_seamless,2026-09-27T18:00,24.3,0.0,10.8
Agra,gem_seamless,2026-09-27T19:00,23.0,0.0,9.7
Agra,gem_seamless,2026-09-27T20:00,21.9,0.0,7.6
Agra,gem_seamless,2026-09-27T21:00,21.0,0.0,7.2
Agra,gem_seamless,2026-09-27T22:00,20.5,0.0,8.3
Agra,gem_seamless,2026-09-27T23:00,20.5,0.0,10.1
Agra,gem_seamless,2026-09-28T00:00,20.6,0.0,10.1
Agra,gem_seamless,2026-09-28T01:00,20.9,0.0,9.0
Agra,gem_seamless,2026-09-28T02:00,21.2,0.0,8.3
Agra,gem_seamless,2026-09-28T03:00,21.5,0.0,7.2
Agra,gem_seamless,2026-09-28T04:00,21.5,0.0,5.8
Agra,gem_seamless,2026-09-28T05:00,21.5,0.0,4.7
Agra,gem_seamless,2026-09-28T06:00,21.5,0.0,7.6
Agra,gem_seamless,2026-09-28T07:00,22.1,0.0,8.6
Agra,gem_seamless,2026-09-28T08:00,23.1,0.0,8.3
Agra,gem_seamless,2026-09-28T09:00,24.4,0.0,7.2
Agra,gem_seamless,2026-09-28T10:00,26.1,0.0,6.1
Agra,gem_seamless,2026-09-28T11:00,27.5,0.0,6.8
Agra,gem_seamless,2026-09-28T12:00,28.6,0.0,8.6
Agra,gem_seamless,2026-09-28T13:00,29.0,0.0,10.1
Agra,gem_seamless,2026-09-28T14:00,29.2,0.0,9.7
Agra,gem_seamless,2026-09-28T15:00,29.6,0.0,7.6
Agra,gem_seamless,2026-09-28T16:00,29.6,0.0,6.8
Agra,gem_seamless,2026-09-28T17:00,28.9,0.0,4.3
Agra,gem_seamless,2026-09-28T18:00,27.1,0.0,2.2
Agra,gem_seamless,2026-09-28T19:00,25.6,0.0,1.1
Agra,gem_seamless,2026-09-28T20:00,24.4,0.0,2.2
Agra,gem_seamless,2026-09-28T21:00,23.5,0.0,2.9
Agra,gem_seamless,2026-09-28T22:00,22.7,0.0,1.4
Agra,gem_seamless,2026-09-28T23:00,22.3,0.0,0.4
Agra,gem_seamless,2026-09-29T00:00,22.1,0.0,3.6
Agra,gem_seamless,2026-09-29T01:00,22.1,0.0,4.0
Agra,gem_seamless,2026-09-29T02:00,22.1,0.0,4.3
Agra,gem_seamless,2026-09-29T03:00,21.9,0.0,5.0
Agra,gem_seamless,2026-09-29T04:00,21.6,0.0,4.7
Agra,gem_seamless,2026-09-29T05:00,21.3,0.0,2.9
Agra,gem_seamless,2026-09-29T06:00,21.0,0.0,1.8
Agra,gem_seamless,2026-09-29T07:00,22.3,0.0,2.9
Agra,gem_seamless,2026-09-29T08:00,24.5,0.0,5.0
Agra,gem_seamless,2026-09-29T09:00,26.4,0.0,5.0
Agra,gem_seamless,2026-09-29T10:00,27.9,0.0,4.3
Agra,gem_seamless,2026-09-29T11:00,29.3,0.0,5.0
Agra,gem_seamless,2026-09-29T12:00,30.6,0.0,8.3
Agra,gem_seamless,2026-09-29T13:00,31.2,0.0,12.2
Agra,gem_seamless,2026-09-29T14:00,31.3,0.0,13.7
Agra,gem_seamless,2026-09-29T15:00,31.3,0.0,13.7
Agra,gem_seamless,2026-09-29T16:00,30.8,0.0,11.2
Agra,gem_seamless,2026-09-29T17:00,29.8,0.0,6.5
Agra,gem_seamless,2026-09-29T18:00,28.1,0.0,4.7
Agra,gem_seamless,2026-09-29T19:00,26.7,0.0,3.6
Agra,gem_seamless,2026-09-29T20:00,25.7,0.0,2.9
Agra,gem_seamless,2026-09-29T21:00,24.7,0.0,2.5
Agra,gem_seamless,2026-09-29T22:00,23.7,0.0,2.5
Agra,gem_seamless,2026-09-29T23:00,22.9,0.0,2.2
Nashik,ecmwf_ifs025,2026-09-27T00:00,22.1,0.0,14.5
Nashik,ecmwf_ifs025,2026-09-27T01:00,22.0,0.0,14.1
Nashik,ecmwf_ifs025,2026-09-27T02:00,21.9,0.0,13.7
Nashik,ecmwf_ifs025,2026-09-27T03:00,21.7,0.0,13.5
Nashik,ecmwf_ifs025,2026-09-27T04:00,21.5,0.0,13.2
Nashik,ecmwf_ifs025,2026-09-27T05:00,21.6,0.0,13.0
Nashik,ecmwf_ifs025,2026-09-27T06:00,22.1,0.0,13.2
Nashik,ecmwf_ifs025,2026-09-27T07:00,22.8,0.0,13.4
Nashik,ecmwf_ifs025,2026-09-27T08:00,23.7,0.0,13.5
Nashik,ecmwf_ifs025,2026-09-27T09:00,24.9,0.0,13.9
Nashik,ecmwf_ifs025,2026-09-27T10:00,26.3,0.0,14.2
Nashik,ecmwf_ifs025,2026-09-27T11:00,27.4,0.0,14.5
Nashik,ecmwf_ifs025,2026-09-27T12:00,28.0,0.0,14.6
Nashik,ecmwf_ifs025,2026-09-27T13:00,28.4,0.0,15.2
Nashik,ecmwf_ifs025,2026-09-27T14:00,28.5,0.0,15.0
Nashik,ecmwf_ifs025,2026-09-27T15:00,28.1,0.0,14.2
Nashik,ecmwf_ifs025,2026-09-27T16:00,27.4,0.0,13.4
Nashik,ecmwf_ifs025,2026-09-27T17:00,26.5,0.0,12.3
Nashik,ecmwf_ifs025,2026-09-27T18:00,25.3,0.0,11.6
Nashik,ecmwf_ifs025,2026-09-27T19:00,23.9,0.0,10.5
Nashik,ecmwf_ifs025,2026-09-27T20:00,22.7,0.0,9.8
Nashik,ecmwf_ifs025,2026-09-27T21:00,22.1,0.0,9.4
Nashik,ecmwf_ifs025,2026-09-27T22:00,21.7,0.0,9.0
Nashik,ecmwf_ifs025,2026-09-27T23:00,21.3,0.0,8.7
Nashik,ecmwf_ifs025,2026-09-28T00:00,21.0,0.0,8.7
Nashik,ecmwf_ifs025,2026-09-28T01:00,20.7,0.0,8.7
Nashik,ecmwf_ifs025,2026-09-28T02:00,20.6,0.0,8.7
Nashik,ecmwf_ifs025,2026-09-28T03:00,20.5,0.0,8.4
Nashik,ecmwf_ifs025,2026-09-28T04:00,20.5,0.0,8.0
Nashik,ecmwf_ifs025,2026-09-28T05:00,20.8,0.0,7.3
Nashik,ecmwf_ifs025,2026-09-28T06:00,21.2,0.0,6.1
Nashik,ecmwf_ifs025,2026-09-28T07:00,21.9,0.0,5.1
Nashik,ecmwf_ifs025,2026-09-28T08:00,22.9,0.0,4.5
Nashik,ecmwf_ifs025,2026-09-28T09:00,24.4,0.0,4.2
Nashik,ecmwf_ifs025,2026-09-28T10:00,26.3,0.0,3.9
Nashik,ecmwf_ifs025,2026-09-28T11:00,27.8,0.0,4.3
Nashik,ecmwf_ifs025,2026-09-28T12:00,28.6,0.0,6.2
Nashik,ecmwf_ifs025,2026-09-28T13:00,29.1,0.0,8.3
Nashik,ecmwf_ifs025,2026-09-28T14:00,29.2,0.0,9.8
Nashik,ecmwf_ifs025,2026-09-28T15:00,28.8,0.1,9.9
Nashik,ecmwf_ifs025,2026-09-28T16:00,28.1,0.1,9.4
Nashik,ecmwf_ifs025,2026-09-28T17:00,27.2,0.1,8.9
Nashik,ecmwf_ifs025,2026-09-28T18:00,26.0,0.0,8.5
Nashik,ecmwf_ifs025,2026-09-28T19:00,24.5,0.0,7.9
Nashik,ecmwf_ifs025,2026-09-28T20:00,23.4,0.0,7.4
Nashik,ecmwf_ifs025,2026-09-28T21:00,22.8,0.0,6.9
Nashik,ecmwf_ifs025,2026-09-28T22:00,22.6,0.0,6.3
Nashik,ecmwf_ifs025,2026-09-28T23:00,22.4,0.0,5.5
Nashik,ecmwf_ifs025,2026-09-29T00:00,22.2,0.0,4.8
Nashik,ecmwf_ifs025,2026-09-29T01:00,22.1,0.0,3.9
Nashik,ecmwf_ifs025,2026-09-29T02:00,21.9,0.0,3.1
Nashik,ecmwf_ifs025,2026-09-29T03:00,21.7,0.0,2.1
Nashik,ecmwf_ifs025,2026-09-29T04:00,21.5,0.0,1.5
Nashik,ecmwf_ifs025,2026-09-29T05:00,21.5,0.0,1.8
Nashik,ecmwf_ifs025,2026-09-29T06:00,22.0,0.0,2.2
Nashik,ecmwf_ifs025,2026-09-29T07:00,22.7,0.0,2.6
Nashik,ecmwf_ifs025,2026-09-29T08:00,23.8,0.0,3.5
Nashik,ecmwf_ifs025,2026-09-29T09:00,25.3,0.0,4.7
Nashik,ecmwf_ifs025,2026-09-29T10:00,27.1,0.0,5.4
Nashik,ecmwf_ifs025,2026-09-29T11:00,28.6,0.0,5.9
Nashik,ecmwf_ifs025,2026-09-29T12:00,29.7,0.0,5.8
Nashik,ecmwf_ifs025,2026-09-29T13:00,30.4,0.0,6.0
Nashik,ecmwf_ifs025,2026-09-29T14:00,30.3,0.0,5.1
Nashik,ecmwf_ifs025,2026-09-29T15:00,28.8,0.7,3.6
Nashik,ecmwf_ifs025,2026-09-29T16:00,26.5,0.7,7.2
Nashik,ecmwf_ifs025,2026-09-29T17:00,24.7,0.7,10.6
Nashik,ecmwf_ifs025,2026-09-29T18:00,23.7,0.0,10.4
Nashik,ecmwf_ifs025,2026-09-29T19:00,23.1,0.0,8.2
Nashik,ecmwf_ifs025,2026-09-29T20:00,22.6,0.0,6.4
Nashik,ecmwf_ifs025,2026-09-29T21:00,22.2,0.0,5.2
Nashik,ecmwf_ifs025,2026-09-29T22:00,22.0,0.0,4.5
Nashik,ecmwf_ifs025,2026-09-29T23:00,21.8,0.0,4.0
Nashik,gfs_seamless,2026-09-27T00:00,21.6,0.0,18.9
Nashik,gfs_seamless,2026-09-27T01:00,21.5,0.0,18.0
Nashik,gfs_seamless,2026-09-27T02:00,21.2,0.0,16.4
Nashik,gfs_seamless,2026-09-27T03:00,21.1,0.0,16.3
Nashik,gfs_seamless,2026-09-27T04:00,20.8,0.0,15.2
Nashik,gfs_seamless,2026-09-27T05:00,20.3,0.0,12.1
Nashik,gfs_seamless,2026-09-27T06:00,19.9,0.0,10.9
Nashik,gfs_seamless,2026-09-27T07:00,20.9,0.0,10.6
Nashik,gfs_seamless,2026-09-27T08:00,22.9,0.0,14.9
Nashik,gfs_seamless,2026-09-27T09:00,24.5,0.0,15.4
Nashik,gfs_seamless,2026-09-27T10:00,25.9,0.0,15.0
Nashik,gfs_seamless,2026-09-27T11:00,27.1,0.0,16.1
Nashik,gfs_seamless,2026-09-27T12:00,27.8,0.0,17.0
Nashik,gfs_seamless,2026-09-27T13:00,28.2,0.0,18.2
Nashik,gfs_seamless,2026-09-27T14:00,28.2,0.0,19.0
Nashik,gfs_seamless,2026-09-27T15:00,27.9,0.0,18.3
Nashik,gfs_seamless,2026-09-27T16:00,27.2,0.0,18.1
Nashik,gfs_seamless,2026-09-27T17:00,26.0,0.0,15.7
Nashik,gfs_seamless,2026-09-27T18:00,23.6,0.0,12.0
Nashik,gfs_seamless,2026-09-27T19:00,22.6,0.0,10.9
Nashik,gfs_seamless,2026-09-27T20:00,22.0,0.0,10.0
Nashik,gfs_seamless,2026-09-27T21:00,21.5,0.0,9.9
Nashik,gfs_seamless,2026-09-27T22:00,21.0,0.0,10.1
Nashik,gfs_seamless,2026-09-27T23:00,20.5,0.0,9.5
Nashik,gfs_seamless,2026-09-28T00:00,20.1,0.0,9.4
Nashik,gfs_seamless,2026-09-28T01:00,19.8,0.0,9.7
Nashik,gfs_seamless,2026-09-28T02:00,19.5,0.0,9.8
Nashik,gfs_seamless,2026-09-28T03:00,19.2,0.0,8.2
Nashik,gfs_seamless,2026-09-28T04:00,19.1,0.0,6.5
Nashik,gfs_seamless,2026-09-28T05:00,19.0,0.0,5.4
Nashik,gfs_seamless,2026-09-28T06:00,18.9,0.0,4.8
Nashik,gfs_seamless,2026-09-28T07:00,20.4,0.0,3.6
Nashik,gfs_seamless,2026-09-28T08:00,22.5,0.0,4.5
Nashik,gfs_seamless,2026-09-28T09:00,24.6,0.0,3.3
Nashik,gfs_seamless,2026-09-28T10:00,26.5,0.0,4.8
Nashik,gfs_seamless,2026-09-28T11:00,27.9,0.0,3.3
Nashik,gfs_seamless,2026-09-28T12:00,28.8,0.0,6.1
Nashik,gfs_seamless,2026-09-28T13:00,29.7,0.0,9.0
Nashik,gfs_seamless,2026-09-28T14:00,30.0,0.0,11.3
Nashik,gfs_seamless,2026-09-28T15:00,29.6,0.0,13.2
Nashik,gfs_seamless,2026-09-28T16:00,28.7,0.0,15.0
Nashik,gfs_seamless,2026-09-28T17:00,26.8,0.0,15.0
Nashik,gfs_seamless,2026-09-28T18:00,24.4,0.0,12.9
Nashik,gfs_seamless,2026-09-28T19:00,23.5,0.0,12.6
Nashik,gfs_seamless,2026-09-28T20:00,22.9,0.0,12.1
Nashik,gfs_seamless,2026-09-28T21:00,22.2,0.0,10.8
Nashik,gfs_seamless,2026-09-28T22:00,21.5,0.1,7.2
Nashik,gfs_seamless,2026-09-28T23:00,21.4,0.1,1.3
Nashik,gfs_seamless,2026-09-29T00:00,21.3,0.6,2.8
Nashik,gfs_seamless,2026-09-29T01:00,21.5,0.0,3.7
Nashik,gfs_seamless,2026-09-29T02:00,21.3,0.0,1.3
Nashik,gfs_seamless,2026-09-29T03:00,21.2,0.0,3.4
Nashik,gfs_seamless,2026-09-29T04:00,21.0,0.0,3.6
Nashik,gfs_seamless,2026-09-29T05:00,20.9,0.0,2.6
Nashik,gfs_seamless,2026-09-29T06:00,20.7,0.1,2.5
Nashik,gfs_seamless,2026-09-29T07:00,22.2,0.0,4.1
Nashik,gfs_seamless,2026-09-29T08:00,23.3,0.0,6.2
Nashik,gfs_seamless,2026-09-29T09:00,25.0,0.0,9.3
Nashik,gfs_seamless,2026-09-29T10:00,27.4,0.1,11.6
Nashik,gfs_seamless,2026-09-29T11:00,28.8,0.0,9.9
Nashik,gfs_seamless,2026-09-29T12:00,29.7,0.0,8.1
Nashik,gfs_seamless,2026-09-29T13:00,30.2,0.0,5.5
Nashik,gfs_seamless,2026-09-29T14:00,30.7,0.0,3.3
Nashik,gfs_seamless,2026-09-29T15:00,30.4,0.1,3.1
Nashik,gfs_seamless,2026-09-29T16:00,27.5,0.0,9.5
Nashik,gfs_seamless,2026-09-29T17:00,23.6,0.4,17.3
Nashik,gfs_seamless,2026-09-29T18:00,23.1,0.1,6.8
Nashik,gfs_seamless,2026-09-29T19:00,22.4,3.0,6.5
Nashik,gfs_seamless,2026-09-29T20:00,22.9,1.5,3.4
Nashik,gfs_seamless,2026-09-29T21:00,23.0,0.6,9.1
Nashik,gfs_seamless,2026-09-29T22:00,23.0,0.0,9.5
Nashik,gfs_seamless,2026-09-29T23:00,22.9,0.0,8.4
Nashik,icon_seamless,2026-09-27T00:00,22.9,0.0,10.8
Nashik,icon_seamless,2026-09-27T01:00,22.9,0.0,10.6
Nashik,icon_seamless,2026-09-27T02:00,22.8,0.0,10.8
Nashik,icon_seamless,2026-09-27T03:00,22.6,0.0,10.4
Nashik,icon_seamless,2026-09-27T04:00,22.4,0.0,10.5
Nashik,icon_seamless,2026-09-27T05:00,22.3,0.0,11.0
Nashik,icon_seamless,2026-09-27T06:00,22.1,0.0,9.8
Nashik,icon_seamless,2026-09-27T07:00,22.4,0.0,10.6
Nashik,icon_seamless,2026-09-27T08:00,23.4,0.0,11.8
Nashik,icon_seamless,2026-09-27T09:00,24.7,0.0,12.5
Nashik,icon_seamless,2026-09-27T10:00,25.9,0.0,14.8
Nashik,icon_seamless,2026-09-27T11:00,26.9,0.0,16.5
Nashik,icon_seamless,2026-09-27T12:00,27.7,0.0,17.1
Nashik,icon_seamless,2026-09-27T13:00,28.4,0.0,17.0
Nashik,icon_seamless,2026-09-27T14:00,28.8,0.0,16.3
Nashik,icon_seamless,2026-09-27T15:00,28.7,0.0,15.5
Nashik,icon_seamless,2026-09-27T16:00,28.1,0.0,14.8
Nashik,icon_seamless,2026-09-27T17:00,27.2,0.0,13.3
Nashik,icon_seamless,2026-09-27T18:00,25.8,0.0,10.8
Nashik,icon_seamless,2026-09-27T19:00,24.4,0.0,7.9
Nashik,icon_seamless,2026-09-27T20:00,23.6,0.0,6.1
Nashik,icon_seamless,2026-09-27T21:00,23.0,0.0,6.1
Nashik,icon_seamless,2026-09-27T22:00,22.6,0.0,5.4
Nashik,icon_seamless,2026-09-27T23:00,22.3,0.0,5.1
Nashik,icon_seamless,2026-09-28T00:00,21.9,0.0,4.3
Nashik,icon_seamless,2026-09-28T01:00,21.5,0.0,4.0
Nashik,icon_seamless,2026-09-28T02:00,21.2,0.0,3.9
Nashik,icon_seamless,2026-09-28T03:00,20.9,0.0,3.9
Nashik,icon_seamless,2026-09-28T04:00,20.8,0.0,3.0
Nashik,icon_seamless,2026-09-28T05:00,20.8,0.0,2.7
Nashik,icon_seamless,2026-09-28T06:00,20.8,0.0,2.9
Nashik,icon_seamless,2026-09-28T07:00,21.3,0.0,2.4
Nashik,icon_seamless,2026-09-28T08:00,22.7,0.0,5.2
Nashik,icon_seamless,2026-09-28T09:00,24.0,0.0,4.7
Nashik,icon_seamless,2026-09-28T10:00,25.6,0.0,5.8
Nashik,icon_seamless,2026-09-28T11:00,26.9,0.0,7.4
Nashik,icon_seamless,2026-09-28T12:00,27.9,0.0,8.9
Nashik,icon_seamless,2026-09-28T13:00,28.7,0.0,8.7
Nashik,icon_seamless,2026-09-28T14:00,29.0,0.0,9.8
Nashik,icon_seamless,2026-09-28T15:00,28.9,0.0,10.0
Nashik,icon_seamless,2026-09-28T16:00,28.6,0.0,9.2
Nashik,icon_seamless,2026-09-28T17:00,28.0,0.0,8.2
Nashik,icon_seamless,2026-09-28T18:00,26.9,0.0,5.0
Nashik,icon_seamless,2026-09-28T19:00,25.8,0.0,5.2
Nashik,icon_seamless,2026-09-28T20:00,24.8,0.0,7.0
Nashik,icon_seamless,2026-09-28T21:00,24.1,0.0,5.8
Nashik,icon_seamless,2026-09-28T22:00,23.7,0.0,4.4
Nashik,icon_seamless,2026-09-28T23:00,23.4,0.0,2.1
Nashik,icon_seamless,2026-09-29T00:00,23.1,0.0,2.6
Nashik,icon_seamless,2026-09-29T01:00,22.8,0.0,2.3
Nashik,icon_seamless,2026-09-29T02:00,22.6,0.0,1.6
Nashik,icon_seamless,2026-09-29T03:00,22.3,0.0,0.8
Nashik,icon_seamless,2026-09-29T04:00,22.0,0.0,0.4
Nashik,icon_seamless,2026-09-29T05:00,21.9,0.0,0.4
Nashik,icon_seamless,2026-09-29T06:00,21.6,0.0,1.6
Nashik,icon_seamless,2026-09-29T07:00,22.0,0.0,1.9
Nashik,icon_seamless,2026-09-29T08:00,23.6,0.0,3.1
Nashik,icon_seamless,2026-09-29T09:00,25.6,0.0,6.3
Nashik,icon_seamless,2026-09-29T10:00,27.3,0.0,7.2
Nashik,icon_seamless,2026-09-29T11:00,28.7,0.0,5.8
Nashik,icon_seamless,2026-09-29T12:00,29.6,0.0,4.3
Nashik,icon_seamless,2026-09-29T13:00,30.0,0.0,2.8
Nashik,icon_seamless,2026-09-29T14:00,29.8,0.1,0.8
Nashik,icon_seamless,2026-09-29T15:00,29.1,0.2,2.9
Nashik,icon_seamless,2026-09-29T16:00,27.5,6.5,6.3
Nashik,icon_seamless,2026-09-29T17:00,26.1,4.4,6.6
Nashik,icon_seamless,2026-09-29T18:00,25.4,0.0,4.8
Nashik,icon_seamless,2026-09-29T19:00,25.0,0.2,4.4
Nashik,icon_seamless,2026-09-29T20:00,24.5,0.8,3.5
Nashik,icon_seamless,2026-09-29T21:00,24.3,0.0,1.5
Nashik,icon_seamless,2026-09-29T22:00,24.1,0.0,1.9
Nashik,icon_seamless,2026-09-29T23:00,23.9,0.0,2.6
Nashik,gem_seamless,2026-09-27T00:00,21.5,0.0,20.2
Nashik,gem_seamless,2026-09-27T01:00,21.5,0.0,19.4
Nashik,gem_seamless,2026-09-27T02:00,21.9,0.0,20.2
Nashik,gem_seamless,2026-09-27T03:00,22.1,0.0,19.8
Nashik,gem_seamless,2026-09-27T04:00,22.4,0.0,18.7
Nashik,gem_seamless,2026-09-27T05:00,22.6,0.0,16.2
Nashik,gem_seamless,2026-09-27T06:00,22.7,0.0,15.8
Nashik,gem_seamless,2026-09-27T07:00,23.2,0.0,20.5
Nashik,gem_seamless,2026-09-27T08:00,24.2,0.0,20.9
Nashik,gem_seamless,2026-09-27T09:00,25.2,0.0,21.6
Nashik,gem_seamless,2026-09-27T10:00,26.2,0.0,20.9
Nashik,gem_seamless,2026-09-27T11:00,27.4,0.0,20.5
Nashik,gem_seamless,2026-09-27T12:00,28.3,0.0,20.2
Nashik,gem_seamless,2026-09-27T13:00,29.0,0.0,19.8
Nashik,gem_seamless,2026-09-27T14:00,29.4,0.0,19.4
Nashik,gem_seamless,2026-09-27T15:00,29.5,0.0,19.4
Nashik,gem_seamless,2026-09-27T16:00,29.0,0.0,19.4
Nashik,gem_seamless,2026-09-27T17:00,27.9,0.0,18.7
Nashik,gem_seamless,2026-09-27T18:00,26.1,0.0,15.5
Nashik,gem_seamless,2026-09-27T19:00,24.6,0.0,13.0
Nashik,gem_seamless,2026-09-27T20:00,23.3,0.0,11.5
Nashik,gem_seamless,2026-09-27T21:00,22.0,0.0,10.8
Nashik,gem_seamless,2026-09-27T22:00,20.8,0.0,9.7
Nashik,gem_seamless,2026-09-27T23:00,19.8,0.0,8.3
Nashik,gem_seamless,2026-09-28T00:00,19.1,0.0,7.6
Nashik,gem_seamless,2026-09-28T01:00,18.6,0.0,7.2
Nashik,gem_seamless,2026-09-28T02:00,18.2,0.0,6.5
Nashik,gem_seamless,2026-09-28T03:00,17.8,0.0,5.0
Nashik,gem_seamless,2026-09-28T04:00,17.4,0.0,4.3
Nashik,gem_seamless,2026-09-28T05:00,17.2,0.0,4.0
Nashik,gem_seamless,2026-09-28T06:00,17.5,0.0,4.3
Nashik,gem_seamless,2026-09-28T07:00,18.3,0.0,4.3
Nashik,gem_seamless,2026-09-28T08:00,20.5,0.0,4.3
Nashik,gem_seamless,2026-09-28T09:00,23.7,0.0,7.2
Nashik,gem_seamless,2026-09-28T10:00,26.4,0.0,9.0
Nashik,gem_seamless,2026-09-28T11:00,28.0,0.0,10.1
Nashik,gem_seamless,2026-09-28T12:00,29.2,0.0,11.2
Nashik,gem_seamless,2026-09-28T13:00,29.8,0.0,13.0
Nashik,gem_seamless,2026-09-28T14:00,30.0,0.0,14.8
Nashik,gem_seamless,2026-09-28T15:00,29.9,0.0,15.8
Nashik,gem_seamless,2026-09-28T16:00,29.3,0.0,15.5
Nashik,gem_seamless,2026-09-28T17:00,28.4,0.0,12.6
Nashik,gem_seamless,2026-09-28T18:00,26.5,0.0,7.6
Nashik,gem_seamless,2026-09-28T19:00,24.7,0.0,6.8
Nashik,gem_seamless,2026-09-28T20:00,23.5,0.0,7.9
Nashik,gem_seamless,2026-09-28T21:00,22.7,0.0,6.1
Nashik,gem_seamless,2026-09-28T22:00,21.9,0.0,2.5
Nashik,gem_seamless,2026-09-28T23:00,21.2,0.0,2.5
Nashik,gem_seamless,2026-09-29T00:00,20.6,0.0,1.1
Nashik,gem_seamless,2026-09-29T01:00,20.1,0.0,3.2
Nashik,gem_seamless,2026-09-29T02:00,19.6,0.0,2.2
Nashik,gem_seamless,2026-09-29T03:00,19.5,0.0,2.2
Nashik,gem_seamless,2026-09-29T04:00,19.4,0.0,1.8
Nashik,gem_seamless,2026-09-29T05:00,19.3,0.0,0.4
Nashik,gem_seamless,2026-09-29T06:00,19.1,0.0,2.2
Nashik,gem_seamless,2026-09-29T07:00,20.1,0.0,3.6
Nashik,gem_seamless,2026-09-29T08:00,22.9,0.0,1.1
Nashik,gem_seamless,2026-09-29T09:00,25.7,0.0,4.0
Nashik,gem_seamless,2026-09-29T10:00,27.7,0.0,7.6
Nashik,gem_seamless,2026-09-29T11:00,29.1,0.0,6.5
Nashik,gem_seamless,2026-09-29T12:00,30.3,0.0,5.0
Nashik,gem_seamless,2026-09-29T13:00,30.3,0.0,3.2
Nashik,gem_seamless,2026-09-29T14:00,30.3,0.0,11.9
Nashik,gem_seamless,2026-09-29T15:00,30.1,0.0,14.4
Nashik,gem_seamless,2026-09-29T16:00,29.0,1.3,9.7
Nashik,gem_seamless,2026-09-29T17:00,27.1,0.3,5.0
Nashik,gem_seamless,2026-09-29T18:00,25.3,0.0,5.4
Nashik,gem_seamless,2026-09-29T19:00,24.0,0.0,3.2
Nashik,gem_seamless,2026-09-29T20:00,23.1,0.0,1.1
Nashik,gem_seamless,2026-09-29T21:00,22.4,0.0,2.2
Nashik,gem_seamless,2026-09-29T22:00,21.8,0.0,1.8
Nashik,gem_seamless,2026-09-29T23:00,21.3,0.0,4.0
Ranchi,ecmwf_ifs025,2026-09-27T00:00,21.8,0.0,11.6
Ranchi,ecmwf_ifs025,2026-09-27T01:00,21.3,0.0,11.3
Ranchi,ecmwf_ifs025,2026-09-27T02:00,20.9,0.0,11.0
Ranchi,ecmwf_ifs025,2026-09-27T03:00,20.4,0.0,10.2
Ranchi,ecmwf_ifs025,2026-09-27T04:00,19.8,0.0,9.4
Ranchi,ecmwf_ifs025,2026-09-27T05:00,19.8,0.0,8.7
Ranchi,ecmwf_ifs025,2026-09-27T06:00,20.9,0.0,8.0
Ranchi,ecmwf_ifs025,2026-09-27T07:00,22.5,0.0,6.8
Ranchi,ecmwf_ifs025,2026-09-27T08:00,24.1,0.0,6.5
Ranchi,ecmwf_ifs025,2026-09-27T09:00,25.5,0.0,7.1
Ranchi,ecmwf_ifs025,2026-09-27T10:00,26.9,0.0,9.0
Ranchi,ecmwf_ifs025,2026-09-27T11:00,27.9,0.0,10.0
Ranchi,ecmwf_ifs025,2026-09-27T12:00,28.5,0.0,9.7
Ranchi,ecmwf_ifs025,2026-09-27T13:00,28.8,0.0,9.2
Ranchi,ecmwf_ifs025,2026-09-27T14:00,28.7,0.0,9.1
Ranchi,ecmwf_ifs025,2026-09-27T15:00,28.0,0.0,7.6
Ranchi,ecmwf_ifs025,2026-09-27T16:00,27.0,0.0,5.1
Ranchi,ecmwf_ifs025,2026-09-27T17:00,25.9,0.0,2.9
Ranchi,ecmwf_ifs025,2026-09-27T18:00,24.8,0.0,1.9
Ranchi,ecmwf_ifs025,2026-09-27T19:00,23.7,0.0,2.4
Ranchi,ecmwf_ifs025,2026-09-27T20:00,22.8,0.0,3.3
Ranchi,ecmwf_ifs025,2026-09-27T21:00,22.2,0.0,3.9
Ranchi,ecmwf_ifs025,2026-09-27T22:00,21.7,0.0,4.1
Ranchi,ecmwf_ifs025,2026-09-27T23:00,21.3,0.0,4.8
Ranchi,ecmwf_ifs025,2026-09-28T00:00,21.2,0.0,5.1
Ranchi,ecmwf_ifs025,2026-09-28T01:00,21.2,0.0,5.4
Ranchi,ecmwf_ifs025,2026-09-28T02:00,21.3,0.0,5.9
Ranchi,ecmwf_ifs025,2026-09-28T03:00,21.2,0.0,6.9
Ranchi,ecmwf_ifs025,2026-09-28T04:00,21.2,0.0,8.2
Ranchi,ecmwf_ifs025,2026-09-28T05:00,21.6,0.0,9.4
Ranchi,ecmwf_ifs025,2026-09-28T06:00,22.6,0.0,10.5
Ranchi,ecmwf_ifs025,2026-09-28T07:00,24.0,0.0,11.3
Ranchi,ecmwf_ifs025,2026-09-28T08:00,25.3,0.0,11.6
Ranchi,ecmwf_ifs025,2026-09-28T09:00,26.5,0.0,11.4
Ranchi,ecmwf_ifs025,2026-09-28T10:00,27.5,0.0,10.6
Ranchi,ecmwf_ifs025,2026-09-28T11:00,28.3,0.0,10.1
Ranchi,ecmwf_ifs025,2026-09-28T12:00,28.8,0.0,10.3
Ranchi,ecmwf_ifs025,2026-09-28T13:00,29.1,0.0,10.7
Ranchi,ecmwf_ifs025,2026-09-28T14:00,28.9,0.0,10.9
Ranchi,ecmwf_ifs025,2026-09-28T15:00,27.9,0.0,9.7
Ranchi,ecmwf_ifs025,2026-09-28T16:00,26.5,0.0,8.0
Ranchi,ecmwf_ifs025,2026-09-28T17:00,25.1,0.0,6.6
Ranchi,ecmwf_ifs025,2026-09-28T18:00,23.9,0.0,6.0
Ranchi,ecmwf_ifs025,2026-09-28T19:00,22.7,0.0,6.1
Ranchi,ecmwf_ifs025,2026-09-28T20:00,21.9,0.0,5.8
Ranchi,ecmwf_ifs025,2026-09-28T21:00,21.4,0.0,5.5
Ranchi,ecmwf_ifs025,2026-09-28T22:00,21.3,0.0,5.5
Ranchi,ecmwf_ifs025,2026-09-28T23:00,21.1,0.0,5.4
Ranchi,ecmwf_ifs025,2026-09-29T00:00,20.9,0.0,4.7
Ranchi,ecmwf_ifs025,2026-09-29T01:00,20.8,0.0,3.8
Ranchi,ecmwf_ifs025,2026-09-29T02:00,20.7,0.0,3.4
Ranchi,ecmwf_ifs025,2026-09-29T03:00,20.5,0.0,3.8
Ranchi,ecmwf_ifs025,2026-09-29T04:00,20.3,0.0,4.3
Ranchi,ecmwf_ifs025,2026-09-29T05:00,20.8,0.0,5.1
Ranchi,ecmwf_ifs025,2026-09-29T06:00,22.3,0.0,5.7
Ranchi,ecmwf_ifs025,2026-09-29T07:00,24.3,0.0,6.6
Ranchi,ecmwf_ifs025,2026-09-29T08:00,26.1,0.0,7.2
Ranchi,ecmwf_ifs025,2026-09-29T09:00,27.3,0.1,7.7
Ranchi,ecmwf_ifs025,2026-09-29T10:00,28.2,0.1,7.9
Ranchi,ecmwf_ifs025,2026-09-29T11:00,28.8,0.1,8.3
Ranchi,ecmwf_ifs025,2026-09-29T12:00,29.1,0.3,9.2
Ranchi,ecmwf_ifs025,2026-09-29T13:00,29.0,0.3,10.4
Ranchi,ecmwf_ifs025,2026-09-29T14:00,28.7,0.3,10.7
Ranchi,ecmwf_ifs025,2026-09-29T15:00,28.0,0.1,9.7
Ranchi,ecmwf_ifs025,2026-09-29T16:00,27.0,0.1,8.3
Ranchi,ecmwf_ifs025,2026-09-29T17:00,26.0,0.1,6.9
Ranchi,ecmwf_ifs025,2026-09-29T18:00,25.0,0.0,6.3
Ranchi,ecmwf_ifs025,2026-09-29T19:00,24.1,0.0,5.8
Ranchi,ecmwf_ifs025,2026-09-29T20:00,23.3,0.0,5.5
Ranchi,ecmwf_ifs025,2026-09-29T21:00,22.8,0.0,5.2
Ranchi,ecmwf_ifs025,2026-09-29T22:00,22.4,0.0,4.8
Ranchi,ecmwf_ifs025,2026-09-29T23:00,22.0,0.0,4.5
Ranchi,gfs_seamless,2026-09-27T00:00,21.1,0.0,10.6
Ranchi,gfs_seamless,2026-09-27T01:00,20.8,0.0,11.0
Ranchi,gfs_seamless,2026-09-27T02:00,20.6,0.0,11.5
Ranchi,gfs_seamless,2026-09-27T03:00,20.3,0.0,10.5
Ranchi,gfs_seamless,2026-09-27T04:00,20.1,0.0,11.7
Ranchi,gfs_seamless,2026-09-27T05:00,19.9,0.0,12.2
Ranchi,gfs_seamless,2026-09-27T06:00,20.7,0.0,11.8
Ranchi,gfs_seamless,2026-09-27T07:00,23.1,0.0,12.2
Ranchi,gfs_seamless,2026-09-27T08:00,25.1,0.0,11.5
Ranchi,gfs_seamless,2026-09-27T09:00,26.6,0.0,11.4
Ranchi,gfs_seamless,2026-09-27T10:00,27.6,0.0,10.7
Ranchi,gfs_seamless,2026-09-27T11:00,28.3,0.0,11.8
Ranchi,gfs_seamless,2026-09-27T12:00,28.7,0.0,12.4
Ranchi,gfs_seamless,2026-09-27T13:00,28.8,0.0,12.2
Ranchi,gfs_seamless,2026-09-27T14:00,26.8,0.0,9.4
Ranchi,gfs_seamless,2026-09-27T15:00,26.6,0.0,7.2
Ranchi,gfs_seamless,2026-09-27T16:00,26.6,0.0,7.6
Ranchi,gfs_seamless,2026-09-27T17:00,25.1,0.0,9.7
Ranchi,gfs_seamless,2026-09-27T18:00,23.8,0.0,12.1
Ranchi,gfs_seamless,2026-09-27T19:00,23.4,0.0,10.9
Ranchi,gfs_seamless,2026-09-27T20:00,23.2,0.0,10.4
Ranchi,gfs_seamless,2026-09-27T21:00,22.8,0.0,12.0
Ranchi,gfs_seamless,2026-09-27T22:00,22.3,0.0,12.0
Ranchi,gfs_seamless,2026-09-27T23:00,22.2,0.0,11.2
Ranchi,gfs_seamless,2026-09-28T00:00,22.0,0.0,11.7
Ranchi,gfs_seamless,2026-09-28T01:00,21.7,0.0,12.0
Ranchi,gfs_seamless,2026-09-28T02:00,21.5,0.0,12.0
Ranchi,gfs_seamless,2026-09-28T03:00,21.2,0.0,12.0
Ranchi,gfs_seamless,2026-09-28T04:00,21.0,0.0,11.5
Ranchi,gfs_seamless,2026-09-28T05:00,20.9,0.0,11.0
Ranchi,gfs_seamless,2026-09-28T06:00,21.6,0.0,9.7
Ranchi,gfs_seamless,2026-09-28T07:00,23.7,0.0,11.2
Ranchi,gfs_seamless,2026-09-28T08:00,25.2,0.0,11.2
Ranchi,gfs_seamless,2026-09-28T09:00,26.4,0.0,12.0
Ranchi,gfs_seamless,2026-09-28T10:00,27.1,0.0,12.9
Ranchi,gfs_seamless,2026-09-28T11:00,27.7,0.0,14.2
Ranchi,gfs_seamless,2026-09-28T12:00,28.1,0.0,15.1
Ranchi,gfs_seamless,2026-09-28T13:00,28.0,0.1,16.1
Ranchi,gfs_seamless,2026-09-28T14:00,27.1,0.0,13.7
Ranchi,gfs_seamless,2026-09-28T15:00,26.6,0.1,13.9
Ranchi,gfs_seamless,2026-09-28T16:00,26.2,0.1,13.3
Ranchi,gfs_seamless,2026-09-28T17:00,24.3,0.0,11.3
Ranchi,gfs_seamless,2026-09-28T18:00,23.5,0.0,9.7
Ranchi,gfs_seamless,2026-09-28T19:00,23.1,0.0,9.4
Ranchi,gfs_seamless,2026-09-28T20:00,22.7,0.0,9.5
Ranchi,gfs_seamless,2026-09-28T21:00,22.7,0.0,10.2
Ranchi,gfs_seamless,2026-09-28T22:00,22.5,0.0,9.7
Ranchi,gfs_seamless,2026-09-28T23:00,22.2,0.0,10.2
Ranchi,gfs_seamless,2026-09-29T00:00,22.1,0.0,10.2
Ranchi,gfs_seamless,2026-09-29T01:00,21.9,0.0,10.4
Ranchi,gfs_seamless,2026-09-29T02:00,21.7,0.0,10.4
Ranchi,gfs_seamless,2026-09-29T03:00,21.5,0.0,11.2
Ranchi,gfs_seamless,2026-09-29T04:00,21.1,0.0,11.0
Ranchi,gfs_seamless,2026-09-29T05:00,20.9,0.0,10.9
Ranchi,gfs_seamless,2026-09-29T06:00,21.7,0.0,9.9
Ranchi,gfs_seamless,2026-09-29T07:00,23.7,0.0,12.3
Ranchi,gfs_seamless,2026-09-29T08:00,25.3,0.0,13.6
Ranchi,gfs_seamless,2026-09-29T09:00,26.5,0.0,14.3
Ranchi,gfs_seamless,2026-09-29T10:00,27.4,0.0,14.6
Ranchi,gfs_seamless,2026-09-29T11:00,28.2,0.0,14.1
Ranchi,gfs_seamless,2026-09-29T12:00,28.7,0.0,15.5
Ranchi,gfs_seamless,2026-09-29T13:00,28.9,0.0,16.5
Ranchi,gfs_seamless,2026-09-29T14:00,28.5,0.0,18.0
Ranchi,gfs_seamless,2026-09-29T15:00,27.5,0.0,15.7
Ranchi,gfs_seamless,2026-09-29T16:00,26.7,0.0,11.5
Ranchi,gfs_seamless,2026-09-29T17:00,24.6,0.0,12.3
Ranchi,gfs_seamless,2026-09-29T18:00,23.7,0.0,11.5
Ranchi,gfs_seamless,2026-09-29T19:00,23.4,0.0,10.4
Ranchi,gfs_seamless,2026-09-29T20:00,23.1,0.0,10.4
Ranchi,gfs_seamless,2026-09-29T21:00,22.9,0.0,10.4
Ranchi,gfs_seamless,2026-09-29T22:00,22.6,0.0,10.5
Ranchi,gfs_seamless,2026-09-29T23:00,22.3,0.0,10.7
Ranchi,icon_seamless,2026-09-27T00:00,22.5,0.0,7.7
Ranchi,icon_seamless,2026-09-27T01:00,22.1,0.0,6.1
Ranchi,icon_seamless,2026-09-27T02:00,21.8,0.0,4.9
Ranchi,icon_seamless,2026-09-27T03:00,21.5,0.0,3.3
Ranchi,icon_seamless,2026-09-27T04:00,21.1,0.0,3.3
Ranchi,icon_seamless,2026-09-27T05:00,20.9,0.0,3.8
Ranchi,icon_seamless,2026-09-27T06:00,21.1,0.0,3.9
Ranchi,icon_seamless,2026-09-27T07:00,22.2,0.0,5.3
Ranchi,icon_seamless,2026-09-27T08:00,23.8,0.0,4.7
Ranchi,icon_seamless,2026-09-27T09:00,25.6,0.0,3.7
Ranchi,icon_seamless,2026-09-27T10:00,27.0,0.0,6.5
Ranchi,icon_seamless,2026-09-27T11:00,27.8,0.0,9.5
Ranchi,icon_seamless,2026-09-27T12:00,28.4,0.0,10.8
Ranchi,icon_seamless,2026-09-27T13:00,28.5,0.0,11.2
Ranchi,icon_seamless,2026-09-27T14:00,28.2,0.0,11.2
Ranchi,icon_seamless,2026-09-27T15:00,27.9,0.0,9.7
Ranchi,icon_seamless,2026-09-27T16:00,27.2,0.0,8.3
Ranchi,icon_seamless,2026-09-27T17:00,26.0,0.0,4.3
Ranchi,icon_seamless,2026-09-27T18:00,24.9,0.0,2.5
Ranchi,icon_seamless,2026-09-27T19:00,24.4,0.0,2.0
Ranchi,icon_seamless,2026-09-27T20:00,23.6,0.0,2.6
Ranchi,icon_seamless,2026-09-27T21:00,23.2,0.0,2.3
Ranchi,icon_seamless,2026-09-27T22:00,23.0,0.0,2.2
Ranchi,icon_seamless,2026-09-27T23:00,22.7,0.0,1.8
Ranchi,icon_seamless,2026-09-28T00:00,22.6,0.0,2.9
Ranchi,icon_seamless,2026-09-28T01:00,22.2,0.0,2.9
Ranchi,icon_seamless,2026-09-28T02:00,22.0,0.0,2.5
Ranchi,icon_seamless,2026-09-28T03:00,21.8,0.0,2.6
Ranchi,icon_seamless,2026-09-28T04:00,21.7,0.0,3.4
Ranchi,icon_seamless,2026-09-28T05:00,21.6,0.0,4.0
Ranchi,icon_seamless,2026-09-28T06:00,21.9,0.0,4.9
Ranchi,icon_seamless,2026-09-28T07:00,23.4,0.0,7.4
Ranchi,icon_seamless,2026-09-28T08:00,24.9,0.0,11.0
Ranchi,icon_seamless,2026-09-28T09:00,26.1,0.0,14.0
Ranchi,icon_seamless,2026-09-28T10:00,26.8,0.0,14.8
Ranchi,icon_seamless,2026-09-28T11:00,27.7,0.0,14.5
Ranchi,icon_seamless,2026-09-28T12:00,28.3,0.0,13.7
Ranchi,icon_seamless,2026-09-28T13:00,28.5,0.0,13.0
Ranchi,icon_seamless,2026-09-28T14:00,28.3,0.0,12.6
Ranchi,icon_seamless,2026-09-28T15:00,27.9,0.0,10.6
Ranchi,icon_seamless,2026-09-28T16:00,27.1,0.0,7.9
Ranchi,icon_seamless,2026-09-28T17:00,25.8,0.0,4.7
Ranchi,icon_seamless,2026-09-28T18:00,24.6,0.0,3.6
Ranchi,icon_seamless,2026-09-28T19:00,24.0,0.0,2.8
Ranchi,icon_seamless,2026-09-28T20:00,23.6,0.0,2.4
Ranchi,icon_seamless,2026-09-28T21:00,23.2,0.0,2.9
Ranchi,icon_seamless,2026-09-28T22:00,22.8,0.0,2.4
Ranchi,icon_seamless,2026-09-28T23:00,22.5,0.0,3.0
Ranchi,icon_seamless,2026-09-29T00:00,22.2,0.0,3.9
Ranchi,icon_seamless,2026-09-29T01:00,22.0,0.0,3.9
Ranchi,icon_seamless,2026-09-29T02:00,21.9,0.0,4.1
Ranchi,icon_seamless,2026-09-29T03:00,21.9,0.0,4.8
Ranchi,icon_seamless,2026-09-29T04:00,21.9,0.0,5.1
Ranchi,icon_seamless,2026-09-29T05:00,21.9,0.0,5.4
Ranchi,icon_seamless,2026-09-29T06:00,22.2,0.0,5.7
Ranchi,icon_seamless,2026-09-29T07:00,23.4,0.0,8.3
Ranchi,icon_seamless,2026-09-29T08:00,24.7,0.0,11.7
Ranchi,icon_seamless,2026-09-29T09:00,25.9,0.0,12.8
Ranchi,icon_seamless,2026-09-29T10:00,26.9,0.0,12.8
Ranchi,icon_seamless,2026-09-29T11:00,27.7,0.0,12.8
Ranchi,icon_seamless,2026-09-29T12:00,28.2,0.0,12.6
Ranchi,icon_seamless,2026-09-29T13:00,28.5,0.0,12.3
Ranchi,icon_seamless,2026-09-29T14:00,28.5,0.0,11.8
Ranchi,icon_seamless,2026-09-29T15:00,28.2,0.0,11.8
Ranchi,icon_seamless,2026-09-29T16:00,27.4,0.0,10.7
Ranchi,icon_seamless,2026-09-29T17:00,26.0,0.0,7.4
Ranchi,icon_seamless,2026-09-29T18:00,24.9,0.0,4.6
Ranchi,icon_seamless,2026-09-29T19:00,24.1,0.0,4.3
Ranchi,icon_seamless,2026-09-29T20:00,23.6,0.0,4.6
Ranchi,icon_seamless,2026-09-29T21:00,23.2,0.0,4.3
Ranchi,icon_seamless,2026-09-29T22:00,22.9,0.0,4.1
Ranchi,icon_seamless,2026-09-29T23:00,22.7,0.0,4.1
Ranchi,gem_seamless,2026-09-27T00:00,22.0,0.0,11.2
Ranchi,gem_seamless,2026-09-27T01:00,21.6,0.0,11.2
Ranchi,gem_seamless,2026-09-27T02:00,21.2,0.0,11.9
Ranchi,gem_seamless,2026-09-27T03:00,20.9,0.0,13.0
Ranchi,gem_seamless,2026-09-27T04:00,20.7,0.0,11.5
Ranchi,gem_seamless,2026-09-27T05:00,20.5,0.0,10.4
Ranchi,gem_seamless,2026-09-27T06:00,20.8,0.0,10.8
Ranchi,gem_seamless,2026-09-27T07:00,22.6,0.0,11.2
Ranchi,gem_seamless,2026-09-27T08:00,24.3,0.0,9.7
Ranchi,gem_seamless,2026-09-27T09:00,25.7,0.0,9.4
Ranchi,gem_seamless,2026-09-27T10:00,26.6,0.0,9.4
Ranchi,gem_seamless,2026-09-27T11:00,27.3,0.0,12.6
Ranchi,gem_seamless,2026-09-27T12:00,27.6,0.0,14.0
Ranchi,gem_seamless,2026-09-27T13:00,27.8,0.0,13.7
Ranchi,gem_seamless,2026-09-27T14:00,27.8,0.0,14.0
Ranchi,gem_seamless,2026-09-27T15:00,27.4,0.0,15.1
Ranchi,gem_seamless,2026-09-27T16:00,26.3,0.0,15.5
Ranchi,gem_seamless,2026-09-27T17:00,24.3,0.1,14.0
Ranchi,gem_seamless,2026-09-27T18:00,23.4,0.0,4.7
Ranchi,gem_seamless,2026-09-27T19:00,22.8,0.0,3.2
Ranchi,gem_seamless,2026-09-27T20:00,22.1,0.0,4.7
Ranchi,gem_seamless,2026-09-27T21:00,21.6,0.0,6.1
Ranchi,gem_seamless,2026-09-27T22:00,21.3,0.0,7.6
Ranchi,gem_seamless,2026-09-27T23:00,21.1,0.0,7.9
Ranchi,gem_seamless,2026-09-28T00:00,20.9,0.0,7.2
Ranchi,gem_seamless,2026-09-28T01:00,20.7,0.0,6.8
Ranchi,gem_seamless,2026-09-28T02:00,20.6,0.0,7.2
Ranchi,gem_seamless,2026-09-28T03:00,20.5,0.0,6.5
Ranchi,gem_seamless,2026-09-28T04:00,20.5,0.0,6.1
Ranchi,gem_seamless,2026-09-28T05:00,20.7,0.0,7.2
Ranchi,gem_seamless,2026-09-28T06:00,21.4,0.0,9.0
Ranchi,gem_seamless,2026-09-28T07:00,22.6,0.0,10.1
Ranchi,gem_seamless,2026-09-28T08:00,24.1,0.0,12.2
Ranchi,gem_seamless,2026-09-28T09:00,25.8,0.0,13.3
Ranchi,gem_seamless,2026-09-28T10:00,26.8,0.0,15.1
Ranchi,gem_seamless,2026-09-28T11:00,27.4,0.0,14.4
Ranchi,gem_seamless,2026-09-28T12:00,27.8,0.0,15.5
Ranchi,gem_seamless,2026-09-28T13:00,27.8,0.0,16.9
Ranchi,gem_seamless,2026-09-28T14:00,27.6,0.0,18.0
Ranchi,gem_seamless,2026-09-28T15:00,27.1,0.0,18.0
Ranchi,gem_seamless,2026-09-28T16:00,26.3,0.0,13.7
Ranchi,gem_seamless,2026-09-28T17:00,24.8,0.0,8.3
Ranchi,gem_seamless,2026-09-28T18:00,23.2,0.0,6.5
Ranchi,gem_seamless,2026-09-28T19:00,22.2,0.0,5.8
Ranchi,gem_seamless,2026-09-28T20:00,21.6,0.0,5.0
Ranchi,gem_seamless,2026-09-28T21:00,21.2,0.0,4.7
Ranchi,gem_seamless,2026-09-28T22:00,20.9,0.0,4.3
Ranchi,gem_seamless,2026-09-28T23:00,20.7,0.0,4.7
Ranchi,gem_seamless,2026-09-29T00:00,20.5,0.0,5.0
Ranchi,gem_seamless,2026-09-29T01:00,20.3,0.0,4.7
Ranchi,gem_seamless,2026-09-29T02:00,20.1,0.0,5.8
Ranchi,gem_seamless,2026-09-29T03:00,19.9,0.0,6.5
Ranchi,gem_seamless,2026-09-29T04:00,19.8,0.0,5.8
Ranchi,gem_seamless,2026-09-29T05:00,19.6,0.0,5.4
Ranchi,gem_seamless,2026-09-29T06:00,20.0,0.0,6.1
Ranchi,gem_seamless,2026-09-29T07:00,21.8,0.0,5.4
Ranchi,gem_seamless,2026-09-29T08:00,24.3,0.0,10.4
Ranchi,gem_seamless,2026-09-29T09:00,25.6,0.0,13.3
Ranchi,gem_seamless,2026-09-29T10:00,26.4,0.0,14.0
Ranchi,gem_seamless,2026-09-29T11:00,27.1,0.0,14.0
Ranchi,gem_seamless,2026-09-29T12:00,27.5,0.0,15.5
Ranchi,gem_seamless,2026-09-29T13:00,27.7,0.0,16.6
Ranchi,gem_seamless,2026-09-29T14:00,27.6,0.0,16.9
Ranchi,gem_seamless,2026-09-29T15:00,27.4,0.0,15.8
Ranchi,gem_seamless,2026-09-29T16:00,26.6,0.0,14.4
Ranchi,gem_seamless,2026-09-29T17:00,25.1,0.0,10.8
Ranchi,gem_seamless,2026-09-29T18:00,23.6,0.0,9.0
Ranchi,gem_seamless,2026-09-29T19:00,22.4,0.0,7.2
Ranchi,gem_seamless,2026-09-29T20:00,21.5,0.0,6.1
Ranchi,gem_seamless,2026-09-29T21:00,20.9,0.0,6.5
Ranchi,gem_seamless,2026-09-29T22:00,20.5,0.0,5.8
Ranchi,gem_seamless,2026-09-29T23:00,20.3,0.0,5.4
Varanasi,ecmwf_ifs025,2026-09-27T00:00,24.0,0.0,10.1
Varanasi,ecmwf_ifs025,2026-09-27T01:00,23.9,0.0,9.0
Varanasi,ecmwf_ifs025,2026-09-27T02:00,23.8,0.0,8.4
Varanasi,ecmwf_ifs025,2026-09-27T03:00,23.4,0.0,8.1
Varanasi,ecmwf_ifs025,2026-09-27T04:00,23.0,0.0,8.1
Varanasi,ecmwf_ifs025,2026-09-27T05:00,23.0,0.0,8.4
Varanasi,ecmwf_ifs025,2026-09-27T06:00,23.8,0.1,8.7
Varanasi,ecmwf_ifs025,2026-09-27T07:00,25.1,0.1,9.1
Varanasi,ecmwf_ifs025,2026-09-27T08:00,26.4,0.1,9.0
Varanasi,ecmwf_ifs025,2026-09-27T09:00,27.6,0.0,8.1
Varanasi,ecmwf_ifs025,2026-09-27T10:00,28.7,0.0,7.9
Varanasi,ecmwf_ifs025,2026-09-27T11:00,29.6,0.0,7.8
Varanasi,ecmwf_ifs025,2026-09-27T12:00,30.1,0.1,6.0
Varanasi,ecmwf_ifs025,2026-09-27T13:00,30.4,0.1,3.1
Varanasi,ecmwf_ifs025,2026-09-27T14:00,30.2,0.1,1.4
Varanasi,ecmwf_ifs025,2026-09-27T15:00,29.3,0.4,0.7
Varanasi,ecmwf_ifs025,2026-09-27T16:00,28.1,0.4,1.1
Varanasi,ecmwf_ifs025,2026-09-27T17:00,27.0,0.4,1.8
Varanasi,ecmwf_ifs025,2026-09-27T18:00,26.2,0.0,2.2
Varanasi,ecmwf_ifs025,2026-09-27T19:00,25.7,0.0,2.2
Varanasi,ecmwf_ifs025,2026-09-27T20:00,25.2,0.0,2.3
Varanasi,ecmwf_ifs025,2026-09-27T21:00,24.9,0.0,2.5
Varanasi,ecmwf_ifs025,2026-09-27T22:00,24.6,0.0,3.1
Varanasi,ecmwf_ifs025,2026-09-27T23:00,24.4,0.0,3.7
Varanasi,ecmwf_ifs025,2026-09-28T00:00,24.2,0.0,4.0
Varanasi,ecmwf_ifs025,2026-09-28T01:00,24.0,0.0,4.1
Varanasi,ecmwf_ifs025,2026-09-28T02:00,23.8,0.0,4.3
Varanasi,ecmwf_ifs025,2026-09-28T03:00,23.5,0.0,4.9
Varanasi,ecmwf_ifs025,2026-09-28T04:00,23.3,0.0,5.4
Varanasi,ecmwf_ifs025,2026-09-28T05:00,23.5,0.0,5.9
Varanasi,ecmwf_ifs025,2026-09-28T06:00,24.2,0.0,6.2
Varanasi,ecmwf_ifs025,2026-09-28T07:00,25.2,0.0,6.0
Varanasi,ecmwf_ifs025,2026-09-28T08:00,26.3,0.0,6.3
Varanasi,ecmwf_ifs025,2026-09-28T09:00,27.5,0.1,6.4
Varanasi,ecmwf_ifs025,2026-09-28T10:00,28.8,0.1,6.6
Varanasi,ecmwf_ifs025,2026-09-28T11:00,29.8,0.1,6.8
Varanasi,ecmwf_ifs025,2026-09-28T12:00,30.4,0.0,7.0
Varanasi,ecmwf_ifs025,2026-09-28T13:00,30.8,0.0,7.2
Varanasi,ecmwf_ifs025,2026-09-28T14:00,30.8,0.0,6.8
Varanasi,ecmwf_ifs025,2026-09-28T15:00,30.4,0.0,5.8
Varanasi,ecmwf_ifs025,2026-09-28T16:00,29.5,0.0,4.2
Varanasi,ecmwf_ifs025,2026-09-28T17:00,28.7,0.0,3.4
Varanasi,ecmwf_ifs025,2026-09-28T18:00,28.0,0.0,3.9
Varanasi,ecmwf_ifs025,2026-09-28T19:00,27.3,0.0,4.7
Varanasi,ecmwf_ifs025,2026-09-28T20:00,26.6,0.0,5.3
Varanasi,ecmwf_ifs025,2026-09-28T21:00,26.0,0.0,4.8
Varanasi,ecmwf_ifs025,2026-09-28T22:00,25.5,0.0,4.2
Varanasi,ecmwf_ifs025,2026-09-28T23:00,25.0,0.0,3.7
Varanasi,ecmwf_ifs025,2026-09-29T00:00,24.6,0.0,3.6
Varanasi,ecmwf_ifs025,2026-09-29T01:00,24.2,0.0,3.7
Varanasi,ecmwf_ifs025,2026-09-29T02:00,23.9,0.0,3.9
Varanasi,ecmwf_ifs025,2026-09-29T03:00,23.6,0.0,4.2
Varanasi,ecmwf_ifs025,2026-09-29T04:00,23.4,0.0,4.6
Varanasi,ecmwf_ifs025,2026-09-29T05:00,23.6,0.0,4.8
Varanasi,ecmwf_ifs025,2026-09-29T06:00,24.5,0.0,5.4
Varanasi,ecmwf_ifs025,2026-09-29T07:00,25.9,0.0,5.9
Varanasi,ecmwf_ifs025,2026-09-29T08:00,27.3,0.0,6.1
Varanasi,ecmwf_ifs025,2026-09-29T09:00,28.5,0.0,6.9
Varanasi,ecmwf_ifs025,2026-09-29T10:00,29.8,0.0,8.4
Varanasi,ecmwf_ifs025,2026-09-29T11:00,30.7,0.0,9.6
Varanasi,ecmwf_ifs025,2026-09-29T12:00,31.2,0.0,9.8
Varanasi,ecmwf_ifs025,2026-09-29T13:00,31.3,0.0,9.4
Varanasi,ecmwf_ifs025,2026-09-29T14:00,31.2,0.0,9.1
Varanasi,ecmwf_ifs025,2026-09-29T15:00,30.5,0.0,8.0
Varanasi,ecmwf_ifs025,2026-09-29T16:00,29.6,0.0,6.6
Varanasi,ecmwf_ifs025,2026-09-29T17:00,28.7,0.0,5.4
Varanasi,ecmwf_ifs025,2026-09-29T18:00,27.9,0.0,5.0
Varanasi,ecmwf_ifs025,2026-09-29T19:00,27.3,0.0,5.4
Varanasi,ecmwf_ifs025,2026-09-29T20:00,26.7,0.0,5.4
Varanasi,ecmwf_ifs025,2026-09-29T21:00,26.2,0.0,5.4
Varanasi,ecmwf_ifs025,2026-09-29T22:00,25.8,0.0,5.5
Varanasi,ecmwf_ifs025,2026-09-29T23:00,25.5,0.0,6.0
Varanasi,gfs_seamless,2026-09-27T00:00,22.3,0.0,13.1
Varanasi,gfs_seamless,2026-09-27T01:00,22.0,0.0,12.8
Varanasi,gfs_seamless,2026-09-27T02:00,21.8,0.0,11.8
Varanasi,gfs_seamless,2026-09-27T03:00,21.7,0.0,11.3
Varanasi,gfs_seamless,2026-09-27T04:00,22.0,0.0,10.5
Varanasi,gfs_seamless,2026-09-27T05:00,22.4,0.0,9.6
Varanasi,gfs_seamless,2026-09-27T06:00,22.8,0.0,8.0
Varanasi,gfs_seamless,2026-09-27T07:00,23.6,0.0,7.2
Varanasi,gfs_seamless,2026-09-27T08:00,24.9,0.0,6.5
Varanasi,gfs_seamless,2026-09-27T09:00,25.4,0.8,5.4
Varanasi,gfs_seamless,2026-09-27T10:00,27.6,1.3,4.8
Varanasi,gfs_seamless,2026-09-27T11:00,28.5,1.2,2.5
Varanasi,gfs_seamless,2026-09-27T12:00,29.5,0.2,2.7
Varanasi,gfs_seamless,2026-09-27T13:00,30.1,0.1,5.1
Varanasi,gfs_seamless,2026-09-27T14:00,29.4,0.3,9.7
Varanasi,gfs_seamless,2026-09-27T15:00,29.5,0.0,10.5
Varanasi,gfs_seamless,2026-09-27T16:00,28.9,0.0,9.7
Varanasi,gfs_seamless,2026-09-27T17:00,26.8,0.0,11.2
Varanasi,gfs_seamless,2026-09-27T18:00,25.5,0.0,10.8
Varanasi,gfs_seamless,2026-09-27T19:00,25.1,0.0,7.9
Varanasi,gfs_seamless,2026-09-27T20:00,24.9,0.0,6.9
Varanasi,gfs_seamless,2026-09-27T21:00,24.5,0.0,9.2
Varanasi,gfs_seamless,2026-09-27T22:00,23.9,0.0,10.1
Varanasi,gfs_seamless,2026-09-27T23:00,23.6,0.0,9.8
Varanasi,gfs_seamless,2026-09-28T00:00,23.2,0.0,8.4
Varanasi,gfs_seamless,2026-09-28T01:00,23.1,0.0,7.9
Varanasi,gfs_seamless,2026-09-28T02:00,22.9,0.0,9.4
Varanasi,gfs_seamless,2026-09-28T03:00,22.8,0.0,9.3
Varanasi,gfs_seamless,2026-09-28T04:00,22.6,0.0,8.7
Varanasi,gfs_seamless,2026-09-28T05:00,22.5,0.0,6.0
Varanasi,gfs_seamless,2026-09-28T06:00,23.2,0.0,4.7
Varanasi,gfs_seamless,2026-09-28T07:00,24.8,0.0,5.9
Varanasi,gfs_seamless,2026-09-28T08:00,26.4,0.0,7.5
Varanasi,gfs_seamless,2026-09-28T09:00,28.1,0.0,9.6
Varanasi,gfs_seamless,2026-09-28T10:00,29.4,0.0,11.5
Varanasi,gfs_seamless,2026-09-28T11:00,30.5,0.0,12.9
Varanasi,gfs_seamless,2026-09-28T12:00,31.1,0.0,14.2
Varanasi,gfs_seamless,2026-09-28T13:00,31.2,0.0,14.8
Varanasi,gfs_seamless,2026-09-28T14:00,30.6,0.0,12.6
Varanasi,gfs_seamless,2026-09-28T15:00,31.0,0.0,13.7
Varanasi,gfs_seamless,2026-09-28T16:00,30.0,0.0,13.3
Varanasi,gfs_seamless,2026-09-28T17:00,28.1,0.0,12.4
Varanasi,gfs_seamless,2026-09-28T18:00,26.4,0.0,12.7
Varanasi,gfs_seamless,2026-09-28T19:00,25.7,0.0,11.0
Varanasi,gfs_seamless,2026-09-28T20:00,25.6,0.0,9.5
Varanasi,gfs_seamless,2026-09-28T21:00,25.5,0.0,9.4
Varanasi,gfs_seamless,2026-09-28T22:00,25.3,0.0,8.6
Varanasi,gfs_seamless,2026-09-28T23:00,24.9,0.0,7.3
Varanasi,gfs_seamless,2026-09-29T00:00,24.6,0.0,7.7
Varanasi,gfs_seamless,2026-09-29T01:00,24.3,0.0,8.1
Varanasi,gfs_seamless,2026-09-29T02:00,24.1,0.0,8.4
Varanasi,gfs_seamless,2026-09-29T03:00,24.0,0.0,8.4
Varanasi,gfs_seamless,2026-09-29T04:00,23.9,0.0,8.7
Varanasi,gfs_seamless,2026-09-29T05:00,23.8,0.0,8.2
Varanasi,gfs_seamless,2026-09-29T06:00,24.3,0.0,7.4
Varanasi,gfs_seamless,2026-09-29T07:00,26.0,0.0,10.1
Varanasi,gfs_seamless,2026-09-29T08:00,27.7,0.0,12.2
Varanasi,gfs_seamless,2026-09-29T09:00,29.2,0.0,13.3
Varanasi,gfs_seamless,2026-09-29T10:00,30.5,0.0,13.5
Varanasi,gfs_seamless,2026-09-29T11:00,31.4,0.0,13.7
Varanasi,gfs_seamless,2026-09-29T12:00,32.1,0.0,13.8
Varanasi,gfs_seamless,2026-09-29T13:00,32.4,0.0,14.8
Varanasi,gfs_seamless,2026-09-29T14:00,32.4,0.0,15.2
Varanasi,gfs_seamless,2026-09-29T15:00,32.1,0.0,13.7
Varanasi,gfs_seamless,2026-09-29T16:00,31.1,0.0,11.2
Varanasi,gfs_seamless,2026-09-29T17:00,28.6,0.0,10.5
Varanasi,gfs_seamless,2026-09-29T18:00,27.4,0.0,11.7
Varanasi,gfs_seamless,2026-09-29T19:00,26.8,0.0,11.6
Varanasi,gfs_seamless,2026-09-29T20:00,26.4,0.0,10.8
Varanasi,gfs_seamless,2026-09-29T21:00,25.9,0.0,10.6
Varanasi,gfs_seamless,2026-09-29T22:00,25.5,0.0,10.2
Varanasi,gfs_seamless,2026-09-29T23:00,25.2,0.0,9.8
Varanasi,icon_seamless,2026-09-27T00:00,23.8,0.0,6.5
Varanasi,icon_seamless,2026-09-27T01:00,23.6,0.0,4.6
Varanasi,icon_seamless,2026-09-27T02:00,23.6,0.0,4.7
Varanasi,icon_seamless,2026-09-27T03:00,23.5,0.0,4.6
Varanasi,icon_seamless,2026-09-27T04:00,23.4,0.2,4.7
Varanasi,icon_seamless,2026-09-27T05:00,23.5,0.0,6.3
Varanasi,icon_seamless,2026-09-27T06:00,23.6,0.0,6.0
Varanasi,icon_seamless,2026-09-27T07:00,24.4,0.0,6.2
Varanasi,icon_seamless,2026-09-27T08:00,25.6,0.0,6.2
Varanasi,icon_seamless,2026-09-27T09:00,27.3,0.0,6.3
Varanasi,icon_seamless,2026-09-27T10:00,28.4,0.0,6.9
Varanasi,icon_seamless,2026-09-27T11:00,29.4,0.0,7.0
Varanasi,icon_seamless,2026-09-27T12:00,30.4,0.0,5.0
Varanasi,icon_seamless,2026-09-27T13:00,31.1,0.0,4.7
Varanasi,icon_seamless,2026-09-27T14:00,31.3,0.0,4.4
Varanasi,icon_seamless,2026-09-27T15:00,30.9,0.0,4.2
Varanasi,icon_seamless,2026-09-27T16:00,29.6,0.0,6.2
Varanasi,icon_seamless,2026-09-27T17:00,28.4,0.0,6.5
Varanasi,icon_seamless,2026-09-27T18:00,27.0,0.0,5.2
Varanasi,icon_seamless,2026-09-27T19:00,26.1,0.0,4.0
Varanasi,icon_seamless,2026-09-27T20:00,25.6,0.0,4.1
Varanasi,icon_seamless,2026-09-27T21:00,25.2,0.0,4.0
Varanasi,icon_seamless,2026-09-27T22:00,24.8,0.0,4.7
Varanasi,icon_seamless,2026-09-27T23:00,24.6,0.0,4.8
Varanasi,icon_seamless,2026-09-28T00:00,24.3,0.0,5.1
Varanasi,icon_seamless,2026-09-28T01:00,23.9,0.0,5.1
Varanasi,icon_seamless,2026-09-28T02:00,23.5,0.0,5.2
Varanasi,icon_seamless,2026-09-28T03:00,23.2,0.0,4.1
Varanasi,icon_seamless,2026-09-28T04:00,22.9,0.0,3.0
Varanasi,icon_seamless,2026-09-28T05:00,22.9,0.0,2.3
Varanasi,icon_seamless,2026-09-28T06:00,23.1,0.0,0.7
Varanasi,icon_seamless,2026-09-28T07:00,24.0,0.0,2.4
Varanasi,icon_seamless,2026-09-28T08:00,25.2,0.0,3.3
Varanasi,icon_seamless,2026-09-28T09:00,26.9,0.0,5.1
Varanasi,icon_seamless,2026-09-28T10:00,28.1,0.0,6.5
Varanasi,icon_seamless,2026-09-28T11:00,29.3,0.0,7.6
Varanasi,icon_seamless,2026-09-28T12:00,29.6,0.0,6.9
Varanasi,icon_seamless,2026-09-28T13:00,30.4,0.0,6.4
Varanasi,icon_seamless,2026-09-28T14:00,30.6,0.0,7.1
Varanasi,icon_seamless,2026-09-28T15:00,30.5,0.0,5.9
Varanasi,icon_seamless,2026-09-28T16:00,30.0,0.0,4.1
Varanasi,icon_seamless,2026-09-28T17:00,28.8,0.0,2.6
Varanasi,icon_seamless,2026-09-28T18:00,28.0,0.0,2.2
Varanasi,icon_seamless,2026-09-28T19:00,27.6,0.0,2.1
Varanasi,icon_seamless,2026-09-28T20:00,27.2,0.0,2.1
Varanasi,icon_seamless,2026-09-28T21:00,26.9,0.0,3.3
Varanasi,icon_seamless,2026-09-28T22:00,26.4,0.0,3.7
Varanasi,icon_seamless,2026-09-28T23:00,25.8,0.0,4.0
Varanasi,icon_seamless,2026-09-29T00:00,25.6,0.0,3.6
Varanasi,icon_seamless,2026-09-29T01:00,25.4,0.0,3.7
Varanasi,icon_seamless,2026-09-29T02:00,25.2,0.0,4.0
Varanasi,icon_seamless,2026-09-29T03:00,24.9,0.0,4.3
Varanasi,icon_seamless,2026-09-29T04:00,24.7,0.0,4.4
Varanasi,icon_seamless,2026-09-29T05:00,24.6,0.0,4.7
Varanasi,icon_seamless,2026-09-29T06:00,24.7,0.0,4.4
Varanasi,icon_seamless,2026-09-29T07:00,25.8,0.0,6.8
Varanasi,icon_seamless,2026-09-29T08:00,27.1,0.0,8.0
Varanasi,icon_seamless,2026-09-29T09:00,28.3,0.0,8.6
Varanasi,icon_seamless,2026-09-29T10:00,29.3,0.0,8.4
Varanasi,icon_seamless,2026-09-29T11:00,30.3,0.0,8.2
Varanasi,icon_seamless,2026-09-29T12:00,31.0,0.0,7.2
Varanasi,icon_seamless,2026-09-29T13:00,31.5,0.0,7.4
Varanasi,icon_seamless,2026-09-29T14:00,31.5,0.0,7.8
Varanasi,icon_seamless,2026-09-29T15:00,31.1,0.0,7.4
Varanasi,icon_seamless,2026-09-29T16:00,30.4,0.0,6.1
Varanasi,icon_seamless,2026-09-29T17:00,29.2,0.0,4.3
Varanasi,icon_seamless,2026-09-29T18:00,28.1,0.0,3.3
Varanasi,icon_seamless,2026-09-29T19:00,27.3,0.0,3.7
Varanasi,icon_seamless,2026-09-29T20:00,26.6,0.0,4.0
Varanasi,icon_seamless,2026-09-29T21:00,26.1,0.0,3.6
Varanasi,icon_seamless,2026-09-29T22:00,25.7,0.0,4.0
Varanasi,icon_seamless,2026-09-29T23:00,25.2,0.0,4.3
Varanasi,gem_seamless,2026-09-27T00:00,23.0,0.1,7.9
Varanasi,gem_seamless,2026-09-27T01:00,22.7,0.8,7.2
Varanasi,gem_seamless,2026-09-27T02:00,22.7,1.7,7.6
Varanasi,gem_seamless,2026-09-27T03:00,23.1,0.5,6.5
Varanasi,gem_seamless,2026-09-27T04:00,23.1,0.0,4.3
Varanasi,gem_seamless,2026-09-27T05:00,22.9,0.0,3.6
Varanasi,gem_seamless,2026-09-27T06:00,23.0,0.0,3.2
Varanasi,gem_seamless,2026-09-27T07:00,24.2,0.0,6.1
Varanasi,gem_seamless,2026-09-27T08:00,25.2,0.1,8.3
Varanasi,gem_seamless,2026-09-27T09:00,24.9,0.4,7.9
Varanasi,gem_seamless,2026-09-27T10:00,25.0,0.2,11.9
Varanasi,gem_seamless,2026-09-27T11:00,25.1,0.5,12.2
Varanasi,gem_seamless,2026-09-27T12:00,25.6,0.3,9.0
Varanasi,gem_seamless,2026-09-27T13:00,26.3,0.0,6.5
Varanasi,gem_seamless,2026-09-27T14:00,26.8,0.0,5.8
Varanasi,gem_seamless,2026-09-27T15:00,27.2,0.0,4.3
Varanasi,gem_seamless,2026-09-27T16:00,27.3,0.0,2.9
Varanasi,gem_seamless,2026-09-27T17:00,26.6,0.0,1.8
Varanasi,gem_seamless,2026-09-27T18:00,25.2,0.0,2.2
Varanasi,gem_seamless,2026-09-27T19:00,24.3,0.0,1.1
Varanasi,gem_seamless,2026-09-27T20:00,23.7,0.0,0.7
Varanasi,gem_seamless,2026-09-27T21:00,23.2,0.0,1.1
Varanasi,gem_seamless,2026-09-27T22:00,22.8,0.0,0.7
Varanasi,gem_seamless,2026-09-27T23:00,22.4,0.0,0.7
Varanasi,gem_seamless,2026-09-28T00:00,21.9,0.0,0.4
Varanasi,gem_seamless,2026-09-28T01:00,21.7,0.0,0.7
Varanasi,gem_seamless,2026-09-28T02:00,21.8,0.0,0.7
Varanasi,gem_seamless,2026-09-28T03:00,22.0,0.0,1.1
Varanasi,gem_seamless,2026-09-28T04:00,22.0,0.0,2.2
Varanasi,gem_seamless,2026-09-28T05:00,22.2,0.0,3.2
Varanasi,gem_seamless,2026-09-28T06:00,22.5,0.0,4.7
Varanasi,gem_seamless,2026-09-28T07:00,23.1,0.0,6.1
Varanasi,gem_seamless,2026-09-28T08:00,24.2,0.0,8.6
Varanasi,gem_seamless,2026-09-28T09:00,25.1,0.0,5.4
Varanasi,gem_seamless,2026-09-28T10:00,26.7,0.0,9.7
Varanasi,gem_seamless,2026-09-28T11:00,27.4,0.0,9.0
Varanasi,gem_seamless,2026-09-28T12:00,28.1,0.0,7.2
Varanasi,gem_seamless,2026-09-28T13:00,29.0,0.0,8.3
Varanasi,gem_seamless,2026-09-28T14:00,29.3,0.0,10.8
Varanasi,gem_seamless,2026-09-28T15:00,29.1,0.0,11.2
Varanasi,gem_seamless,2026-09-28T16:00,28.7,0.0,9.4
Varanasi,gem_seamless,2026-09-28T17:00,27.6,0.0,6.1
Varanasi,gem_seamless,2026-09-28T18:00,26.2,0.0,4.7
Varanasi,gem_seamless,2026-09-28T19:00,25.2,0.0,3.6
Varanasi,gem_seamless,2026-09-28T20:00,24.5,0.0,3.2
Varanasi,gem_seamless,2026-09-28T21:00,23.9,0.0,3.6
Varanasi,gem_seamless,2026-09-28T22:00,23.4,0.0,4.3
Varanasi,gem_seamless,2026-09-28T23:00,23.0,0.0,4.7
Varanasi,gem_seamless,2026-09-29T00:00,22.6,0.0,4.7
Varanasi,gem_seamless,2026-09-29T01:00,22.2,0.0,4.3
Varanasi,gem_seamless,2026-09-29T02:00,21.9,0.0,4.3
Varanasi,gem_seamless,2026-09-29T03:00,21.9,0.0,5.8
Varanasi,gem_seamless,2026-09-29T04:00,21.9,0.0,6.1
Varanasi,gem_seamless,2026-09-29T05:00,22.0,0.0,6.5
Varanasi,gem_seamless,2026-09-29T06:00,22.3,0.0,6.8
Varanasi,gem_seamless,2026-09-29T07:00,23.4,0.1,6.8
Varanasi,gem_seamless,2026-09-29T08:00,24.8,0.0,7.6
Varanasi,gem_seamless,2026-09-29T09:00,26.4,0.0,6.8
Varanasi,gem_seamless,2026-09-29T10:00,27.8,0.0,9.0
Varanasi,gem_seamless,2026-09-29T11:00,27.9,0.2,16.2
Varanasi,gem_seamless,2026-09-29T12:00,26.1,1.0,17.3
Varanasi,gem_seamless,2026-09-29T13:00,25.9,0.1,12.2
Varanasi,gem_seamless,2026-09-29T14:00,26.4,0.0,9.0
Varanasi,gem_seamless,2026-09-29T15:00,27.2,0.0,7.6
Varanasi,gem_seamless,2026-09-29T16:00,27.7,0.0,8.3
Varanasi,gem_seamless,2026-09-29T17:00,26.9,0.0,6.5
Varanasi,gem_seamless,2026-09-29T18:00,25.7,0.0,9.0
Varanasi,gem_seamless,2026-09-29T19:00,25.0,0.0,5.8
Varanasi,gem_seamless,2026-09-29T20:00,24.4,0.0,5.8
Varanasi,gem_seamless,2026-09-29T21:00,23.7,0.0,6.1
Varanasi,gem_seamless,2026-09-29T22:00,23.2,0.0,5.0
Varanasi,gem_seamless,2026-09-29T23:00,22.9,0.0,5.0
Srinagar,ecmwf_ifs025,2026-09-27T00:00,14.0,0.0,1.5
Srinagar,ecmwf_ifs025,2026-09-27T01:00,13.4,0.0,1.5
Srinagar,ecmwf_ifs025,2026-09-27T02:00,12.9,0.0,1.5
Srinagar,ecmwf_ifs025,2026-09-27T03:00,12.3,0.0,1.5
Srinagar,ecmwf_ifs025,2026-09-27T04:00,11.8,0.0,1.5
Srinagar,ecmwf_ifs025,2026-09-27T05:00,11.8,0.0,1.5
Srinagar,ecmwf_ifs025,2026-09-27T06:00,12.7,0.0,1.1
Srinagar,ecmwf_ifs025,2026-09-27T07:00,14.2,0.0,0.8
Srinagar,ecmwf_ifs025,2026-09-27T08:00,15.9,0.0,0.4
Srinagar,ecmwf_ifs025,2026-09-27T09:00,18.1,0.0,1.1
Srinagar,ecmwf_ifs025,2026-09-27T10:00,20.6,0.0,2.6
Srinagar,ecmwf_ifs025,2026-09-27T11:00,22.7,0.0,3.6
Srinagar,ecmwf_ifs025,2026-09-27T12:00,24.2,0.0,3.1
Srinagar,ecmwf_ifs025,2026-09-27T13:00,25.2,0.0,1.9
Srinagar,ecmwf_ifs025,2026-09-27T14:00,25.8,0.0,1.8
Srinagar,ecmwf_ifs025,2026-09-27T15:00,25.7,0.0,2.4
Srinagar,ecmwf_ifs025,2026-09-27T16:00,25.0,0.0,2.9
Srinagar,ecmwf_ifs025,2026-09-27T17:00,24.0,0.0,2.9
Srinagar,ecmwf_ifs025,2026-09-27T18:00,22.6,0.0,2.1
Srinagar,ecmwf_ifs025,2026-09-27T19:00,20.9,0.0,1.3
Srinagar,ecmwf_ifs025,2026-09-27T20:00,19.2,0.0,0.8
Srinagar,ecmwf_ifs025,2026-09-27T21:00,17.6,0.0,1.1
Srinagar,ecmwf_ifs025,2026-09-27T22:00,16.1,0.0,1.8
Srinagar,ecmwf_ifs025,2026-09-27T23:00,14.9,0.0,2.2
Srinagar,ecmwf_ifs025,2026-09-28T00:00,14.1,0.0,2.2
Srinagar,ecmwf_ifs025,2026-09-28T01:00,13.6,0.0,1.8
Srinagar,ecmwf_ifs025,2026-09-28T02:00,13.2,0.0,1.5
Srinagar,ecmwf_ifs025,2026-09-28T03:00,12.9,0.0,1.5
Srinagar,ecmwf_ifs025,2026-09-28T04:00,12.7,0.0,1.5
Srinagar,ecmwf_ifs025,2026-09-28T05:00,12.9,0.0,1.1
Srinagar,ecmwf_ifs025,2026-09-28T06:00,13.6,0.0,0.4
Srinagar,ecmwf_ifs025,2026-09-28T07:00,14.6,0.0,0.8
Srinagar,ecmwf_ifs025,2026-09-28T08:00,15.9,0.0,1.5
Srinagar,ecmwf_ifs025,2026-09-28T09:00,17.9,0.0,2.6
Srinagar,ecmwf_ifs025,2026-09-28T10:00,20.2,0.0,4.4
Srinagar,ecmwf_ifs025,2026-09-28T11:00,22.1,0.0,4.3
Srinagar,ecmwf_ifs025,2026-09-28T12:00,23.3,0.0,1.9
Srinagar,ecmwf_ifs025,2026-09-28T13:00,24.0,0.0,6.2
Srinagar,ecmwf_ifs025,2026-09-28T14:00,24.2,0.0,9.6
Srinagar,ecmwf_ifs025,2026-09-28T15:00,23.8,0.0,9.4
Srinagar,ecmwf_ifs025,2026-09-28T16:00,22.7,0.0,8.0
Srinagar,ecmwf_ifs025,2026-09-28T17:00,21.5,0.0,7.4
Srinagar,ecmwf_ifs025,2026-09-28T18:00,19.8,0.0,5.9
Srinagar,ecmwf_ifs025,2026-09-28T19:00,18.0,0.0,3.6
Srinagar,ecmwf_ifs025,2026-09-28T20:00,16.4,0.0,1.8
Srinagar,ecmwf_ifs025,2026-09-28T21:00,15.6,0.0,1.3
Srinagar,ecmwf_ifs025,2026-09-28T22:00,15.1,0.0,1.3
Srinagar,ecmwf_ifs025,2026-09-28T23:00,14.6,0.0,1.6
Srinagar,ecmwf_ifs025,2026-09-29T00:00,14.0,0.0,1.3
Srinagar,ecmwf_ifs025,2026-09-29T01:00,13.4,0.0,1.1
Srinagar,ecmwf_ifs025,2026-09-29T02:00,12.8,0.0,0.8
Srinagar,ecmwf_ifs025,2026-09-29T03:00,12.2,0.0,0.8
Srinagar,ecmwf_ifs025,2026-09-29T04:00,11.7,0.0,0.8
Srinagar,ecmwf_ifs025,2026-09-29T05:00,11.6,0.0,0.8
Srinagar,ecmwf_ifs025,2026-09-29T06:00,12.3,0.0,1.1
Srinagar,ecmwf_ifs025,2026-09-29T07:00,13.5,0.0,1.1
Srinagar,ecmwf_ifs025,2026-09-29T08:00,15.1,0.0,1.1
Srinagar,ecmwf_ifs025,2026-09-29T09:00,17.4,0.0,0.7
Srinagar,ecmwf_ifs025,2026-09-29T10:00,20.1,0.0,1.8
Srinagar,ecmwf_ifs025,2026-09-29T11:00,22.4,0.0,2.8
Srinagar,ecmwf_ifs025,2026-09-29T12:00,23.9,0.0,2.9
Srinagar,ecmwf_ifs025,2026-09-29T13:00,25.0,0.0,2.5
Srinagar,ecmwf_ifs025,2026-09-29T14:00,25.4,0.0,2.4
Srinagar,ecmwf_ifs025,2026-09-29T15:00,25.2,0.0,3.7
Srinagar,ecmwf_ifs025,2026-09-29T16:00,24.4,0.0,6.9
Srinagar,ecmwf_ifs025,2026-09-29T17:00,23.1,0.0,8.6
Srinagar,ecmwf_ifs025,2026-09-29T18:00,21.1,0.0,7.4
Srinagar,ecmwf_ifs025,2026-09-29T19:00,18.6,0.0,4.7
Srinagar,ecmwf_ifs025,2026-09-29T20:00,16.6,0.0,2.5
Srinagar,ecmwf_ifs025,2026-09-29T21:00,15.9,0.0,1.6
Srinagar,ecmwf_ifs025,2026-09-29T22:00,15.7,0.0,1.1
Srinagar,ecmwf_ifs025,2026-09-29T23:00,15.4,0.0,0.8
Srinagar,gfs_seamless,2026-09-27T00:00,14.5,0.0,4.0
Srinagar,gfs_seamless,2026-09-27T01:00,13.9,0.0,2.3
Srinagar,gfs_seamless,2026-09-27T02:00,13.3,0.0,1.3
Srinagar,gfs_seamless,2026-09-27T03:00,12.8,0.0,1.5
Srinagar,gfs_seamless,2026-09-27T04:00,12.4,0.0,1.8
Srinagar,gfs_seamless,2026-09-27T05:00,11.9,0.0,1.6
Srinagar,gfs_seamless,2026-09-27T06:00,11.6,0.0,1.4
Srinagar,gfs_seamless,2026-09-27T07:00,14.7,0.0,1.8
Srinagar,gfs_seamless,2026-09-27T08:00,17.3,0.0,2.1
Srinagar,gfs_seamless,2026-09-27T09:00,19.9,0.0,3.1
Srinagar,gfs_seamless,2026-09-27T10:00,22.4,0.0,4.4
Srinagar,gfs_seamless,2026-09-27T11:00,24.4,0.0,6.6
Srinagar,gfs_seamless,2026-09-27T12:00,26.4,0.0,8.4
Srinagar,gfs_seamless,2026-09-27T13:00,27.7,0.0,10.5
Srinagar,gfs_seamless,2026-09-27T14:00,28.4,0.0,11.5
Srinagar,gfs_seamless,2026-09-27T15:00,28.5,0.0,10.3
Srinagar,gfs_seamless,2026-09-27T16:00,28.0,0.0,8.0
Srinagar,gfs_seamless,2026-09-27T17:00,25.0,0.1,13.2
Srinagar,gfs_seamless,2026-09-27T18:00,18.3,0.4,8.2
Srinagar,gfs_seamless,2026-09-27T19:00,16.0,0.2,3.3
Srinagar,gfs_seamless,2026-09-27T20:00,15.6,0.0,4.5
Srinagar,gfs_seamless,2026-09-27T21:00,15.2,0.0,3.9
Srinagar,gfs_seamless,2026-09-27T22:00,14.8,0.0,2.6
Srinagar,gfs_seamless,2026-09-27T23:00,14.3,0.0,2.8
Srinagar,gfs_seamless,2026-09-28T00:00,13.7,0.0,2.3
Srinagar,gfs_seamless,2026-09-28T01:00,13.2,0.0,2.6
Srinagar,gfs_seamless,2026-09-28T02:00,12.9,0.0,1.5
Srinagar,gfs_seamless,2026-09-28T03:00,13.2,0.0,1.5
Srinagar,gfs_seamless,2026-09-28T04:00,13.1,0.0,1.0
Srinagar,gfs_seamless,2026-09-28T05:00,12.7,0.0,2.3
Srinagar,gfs_seamless,2026-09-28T06:00,12.4,0.0,0.5
Srinagar,gfs_seamless,2026-09-28T07:00,14.3,0.0,0.4
Srinagar,gfs_seamless,2026-09-28T08:00,16.2,0.0,3.3
Srinagar,gfs_seamless,2026-09-28T09:00,18.9,0.0,3.4
Srinagar,gfs_seamless,2026-09-28T10:00,21.6,0.0,4.7
Srinagar,gfs_seamless,2026-09-28T11:00,24.1,0.0,4.2
Srinagar,gfs_seamless,2026-09-28T12:00,26.1,0.0,6.2
Srinagar,gfs_seamless,2026-09-28T13:00,27.1,0.0,8.1
Srinagar,gfs_seamless,2026-09-28T14:00,27.6,0.0,10.5
Srinagar,gfs_seamless,2026-09-28T15:00,27.7,0.0,10.8
Srinagar,gfs_seamless,2026-09-28T16:00,27.3,0.0,3.6
Srinagar,gfs_seamless,2026-09-28T17:00,25.6,0.0,2.7
Srinagar,gfs_seamless,2026-09-28T18:00,19.0,0.3,3.3
Srinagar,gfs_seamless,2026-09-28T19:00,16.7,0.0,4.6
Srinagar,gfs_seamless,2026-09-28T20:00,15.3,0.3,4.8
Srinagar,gfs_seamless,2026-09-28T21:00,15.1,0.0,4.2
Srinagar,gfs_seamless,2026-09-28T22:00,14.1,0.4,3.1
Srinagar,gfs_seamless,2026-09-28T23:00,13.6,0.4,2.9
Srinagar,gfs_seamless,2026-09-29T00:00,13.2,0.0,3.1
Srinagar,gfs_seamless,2026-09-29T01:00,12.4,1.1,0.7
Srinagar,gfs_seamless,2026-09-29T02:00,12.1,0.1,2.9
Srinagar,gfs_seamless,2026-09-29T03:00,11.7,0.0,0.8
Srinagar,gfs_seamless,2026-09-29T04:00,11.2,0.0,2.5
Srinagar,gfs_seamless,2026-09-29T05:00,10.7,0.0,2.6
Srinagar,gfs_seamless,2026-09-29T06:00,10.4,0.0,1.8
Srinagar,gfs_seamless,2026-09-29T07:00,12.7,0.0,1.4
Srinagar,gfs_seamless,2026-09-29T08:00,15.0,0.0,1.8
Srinagar,gfs_seamless,2026-09-29T09:00,17.7,0.0,3.0
Srinagar,gfs_seamless,2026-09-29T10:00,20.5,0.0,2.8
Srinagar,gfs_seamless,2026-09-29T11:00,23.4,0.0,3.6
Srinagar,gfs_seamless,2026-09-29T12:00,25.6,0.0,3.9
Srinagar,gfs_seamless,2026-09-29T13:00,27.2,0.0,5.7
Srinagar,gfs_seamless,2026-09-29T14:00,27.9,0.0,5.9
Srinagar,gfs_seamless,2026-09-29T15:00,28.0,0.0,5.8
Srinagar,gfs_seamless,2026-09-29T16:00,27.6,0.0,6.6
Srinagar,gfs_seamless,2026-09-29T17:00,25.7,0.0,8.2
Srinagar,gfs_seamless,2026-09-29T18:00,20.8,0.0,6.8
Srinagar,gfs_seamless,2026-09-29T19:00,18.4,0.0,4.0
Srinagar,gfs_seamless,2026-09-29T20:00,17.2,0.0,2.0
Srinagar,gfs_seamless,2026-09-29T21:00,16.6,0.0,2.9
Srinagar,gfs_seamless,2026-09-29T22:00,15.9,0.0,2.9
Srinagar,gfs_seamless,2026-09-29T23:00,15.1,0.0,3.0
Srinagar,icon_seamless,2026-09-27T00:00,13.7,0.0,1.8
Srinagar,icon_seamless,2026-09-27T01:00,12.5,0.0,1.5
Srinagar,icon_seamless,2026-09-27T02:00,11.6,0.0,1.0
Srinagar,icon_seamless,2026-09-27T03:00,10.6,0.0,1.5
Srinagar,icon_seamless,2026-09-27T04:00,9.6,0.0,0.7
Srinagar,icon_seamless,2026-09-27T05:00,8.5,0.0,3.3
Srinagar,icon_seamless,2026-09-27T06:00,7.4,0.0,2.6
Srinagar,icon_seamless,2026-09-27T07:00,8.5,0.0,2.2
Srinagar,icon_seamless,2026-09-27T08:00,13.2,0.0,1.5
Srinagar,icon_seamless,2026-09-27T09:00,17.2,0.0,2.8
Srinagar,icon_seamless,2026-09-27T10:00,20.6,0.0,1.0
Srinagar,icon_seamless,2026-09-27T11:00,23.1,0.0,0.7
Srinagar,icon_seamless,2026-09-27T12:00,25.0,0.0,0.8
Srinagar,icon_seamless,2026-09-27T13:00,26.4,0.0,1.6
Srinagar,icon_seamless,2026-09-27T14:00,27.2,0.0,2.5
Srinagar,icon_seamless,2026-09-27T15:00,27.4,0.0,5.6
Srinagar,icon_seamless,2026-09-27T16:00,26.6,0.0,8.0
Srinagar,icon_seamless,2026-09-27T17:00,24.9,0.0,5.2
Srinagar,icon_seamless,2026-09-27T18:00,22.0,0.0,1.6
Srinagar,icon_seamless,2026-09-27T19:00,20.4,0.0,1.8
Srinagar,icon_seamless,2026-09-27T20:00,17.9,0.0,4.7
Srinagar,icon_seamless,2026-09-27T21:00,15.8,0.0,3.2
Srinagar,icon_seamless,2026-09-27T22:00,16.0,0.0,1.8
Srinagar,icon_seamless,2026-09-27T23:00,15.8,0.0,1.1
Srinagar,icon_seamless,2026-09-28T00:00,15.3,0.0,3.1
Srinagar,icon_seamless,2026-09-28T01:00,14.3,0.0,2.1
Srinagar,icon_seamless,2026-09-28T02:00,13.3,0.0,5.4
Srinagar,icon_seamless,2026-09-28T03:00,12.2,0.0,3.3
Srinagar,icon_seamless,2026-09-28T04:00,10.8,0.0,2.5
Srinagar,icon_seamless,2026-09-28T05:00,10.0,0.0,4.0
Srinagar,icon_seamless,2026-09-28T06:00,9.5,0.0,2.6
Srinagar,icon_seamless,2026-09-28T07:00,10.4,0.0,1.8
Srinagar,icon_seamless,2026-09-28T08:00,12.9,0.0,2.2
Srinagar,icon_seamless,2026-09-28T09:00,15.5,0.0,2.1
Srinagar,icon_seamless,2026-09-28T10:00,17.5,0.0,0.5
Srinagar,icon_seamless,2026-09-28T11:00,19.0,0.0,2.6
Srinagar,icon_seamless,2026-09-28T12:00,20.6,0.0,7.5
Srinagar,icon_seamless,2026-09-28T13:00,21.4,0.0,7.8
Srinagar,icon_seamless,2026-09-28T14:00,22.2,0.0,7.2
Srinagar,icon_seamless,2026-09-28T15:00,22.9,0.0,2.7
Srinagar,icon_seamless,2026-09-28T16:00,22.7,0.0,9.4
Srinagar,icon_seamless,2026-09-28T17:00,21.5,0.0,10.0
Srinagar,icon_seamless,2026-09-28T18:00,18.5,0.0,3.3
Srinagar,icon_seamless,2026-09-28T19:00,16.4,0.0,3.3
Srinagar,icon_seamless,2026-09-28T20:00,15.0,0.0,3.3
Srinagar,icon_seamless,2026-09-28T21:00,13.4,0.0,2.8
Srinagar,icon_seamless,2026-09-28T22:00,12.2,0.0,1.8
Srinagar,icon_seamless,2026-09-28T23:00,11.6,0.0,0.7
Srinagar,icon_seamless,2026-09-29T00:00,11.4,0.0,0.4
Srinagar,icon_seamless,2026-09-29T01:00,11.4,0.0,0.8
Srinagar,icon_seamless,2026-09-29T02:00,10.7,0.0,1.1
Srinagar,icon_seamless,2026-09-29T03:00,10.0,0.0,1.5
Srinagar,icon_seamless,2026-09-29T04:00,9.4,0.0,1.3
Srinagar,icon_seamless,2026-09-29T05:00,8.8,0.0,0.8
Srinagar,icon_seamless,2026-09-29T06:00,8.4,0.0,0.8
Srinagar,icon_seamless,2026-09-29T07:00,9.0,0.0,1.3
Srinagar,icon_seamless,2026-09-29T08:00,13.2,0.0,0.5
Srinagar,icon_seamless,2026-09-29T09:00,17.3,0.0,2.4
Srinagar,icon_seamless,2026-09-29T10:00,20.4,0.0,1.1
Srinagar,icon_seamless,2026-09-29T11:00,22.6,0.0,1.0
Srinagar,icon_seamless,2026-09-29T12:00,24.4,0.0,1.3
Srinagar,icon_seamless,2026-09-29T13:00,25.7,0.0,2.9
Srinagar,icon_seamless,2026-09-29T14:00,26.4,0.0,3.1
Srinagar,icon_seamless,2026-09-29T15:00,26.5,0.0,4.7
Srinagar,icon_seamless,2026-09-29T16:00,25.8,0.0,9.4
Srinagar,icon_seamless,2026-09-29T17:00,24.0,0.0,8.5
Srinagar,icon_seamless,2026-09-29T18:00,20.4,0.0,4.2
Srinagar,icon_seamless,2026-09-29T19:00,17.7,0.0,3.4
Srinagar,icon_seamless,2026-09-29T20:00,16.1,0.0,1.9
Srinagar,icon_seamless,2026-09-29T21:00,15.1,0.0,1.5
Srinagar,icon_seamless,2026-09-29T22:00,14.1,0.0,1.3
Srinagar,icon_seamless,2026-09-29T23:00,13.3,0.0,0.4
Srinagar,gem_seamless,2026-09-27T00:00,14.8,0.0,2.2
Srinagar,gem_seamless,2026-09-27T01:00,14.3,0.0,1.4
Srinagar,gem_seamless,2026-09-27T02:00,13.6,0.0,1.1
Srinagar,gem_seamless,2026-09-27T03:00,12.9,0.0,1.1
Srinagar,gem_seamless,2026-09-27T04:00,12.3,0.0,2.2
Srinagar,gem_seamless,2026-09-27T05:00,11.7,0.0,2.5
Srinagar,gem_seamless,2026-09-27T06:00,11.3,0.0,2.5
Srinagar,gem_seamless,2026-09-27T07:00,12.8,0.0,2.5
Srinagar,gem_seamless,2026-09-27T08:00,16.4,0.0,2.2
Srinagar,gem_seamless,2026-09-27T09:00,19.4,0.0,2.2
Srinagar,gem_seamless,2026-09-27T10:00,22.1,0.0,1.4
Srinagar,gem_seamless,2026-09-27T11:00,24.6,0.0,1.4
Srinagar,gem_seamless,2026-09-27T12:00,26.7,0.0,1.1
Srinagar,gem_seamless,2026-09-27T13:00,28.3,0.0,0.7
Srinagar,gem_seamless,2026-09-27T14:00,29.3,0.0,1.1
Srinagar,gem_seamless,2026-09-27T15:00,29.8,0.0,1.1
Srinagar,gem_seamless,2026-09-27T16:00,29.6,0.0,1.1
Srinagar,gem_seamless,2026-09-27T17:00,28.4,0.0,1.8
Srinagar,gem_seamless,2026-09-27T18:00,24.0,0.0,2.2
Srinagar,gem_seamless,2026-09-27T19:00,21.0,0.0,4.0
Srinagar,gem_seamless,2026-09-27T20:00,19.1,0.0,1.8
Srinagar,gem_seamless,2026-09-27T21:00,17.5,0.0,1.8
Srinagar,gem_seamless,2026-09-27T22:00,16.5,0.0,3.2
Srinagar,gem_seamless,2026-09-27T23:00,15.7,0.0,2.2
Srinagar,gem_seamless,2026-09-28T00:00,15.0,0.0,1.8
Srinagar,gem_seamless,2026-09-28T01:00,14.3,0.0,1.4
Srinagar,gem_seamless,2026-09-28T02:00,13.8,0.0,0.7
Srinagar,gem_seamless,2026-09-28T03:00,13.5,0.0,0.7
Srinagar,gem_seamless,2026-09-28T04:00,13.0,0.0,1.4
Srinagar,gem_seamless,2026-09-28T05:00,12.9,0.0,0.4
Srinagar,gem_seamless,2026-09-28T06:00,12.7,0.0,1.8
Srinagar,gem_seamless,2026-09-28T07:00,13.7,0.0,2.2
Srinagar,gem_seamless,2026-09-28T08:00,15.9,0.0,2.5
Srinagar,gem_seamless,2026-09-28T09:00,18.3,0.0,1.1
Srinagar,gem_seamless,2026-09-28T10:00,20.3,0.0,2.5
Srinagar,gem_seamless,2026-09-28T11:00,21.9,0.0,5.0
Srinagar,gem_seamless,2026-09-28T12:00,23.0,0.0,4.7
Srinagar,gem_seamless,2026-09-28T13:00,23.9,0.0,4.3
Srinagar,gem_seamless,2026-09-28T14:00,23.4,0.0,18.7
Srinagar,gem_seamless,2026-09-28T15:00,20.8,0.0,21.2
Srinagar,gem_seamless,2026-09-28T16:00,18.8,0.0,18.7
Srinagar,gem_seamless,2026-09-28T17:00,17.6,0.0,14.8
Srinagar,gem_seamless,2026-09-28T18:00,16.0,0.0,5.4
Srinagar,gem_seamless,2026-09-28T19:00,14.1,0.0,2.2
Srinagar,gem_seamless,2026-09-28T20:00,13.4,0.0,1.4
Srinagar,gem_seamless,2026-09-28T21:00,12.7,0.0,0.7
Srinagar,gem_seamless,2026-09-28T22:00,12.0,0.0,0.7
Srinagar,gem_seamless,2026-09-28T23:00,11.4,0.0,2.2
Srinagar,gem_seamless,2026-09-29T00:00,10.9,0.0,2.5
Srinagar,gem_seamless,2026-09-29T01:00,10.5,0.0,2.2
Srinagar,gem_seamless,2026-09-29T02:00,10.2,0.0,1.8
Srinagar,gem_seamless,2026-09-29T03:00,9.9,0.0,1.1
Srinagar,gem_seamless,2026-09-29T04:00,9.5,0.0,0.0
Srinagar,gem_seamless,2026-09-29T05:00,9.1,0.0,0.4
Srinagar,gem_seamless,2026-09-29T06:00,8.8,0.0,0.4
Srinagar,gem_seamless,2026-09-29T07:00,10.1,0.0,0.7
Srinagar,gem_seamless,2026-09-29T08:00,12.9,0.0,1.4
Srinagar,gem_seamless,2026-09-29T09:00,15.8,0.0,2.2
Srinagar,gem_seamless,2026-09-29T10:00,18.5,0.0,2.2
Srinagar,gem_seamless,2026-09-29T11:00,21.3,0.0,1.4
Srinagar,gem_seamless,2026-09-29T12:00,23.5,0.0,1.4
Srinagar,gem_seamless,2026-09-29T13:00,25.3,0.0,2.2
Srinagar,gem_seamless,2026-09-29T14:00,26.3,0.0,2.5
Srinagar,gem_seamless,2026-09-29T15:00,26.9,0.0,2.2
Srinagar,gem_seamless,2026-09-29T16:00,26.8,0.0,1.8
Srinagar,gem_seamless,2026-09-29T17:00,25.9,0.0,2.5
Srinagar,gem_seamless,2026-09-29T18:00,21.9,0.0,1.1
Srinagar,gem_seamless,2026-09-29T19:00,19.3,0.0,2.9
Srinagar,gem_seamless,2026-09-29T20:00,17.4,0.0,1.4
Srinagar,gem_seamless,2026-09-29T21:00,16.1,0.0,1.1
Srinagar,gem_seamless,2026-09-29T22:00,15.3,0.0,0.4
Srinagar,gem_seamless,2026-09-29T23:00,14.5,0.0,0.7
Amritsar,ecmwf_ifs025,2026-09-27T00:00,24.7,0.0,3.6
Amritsar,ecmwf_ifs025,2026-09-27T01:00,24.4,0.0,2.2
Amritsar,ecmwf_ifs025,2026-09-27T02:00,24.1,0.0,1.0
Amritsar,ecmwf_ifs025,2026-09-27T03:00,23.6,0.0,1.1
Amritsar,ecmwf_ifs025,2026-09-27T04:00,23.0,0.0,1.8
Amritsar,ecmwf_ifs025,2026-09-27T05:00,23.0,0.0,2.2
Amritsar,ecmwf_ifs025,2026-09-27T06:00,23.7,0.0,3.3
Amritsar,ecmwf_ifs025,2026-09-27T07:00,25.0,0.0,5.5
Amritsar,ecmwf_ifs025,2026-09-27T08:00,26.3,0.0,6.6
Amritsar,ecmwf_ifs025,2026-09-27T09:00,27.7,0.0,6.4
Amritsar,ecmwf_ifs025,2026-09-27T10:00,29.2,0.0,5.4
Amritsar,ecmwf_ifs025,2026-09-27T11:00,30.4,0.0,4.7
Amritsar,ecmwf_ifs025,2026-09-27T12:00,31.2,0.0,4.7
Amritsar,ecmwf_ifs025,2026-09-27T13:00,31.7,0.0,5.0
Amritsar,ecmwf_ifs025,2026-09-27T14:00,31.9,0.0,4.7
Amritsar,ecmwf_ifs025,2026-09-27T15:00,31.6,0.0,3.7
Amritsar,ecmwf_ifs025,2026-09-27T16:00,31.0,0.0,2.5
Amritsar,ecmwf_ifs025,2026-09-27T17:00,30.2,0.0,2.4
Amritsar,ecmwf_ifs025,2026-09-27T18:00,29.1,0.0,3.2
Amritsar,ecmwf_ifs025,2026-09-27T19:00,27.9,0.0,4.6
Amritsar,ecmwf_ifs025,2026-09-27T20:00,26.8,0.0,5.5
Amritsar,ecmwf_ifs025,2026-09-27T21:00,25.8,0.0,6.7
Amritsar,ecmwf_ifs025,2026-09-27T22:00,24.9,0.0,7.9
Amritsar,ecmwf_ifs025,2026-09-27T23:00,24.2,0.0,8.6
Amritsar,ecmwf_ifs025,2026-09-28T00:00,23.7,0.0,7.6
Amritsar,ecmwf_ifs025,2026-09-28T01:00,23.4,0.0,5.8
Amritsar,ecmwf_ifs025,2026-09-28T02:00,23.1,0.0,4.5
Amritsar,ecmwf_ifs025,2026-09-28T03:00,22.6,0.0,4.6
Amritsar,ecmwf_ifs025,2026-09-28T04:00,22.2,0.0,5.1
Amritsar,ecmwf_ifs025,2026-09-28T05:00,22.2,0.0,5.4
Amritsar,ecmwf_ifs025,2026-09-28T06:00,22.8,0.0,4.9
Amritsar,ecmwf_ifs025,2026-09-28T07:00,23.8,0.0,4.3
Amritsar,ecmwf_ifs025,2026-09-28T08:00,24.7,0.0,3.4
Amritsar,ecmwf_ifs025,2026-09-28T09:00,25.5,0.4,0.8
Amritsar,ecmwf_ifs025,2026-09-28T10:00,26.3,0.4,2.6
Amritsar,ecmwf_ifs025,2026-09-28T11:00,27.1,0.4,4.8
Amritsar,ecmwf_ifs025,2026-09-28T12:00,28.1,0.0,4.4
Amritsar,ecmwf_ifs025,2026-09-28T13:00,29.2,0.0,4.3
Amritsar,ecmwf_ifs025,2026-09-28T14:00,29.9,0.0,4.6
Amritsar,ecmwf_ifs025,2026-09-28T15:00,29.9,0.0,2.2
Amritsar,ecmwf_ifs025,2026-09-28T16:00,29.5,0.0,1.8
Amritsar,ecmwf_ifs025,2026-09-28T17:00,28.8,0.0,4.7
Amritsar,ecmwf_ifs025,2026-09-28T18:00,27.9,0.0,5.1
Amritsar,ecmwf_ifs025,2026-09-28T19:00,26.7,0.0,5.2
Amritsar,ecmwf_ifs025,2026-09-28T20:00,25.7,0.0,4.8
Amritsar,ecmwf_ifs025,2026-09-28T21:00,24.9,0.0,3.4
Amritsar,ecmwf_ifs025,2026-09-28T22:00,24.3,0.0,2.2
Amritsar,ecmwf_ifs025,2026-09-28T23:00,23.7,0.0,2.3
Amritsar,ecmwf_ifs025,2026-09-29T00:00,23.2,0.0,2.3
Amritsar,ecmwf_ifs025,2026-09-29T01:00,22.7,0.0,2.6
Amritsar,ecmwf_ifs025,2026-09-29T02:00,22.3,0.0,3.7
Amritsar,ecmwf_ifs025,2026-09-29T03:00,21.8,0.0,4.0
Amritsar,ecmwf_ifs025,2026-09-29T04:00,21.5,0.0,4.5
Amritsar,ecmwf_ifs025,2026-09-29T05:00,21.5,0.0,4.4
Amritsar,ecmwf_ifs025,2026-09-29T06:00,22.3,0.0,4.0
Amritsar,ecmwf_ifs025,2026-09-29T07:00,23.4,0.0,3.3
Amritsar,ecmwf_ifs025,2026-09-29T08:00,24.8,0.0,2.6
Amritsar,ecmwf_ifs025,2026-09-29T09:00,26.4,0.0,2.6
Amritsar,ecmwf_ifs025,2026-09-29T10:00,28.2,0.0,3.4
Amritsar,ecmwf_ifs025,2026-09-29T11:00,29.7,0.0,4.7
Amritsar,ecmwf_ifs025,2026-09-29T12:00,30.7,0.0,6.5
Amritsar,ecmwf_ifs025,2026-09-29T13:00,31.5,0.0,8.8
Amritsar,ecmwf_ifs025,2026-09-29T14:00,31.8,0.0,9.8
Amritsar,ecmwf_ifs025,2026-09-29T15:00,31.4,0.0,9.3
Amritsar,ecmwf_ifs025,2026-09-29T16:00,30.6,0.0,8.0
Amritsar,ecmwf_ifs025,2026-09-29T17:00,29.6,0.0,7.2
Amritsar,ecmwf_ifs025,2026-09-29T18:00,28.6,0.0,7.9
Amritsar,ecmwf_ifs025,2026-09-29T19:00,27.5,0.0,8.6
Amritsar,ecmwf_ifs025,2026-09-29T20:00,26.4,0.0,9.4
Amritsar,ecmwf_ifs025,2026-09-29T21:00,25.6,0.0,9.0
Amritsar,ecmwf_ifs025,2026-09-29T22:00,24.9,0.0,7.9
Amritsar,ecmwf_ifs025,2026-09-29T23:00,24.3,0.0,7.2
Amritsar,gfs_seamless,2026-09-27T00:00,25.0,0.0,14.0
Amritsar,gfs_seamless,2026-09-27T01:00,23.5,0.0,11.0
Amritsar,gfs_seamless,2026-09-27T02:00,22.4,0.0,11.2
Amritsar,gfs_seamless,2026-09-27T03:00,21.7,0.0,10.0
Amritsar,gfs_seamless,2026-09-27T04:00,21.2,0.0,9.6
Amritsar,gfs_seamless,2026-09-27T05:00,20.7,0.0,9.7
Amritsar,gfs_seamless,2026-09-27T06:00,20.4,0.0,9.8
Amritsar,gfs_seamless,2026-09-27T07:00,22.2,0.0,12.3
Amritsar,gfs_seamless,2026-09-27T08:00,25.0,0.0,13.2
Amritsar,gfs_seamless,2026-09-27T09:00,28.0,0.0,12.5
Amritsar,gfs_seamless,2026-09-27T10:00,30.7,0.0,12.5
Amritsar,gfs_seamless,2026-09-27T11:00,32.8,0.0,12.5
Amritsar,gfs_seamless,2026-09-27T12:00,34.5,0.0,12.0
Amritsar,gfs_seamless,2026-09-27T13:00,36.0,0.0,9.2
Amritsar,gfs_seamless,2026-09-27T14:00,37.4,0.0,2.8
Amritsar,gfs_seamless,2026-09-27T15:00,37.1,0.0,5.1
Amritsar,gfs_seamless,2026-09-27T16:00,36.4,0.0,8.3
Amritsar,gfs_seamless,2026-09-27T17:00,34.6,0.0,14.8
Amritsar,gfs_seamless,2026-09-27T18:00,30.0,0.0,18.0
Amritsar,gfs_seamless,2026-09-27T19:00,27.8,0.0,16.3
Amritsar,gfs_seamless,2026-09-27T20:00,26.5,0.0,13.7
Amritsar,gfs_seamless,2026-09-27T21:00,25.6,0.0,13.7
Amritsar,gfs_seamless,2026-09-27T22:00,24.6,0.0,16.0
Amritsar,gfs_seamless,2026-09-27T23:00,23.8,0.0,13.6
Amritsar,gfs_seamless,2026-09-28T00:00,22.9,0.0,11.0
Amritsar,gfs_seamless,2026-09-28T01:00,22.4,0.0,12.1
Amritsar,gfs_seamless,2026-09-28T02:00,22.1,0.0,13.5
Amritsar,gfs_seamless,2026-09-28T03:00,21.3,0.0,9.6
Amritsar,gfs_seamless,2026-09-28T04:00,21.0,0.0,10.8
Amritsar,gfs_seamless,2026-09-28T05:00,20.6,0.0,11.7
Amritsar,gfs_seamless,2026-09-28T06:00,20.3,0.0,11.3
Amritsar,gfs_seamless,2026-09-28T07:00,22.3,0.0,9.0
Amritsar,gfs_seamless,2026-09-28T08:00,25.2,0.0,12.1
Amritsar,gfs_seamless,2026-09-28T09:00,28.1,0.0,12.4
Amritsar,gfs_seamless,2026-09-28T10:00,30.4,0.0,10.7
Amritsar,gfs_seamless,2026-09-28T11:00,32.7,0.0,8.3
Amritsar,gfs_seamless,2026-09-28T12:00,35.2,0.0,4.3
Amritsar,gfs_seamless,2026-09-28T13:00,36.5,0.0,2.5
Amritsar,gfs_seamless,2026-09-28T14:00,36.8,0.0,4.9
Amritsar,gfs_seamless,2026-09-28T15:00,36.3,0.0,7.9
Amritsar,gfs_seamless,2026-09-28T16:00,36.1,0.0,8.9
Amritsar,gfs_seamless,2026-09-28T17:00,34.8,0.0,11.2
Amritsar,gfs_seamless,2026-09-28T18:00,30.5,0.0,14.8
Amritsar,gfs_seamless,2026-09-28T19:00,28.3,0.0,12.7
Amritsar,gfs_seamless,2026-09-28T20:00,27.6,0.0,12.7
Amritsar,gfs_seamless,2026-09-28T21:00,27.1,0.0,12.2
Amritsar,gfs_seamless,2026-09-28T22:00,26.1,0.0,7.0
Amritsar,gfs_seamless,2026-09-28T23:00,25.1,0.0,8.4
Amritsar,gfs_seamless,2026-09-29T00:00,25.2,0.0,4.3
Amritsar,gfs_seamless,2026-09-29T01:00,25.0,0.0,5.4
Amritsar,gfs_seamless,2026-09-29T02:00,24.9,0.0,6.3
Amritsar,gfs_seamless,2026-09-29T03:00,24.9,0.0,7.9
Amritsar,gfs_seamless,2026-09-29T04:00,24.8,0.0,7.9
Amritsar,gfs_seamless,2026-09-29T05:00,24.5,0.0,10.6
Amritsar,gfs_seamless,2026-09-29T06:00,23.6,0.0,9.1
Amritsar,gfs_seamless,2026-09-29T07:00,25.1,0.0,8.2
Amritsar,gfs_seamless,2026-09-29T08:00,27.9,0.0,8.9
Amritsar,gfs_seamless,2026-09-29T09:00,30.5,0.0,8.2
Amritsar,gfs_seamless,2026-09-29T10:00,33.5,0.0,4.3
Amritsar,gfs_seamless,2026-09-29T11:00,35.5,0.0,5.1
Amritsar,gfs_seamless,2026-09-29T12:00,36.4,0.0,7.6
Amritsar,gfs_seamless,2026-09-29T13:00,37.1,0.0,10.2
Amritsar,gfs_seamless,2026-09-29T14:00,37.6,0.0,11.2
Amritsar,gfs_seamless,2026-09-29T15:00,37.7,0.0,10.2
Amritsar,gfs_seamless,2026-09-29T16:00,37.6,0.0,9.4
Amritsar,gfs_seamless,2026-09-29T17:00,36.1,0.0,13.2
Amritsar,gfs_seamless,2026-09-29T18:00,31.3,0.0,14.2
Amritsar,gfs_seamless,2026-09-29T19:00,29.2,0.0,12.5
Amritsar,gfs_seamless,2026-09-29T20:00,27.9,0.0,11.5
Amritsar,gfs_seamless,2026-09-29T21:00,27.4,0.0,9.8
Amritsar,gfs_seamless,2026-09-29T22:00,27.0,0.0,9.8
Amritsar,gfs_seamless,2026-09-29T23:00,26.4,0.0,7.9
Amritsar,icon_seamless,2026-09-27T00:00,25.3,0.0,4.0
Amritsar,icon_seamless,2026-09-27T01:00,24.9,0.0,4.4
Amritsar,icon_seamless,2026-09-27T02:00,24.3,0.0,4.7
Amritsar,icon_seamless,2026-09-27T03:00,23.9,0.0,6.2
Amritsar,icon_seamless,2026-09-27T04:00,23.9,0.0,6.9
Amritsar,icon_seamless,2026-09-27T05:00,23.6,0.0,7.0
Amritsar,icon_seamless,2026-09-27T06:00,23.4,0.0,7.2
Amritsar,icon_seamless,2026-09-27T07:00,23.8,0.0,7.2
Amritsar,icon_seamless,2026-09-27T08:00,25.1,0.0,8.2
Amritsar,icon_seamless,2026-09-27T09:00,26.7,0.0,8.4
Amritsar,icon_seamless,2026-09-27T10:00,28.3,0.0,8.1
Amritsar,icon_seamless,2026-09-27T11:00,29.7,0.0,8.0
Amritsar,icon_seamless,2026-09-27T12:00,31.1,0.0,6.8
Amritsar,icon_seamless,2026-09-27T13:00,32.2,0.0,5.6
Amritsar,icon_seamless,2026-09-27T14:00,32.8,0.0,4.7
Amritsar,icon_seamless,2026-09-27T15:00,32.9,0.0,4.2
Amritsar,icon_seamless,2026-09-27T16:00,32.5,0.0,4.6
Amritsar,icon_seamless,2026-09-27T17:00,31.6,0.0,4.3
Amritsar,icon_seamless,2026-09-27T18:00,29.8,0.0,4.6
Amritsar,icon_seamless,2026-09-27T19:00,28.5,0.0,5.1
Amritsar,icon_seamless,2026-09-27T20:00,27.6,0.0,6.4
Amritsar,icon_seamless,2026-09-27T21:00,27.0,0.0,7.7
Amritsar,icon_seamless,2026-09-27T22:00,26.3,0.0,13.6
Amritsar,icon_seamless,2026-09-27T23:00,25.3,0.0,13.1
Amritsar,icon_seamless,2026-09-28T00:00,24.5,0.0,11.8
Amritsar,icon_seamless,2026-09-28T01:00,23.7,0.0,9.7
Amritsar,icon_seamless,2026-09-28T02:00,23.1,0.0,6.7
Amritsar,icon_seamless,2026-09-28T03:00,22.6,0.0,3.3
Amritsar,icon_seamless,2026-09-28T04:00,22.0,0.0,4.7
Amritsar,icon_seamless,2026-09-28T05:00,21.6,0.0,5.2
Amritsar,icon_seamless,2026-09-28T06:00,21.4,0.0,3.1
Amritsar,icon_seamless,2026-09-28T07:00,21.9,0.0,3.4
Amritsar,icon_seamless,2026-09-28T08:00,23.2,0.0,4.1
Amritsar,icon_seamless,2026-09-28T09:00,24.6,0.0,3.7
Amritsar,icon_seamless,2026-09-28T10:00,26.1,0.0,3.7
Amritsar,icon_seamless,2026-09-28T11:00,27.4,0.0,0.8
Amritsar,icon_seamless,2026-09-28T12:00,29.0,0.0,1.0
Amritsar,icon_seamless,2026-09-28T13:00,30.4,0.0,1.8
Amritsar,icon_seamless,2026-09-28T14:00,31.0,0.0,4.8
Amritsar,icon_seamless,2026-09-28T15:00,31.2,0.0,6.5
Amritsar,icon_seamless,2026-09-28T16:00,30.9,0.0,7.2
Amritsar,icon_seamless,2026-09-28T17:00,29.8,0.0,6.5
Amritsar,icon_seamless,2026-09-28T18:00,28.1,0.0,5.0
Amritsar,icon_seamless,2026-09-28T19:00,27.1,0.0,2.6
Amritsar,icon_seamless,2026-09-28T20:00,26.8,0.0,2.1
Amritsar,icon_seamless,2026-09-28T21:00,25.6,0.0,2.5
Amritsar,icon_seamless,2026-09-28T22:00,25.3,0.0,0.7
Amritsar,icon_seamless,2026-09-28T23:00,24.9,0.0,1.3
Amritsar,icon_seamless,2026-09-29T00:00,24.3,0.0,1.8
Amritsar,icon_seamless,2026-09-29T01:00,23.9,0.0,2.6
Amritsar,icon_seamless,2026-09-29T02:00,23.9,0.0,2.9
Amritsar,icon_seamless,2026-09-29T03:00,23.6,0.0,2.5
Amritsar,icon_seamless,2026-09-29T04:00,23.3,0.0,2.8
Amritsar,icon_seamless,2026-09-29T05:00,22.9,0.0,2.8
Amritsar,icon_seamless,2026-09-29T06:00,22.6,0.0,2.3
Amritsar,icon_seamless,2026-09-29T07:00,23.1,0.0,2.3
Amritsar,icon_seamless,2026-09-29T08:00,24.9,0.0,3.4
Amritsar,icon_seamless,2026-09-29T09:00,27.2,0.0,5.4
Amritsar,icon_seamless,2026-09-29T10:00,29.1,0.0,6.4
Amritsar,icon_seamless,2026-09-29T11:00,30.6,0.0,8.4
Amritsar,icon_seamless,2026-09-29T12:00,31.8,0.0,8.9
Amritsar,icon_seamless,2026-09-29T13:00,32.6,0.0,9.7
Amritsar,icon_seamless,2026-09-29T14:00,33.0,0.0,10.1
Amritsar,icon_seamless,2026-09-29T15:00,33.1,0.0,10.5
Amritsar,icon_seamless,2026-09-29T16:00,32.6,0.0,9.7
Amritsar,icon_seamless,2026-09-29T17:00,31.6,0.0,5.7
Amritsar,icon_seamless,2026-09-29T18:00,30.1,0.0,3.2
Amritsar,icon_seamless,2026-09-29T19:00,29.0,0.0,3.3
Amritsar,icon_seamless,2026-09-29T20:00,28.0,0.0,3.4
Amritsar,icon_seamless,2026-09-29T21:00,27.1,0.0,3.6
Amritsar,icon_seamless,2026-09-29T22:00,26.4,0.0,3.7
Amritsar,icon_seamless,2026-09-29T23:00,25.8,0.0,3.7
Amritsar,gem_seamless,2026-09-27T00:00,24.2,0.0,9.7
Amritsar,gem_seamless,2026-09-27T01:00,23.6,0.0,9.0
Amritsar,gem_seamless,2026-09-27T02:00,23.0,0.0,7.9
Amritsar,gem_seamless,2026-09-27T03:00,22.4,0.0,7.6
Amritsar,gem_seamless,2026-09-27T04:00,22.0,0.0,7.6
Amritsar,gem_seamless,2026-09-27T05:00,21.6,0.0,8.3
Amritsar,gem_seamless,2026-09-27T06:00,21.4,0.0,9.7
Amritsar,gem_seamless,2026-09-27T07:00,22.5,0.0,13.0
Amritsar,gem_seamless,2026-09-27T08:00,24.8,0.0,17.6
Amritsar,gem_seamless,2026-09-27T09:00,26.6,0.0,16.9
Amritsar,gem_seamless,2026-09-27T10:00,28.2,0.0,15.8
Amritsar,gem_seamless,2026-09-27T11:00,29.7,0.0,14.8
Amritsar,gem_seamless,2026-09-27T12:00,31.0,0.0,13.7
Amritsar,gem_seamless,2026-09-27T13:00,31.8,0.0,10.8
Amritsar,gem_seamless,2026-09-27T14:00,32.5,0.0,9.0
Amritsar,gem_seamless,2026-09-27T15:00,32.7,0.0,7.2
Amritsar,gem_seamless,2026-09-27T16:00,32.7,0.0,6.5
Amritsar,gem_seamless,2026-09-27T17:00,32.1,0.0,7.6
Amritsar,gem_seamless,2026-09-27T18:00,29.2,0.4,13.7
Amritsar,gem_seamless,2026-09-27T19:00,24.8,0.3,18.0
Amritsar,gem_seamless,2026-09-27T20:00,23.9,0.0,18.0
Amritsar,gem_seamless,2026-09-27T21:00,23.5,0.0,18.7
Amritsar,gem_seamless,2026-09-27T22:00,23.3,0.0,19.1
Amritsar,gem_seamless,2026-09-27T23:00,23.0,0.0,18.0
Amritsar,gem_seamless,2026-09-28T00:00,22.6,0.0,15.5
Amritsar,gem_seamless,2026-09-28T01:00,22.1,0.0,14.8
Amritsar,gem_seamless,2026-09-28T02:00,21.9,0.0,11.9
Amritsar,gem_seamless,2026-09-28T03:00,21.3,0.0,6.1
Amritsar,gem_seamless,2026-09-28T04:00,20.6,0.0,5.8
Amritsar,gem_seamless,2026-09-28T05:00,20.0,0.0,0.7
Amritsar,gem_seamless,2026-09-28T06:00,19.6,0.0,2.2
Amritsar,gem_seamless,2026-09-28T07:00,20.7,0.0,5.8
Amritsar,gem_seamless,2026-09-28T08:00,23.2,0.0,5.4
Amritsar,gem_seamless,2026-09-28T09:00,24.9,0.0,2.5
Amritsar,gem_seamless,2026-09-28T10:00,25.3,0.0,4.7
Amritsar,gem_seamless,2026-09-28T11:00,25.8,0.1,9.7
Amritsar,gem_seamless,2026-09-28T12:00,26.5,0.0,13.7
Amritsar,gem_seamless,2026-09-28T13:00,27.3,0.0,14.8
Amritsar,gem_seamless,2026-09-28T14:00,28.0,0.0,17.3
Amritsar,gem_seamless,2026-09-28T15:00,27.8,0.0,16.2
Amritsar,gem_seamless,2026-09-28T16:00,27.3,0.0,16.2
Amritsar,gem_seamless,2026-09-28T17:00,26.5,0.0,14.8
Amritsar,gem_seamless,2026-09-28T18:00,25.2,0.0,9.7
Amritsar,gem_seamless,2026-09-28T19:00,23.7,0.0,7.2
Amritsar,gem_seamless,2026-09-28T20:00,22.5,0.0,7.6
Amritsar,gem_seamless,2026-09-28T21:00,21.6,0.0,6.1
Amritsar,gem_seamless,2026-09-28T22:00,20.9,0.0,4.3
Amritsar,gem_seamless,2026-09-28T23:00,20.3,0.0,3.2
Amritsar,gem_seamless,2026-09-29T00:00,19.9,0.0,2.5
Amritsar,gem_seamless,2026-09-29T01:00,19.4,0.0,2.5
Amritsar,gem_seamless,2026-09-29T02:00,18.9,0.0,4.0
Amritsar,gem_seamless,2026-09-29T03:00,18.5,0.0,5.4
Amritsar,gem_seamless,2026-09-29T04:00,18.4,0.0,5.4
Amritsar,gem_seamless,2026-09-29T05:00,18.3,0.0,5.4
Amritsar,gem_seamless,2026-09-29T06:00,18.3,0.0,5.4
Amritsar,gem_seamless,2026-09-29T07:00,19.5,0.0,6.1
Amritsar,gem_seamless,2026-09-29T08:00,22.6,0.0,7.2
Amritsar,gem_seamless,2026-09-29T09:00,25.7,0.0,9.0
Amritsar,gem_seamless,2026-09-29T10:00,28.0,0.0,10.4
Amritsar,gem_seamless,2026-09-29T11:00,29.6,0.0,11.2
Amritsar,gem_seamless,2026-09-29T12:00,30.7,0.0,11.2
Amritsar,gem_seamless,2026-09-29T13:00,31.3,0.0,10.8
Amritsar,gem_seamless,2026-09-29T14:00,31.6,0.0,11.5
Amritsar,gem_seamless,2026-09-29T15:00,31.6,0.0,12.2
Amritsar,gem_seamless,2026-09-29T16:00,31.1,0.0,12.2
Amritsar,gem_seamless,2026-09-29T17:00,30.2,0.0,12.2
Amritsar,gem_seamless,2026-09-29T18:00,28.1,0.0,10.8
Amritsar,gem_seamless,2026-09-29T19:00,26.4,0.0,11.9
Amritsar,gem_seamless,2026-09-29T20:00,25.1,0.0,11.5
Amritsar,gem_seamless,2026-09-29T21:00,24.1,0.0,10.4
Amritsar,gem_seamless,2026-09-29T22:00,23.2,0.0,8.6
Amritsar,gem_seamless,2026-09-29T23:00,22.4,0.0,7.2
Coimbatore,ecmwf_ifs025,2026-09-27T00:00,23.6,0.0,9.6
Coimbatore,ecmwf_ifs025,2026-09-27T01:00,23.2,0.0,8.0
Coimbatore,ecmwf_ifs025,2026-09-27T02:00,22.9,0.0,6.7
Coimbatore,ecmwf_ifs025,2026-09-27T03:00,22.5,0.0,6.1
Coimbatore,ecmwf_ifs025,2026-09-27T04:00,22.1,0.0,5.9
Coimbatore,ecmwf_ifs025,2026-09-27T05:00,22.3,0.0,5.6
Coimbatore,ecmwf_ifs025,2026-09-27T06:00,23.1,0.0,5.3
Coimbatore,ecmwf_ifs025,2026-09-27T07:00,24.5,0.0,5.2
Coimbatore,ecmwf_ifs025,2026-09-27T08:00,26.1,0.0,5.8
Coimbatore,ecmwf_ifs025,2026-09-27T09:00,28.0,0.0,7.2
Coimbatore,ecmwf_ifs025,2026-09-27T10:00,30.1,0.0,9.1
Coimbatore,ecmwf_ifs025,2026-09-27T11:00,31.8,0.0,10.3
Coimbatore,ecmwf_ifs025,2026-09-27T12:00,32.6,0.0,10.5
Coimbatore,ecmwf_ifs025,2026-09-27T13:00,32.9,0.0,10.8
Coimbatore,ecmwf_ifs025,2026-09-27T14:00,32.8,0.0,11.5
Coimbatore,ecmwf_ifs025,2026-09-27T15:00,32.2,0.0,12.7
Coimbatore,ecmwf_ifs025,2026-09-27T16:00,31.1,0.0,14.0
Coimbatore,ecmwf_ifs025,2026-09-27T17:00,29.9,0.0,14.5
Coimbatore,ecmwf_ifs025,2026-09-27T18:00,28.5,0.0,13.0
Coimbatore,ecmwf_ifs025,2026-09-27T19:00,27.0,0.0,10.8
Coimbatore,ecmwf_ifs025,2026-09-27T20:00,25.7,0.0,9.4
Coimbatore,ecmwf_ifs025,2026-09-27T21:00,25.0,0.0,8.9
Coimbatore,ecmwf_ifs025,2026-09-27T22:00,24.6,0.0,9.1
Coimbatore,ecmwf_ifs025,2026-09-27T23:00,24.2,0.0,9.3
Coimbatore,ecmwf_ifs025,2026-09-28T00:00,23.9,0.0,9.3
Coimbatore,ecmwf_ifs025,2026-09-28T01:00,23.6,0.0,9.8
Coimbatore,ecmwf_ifs025,2026-09-28T02:00,23.3,0.0,9.8
Coimbatore,ecmwf_ifs025,2026-09-28T03:00,23.0,0.0,9.5
Coimbatore,ecmwf_ifs025,2026-09-28T04:00,22.7,0.0,9.0
Coimbatore,ecmwf_ifs025,2026-09-28T05:00,22.9,0.0,8.0
Coimbatore,ecmwf_ifs025,2026-09-28T06:00,23.9,0.0,6.6
Coimbatore,ecmwf_ifs025,2026-09-28T07:00,25.5,0.0,5.0
Coimbatore,ecmwf_ifs025,2026-09-28T08:00,27.2,0.0,4.4
Coimbatore,ecmwf_ifs025,2026-09-28T09:00,29.1,0.0,4.7
Coimbatore,ecmwf_ifs025,2026-09-28T10:00,31.3,0.0,5.4
Coimbatore,ecmwf_ifs025,2026-09-28T11:00,32.8,0.0,6.6
Coimbatore,ecmwf_ifs025,2026-09-28T12:00,33.6,0.0,9.0
Coimbatore,ecmwf_ifs025,2026-09-28T13:00,33.8,0.0,12.5
Coimbatore,ecmwf_ifs025,2026-09-28T14:00,33.5,0.0,15.4
Coimbatore,ecmwf_ifs025,2026-09-28T15:00,32.5,0.1,16.9
Coimbatore,ecmwf_ifs025,2026-09-28T16:00,30.9,0.1,17.3
Coimbatore,ecmwf_ifs025,2026-09-28T17:00,29.4,0.1,17.1
Coimbatore,ecmwf_ifs025,2026-09-28T18:00,28.1,0.0,15.3
Coimbatore,ecmwf_ifs025,2026-09-28T19:00,26.9,0.0,12.9
Coimbatore,ecmwf_ifs025,2026-09-28T20:00,25.9,0.0,10.7
Coimbatore,ecmwf_ifs025,2026-09-28T21:00,25.3,0.0,9.2
Coimbatore,ecmwf_ifs025,2026-09-28T22:00,25.0,0.0,7.9
Coimbatore,ecmwf_ifs025,2026-09-28T23:00,24.7,0.0,6.6
Coimbatore,ecmwf_ifs025,2026-09-29T00:00,24.4,0.0,5.8
Coimbatore,ecmwf_ifs025,2026-09-29T01:00,24.1,0.0,4.7
Coimbatore,ecmwf_ifs025,2026-09-29T02:00,23.9,0.0,4.4
Coimbatore,ecmwf_ifs025,2026-09-29T03:00,23.5,0.0,4.4
Coimbatore,ecmwf_ifs025,2026-09-29T04:00,23.1,0.0,4.9
Coimbatore,ecmwf_ifs025,2026-09-29T05:00,23.1,0.0,4.9
Coimbatore,ecmwf_ifs025,2026-09-29T06:00,23.8,0.0,3.9
Coimbatore,ecmwf_ifs025,2026-09-29T07:00,25.0,0.0,2.9
Coimbatore,ecmwf_ifs025,2026-09-29T08:00,26.5,0.0,2.6
Coimbatore,ecmwf_ifs025,2026-09-29T09:00,28.6,0.0,4.0
Coimbatore,ecmwf_ifs025,2026-09-29T10:00,31.0,0.0,6.2
Coimbatore,ecmwf_ifs025,2026-09-29T11:00,32.7,0.0,8.2
Coimbatore,ecmwf_ifs025,2026-09-29T12:00,33.5,0.1,9.0
Coimbatore,ecmwf_ifs025,2026-09-29T13:00,33.6,0.1,10.7
Coimbatore,ecmwf_ifs025,2026-09-29T14:00,33.1,0.1,12.3
Coimbatore,ecmwf_ifs025,2026-09-29T15:00,31.8,0.3,14.8
Coimbatore,ecmwf_ifs025,2026-09-29T16:00,29.9,0.3,17.1
Coimbatore,ecmwf_ifs025,2026-09-29T17:00,28.3,0.3,17.4
Coimbatore,ecmwf_ifs025,2026-09-29T18:00,27.3,0.1,14.2
Coimbatore,ecmwf_ifs025,2026-09-29T19:00,26.7,0.1,9.0
Coimbatore,ecmwf_ifs025,2026-09-29T20:00,26.0,0.1,4.3
Coimbatore,ecmwf_ifs025,2026-09-29T21:00,25.3,0.1,1.0
Coimbatore,ecmwf_ifs025,2026-09-29T22:00,24.6,0.1,5.9
Coimbatore,ecmwf_ifs025,2026-09-29T23:00,24.0,0.1,8.7
Coimbatore,gfs_seamless,2026-09-27T00:00,23.1,0.0,12.1
Coimbatore,gfs_seamless,2026-09-27T01:00,22.9,0.0,10.9
Coimbatore,gfs_seamless,2026-09-27T02:00,22.5,0.0,10.9
Coimbatore,gfs_seamless,2026-09-27T03:00,22.3,0.0,10.9
Coimbatore,gfs_seamless,2026-09-27T04:00,22.4,0.0,9.0
Coimbatore,gfs_seamless,2026-09-27T05:00,22.5,0.0,8.1
Coimbatore,gfs_seamless,2026-09-27T06:00,22.4,0.0,8.9
Coimbatore,gfs_seamless,2026-09-27T07:00,24.5,0.0,10.0
Coimbatore,gfs_seamless,2026-09-27T08:00,27.2,0.0,9.9
Coimbatore,gfs_seamless,2026-09-27T09:00,29.4,0.0,8.1
Coimbatore,gfs_seamless,2026-09-27T10:00,31.0,0.0,8.2
Coimbatore,gfs_seamless,2026-09-27T11:00,32.2,0.0,8.6
Coimbatore,gfs_seamless,2026-09-27T12:00,33.5,0.0,9.8
Coimbatore,gfs_seamless,2026-09-27T13:00,34.3,0.0,12.1
Coimbatore,gfs_seamless,2026-09-27T14:00,34.5,0.0,14.2
Coimbatore,gfs_seamless,2026-09-27T15:00,34.3,0.0,18.8
Coimbatore,gfs_seamless,2026-09-27T16:00,33.0,0.0,21.2
Coimbatore,gfs_seamless,2026-09-27T17:00,31.3,0.0,18.6
Coimbatore,gfs_seamless,2026-09-27T18:00,29.0,0.0,17.1
Coimbatore,gfs_seamless,2026-09-27T19:00,27.0,0.0,18.4
Coimbatore,gfs_seamless,2026-09-27T20:00,25.4,0.0,17.6
Coimbatore,gfs_seamless,2026-09-27T21:00,24.7,0.0,16.3
Coimbatore,gfs_seamless,2026-09-27T22:00,24.1,0.0,16.4
Coimbatore,gfs_seamless,2026-09-27T23:00,23.8,0.0,16.2
Coimbatore,gfs_seamless,2026-09-28T00:00,23.8,0.0,14.6
Coimbatore,gfs_seamless,2026-09-28T01:00,23.6,0.0,11.5
Coimbatore,gfs_seamless,2026-09-28T02:00,23.2,0.0,10.8
Coimbatore,gfs_seamless,2026-09-28T03:00,22.7,0.0,10.7
Coimbatore,gfs_seamless,2026-09-28T04:00,22.6,0.0,12.2
Coimbatore,gfs_seamless,2026-09-28T05:00,22.7,0.0,10.8
Coimbatore,gfs_seamless,2026-09-28T06:00,22.7,0.0,9.5
Coimbatore,gfs_seamless,2026-09-28T07:00,24.6,0.0,10.5
Coimbatore,gfs_seamless,2026-09-28T08:00,27.2,0.0,8.7
Coimbatore,gfs_seamless,2026-09-28T09:00,29.4,0.0,5.1
Coimbatore,gfs_seamless,2026-09-28T10:00,31.4,0.0,3.2
Coimbatore,gfs_seamless,2026-09-28T11:00,32.8,0.0,5.9
Coimbatore,gfs_seamless,2026-09-28T12:00,33.9,0.0,9.8
Coimbatore,gfs_seamless,2026-09-28T13:00,34.9,0.0,14.2
Coimbatore,gfs_seamless,2026-09-28T14:00,34.7,0.0,21.6
Coimbatore,gfs_seamless,2026-09-28T15:00,32.1,0.0,21.7
Coimbatore,gfs_seamless,2026-09-28T16:00,31.4,0.0,16.8
Coimbatore,gfs_seamless,2026-09-28T17:00,30.6,0.0,18.4
Coimbatore,gfs_seamless,2026-09-28T18:00,28.7,0.0,17.7
Coimbatore,gfs_seamless,2026-09-28T19:00,27.7,0.0,17.3
Coimbatore,gfs_seamless,2026-09-28T20:00,27.0,0.0,17.2
Coimbatore,gfs_seamless,2026-09-28T21:00,26.3,0.0,15.8
Coimbatore,gfs_seamless,2026-09-28T22:00,25.9,0.0,15.7
Coimbatore,gfs_seamless,2026-09-28T23:00,25.6,0.0,14.7
Coimbatore,gfs_seamless,2026-09-29T00:00,25.2,0.0,14.3
Coimbatore,gfs_seamless,2026-09-29T01:00,24.9,0.0,14.0
Coimbatore,gfs_seamless,2026-09-29T02:00,24.8,0.0,12.7
Coimbatore,gfs_seamless,2026-09-29T03:00,24.6,0.0,12.3
Coimbatore,gfs_seamless,2026-09-29T04:00,24.6,0.0,12.4
Coimbatore,gfs_seamless,2026-09-29T05:00,24.6,0.0,11.6
Coimbatore,gfs_seamless,2026-09-29T06:00,24.8,0.0,10.5
Coimbatore,gfs_seamless,2026-09-29T07:00,25.6,0.0,9.5
Coimbatore,gfs_seamless,2026-09-29T08:00,27.1,0.0,9.7
Coimbatore,gfs_seamless,2026-09-29T09:00,29.7,0.0,9.7
Coimbatore,gfs_seamless,2026-09-29T10:00,31.8,0.0,9.7
Coimbatore,gfs_seamless,2026-09-29T11:00,33.1,0.0,10.5
Coimbatore,gfs_seamless,2026-09-29T12:00,34.0,0.0,13.0
Coimbatore,gfs_seamless,2026-09-29T13:00,34.4,0.0,17.7
Coimbatore,gfs_seamless,2026-09-29T14:00,33.9,0.0,20.4
Coimbatore,gfs_seamless,2026-09-29T15:00,31.5,0.1,19.6
Coimbatore,gfs_seamless,2026-09-29T16:00,30.3,0.1,16.1
Coimbatore,gfs_seamless,2026-09-29T17:00,29.6,0.0,21.3
Coimbatore,gfs_seamless,2026-09-29T18:00,27.6,0.0,18.7
Coimbatore,gfs_seamless,2026-09-29T19:00,26.4,0.0,17.7
Coimbatore,gfs_seamless,2026-09-29T20:00,25.8,0.0,17.1
Coimbatore,gfs_seamless,2026-09-29T21:00,25.2,0.1,14.8
Coimbatore,gfs_seamless,2026-09-29T22:00,24.4,0.2,11.2
Coimbatore,gfs_seamless,2026-09-29T23:00,24.0,0.4,13.2
Coimbatore,icon_seamless,2026-09-27T00:00,24.0,0.0,7.0
Coimbatore,icon_seamless,2026-09-27T01:00,23.6,0.0,6.4
Coimbatore,icon_seamless,2026-09-27T02:00,23.2,0.0,5.1
Coimbatore,icon_seamless,2026-09-27T03:00,22.8,0.0,4.6
Coimbatore,icon_seamless,2026-09-27T04:00,22.4,0.0,4.6
Coimbatore,icon_seamless,2026-09-27T05:00,22.2,0.0,4.5
Coimbatore,icon_seamless,2026-09-27T06:00,22.1,0.0,4.7
Coimbatore,icon_seamless,2026-09-27T07:00,23.7,0.0,5.2
Coimbatore,icon_seamless,2026-09-27T08:00,26.2,0.0,6.4
Coimbatore,icon_seamless,2026-09-27T09:00,28.5,0.0,6.7
Coimbatore,icon_seamless,2026-09-27T10:00,30.4,0.0,7.1
Coimbatore,icon_seamless,2026-09-27T11:00,31.8,0.0,9.2
Coimbatore,icon_seamless,2026-09-27T12:00,32.9,0.0,11.1
Coimbatore,icon_seamless,2026-09-27T13:00,33.3,0.0,12.8
Coimbatore,icon_seamless,2026-09-27T14:00,33.1,0.0,14.8
Coimbatore,icon_seamless,2026-09-27T15:00,32.9,0.0,16.2
Coimbatore,icon_seamless,2026-09-27T16:00,32.3,0.0,16.1
Coimbatore,icon_seamless,2026-09-27T17:00,30.5,0.0,17.6
Coimbatore,icon_seamless,2026-09-27T18:00,28.5,0.0,15.0
Coimbatore,icon_seamless,2026-09-27T19:00,27.2,0.0,12.5
Coimbatore,icon_seamless,2026-09-27T20:00,26.2,0.0,10.7
Coimbatore,icon_seamless,2026-09-27T21:00,25.4,0.0,9.4
Coimbatore,icon_seamless,2026-09-27T22:00,24.8,0.0,8.9
Coimbatore,icon_seamless,2026-09-27T23:00,24.3,0.0,8.4
Coimbatore,icon_seamless,2026-09-28T00:00,24.0,0.0,7.6
Coimbatore,icon_seamless,2026-09-28T01:00,23.7,0.0,7.6
Coimbatore,icon_seamless,2026-09-28T02:00,23.4,0.0,7.6
Coimbatore,icon_seamless,2026-09-28T03:00,23.2,0.0,7.1
Coimbatore,icon_seamless,2026-09-28T04:00,23.0,0.0,6.9
Coimbatore,icon_seamless,2026-09-28T05:00,22.7,0.0,5.9
Coimbatore,icon_seamless,2026-09-28T06:00,22.4,0.0,4.9
Coimbatore,icon_seamless,2026-09-28T07:00,24.0,0.0,5.6
Coimbatore,icon_seamless,2026-09-28T08:00,26.3,0.0,6.4
Coimbatore,icon_seamless,2026-09-28T09:00,28.8,0.0,4.6
Coimbatore,icon_seamless,2026-09-28T10:00,30.8,0.0,3.6
Coimbatore,icon_seamless,2026-09-28T11:00,32.0,0.0,4.5
Coimbatore,icon_seamless,2026-09-28T12:00,33.2,0.0,8.1
Coimbatore,icon_seamless,2026-09-28T13:00,33.9,0.0,11.1
Coimbatore,icon_seamless,2026-09-28T14:00,33.9,0.0,13.0
Coimbatore,icon_seamless,2026-09-28T15:00,34.0,0.0,12.6
Coimbatore,icon_seamless,2026-09-28T16:00,33.5,0.0,12.2
Coimbatore,icon_seamless,2026-09-28T17:00,32.0,0.0,12.9
Coimbatore,icon_seamless,2026-09-28T18:00,29.7,0.0,12.8
Coimbatore,icon_seamless,2026-09-28T19:00,27.9,0.0,13.0
Coimbatore,icon_seamless,2026-09-28T20:00,26.9,0.0,11.2
Coimbatore,icon_seamless,2026-09-28T21:00,26.2,0.0,9.7
Coimbatore,icon_seamless,2026-09-28T22:00,25.7,0.0,8.9
Coimbatore,icon_seamless,2026-09-28T23:00,25.3,0.0,8.2
Coimbatore,icon_seamless,2026-09-29T00:00,25.0,0.0,7.4
Coimbatore,icon_seamless,2026-09-29T01:00,24.5,0.0,7.1
Coimbatore,icon_seamless,2026-09-29T02:00,24.3,0.0,6.4
Coimbatore,icon_seamless,2026-09-29T03:00,24.1,0.0,4.8
Coimbatore,icon_seamless,2026-09-29T04:00,23.8,0.0,4.3
Coimbatore,icon_seamless,2026-09-29T05:00,23.5,0.0,3.6
Coimbatore,icon_seamless,2026-09-29T06:00,23.4,0.0,3.1
Coimbatore,icon_seamless,2026-09-29T07:00,24.6,0.0,4.0
Coimbatore,icon_seamless,2026-09-29T08:00,27.2,0.0,2.5
Coimbatore,icon_seamless,2026-09-29T09:00,29.5,0.0,2.1
Coimbatore,icon_seamless,2026-09-29T10:00,31.4,0.0,4.7
Coimbatore,icon_seamless,2026-09-29T11:00,33.1,0.0,8.0
Coimbatore,icon_seamless,2026-09-29T12:00,33.9,0.0,11.5
Coimbatore,icon_seamless,2026-09-29T13:00,34.2,0.0,14.5
Coimbatore,icon_seamless,2026-09-29T14:00,34.1,0.0,17.1
Coimbatore,icon_seamless,2026-09-29T15:00,32.9,0.0,16.9
Coimbatore,icon_seamless,2026-09-29T16:00,31.3,0.0,17.7
Coimbatore,icon_seamless,2026-09-29T17:00,29.0,0.0,17.6
Coimbatore,icon_seamless,2026-09-29T18:00,27.6,0.0,13.5
Coimbatore,icon_seamless,2026-09-29T19:00,26.9,0.0,10.5
Coimbatore,icon_seamless,2026-09-29T20:00,26.5,0.0,7.9
Coimbatore,icon_seamless,2026-09-29T21:00,26.0,0.0,7.4
Coimbatore,icon_seamless,2026-09-29T22:00,25.6,0.0,6.6
Coimbatore,icon_seamless,2026-09-29T23:00,25.3,0.0,5.9
Coimbatore,gem_seamless,2026-09-27T00:00,23.7,0.0,13.7
Coimbatore,gem_seamless,2026-09-27T01:00,23.0,0.0,11.5
Coimbatore,gem_seamless,2026-09-27T02:00,22.4,0.0,9.0
Coimbatore,gem_seamless,2026-09-27T03:00,21.8,0.0,7.2
Coimbatore,gem_seamless,2026-09-27T04:00,21.3,0.0,6.8
Coimbatore,gem_seamless,2026-09-27T05:00,21.0,0.0,7.6
Coimbatore,gem_seamless,2026-09-27T06:00,20.9,0.0,9.4
Coimbatore,gem_seamless,2026-09-27T07:00,22.9,0.0,10.4
Coimbatore,gem_seamless,2026-09-27T08:00,26.2,0.0,12.2
Coimbatore,gem_seamless,2026-09-27T09:00,28.8,0.0,12.2
Coimbatore,gem_seamless,2026-09-27T10:00,30.7,0.0,11.9
Coimbatore,gem_seamless,2026-09-27T11:00,32.1,0.0,12.6
Coimbatore,gem_seamless,2026-09-27T12:00,33.1,0.0,13.0
Coimbatore,gem_seamless,2026-09-27T13:00,33.7,0.0,13.0
Coimbatore,gem_seamless,2026-09-27T14:00,34.0,0.0,13.7
Coimbatore,gem_seamless,2026-09-27T15:00,33.7,0.0,15.8
Coimbatore,gem_seamless,2026-09-27T16:00,33.0,0.0,17.3
Coimbatore,gem_seamless,2026-09-27T17:00,31.5,0.0,18.0
Coimbatore,gem_seamless,2026-09-27T18:00,29.4,0.0,18.0
Coimbatore,gem_seamless,2026-09-27T19:00,27.5,0.0,18.0
Coimbatore,gem_seamless,2026-09-27T20:00,26.2,0.0,17.6
Coimbatore,gem_seamless,2026-09-27T21:00,25.2,0.0,17.3
Coimbatore,gem_seamless,2026-09-27T22:00,24.4,0.0,16.9
Coimbatore,gem_seamless,2026-09-27T23:00,23.8,0.0,16.2
Coimbatore,gem_seamless,2026-09-28T00:00,23.3,0.0,15.1
Coimbatore,gem_seamless,2026-09-28T01:00,22.9,0.0,14.4
Coimbatore,gem_seamless,2026-09-28T02:00,22.4,0.0,13.7
Coimbatore,gem_seamless,2026-09-28T03:00,22.1,0.0,12.2
Coimbatore,gem_seamless,2026-09-28T04:00,21.8,0.0,10.8
Coimbatore,gem_seamless,2026-09-28T05:00,21.6,0.0,9.7
Coimbatore,gem_seamless,2026-09-28T06:00,21.5,0.0,8.3
Coimbatore,gem_seamless,2026-09-28T07:00,23.4,0.0,8.3
Coimbatore,gem_seamless,2026-09-28T08:00,26.4,0.0,7.9
Coimbatore,gem_seamless,2026-09-28T09:00,29.0,0.0,5.4
Coimbatore,gem_seamless,2026-09-28T10:00,30.9,0.0,3.2
Coimbatore,gem_seamless,2026-09-28T11:00,32.4,0.0,3.6
Coimbatore,gem_seamless,2026-09-28T12:00,33.6,0.0,6.5
Coimbatore,gem_seamless,2026-09-28T13:00,34.4,0.0,8.6
Coimbatore,gem_seamless,2026-09-28T14:00,34.4,0.1,10.1
Coimbatore,gem_seamless,2026-09-28T15:00,32.9,0.3,11.5
Coimbatore,gem_seamless,2026-09-28T16:00,31.3,0.3,14.0
Coimbatore,gem_seamless,2026-09-28T17:00,30.3,0.0,13.0
Coimbatore,gem_seamless,2026-09-28T18:00,27.8,1.3,11.5
Coimbatore,gem_seamless,2026-09-28T19:00,26.8,0.3,12.6
Coimbatore,gem_seamless,2026-09-28T20:00,26.4,0.0,15.8
Coimbatore,gem_seamless,2026-09-28T21:00,25.9,0.0,17.3
Coimbatore,gem_seamless,2026-09-28T22:00,25.2,0.0,17.3
Coimbatore,gem_seamless,2026-09-28T23:00,24.7,0.0,16.9
Coimbatore,gem_seamless,2026-09-29T00:00,24.3,0.0,14.8
Coimbatore,gem_seamless,2026-09-29T01:00,24.0,0.0,12.6
Coimbatore,gem_seamless,2026-09-29T02:00,23.9,0.0,11.9
Coimbatore,gem_seamless,2026-09-29T03:00,23.8,0.0,10.8
Coimbatore,gem_seamless,2026-09-29T04:00,23.7,0.0,9.4
Coimbatore,gem_seamless,2026-09-29T05:00,23.5,0.0,7.2
Coimbatore,gem_seamless,2026-09-29T06:00,23.1,0.0,4.3
Coimbatore,gem_seamless,2026-09-29T07:00,24.3,0.0,3.2
Coimbatore,gem_seamless,2026-09-29T08:00,26.4,0.0,2.2
Coimbatore,gem_seamless,2026-09-29T09:00,28.4,0.0,2.2
Coimbatore,gem_seamless,2026-09-29T10:00,30.2,0.0,1.4
Coimbatore,gem_seamless,2026-09-29T11:00,31.5,0.0,1.8
Coimbatore,gem_seamless,2026-09-29T12:00,32.7,0.0,7.2
Coimbatore,gem_seamless,2026-09-29T13:00,33.6,0.0,11.9
Coimbatore,gem_seamless,2026-09-29T14:00,33.8,0.0,14.8
Coimbatore,gem_seamless,2026-09-29T15:00,33.0,0.0,14.0
Coimbatore,gem_seamless,2026-09-29T16:00,31.0,0.1,9.0
Coimbatore,gem_seamless,2026-09-29T17:00,27.9,0.5,8.3
Coimbatore,gem_seamless,2026-09-29T18:00,25.6,0.9,4.0
Coimbatore,gem_seamless,2026-09-29T19:00,24.7,0.6,1.8
Coimbatore,gem_seamless,2026-09-29T20:00,24.1,0.0,4.0
Coimbatore,gem_seamless,2026-09-29T21:00,23.6,0.0,7.2
Coimbatore,gem_seamless,2026-09-29T22:00,23.2,0.0,12.6
Coimbatore,gem_seamless,2026-09-29T23:00,23.1,0.0,13.3
Vijayawada,ecmwf_ifs025,2026-09-27T00:00,27.2,0.0,6.2
Vijayawada,ecmwf_ifs025,2026-09-27T01:00,26.5,0.0,5.8
Vijayawada,ecmwf_ifs025,2026-09-27T02:00,25.9,0.0,5.7
Vijayawada,ecmwf_ifs025,2026-09-27T03:00,25.4,0.0,5.0
Vijayawada,ecmwf_ifs025,2026-09-27T04:00,24.9,0.0,4.5
Vijayawada,ecmwf_ifs025,2026-09-27T05:00,25.0,0.0,5.1
Vijayawada,ecmwf_ifs025,2026-09-27T06:00,25.9,0.0,6.6
Vijayawada,ecmwf_ifs025,2026-09-27T07:00,27.3,0.0,9.0
Vijayawada,ecmwf_ifs025,2026-09-27T08:00,28.7,0.0,10.7
Vijayawada,ecmwf_ifs025,2026-09-27T09:00,29.9,0.0,10.8
Vijayawada,ecmwf_ifs025,2026-09-27T10:00,31.1,0.0,10.4
Vijayawada,ecmwf_ifs025,2026-09-27T11:00,32.0,0.0,10.5
Vijayawada,ecmwf_ifs025,2026-09-27T12:00,32.6,0.0,11.5
Vijayawada,ecmwf_ifs025,2026-09-27T13:00,33.1,0.0,12.5
Vijayawada,ecmwf_ifs025,2026-09-27T14:00,33.0,0.0,12.8
Vijayawada,ecmwf_ifs025,2026-09-27T15:00,32.3,0.0,10.7
Vijayawada,ecmwf_ifs025,2026-09-27T16:00,31.0,0.0,7.7
Vijayawada,ecmwf_ifs025,2026-09-27T17:00,29.8,0.0,5.6
Vijayawada,ecmwf_ifs025,2026-09-27T18:00,28.9,0.0,5.6
Vijayawada,ecmwf_ifs025,2026-09-27T19:00,28.0,0.0,6.6
Vijayawada,ecmwf_ifs025,2026-09-27T20:00,27.2,0.0,7.2
Vijayawada,ecmwf_ifs025,2026-09-27T21:00,26.5,0.0,6.9
Vijayawada,ecmwf_ifs025,2026-09-27T22:00,25.9,0.0,6.7
Vijayawada,ecmwf_ifs025,2026-09-27T23:00,25.3,0.0,6.5
Vijayawada,ecmwf_ifs025,2026-09-28T00:00,24.7,0.0,5.9
Vijayawada,ecmwf_ifs025,2026-09-28T01:00,24.1,0.0,5.2
Vijayawada,ecmwf_ifs025,2026-09-28T02:00,23.7,0.0,5.1
Vijayawada,ecmwf_ifs025,2026-09-28T03:00,23.2,0.0,4.8
Vijayawada,ecmwf_ifs025,2026-09-28T04:00,22.8,0.0,4.9
Vijayawada,ecmwf_ifs025,2026-09-28T05:00,23.0,0.0,4.7
Vijayawada,ecmwf_ifs025,2026-09-28T06:00,24.3,0.0,4.5
Vijayawada,ecmwf_ifs025,2026-09-28T07:00,26.2,0.0,4.5
Vijayawada,ecmwf_ifs025,2026-09-28T08:00,28.0,0.0,4.9
Vijayawada,ecmwf_ifs025,2026-09-28T09:00,29.7,0.0,6.1
Vijayawada,ecmwf_ifs025,2026-09-28T10:00,31.3,0.0,8.0
Vijayawada,ecmwf_ifs025,2026-09-28T11:00,32.4,0.0,9.7
Vijayawada,ecmwf_ifs025,2026-09-28T12:00,33.0,0.0,11.0
Vijayawada,ecmwf_ifs025,2026-09-28T13:00,33.1,0.0,12.2
Vijayawada,ecmwf_ifs025,2026-09-28T14:00,32.9,0.0,12.1
Vijayawada,ecmwf_ifs025,2026-09-28T15:00,32.5,0.0,10.0
Vijayawada,ecmwf_ifs025,2026-09-28T16:00,31.7,0.0,6.9
Vijayawada,ecmwf_ifs025,2026-09-28T17:00,30.8,0.0,4.3
Vijayawada,ecmwf_ifs025,2026-09-28T18:00,29.8,0.0,3.2
Vijayawada,ecmwf_ifs025,2026-09-28T19:00,28.6,0.0,3.3
Vijayawada,ecmwf_ifs025,2026-09-28T20:00,27.5,0.0,3.7
Vijayawada,ecmwf_ifs025,2026-09-28T21:00,26.8,0.0,4.2
Vijayawada,ecmwf_ifs025,2026-09-28T22:00,26.3,0.0,5.0
Vijayawada,ecmwf_ifs025,2026-09-28T23:00,25.8,0.0,5.0
Vijayawada,ecmwf_ifs025,2026-09-29T00:00,25.5,0.0,4.2
Vijayawada,ecmwf_ifs025,2026-09-29T01:00,25.2,0.0,3.0
Vijayawada,ecmwf_ifs025,2026-09-29T02:00,25.0,0.0,1.8
Vijayawada,ecmwf_ifs025,2026-09-29T03:00,24.4,0.0,1.5
Vijayawada,ecmwf_ifs025,2026-09-29T04:00,23.9,0.0,1.8
Vijayawada,ecmwf_ifs025,2026-09-29T05:00,24.0,0.0,2.9
Vijayawada,ecmwf_ifs025,2026-09-29T06:00,25.1,0.0,3.8
Vijayawada,ecmwf_ifs025,2026-09-29T07:00,26.8,0.0,5.0
Vijayawada,ecmwf_ifs025,2026-09-29T08:00,28.5,0.0,6.4
Vijayawada,ecmwf_ifs025,2026-09-29T09:00,29.9,0.0,7.6
Vijayawada,ecmwf_ifs025,2026-09-29T10:00,31.1,0.0,9.0
Vijayawada,ecmwf_ifs025,2026-09-29T11:00,32.1,0.0,9.9
Vijayawada,ecmwf_ifs025,2026-09-29T12:00,32.7,0.0,10.8
Vijayawada,ecmwf_ifs025,2026-09-29T13:00,33.0,0.0,11.4
Vijayawada,ecmwf_ifs025,2026-09-29T14:00,33.0,0.0,10.8
Vijayawada,ecmwf_ifs025,2026-09-29T15:00,32.5,0.0,8.4
Vijayawada,ecmwf_ifs025,2026-09-29T16:00,31.7,0.0,5.1
Vijayawada,ecmwf_ifs025,2026-09-29T17:00,30.8,0.0,3.1
Vijayawada,ecmwf_ifs025,2026-09-29T18:00,29.8,0.0,3.1
Vijayawada,ecmwf_ifs025,2026-09-29T19:00,28.7,0.0,3.4
Vijayawada,ecmwf_ifs025,2026-09-29T20:00,27.7,0.0,3.5
Vijayawada,ecmwf_ifs025,2026-09-29T21:00,26.9,0.0,3.7
Vijayawada,ecmwf_ifs025,2026-09-29T22:00,26.2,0.0,4.0
Vijayawada,ecmwf_ifs025,2026-09-29T23:00,25.7,0.0,3.6
Vijayawada,gfs_seamless,2026-09-27T00:00,25.7,0.0,5.1
Vijayawada,gfs_seamless,2026-09-27T01:00,25.4,0.0,3.6
Vijayawada,gfs_seamless,2026-09-27T02:00,25.2,0.0,1.5
Vijayawada,gfs_seamless,2026-09-27T03:00,25.0,0.0,1.0
Vijayawada,gfs_seamless,2026-09-27T04:00,24.6,0.0,6.6
Vijayawada,gfs_seamless,2026-09-27T05:00,23.8,0.0,7.2
Vijayawada,gfs_seamless,2026-09-27T06:00,24.3,0.3,3.3
Vijayawada,gfs_seamless,2026-09-27T07:00,26.3,0.0,4.6
Vijayawada,gfs_seamless,2026-09-27T08:00,27.7,0.0,8.3
Vijayawada,gfs_seamless,2026-09-27T09:00,29.4,0.0,10.0
Vijayawada,gfs_seamless,2026-09-27T10:00,31.1,0.1,12.3
Vijayawada,gfs_seamless,2026-09-27T11:00,31.9,0.0,15.2
Vijayawada,gfs_seamless,2026-09-27T12:00,32.3,0.0,16.0
Vijayawada,gfs_seamless,2026-09-27T13:00,32.6,0.0,16.8
Vijayawada,gfs_seamless,2026-09-27T14:00,32.8,0.0,17.5
Vijayawada,gfs_seamless,2026-09-27T15:00,32.6,0.0,14.6
Vijayawada,gfs_seamless,2026-09-27T16:00,31.2,0.0,15.2
Vijayawada,gfs_seamless,2026-09-27T17:00,29.0,0.0,11.5
Vijayawada,gfs_seamless,2026-09-27T18:00,27.6,0.0,9.4
Vijayawada,gfs_seamless,2026-09-27T19:00,27.1,0.0,8.8
Vijayawada,gfs_seamless,2026-09-27T20:00,26.8,0.0,7.6
Vijayawada,gfs_seamless,2026-09-27T21:00,26.4,0.0,5.8
Vijayawada,gfs_seamless,2026-09-27T22:00,26.1,0.0,6.0
Vijayawada,gfs_seamless,2026-09-27T23:00,25.8,0.0,5.8
Vijayawada,gfs_seamless,2026-09-28T00:00,25.6,0.0,6.3
Vijayawada,gfs_seamless,2026-09-28T01:00,25.3,0.0,6.2
Vijayawada,gfs_seamless,2026-09-28T02:00,25.1,0.0,6.2
Vijayawada,gfs_seamless,2026-09-28T03:00,24.7,0.0,5.7
Vijayawada,gfs_seamless,2026-09-28T04:00,24.3,0.0,4.4
Vijayawada,gfs_seamless,2026-09-28T05:00,24.0,0.0,4.5
Vijayawada,gfs_seamless,2026-09-28T06:00,24.3,0.0,5.2
Vijayawada,gfs_seamless,2026-09-28T07:00,26.2,0.0,6.0
Vijayawada,gfs_seamless,2026-09-28T08:00,28.0,0.0,8.7
Vijayawada,gfs_seamless,2026-09-28T09:00,29.5,0.0,10.5
Vijayawada,gfs_seamless,2026-09-28T10:00,30.7,0.0,12.1
Vijayawada,gfs_seamless,2026-09-28T11:00,31.7,0.0,13.4
Vijayawada,gfs_seamless,2026-09-28T12:00,32.4,0.0,13.7
Vijayawada,gfs_seamless,2026-09-28T13:00,32.8,0.0,14.2
Vijayawada,gfs_seamless,2026-09-28T14:00,33.0,0.0,13.4
Vijayawada,gfs_seamless,2026-09-28T15:00,32.8,0.0,11.4
Vijayawada,gfs_seamless,2026-09-28T16:00,32.0,0.0,9.8
Vijayawada,gfs_seamless,2026-09-28T17:00,29.7,0.0,6.7
Vijayawada,gfs_seamless,2026-09-28T18:00,28.2,0.0,7.2
Vijayawada,gfs_seamless,2026-09-28T19:00,27.5,0.0,5.5
Vijayawada,gfs_seamless,2026-09-28T20:00,27.1,0.0,6.5
Vijayawada,gfs_seamless,2026-09-28T21:00,26.6,0.0,6.4
Vijayawada,gfs_seamless,2026-09-28T22:00,26.3,0.0,5.9
Vijayawada,gfs_seamless,2026-09-28T23:00,25.8,0.0,4.0
Vijayawada,gfs_seamless,2026-09-29T00:00,25.5,0.0,2.3
Vijayawada,gfs_seamless,2026-09-29T01:00,25.1,0.0,1.3
Vijayawada,gfs_seamless,2026-09-29T02:00,24.7,0.0,3.2
Vijayawada,gfs_seamless,2026-09-29T03:00,24.4,0.0,3.4
Vijayawada,gfs_seamless,2026-09-29T04:00,24.2,0.0,3.5
Vijayawada,gfs_seamless,2026-09-29T05:00,24.0,0.0,3.0
Vijayawada,gfs_seamless,2026-09-29T06:00,24.5,0.0,3.0
Vijayawada,gfs_seamless,2026-09-29T07:00,26.2,0.0,3.5
Vijayawada,gfs_seamless,2026-09-29T08:00,28.0,0.0,6.8
Vijayawada,gfs_seamless,2026-09-29T09:00,29.6,0.0,7.4
Vijayawada,gfs_seamless,2026-09-29T10:00,31.1,0.0,5.0
Vijayawada,gfs_seamless,2026-09-29T11:00,32.3,0.0,4.6
Vijayawada,gfs_seamless,2026-09-29T12:00,32.6,0.0,6.4
Vijayawada,gfs_seamless,2026-09-29T13:00,33.0,0.0,6.4
Vijayawada,gfs_seamless,2026-09-29T14:00,33.4,0.0,5.9
Vijayawada,gfs_seamless,2026-09-29T15:00,33.6,0.0,5.9
Vijayawada,gfs_seamless,2026-09-29T16:00,33.3,0.0,6.2
Vijayawada,gfs_seamless,2026-09-29T17:00,30.5,0.0,6.4
Vijayawada,gfs_seamless,2026-09-29T18:00,28.4,0.0,9.5
Vijayawada,gfs_seamless,2026-09-29T19:00,27.5,0.0,7.6
Vijayawada,gfs_seamless,2026-09-29T20:00,27.3,0.0,7.1
Vijayawada,gfs_seamless,2026-09-29T21:00,26.8,0.0,6.6
Vijayawada,gfs_seamless,2026-09-29T22:00,26.3,0.0,2.1
Vijayawada,gfs_seamless,2026-09-29T23:00,25.7,0.0,2.6
Vijayawada,icon_seamless,2026-09-27T00:00,28.9,0.0,2.2
Vijayawada,icon_seamless,2026-09-27T01:00,28.6,0.0,1.8
Vijayawada,icon_seamless,2026-09-27T02:00,28.3,0.0,1.1
Vijayawada,icon_seamless,2026-09-27T03:00,28.2,0.0,1.1
Vijayawada,icon_seamless,2026-09-27T04:00,28.1,0.0,1.0
Vijayawada,icon_seamless,2026-09-27T05:00,27.8,0.0,0.7
Vijayawada,icon_seamless,2026-09-27T06:00,27.7,0.0,0.7
Vijayawada,icon_seamless,2026-09-27T07:00,28.6,0.0,1.1
Vijayawada,icon_seamless,2026-09-27T08:00,30.1,0.0,1.1
Vijayawada,icon_seamless,2026-09-27T09:00,31.8,0.0,4.3
Vijayawada,icon_seamless,2026-09-27T10:00,32.9,0.0,7.4
Vijayawada,icon_seamless,2026-09-27T11:00,33.7,0.0,10.0
Vijayawada,icon_seamless,2026-09-27T12:00,34.5,0.0,9.4
Vijayawada,icon_seamless,2026-09-27T13:00,35.0,0.0,9.4
Vijayawada,icon_seamless,2026-09-27T14:00,35.2,0.0,10.3
Vijayawada,icon_seamless,2026-09-27T15:00,35.0,0.0,10.7
Vijayawada,icon_seamless,2026-09-27T16:00,34.4,0.0,9.0
Vijayawada,icon_seamless,2026-09-27T17:00,33.5,0.0,5.3
Vijayawada,icon_seamless,2026-09-27T18:00,32.3,0.0,3.2
Vijayawada,icon_seamless,2026-09-27T19:00,31.5,0.0,2.6
Vijayawada,icon_seamless,2026-09-27T20:00,30.9,0.0,2.6
Vijayawada,icon_seamless,2026-09-27T21:00,30.3,0.0,1.8
Vijayawada,icon_seamless,2026-09-27T22:00,29.6,0.0,1.5
Vijayawada,icon_seamless,2026-09-27T23:00,28.7,0.0,1.3
Vijayawada,icon_seamless,2026-09-28T00:00,27.9,0.0,1.5
Vijayawada,icon_seamless,2026-09-28T01:00,27.1,0.0,1.5
Vijayawada,icon_seamless,2026-09-28T02:00,26.5,0.0,1.8
Vijayawada,icon_seamless,2026-09-28T03:00,26.0,0.0,1.3
Vijayawada,icon_seamless,2026-09-28T04:00,25.6,0.0,1.5
Vijayawada,icon_seamless,2026-09-28T05:00,25.4,0.0,1.8
Vijayawada,icon_seamless,2026-09-28T06:00,25.4,0.0,1.9
Vijayawada,icon_seamless,2026-09-28T07:00,26.7,0.0,1.9
Vijayawada,icon_seamless,2026-09-28T08:00,28.8,0.0,2.6
Vijayawada,icon_seamless,2026-09-28T09:00,30.6,0.0,4.3
Vijayawada,icon_seamless,2026-09-28T10:00,32.2,0.0,5.8
Vijayawada,icon_seamless,2026-09-28T11:00,33.4,0.0,7.4
Vijayawada,icon_seamless,2026-09-28T12:00,34.3,0.0,8.2
Vijayawada,icon_seamless,2026-09-28T13:00,34.7,0.0,8.5
Vijayawada,icon_seamless,2026-09-28T14:00,34.9,0.0,9.7
Vijayawada,icon_seamless,2026-09-28T15:00,34.6,0.0,10.0
Vijayawada,icon_seamless,2026-09-28T16:00,34.2,0.0,8.8
Vijayawada,icon_seamless,2026-09-28T17:00,33.1,0.0,5.8
Vijayawada,icon_seamless,2026-09-28T18:00,31.6,0.0,3.9
Vijayawada,icon_seamless,2026-09-28T19:00,30.8,0.0,2.7
Vijayawada,icon_seamless,2026-09-28T20:00,30.3,0.0,2.3
Vijayawada,icon_seamless,2026-09-28T21:00,30.0,0.0,1.4
Vijayawada,icon_seamless,2026-09-28T22:00,29.6,0.0,1.8
Vijayawada,icon_seamless,2026-09-28T23:00,29.1,0.0,1.8
Vijayawada,icon_seamless,2026-09-29T00:00,28.5,0.0,1.5
Vijayawada,icon_seamless,2026-09-29T01:00,27.9,0.0,1.4
Vijayawada,icon_seamless,2026-09-29T02:00,27.6,0.0,1.5
Vijayawada,icon_seamless,2026-09-29T03:00,27.4,0.0,1.6
Vijayawada,icon_seamless,2026-09-29T04:00,27.1,0.0,1.9
Vijayawada,icon_seamless,2026-09-29T05:00,26.8,0.0,1.8
Vijayawada,icon_seamless,2026-09-29T06:00,26.7,0.0,1.9
Vijayawada,icon_seamless,2026-09-29T07:00,27.4,0.0,2.4
Vijayawada,icon_seamless,2026-09-29T08:00,29.1,0.0,3.5
Vijayawada,icon_seamless,2026-09-29T09:00,30.6,0.0,5.8
Vijayawada,icon_seamless,2026-09-29T10:00,32.0,0.0,6.9
Vijayawada,icon_seamless,2026-09-29T11:00,33.1,0.0,7.1
Vijayawada,icon_seamless,2026-09-29T12:00,34.0,0.0,7.7
Vijayawada,icon_seamless,2026-09-29T13:00,34.6,0.0,7.9
Vijayawada,icon_seamless,2026-09-29T14:00,34.9,0.0,7.5
Vijayawada,icon_seamless,2026-09-29T15:00,34.6,0.0,7.0
Vijayawada,icon_seamless,2026-09-29T16:00,34.0,0.0,6.5
Vijayawada,icon_seamless,2026-09-29T17:00,33.1,0.0,4.1
Vijayawada,icon_seamless,2026-09-29T18:00,32.1,0.0,1.8
Vijayawada,icon_seamless,2026-09-29T19:00,31.4,0.0,1.1
Vijayawada,icon_seamless,2026-09-29T20:00,30.8,0.0,0.8
Vijayawada,icon_seamless,2026-09-29T21:00,30.2,0.0,0.8
Vijayawada,icon_seamless,2026-09-29T22:00,29.6,0.0,1.0
Vijayawada,icon_seamless,2026-09-29T23:00,29.1,0.0,1.5
Vijayawada,gem_seamless,2026-09-27T00:00,23.2,5.7,14.4
Vijayawada,gem_seamless,2026-09-27T01:00,23.4,0.4,14.4
Vijayawada,gem_seamless,2026-09-27T02:00,23.6,0.0,8.6
Vijayawada,gem_seamless,2026-09-27T03:00,23.7,0.0,5.0
Vijayawada,gem_seamless,2026-09-27T04:00,23.4,0.0,5.8
Vijayawada,gem_seamless,2026-09-27T05:00,23.0,0.0,5.8
Vijayawada,gem_seamless,2026-09-27T06:00,23.1,0.0,7.2
Vijayawada,gem_seamless,2026-09-27T07:00,24.8,0.0,12.2
Vijayawada,gem_seamless,2026-09-27T08:00,27.1,0.0,13.3
Vijayawada,gem_seamless,2026-09-27T09:00,29.0,0.0,13.0
Vijayawada,gem_seamless,2026-09-27T10:00,30.4,0.0,12.6
Vijayawada,gem_seamless,2026-09-27T11:00,31.8,0.0,12.2
Vijayawada,gem_seamless,2026-09-27T12:00,32.7,0.0,11.9
Vijayawada,gem_seamless,2026-09-27T13:00,33.4,0.0,11.2
Vijayawada,gem_seamless,2026-09-27T14:00,33.8,0.0,10.8
Vijayawada,gem_seamless,2026-09-27T15:00,33.8,0.0,10.1
Vijayawada,gem_seamless,2026-09-27T16:00,33.4,0.0,8.3
Vijayawada,gem_seamless,2026-09-27T17:00,32.1,0.0,5.0
Vijayawada,gem_seamless,2026-09-27T18:00,29.7,0.0,3.2
Vijayawada,gem_seamless,2026-09-27T19:00,27.8,0.0,2.5
Vijayawada,gem_seamless,2026-09-27T20:00,26.7,0.0,4.3
Vijayawada,gem_seamless,2026-09-27T21:00,25.8,0.0,4.3
Vijayawada,gem_seamless,2026-09-27T22:00,25.2,0.0,3.6
Vijayawada,gem_seamless,2026-09-27T23:00,24.7,0.0,2.5
Vijayawada,gem_seamless,2026-09-28T00:00,24.2,0.0,1.8
Vijayawada,gem_seamless,2026-09-28T01:00,23.6,0.0,1.8
Vijayawada,gem_seamless,2026-09-28T02:00,23.0,0.0,2.9
Vijayawada,gem_seamless,2026-09-28T03:00,22.4,0.0,4.3
Vijayawada,gem_seamless,2026-09-28T04:00,21.9,0.0,5.8
Vijayawada,gem_seamless,2026-09-28T05:00,21.7,0.0,6.5
Vijayawada,gem_seamless,2026-09-28T06:00,22.0,0.0,7.2
Vijayawada,gem_seamless,2026-09-28T07:00,24.4,0.0,7.6
Vijayawada,gem_seamless,2026-09-28T08:00,27.5,0.0,9.0
Vijayawada,gem_seamless,2026-09-28T09:00,30.0,0.0,9.4
Vijayawada,gem_seamless,2026-09-28T10:00,31.9,0.0,8.6
Vijayawada,gem_seamless,2026-09-28T11:00,33.4,0.0,9.4
Vijayawada,gem_seamless,2026-09-28T12:00,34.2,0.0,9.7
Vijayawada,gem_seamless,2026-09-28T13:00,34.8,0.0,9.4
Vijayawada,gem_seamless,2026-09-28T14:00,35.1,0.0,10.4
Vijayawada,gem_seamless,2026-09-28T15:00,35.1,0.0,11.5
Vijayawada,gem_seamless,2026-09-28T16:00,34.4,0.0,11.5
Vijayawada,gem_seamless,2026-09-28T17:00,32.7,0.0,7.9
Vijayawada,gem_seamless,2026-09-28T18:00,30.5,0.0,7.6
Vijayawada,gem_seamless,2026-09-28T19:00,28.9,0.0,7.9
Vijayawada,gem_seamless,2026-09-28T20:00,27.5,0.0,7.6
Vijayawada,gem_seamless,2026-09-28T21:00,26.1,0.0,6.8
Vijayawada,gem_seamless,2026-09-28T22:00,24.7,0.0,5.4
Vijayawada,gem_seamless,2026-09-28T23:00,23.8,0.0,4.0
Vijayawada,gem_seamless,2026-09-29T00:00,23.2,0.0,4.7
Vijayawada,gem_seamless,2026-09-29T01:00,22.7,0.0,5.4
Vijayawada,gem_seamless,2026-09-29T02:00,22.5,0.0,6.1
Vijayawada,gem_seamless,2026-09-29T03:00,22.7,0.0,6.1
Vijayawada,gem_seamless,2026-09-29T04:00,22.7,0.0,4.3
Vijayawada,gem_seamless,2026-09-29T05:00,22.6,0.0,2.9
Vijayawada,gem_seamless,2026-09-29T06:00,22.8,0.0,4.3
Vijayawada,gem_seamless,2026-09-29T07:00,24.8,0.0,5.0
Vijayawada,gem_seamless,2026-09-29T08:00,27.5,0.0,5.0
Vijayawada,gem_seamless,2026-09-29T09:00,30.0,0.0,5.8
Vijayawada,gem_seamless,2026-09-29T10:00,32.0,0.0,7.9
Vijayawada,gem_seamless,2026-09-29T11:00,33.4,0.0,8.3
Vijayawada,gem_seamless,2026-09-29T12:00,34.4,0.0,9.7
Vijayawada,gem_seamless,2026-09-29T13:00,35.2,0.0,11.9
Vijayawada,gem_seamless,2026-09-29T14:00,35.4,0.0,13.3
Vijayawada,gem_seamless,2026-09-29T15:00,35.2,0.0,14.0
Vijayawada,gem_seamless,2026-09-29T16:00,34.4,0.0,14.0
Vijayawada,gem_seamless,2026-09-29T17:00,32.6,0.0,10.4
Vijayawada,gem_seamless,2026-09-29T18:00,30.3,0.0,8.3
Vijayawada,gem_seamless,2026-09-29T19:00,28.7,0.0,6.8
Vijayawada,gem_seamless,2026-09-29T20:00,27.4,0.0,10.1
Vijayawada,gem_seamless,2026-09-29T21:00,26.7,0.0,12.6
Vijayawada,gem_seamless,2026-09-29T22:00,26.0,0.0,11.2
Vijayawada,gem_seamless,2026-09-29T23:00,25.6,0.0,10.1
Jodhpur,ecmwf_ifs025,2026-09-27T00:00,30.7,0.0,17.8
Jodhpur,ecmwf_ifs025,2026-09-27T01:00,30.0,0.0,17.3
Jodhpur,ecmwf_ifs025,2026-09-27T02:00,29.2,0.0,17.3
Jodhpur,ecmwf_ifs025,2026-09-27T03:00,28.3,0.0,17.8
Jodhpur,ecmwf_ifs025,2026-09-27T04:00,27.3,0.0,18.9
Jodhpur,ecmwf_ifs025,2026-09-27T05:00,26.7,0.0,19.1
Jodhpur,ecmwf_ifs025,2026-09-27T06:00,26.4,0.0,18.1
Jodhpur,ecmwf_ifs025,2026-09-27T07:00,26.3,0.0,16.3
Jodhpur,ecmwf_ifs025,2026-09-27T08:00,26.8,0.0,15.0
Jodhpur,ecmwf_ifs025,2026-09-27T09:00,27.9,0.0,14.8
Jodhpur,ecmwf_ifs025,2026-09-27T10:00,29.6,0.0,15.0
Jodhpur,ecmwf_ifs025,2026-09-27T11:00,31.1,0.0,15.1
Jodhpur,ecmwf_ifs025,2026-09-27T12:00,32.3,0.0,14.6
Jodhpur,ecmwf_ifs025,2026-09-27T13:00,33.5,0.0,14.3
Jodhpur,ecmwf_ifs025,2026-09-27T14:00,34.2,0.0,13.8
Jodhpur,ecmwf_ifs025,2026-09-27T15:00,34.3,0.0,13.5
Jodhpur,ecmwf_ifs025,2026-09-27T16:00,34.0,0.0,13.5
Jodhpur,ecmwf_ifs025,2026-09-27T17:00,33.4,0.0,13.3
Jodhpur,ecmwf_ifs025,2026-09-27T18:00,32.7,0.0,13.1
Jodhpur,ecmwf_ifs025,2026-09-27T19:00,31.7,0.0,12.7
Jodhpur,ecmwf_ifs025,2026-09-27T20:00,30.8,0.0,12.4
Jodhpur,ecmwf_ifs025,2026-09-27T21:00,30.2,0.0,11.0
Jodhpur,ecmwf_ifs025,2026-09-27T22:00,29.7,0.0,9.7
Jodhpur,ecmwf_ifs025,2026-09-27T23:00,29.2,0.0,9.7
Jodhpur,ecmwf_ifs025,2026-09-28T00:00,28.6,0.0,11.3
Jodhpur,ecmwf_ifs025,2026-09-28T01:00,28.1,0.0,13.3
Jodhpur,ecmwf_ifs025,2026-09-28T02:00,27.5,0.0,14.7
Jodhpur,ecmwf_ifs025,2026-09-28T03:00,26.9,0.0,14.6
Jodhpur,ecmwf_ifs025,2026-09-28T04:00,26.4,0.0,13.5
Jodhpur,ecmwf_ifs025,2026-09-28T05:00,26.1,0.0,12.8
Jodhpur,ecmwf_ifs025,2026-09-28T06:00,26.1,0.0,12.9
Jodhpur,ecmwf_ifs025,2026-09-28T07:00,26.3,0.0,12.9
Jodhpur,ecmwf_ifs025,2026-09-28T08:00,26.9,0.0,12.9
Jodhpur,ecmwf_ifs025,2026-09-28T09:00,28.1,0.0,12.8
Jodhpur,ecmwf_ifs025,2026-09-28T10:00,29.7,0.0,12.5
Jodhpur,ecmwf_ifs025,2026-09-28T11:00,31.2,0.0,12.3
Jodhpur,ecmwf_ifs025,2026-09-28T12:00,32.3,0.0,11.8
Jodhpur,ecmwf_ifs025,2026-09-28T13:00,33.3,0.0,11.3
Jodhpur,ecmwf_ifs025,2026-09-28T14:00,33.9,0.0,10.5
Jodhpur,ecmwf_ifs025,2026-09-28T15:00,33.9,0.0,9.5
Jodhpur,ecmwf_ifs025,2026-09-28T16:00,33.5,0.0,9.2
Jodhpur,ecmwf_ifs025,2026-09-28T17:00,33.0,0.0,9.5
Jodhpur,ecmwf_ifs025,2026-09-28T18:00,32.3,0.0,8.9
Jodhpur,ecmwf_ifs025,2026-09-28T19:00,31.4,0.0,8.5
Jodhpur,ecmwf_ifs025,2026-09-28T20:00,30.6,0.0,8.8
Jodhpur,ecmwf_ifs025,2026-09-28T21:00,30.0,0.0,9.9
Jodhpur,ecmwf_ifs025,2026-09-28T22:00,29.5,0.0,11.1
Jodhpur,ecmwf_ifs025,2026-09-28T23:00,29.0,0.0,11.6
Jodhpur,ecmwf_ifs025,2026-09-29T00:00,28.3,0.0,10.8
Jodhpur,ecmwf_ifs025,2026-09-29T01:00,27.5,0.0,8.9
Jodhpur,ecmwf_ifs025,2026-09-29T02:00,26.9,0.0,7.7
Jodhpur,ecmwf_ifs025,2026-09-29T03:00,26.4,0.0,7.4
Jodhpur,ecmwf_ifs025,2026-09-29T04:00,26.0,0.0,7.4
Jodhpur,ecmwf_ifs025,2026-09-29T05:00,25.9,0.0,7.4
Jodhpur,ecmwf_ifs025,2026-09-29T06:00,26.1,0.0,8.1
Jodhpur,ecmwf_ifs025,2026-09-29T07:00,26.7,0.0,8.9
Jodhpur,ecmwf_ifs025,2026-09-29T08:00,27.6,0.0,9.7
Jodhpur,ecmwf_ifs025,2026-09-29T09:00,29.1,0.0,9.2
Jodhpur,ecmwf_ifs025,2026-09-29T10:00,31.0,0.0,8.8
Jodhpur,ecmwf_ifs025,2026-09-29T11:00,32.6,0.0,8.5
Jodhpur,ecmwf_ifs025,2026-09-29T12:00,33.7,0.0,8.2
Jodhpur,ecmwf_ifs025,2026-09-29T13:00,34.5,0.0,8.3
Jodhpur,ecmwf_ifs025,2026-09-29T14:00,34.9,0.0,8.2
Jodhpur,ecmwf_ifs025,2026-09-29T15:00,34.9,0.0,8.2
Jodhpur,ecmwf_ifs025,2026-09-29T16:00,34.5,0.0,8.6
Jodhpur,ecmwf_ifs025,2026-09-29T17:00,33.9,0.0,8.6
Jodhpur,ecmwf_ifs025,2026-09-29T18:00,33.1,0.0,8.9
Jodhpur,ecmwf_ifs025,2026-09-29T19:00,32.1,0.0,9.4
Jodhpur,ecmwf_ifs025,2026-09-29T20:00,31.2,0.0,9.6
Jodhpur,ecmwf_ifs025,2026-09-29T21:00,30.4,0.0,9.5
Jodhpur,ecmwf_ifs025,2026-09-29T22:00,29.6,0.0,9.7
Jodhpur,ecmwf_ifs025,2026-09-29T23:00,28.9,0.0,10.0
Jodhpur,gfs_seamless,2026-09-27T00:00,28.3,0.0,25.3
Jodhpur,gfs_seamless,2026-09-27T01:00,27.9,0.0,32.2
Jodhpur,gfs_seamless,2026-09-27T02:00,26.9,0.0,33.2
Jodhpur,gfs_seamless,2026-09-27T03:00,26.5,0.0,28.2
Jodhpur,gfs_seamless,2026-09-27T04:00,26.0,0.0,24.1
Jodhpur,gfs_seamless,2026-09-27T05:00,25.6,0.0,19.3
Jodhpur,gfs_seamless,2026-09-27T06:00,25.2,0.0,18.6
Jodhpur,gfs_seamless,2026-09-27T07:00,25.5,0.0,20.2
Jodhpur,gfs_seamless,2026-09-27T08:00,27.1,0.0,24.5
Jodhpur,gfs_seamless,2026-09-27T09:00,28.9,0.0,26.1
Jodhpur,gfs_seamless,2026-09-27T10:00,30.6,0.0,26.0
Jodhpur,gfs_seamless,2026-09-27T11:00,32.2,0.0,27.0
Jodhpur,gfs_seamless,2026-09-27T12:00,33.6,0.0,27.5
Jodhpur,gfs_seamless,2026-09-27T13:00,34.7,0.0,26.8
Jodhpur,gfs_seamless,2026-09-27T14:00,35.3,0.0,25.1
Jodhpur,gfs_seamless,2026-09-27T15:00,35.4,0.0,23.7
Jodhpur,gfs_seamless,2026-09-27T16:00,35.1,0.0,22.0
Jodhpur,gfs_seamless,2026-09-27T17:00,34.3,0.0,22.1
Jodhpur,gfs_seamless,2026-09-27T18:00,32.3,0.0,22.4
Jodhpur,gfs_seamless,2026-09-27T19:00,31.1,0.0,24.6
Jodhpur,gfs_seamless,2026-09-27T20:00,30.1,0.0,25.1
Jodhpur,gfs_seamless,2026-09-27T21:00,29.2,0.0,21.7
Jodhpur,gfs_seamless,2026-09-27T22:00,28.6,0.0,19.5
Jodhpur,gfs_seamless,2026-09-27T23:00,28.2,0.0,18.4
Jodhpur,gfs_seamless,2026-09-28T00:00,27.9,0.0,19.5
Jodhpur,gfs_seamless,2026-09-28T01:00,27.3,0.0,17.4
Jodhpur,gfs_seamless,2026-09-28T02:00,26.7,0.0,15.0
Jodhpur,gfs_seamless,2026-09-28T03:00,26.3,0.0,17.4
Jodhpur,gfs_seamless,2026-09-28T04:00,25.9,0.0,19.2
Jodhpur,gfs_seamless,2026-09-28T05:00,25.5,0.0,18.9
Jodhpur,gfs_seamless,2026-09-28T06:00,25.0,0.0,16.8
Jodhpur,gfs_seamless,2026-09-28T07:00,25.4,0.0,16.1
Jodhpur,gfs_seamless,2026-09-28T08:00,26.6,0.0,16.8
Jodhpur,gfs_seamless,2026-09-28T09:00,28.2,0.0,18.1
Jodhpur,gfs_seamless,2026-09-28T10:00,29.8,0.0,19.6
Jodhpur,gfs_seamless,2026-09-28T11:00,31.5,0.0,20.2
Jodhpur,gfs_seamless,2026-09-28T12:00,32.8,0.0,20.0
Jodhpur,gfs_seamless,2026-09-28T13:00,33.9,0.0,19.1
Jodhpur,gfs_seamless,2026-09-28T14:00,34.6,0.0,17.3
Jodhpur,gfs_seamless,2026-09-28T15:00,35.0,0.0,16.3
Jodhpur,gfs_seamless,2026-09-28T16:00,34.9,0.0,16.0
Jodhpur,gfs_seamless,2026-09-28T17:00,34.3,0.0,17.3
Jodhpur,gfs_seamless,2026-09-28T18:00,32.3,0.0,15.3
Jodhpur,gfs_seamless,2026-09-28T19:00,31.1,0.0,15.8
Jodhpur,gfs_seamless,2026-09-28T20:00,30.4,0.0,19.6
Jodhpur,gfs_seamless,2026-09-28T21:00,29.5,0.0,20.2
Jodhpur,gfs_seamless,2026-09-28T22:00,28.8,0.0,16.8
Jodhpur,gfs_seamless,2026-09-28T23:00,28.0,0.0,13.8
Jodhpur,gfs_seamless,2026-09-29T00:00,27.4,0.0,12.8
Jodhpur,gfs_seamless,2026-09-29T01:00,26.9,0.0,12.4
Jodhpur,gfs_seamless,2026-09-29T02:00,26.5,0.0,11.2
Jodhpur,gfs_seamless,2026-09-29T03:00,26.2,0.0,10.5
Jodhpur,gfs_seamless,2026-09-29T04:00,26.1,0.0,11.1
Jodhpur,gfs_seamless,2026-09-29T05:00,25.8,0.0,12.0
Jodhpur,gfs_seamless,2026-09-29T06:00,25.5,0.0,11.5
Jodhpur,gfs_seamless,2026-09-29T07:00,26.2,0.0,12.7
Jodhpur,gfs_seamless,2026-09-29T08:00,27.6,0.0,18.8
Jodhpur,gfs_seamless,2026-09-29T09:00,29.1,0.0,18.8
Jodhpur,gfs_seamless,2026-09-29T10:00,30.7,0.0,17.6
Jodhpur,gfs_seamless,2026-09-29T11:00,32.1,0.0,15.8
Jodhpur,gfs_seamless,2026-09-29T12:00,33.3,0.0,13.8
Jodhpur,gfs_seamless,2026-09-29T13:00,34.3,0.0,12.2
Jodhpur,gfs_seamless,2026-09-29T14:00,35.0,0.0,12.3
Jodhpur,gfs_seamless,2026-09-29T15:00,35.4,0.0,13.5
Jodhpur,gfs_seamless,2026-09-29T16:00,35.3,0.0,15.1
Jodhpur,gfs_seamless,2026-09-29T17:00,34.7,0.0,15.1
Jodhpur,gfs_seamless,2026-09-29T18:00,32.7,0.0,12.2
Jodhpur,gfs_seamless,2026-09-29T19:00,31.7,0.0,13.3
Jodhpur,gfs_seamless,2026-09-29T20:00,30.8,0.0,16.1
Jodhpur,gfs_seamless,2026-09-29T21:00,29.8,0.0,16.4
Jodhpur,gfs_seamless,2026-09-29T22:00,28.9,0.0,14.5
Jodhpur,gfs_seamless,2026-09-29T23:00,28.3,0.0,14.0
Jodhpur,icon_seamless,2026-09-27T00:00,29.1,0.0,15.9
Jodhpur,icon_seamless,2026-09-27T01:00,28.7,0.0,16.0
Jodhpur,icon_seamless,2026-09-27T02:00,28.3,0.0,14.9
Jodhpur,icon_seamless,2026-09-27T03:00,27.8,0.0,14.3
Jodhpur,icon_seamless,2026-09-27T04:00,27.3,0.0,14.8
Jodhpur,icon_seamless,2026-09-27T05:00,26.8,0.0,14.7
Jodhpur,icon_seamless,2026-09-27T06:00,26.3,0.0,15.7
Jodhpur,icon_seamless,2026-09-27T07:00,26.2,0.0,15.6
Jodhpur,icon_seamless,2026-09-27T08:00,27.0,0.0,17.9
Jodhpur,icon_seamless,2026-09-27T09:00,28.0,0.0,17.4
Jodhpur,icon_seamless,2026-09-27T10:00,29.5,0.0,16.3
Jodhpur,icon_seamless,2026-09-27T11:00,30.7,0.0,14.8
Jodhpur,icon_seamless,2026-09-27T12:00,31.6,0.0,13.9
Jodhpur,icon_seamless,2026-09-27T13:00,32.8,0.0,13.9
Jodhpur,icon_seamless,2026-09-27T14:00,33.5,0.0,13.7
Jodhpur,icon_seamless,2026-09-27T15:00,33.9,0.0,13.9
Jodhpur,icon_seamless,2026-09-27T16:00,33.7,0.0,14.2
Jodhpur,icon_seamless,2026-09-27T17:00,33.1,0.0,13.6
Jodhpur,icon_seamless,2026-09-27T18:00,32.1,0.0,12.0
Jodhpur,icon_seamless,2026-09-27T19:00,31.2,0.0,9.2
Jodhpur,icon_seamless,2026-09-27T20:00,30.2,0.0,9.8
Jodhpur,icon_seamless,2026-09-27T21:00,29.4,0.0,10.6
Jodhpur,icon_seamless,2026-09-27T22:00,28.7,0.0,9.5
Jodhpur,icon_seamless,2026-09-27T23:00,28.1,0.0,9.5
Jodhpur,icon_seamless,2026-09-28T00:00,27.6,0.0,10.8
Jodhpur,icon_seamless,2026-09-28T01:00,27.2,0.0,9.7
Jodhpur,icon_seamless,2026-09-28T02:00,26.9,0.0,9.2
Jodhpur,icon_seamless,2026-09-28T03:00,26.5,0.0,8.9
Jodhpur,icon_seamless,2026-09-28T04:00,26.1,0.0,9.3
Jodhpur,icon_seamless,2026-09-28T05:00,25.7,0.0,9.3
Jodhpur,icon_seamless,2026-09-28T06:00,25.4,0.0,7.7
Jodhpur,icon_seamless,2026-09-28T07:00,25.6,0.0,9.7
Jodhpur,icon_seamless,2026-09-28T08:00,26.8,0.0,13.4
Jodhpur,icon_seamless,2026-09-28T09:00,28.2,0.0,15.9
Jodhpur,icon_seamless,2026-09-28T10:00,29.4,0.0,17.1
Jodhpur,icon_seamless,2026-09-28T11:00,30.7,0.0,16.3
Jodhpur,icon_seamless,2026-09-28T12:00,31.7,0.0,15.0
Jodhpur,icon_seamless,2026-09-28T13:00,32.5,0.0,14.5
Jodhpur,icon_seamless,2026-09-28T14:00,33.1,0.0,13.8
Jodhpur,icon_seamless,2026-09-28T15:00,33.3,0.0,11.9
Jodhpur,icon_seamless,2026-09-28T16:00,33.0,0.0,11.2
Jodhpur,icon_seamless,2026-09-28T17:00,32.4,0.0,10.9
Jodhpur,icon_seamless,2026-09-28T18:00,31.5,0.0,8.9
Jodhpur,icon_seamless,2026-09-28T19:00,30.3,0.0,5.4
Jodhpur,icon_seamless,2026-09-28T20:00,29.6,0.0,7.1
Jodhpur,icon_seamless,2026-09-28T21:00,28.9,0.0,7.6
Jodhpur,icon_seamless,2026-09-28T22:00,28.1,0.0,6.6
Jodhpur,icon_seamless,2026-09-28T23:00,27.4,0.0,6.8
Jodhpur,icon_seamless,2026-09-29T00:00,26.8,0.0,6.9
Jodhpur,icon_seamless,2026-09-29T01:00,26.3,0.0,7.1
Jodhpur,icon_seamless,2026-09-29T02:00,25.9,0.0,6.6
Jodhpur,icon_seamless,2026-09-29T03:00,25.4,0.0,5.4
Jodhpur,icon_seamless,2026-09-29T04:00,25.1,0.0,5.4
Jodhpur,icon_seamless,2026-09-29T05:00,24.7,0.0,5.4
Jodhpur,icon_seamless,2026-09-29T06:00,24.4,0.0,5.4
Jodhpur,icon_seamless,2026-09-29T07:00,24.7,0.0,6.1
Jodhpur,icon_seamless,2026-09-29T08:00,26.3,0.0,8.9
Jodhpur,icon_seamless,2026-09-29T09:00,28.3,0.0,10.5
Jodhpur,icon_seamless,2026-09-29T10:00,30.3,0.0,11.3
Jodhpur,icon_seamless,2026-09-29T11:00,32.0,0.0,10.3
Jodhpur,icon_seamless,2026-09-29T12:00,33.3,0.0,8.7
Jodhpur,icon_seamless,2026-09-29T13:00,34.2,0.0,7.4
Jodhpur,icon_seamless,2026-09-29T14:00,34.8,0.0,7.4
Jodhpur,icon_seamless,2026-09-29T15:00,35.1,0.0,7.9
Jodhpur,icon_seamless,2026-09-29T16:00,34.9,0.0,8.4
Jodhpur,icon_seamless,2026-09-29T17:00,34.2,0.0,8.5
Jodhpur,icon_seamless,2026-09-29T18:00,33.0,0.0,7.1
Jodhpur,icon_seamless,2026-09-29T19:00,31.5,0.0,7.1
Jodhpur,icon_seamless,2026-09-29T20:00,30.6,0.0,9.0
Jodhpur,icon_seamless,2026-09-29T21:00,29.9,0.0,9.2
Jodhpur,icon_seamless,2026-09-29T22:00,29.2,0.0,5.7
Jodhpur,icon_seamless,2026-09-29T23:00,28.5,0.0,3.6
Jodhpur,gem_seamless,2026-09-27T00:00,27.7,0.0,11.9
Jodhpur,gem_seamless,2026-09-27T01:00,28.1,0.0,15.8
Jodhpur,gem_seamless,2026-09-27T02:00,28.2,0.0,19.1
Jodhpur,gem_seamless,2026-09-27T03:00,27.9,0.0,21.2
Jodhpur,gem_seamless,2026-09-27T04:00,27.4,0.0,22.7
Jodhpur,gem_seamless,2026-09-27T05:00,26.8,0.0,22.0
Jodhpur,gem_seamless,2026-09-27T06:00,26.1,0.0,21.6
Jodhpur,gem_seamless,2026-09-27T07:00,26.0,0.0,22.7
Jodhpur,gem_seamless,2026-09-27T08:00,26.9,0.0,23.4
Jodhpur,gem_seamless,2026-09-27T09:00,28.1,0.0,23.0
Jodhpur,gem_seamless,2026-09-27T10:00,29.5,0.0,22.3
Jodhpur,gem_seamless,2026-09-27T11:00,31.0,0.0,20.9
Jodhpur,gem_seamless,2026-09-27T12:00,32.2,0.0,19.1
Jodhpur,gem_seamless,2026-09-27T13:00,33.2,0.0,16.9
Jodhpur,gem_seamless,2026-09-27T14:00,33.9,0.0,15.1
Jodhpur,gem_seamless,2026-09-27T15:00,34.5,0.0,13.7
Jodhpur,gem_seamless,2026-09-27T16:00,34.6,0.0,12.6
Jodhpur,gem_seamless,2026-09-27T17:00,34.2,0.0,11.2
Jodhpur,gem_seamless,2026-09-27T18:00,32.6,0.0,9.7
Jodhpur,gem_seamless,2026-09-27T19:00,30.9,0.0,10.4
Jodhpur,gem_seamless,2026-09-27T20:00,30.1,0.0,14.8
Jodhpur,gem_seamless,2026-09-27T21:00,29.6,0.0,18.0
Jodhpur,gem_seamless,2026-09-27T22:00,29.1,0.0,18.0
Jodhpur,gem_seamless,2026-09-27T23:00,28.5,0.0,16.6
Jodhpur,gem_seamless,2026-09-28T00:00,27.9,0.0,14.8
Jodhpur,gem_seamless,2026-09-28T01:00,27.2,0.0,14.0
Jodhpur,gem_seamless,2026-09-28T02:00,26.6,0.0,15.1
Jodhpur,gem_seamless,2026-09-28T03:00,26.2,0.0,15.1
Jodhpur,gem_seamless,2026-09-28T04:00,25.8,0.0,14.8
Jodhpur,gem_seamless,2026-09-28T05:00,25.6,0.0,15.1
Jodhpur,gem_seamless,2026-09-28T06:00,25.2,0.0,14.8
Jodhpur,gem_seamless,2026-09-28T07:00,25.7,0.0,15.1
Jodhpur,gem_seamless,2026-09-28T08:00,27.2,0.0,18.7
Jodhpur,gem_seamless,2026-09-28T09:00,28.6,0.0,19.1
Jodhpur,gem_seamless,2026-09-28T10:00,30.1,0.0,18.0
Jodhpur,gem_seamless,2026-09-28T11:00,31.4,0.0,16.9
Jodhpur,gem_seamless,2026-09-28T12:00,32.6,0.0,14.4
Jodhpur,gem_seamless,2026-09-28T13:00,33.5,0.0,11.9
Jodhpur,gem_seamless,2026-09-28T14:00,34.1,0.0,9.7
Jodhpur,gem_seamless,2026-09-28T15:00,34.3,0.0,8.6
Jodhpur,gem_seamless,2026-09-28T16:00,34.3,0.0,9.0
Jodhpur,gem_seamless,2026-09-28T17:00,33.8,0.0,9.7
Jodhpur,gem_seamless,2026-09-28T18:00,31.8,0.0,7.2
Jodhpur,gem_seamless,2026-09-28T19:00,29.5,0.0,6.5
Jodhpur,gem_seamless,2026-09-28T20:00,28.0,0.0,6.1
Jodhpur,gem_seamless,2026-09-28T21:00,26.8,0.0,6.5
Jodhpur,gem_seamless,2026-09-28T22:00,25.8,0.0,8.6
Jodhpur,gem_seamless,2026-09-28T23:00,25.2,0.0,10.8
Jodhpur,gem_seamless,2026-09-29T00:00,24.9,0.0,11.2
Jodhpur,gem_seamless,2026-09-29T01:00,24.5,0.0,10.4
Jodhpur,gem_seamless,2026-09-29T02:00,24.0,0.0,8.6
Jodhpur,gem_seamless,2026-09-29T03:00,23.4,0.0,6.8
Jodhpur,gem_seamless,2026-09-29T04:00,22.8,0.0,5.8
Jodhpur,gem_seamless,2026-09-29T05:00,22.3,0.0,4.7
Jodhpur,gem_seamless,2026-09-29T06:00,21.8,0.0,4.3
Jodhpur,gem_seamless,2026-09-29T07:00,22.7,0.0,5.4
Jodhpur,gem_seamless,2026-09-29T08:00,26.1,0.0,7.9
Jodhpur,gem_seamless,2026-09-29T09:00,29.3,0.0,13.0
Jodhpur,gem_seamless,2026-09-29T10:00,31.6,0.0,12.6
Jodhpur,gem_seamless,2026-09-29T11:00,33.1,0.0,10.8
Jodhpur,gem_seamless,2026-09-29T12:00,34.0,0.0,7.2
Jodhpur,gem_seamless,2026-09-29T13:00,34.5,0.0,4.7
Jodhpur,gem_seamless,2026-09-29T14:00,35.0,0.0,4.0
Jodhpur,gem_seamless,2026-09-29T15:00,35.2,0.0,2.9
Jodhpur,gem_seamless,2026-09-29T16:00,35.1,0.0,3.2
Jodhpur,gem_seamless,2026-09-29T17:00,34.7,0.0,4.0
Jodhpur,gem_seamless,2026-09-29T18:00,32.8,0.0,5.0
Jodhpur,gem_seamless,2026-09-29T19:00,30.3,0.0,5.8
Jodhpur,gem_seamless,2026-09-29T20:00,28.7,0.0,4.7
Jodhpur,gem_seamless,2026-09-29T21:00,27.6,0.0,4.3
Jodhpur,gem_seamless,2026-09-29T22:00,26.3,0.0,5.8
Jodhpur,gem_seamless,2026-09-29T23:00,25.5,0.0,5.4
Madurai,ecmwf_ifs025,2026-09-27T00:00,28.5,0.0,5.4
Madurai,ecmwf_ifs025,2026-09-27T01:00,27.8,0.0,8.2
Madurai,ecmwf_ifs025,2026-09-27T02:00,27.2,0.0,10.4
Madurai,ecmwf_ifs025,2026-09-27T03:00,26.6,0.0,11.0
Madurai,ecmwf_ifs025,2026-09-27T04:00,26.2,0.0,10.8
Madurai,ecmwf_ifs025,2026-09-27T05:00,26.3,0.0,10.5
Madurai,ecmwf_ifs025,2026-09-27T06:00,27.5,0.0,10.4
Madurai,ecmwf_ifs025,2026-09-27T07:00,29.2,0.0,10.0
Madurai,ecmwf_ifs025,2026-09-27T08:00,30.9,0.0,8.7
Madurai,ecmwf_ifs025,2026-09-27T09:00,32.3,0.0,5.4
Madurai,ecmwf_ifs025,2026-09-27T10:00,33.7,0.0,1.5
Madurai,ecmwf_ifs025,2026-09-27T11:00,34.8,0.0,3.7
Madurai,ecmwf_ifs025,2026-09-27T12:00,35.5,0.0,6.5
Madurai,ecmwf_ifs025,2026-09-27T13:00,35.9,0.0,8.4
Madurai,ecmwf_ifs025,2026-09-27T14:00,35.9,0.0,9.0
Madurai,ecmwf_ifs025,2026-09-27T15:00,35.4,0.0,7.5
Madurai,ecmwf_ifs025,2026-09-27T16:00,34.4,0.0,5.5
Madurai,ecmwf_ifs025,2026-09-27T17:00,33.3,0.0,5.8
Madurai,ecmwf_ifs025,2026-09-27T18:00,31.7,0.3,7.2
Madurai,ecmwf_ifs025,2026-09-27T19:00,29.9,0.3,9.0
Madurai,ecmwf_ifs025,2026-09-27T20:00,28.6,0.3,9.4
Madurai,ecmwf_ifs025,2026-09-27T21:00,28.0,0.0,6.9
Madurai,ecmwf_ifs025,2026-09-27T22:00,27.8,0.0,4.1
Madurai,ecmwf_ifs025,2026-09-27T23:00,27.7,0.0,4.3
Madurai,ecmwf_ifs025,2026-09-28T00:00,27.5,0.0,5.5
Madurai,ecmwf_ifs025,2026-09-28T01:00,27.4,0.0,6.8
Madurai,ecmwf_ifs025,2026-09-28T02:00,27.2,0.0,8.0
Madurai,ecmwf_ifs025,2026-09-28T03:00,26.8,0.0,9.6
Madurai,ecmwf_ifs025,2026-09-28T04:00,26.4,0.0,10.9
Madurai,ecmwf_ifs025,2026-09-28T05:00,26.5,0.0,11.5
Madurai,ecmwf_ifs025,2026-09-28T06:00,27.6,0.0,10.9
Madurai,ecmwf_ifs025,2026-09-28T07:00,29.3,0.0,9.3
Madurai,ecmwf_ifs025,2026-09-28T08:00,30.8,0.0,7.2
Madurai,ecmwf_ifs025,2026-09-28T09:00,32.0,0.0,3.5
Madurai,ecmwf_ifs025,2026-09-28T10:00,33.0,0.0,1.9
Madurai,ecmwf_ifs025,2026-09-28T11:00,33.9,0.0,4.9
Madurai,ecmwf_ifs025,2026-09-28T12:00,34.7,0.0,6.8
Madurai,ecmwf_ifs025,2026-09-28T13:00,35.3,0.0,7.6
Madurai,ecmwf_ifs025,2026-09-28T14:00,35.2,0.0,7.8
Madurai,ecmwf_ifs025,2026-09-28T15:00,33.8,0.7,6.9
Madurai,ecmwf_ifs025,2026-09-28T16:00,31.6,0.7,6.4
Madurai,ecmwf_ifs025,2026-09-28T17:00,29.7,0.7,5.8
Madurai,ecmwf_ifs025,2026-09-28T18:00,28.5,1.6,3.2
Madurai,ecmwf_ifs025,2026-09-28T19:00,27.5,1.6,0.7
Madurai,ecmwf_ifs025,2026-09-28T20:00,26.8,1.6,4.0
Madurai,ecmwf_ifs025,2026-09-28T21:00,26.4,0.0,5.0
Madurai,ecmwf_ifs025,2026-09-28T22:00,26.4,0.0,5.4
Madurai,ecmwf_ifs025,2026-09-28T23:00,26.3,0.0,5.5
Madurai,ecmwf_ifs025,2026-09-29T00:00,26.2,0.0,6.8
Madurai,ecmwf_ifs025,2026-09-29T01:00,26.1,0.0,8.4
Madurai,ecmwf_ifs025,2026-09-29T02:00,26.0,0.0,9.4
Madurai,ecmwf_ifs025,2026-09-29T03:00,25.7,0.0,8.2
Madurai,ecmwf_ifs025,2026-09-29T04:00,25.3,0.0,5.9
Madurai,ecmwf_ifs025,2026-09-29T05:00,25.5,0.0,4.1
Madurai,ecmwf_ifs025,2026-09-29T06:00,26.4,0.0,3.8
Madurai,ecmwf_ifs025,2026-09-29T07:00,27.9,0.0,3.9
Madurai,ecmwf_ifs025,2026-09-29T08:00,29.3,0.0,3.5
Madurai,ecmwf_ifs025,2026-09-29T09:00,30.6,0.0,2.7
Madurai,ecmwf_ifs025,2026-09-29T10:00,32.0,0.0,4.6
Madurai,ecmwf_ifs025,2026-09-29T11:00,32.9,0.0,5.8
Madurai,ecmwf_ifs025,2026-09-29T12:00,33.4,0.0,3.3
Madurai,ecmwf_ifs025,2026-09-29T13:00,33.6,0.0,1.6
Madurai,ecmwf_ifs025,2026-09-29T14:00,33.1,0.0,3.1
Madurai,ecmwf_ifs025,2026-09-29T15:00,31.9,0.6,1.9
Madurai,ecmwf_ifs025,2026-09-29T16:00,30.0,0.6,6.6
Madurai,ecmwf_ifs025,2026-09-29T17:00,28.4,0.6,9.5
Madurai,ecmwf_ifs025,2026-09-29T18:00,27.1,3.6,6.7
Madurai,ecmwf_ifs025,2026-09-29T19:00,25.9,3.6,2.6
Madurai,ecmwf_ifs025,2026-09-29T20:00,25.1,3.6,4.4
Madurai,ecmwf_ifs025,2026-09-29T21:00,24.9,0.2,5.2
Madurai,ecmwf_ifs025,2026-09-29T22:00,25.0,0.2,5.2
Madurai,ecmwf_ifs025,2026-09-29T23:00,25.2,0.2,6.0
Madurai,gfs_seamless,2026-09-27T00:00,28.3,0.0,12.0
Madurai,gfs_seamless,2026-09-27T01:00,28.2,0.0,10.5
Madurai,gfs_seamless,2026-09-27T02:00,27.5,0.0,10.9
Madurai,gfs_seamless,2026-09-27T03:00,27.1,0.0,11.2
Madurai,gfs_seamless,2026-09-27T04:00,26.7,0.0,11.8
Madurai,gfs_seamless,2026-09-27T05:00,26.4,0.0,10.6
Madurai,gfs_seamless,2026-09-27T06:00,26.4,0.0,8.9
Madurai,gfs_seamless,2026-09-27T07:00,28.1,0.0,9.7
Madurai,gfs_seamless,2026-09-27T08:00,30.1,0.0,8.5
Madurai,gfs_seamless,2026-09-27T09:00,31.8,0.0,8.7
Madurai,gfs_seamless,2026-09-27T10:00,33.3,0.0,7.8
Madurai,gfs_seamless,2026-09-27T11:00,34.1,0.0,6.1
Madurai,gfs_seamless,2026-09-27T12:00,35.0,0.0,3.6
Madurai,gfs_seamless,2026-09-27T13:00,35.6,0.0,3.0
Madurai,gfs_seamless,2026-09-27T14:00,36.1,0.0,2.8
Madurai,gfs_seamless,2026-09-27T15:00,36.2,0.0,2.3
Madurai,gfs_seamless,2026-09-27T16:00,36.2,0.0,3.6
Madurai,gfs_seamless,2026-09-27T17:00,35.9,0.0,5.5
Madurai,gfs_seamless,2026-09-27T18:00,33.8,0.0,10.7
Madurai,gfs_seamless,2026-09-27T19:00,29.2,0.0,23.0
Madurai,gfs_seamless,2026-09-27T20:00,29.4,0.0,12.8
Madurai,gfs_seamless,2026-09-27T21:00,29.2,0.0,8.8
Madurai,gfs_seamless,2026-09-27T22:00,29.1,0.0,5.1
Madurai,gfs_seamless,2026-09-27T23:00,28.9,0.0,4.4
Madurai,gfs_seamless,2026-09-28T00:00,28.5,0.0,4.6
Madurai,gfs_seamless,2026-09-28T01:00,28.3,0.0,4.1
Madurai,gfs_seamless,2026-09-28T02:00,28.0,0.0,6.6
Madurai,gfs_seamless,2026-09-28T03:00,27.7,0.0,7.2
Madurai,gfs_seamless,2026-09-28T04:00,27.4,0.0,8.1
Madurai,gfs_seamless,2026-09-28T05:00,27.1,0.0,7.4
Madurai,gfs_seamless,2026-09-28T06:00,27.1,0.0,8.4
Madurai,gfs_seamless,2026-09-28T07:00,28.5,0.0,8.8
Madurai,gfs_seamless,2026-09-28T08:00,29.8,0.0,7.7
Madurai,gfs_seamless,2026-09-28T09:00,31.0,0.0,7.4
Madurai,gfs_seamless,2026-09-28T10:00,32.0,0.0,6.6
Madurai,gfs_seamless,2026-09-28T11:00,33.1,0.0,5.8
Madurai,gfs_seamless,2026-09-28T12:00,34.0,0.0,7.4
Madurai,gfs_seamless,2026-09-28T13:00,35.2,0.0,9.3
Madurai,gfs_seamless,2026-09-28T14:00,34.5,0.0,7.4
Madurai,gfs_seamless,2026-09-28T15:00,33.9,0.0,6.9
Madurai,gfs_seamless,2026-09-28T16:00,33.1,0.0,9.4
Madurai,gfs_seamless,2026-09-28T17:00,32.8,0.0,13.4
Madurai,gfs_seamless,2026-09-28T18:00,31.0,0.0,22.7
Madurai,gfs_seamless,2026-09-28T19:00,29.5,0.9,17.1
Madurai,gfs_seamless,2026-09-28T20:00,28.8,1.1,4.9
Madurai,gfs_seamless,2026-09-28T21:00,28.6,0.0,7.6
Madurai,gfs_seamless,2026-09-28T22:00,27.8,0.0,10.7
Madurai,gfs_seamless,2026-09-28T23:00,27.7,0.0,7.6
Madurai,gfs_seamless,2026-09-29T00:00,27.8,0.0,5.3
Madurai,gfs_seamless,2026-09-29T01:00,27.6,0.0,5.6
Madurai,gfs_seamless,2026-09-29T02:00,27.5,0.0,7.4
Madurai,gfs_seamless,2026-09-29T03:00,27.4,0.0,7.0
Madurai,gfs_seamless,2026-09-29T04:00,27.5,0.0,7.2
Madurai,gfs_seamless,2026-09-29T05:00,27.3,0.0,7.1
Madurai,gfs_seamless,2026-09-29T06:00,27.3,0.0,6.2
Madurai,gfs_seamless,2026-09-29T07:00,28.7,0.0,4.6
Madurai,gfs_seamless,2026-09-29T08:00,29.8,0.0,2.3
Madurai,gfs_seamless,2026-09-29T09:00,30.9,0.0,3.3
Madurai,gfs_seamless,2026-09-29T10:00,32.1,0.0,4.4
Madurai,gfs_seamless,2026-09-29T11:00,33.2,0.0,5.5
Madurai,gfs_seamless,2026-09-29T12:00,34.0,0.1,4.3
Madurai,gfs_seamless,2026-09-29T13:00,33.5,0.6,2.4
Madurai,gfs_seamless,2026-09-29T14:00,33.2,0.4,1.3
Madurai,gfs_seamless,2026-09-29T15:00,33.7,0.0,7.2
Madurai,gfs_seamless,2026-09-29T16:00,33.7,0.0,10.9
Madurai,gfs_seamless,2026-09-29T17:00,32.9,0.0,13.9
Madurai,gfs_seamless,2026-09-29T18:00,28.0,1.7,19.5
Madurai,gfs_seamless,2026-09-29T19:00,24.9,4.1,23.1
Madurai,gfs_seamless,2026-09-29T20:00,26.3,1.2,11.2
Madurai,gfs_seamless,2026-09-29T21:00,27.4,0.2,7.3
Madurai,gfs_seamless,2026-09-29T22:00,26.2,0.6,16.8
Madurai,gfs_seamless,2026-09-29T23:00,24.0,4.4,22.9
Madurai,icon_seamless,2026-09-27T00:00,27.5,0.0,2.5
Madurai,icon_seamless,2026-09-27T01:00,27.2,0.0,3.1
Madurai,icon_seamless,2026-09-27T02:00,26.9,0.0,3.1
Madurai,icon_seamless,2026-09-27T03:00,26.6,0.0,3.8
Madurai,icon_seamless,2026-09-27T04:00,26.2,0.0,4.1
Madurai,icon_seamless,2026-09-27T05:00,25.8,0.0,3.8
Madurai,icon_seamless,2026-09-27T06:00,25.6,0.0,3.9
Madurai,icon_seamless,2026-09-27T07:00,26.9,0.0,4.5
Madurai,icon_seamless,2026-09-27T08:00,29.1,0.0,5.5
Madurai,icon_seamless,2026-09-27T09:00,31.4,0.0,6.6
Madurai,icon_seamless,2026-09-27T10:00,33.5,0.0,6.1
Madurai,icon_seamless,2026-09-27T11:00,35.1,0.0,5.2
Madurai,icon_seamless,2026-09-27T12:00,36.4,0.0,3.8
Madurai,icon_seamless,2026-09-27T13:00,37.2,0.0,2.3
Madurai,icon_seamless,2026-09-27T14:00,37.6,0.0,1.8
Madurai,icon_seamless,2026-09-27T15:00,37.6,0.0,3.9
Madurai,icon_seamless,2026-09-27T16:00,37.0,0.0,4.8
Madurai,icon_seamless,2026-09-27T17:00,36.1,0.0,3.3
Madurai,icon_seamless,2026-09-27T18:00,34.1,0.0,6.3
Madurai,icon_seamless,2026-09-27T19:00,30.8,0.0,16.5
Madurai,icon_seamless,2026-09-27T20:00,30.1,0.0,5.2
Madurai,icon_seamless,2026-09-27T21:00,29.4,0.0,2.4
Madurai,icon_seamless,2026-09-27T22:00,28.9,0.0,1.6
Madurai,icon_seamless,2026-09-27T23:00,28.5,0.0,1.8
Madurai,icon_seamless,2026-09-28T00:00,28.2,0.0,1.8
Madurai,icon_seamless,2026-09-28T01:00,27.8,0.0,2.3
Madurai,icon_seamless,2026-09-28T02:00,27.3,0.0,2.9
Madurai,icon_seamless,2026-09-28T03:00,26.9,0.0,2.3
Madurai,icon_seamless,2026-09-28T04:00,26.5,0.0,2.3
Madurai,icon_seamless,2026-09-28T05:00,26.2,0.0,2.3
Madurai,icon_seamless,2026-09-28T06:00,26.0,0.0,2.1
Madurai,icon_seamless,2026-09-28T07:00,27.0,0.0,2.8
Madurai,icon_seamless,2026-09-28T08:00,29.0,0.0,4.3
Madurai,icon_seamless,2026-09-28T09:00,31.0,0.0,5.5
Madurai,icon_seamless,2026-09-28T10:00,32.8,0.0,5.4
Madurai,icon_seamless,2026-09-28T11:00,34.5,0.0,5.1
Madurai,icon_seamless,2026-09-28T12:00,35.8,0.0,4.7
Madurai,icon_seamless,2026-09-28T13:00,36.6,0.0,8.3
Madurai,icon_seamless,2026-09-28T14:00,36.9,0.0,8.7
Madurai,icon_seamless,2026-09-28T15:00,36.7,0.0,7.4
Madurai,icon_seamless,2026-09-28T16:00,33.6,0.1,17.1
Madurai,icon_seamless,2026-09-28T17:00,32.0,0.6,8.6
Madurai,icon_seamless,2026-09-28T18:00,29.4,5.7,9.4
Madurai,icon_seamless,2026-09-28T19:00,28.1,5.3,7.9
Madurai,icon_seamless,2026-09-28T20:00,27.9,0.0,3.4
Madurai,icon_seamless,2026-09-28T21:00,27.8,0.0,2.1
Madurai,icon_seamless,2026-09-28T22:00,27.7,0.0,0.4
Madurai,icon_seamless,2026-09-28T23:00,27.4,0.0,1.9
Madurai,icon_seamless,2026-09-29T00:00,27.2,0.0,3.0
Madurai,icon_seamless,2026-09-29T01:00,26.8,0.0,3.1
Madurai,icon_seamless,2026-09-29T02:00,26.5,0.0,3.0
Madurai,icon_seamless,2026-09-29T03:00,26.3,0.0,1.8
Madurai,icon_seamless,2026-09-29T04:00,26.2,0.0,2.3
Madurai,icon_seamless,2026-09-29T05:00,26.2,0.0,2.8
Madurai,icon_seamless,2026-09-29T06:00,26.2,0.0,2.5
Madurai,icon_seamless,2026-09-29T07:00,27.0,0.0,4.1
Madurai,icon_seamless,2026-09-29T08:00,28.2,0.0,4.1
Madurai,icon_seamless,2026-09-29T09:00,29.5,0.0,2.0
Madurai,icon_seamless,2026-09-29T10:00,31.0,0.0,0.8
Madurai,icon_seamless,2026-09-29T11:00,32.7,0.0,2.2
Madurai,icon_seamless,2026-09-29T12:00,33.1,0.2,5.2
Madurai,icon_seamless,2026-09-29T13:00,33.9,0.0,4.9
Madurai,icon_seamless,2026-09-29T14:00,34.7,0.0,4.6
Madurai,icon_seamless,2026-09-29T15:00,34.6,0.0,7.7
Madurai,icon_seamless,2026-09-29T16:00,32.4,0.2,11.9
Madurai,icon_seamless,2026-09-29T17:00,30.6,0.8,5.8
Madurai,icon_seamless,2026-09-29T18:00,28.4,6.9,7.6
Madurai,icon_seamless,2026-09-29T19:00,27.4,3.0,6.1
Madurai,icon_seamless,2026-09-29T20:00,26.9,0.5,5.5
Madurai,icon_seamless,2026-09-29T21:00,26.6,0.0,4.8
Madurai,icon_seamless,2026-09-29T22:00,26.2,0.0,5.0
Madurai,icon_seamless,2026-09-29T23:00,25.8,0.0,5.2
Madurai,gem_seamless,2026-09-27T00:00,27.3,0.0,6.5
Madurai,gem_seamless,2026-09-27T01:00,26.7,0.0,8.3
Madurai,gem_seamless,2026-09-27T02:00,26.1,0.0,9.0
Madurai,gem_seamless,2026-09-27T03:00,25.7,0.0,9.4
Madurai,gem_seamless,2026-09-27T04:00,25.2,0.0,8.6
Madurai,gem_seamless,2026-09-27T05:00,24.6,0.0,7.2
Madurai,gem_seamless,2026-09-27T06:00,24.3,0.0,6.1
Madurai,gem_seamless,2026-09-27T07:00,26.4,0.0,5.0
Madurai,gem_seamless,2026-09-27T08:00,30.0,0.0,4.3
Madurai,gem_seamless,2026-09-27T09:00,32.5,0.0,5.4
Madurai,gem_seamless,2026-09-27T10:00,34.2,0.0,2.9
Madurai,gem_seamless,2026-09-27T11:00,35.6,0.0,0.7
Madurai,gem_seamless,2026-09-27T12:00,36.6,0.0,2.2
Madurai,gem_seamless,2026-09-27T13:00,37.3,0.0,2.5
Madurai,gem_seamless,2026-09-27T14:00,37.6,0.0,2.5
Madurai,gem_seamless,2026-09-27T15:00,37.6,0.0,3.2
Madurai,gem_seamless,2026-09-27T16:00,37.3,0.0,4.3
Madurai,gem_seamless,2026-09-27T17:00,36.4,0.0,5.8
Madurai,gem_seamless,2026-09-27T18:00,33.7,0.0,3.2
Madurai,gem_seamless,2026-09-27T19:00,31.0,0.0,11.2
Madurai,gem_seamless,2026-09-27T20:00,28.9,0.0,14.8
Madurai,gem_seamless,2026-09-27T21:00,28.0,0.0,7.6
Madurai,gem_seamless,2026-09-27T22:00,27.1,0.0,4.0
Madurai,gem_seamless,2026-09-27T23:00,26.4,0.0,7.2
Madurai,gem_seamless,2026-09-28T00:00,25.8,0.0,8.3
Madurai,gem_seamless,2026-09-28T01:00,25.3,0.0,7.9
Madurai,gem_seamless,2026-09-28T02:00,24.9,0.0,7.2
Madurai,gem_seamless,2026-09-28T03:00,24.6,0.0,6.5
Madurai,gem_seamless,2026-09-28T04:00,24.2,0.0,6.1
Madurai,gem_seamless,2026-09-28T05:00,23.9,0.0,5.4
Madurai,gem_seamless,2026-09-28T06:00,23.9,0.0,4.7
Madurai,gem_seamless,2026-09-28T07:00,26.0,0.0,2.9
Madurai,gem_seamless,2026-09-28T08:00,29.4,0.0,2.2
Madurai,gem_seamless,2026-09-28T09:00,32.2,0.0,4.3
Madurai,gem_seamless,2026-09-28T10:00,33.9,0.0,7.2
Madurai,gem_seamless,2026-09-28T11:00,35.1,0.0,7.6
Madurai,gem_seamless,2026-09-28T12:00,36.0,0.0,7.2
Madurai,gem_seamless,2026-09-28T13:00,36.6,0.0,6.5
Madurai,gem_seamless,2026-09-28T14:00,37.1,0.0,6.1
Madurai,gem_seamless,2026-09-28T15:00,36.5,0.2,11.2
Madurai,gem_seamless,2026-09-28T16:00,33.0,0.9,17.6
Madurai,gem_seamless,2026-09-28T17:00,31.0,1.3,11.5
Madurai,gem_seamless,2026-09-28T18:00,26.6,7.6,12.6
Madurai,gem_seamless,2026-09-28T19:00,25.0,5.0,7.6
Madurai,gem_seamless,2026-09-28T20:00,24.5,1.6,7.6
Madurai,gem_seamless,2026-09-28T21:00,24.4,1.2,9.7
Madurai,gem_seamless,2026-09-28T22:00,24.6,0.3,8.3
Madurai,gem_seamless,2026-09-28T23:00,24.8,0.0,6.1
Madurai,gem_seamless,2026-09-29T00:00,25.1,0.0,4.3
Madurai,gem_seamless,2026-09-29T01:00,25.1,0.0,3.6
Madurai,gem_seamless,2026-09-29T02:00,25.1,0.0,3.6
Madurai,gem_seamless,2026-09-29T03:00,25.1,0.0,4.3
Madurai,gem_seamless,2026-09-29T04:00,25.1,0.0,5.4
Madurai,gem_seamless,2026-09-29T05:00,24.9,0.0,4.7
Madurai,gem_seamless,2026-09-29T06:00,24.8,0.0,3.2
Madurai,gem_seamless,2026-09-29T07:00,26.0,0.0,1.4
Madurai,gem_seamless,2026-09-29T08:00,27.7,0.0,0.7
Madurai,gem_seamless,2026-09-29T09:00,29.6,0.0,1.1
Madurai,gem_seamless,2026-09-29T10:00,31.2,0.0,1.8
Madurai,gem_seamless,2026-09-29T11:00,32.5,0.0,1.8
Madurai,gem_seamless,2026-09-29T12:00,33.5,0.0,1.1
Madurai,gem_seamless,2026-09-29T13:00,34.1,0.0,0.7
Madurai,gem_seamless,2026-09-29T14:00,34.5,0.0,1.1
Madurai,gem_seamless,2026-09-29T15:00,34.8,0.0,3.2
Madurai,gem_seamless,2026-09-29T16:00,33.2,0.1,9.0
Madurai,gem_seamless,2026-09-29T17:00,28.6,3.8,7.6
Madurai,gem_seamless,2026-09-29T18:00,26.8,5.5,5.8
Madurai,gem_seamless,2026-09-29T19:00,25.4,6.1,11.5
Madurai,gem_seamless,2026-09-29T20:00,24.1,4.3,10.4
Madurai,gem_seamless,2026-09-29T21:00,23.7,4.5,11.9
Madurai,gem_seamless,2026-09-29T22:00,23.2,0.7,16.2
Madurai,gem_seamless,2026-09-29T23:00,22.9,0.1,16.2
Raipur,ecmwf_ifs025,2026-09-27T00:00,23.6,0.0,10.0
Raipur,ecmwf_ifs025,2026-09-27T01:00,23.2,0.0,10.2
Raipur,ecmwf_ifs025,2026-09-27T02:00,22.9,0.0,10.2
Raipur,ecmwf_ifs025,2026-09-27T03:00,22.4,0.0,10.0
Raipur,ecmwf_ifs025,2026-09-27T04:00,21.9,0.0,9.4
Raipur,ecmwf_ifs025,2026-09-27T05:00,22.0,0.0,9.2
Raipur,ecmwf_ifs025,2026-09-27T06:00,22.9,0.0,9.5
Raipur,ecmwf_ifs025,2026-09-27T07:00,24.4,0.0,10.5
Raipur,ecmwf_ifs025,2026-09-27T08:00,25.9,0.0,11.0
Raipur,ecmwf_ifs025,2026-09-27T09:00,27.1,0.0,10.1
Raipur,ecmwf_ifs025,2026-09-27T10:00,28.2,0.0,8.8
Raipur,ecmwf_ifs025,2026-09-27T11:00,29.2,0.0,7.9
Raipur,ecmwf_ifs025,2026-09-27T12:00,29.9,0.0,7.9
Raipur,ecmwf_ifs025,2026-09-27T13:00,30.5,0.0,8.5
Raipur,ecmwf_ifs025,2026-09-27T14:00,30.6,0.0,8.6
Raipur,ecmwf_ifs025,2026-09-27T15:00,30.1,0.0,7.2
Raipur,ecmwf_ifs025,2026-09-27T16:00,29.1,0.0,5.4
Raipur,ecmwf_ifs025,2026-09-27T17:00,28.2,0.0,5.2
Raipur,ecmwf_ifs025,2026-09-27T18:00,27.3,0.0,6.4
Raipur,ecmwf_ifs025,2026-09-27T19:00,26.5,0.0,7.4
Raipur,ecmwf_ifs025,2026-09-27T20:00,25.8,0.0,8.2
Raipur,ecmwf_ifs025,2026-09-27T21:00,25.2,0.0,7.6
Raipur,ecmwf_ifs025,2026-09-27T22:00,24.6,0.0,6.2
Raipur,ecmwf_ifs025,2026-09-27T23:00,24.1,0.0,5.2
Raipur,ecmwf_ifs025,2026-09-28T00:00,23.7,0.0,4.8
Raipur,ecmwf_ifs025,2026-09-28T01:00,23.3,0.0,4.6
Raipur,ecmwf_ifs025,2026-09-28T02:00,23.0,0.0,4.6
Raipur,ecmwf_ifs025,2026-09-28T03:00,22.6,0.0,5.0
Raipur,ecmwf_ifs025,2026-09-28T04:00,22.3,0.0,5.5
Raipur,ecmwf_ifs025,2026-09-28T05:00,22.5,0.0,5.8
Raipur,ecmwf_ifs025,2026-09-28T06:00,23.5,0.0,5.2
Raipur,ecmwf_ifs025,2026-09-28T07:00,25.0,0.0,4.0
Raipur,ecmwf_ifs025,2026-09-28T08:00,26.4,0.0,3.7
Raipur,ecmwf_ifs025,2026-09-28T09:00,27.8,0.0,4.4
Raipur,ecmwf_ifs025,2026-09-28T10:00,29.1,0.0,5.9
Raipur,ecmwf_ifs025,2026-09-28T11:00,30.1,0.0,6.9
Raipur,ecmwf_ifs025,2026-09-28T12:00,30.7,0.0,7.4
Raipur,ecmwf_ifs025,2026-09-28T13:00,31.0,0.0,7.4
Raipur,ecmwf_ifs025,2026-09-28T14:00,31.0,0.0,7.2
Raipur,ecmwf_ifs025,2026-09-28T15:00,30.6,0.0,6.3
Raipur,ecmwf_ifs025,2026-09-28T16:00,29.9,0.0,4.7
Raipur,ecmwf_ifs025,2026-09-28T17:00,29.1,0.0,3.6
Raipur,ecmwf_ifs025,2026-09-28T18:00,28.1,0.0,3.2
Raipur,ecmwf_ifs025,2026-09-28T19:00,27.0,0.0,3.4
Raipur,ecmwf_ifs025,2026-09-28T20:00,26.0,0.0,4.3
Raipur,ecmwf_ifs025,2026-09-28T21:00,25.4,0.0,4.6
Raipur,ecmwf_ifs025,2026-09-28T22:00,24.9,0.0,5.3
Raipur,ecmwf_ifs025,2026-09-28T23:00,24.4,0.0,6.3
Raipur,ecmwf_ifs025,2026-09-29T00:00,23.8,0.0,6.2
Raipur,ecmwf_ifs025,2026-09-29T01:00,23.3,0.0,5.4
Raipur,ecmwf_ifs025,2026-09-29T02:00,22.8,0.0,5.0
Raipur,ecmwf_ifs025,2026-09-29T03:00,22.4,0.0,5.4
Raipur,ecmwf_ifs025,2026-09-29T04:00,22.0,0.0,5.9
Raipur,ecmwf_ifs025,2026-09-29T05:00,22.2,0.0,6.2
Raipur,ecmwf_ifs025,2026-09-29T06:00,23.3,0.0,6.0
Raipur,ecmwf_ifs025,2026-09-29T07:00,24.9,0.0,5.4
Raipur,ecmwf_ifs025,2026-09-29T08:00,26.5,0.0,5.3
Raipur,ecmwf_ifs025,2026-09-29T09:00,27.9,0.0,5.2
Raipur,ecmwf_ifs025,2026-09-29T10:00,29.3,0.0,4.8
Raipur,ecmwf_ifs025,2026-09-29T11:00,30.4,0.0,4.5
Raipur,ecmwf_ifs025,2026-09-29T12:00,31.1,0.0,5.2
Raipur,ecmwf_ifs025,2026-09-29T13:00,31.5,0.0,5.9
Raipur,ecmwf_ifs025,2026-09-29T14:00,31.5,0.0,6.1
Raipur,ecmwf_ifs025,2026-09-29T15:00,31.0,0.0,4.8
Raipur,ecmwf_ifs025,2026-09-29T16:00,30.2,0.0,2.8
Raipur,ecmwf_ifs025,2026-09-29T17:00,29.1,0.0,1.0
Raipur,ecmwf_ifs025,2026-09-29T18:00,27.9,0.0,1.6
Raipur,ecmwf_ifs025,2026-09-29T19:00,26.5,0.0,3.9
Raipur,ecmwf_ifs025,2026-09-29T20:00,25.3,0.0,5.2
Raipur,ecmwf_ifs025,2026-09-29T21:00,24.7,0.0,4.3
Raipur,ecmwf_ifs025,2026-09-29T22:00,24.3,0.0,4.7
Raipur,ecmwf_ifs025,2026-09-29T23:00,23.9,0.0,5.8
Raipur,gfs_seamless,2026-09-27T00:00,22.6,0.0,11.8
Raipur,gfs_seamless,2026-09-27T01:00,22.4,0.0,11.5
Raipur,gfs_seamless,2026-09-27T02:00,22.2,0.0,11.7
Raipur,gfs_seamless,2026-09-27T03:00,22.0,0.0,10.8
Raipur,gfs_seamless,2026-09-27T04:00,21.9,0.0,10.7
Raipur,gfs_seamless,2026-09-27T05:00,21.8,0.0,9.5
Raipur,gfs_seamless,2026-09-27T06:00,22.2,0.0,9.4
Raipur,gfs_seamless,2026-09-27T07:00,24.0,0.0,13.5
Raipur,gfs_seamless,2026-09-27T08:00,25.7,0.0,14.2
Raipur,gfs_seamless,2026-09-27T09:00,27.1,0.0,14.5
Raipur,gfs_seamless,2026-09-27T10:00,28.2,0.6,15.3
Raipur,gfs_seamless,2026-09-27T11:00,29.3,0.9,14.9
Raipur,gfs_seamless,2026-09-27T12:00,30.0,0.9,15.3
Raipur,gfs_seamless,2026-09-27T13:00,30.5,0.5,12.8
Raipur,gfs_seamless,2026-09-27T14:00,31.0,0.0,10.0
Raipur,gfs_seamless,2026-09-27T15:00,30.5,0.1,9.4
Raipur,gfs_seamless,2026-09-27T16:00,27.9,0.3,10.9
Raipur,gfs_seamless,2026-09-27T17:00,26.6,0.2,12.4
Raipur,gfs_seamless,2026-09-27T18:00,25.7,0.0,12.8
Raipur,gfs_seamless,2026-09-27T19:00,25.0,0.0,11.5
Raipur,gfs_seamless,2026-09-27T20:00,24.4,0.0,11.5
Raipur,gfs_seamless,2026-09-27T21:00,24.2,0.0,10.0
Raipur,gfs_seamless,2026-09-27T22:00,23.9,0.0,9.8
Raipur,gfs_seamless,2026-09-27T23:00,23.5,0.0,9.1
Raipur,gfs_seamless,2026-09-28T00:00,23.2,0.0,9.9
Raipur,gfs_seamless,2026-09-28T01:00,22.9,0.0,10.0
Raipur,gfs_seamless,2026-09-28T02:00,22.7,0.0,10.1
Raipur,gfs_seamless,2026-09-28T03:00,22.6,0.0,9.3
Raipur,gfs_seamless,2026-09-28T04:00,22.5,0.0,9.1
Raipur,gfs_seamless,2026-09-28T05:00,22.3,0.0,8.6
Raipur,gfs_seamless,2026-09-28T06:00,22.7,0.0,7.7
Raipur,gfs_seamless,2026-09-28T07:00,24.5,0.0,7.2
Raipur,gfs_seamless,2026-09-28T08:00,26.2,0.0,9.0
Raipur,gfs_seamless,2026-09-28T09:00,27.6,0.0,10.9
Raipur,gfs_seamless,2026-09-28T10:00,28.7,0.0,11.6
Raipur,gfs_seamless,2026-09-28T11:00,29.6,0.0,11.6
Raipur,gfs_seamless,2026-09-28T12:00,30.4,0.0,11.2
Raipur,gfs_seamless,2026-09-28T13:00,30.8,0.0,10.2
Raipur,gfs_seamless,2026-09-28T14:00,31.2,0.0,8.3
Raipur,gfs_seamless,2026-09-28T15:00,31.4,0.0,5.6
Raipur,gfs_seamless,2026-09-28T16:00,31.5,0.0,0.5
Raipur,gfs_seamless,2026-09-28T17:00,28.7,0.0,4.8
Raipur,gfs_seamless,2026-09-28T18:00,26.7,0.0,9.2
Raipur,gfs_seamless,2026-09-28T19:00,25.6,0.0,10.5
Raipur,gfs_seamless,2026-09-28T20:00,25.5,0.0,9.1
Raipur,gfs_seamless,2026-09-28T21:00,25.6,0.0,9.2
Raipur,gfs_seamless,2026-09-28T22:00,25.3,0.0,9.2
Raipur,gfs_seamless,2026-09-28T23:00,24.8,0.0,9.9
Raipur,gfs_seamless,2026-09-29T00:00,23.9,0.0,9.7
Raipur,gfs_seamless,2026-09-29T01:00,23.6,0.0,9.2
Raipur,gfs_seamless,2026-09-29T02:00,23.3,0.0,8.0
Raipur,gfs_seamless,2026-09-29T03:00,23.1,0.0,8.0
Raipur,gfs_seamless,2026-09-29T04:00,22.8,0.0,7.6
Raipur,gfs_seamless,2026-09-29T05:00,22.7,0.0,6.5
Raipur,gfs_seamless,2026-09-29T06:00,23.0,0.0,6.6
Raipur,gfs_seamless,2026-09-29T07:00,24.8,0.0,6.6
Raipur,gfs_seamless,2026-09-29T08:00,26.5,0.0,7.1
Raipur,gfs_seamless,2026-09-29T09:00,27.8,0.0,7.0
Raipur,gfs_seamless,2026-09-29T10:00,29.0,0.0,6.5
Raipur,gfs_seamless,2026-09-29T11:00,29.9,0.0,7.4
Raipur,gfs_seamless,2026-09-29T12:00,30.6,0.0,8.3
Raipur,gfs_seamless,2026-09-29T13:00,31.1,0.0,8.9
Raipur,gfs_seamless,2026-09-29T14:00,31.3,0.0,8.1
Raipur,gfs_seamless,2026-09-29T15:00,31.5,0.0,6.4
Raipur,gfs_seamless,2026-09-29T16:00,31.5,0.0,2.8
Raipur,gfs_seamless,2026-09-29T17:00,28.9,0.0,3.7
Raipur,gfs_seamless,2026-09-29T18:00,27.1,0.0,8.8
Raipur,gfs_seamless,2026-09-29T19:00,25.9,0.0,12.0
Raipur,gfs_seamless,2026-09-29T20:00,25.6,0.0,11.6
Raipur,gfs_seamless,2026-09-29T21:00,25.7,0.0,10.7
Raipur,gfs_seamless,2026-09-29T22:00,26.0,0.0,10.0
Raipur,gfs_seamless,2026-09-29T23:00,25.7,0.0,9.8
Raipur,icon_seamless,2026-09-27T00:00,24.1,0.0,5.9
Raipur,icon_seamless,2026-09-27T01:00,24.2,0.0,5.7
Raipur,icon_seamless,2026-09-27T02:00,24.0,0.0,5.3
Raipur,icon_seamless,2026-09-27T03:00,23.9,0.0,4.9
Raipur,icon_seamless,2026-09-27T04:00,23.8,0.0,4.8
Raipur,icon_seamless,2026-09-27T05:00,23.4,0.0,4.8
Raipur,icon_seamless,2026-09-27T06:00,23.5,0.0,4.8
Raipur,icon_seamless,2026-09-27T07:00,24.8,0.0,5.5
Raipur,icon_seamless,2026-09-27T08:00,26.6,0.0,6.7
Raipur,icon_seamless,2026-09-27T09:00,28.3,0.0,8.0
Raipur,icon_seamless,2026-09-27T10:00,29.5,0.0,8.1
Raipur,icon_seamless,2026-09-27T11:00,30.3,0.0,7.1
Raipur,icon_seamless,2026-09-27T12:00,31.0,0.0,6.4
Raipur,icon_seamless,2026-09-27T13:00,31.6,0.0,5.9
Raipur,icon_seamless,2026-09-27T14:00,31.7,0.0,6.2
Raipur,icon_seamless,2026-09-27T15:00,31.6,0.0,5.6
Raipur,icon_seamless,2026-09-27T16:00,31.0,0.0,4.1
Raipur,icon_seamless,2026-09-27T17:00,29.3,0.1,5.9
Raipur,icon_seamless,2026-09-27T18:00,27.0,0.7,3.6
Raipur,icon_seamless,2026-09-27T19:00,26.7,0.0,3.0
Raipur,icon_seamless,2026-09-27T20:00,26.1,0.0,3.7
Raipur,icon_seamless,2026-09-27T21:00,25.6,0.0,2.9
Raipur,icon_seamless,2026-09-27T22:00,25.3,0.0,2.7
Raipur,icon_seamless,2026-09-27T23:00,25.0,0.0,3.0
Raipur,icon_seamless,2026-09-28T00:00,24.7,0.0,2.9
Raipur,icon_seamless,2026-09-28T01:00,24.5,0.0,2.9
Raipur,icon_seamless,2026-09-28T02:00,24.2,0.0,2.9
Raipur,icon_seamless,2026-09-28T03:00,24.0,0.0,2.9
Raipur,icon_seamless,2026-09-28T04:00,23.8,0.0,2.5
Raipur,icon_seamless,2026-09-28T05:00,23.7,0.0,1.8
Raipur,icon_seamless,2026-09-28T06:00,23.7,0.0,1.9
Raipur,icon_seamless,2026-09-28T07:00,25.1,0.0,2.2
Raipur,icon_seamless,2026-09-28T08:00,27.1,0.0,2.7
Raipur,icon_seamless,2026-09-28T09:00,29.0,0.0,4.5
Raipur,icon_seamless,2026-09-28T10:00,30.1,0.0,7.0
Raipur,icon_seamless,2026-09-28T11:00,30.9,0.0,7.0
Raipur,icon_seamless,2026-09-28T12:00,31.7,0.0,7.2
Raipur,icon_seamless,2026-09-28T13:00,32.1,0.0,6.8
Raipur,icon_seamless,2026-09-28T14:00,32.3,0.0,6.2
Raipur,icon_seamless,2026-09-28T15:00,32.0,0.0,5.4
Raipur,icon_seamless,2026-09-28T16:00,31.4,0.0,4.7
Raipur,icon_seamless,2026-09-28T17:00,30.2,0.0,2.9
Raipur,icon_seamless,2026-09-28T18:00,29.1,0.0,1.8
Raipur,icon_seamless,2026-09-28T19:00,28.4,0.0,0.8
Raipur,icon_seamless,2026-09-28T20:00,27.8,0.0,3.2
Raipur,icon_seamless,2026-09-28T21:00,27.1,0.0,2.9
Raipur,icon_seamless,2026-09-28T22:00,26.5,0.0,3.1
Raipur,icon_seamless,2026-09-28T23:00,26.2,0.0,2.9
Raipur,icon_seamless,2026-09-29T00:00,25.9,0.0,2.5
Raipur,icon_seamless,2026-09-29T01:00,25.7,0.0,2.4
Raipur,icon_seamless,2026-09-29T02:00,25.5,0.0,3.1
Raipur,icon_seamless,2026-09-29T03:00,25.2,0.0,3.6
Raipur,icon_seamless,2026-09-29T04:00,24.9,0.0,3.7
Raipur,icon_seamless,2026-09-29T05:00,24.6,0.0,3.4
Raipur,icon_seamless,2026-09-29T06:00,24.4,0.0,3.2
Raipur,icon_seamless,2026-09-29T07:00,25.4,0.0,3.5
Raipur,icon_seamless,2026-09-29T08:00,27.1,0.0,4.5
Raipur,icon_seamless,2026-09-29T09:00,28.7,0.0,4.4
Raipur,icon_seamless,2026-09-29T10:00,30.2,0.0,4.7
Raipur,icon_seamless,2026-09-29T11:00,31.3,0.0,4.3
Raipur,icon_seamless,2026-09-29T12:00,32.1,0.0,4.6
Raipur,icon_seamless,2026-09-29T13:00,32.3,0.0,5.4
Raipur,icon_seamless,2026-09-29T14:00,32.1,0.0,5.9
Raipur,icon_seamless,2026-09-29T15:00,31.7,0.0,5.9
Raipur,icon_seamless,2026-09-29T16:00,31.0,0.0,5.0
Raipur,icon_seamless,2026-09-29T17:00,29.8,0.0,2.8
Raipur,icon_seamless,2026-09-29T18:00,28.7,0.0,2.5
Raipur,icon_seamless,2026-09-29T19:00,27.7,0.0,3.4
Raipur,icon_seamless,2026-09-29T20:00,26.8,0.0,3.6
Raipur,icon_seamless,2026-09-29T21:00,26.2,0.0,3.6
Raipur,icon_seamless,2026-09-29T22:00,25.6,0.0,4.3
Raipur,icon_seamless,2026-09-29T23:00,24.9,0.0,4.0
Raipur,gem_seamless,2026-09-27T00:00,22.1,0.0,10.4
Raipur,gem_seamless,2026-09-27T01:00,22.3,0.0,17.6
Raipur,gem_seamless,2026-09-27T02:00,22.3,0.0,9.7
Raipur,gem_seamless,2026-09-27T03:00,22.4,0.0,9.7
Raipur,gem_seamless,2026-09-27T04:00,22.6,0.0,9.0
Raipur,gem_seamless,2026-09-27T05:00,22.5,0.0,6.5
Raipur,gem_seamless,2026-09-27T06:00,22.5,0.0,9.4
Raipur,gem_seamless,2026-09-27T07:00,23.8,0.0,10.1
Raipur,gem_seamless,2026-09-27T08:00,25.9,0.0,11.5
Raipur,gem_seamless,2026-09-27T09:00,27.5,0.0,13.0
Raipur,gem_seamless,2026-09-27T10:00,28.6,0.0,11.9
Raipur,gem_seamless,2026-09-27T11:00,29.6,0.0,10.1
Raipur,gem_seamless,2026-09-27T12:00,30.0,0.0,8.3
Raipur,gem_seamless,2026-09-27T13:00,30.5,0.0,6.8
Raipur,gem_seamless,2026-09-27T14:00,30.7,0.0,4.7
Raipur,gem_seamless,2026-09-27T15:00,30.4,0.1,7.6
Raipur,gem_seamless,2026-09-27T16:00,24.3,5.7,16.9
Raipur,gem_seamless,2026-09-27T17:00,23.1,6.3,4.0
Raipur,gem_seamless,2026-09-27T18:00,22.8,1.1,11.2
Raipur,gem_seamless,2026-09-27T19:00,22.7,0.0,10.4
Raipur,gem_seamless,2026-09-27T20:00,22.5,0.0,9.0
Raipur,gem_seamless,2026-09-27T21:00,22.4,0.0,8.3
Raipur,gem_seamless,2026-09-27T22:00,22.1,0.0,7.2
Raipur,gem_seamless,2026-09-27T23:00,22.0,0.0,7.2
Raipur,gem_seamless,2026-09-28T00:00,21.8,0.0,6.5
Raipur,gem_seamless,2026-09-28T01:00,21.6,0.0,4.7
Raipur,gem_seamless,2026-09-28T02:00,21.3,0.0,2.9
Raipur,gem_seamless,2026-09-28T03:00,21.2,0.0,1.4
Raipur,gem_seamless,2026-09-28T04:00,20.8,0.0,1.4
Raipur,gem_seamless,2026-09-28T05:00,20.6,0.0,2.9
Raipur,gem_seamless,2026-09-28T06:00,20.8,0.0,5.0
Raipur,gem_seamless,2026-09-28T07:00,22.0,0.0,5.8
Raipur,gem_seamless,2026-09-28T08:00,23.5,0.0,5.8
Raipur,gem_seamless,2026-09-28T09:00,25.3,0.0,6.5
Raipur,gem_seamless,2026-09-28T10:00,27.7,0.0,6.5
Raipur,gem_seamless,2026-09-28T11:00,29.3,0.0,6.5
Raipur,gem_seamless,2026-09-28T12:00,30.2,0.0,5.0
Raipur,gem_seamless,2026-09-28T13:00,30.7,0.0,4.0
Raipur,gem_seamless,2026-09-28T14:00,31.1,0.0,4.0
Raipur,gem_seamless,2026-09-28T15:00,31.1,0.0,4.0
Raipur,gem_seamless,2026-09-28T16:00,30.8,0.0,3.2
Raipur,gem_seamless,2026-09-28T17:00,29.5,0.0,2.9
Raipur,gem_seamless,2026-09-28T18:00,27.1,0.0,4.0
Raipur,gem_seamless,2026-09-28T19:00,25.6,0.0,4.3
Raipur,gem_seamless,2026-09-28T20:00,24.8,0.0,4.3
Raipur,gem_seamless,2026-09-28T21:00,24.1,0.0,5.0
Raipur,gem_seamless,2026-09-28T22:00,23.5,0.0,4.7
Raipur,gem_seamless,2026-09-28T23:00,23.1,0.0,1.4
Raipur,gem_seamless,2026-09-29T00:00,23.0,0.0,0.7
Raipur,gem_seamless,2026-09-29T01:00,22.8,0.0,3.6
Raipur,gem_seamless,2026-09-29T02:00,22.3,0.0,4.7
Raipur,gem_seamless,2026-09-29T03:00,21.7,0.0,4.7
Raipur,gem_seamless,2026-09-29T04:00,21.2,0.0,4.3
Raipur,gem_seamless,2026-09-29T05:00,20.8,0.0,3.6
Raipur,gem_seamless,2026-09-29T06:00,20.9,0.0,3.6
Raipur,gem_seamless,2026-09-29T07:00,21.5,0.0,1.8
Raipur,gem_seamless,2026-09-29T08:00,23.2,0.0,1.4
Raipur,gem_seamless,2026-09-29T09:00,25.5,0.0,1.1
Raipur,gem_seamless,2026-09-29T10:00,27.8,0.0,0.7
Raipur,gem_seamless,2026-09-29T11:00,29.9,0.0,1.4
Raipur,gem_seamless,2026-09-29T12:00,30.8,0.0,2.5
Raipur,gem_seamless,2026-09-29T13:00,31.3,0.0,4.0
Raipur,gem_seamless,2026-09-29T14:00,31.5,0.0,4.7
Raipur,gem_seamless,2026-09-29T15:00,31.5,0.0,4.3
Raipur,gem_seamless,2026-09-29T16:00,31.1,0.0,3.2
Raipur,gem_seamless,2026-09-29T17:00,29.4,0.0,1.8
Raipur,gem_seamless,2026-09-29T18:00,27.2,0.0,2.5
Raipur,gem_seamless,2026-09-29T19:00,25.8,0.0,4.3
Raipur,gem_seamless,2026-09-29T20:00,24.5,0.0,5.0
Raipur,gem_seamless,2026-09-29T21:00,23.7,0.0,5.8
Raipur,gem_seamless,2026-09-29T22:00,23.2,0.0,5.0
Raipur,gem_seamless,2026-09-29T23:00,22.8,0.0,4.3
Kota,ecmwf_ifs025,2026-09-27T00:00,25.2,0.0,11.9
Kota,ecmwf_ifs025,2026-09-27T01:00,25.8,0.0,13.6
Kota,ecmwf_ifs025,2026-09-27T02:00,26.0,0.0,14.3
Kota,ecmwf_ifs025,2026-09-27T03:00,25.7,0.0,12.9
Kota,ecmwf_ifs025,2026-09-27T04:00,25.2,0.0,9.9
Kota,ecmwf_ifs025,2026-09-27T05:00,24.9,0.0,8.5
Kota,ecmwf_ifs025,2026-09-27T06:00,25.2,0.0,9.9
Kota,ecmwf_ifs025,2026-09-27T07:00,25.9,0.0,11.9
Kota,ecmwf_ifs025,2026-09-27T08:00,26.7,0.0,13.3
Kota,ecmwf_ifs025,2026-09-27T09:00,27.9,0.0,12.6
Kota,ecmwf_ifs025,2026-09-27T10:00,29.3,0.0,11.7
Kota,ecmwf_ifs025,2026-09-27T11:00,30.5,0.0,11.5
Kota,ecmwf_ifs025,2026-09-27T12:00,31.2,0.0,11.9
Kota,ecmwf_ifs025,2026-09-27T13:00,31.7,0.0,11.9
Kota,ecmwf_ifs025,2026-09-27T14:00,31.8,0.0,11.5
Kota,ecmwf_ifs025,2026-09-27T15:00,31.6,0.0,9.4
Kota,ecmwf_ifs025,2026-09-27T16:00,31.1,0.0,6.9
Kota,ecmwf_ifs025,2026-09-27T17:00,30.4,0.0,5.4
Kota,ecmwf_ifs025,2026-09-27T18:00,29.6,0.0,7.2
Kota,ecmwf_ifs025,2026-09-27T19:00,28.6,0.0,10.4
Kota,ecmwf_ifs025,2026-09-27T20:00,27.7,0.0,12.7
Kota,ecmwf_ifs025,2026-09-27T21:00,27.1,0.0,12.5
Kota,ecmwf_ifs025,2026-09-27T22:00,26.6,0.0,11.8
Kota,ecmwf_ifs025,2026-09-27T23:00,26.1,0.0,11.0
Kota,ecmwf_ifs025,2026-09-28T00:00,25.6,0.0,10.0
Kota,ecmwf_ifs025,2026-09-28T01:00,25.0,0.0,9.2
Kota,ecmwf_ifs025,2026-09-28T02:00,24.6,0.0,8.8
Kota,ecmwf_ifs025,2026-09-28T03:00,24.3,0.0,9.0
Kota,ecmwf_ifs025,2026-09-28T04:00,24.3,0.0,9.8
Kota,ecmwf_ifs025,2026-09-28T05:00,24.5,0.0,10.7
Kota,ecmwf_ifs025,2026-09-28T06:00,25.0,0.0,10.7
Kota,ecmwf_ifs025,2026-09-28T07:00,25.8,0.0,10.6
Kota,ecmwf_ifs025,2026-09-28T08:00,26.8,0.0,10.2
Kota,ecmwf_ifs025,2026-09-28T09:00,28.1,0.0,10.2
Kota,ecmwf_ifs025,2026-09-28T10:00,29.5,0.0,10.4
Kota,ecmwf_ifs025,2026-09-28T11:00,30.7,0.0,10.2
Kota,ecmwf_ifs025,2026-09-28T12:00,31.4,0.0,9.3
Kota,ecmwf_ifs025,2026-09-28T13:00,31.9,0.0,7.6
Kota,ecmwf_ifs025,2026-09-28T14:00,31.9,0.0,5.4
Kota,ecmwf_ifs025,2026-09-28T15:00,31.3,0.0,1.5
Kota,ecmwf_ifs025,2026-09-28T16:00,30.2,0.0,4.6
Kota,ecmwf_ifs025,2026-09-28T17:00,29.2,0.0,7.1
Kota,ecmwf_ifs025,2026-09-28T18:00,28.4,0.0,5.1
Kota,ecmwf_ifs025,2026-09-28T19:00,27.6,0.0,0.7
Kota,ecmwf_ifs025,2026-09-28T20:00,26.8,0.0,2.3
Kota,ecmwf_ifs025,2026-09-28T21:00,25.7,0.0,2.3
Kota,ecmwf_ifs025,2026-09-28T22:00,24.7,0.0,6.1
Kota,ecmwf_ifs025,2026-09-28T23:00,23.9,0.0,8.4
Kota,ecmwf_ifs025,2026-09-29T00:00,23.6,0.0,6.5
Kota,ecmwf_ifs025,2026-09-29T01:00,23.6,0.0,4.1
Kota,ecmwf_ifs025,2026-09-29T02:00,23.6,0.0,5.4
Kota,ecmwf_ifs025,2026-09-29T03:00,23.3,0.0,5.9
Kota,ecmwf_ifs025,2026-09-29T04:00,22.9,0.0,5.1
Kota,ecmwf_ifs025,2026-09-29T05:00,22.9,0.0,5.1
Kota,ecmwf_ifs025,2026-09-29T06:00,23.6,0.0,5.9
Kota,ecmwf_ifs025,2026-09-29T07:00,24.8,0.0,7.3
Kota,ecmwf_ifs025,2026-09-29T08:00,26.1,0.0,8.3
Kota,ecmwf_ifs025,2026-09-29T09:00,27.6,0.0,9.5
Kota,ecmwf_ifs025,2026-09-29T10:00,29.3,0.0,10.7
Kota,ecmwf_ifs025,2026-09-29T11:00,30.6,0.0,11.5
Kota,ecmwf_ifs025,2026-09-29T12:00,31.4,0.0,10.8
Kota,ecmwf_ifs025,2026-09-29T13:00,31.9,0.0,9.2
Kota,ecmwf_ifs025,2026-09-29T14:00,32.0,0.0,7.7
Kota,ecmwf_ifs025,2026-09-29T15:00,31.7,0.0,6.3
Kota,ecmwf_ifs025,2026-09-29T16:00,31.0,0.0,5.1
Kota,ecmwf_ifs025,2026-09-29T17:00,30.3,0.0,4.0
Kota,ecmwf_ifs025,2026-09-29T18:00,29.4,0.0,3.3
Kota,ecmwf_ifs025,2026-09-29T19:00,28.4,0.0,2.7
Kota,ecmwf_ifs025,2026-09-29T20:00,27.4,0.0,3.3
Kota,ecmwf_ifs025,2026-09-29T21:00,26.4,0.0,4.4
Kota,ecmwf_ifs025,2026-09-29T22:00,25.5,0.0,5.5
Kota,ecmwf_ifs025,2026-09-29T23:00,24.8,0.0,6.5
Kota,gfs_seamless,2026-09-27T00:00,25.5,0.0,1.5
Kota,gfs_seamless,2026-09-27T01:00,25.5,0.0,4.3
Kota,gfs_seamless,2026-09-27T02:00,25.7,0.0,11.9
Kota,gfs_seamless,2026-09-27T03:00,25.3,0.0,15.4
Kota,gfs_seamless,2026-09-27T04:00,24.9,0.0,16.7
Kota,gfs_seamless,2026-09-27T05:00,24.4,0.0,17.7
Kota,gfs_seamless,2026-09-27T06:00,24.3,0.0,17.8
Kota,gfs_seamless,2026-09-27T07:00,25.1,0.0,16.3
Kota,gfs_seamless,2026-09-27T08:00,26.8,0.0,14.3
Kota,gfs_seamless,2026-09-27T09:00,28.4,0.0,14.5
Kota,gfs_seamless,2026-09-27T10:00,29.9,0.0,15.5
Kota,gfs_seamless,2026-09-27T11:00,31.2,0.0,16.3
Kota,gfs_seamless,2026-09-27T12:00,32.3,0.0,16.5
Kota,gfs_seamless,2026-09-27T13:00,33.1,0.0,17.2
Kota,gfs_seamless,2026-09-27T14:00,33.6,0.0,17.4
Kota,gfs_seamless,2026-09-27T15:00,33.7,0.0,16.6
Kota,gfs_seamless,2026-09-27T16:00,33.4,0.0,15.3
Kota,gfs_seamless,2026-09-27T17:00,31.6,0.0,14.9
Kota,gfs_seamless,2026-09-27T18:00,29.7,0.0,16.8
Kota,gfs_seamless,2026-09-27T19:00,29.1,0.0,20.9
Kota,gfs_seamless,2026-09-27T20:00,28.5,0.0,24.5
Kota,gfs_seamless,2026-09-27T21:00,27.9,0.0,30.9
Kota,gfs_seamless,2026-09-27T22:00,27.2,0.0,29.6
Kota,gfs_seamless,2026-09-27T23:00,26.8,0.0,24.9
Kota,gfs_seamless,2026-09-28T00:00,26.4,0.0,22.0
Kota,gfs_seamless,2026-09-28T01:00,25.4,0.0,13.0
Kota,gfs_seamless,2026-09-28T02:00,24.8,0.0,11.0
Kota,gfs_seamless,2026-09-28T03:00,24.4,0.0,10.2
Kota,gfs_seamless,2026-09-28T04:00,24.2,0.0,11.4
Kota,gfs_seamless,2026-09-28T05:00,23.9,0.0,12.9
Kota,gfs_seamless,2026-09-28T06:00,23.5,0.0,13.8
Kota,gfs_seamless,2026-09-28T07:00,24.1,0.0,15.4
Kota,gfs_seamless,2026-09-28T08:00,26.2,0.0,19.7
Kota,gfs_seamless,2026-09-28T09:00,28.3,0.0,21.1
Kota,gfs_seamless,2026-09-28T10:00,30.1,0.0,20.3
Kota,gfs_seamless,2026-09-28T11:00,31.5,0.0,18.7
Kota,gfs_seamless,2026-09-28T12:00,32.6,0.0,18.2
Kota,gfs_seamless,2026-09-28T13:00,33.3,0.0,17.7
Kota,gfs_seamless,2026-09-28T14:00,33.7,0.0,17.1
Kota,gfs_seamless,2026-09-28T15:00,33.6,0.0,17.4
Kota,gfs_seamless,2026-09-28T16:00,33.1,0.0,15.5
Kota,gfs_seamless,2026-09-28T17:00,31.1,0.0,12.3
Kota,gfs_seamless,2026-09-28T18:00,29.1,0.0,14.3
Kota,gfs_seamless,2026-09-28T19:00,28.1,0.0,16.6
Kota,gfs_seamless,2026-09-28T20:00,27.8,0.0,19.4
Kota,gfs_seamless,2026-09-28T21:00,27.3,0.0,23.2
Kota,gfs_seamless,2026-09-28T22:00,26.7,0.0,25.5
Kota,gfs_seamless,2026-09-28T23:00,26.0,0.0,19.9
Kota,gfs_seamless,2026-09-29T00:00,25.4,0.0,16.8
Kota,gfs_seamless,2026-09-29T01:00,25.1,0.0,16.9
Kota,gfs_seamless,2026-09-29T02:00,24.8,0.0,16.0
Kota,gfs_seamless,2026-09-29T03:00,24.4,0.0,14.4
Kota,gfs_seamless,2026-09-29T04:00,23.9,0.0,11.8
Kota,gfs_seamless,2026-09-29T05:00,23.9,0.0,9.7
Kota,gfs_seamless,2026-09-29T06:00,23.6,0.0,9.7
Kota,gfs_seamless,2026-09-29T07:00,24.5,0.0,12.3
Kota,gfs_seamless,2026-09-29T08:00,25.5,0.0,10.9
Kota,gfs_seamless,2026-09-29T09:00,28.9,0.0,13.3
Kota,gfs_seamless,2026-09-29T10:00,30.9,0.0,13.9
Kota,gfs_seamless,2026-09-29T11:00,32.3,0.0,13.2
Kota,gfs_seamless,2026-09-29T12:00,33.3,0.0,12.5
Kota,gfs_seamless,2026-09-29T13:00,34.0,0.0,12.2
Kota,gfs_seamless,2026-09-29T14:00,34.4,0.0,12.1
Kota,gfs_seamless,2026-09-29T15:00,34.4,0.0,11.3
Kota,gfs_seamless,2026-09-29T16:00,34.1,0.0,11.5
Kota,gfs_seamless,2026-09-29T17:00,32.0,0.0,12.6
Kota,gfs_seamless,2026-09-29T18:00,30.1,0.0,15.4
Kota,gfs_seamless,2026-09-29T19:00,29.4,0.0,14.5
Kota,gfs_seamless,2026-09-29T20:00,28.5,0.0,8.7
Kota,gfs_seamless,2026-09-29T21:00,27.5,0.0,8.3
Kota,gfs_seamless,2026-09-29T22:00,26.6,0.0,13.0
Kota,gfs_seamless,2026-09-29T23:00,26.4,0.0,12.3
Kota,icon_seamless,2026-09-27T00:00,25.6,0.0,3.5
Kota,icon_seamless,2026-09-27T01:00,25.5,0.0,4.3
Kota,icon_seamless,2026-09-27T02:00,25.3,0.0,7.4
Kota,icon_seamless,2026-09-27T03:00,25.1,0.0,8.6
Kota,icon_seamless,2026-09-27T04:00,24.8,0.0,5.9
Kota,icon_seamless,2026-09-27T05:00,24.4,0.0,5.4
Kota,icon_seamless,2026-09-27T06:00,24.3,0.0,5.1
Kota,icon_seamless,2026-09-27T07:00,24.8,0.0,6.4
Kota,icon_seamless,2026-09-27T08:00,26.0,0.0,9.9
Kota,icon_seamless,2026-09-27T09:00,27.2,0.0,11.9
Kota,icon_seamless,2026-09-27T10:00,28.6,0.0,12.4
Kota,icon_seamless,2026-09-27T11:00,29.8,0.0,11.9
Kota,icon_seamless,2026-09-27T12:00,30.8,0.0,11.3
Kota,icon_seamless,2026-09-27T13:00,31.6,0.0,10.3
Kota,icon_seamless,2026-09-27T14:00,32.1,0.0,9.2
Kota,icon_seamless,2026-09-27T15:00,32.3,0.0,8.9
Kota,icon_seamless,2026-09-27T16:00,32.0,0.0,8.4
Kota,icon_seamless,2026-09-27T17:00,31.2,0.0,7.7
Kota,icon_seamless,2026-09-27T18:00,29.7,0.0,6.5
Kota,icon_seamless,2026-09-27T19:00,28.4,0.0,7.6
Kota,icon_seamless,2026-09-27T20:00,27.6,0.0,8.0
Kota,icon_seamless,2026-09-27T21:00,26.9,0.0,6.7
Kota,icon_seamless,2026-09-27T22:00,26.3,0.0,7.3
Kota,icon_seamless,2026-09-27T23:00,25.9,0.0,7.0
Kota,icon_seamless,2026-09-28T00:00,25.5,0.0,6.6
Kota,icon_seamless,2026-09-28T01:00,25.3,0.0,6.9
Kota,icon_seamless,2026-09-28T02:00,25.0,0.0,6.7
Kota,icon_seamless,2026-09-28T03:00,24.7,0.0,7.3
Kota,icon_seamless,2026-09-28T04:00,24.5,0.0,6.9
Kota,icon_seamless,2026-09-28T05:00,24.2,0.0,5.9
Kota,icon_seamless,2026-09-28T06:00,23.9,0.0,5.8
Kota,icon_seamless,2026-09-28T07:00,24.5,0.0,5.6
Kota,icon_seamless,2026-09-28T08:00,26.1,0.0,6.6
Kota,icon_seamless,2026-09-28T09:00,27.9,0.0,7.5
Kota,icon_seamless,2026-09-28T10:00,29.5,0.0,8.7
Kota,icon_seamless,2026-09-28T11:00,30.7,0.0,8.6
Kota,icon_seamless,2026-09-28T12:00,31.5,0.0,7.9
Kota,icon_seamless,2026-09-28T13:00,32.1,0.0,7.2
Kota,icon_seamless,2026-09-28T14:00,32.5,0.0,6.8
Kota,icon_seamless,2026-09-28T15:00,32.5,0.0,6.5
Kota,icon_seamless,2026-09-28T16:00,32.2,0.0,5.9
Kota,icon_seamless,2026-09-28T17:00,31.6,0.0,4.1
Kota,icon_seamless,2026-09-28T18:00,30.4,0.0,1.9
Kota,icon_seamless,2026-09-28T19:00,29.2,0.0,3.4
Kota,icon_seamless,2026-09-28T20:00,27.9,0.0,3.7
Kota,icon_seamless,2026-09-28T21:00,26.9,0.0,4.3
Kota,icon_seamless,2026-09-28T22:00,26.4,0.0,4.2
Kota,icon_seamless,2026-09-28T23:00,26.1,0.0,3.9
Kota,icon_seamless,2026-09-29T00:00,25.8,0.0,4.5
Kota,icon_seamless,2026-09-29T01:00,25.4,0.0,4.8
Kota,icon_seamless,2026-09-29T02:00,24.9,0.0,5.2
Kota,icon_seamless,2026-09-29T03:00,24.5,0.0,5.7
Kota,icon_seamless,2026-09-29T04:00,24.1,0.0,4.8
Kota,icon_seamless,2026-09-29T05:00,23.8,0.0,4.0
Kota,icon_seamless,2026-09-29T06:00,23.5,0.0,3.6
Kota,icon_seamless,2026-09-29T07:00,24.0,0.0,4.3
Kota,icon_seamless,2026-09-29T08:00,25.7,0.0,5.6
Kota,icon_seamless,2026-09-29T09:00,27.5,0.0,7.4
Kota,icon_seamless,2026-09-29T10:00,29.1,0.0,7.7
Kota,icon_seamless,2026-09-29T11:00,30.6,0.0,8.4
Kota,icon_seamless,2026-09-29T12:00,31.7,0.0,7.6
Kota,icon_seamless,2026-09-29T13:00,32.5,0.0,6.6
Kota,icon_seamless,2026-09-29T14:00,32.9,0.0,6.2
Kota,icon_seamless,2026-09-29T15:00,32.8,0.0,5.5
Kota,icon_seamless,2026-09-29T16:00,32.5,0.0,4.5
Kota,icon_seamless,2026-09-29T17:00,31.8,0.0,2.8
Kota,icon_seamless,2026-09-29T18:00,30.7,0.0,0.8
Kota,icon_seamless,2026-09-29T19:00,29.8,0.0,2.5
Kota,icon_seamless,2026-09-29T20:00,28.6,0.0,3.7
Kota,icon_seamless,2026-09-29T21:00,27.2,0.0,4.7
Kota,icon_seamless,2026-09-29T22:00,26.3,0.0,3.8
Kota,icon_seamless,2026-09-29T23:00,25.8,0.0,3.3
Kota,gem_seamless,2026-09-27T00:00,22.5,0.1,12.2
Kota,gem_seamless,2026-09-27T01:00,22.4,0.0,11.5
Kota,gem_seamless,2026-09-27T02:00,22.2,0.0,8.6
Kota,gem_seamless,2026-09-27T03:00,22.4,0.0,5.8
Kota,gem_seamless,2026-09-27T04:00,22.4,0.0,4.3
Kota,gem_seamless,2026-09-27T05:00,22.4,0.0,4.3
Kota,gem_seamless,2026-09-27T06:00,22.4,0.0,5.8
Kota,gem_seamless,2026-09-27T07:00,24.0,0.0,10.1
Kota,gem_seamless,2026-09-27T08:00,26.0,0.0,16.2
Kota,gem_seamless,2026-09-27T09:00,27.3,0.0,19.8
Kota,gem_seamless,2026-09-27T10:00,28.6,0.0,19.1
Kota,gem_seamless,2026-09-27T11:00,29.9,0.0,18.0
Kota,gem_seamless,2026-09-27T12:00,31.1,0.0,16.2
Kota,gem_seamless,2026-09-27T13:00,32.0,0.0,14.0
Kota,gem_seamless,2026-09-27T14:00,32.6,0.0,11.9
Kota,gem_seamless,2026-09-27T15:00,32.9,0.0,10.4
Kota,gem_seamless,2026-09-27T16:00,33.0,0.0,9.7
Kota,gem_seamless,2026-09-27T17:00,32.3,0.0,8.3
Kota,gem_seamless,2026-09-27T18:00,30.2,0.0,10.8
Kota,gem_seamless,2026-09-27T19:00,28.7,0.0,15.5
Kota,gem_seamless,2026-09-27T20:00,27.9,0.0,15.5
Kota,gem_seamless,2026-09-27T21:00,27.2,0.0,16.9
Kota,gem_seamless,2026-09-27T22:00,26.6,0.0,14.4
Kota,gem_seamless,2026-09-27T23:00,26.0,0.0,10.1
Kota,gem_seamless,2026-09-28T00:00,25.1,0.0,6.5
Kota,gem_seamless,2026-09-28T01:00,24.4,0.0,5.0
Kota,gem_seamless,2026-09-28T02:00,24.0,0.0,5.4
Kota,gem_seamless,2026-09-28T03:00,23.4,0.0,6.1
Kota,gem_seamless,2026-09-28T04:00,23.0,0.0,6.5
Kota,gem_seamless,2026-09-28T05:00,22.7,0.0,6.8
Kota,gem_seamless,2026-09-28T06:00,22.5,0.0,6.8
Kota,gem_seamless,2026-09-28T07:00,24.1,0.0,10.1
Kota,gem_seamless,2026-09-28T08:00,26.9,0.0,14.0
Kota,gem_seamless,2026-09-28T09:00,28.9,0.0,14.0
Kota,gem_seamless,2026-09-28T10:00,30.5,0.0,13.0
Kota,gem_seamless,2026-09-28T11:00,31.7,0.0,11.9
Kota,gem_seamless,2026-09-28T12:00,32.6,0.0,10.4
Kota,gem_seamless,2026-09-28T13:00,33.4,0.0,8.6
Kota,gem_seamless,2026-09-28T14:00,33.8,0.0,7.6
Kota,gem_seamless,2026-09-28T15:00,33.9,0.0,6.5
Kota,gem_seamless,2026-09-28T16:00,31.8,0.3,11.9
Kota,gem_seamless,2026-09-28T17:00,28.5,0.4,13.7
Kota,gem_seamless,2026-09-28T18:00,26.8,0.0,8.3
Kota,gem_seamless,2026-09-28T19:00,25.2,0.2,9.7
Kota,gem_seamless,2026-09-28T20:00,23.9,0.0,6.5
Kota,gem_seamless,2026-09-28T21:00,23.0,0.0,5.4
Kota,gem_seamless,2026-09-28T22:00,22.5,0.0,1.8
Kota,gem_seamless,2026-09-28T23:00,22.2,0.0,6.1
Kota,gem_seamless,2026-09-29T00:00,22.0,0.0,7.9
Kota,gem_seamless,2026-09-29T01:00,22.0,0.0,8.6
Kota,gem_seamless,2026-09-29T02:00,21.8,0.0,6.5
Kota,gem_seamless,2026-09-29T03:00,21.5,0.0,5.4
Kota,gem_seamless,2026-09-29T04:00,21.5,0.0,5.4
Kota,gem_seamless,2026-09-29T05:00,21.4,0.0,5.0
Kota,gem_seamless,2026-09-29T06:00,21.3,0.0,4.3
Kota,gem_seamless,2026-09-29T07:00,22.6,0.0,5.8
Kota,gem_seamless,2026-09-29T08:00,25.4,0.0,11.2
Kota,gem_seamless,2026-09-29T09:00,27.7,0.0,14.4
Kota,gem_seamless,2026-09-29T10:00,29.7,0.0,13.0
Kota,gem_seamless,2026-09-29T11:00,31.1,0.0,14.0
Kota,gem_seamless,2026-09-29T12:00,31.7,0.0,14.8
Kota,gem_seamless,2026-09-29T13:00,32.1,0.0,13.7
Kota,gem_seamless,2026-09-29T14:00,32.5,0.0,11.5
Kota,gem_seamless,2026-09-29T15:00,32.8,0.0,8.6
Kota,gem_seamless,2026-09-29T16:00,32.7,0.0,6.8
Kota,gem_seamless,2026-09-29T17:00,32.1,0.0,4.3
Kota,gem_seamless,2026-09-29T18:00,28.4,0.4,10.1
Kota,gem_seamless,2026-09-29T19:00,25.6,0.1,14.0
Kota,gem_seamless,2026-09-29T20:00,24.5,0.0,14.8
Kota,gem_seamless,2026-09-29T21:00,23.9,0.0,19.8
Kota,gem_seamless,2026-09-29T22:00,23.5,0.0,16.9
Kota,gem_seamless,2026-09-29T23:00,23.5,0.0,13.7
Chandigarh,ecmwf_ifs025,2026-09-27T00:00,24.0,0.0,8.5
Chandigarh,ecmwf_ifs025,2026-09-27T01:00,23.9,0.0,7.1
Chandigarh,ecmwf_ifs025,2026-09-27T02:00,23.7,0.0,5.7
Chandigarh,ecmwf_ifs025,2026-09-27T03:00,23.4,0.0,4.7
Chandigarh,ecmwf_ifs025,2026-09-27T04:00,22.9,0.0,4.0
Chandigarh,ecmwf_ifs025,2026-09-27T05:00,22.8,0.0,3.5
Chandigarh,ecmwf_ifs025,2026-09-27T06:00,23.2,0.0,3.5
Chandigarh,ecmwf_ifs025,2026-09-27T07:00,23.8,0.0,4.3
Chandigarh,ecmwf_ifs025,2026-09-27T08:00,24.6,0.0,5.2
Chandigarh,ecmwf_ifs025,2026-09-27T09:00,25.6,0.1,6.6
Chandigarh,ecmwf_ifs025,2026-09-27T10:00,26.8,0.1,8.7
Chandigarh,ecmwf_ifs025,2026-09-27T11:00,27.7,0.1,10.2
Chandigarh,ecmwf_ifs025,2026-09-27T12:00,28.3,0.2,11.4
Chandigarh,ecmwf_ifs025,2026-09-27T13:00,28.5,0.2,12.1
Chandigarh,ecmwf_ifs025,2026-09-27T14:00,28.6,0.2,12.5
Chandigarh,ecmwf_ifs025,2026-09-27T15:00,28.3,0.1,12.5
Chandigarh,ecmwf_ifs025,2026-09-27T16:00,27.8,0.1,12.1
Chandigarh,ecmwf_ifs025,2026-09-27T17:00,27.2,0.1,11.3
Chandigarh,ecmwf_ifs025,2026-09-27T18:00,26.2,0.0,10.7
Chandigarh,ecmwf_ifs025,2026-09-27T19:00,25.1,0.0,9.7
Chandigarh,ecmwf_ifs025,2026-09-27T20:00,24.2,0.0,8.3
Chandigarh,ecmwf_ifs025,2026-09-27T21:00,23.7,0.0,5.4
Chandigarh,ecmwf_ifs025,2026-09-27T22:00,23.3,0.0,1.8
Chandigarh,ecmwf_ifs025,2026-09-27T23:00,22.9,0.0,1.1
Chandigarh,ecmwf_ifs025,2026-09-28T00:00,22.6,0.0,1.1
Chandigarh,ecmwf_ifs025,2026-09-28T01:00,22.3,0.0,0.8
Chandigarh,ecmwf_ifs025,2026-09-28T02:00,22.1,0.0,1.1
Chandigarh,ecmwf_ifs025,2026-09-28T03:00,21.8,0.0,1.8
Chandigarh,ecmwf_ifs025,2026-09-28T04:00,21.7,0.0,3.0
Chandigarh,ecmwf_ifs025,2026-09-28T05:00,21.8,0.0,3.5
Chandigarh,ecmwf_ifs025,2026-09-28T06:00,22.4,0.0,2.9
Chandigarh,ecmwf_ifs025,2026-09-28T07:00,23.3,0.0,1.8
Chandigarh,ecmwf_ifs025,2026-09-28T08:00,24.4,0.0,1.8
Chandigarh,ecmwf_ifs025,2026-09-28T09:00,25.8,0.0,3.3
Chandigarh,ecmwf_ifs025,2026-09-28T10:00,27.4,0.0,5.6
Chandigarh,ecmwf_ifs025,2026-09-28T11:00,28.0,0.0,8.7
Chandigarh,ecmwf_ifs025,2026-09-28T12:00,26.9,1.6,14.0
Chandigarh,ecmwf_ifs025,2026-09-28T13:00,24.8,1.6,19.6
Chandigarh,ecmwf_ifs025,2026-09-28T14:00,23.3,1.6,21.2
Chandigarh,ecmwf_ifs025,2026-09-28T15:00,23.1,1.7,14.9
Chandigarh,ecmwf_ifs025,2026-09-28T16:00,23.5,1.7,6.2
Chandigarh,ecmwf_ifs025,2026-09-28T17:00,23.8,1.7,6.6
Chandigarh,ecmwf_ifs025,2026-09-28T18:00,23.5,0.0,4.7
Chandigarh,ecmwf_ifs025,2026-09-28T19:00,23.1,0.0,0.7
Chandigarh,ecmwf_ifs025,2026-09-28T20:00,22.7,0.0,4.7
Chandigarh,ecmwf_ifs025,2026-09-28T21:00,22.5,0.0,5.2
Chandigarh,ecmwf_ifs025,2026-09-28T22:00,22.4,0.0,4.7
Chandigarh,ecmwf_ifs025,2026-09-28T23:00,22.3,0.0,4.3
Chandigarh,ecmwf_ifs025,2026-09-29T00:00,22.1,0.0,4.4
Chandigarh,ecmwf_ifs025,2026-09-29T01:00,21.9,0.0,4.2
Chandigarh,ecmwf_ifs025,2026-09-29T02:00,21.7,0.0,4.5
Chandigarh,ecmwf_ifs025,2026-09-29T03:00,21.5,0.0,4.2
Chandigarh,ecmwf_ifs025,2026-09-29T04:00,21.2,0.0,4.4
Chandigarh,ecmwf_ifs025,2026-09-29T05:00,21.3,0.0,4.6
Chandigarh,ecmwf_ifs025,2026-09-29T06:00,21.8,0.0,4.3
Chandigarh,ecmwf_ifs025,2026-09-29T07:00,22.6,0.0,4.1
Chandigarh,ecmwf_ifs025,2026-09-29T08:00,23.6,0.0,4.3
Chandigarh,ecmwf_ifs025,2026-09-29T09:00,25.1,0.0,5.4
Chandigarh,ecmwf_ifs025,2026-09-29T10:00,26.8,0.0,7.1
Chandigarh,ecmwf_ifs025,2026-09-29T11:00,28.2,0.0,8.2
Chandigarh,ecmwf_ifs025,2026-09-29T12:00,29.1,0.0,8.7
Chandigarh,ecmwf_ifs025,2026-09-29T13:00,29.6,0.0,9.0
Chandigarh,ecmwf_ifs025,2026-09-29T14:00,29.8,0.0,9.2
Chandigarh,ecmwf_ifs025,2026-09-29T15:00,29.6,0.0,9.5
Chandigarh,ecmwf_ifs025,2026-09-29T16:00,28.9,0.0,9.8
Chandigarh,ecmwf_ifs025,2026-09-29T17:00,28.2,0.0,9.7
Chandigarh,ecmwf_ifs025,2026-09-29T18:00,27.3,0.0,8.9
Chandigarh,ecmwf_ifs025,2026-09-29T19:00,26.3,0.0,8.2
Chandigarh,ecmwf_ifs025,2026-09-29T20:00,25.5,0.0,8.2
Chandigarh,ecmwf_ifs025,2026-09-29T21:00,25.0,0.0,8.4
Chandigarh,ecmwf_ifs025,2026-09-29T22:00,24.6,0.0,8.7
Chandigarh,ecmwf_ifs025,2026-09-29T23:00,24.3,0.0,9.2
Chandigarh,gfs_seamless,2026-09-27T00:00,20.4,0.0,10.2
Chandigarh,gfs_seamless,2026-09-27T01:00,19.7,0.0,1.6
Chandigarh,gfs_seamless,2026-09-27T02:00,20.1,0.0,2.3
Chandigarh,gfs_seamless,2026-09-27T03:00,19.9,0.0,3.2
Chandigarh,gfs_seamless,2026-09-27T04:00,19.6,0.0,4.0
Chandigarh,gfs_seamless,2026-09-27T05:00,19.6,0.0,3.0
Chandigarh,gfs_seamless,2026-09-27T06:00,19.8,0.0,2.5
Chandigarh,gfs_seamless,2026-09-27T07:00,21.5,0.0,4.0
Chandigarh,gfs_seamless,2026-09-27T08:00,23.5,0.0,7.7
Chandigarh,gfs_seamless,2026-09-27T09:00,25.7,0.0,6.4
Chandigarh,gfs_seamless,2026-09-27T10:00,28.1,0.0,11.7
Chandigarh,gfs_seamless,2026-09-27T11:00,29.3,0.0,21.6
Chandigarh,gfs_seamless,2026-09-27T12:00,29.6,0.0,19.4
Chandigarh,gfs_seamless,2026-09-27T13:00,30.1,0.0,16.1
Chandigarh,gfs_seamless,2026-09-27T14:00,30.4,0.0,15.2
Chandigarh,gfs_seamless,2026-09-27T15:00,28.9,0.0,24.5
Chandigarh,gfs_seamless,2026-09-27T16:00,26.8,0.0,23.8
Chandigarh,gfs_seamless,2026-09-27T17:00,25.0,0.0,21.2
Chandigarh,gfs_seamless,2026-09-27T18:00,23.2,0.0,17.2
Chandigarh,gfs_seamless,2026-09-27T19:00,22.4,0.0,16.1
Chandigarh,gfs_seamless,2026-09-27T20:00,21.6,0.0,12.1
Chandigarh,gfs_seamless,2026-09-27T21:00,21.0,0.0,8.8
Chandigarh,gfs_seamless,2026-09-27T22:00,20.7,0.0,8.2
Chandigarh,gfs_seamless,2026-09-27T23:00,20.2,0.0,9.7
Chandigarh,gfs_seamless,2026-09-28T00:00,20.0,0.0,8.6
Chandigarh,gfs_seamless,2026-09-28T01:00,19.6,0.0,6.0
Chandigarh,gfs_seamless,2026-09-28T02:00,19.6,0.0,2.9
Chandigarh,gfs_seamless,2026-09-28T03:00,19.5,0.0,0.7
Chandigarh,gfs_seamless,2026-09-28T04:00,19.6,0.0,7.7
Chandigarh,gfs_seamless,2026-09-28T05:00,20.5,0.0,9.2
Chandigarh,gfs_seamless,2026-09-28T06:00,21.5,0.0,6.5
Chandigarh,gfs_seamless,2026-09-28T07:00,23.0,0.0,7.3
Chandigarh,gfs_seamless,2026-09-28T08:00,24.7,0.0,8.7
Chandigarh,gfs_seamless,2026-09-28T09:00,27.0,0.0,5.1
Chandigarh,gfs_seamless,2026-09-28T10:00,28.1,0.0,9.0
Chandigarh,gfs_seamless,2026-09-28T11:00,29.5,0.0,10.2
Chandigarh,gfs_seamless,2026-09-28T12:00,30.8,0.0,10.2
Chandigarh,gfs_seamless,2026-09-28T13:00,31.2,0.0,11.7
Chandigarh,gfs_seamless,2026-09-28T14:00,32.2,0.0,10.4
Chandigarh,gfs_seamless,2026-09-28T15:00,32.4,0.0,8.0
Chandigarh,gfs_seamless,2026-09-28T16:00,31.1,0.0,10.6
Chandigarh,gfs_seamless,2026-09-28T17:00,28.4,0.0,12.6
Chandigarh,gfs_seamless,2026-09-28T18:00,25.7,0.0,10.3
Chandigarh,gfs_seamless,2026-09-28T19:00,25.2,0.0,8.0
Chandigarh,gfs_seamless,2026-09-28T20:00,24.4,0.0,7.0
Chandigarh,gfs_seamless,2026-09-28T21:00,23.5,0.0,5.2
Chandigarh,gfs_seamless,2026-09-28T22:00,22.4,0.0,8.0
Chandigarh,gfs_seamless,2026-09-28T23:00,21.6,0.0,8.0
Chandigarh,gfs_seamless,2026-09-29T00:00,21.8,0.0,8.6
Chandigarh,gfs_seamless,2026-09-29T01:00,22.6,0.0,5.4
Chandigarh,gfs_seamless,2026-09-29T02:00,22.9,0.0,7.9
Chandigarh,gfs_seamless,2026-09-29T03:00,22.4,0.0,10.3
Chandigarh,gfs_seamless,2026-09-29T04:00,23.4,0.0,6.4
Chandigarh,gfs_seamless,2026-09-29T05:00,23.9,0.0,5.6
Chandigarh,gfs_seamless,2026-09-29T06:00,22.5,0.0,7.3
Chandigarh,gfs_seamless,2026-09-29T07:00,23.5,0.0,6.9
Chandigarh,gfs_seamless,2026-09-29T08:00,25.4,0.0,8.0
Chandigarh,gfs_seamless,2026-09-29T09:00,27.5,0.0,7.2
Chandigarh,gfs_seamless,2026-09-29T10:00,29.7,0.0,5.1
Chandigarh,gfs_seamless,2026-09-29T11:00,31.6,0.0,3.9
Chandigarh,gfs_seamless,2026-09-29T12:00,33.1,0.0,4.0
Chandigarh,gfs_seamless,2026-09-29T13:00,33.7,0.0,7.9
Chandigarh,gfs_seamless,2026-09-29T14:00,34.7,0.0,11.5
Chandigarh,gfs_seamless,2026-09-29T15:00,34.8,0.0,14.8
Chandigarh,gfs_seamless,2026-09-29T16:00,34.2,0.0,13.0
Chandigarh,gfs_seamless,2026-09-29T17:00,31.7,0.0,10.3
Chandigarh,gfs_seamless,2026-09-29T18:00,29.2,0.0,11.4
Chandigarh,gfs_seamless,2026-09-29T19:00,27.9,0.0,11.0
Chandigarh,gfs_seamless,2026-09-29T20:00,27.1,0.0,11.2
Chandigarh,gfs_seamless,2026-09-29T21:00,26.2,0.0,8.7
Chandigarh,gfs_seamless,2026-09-29T22:00,25.1,0.0,7.2
Chandigarh,gfs_seamless,2026-09-29T23:00,24.4,0.0,8.5
Chandigarh,icon_seamless,2026-09-27T00:00,23.5,0.0,4.8
Chandigarh,icon_seamless,2026-09-27T01:00,23.1,0.0,4.8
Chandigarh,icon_seamless,2026-09-27T02:00,22.7,0.0,3.6
Chandigarh,icon_seamless,2026-09-27T03:00,22.5,0.0,4.2
Chandigarh,icon_seamless,2026-09-27T04:00,22.1,0.0,3.4
Chandigarh,icon_seamless,2026-09-27T05:00,22.0,0.0,4.3
Chandigarh,icon_seamless,2026-09-27T06:00,21.8,0.0,2.7
Chandigarh,icon_seamless,2026-09-27T07:00,22.0,0.0,1.8
Chandigarh,icon_seamless,2026-09-27T08:00,22.9,0.0,0.5
Chandigarh,icon_seamless,2026-09-27T09:00,24.2,0.0,3.6
Chandigarh,icon_seamless,2026-09-27T10:00,25.4,0.0,6.1
Chandigarh,icon_seamless,2026-09-27T11:00,26.9,0.0,8.1
Chandigarh,icon_seamless,2026-09-27T12:00,27.1,0.0,11.4
Chandigarh,icon_seamless,2026-09-27T13:00,27.4,0.0,11.9
Chandigarh,icon_seamless,2026-09-27T14:00,27.4,0.0,12.9
Chandigarh,icon_seamless,2026-09-27T15:00,26.9,0.0,12.2
Chandigarh,icon_seamless,2026-09-27T16:00,26.1,0.0,12.8
Chandigarh,icon_seamless,2026-09-27T17:00,25.1,0.0,10.7
Chandigarh,icon_seamless,2026-09-27T18:00,24.0,0.0,7.1
Chandigarh,icon_seamless,2026-09-27T19:00,23.3,0.0,5.4
Chandigarh,icon_seamless,2026-09-27T20:00,23.0,0.0,4.6
Chandigarh,icon_seamless,2026-09-27T21:00,22.8,0.0,2.3
Chandigarh,icon_seamless,2026-09-27T22:00,22.6,0.0,1.5
Chandigarh,icon_seamless,2026-09-27T23:00,22.4,0.0,2.1
Chandigarh,icon_seamless,2026-09-28T00:00,22.1,0.0,2.8
Chandigarh,icon_seamless,2026-09-28T01:00,21.8,0.0,3.4
Chandigarh,icon_seamless,2026-09-28T02:00,21.7,0.0,4.1
Chandigarh,icon_seamless,2026-09-28T03:00,21.6,0.0,3.6
Chandigarh,icon_seamless,2026-09-28T04:00,21.5,0.0,3.6
Chandigarh,icon_seamless,2026-09-28T05:00,21.7,0.0,3.1
Chandigarh,icon_seamless,2026-09-28T06:00,21.7,0.0,3.1
Chandigarh,icon_seamless,2026-09-28T07:00,22.2,0.0,5.4
Chandigarh,icon_seamless,2026-09-28T08:00,22.9,0.0,4.5
Chandigarh,icon_seamless,2026-09-28T09:00,24.1,0.0,6.1
Chandigarh,icon_seamless,2026-09-28T10:00,24.9,0.0,6.0
Chandigarh,icon_seamless,2026-09-28T11:00,26.2,0.0,5.2
Chandigarh,icon_seamless,2026-09-28T12:00,27.3,0.0,6.4
Chandigarh,icon_seamless,2026-09-28T13:00,28.2,0.0,4.3
Chandigarh,icon_seamless,2026-09-28T14:00,28.5,0.0,6.1
Chandigarh,icon_seamless,2026-09-28T15:00,28.7,0.0,6.4
Chandigarh,icon_seamless,2026-09-28T16:00,28.6,0.0,6.1
Chandigarh,icon_seamless,2026-09-28T17:00,28.1,0.0,4.2
Chandigarh,icon_seamless,2026-09-28T18:00,27.2,0.0,2.9
Chandigarh,icon_seamless,2026-09-28T19:00,26.7,0.0,1.1
Chandigarh,icon_seamless,2026-09-28T20:00,26.4,0.0,1.5
Chandigarh,icon_seamless,2026-09-28T21:00,25.9,0.0,1.8
Chandigarh,icon_seamless,2026-09-28T22:00,24.9,0.0,3.1
Chandigarh,icon_seamless,2026-09-28T23:00,24.5,0.0,3.3
Chandigarh,icon_seamless,2026-09-29T00:00,24.2,0.0,2.6
Chandigarh,icon_seamless,2026-09-29T01:00,23.9,0.0,2.6
Chandigarh,icon_seamless,2026-09-29T02:00,23.7,0.0,2.5
Chandigarh,icon_seamless,2026-09-29T03:00,23.7,0.0,1.8
Chandigarh,icon_seamless,2026-09-29T04:00,23.7,0.0,1.9
Chandigarh,icon_seamless,2026-09-29T05:00,23.7,0.0,1.4
Chandigarh,icon_seamless,2026-09-29T06:00,23.5,0.0,1.0
Chandigarh,icon_seamless,2026-09-29T07:00,23.8,0.0,1.0
Chandigarh,icon_seamless,2026-09-29T08:00,25.1,0.0,1.8
Chandigarh,icon_seamless,2026-09-29T09:00,26.7,0.0,3.6
Chandigarh,icon_seamless,2026-09-29T10:00,28.3,0.0,5.2
Chandigarh,icon_seamless,2026-09-29T11:00,29.6,0.0,7.4
Chandigarh,icon_seamless,2026-09-29T12:00,30.6,0.0,9.5
Chandigarh,icon_seamless,2026-09-29T13:00,31.2,0.0,10.3
Chandigarh,icon_seamless,2026-09-29T14:00,31.4,0.0,9.2
Chandigarh,icon_seamless,2026-09-29T15:00,31.1,0.0,10.2
Chandigarh,icon_seamless,2026-09-29T16:00,30.7,0.0,8.5
Chandigarh,icon_seamless,2026-09-29T17:00,29.8,0.0,7.7
Chandigarh,icon_seamless,2026-09-29T18:00,28.4,0.0,4.8
Chandigarh,icon_seamless,2026-09-29T19:00,27.5,0.0,4.0
Chandigarh,icon_seamless,2026-09-29T20:00,26.6,0.0,3.8
Chandigarh,icon_seamless,2026-09-29T21:00,25.9,0.0,3.6
Chandigarh,icon_seamless,2026-09-29T22:00,25.4,0.0,3.6
Chandigarh,icon_seamless,2026-09-29T23:00,25.0,0.0,3.3
Chandigarh,gem_seamless,2026-09-27T00:00,21.6,0.0,0.4
Chandigarh,gem_seamless,2026-09-27T01:00,21.3,0.0,8.6
Chandigarh,gem_seamless,2026-09-27T02:00,21.2,0.0,8.3
Chandigarh,gem_seamless,2026-09-27T03:00,21.2,1.1,5.4
Chandigarh,gem_seamless,2026-09-27T04:00,20.8,4.8,4.0
Chandigarh,gem_seamless,2026-09-27T05:00,20.5,2.6,4.0
Chandigarh,gem_seamless,2026-09-27T06:00,20.2,0.2,1.4
Chandigarh,gem_seamless,2026-09-27T07:00,20.4,0.0,2.5
Chandigarh,gem_seamless,2026-09-27T08:00,20.8,0.0,11.5
Chandigarh,gem_seamless,2026-09-27T09:00,21.3,0.0,10.1
Chandigarh,gem_seamless,2026-09-27T10:00,21.9,0.2,4.3
Chandigarh,gem_seamless,2026-09-27T11:00,22.7,0.3,4.3
Chandigarh,gem_seamless,2026-09-27T12:00,23.2,0.0,7.2
Chandigarh,gem_seamless,2026-09-27T13:00,22.8,0.0,8.3
Chandigarh,gem_seamless,2026-09-27T14:00,22.7,0.0,6.1
Chandigarh,gem_seamless,2026-09-27T15:00,22.4,0.0,5.4
Chandigarh,gem_seamless,2026-09-27T16:00,22.1,0.0,5.0
Chandigarh,gem_seamless,2026-09-27T17:00,21.8,0.0,4.7
Chandigarh,gem_seamless,2026-09-27T18:00,21.4,0.0,4.3
Chandigarh,gem_seamless,2026-09-27T19:00,21.2,0.0,4.0
Chandigarh,gem_seamless,2026-09-27T20:00,21.2,0.0,4.7
Chandigarh,gem_seamless,2026-09-27T21:00,21.1,0.1,5.4
Chandigarh,gem_seamless,2026-09-27T22:00,20.8,0.4,6.8
Chandigarh,gem_seamless,2026-09-27T23:00,20.5,1.5,5.8
Chandigarh,gem_seamless,2026-09-28T00:00,20.3,1.4,4.3
Chandigarh,gem_seamless,2026-09-28T01:00,20.2,0.6,5.4
Chandigarh,gem_seamless,2026-09-28T02:00,20.2,0.3,4.7
Chandigarh,gem_seamless,2026-09-28T03:00,20.1,0.4,4.3
Chandigarh,gem_seamless,2026-09-28T04:00,20.1,0.2,2.9
Chandigarh,gem_seamless,2026-09-28T05:00,20.1,0.0,5.0
Chandigarh,gem_seamless,2026-09-28T06:00,20.1,0.3,4.3
Chandigarh,gem_seamless,2026-09-28T07:00,20.7,0.1,2.2
Chandigarh,gem_seamless,2026-09-28T08:00,21.5,0.3,5.4
Chandigarh,gem_seamless,2026-09-28T09:00,21.9,1.6,4.7
Chandigarh,gem_seamless,2026-09-28T10:00,22.3,1.2,13.7
Chandigarh,gem_seamless,2026-09-28T11:00,21.2,3.8,15.5
Chandigarh,gem_seamless,2026-09-28T12:00,21.5,1.5,7.9
Chandigarh,gem_seamless,2026-09-28T13:00,21.7,0.1,12.2
Chandigarh,gem_seamless,2026-09-28T14:00,23.1,0.0,5.0
Chandigarh,gem_seamless,2026-09-28T15:00,24.5,0.0,3.2
Chandigarh,gem_seamless,2026-09-28T16:00,24.5,0.0,5.8
Chandigarh,gem_seamless,2026-09-28T17:00,23.8,0.0,5.4
Chandigarh,gem_seamless,2026-09-28T18:00,22.6,0.0,3.2
Chandigarh,gem_seamless,2026-09-28T19:00,22.1,0.0,4.0
Chandigarh,gem_seamless,2026-09-28T20:00,21.7,0.0,6.8
Chandigarh,gem_seamless,2026-09-28T21:00,21.3,0.0,5.8
Chandigarh,gem_seamless,2026-09-28T22:00,20.8,0.0,5.0
Chandigarh,gem_seamless,2026-09-28T23:00,20.4,0.0,5.4
Chandigarh,gem_seamless,2026-09-29T00:00,20.1,0.0,5.0
Chandigarh,gem_seamless,2026-09-29T01:00,19.8,0.0,5.0
Chandigarh,gem_seamless,2026-09-29T02:00,19.5,0.0,5.0
Chandigarh,gem_seamless,2026-09-29T03:00,19.3,0.0,5.4
Chandigarh,gem_seamless,2026-09-29T04:00,19.1,0.0,5.8
Chandigarh,gem_seamless,2026-09-29T05:00,18.9,0.0,5.8
Chandigarh,gem_seamless,2026-09-29T06:00,18.8,0.0,6.1
Chandigarh,gem_seamless,2026-09-29T07:00,20.3,0.0,6.1
Chandigarh,gem_seamless,2026-09-29T08:00,23.2,0.0,1.4
Chandigarh,gem_seamless,2026-09-29T09:00,24.7,0.0,5.4
Chandigarh,gem_seamless,2026-09-29T10:00,25.4,0.0,7.6
Chandigarh,gem_seamless,2026-09-29T11:00,26.4,0.0,7.6
Chandigarh,gem_seamless,2026-09-29T12:00,27.2,0.0,7.6
Chandigarh,gem_seamless,2026-09-29T13:00,27.8,0.0,7.6
Chandigarh,gem_seamless,2026-09-29T14:00,28.4,0.0,7.6
Chandigarh,gem_seamless,2026-09-29T15:00,28.8,0.0,8.3
Chandigarh,gem_seamless,2026-09-29T16:00,28.7,0.0,7.6
Chandigarh,gem_seamless,2026-09-29T17:00,27.9,0.0,5.8
Chandigarh,gem_seamless,2026-09-29T18:00,25.8,0.0,4.3
Chandigarh,gem_seamless,2026-09-29T19:00,24.2,0.0,5.4
Chandigarh,gem_seamless,2026-09-29T20:00,23.1,0.0,6.5
Chandigarh,gem_seamless,2026-09-29T21:00,22.4,0.0,6.1
Chandigarh,gem_seamless,2026-09-29T22:00,21.7,0.0,5.8
Chandigarh,gem_seamless,2026-09-29T23:00,21.3,0.0,4.7
Dehradun,ecmwf_ifs025,2026-09-27T00:00,18.9,1.5,11.4
Dehradun,ecmwf_ifs025,2026-09-27T01:00,18.7,1.5,12.8
Dehradun,ecmwf_ifs025,2026-09-27T02:00,18.6,1.5,13.1
Dehradun,ecmwf_ifs025,2026-09-27T03:00,18.8,0.6,10.0
Dehradun,ecmwf_ifs025,2026-09-27T04:00,19.2,0.6,5.2
Dehradun,ecmwf_ifs025,2026-09-27T05:00,19.6,0.6,2.2
Dehradun,ecmwf_ifs025,2026-09-27T06:00,19.8,1.8,2.2
Dehradun,ecmwf_ifs025,2026-09-27T07:00,20.0,1.8,3.8
Dehradun,ecmwf_ifs025,2026-09-27T08:00,20.2,1.8,4.3
Dehradun,ecmwf_ifs025,2026-09-27T09:00,20.5,0.5,2.6
Dehradun,ecmwf_ifs025,2026-09-27T10:00,20.8,0.5,0.5
Dehradun,ecmwf_ifs025,2026-09-27T11:00,21.1,0.5,2.2
Dehradun,ecmwf_ifs025,2026-09-27T12:00,21.3,0.2,1.8
Dehradun,ecmwf_ifs025,2026-09-27T13:00,21.4,0.2,0.8
Dehradun,ecmwf_ifs025,2026-09-27T14:00,21.3,0.2,1.3
Dehradun,ecmwf_ifs025,2026-09-27T15:00,21.0,1.2,1.3
Dehradun,ecmwf_ifs025,2026-09-27T16:00,20.5,1.2,1.1
Dehradun,ecmwf_ifs025,2026-09-27T17:00,20.2,1.2,1.1
Dehradun,ecmwf_ifs025,2026-09-27T18:00,20.0,0.3,2.0
Dehradun,ecmwf_ifs025,2026-09-27T19:00,19.9,0.3,3.9
Dehradun,ecmwf_ifs025,2026-09-27T20:00,19.9,0.3,4.5
Dehradun,ecmwf_ifs025,2026-09-27T21:00,19.9,0.0,3.7
Dehradun,ecmwf_ifs025,2026-09-27T22:00,19.9,0.0,2.7
Dehradun,ecmwf_ifs025,2026-09-27T23:00,19.9,0.0,2.6
Dehradun,ecmwf_ifs025,2026-09-28T00:00,19.7,0.0,2.1
Dehradun,ecmwf_ifs025,2026-09-28T01:00,19.4,0.0,0.8
Dehradun,ecmwf_ifs025,2026-09-28T02:00,19.2,0.0,0.5
Dehradun,ecmwf_ifs025,2026-09-28T03:00,18.9,0.0,1.1
Dehradun,ecmwf_ifs025,2026-09-28T04:00,18.7,0.0,1.6
Dehradun,ecmwf_ifs025,2026-09-28T05:00,18.8,0.0,1.8
Dehradun,ecmwf_ifs025,2026-09-28T06:00,19.3,0.0,1.3
Dehradun,ecmwf_ifs025,2026-09-28T07:00,20.0,0.0,1.6
Dehradun,ecmwf_ifs025,2026-09-28T08:00,21.1,0.0,1.5
Dehradun,ecmwf_ifs025,2026-09-28T09:00,22.6,0.0,0.5
Dehradun,ecmwf_ifs025,2026-09-28T10:00,24.4,0.0,1.5
Dehradun,ecmwf_ifs025,2026-09-28T11:00,25.7,0.0,3.1
Dehradun,ecmwf_ifs025,2026-09-28T12:00,26.0,0.1,4.3
Dehradun,ecmwf_ifs025,2026-09-28T13:00,25.9,0.1,6.0
Dehradun,ecmwf_ifs025,2026-09-28T14:00,25.5,0.1,7.3
Dehradun,ecmwf_ifs025,2026-09-28T15:00,25.0,0.2,8.6
Dehradun,ecmwf_ifs025,2026-09-28T16:00,24.3,0.2,10.4
Dehradun,ecmwf_ifs025,2026-09-28T17:00,23.5,0.2,10.7
Dehradun,ecmwf_ifs025,2026-09-28T18:00,22.8,0.3,7.9
Dehradun,ecmwf_ifs025,2026-09-28T19:00,22.0,0.3,3.7
Dehradun,ecmwf_ifs025,2026-09-28T20:00,21.4,0.3,1.3
Dehradun,ecmwf_ifs025,2026-09-28T21:00,21.0,0.3,2.3
Dehradun,ecmwf_ifs025,2026-09-28T22:00,20.8,0.3,5.1
Dehradun,ecmwf_ifs025,2026-09-28T23:00,20.5,0.3,6.6
Dehradun,ecmwf_ifs025,2026-09-29T00:00,20.2,0.0,5.4
Dehradun,ecmwf_ifs025,2026-09-29T01:00,19.8,0.0,3.1
Dehradun,ecmwf_ifs025,2026-09-29T02:00,19.5,0.0,1.5
Dehradun,ecmwf_ifs025,2026-09-29T03:00,19.2,0.0,0.7
Dehradun,ecmwf_ifs025,2026-09-29T04:00,19.0,0.0,0.5
Dehradun,ecmwf_ifs025,2026-09-29T05:00,19.2,0.0,0.5
Dehradun,ecmwf_ifs025,2026-09-29T06:00,19.7,0.0,1.1
Dehradun,ecmwf_ifs025,2026-09-29T07:00,20.5,0.0,2.2
Dehradun,ecmwf_ifs025,2026-09-29T08:00,21.6,0.0,2.5
Dehradun,ecmwf_ifs025,2026-09-29T09:00,23.0,0.0,2.3
Dehradun,ecmwf_ifs025,2026-09-29T10:00,24.8,0.0,1.5
Dehradun,ecmwf_ifs025,2026-09-29T11:00,26.1,0.0,1.8
Dehradun,ecmwf_ifs025,2026-09-29T12:00,27.0,0.0,4.0
Dehradun,ecmwf_ifs025,2026-09-29T13:00,27.5,0.0,6.5
Dehradun,ecmwf_ifs025,2026-09-29T14:00,27.6,0.0,8.0
Dehradun,ecmwf_ifs025,2026-09-29T15:00,27.0,0.0,7.6
Dehradun,ecmwf_ifs025,2026-09-29T16:00,25.9,0.0,6.7
Dehradun,ecmwf_ifs025,2026-09-29T17:00,24.8,0.0,5.4
Dehradun,ecmwf_ifs025,2026-09-29T18:00,23.8,0.0,4.2
Dehradun,ecmwf_ifs025,2026-09-29T19:00,22.8,0.0,2.5
Dehradun,ecmwf_ifs025,2026-09-29T20:00,22.0,0.0,1.4
Dehradun,ecmwf_ifs025,2026-09-29T21:00,21.3,0.0,0.7
Dehradun,ecmwf_ifs025,2026-09-29T22:00,20.8,0.0,0.7
Dehradun,ecmwf_ifs025,2026-09-29T23:00,20.4,0.0,1.1
Dehradun,gfs_seamless,2026-09-27T00:00,18.2,3.6,11.1
Dehradun,gfs_seamless,2026-09-27T01:00,18.2,1.3,6.5
Dehradun,gfs_seamless,2026-09-27T02:00,18.3,0.6,7.3
Dehradun,gfs_seamless,2026-09-27T03:00,18.5,0.1,4.3
Dehradun,gfs_seamless,2026-09-27T04:00,18.6,0.0,6.4
Dehradun,gfs_seamless,2026-09-27T05:00,18.7,0.0,6.9
Dehradun,gfs_seamless,2026-09-27T06:00,18.8,0.1,6.9
Dehradun,gfs_seamless,2026-09-27T07:00,18.9,0.1,7.4
Dehradun,gfs_seamless,2026-09-27T08:00,19.2,0.0,7.6
Dehradun,gfs_seamless,2026-09-27T09:00,19.0,0.5,10.8
Dehradun,gfs_seamless,2026-09-27T10:00,18.6,4.4,8.1
Dehradun,gfs_seamless,2026-09-27T11:00,18.6,4.8,10.1
Dehradun,gfs_seamless,2026-09-27T12:00,18.9,2.4,6.3
Dehradun,gfs_seamless,2026-09-27T13:00,18.7,1.9,8.2
Dehradun,gfs_seamless,2026-09-27T14:00,19.5,0.1,10.0
Dehradun,gfs_seamless,2026-09-27T15:00,20.3,0.0,9.4
Dehradun,gfs_seamless,2026-09-27T16:00,20.0,1.3,4.1
Dehradun,gfs_seamless,2026-09-27T17:00,19.3,0.6,3.9
Dehradun,gfs_seamless,2026-09-27T18:00,19.0,0.3,6.9
Dehradun,gfs_seamless,2026-09-27T19:00,18.8,0.0,8.2
Dehradun,gfs_seamless,2026-09-27T20:00,18.7,0.0,7.4
Dehradun,gfs_seamless,2026-09-27T21:00,18.9,0.0,4.8
Dehradun,gfs_seamless,2026-09-27T22:00,18.8,0.3,3.6
Dehradun,gfs_seamless,2026-09-27T23:00,18.6,0.8,7.6
Dehradun,gfs_seamless,2026-09-28T00:00,18.7,0.3,8.5
Dehradun,gfs_seamless,2026-09-28T01:00,19.1,0.0,6.0
Dehradun,gfs_seamless,2026-09-28T02:00,19.3,0.1,6.0
Dehradun,gfs_seamless,2026-09-28T03:00,19.2,0.0,9.1
Dehradun,gfs_seamless,2026-09-28T04:00,19.3,0.0,5.8
Dehradun,gfs_seamless,2026-09-28T05:00,19.4,0.0,5.6
Dehradun,gfs_seamless,2026-09-28T06:00,19.4,0.0,0.5
Dehradun,gfs_seamless,2026-09-28T07:00,20.6,0.0,3.3
Dehradun,gfs_seamless,2026-09-28T08:00,21.6,0.0,4.3
Dehradun,gfs_seamless,2026-09-28T09:00,23.1,0.0,5.9
Dehradun,gfs_seamless,2026-09-28T10:00,24.3,0.0,7.3
Dehradun,gfs_seamless,2026-09-28T11:00,26.0,0.0,7.3
Dehradun,gfs_seamless,2026-09-28T12:00,27.4,0.0,8.6
Dehradun,gfs_seamless,2026-09-28T13:00,27.3,0.0,9.7
Dehradun,gfs_seamless,2026-09-28T14:00,26.9,0.0,10.1
Dehradun,gfs_seamless,2026-09-28T15:00,26.2,0.0,8.1
Dehradun,gfs_seamless,2026-09-28T16:00,24.9,0.0,7.9
Dehradun,gfs_seamless,2026-09-28T17:00,23.4,0.0,5.4
Dehradun,gfs_seamless,2026-09-28T18:00,21.8,0.0,5.0
Dehradun,gfs_seamless,2026-09-28T19:00,21.2,0.0,4.8
Dehradun,gfs_seamless,2026-09-28T20:00,21.3,0.0,5.9
Dehradun,gfs_seamless,2026-09-28T21:00,21.5,0.0,5.9
Dehradun,gfs_seamless,2026-09-28T22:00,21.9,0.0,6.1
Dehradun,gfs_seamless,2026-09-28T23:00,22.4,0.0,4.8
Dehradun,gfs_seamless,2026-09-29T00:00,21.9,0.0,0.8
Dehradun,gfs_seamless,2026-09-29T01:00,21.3,0.0,2.9
Dehradun,gfs_seamless,2026-09-29T02:00,20.6,0.0,4.3
Dehradun,gfs_seamless,2026-09-29T03:00,20.2,0.0,7.2
Dehradun,gfs_seamless,2026-09-29T04:00,20.2,0.0,6.4
Dehradun,gfs_seamless,2026-09-29T05:00,20.0,0.0,5.6
Dehradun,gfs_seamless,2026-09-29T06:00,19.9,0.0,5.9
Dehradun,gfs_seamless,2026-09-29T07:00,22.0,0.0,3.7
Dehradun,gfs_seamless,2026-09-29T08:00,24.0,0.0,2.1
Dehradun,gfs_seamless,2026-09-29T09:00,25.5,0.0,4.9
Dehradun,gfs_seamless,2026-09-29T10:00,27.0,0.0,4.9
Dehradun,gfs_seamless,2026-09-29T11:00,28.0,0.0,7.0
Dehradun,gfs_seamless,2026-09-29T12:00,28.7,0.0,7.8
Dehradun,gfs_seamless,2026-09-29T13:00,29.0,0.0,8.6
Dehradun,gfs_seamless,2026-09-29T14:00,28.9,0.0,8.4
Dehradun,gfs_seamless,2026-09-29T15:00,28.4,0.0,7.6
Dehradun,gfs_seamless,2026-09-29T16:00,27.6,0.0,5.4
Dehradun,gfs_seamless,2026-09-29T17:00,25.3,0.0,2.7
Dehradun,gfs_seamless,2026-09-29T18:00,23.4,0.0,5.6
Dehradun,gfs_seamless,2026-09-29T19:00,22.6,0.0,7.7
Dehradun,gfs_seamless,2026-09-29T20:00,22.4,0.0,8.1
Dehradun,gfs_seamless,2026-09-29T21:00,22.3,0.0,7.7
Dehradun,gfs_seamless,2026-09-29T22:00,22.2,0.0,7.1
Dehradun,gfs_seamless,2026-09-29T23:00,22.0,0.0,6.9
Dehradun,icon_seamless,2026-09-27T00:00,20.1,0.6,0.8
Dehradun,icon_seamless,2026-09-27T01:00,19.8,0.4,3.3
Dehradun,icon_seamless,2026-09-27T02:00,19.3,0.7,1.5
Dehradun,icon_seamless,2026-09-27T03:00,19.6,0.7,0.7
Dehradun,icon_seamless,2026-09-27T04:00,19.8,0.5,2.6
Dehradun,icon_seamless,2026-09-27T05:00,19.9,0.1,1.1
Dehradun,icon_seamless,2026-09-27T06:00,20.0,0.4,2.3
Dehradun,icon_seamless,2026-09-27T07:00,20.4,0.2,2.6
Dehradun,icon_seamless,2026-09-27T08:00,20.3,0.5,3.3
Dehradun,icon_seamless,2026-09-27T09:00,20.9,1.0,2.3
Dehradun,icon_seamless,2026-09-27T10:00,20.8,1.0,1.8
Dehradun,icon_seamless,2026-09-27T11:00,20.9,1.2,1.5
Dehradun,icon_seamless,2026-09-27T12:00,20.9,1.0,2.5
Dehradun,icon_seamless,2026-09-27T13:00,20.9,1.5,3.3
Dehradun,icon_seamless,2026-09-27T14:00,20.8,2.1,4.0
Dehradun,icon_seamless,2026-09-27T15:00,20.9,4.0,3.3
Dehradun,icon_seamless,2026-09-27T16:00,20.6,4.4,4.3
Dehradun,icon_seamless,2026-09-27T17:00,20.5,2.6,1.9
Dehradun,icon_seamless,2026-09-27T18:00,20.2,0.7,2.5
Dehradun,icon_seamless,2026-09-27T19:00,20.4,0.4,3.6
Dehradun,icon_seamless,2026-09-27T20:00,20.3,0.1,4.0
Dehradun,icon_seamless,2026-09-27T21:00,20.3,0.0,4.1
Dehradun,icon_seamless,2026-09-27T22:00,20.3,0.0,4.3
Dehradun,icon_seamless,2026-09-27T23:00,20.1,0.0,4.8
Dehradun,icon_seamless,2026-09-28T00:00,19.8,0.0,4.5
Dehradun,icon_seamless,2026-09-28T01:00,19.6,0.0,4.8
Dehradun,icon_seamless,2026-09-28T02:00,19.7,0.0,3.3
Dehradun,icon_seamless,2026-09-28T03:00,19.7,0.0,4.0
Dehradun,icon_seamless,2026-09-28T04:00,19.7,0.0,4.1
Dehradun,icon_seamless,2026-09-28T05:00,19.4,0.0,3.7
Dehradun,icon_seamless,2026-09-28T06:00,18.9,0.0,3.5
Dehradun,icon_seamless,2026-09-28T07:00,19.3,0.0,3.3
Dehradun,icon_seamless,2026-09-28T08:00,21.1,0.0,1.8
Dehradun,icon_seamless,2026-09-28T09:00,23.6,0.0,2.6
Dehradun,icon_seamless,2026-09-28T10:00,23.8,0.0,4.0
Dehradun,icon_seamless,2026-09-28T11:00,24.7,0.0,4.8
Dehradun,icon_seamless,2026-09-28T12:00,25.0,0.1,5.0
Dehradun,icon_seamless,2026-09-28T13:00,25.0,0.0,6.2
Dehradun,icon_seamless,2026-09-28T14:00,25.2,0.0,6.5
Dehradun,icon_seamless,2026-09-28T15:00,25.1,0.0,6.0
Dehradun,icon_seamless,2026-09-28T16:00,24.7,0.0,5.2
Dehradun,icon_seamless,2026-09-28T17:00,24.1,0.0,2.9
Dehradun,icon_seamless,2026-09-28T18:00,23.3,0.0,2.9
Dehradun,icon_seamless,2026-09-28T19:00,23.0,0.0,1.1
Dehradun,icon_seamless,2026-09-28T20:00,22.7,0.0,2.8
Dehradun,icon_seamless,2026-09-28T21:00,22.3,0.0,2.9
Dehradun,icon_seamless,2026-09-28T22:00,21.7,0.0,3.3
Dehradun,icon_seamless,2026-09-28T23:00,21.3,0.0,3.7
Dehradun,icon_seamless,2026-09-29T00:00,20.9,0.0,3.6
Dehradun,icon_seamless,2026-09-29T01:00,20.3,0.0,4.5
Dehradun,icon_seamless,2026-09-29T02:00,19.8,0.0,4.5
Dehradun,icon_seamless,2026-09-29T03:00,19.5,0.0,3.7
Dehradun,icon_seamless,2026-09-29T04:00,19.3,0.0,4.5
Dehradun,icon_seamless,2026-09-29T05:00,19.1,0.0,4.2
Dehradun,icon_seamless,2026-09-29T06:00,19.0,0.0,4.3
Dehradun,icon_seamless,2026-09-29T07:00,19.8,0.0,3.1
Dehradun,icon_seamless,2026-09-29T08:00,22.6,0.0,1.5
Dehradun,icon_seamless,2026-09-29T09:00,24.8,0.0,5.4
Dehradun,icon_seamless,2026-09-29T10:00,25.4,0.0,4.8
Dehradun,icon_seamless,2026-09-29T11:00,26.5,0.0,6.2
Dehradun,icon_seamless,2026-09-29T12:00,27.2,0.0,6.8
Dehradun,icon_seamless,2026-09-29T13:00,27.4,0.0,7.9
Dehradun,icon_seamless,2026-09-29T14:00,27.6,0.0,7.8
Dehradun,icon_seamless,2026-09-29T15:00,27.2,0.0,6.5
Dehradun,icon_seamless,2026-09-29T16:00,26.9,0.0,4.4
Dehradun,icon_seamless,2026-09-29T17:00,26.1,0.0,3.6
Dehradun,icon_seamless,2026-09-29T18:00,24.8,0.0,3.4
Dehradun,icon_seamless,2026-09-29T19:00,24.0,0.0,3.2
Dehradun,icon_seamless,2026-09-29T20:00,23.2,0.0,3.4
Dehradun,icon_seamless,2026-09-29T21:00,22.4,0.0,4.1
Dehradun,icon_seamless,2026-09-29T22:00,21.7,0.0,4.3
Dehradun,icon_seamless,2026-09-29T23:00,21.1,0.0,4.3
Dehradun,gem_seamless,2026-09-27T00:00,19.3,1.0,4.3
Dehradun,gem_seamless,2026-09-27T01:00,19.3,1.2,4.3
Dehradun,gem_seamless,2026-09-27T02:00,19.2,1.1,4.7
Dehradun,gem_seamless,2026-09-27T03:00,19.2,0.5,4.3
Dehradun,gem_seamless,2026-09-27T04:00,19.1,0.3,3.6
Dehradun,gem_seamless,2026-09-27T05:00,19.1,0.2,2.5
Dehradun,gem_seamless,2026-09-27T06:00,19.2,0.1,2.5
Dehradun,gem_seamless,2026-09-27T07:00,19.4,0.3,3.6
Dehradun,gem_seamless,2026-09-27T08:00,19.7,0.8,4.0
Dehradun,gem_seamless,2026-09-27T09:00,20.0,1.2,4.3
Dehradun,gem_seamless,2026-09-27T10:00,20.3,1.4,4.3
Dehradun,gem_seamless,2026-09-27T11:00,20.6,1.3,3.6
Dehradun,gem_seamless,2026-09-27T12:00,20.6,1.1,2.9
Dehradun,gem_seamless,2026-09-27T13:00,20.9,1.2,2.5
Dehradun,gem_seamless,2026-09-27T14:00,21.0,1.4,2.5
Dehradun,gem_seamless,2026-09-27T15:00,20.9,3.1,2.9
Dehradun,gem_seamless,2026-09-27T16:00,20.7,5.0,3.2
Dehradun,gem_seamless,2026-09-27T17:00,20.5,3.5,3.2
Dehradun,gem_seamless,2026-09-27T18:00,20.5,1.9,2.5
Dehradun,gem_seamless,2026-09-27T19:00,20.4,1.1,4.0
Dehradun,gem_seamless,2026-09-27T20:00,20.4,0.8,3.6
Dehradun,gem_seamless,2026-09-27T21:00,20.4,0.0,4.3
Dehradun,gem_seamless,2026-09-27T22:00,20.4,0.0,4.3
Dehradun,gem_seamless,2026-09-27T23:00,20.4,0.0,4.7
Dehradun,gem_seamless,2026-09-28T00:00,20.4,0.0,5.4
Dehradun,gem_seamless,2026-09-28T01:00,20.4,0.0,5.4
Dehradun,gem_seamless,2026-09-28T02:00,20.3,0.0,5.4
Dehradun,gem_seamless,2026-09-28T03:00,20.2,0.0,5.8
Dehradun,gem_seamless,2026-09-28T04:00,20.3,0.0,4.7
Dehradun,gem_seamless,2026-09-28T05:00,20.2,0.0,4.3
Dehradun,gem_seamless,2026-09-28T06:00,19.9,0.0,5.8
Dehradun,gem_seamless,2026-09-28T07:00,21.2,0.0,5.0
Dehradun,gem_seamless,2026-09-28T08:00,23.6,0.0,1.1
Dehradun,gem_seamless,2026-09-28T09:00,24.2,0.0,6.5
Dehradun,gem_seamless,2026-09-28T10:00,24.8,0.0,6.5
Dehradun,gem_seamless,2026-09-28T11:00,25.4,0.0,7.2
Dehradun,gem_seamless,2026-09-28T12:00,25.7,0.0,7.6
Dehradun,gem_seamless,2026-09-28T13:00,25.7,0.0,8.3
Dehradun,gem_seamless,2026-09-28T14:00,25.1,0.3,7.2
Dehradun,gem_seamless,2026-09-28T15:00,24.7,0.3,5.0
Dehradun,gem_seamless,2026-09-28T16:00,24.5,0.1,4.7
Dehradun,gem_seamless,2026-09-28T17:00,23.8,0.1,3.6
Dehradun,gem_seamless,2026-09-28T18:00,22.8,0.0,0.7
Dehradun,gem_seamless,2026-09-28T19:00,22.2,0.0,3.2
Dehradun,gem_seamless,2026-09-28T20:00,21.6,0.0,4.3
Dehradun,gem_seamless,2026-09-28T21:00,21.3,0.0,4.7
Dehradun,gem_seamless,2026-09-28T22:00,21.0,0.0,5.8
Dehradun,gem_seamless,2026-09-28T23:00,20.8,0.0,6.1
Dehradun,gem_seamless,2026-09-29T00:00,20.6,0.0,6.1
Dehradun,gem_seamless,2026-09-29T01:00,20.3,0.0,6.1
Dehradun,gem_seamless,2026-09-29T02:00,20.1,0.0,6.1
Dehradun,gem_seamless,2026-09-29T03:00,19.8,0.0,6.5
Dehradun,gem_seamless,2026-09-29T04:00,19.6,0.0,7.2
Dehradun,gem_seamless,2026-09-29T05:00,19.3,0.0,7.6
Dehradun,gem_seamless,2026-09-29T06:00,19.1,0.0,7.6
Dehradun,gem_seamless,2026-09-29T07:00,20.5,0.0,6.8
Dehradun,gem_seamless,2026-09-29T08:00,23.3,0.0,4.0
Dehradun,gem_seamless,2026-09-29T09:00,25.6,0.0,1.4
Dehradun,gem_seamless,2026-09-29T10:00,26.3,0.0,4.7
Dehradun,gem_seamless,2026-09-29T11:00,26.8,0.0,5.4
Dehradun,gem_seamless,2026-09-29T12:00,27.1,0.0,5.8
Dehradun,gem_seamless,2026-09-29T13:00,27.3,0.0,6.5
Dehradun,gem_seamless,2026-09-29T14:00,27.3,0.0,6.5
Dehradun,gem_seamless,2026-09-29T15:00,27.1,0.0,6.1
Dehradun,gem_seamless,2026-09-29T16:00,26.8,0.0,5.0
Dehradun,gem_seamless,2026-09-29T17:00,25.8,0.0,3.2
Dehradun,gem_seamless,2026-09-29T18:00,23.7,0.0,2.2
Dehradun,gem_seamless,2026-09-29T19:00,22.6,0.0,5.4
Dehradun,gem_seamless,2026-09-29T20:00,21.9,0.0,6.1
Dehradun,gem_seamless,2026-09-29T21:00,21.5,0.0,6.1
Dehradun,gem_seamless,2026-09-29T22:00,21.1,0.0,5.8
Dehradun,gem_seamless,2026-09-29T23:00,20.8,0.0,5.8
Shimla,ecmwf_ifs025,2026-09-27T00:00,12.1,0.1,2.9
Shimla,ecmwf_ifs025,2026-09-27T01:00,11.9,0.1,2.8
Shimla,ecmwf_ifs025,2026-09-27T02:00,11.8,0.1,2.5
Shimla,ecmwf_ifs025,2026-09-27T03:00,11.6,0.4,2.6
Shimla,ecmwf_ifs025,2026-09-27T04:00,11.5,0.4,2.7
Shimla,ecmwf_ifs025,2026-09-27T05:00,11.5,0.4,3.1
Shimla,ecmwf_ifs025,2026-09-27T06:00,11.5,0.3,4.0
Shimla,ecmwf_ifs025,2026-09-27T07:00,11.5,0.3,5.0
Shimla,ecmwf_ifs025,2026-09-27T08:00,11.9,0.3,5.2
Shimla,ecmwf_ifs025,2026-09-27T09:00,12.8,0.1,3.1
Shimla,ecmwf_ifs025,2026-09-27T10:00,14.0,0.1,0.5
Shimla,ecmwf_ifs025,2026-09-27T11:00,15.2,0.1,2.8
Shimla,ecmwf_ifs025,2026-09-27T12:00,16.7,0.0,3.3
Shimla,ecmwf_ifs025,2026-09-27T13:00,18.2,0.0,3.1
Shimla,ecmwf_ifs025,2026-09-27T14:00,18.8,0.0,2.8
Shimla,ecmwf_ifs025,2026-09-27T15:00,17.8,0.1,2.4
Shimla,ecmwf_ifs025,2026-09-27T16:00,16.0,0.1,2.5
Shimla,ecmwf_ifs025,2026-09-27T17:00,14.3,0.1,2.3
Shimla,ecmwf_ifs025,2026-09-27T18:00,13.1,0.0,2.0
Shimla,ecmwf_ifs025,2026-09-27T19:00,12.1,0.0,2.3
Shimla,ecmwf_ifs025,2026-09-27T20:00,11.1,0.0,2.5
Shimla,ecmwf_ifs025,2026-09-27T21:00,10.3,0.0,3.2
Shimla,ecmwf_ifs025,2026-09-27T22:00,9.5,0.0,3.9
Shimla,ecmwf_ifs025,2026-09-27T23:00,9.0,0.0,4.3
Shimla,ecmwf_ifs025,2026-09-28T00:00,8.7,0.0,4.6
Shimla,ecmwf_ifs025,2026-09-28T01:00,8.5,0.0,4.1
Shimla,ecmwf_ifs025,2026-09-28T02:00,8.5,0.0,3.8
Shimla,ecmwf_ifs025,2026-09-28T03:00,8.3,0.0,3.6
Shimla,ecmwf_ifs025,2026-09-28T04:00,8.2,0.0,3.3
Shimla,ecmwf_ifs025,2026-09-28T05:00,8.7,0.0,2.8
Shimla,ecmwf_ifs025,2026-09-28T06:00,10.5,0.0,2.6
Shimla,ecmwf_ifs025,2026-09-28T07:00,12.8,0.0,3.0
Shimla,ecmwf_ifs025,2026-09-28T08:00,14.8,0.0,2.5
Shimla,ecmwf_ifs025,2026-09-28T09:00,16.1,0.2,1.5
Shimla,ecmwf_ifs025,2026-09-28T10:00,17.0,0.2,3.3
Shimla,ecmwf_ifs025,2026-09-28T11:00,17.3,0.2,4.8
Shimla,ecmwf_ifs025,2026-09-28T12:00,16.8,1.8,3.6
Shimla,ecmwf_ifs025,2026-09-28T13:00,15.7,1.8,2.2
Shimla,ecmwf_ifs025,2026-09-28T14:00,14.6,1.8,3.1
Shimla,ecmwf_ifs025,2026-09-28T15:00,14.0,1.4,4.3
Shimla,ecmwf_ifs025,2026-09-28T16:00,13.4,1.4,5.8
Shimla,ecmwf_ifs025,2026-09-28T17:00,12.8,1.4,6.4
Shimla,ecmwf_ifs025,2026-09-28T18:00,12.0,0.0,6.4
Shimla,ecmwf_ifs025,2026-09-28T19:00,11.2,0.0,6.1
Shimla,ecmwf_ifs025,2026-09-28T20:00,10.5,0.0,5.6
Shimla,ecmwf_ifs025,2026-09-28T21:00,9.9,0.0,5.1
Shimla,ecmwf_ifs025,2026-09-28T22:00,9.5,0.0,4.6
Shimla,ecmwf_ifs025,2026-09-28T23:00,9.1,0.0,3.8
Shimla,ecmwf_ifs025,2026-09-29T00:00,8.8,0.0,3.3
Shimla,ecmwf_ifs025,2026-09-29T01:00,8.6,0.0,3.1
Shimla,ecmwf_ifs025,2026-09-29T02:00,8.5,0.0,3.1
Shimla,ecmwf_ifs025,2026-09-29T03:00,8.4,0.0,3.1
Shimla,ecmwf_ifs025,2026-09-29T04:00,8.4,0.0,3.1
Shimla,ecmwf_ifs025,2026-09-29T05:00,9.0,0.0,3.1
Shimla,ecmwf_ifs025,2026-09-29T06:00,10.5,0.0,3.3
Shimla,ecmwf_ifs025,2026-09-29T07:00,12.7,0.0,3.8
Shimla,ecmwf_ifs025,2026-09-29T08:00,14.9,0.0,2.8
Shimla,ecmwf_ifs025,2026-09-29T09:00,17.0,0.0,0.4
Shimla,ecmwf_ifs025,2026-09-29T10:00,19.2,0.0,4.3
Shimla,ecmwf_ifs025,2026-09-29T11:00,20.5,0.0,6.6
Shimla,ecmwf_ifs025,2026-09-29T12:00,20.6,0.2,5.7
Shimla,ecmwf_ifs025,2026-09-29T13:00,19.8,0.2,3.2
Shimla,ecmwf_ifs025,2026-09-29T14:00,18.9,0.2,1.8
Shimla,ecmwf_ifs025,2026-09-29T15:00,18.1,0.1,1.9
Shimla,ecmwf_ifs025,2026-09-29T16:00,17.2,0.1,1.9
Shimla,ecmwf_ifs025,2026-09-29T17:00,16.1,0.1,2.1
Shimla,ecmwf_ifs025,2026-09-29T18:00,14.7,0.0,2.1
Shimla,ecmwf_ifs025,2026-09-29T19:00,13.1,0.0,2.5
Shimla,ecmwf_ifs025,2026-09-29T20:00,11.7,0.0,3.4
Shimla,ecmwf_ifs025,2026-09-29T21:00,10.6,0.0,4.0
Shimla,ecmwf_ifs025,2026-09-29T22:00,9.7,0.0,4.7
Shimla,ecmwf_ifs025,2026-09-29T23:00,9.0,0.0,5.2
Shimla,gfs_seamless,2026-09-27T00:00,10.4,0.0,8.7
Shimla,gfs_seamless,2026-09-27T01:00,10.9,0.0,8.4
Shimla,gfs_seamless,2026-09-27T02:00,11.1,0.0,7.6
Shimla,gfs_seamless,2026-09-27T03:00,10.3,0.0,8.9
Shimla,gfs_seamless,2026-09-27T04:00,10.8,0.0,8.7
Shimla,gfs_seamless,2026-09-27T05:00,10.0,0.0,9.0
Shimla,gfs_seamless,2026-09-27T06:00,10.0,0.0,8.6
Shimla,gfs_seamless,2026-09-27T07:00,12.2,0.0,5.7
Shimla,gfs_seamless,2026-09-27T08:00,14.5,0.0,3.8
Shimla,gfs_seamless,2026-09-27T09:00,16.6,0.0,5.1
Shimla,gfs_seamless,2026-09-27T10:00,17.7,0.0,7.4
Shimla,gfs_seamless,2026-09-27T11:00,18.5,0.0,9.0
Shimla,gfs_seamless,2026-09-27T12:00,19.1,0.0,9.1
Shimla,gfs_seamless,2026-09-27T13:00,19.1,0.0,9.4
Shimla,gfs_seamless,2026-09-27T14:00,17.1,0.1,7.9
Shimla,gfs_seamless,2026-09-27T15:00,15.3,0.5,5.9
Shimla,gfs_seamless,2026-09-27T16:00,14.9,0.9,3.9
Shimla,gfs_seamless,2026-09-27T17:00,13.9,0.7,2.8
Shimla,gfs_seamless,2026-09-27T18:00,11.9,0.1,5.4
Shimla,gfs_seamless,2026-09-27T19:00,11.8,0.0,6.8
Shimla,gfs_seamless,2026-09-27T20:00,11.2,0.0,8.0
Shimla,gfs_seamless,2026-09-27T21:00,10.9,0.0,7.4
Shimla,gfs_seamless,2026-09-27T22:00,10.7,0.0,8.5
Shimla,gfs_seamless,2026-09-27T23:00,10.4,0.0,8.6
Shimla,gfs_seamless,2026-09-28T00:00,10.2,0.0,8.5
Shimla,gfs_seamless,2026-09-28T01:00,9.7,0.0,9.5
Shimla,gfs_seamless,2026-09-28T02:00,9.4,0.0,9.5
Shimla,gfs_seamless,2026-09-28T03:00,9.3,0.0,10.8
Shimla,gfs_seamless,2026-09-28T04:00,9.5,0.0,10.8
Shimla,gfs_seamless,2026-09-28T05:00,10.1,0.0,8.8
Shimla,gfs_seamless,2026-09-28T06:00,10.3,0.0,7.7
Shimla,gfs_seamless,2026-09-28T07:00,12.7,0.0,6.0
Shimla,gfs_seamless,2026-09-28T08:00,14.8,0.0,2.8
Shimla,gfs_seamless,2026-09-28T09:00,16.4,0.0,3.4
Shimla,gfs_seamless,2026-09-28T10:00,18.6,0.0,5.9
Shimla,gfs_seamless,2026-09-28T11:00,19.5,0.0,8.3
Shimla,gfs_seamless,2026-09-28T12:00,20.0,0.0,9.0
Shimla,gfs_seamless,2026-09-28T13:00,20.0,0.0,9.7
Shimla,gfs_seamless,2026-09-28T14:00,19.6,0.0,10.1
Shimla,gfs_seamless,2026-09-28T15:00,18.7,0.0,9.8
Shimla,gfs_seamless,2026-09-28T16:00,17.3,0.7,7.6
Shimla,gfs_seamless,2026-09-28T17:00,14.5,1.6,6.0
Shimla,gfs_seamless,2026-09-28T18:00,12.6,0.0,4.0
Shimla,gfs_seamless,2026-09-28T19:00,12.0,0.0,7.1
Shimla,gfs_seamless,2026-09-28T20:00,11.6,0.0,8.7
Shimla,gfs_seamless,2026-09-28T21:00,11.5,0.0,9.0
Shimla,gfs_seamless,2026-09-28T22:00,11.3,0.0,8.8
Shimla,gfs_seamless,2026-09-28T23:00,11.4,0.0,7.8
Shimla,gfs_seamless,2026-09-29T00:00,11.6,0.0,7.7
Shimla,gfs_seamless,2026-09-29T01:00,11.2,0.0,8.7
Shimla,gfs_seamless,2026-09-29T02:00,10.8,0.0,8.9
Shimla,gfs_seamless,2026-09-29T03:00,10.8,0.0,7.9
Shimla,gfs_seamless,2026-09-29T04:00,11.7,0.0,7.2
Shimla,gfs_seamless,2026-09-29T05:00,11.7,0.0,6.3
Shimla,gfs_seamless,2026-09-29T06:00,10.8,0.0,6.3
Shimla,gfs_seamless,2026-09-29T07:00,12.9,0.0,5.8
Shimla,gfs_seamless,2026-09-29T08:00,15.7,0.0,3.7
Shimla,gfs_seamless,2026-09-29T09:00,18.0,0.0,4.3
Shimla,gfs_seamless,2026-09-29T10:00,19.2,0.0,6.8
Shimla,gfs_seamless,2026-09-29T11:00,20.1,0.0,8.4
Shimla,gfs_seamless,2026-09-29T12:00,20.5,0.0,9.1
Shimla,gfs_seamless,2026-09-29T13:00,20.5,0.0,9.5
Shimla,gfs_seamless,2026-09-29T14:00,20.3,0.0,9.6
Shimla,gfs_seamless,2026-09-29T15:00,19.6,0.0,8.8
Shimla,gfs_seamless,2026-09-29T16:00,18.4,0.0,8.0
Shimla,gfs_seamless,2026-09-29T17:00,16.1,0.1,5.9
Shimla,gfs_seamless,2026-09-29T18:00,13.4,0.1,2.5
Shimla,gfs_seamless,2026-09-29T19:00,12.9,0.1,4.2
Shimla,gfs_seamless,2026-09-29T20:00,12.5,0.0,6.3
Shimla,gfs_seamless,2026-09-29T21:00,12.3,0.0,7.1
Shimla,gfs_seamless,2026-09-29T22:00,12.1,0.0,7.1
Shimla,gfs_seamless,2026-09-29T23:00,11.9,0.0,7.5
Shimla,icon_seamless,2026-09-27T00:00,13.1,0.0,4.0
Shimla,icon_seamless,2026-09-27T01:00,13.0,0.0,3.3
Shimla,icon_seamless,2026-09-27T02:00,12.8,0.0,3.3
Shimla,icon_seamless,2026-09-27T03:00,12.9,0.0,3.3
Shimla,icon_seamless,2026-09-27T04:00,13.0,0.0,2.6
Shimla,icon_seamless,2026-09-27T05:00,12.3,0.0,4.0
Shimla,icon_seamless,2026-09-27T06:00,12.2,0.0,3.4
Shimla,icon_seamless,2026-09-27T07:00,12.8,0.0,3.5
Shimla,icon_seamless,2026-09-27T08:00,14.0,0.0,4.0
Shimla,icon_seamless,2026-09-27T09:00,15.5,0.0,1.1
Shimla,icon_seamless,2026-09-27T10:00,16.8,0.0,2.9
Shimla,icon_seamless,2026-09-27T11:00,17.4,0.0,3.6
Shimla,icon_seamless,2026-09-27T12:00,18.2,0.0,6.4
Shimla,icon_seamless,2026-09-27T13:00,18.4,0.0,8.3
Shimla,icon_seamless,2026-09-27T14:00,16.9,0.0,8.3
Shimla,icon_seamless,2026-09-27T15:00,15.6,0.1,7.9
Shimla,icon_seamless,2026-09-27T16:00,15.2,0.1,5.8
Shimla,icon_seamless,2026-09-27T17:00,14.7,0.1,3.7
Shimla,icon_seamless,2026-09-27T18:00,14.1,0.0,1.9
Shimla,icon_seamless,2026-09-27T19:00,13.7,0.0,1.4
Shimla,icon_seamless,2026-09-27T20:00,13.4,0.0,2.7
Shimla,icon_seamless,2026-09-27T21:00,13.0,0.0,3.4
Shimla,icon_seamless,2026-09-27T22:00,12.5,0.0,4.0
Shimla,icon_seamless,2026-09-27T23:00,12.1,0.0,4.0
Shimla,icon_seamless,2026-09-28T00:00,11.9,0.0,4.3
Shimla,icon_seamless,2026-09-28T01:00,11.7,0.0,4.7
Shimla,icon_seamless,2026-09-28T02:00,11.7,0.0,4.2
Shimla,icon_seamless,2026-09-28T03:00,11.6,0.0,4.7
Shimla,icon_seamless,2026-09-28T04:00,11.6,0.0,4.8
Shimla,icon_seamless,2026-09-28T05:00,11.7,0.0,5.0
Shimla,icon_seamless,2026-09-28T06:00,11.9,0.0,5.2
Shimla,icon_seamless,2026-09-28T07:00,12.6,0.0,3.2
Shimla,icon_seamless,2026-09-28T08:00,14.4,0.0,2.7
Shimla,icon_seamless,2026-09-28T09:00,16.1,0.0,2.3
Shimla,icon_seamless,2026-09-28T10:00,16.8,0.0,1.0
Shimla,icon_seamless,2026-09-28T11:00,17.5,0.0,0.8
Shimla,icon_seamless,2026-09-28T12:00,17.5,0.9,1.6
Shimla,icon_seamless,2026-09-28T13:00,17.3,0.2,0.4
Shimla,icon_seamless,2026-09-28T14:00,16.3,1.8,1.9
Shimla,icon_seamless,2026-09-28T15:00,16.2,1.3,3.5
Shimla,icon_seamless,2026-09-28T16:00,16.4,0.4,4.1
Shimla,icon_seamless,2026-09-28T17:00,15.9,0.0,3.9
Shimla,icon_seamless,2026-09-28T18:00,14.9,0.0,4.3
Shimla,icon_seamless,2026-09-28T19:00,14.1,0.0,5.9
Shimla,icon_seamless,2026-09-28T20:00,13.7,0.0,4.0
Shimla,icon_seamless,2026-09-28T21:00,13.4,0.0,4.7
Shimla,icon_seamless,2026-09-28T22:00,13.1,0.0,4.0
Shimla,icon_seamless,2026-09-28T23:00,12.7,0.0,3.4
Shimla,icon_seamless,2026-09-29T00:00,12.3,0.0,3.5
Shimla,icon_seamless,2026-09-29T01:00,12.1,0.2,3.5
Shimla,icon_seamless,2026-09-29T02:00,12.0,0.5,2.1
Shimla,icon_seamless,2026-09-29T03:00,11.6,0.2,4.6
Shimla,icon_seamless,2026-09-29T04:00,11.2,0.0,5.1
Shimla,icon_seamless,2026-09-29T05:00,11.1,0.0,5.2
Shimla,icon_seamless,2026-09-29T06:00,10.9,0.0,5.3
Shimla,icon_seamless,2026-09-29T07:00,12.2,0.0,5.0
Shimla,icon_seamless,2026-09-29T08:00,15.0,0.0,4.2
Shimla,icon_seamless,2026-09-29T09:00,17.1,0.0,1.0
Shimla,icon_seamless,2026-09-29T10:00,18.3,0.0,3.2
Shimla,icon_seamless,2026-09-29T11:00,19.0,0.0,5.4
Shimla,icon_seamless,2026-09-29T12:00,19.2,0.3,5.1
Shimla,icon_seamless,2026-09-29T13:00,18.9,0.3,6.8
Shimla,icon_seamless,2026-09-29T14:00,18.4,0.4,5.4
Shimla,icon_seamless,2026-09-29T15:00,17.4,0.5,4.8
Shimla,icon_seamless,2026-09-29T16:00,17.2,0.0,3.2
Shimla,icon_seamless,2026-09-29T17:00,16.4,0.0,3.2
Shimla,icon_seamless,2026-09-29T18:00,15.0,0.0,3.3
Shimla,icon_seamless,2026-09-29T19:00,14.1,0.0,3.9
Shimla,icon_seamless,2026-09-29T20:00,13.6,0.0,4.2
Shimla,icon_seamless,2026-09-29T21:00,13.2,0.0,4.2
Shimla,icon_seamless,2026-09-29T22:00,12.7,0.0,4.2
Shimla,icon_seamless,2026-09-29T23:00,12.3,0.0,4.7
Shimla,gem_seamless,2026-09-27T00:00,12.8,1.2,3.6
Shimla,gem_seamless,2026-09-27T01:00,11.3,5.9,4.0
Shimla,gem_seamless,2026-09-27T02:00,10.9,10.3,5.4
Shimla,gem_seamless,2026-09-27T03:00,10.4,8.6,5.8
Shimla,gem_seamless,2026-09-27T04:00,10.1,5.6,5.0
Shimla,gem_seamless,2026-09-27T05:00,10.1,2.5,4.7
Shimla,gem_seamless,2026-09-27T06:00,10.0,1.0,4.7
Shimla,gem_seamless,2026-09-27T07:00,10.1,0.9,5.0
Shimla,gem_seamless,2026-09-27T08:00,10.5,0.4,6.1
Shimla,gem_seamless,2026-09-27T09:00,11.6,0.1,5.0
Shimla,gem_seamless,2026-09-27T10:00,12.6,0.1,4.3
Shimla,gem_seamless,2026-09-27T11:00,13.4,0.3,3.2
Shimla,gem_seamless,2026-09-27T12:00,12.3,0.9,3.2
Shimla,gem_seamless,2026-09-27T13:00,12.2,1.0,2.5
Shimla,gem_seamless,2026-09-27T14:00,12.2,1.7,2.5
Shimla,gem_seamless,2026-09-27T15:00,12.1,1.6,2.5
Shimla,gem_seamless,2026-09-27T16:00,12.1,1.3,2.5
Shimla,gem_seamless,2026-09-27T17:00,12.0,1.2,2.2
Shimla,gem_seamless,2026-09-27T18:00,11.8,1.6,2.5
Shimla,gem_seamless,2026-09-27T19:00,11.7,2.3,2.5
Shimla,gem_seamless,2026-09-27T20:00,11.6,3.8,2.5
Shimla,gem_seamless,2026-09-27T21:00,11.6,3.8,2.5
Shimla,gem_seamless,2026-09-27T22:00,11.6,3.7,2.5
Shimla,gem_seamless,2026-09-27T23:00,11.5,2.2,1.8
Shimla,gem_seamless,2026-09-28T00:00,11.4,0.9,2.5
Shimla,gem_seamless,2026-09-28T01:00,11.3,0.6,2.5
Shimla,gem_seamless,2026-09-28T02:00,11.1,0.2,2.9
Shimla,gem_seamless,2026-09-28T03:00,11.0,0.0,2.9
Shimla,gem_seamless,2026-09-28T04:00,10.7,0.0,3.2
Shimla,gem_seamless,2026-09-28T05:00,10.2,0.0,3.6
Shimla,gem_seamless,2026-09-28T06:00,9.9,0.0,4.0
Shimla,gem_seamless,2026-09-28T07:00,10.9,0.0,4.3
Shimla,gem_seamless,2026-09-28T08:00,12.9,0.0,2.9
Shimla,gem_seamless,2026-09-28T09:00,16.1,0.0,0.4
Shimla,gem_seamless,2026-09-28T10:00,18.0,0.0,3.2
Shimla,gem_seamless,2026-09-28T11:00,18.2,0.1,4.3
Shimla,gem_seamless,2026-09-28T12:00,15.9,0.2,3.2
Shimla,gem_seamless,2026-09-28T13:00,15.8,0.1,3.2
Shimla,gem_seamless,2026-09-28T14:00,15.5,0.0,3.2
Shimla,gem_seamless,2026-09-28T15:00,16.3,0.0,3.6
Shimla,gem_seamless,2026-09-28T16:00,16.6,0.0,2.9
Shimla,gem_seamless,2026-09-28T17:00,15.8,0.0,2.2
Shimla,gem_seamless,2026-09-28T18:00,13.5,0.0,1.1
Shimla,gem_seamless,2026-09-28T19:00,12.4,0.0,1.8
Shimla,gem_seamless,2026-09-28T20:00,11.9,0.0,3.2
Shimla,gem_seamless,2026-09-28T21:00,11.6,0.0,3.2
Shimla,gem_seamless,2026-09-28T22:00,11.4,0.0,3.6
Shimla,gem_seamless,2026-09-28T23:00,11.1,0.0,4.0
Shimla,gem_seamless,2026-09-29T00:00,10.9,0.0,4.3
Shimla,gem_seamless,2026-09-29T01:00,10.6,0.0,4.3
Shimla,gem_seamless,2026-09-29T02:00,10.3,0.0,4.7
Shimla,gem_seamless,2026-09-29T03:00,10.1,0.0,5.0
Shimla,gem_seamless,2026-09-29T04:00,9.8,0.0,5.0
Shimla,gem_seamless,2026-09-29T05:00,9.5,0.0,5.4
Shimla,gem_seamless,2026-09-29T06:00,9.3,0.0,5.4
Shimla,gem_seamless,2026-09-29T07:00,10.5,0.0,5.0
Shimla,gem_seamless,2026-09-29T08:00,13.4,0.0,3.6
Shimla,gem_seamless,2026-09-29T09:00,16.4,0.0,2.2
Shimla,gem_seamless,2026-09-29T10:00,18.4,0.0,1.8
Shimla,gem_seamless,2026-09-29T11:00,19.4,0.0,3.2
Shimla,gem_seamless,2026-09-29T12:00,19.9,0.0,4.0
Shimla,gem_seamless,2026-09-29T13:00,20.2,0.0,4.3
Shimla,gem_seamless,2026-09-29T14:00,20.3,0.0,4.3
Shimla,gem_seamless,2026-09-29T15:00,20.0,0.0,4.3
Shimla,gem_seamless,2026-09-29T16:00,19.3,0.0,4.3
Shimla,gem_seamless,2026-09-29T17:00,18.1,0.0,3.2
Shimla,gem_seamless,2026-09-29T18:00,15.6,0.0,2.2
Shimla,gem_seamless,2026-09-29T19:00,13.6,0.0,0.7
Shimla,gem_seamless,2026-09-29T20:00,12.6,0.0,2.5
Shimla,gem_seamless,2026-09-29T21:00,12.3,0.0,3.2
Shimla,gem_seamless,2026-09-29T22:00,11.9,0.0,3.2
Shimla,gem_seamless,2026-09-29T23:00,11.7,0.0,3.2
Thiruvananthapuram,ecmwf_ifs025,2026-09-27T00:00,25.8,0.0,6.4
Thiruvananthapuram,ecmwf_ifs025,2026-09-27T01:00,25.3,0.0,5.4
Thiruvananthapuram,ecmwf_ifs025,2026-09-27T02:00,24.9,0.0,4.8
Thiruvananthapuram,ecmwf_ifs025,2026-09-27T03:00,24.6,0.0,5.1
Thiruvananthapuram,ecmwf_ifs025,2026-09-27T04:00,24.3,0.0,6.2
Thiruvananthapuram,ecmwf_ifs025,2026-09-27T05:00,24.6,0.0,7.6
Thiruvananthapuram,ecmwf_ifs025,2026-09-27T06:00,25.6,0.0,8.6
Thiruvananthapuram,ecmwf_ifs025,2026-09-27T07:00,27.1,0.0,9.0
Thiruvananthapuram,ecmwf_ifs025,2026-09-27T08:00,28.4,0.0,9.8
Thiruvananthapuram,ecmwf_ifs025,2026-09-27T09:00,29.5,0.1,11.0
Thiruvananthapuram,ecmwf_ifs025,2026-09-27T10:00,30.3,0.1,12.5
Thiruvananthapuram,ecmwf_ifs025,2026-09-27T11:00,30.9,0.1,14.7
Thiruvananthapuram,ecmwf_ifs025,2026-09-27T12:00,31.0,0.3,16.9
Thiruvananthapuram,ecmwf_ifs025,2026-09-27T13:00,30.8,0.3,18.9
Thiruvananthapuram,ecmwf_ifs025,2026-09-27T14:00,30.4,0.3,19.7
Thiruvananthapuram,ecmwf_ifs025,2026-09-27T15:00,29.7,0.3,18.8
Thiruvananthapuram,ecmwf_ifs025,2026-09-27T16:00,28.8,0.3,16.6
Thiruvananthapuram,ecmwf_ifs025,2026-09-27T17:00,27.9,0.3,14.5
Thiruvananthapuram,ecmwf_ifs025,2026-09-27T18:00,27.3,0.0,12.4
Thiruvananthapuram,ecmwf_ifs025,2026-09-27T19:00,26.8,0.0,10.2
Thiruvananthapuram,ecmwf_ifs025,2026-09-27T20:00,26.4,0.0,9.3
Thiruvananthapuram,ecmwf_ifs025,2026-09-27T21:00,26.0,0.0,8.7
Thiruvananthapuram,ecmwf_ifs025,2026-09-27T22:00,25.7,0.0,7.9
Thiruvananthapuram,ecmwf_ifs025,2026-09-27T23:00,25.4,0.0,7.7
Thiruvananthapuram,ecmwf_ifs025,2026-09-28T00:00,25.2,0.0,7.8
Thiruvananthapuram,ecmwf_ifs025,2026-09-28T01:00,25.0,0.0,8.1
Thiruvananthapuram,ecmwf_ifs025,2026-09-28T02:00,24.8,0.0,8.4
Thiruvananthapuram,ecmwf_ifs025,2026-09-28T03:00,24.6,0.0,8.5
Thiruvananthapuram,ecmwf_ifs025,2026-09-28T04:00,24.3,0.0,8.5
Thiruvananthapuram,ecmwf_ifs025,2026-09-28T05:00,24.5,0.0,8.9
Thiruvananthapuram,ecmwf_ifs025,2026-09-28T06:00,25.5,0.0,9.5
Thiruvananthapuram,ecmwf_ifs025,2026-09-28T07:00,27.0,0.0,10.0
Thiruvananthapuram,ecmwf_ifs025,2026-09-28T08:00,28.3,0.0,10.5
Thiruvananthapuram,ecmwf_ifs025,2026-09-28T09:00,29.4,0.0,11.0
Thiruvananthapuram,ecmwf_ifs025,2026-09-28T10:00,30.4,0.0,12.6
Thiruvananthapuram,ecmwf_ifs025,2026-09-28T11:00,31.1,0.0,14.6
Thiruvananthapuram,ecmwf_ifs025,2026-09-28T12:00,31.2,0.1,15.6
Thiruvananthapuram,ecmwf_ifs025,2026-09-28T13:00,31.0,0.1,15.7
Thiruvananthapuram,ecmwf_ifs025,2026-09-28T14:00,30.6,0.1,15.4
Thiruvananthapuram,ecmwf_ifs025,2026-09-28T15:00,30.0,0.1,14.8
Thiruvananthapuram,ecmwf_ifs025,2026-09-28T16:00,29.2,0.1,13.7
Thiruvananthapuram,ecmwf_ifs025,2026-09-28T17:00,28.5,0.1,12.1
Thiruvananthapuram,ecmwf_ifs025,2026-09-28T18:00,27.8,0.0,10.1
Thiruvananthapuram,ecmwf_ifs025,2026-09-28T19:00,27.3,0.0,8.0
Thiruvananthapuram,ecmwf_ifs025,2026-09-28T20:00,26.7,0.0,6.6
Thiruvananthapuram,ecmwf_ifs025,2026-09-28T21:00,26.2,0.0,6.8
Thiruvananthapuram,ecmwf_ifs025,2026-09-28T22:00,25.8,0.0,7.6
Thiruvananthapuram,ecmwf_ifs025,2026-09-28T23:00,25.4,0.0,8.1
Thiruvananthapuram,ecmwf_ifs025,2026-09-29T00:00,25.1,0.0,7.4
Thiruvananthapuram,ecmwf_ifs025,2026-09-29T01:00,24.8,0.0,6.8
Thiruvananthapuram,ecmwf_ifs025,2026-09-29T02:00,24.5,0.0,6.4
Thiruvananthapuram,ecmwf_ifs025,2026-09-29T03:00,24.1,0.0,6.6
Thiruvananthapuram,ecmwf_ifs025,2026-09-29T04:00,23.8,0.0,6.9
Thiruvananthapuram,ecmwf_ifs025,2026-09-29T05:00,24.0,0.0,7.4
Thiruvananthapuram,ecmwf_ifs025,2026-09-29T06:00,25.1,0.0,8.0
Thiruvananthapuram,ecmwf_ifs025,2026-09-29T07:00,26.8,0.0,8.1
Thiruvananthapuram,ecmwf_ifs025,2026-09-29T08:00,28.3,0.0,8.5
Thiruvananthapuram,ecmwf_ifs025,2026-09-29T09:00,29.4,0.2,9.3
Thiruvananthapuram,ecmwf_ifs025,2026-09-29T10:00,30.4,0.2,11.2
Thiruvananthapuram,ecmwf_ifs025,2026-09-29T11:00,31.0,0.2,13.4
Thiruvananthapuram,ecmwf_ifs025,2026-09-29T12:00,31.2,0.0,15.1
Thiruvananthapuram,ecmwf_ifs025,2026-09-29T13:00,31.0,0.0,15.9
Thiruvananthapuram,ecmwf_ifs025,2026-09-29T14:00,30.6,0.0,16.2
Thiruvananthapuram,ecmwf_ifs025,2026-09-29T15:00,30.0,0.2,15.5
Thiruvananthapuram,ecmwf_ifs025,2026-09-29T16:00,29.1,0.2,13.7
Thiruvananthapuram,ecmwf_ifs025,2026-09-29T17:00,28.2,0.2,11.8
Thiruvananthapuram,ecmwf_ifs025,2026-09-29T18:00,27.5,0.1,9.2
Thiruvananthapuram,ecmwf_ifs025,2026-09-29T19:00,26.9,0.1,6.6
Thiruvananthapuram,ecmwf_ifs025,2026-09-29T20:00,26.3,0.1,6.4
Thiruvananthapuram,ecmwf_ifs025,2026-09-29T21:00,25.9,0.0,6.6
Thiruvananthapuram,ecmwf_ifs025,2026-09-29T22:00,25.6,0.0,7.3
Thiruvananthapuram,ecmwf_ifs025,2026-09-29T23:00,25.3,0.0,7.7
Thiruvananthapuram,gfs_seamless,2026-09-27T00:00,25.0,0.0,6.7
Thiruvananthapuram,gfs_seamless,2026-09-27T01:00,25.0,0.0,7.0
Thiruvananthapuram,gfs_seamless,2026-09-27T02:00,24.9,0.0,7.1
Thiruvananthapuram,gfs_seamless,2026-09-27T03:00,24.6,0.0,7.8
Thiruvananthapuram,gfs_seamless,2026-09-27T04:00,24.2,0.0,7.3
Thiruvananthapuram,gfs_seamless,2026-09-27T05:00,24.0,0.0,7.7
Thiruvananthapuram,gfs_seamless,2026-09-27T06:00,24.1,0.0,7.5
Thiruvananthapuram,gfs_seamless,2026-09-27T07:00,26.0,0.0,10.0
Thiruvananthapuram,gfs_seamless,2026-09-27T08:00,28.2,0.0,12.4
Thiruvananthapuram,gfs_seamless,2026-09-27T09:00,30.0,0.0,14.0
Thiruvananthapuram,gfs_seamless,2026-09-27T10:00,31.5,0.0,14.5
Thiruvananthapuram,gfs_seamless,2026-09-27T11:00,32.5,0.0,15.9
Thiruvananthapuram,gfs_seamless,2026-09-27T12:00,32.6,0.0,19.0
Thiruvananthapuram,gfs_seamless,2026-09-27T13:00,31.8,0.0,20.5
Thiruvananthapuram,gfs_seamless,2026-09-27T14:00,31.1,0.0,19.7
Thiruvananthapuram,gfs_seamless,2026-09-27T15:00,30.5,0.0,18.8
Thiruvananthapuram,gfs_seamless,2026-09-27T16:00,29.5,0.0,18.4
Thiruvananthapuram,gfs_seamless,2026-09-27T17:00,28.2,0.0,15.7
Thiruvananthapuram,gfs_seamless,2026-09-27T18:00,26.8,0.0,13.0
Thiruvananthapuram,gfs_seamless,2026-09-27T19:00,26.4,0.0,11.7
Thiruvananthapuram,gfs_seamless,2026-09-27T20:00,26.1,0.0,10.5
Thiruvananthapuram,gfs_seamless,2026-09-27T21:00,25.7,0.0,8.7
Thiruvananthapuram,gfs_seamless,2026-09-27T22:00,25.3,0.0,8.1
Thiruvananthapuram,gfs_seamless,2026-09-27T23:00,24.9,0.0,8.0
Thiruvananthapuram,gfs_seamless,2026-09-28T00:00,24.8,0.0,9.0
Thiruvananthapuram,gfs_seamless,2026-09-28T01:00,24.5,0.0,8.0
Thiruvananthapuram,gfs_seamless,2026-09-28T02:00,24.2,0.0,7.4
Thiruvananthapuram,gfs_seamless,2026-09-28T03:00,23.9,0.0,7.4
Thiruvananthapuram,gfs_seamless,2026-09-28T04:00,23.8,0.0,7.4
Thiruvananthapuram,gfs_seamless,2026-09-28T05:00,23.7,0.0,7.9
Thiruvananthapuram,gfs_seamless,2026-09-28T06:00,23.8,0.0,6.7
Thiruvananthapuram,gfs_seamless,2026-09-28T07:00,26.0,0.0,9.9
Thiruvananthapuram,gfs_seamless,2026-09-28T08:00,28.6,0.0,11.3
Thiruvananthapuram,gfs_seamless,2026-09-28T09:00,30.6,0.0,11.7
Thiruvananthapuram,gfs_seamless,2026-09-28T10:00,32.1,0.0,12.5
Thiruvananthapuram,gfs_seamless,2026-09-28T11:00,33.0,0.0,14.8
Thiruvananthapuram,gfs_seamless,2026-09-28T12:00,33.1,0.0,16.6
Thiruvananthapuram,gfs_seamless,2026-09-28T13:00,32.4,0.0,18.7
Thiruvananthapuram,gfs_seamless,2026-09-28T14:00,31.6,0.0,18.0
Thiruvananthapuram,gfs_seamless,2026-09-28T15:00,30.8,0.0,17.0
Thiruvananthapuram,gfs_seamless,2026-09-28T16:00,29.9,0.0,14.8
Thiruvananthapuram,gfs_seamless,2026-09-28T17:00,28.6,0.0,11.0
Thiruvananthapuram,gfs_seamless,2026-09-28T18:00,27.0,0.0,8.0
Thiruvananthapuram,gfs_seamless,2026-09-28T19:00,26.4,0.0,6.4
Thiruvananthapuram,gfs_seamless,2026-09-28T20:00,26.1,0.0,6.0
Thiruvananthapuram,gfs_seamless,2026-09-28T21:00,25.9,0.0,5.8
Thiruvananthapuram,gfs_seamless,2026-09-28T22:00,25.7,0.0,4.9
Thiruvananthapuram,gfs_seamless,2026-09-28T23:00,25.4,0.0,5.0
Thiruvananthapuram,gfs_seamless,2026-09-29T00:00,25.1,0.0,4.9
Thiruvananthapuram,gfs_seamless,2026-09-29T01:00,24.9,0.0,5.2
Thiruvananthapuram,gfs_seamless,2026-09-29T02:00,24.6,0.0,5.1
Thiruvananthapuram,gfs_seamless,2026-09-29T03:00,24.4,0.0,5.9
Thiruvananthapuram,gfs_seamless,2026-09-29T04:00,24.2,0.0,5.4
Thiruvananthapuram,gfs_seamless,2026-09-29T05:00,24.1,0.0,5.9
Thiruvananthapuram,gfs_seamless,2026-09-29T06:00,24.3,0.0,5.4
Thiruvananthapuram,gfs_seamless,2026-09-29T07:00,26.5,0.0,7.1
Thiruvananthapuram,gfs_seamless,2026-09-29T08:00,28.7,0.0,8.9
Thiruvananthapuram,gfs_seamless,2026-09-29T09:00,30.5,0.0,9.9
Thiruvananthapuram,gfs_seamless,2026-09-29T10:00,31.9,0.0,11.8
Thiruvananthapuram,gfs_seamless,2026-09-29T11:00,32.6,0.0,14.1
Thiruvananthapuram,gfs_seamless,2026-09-29T12:00,32.5,0.0,16.9
Thiruvananthapuram,gfs_seamless,2026-09-29T13:00,32.2,0.0,18.0
Thiruvananthapuram,gfs_seamless,2026-09-29T14:00,31.6,0.0,17.8
Thiruvananthapuram,gfs_seamless,2026-09-29T15:00,30.8,0.0,16.9
Thiruvananthapuram,gfs_seamless,2026-09-29T16:00,29.6,0.0,15.6
Thiruvananthapuram,gfs_seamless,2026-09-29T17:00,28.2,0.0,12.1
Thiruvananthapuram,gfs_seamless,2026-09-29T18:00,26.7,0.0,9.3
Thiruvananthapuram,gfs_seamless,2026-09-29T19:00,26.0,0.0,7.4
Thiruvananthapuram,gfs_seamless,2026-09-29T20:00,25.5,0.0,5.9
Thiruvananthapuram,gfs_seamless,2026-09-29T21:00,25.3,0.0,5.6
Thiruvananthapuram,gfs_seamless,2026-09-29T22:00,24.9,0.0,5.4
Thiruvananthapuram,gfs_seamless,2026-09-29T23:00,24.6,0.0,5.8
Thiruvananthapuram,icon_seamless,2026-09-27T00:00,26.2,0.0,8.2
Thiruvananthapuram,icon_seamless,2026-09-27T01:00,26.1,0.0,7.9
Thiruvananthapuram,icon_seamless,2026-09-27T02:00,26.0,0.0,7.4
Thiruvananthapuram,icon_seamless,2026-09-27T03:00,25.9,0.0,7.4
Thiruvananthapuram,icon_seamless,2026-09-27T04:00,25.8,0.0,7.1
Thiruvananthapuram,icon_seamless,2026-09-27T05:00,25.8,0.0,6.1
Thiruvananthapuram,icon_seamless,2026-09-27T06:00,25.8,0.0,5.9
Thiruvananthapuram,icon_seamless,2026-09-27T07:00,26.5,0.0,7.0
Thiruvananthapuram,icon_seamless,2026-09-27T08:00,27.9,0.0,9.7
Thiruvananthapuram,icon_seamless,2026-09-27T09:00,29.2,0.0,11.7
Thiruvananthapuram,icon_seamless,2026-09-27T10:00,30.2,0.0,13.8
Thiruvananthapuram,icon_seamless,2026-09-27T11:00,30.6,0.0,15.0
Thiruvananthapuram,icon_seamless,2026-09-27T12:00,30.9,0.0,16.1
Thiruvananthapuram,icon_seamless,2026-09-27T13:00,30.9,0.0,17.2
Thiruvananthapuram,icon_seamless,2026-09-27T14:00,30.5,0.0,17.5
Thiruvananthapuram,icon_seamless,2026-09-27T15:00,30.0,0.0,16.9
Thiruvananthapuram,icon_seamless,2026-09-27T16:00,29.4,0.0,16.0
Thiruvananthapuram,icon_seamless,2026-09-27T17:00,28.7,0.0,14.5
Thiruvananthapuram,icon_seamless,2026-09-27T18:00,28.0,0.0,12.6
Thiruvananthapuram,icon_seamless,2026-09-27T19:00,27.6,0.0,11.0
Thiruvananthapuram,icon_seamless,2026-09-27T20:00,27.4,0.0,9.5
Thiruvananthapuram,icon_seamless,2026-09-27T21:00,27.2,0.0,7.9
Thiruvananthapuram,icon_seamless,2026-09-27T22:00,27.0,0.0,7.3
Thiruvananthapuram,icon_seamless,2026-09-27T23:00,26.7,0.0,6.3
Thiruvananthapuram,icon_seamless,2026-09-28T00:00,26.5,0.0,5.4
Thiruvananthapuram,icon_seamless,2026-09-28T01:00,26.4,0.0,4.8
Thiruvananthapuram,icon_seamless,2026-09-28T02:00,26.3,0.0,4.6
Thiruvananthapuram,icon_seamless,2026-09-28T03:00,26.2,0.0,4.3
Thiruvananthapuram,icon_seamless,2026-09-28T04:00,26.2,0.0,5.0
Thiruvananthapuram,icon_seamless,2026-09-28T05:00,26.1,0.0,5.0
Thiruvananthapuram,icon_seamless,2026-09-28T06:00,26.0,0.0,5.4
Thiruvananthapuram,icon_seamless,2026-09-28T07:00,26.5,0.0,5.9
Thiruvananthapuram,icon_seamless,2026-09-28T08:00,27.7,0.0,7.5
Thiruvananthapuram,icon_seamless,2026-09-28T09:00,29.4,0.0,9.7
Thiruvananthapuram,icon_seamless,2026-09-28T10:00,30.6,0.0,11.3
Thiruvananthapuram,icon_seamless,2026-09-28T11:00,31.1,0.0,12.9
Thiruvananthapuram,icon_seamless,2026-09-28T12:00,31.1,0.0,15.2
Thiruvananthapuram,icon_seamless,2026-09-28T13:00,30.9,0.0,15.5
Thiruvananthapuram,icon_seamless,2026-09-28T14:00,30.5,0.0,15.1
Thiruvananthapuram,icon_seamless,2026-09-28T15:00,30.1,0.0,13.7
Thiruvananthapuram,icon_seamless,2026-09-28T16:00,29.5,0.0,12.3
Thiruvananthapuram,icon_seamless,2026-09-28T17:00,28.7,0.0,10.2
Thiruvananthapuram,icon_seamless,2026-09-28T18:00,28.1,0.0,8.0
Thiruvananthapuram,icon_seamless,2026-09-28T19:00,27.8,0.0,5.8
Thiruvananthapuram,icon_seamless,2026-09-28T20:00,27.6,0.0,4.1
Thiruvananthapuram,icon_seamless,2026-09-28T21:00,27.4,0.0,3.7
Thiruvananthapuram,icon_seamless,2026-09-28T22:00,27.1,0.0,3.3
Thiruvananthapuram,icon_seamless,2026-09-28T23:00,26.9,0.0,3.3
Thiruvananthapuram,icon_seamless,2026-09-29T00:00,26.7,0.0,3.2
Thiruvananthapuram,icon_seamless,2026-09-29T01:00,26.5,0.0,3.6
Thiruvananthapuram,icon_seamless,2026-09-29T02:00,26.4,0.0,3.3
Thiruvananthapuram,icon_seamless,2026-09-29T03:00,26.3,0.0,3.7
Thiruvananthapuram,icon_seamless,2026-09-29T04:00,26.3,0.0,4.3
Thiruvananthapuram,icon_seamless,2026-09-29T05:00,26.2,0.0,4.0
Thiruvananthapuram,icon_seamless,2026-09-29T06:00,26.1,0.0,2.9
Thiruvananthapuram,icon_seamless,2026-09-29T07:00,26.8,0.0,2.5
Thiruvananthapuram,icon_seamless,2026-09-29T08:00,28.1,0.0,5.8
Thiruvananthapuram,icon_seamless,2026-09-29T09:00,29.3,0.0,8.0
Thiruvananthapuram,icon_seamless,2026-09-29T10:00,30.4,0.0,9.3
Thiruvananthapuram,icon_seamless,2026-09-29T11:00,30.7,0.0,11.5
Thiruvananthapuram,icon_seamless,2026-09-29T12:00,30.6,0.0,13.5
Thiruvananthapuram,icon_seamless,2026-09-29T13:00,30.4,0.0,14.3
Thiruvananthapuram,icon_seamless,2026-09-29T14:00,30.1,0.0,14.1
Thiruvananthapuram,icon_seamless,2026-09-29T15:00,29.6,0.0,13.8
Thiruvananthapuram,icon_seamless,2026-09-29T16:00,29.1,0.0,12.3
Thiruvananthapuram,icon_seamless,2026-09-29T17:00,28.2,0.1,10.1
Thiruvananthapuram,icon_seamless,2026-09-29T18:00,27.7,0.0,8.0
Thiruvananthapuram,icon_seamless,2026-09-29T19:00,27.5,0.0,6.3
Thiruvananthapuram,icon_seamless,2026-09-29T20:00,27.4,0.0,5.4
Thiruvananthapuram,icon_seamless,2026-09-29T21:00,27.2,0.0,4.2
Thiruvananthapuram,icon_seamless,2026-09-29T22:00,27.0,0.0,3.8
Thiruvananthapuram,icon_seamless,2026-09-29T23:00,26.9,0.0,3.8
Thiruvananthapuram,gem_seamless,2026-09-27T00:00,27.9,0.0,11.9
Thiruvananthapuram,gem_seamless,2026-09-27T01:00,27.6,0.0,9.7
Thiruvananthapuram,gem_seamless,2026-09-27T02:00,27.3,0.0,9.0
Thiruvananthapuram,gem_seamless,2026-09-27T03:00,26.9,0.0,9.7
Thiruvananthapuram,gem_seamless,2026-09-27T04:00,26.6,0.0,10.1
Thiruvananthapuram,gem_seamless,2026-09-27T05:00,26.4,0.0,9.7
Thiruvananthapuram,gem_seamless,2026-09-27T06:00,26.4,0.0,9.0
Thiruvananthapuram,gem_seamless,2026-09-27T07:00,27.4,0.0,10.1
Thiruvananthapuram,gem_seamless,2026-09-27T08:00,28.5,0.0,11.5
Thiruvananthapuram,gem_seamless,2026-09-27T09:00,29.8,0.0,12.6
Thiruvananthapuram,gem_seamless,2026-09-27T10:00,30.4,0.0,15.1
Thiruvananthapuram,gem_seamless,2026-09-27T11:00,29.6,0.0,16.6
Thiruvananthapuram,gem_seamless,2026-09-27T12:00,28.6,0.2,16.2
Thiruvananthapuram,gem_seamless,2026-09-27T13:00,27.9,0.2,14.0
Thiruvananthapuram,gem_seamless,2026-09-27T14:00,29.2,0.0,13.7
Thiruvananthapuram,gem_seamless,2026-09-27T15:00,30.5,0.0,16.9
Thiruvananthapuram,gem_seamless,2026-09-27T16:00,30.4,0.0,18.4
Thiruvananthapuram,gem_seamless,2026-09-27T17:00,29.6,0.0,17.3
Thiruvananthapuram,gem_seamless,2026-09-27T18:00,28.7,0.0,14.8
Thiruvananthapuram,gem_seamless,2026-09-27T19:00,28.1,0.0,13.3
Thiruvananthapuram,gem_seamless,2026-09-27T20:00,27.7,0.0,12.6
Thiruvananthapuram,gem_seamless,2026-09-27T21:00,27.4,0.0,11.5
Thiruvananthapuram,gem_seamless,2026-09-27T22:00,27.1,0.0,10.8
Thiruvananthapuram,gem_seamless,2026-09-27T23:00,26.9,0.0,10.4
Thiruvananthapuram,gem_seamless,2026-09-28T00:00,26.8,0.0,10.4
Thiruvananthapuram,gem_seamless,2026-09-28T01:00,26.8,0.0,10.8
Thiruvananthapuram,gem_seamless,2026-09-28T02:00,26.8,0.0,11.2
Thiruvananthapuram,gem_seamless,2026-09-28T03:00,26.8,0.0,11.2
Thiruvananthapuram,gem_seamless,2026-09-28T04:00,26.8,0.0,11.2
Thiruvananthapuram,gem_seamless,2026-09-28T05:00,26.8,0.0,10.8
Thiruvananthapuram,gem_seamless,2026-09-28T06:00,26.7,0.0,10.1
Thiruvananthapuram,gem_seamless,2026-09-28T07:00,27.5,0.0,11.5
Thiruvananthapuram,gem_seamless,2026-09-28T08:00,28.3,0.0,13.7
Thiruvananthapuram,gem_seamless,2026-09-28T09:00,29.2,0.0,14.0
Thiruvananthapuram,gem_seamless,2026-09-28T10:00,30.7,0.0,13.7
Thiruvananthapuram,gem_seamless,2026-09-28T11:00,31.9,0.0,14.0
Thiruvananthapuram,gem_seamless,2026-09-28T12:00,32.4,0.0,16.9
Thiruvananthapuram,gem_seamless,2026-09-28T13:00,32.3,0.0,19.4
Thiruvananthapuram,gem_seamless,2026-09-28T14:00,31.9,0.0,19.4
Thiruvananthapuram,gem_seamless,2026-09-28T15:00,31.2,0.0,18.7
Thiruvananthapuram,gem_seamless,2026-09-28T16:00,30.6,0.0,16.9
Thiruvananthapuram,gem_seamless,2026-09-28T17:00,29.8,0.0,14.8
Thiruvananthapuram,gem_seamless,2026-09-28T18:00,28.8,0.0,11.5
Thiruvananthapuram,gem_seamless,2026-09-28T19:00,28.0,0.0,9.0
Thiruvananthapuram,gem_seamless,2026-09-28T20:00,27.4,0.0,7.6
Thiruvananthapuram,gem_seamless,2026-09-28T21:00,26.9,0.0,7.2
Thiruvananthapuram,gem_seamless,2026-09-28T22:00,26.5,0.0,7.6
Thiruvananthapuram,gem_seamless,2026-09-28T23:00,26.2,0.0,8.3
Thiruvananthapuram,gem_seamless,2026-09-29T00:00,26.1,0.0,8.3
Thiruvananthapuram,gem_seamless,2026-09-29T01:00,25.8,0.0,7.9
Thiruvananthapuram,gem_seamless,2026-09-29T02:00,25.5,0.0,7.6
Thiruvananthapuram,gem_seamless,2026-09-29T03:00,25.3,0.0,7.2
Thiruvananthapuram,gem_seamless,2026-09-29T04:00,25.0,0.0,7.2
Thiruvananthapuram,gem_seamless,2026-09-29T05:00,24.8,0.0,7.2
Thiruvananthapuram,gem_seamless,2026-09-29T06:00,24.9,0.0,7.6
Thiruvananthapuram,gem_seamless,2026-09-29T07:00,26.5,0.0,7.6
Thiruvananthapuram,gem_seamless,2026-09-29T08:00,28.9,0.0,9.4
Thiruvananthapuram,gem_seamless,2026-09-29T09:00,30.4,0.0,10.1
Thiruvananthapuram,gem_seamless,2026-09-29T10:00,31.5,0.0,10.8
Thiruvananthapuram,gem_seamless,2026-09-29T11:00,32.1,0.0,13.0
Thiruvananthapuram,gem_seamless,2026-09-29T12:00,32.3,0.0,16.2
Thiruvananthapuram,gem_seamless,2026-09-29T13:00,32.2,0.0,18.0
Thiruvananthapuram,gem_seamless,2026-09-29T14:00,31.7,0.0,18.7
Thiruvananthapuram,gem_seamless,2026-09-29T15:00,31.3,0.0,18.4
Thiruvananthapuram,gem_seamless,2026-09-29T16:00,30.6,0.0,16.9
Thiruvananthapuram,gem_seamless,2026-09-29T17:00,29.7,0.0,14.8
Thiruvananthapuram,gem_seamless,2026-09-29T18:00,28.6,0.0,11.5
Thiruvananthapuram,gem_seamless,2026-09-29T19:00,27.8,0.0,8.6
Thiruvananthapuram,gem_seamless,2026-09-29T20:00,27.1,0.0,7.6
Thiruvananthapuram,gem_seamless,2026-09-29T21:00,26.7,0.0,6.8
Thiruvananthapuram,gem_seamless,2026-09-29T22:00,26.2,0.0,6.5
Thiruvananthapuram,gem_seamless,2026-09-29T23:00,25.9,0.0,6.8
Kochi,ecmwf_ifs025,2026-09-27T00:00,27.0,0.0,5.8
Kochi,ecmwf_ifs025,2026-09-27T01:00,26.7,0.0,3.2
Kochi,ecmwf_ifs025,2026-09-27T02:00,26.5,0.0,2.0
Kochi,ecmwf_ifs025,2026-09-27T03:00,26.5,0.0,1.8
Kochi,ecmwf_ifs025,2026-09-27T04:00,26.6,0.0,0.8
Kochi,ecmwf_ifs025,2026-09-27T05:00,26.7,0.0,0.8
Kochi,ecmwf_ifs025,2026-09-27T06:00,27.0,0.0,1.3
Kochi,ecmwf_ifs025,2026-09-27T07:00,27.3,0.0,2.1
Kochi,ecmwf_ifs025,2026-09-27T08:00,27.6,0.0,1.3
Kochi,ecmwf_ifs025,2026-09-27T09:00,27.9,0.0,2.5
Kochi,ecmwf_ifs025,2026-09-27T10:00,28.3,0.0,7.9
Kochi,ecmwf_ifs025,2026-09-27T11:00,28.4,0.0,11.9
Kochi,ecmwf_ifs025,2026-09-27T12:00,28.4,0.1,13.4
Kochi,ecmwf_ifs025,2026-09-27T13:00,28.2,0.1,14.0
Kochi,ecmwf_ifs025,2026-09-27T14:00,28.0,0.1,14.6
Kochi,ecmwf_ifs025,2026-09-27T15:00,27.9,0.0,14.3
Kochi,ecmwf_ifs025,2026-09-27T16:00,27.8,0.0,13.3
Kochi,ecmwf_ifs025,2026-09-27T17:00,27.8,0.0,12.3
Kochi,ecmwf_ifs025,2026-09-27T18:00,27.7,0.0,11.0
Kochi,ecmwf_ifs025,2026-09-27T19:00,27.7,0.0,9.7
Kochi,ecmwf_ifs025,2026-09-27T20:00,27.6,0.0,8.3
Kochi,ecmwf_ifs025,2026-09-27T21:00,27.5,0.0,6.9
Kochi,ecmwf_ifs025,2026-09-27T22:00,27.4,0.0,5.7
Kochi,ecmwf_ifs025,2026-09-27T23:00,27.2,0.0,4.2
Kochi,ecmwf_ifs025,2026-09-28T00:00,26.8,0.1,2.6
Kochi,ecmwf_ifs025,2026-09-28T01:00,26.3,0.1,2.9
Kochi,ecmwf_ifs025,2026-09-28T02:00,25.9,0.1,4.0
Kochi,ecmwf_ifs025,2026-09-28T03:00,25.8,0.1,3.3
Kochi,ecmwf_ifs025,2026-09-28T04:00,25.7,0.1,1.9
Kochi,ecmwf_ifs025,2026-09-28T05:00,25.9,0.1,1.8
Kochi,ecmwf_ifs025,2026-09-28T06:00,26.2,0.0,2.2
Kochi,ecmwf_ifs025,2026-09-28T07:00,26.7,0.0,2.3
Kochi,ecmwf_ifs025,2026-09-28T08:00,27.2,0.0,2.2
Kochi,ecmwf_ifs025,2026-09-28T09:00,27.5,0.0,3.5
Kochi,ecmwf_ifs025,2026-09-28T10:00,27.9,0.0,7.6
Kochi,ecmwf_ifs025,2026-09-28T11:00,28.1,0.0,11.2
Kochi,ecmwf_ifs025,2026-09-28T12:00,28.1,0.0,13.3
Kochi,ecmwf_ifs025,2026-09-28T13:00,28.1,0.0,14.8
Kochi,ecmwf_ifs025,2026-09-28T14:00,28.0,0.0,15.1
Kochi,ecmwf_ifs025,2026-09-28T15:00,28.0,0.0,14.8
Kochi,ecmwf_ifs025,2026-09-28T16:00,28.1,0.0,13.8
Kochi,ecmwf_ifs025,2026-09-28T17:00,28.1,0.0,12.2
Kochi,ecmwf_ifs025,2026-09-28T18:00,28.1,0.0,10.2
Kochi,ecmwf_ifs025,2026-09-28T19:00,28.1,0.0,7.6
Kochi,ecmwf_ifs025,2026-09-28T20:00,27.9,0.0,4.9
Kochi,ecmwf_ifs025,2026-09-28T21:00,27.6,0.1,2.9
Kochi,ecmwf_ifs025,2026-09-28T22:00,27.1,0.1,2.1
Kochi,ecmwf_ifs025,2026-09-28T23:00,26.7,0.1,3.2
Kochi,ecmwf_ifs025,2026-09-29T00:00,26.4,0.0,4.0
Kochi,ecmwf_ifs025,2026-09-29T01:00,26.1,0.0,4.3
Kochi,ecmwf_ifs025,2026-09-29T02:00,25.9,0.0,4.3
Kochi,ecmwf_ifs025,2026-09-29T03:00,25.7,0.0,4.3
Kochi,ecmwf_ifs025,2026-09-29T04:00,25.6,0.0,4.0
Kochi,ecmwf_ifs025,2026-09-29T05:00,25.7,0.0,3.7
Kochi,ecmwf_ifs025,2026-09-29T06:00,26.2,0.0,3.7
Kochi,ecmwf_ifs025,2026-09-29T07:00,26.8,0.0,3.6
Kochi,ecmwf_ifs025,2026-09-29T08:00,27.4,0.0,2.2
Kochi,ecmwf_ifs025,2026-09-29T09:00,27.8,0.0,2.0
Kochi,ecmwf_ifs025,2026-09-29T10:00,28.1,0.0,7.1
Kochi,ecmwf_ifs025,2026-09-29T11:00,28.3,0.0,11.4
Kochi,ecmwf_ifs025,2026-09-29T12:00,28.4,0.0,13.7
Kochi,ecmwf_ifs025,2026-09-29T13:00,28.5,0.0,15.3
Kochi,ecmwf_ifs025,2026-09-29T14:00,28.5,0.0,16.3
Kochi,ecmwf_ifs025,2026-09-29T15:00,28.6,0.0,16.2
Kochi,ecmwf_ifs025,2026-09-29T16:00,28.7,0.0,15.5
Kochi,ecmwf_ifs025,2026-09-29T17:00,28.6,0.0,13.7
Kochi,ecmwf_ifs025,2026-09-29T18:00,28.3,0.1,11.4
Kochi,ecmwf_ifs025,2026-09-29T19:00,27.9,0.1,9.1
Kochi,ecmwf_ifs025,2026-09-29T20:00,27.3,0.1,7.5
Kochi,ecmwf_ifs025,2026-09-29T21:00,26.7,0.4,4.4
Kochi,ecmwf_ifs025,2026-09-29T22:00,26.0,0.4,3.1
Kochi,ecmwf_ifs025,2026-09-29T23:00,25.5,0.4,4.8
Kochi,gfs_seamless,2026-09-27T00:00,24.6,0.0,2.9
Kochi,gfs_seamless,2026-09-27T01:00,24.3,0.0,5.6
Kochi,gfs_seamless,2026-09-27T02:00,23.9,0.0,5.4
Kochi,gfs_seamless,2026-09-27T03:00,23.7,0.0,5.4
Kochi,gfs_seamless,2026-09-27T04:00,23.4,0.0,5.6
Kochi,gfs_seamless,2026-09-27T05:00,23.4,0.0,5.9
Kochi,gfs_seamless,2026-09-27T06:00,23.5,0.0,5.8
Kochi,gfs_seamless,2026-09-27T07:00,25.5,0.0,4.1
Kochi,gfs_seamless,2026-09-27T08:00,28.0,0.0,2.6
Kochi,gfs_seamless,2026-09-27T09:00,29.5,0.0,6.1
Kochi,gfs_seamless,2026-09-27T10:00,30.6,0.0,9.3
Kochi,gfs_seamless,2026-09-27T11:00,30.9,0.0,12.6
Kochi,gfs_seamless,2026-09-27T12:00,31.1,0.0,14.6
Kochi,gfs_seamless,2026-09-27T13:00,31.0,0.0,15.7
Kochi,gfs_seamless,2026-09-27T14:00,30.6,0.0,15.7
Kochi,gfs_seamless,2026-09-27T15:00,30.0,0.0,15.3
Kochi,gfs_seamless,2026-09-27T16:00,29.2,0.0,14.7
Kochi,gfs_seamless,2026-09-27T17:00,28.0,0.0,13.0
Kochi,gfs_seamless,2026-09-27T18:00,26.2,0.0,8.5
Kochi,gfs_seamless,2026-09-27T19:00,25.8,0.0,8.9
Kochi,gfs_seamless,2026-09-27T20:00,25.5,0.0,8.2
Kochi,gfs_seamless,2026-09-27T21:00,25.1,0.0,6.4
Kochi,gfs_seamless,2026-09-27T22:00,24.8,0.0,6.1
Kochi,gfs_seamless,2026-09-27T23:00,24.4,0.0,5.2
Kochi,gfs_seamless,2026-09-28T00:00,24.1,0.0,5.2
Kochi,gfs_seamless,2026-09-28T01:00,23.8,0.0,5.5
Kochi,gfs_seamless,2026-09-28T02:00,23.6,0.0,5.4
Kochi,gfs_seamless,2026-09-28T03:00,23.4,0.0,4.8
Kochi,gfs_seamless,2026-09-28T04:00,23.3,0.0,6.3
Kochi,gfs_seamless,2026-09-28T05:00,23.1,0.0,7.1
Kochi,gfs_seamless,2026-09-28T06:00,23.2,0.0,7.5
Kochi,gfs_seamless,2026-09-28T07:00,25.4,0.0,7.4
Kochi,gfs_seamless,2026-09-28T08:00,28.1,0.0,6.6
Kochi,gfs_seamless,2026-09-28T09:00,30.5,0.0,5.9
Kochi,gfs_seamless,2026-09-28T10:00,31.7,0.0,8.1
Kochi,gfs_seamless,2026-09-28T11:00,32.2,0.0,12.7
Kochi,gfs_seamless,2026-09-28T12:00,32.2,0.0,16.6
Kochi,gfs_seamless,2026-09-28T13:00,31.5,0.0,17.7
Kochi,gfs_seamless,2026-09-28T14:00,31.3,0.0,16.3
Kochi,gfs_seamless,2026-09-28T15:00,30.5,0.0,17.4
Kochi,gfs_seamless,2026-09-28T16:00,29.5,0.0,15.9
Kochi,gfs_seamless,2026-09-28T17:00,28.4,0.0,13.6
Kochi,gfs_seamless,2026-09-28T18:00,26.8,0.0,9.9
Kochi,gfs_seamless,2026-09-28T19:00,26.1,0.0,6.9
Kochi,gfs_seamless,2026-09-28T20:00,25.8,0.0,6.8
Kochi,gfs_seamless,2026-09-28T21:00,25.5,0.0,6.1
Kochi,gfs_seamless,2026-09-28T22:00,25.3,0.0,5.5
Kochi,gfs_seamless,2026-09-28T23:00,25.0,0.0,4.7
Kochi,gfs_seamless,2026-09-29T00:00,24.8,0.0,4.4
Kochi,gfs_seamless,2026-09-29T01:00,24.5,0.0,5.2
Kochi,gfs_seamless,2026-09-29T02:00,24.1,0.0,5.6
Kochi,gfs_seamless,2026-09-29T03:00,23.8,0.0,6.2
Kochi,gfs_seamless,2026-09-29T04:00,23.7,0.0,5.5
Kochi,gfs_seamless,2026-09-29T05:00,23.7,0.0,4.7
Kochi,gfs_seamless,2026-09-29T06:00,24.0,0.0,3.7
Kochi,gfs_seamless,2026-09-29T07:00,26.1,0.0,3.1
Kochi,gfs_seamless,2026-09-29T08:00,28.6,0.0,0.8
Kochi,gfs_seamless,2026-09-29T09:00,30.2,0.0,5.1
Kochi,gfs_seamless,2026-09-29T10:00,30.4,0.2,9.3
Kochi,gfs_seamless,2026-09-29T11:00,30.3,0.6,12.4
Kochi,gfs_seamless,2026-09-29T12:00,31.3,0.0,12.6
Kochi,gfs_seamless,2026-09-29T13:00,31.3,0.0,15.6
Kochi,gfs_seamless,2026-09-29T14:00,30.6,0.0,16.6
Kochi,gfs_seamless,2026-09-29T15:00,29.8,0.0,14.4
Kochi,gfs_seamless,2026-09-29T16:00,29.2,0.0,12.4
Kochi,gfs_seamless,2026-09-29T17:00,28.3,0.0,11.7
Kochi,gfs_seamless,2026-09-29T18:00,26.5,0.0,4.8
Kochi,gfs_seamless,2026-09-29T19:00,25.5,0.9,8.9
Kochi,gfs_seamless,2026-09-29T20:00,25.4,0.0,7.6
Kochi,gfs_seamless,2026-09-29T21:00,25.3,0.0,4.8
Kochi,gfs_seamless,2026-09-29T22:00,24.9,0.0,5.4
Kochi,gfs_seamless,2026-09-29T23:00,24.6,0.0,5.5
Kochi,icon_seamless,2026-09-27T00:00,26.6,0.1,3.3
Kochi,icon_seamless,2026-09-27T01:00,26.5,0.0,2.2
Kochi,icon_seamless,2026-09-27T02:00,26.4,0.0,1.1
Kochi,icon_seamless,2026-09-27T03:00,26.5,0.0,1.9
Kochi,icon_seamless,2026-09-27T04:00,26.5,0.0,1.6
Kochi,icon_seamless,2026-09-27T05:00,26.4,0.0,1.3
Kochi,icon_seamless,2026-09-27T06:00,26.5,0.0,1.0
Kochi,icon_seamless,2026-09-27T07:00,26.9,0.0,1.6
Kochi,icon_seamless,2026-09-27T08:00,27.9,0.0,3.3
Kochi,icon_seamless,2026-09-27T09:00,28.9,0.0,5.8
Kochi,icon_seamless,2026-09-27T10:00,29.7,0.0,8.2
Kochi,icon_seamless,2026-09-27T11:00,29.9,0.0,10.9
Kochi,icon_seamless,2026-09-27T12:00,29.7,0.0,13.0
Kochi,icon_seamless,2026-09-27T13:00,29.5,0.0,14.4
Kochi,icon_seamless,2026-09-27T14:00,29.5,0.0,15.5
Kochi,icon_seamless,2026-09-27T15:00,29.3,0.0,15.9
Kochi,icon_seamless,2026-09-27T16:00,29.0,0.0,15.5
Kochi,icon_seamless,2026-09-27T17:00,28.6,0.0,13.4
Kochi,icon_seamless,2026-09-27T18:00,28.1,0.0,10.6
Kochi,icon_seamless,2026-09-27T19:00,27.8,0.0,7.2
Kochi,icon_seamless,2026-09-27T20:00,27.6,0.0,5.3
Kochi,icon_seamless,2026-09-27T21:00,27.4,0.0,3.8
Kochi,icon_seamless,2026-09-27T22:00,27.2,0.0,3.2
Kochi,icon_seamless,2026-09-27T23:00,27.0,0.0,2.2
Kochi,icon_seamless,2026-09-28T00:00,26.8,0.0,2.6
Kochi,icon_seamless,2026-09-28T01:00,26.7,0.0,3.3
Kochi,icon_seamless,2026-09-28T02:00,26.5,0.0,3.7
Kochi,icon_seamless,2026-09-28T03:00,26.4,0.0,3.7
Kochi,icon_seamless,2026-09-28T04:00,26.3,0.0,3.4
Kochi,icon_seamless,2026-09-28T05:00,26.3,0.0,2.6
Kochi,icon_seamless,2026-09-28T06:00,26.4,0.0,2.1
Kochi,icon_seamless,2026-09-28T07:00,26.7,0.0,2.8
Kochi,icon_seamless,2026-09-28T08:00,27.7,0.0,4.1
Kochi,icon_seamless,2026-09-28T09:00,28.9,0.0,4.4
Kochi,icon_seamless,2026-09-28T10:00,30.1,0.0,5.6
Kochi,icon_seamless,2026-09-28T11:00,30.8,0.0,9.0
Kochi,icon_seamless,2026-09-28T12:00,31.0,0.0,12.1
Kochi,icon_seamless,2026-09-28T13:00,30.7,0.0,14.1
Kochi,icon_seamless,2026-09-28T14:00,30.5,0.0,15.1
Kochi,icon_seamless,2026-09-28T15:00,30.0,0.0,15.5
Kochi,icon_seamless,2026-09-28T16:00,29.4,0.0,15.2
Kochi,icon_seamless,2026-09-28T17:00,29.0,0.0,13.4
Kochi,icon_seamless,2026-09-28T18:00,28.5,0.0,9.8
Kochi,icon_seamless,2026-09-28T19:00,28.2,0.0,4.3
Kochi,icon_seamless,2026-09-28T20:00,28.0,0.0,1.8
Kochi,icon_seamless,2026-09-28T21:00,27.9,0.0,0.5
Kochi,icon_seamless,2026-09-28T22:00,27.7,0.0,1.9
Kochi,icon_seamless,2026-09-28T23:00,27.3,0.0,2.3
Kochi,icon_seamless,2026-09-29T00:00,27.1,0.0,2.4
Kochi,icon_seamless,2026-09-29T01:00,27.0,0.0,2.1
Kochi,icon_seamless,2026-09-29T02:00,26.9,0.0,1.1
Kochi,icon_seamless,2026-09-29T03:00,26.8,0.0,0.7
Kochi,icon_seamless,2026-09-29T04:00,26.8,0.0,0.8
Kochi,icon_seamless,2026-09-29T05:00,26.8,0.2,1.1
Kochi,icon_seamless,2026-09-29T06:00,26.9,0.0,1.6
Kochi,icon_seamless,2026-09-29T07:00,27.2,0.0,2.1
Kochi,icon_seamless,2026-09-29T08:00,28.0,0.0,2.6
Kochi,icon_seamless,2026-09-29T09:00,28.9,0.0,5.2
Kochi,icon_seamless,2026-09-29T10:00,29.7,0.0,7.6
Kochi,icon_seamless,2026-09-29T11:00,30.3,0.0,10.1
Kochi,icon_seamless,2026-09-29T12:00,30.4,0.0,12.6
Kochi,icon_seamless,2026-09-29T13:00,30.4,0.0,14.1
Kochi,icon_seamless,2026-09-29T14:00,30.1,0.0,14.8
Kochi,icon_seamless,2026-09-29T15:00,29.8,0.0,14.0
Kochi,icon_seamless,2026-09-29T16:00,29.4,0.0,13.0
Kochi,icon_seamless,2026-09-29T17:00,28.9,0.0,10.4
Kochi,icon_seamless,2026-09-29T18:00,28.4,0.0,7.9
Kochi,icon_seamless,2026-09-29T19:00,28.2,0.0,5.1
Kochi,icon_seamless,2026-09-29T20:00,28.0,0.0,2.5
Kochi,icon_seamless,2026-09-29T21:00,27.8,0.0,1.8
Kochi,icon_seamless,2026-09-29T22:00,27.5,0.1,1.4
Kochi,icon_seamless,2026-09-29T23:00,27.3,0.0,2.5
Kochi,gem_seamless,2026-09-27T00:00,26.6,0.0,4.0
Kochi,gem_seamless,2026-09-27T01:00,26.1,0.0,5.0
Kochi,gem_seamless,2026-09-27T02:00,25.6,0.0,3.6
Kochi,gem_seamless,2026-09-27T03:00,25.3,0.0,2.5
Kochi,gem_seamless,2026-09-27T04:00,25.1,0.0,2.5
Kochi,gem_seamless,2026-09-27T05:00,24.9,0.0,3.6
Kochi,gem_seamless,2026-09-27T06:00,24.8,0.0,5.8
Kochi,gem_seamless,2026-09-27T07:00,26.0,0.0,6.1
Kochi,gem_seamless,2026-09-27T08:00,27.7,0.0,6.1
Kochi,gem_seamless,2026-09-27T09:00,28.8,0.0,4.7
Kochi,gem_seamless,2026-09-27T10:00,30.0,0.0,2.9
Kochi,gem_seamless,2026-09-27T11:00,30.9,0.0,6.8
Kochi,gem_seamless,2026-09-27T12:00,31.1,0.0,12.6
Kochi,gem_seamless,2026-09-27T13:00,30.4,0.0,15.8
Kochi,gem_seamless,2026-09-27T14:00,29.9,0.0,16.2
Kochi,gem_seamless,2026-09-27T15:00,29.7,0.0,15.8
Kochi,gem_seamless,2026-09-27T16:00,29.4,0.0,14.8
Kochi,gem_seamless,2026-09-27T17:00,28.9,0.0,14.0
Kochi,gem_seamless,2026-09-27T18:00,28.5,0.0,11.9
Kochi,gem_seamless,2026-09-27T19:00,28.0,0.0,10.4
Kochi,gem_seamless,2026-09-27T20:00,27.6,0.0,9.0
Kochi,gem_seamless,2026-09-27T21:00,27.1,0.0,7.9
Kochi,gem_seamless,2026-09-27T22:00,26.7,0.0,6.5
Kochi,gem_seamless,2026-09-27T23:00,26.3,0.0,5.8
Kochi,gem_seamless,2026-09-28T00:00,25.9,0.0,5.0
Kochi,gem_seamless,2026-09-28T01:00,25.6,0.0,5.0
Kochi,gem_seamless,2026-09-28T02:00,25.4,0.0,5.8
Kochi,gem_seamless,2026-09-28T03:00,25.5,0.0,6.1
Kochi,gem_seamless,2026-09-28T04:00,25.6,0.0,6.1
Kochi,gem_seamless,2026-09-28T05:00,25.7,0.0,5.8
Kochi,gem_seamless,2026-09-28T06:00,25.8,0.0,5.8
Kochi,gem_seamless,2026-09-28T07:00,26.6,0.0,5.8
Kochi,gem_seamless,2026-09-28T08:00,28.0,0.0,5.8
Kochi,gem_seamless,2026-09-28T09:00,29.3,0.0,4.7
Kochi,gem_seamless,2026-09-28T10:00,30.6,0.0,5.4
Kochi,gem_seamless,2026-09-28T11:00,31.3,0.0,9.0
Kochi,gem_seamless,2026-09-28T12:00,31.4,0.0,13.7
Kochi,gem_seamless,2026-09-28T13:00,31.1,0.0,16.2
Kochi,gem_seamless,2026-09-28T14:00,30.6,0.0,16.9
Kochi,gem_seamless,2026-09-28T15:00,30.2,0.0,16.2
Kochi,gem_seamless,2026-09-28T16:00,29.8,0.0,15.1
Kochi,gem_seamless,2026-09-28T17:00,29.2,0.0,14.0
Kochi,gem_seamless,2026-09-28T18:00,28.5,0.0,11.5
Kochi,gem_seamless,2026-09-28T19:00,28.0,0.0,9.0
Kochi,gem_seamless,2026-09-28T20:00,27.5,0.0,6.8
Kochi,gem_seamless,2026-09-28T21:00,27.1,0.0,5.4
Kochi,gem_seamless,2026-09-28T22:00,26.7,0.0,3.2
Kochi,gem_seamless,2026-09-28T23:00,26.3,0.0,1.8
Kochi,gem_seamless,2026-09-29T00:00,25.9,0.0,1.1
Kochi,gem_seamless,2026-09-29T01:00,25.5,0.0,1.4
Kochi,gem_seamless,2026-09-29T02:00,25.1,0.0,2.5
Kochi,gem_seamless,2026-09-29T03:00,24.9,0.0,2.9
Kochi,gem_seamless,2026-09-29T04:00,24.9,0.0,3.2
Kochi,gem_seamless,2026-09-29T05:00,25.1,0.0,4.0
Kochi,gem_seamless,2026-09-29T06:00,25.5,0.0,4.3
Kochi,gem_seamless,2026-09-29T07:00,26.4,0.0,4.0
Kochi,gem_seamless,2026-09-29T08:00,27.7,0.0,3.2
Kochi,gem_seamless,2026-09-29T09:00,29.2,0.0,2.2
Kochi,gem_seamless,2026-09-29T10:00,30.4,0.0,4.7
Kochi,gem_seamless,2026-09-29T11:00,31.2,0.0,8.3
Kochi,gem_seamless,2026-09-29T12:00,31.5,0.0,12.2
Kochi,gem_seamless,2026-09-29T13:00,31.3,0.0,15.5
Kochi,gem_seamless,2026-09-29T14:00,30.8,0.0,16.9
Kochi,gem_seamless,2026-09-29T15:00,30.1,0.0,16.9
Kochi,gem_seamless,2026-09-29T16:00,29.5,0.0,15.5
Kochi,gem_seamless,2026-09-29T17:00,28.9,0.0,13.0
Kochi,gem_seamless,2026-09-29T18:00,28.1,0.0,9.4
Kochi,gem_seamless,2026-09-29T19:00,27.3,0.0,6.1
Kochi,gem_seamless,2026-09-29T20:00,26.8,0.0,3.6
Kochi,gem_seamless,2026-09-29T21:00,26.5,0.0,1.8
Kochi,gem_seamless,2026-09-29T22:00,26.0,0.0,0.7
Kochi,gem_seamless,2026-09-29T23:00,25.6,0.0,1.8
Bhubaneswar,ecmwf_ifs025,2026-09-27T00:00,24.2,0.0,6.8
Bhubaneswar,ecmwf_ifs025,2026-09-27T01:00,24.2,0.0,6.9
Bhubaneswar,ecmwf_ifs025,2026-09-27T02:00,24.3,0.0,8.0
Bhubaneswar,ecmwf_ifs025,2026-09-27T03:00,24.2,0.0,8.5
Bhubaneswar,ecmwf_ifs025,2026-09-27T04:00,24.2,0.0,8.7
Bhubaneswar,ecmwf_ifs025,2026-09-27T05:00,24.6,0.0,8.9
Bhubaneswar,ecmwf_ifs025,2026-09-27T06:00,25.4,0.0,9.4
Bhubaneswar,ecmwf_ifs025,2026-09-27T07:00,26.6,0.0,10.2
Bhubaneswar,ecmwf_ifs025,2026-09-27T08:00,27.8,0.0,10.9
Bhubaneswar,ecmwf_ifs025,2026-09-27T09:00,29.0,0.0,12.0
Bhubaneswar,ecmwf_ifs025,2026-09-27T10:00,30.2,0.0,13.3
Bhubaneswar,ecmwf_ifs025,2026-09-27T11:00,31.1,0.0,13.9
Bhubaneswar,ecmwf_ifs025,2026-09-27T12:00,31.7,0.0,13.6
Bhubaneswar,ecmwf_ifs025,2026-09-27T13:00,32.0,0.0,12.6
Bhubaneswar,ecmwf_ifs025,2026-09-27T14:00,31.9,0.0,11.4
Bhubaneswar,ecmwf_ifs025,2026-09-27T15:00,31.2,0.0,9.2
Bhubaneswar,ecmwf_ifs025,2026-09-27T16:00,30.0,0.0,6.8
Bhubaneswar,ecmwf_ifs025,2026-09-27T17:00,29.0,0.0,4.8
Bhubaneswar,ecmwf_ifs025,2026-09-27T18:00,28.1,0.0,3.9
Bhubaneswar,ecmwf_ifs025,2026-09-27T19:00,27.3,0.0,3.9
Bhubaneswar,ecmwf_ifs025,2026-09-27T20:00,26.8,0.0,4.5
Bhubaneswar,ecmwf_ifs025,2026-09-27T21:00,26.6,0.0,6.4
Bhubaneswar,ecmwf_ifs025,2026-09-27T22:00,26.8,0.0,9.2
Bhubaneswar,ecmwf_ifs025,2026-09-27T23:00,26.7,0.0,10.8
Bhubaneswar,ecmwf_ifs025,2026-09-28T00:00,26.4,0.0,9.7
Bhubaneswar,ecmwf_ifs025,2026-09-28T01:00,25.9,0.0,7.8
Bhubaneswar,ecmwf_ifs025,2026-09-28T02:00,25.5,0.0,6.0
Bhubaneswar,ecmwf_ifs025,2026-09-28T03:00,25.0,0.0,5.5
Bhubaneswar,ecmwf_ifs025,2026-09-28T04:00,24.6,0.0,5.6
Bhubaneswar,ecmwf_ifs025,2026-09-28T05:00,24.8,0.0,6.1
Bhubaneswar,ecmwf_ifs025,2026-09-28T06:00,25.9,0.0,7.1
Bhubaneswar,ecmwf_ifs025,2026-09-28T07:00,27.5,0.0,8.1
Bhubaneswar,ecmwf_ifs025,2026-09-28T08:00,29.0,0.0,8.9
Bhubaneswar,ecmwf_ifs025,2026-09-28T09:00,30.2,0.0,9.3
Bhubaneswar,ecmwf_ifs025,2026-09-28T10:00,31.3,0.0,9.3
Bhubaneswar,ecmwf_ifs025,2026-09-28T11:00,32.0,0.0,9.1
Bhubaneswar,ecmwf_ifs025,2026-09-28T12:00,32.5,0.0,7.7
Bhubaneswar,ecmwf_ifs025,2026-09-28T13:00,32.6,0.0,5.8
Bhubaneswar,ecmwf_ifs025,2026-09-28T14:00,32.3,0.0,4.7
Bhubaneswar,ecmwf_ifs025,2026-09-28T15:00,31.1,0.2,5.9
Bhubaneswar,ecmwf_ifs025,2026-09-28T16:00,29.5,0.2,7.6
Bhubaneswar,ecmwf_ifs025,2026-09-28T17:00,28.1,0.2,7.2
Bhubaneswar,ecmwf_ifs025,2026-09-28T18:00,27.3,0.1,3.6
Bhubaneswar,ecmwf_ifs025,2026-09-28T19:00,26.7,0.1,6.9
Bhubaneswar,ecmwf_ifs025,2026-09-28T20:00,26.3,0.1,11.0
Bhubaneswar,ecmwf_ifs025,2026-09-28T21:00,25.9,0.0,10.4
Bhubaneswar,ecmwf_ifs025,2026-09-28T22:00,25.7,0.0,7.6
Bhubaneswar,ecmwf_ifs025,2026-09-28T23:00,25.5,0.0,6.1
Bhubaneswar,ecmwf_ifs025,2026-09-29T00:00,25.3,0.0,5.5
Bhubaneswar,ecmwf_ifs025,2026-09-29T01:00,25.2,0.0,4.8
Bhubaneswar,ecmwf_ifs025,2026-09-29T02:00,25.1,0.0,4.6
Bhubaneswar,ecmwf_ifs025,2026-09-29T03:00,24.8,0.0,4.7
Bhubaneswar,ecmwf_ifs025,2026-09-29T04:00,24.6,0.0,5.4
Bhubaneswar,ecmwf_ifs025,2026-09-29T05:00,24.8,0.0,5.6
Bhubaneswar,ecmwf_ifs025,2026-09-29T06:00,26.0,0.0,6.1
Bhubaneswar,ecmwf_ifs025,2026-09-29T07:00,27.7,0.0,7.3
Bhubaneswar,ecmwf_ifs025,2026-09-29T08:00,29.3,0.0,8.2
Bhubaneswar,ecmwf_ifs025,2026-09-29T09:00,30.4,0.0,9.0
Bhubaneswar,ecmwf_ifs025,2026-09-29T10:00,31.4,0.0,9.5
Bhubaneswar,ecmwf_ifs025,2026-09-29T11:00,32.1,0.0,9.8
Bhubaneswar,ecmwf_ifs025,2026-09-29T12:00,32.7,0.0,9.7
Bhubaneswar,ecmwf_ifs025,2026-09-29T13:00,33.0,0.0,9.1
Bhubaneswar,ecmwf_ifs025,2026-09-29T14:00,32.8,0.0,7.2
Bhubaneswar,ecmwf_ifs025,2026-09-29T15:00,31.7,0.0,3.9
Bhubaneswar,ecmwf_ifs025,2026-09-29T16:00,30.1,0.0,5.4
Bhubaneswar,ecmwf_ifs025,2026-09-29T17:00,28.7,0.0,8.5
Bhubaneswar,ecmwf_ifs025,2026-09-29T18:00,27.8,0.0,8.6
Bhubaneswar,ecmwf_ifs025,2026-09-29T19:00,27.2,0.0,6.8
Bhubaneswar,ecmwf_ifs025,2026-09-29T20:00,26.7,0.0,6.3
Bhubaneswar,ecmwf_ifs025,2026-09-29T21:00,26.4,0.0,7.2
Bhubaneswar,ecmwf_ifs025,2026-09-29T22:00,26.3,0.0,8.1
Bhubaneswar,ecmwf_ifs025,2026-09-29T23:00,26.1,0.0,8.7
Bhubaneswar,gfs_seamless,2026-09-27T00:00,25.7,0.0,3.7
Bhubaneswar,gfs_seamless,2026-09-27T01:00,25.4,0.0,5.2
Bhubaneswar,gfs_seamless,2026-09-27T02:00,25.0,0.0,9.4
Bhubaneswar,gfs_seamless,2026-09-27T03:00,24.6,0.0,10.0
Bhubaneswar,gfs_seamless,2026-09-27T04:00,24.3,0.0,10.2
Bhubaneswar,gfs_seamless,2026-09-27T05:00,24.0,0.0,10.3
Bhubaneswar,gfs_seamless,2026-09-27T06:00,24.7,0.0,10.0
Bhubaneswar,gfs_seamless,2026-09-27T07:00,26.5,0.0,15.9
Bhubaneswar,gfs_seamless,2026-09-27T08:00,27.8,0.0,18.7
Bhubaneswar,gfs_seamless,2026-09-27T09:00,29.1,0.0,19.7
Bhubaneswar,gfs_seamless,2026-09-27T10:00,30.2,0.0,20.3
Bhubaneswar,gfs_seamless,2026-09-27T11:00,31.2,0.0,20.3
Bhubaneswar,gfs_seamless,2026-09-27T12:00,31.7,0.0,19.5
Bhubaneswar,gfs_seamless,2026-09-27T13:00,32.1,0.0,19.0
Bhubaneswar,gfs_seamless,2026-09-27T14:00,32.3,0.0,17.4
Bhubaneswar,gfs_seamless,2026-09-27T15:00,32.0,0.0,15.5
Bhubaneswar,gfs_seamless,2026-09-27T16:00,31.2,0.0,11.6
Bhubaneswar,gfs_seamless,2026-09-27T17:00,29.1,0.0,8.7
Bhubaneswar,gfs_seamless,2026-09-27T18:00,28.4,0.0,7.1
Bhubaneswar,gfs_seamless,2026-09-27T19:00,28.0,0.0,7.9
Bhubaneswar,gfs_seamless,2026-09-27T20:00,27.5,0.0,9.8
Bhubaneswar,gfs_seamless,2026-09-27T21:00,26.9,0.0,10.0
Bhubaneswar,gfs_seamless,2026-09-27T22:00,26.6,0.0,9.0
Bhubaneswar,gfs_seamless,2026-09-27T23:00,26.7,0.0,8.2
Bhubaneswar,gfs_seamless,2026-09-28T00:00,26.3,0.0,10.1
Bhubaneswar,gfs_seamless,2026-09-28T01:00,25.7,0.0,9.2
Bhubaneswar,gfs_seamless,2026-09-28T02:00,25.5,0.0,9.8
Bhubaneswar,gfs_seamless,2026-09-28T03:00,25.3,0.0,10.3
Bhubaneswar,gfs_seamless,2026-09-28T04:00,25.0,0.0,10.3
Bhubaneswar,gfs_seamless,2026-09-28T05:00,24.8,0.0,9.6
Bhubaneswar,gfs_seamless,2026-09-28T06:00,25.4,0.0,10.0
Bhubaneswar,gfs_seamless,2026-09-28T07:00,27.5,0.0,14.6
Bhubaneswar,gfs_seamless,2026-09-28T08:00,29.1,0.0,17.1
Bhubaneswar,gfs_seamless,2026-09-28T09:00,30.5,0.0,17.5
Bhubaneswar,gfs_seamless,2026-09-28T10:00,31.6,0.0,17.1
Bhubaneswar,gfs_seamless,2026-09-28T11:00,32.4,0.0,15.0
Bhubaneswar,gfs_seamless,2026-09-28T12:00,32.8,0.1,13.5
Bhubaneswar,gfs_seamless,2026-09-28T13:00,32.9,0.0,14.8
Bhubaneswar,gfs_seamless,2026-09-28T14:00,32.7,0.0,11.9
Bhubaneswar,gfs_seamless,2026-09-28T15:00,31.8,0.0,5.2
Bhubaneswar,gfs_seamless,2026-09-28T16:00,30.7,0.0,4.1
Bhubaneswar,gfs_seamless,2026-09-28T17:00,29.8,0.0,4.3
Bhubaneswar,gfs_seamless,2026-09-28T18:00,29.7,0.0,3.7
Bhubaneswar,gfs_seamless,2026-09-28T19:00,29.2,0.0,2.5
Bhubaneswar,gfs_seamless,2026-09-28T20:00,27.9,0.1,5.9
Bhubaneswar,gfs_seamless,2026-09-28T21:00,27.3,0.0,6.2
Bhubaneswar,gfs_seamless,2026-09-28T22:00,27.0,0.1,5.4
Bhubaneswar,gfs_seamless,2026-09-28T23:00,25.9,2.2,4.0
Bhubaneswar,gfs_seamless,2026-09-29T00:00,26.1,0.0,3.4
Bhubaneswar,gfs_seamless,2026-09-29T01:00,25.6,0.5,2.6
Bhubaneswar,gfs_seamless,2026-09-29T02:00,25.8,0.0,5.9
Bhubaneswar,gfs_seamless,2026-09-29T03:00,25.6,0.0,6.9
Bhubaneswar,gfs_seamless,2026-09-29T04:00,25.7,0.0,8.6
Bhubaneswar,gfs_seamless,2026-09-29T05:00,25.5,0.0,9.4
Bhubaneswar,gfs_seamless,2026-09-29T06:00,26.2,0.0,8.2
Bhubaneswar,gfs_seamless,2026-09-29T07:00,27.9,0.0,10.5
Bhubaneswar,gfs_seamless,2026-09-29T08:00,29.7,0.0,9.3
Bhubaneswar,gfs_seamless,2026-09-29T09:00,31.1,0.0,9.0
Bhubaneswar,gfs_seamless,2026-09-29T10:00,32.3,0.0,9.6
Bhubaneswar,gfs_seamless,2026-09-29T11:00,33.3,0.0,9.0
Bhubaneswar,gfs_seamless,2026-09-29T12:00,33.8,0.0,9.5
Bhubaneswar,gfs_seamless,2026-09-29T13:00,33.6,0.0,11.2
Bhubaneswar,gfs_seamless,2026-09-29T14:00,31.7,0.0,5.4
Bhubaneswar,gfs_seamless,2026-09-29T15:00,31.3,0.0,4.1
Bhubaneswar,gfs_seamless,2026-09-29T16:00,31.0,0.0,5.0
Bhubaneswar,gfs_seamless,2026-09-29T17:00,29.5,0.0,7.9
Bhubaneswar,gfs_seamless,2026-09-29T18:00,28.8,0.0,9.3
Bhubaneswar,gfs_seamless,2026-09-29T19:00,28.4,0.0,7.1
Bhubaneswar,gfs_seamless,2026-09-29T20:00,28.5,0.0,6.6
Bhubaneswar,gfs_seamless,2026-09-29T21:00,28.1,0.2,5.6
Bhubaneswar,gfs_seamless,2026-09-29T22:00,27.8,0.6,4.0
Bhubaneswar,gfs_seamless,2026-09-29T23:00,27.1,0.0,4.1
Bhubaneswar,icon_seamless,2026-09-27T00:00,26.8,0.1,3.6
Bhubaneswar,icon_seamless,2026-09-27T01:00,26.7,0.0,2.8
Bhubaneswar,icon_seamless,2026-09-27T02:00,26.6,0.0,1.8
Bhubaneswar,icon_seamless,2026-09-27T03:00,26.4,0.0,2.5
Bhubaneswar,icon_seamless,2026-09-27T04:00,26.2,0.0,2.6
Bhubaneswar,icon_seamless,2026-09-27T05:00,26.1,0.0,4.2
Bhubaneswar,icon_seamless,2026-09-27T06:00,26.4,0.0,4.8
Bhubaneswar,icon_seamless,2026-09-27T07:00,27.6,0.0,7.1
Bhubaneswar,icon_seamless,2026-09-27T08:00,28.5,0.0,10.2
Bhubaneswar,icon_seamless,2026-09-27T09:00,29.4,0.0,10.8
Bhubaneswar,icon_seamless,2026-09-27T10:00,30.5,0.0,11.4
Bhubaneswar,icon_seamless,2026-09-27T11:00,31.4,0.0,12.0
Bhubaneswar,icon_seamless,2026-09-27T12:00,32.0,0.0,12.4
Bhubaneswar,icon_seamless,2026-09-27T13:00,32.3,0.0,11.8
Bhubaneswar,icon_seamless,2026-09-27T14:00,32.3,0.0,11.2
Bhubaneswar,icon_seamless,2026-09-27T15:00,31.9,0.0,9.7
Bhubaneswar,icon_seamless,2026-09-27T16:00,31.1,0.0,6.4
Bhubaneswar,icon_seamless,2026-09-27T17:00,29.7,0.0,3.4
Bhubaneswar,icon_seamless,2026-09-27T18:00,28.8,0.0,2.9
Bhubaneswar,icon_seamless,2026-09-27T19:00,28.3,0.0,2.9
Bhubaneswar,icon_seamless,2026-09-27T20:00,28.0,0.0,2.9
Bhubaneswar,icon_seamless,2026-09-27T21:00,27.7,0.0,3.1
Bhubaneswar,icon_seamless,2026-09-27T22:00,27.4,0.0,3.2
Bhubaneswar,icon_seamless,2026-09-27T23:00,27.1,0.0,3.0
Bhubaneswar,icon_seamless,2026-09-28T00:00,26.8,0.0,2.9
Bhubaneswar,icon_seamless,2026-09-28T01:00,26.4,0.0,3.1
Bhubaneswar,icon_seamless,2026-09-28T02:00,26.1,0.0,2.7
Bhubaneswar,icon_seamless,2026-09-28T03:00,26.0,0.0,2.4
Bhubaneswar,icon_seamless,2026-09-28T04:00,26.0,0.0,2.2
Bhubaneswar,icon_seamless,2026-09-28T05:00,26.1,0.0,3.0
Bhubaneswar,icon_seamless,2026-09-28T06:00,26.2,0.0,2.7
Bhubaneswar,icon_seamless,2026-09-28T07:00,27.6,0.0,3.6
Bhubaneswar,icon_seamless,2026-09-28T08:00,29.2,0.0,5.9
Bhubaneswar,icon_seamless,2026-09-28T09:00,30.6,0.0,8.0
Bhubaneswar,icon_seamless,2026-09-28T10:00,31.9,0.0,8.8
Bhubaneswar,icon_seamless,2026-09-28T11:00,32.8,0.0,8.6
Bhubaneswar,icon_seamless,2026-09-28T12:00,33.3,0.0,8.8
Bhubaneswar,icon_seamless,2026-09-28T13:00,33.5,0.0,8.5
Bhubaneswar,icon_seamless,2026-09-28T14:00,33.4,0.0,7.3
Bhubaneswar,icon_seamless,2026-09-28T15:00,33.1,0.0,5.9
Bhubaneswar,icon_seamless,2026-09-28T16:00,32.3,0.0,4.2
Bhubaneswar,icon_seamless,2026-09-28T17:00,31.2,0.0,1.9
Bhubaneswar,icon_seamless,2026-09-28T18:00,30.4,0.0,1.9
Bhubaneswar,icon_seamless,2026-09-28T19:00,28.8,0.0,4.5
Bhubaneswar,icon_seamless,2026-09-28T20:00,28.0,0.0,4.0
Bhubaneswar,icon_seamless,2026-09-28T21:00,27.7,0.0,5.4
Bhubaneswar,icon_seamless,2026-09-28T22:00,27.2,0.0,4.1
Bhubaneswar,icon_seamless,2026-09-28T23:00,26.8,0.0,3.3
Bhubaneswar,icon_seamless,2026-09-29T00:00,26.6,0.0,3.1
Bhubaneswar,icon_seamless,2026-09-29T01:00,26.3,0.0,3.3
Bhubaneswar,icon_seamless,2026-09-29T02:00,26.1,0.0,3.2
Bhubaneswar,icon_seamless,2026-09-29T03:00,25.9,0.0,3.0
Bhubaneswar,icon_seamless,2026-09-29T04:00,25.8,0.0,2.6
Bhubaneswar,icon_seamless,2026-09-29T05:00,25.6,0.0,2.5
Bhubaneswar,icon_seamless,2026-09-29T06:00,25.8,0.0,2.5
Bhubaneswar,icon_seamless,2026-09-29T07:00,27.1,0.0,3.0
Bhubaneswar,icon_seamless,2026-09-29T08:00,28.8,0.0,4.4
Bhubaneswar,icon_seamless,2026-09-29T09:00,30.5,0.0,6.5
Bhubaneswar,icon_seamless,2026-09-29T10:00,32.0,0.0,6.6
Bhubaneswar,icon_seamless,2026-09-29T11:00,33.1,0.0,7.1
Bhubaneswar,icon_seamless,2026-09-29T12:00,33.6,0.0,7.9
Bhubaneswar,icon_seamless,2026-09-29T13:00,33.8,0.0,7.6
Bhubaneswar,icon_seamless,2026-09-29T14:00,33.7,0.0,6.8
Bhubaneswar,icon_seamless,2026-09-29T15:00,33.3,0.0,5.4
Bhubaneswar,icon_seamless,2026-09-29T16:00,32.6,0.0,3.1
Bhubaneswar,icon_seamless,2026-09-29T17:00,31.4,0.0,2.5
Bhubaneswar,icon_seamless,2026-09-29T18:00,30.6,0.0,0.5
Bhubaneswar,icon_seamless,2026-09-29T19:00,30.1,0.0,3.9
Bhubaneswar,icon_seamless,2026-09-29T20:00,28.4,0.0,5.6
Bhubaneswar,icon_seamless,2026-09-29T21:00,27.9,0.0,5.8
Bhubaneswar,icon_seamless,2026-09-29T22:00,27.6,0.0,6.6
Bhubaneswar,icon_seamless,2026-09-29T23:00,27.3,0.0,7.7
Bhubaneswar,gem_seamless,2026-09-27T00:00,24.2,0.0,1.4
Bhubaneswar,gem_seamless,2026-09-27T01:00,23.8,0.0,1.8
Bhubaneswar,gem_seamless,2026-09-27T02:00,23.3,0.0,4.3
Bhubaneswar,gem_seamless,2026-09-27T03:00,22.9,0.0,4.3
Bhubaneswar,gem_seamless,2026-09-27T04:00,22.7,0.0,4.0
Bhubaneswar,gem_seamless,2026-09-27T05:00,22.5,0.0,4.3
Bhubaneswar,gem_seamless,2026-09-27T06:00,23.1,0.0,5.4
Bhubaneswar,gem_seamless,2026-09-27T07:00,24.6,0.0,5.8
Bhubaneswar,gem_seamless,2026-09-27T08:00,26.5,0.0,6.5
Bhubaneswar,gem_seamless,2026-09-27T09:00,28.6,0.0,7.6
Bhubaneswar,gem_seamless,2026-09-27T10:00,29.7,0.0,9.7
Bhubaneswar,gem_seamless,2026-09-27T11:00,30.4,0.0,11.9
Bhubaneswar,gem_seamless,2026-09-27T12:00,31.2,0.0,13.0
Bhubaneswar,gem_seamless,2026-09-27T13:00,31.5,0.0,13.7
Bhubaneswar,gem_seamless,2026-09-27T14:00,31.6,0.0,13.0
Bhubaneswar,gem_seamless,2026-09-27T15:00,31.4,0.0,11.9
Bhubaneswar,gem_seamless,2026-09-27T16:00,30.8,0.0,9.7
Bhubaneswar,gem_seamless,2026-09-27T17:00,29.2,0.0,6.5
Bhubaneswar,gem_seamless,2026-09-27T18:00,27.7,0.0,5.0
Bhubaneswar,gem_seamless,2026-09-27T19:00,26.6,0.0,2.9
Bhubaneswar,gem_seamless,2026-09-27T20:00,25.8,0.0,2.2
Bhubaneswar,gem_seamless,2026-09-27T21:00,25.2,0.0,5.0
Bhubaneswar,gem_seamless,2026-09-27T22:00,24.6,0.0,6.1
Bhubaneswar,gem_seamless,2026-09-27T23:00,24.2,0.0,4.3
Bhubaneswar,gem_seamless,2026-09-28T00:00,24.0,0.0,4.0
Bhubaneswar,gem_seamless,2026-09-28T01:00,23.8,0.0,4.7
Bhubaneswar,gem_seamless,2026-09-28T02:00,23.6,0.0,5.0
Bhubaneswar,gem_seamless,2026-09-28T03:00,23.4,0.0,5.0
Bhubaneswar,gem_seamless,2026-09-28T04:00,23.3,0.0,6.1
Bhubaneswar,gem_seamless,2026-09-28T05:00,23.2,0.0,5.8
Bhubaneswar,gem_seamless,2026-09-28T06:00,23.8,0.0,7.9
Bhubaneswar,gem_seamless,2026-09-28T07:00,26.2,0.0,10.8
Bhubaneswar,gem_seamless,2026-09-28T08:00,28.3,0.0,12.6
Bhubaneswar,gem_seamless,2026-09-28T09:00,29.7,0.0,12.2
Bhubaneswar,gem_seamless,2026-09-28T10:00,30.7,0.0,10.8
Bhubaneswar,gem_seamless,2026-09-28T11:00,31.3,0.0,9.7
Bhubaneswar,gem_seamless,2026-09-28T12:00,32.1,0.0,9.7
Bhubaneswar,gem_seamless,2026-09-28T13:00,32.6,0.0,9.7
Bhubaneswar,gem_seamless,2026-09-28T14:00,32.8,0.0,9.7
Bhubaneswar,gem_seamless,2026-09-28T15:00,32.6,0.0,9.0
Bhubaneswar,gem_seamless,2026-09-28T16:00,31.2,1.0,7.6
Bhubaneswar,gem_seamless,2026-09-28T17:00,28.4,3.0,1.8
Bhubaneswar,gem_seamless,2026-09-28T18:00,27.1,3.0,1.8
Bhubaneswar,gem_seamless,2026-09-28T19:00,26.4,0.0,3.6
Bhubaneswar,gem_seamless,2026-09-28T20:00,26.1,0.0,6.1
Bhubaneswar,gem_seamless,2026-09-28T21:00,25.9,0.0,10.1
Bhubaneswar,gem_seamless,2026-09-28T22:00,25.5,0.0,7.2
Bhubaneswar,gem_seamless,2026-09-28T23:00,25.0,0.0,3.6
Bhubaneswar,gem_seamless,2026-09-29T00:00,24.7,0.0,3.6
Bhubaneswar,gem_seamless,2026-09-29T01:00,24.7,0.0,5.0
Bhubaneswar,gem_seamless,2026-09-29T02:00,24.7,0.0,7.6
Bhubaneswar,gem_seamless,2026-09-29T03:00,24.6,0.0,7.6
Bhubaneswar,gem_seamless,2026-09-29T04:00,24.6,0.0,6.8
Bhubaneswar,gem_seamless,2026-09-29T05:00,24.6,0.0,6.8
Bhubaneswar,gem_seamless,2026-09-29T06:00,24.9,0.0,7.2
Bhubaneswar,gem_seamless,2026-09-29T07:00,26.3,0.0,7.9
Bhubaneswar,gem_seamless,2026-09-29T08:00,28.1,0.0,8.6
Bhubaneswar,gem_seamless,2026-09-29T09:00,29.6,0.0,9.0
Bhubaneswar,gem_seamless,2026-09-29T10:00,30.6,0.0,9.0
Bhubaneswar,gem_seamless,2026-09-29T11:00,31.5,0.0,7.6
Bhubaneswar,gem_seamless,2026-09-29T12:00,32.0,0.0,7.6
Bhubaneswar,gem_seamless,2026-09-29T13:00,32.3,0.0,7.2
Bhubaneswar,gem_seamless,2026-09-29T14:00,32.4,0.0,6.8
Bhubaneswar,gem_seamless,2026-09-29T15:00,32.4,0.0,5.8
Bhubaneswar,gem_seamless,2026-09-29T16:00,32.0,0.0,3.2
Bhubaneswar,gem_seamless,2026-09-29T17:00,29.7,0.3,8.3
Bhubaneswar,gem_seamless,2026-09-29T18:00,27.4,0.1,9.7
Bhubaneswar,gem_seamless,2026-09-29T19:00,26.0,1.0,7.6
Bhubaneswar,gem_seamless,2026-09-29T20:00,25.8,0.4,4.0
Bhubaneswar,gem_seamless,2026-09-29T21:00,26.1,0.0,9.0
Bhubaneswar,gem_seamless,2026-09-29T22:00,26.3,0.0,9.4
Bhubaneswar,gem_seamless,2026-09-29T23:00,26.6,0.0,8.3
Goa,ecmwf_ifs025,2026-09-27T00:00,25.0,0.0,1.8
Goa,ecmwf_ifs025,2026-09-27T01:00,24.5,0.0,2.3
Goa,ecmwf_ifs025,2026-09-27T02:00,24.1,0.0,3.9
Goa,ecmwf_ifs025,2026-09-27T03:00,23.7,0.0,4.2
Goa,ecmwf_ifs025,2026-09-27T04:00,23.3,0.0,4.0
Goa,ecmwf_ifs025,2026-09-27T05:00,23.4,0.0,3.8
Goa,ecmwf_ifs025,2026-09-27T06:00,24.2,0.0,4.3
Goa,ecmwf_ifs025,2026-09-27T07:00,25.4,0.0,5.1
Goa,ecmwf_ifs025,2026-09-27T08:00,26.5,0.0,4.7
Goa,ecmwf_ifs025,2026-09-27T09:00,27.6,0.0,2.5
Goa,ecmwf_ifs025,2026-09-27T10:00,28.7,0.0,5.5
Goa,ecmwf_ifs025,2026-09-27T11:00,29.3,0.0,9.6
Goa,ecmwf_ifs025,2026-09-27T12:00,29.4,0.0,11.5
Goa,ecmwf_ifs025,2026-09-27T13:00,29.1,0.0,12.9
Goa,ecmwf_ifs025,2026-09-27T14:00,28.8,0.0,13.0
Goa,ecmwf_ifs025,2026-09-27T15:00,28.4,0.0,12.4
Goa,ecmwf_ifs025,2026-09-27T16:00,28.0,0.0,11.0
Goa,ecmwf_ifs025,2026-09-27T17:00,27.5,0.0,9.3
Goa,ecmwf_ifs025,2026-09-27T18:00,27.0,0.0,6.6
Goa,ecmwf_ifs025,2026-09-27T19:00,26.5,0.0,3.2
Goa,ecmwf_ifs025,2026-09-27T20:00,25.9,0.0,0.8
Goa,ecmwf_ifs025,2026-09-27T21:00,25.3,0.0,1.8
Goa,ecmwf_ifs025,2026-09-27T22:00,24.7,0.0,3.3
Goa,ecmwf_ifs025,2026-09-27T23:00,24.1,0.0,4.6
Goa,ecmwf_ifs025,2026-09-28T00:00,23.7,0.0,4.7
Goa,ecmwf_ifs025,2026-09-28T01:00,23.2,0.0,4.0
Goa,ecmwf_ifs025,2026-09-28T02:00,22.9,0.0,4.1
Goa,ecmwf_ifs025,2026-09-28T03:00,22.6,0.0,4.5
Goa,ecmwf_ifs025,2026-09-28T04:00,22.3,0.0,5.2
Goa,ecmwf_ifs025,2026-09-28T05:00,22.5,0.0,5.4
Goa,ecmwf_ifs025,2026-09-28T06:00,23.5,0.0,5.4
Goa,ecmwf_ifs025,2026-09-28T07:00,25.0,0.0,5.4
Goa,ecmwf_ifs025,2026-09-28T08:00,26.3,0.0,4.3
Goa,ecmwf_ifs025,2026-09-28T09:00,27.5,0.1,1.9
Goa,ecmwf_ifs025,2026-09-28T10:00,28.5,0.1,2.0
Goa,ecmwf_ifs025,2026-09-28T11:00,29.1,0.1,5.3
Goa,ecmwf_ifs025,2026-09-28T12:00,29.2,0.1,8.4
Goa,ecmwf_ifs025,2026-09-28T13:00,28.9,0.1,11.4
Goa,ecmwf_ifs025,2026-09-28T14:00,28.5,0.1,13.2
Goa,ecmwf_ifs025,2026-09-28T15:00,28.1,0.0,13.0
Goa,ecmwf_ifs025,2026-09-28T16:00,27.7,0.0,11.3
Goa,ecmwf_ifs025,2026-09-28T17:00,27.3,0.0,9.3
Goa,ecmwf_ifs025,2026-09-28T18:00,27.0,0.0,6.2
Goa,ecmwf_ifs025,2026-09-28T19:00,26.6,0.0,2.9
Goa,ecmwf_ifs025,2026-09-28T20:00,26.2,0.0,0.4
Goa,ecmwf_ifs025,2026-09-28T21:00,25.6,0.0,1.8
Goa,ecmwf_ifs025,2026-09-28T22:00,25.0,0.0,3.1
Goa,ecmwf_ifs025,2026-09-28T23:00,24.4,0.0,3.9
Goa,ecmwf_ifs025,2026-09-29T00:00,24.0,0.0,4.0
Goa,ecmwf_ifs025,2026-09-29T01:00,23.6,0.0,4.0
Goa,ecmwf_ifs025,2026-09-29T02:00,23.3,0.0,4.6
Goa,ecmwf_ifs025,2026-09-29T03:00,23.0,0.0,5.2
Goa,ecmwf_ifs025,2026-09-29T04:00,22.7,0.0,5.8
Goa,ecmwf_ifs025,2026-09-29T05:00,22.9,0.0,5.8
Goa,ecmwf_ifs025,2026-09-29T06:00,23.8,0.0,4.7
Goa,ecmwf_ifs025,2026-09-29T07:00,25.3,0.0,2.5
Goa,ecmwf_ifs025,2026-09-29T08:00,26.6,0.0,0.5
Goa,ecmwf_ifs025,2026-09-29T09:00,27.7,0.0,2.5
Goa,ecmwf_ifs025,2026-09-29T10:00,28.8,0.0,5.9
Goa,ecmwf_ifs025,2026-09-29T11:00,29.4,0.0,8.5
Goa,ecmwf_ifs025,2026-09-29T12:00,29.6,0.1,9.6
Goa,ecmwf_ifs025,2026-09-29T13:00,29.4,0.1,10.0
Goa,ecmwf_ifs025,2026-09-29T14:00,29.0,0.1,9.9
Goa,ecmwf_ifs025,2026-09-29T15:00,28.5,0.1,9.7
Goa,ecmwf_ifs025,2026-09-29T16:00,27.9,0.1,9.5
Goa,ecmwf_ifs025,2026-09-29T17:00,27.3,0.1,9.2
Goa,ecmwf_ifs025,2026-09-29T18:00,26.7,0.0,7.6
Goa,ecmwf_ifs025,2026-09-29T19:00,26.2,0.0,5.5
Goa,ecmwf_ifs025,2026-09-29T20:00,25.7,0.0,3.6
Goa,ecmwf_ifs025,2026-09-29T21:00,25.3,0.0,2.6
Goa,ecmwf_ifs025,2026-09-29T22:00,24.9,0.0,2.5
Goa,ecmwf_ifs025,2026-09-29T23:00,24.6,0.0,2.6
Goa,gfs_seamless,2026-09-27T00:00,23.3,0.0,2.7
Goa,gfs_seamless,2026-09-27T01:00,23.2,0.0,3.3
Goa,gfs_seamless,2026-09-27T02:00,23.0,0.0,3.0
Goa,gfs_seamless,2026-09-27T03:00,22.9,0.0,4.7
Goa,gfs_seamless,2026-09-27T04:00,22.7,0.0,4.3
Goa,gfs_seamless,2026-09-27T05:00,22.5,0.0,4.3
Goa,gfs_seamless,2026-09-27T06:00,22.5,0.0,3.6
Goa,gfs_seamless,2026-09-27T07:00,23.9,0.0,3.3
Goa,gfs_seamless,2026-09-27T08:00,25.7,0.0,1.1
Goa,gfs_seamless,2026-09-27T09:00,27.6,0.0,1.5
Goa,gfs_seamless,2026-09-27T10:00,29.0,0.0,4.3
Goa,gfs_seamless,2026-09-27T11:00,30.0,0.0,5.4
Goa,gfs_seamless,2026-09-27T12:00,30.5,0.0,6.8
Goa,gfs_seamless,2026-09-27T13:00,30.8,0.0,8.3
Goa,gfs_seamless,2026-09-27T14:00,30.8,0.0,9.7
Goa,gfs_seamless,2026-09-27T15:00,29.9,0.0,13.0
Goa,gfs_seamless,2026-09-27T16:00,28.5,0.0,10.5
Goa,gfs_seamless,2026-09-27T17:00,27.0,0.0,7.6
Goa,gfs_seamless,2026-09-27T18:00,24.6,0.0,4.7
Goa,gfs_seamless,2026-09-27T19:00,23.9,0.0,2.2
Goa,gfs_seamless,2026-09-27T20:00,23.5,0.0,0.7
Goa,gfs_seamless,2026-09-27T21:00,23.3,0.0,1.5
Goa,gfs_seamless,2026-09-27T22:00,23.1,0.0,1.5
Goa,gfs_seamless,2026-09-27T23:00,22.9,0.0,1.8
Goa,gfs_seamless,2026-09-28T00:00,22.8,0.0,2.4
Goa,gfs_seamless,2026-09-28T01:00,22.7,0.0,2.5
Goa,gfs_seamless,2026-09-28T02:00,22.4,0.0,3.3
Goa,gfs_seamless,2026-09-28T03:00,22.3,0.0,2.3
Goa,gfs_seamless,2026-09-28T04:00,22.2,0.0,4.0
Goa,gfs_seamless,2026-09-28T05:00,22.1,0.0,4.2
Goa,gfs_seamless,2026-09-28T06:00,22.0,0.0,4.7
Goa,gfs_seamless,2026-09-28T07:00,23.7,0.0,3.3
Goa,gfs_seamless,2026-09-28T08:00,25.9,0.0,1.8
Goa,gfs_seamless,2026-09-28T09:00,27.8,0.0,2.1
Goa,gfs_seamless,2026-09-28T10:00,29.1,0.0,4.5
Goa,gfs_seamless,2026-09-28T11:00,30.0,0.0,5.6
Goa,gfs_seamless,2026-09-28T12:00,30.6,0.0,6.3
Goa,gfs_seamless,2026-09-28T13:00,30.8,0.0,7.0
Goa,gfs_seamless,2026-09-28T14:00,30.8,0.0,8.7
Goa,gfs_seamless,2026-09-28T15:00,30.4,0.0,9.4
Goa,gfs_seamless,2026-09-28T16:00,29.2,0.0,9.8
Goa,gfs_seamless,2026-09-28T17:00,27.3,0.0,8.7
Goa,gfs_seamless,2026-09-28T18:00,24.8,0.0,5.1
Goa,gfs_seamless,2026-09-28T19:00,24.1,0.0,1.3
Goa,gfs_seamless,2026-09-28T20:00,23.7,0.0,1.1
Goa,gfs_seamless,2026-09-28T21:00,23.5,0.0,2.5
Goa,gfs_seamless,2026-09-28T22:00,23.2,0.0,3.3
Goa,gfs_seamless,2026-09-28T23:00,23.0,0.0,3.2
Goa,gfs_seamless,2026-09-29T00:00,22.7,0.0,3.7
Goa,gfs_seamless,2026-09-29T01:00,22.5,0.0,3.3
Goa,gfs_seamless,2026-09-29T02:00,22.4,0.0,4.0
Goa,gfs_seamless,2026-09-29T03:00,22.3,0.0,4.3
Goa,gfs_seamless,2026-09-29T04:00,22.2,0.0,4.7
Goa,gfs_seamless,2026-09-29T05:00,22.1,0.0,4.9
Goa,gfs_seamless,2026-09-29T06:00,22.2,0.0,4.3
Goa,gfs_seamless,2026-09-29T07:00,23.9,0.0,4.0
Goa,gfs_seamless,2026-09-29T08:00,26.2,0.0,1.1
Goa,gfs_seamless,2026-09-29T09:00,28.1,0.0,2.2
Goa,gfs_seamless,2026-09-29T10:00,29.5,0.0,4.0
Goa,gfs_seamless,2026-09-29T11:00,30.4,0.0,5.4
Goa,gfs_seamless,2026-09-29T12:00,30.9,0.0,5.8
Goa,gfs_seamless,2026-09-29T13:00,31.4,0.0,8.0
Goa,gfs_seamless,2026-09-29T14:00,29.2,0.4,10.8
Goa,gfs_seamless,2026-09-29T15:00,29.0,0.2,8.6
Goa,gfs_seamless,2026-09-29T16:00,28.9,0.0,8.6
Goa,gfs_seamless,2026-09-29T17:00,27.5,0.0,7.9
Goa,gfs_seamless,2026-09-29T18:00,25.2,0.0,5.8
Goa,gfs_seamless,2026-09-29T19:00,24.5,0.0,3.0
Goa,gfs_seamless,2026-09-29T20:00,24.2,0.0,1.9
Goa,gfs_seamless,2026-09-29T21:00,24.0,0.0,1.5
Goa,gfs_seamless,2026-09-29T22:00,23.7,0.0,1.5
Goa,gfs_seamless,2026-09-29T23:00,23.6,0.0,3.6
Goa,icon_seamless,2026-09-27T00:00,25.2,0.0,2.5
Goa,icon_seamless,2026-09-27T01:00,24.9,0.0,2.8
Goa,icon_seamless,2026-09-27T02:00,24.7,0.0,2.9
Goa,icon_seamless,2026-09-27T03:00,24.4,0.0,3.2
Goa,icon_seamless,2026-09-27T04:00,24.2,0.0,3.5
Goa,icon_seamless,2026-09-27T05:00,24.2,0.0,3.7
Goa,icon_seamless,2026-09-27T06:00,24.0,0.0,3.9
Goa,icon_seamless,2026-09-27T07:00,24.7,0.0,3.4
Goa,icon_seamless,2026-09-27T08:00,27.0,0.0,1.5
Goa,icon_seamless,2026-09-27T09:00,28.3,0.0,2.1
Goa,icon_seamless,2026-09-27T10:00,29.4,0.0,3.7
Goa,icon_seamless,2026-09-27T11:00,30.5,0.0,6.8
Goa,icon_seamless,2026-09-27T12:00,31.4,0.0,10.5
Goa,icon_seamless,2026-09-27T13:00,31.7,0.0,14.5
Goa,icon_seamless,2026-09-27T14:00,31.4,0.0,15.9
Goa,icon_seamless,2026-09-27T15:00,30.9,0.0,15.7
Goa,icon_seamless,2026-09-27T16:00,29.9,0.0,12.8
Goa,icon_seamless,2026-09-27T17:00,28.8,0.0,10.2
Goa,icon_seamless,2026-09-27T18:00,27.7,0.0,6.7
Goa,icon_seamless,2026-09-27T19:00,26.8,0.0,2.5
Goa,icon_seamless,2026-09-27T20:00,26.4,0.0,1.1
Goa,icon_seamless,2026-09-27T21:00,26.3,0.0,0.7
Goa,icon_seamless,2026-09-27T22:00,26.1,0.0,1.8
Goa,icon_seamless,2026-09-27T23:00,25.4,0.0,3.2
Goa,icon_seamless,2026-09-28T00:00,24.9,0.0,3.4
Goa,icon_seamless,2026-09-28T01:00,24.7,0.0,3.4
Goa,icon_seamless,2026-09-28T02:00,24.4,0.0,3.4
Goa,icon_seamless,2026-09-28T03:00,24.1,0.0,3.5
Goa,icon_seamless,2026-09-28T04:00,23.7,0.0,3.9
Goa,icon_seamless,2026-09-28T05:00,23.4,0.0,3.9
Goa,icon_seamless,2026-09-28T06:00,23.0,0.0,3.9
Goa,icon_seamless,2026-09-28T07:00,24.1,0.0,3.9
Goa,icon_seamless,2026-09-28T08:00,27.0,0.0,1.5
Goa,icon_seamless,2026-09-28T09:00,28.3,0.0,2.4
Goa,icon_seamless,2026-09-28T10:00,29.5,0.0,4.2
Goa,icon_seamless,2026-09-28T11:00,30.8,0.0,6.0
Goa,icon_seamless,2026-09-28T12:00,31.8,0.0,9.1
Goa,icon_seamless,2026-09-28T13:00,32.1,0.0,13.0
Goa,icon_seamless,2026-09-28T14:00,31.4,0.0,15.3
Goa,icon_seamless,2026-09-28T15:00,30.6,0.0,14.3
Goa,icon_seamless,2026-09-28T16:00,29.8,0.0,12.1
Goa,icon_seamless,2026-09-28T17:00,29.0,0.0,9.4
Goa,icon_seamless,2026-09-28T18:00,27.9,0.0,6.5
Goa,icon_seamless,2026-09-28T19:00,26.9,0.0,3.2
Goa,icon_seamless,2026-09-28T20:00,26.5,0.0,1.6
Goa,icon_seamless,2026-09-28T21:00,26.3,0.0,0.8
Goa,icon_seamless,2026-09-28T22:00,26.1,0.0,0.8
Goa,icon_seamless,2026-09-28T23:00,25.9,0.0,1.9
Goa,icon_seamless,2026-09-29T00:00,25.3,0.0,2.6
Goa,icon_seamless,2026-09-29T01:00,24.5,0.0,2.8
Goa,icon_seamless,2026-09-29T02:00,24.1,0.0,3.1
Goa,icon_seamless,2026-09-29T03:00,23.7,0.0,3.2
Goa,icon_seamless,2026-09-29T04:00,23.3,0.0,4.0
Goa,icon_seamless,2026-09-29T05:00,23.1,0.0,3.5
Goa,icon_seamless,2026-09-29T06:00,22.9,0.0,3.4
Goa,icon_seamless,2026-09-29T07:00,24.1,0.0,3.1
Goa,icon_seamless,2026-09-29T08:00,27.1,0.0,1.5
Goa,icon_seamless,2026-09-29T09:00,28.5,0.0,1.0
Goa,icon_seamless,2026-09-29T10:00,30.0,0.0,3.2
Goa,icon_seamless,2026-09-29T11:00,31.3,0.0,6.5
Goa,icon_seamless,2026-09-29T12:00,32.2,0.0,10.5
Goa,icon_seamless,2026-09-29T13:00,32.2,0.0,13.1
Goa,icon_seamless,2026-09-29T14:00,31.7,0.0,14.2
Goa,icon_seamless,2026-09-29T15:00,31.1,0.0,13.8
Goa,icon_seamless,2026-09-29T16:00,30.4,0.0,11.9
Goa,icon_seamless,2026-09-29T17:00,29.3,0.0,9.7
Goa,icon_seamless,2026-09-29T18:00,28.1,0.0,6.5
Goa,icon_seamless,2026-09-29T19:00,27.1,0.0,3.3
Goa,icon_seamless,2026-09-29T20:00,26.7,0.0,2.3
Goa,icon_seamless,2026-09-29T21:00,26.6,0.0,0.7
Goa,icon_seamless,2026-09-29T22:00,26.6,0.0,0.8
Goa,icon_seamless,2026-09-29T23:00,26.3,0.0,1.6
Goa,gem_seamless,2026-09-27T00:00,23.9,0.0,1.4
Goa,gem_seamless,2026-09-27T01:00,23.5,0.0,2.5
Goa,gem_seamless,2026-09-27T02:00,23.2,0.0,3.2
Goa,gem_seamless,2026-09-27T03:00,23.2,0.0,4.0
Goa,gem_seamless,2026-09-27T04:00,23.0,0.0,4.0
Goa,gem_seamless,2026-09-27T05:00,22.7,0.0,4.0
Goa,gem_seamless,2026-09-27T06:00,22.4,0.0,4.0
Goa,gem_seamless,2026-09-27T07:00,23.5,0.0,4.0
Goa,gem_seamless,2026-09-27T08:00,26.3,0.0,2.2
Goa,gem_seamless,2026-09-27T09:00,28.0,0.0,4.0
Goa,gem_seamless,2026-09-27T10:00,29.2,0.0,4.7
Goa,gem_seamless,2026-09-27T11:00,30.3,0.0,6.5
Goa,gem_seamless,2026-09-27T12:00,31.0,0.0,9.7
Goa,gem_seamless,2026-09-27T13:00,31.2,0.0,12.2
Goa,gem_seamless,2026-09-27T14:00,31.0,0.0,13.7
Goa,gem_seamless,2026-09-27T15:00,30.6,0.0,13.7
Goa,gem_seamless,2026-09-27T16:00,29.7,0.0,12.6
Goa,gem_seamless,2026-09-27T17:00,28.6,0.0,10.4
Goa,gem_seamless,2026-09-27T18:00,27.0,0.0,6.8
Goa,gem_seamless,2026-09-27T19:00,25.5,0.0,3.2
Goa,gem_seamless,2026-09-27T20:00,24.4,0.0,1.1
Goa,gem_seamless,2026-09-27T21:00,23.7,0.0,2.5
Goa,gem_seamless,2026-09-27T22:00,23.1,0.0,4.0
Goa,gem_seamless,2026-09-27T23:00,22.7,0.0,4.3
Goa,gem_seamless,2026-09-28T00:00,22.5,0.0,4.3
Goa,gem_seamless,2026-09-28T01:00,22.4,0.0,4.3
Goa,gem_seamless,2026-09-28T02:00,22.5,0.0,4.3
Goa,gem_seamless,2026-09-28T03:00,22.7,0.0,4.3
Goa,gem_seamless,2026-09-28T04:00,22.9,0.0,4.0
Goa,gem_seamless,2026-09-28T05:00,23.1,0.0,4.0
Goa,gem_seamless,2026-09-28T06:00,23.2,0.0,4.3
Goa,gem_seamless,2026-09-28T07:00,24.3,0.0,4.7
Goa,gem_seamless,2026-09-28T08:00,26.8,0.0,4.0
Goa,gem_seamless,2026-09-28T09:00,28.6,0.0,1.1
Goa,gem_seamless,2026-09-28T10:00,30.1,0.0,2.9
Goa,gem_seamless,2026-09-28T11:00,31.3,0.0,5.8
Goa,gem_seamless,2026-09-28T12:00,32.0,0.0,9.7
Goa,gem_seamless,2026-09-28T13:00,32.0,0.0,13.3
Goa,gem_seamless,2026-09-28T14:00,31.6,0.0,15.5
Goa,gem_seamless,2026-09-28T15:00,31.1,0.0,14.0
Goa,gem_seamless,2026-09-28T16:00,30.2,0.0,11.9
Goa,gem_seamless,2026-09-28T17:00,29.2,0.0,10.1
Goa,gem_seamless,2026-09-28T18:00,27.7,0.0,7.2
Goa,gem_seamless,2026-09-28T19:00,26.3,0.0,4.0
Goa,gem_seamless,2026-09-28T20:00,25.4,0.0,2.2
Goa,gem_seamless,2026-09-28T21:00,24.6,0.0,0.7
Goa,gem_seamless,2026-09-28T22:00,24.0,0.0,2.2
Goa,gem_seamless,2026-09-28T23:00,23.4,0.0,3.6
Goa,gem_seamless,2026-09-29T00:00,23.0,0.0,4.7
Goa,gem_seamless,2026-09-29T01:00,22.7,0.0,5.0
Goa,gem_seamless,2026-09-29T02:00,22.6,0.0,4.7
Goa,gem_seamless,2026-09-29T03:00,22.6,0.0,4.3
Goa,gem_seamless,2026-09-29T04:00,22.6,0.0,3.6
Goa,gem_seamless,2026-09-29T05:00,22.6,0.0,2.5
Goa,gem_seamless,2026-09-29T06:00,22.7,0.0,4.0
Goa,gem_seamless,2026-09-29T07:00,24.0,0.0,4.3
Goa,gem_seamless,2026-09-29T08:00,27.0,0.0,2.5
Goa,gem_seamless,2026-09-29T09:00,28.7,0.0,2.9
Goa,gem_seamless,2026-09-29T10:00,29.8,0.0,4.7
Goa,gem_seamless,2026-09-29T11:00,30.6,0.0,6.5
Goa,gem_seamless,2026-09-29T12:00,31.3,0.0,9.7
Goa,gem_seamless,2026-09-29T13:00,31.6,0.0,13.0
Goa,gem_seamless,2026-09-29T14:00,31.3,0.0,13.7
Goa,gem_seamless,2026-09-29T15:00,30.5,0.0,10.4
Goa,gem_seamless,2026-09-29T16:00,29.6,0.0,7.6
Goa,gem_seamless,2026-09-29T17:00,28.8,0.0,7.6
Goa,gem_seamless,2026-09-29T18:00,27.7,0.0,7.6
Goa,gem_seamless,2026-09-29T19:00,27.0,0.0,5.8
Goa,gem_seamless,2026-09-29T20:00,26.3,0.0,4.0
Goa,gem_seamless,2026-09-29T21:00,25.7,0.0,1.4
Goa,gem_seamless,2026-09-29T22:00,24.9,0.0,2.9
Goa,gem_seamless,2026-09-29T23:00,24.5,0.0,2.5
Imphal,ecmwf_ifs025,2026-09-27T00:00,24.2,0.0,5.1
Imphal,ecmwf_ifs025,2026-09-27T01:00,23.7,0.0,4.5
Imphal,ecmwf_ifs025,2026-09-27T02:00,23.3,0.0,3.9
Imphal,ecmwf_ifs025,2026-09-27T03:00,23.0,0.0,3.5
Imphal,ecmwf_ifs025,2026-09-27T04:00,22.7,0.0,3.1
Imphal,ecmwf_ifs025,2026-09-27T05:00,22.9,0.0,3.1
Imphal,ecmwf_ifs025,2026-09-27T06:00,23.9,0.0,3.3
Imphal,ecmwf_ifs025,2026-09-27T07:00,25.3,0.0,4.4
Imphal,ecmwf_ifs025,2026-09-27T08:00,26.6,0.0,5.6
Imphal,ecmwf_ifs025,2026-09-27T09:00,27.9,0.0,6.1
Imphal,ecmwf_ifs025,2026-09-27T10:00,29.1,0.0,7.0
Imphal,ecmwf_ifs025,2026-09-27T11:00,30.0,0.0,8.1
Imphal,ecmwf_ifs025,2026-09-27T12:00,30.5,0.0,8.8
Imphal,ecmwf_ifs025,2026-09-27T13:00,30.6,0.0,9.3
Imphal,ecmwf_ifs025,2026-09-27T14:00,30.3,0.0,9.5
Imphal,ecmwf_ifs025,2026-09-27T15:00,29.4,0.0,9.8
Imphal,ecmwf_ifs025,2026-09-27T16:00,28.1,0.0,9.8
Imphal,ecmwf_ifs025,2026-09-27T17:00,26.9,0.0,9.1
Imphal,ecmwf_ifs025,2026-09-27T18:00,26.1,0.0,7.6
Imphal,ecmwf_ifs025,2026-09-27T19:00,25.5,0.0,6.4
Imphal,ecmwf_ifs025,2026-09-27T20:00,25.0,0.0,6.0
Imphal,ecmwf_ifs025,2026-09-27T21:00,24.5,0.0,5.7
Imphal,ecmwf_ifs025,2026-09-27T22:00,24.0,0.0,4.6
Imphal,ecmwf_ifs025,2026-09-27T23:00,23.6,0.0,4.2
Imphal,ecmwf_ifs025,2026-09-28T00:00,23.2,0.0,4.1
Imphal,ecmwf_ifs025,2026-09-28T01:00,22.9,0.0,4.3
Imphal,ecmwf_ifs025,2026-09-28T02:00,22.7,0.0,4.7
Imphal,ecmwf_ifs025,2026-09-28T03:00,22.6,0.0,4.7
Imphal,ecmwf_ifs025,2026-09-28T04:00,22.7,0.0,4.9
Imphal,ecmwf_ifs025,2026-09-28T05:00,23.2,0.0,4.7
Imphal,ecmwf_ifs025,2026-09-28T06:00,24.1,0.0,3.4
Imphal,ecmwf_ifs025,2026-09-28T07:00,25.4,0.0,2.1
Imphal,ecmwf_ifs025,2026-09-28T08:00,26.6,0.0,1.8
Imphal,ecmwf_ifs025,2026-09-28T09:00,27.8,0.1,2.9
Imphal,ecmwf_ifs025,2026-09-28T10:00,29.0,0.1,4.6
Imphal,ecmwf_ifs025,2026-09-28T11:00,29.9,0.1,5.9
Imphal,ecmwf_ifs025,2026-09-28T12:00,30.5,0.0,6.4
Imphal,ecmwf_ifs025,2026-09-28T13:00,30.9,0.0,6.5
Imphal,ecmwf_ifs025,2026-09-28T14:00,30.8,0.0,6.8
Imphal,ecmwf_ifs025,2026-09-28T15:00,29.9,0.0,7.1
Imphal,ecmwf_ifs025,2026-09-28T16:00,28.6,0.0,7.6
Imphal,ecmwf_ifs025,2026-09-28T17:00,27.5,0.0,7.2
Imphal,ecmwf_ifs025,2026-09-28T18:00,26.8,0.0,5.5
Imphal,ecmwf_ifs025,2026-09-28T19:00,26.2,0.0,3.8
Imphal,ecmwf_ifs025,2026-09-28T20:00,25.7,0.0,3.4
Imphal,ecmwf_ifs025,2026-09-28T21:00,25.1,0.0,3.0
Imphal,ecmwf_ifs025,2026-09-28T22:00,24.5,0.0,2.4
Imphal,ecmwf_ifs025,2026-09-28T23:00,24.0,0.0,2.3
Imphal,ecmwf_ifs025,2026-09-29T00:00,23.6,0.0,3.4
Imphal,ecmwf_ifs025,2026-09-29T01:00,23.3,0.0,4.7
Imphal,ecmwf_ifs025,2026-09-29T02:00,23.1,0.0,5.4
Imphal,ecmwf_ifs025,2026-09-29T03:00,22.9,0.1,4.5
Imphal,ecmwf_ifs025,2026-09-29T04:00,22.8,0.1,2.9
Imphal,ecmwf_ifs025,2026-09-29T05:00,23.0,0.1,1.8
Imphal,ecmwf_ifs025,2026-09-29T06:00,23.9,0.1,1.8
Imphal,ecmwf_ifs025,2026-09-29T07:00,25.2,0.1,2.5
Imphal,ecmwf_ifs025,2026-09-29T08:00,26.4,0.1,2.7
Imphal,ecmwf_ifs025,2026-09-29T09:00,27.6,0.5,2.6
Imphal,ecmwf_ifs025,2026-09-29T10:00,28.6,0.5,2.9
Imphal,ecmwf_ifs025,2026-09-29T11:00,29.3,0.5,2.9
Imphal,ecmwf_ifs025,2026-09-29T12:00,29.3,0.3,1.0
Imphal,ecmwf_ifs025,2026-09-29T13:00,28.8,0.3,5.1
Imphal,ecmwf_ifs025,2026-09-29T14:00,28.1,0.3,7.8
Imphal,ecmwf_ifs025,2026-09-29T15:00,27.0,0.4,6.6
Imphal,ecmwf_ifs025,2026-09-29T16:00,25.7,0.4,4.1
Imphal,ecmwf_ifs025,2026-09-29T17:00,24.7,0.4,2.9
Imphal,ecmwf_ifs025,2026-09-29T18:00,24.4,0.0,1.8
Imphal,ecmwf_ifs025,2026-09-29T19:00,24.3,0.0,0.8
Imphal,ecmwf_ifs025,2026-09-29T20:00,24.2,0.0,1.0
Imphal,ecmwf_ifs025,2026-09-29T21:00,24.0,0.0,1.0
Imphal,ecmwf_ifs025,2026-09-29T22:00,23.7,0.0,0.5
Imphal,ecmwf_ifs025,2026-09-29T23:00,23.4,0.0,0.0
Imphal,gfs_seamless,2026-09-27T00:00,19.8,0.0,2.2
Imphal,gfs_seamless,2026-09-27T01:00,19.6,0.0,1.8
Imphal,gfs_seamless,2026-09-27T02:00,19.4,0.0,1.8
Imphal,gfs_seamless,2026-09-27T03:00,19.2,0.0,1.8
Imphal,gfs_seamless,2026-09-27T04:00,19.0,0.0,2.4
Imphal,gfs_seamless,2026-09-27T05:00,19.2,0.0,2.3
Imphal,gfs_seamless,2026-09-27T06:00,20.9,0.0,1.1
Imphal,gfs_seamless,2026-09-27T07:00,23.1,0.0,1.4
Imphal,gfs_seamless,2026-09-27T08:00,25.1,0.0,4.3
Imphal,gfs_seamless,2026-09-27T09:00,26.6,0.0,5.8
Imphal,gfs_seamless,2026-09-27T10:00,27.6,0.0,6.7
Imphal,gfs_seamless,2026-09-27T11:00,28.1,0.0,8.1
Imphal,gfs_seamless,2026-09-27T12:00,28.6,0.0,6.9
Imphal,gfs_seamless,2026-09-27T13:00,29.0,0.0,6.6
Imphal,gfs_seamless,2026-09-27T14:00,29.2,0.0,8.8
Imphal,gfs_seamless,2026-09-27T15:00,27.8,0.5,8.7
Imphal,gfs_seamless,2026-09-27T16:00,25.9,0.2,5.4
Imphal,gfs_seamless,2026-09-27T17:00,23.6,0.0,3.1
Imphal,gfs_seamless,2026-09-27T18:00,22.7,0.0,2.2
Imphal,gfs_seamless,2026-09-27T19:00,22.0,0.0,1.5
Imphal,gfs_seamless,2026-09-27T20:00,21.4,0.0,2.1
Imphal,gfs_seamless,2026-09-27T21:00,21.0,0.0,2.3
Imphal,gfs_seamless,2026-09-27T22:00,20.7,0.0,3.3
Imphal,gfs_seamless,2026-09-27T23:00,20.3,0.0,3.2
Imphal,gfs_seamless,2026-09-28T00:00,20.0,0.0,3.0
Imphal,gfs_seamless,2026-09-28T01:00,19.8,0.0,2.5
Imphal,gfs_seamless,2026-09-28T02:00,19.5,0.0,3.2
Imphal,gfs_seamless,2026-09-28T03:00,19.3,0.0,1.5
Imphal,gfs_seamless,2026-09-28T04:00,19.1,0.0,1.3
Imphal,gfs_seamless,2026-09-28T05:00,19.3,0.0,2.6
Imphal,gfs_seamless,2026-09-28T06:00,21.2,0.0,2.0
Imphal,gfs_seamless,2026-09-28T07:00,23.5,0.0,1.1
Imphal,gfs_seamless,2026-09-28T08:00,25.8,0.0,1.8
Imphal,gfs_seamless,2026-09-28T09:00,27.3,0.0,5.2
Imphal,gfs_seamless,2026-09-28T10:00,28.1,0.0,7.2
Imphal,gfs_seamless,2026-09-28T11:00,28.8,0.0,8.2
Imphal,gfs_seamless,2026-09-28T12:00,29.4,0.0,8.1
Imphal,gfs_seamless,2026-09-28T13:00,29.8,0.0,6.5
Imphal,gfs_seamless,2026-09-28T14:00,30.2,0.0,4.1
Imphal,gfs_seamless,2026-09-28T15:00,30.2,0.0,2.5
Imphal,gfs_seamless,2026-09-28T16:00,27.0,0.0,1.9
Imphal,gfs_seamless,2026-09-28T17:00,24.3,0.0,1.3
Imphal,gfs_seamless,2026-09-28T18:00,23.2,0.0,1.6
Imphal,gfs_seamless,2026-09-28T19:00,22.6,0.0,5.2
Imphal,gfs_seamless,2026-09-28T20:00,22.0,0.0,5.6
Imphal,gfs_seamless,2026-09-28T21:00,21.5,0.0,4.9
Imphal,gfs_seamless,2026-09-28T22:00,21.1,0.0,4.2
Imphal,gfs_seamless,2026-09-28T23:00,20.9,0.0,4.3
Imphal,gfs_seamless,2026-09-29T00:00,20.8,0.0,3.3
Imphal,gfs_seamless,2026-09-29T01:00,20.4,0.0,3.1
Imphal,gfs_seamless,2026-09-29T02:00,20.2,0.0,2.8
Imphal,gfs_seamless,2026-09-29T03:00,20.3,0.0,3.1
Imphal,gfs_seamless,2026-09-29T04:00,20.4,0.0,2.8
Imphal,gfs_seamless,2026-09-29T05:00,20.8,0.0,3.6
Imphal,gfs_seamless,2026-09-29T06:00,22.3,0.0,2.5
Imphal,gfs_seamless,2026-09-29T07:00,23.9,0.2,3.5
Imphal,gfs_seamless,2026-09-29T08:00,25.3,0.1,4.7
Imphal,gfs_seamless,2026-09-29T09:00,25.0,0.9,6.4
Imphal,gfs_seamless,2026-09-29T10:00,25.3,0.7,4.0
Imphal,gfs_seamless,2026-09-29T11:00,25.4,1.7,4.0
Imphal,gfs_seamless,2026-09-29T12:00,26.2,0.1,0.8
Imphal,gfs_seamless,2026-09-29T13:00,25.6,0.6,0.8
Imphal,gfs_seamless,2026-09-29T14:00,24.7,0.1,1.3
Imphal,gfs_seamless,2026-09-29T15:00,23.7,0.0,3.9
Imphal,gfs_seamless,2026-09-29T16:00,22.9,0.0,4.2
Imphal,gfs_seamless,2026-09-29T17:00,22.4,0.0,3.5
Imphal,gfs_seamless,2026-09-29T18:00,22.2,0.0,2.2
Imphal,gfs_seamless,2026-09-29T19:00,22.1,0.0,3.2
Imphal,gfs_seamless,2026-09-29T20:00,21.2,0.0,3.1
Imphal,gfs_seamless,2026-09-29T21:00,20.8,0.0,2.7
Imphal,gfs_seamless,2026-09-29T22:00,20.3,1.2,2.8
Imphal,gfs_seamless,2026-09-29T23:00,20.0,1.6,2.1
Imphal,icon_seamless,2026-09-27T00:00,23.2,0.0,2.3
Imphal,icon_seamless,2026-09-27T01:00,23.1,0.0,2.4
Imphal,icon_seamless,2026-09-27T02:00,22.8,0.0,2.1
Imphal,icon_seamless,2026-09-27T03:00,22.3,0.0,2.3
Imphal,icon_seamless,2026-09-27T04:00,22.1,0.0,2.6
Imphal,icon_seamless,2026-09-27T05:00,22.3,0.0,1.5
Imphal,icon_seamless,2026-09-27T06:00,23.5,0.0,1.1
Imphal,icon_seamless,2026-09-27T07:00,25.6,0.0,2.1
Imphal,icon_seamless,2026-09-27T08:00,27.1,0.0,3.3
Imphal,icon_seamless,2026-09-27T09:00,28.6,0.0,4.2
Imphal,icon_seamless,2026-09-27T10:00,29.9,0.0,6.3
Imphal,icon_seamless,2026-09-27T11:00,30.9,0.0,7.9
Imphal,icon_seamless,2026-09-27T12:00,31.4,0.0,8.7
Imphal,icon_seamless,2026-09-27T13:00,31.5,0.0,9.6
Imphal,icon_seamless,2026-09-27T14:00,31.2,0.0,10.7
Imphal,icon_seamless,2026-09-27T15:00,30.4,0.0,11.3
Imphal,icon_seamless,2026-09-27T16:00,28.9,0.0,10.1
Imphal,icon_seamless,2026-09-27T17:00,26.9,0.0,6.6
Imphal,icon_seamless,2026-09-27T18:00,25.5,0.0,5.2
Imphal,icon_seamless,2026-09-27T19:00,24.5,0.0,4.5
Imphal,icon_seamless,2026-09-27T20:00,23.6,0.0,3.8
Imphal,icon_seamless,2026-09-27T21:00,23.0,0.0,3.8
Imphal,icon_seamless,2026-09-27T22:00,22.6,0.0,3.2
Imphal,icon_seamless,2026-09-27T23:00,22.3,0.0,2.4
Imphal,icon_seamless,2026-09-28T00:00,22.0,0.0,2.1
Imphal,icon_seamless,2026-09-28T01:00,21.7,0.0,1.8
Imphal,icon_seamless,2026-09-28T02:00,21.3,0.0,2.0
Imphal,icon_seamless,2026-09-28T03:00,20.9,0.0,1.8
Imphal,icon_seamless,2026-09-28T04:00,20.5,0.0,1.3
Imphal,icon_seamless,2026-09-28T05:00,20.4,0.0,1.9
Imphal,icon_seamless,2026-09-28T06:00,22.0,0.0,0.7
Imphal,icon_seamless,2026-09-28T07:00,24.2,0.0,1.9
Imphal,icon_seamless,2026-09-28T08:00,26.2,0.0,2.5
Imphal,icon_seamless,2026-09-28T09:00,27.7,0.0,4.8
Imphal,icon_seamless,2026-09-28T10:00,29.4,0.0,5.2
Imphal,icon_seamless,2026-09-28T11:00,30.7,0.0,5.9
Imphal,icon_seamless,2026-09-28T12:00,31.8,0.0,6.8
Imphal,icon_seamless,2026-09-28T13:00,32.4,0.0,6.8
Imphal,icon_seamless,2026-09-28T14:00,32.4,0.0,5.6
Imphal,icon_seamless,2026-09-28T15:00,31.7,0.0,5.9
Imphal,icon_seamless,2026-09-28T16:00,30.1,0.0,5.1
Imphal,icon_seamless,2026-09-28T17:00,27.5,0.0,4.0
Imphal,icon_seamless,2026-09-28T18:00,25.5,0.0,3.3
Imphal,icon_seamless,2026-09-28T19:00,24.5,0.0,4.0
Imphal,icon_seamless,2026-09-28T20:00,24.1,0.0,3.4
Imphal,icon_seamless,2026-09-28T21:00,23.5,0.0,3.6
Imphal,icon_seamless,2026-09-28T22:00,23.4,0.0,3.6
Imphal,icon_seamless,2026-09-28T23:00,23.0,0.0,2.9
Imphal,icon_seamless,2026-09-29T00:00,22.5,0.0,2.9
Imphal,icon_seamless,2026-09-29T01:00,22.3,0.0,3.1
Imphal,icon_seamless,2026-09-29T02:00,22.1,0.0,3.4
Imphal,icon_seamless,2026-09-29T03:00,22.0,0.0,3.5
Imphal,icon_seamless,2026-09-29T04:00,22.2,0.0,0.8
Imphal,icon_seamless,2026-09-29T05:00,22.1,0.0,1.1
Imphal,icon_seamless,2026-09-29T06:00,23.0,0.0,1.6
Imphal,icon_seamless,2026-09-29T07:00,24.8,0.0,1.5
Imphal,icon_seamless,2026-09-29T08:00,26.2,0.0,2.4
Imphal,icon_seamless,2026-09-29T09:00,27.5,0.0,5.2
Imphal,icon_seamless,2026-09-29T10:00,28.3,0.1,6.3
Imphal,icon_seamless,2026-09-29T11:00,29.4,0.1,7.7
Imphal,icon_seamless,2026-09-29T12:00,30.2,0.0,9.5
Imphal,icon_seamless,2026-09-29T13:00,30.2,0.0,10.2
Imphal,icon_seamless,2026-09-29T14:00,29.9,0.0,10.2
Imphal,icon_seamless,2026-09-29T15:00,28.5,0.3,7.7
Imphal,icon_seamless,2026-09-29T16:00,27.5,0.2,5.7
Imphal,icon_seamless,2026-09-29T17:00,26.1,0.0,3.5
Imphal,icon_seamless,2026-09-29T18:00,24.8,0.0,3.7
Imphal,icon_seamless,2026-09-29T19:00,23.8,0.0,3.3
Imphal,icon_seamless,2026-09-29T20:00,23.4,0.0,1.8
Imphal,icon_seamless,2026-09-29T21:00,23.4,0.0,1.5
Imphal,icon_seamless,2026-09-29T22:00,23.2,0.0,1.1
Imphal,icon_seamless,2026-09-29T23:00,23.1,0.0,0.7
Imphal,gem_seamless,2026-09-27T00:00,21.6,0.0,2.2
Imphal,gem_seamless,2026-09-27T01:00,21.5,0.0,2.2
Imphal,gem_seamless,2026-09-27T02:00,21.6,0.0,2.2
Imphal,gem_seamless,2026-09-27T03:00,21.5,0.0,1.8
Imphal,gem_seamless,2026-09-27T04:00,21.4,0.0,1.1
Imphal,gem_seamless,2026-09-27T05:00,21.4,0.0,1.4
Imphal,gem_seamless,2026-09-27T06:00,22.3,0.0,1.1
Imphal,gem_seamless,2026-09-27T07:00,24.6,0.0,1.8
Imphal,gem_seamless,2026-09-27T08:00,27.0,0.0,4.3
Imphal,gem_seamless,2026-09-27T09:00,28.7,0.0,7.2
Imphal,gem_seamless,2026-09-27T10:00,29.4,0.0,9.4
Imphal,gem_seamless,2026-09-27T11:00,29.7,0.0,12.2
Imphal,gem_seamless,2026-09-27T12:00,29.9,0.0,12.6
Imphal,gem_seamless,2026-09-27T13:00,30.2,0.0,11.5
Imphal,gem_seamless,2026-09-27T14:00,30.0,0.0,11.5
Imphal,gem_seamless,2026-09-27T15:00,29.4,0.0,11.5
Imphal,gem_seamless,2026-09-27T16:00,28.1,0.0,10.4
Imphal,gem_seamless,2026-09-27T17:00,26.4,0.0,7.9
Imphal,gem_seamless,2026-09-27T18:00,25.2,0.0,6.5
Imphal,gem_seamless,2026-09-27T19:00,24.1,0.0,4.7
Imphal,gem_seamless,2026-09-27T20:00,23.1,0.0,3.2
Imphal,gem_seamless,2026-09-27T21:00,22.2,0.0,1.8
Imphal,gem_seamless,2026-09-27T22:00,21.5,0.0,1.1
Imphal,gem_seamless,2026-09-27T23:00,21.1,0.0,1.1
Imphal,gem_seamless,2026-09-28T00:00,21.0,0.0,1.1
Imphal,gem_seamless,2026-09-28T01:00,21.1,0.0,0.7
Imphal,gem_seamless,2026-09-28T02:00,21.1,0.0,0.7
Imphal,gem_seamless,2026-09-28T03:00,21.2,0.0,1.1
Imphal,gem_seamless,2026-09-28T04:00,21.1,0.0,1.4
Imphal,gem_seamless,2026-09-28T05:00,21.3,0.0,1.1
Imphal,gem_seamless,2026-09-28T06:00,22.0,0.0,0.7
Imphal,gem_seamless,2026-09-28T07:00,24.1,0.0,0.7
Imphal,gem_seamless,2026-09-28T08:00,26.7,0.0,1.8
Imphal,gem_seamless,2026-09-28T09:00,28.9,0.0,4.0
Imphal,gem_seamless,2026-09-28T10:00,30.5,0.0,5.8
Imphal,gem_seamless,2026-09-28T11:00,31.7,0.0,7.2
Imphal,gem_seamless,2026-09-28T12:00,31.0,1.1,7.6
Imphal,gem_seamless,2026-09-28T13:00,31.3,0.0,6.8
Imphal,gem_seamless,2026-09-28T14:00,31.7,0.0,5.8
Imphal,gem_seamless,2026-09-28T15:00,31.3,0.0,4.3
Imphal,gem_seamless,2026-09-28T16:00,30.2,0.0,4.0
Imphal,gem_seamless,2026-09-28T17:00,28.1,0.0,2.9
Imphal,gem_seamless,2026-09-28T18:00,26.3,0.0,1.8
Imphal,gem_seamless,2026-09-28T19:00,24.8,0.0,1.8
Imphal,gem_seamless,2026-09-28T20:00,24.1,0.0,1.8
Imphal,gem_seamless,2026-09-28T21:00,23.9,0.0,2.2
Imphal,gem_seamless,2026-09-28T22:00,23.9,0.0,2.5
Imphal,gem_seamless,2026-09-28T23:00,23.6,0.0,2.5
Imphal,gem_seamless,2026-09-29T00:00,23.2,0.0,1.4
Imphal,gem_seamless,2026-09-29T01:00,22.8,0.0,1.1
Imphal,gem_seamless,2026-09-29T02:00,22.1,0.0,1.4
Imphal,gem_seamless,2026-09-29T03:00,21.7,0.0,1.1
Imphal,gem_seamless,2026-09-29T04:00,21.4,0.0,1.8
Imphal,gem_seamless,2026-09-29T05:00,21.3,0.0,0.7
Imphal,gem_seamless,2026-09-29T06:00,22.7,0.0,0.7
Imphal,gem_seamless,2026-09-29T07:00,25.3,0.0,2.5
Imphal,gem_seamless,2026-09-29T08:00,27.7,0.0,3.6
Imphal,gem_seamless,2026-09-29T09:00,29.6,0.0,5.0
Imphal,gem_seamless,2026-09-29T10:00,30.7,0.0,6.8
Imphal,gem_seamless,2026-09-29T11:00,31.1,0.0,9.7
Imphal,gem_seamless,2026-09-29T12:00,29.2,1.3,11.5
Imphal,gem_seamless,2026-09-29T13:00,27.7,1.2,10.4
Imphal,gem_seamless,2026-09-29T14:00,28.0,0.0,7.9
Imphal,gem_seamless,2026-09-29T15:00,28.1,0.0,6.8
Imphal,gem_seamless,2026-09-29T16:00,27.6,0.0,5.8
Imphal,gem_seamless,2026-09-29T17:00,26.1,0.0,4.7
Imphal,gem_seamless,2026-09-29T18:00,24.8,0.0,5.4
Imphal,gem_seamless,2026-09-29T19:00,23.8,0.0,4.7
Imphal,gem_seamless,2026-09-29T20:00,22.9,0.0,1.8
Imphal,gem_seamless,2026-09-29T21:00,22.2,0.0,1.8
Imphal,gem_seamless,2026-09-29T22:00,21.7,0.0,2.9
Imphal,gem_seamless,2026-09-29T23:00,21.5,0.0,3.2
Shillong,ecmwf_ifs025,2026-09-27T00:00,18.9,0.0,4.9
Shillong,ecmwf_ifs025,2026-09-27T01:00,18.3,0.0,4.6
Shillong,ecmwf_ifs025,2026-09-27T02:00,17.9,0.0,4.4
Shillong,ecmwf_ifs025,2026-09-27T03:00,17.4,0.0,4.3
Shillong,ecmwf_ifs025,2026-09-27T04:00,17.0,0.0,4.5
Shillong,ecmwf_ifs025,2026-09-27T05:00,17.4,0.0,4.0
Shillong,ecmwf_ifs025,2026-09-27T06:00,19.0,0.0,2.2
Shillong,ecmwf_ifs025,2026-09-27T07:00,21.4,0.0,0.4
Shillong,ecmwf_ifs025,2026-09-27T08:00,23.3,0.0,1.5
Shillong,ecmwf_ifs025,2026-09-27T09:00,24.4,0.3,1.1
Shillong,ecmwf_ifs025,2026-09-27T10:00,25.1,0.3,0.7
Shillong,ecmwf_ifs025,2026-09-27T11:00,25.5,0.3,0.8
Shillong,ecmwf_ifs025,2026-09-27T12:00,25.4,0.3,1.1
Shillong,ecmwf_ifs025,2026-09-27T13:00,25.1,0.3,1.5
Shillong,ecmwf_ifs025,2026-09-27T14:00,24.4,0.3,2.1
Shillong,ecmwf_ifs025,2026-09-27T15:00,23.2,0.1,1.9
Shillong,ecmwf_ifs025,2026-09-27T16:00,21.7,0.1,1.4
Shillong,ecmwf_ifs025,2026-09-27T17:00,20.6,0.1,1.5
Shillong,ecmwf_ifs025,2026-09-27T18:00,20.0,0.0,2.3
Shillong,ecmwf_ifs025,2026-09-27T19:00,19.7,0.0,3.0
Shillong,ecmwf_ifs025,2026-09-27T20:00,19.5,0.0,3.6
Shillong,ecmwf_ifs025,2026-09-27T21:00,19.4,0.0,3.8
Shillong,ecmwf_ifs025,2026-09-27T22:00,19.5,0.0,4.6
Shillong,ecmwf_ifs025,2026-09-27T23:00,19.3,0.0,5.1
Shillong,ecmwf_ifs025,2026-09-28T00:00,18.9,0.0,5.0
Shillong,ecmwf_ifs025,2026-09-28T01:00,18.4,0.0,4.2
Shillong,ecmwf_ifs025,2026-09-28T02:00,17.9,0.0,3.7
Shillong,ecmwf_ifs025,2026-09-28T03:00,17.1,0.0,3.7
Shillong,ecmwf_ifs025,2026-09-28T04:00,16.4,0.0,3.3
Shillong,ecmwf_ifs025,2026-09-28T05:00,16.6,0.0,2.6
Shillong,ecmwf_ifs025,2026-09-28T06:00,18.4,0.0,1.1
Shillong,ecmwf_ifs025,2026-09-28T07:00,21.1,0.0,0.7
Shillong,ecmwf_ifs025,2026-09-28T08:00,23.3,0.0,2.2
Shillong,ecmwf_ifs025,2026-09-28T09:00,24.5,0.2,2.9
Shillong,ecmwf_ifs025,2026-09-28T10:00,25.2,0.2,3.8
Shillong,ecmwf_ifs025,2026-09-28T11:00,25.6,0.2,3.8
Shillong,ecmwf_ifs025,2026-09-28T12:00,25.7,0.4,2.8
Shillong,ecmwf_ifs025,2026-09-28T13:00,25.5,0.4,1.5
Shillong,ecmwf_ifs025,2026-09-28T14:00,24.9,0.4,1.0
Shillong,ecmwf_ifs025,2026-09-28T15:00,23.7,0.1,0.5
Shillong,ecmwf_ifs025,2026-09-28T16:00,22.1,0.1,0.4
Shillong,ecmwf_ifs025,2026-09-28T17:00,20.8,0.1,1.1
Shillong,ecmwf_ifs025,2026-09-28T18:00,20.1,0.0,1.1
Shillong,ecmwf_ifs025,2026-09-28T19:00,19.7,0.0,0.7
Shillong,ecmwf_ifs025,2026-09-28T20:00,19.3,0.0,0.4
Shillong,ecmwf_ifs025,2026-09-28T21:00,18.9,0.0,0.0
Shillong,ecmwf_ifs025,2026-09-28T22:00,18.6,0.0,0.4
Shillong,ecmwf_ifs025,2026-09-28T23:00,18.3,0.0,0.8
Shillong,ecmwf_ifs025,2026-09-29T00:00,17.9,0.0,1.1
Shillong,ecmwf_ifs025,2026-09-29T01:00,17.5,0.0,1.1
Shillong,ecmwf_ifs025,2026-09-29T02:00,17.1,0.0,1.5
Shillong,ecmwf_ifs025,2026-09-29T03:00,16.6,0.0,2.3
Shillong,ecmwf_ifs025,2026-09-29T04:00,16.2,0.0,2.6
Shillong,ecmwf_ifs025,2026-09-29T05:00,16.6,0.0,3.2
Shillong,ecmwf_ifs025,2026-09-29T06:00,18.6,0.0,3.6
Shillong,ecmwf_ifs025,2026-09-29T07:00,21.4,0.0,4.3
Shillong,ecmwf_ifs025,2026-09-29T08:00,23.8,0.0,4.8
Shillong,ecmwf_ifs025,2026-09-29T09:00,25.2,0.1,4.1
Shillong,ecmwf_ifs025,2026-09-29T10:00,26.1,0.1,3.2
Shillong,ecmwf_ifs025,2026-09-29T11:00,26.6,0.1,2.0
Shillong,ecmwf_ifs025,2026-09-29T12:00,26.7,0.2,1.4
Shillong,ecmwf_ifs025,2026-09-29T13:00,26.3,0.2,2.0
Shillong,ecmwf_ifs025,2026-09-29T14:00,25.6,0.2,2.6
Shillong,ecmwf_ifs025,2026-09-29T15:00,24.2,0.0,1.3
Shillong,ecmwf_ifs025,2026-09-29T16:00,22.5,0.0,0.5
Shillong,ecmwf_ifs025,2026-09-29T17:00,21.1,0.0,1.9
Shillong,ecmwf_ifs025,2026-09-29T18:00,20.5,0.0,2.2
Shillong,ecmwf_ifs025,2026-09-29T19:00,20.2,0.0,2.1
Shillong,ecmwf_ifs025,2026-09-29T20:00,20.0,0.0,2.6
Shillong,ecmwf_ifs025,2026-09-29T21:00,19.7,0.0,2.4
Shillong,ecmwf_ifs025,2026-09-29T22:00,19.4,0.0,1.9
Shillong,ecmwf_ifs025,2026-09-29T23:00,19.0,0.0,1.9
Shillong,gfs_seamless,2026-09-27T00:00,17.2,0.0,7.8
Shillong,gfs_seamless,2026-09-27T01:00,17.0,0.0,7.4
Shillong,gfs_seamless,2026-09-27T02:00,16.8,0.0,6.6
Shillong,gfs_seamless,2026-09-27T03:00,16.7,0.0,5.9
Shillong,gfs_seamless,2026-09-27T04:00,16.5,0.0,5.4
Shillong,gfs_seamless,2026-09-27T05:00,16.5,0.0,4.6
Shillong,gfs_seamless,2026-09-27T06:00,18.6,0.0,2.3
Shillong,gfs_seamless,2026-09-27T07:00,20.8,0.0,3.0
Shillong,gfs_seamless,2026-09-27T08:00,23.0,0.0,4.0
Shillong,gfs_seamless,2026-09-27T09:00,24.6,0.0,5.8
Shillong,gfs_seamless,2026-09-27T10:00,25.7,0.0,6.2
Shillong,gfs_seamless,2026-09-27T11:00,26.0,0.0,5.8
Shillong,gfs_seamless,2026-09-27T12:00,24.1,0.0,4.0
Shillong,gfs_seamless,2026-09-27T13:00,24.0,0.1,1.1
Shillong,gfs_seamless,2026-09-27T14:00,24.6,0.1,1.5
Shillong,gfs_seamless,2026-09-27T15:00,22.7,0.3,1.9
Shillong,gfs_seamless,2026-09-27T16:00,21.2,0.4,1.8
Shillong,gfs_seamless,2026-09-27T17:00,19.5,0.2,1.1
Shillong,gfs_seamless,2026-09-27T18:00,19.2,0.1,1.0
Shillong,gfs_seamless,2026-09-27T19:00,18.8,0.0,1.8
Shillong,gfs_seamless,2026-09-27T20:00,19.2,0.0,3.2
Shillong,gfs_seamless,2026-09-27T21:00,19.3,0.1,4.5
Shillong,gfs_seamless,2026-09-27T22:00,19.0,0.0,4.9
Shillong,gfs_seamless,2026-09-27T23:00,18.2,0.0,5.6
Shillong,gfs_seamless,2026-09-28T00:00,17.6,0.0,5.9
Shillong,gfs_seamless,2026-09-28T01:00,17.5,0.0,5.0
Shillong,gfs_seamless,2026-09-28T02:00,17.3,0.0,3.9
Shillong,gfs_seamless,2026-09-28T03:00,17.2,0.0,3.6
Shillong,gfs_seamless,2026-09-28T04:00,17.1,0.0,3.8
Shillong,gfs_seamless,2026-09-28T05:00,17.3,0.0,3.1
Shillong,gfs_seamless,2026-09-28T06:00,19.0,0.0,0.4
Shillong,gfs_seamless,2026-09-28T07:00,20.7,0.0,3.3
Shillong,gfs_seamless,2026-09-28T08:00,22.5,0.0,5.4
Shillong,gfs_seamless,2026-09-28T09:00,24.4,0.0,5.7
Shillong,gfs_seamless,2026-09-28T10:00,25.8,0.0,6.6
Shillong,gfs_seamless,2026-09-28T11:00,26.7,0.0,6.7
Shillong,gfs_seamless,2026-09-28T12:00,26.9,0.0,6.9
Shillong,gfs_seamless,2026-09-28T13:00,25.3,0.1,4.3
Shillong,gfs_seamless,2026-09-28T14:00,23.9,0.1,3.9
Shillong,gfs_seamless,2026-09-28T15:00,22.4,0.3,4.0
Shillong,gfs_seamless,2026-09-28T16:00,21.1,0.3,3.3
Shillong,gfs_seamless,2026-09-28T17:00,20.0,0.3,1.1
Shillong,gfs_seamless,2026-09-28T18:00,19.3,0.2,0.7
Shillong,gfs_seamless,2026-09-28T19:00,19.2,0.1,1.1
Shillong,gfs_seamless,2026-09-28T20:00,19.2,0.0,1.3
Shillong,gfs_seamless,2026-09-28T21:00,19.1,0.0,1.8
Shillong,gfs_seamless,2026-09-28T22:00,18.8,0.0,3.1
Shillong,gfs_seamless,2026-09-28T23:00,18.4,0.0,3.1
Shillong,gfs_seamless,2026-09-29T00:00,18.2,0.0,3.2
Shillong,gfs_seamless,2026-09-29T01:00,18.0,0.0,3.1
Shillong,gfs_seamless,2026-09-29T02:00,17.8,0.0,3.5
Shillong,gfs_seamless,2026-09-29T03:00,17.7,0.0,3.4
Shillong,gfs_seamless,2026-09-29T04:00,17.6,0.0,3.6
Shillong,gfs_seamless,2026-09-29T05:00,17.7,0.0,3.6
Shillong,gfs_seamless,2026-09-29T06:00,19.3,0.0,2.9
Shillong,gfs_seamless,2026-09-29T07:00,20.9,0.0,2.3
Shillong,gfs_seamless,2026-09-29T08:00,22.5,0.0,2.9
Shillong,gfs_seamless,2026-09-29T09:00,24.0,0.0,4.6
Shillong,gfs_seamless,2026-09-29T10:00,26.3,0.1,3.2
Shillong,gfs_seamless,2026-09-29T11:00,27.3,0.1,2.8
Shillong,gfs_seamless,2026-09-29T12:00,25.8,0.3,2.2
Shillong,gfs_seamless,2026-09-29T13:00,23.1,0.9,1.3
Shillong,gfs_seamless,2026-09-29T14:00,22.6,0.6,3.6
Shillong,gfs_seamless,2026-09-29T15:00,22.3,0.1,3.7
Shillong,gfs_seamless,2026-09-29T16:00,21.0,0.3,2.6
Shillong,gfs_seamless,2026-09-29T17:00,19.5,0.1,1.1
Shillong,gfs_seamless,2026-09-29T18:00,19.2,0.1,1.4
Shillong,gfs_seamless,2026-09-29T19:00,19.1,0.1,1.1
Shillong,gfs_seamless,2026-09-29T20:00,19.0,0.1,1.6
Shillong,gfs_seamless,2026-09-29T21:00,19.0,0.1,4.1
Shillong,gfs_seamless,2026-09-29T22:00,18.9,0.1,4.1
Shillong,gfs_seamless,2026-09-29T23:00,18.4,0.1,5.2
Shillong,icon_seamless,2026-09-27T00:00,17.7,0.0,5.4
Shillong,icon_seamless,2026-09-27T01:00,17.7,0.0,4.4
Shillong,icon_seamless,2026-09-27T02:00,17.7,0.0,4.7
Shillong,icon_seamless,2026-09-27T03:00,17.6,0.0,4.3
Shillong,icon_seamless,2026-09-27T04:00,17.5,0.0,4.3
Shillong,icon_seamless,2026-09-27T05:00,17.2,0.0,4.7
Shillong,icon_seamless,2026-09-27T06:00,18.2,0.0,4.6
Shillong,icon_seamless,2026-09-27T07:00,20.1,0.0,5.0
Shillong,icon_seamless,2026-09-27T08:00,21.3,0.0,4.3
Shillong,icon_seamless,2026-09-27T09:00,22.5,0.0,2.9
Shillong,icon_seamless,2026-09-27T10:00,23.7,0.0,4.1
Shillong,icon_seamless,2026-09-27T11:00,24.3,0.0,5.5
Shillong,icon_seamless,2026-09-27T12:00,24.3,0.0,7.2
Shillong,icon_seamless,2026-09-27T13:00,24.3,0.0,6.3
Shillong,icon_seamless,2026-09-27T14:00,23.7,0.0,6.6
Shillong,icon_seamless,2026-09-27T15:00,22.7,0.0,6.8
Shillong,icon_seamless,2026-09-27T16:00,21.8,0.0,5.6
Shillong,icon_seamless,2026-09-27T17:00,20.8,0.0,3.9
Shillong,icon_seamless,2026-09-27T18:00,20.2,0.0,2.6
Shillong,icon_seamless,2026-09-27T19:00,19.8,0.0,1.1
Shillong,icon_seamless,2026-09-27T20:00,19.6,0.0,1.3
Shillong,icon_seamless,2026-09-27T21:00,19.7,0.0,1.3
Shillong,icon_seamless,2026-09-27T22:00,19.5,0.0,1.8
Shillong,icon_seamless,2026-09-27T23:00,19.3,0.0,2.9
Shillong,icon_seamless,2026-09-28T00:00,19.2,0.0,2.5
Shillong,icon_seamless,2026-09-28T01:00,19.1,0.0,1.6
Shillong,icon_seamless,2026-09-28T02:00,18.9,0.0,1.1
Shillong,icon_seamless,2026-09-28T03:00,18.6,0.0,1.5
Shillong,icon_seamless,2026-09-28T04:00,18.4,0.0,1.3
Shillong,icon_seamless,2026-09-28T05:00,18.3,0.0,1.8
Shillong,icon_seamless,2026-09-28T06:00,18.8,0.0,1.5
Shillong,icon_seamless,2026-09-28T07:00,20.3,0.0,3.6
Shillong,icon_seamless,2026-09-28T08:00,22.0,0.0,2.5
Shillong,icon_seamless,2026-09-28T09:00,23.4,0.0,2.7
Shillong,icon_seamless,2026-09-28T10:00,24.3,0.0,3.1
Shillong,icon_seamless,2026-09-28T11:00,24.9,0.0,4.3
Shillong,icon_seamless,2026-09-28T12:00,25.0,0.0,5.1
Shillong,icon_seamless,2026-09-28T13:00,25.0,0.0,5.0
Shillong,icon_seamless,2026-09-28T14:00,24.2,0.0,5.3
Shillong,icon_seamless,2026-09-28T15:00,23.2,0.0,5.2
Shillong,icon_seamless,2026-09-28T16:00,21.9,0.4,5.1
Shillong,icon_seamless,2026-09-28T17:00,21.3,0.0,2.5
Shillong,icon_seamless,2026-09-28T18:00,20.7,0.0,1.6
Shillong,icon_seamless,2026-09-28T19:00,20.4,0.0,2.3
Shillong,icon_seamless,2026-09-28T20:00,20.1,0.0,2.3
Shillong,icon_seamless,2026-09-28T21:00,19.9,0.0,2.1
Shillong,icon_seamless,2026-09-28T22:00,19.7,0.0,3.8
Shillong,icon_seamless,2026-09-28T23:00,19.5,0.0,5.5
Shillong,icon_seamless,2026-09-29T00:00,19.4,0.0,5.4
Shillong,icon_seamless,2026-09-29T01:00,19.3,0.0,5.4
Shillong,icon_seamless,2026-09-29T02:00,19.2,0.0,5.9
Shillong,icon_seamless,2026-09-29T03:00,19.1,0.0,6.2
Shillong,icon_seamless,2026-09-29T04:00,19.1,0.0,6.6
Shillong,icon_seamless,2026-09-29T05:00,19.0,0.0,5.5
Shillong,icon_seamless,2026-09-29T06:00,19.9,0.0,4.4
Shillong,icon_seamless,2026-09-29T07:00,21.5,0.0,5.8
Shillong,icon_seamless,2026-09-29T08:00,23.0,0.0,5.4
Shillong,icon_seamless,2026-09-29T09:00,24.1,0.0,7.3
Shillong,icon_seamless,2026-09-29T10:00,24.6,0.0,7.9
Shillong,icon_seamless,2026-09-29T11:00,24.7,0.0,6.8
Shillong,icon_seamless,2026-09-29T12:00,23.7,0.6,4.0
Shillong,icon_seamless,2026-09-29T13:00,23.4,0.5,1.9
Shillong,icon_seamless,2026-09-29T14:00,23.2,0.4,2.2
Shillong,icon_seamless,2026-09-29T15:00,22.4,0.7,1.6
Shillong,icon_seamless,2026-09-29T16:00,22.0,0.1,2.4
Shillong,icon_seamless,2026-09-29T17:00,21.3,0.0,2.6
Shillong,icon_seamless,2026-09-29T18:00,20.7,0.0,2.5
Shillong,icon_seamless,2026-09-29T19:00,20.6,0.0,1.1
Shillong,icon_seamless,2026-09-29T20:00,20.4,0.0,0.8
Shillong,icon_seamless,2026-09-29T21:00,20.1,0.0,3.3
Shillong,icon_seamless,2026-09-29T22:00,19.7,0.0,3.6
Shillong,icon_seamless,2026-09-29T23:00,19.6,0.0,5.9
Shillong,gem_seamless,2026-09-27T00:00,18.4,0.0,5.0
Shillong,gem_seamless,2026-09-27T01:00,17.9,0.0,5.4
Shillong,gem_seamless,2026-09-27T02:00,17.4,0.0,5.8
Shillong,gem_seamless,2026-09-27T03:00,16.9,0.0,5.8
Shillong,gem_seamless,2026-09-27T04:00,16.4,0.0,5.8
Shillong,gem_seamless,2026-09-27T05:00,16.2,0.0,6.1
Shillong,gem_seamless,2026-09-27T06:00,17.7,0.0,5.0
Shillong,gem_seamless,2026-09-27T07:00,20.3,0.0,1.8
Shillong,gem_seamless,2026-09-27T08:00,21.9,0.0,4.0
Shillong,gem_seamless,2026-09-27T09:00,23.3,0.0,5.4
Shillong,gem_seamless,2026-09-27T10:00,24.3,0.0,6.5
Shillong,gem_seamless,2026-09-27T11:00,24.8,0.0,7.9
Shillong,gem_seamless,2026-09-27T12:00,25.1,0.0,8.3
Shillong,gem_seamless,2026-09-27T13:00,24.8,0.4,5.8
Shillong,gem_seamless,2026-09-27T14:00,23.3,0.8,2.2
Shillong,gem_seamless,2026-09-27T15:00,22.7,0.1,1.1
Shillong,gem_seamless,2026-09-27T16:00,22.0,0.0,1.8
Shillong,gem_seamless,2026-09-27T17:00,20.6,0.1,1.8
Shillong,gem_seamless,2026-09-27T18:00,19.8,0.1,1.1
Shillong,gem_seamless,2026-09-27T19:00,19.3,0.1,1.4
Shillong,gem_seamless,2026-09-27T20:00,19.0,0.4,2.5
Shillong,gem_seamless,2026-09-27T21:00,18.8,0.0,3.2
Shillong,gem_seamless,2026-09-27T22:00,18.6,0.0,4.0
Shillong,gem_seamless,2026-09-27T23:00,18.4,0.0,4.0
Shillong,gem_seamless,2026-09-28T00:00,18.2,0.0,4.3
Shillong,gem_seamless,2026-09-28T01:00,17.8,0.0,4.3
Shillong,gem_seamless,2026-09-28T02:00,17.2,0.0,4.7
Shillong,gem_seamless,2026-09-28T03:00,16.6,0.0,5.0
Shillong,gem_seamless,2026-09-28T04:00,16.1,0.0,4.7
Shillong,gem_seamless,2026-09-28T05:00,16.0,0.0,4.7
Shillong,gem_seamless,2026-09-28T06:00,17.7,0.0,4.3
Shillong,gem_seamless,2026-09-28T07:00,20.2,0.0,1.1
Shillong,gem_seamless,2026-09-28T08:00,21.8,0.0,4.0
Shillong,gem_seamless,2026-09-28T09:00,23.2,0.0,5.4
Shillong,gem_seamless,2026-09-28T10:00,24.3,0.0,6.1
Shillong,gem_seamless,2026-09-28T11:00,25.1,0.0,7.2
Shillong,gem_seamless,2026-09-28T12:00,25.3,0.0,7.6
Shillong,gem_seamless,2026-09-28T13:00,25.5,0.3,7.2
Shillong,gem_seamless,2026-09-28T14:00,23.5,2.1,5.8
Shillong,gem_seamless,2026-09-28T15:00,22.7,2.3,4.7
Shillong,gem_seamless,2026-09-28T16:00,22.0,0.6,3.2
Shillong,gem_seamless,2026-09-28T17:00,20.7,0.1,2.5
Shillong,gem_seamless,2026-09-28T18:00,19.9,0.1,1.1
Shillong,gem_seamless,2026-09-28T19:00,19.7,0.2,1.1
Shillong,gem_seamless,2026-09-28T20:00,19.7,0.3,2.2
Shillong,gem_seamless,2026-09-28T21:00,19.6,0.2,2.2
Shillong,gem_seamless,2026-09-28T22:00,19.5,0.0,1.4
Shillong,gem_seamless,2026-09-28T23:00,19.0,0.0,1.4
Shillong,gem_seamless,2026-09-29T00:00,19.0,0.0,2.9
Shillong,gem_seamless,2026-09-29T01:00,19.1,0.0,3.2
Shillong,gem_seamless,2026-09-29T02:00,18.9,0.0,3.6
Shillong,gem_seamless,2026-09-29T03:00,18.3,0.0,4.0
Shillong,gem_seamless,2026-09-29T04:00,17.7,0.0,4.3
Shillong,gem_seamless,2026-09-29T05:00,17.2,0.0,4.7
Shillong,gem_seamless,2026-09-29T06:00,18.1,0.0,4.0
Shillong,gem_seamless,2026-09-29T07:00,20.6,0.0,2.2
Shillong,gem_seamless,2026-09-29T08:00,22.4,0.0,4.7
Shillong,gem_seamless,2026-09-29T09:00,23.9,0.0,5.8
Shillong,gem_seamless,2026-09-29T10:00,25.0,0.0,5.8
Shillong,gem_seamless,2026-09-29T11:00,25.9,0.0,5.8
Shillong,gem_seamless,2026-09-29T12:00,26.2,0.0,6.1
Shillong,gem_seamless,2026-09-29T13:00,26.4,0.0,6.5
Shillong,gem_seamless,2026-09-29T14:00,26.0,0.0,7.2
Shillong,gem_seamless,2026-09-29T15:00,25.2,0.1,7.2
Shillong,gem_seamless,2026-09-29T16:00,22.8,3.7,5.0
Shillong,gem_seamless,2026-09-29T17:00,20.4,4.9,2.5
Shillong,gem_seamless,2026-09-29T18:00,19.5,2.3,1.8
Shillong,gem_seamless,2026-09-29T19:00,19.4,0.7,2.9
Shillong,gem_seamless,2026-09-29T20:00,19.2,0.4,4.0
Shillong,gem_seamless,2026-09-29T21:00,19.1,1.8,4.3
Shillong,gem_seamless,2026-09-29T22:00,18.9,0.6,4.3
Shillong,gem_seamless,2026-09-29T23:00,18.8,0.2,4.3
Agartala,ecmwf_ifs025,2026-09-27T00:00,26.8,0.0,6.5
Agartala,ecmwf_ifs025,2026-09-27T01:00,26.2,0.0,4.8
Agartala,ecmwf_ifs025,2026-09-27T02:00,25.7,0.0,3.7
Agartala,ecmwf_ifs025,2026-09-27T03:00,25.2,0.0,3.0
Agartala,ecmwf_ifs025,2026-09-27T04:00,24.7,0.0,3.0
Agartala,ecmwf_ifs025,2026-09-27T05:00,24.8,0.0,3.2
Agartala,ecmwf_ifs025,2026-09-27T06:00,26.0,0.0,2.4
Agartala,ecmwf_ifs025,2026-09-27T07:00,27.9,0.0,1.1
Agartala,ecmwf_ifs025,2026-09-27T08:00,29.4,0.0,1.1
Agartala,ecmwf_ifs025,2026-09-27T09:00,30.4,0.0,1.8
Agartala,ecmwf_ifs025,2026-09-27T10:00,31.2,0.0,2.2
Agartala,ecmwf_ifs025,2026-09-27T11:00,31.8,0.0,2.6
Agartala,ecmwf_ifs025,2026-09-27T12:00,32.2,0.0,2.6
Agartala,ecmwf_ifs025,2026-09-27T13:00,32.5,0.0,2.7
Agartala,ecmwf_ifs025,2026-09-27T14:00,32.3,0.0,2.7
Agartala,ecmwf_ifs025,2026-09-27T15:00,31.5,0.0,2.7
Agartala,ecmwf_ifs025,2026-09-27T16:00,30.3,0.0,2.6
Agartala,ecmwf_ifs025,2026-09-27T17:00,29.2,0.0,2.7
Agartala,ecmwf_ifs025,2026-09-27T18:00,28.6,0.0,3.3
Agartala,ecmwf_ifs025,2026-09-27T19:00,28.1,0.0,4.6
Agartala,ecmwf_ifs025,2026-09-27T20:00,27.7,0.0,5.8
Agartala,ecmwf_ifs025,2026-09-27T21:00,27.3,0.0,6.1
Agartala,ecmwf_ifs025,2026-09-27T22:00,27.1,0.0,5.4
Agartala,ecmwf_ifs025,2026-09-27T23:00,26.8,0.0,5.0
Agartala,ecmwf_ifs025,2026-09-28T00:00,26.6,0.0,4.4
Agartala,ecmwf_ifs025,2026-09-28T01:00,26.3,0.0,4.0
Agartala,ecmwf_ifs025,2026-09-28T02:00,26.1,0.0,3.9
Agartala,ecmwf_ifs025,2026-09-28T03:00,25.8,0.0,3.7
Agartala,ecmwf_ifs025,2026-09-28T04:00,25.5,0.0,3.8
Agartala,ecmwf_ifs025,2026-09-28T05:00,25.8,0.0,3.3
Agartala,ecmwf_ifs025,2026-09-28T06:00,27.0,0.0,2.2
Agartala,ecmwf_ifs025,2026-09-28T07:00,28.8,0.0,1.0
Agartala,ecmwf_ifs025,2026-09-28T08:00,30.4,0.0,1.0
Agartala,ecmwf_ifs025,2026-09-28T09:00,31.5,0.1,1.5
Agartala,ecmwf_ifs025,2026-09-28T10:00,32.3,0.1,2.2
Agartala,ecmwf_ifs025,2026-09-28T11:00,32.9,0.1,2.5
Agartala,ecmwf_ifs025,2026-09-28T12:00,33.3,0.0,2.6
Agartala,ecmwf_ifs025,2026-09-28T13:00,33.5,0.0,3.5
Agartala,ecmwf_ifs025,2026-09-28T14:00,33.2,0.0,4.7
Agartala,ecmwf_ifs025,2026-09-28T15:00,32.4,0.0,5.8
Agartala,ecmwf_ifs025,2026-09-28T16:00,31.2,0.0,6.8
Agartala,ecmwf_ifs025,2026-09-28T17:00,30.1,0.0,7.2
Agartala,ecmwf_ifs025,2026-09-28T18:00,29.4,0.0,6.5
Agartala,ecmwf_ifs025,2026-09-28T19:00,28.9,0.0,5.2
Agartala,ecmwf_ifs025,2026-09-28T20:00,28.5,0.0,4.3
Agartala,ecmwf_ifs025,2026-09-28T21:00,28.2,0.0,4.0
Agartala,ecmwf_ifs025,2026-09-28T22:00,28.0,0.0,4.3
Agartala,ecmwf_ifs025,2026-09-28T23:00,27.8,0.0,4.2
Agartala,ecmwf_ifs025,2026-09-29T00:00,27.5,0.0,4.0
Agartala,ecmwf_ifs025,2026-09-29T01:00,27.2,0.0,4.0
Agartala,ecmwf_ifs025,2026-09-29T02:00,27.0,0.0,3.5
Agartala,ecmwf_ifs025,2026-09-29T03:00,26.7,0.0,1.9
Agartala,ecmwf_ifs025,2026-09-29T04:00,26.5,0.0,2.6
Agartala,ecmwf_ifs025,2026-09-29T05:00,26.7,0.0,4.2
Agartala,ecmwf_ifs025,2026-09-29T06:00,27.7,0.0,2.9
Agartala,ecmwf_ifs025,2026-09-29T07:00,29.2,0.0,1.4
Agartala,ecmwf_ifs025,2026-09-29T08:00,30.5,0.0,2.6
Agartala,ecmwf_ifs025,2026-09-29T09:00,31.3,0.2,4.1
Agartala,ecmwf_ifs025,2026-09-29T10:00,31.8,0.2,5.7
Agartala,ecmwf_ifs025,2026-09-29T11:00,32.2,0.2,7.4
Agartala,ecmwf_ifs025,2026-09-29T12:00,32.5,0.1,9.3
Agartala,ecmwf_ifs025,2026-09-29T13:00,32.7,0.1,10.8
Agartala,ecmwf_ifs025,2026-09-29T14:00,32.5,0.1,11.3
Agartala,ecmwf_ifs025,2026-09-29T15:00,31.9,0.1,9.7
Agartala,ecmwf_ifs025,2026-09-29T16:00,30.9,0.1,7.1
Agartala,ecmwf_ifs025,2026-09-29T17:00,30.1,0.1,5.1
Agartala,ecmwf_ifs025,2026-09-29T18:00,29.5,0.0,4.3
Agartala,ecmwf_ifs025,2026-09-29T19:00,29.0,0.0,4.4
Agartala,ecmwf_ifs025,2026-09-29T20:00,28.5,0.0,4.0
Agartala,ecmwf_ifs025,2026-09-29T21:00,28.0,0.0,2.9
Agartala,ecmwf_ifs025,2026-09-29T22:00,27.6,0.0,2.1
Agartala,ecmwf_ifs025,2026-09-29T23:00,27.0,0.0,2.5
Agartala,gfs_seamless,2026-09-27T00:00,24.6,0.0,7.6
Agartala,gfs_seamless,2026-09-27T01:00,24.4,0.0,7.1
Agartala,gfs_seamless,2026-09-27T02:00,24.1,0.0,5.2
Agartala,gfs_seamless,2026-09-27T03:00,23.9,0.0,3.6
Agartala,gfs_seamless,2026-09-27T04:00,23.8,0.0,2.1
Agartala,gfs_seamless,2026-09-27T05:00,23.9,0.0,3.9
Agartala,gfs_seamless,2026-09-27T06:00,25.4,0.0,1.8
Agartala,gfs_seamless,2026-09-27T07:00,27.2,0.0,1.0
Agartala,gfs_seamless,2026-09-27T08:00,28.9,0.0,1.8
Agartala,gfs_seamless,2026-09-27T09:00,30.3,0.0,2.5
Agartala,gfs_seamless,2026-09-27T10:00,31.5,0.0,3.8
Agartala,gfs_seamless,2026-09-27T11:00,32.4,0.0,3.8
Agartala,gfs_seamless,2026-09-27T12:00,32.6,0.0,5.0
Agartala,gfs_seamless,2026-09-27T13:00,32.8,0.0,4.8
Agartala,gfs_seamless,2026-09-27T14:00,32.8,0.0,4.7
Agartala,gfs_seamless,2026-09-27T15:00,32.7,0.0,4.3
Agartala,gfs_seamless,2026-09-27T16:00,31.1,0.0,6.8
Agartala,gfs_seamless,2026-09-27T17:00,29.0,0.0,8.2
Agartala,gfs_seamless,2026-09-27T18:00,28.2,0.0,9.0
Agartala,gfs_seamless,2026-09-27T19:00,27.4,0.0,10.1
Agartala,gfs_seamless,2026-09-27T20:00,27.1,0.0,7.6
Agartala,gfs_seamless,2026-09-27T21:00,26.9,0.0,6.1
Agartala,gfs_seamless,2026-09-27T22:00,26.6,0.0,4.5
Agartala,gfs_seamless,2026-09-27T23:00,26.4,0.0,3.7
Agartala,gfs_seamless,2026-09-28T00:00,26.1,0.0,1.0
Agartala,gfs_seamless,2026-09-28T01:00,25.8,0.0,1.3
Agartala,gfs_seamless,2026-09-28T02:00,25.5,0.0,3.3
Agartala,gfs_seamless,2026-09-28T03:00,25.3,0.0,4.7
Agartala,gfs_seamless,2026-09-28T04:00,25.1,0.0,4.7
Agartala,gfs_seamless,2026-09-28T05:00,25.0,0.0,3.6
Agartala,gfs_seamless,2026-09-28T06:00,26.6,0.0,2.5
Agartala,gfs_seamless,2026-09-28T07:00,28.2,0.0,1.9
Agartala,gfs_seamless,2026-09-28T08:00,29.9,0.0,3.8
Agartala,gfs_seamless,2026-09-28T09:00,31.0,0.0,6.3
Agartala,gfs_seamless,2026-09-28T10:00,31.9,0.0,7.6
Agartala,gfs_seamless,2026-09-28T11:00,32.6,0.0,7.9
Agartala,gfs_seamless,2026-09-28T12:00,33.2,0.0,6.7
Agartala,gfs_seamless,2026-09-28T13:00,33.7,0.0,5.2
Agartala,gfs_seamless,2026-09-28T14:00,33.9,0.0,2.5
Agartala,gfs_seamless,2026-09-28T15:00,33.9,0.0,4.6
Agartala,gfs_seamless,2026-09-28T16:00,31.8,0.0,7.4
Agartala,gfs_seamless,2026-09-28T17:00,29.5,0.0,8.8
Agartala,gfs_seamless,2026-09-28T18:00,28.8,0.0,7.9
Agartala,gfs_seamless,2026-09-28T19:00,28.6,0.0,6.8
Agartala,gfs_seamless,2026-09-28T20:00,28.4,0.0,5.4
Agartala,gfs_seamless,2026-09-28T21:00,28.1,0.0,4.8
Agartala,gfs_seamless,2026-09-28T22:00,27.5,0.0,0.4
Agartala,gfs_seamless,2026-09-28T23:00,27.0,0.0,3.1
Agartala,gfs_seamless,2026-09-29T00:00,26.6,0.0,0.7
Agartala,gfs_seamless,2026-09-29T01:00,26.3,0.0,0.7
Agartala,gfs_seamless,2026-09-29T02:00,26.1,0.0,0.8
Agartala,gfs_seamless,2026-09-29T03:00,26.1,0.0,3.2
Agartala,gfs_seamless,2026-09-29T04:00,26.0,0.0,3.7
Agartala,gfs_seamless,2026-09-29T05:00,25.8,0.0,4.0
Agartala,gfs_seamless,2026-09-29T06:00,27.3,0.0,1.8
Agartala,gfs_seamless,2026-09-29T07:00,28.9,0.0,2.4
Agartala,gfs_seamless,2026-09-29T08:00,30.5,0.0,1.8
Agartala,gfs_seamless,2026-09-29T09:00,31.9,0.0,2.2
Agartala,gfs_seamless,2026-09-29T10:00,32.4,0.0,6.0
Agartala,gfs_seamless,2026-09-29T11:00,32.3,0.0,3.7
Agartala,gfs_seamless,2026-09-29T12:00,32.9,0.0,3.2
Agartala,gfs_seamless,2026-09-29T13:00,33.3,0.0,5.5
Agartala,gfs_seamless,2026-09-29T14:00,33.6,0.0,5.4
Agartala,gfs_seamless,2026-09-29T15:00,33.8,0.0,3.8
Agartala,gfs_seamless,2026-09-29T16:00,31.7,0.0,9.4
Agartala,gfs_seamless,2026-09-29T17:00,29.1,0.1,11.9
Agartala,gfs_seamless,2026-09-29T18:00,28.2,0.0,8.6
Agartala,gfs_seamless,2026-09-29T19:00,27.9,0.0,6.2
Agartala,gfs_seamless,2026-09-29T20:00,27.8,0.0,4.5
Agartala,gfs_seamless,2026-09-29T21:00,27.1,0.5,1.9
Agartala,gfs_seamless,2026-09-29T22:00,26.5,0.8,4.3
Agartala,gfs_seamless,2026-09-29T23:00,26.3,0.2,6.0
Agartala,icon_seamless,2026-09-27T00:00,27.2,0.0,1.9
Agartala,icon_seamless,2026-09-27T01:00,27.0,0.0,1.8
Agartala,icon_seamless,2026-09-27T02:00,26.7,0.0,1.4
Agartala,icon_seamless,2026-09-27T03:00,26.5,0.0,1.4
Agartala,icon_seamless,2026-09-27T04:00,26.3,0.0,1.1
Agartala,icon_seamless,2026-09-27T05:00,26.2,0.0,1.8
Agartala,icon_seamless,2026-09-27T06:00,27.0,0.0,1.6
Agartala,icon_seamless,2026-09-27T07:00,28.5,0.0,2.6
Agartala,icon_seamless,2026-09-27T08:00,29.8,0.0,3.0
Agartala,icon_seamless,2026-09-27T09:00,31.2,0.0,2.7
Agartala,icon_seamless,2026-09-27T10:00,32.4,0.0,2.5
Agartala,icon_seamless,2026-09-27T11:00,33.2,0.0,2.6
Agartala,icon_seamless,2026-09-27T12:00,33.8,0.0,3.2
Agartala,icon_seamless,2026-09-27T13:00,34.1,0.0,2.9
Agartala,icon_seamless,2026-09-27T14:00,34.2,0.0,3.1
Agartala,icon_seamless,2026-09-27T15:00,33.9,0.0,3.6
Agartala,icon_seamless,2026-09-27T16:00,33.0,0.0,2.9
Agartala,icon_seamless,2026-09-27T17:00,31.8,0.0,2.3
Agartala,icon_seamless,2026-09-27T18:00,30.7,0.0,3.0
Agartala,icon_seamless,2026-09-27T19:00,29.8,0.0,3.2
Agartala,icon_seamless,2026-09-27T20:00,29.1,0.0,2.6
Agartala,icon_seamless,2026-09-27T21:00,28.8,0.0,2.3
Agartala,icon_seamless,2026-09-27T22:00,28.5,0.0,1.9
Agartala,icon_seamless,2026-09-27T23:00,28.3,0.0,1.1
Agartala,icon_seamless,2026-09-28T00:00,27.9,0.0,0.5
Agartala,icon_seamless,2026-09-28T01:00,27.5,0.0,1.1
Agartala,icon_seamless,2026-09-28T02:00,27.1,0.0,1.5
Agartala,icon_seamless,2026-09-28T03:00,26.9,0.0,1.5
Agartala,icon_seamless,2026-09-28T04:00,26.7,0.0,1.4
Agartala,icon_seamless,2026-09-28T05:00,26.5,0.0,0.8
Agartala,icon_seamless,2026-09-28T06:00,27.2,0.0,0.4
Agartala,icon_seamless,2026-09-28T07:00,29.2,0.0,1.3
Agartala,icon_seamless,2026-09-28T08:00,30.8,0.0,2.3
Agartala,icon_seamless,2026-09-28T09:00,32.1,0.0,4.9
Agartala,icon_seamless,2026-09-28T10:00,33.2,0.0,5.9
Agartala,icon_seamless,2026-09-28T11:00,33.9,0.0,6.8
Agartala,icon_seamless,2026-09-28T12:00,34.5,0.0,7.0
Agartala,icon_seamless,2026-09-28T13:00,34.7,0.0,7.2
Agartala,icon_seamless,2026-09-28T14:00,34.7,0.0,7.7
Agartala,icon_seamless,2026-09-28T15:00,34.3,0.0,6.6
Agartala,icon_seamless,2026-09-28T16:00,33.4,0.0,4.1
Agartala,icon_seamless,2026-09-28T17:00,31.9,0.0,3.1
Agartala,icon_seamless,2026-09-28T18:00,31.0,0.0,2.6
Agartala,icon_seamless,2026-09-28T19:00,30.3,0.0,2.3
Agartala,icon_seamless,2026-09-28T20:00,29.8,0.0,2.5
Agartala,icon_seamless,2026-09-28T21:00,29.3,0.0,2.8
Agartala,icon_seamless,2026-09-28T22:00,28.6,0.0,3.1
Agartala,icon_seamless,2026-09-28T23:00,28.3,0.0,2.9
Agartala,icon_seamless,2026-09-29T00:00,28.0,0.0,3.1
Agartala,icon_seamless,2026-09-29T01:00,27.7,0.0,3.6
Agartala,icon_seamless,2026-09-29T02:00,27.5,0.0,3.1
Agartala,icon_seamless,2026-09-29T03:00,27.2,0.0,2.4
Agartala,icon_seamless,2026-09-29T04:00,27.0,0.0,2.3
Agartala,icon_seamless,2026-09-29T05:00,26.8,0.0,2.1
Agartala,icon_seamless,2026-09-29T06:00,27.5,0.0,2.0
Agartala,icon_seamless,2026-09-29T07:00,29.2,0.0,4.3
Agartala,icon_seamless,2026-09-29T08:00,30.9,0.0,5.6
Agartala,icon_seamless,2026-09-29T09:00,32.5,0.0,5.9
Agartala,icon_seamless,2026-09-29T10:00,33.9,0.0,5.7
Agartala,icon_seamless,2026-09-29T11:00,34.8,0.0,6.3
Agartala,icon_seamless,2026-09-29T12:00,35.1,0.0,7.3
Agartala,icon_seamless,2026-09-29T13:00,35.3,0.0,7.7
Agartala,icon_seamless,2026-09-29T14:00,35.3,0.0,8.7
Agartala,icon_seamless,2026-09-29T15:00,34.7,0.0,8.2
Agartala,icon_seamless,2026-09-29T16:00,33.7,0.0,5.9
Agartala,icon_seamless,2026-09-29T17:00,32.0,0.0,4.2
Agartala,icon_seamless,2026-09-29T18:00,31.1,0.0,4.4
Agartala,icon_seamless,2026-09-29T19:00,30.5,0.0,3.3
Agartala,icon_seamless,2026-09-29T20:00,29.9,0.0,2.2
Agartala,icon_seamless,2026-09-29T21:00,29.2,0.0,2.1
Agartala,icon_seamless,2026-09-29T22:00,28.0,1.0,4.1
Agartala,icon_seamless,2026-09-29T23:00,27.4,0.3,6.1
Agartala,gem_seamless,2026-09-27T00:00,25.4,0.0,5.4
Agartala,gem_seamless,2026-09-27T01:00,25.0,0.0,5.0
Agartala,gem_seamless,2026-09-27T02:00,24.6,0.0,4.7
Agartala,gem_seamless,2026-09-27T03:00,24.4,0.0,4.3
Agartala,gem_seamless,2026-09-27T04:00,24.3,0.0,4.0
Agartala,gem_seamless,2026-09-27T05:00,24.5,0.0,4.0
Agartala,gem_seamless,2026-09-27T06:00,26.1,0.0,3.2
Agartala,gem_seamless,2026-09-27T07:00,28.3,0.0,3.2
Agartala,gem_seamless,2026-09-27T08:00,30.2,0.0,4.7
Agartala,gem_seamless,2026-09-27T09:00,31.5,0.0,4.7
Agartala,gem_seamless,2026-09-27T10:00,32.5,0.0,5.0
Agartala,gem_seamless,2026-09-27T11:00,33.5,0.0,6.5
Agartala,gem_seamless,2026-09-27T12:00,33.8,0.0,7.6
Agartala,gem_seamless,2026-09-27T13:00,34.0,0.0,7.6
Agartala,gem_seamless,2026-09-27T14:00,33.6,0.0,7.6
Agartala,gem_seamless,2026-09-27T15:00,33.2,0.0,7.2
Agartala,gem_seamless,2026-09-27T16:00,32.1,0.0,4.0
Agartala,gem_seamless,2026-09-27T17:00,30.1,0.0,2.5
Agartala,gem_seamless,2026-09-27T18:00,28.6,0.0,0.7
Agartala,gem_seamless,2026-09-27T19:00,27.5,0.0,0.7
Agartala,gem_seamless,2026-09-27T20:00,26.6,0.0,1.1
Agartala,gem_seamless,2026-09-27T21:00,26.0,0.0,1.4
Agartala,gem_seamless,2026-09-27T22:00,25.5,0.0,1.8
Agartala,gem_seamless,2026-09-27T23:00,25.2,0.0,2.5
Agartala,gem_seamless,2026-09-28T00:00,24.9,0.0,2.9
Agartala,gem_seamless,2026-09-28T01:00,24.6,0.0,2.9
Agartala,gem_seamless,2026-09-28T02:00,24.3,0.0,2.2
Agartala,gem_seamless,2026-09-28T03:00,24.0,0.0,1.4
Agartala,gem_seamless,2026-09-28T04:00,23.7,0.0,2.2
Agartala,gem_seamless,2026-09-28T05:00,23.8,0.0,2.5
Agartala,gem_seamless,2026-09-28T06:00,25.5,0.0,1.4
Agartala,gem_seamless,2026-09-28T07:00,27.6,0.0,1.8
Agartala,gem_seamless,2026-09-28T08:00,29.8,0.0,3.6
Agartala,gem_seamless,2026-09-28T09:00,31.9,0.0,5.4
Agartala,gem_seamless,2026-09-28T10:00,33.1,0.0,6.5
Agartala,gem_seamless,2026-09-28T11:00,34.0,0.0,6.5
Agartala,gem_seamless,2026-09-28T12:00,34.5,0.0,6.8
Agartala,gem_seamless,2026-09-28T13:00,34.7,0.0,7.2
Agartala,gem_seamless,2026-09-28T14:00,34.5,0.0,7.6
Agartala,gem_seamless,2026-09-28T15:00,33.9,0.0,7.9
Agartala,gem_seamless,2026-09-28T16:00,32.6,0.0,5.0
Agartala,gem_seamless,2026-09-28T17:00,30.6,0.0,4.3
Agartala,gem_seamless,2026-09-28T18:00,29.1,0.0,2.5
Agartala,gem_seamless,2026-09-28T19:00,28.1,0.0,1.8
Agartala,gem_seamless,2026-09-28T20:00,27.5,0.0,1.8
Agartala,gem_seamless,2026-09-28T21:00,27.1,0.0,2.2
Agartala,gem_seamless,2026-09-28T22:00,27.2,0.0,3.6
Agartala,gem_seamless,2026-09-28T23:00,27.4,0.0,4.3
Agartala,gem_seamless,2026-09-29T00:00,27.0,0.0,4.0
Agartala,gem_seamless,2026-09-29T01:00,26.4,0.0,3.2
Agartala,gem_seamless,2026-09-29T02:00,25.8,0.0,2.2
Agartala,gem_seamless,2026-09-29T03:00,25.3,0.0,0.7
Agartala,gem_seamless,2026-09-29T04:00,24.9,0.0,1.4
Agartala,gem_seamless,2026-09-29T05:00,24.6,0.0,1.1
Agartala,gem_seamless,2026-09-29T06:00,26.2,0.0,2.2
Agartala,gem_seamless,2026-09-29T07:00,28.6,0.0,5.4
Agartala,gem_seamless,2026-09-29T08:00,30.6,0.0,5.8
Agartala,gem_seamless,2026-09-29T09:00,32.4,0.0,5.8
Agartala,gem_seamless,2026-09-29T10:00,33.7,0.0,6.5
Agartala,gem_seamless,2026-09-29T11:00,34.6,0.0,7.6
Agartala,gem_seamless,2026-09-29T12:00,35.0,0.0,9.4
Agartala,gem_seamless,2026-09-29T13:00,35.0,0.0,9.7
Agartala,gem_seamless,2026-09-29T14:00,34.7,0.0,9.7
Agartala,gem_seamless,2026-09-29T15:00,34.1,0.0,9.0
Agartala,gem_seamless,2026-09-29T16:00,32.8,0.0,7.2
Agartala,gem_seamless,2026-09-29T17:00,31.0,0.0,6.8
Agartala,gem_seamless,2026-09-29T18:00,29.7,0.0,4.3
Agartala,gem_seamless,2026-09-29T19:00,28.8,0.0,4.3
Agartala,gem_seamless,2026-09-29T20:00,26.9,1.5,11.5
Agartala,gem_seamless,2026-09-29T21:00,25.1,2.3,16.2
Agartala,gem_seamless,2026-09-29T22:00,24.8,0.1,14.0
Agartala,gem_seamless,2026-09-29T23:00,24.7,0.0,11.5
Jabalpur,ecmwf_ifs025,2026-09-27T00:00,23.2,0.0,12.8
Jabalpur,ecmwf_ifs025,2026-09-27T01:00,23.2,0.0,13.3
Jabalpur,ecmwf_ifs025,2026-09-27T02:00,23.2,0.0,14.0
Jabalpur,ecmwf_ifs025,2026-09-27T03:00,22.9,0.0,13.7
Jabalpur,ecmwf_ifs025,2026-09-27T04:00,22.5,0.0,12.7
Jabalpur,ecmwf_ifs025,2026-09-27T05:00,22.4,0.0,11.9
Jabalpur,ecmwf_ifs025,2026-09-27T06:00,22.9,0.0,12.2
Jabalpur,ecmwf_ifs025,2026-09-27T07:00,23.8,0.0,12.7
Jabalpur,ecmwf_ifs025,2026-09-27T08:00,24.8,0.0,13.4
Jabalpur,ecmwf_ifs025,2026-09-27T09:00,25.8,0.0,13.7
Jabalpur,ecmwf_ifs025,2026-09-27T10:00,26.8,0.0,13.6
Jabalpur,ecmwf_ifs025,2026-09-27T11:00,27.6,0.0,13.8
Jabalpur,ecmwf_ifs025,2026-09-27T12:00,28.2,0.1,13.8
Jabalpur,ecmwf_ifs025,2026-09-27T13:00,28.7,0.1,13.1
Jabalpur,ecmwf_ifs025,2026-09-27T14:00,28.8,0.1,12.1
Jabalpur,ecmwf_ifs025,2026-09-27T15:00,28.5,0.0,10.1
Jabalpur,ecmwf_ifs025,2026-09-27T16:00,27.8,0.0,7.4
Jabalpur,ecmwf_ifs025,2026-09-27T17:00,27.1,0.0,5.6
Jabalpur,ecmwf_ifs025,2026-09-27T18:00,26.4,0.1,3.5
Jabalpur,ecmwf_ifs025,2026-09-27T19:00,25.6,0.1,3.2
Jabalpur,ecmwf_ifs025,2026-09-27T20:00,24.8,0.1,3.6
Jabalpur,ecmwf_ifs025,2026-09-27T21:00,23.9,0.1,1.1
Jabalpur,ecmwf_ifs025,2026-09-27T22:00,23.1,0.1,3.6
Jabalpur,ecmwf_ifs025,2026-09-27T23:00,22.5,0.1,6.2
Jabalpur,ecmwf_ifs025,2026-09-28T00:00,22.4,0.0,6.3
Jabalpur,ecmwf_ifs025,2026-09-28T01:00,22.5,0.0,6.6
Jabalpur,ecmwf_ifs025,2026-09-28T02:00,22.5,0.0,8.2
Jabalpur,ecmwf_ifs025,2026-09-28T03:00,22.1,0.0,8.4
Jabalpur,ecmwf_ifs025,2026-09-28T04:00,21.6,0.0,8.1
Jabalpur,ecmwf_ifs025,2026-09-28T05:00,21.6,0.0,7.7
Jabalpur,ecmwf_ifs025,2026-09-28T06:00,22.2,0.0,7.6
Jabalpur,ecmwf_ifs025,2026-09-28T07:00,23.3,0.0,7.4
Jabalpur,ecmwf_ifs025,2026-09-28T08:00,24.5,0.0,7.2
Jabalpur,ecmwf_ifs025,2026-09-28T09:00,25.9,0.0,7.2
Jabalpur,ecmwf_ifs025,2026-09-28T10:00,27.5,0.0,8.0
Jabalpur,ecmwf_ifs025,2026-09-28T11:00,28.7,0.0,8.7
Jabalpur,ecmwf_ifs025,2026-09-28T12:00,29.5,0.0,8.6
Jabalpur,ecmwf_ifs025,2026-09-28T13:00,29.9,0.0,7.9
Jabalpur,ecmwf_ifs025,2026-09-28T14:00,30.0,0.0,6.6
Jabalpur,ecmwf_ifs025,2026-09-28T15:00,29.5,0.0,5.1
Jabalpur,ecmwf_ifs025,2026-09-28T16:00,28.6,0.0,4.0
Jabalpur,ecmwf_ifs025,2026-09-28T17:00,27.7,0.0,4.6
Jabalpur,ecmwf_ifs025,2026-09-28T18:00,26.8,0.0,5.1
Jabalpur,ecmwf_ifs025,2026-09-28T19:00,25.9,0.0,5.7
Jabalpur,ecmwf_ifs025,2026-09-28T20:00,25.0,0.0,6.1
Jabalpur,ecmwf_ifs025,2026-09-28T21:00,24.3,0.0,6.1
Jabalpur,ecmwf_ifs025,2026-09-28T22:00,23.7,0.0,5.8
Jabalpur,ecmwf_ifs025,2026-09-28T23:00,23.2,0.0,5.5
Jabalpur,ecmwf_ifs025,2026-09-29T00:00,22.8,0.0,5.0
Jabalpur,ecmwf_ifs025,2026-09-29T01:00,22.4,0.0,4.7
Jabalpur,ecmwf_ifs025,2026-09-29T02:00,22.1,0.0,4.4
Jabalpur,ecmwf_ifs025,2026-09-29T03:00,21.7,0.0,4.3
Jabalpur,ecmwf_ifs025,2026-09-29T04:00,21.4,0.0,4.7
Jabalpur,ecmwf_ifs025,2026-09-29T05:00,21.5,0.0,4.9
Jabalpur,ecmwf_ifs025,2026-09-29T06:00,22.4,0.0,4.5
Jabalpur,ecmwf_ifs025,2026-09-29T07:00,23.6,0.0,4.6
Jabalpur,ecmwf_ifs025,2026-09-29T08:00,24.9,0.0,5.2
Jabalpur,ecmwf_ifs025,2026-09-29T09:00,26.3,0.0,6.1
Jabalpur,ecmwf_ifs025,2026-09-29T10:00,27.6,0.0,7.1
Jabalpur,ecmwf_ifs025,2026-09-29T11:00,28.6,0.0,8.2
Jabalpur,ecmwf_ifs025,2026-09-29T12:00,29.1,0.1,8.9
Jabalpur,ecmwf_ifs025,2026-09-29T13:00,29.3,0.1,8.9
Jabalpur,ecmwf_ifs025,2026-09-29T14:00,29.2,0.1,8.5
Jabalpur,ecmwf_ifs025,2026-09-29T15:00,28.8,0.1,7.1
Jabalpur,ecmwf_ifs025,2026-09-29T16:00,28.1,0.1,5.2
Jabalpur,ecmwf_ifs025,2026-09-29T17:00,27.3,0.1,3.6
Jabalpur,ecmwf_ifs025,2026-09-29T18:00,26.4,0.0,3.2
Jabalpur,ecmwf_ifs025,2026-09-29T19:00,25.4,0.0,3.6
Jabalpur,ecmwf_ifs025,2026-09-29T20:00,24.6,0.0,4.0
Jabalpur,ecmwf_ifs025,2026-09-29T21:00,24.1,0.0,3.7
Jabalpur,ecmwf_ifs025,2026-09-29T22:00,23.7,0.0,4.1
Jabalpur,ecmwf_ifs025,2026-09-29T23:00,23.4,0.0,4.3
Jabalpur,gfs_seamless,2026-09-27T00:00,21.7,0.0,12.3
Jabalpur,gfs_seamless,2026-09-27T01:00,21.9,0.1,12.2
Jabalpur,gfs_seamless,2026-09-27T02:00,21.6,0.2,11.8
Jabalpur,gfs_seamless,2026-09-27T03:00,21.4,0.1,11.8
Jabalpur,gfs_seamless,2026-09-27T04:00,21.2,0.0,12.0
Jabalpur,gfs_seamless,2026-09-27T05:00,21.0,0.0,12.5
Jabalpur,gfs_seamless,2026-09-27T06:00,20.9,0.0,10.8
Jabalpur,gfs_seamless,2026-09-27T07:00,22.5,0.0,14.0
Jabalpur,gfs_seamless,2026-09-27T08:00,23.8,0.0,17.5
Jabalpur,gfs_seamless,2026-09-27T09:00,25.0,0.0,18.0
Jabalpur,gfs_seamless,2026-09-27T10:00,26.3,0.0,19.3
Jabalpur,gfs_seamless,2026-09-27T11:00,27.3,0.0,19.9
Jabalpur,gfs_seamless,2026-09-27T12:00,27.6,0.0,20.0
Jabalpur,gfs_seamless,2026-09-27T13:00,27.0,0.2,17.7
Jabalpur,gfs_seamless,2026-09-27T14:00,27.2,0.2,17.0
Jabalpur,gfs_seamless,2026-09-27T15:00,27.5,0.2,17.5
Jabalpur,gfs_seamless,2026-09-27T16:00,26.8,0.3,14.7
Jabalpur,gfs_seamless,2026-09-27T17:00,25.3,0.3,10.0
Jabalpur,gfs_seamless,2026-09-27T18:00,24.0,0.0,5.5
Jabalpur,gfs_seamless,2026-09-27T19:00,23.5,0.0,4.9
Jabalpur,gfs_seamless,2026-09-27T20:00,23.0,0.0,6.4
Jabalpur,gfs_seamless,2026-09-27T21:00,22.7,0.0,6.4
Jabalpur,gfs_seamless,2026-09-27T22:00,22.4,0.0,6.9
Jabalpur,gfs_seamless,2026-09-27T23:00,22.1,0.0,7.7
Jabalpur,gfs_seamless,2026-09-28T00:00,21.7,0.0,7.7
Jabalpur,gfs_seamless,2026-09-28T01:00,21.4,0.0,7.4
Jabalpur,gfs_seamless,2026-09-28T02:00,21.1,0.0,5.5
Jabalpur,gfs_seamless,2026-09-28T03:00,20.9,0.0,4.1
Jabalpur,gfs_seamless,2026-09-28T04:00,20.7,0.0,5.5
Jabalpur,gfs_seamless,2026-09-28T05:00,20.5,0.0,6.9
Jabalpur,gfs_seamless,2026-09-28T06:00,20.7,0.0,7.9
Jabalpur,gfs_seamless,2026-09-28T07:00,22.3,0.0,10.2
Jabalpur,gfs_seamless,2026-09-28T08:00,23.8,0.0,13.4
Jabalpur,gfs_seamless,2026-09-28T09:00,25.2,0.0,15.2
Jabalpur,gfs_seamless,2026-09-28T10:00,26.5,0.0,15.5
Jabalpur,gfs_seamless,2026-09-28T11:00,27.5,0.0,15.6
Jabalpur,gfs_seamless,2026-09-28T12:00,28.2,0.0,15.4
Jabalpur,gfs_seamless,2026-09-28T13:00,28.6,0.0,15.9
Jabalpur,gfs_seamless,2026-09-28T14:00,28.8,0.0,16.0
Jabalpur,gfs_seamless,2026-09-28T15:00,28.8,0.0,13.8
Jabalpur,gfs_seamless,2026-09-28T16:00,27.8,0.2,11.5
Jabalpur,gfs_seamless,2026-09-28T17:00,26.2,0.1,9.2
Jabalpur,gfs_seamless,2026-09-28T18:00,24.5,0.0,7.4
Jabalpur,gfs_seamless,2026-09-28T19:00,24.0,0.0,3.9
Jabalpur,gfs_seamless,2026-09-28T20:00,23.7,0.0,2.2
Jabalpur,gfs_seamless,2026-09-28T21:00,23.4,0.0,4.2
Jabalpur,gfs_seamless,2026-09-28T22:00,23.0,0.0,5.6
Jabalpur,gfs_seamless,2026-09-28T23:00,22.6,0.0,6.1
Jabalpur,gfs_seamless,2026-09-29T00:00,22.2,0.0,5.8
Jabalpur,gfs_seamless,2026-09-29T01:00,21.9,0.0,5.7
Jabalpur,gfs_seamless,2026-09-29T02:00,21.6,0.0,4.9
Jabalpur,gfs_seamless,2026-09-29T03:00,21.4,0.0,4.7
Jabalpur,gfs_seamless,2026-09-29T04:00,21.2,0.0,5.3
Jabalpur,gfs_seamless,2026-09-29T05:00,20.9,0.0,6.3
Jabalpur,gfs_seamless,2026-09-29T06:00,21.0,0.0,5.8
Jabalpur,gfs_seamless,2026-09-29T07:00,22.7,0.0,7.7
Jabalpur,gfs_seamless,2026-09-29T08:00,24.3,0.0,10.1
Jabalpur,gfs_seamless,2026-09-29T09:00,25.8,0.0,10.9
Jabalpur,gfs_seamless,2026-09-29T10:00,27.0,0.0,12.1
Jabalpur,gfs_seamless,2026-09-29T11:00,28.1,0.0,11.6
Jabalpur,gfs_seamless,2026-09-29T12:00,28.8,0.0,13.1
Jabalpur,gfs_seamless,2026-09-29T13:00,28.9,0.0,14.3
Jabalpur,gfs_seamless,2026-09-29T14:00,29.0,0.0,13.1
Jabalpur,gfs_seamless,2026-09-29T15:00,28.9,0.0,11.4
Jabalpur,gfs_seamless,2026-09-29T16:00,28.4,0.0,9.3
Jabalpur,gfs_seamless,2026-09-29T17:00,26.5,0.0,7.6
Jabalpur,gfs_seamless,2026-09-29T18:00,24.9,0.0,6.8
Jabalpur,gfs_seamless,2026-09-29T19:00,24.3,0.0,6.3
Jabalpur,gfs_seamless,2026-09-29T20:00,23.8,0.0,6.1
Jabalpur,gfs_seamless,2026-09-29T21:00,23.3,0.0,5.9
Jabalpur,gfs_seamless,2026-09-29T22:00,23.0,0.0,5.6
Jabalpur,gfs_seamless,2026-09-29T23:00,22.6,0.0,6.1
Jabalpur,icon_seamless,2026-09-27T00:00,23.5,0.0,5.4
Jabalpur,icon_seamless,2026-09-27T01:00,23.4,0.0,4.7
Jabalpur,icon_seamless,2026-09-27T02:00,23.2,0.0,5.3
Jabalpur,icon_seamless,2026-09-27T03:00,23.1,0.0,5.9
Jabalpur,icon_seamless,2026-09-27T04:00,22.7,0.0,6.2
Jabalpur,icon_seamless,2026-09-27T05:00,22.2,0.0,4.2
Jabalpur,icon_seamless,2026-09-27T06:00,22.2,0.0,4.2
Jabalpur,icon_seamless,2026-09-27T07:00,23.1,0.0,4.2
Jabalpur,icon_seamless,2026-09-27T08:00,24.1,0.0,8.5
Jabalpur,icon_seamless,2026-09-27T09:00,25.2,0.0,11.6
Jabalpur,icon_seamless,2026-09-27T10:00,26.2,0.0,11.4
Jabalpur,icon_seamless,2026-09-27T11:00,27.2,0.0,10.5
Jabalpur,icon_seamless,2026-09-27T12:00,28.0,0.0,9.5
Jabalpur,icon_seamless,2026-09-27T13:00,28.8,0.0,10.0
Jabalpur,icon_seamless,2026-09-27T14:00,29.5,0.0,9.3
Jabalpur,icon_seamless,2026-09-27T15:00,29.1,0.0,8.1
Jabalpur,icon_seamless,2026-09-27T16:00,28.6,0.0,6.9
Jabalpur,icon_seamless,2026-09-27T17:00,27.3,0.0,5.4
Jabalpur,icon_seamless,2026-09-27T18:00,25.9,0.0,3.4
Jabalpur,icon_seamless,2026-09-27T19:00,25.3,0.0,2.9
Jabalpur,icon_seamless,2026-09-27T20:00,24.8,0.0,3.1
Jabalpur,icon_seamless,2026-09-27T21:00,24.4,0.0,2.7
Jabalpur,icon_seamless,2026-09-27T22:00,24.4,0.0,2.5
Jabalpur,icon_seamless,2026-09-27T23:00,24.3,0.0,2.6
Jabalpur,icon_seamless,2026-09-28T00:00,24.1,0.0,2.6
Jabalpur,icon_seamless,2026-09-28T01:00,23.8,0.0,3.1
Jabalpur,icon_seamless,2026-09-28T02:00,23.5,0.0,3.8
Jabalpur,icon_seamless,2026-09-28T03:00,23.2,0.0,3.5
Jabalpur,icon_seamless,2026-09-28T04:00,22.9,0.0,2.8
Jabalpur,icon_seamless,2026-09-28T05:00,22.7,0.0,2.6
Jabalpur,icon_seamless,2026-09-28T06:00,22.7,0.0,2.5
Jabalpur,icon_seamless,2026-09-28T07:00,23.8,0.0,1.8
Jabalpur,icon_seamless,2026-09-28T08:00,25.4,0.0,5.1
Jabalpur,icon_seamless,2026-09-28T09:00,26.6,0.0,7.7
Jabalpur,icon_seamless,2026-09-28T10:00,27.7,0.0,8.7
Jabalpur,icon_seamless,2026-09-28T11:00,28.4,0.0,8.4
Jabalpur,icon_seamless,2026-09-28T12:00,29.1,0.0,8.0
Jabalpur,icon_seamless,2026-09-28T13:00,29.3,0.0,7.6
Jabalpur,icon_seamless,2026-09-28T14:00,29.3,0.0,6.6
Jabalpur,icon_seamless,2026-09-28T15:00,29.0,0.0,5.6
Jabalpur,icon_seamless,2026-09-28T16:00,28.6,0.0,3.1
Jabalpur,icon_seamless,2026-09-28T17:00,27.8,0.0,1.1
Jabalpur,icon_seamless,2026-09-28T18:00,26.7,0.0,2.2
Jabalpur,icon_seamless,2026-09-28T19:00,26.0,0.0,2.2
Jabalpur,icon_seamless,2026-09-28T20:00,25.5,0.0,1.8
Jabalpur,icon_seamless,2026-09-28T21:00,25.1,0.0,1.8
Jabalpur,icon_seamless,2026-09-28T22:00,24.7,0.0,1.8
Jabalpur,icon_seamless,2026-09-28T23:00,24.4,0.0,1.5
Jabalpur,icon_seamless,2026-09-29T00:00,24.1,0.0,1.8
Jabalpur,icon_seamless,2026-09-29T01:00,23.8,0.0,1.5
Jabalpur,icon_seamless,2026-09-29T02:00,23.5,0.0,1.4
Jabalpur,icon_seamless,2026-09-29T03:00,23.1,0.0,1.4
Jabalpur,icon_seamless,2026-09-29T04:00,22.8,0.0,1.6
Jabalpur,icon_seamless,2026-09-29T05:00,22.5,0.0,1.5
Jabalpur,icon_seamless,2026-09-29T06:00,22.5,0.0,1.3
Jabalpur,icon_seamless,2026-09-29T07:00,23.8,0.0,1.1
Jabalpur,icon_seamless,2026-09-29T08:00,25.5,0.0,2.6
Jabalpur,icon_seamless,2026-09-29T09:00,26.9,0.0,4.3
Jabalpur,icon_seamless,2026-09-29T10:00,28.2,0.0,5.2
Jabalpur,icon_seamless,2026-09-29T11:00,29.2,0.0,6.4
Jabalpur,icon_seamless,2026-09-29T12:00,29.8,0.0,5.7
Jabalpur,icon_seamless,2026-09-29T13:00,30.1,0.0,6.0
Jabalpur,icon_seamless,2026-09-29T14:00,30.0,0.0,5.8
Jabalpur,icon_seamless,2026-09-29T15:00,29.7,0.0,4.8
Jabalpur,icon_seamless,2026-09-29T16:00,29.1,0.0,3.7
Jabalpur,icon_seamless,2026-09-29T17:00,27.7,0.0,2.5
Jabalpur,icon_seamless,2026-09-29T18:00,26.4,0.0,3.2
Jabalpur,icon_seamless,2026-09-29T19:00,25.7,0.0,3.2
Jabalpur,icon_seamless,2026-09-29T20:00,25.3,0.0,2.8
Jabalpur,icon_seamless,2026-09-29T21:00,25.1,0.0,3.1
Jabalpur,icon_seamless,2026-09-29T22:00,24.7,0.0,4.2
Jabalpur,icon_seamless,2026-09-29T23:00,24.2,0.0,3.7
Jabalpur,gem_seamless,2026-09-27T00:00,22.0,0.0,19.8
Jabalpur,gem_seamless,2026-09-27T01:00,22.0,0.0,19.4
Jabalpur,gem_seamless,2026-09-27T02:00,22.2,0.0,13.3
Jabalpur,gem_seamless,2026-09-27T03:00,22.0,0.0,14.0
Jabalpur,gem_seamless,2026-09-27T04:00,22.1,0.0,15.8
Jabalpur,gem_seamless,2026-09-27T05:00,22.4,0.0,16.2
Jabalpur,gem_seamless,2026-09-27T06:00,22.3,0.0,15.1
Jabalpur,gem_seamless,2026-09-27T07:00,22.7,0.0,14.4
Jabalpur,gem_seamless,2026-09-27T08:00,24.6,0.0,16.9
Jabalpur,gem_seamless,2026-09-27T09:00,25.6,0.0,17.6
Jabalpur,gem_seamless,2026-09-27T10:00,27.0,0.0,18.0
Jabalpur,gem_seamless,2026-09-27T11:00,28.2,0.0,17.3
Jabalpur,gem_seamless,2026-09-27T12:00,29.1,0.0,15.8
Jabalpur,gem_seamless,2026-09-27T13:00,29.8,0.0,14.0
Jabalpur,gem_seamless,2026-09-27T14:00,30.1,0.0,13.7
Jabalpur,gem_seamless,2026-09-27T15:00,30.3,0.0,13.0
Jabalpur,gem_seamless,2026-09-27T16:00,30.0,0.0,11.5
Jabalpur,gem_seamless,2026-09-27T17:00,28.6,0.0,8.3
Jabalpur,gem_seamless,2026-09-27T18:00,26.8,0.0,7.9
Jabalpur,gem_seamless,2026-09-27T19:00,25.7,0.0,9.0
Jabalpur,gem_seamless,2026-09-27T20:00,24.8,0.0,10.4
Jabalpur,gem_seamless,2026-09-27T21:00,24.3,0.0,11.9
Jabalpur,gem_seamless,2026-09-27T22:00,24.2,0.0,12.6
Jabalpur,gem_seamless,2026-09-27T23:00,23.9,0.0,12.2
Jabalpur,gem_seamless,2026-09-28T00:00,23.6,0.0,11.9
Jabalpur,gem_seamless,2026-09-28T01:00,23.1,0.0,11.2
Jabalpur,gem_seamless,2026-09-28T02:00,22.5,0.0,9.7
Jabalpur,gem_seamless,2026-09-28T03:00,21.9,0.0,8.3
Jabalpur,gem_seamless,2026-09-28T04:00,21.1,0.0,7.2
Jabalpur,gem_seamless,2026-09-28T05:00,20.5,0.0,6.1
Jabalpur,gem_seamless,2026-09-28T06:00,20.1,0.0,5.4
Jabalpur,gem_seamless,2026-09-28T07:00,21.9,0.0,6.8
Jabalpur,gem_seamless,2026-09-28T08:00,24.1,0.0,9.4
Jabalpur,gem_seamless,2026-09-28T09:00,25.8,0.0,9.7
Jabalpur,gem_seamless,2026-09-28T10:00,27.3,0.0,9.4
Jabalpur,gem_seamless,2026-09-28T11:00,28.5,0.0,8.3
Jabalpur,gem_seamless,2026-09-28T12:00,29.6,0.0,6.5
Jabalpur,gem_seamless,2026-09-28T13:00,30.3,0.0,5.4
Jabalpur,gem_seamless,2026-09-28T14:00,30.8,0.0,4.3
Jabalpur,gem_seamless,2026-09-28T15:00,31.0,0.0,3.6
Jabalpur,gem_seamless,2026-09-28T16:00,30.9,0.0,3.2
Jabalpur,gem_seamless,2026-09-28T17:00,29.8,0.0,1.8
Jabalpur,gem_seamless,2026-09-28T18:00,27.3,0.0,3.2
Jabalpur,gem_seamless,2026-09-28T19:00,25.5,0.0,5.0
Jabalpur,gem_seamless,2026-09-28T20:00,24.4,0.0,5.0
Jabalpur,gem_seamless,2026-09-28T21:00,23.3,0.0,3.6
Jabalpur,gem_seamless,2026-09-28T22:00,22.4,0.0,6.1
Jabalpur,gem_seamless,2026-09-28T23:00,21.9,0.0,2.9
Jabalpur,gem_seamless,2026-09-29T00:00,21.9,0.0,4.7
Jabalpur,gem_seamless,2026-09-29T01:00,21.4,0.0,2.9
Jabalpur,gem_seamless,2026-09-29T02:00,20.8,0.0,1.1
Jabalpur,gem_seamless,2026-09-29T03:00,20.4,0.0,1.1
Jabalpur,gem_seamless,2026-09-29T04:00,20.0,0.0,3.2
Jabalpur,gem_seamless,2026-09-29T05:00,19.6,0.0,4.7
Jabalpur,gem_seamless,2026-09-29T06:00,19.4,0.0,5.0
Jabalpur,gem_seamless,2026-09-29T07:00,21.4,0.0,5.4
Jabalpur,gem_seamless,2026-09-29T08:00,24.0,0.0,7.2
Jabalpur,gem_seamless,2026-09-29T09:00,26.3,0.0,7.6
Jabalpur,gem_seamless,2026-09-29T10:00,28.3,0.0,6.8
Jabalpur,gem_seamless,2026-09-29T11:00,29.9,0.0,5.8
Jabalpur,gem_seamless,2026-09-29T12:00,30.9,0.0,7.6
Jabalpur,gem_seamless,2026-09-29T13:00,31.5,0.0,7.6
Jabalpur,gem_seamless,2026-09-29T14:00,31.7,0.0,8.6
Jabalpur,gem_seamless,2026-09-29T15:00,31.6,0.0,9.0
Jabalpur,gem_seamless,2026-09-29T16:00,31.1,0.0,9.0
Jabalpur,gem_seamless,2026-09-29T17:00,29.4,0.0,6.8
Jabalpur,gem_seamless,2026-09-29T18:00,26.9,0.0,4.7
Jabalpur,gem_seamless,2026-09-29T19:00,25.1,0.0,2.5
Jabalpur,gem_seamless,2026-09-29T20:00,23.8,0.0,2.2
Jabalpur,gem_seamless,2026-09-29T21:00,22.7,0.0,0.7
Jabalpur,gem_seamless,2026-09-29T22:00,21.9,0.0,2.5
Jabalpur,gem_seamless,2026-09-29T23:00,21.6,0.0,3.2
