city,datetime,lead_days,temperature,rainfall,wind_speed
Agartala,2026-10-05 00:00:00,1,25.3019659,0.0,5.878009878009879
Agartala,2026-10-05 01:00:00,1,25.0015099,0.0,4.833462833462834
Agartala,2026-10-05 02:00:00,1,24.8224817,0.0,4.5853510853510855
Agartala,2026-10-05 03:00:00,1,24.533560599999998,0.1271172,4.5949220949220955
Agartala,2026-10-05 04:00:00,1,24.392343699999998,0.1588965,4.328645328645329
Agartala,2026-10-05 05:00:00,1,24.4017839,0.2542344,4.230646130646131
Agartala,2026-10-05 06:00:00,1,25.197172,0.19067579999999998,3.6974380974380976
Agartala,2026-10-05 07:00:00,1,26.724333500000004,0.0635874,3.7114180114180115
Agartala,2026-10-05 08:00:00,1,28.121532400000003,0.0,3.588463088463089
Agartala,2026-10-05 09:00:00,1,29.353302499999998,0.0324663,3.9727025727025733
Agartala,2026-10-05 10:00:00,1,30.3961416,0.11722070000000001,3.8373621373621374
Agartala,2026-10-05 11:00:00,1,30.8664695,0.2826246,2.9323096323096327
Agartala,2026-10-05 12:00:00,1,31.0456803,0.323976,2.9914430914430916
Agartala,2026-10-05 13:00:00,1,30.712193799999998,0.3557553,3.7100622100622105
Agartala,2026-10-05 14:00:00,1,30.040869100000002,0.4193139,3.981585481585482
Agartala,2026-10-05 15:00:00,1,29.721536,0.1623315,3.098126798126798
Agartala,2026-10-05 16:00:00,1,28.8862315,0.1623315,2.7912687912687915
Agartala,2026-10-05 17:00:00,1,27.9365745,0.1623315,2.0751040751040755
Agartala,2026-10-05 18:00:00,1,27.363445499999997,0.0,2.352045552045552
Agartala,2026-10-05 19:00:00,1,26.5977021,0.0,3.2844950844950844
Agartala,2026-10-05 20:00:00,1,26.317484599999997,0.0,3.7838754838754842
Agartala,2026-10-05 21:00:00,1,26.0845389,0.0,4.018934918934919
Agartala,2026-10-05 22:00:00,1,25.8154036,0.0,3.6383566383566386
Agartala,2026-10-05 23:00:00,1,25.4923574,0.0,3.008705808705809
Agartala,2026-10-06 00:00:00,2,25.3339309,0.0,2.0731393
Agartala,2026-10-06 01:00:00,2,25.008682899999997,0.0,2.2465158
Agartala,2026-10-06 02:00:00,2,24.9061561,0.0,2.4060171999999995
Agartala,2026-10-06 03:00:00,2,24.7294424,0.0,2.6852223999999993
Agartala,2026-10-06 04:00:00,2,24.563724999999998,0.0,2.8626428000000006
Agartala,2026-10-06 05:00:00,2,24.526062800000002,0.0,3.2469806
Agartala,2026-10-06 06:00:00,2,25.220560999999996,0.0,3.2250213
Agartala,2026-10-06 07:00:00,2,26.4848242,0.0,3.5599556999999997
Agartala,2026-10-06 08:00:00,2,28.074241500000003,0.0,3.5472368999999997
Agartala,2026-10-06 09:00:00,2,29.541513000000002,0.2278694,4.304131699999999
Agartala,2026-10-06 10:00:00,2,30.796588399999997,0.3698334,4.1045419999999995
Agartala,2026-10-06 11:00:00,2,31.6108734,0.0291198,3.6332218000000003
Agartala,2026-10-06 12:00:00,2,31.9333069,0.0291198,3.162363
Agartala,2026-10-06 13:00:00,2,31.993843500000004,0.0291198,3.2121139999999997
Agartala,2026-10-06 14:00:00,2,31.7030053,0.1634438,2.9420438
Agartala,2026-10-06 15:00:00,2,30.679333999999997,0.5238636,2.5547851
Agartala,2026-10-06 16:00:00,2,29.416428100000005,0.0,2.6550638
Agartala,2026-10-06 17:00:00,2,27.924828,0.0,4.068298400000001
Agartala,2026-10-06 18:00:00,2,27.1777479,0.0291198,3.8801514
Agartala,2026-10-06 19:00:00,2,26.7557553,0.0291198,3.0144725999999995
Agartala,2026-10-06 20:00:00,2,26.395659600000002,0.0291198,2.9258443000000005
Agartala,2026-10-06 21:00:00,2,26.053068,0.0,3.3219154000000004
Agartala,2026-10-06 22:00:00,2,25.654395,0.0,3.2398071
Agartala,2026-10-06 23:00:00,2,25.3420717,0.0,4.2047126
Agartala,2026-10-07 00:00:00,3,24.93731453731454,0.0,3.9871863999999997
Agartala,2026-10-07 01:00:00,3,24.663645463645462,0.0,3.621648599999999
Agartala,2026-10-07 02:00:00,3,24.439776539776542,0.0557172,3.2235529999999994
Agartala,2026-10-07 03:00:00,3,24.191267991267992,0.0,3.413266599999999
Agartala,2026-10-07 04:00:00,3,23.95952085952086,0.0,3.9387236
Agartala,2026-10-07 05:00:00,3,23.97155237155237,0.0,4.4923324
Agartala,2026-10-07 06:00:00,3,25.044992244992244,0.0,4.542885999999999
Agartala,2026-10-07 07:00:00,3,26.845247145247146,0.0,4.705158599999999
Agartala,2026-10-07 08:00:00,3,28.5014891014891,0.0,4.343943399999999
Agartala,2026-10-07 09:00:00,3,29.837216037216038,0.0557172,3.6212269999999993
Agartala,2026-10-07 10:00:00,3,30.81927611927612,0.08357579999999999,3.454582
Agartala,2026-10-07 11:00:00,3,31.28741588741589,0.1760324,3.7944088
Agartala,2026-10-07 12:00:00,3,30.70527000527001,0.49089380000000005,5.376860799999999
Agartala,2026-10-07 13:00:00,3,30.341928641928643,0.2653028,5.653463399999999
Agartala,2026-10-07 14:00:00,3,29.731362231362233,0.49705239999999995,4.029220199999999
Agartala,2026-10-07 15:00:00,3,29.121526721526727,0.353783,3.9116771999999993
Agartala,2026-10-07 16:00:00,3,28.134147334147336,0.2100496,4.065722599999999
Agartala,2026-10-07 17:00:00,3,26.895058395058395,0.0,5.180441999999999
Agartala,2026-10-07 18:00:00,3,26.27078977078977,0.0,4.291023999999999
Agartala,2026-10-07 19:00:00,3,25.900074900074898,0.0,3.2023945999999994
Agartala,2026-10-07 20:00:00,3,25.716065616065617,0.0,3.197799999999999
Agartala,2026-10-07 21:00:00,3,25.697076497076495,0.0,3.367524199999999
Agartala,2026-10-07 22:00:00,3,25.3995384995385,0.0,4.394046599999999
Agartala,2026-10-07 23:00:00,3,24.88718018718019,0.0,5.3969923999999985
Agra,2026-10-05 00:00:00,1,26.3778322,0.0,3.965893199999999
Agra,2026-10-05 01:00:00,1,26.1817082,0.0,4.8987633
Agra,2026-10-05 02:00:00,1,25.862177900000006,0.0,7.270966
Agra,2026-10-05 03:00:00,1,25.2725785,0.0,7.9772721
Agra,2026-10-05 04:00:00,1,24.714088600000004,0.0,7.7970288
Agra,2026-10-05 05:00:00,1,24.336529400000003,0.0,7.946366899999999
Agra,2026-10-05 06:00:00,1,24.312785800000004,0.0,8.5727352
Agra,2026-10-05 07:00:00,1,25.3558838,0.0,8.851821699999999
Agra,2026-10-05 08:00:00,1,27.487422900000002,0.0,9.037206399999999
Agra,2026-10-05 09:00:00,1,29.733244400000004,0.0,9.4924561
Agra,2026-10-05 10:00:00,1,31.706423100000002,0.0,10.5889069
Agra,2026-10-05 11:00:00,1,33.2994433,0.0,11.733102299999999
Agra,2026-10-05 12:00:00,1,34.278492299999996,0.0,12.272712299999998
Agra,2026-10-05 13:00:00,1,34.9177143,0.0,11.798147799999999
Agra,2026-10-05 14:00:00,1,35.2743225,0.0,10.7703361
Agra,2026-10-05 15:00:00,1,35.339020000000005,0.0,8.927015599999999
Agra,2026-10-05 16:00:00,1,34.965455199999994,0.0,6.997440800000001
Agra,2026-10-05 17:00:00,1,33.740152699999996,0.0,4.2662885
Agra,2026-10-05 18:00:00,1,32.0734551,0.0,3.2511897
Agra,2026-10-05 19:00:00,1,30.685259000000002,0.046142800000000005,3.542579
Agra,2026-10-05 20:00:00,1,29.5099937,0.023071400000000002,4.4512937
Agra,2026-10-05 21:00:00,1,28.7031579,0.0,3.8177022999999997
Agra,2026-10-05 22:00:00,1,28.204480500000003,0.0,4.6377236
Agra,2026-10-05 23:00:00,1,27.5590195,0.0,6.163961199999999
Agra,2026-10-06 00:00:00,2,26.9406107,0.0,6.794655894655895
Agra,2026-10-06 01:00:00,2,26.4190614,0.0,6.498904398904399
Agra,2026-10-06 02:00:00,2,25.8406107,0.0,6.308026108026108
Agra,2026-10-06 03:00:00,2,25.339501699999996,0.0,5.890255690255691
Agra,2026-10-06 04:00:00,2,24.7700684,0.0,5.222998722998723
Agra,2026-10-06 05:00:00,2,24.393582499999997,0.0,4.68970718970719
Agra,2026-10-06 06:00:00,2,24.4148809,0.0,4.734739534739535
Agra,2026-10-06 07:00:00,2,25.4541766,0.0,4.657809457809457
Agra,2026-10-06 08:00:00,2,27.463660600000004,0.0,5.286303986303987
Agra,2026-10-06 09:00:00,2,29.5836227,0.0,7.777726377726378
Agra,2026-10-06 10:00:00,2,31.5705492,0.0,9.288227488227488
Agra,2026-10-06 11:00:00,2,33.1677146,0.0,10.287117587117587
Agra,2026-10-06 12:00:00,2,34.2677521,0.0,9.994487394487395
Agra,2026-10-06 13:00:00,2,34.7722608,0.0,9.384507984507986
Agra,2026-10-06 14:00:00,2,34.8231928,0.0,9.078465478465478
Agra,2026-10-06 15:00:00,2,34.221969,0.06307300000000002,7.921581821581822
Agra,2026-10-06 16:00:00,2,33.0989052,0.06307300000000002,6.041814541814542
Agra,2026-10-06 17:00:00,2,31.540576100000003,0.06307300000000002,5.515701515701516
Agra,2026-10-06 18:00:00,2,29.9729317,0.0,6.849468549468549
Agra,2026-10-06 19:00:00,2,28.8426932,0.0,10.46042276042276
Agra,2026-10-06 20:00:00,2,27.976736900000002,0.0,12.33242343242343
Agra,2026-10-06 21:00:00,2,27.1546975,0.0,11.917005017005017
Agra,2026-10-06 22:00:00,2,26.4493705,0.0,10.05106365106365
Agra,2026-10-06 23:00:00,2,25.893615599999997,0.0,8.81978861978862
Agra,2026-10-07 00:00:00,3,25.5526349,0.0,8.263589063589066
Agra,2026-10-07 01:00:00,3,25.244031900000003,0.0,7.669470169470171
Agra,2026-10-07 02:00:00,3,24.995481599999998,0.0,7.063857863857864
Agra,2026-10-07 03:00:00,3,24.6630914,0.0,6.66911066911067
Agra,2026-10-07 04:00:00,3,24.4165096,0.0,5.655711055711056
Agra,2026-10-07 05:00:00,3,24.2330034,0.0,4.5769201769201775
Agra,2026-10-07 06:00:00,3,24.3085658,0.0,4.224787624787625
Agra,2026-10-07 07:00:00,3,25.2614569,0.0,4.3899096899096905
Agra,2026-10-07 08:00:00,3,26.9671688,0.0,4.845674845674846
Agra,2026-10-07 09:00:00,3,28.8965979,0.0,5.986776186776187
Agra,2026-10-07 10:00:00,3,30.6559917,0.0,7.388121188121189
Agra,2026-10-07 11:00:00,3,32.058487400000004,0.0,7.463887163887165
Agra,2026-10-07 12:00:00,3,33.0210358,0.0,6.239972739972741
Agra,2026-10-07 13:00:00,3,33.7294453,0.0,4.066668666668667
Agra,2026-10-07 14:00:00,3,34.070245,0.0,4.791461191461192
Agra,2026-10-07 15:00:00,3,34.0975738,0.0,5.050874050874051
Agra,2026-10-07 16:00:00,3,33.697899,0.0,5.5842517842517845
Agra,2026-10-07 17:00:00,3,32.495597,0.0,5.77995137995138
Agra,2026-10-07 18:00:00,3,31.026150700000002,0.0,6.404228804228805
Agra,2026-10-07 19:00:00,3,29.555658199999996,0.0,9.953992953992953
Agra,2026-10-07 20:00:00,3,28.411773800000002,0.0,9.96829936829937
Agra,2026-10-07 21:00:00,3,27.6879948,0.0,8.786962586962588
Agra,2026-10-07 22:00:00,3,27.026562499999997,0.0,7.327618727618729
Agra,2026-10-07 23:00:00,3,26.5046203,0.0,6.492798192798193
Ahmedabad,2026-10-05 00:00:00,1,27.144268844268844,0.0,3.8187126000000005
Ahmedabad,2026-10-05 01:00:00,1,26.711386211386213,0.0,5.1117855
Ahmedabad,2026-10-05 02:00:00,1,25.605199105199105,0.0,6.6595805
Ahmedabad,2026-10-05 03:00:00,1,24.87043167043167,0.0,6.7806689
Ahmedabad,2026-10-05 04:00:00,1,24.38316948316948,0.0,6.6301613
Ahmedabad,2026-10-05 05:00:00,1,24.102290302290303,0.0,6.6544279
Ahmedabad,2026-10-05 06:00:00,1,23.974272774272773,0.0,6.566879800000001
Ahmedabad,2026-10-05 07:00:00,1,24.483602583602583,0.0,6.1000275
Ahmedabad,2026-10-05 08:00:00,1,26.311856611856612,0.0,6.025587799999999
Ahmedabad,2026-10-05 09:00:00,1,28.520131620131618,0.0,5.576547
Ahmedabad,2026-10-05 10:00:00,1,30.731911631911636,0.0,4.4778667
Ahmedabad,2026-10-05 11:00:00,1,32.68818128818128,0.0,3.946377
Ahmedabad,2026-10-05 12:00:00,1,33.955665555665554,0.0,4.8266567
Ahmedabad,2026-10-05 13:00:00,1,34.63191423191423,0.0,6.2546406
Ahmedabad,2026-10-05 14:00:00,1,35.02430612430612,0.0,7.517759799999999
Ahmedabad,2026-10-05 15:00:00,1,35.08490818490819,0.0,7.6264097
Ahmedabad,2026-10-05 16:00:00,1,34.74137634137634,0.0,6.9787308999999995
Ahmedabad,2026-10-05 17:00:00,1,34.12572972572973,0.0,5.5656986999999996
Ahmedabad,2026-10-05 18:00:00,1,32.81679501679501,0.0,3.6956054000000003
Ahmedabad,2026-10-05 19:00:00,1,31.55218945218945,0.0,3.9264132000000003
Ahmedabad,2026-10-05 20:00:00,1,30.467069567069565,0.0,4.537794999999999
Ahmedabad,2026-10-05 21:00:00,1,29.487010587010584,0.0,3.6012496
Ahmedabad,2026-10-05 22:00:00,1,28.499251799251798,0.0,4.4115753
Ahmedabad,2026-10-05 23:00:00,1,27.60917250917251,0.0,4.5160481
Ahmedabad,2026-10-06 00:00:00,2,26.9886347,0.0,4.3265498
Ahmedabad,2026-10-06 01:00:00,2,26.459537899999997,0.0,4.7947894
Ahmedabad,2026-10-06 02:00:00,2,25.9055905,0.0,5.4589619
Ahmedabad,2026-10-06 03:00:00,2,25.2292265,0.0,5.875425700000001
Ahmedabad,2026-10-06 04:00:00,2,24.6261488,0.0,5.6402406
Ahmedabad,2026-10-06 05:00:00,2,24.234381199999998,0.0,5.601504299999999
Ahmedabad,2026-10-06 06:00:00,2,23.9852406,0.0,5.8286254
Ahmedabad,2026-10-06 07:00:00,2,24.510270600000002,0.0,6.040961300000001
Ahmedabad,2026-10-06 08:00:00,2,26.1983193,0.0,6.40348
Ahmedabad,2026-10-06 09:00:00,2,28.2489436,0.0,6.1414142
Ahmedabad,2026-10-06 10:00:00,2,30.434514,0.0,5.2465887
Ahmedabad,2026-10-06 11:00:00,2,32.263579299999996,0.0,4.323031500000001
Ahmedabad,2026-10-06 12:00:00,2,33.613419300000004,0.0,3.2853155
Ahmedabad,2026-10-06 13:00:00,2,34.467862499999995,0.0,3.6486786
Ahmedabad,2026-10-06 14:00:00,2,34.9459102,0.0,4.9147587
Ahmedabad,2026-10-06 15:00:00,2,35.0048669,0.0,5.8818144
Ahmedabad,2026-10-06 16:00:00,2,34.6638236,0.0,5.780462600000001
Ahmedabad,2026-10-06 17:00:00,2,33.995050799999994,0.0,4.505397800000001
Ahmedabad,2026-10-06 18:00:00,2,32.5999473,0.0,3.2629072
Ahmedabad,2026-10-06 19:00:00,2,31.3706971,0.0,3.0649492
Ahmedabad,2026-10-06 20:00:00,2,30.549805999999997,0.0,3.1249013999999997
Ahmedabad,2026-10-06 21:00:00,2,29.773383799999998,0.0,2.9298724
Ahmedabad,2026-10-06 22:00:00,2,28.96948,0.0,3.4179807999999996
Ahmedabad,2026-10-06 23:00:00,2,28.197719199999998,0.0,3.8857969999999997
Ahmedabad,2026-10-07 00:00:00,3,27.5964643,0.0,3.6010439
Ahmedabad,2026-10-07 01:00:00,3,27.157786299999998,0.0,3.1274366999999996
Ahmedabad,2026-10-07 02:00:00,3,26.4268348,0.0,2.8200836000000002
Ahmedabad,2026-10-07 03:00:00,3,25.600429,0.0,2.6396825
Ahmedabad,2026-10-07 04:00:00,3,24.881826100000005,0.0,2.7081264999999997
Ahmedabad,2026-10-07 05:00:00,3,24.5165253,0.0,3.3889470999999993
Ahmedabad,2026-10-07 06:00:00,3,24.4580457,0.0,3.8074814
Ahmedabad,2026-10-07 07:00:00,3,24.9581895,0.0,5.0208867
Ahmedabad,2026-10-07 08:00:00,3,26.878019300000002,0.0,4.6734278
Ahmedabad,2026-10-07 09:00:00,3,29.259999999999998,0.0,4.3377973999999995
Ahmedabad,2026-10-07 10:00:00,3,31.6753374,0.0,4.2057621
Ahmedabad,2026-10-07 11:00:00,3,33.621612199999994,0.0,5.1212243
Ahmedabad,2026-10-07 12:00:00,3,34.9933284,0.0,5.2848779
Ahmedabad,2026-10-07 13:00:00,3,35.8601605,0.0,5.5899991
Ahmedabad,2026-10-07 14:00:00,3,36.323230800000005,0.0,6.0699702
Ahmedabad,2026-10-07 15:00:00,3,36.3534125,0.0,6.236898399999999
Ahmedabad,2026-10-07 16:00:00,3,35.9510523,0.0,6.407305899999999
Ahmedabad,2026-10-07 17:00:00,3,35.173214099999996,0.0,6.0559601999999995
Ahmedabad,2026-10-07 18:00:00,3,33.6266318,0.0,4.6860229
Ahmedabad,2026-10-07 19:00:00,3,32.4589426,0.0,4.1271463
Ahmedabad,2026-10-07 20:00:00,3,31.2871532,0.0,4.0820656
Ahmedabad,2026-10-07 21:00:00,3,30.1987121,0.0,4.2095419
Ahmedabad,2026-10-07 22:00:00,3,29.2890877,0.0,4.4311618
Ahmedabad,2026-10-07 23:00:00,3,28.5233638,0.0,4.3117256
Amritsar,2026-10-05 00:00:00,1,25.55744235744236,0.0,4.881493981493982
Amritsar,2026-10-05 01:00:00,1,25.08646628646629,0.0,5.536720936720937
Amritsar,2026-10-05 02:00:00,1,24.64777614777615,0.0,5.813400113400114
Amritsar,2026-10-05 03:00:00,1,24.26089856089856,0.0,5.298530898530899
Amritsar,2026-10-05 04:00:00,1,23.90727350727351,0.0,4.249518549518549
Amritsar,2026-10-05 05:00:00,1,23.727887427887428,0.0,4.109420909420909
Amritsar,2026-10-05 06:00:00,1,23.743112843112847,0.0,3.997913597913598
Amritsar,2026-10-05 07:00:00,1,24.724748024748024,0.0,3.8826664826664827
Amritsar,2026-10-05 08:00:00,1,27.01592691592692,0.0,4.844050344050344
Amritsar,2026-10-05 09:00:00,1,29.575592275592275,0.0,5.5177822177822184
Amritsar,2026-10-05 10:00:00,1,31.806742706742703,0.0,6.6269950269950275
Amritsar,2026-10-05 11:00:00,1,33.34884084884085,0.0,7.253362253362253
Amritsar,2026-10-05 12:00:00,1,34.38441408441408,0.0,6.230041130041131
Amritsar,2026-10-05 13:00:00,1,35.09156789156789,0.0,5.621280621280621
Amritsar,2026-10-05 14:00:00,1,35.31406691406691,0.0,5.07018577018577
Amritsar,2026-10-05 15:00:00,1,35.084197084197086,0.0,5.184426884426884
Amritsar,2026-10-05 16:00:00,1,34.50650190650191,0.0,5.178530278530278
Amritsar,2026-10-05 17:00:00,1,33.314934714934715,0.0,5.854519054519054
Amritsar,2026-10-05 18:00:00,1,31.107851807851805,0.0,6.641671441671442
Amritsar,2026-10-05 19:00:00,1,29.557731057731058,0.0,6.820277320277321
Amritsar,2026-10-05 20:00:00,1,28.41009991009991,0.0,7.0578160578160585
Amritsar,2026-10-05 21:00:00,1,27.506233406233406,0.0,7.46007736007736
Amritsar,2026-10-05 22:00:00,1,26.825711825711824,0.0,7.958992858992858
Amritsar,2026-10-05 23:00:00,1,26.311091811091813,0.0,8.213108313108313
Amritsar,2026-10-06 00:00:00,2,25.94133984133984,0.0,8.279317879317881
Amritsar,2026-10-06 01:00:00,2,25.650074050074053,0.0,8.52820692820693
Amritsar,2026-10-06 02:00:00,2,25.383089583089586,0.0,8.699709799709801
Amritsar,2026-10-06 03:00:00,2,24.991895291895293,0.0,8.221811621811623
Amritsar,2026-10-06 04:00:00,2,24.596262396262393,0.0,7.439433039433041
Amritsar,2026-10-06 05:00:00,2,24.285082385082386,0.0,7.023259823259824
Amritsar,2026-10-06 06:00:00,2,24.221008921008924,0.0,7.993213593213595
Amritsar,2026-10-06 07:00:00,2,25.0988873988874,0.0,9.204129704129706
Amritsar,2026-10-06 08:00:00,2,27.174477074477075,0.0,10.323561923561925
Amritsar,2026-10-06 09:00:00,2,29.38823578823579,0.0,9.683139983139984
Amritsar,2026-10-06 10:00:00,2,31.506729106729107,0.0,8.826341226341228
Amritsar,2026-10-06 11:00:00,2,33.16920346920347,0.0,7.736001336001337
Amritsar,2026-10-06 12:00:00,2,33.78335588335588,0.0,7.1344239344239355
Amritsar,2026-10-06 13:00:00,2,34.367951767951766,0.0804435,6.848573648573649
Amritsar,2026-10-06 14:00:00,2,34.4976261976262,0.0804435,8.431858131858132
Amritsar,2026-10-06 15:00:00,2,34.218745718745716,0.0,8.719052519052521
Amritsar,2026-10-06 16:00:00,2,33.592615692615695,0.0,8.32831742831743
Amritsar,2026-10-06 17:00:00,2,32.394822994822995,0.0,6.943783343783345
Amritsar,2026-10-06 18:00:00,2,30.34890774890775,0.0,7.696902496902499
Amritsar,2026-10-06 19:00:00,2,28.666208066208064,0.0,7.476898876898879
Amritsar,2026-10-06 20:00:00,2,27.64289244289244,0.0,6.94920604920605
Amritsar,2026-10-06 21:00:00,2,27.064164964164966,0.0,8.20876780876781
Amritsar,2026-10-06 22:00:00,2,26.73818793818794,0.0,10.469119969119971
Amritsar,2026-10-06 23:00:00,2,26.47922167922168,0.0,10.71917561917562
Amritsar,2026-10-07 00:00:00,3,25.625346399999998,0.8473545,10.8409542
Amritsar,2026-10-07 01:00:00,3,24.5346355,0.8473545,12.0383052
Amritsar,2026-10-07 02:00:00,3,23.6225893,0.8473545,12.6594984
Amritsar,2026-10-07 03:00:00,3,23.125631499999997,0.690437,12.4190522
Amritsar,2026-10-07 04:00:00,3,23.0168101,0.690437,11.3152688
Amritsar,2026-10-07 05:00:00,3,22.9902148,0.690437,13.380379999999999
Amritsar,2026-10-07 06:00:00,3,22.718109,0.0,11.803304
Amritsar,2026-10-07 07:00:00,3,23.4254807,0.0,10.7571528
Amritsar,2026-10-07 08:00:00,3,25.0976571,0.0,11.017532
Amritsar,2026-10-07 09:00:00,3,26.899768800000004,0.0,9.976920400000001
Amritsar,2026-10-07 10:00:00,3,28.7257977,0.0,9.380644799999999
Amritsar,2026-10-07 11:00:00,3,30.3906422,0.0,8.1439138
Amritsar,2026-10-07 12:00:00,3,31.5641812,0.0,7.3396738
Amritsar,2026-10-07 13:00:00,3,32.2105335,0.0328096,4.9338032
Amritsar,2026-10-07 14:00:00,3,31.6698327,0.328096,4.3913231999999995
Amritsar,2026-10-07 15:00:00,3,31.86092,0.0656192,5.0264264
Amritsar,2026-10-07 16:00:00,3,31.4565848,0.0657645,5.936423400000001
Amritsar,2026-10-07 17:00:00,3,30.5480379,0.0,6.3108652
Amritsar,2026-10-07 18:00:00,3,28.740706,0.0,5.835305
Amritsar,2026-10-07 19:00:00,3,27.2578694,0.0,5.550731
Amritsar,2026-10-07 20:00:00,3,26.2322917,0.0,4.579053
Amritsar,2026-10-07 21:00:00,3,25.4266394,0.0,4.8246398
Amritsar,2026-10-07 22:00:00,3,24.915727099999998,0.0,5.2815872
Amritsar,2026-10-07 23:00:00,3,24.5248065,0.0,5.1147306
Bengaluru,2026-10-05 00:00:00,1,23.539048560951436,0.1385982,5.4314997
Bengaluru,2026-10-05 01:00:00,1,23.13384106615893,0.0461994,5.2014418
Bengaluru,2026-10-05 02:00:00,1,22.61188038811961,0.0,5.637115
Bengaluru,2026-10-05 03:00:00,1,22.161214238785757,0.0,5.9009929
Bengaluru,2026-10-05 04:00:00,1,21.670430429569567,0.0,6.1266256
Bengaluru,2026-10-05 05:00:00,1,21.327108472891524,0.0,6.067130799999999
Bengaluru,2026-10-05 06:00:00,1,21.47209662790337,0.0,5.8973434000000005
Bengaluru,2026-10-05 07:00:00,1,22.3048658951341,0.0,6.3158437
Bengaluru,2026-10-05 08:00:00,1,23.69305360694639,0.0,7.6797986
Bengaluru,2026-10-05 09:00:00,1,25.349056150943845,0.0,6.4520995999999995
Bengaluru,2026-10-05 10:00:00,1,26.722802577197417,0.19928099999999999,5.4900673
Bengaluru,2026-10-05 11:00:00,1,27.829156070843926,0.2666394,4.7460872
Bengaluru,2026-10-05 12:00:00,1,28.229825870174125,0.5926255,4.852518
Bengaluru,2026-10-05 13:00:00,1,28.050313149686843,0.3784527,5.1887851000000005
Bengaluru,2026-10-05 14:00:00,1,27.93568866431133,0.21372210000000003,4.824520699999999
Bengaluru,2026-10-05 15:00:00,1,27.548498151501843,0.9488327999999999,4.5136644
Bengaluru,2026-10-05 16:00:00,1,26.91898518101481,2.3772582,6.1727194
Bengaluru,2026-10-05 17:00:00,1,26.021657378342617,1.7316835,6.090872200000001
Bengaluru,2026-10-05 18:00:00,1,24.750849749150245,0.9836592,4.0253331999999995
Bengaluru,2026-10-05 19:00:00,1,23.59571320428679,2.1945157,5.709154099999999
Bengaluru,2026-10-05 20:00:00,1,22.87061862938137,1.5802285,5.5275795
Bengaluru,2026-10-05 21:00:00,1,22.31520668479331,2.0065024,4.7129388
Bengaluru,2026-10-05 22:00:00,1,21.998453501546493,0.9688797,5.1216695
Bengaluru,2026-10-05 23:00:00,1,21.729761570238427,0.8764809,4.1788059
Bengaluru,2026-10-06 00:00:00,2,21.3486652,1.01007308992691,2.8127942
Bengaluru,2026-10-06 01:00:00,2,21.071929,1.1584407415592584,1.3936866
Bengaluru,2026-10-06 02:00:00,2,20.6611462,0.8137278862721136,3.8454876000000002
Bengaluru,2026-10-06 03:00:00,2,20.3239518,0.6512375487624511,4.0426014
Bengaluru,2026-10-06 04:00:00,2,20.2420874,0.17891342108657893,2.0654055
Bengaluru,2026-10-06 05:00:00,2,20.3249472,0.08945671054328946,1.9510478
Bengaluru,2026-10-06 06:00:00,2,20.5811596,0.07104012895987104,1.6251584
Bengaluru,2026-10-06 07:00:00,2,21.386572200000003,0.07301392698607301,2.3329850000000003
Bengaluru,2026-10-06 08:00:00,2,22.8080068,0.0,3.6082888000000004
Bengaluru,2026-10-06 09:00:00,2,24.412843600000002,0.06906633093366907,4.1823658
Bengaluru,2026-10-06 10:00:00,2,25.892772,0.2802129197870802,6.4045614
Bengaluru,2026-10-06 11:00:00,2,26.586826,0.5255706744293255,8.3438944
Bengaluru,2026-10-06 12:00:00,2,26.712863,0.4966734033265966,8.496074700000001
Bengaluru,2026-10-06 13:00:00,2,26.812411400000002,0.27861642138357856,8.679042599999999
Bengaluru,2026-10-06 14:00:00,2,26.4434996,0.27960542039457953,9.2108678
Bengaluru,2026-10-06 15:00:00,2,25.7869682,1.2681857318142677,8.4921098
Bengaluru,2026-10-06 16:00:00,2,24.5132862,1.9128410871589123,6.3860092
Bengaluru,2026-10-06 17:00:00,2,23.531159600000002,2.1328718671281326,5.6504015
Bengaluru,2026-10-06 18:00:00,2,22.639077,0.9131422868577129,4.3760240999999995
Bengaluru,2026-10-06 19:00:00,2,22.2018104,0.5227456772543226,2.7811297
Bengaluru,2026-10-06 20:00:00,2,21.9456424,0.7671144328855669,4.143811100000001
Bengaluru,2026-10-06 21:00:00,2,21.7751976,0.07400292599707399,3.3083122000000005
Bengaluru,2026-10-06 22:00:00,2,21.4331552,0.07301392698607301,4.1005012999999995
Bengaluru,2026-10-06 23:00:00,2,21.1595668,0.3894076105923894,5.1895713
Bengaluru,2026-10-07 00:00:00,3,20.8515656,0.369801,6.1097776
Bengaluru,2026-10-07 01:00:00,3,20.4455454,0.0,5.379493999999999
Bengaluru,2026-10-07 02:00:00,3,20.169601999999998,0.5177214,5.2232873
Bengaluru,2026-10-07 03:00:00,3,20.1077347,0.3204942,5.7570216
Bengaluru,2026-10-07 04:00:00,3,19.978296,0.049306800000000005,6.0048468999999995
Bengaluru,2026-10-07 05:00:00,3,20.043090700000004,0.0,5.4609772
Bengaluru,2026-10-07 06:00:00,3,20.3332748,0.0,5.3007551
Bengaluru,2026-10-07 07:00:00,3,21.3610844,0.0,6.1729335999999995
Bengaluru,2026-10-07 08:00:00,3,22.9720677,0.0,7.998521200000001
Bengaluru,2026-10-07 09:00:00,3,24.7178718,0.027129700000000003,8.289812000000001
Bengaluru,2026-10-07 10:00:00,3,26.4432414,0.027129700000000003,9.0831821
Bengaluru,2026-10-07 11:00:00,3,27.7042831,0.027129700000000003,9.59635
Bengaluru,2026-10-07 12:00:00,3,28.5683147,0.0,10.191191700000001
Bengaluru,2026-10-07 13:00:00,3,29.0298034,0.0,10.807415800000001
Bengaluru,2026-10-07 14:00:00,3,28.931392100000004,0.024653400000000002,10.8135421
Bengaluru,2026-10-07 15:00:00,3,28.518822399999998,0.024653400000000002,10.545340199999998
Bengaluru,2026-10-07 16:00:00,3,27.9180395,0.09338740000000001,9.589818000000001
Bengaluru,2026-10-07 17:00:00,3,26.5988298,0.4915904,8.077093099999999
Bengaluru,2026-10-07 18:00:00,3,25.3075179,0.2827753,6.6577012
Bengaluru,2026-10-07 19:00:00,3,24.450420299999998,0.0,6.113726099999999
Bengaluru,2026-10-07 20:00:00,3,23.7153863,0.049306800000000005,6.7105254
Bengaluru,2026-10-07 21:00:00,3,22.9722964,0.049306800000000005,6.5688439999999995
Bengaluru,2026-10-07 22:00:00,3,22.2834649,0.024653400000000002,6.6410915
Bengaluru,2026-10-07 23:00:00,3,21.7267459,0.0,7.3770495
Bhopal,2026-10-05 00:00:00,1,23.8788562,0.0,6.9116665
Bhopal,2026-10-05 01:00:00,1,23.190296,0.0,7.5158261999999985
Bhopal,2026-10-05 02:00:00,1,22.835283500000003,0.0,7.9286349000000005
Bhopal,2026-10-05 03:00:00,1,22.408325500000004,0.0,8.308528599999999
Bhopal,2026-10-05 04:00:00,1,21.9697412,0.0,8.250312
Bhopal,2026-10-05 05:00:00,1,21.6981177,0.0,7.853134099999999
Bhopal,2026-10-05 06:00:00,1,21.816282700000002,0.0,7.4865164
Bhopal,2026-10-05 07:00:00,1,23.351777600000002,0.0,7.7898544
Bhopal,2026-10-05 08:00:00,1,25.933838,0.0,8.551662499999999
Bhopal,2026-10-05 09:00:00,1,28.171918500000004,0.0,9.4826129
Bhopal,2026-10-05 10:00:00,1,30.2020781,0.0,9.897658
Bhopal,2026-10-05 11:00:00,1,31.715010700000008,0.0,10.610159199999998
Bhopal,2026-10-05 12:00:00,1,32.52929220000001,0.0,10.6106669
Bhopal,2026-10-05 13:00:00,1,32.87913820000001,0.0,9.9880699
Bhopal,2026-10-05 14:00:00,1,32.88368870000001,0.0,9.4664213
Bhopal,2026-10-05 15:00:00,1,32.57974490000001,0.0,8.4090888
Bhopal,2026-10-05 16:00:00,1,31.9489693,0.0,7.5392873
Bhopal,2026-10-05 17:00:00,1,30.341595800000004,0.0,5.5995116000000005
Bhopal,2026-10-05 18:00:00,1,28.383334400000003,0.0,4.4438251
Bhopal,2026-10-05 19:00:00,1,27.229557600000007,0.0,3.8793289999999994
Bhopal,2026-10-05 20:00:00,1,26.413314900000003,0.0,3.7660492999999997
Bhopal,2026-10-05 21:00:00,1,25.556085100000004,0.0,4.0291453
Bhopal,2026-10-05 22:00:00,1,24.750666200000005,0.0,4.8141204
Bhopal,2026-10-05 23:00:00,1,24.0989109,0.0,5.346798499999999
Bhopal,2026-10-06 00:00:00,2,23.4212622,0.0,6.2474121
Bhopal,2026-10-06 01:00:00,2,22.297273800000003,0.0,7.616555099999999
Bhopal,2026-10-06 02:00:00,2,21.934086800000003,0.0,6.5929245000000005
Bhopal,2026-10-06 03:00:00,2,21.6607391,0.0,6.895059400000001
Bhopal,2026-10-06 04:00:00,2,21.2793924,0.0,7.1423586
Bhopal,2026-10-06 05:00:00,2,21.1673754,0.0,7.136526000000001
Bhopal,2026-10-06 06:00:00,2,21.3904934,0.0,7.1194032
Bhopal,2026-10-06 07:00:00,2,23.015783,0.0,6.7154242
Bhopal,2026-10-06 08:00:00,2,26.018480099999998,0.0,6.6501735
Bhopal,2026-10-06 09:00:00,2,28.4378435,0.0,8.4045577
Bhopal,2026-10-06 10:00:00,2,30.3659246,0.0,9.0907563
Bhopal,2026-10-06 11:00:00,2,31.8641073,0.0,9.4132388
Bhopal,2026-10-06 12:00:00,2,32.7319968,0.0,9.3477961
Bhopal,2026-10-06 13:00:00,2,33.146737200000004,0.0,9.147392
Bhopal,2026-10-06 14:00:00,2,33.2016922,0.0,8.9586176
Bhopal,2026-10-06 15:00:00,2,32.8072945,0.0,8.316521600000002
Bhopal,2026-10-06 16:00:00,2,32.0809028,0.0,7.447735700000001
Bhopal,2026-10-06 17:00:00,2,30.4265024,0.0,5.6040068
Bhopal,2026-10-06 18:00:00,2,28.383394699999997,0.0,4.5996429
Bhopal,2026-10-06 19:00:00,2,27.0336216,0.0,4.478134799999999
Bhopal,2026-10-06 20:00:00,2,26.054682999999997,0.0,5.0136094
Bhopal,2026-10-06 21:00:00,2,25.3377305,0.0,5.0837952
Bhopal,2026-10-06 22:00:00,2,24.8288935,0.0,4.8078478
Bhopal,2026-10-06 23:00:00,2,24.4174382,0.0,4.3634908
Bhopal,2026-10-07 00:00:00,3,23.9262826,0.0,3.6556841
Bhopal,2026-10-07 01:00:00,3,23.4318842,0.0,2.7796942
Bhopal,2026-10-07 02:00:00,3,22.9337116,0.0,2.9889178000000003
Bhopal,2026-10-07 03:00:00,3,22.4972787,0.0,2.6034132999999997
Bhopal,2026-10-07 04:00:00,3,22.016788100000003,0.0,3.1427732
Bhopal,2026-10-07 05:00:00,3,21.7551678,0.0,3.2506802
Bhopal,2026-10-07 06:00:00,3,22.0678531,0.0,3.3026887
Bhopal,2026-10-07 07:00:00,3,23.8547158,0.0,3.5498014
Bhopal,2026-10-07 08:00:00,3,26.5425455,0.0,4.3121384
Bhopal,2026-10-07 09:00:00,3,28.863669,0.0,5.4402949000000005
Bhopal,2026-10-07 10:00:00,3,30.719585799999997,0.0,6.073792600000001
Bhopal,2026-10-07 11:00:00,3,32.0416254,0.0,7.270281800000001
Bhopal,2026-10-07 12:00:00,3,32.9038124,0.0,9.1554391
Bhopal,2026-10-07 13:00:00,3,33.2692324,0.0,10.146193199999999
Bhopal,2026-10-07 14:00:00,3,33.2654924,0.0,10.8086695
Bhopal,2026-10-07 15:00:00,3,32.8746804,0.0,10.7294369
Bhopal,2026-10-07 16:00:00,3,32.077598200000004,0.0,10.4509628
Bhopal,2026-10-07 17:00:00,3,30.4401219,0.0,8.356226600000001
Bhopal,2026-10-07 18:00:00,3,28.577960400000002,0.0,7.0444488000000005
Bhopal,2026-10-07 19:00:00,3,27.4947645,0.0,6.6307925999999995
Bhopal,2026-10-07 20:00:00,3,26.6912203,0.0,6.5155064000000005
Bhopal,2026-10-07 21:00:00,3,25.913162,0.0,6.690473000000001
Bhopal,2026-10-07 22:00:00,3,25.2295363,0.0,6.530745600000001
Bhopal,2026-10-07 23:00:00,3,24.5927755,0.0,5.0423917000000005
Bhubaneswar,2026-10-05 00:00:00,1,25.8927604,0.0,6.593653
Bhubaneswar,2026-10-05 01:00:00,1,25.4631455,0.0,6.3533682
Bhubaneswar,2026-10-05 02:00:00,1,25.1361859,0.0,6.1240407999999995
Bhubaneswar,2026-10-05 03:00:00,1,24.7299887,0.0,5.7387687
Bhubaneswar,2026-10-05 04:00:00,1,24.473531700000002,0.0,5.2521678
Bhubaneswar,2026-10-05 05:00:00,1,24.3592688,0.0,5.233508799999999
Bhubaneswar,2026-10-05 06:00:00,1,25.0969993,0.0,5.6065688
Bhubaneswar,2026-10-05 07:00:00,1,27.1701823,0.0,5.490191899999999
Bhubaneswar,2026-10-05 08:00:00,1,29.2900304,0.0,6.6683185
Bhubaneswar,2026-10-05 09:00:00,1,31.1037737,0.0,7.701929000000001
Bhubaneswar,2026-10-05 10:00:00,1,32.5357165,0.0,8.428903
Bhubaneswar,2026-10-05 11:00:00,1,33.5154737,0.0,8.5057251
Bhubaneswar,2026-10-05 12:00:00,1,34.081185299999994,0.0,8.2525778
Bhubaneswar,2026-10-05 13:00:00,1,34.3836307,0.0,7.863668299999999
Bhubaneswar,2026-10-05 14:00:00,1,34.2451884,0.0,8.4398379
Bhubaneswar,2026-10-05 15:00:00,1,33.6937397,0.0,8.1348824
Bhubaneswar,2026-10-05 16:00:00,1,32.5862934,0.0,5.194886599999999
Bhubaneswar,2026-10-05 17:00:00,1,30.589322799999998,0.019786500000000002,4.5253743
Bhubaneswar,2026-10-05 18:00:00,1,29.2800035,0.0,5.4652231
Bhubaneswar,2026-10-05 19:00:00,1,28.2911443,0.0,5.485436299999999
Bhubaneswar,2026-10-05 20:00:00,1,27.1142774,0.0,6.9389229
Bhubaneswar,2026-10-05 21:00:00,1,26.4116221,0.0,6.7134953
Bhubaneswar,2026-10-05 22:00:00,1,26.227344,0.0,6.2145691
Bhubaneswar,2026-10-05 23:00:00,1,26.132195199999998,0.0,5.5765488
Bhubaneswar,2026-10-06 00:00:00,2,25.951655099999996,0.0,5.464617335382665
Bhubaneswar,2026-10-06 01:00:00,2,25.6605295,0.0,5.01902328097672
Bhubaneswar,2026-10-06 02:00:00,2,25.169823,0.0,4.925615374384626
Bhubaneswar,2026-10-06 03:00:00,2,24.833789700000004,0.0,4.9000253999746
Bhubaneswar,2026-10-06 04:00:00,2,24.499334,0.0,5.043119856880143
Bhubaneswar,2026-10-06 05:00:00,2,24.417301100000003,0.0,4.678543921456079
Bhubaneswar,2026-10-06 06:00:00,2,25.3611169,0.0,4.090873909126092
Bhubaneswar,2026-10-06 07:00:00,2,27.438385399999998,0.0,4.027966072033927
Bhubaneswar,2026-10-06 08:00:00,2,29.541646999999998,0.0,4.5648319351680655
Bhubaneswar,2026-10-06 09:00:00,2,31.2797761,0.0,5.1316817683182325
Bhubaneswar,2026-10-06 10:00:00,2,32.757868200000004,0.0,5.703629896370104
Bhubaneswar,2026-10-06 11:00:00,2,33.8010364,0.0,5.977660022339977
Bhubaneswar,2026-10-06 12:00:00,2,34.3285016,0.0,5.686056413943588
Bhubaneswar,2026-10-06 13:00:00,2,34.441784999999996,0.044713,5.1139757860242145
Bhubaneswar,2026-10-06 14:00:00,2,34.3081149,0.0,5.1998706001294
Bhubaneswar,2026-10-06 15:00:00,2,33.835055499999996,0.0,7.098029101970899
Bhubaneswar,2026-10-06 16:00:00,2,32.1161575,0.0,6.72991547008453
Bhubaneswar,2026-10-06 17:00:00,2,29.8564969,0.2012085,5.465943834056166
Bhubaneswar,2026-10-06 18:00:00,2,28.5294508,0.0,6.0648606351393655
Bhubaneswar,2026-10-06 19:00:00,2,27.6131177,0.0,5.888232011767988
Bhubaneswar,2026-10-06 20:00:00,2,27.287223700000002,0.0,7.226901773098227
Bhubaneswar,2026-10-06 21:00:00,2,27.0559732,0.0,7.096482403517597
Bhubaneswar,2026-10-06 22:00:00,2,26.874412300000003,0.0695466,4.991078108921891
Bhubaneswar,2026-10-06 23:00:00,2,26.7646395,0.0,5.811749788250212
Bhubaneswar,2026-10-07 00:00:00,3,26.577765199999998,0.0,6.84107335892664
Bhubaneswar,2026-10-07 01:00:00,3,26.4355572,0.0,5.562072137927862
Bhubaneswar,2026-10-07 02:00:00,3,26.3560006,0.0,4.653942146057853
Bhubaneswar,2026-10-07 03:00:00,3,26.194245000000006,0.0,3.8156410843589152
Bhubaneswar,2026-10-07 04:00:00,3,26.0348586,0.0,3.284440715559284
Bhubaneswar,2026-10-07 05:00:00,3,25.945429599999997,0.0,3.924771075228924
Bhubaneswar,2026-10-07 06:00:00,3,26.3822004,0.0,5.200786999212999
Bhubaneswar,2026-10-07 07:00:00,3,27.9995746,0.0,6.644344055655944
Bhubaneswar,2026-10-07 08:00:00,3,29.736966799999998,0.0,8.594460605539394
Bhubaneswar,2026-10-07 09:00:00,3,31.040231799999997,0.0535488,8.917820582179418
Bhubaneswar,2026-10-07 10:00:00,3,32.0508028,0.0267744,8.44122195877804
Bhubaneswar,2026-10-07 11:00:00,3,32.670973,0.0267744,8.391251308748691
Bhubaneswar,2026-10-07 12:00:00,3,32.7695296,0.0273273,8.533950566049434
Bhubaneswar,2026-10-07 13:00:00,3,32.5596112,0.0273273,10.283690116309883
Bhubaneswar,2026-10-07 14:00:00,3,32.1061336,0.0273273,11.777131522868478
Bhubaneswar,2026-10-07 15:00:00,3,31.2389122,0.0273273,11.012031887968112
Bhubaneswar,2026-10-07 16:00:00,3,30.3989986,0.0273273,10.38053601946398
Bhubaneswar,2026-10-07 17:00:00,3,29.2113162,0.0273273,9.762152737847263
Bhubaneswar,2026-10-07 18:00:00,3,28.293165799999997,0.0,8.012119787880211
Bhubaneswar,2026-10-07 19:00:00,3,27.591738399999997,0.0,6.447615452384547
Bhubaneswar,2026-10-07 20:00:00,3,27.400516600000003,0.0,6.769158130841868
Bhubaneswar,2026-10-07 21:00:00,3,27.1512296,0.2945184,7.248787851212148
Bhubaneswar,2026-10-07 22:00:00,3,26.7761382,0.2141952,7.505660994339005
Bhubaneswar,2026-10-07 23:00:00,3,26.4633502,0.0,6.5537739462260545
Chandigarh,2026-10-05 00:00:00,1,24.5343886,0.0,5.312626587373414
Chandigarh,2026-10-05 01:00:00,1,24.3153131,0.0,4.754973545026456
Chandigarh,2026-10-05 02:00:00,1,24.127627500000003,0.0,4.37990692009308
Chandigarh,2026-10-05 03:00:00,1,23.841774599999997,0.0,3.8006950993049013
Chandigarh,2026-10-05 04:00:00,1,23.4339827,0.0,3.6885971114028893
Chandigarh,2026-10-05 05:00:00,1,23.1031805,0.0,4.403739096260905
Chandigarh,2026-10-05 06:00:00,1,22.9348026,0.0,4.567111532888468
Chandigarh,2026-10-05 07:00:00,1,23.860180400000004,0.0,5.565295634704365
Chandigarh,2026-10-05 08:00:00,1,26.0604194,0.0,7.271100928899072
Chandigarh,2026-10-05 09:00:00,1,27.6488036,0.0,9.211606488393512
Chandigarh,2026-10-05 10:00:00,1,29.2621921,0.0,9.44786625213375
Chandigarh,2026-10-05 11:00:00,1,30.5896292,0.0,9.083511616488384
Chandigarh,2026-10-05 12:00:00,1,31.595901100000003,0.0,7.935042864957136
Chandigarh,2026-10-05 13:00:00,1,32.1953995,0.0,6.955691044308956
Chandigarh,2026-10-05 14:00:00,1,32.572888,0.0,6.283028416971583
Chandigarh,2026-10-05 15:00:00,1,32.55381250000001,0.0,5.26989683010317
Chandigarh,2026-10-05 16:00:00,1,31.654453099999998,0.124062,5.907086492913508
Chandigarh,2026-10-05 17:00:00,1,30.236081,0.2729364,6.3680676319323695
Chandigarh,2026-10-05 18:00:00,1,28.6821824,0.09924960000000001,5.943502856497144
Chandigarh,2026-10-05 19:00:00,1,27.4281377,0.0,5.745950654049347
Chandigarh,2026-10-05 20:00:00,1,26.387138399999998,0.0,5.956254743745257
Chandigarh,2026-10-05 21:00:00,1,25.6079757,0.0,6.1274637725362275
Chandigarh,2026-10-05 22:00:00,1,25.0714156,0.0,5.5065634934365075
Chandigarh,2026-10-05 23:00:00,1,24.650593500000003,0.0,5.677639422360579
Chandigarh,2026-10-06 00:00:00,2,24.5200344,0.0,6.5459515
Chandigarh,2026-10-06 01:00:00,2,24.516463799999997,0.0,7.3025877999999995
Chandigarh,2026-10-06 02:00:00,2,24.386264699999998,0.0,7.3689312000000005
Chandigarh,2026-10-06 03:00:00,2,24.082090599999997,0.0,6.5903993000000005
Chandigarh,2026-10-06 04:00:00,2,23.6009866,0.0,5.514701700000001
Chandigarh,2026-10-06 05:00:00,2,23.350096999999998,0.0,5.7893407
Chandigarh,2026-10-06 06:00:00,2,23.502725400000003,0.0,6.768960700000001
Chandigarh,2026-10-06 07:00:00,2,24.4359755,0.0,8.2232098
Chandigarh,2026-10-06 08:00:00,2,26.230047300000003,0.0,11.3072453
Chandigarh,2026-10-06 09:00:00,2,27.521111599999998,0.0,14.1472167
Chandigarh,2026-10-06 10:00:00,2,28.786150899999996,0.0,15.4428118
Chandigarh,2026-10-06 11:00:00,2,29.823946,0.0,14.6868894
Chandigarh,2026-10-06 12:00:00,2,30.631526699999995,0.02676370000000001,12.846984299999999
Chandigarh,2026-10-06 13:00:00,2,31.209564399999998,0.02676370000000001,10.1578494
Chandigarh,2026-10-06 14:00:00,2,31.276491199999995,0.10114630000000002,7.9192284
Chandigarh,2026-10-06 15:00:00,2,31.2279286,0.024794200000000002,7.2238542
Chandigarh,2026-10-06 16:00:00,2,30.8486191,0.0,8.556104699999999
Chandigarh,2026-10-06 17:00:00,2,29.5380149,0.0,7.497671599999999
Chandigarh,2026-10-06 18:00:00,2,27.5632442,0.05352740000000002,7.416512
Chandigarh,2026-10-06 19:00:00,2,25.4446548,0.05352740000000002,10.785531299999999
Chandigarh,2026-10-06 20:00:00,2,23.9197192,0.05352740000000002,12.431766900000001
Chandigarh,2026-10-06 21:00:00,2,23.4795323,0.0,11.5101678
Chandigarh,2026-10-06 22:00:00,2,23.687391499999997,0.0,9.001448600000002
Chandigarh,2026-10-06 23:00:00,2,23.925941899999998,0.0,7.4082445
Chandigarh,2026-10-07 00:00:00,3,23.7758904,0.0,7.53028913028913
Chandigarh,2026-10-07 01:00:00,3,23.5015188,0.0,8.055795055795056
Chandigarh,2026-10-07 02:00:00,3,23.2119878,0.0,8.01923291923292
Chandigarh,2026-10-07 03:00:00,3,22.964333099999998,0.716324,6.300082400082401
Chandigarh,2026-10-07 04:00:00,3,22.675834899999998,0.716324,5.270576370576371
Chandigarh,2026-10-07 05:00:00,3,22.421660799999998,0.716324,6.342455642455642
Chandigarh,2026-10-07 06:00:00,3,22.2151414,0.127915,5.9384025384025385
Chandigarh,2026-10-07 07:00:00,3,22.568718399999998,0.3199702,8.562403062403062
Chandigarh,2026-10-07 08:00:00,3,23.635265,1.6963658000000001,9.751154351154351
Chandigarh,2026-10-07 09:00:00,3,25.165639600000002,0.0,11.356965956965956
Chandigarh,2026-10-07 10:00:00,3,27.007932399999998,0.0,10.802125002125
Chandigarh,2026-10-07 11:00:00,3,28.4824287,0.0,10.497207597207598
Chandigarh,2026-10-07 12:00:00,3,29.464588300000003,0.0,10.009668209668211
Chandigarh,2026-10-07 13:00:00,3,30.0401173,0.0200148,8.051778951778951
Chandigarh,2026-10-07 14:00:00,3,30.580164700000005,0.0,4.394524794524795
Chandigarh,2026-10-07 15:00:00,3,29.953299700000002,0.19205519999999998,4.665305065305065
Chandigarh,2026-10-07 16:00:00,3,29.8863232,0.0,5.056723556723557
Chandigarh,2026-10-07 17:00:00,3,28.725976799999998,0.0,4.547982947982948
Chandigarh,2026-10-07 18:00:00,3,27.3186052,0.0400296,4.307065107065107
Chandigarh,2026-10-07 19:00:00,3,26.2347416,0.0,4.5569734569734575
Chandigarh,2026-10-07 20:00:00,3,25.356712199999997,0.0,5.098821398821399
Chandigarh,2026-10-07 21:00:00,3,24.677650200000002,0.0,6.105881605881606
Chandigarh,2026-10-07 22:00:00,3,24.3935505,0.0,6.056438256438256
Chandigarh,2026-10-07 23:00:00,3,23.830499900000003,0.0,5.992702292702293
Chennai,2026-10-05 00:00:00,1,28.558349358349357,0.1027949027949028,7.427884199999999
Chennai,2026-10-05 01:00:00,1,28.3006071006071,0.0,6.6468076
Chennai,2026-10-05 02:00:00,1,28.070428870428866,0.0256987256987257,5.6985643999999995
Chennai,2026-10-05 03:00:00,1,27.758675658675656,0.0,5.1735752
Chennai,2026-10-05 04:00:00,1,27.44104584104584,0.0,5.749153700000001
Chennai,2026-10-05 05:00:00,1,27.15820675820676,0.0,6.2490223
Chennai,2026-10-05 06:00:00,1,27.384597084597083,0.0,6.518406199999999
Chennai,2026-10-05 07:00:00,1,28.470050370050366,0.0,7.224917399999999
Chennai,2026-10-05 08:00:00,1,30.094787094787094,0.0,8.0243841
Chennai,2026-10-05 09:00:00,1,31.693905893905892,0.04522324522324522,6.322279
Chennai,2026-10-05 10:00:00,1,33.09307689307689,0.04522324522324522,5.049362
Chennai,2026-10-05 11:00:00,1,34.0977121977122,0.04522324522324522,5.7838935
Chennai,2026-10-05 12:00:00,1,34.18980348980349,0.22611622611622612,8.8509864
Chennai,2026-10-05 13:00:00,1,33.32697982697982,0.22611622611622612,12.1024574
Chennai,2026-10-05 14:00:00,1,32.439850139850144,0.22611622611622612,12.6793744
Chennai,2026-10-05 15:00:00,1,31.98299348299348,0.02261162261162261,12.7650677
Chennai,2026-10-05 16:00:00,1,31.352849052849045,0.02261162261162261,12.6199634
Chennai,2026-10-05 17:00:00,1,30.487530987530988,0.04831034831034831,12.0301076
Chennai,2026-10-05 18:00:00,1,29.705104205104206,0.0,11.0995183
Chennai,2026-10-05 19:00:00,1,29.329405829405825,0.0,9.0567441
Chennai,2026-10-05 20:00:00,1,29.02232172232172,0.0,7.8670181999999995
Chennai,2026-10-05 21:00:00,1,28.698488998488997,0.0513974513974514,7.1117577999999995
Chennai,2026-10-05 22:00:00,1,28.411506311506308,0.0,7.9444053
Chennai,2026-10-05 23:00:00,1,28.056287856287856,0.0,8.000851
Chennai,2026-10-06 00:00:00,2,27.6221648,0.0,7.265231
Chennai,2026-10-06 01:00:00,2,27.1364322,0.0,6.7788053
Chennai,2026-10-06 02:00:00,2,26.710800400000004,0.0,6.350112599999999
Chennai,2026-10-06 03:00:00,2,26.4721424,0.0,6.1779493
Chennai,2026-10-06 04:00:00,2,26.299015400000002,0.0,5.769681
Chennai,2026-10-06 05:00:00,2,26.292344000000003,0.0,5.4038319999999995
Chennai,2026-10-06 06:00:00,2,26.6521282,0.0,5.286638
Chennai,2026-10-06 07:00:00,2,27.9532438,0.0,5.4508562000000005
Chennai,2026-10-06 08:00:00,2,29.722093,0.0,5.269462600000001
Chennai,2026-10-06 09:00:00,2,31.302154200000004,0.0,4.633005600000001
Chennai,2026-10-06 10:00:00,2,32.787454600000004,0.0,5.7995259
Chennai,2026-10-06 11:00:00,2,33.7221864,0.0,8.688329
Chennai,2026-10-06 12:00:00,2,33.8736796,0.0,12.641500399999998
Chennai,2026-10-06 13:00:00,2,33.5527946,0.0,14.9162143
Chennai,2026-10-06 14:00:00,2,33.00222600000001,0.0,15.2607776
Chennai,2026-10-06 15:00:00,2,32.396429,0.0,15.139867500000001
Chennai,2026-10-06 16:00:00,2,31.394367200000005,0.0,14.235114900000003
Chennai,2026-10-06 17:00:00,2,30.269430399999997,0.0,12.9587244
Chennai,2026-10-06 18:00:00,2,29.509466800000002,0.0,11.2788365
Chennai,2026-10-06 19:00:00,2,29.204594399999998,0.0,9.7888407
Chennai,2026-10-06 20:00:00,2,28.982960600000002,0.0,9.3865309
Chennai,2026-10-06 21:00:00,2,28.761326800000003,0.0,8.6844449
Chennai,2026-10-06 22:00:00,2,28.5182502,0.0,7.7640124
Chennai,2026-10-06 23:00:00,2,28.2832234,0.0,6.6240031
Chennai,2026-10-07 00:00:00,3,28.040699959300035,0.0,5.318181218181218
Chennai,2026-10-07 01:00:00,3,27.769647330352665,0.0,4.403427603427604
Chennai,2026-10-07 02:00:00,3,27.569988830011166,0.0,3.599736599736599
Chennai,2026-10-07 03:00:00,3,27.3070647929352,0.0,2.97027647027647
Chennai,2026-10-07 04:00:00,3,27.100801999197998,0.0,3.0787793787793785
Chennai,2026-10-07 05:00:00,3,26.96304303695696,0.0,2.85023525023525
Chennai,2026-10-07 06:00:00,3,27.28304631695368,0.0,2.7666030666030665
Chennai,2026-10-07 07:00:00,3,28.266283033716963,0.0,2.8550372550372547
Chennai,2026-10-07 08:00:00,3,29.569382330617664,0.05126265126265126,3.2524609524609525
Chennai,2026-10-07 09:00:00,3,30.881116318883677,0.02563132563132563,4.286787486787486
Chennai,2026-10-07 10:00:00,3,32.13461406538593,0.0,7.741907241907242
Chennai,2026-10-07 11:00:00,3,32.84621555378445,0.02563132563132563,10.838726638726637
Chennai,2026-10-07 12:00:00,3,33.03805486194514,0.02563132563132563,13.295782695782695
Chennai,2026-10-07 13:00:00,3,32.829375770624225,0.0,14.244537044537044
Chennai,2026-10-07 14:00:00,3,32.50076989923009,0.0,14.399913499913499
Chennai,2026-10-07 15:00:00,3,31.931956668043327,0.0,14.226821626821627
Chennai,2026-10-07 16:00:00,3,31.111169988830007,0.0,13.476963976963976
Chennai,2026-10-07 17:00:00,3,30.124910475089518,0.0,12.380350980350979
Chennai,2026-10-07 18:00:00,3,29.396545703454294,0.0,10.614459014459014
Chennai,2026-10-07 19:00:00,3,29.05185954814045,0.0,9.308902808902808
Chennai,2026-10-07 20:00:00,3,28.829516470483526,0.0,8.625442325442325
Chennai,2026-10-07 21:00:00,3,28.575777624222372,0.0,7.928062228062228
Chennai,2026-10-07 22:00:00,3,28.35601544398455,0.0,6.857300357300358
Chennai,2026-10-07 23:00:00,3,28.152884047115947,0.0,5.765730165730166
Coimbatore,2026-10-05 00:00:00,1,24.8322225,0.024209300000000003,7.244964799999999
Coimbatore,2026-10-05 01:00:00,1,24.6505679,0.0,6.1919313
Coimbatore,2026-10-05 02:00:00,1,24.2814529,0.09683720000000001,5.3942716
Coimbatore,2026-10-05 03:00:00,1,23.744855,0.242093,5.034878299999999
Coimbatore,2026-10-05 04:00:00,1,23.361737400000003,0.19367440000000002,4.675945100000001
Coimbatore,2026-10-05 05:00:00,1,23.3101019,0.09683720000000001,3.8618238000000003
Coimbatore,2026-10-05 06:00:00,1,23.476714700000002,0.2905116,3.4563924000000004
Coimbatore,2026-10-05 07:00:00,1,24.581004,0.09683720000000001,3.7795322000000002
Coimbatore,2026-10-05 08:00:00,1,26.2962543,0.0,4.0117016
Coimbatore,2026-10-05 09:00:00,1,28.101668400000005,0.0,4.349358
Coimbatore,2026-10-05 10:00:00,1,29.855831400000003,0.0,5.212897999999999
Coimbatore,2026-10-05 11:00:00,1,31.061759600000002,0.024287000000000003,5.9334441
Coimbatore,2026-10-05 12:00:00,1,31.5340668,0.10867320000000001,7.799918
Coimbatore,2026-10-05 13:00:00,1,31.507193700000002,0.1570918,10.727014399999998
Coimbatore,2026-10-05 14:00:00,1,30.777811600000003,0.32694540000000005,12.8434493
Coimbatore,2026-10-05 15:00:00,1,29.920685800000005,0.5987838,13.3234624
Coimbatore,2026-10-05 16:00:00,1,28.8917385,0.5502874999999999,11.723754399999999
Coimbatore,2026-10-05 17:00:00,1,27.8959122,0.4046432,9.999179
Coimbatore,2026-10-05 18:00:00,1,26.468032,0.45943940000000005,7.796800899999999
Coimbatore,2026-10-05 19:00:00,1,25.5474968,0.4110208000000001,7.3075387
Coimbatore,2026-10-05 20:00:00,1,25.0330195,0.6289045,6.8694668000000005
Coimbatore,2026-10-05 21:00:00,1,24.698136700000003,0.3903078,6.0717979
Coimbatore,2026-10-05 22:00:00,1,24.4480036,0.3418892,4.6321924
Coimbatore,2026-10-05 23:00:00,1,24.3392392,0.1724241,5.5739474
Coimbatore,2026-10-06 00:00:00,2,24.174888299999996,0.025078000000000003,4.563536236463762
Coimbatore,2026-10-06 01:00:00,2,23.9789517,0.025078000000000003,3.8312940687059314
Coimbatore,2026-10-06 02:00:00,2,23.7667617,0.150468,3.63008826991173
Coimbatore,2026-10-06 03:00:00,2,23.556168,0.225702,3.5099827900172094
Coimbatore,2026-10-06 04:00:00,2,23.326405599999998,0.025078000000000003,3.335603264396735
Coimbatore,2026-10-06 05:00:00,2,23.1466433,0.0,3.648711451288549
Coimbatore,2026-10-06 06:00:00,2,23.349492799999997,0.0,4.025261974738025
Coimbatore,2026-10-06 07:00:00,2,24.5615837,0.0,4.211460788539211
Coimbatore,2026-10-06 08:00:00,2,25.966860999999998,0.1006511,5.2152982847017135
Coimbatore,2026-10-06 09:00:00,2,27.544842999999997,0.025417099999999998,7.062099037900961
Coimbatore,2026-10-06 10:00:00,2,29.318721600000003,0.0,9.08177321822678
Coimbatore,2026-10-06 11:00:00,2,30.839486599999997,0.0,9.74137615862384
Coimbatore,2026-10-06 12:00:00,2,32.0519008,0.0,10.355975444024555
Coimbatore,2026-10-06 13:00:00,2,32.9028506,0.025417099999999998,10.758777041222958
Coimbatore,2026-10-06 14:00:00,2,32.7767692,0.4307343,10.38254311745688
Coimbatore,2026-10-06 15:00:00,2,31.8044534,1.3377664,9.058934541065458
Coimbatore,2026-10-06 16:00:00,2,30.304921200000003,1.110708,6.587265412734586
Coimbatore,2026-10-06 17:00:00,2,28.777869699999997,1.1601858,4.3898456101543895
Coimbatore,2026-10-06 18:00:00,2,27.2411357,1.1764785,3.273915126084874
Coimbatore,2026-10-06 19:00:00,2,26.1402853,0.9477246000000001,4.579590620409379
Coimbatore,2026-10-06 20:00:00,2,24.8291245,3.8048109000000006,7.834234265765733
Coimbatore,2026-10-06 21:00:00,2,24.070509599999998,2.9816776,6.87134122865877
Coimbatore,2026-10-06 22:00:00,2,23.8600741,0.4238742,7.907895092104907
Coimbatore,2026-10-06 23:00:00,2,23.7040052,0.549722,6.252043747956251
Coimbatore,2026-10-07 00:00:00,3,23.651077451077455,0.5907294907294909,5.603553396446604
Coimbatore,2026-10-07 01:00:00,3,23.530674130674136,0.392002992002992,6.372859427140574
Coimbatore,2026-10-07 02:00:00,3,23.322567822567827,0.12233062233062234,7.694674605325395
Coimbatore,2026-10-07 03:00:00,3,23.138665438665445,0.0,7.624784975215025
Coimbatore,2026-10-07 04:00:00,3,23.14353654353655,0.0,7.27911602088398
Coimbatore,2026-10-07 05:00:00,3,23.205734905734907,0.0,7.359513040486959
Coimbatore,2026-10-07 06:00:00,3,23.49145229145229,0.024425024425024425,6.915795084204916
Coimbatore,2026-10-07 07:00:00,3,24.264320964320966,0.0,7.957646642353358
Coimbatore,2026-10-07 08:00:00,3,25.525338325338325,0.0,9.019378680621319
Coimbatore,2026-10-07 09:00:00,3,26.925779525779525,0.02637022637022637,10.227113672886327
Coimbatore,2026-10-07 10:00:00,3,28.019051519051523,0.02637022637022637,11.0984232015768
Coimbatore,2026-10-07 11:00:00,3,29.02810412810413,0.02637022637022637,10.873671126328874
Coimbatore,2026-10-07 12:00:00,3,29.739086739086744,0.050795250795250796,10.48852451147549
Coimbatore,2026-10-07 13:00:00,3,30.43659133659134,0.02637022637022637,9.81026328973671
Coimbatore,2026-10-07 14:00:00,3,31.18026148026148,0.02637022637022637,9.05915244084756
Coimbatore,2026-10-07 15:00:00,3,31.256673856673856,0.02637022637022637,8.302658497341502
Coimbatore,2026-10-07 16:00:00,3,30.718293818293823,0.02637022637022637,8.693232706767294
Coimbatore,2026-10-07 17:00:00,3,29.85796135796136,0.02637022637022637,9.216027683972316
Coimbatore,2026-10-07 18:00:00,3,28.52988352988353,0.10548090548090548,7.636242863757136
Coimbatore,2026-10-07 19:00:00,3,27.482082782082784,0.10548090548090548,6.0546660453339545
Coimbatore,2026-10-07 20:00:00,3,26.635348035348038,0.12990592990592992,5.347931352068648
Coimbatore,2026-10-07 21:00:00,3,25.898098098098096,0.31453861453861454,5.015949084050916
Coimbatore,2026-10-07 22:00:00,3,25.12766472766473,0.3634708634708635,5.532751167248834
Coimbatore,2026-10-07 23:00:00,3,24.736395836395843,0.3392772392772393,6.705156294843705
Dehradun,2026-10-05 00:00:00,1,22.2091553,0.0,4.0885789
Dehradun,2026-10-05 01:00:00,1,21.982077899999997,0.0,4.0844766
Dehradun,2026-10-05 02:00:00,1,21.7550005,0.0,3.8673270000000004
Dehradun,2026-10-05 03:00:00,1,21.307554500000002,0.05854535854535854,3.8719733
Dehradun,2026-10-05 04:00:00,1,20.9122698,0.13660583660583658,4.2022048000000005
Dehradun,2026-10-05 05:00:00,1,20.8740489,0.019515119515119514,4.181608000000001
Dehradun,2026-10-05 06:00:00,1,21.1599668,0.0,4.2362587000000005
Dehradun,2026-10-05 07:00:00,1,22.369789400000002,0.0,3.7997879
Dehradun,2026-10-05 08:00:00,1,24.2399627,0.0,3.7522437
Dehradun,2026-10-05 09:00:00,1,25.6323102,0.0,4.6229992
Dehradun,2026-10-05 10:00:00,1,26.2960708,0.0,4.8859814
Dehradun,2026-10-05 11:00:00,1,26.9049201,0.0,5.4688997
Dehradun,2026-10-05 12:00:00,1,27.646084899999998,0.0310964310964311,6.1100458
Dehradun,2026-10-05 13:00:00,1,28.1515687,0.0310964310964311,6.571142200000001
Dehradun,2026-10-05 14:00:00,1,28.343516800000003,0.050611550611550614,6.0927822
Dehradun,2026-10-05 15:00:00,1,27.924287200000002,0.0,5.8620673
Dehradun,2026-10-05 16:00:00,1,27.1909413,0.0,4.7786643
Dehradun,2026-10-05 17:00:00,1,25.9984017,0.0,2.5549349
Dehradun,2026-10-05 18:00:00,1,24.984109500000002,0.0,2.5275792000000004
Dehradun,2026-10-05 19:00:00,1,24.178431099999997,0.0,4.5231679
Dehradun,2026-10-05 20:00:00,1,23.5797964,0.0,4.492650599999999
Dehradun,2026-10-05 21:00:00,1,23.104111099999997,0.0310964310964311,4.530883600000001
Dehradun,2026-10-05 22:00:00,1,22.8982286,0.0310964310964311,5.396607600000001
Dehradun,2026-10-05 23:00:00,1,22.6505718,0.0310964310964311,5.6132205
Dehradun,2026-10-06 00:00:00,2,22.4055265,0.08423879999999999,5.176624400000001
Dehradun,2026-10-06 01:00:00,2,22.1748254,0.08423879999999999,4.1678457
Dehradun,2026-10-06 02:00:00,2,21.9735072,0.08423879999999999,3.9983248000000007
Dehradun,2026-10-06 03:00:00,2,21.842199400000002,0.0,3.7705105000000003
Dehradun,2026-10-06 04:00:00,2,21.7482864,0.0,3.4011397
Dehradun,2026-10-06 05:00:00,2,21.835534000000003,0.0,3.1416506999999996
Dehradun,2026-10-06 06:00:00,2,22.0946225,0.0280796,3.2284822999999996
Dehradun,2026-10-06 07:00:00,2,22.559864,0.1189131,3.5105957
Dehradun,2026-10-06 08:00:00,2,23.0276192,0.5268074,3.9322608999999997
Dehradun,2026-10-06 09:00:00,2,23.8526994,0.6374936,3.822208
Dehradun,2026-10-06 10:00:00,2,24.7274607,0.21965949999999998,4.912193
Dehradun,2026-10-06 11:00:00,2,25.402516400000003,0.2378262,6.503867699999999
Dehradun,2026-10-06 12:00:00,2,25.5103,0.45748569999999994,6.6752667
Dehradun,2026-10-06 13:00:00,2,25.8519796,0.3748791,6.2777354999999995
Dehradun,2026-10-06 14:00:00,2,25.7306369,0.493733,5.2949751
Dehradun,2026-10-06 15:00:00,2,25.060066000000003,0.6670601,4.4697338
Dehradun,2026-10-06 16:00:00,2,23.8498036,1.3469997999999999,5.1579359
Dehradun,2026-10-06 17:00:00,2,22.9861472,0.3488988,5.5494115
Dehradun,2026-10-06 18:00:00,2,22.0399659,1.1528817999999998,5.3180591
Dehradun,2026-10-06 19:00:00,2,21.7507934,0.7243136,5.2789980000000005
Dehradun,2026-10-06 20:00:00,2,21.398075900000002,0.5054328,5.115146200000001
Dehradun,2026-10-06 21:00:00,2,20.991676599999998,0.0,4.8872991
Dehradun,2026-10-06 22:00:00,2,20.6636119,0.0,4.9805793
Dehradun,2026-10-06 23:00:00,2,20.4815606,0.0547202,4.9142991
Dehradun,2026-10-07 00:00:00,3,20.3665649,0.1731233,4.7806195
Dehradun,2026-10-07 01:00:00,3,20.2990481,0.27205090000000004,4.702937
Dehradun,2026-10-07 02:00:00,3,20.2580254,0.32151470000000004,5.1517342
Dehradun,2026-10-07 03:00:00,3,20.038538,0.2447914,4.8220730000000005
Dehradun,2026-10-07 04:00:00,3,19.813667600000002,0.1953276,3.811591
Dehradun,2026-10-07 05:00:00,3,19.666458000000002,0.2695233,4.2239049
Dehradun,2026-10-07 06:00:00,3,19.6687947,0.1687,3.9154608000000004
Dehradun,2026-10-07 07:00:00,3,20.8077601,0.1687,3.208019
Dehradun,2026-10-07 08:00:00,3,22.450905499999998,0.1687,2.2110141
Dehradun,2026-10-07 09:00:00,3,23.784010699999996,0.1236595,3.3878654
Dehradun,2026-10-07 10:00:00,3,24.7935932,0.0247319,4.581673200000001
Dehradun,2026-10-07 11:00:00,3,25.693910600000002,0.0,4.578876000000001
Dehradun,2026-10-07 12:00:00,3,26.5984612,0.0241,5.5809842000000005
Dehradun,2026-10-07 13:00:00,3,26.891652299999997,0.0241,6.4640627
Dehradun,2026-10-07 14:00:00,3,26.4872962,0.29615090000000005,4.629082400000001
Dehradun,2026-10-07 15:00:00,3,25.927498999999997,0.4080131,4.7401134
Dehradun,2026-10-07 16:00:00,3,25.1692027,0.8148889,3.9794767999999996
Dehradun,2026-10-07 17:00:00,3,23.932153,0.1718595,2.4955278
Dehradun,2026-10-07 18:00:00,3,22.655808,0.27205090000000004,4.1362527
Dehradun,2026-10-07 19:00:00,3,22.0205799,0.0,5.0946598000000005
Dehradun,2026-10-07 20:00:00,3,21.6561127,0.0,4.4205116
Dehradun,2026-10-07 21:00:00,3,21.351850899999995,0.0,4.1973213000000005
Dehradun,2026-10-07 22:00:00,3,21.1329696,0.0,4.1524477
Dehradun,2026-10-07 23:00:00,3,20.9902322,0.1236595,4.2574399000000005
Delhi,2026-10-05 00:00:00,1,27.0539226,0.0,3.4156554000000003
Delhi,2026-10-05 01:00:00,1,26.4653804,0.0,3.501355
Delhi,2026-10-05 02:00:00,1,26.0094061,0.0,3.3656796
Delhi,2026-10-05 03:00:00,1,25.4500373,0.0,3.3566233
Delhi,2026-10-05 04:00:00,1,25.1171449,0.0,3.1163611
Delhi,2026-10-05 05:00:00,1,24.904422599999997,0.0,3.3562630999999996
Delhi,2026-10-05 06:00:00,1,24.9250835,0.0,5.0448094
Delhi,2026-10-05 07:00:00,1,25.878052499999995,0.0,7.0095879
Delhi,2026-10-05 08:00:00,1,27.8920942,0.0,9.7555929
Delhi,2026-10-05 09:00:00,1,29.6228468,0.0,10.8518388
Delhi,2026-10-05 10:00:00,1,31.4185106,0.0,11.033012799999998
Delhi,2026-10-05 11:00:00,1,33.089179,0.0,10.7791908
Delhi,2026-10-05 12:00:00,1,34.369882499999996,0.0,9.9485858
Delhi,2026-10-05 13:00:00,1,35.222520599999996,0.0,8.826982099999999
Delhi,2026-10-05 14:00:00,1,35.7127101,0.0,8.596471900000001
Delhi,2026-10-05 15:00:00,1,35.6748342,0.0,9.122884899999999
Delhi,2026-10-05 16:00:00,1,35.250005099999996,0.0,9.024884199999999
Delhi,2026-10-05 17:00:00,1,34.2496125,0.0,7.2695469
Delhi,2026-10-05 18:00:00,1,32.600145999999995,0.0,5.5420793
Delhi,2026-10-05 19:00:00,1,30.9986586,0.0,5.1094233
Delhi,2026-10-05 20:00:00,1,29.8747048,0.0,5.1354508
Delhi,2026-10-05 21:00:00,1,28.919447599999998,0.0,5.7990405
Delhi,2026-10-05 22:00:00,1,28.056842500000002,0.0,6.266284499999999
Delhi,2026-10-05 23:00:00,1,27.358265199999998,0.0,6.0895065
Delhi,2026-10-06 00:00:00,2,26.91249851249851,0.0,5.4781294
Delhi,2026-10-06 01:00:00,2,26.5039244039244,0.0,4.8313524
Delhi,2026-10-06 02:00:00,2,25.995889095889098,0.0,5.302160300000001
Delhi,2026-10-06 03:00:00,2,25.467119467119467,0.0,5.1122345
Delhi,2026-10-06 04:00:00,2,25.1046573046573,0.0,5.1415653
Delhi,2026-10-06 05:00:00,2,24.85869645869646,0.0,5.3108335
Delhi,2026-10-06 06:00:00,2,24.812584512584515,0.0,4.8038094
Delhi,2026-10-06 07:00:00,2,25.51417961417961,0.0,4.618811900000001
Delhi,2026-10-06 08:00:00,2,27.22130152130152,0.0,4.9695236000000005
Delhi,2026-10-06 09:00:00,2,29.409507709507707,0.0,5.2084893
Delhi,2026-10-06 10:00:00,2,31.36947606947607,0.0,6.2978743
Delhi,2026-10-06 11:00:00,2,32.917779617779615,0.0,6.232462600000001
Delhi,2026-10-06 12:00:00,2,33.993199993199994,0.0,6.1556807
Delhi,2026-10-06 13:00:00,2,34.797519397519395,0.0,6.3593291
Delhi,2026-10-06 14:00:00,2,35.155877955877955,0.024726,6.1420321
Delhi,2026-10-06 15:00:00,2,34.969519069519066,0.074178,7.591182400000001
Delhi,2026-10-06 16:00:00,2,34.16042746042746,0.0,8.5310948
Delhi,2026-10-06 17:00:00,2,32.76117506117506,0.0,9.1713681
Delhi,2026-10-06 18:00:00,2,30.784655384655384,0.0,9.364813300000002
Delhi,2026-10-06 19:00:00,2,28.962412362412365,0.0,9.3625932
Delhi,2026-10-06 20:00:00,2,27.53883953883954,0.0,9.3223185
Delhi,2026-10-06 21:00:00,2,26.56782496782497,0.0,9.3291039
Delhi,2026-10-06 22:00:00,2,25.81202491202491,0.0,9.229013299999998
Delhi,2026-10-06 23:00:00,2,25.22246762246762,0.0,9.3224104
Delhi,2026-10-07 00:00:00,3,24.762085637914364,0.0,9.045586400000001
Delhi,2026-10-07 01:00:00,3,24.41590268409732,0.0,8.788764200000001
Delhi,2026-10-07 02:00:00,3,24.111269388730616,0.0,8.0863905
Delhi,2026-10-07 03:00:00,3,23.888563411436593,0.0,7.238842400000001
Delhi,2026-10-07 04:00:00,3,23.73604626395374,0.0,6.622612700000001
Delhi,2026-10-07 05:00:00,3,23.742412757587246,0.0,5.7909776000000015
Delhi,2026-10-07 06:00:00,3,23.854279145720856,0.0,5.328924300000001
Delhi,2026-10-07 07:00:00,3,24.568803531196473,0.0,6.005659000000001
Delhi,2026-10-07 08:00:00,3,26.062413337586666,0.0,6.9682093
Delhi,2026-10-07 09:00:00,3,27.932546167453832,0.0,7.5011159
Delhi,2026-10-07 10:00:00,3,29.87543532456468,0.0,8.0885271
Delhi,2026-10-07 11:00:00,3,31.397128202871798,0.0,8.109992100000001
Delhi,2026-10-07 12:00:00,3,32.53834016165984,0.0,7.381233300000002
Delhi,2026-10-07 13:00:00,3,33.20852899147101,0.0,6.500379300000001
Delhi,2026-10-07 14:00:00,3,33.71520088479912,0.0,5.743234600000001
Delhi,2026-10-07 15:00:00,3,33.712848287151715,0.047617400000000004,5.621763800000001
Delhi,2026-10-07 16:00:00,3,33.62381577618422,0.0,5.669361000000001
Delhi,2026-10-07 17:00:00,3,33.005743094256914,0.0,6.519570400000001
Delhi,2026-10-07 18:00:00,3,31.652328347671656,0.0,6.378526300000001
Delhi,2026-10-07 19:00:00,3,30.25977124022876,0.0,7.3262997
Delhi,2026-10-07 20:00:00,3,29.098535001465002,0.0,7.431509900000002
Delhi,2026-10-07 21:00:00,3,28.078752821247182,0.0,7.106378899999999
Delhi,2026-10-07 22:00:00,3,27.120544579455427,0.0,6.4287365
Delhi,2026-10-07 23:00:00,3,26.368670531329474,0.0,6.0125831000000005
Ghaziabad,2026-10-05 00:00:00,1,25.782641599999998,0.0,3.0005438005438005
Ghaziabad,2026-10-05 01:00:00,1,25.2605976,0.0,3.0477562477562476
Ghaziabad,2026-10-05 02:00:00,1,24.827806199999998,0.0,3.00959730959731
Ghaziabad,2026-10-05 03:00:00,1,24.347336999999996,0.0,3.1888745888745893
Ghaziabad,2026-10-05 04:00:00,1,23.922759000000003,0.0,3.0829598829598837
Ghaziabad,2026-10-05 05:00:00,1,23.960006200000002,0.0,3.0282928282928285
Ghaziabad,2026-10-05 06:00:00,1,24.1892092,0.0,4.586963086963087
Ghaziabad,2026-10-05 07:00:00,1,25.3716832,0.0,6.01014211014211
Ghaziabad,2026-10-05 08:00:00,1,27.6926486,0.0,7.171269471269471
Ghaziabad,2026-10-05 09:00:00,1,29.4555704,0.0,8.895203295203297
Ghaziabad,2026-10-05 10:00:00,1,30.910089,0.0,9.690987990987992
Ghaziabad,2026-10-05 11:00:00,1,32.330443599999995,0.0,9.775217175217175
Ghaziabad,2026-10-05 12:00:00,1,33.4161906,0.0,8.841577641577642
Ghaziabad,2026-10-05 13:00:00,1,34.1587156,0.0,7.834931034931035
Ghaziabad,2026-10-05 14:00:00,1,34.4981152,0.0,7.473388873388875
Ghaziabad,2026-10-05 15:00:00,1,34.349698200000006,0.0,8.276183476183476
Ghaziabad,2026-10-05 16:00:00,1,33.682194,0.0,8.571397071397072
Ghaziabad,2026-10-05 17:00:00,1,32.4491706,0.0,7.001625801625802
Ghaziabad,2026-10-05 18:00:00,1,30.9118614,0.0,5.660029660029661
Ghaziabad,2026-10-05 19:00:00,1,29.2836524,0.0,6.334866234866235
Ghaziabad,2026-10-05 20:00:00,1,28.043767,0.0,6.841829041829042
Ghaziabad,2026-10-05 21:00:00,1,27.034814599999997,0.0,7.048434248434249
Ghaziabad,2026-10-05 22:00:00,1,26.4593292,0.0,6.891021991021992
Ghaziabad,2026-10-05 23:00:00,1,25.949785399999996,0.0,6.47980477980478
Ghaziabad,2026-10-06 00:00:00,2,25.549537700000002,0.0,6.2152023000000005
Ghaziabad,2026-10-06 01:00:00,2,25.078441100000003,0.0,6.1322223000000005
Ghaziabad,2026-10-06 02:00:00,2,24.665540600000007,0.0,6.5372035
Ghaziabad,2026-10-06 03:00:00,2,24.396430500000005,0.0,6.813305900000001
Ghaziabad,2026-10-06 04:00:00,2,24.188222000000003,0.0,6.5651226000000005
Ghaziabad,2026-10-06 05:00:00,2,24.022323500000002,0.0,7.002772800000001
Ghaziabad,2026-10-06 06:00:00,2,24.097948800000005,0.0,7.0591385
Ghaziabad,2026-10-06 07:00:00,2,24.792487800000004,0.0,6.501329300000001
Ghaziabad,2026-10-06 08:00:00,2,26.4854165,0.0,5.7617659
Ghaziabad,2026-10-06 09:00:00,2,28.552745400000003,0.0,5.737606
Ghaziabad,2026-10-06 10:00:00,2,30.370471900000005,0.0,5.3349113
Ghaziabad,2026-10-06 11:00:00,2,31.86047810000001,0.0,5.3714136
Ghaziabad,2026-10-06 12:00:00,2,32.815182500000006,0.0,6.8579309
Ghaziabad,2026-10-06 13:00:00,2,33.4338661,0.0,7.941029000000001
Ghaziabad,2026-10-06 14:00:00,2,33.602842200000005,0.08904308904308905,8.210343600000002
Ghaziabad,2026-10-06 15:00:00,2,32.9498811,0.02968102968102969,9.0007949
Ghaziabad,2026-10-06 16:00:00,2,31.79610900000001,0.02968102968102969,13.912574500000003
Ghaziabad,2026-10-06 17:00:00,2,30.141868700000003,0.0,15.53373
Ghaziabad,2026-10-06 18:00:00,2,28.406081500000003,0.0,13.6827712
Ghaziabad,2026-10-06 19:00:00,2,27.229184600000004,0.0,11.113698100000002
Ghaziabad,2026-10-06 20:00:00,2,26.3100869,0.0,10.032661100000002
Ghaziabad,2026-10-06 21:00:00,2,25.448399100000003,0.0,9.6302797
Ghaziabad,2026-10-06 22:00:00,2,24.793694700000003,0.0,9.538835200000001
Ghaziabad,2026-10-06 23:00:00,2,24.269094000000003,0.0,9.308493100000002
Ghaziabad,2026-10-07 00:00:00,3,23.9453331,0.0,9.195131804868197
Ghaziabad,2026-10-07 01:00:00,3,23.7217138,0.0,8.851050648949352
Ghaziabad,2026-10-07 02:00:00,3,23.4797263,0.0,8.260771039228961
Ghaziabad,2026-10-07 03:00:00,3,23.2236983,0.0,7.348693151306849
Ghaziabad,2026-10-07 04:00:00,3,23.054868400000004,0.0,6.147126552873448
Ghaziabad,2026-10-07 05:00:00,3,22.941264,0.0,5.423139876860124
Ghaziabad,2026-10-07 06:00:00,3,23.075770400000003,0.0,5.859210040789959
Ghaziabad,2026-10-07 07:00:00,3,23.8347552,0.0,7.6998812001188
Ghaziabad,2026-10-07 08:00:00,3,25.3509935,0.0,8.907899092100909
Ghaziabad,2026-10-07 09:00:00,3,27.2836232,0.0,7.64837055162945
Ghaziabad,2026-10-07 10:00:00,3,29.1558406,0.0,7.767680732319268
Ghaziabad,2026-10-07 11:00:00,3,30.6530536,0.0,9.197602102397898
Ghaziabad,2026-10-07 12:00:00,3,31.759422400000005,0.0,9.47012632987367
Ghaziabad,2026-10-07 13:00:00,3,32.393492699999996,0.0,8.924870075129926
Ghaziabad,2026-10-07 14:00:00,3,32.799861500000006,0.0,7.889923610076391
Ghaziabad,2026-10-07 15:00:00,3,32.8070328,0.0,7.769674730325271
Ghaziabad,2026-10-07 16:00:00,3,32.4581761,0.0,7.967111532888468
Ghaziabad,2026-10-07 17:00:00,3,31.644507400000002,0.0,8.725622674377327
Ghaziabad,2026-10-07 18:00:00,3,30.030903,0.0,9.550914449085552
Ghaziabad,2026-10-07 19:00:00,3,28.4626492,0.0,10.691941708058291
Ghaziabad,2026-10-07 20:00:00,3,27.072437700000002,0.0,10.025369274630727
Ghaziabad,2026-10-07 21:00:00,3,26.1072616,0.0,8.833737966262035
Ghaziabad,2026-10-07 22:00:00,3,25.4788219,0.0,7.24853345146655
Ghaziabad,2026-10-07 23:00:00,3,25.021132300000005,0.0,6.422281677718322
Goa,2026-10-05 00:00:00,1,26.1286767,0.0,3.93977953977954
Goa,2026-10-05 01:00:00,1,25.787055600000002,0.0,3.902241802241802
Goa,2026-10-05 02:00:00,1,25.6618686,0.0,3.884873784873785
Goa,2026-10-05 03:00:00,1,25.445213099999997,0.0267416,4.093734693734693
Goa,2026-10-05 04:00:00,1,25.2577378,0.0267416,5.219252119252118
Goa,2026-10-05 05:00:00,1,25.2032145,0.0267416,5.6211682211682215
Goa,2026-10-05 06:00:00,1,25.070945199999997,0.4170544,6.027191227191226
Goa,2026-10-05 07:00:00,1,25.8099769,0.4546869,5.711119311119311
Goa,2026-10-05 08:00:00,1,27.1644125,0.0,3.693001293001293
Goa,2026-10-05 09:00:00,1,28.6075827,0.2034098,4.322283322283322
Goa,2026-10-05 10:00:00,1,30.0258135,0.5649208,5.663133463133462
Goa,2026-10-05 11:00:00,1,31.072949299999998,0.3127908,5.654799054799055
Goa,2026-10-05 12:00:00,1,31.718825799999998,0.1310052,8.1994332994333
Goa,2026-10-05 13:00:00,1,31.9454651,0.0771676,10.82006712006712
Goa,2026-10-05 14:00:00,1,31.320960799999998,0.2579231,12.535889335889337
Goa,2026-10-05 15:00:00,1,30.412005699999998,0.5211408,12.02083772083772
Goa,2026-10-05 16:00:00,1,29.6043483,0.46218580000000004,9.465893465893465
Goa,2026-10-05 17:00:00,1,28.7871016,0.0788734,8.058136258136258
Goa,2026-10-05 18:00:00,1,27.630850799999997,0.0,5.73952063952064
Goa,2026-10-05 19:00:00,1,26.9544587,0.0,2.7174775174775174
Goa,2026-10-05 20:00:00,1,26.4764075,0.0,2.1814150814150812
Goa,2026-10-05 21:00:00,1,25.9933029,0.0,2.776872876872877
Goa,2026-10-05 22:00:00,1,25.6017506,0.0,3.0727489727489727
Goa,2026-10-05 23:00:00,1,25.284633799999998,0.0,3.552658552658553
Goa,2026-10-06 00:00:00,2,25.0885828,0.0,3.5882946999999996
Goa,2026-10-06 01:00:00,2,24.820171199999997,0.0,3.2965526
Goa,2026-10-06 02:00:00,2,24.5938476,0.0,3.1657444000000003
Goa,2026-10-06 03:00:00,2,24.3853792,0.0,2.8626909
Goa,2026-10-06 04:00:00,2,24.1580028,0.0,2.7793270999999997
Goa,2026-10-06 05:00:00,2,24.072788800000005,0.0,3.2587099999999998
Goa,2026-10-06 06:00:00,2,24.2918312,0.0,3.4579731000000002
Goa,2026-10-06 07:00:00,2,25.4949296,0.0,3.2593085
Goa,2026-10-06 08:00:00,2,27.5495188,0.0,1.9996212999999998
Goa,2026-10-06 09:00:00,2,29.430446000000003,0.0,1.7102179
Goa,2026-10-06 10:00:00,2,31.1546188,0.0,3.9641927
Goa,2026-10-06 11:00:00,2,32.420864800000004,0.0,5.708344
Goa,2026-10-06 12:00:00,2,32.996588,0.052025,7.8946492
Goa,2026-10-06 13:00:00,2,32.8566364,0.052025,10.2401215
Goa,2026-10-06 14:00:00,2,32.402936,0.1168052,10.530486
Goa,2026-10-06 15:00:00,2,31.4167132,1.1148898,11.0140076
Goa,2026-10-06 16:00:00,2,29.9253924,0.7350957,9.0541592
Goa,2026-10-06 17:00:00,2,28.990750400000003,0.21296509999999996,8.0333144
Goa,2026-10-06 18:00:00,2,27.731949999999998,0.269117,6.490367999999999
Goa,2026-10-06 19:00:00,2,26.970923600000003,0.0538234,5.2204502
Goa,2026-10-06 20:00:00,2,26.4762028,0.0269117,3.6862537
Goa,2026-10-06 21:00:00,2,26.112018000000003,0.1076468,3.0840869
Goa,2026-10-06 22:00:00,2,25.8751948,0.2422053,2.8609532
Goa,2026-10-06 23:00:00,2,25.620456400000002,0.0,4.0586812
Goa,2026-10-07 00:00:00,3,25.1397234,0.0,3.5284448
Goa,2026-10-07 01:00:00,3,24.8693043,0.0,2.8682228000000003
Goa,2026-10-07 02:00:00,3,24.5489902,0.22063120000000003,3.2917956
Goa,2026-10-07 03:00:00,3,24.4571779,0.0827367,3.5621776
Goa,2026-10-07 04:00:00,3,24.2737171,0.0,3.232947
Goa,2026-10-07 05:00:00,3,24.0897346,0.0,3.7165541999999996
Goa,2026-10-07 06:00:00,3,24.1915732,0.0,3.4408668
Goa,2026-10-07 07:00:00,3,25.3727477,0.0,3.1291014
Goa,2026-10-07 08:00:00,3,27.1605725,0.0,1.7741863999999998
Goa,2026-10-07 09:00:00,3,29.384481800000003,0.0,1.8620237999999998
Goa,2026-10-07 10:00:00,3,31.2683243,0.0,2.1168374
Goa,2026-10-07 11:00:00,3,32.7950694,0.0,3.6031791999999996
Goa,2026-10-07 12:00:00,3,33.6354598,0.0505854,5.3235992
Goa,2026-10-07 13:00:00,3,33.8202414,0.07556170000000001,7.171257800000001
Goa,2026-10-07 14:00:00,3,33.5174756,0.11986590000000001,8.5103242
Goa,2026-10-07 15:00:00,3,32.0585938,0.4484671,9.6412016
Goa,2026-10-07 16:00:00,3,31.0759466,0.0886084,9.3890038
Goa,2026-10-07 17:00:00,3,29.9584221,0.0,8.3410864
Goa,2026-10-07 18:00:00,3,28.348309999999998,0.027578900000000003,6.109582
Goa,2026-10-07 19:00:00,3,27.4507403,0.027578900000000003,3.0307787999999998
Goa,2026-10-07 20:00:00,3,26.828883500000003,0.0,1.8256332
Goa,2026-10-07 21:00:00,3,26.3992907,0.0,2.1821312
Goa,2026-10-07 22:00:00,3,26.1624955,0.0,2.8673426
Goa,2026-10-07 23:00:00,3,25.900416,0.0,4.2424764
Guwahati,2026-10-05 00:00:00,1,24.21077548922451,0.06163246163246164,5.2628245
Guwahati,2026-10-05 01:00:00,1,23.868015731984265,0.23415363415363413,6.4092788
Guwahati,2026-10-05 02:00:00,1,23.65189764810235,0.06163246163246164,6.672594299999999
Guwahati,2026-10-05 03:00:00,1,23.305269094730903,0.24034174034174033,6.136735399999999
Guwahati,2026-10-05 04:00:00,1,23.08278411721588,0.18283468283468285,5.301916499999999
Guwahati,2026-10-05 05:00:00,1,22.95408674591325,0.15408115408115408,4.726818999999999
Guwahati,2026-10-05 06:00:00,1,23.730515069484927,0.15408115408115408,4.5713392
Guwahati,2026-10-05 07:00:00,1,25.019522680477316,0.15408115408115408,5.7037517
Guwahati,2026-10-05 08:00:00,1,26.44275505724494,0.15408115408115408,6.4503874
Guwahati,2026-10-05 09:00:00,1,27.771669328330667,0.03081623081623082,7.567114999999999
Guwahati,2026-10-05 10:00:00,1,28.753579046420953,0.11634231634231636,8.086145799999999
Guwahati,2026-10-05 11:00:00,1,29.58554761445238,0.052197752197752204,8.6543457
Guwahati,2026-10-05 12:00:00,1,30.050967849032144,0.07357927357927359,8.2100856
Guwahati,2026-10-05 13:00:00,1,30.153909046090952,0.03081623081623082,7.736676599999999
Guwahati,2026-10-05 14:00:00,1,29.89304260695739,0.03081623081623082,5.9881533000000005
Guwahati,2026-10-05 15:00:00,1,29.323996176003817,0.16190256190256191,4.2026058
Guwahati,2026-10-05 16:00:00,1,28.140871659128337,0.3417957417957418,3.4630143999999996
Guwahati,2026-10-05 17:00:00,1,27.059116440883557,0.09038599038599039,3.0020469000000003
Guwahati,2026-10-05 18:00:00,1,26.22363477636522,0.5175635175635175,2.6151172999999996
Guwahati,2026-10-05 19:00:00,1,25.816494783505213,0.37379587379587376,4.229573299999999
Guwahati,2026-10-05 20:00:00,1,25.240993359006637,0.0,4.5917946999999995
Guwahati,2026-10-05 21:00:00,1,24.789635510364487,0.0,5.0990271
Guwahati,2026-10-05 22:00:00,1,24.5000716999283,0.0,4.9543373
Guwahati,2026-10-05 23:00:00,1,24.17298692701307,0.0,4.887383
Guwahati,2026-10-06 00:00:00,2,23.9843542,0.0,4.5819206999999995
Guwahati,2026-10-06 01:00:00,2,23.6857239,0.0,4.4711974
Guwahati,2026-10-06 02:00:00,2,23.3931944,0.0,4.1303209
Guwahati,2026-10-06 03:00:00,2,23.0416389,0.0,3.8934221
Guwahati,2026-10-06 04:00:00,2,22.841267300000002,0.0,3.5569762000000003
Guwahati,2026-10-06 05:00:00,2,22.8507946,0.128904,3.7427385999999996
Guwahati,2026-10-06 06:00:00,2,23.984553000000002,0.0257808,3.8748676
Guwahati,2026-10-06 07:00:00,2,26.1130099,0.0,5.270889899999999
Guwahati,2026-10-06 08:00:00,2,27.736558400000003,0.0,6.789261099999999
Guwahati,2026-10-06 09:00:00,2,29.162530800000003,0.027261900000000002,8.146681099999999
Guwahati,2026-10-06 10:00:00,2,30.3193556,0.027261900000000002,9.6076689
Guwahati,2026-10-06 11:00:00,2,31.142737500000003,0.027261900000000002,10.2178151
Guwahati,2026-10-06 12:00:00,2,31.592923300000002,0.0,10.4047174
Guwahati,2026-10-06 13:00:00,2,31.748898900000004,0.0,10.133287499999998
Guwahati,2026-10-06 14:00:00,2,31.498713099999996,0.0,8.722488700000001
Guwahati,2026-10-06 15:00:00,2,30.8950362,0.1046043,7.1260307
Guwahati,2026-10-06 16:00:00,2,29.6314235,0.0530427,4.2264392
Guwahati,2026-10-06 17:00:00,2,28.204081400000003,0.027261900000000002,3.1825967
Guwahati,2026-10-06 18:00:00,2,27.2698347,0.0,3.8366377999999997
Guwahati,2026-10-06 19:00:00,2,26.609155700000002,0.0,4.1629536
Guwahati,2026-10-06 20:00:00,2,26.077021900000002,0.0,4.1218965
Guwahati,2026-10-06 21:00:00,2,25.657062,0.0,3.8190426000000004
Guwahati,2026-10-06 22:00:00,2,25.2872879,0.0,3.6850246
Guwahati,2026-10-06 23:00:00,2,24.9350498,0.0,3.691864
Guwahati,2026-10-07 00:00:00,3,24.476508199999998,0.1672342,3.4701544999999996
Guwahati,2026-10-07 01:00:00,3,24.216061599999996,0.0,3.6215003
Guwahati,2026-10-07 02:00:00,3,23.937261799999998,0.0477812,3.2711696999999997
Guwahati,2026-10-07 03:00:00,3,23.5547037,0.0716718,3.1253139
Guwahati,2026-10-07 04:00:00,3,23.219216799999998,0.0238906,3.0470293999999996
Guwahati,2026-10-07 05:00:00,3,23.1159101,0.0,3.5447394
Guwahati,2026-10-07 06:00:00,3,24.258176799999998,0.0,3.2931695999999997
Guwahati,2026-10-07 07:00:00,3,26.306431999999997,0.0,2.785516
Guwahati,2026-10-07 08:00:00,3,27.9729095,0.0,4.2641613
Guwahati,2026-10-07 09:00:00,3,29.4675116,0.0,5.071958899999999
Guwahati,2026-10-07 10:00:00,3,30.732331699999996,0.0,6.082346899999999
Guwahati,2026-10-07 11:00:00,3,31.5207583,0.0,6.5649926
Guwahati,2026-10-07 12:00:00,3,31.898809200000002,0.028850700000000003,6.146267499999999
Guwahati,2026-10-07 13:00:00,3,31.8888932,0.028850700000000003,5.4852377
Guwahati,2026-10-07 14:00:00,3,31.601519699999997,0.028850700000000003,4.6113027
Guwahati,2026-10-07 15:00:00,3,30.4580646,0.6737055,4.566068899999999
Guwahati,2026-10-07 16:00:00,3,29.2702314,0.1442535,3.1719605
Guwahati,2026-10-07 17:00:00,3,27.982542799999997,0.1442535,2.7392046
Guwahati,2026-10-07 18:00:00,3,27.3010406,0.0,3.8883743999999996
Guwahati,2026-10-07 19:00:00,3,26.7888548,0.0,5.328367
Guwahati,2026-10-07 20:00:00,3,25.7375264,0.8600616000000001,5.5005483
Guwahati,2026-10-07 21:00:00,3,25.206116899999998,0.2297555,5.457044499999999
Guwahati,2026-10-07 22:00:00,3,24.8372521,0.0,4.8428654
Guwahati,2026-10-07 23:00:00,3,24.6091384,0.0,3.9020035999999996
Hyderabad,2026-10-05 00:00:00,1,25.1525652,0.0,3.9650507
Hyderabad,2026-10-05 01:00:00,1,24.7199938,0.0,3.8361113
Hyderabad,2026-10-05 02:00:00,1,24.3584788,0.0,3.6434087
Hyderabad,2026-10-05 03:00:00,1,24.057884800000004,0.0,3.4687130999999995
Hyderabad,2026-10-05 04:00:00,1,23.840494200000002,0.0,2.8718926
Hyderabad,2026-10-05 05:00:00,1,23.63679,0.0,2.5516199
Hyderabad,2026-10-05 06:00:00,1,23.977188,0.0,2.4826072000000003
Hyderabad,2026-10-05 07:00:00,1,25.374285999999998,0.0,2.2367808
Hyderabad,2026-10-05 08:00:00,1,27.273693199999997,0.0,3.0711413000000003
Hyderabad,2026-10-05 09:00:00,1,29.1135198,0.0,2.7379360999999998
Hyderabad,2026-10-05 10:00:00,1,30.7967236,0.0,4.8925412
Hyderabad,2026-10-05 11:00:00,1,31.959205400000002,0.0,6.5742652999999995
Hyderabad,2026-10-05 12:00:00,1,32.674683,0.0,8.7251964
Hyderabad,2026-10-05 13:00:00,1,32.9796516,0.0,9.7395673
Hyderabad,2026-10-05 14:00:00,1,32.9881716,0.0,10.059472399999999
Hyderabad,2026-10-05 15:00:00,1,32.754282,0.0,9.8997773
Hyderabad,2026-10-05 16:00:00,1,32.1634724,0.0,9.1450702
Hyderabad,2026-10-05 17:00:00,1,30.9643632,0.0,7.972997400000001
Hyderabad,2026-10-05 18:00:00,1,29.266945800000002,0.0,6.717834
Hyderabad,2026-10-05 19:00:00,1,28.052511800000005,0.0,6.218034100000001
Hyderabad,2026-10-05 20:00:00,1,27.0417056,0.0,5.9383593
Hyderabad,2026-10-05 21:00:00,1,26.3091342,0.0,5.276838000000001
Hyderabad,2026-10-05 22:00:00,1,25.7946238,0.0,4.2101706
Hyderabad,2026-10-05 23:00:00,1,25.351840600000003,0.0,3.4462178
Hyderabad,2026-10-06 00:00:00,2,24.8641125,0.0,2.9431435999999995
Hyderabad,2026-10-06 01:00:00,2,24.3069482,0.0,3.3009803
Hyderabad,2026-10-06 02:00:00,2,23.82919,0.0,3.1739146
Hyderabad,2026-10-06 03:00:00,2,23.3261696,0.0,2.9075486
Hyderabad,2026-10-06 04:00:00,2,23.031835100000002,0.0,2.6637252
Hyderabad,2026-10-06 05:00:00,2,22.7848994,0.0,2.4589485
Hyderabad,2026-10-06 06:00:00,2,23.008954,0.0,2.5341993999999994
Hyderabad,2026-10-06 07:00:00,2,24.340000300000003,0.0,2.8536653999999997
Hyderabad,2026-10-06 08:00:00,2,26.685887200000003,0.0,3.7953601
Hyderabad,2026-10-06 09:00:00,2,28.8513936,0.0,4.142452899999999
Hyderabad,2026-10-06 10:00:00,2,30.648524,0.0,5.4039752
Hyderabad,2026-10-06 11:00:00,2,31.860432,0.0,7.4207581
Hyderabad,2026-10-06 12:00:00,2,32.61048460000001,0.0,9.0254251
Hyderabad,2026-10-06 13:00:00,2,32.87064650000001,0.0,9.9026585
Hyderabad,2026-10-06 14:00:00,2,32.9087911,0.0,9.850600400000001
Hyderabad,2026-10-06 15:00:00,2,32.739599500000004,0.0,9.8017968
Hyderabad,2026-10-06 16:00:00,2,32.098338,0.0,10.1518233
Hyderabad,2026-10-06 17:00:00,2,30.7560197,0.0,9.4857301
Hyderabad,2026-10-06 18:00:00,2,29.0804496,0.0,7.968854100000001
Hyderabad,2026-10-06 19:00:00,2,28.134391800000003,0.0,8.2040902
Hyderabad,2026-10-06 20:00:00,2,27.280292799999998,0.0,7.013230999999999
Hyderabad,2026-10-06 21:00:00,2,26.677400400000003,0.0,5.097311799999999
Hyderabad,2026-10-06 22:00:00,2,25.9898626,0.0,4.6068049
Hyderabad,2026-10-06 23:00:00,2,25.333477000000002,0.0,4.4029582000000005
Hyderabad,2026-10-07 00:00:00,3,24.835524764475235,0.0,4.0167088167088165
Hyderabad,2026-10-07 01:00:00,3,24.405695394304605,0.0,3.966073866073866
Hyderabad,2026-10-07 02:00:00,3,23.98444301555698,0.0,4.211010011010011
Hyderabad,2026-10-07 03:00:00,3,23.55091594908405,0.0,3.595975795975796
Hyderabad,2026-10-07 04:00:00,3,23.125951074048924,0.0,3.317131517131517
Hyderabad,2026-10-07 05:00:00,3,22.911319588680406,0.0,3.148776748776749
Hyderabad,2026-10-07 06:00:00,3,23.108641791358206,0.0,3.346791046791047
Hyderabad,2026-10-07 07:00:00,3,24.65437234562765,0.0,3.636846336846337
Hyderabad,2026-10-07 08:00:00,3,26.94606275393724,0.0,4.954723654723654
Hyderabad,2026-10-07 09:00:00,3,29.028027771972223,0.0,6.3005502005502
Hyderabad,2026-10-07 10:00:00,3,30.641786658213338,0.0,8.491854391854393
Hyderabad,2026-10-07 11:00:00,3,31.786550113449884,0.0,9.917382617382618
Hyderabad,2026-10-07 12:00:00,3,32.50885639114361,0.05385345385345386,10.784242184242185
Hyderabad,2026-10-07 13:00:00,3,32.819635680364314,0.05385345385345386,10.915127815127814
Hyderabad,2026-10-07 14:00:00,3,32.89939560060439,0.05385345385345386,11.286878286878288
Hyderabad,2026-10-07 15:00:00,3,32.574721325278674,0.08078018078018079,11.336855936855937
Hyderabad,2026-10-07 16:00:00,3,31.84149965850034,0.08078018078018079,11.163129063129063
Hyderabad,2026-10-07 17:00:00,3,30.72601037398962,0.08078018078018079,9.886136386136386
Hyderabad,2026-10-07 18:00:00,3,29.100916999082994,0.0,8.172679872679872
Hyderabad,2026-10-07 19:00:00,3,27.884234915765077,0.0,8.643520743520742
Hyderabad,2026-10-07 20:00:00,3,26.979510120489877,0.0,8.288351288351288
Hyderabad,2026-10-07 21:00:00,3,26.448033651966345,0.0,6.476515676515676
Hyderabad,2026-10-07 22:00:00,3,25.939611160388836,0.0,5.212589812589812
Hyderabad,2026-10-07 23:00:00,3,25.23242306757693,0.08091608091608093,4.87974817974818
Imphal,2026-10-05 00:00:00,1,18.263116536883466,0.0,3.0243336000000003
Imphal,2026-10-05 01:00:00,1,17.902751997248004,0.0,2.8580112
Imphal,2026-10-05 02:00:00,1,17.655226444773554,0.0,2.4734168
Imphal,2026-10-05 03:00:00,1,17.374718525281477,0.0,3.0221538
Imphal,2026-10-05 04:00:00,1,17.124186975813025,0.0,3.351993
Imphal,2026-10-05 05:00:00,1,17.226368573631426,0.0,3.2379881999999998
Imphal,2026-10-05 06:00:00,1,18.86858803141197,0.0,2.4027702
Imphal,2026-10-05 07:00:00,1,21.482003317996686,0.0,1.3203027999999999
Imphal,2026-10-05 08:00:00,1,23.5994791005209,0.0,2.2320444
Imphal,2026-10-05 09:00:00,1,25.210539689460308,0.0,3.4312304
Imphal,2026-10-05 10:00:00,1,26.41088748911251,0.0,4.8655644
Imphal,2026-10-05 11:00:00,1,27.30887979112021,0.0,5.5317946
Imphal,2026-10-05 12:00:00,1,27.80386609613391,0.0327314,5.768084399999999
Imphal,2026-10-05 13:00:00,1,27.81581588418412,0.0327314,5.5767156
Imphal,2026-10-05 14:00:00,1,27.529708570291426,0.0327314,6.474028399999999
Imphal,2026-10-05 15:00:00,1,26.713157686842315,0.0847752,6.5121312
Imphal,2026-10-05 16:00:00,1,24.940559459440543,0.16284089999999998,5.551092
Imphal,2026-10-05 17:00:00,1,23.12868387131613,0.486329,4.9106966
Imphal,2026-10-05 18:00:00,1,22.095354504645496,0.0,3.9108805999999996
Imphal,2026-10-05 19:00:00,1,21.42768637231363,0.0260219,3.0545359999999997
Imphal,2026-10-05 20:00:00,1,20.901944398055605,0.0260219,2.7284515999999996
Imphal,2026-10-05 21:00:00,1,20.435980464019536,0.0260219,3.5847735999999997
Imphal,2026-10-05 22:00:00,1,19.889518010481993,0.3643065999999999,3.9225299999999996
Imphal,2026-10-05 23:00:00,1,19.502833597166404,0.3382847,4.066072199999999
Imphal,2026-10-06 00:00:00,2,19.183724016275985,0.0433754,3.7813678000000004
Imphal,2026-10-06 01:00:00,2,18.94807145192855,0.0,3.8230426
Imphal,2026-10-06 02:00:00,2,18.781833418166585,0.0,3.2196930000000004
Imphal,2026-10-06 03:00:00,2,18.6005937994062,0.0,3.3322082
Imphal,2026-10-06 04:00:00,2,18.435104964895036,0.0,3.1500426
Imphal,2026-10-06 05:00:00,2,18.53603386396614,0.0,3.2470317
Imphal,2026-10-06 06:00:00,2,20.029040170959828,0.0,2.7481131
Imphal,2026-10-06 07:00:00,2,22.38777101222899,0.0,2.1250612
Imphal,2026-10-06 08:00:00,2,24.43157276842723,0.0,1.3494782
Imphal,2026-10-06 09:00:00,2,25.71460618539382,0.23252109999999998,2.2494745
Imphal,2026-10-06 10:00:00,2,26.317622982377017,0.3835869,3.7567158000000003
Imphal,2026-10-06 11:00:00,2,26.342690757309242,0.727444,6.910842000000001
Imphal,2026-10-06 12:00:00,2,25.695697004303,0.6618172999999999,7.9765694
Imphal,2026-10-06 13:00:00,2,25.31579448420551,0.40131859999999997,5.9479144999999995
Imphal,2026-10-06 14:00:00,2,25.08258201741798,0.49684300000000003,4.7193259
Imphal,2026-10-06 15:00:00,2,24.5995558004442,0.4370306,2.3758149
Imphal,2026-10-06 16:00:00,2,23.805678994321006,0.0985547,1.4139199000000002
Imphal,2026-10-06 17:00:00,2,22.75157294842705,0.0334916,2.8531879
Imphal,2026-10-06 18:00:00,2,22.058376541623456,0.0,2.3825326999999996
Imphal,2026-10-06 19:00:00,2,21.626708073291926,0.0,2.7238488000000003
Imphal,2026-10-06 20:00:00,2,21.188628211371785,0.0,2.8702905000000003
Imphal,2026-10-06 21:00:00,2,20.685618614381386,0.0334916,2.835285
Imphal,2026-10-06 22:00:00,2,20.15202354797645,0.0334916,2.7858912
Imphal,2026-10-06 23:00:00,2,19.696848603151395,0.0334916,3.3760575
Imphal,2026-10-07 00:00:00,3,19.2921346,0.0,3.3734208734208737
Imphal,2026-10-07 01:00:00,3,18.892908300000002,0.0,3.5649347649347645
Imphal,2026-10-07 02:00:00,3,18.5315413,0.0,3.656170256170257
Imphal,2026-10-07 03:00:00,3,18.2685665,0.0,3.7862149862149863
Imphal,2026-10-07 04:00:00,3,18.0133481,0.0,3.445928845928846
Imphal,2026-10-07 05:00:00,3,18.0605716,0.0,3.3176007176007176
Imphal,2026-10-07 06:00:00,3,19.3300257,0.0,2.7950901950901956
Imphal,2026-10-07 07:00:00,3,21.2181037,0.0,2.469009969009969
Imphal,2026-10-07 08:00:00,3,23.128796700000002,0.0,2.170901170901171
Imphal,2026-10-07 09:00:00,3,24.7559525,0.0,3.358786558786559
Imphal,2026-10-07 10:00:00,3,26.0334552,0.0,4.166242766242767
Imphal,2026-10-07 11:00:00,3,26.9009104,0.0,4.782425082425083
Imphal,2026-10-07 12:00:00,3,27.399302600000002,0.02414817585182415,5.336218736218735
Imphal,2026-10-07 13:00:00,3,27.544399000000002,0.02414817585182415,5.5467523467523465
Imphal,2026-10-07 14:00:00,3,27.3854598,0.02414817585182415,6.180132180132181
Imphal,2026-10-07 15:00:00,3,26.685637900000003,0.02414817585182415,4.872247872247872
Imphal,2026-10-07 16:00:00,3,25.1052241,0.02414817585182415,2.46022536022536
Imphal,2026-10-07 17:00:00,3,23.171931999999998,0.06759853240146761,2.901807501807502
Imphal,2026-10-07 18:00:00,3,21.8562534,0.17380142619857383,2.891662991662992
Imphal,2026-10-07 19:00:00,3,20.9008569,0.17380142619857383,3.3385302385302387
Imphal,2026-10-07 20:00:00,3,20.239297699999998,0.0,3.26023076023076
Imphal,2026-10-07 21:00:00,3,19.783053,0.0,3.2973494973494977
Imphal,2026-10-07 22:00:00,3,19.386507099999996,0.02172517827482173,3.37973647973648
Imphal,2026-10-07 23:00:00,3,19.162478299999997,0.0,3.2590268590268594
Indore,2026-10-05 00:00:00,1,23.676609300000003,0.0,6.9082377
Indore,2026-10-05 01:00:00,1,23.0556105,0.0,6.4854287
Indore,2026-10-05 02:00:00,1,22.4949511,0.0,6.1542341
Indore,2026-10-05 03:00:00,1,21.9500992,0.0,5.8829173
Indore,2026-10-05 04:00:00,1,21.497685699999998,0.0,5.470266799999999
Indore,2026-10-05 05:00:00,1,21.329915399999997,0.0,5.3217947
Indore,2026-10-05 06:00:00,1,21.520806899999997,0.0,4.9912237
Indore,2026-10-05 07:00:00,1,23.3069743,0.0,4.7540447
Indore,2026-10-05 08:00:00,1,26.1244177,0.0,5.365135499999999
Indore,2026-10-05 09:00:00,1,28.6544137,0.0,6.9180646
Indore,2026-10-05 10:00:00,1,30.583975799999997,0.0,8.522412800000001
Indore,2026-10-05 11:00:00,1,31.8659957,0.0,8.782976099999999
Indore,2026-10-05 12:00:00,1,32.5268971,0.0,8.2141585
Indore,2026-10-05 13:00:00,1,32.8977304,0.0,7.9832448
Indore,2026-10-05 14:00:00,1,32.8777359,0.0,7.5962027
Indore,2026-10-05 15:00:00,1,32.6143335,0.0,7.254972
Indore,2026-10-05 16:00:00,1,31.950931100000002,0.0,6.674022000000001
Indore,2026-10-05 17:00:00,1,30.571972,0.0,5.5871954
Indore,2026-10-05 18:00:00,1,28.5287032,0.0,4.4818948
Indore,2026-10-05 19:00:00,1,26.957021199999996,0.0,4.4872627000000005
Indore,2026-10-05 20:00:00,1,25.76917,0.0,4.6198293
Indore,2026-10-05 21:00:00,1,24.9555351,0.0,4.690148499999999
Indore,2026-10-05 22:00:00,1,24.1443569,0.0,5.040126900000001
Indore,2026-10-05 23:00:00,1,23.375980300000002,0.0,5.0059799
Indore,2026-10-06 00:00:00,2,22.904735200000005,0.0,4.313495013495014
Indore,2026-10-06 01:00:00,2,22.442340200000004,0.0,3.8209525209525217
Indore,2026-10-06 02:00:00,2,22.086264399999997,0.0,3.616939416939417
Indore,2026-10-06 03:00:00,2,21.692180400000005,0.0,4.364885864885865
Indore,2026-10-06 04:00:00,2,21.298976200000002,0.0,3.9382150382150387
Indore,2026-10-06 05:00:00,2,21.235761800000002,0.0,3.5955498955498966
Indore,2026-10-06 06:00:00,2,21.548967,0.0,3.3743165743165746
Indore,2026-10-06 07:00:00,2,23.279164,0.0,3.386739386739387
Indore,2026-10-06 08:00:00,2,26.2776876,0.0,3.0073878073878078
Indore,2026-10-06 09:00:00,2,28.914343000000006,0.0,4.518891118891119
Indore,2026-10-06 10:00:00,2,30.833984400000006,0.0,5.258906458906459
Indore,2026-10-06 11:00:00,2,32.0620892,0.0,5.748781748781749
Indore,2026-10-06 12:00:00,2,32.722982,0.0,6.188103788103788
Indore,2026-10-06 13:00:00,2,33.080322200000005,0.0,6.234138134138134
Indore,2026-10-06 14:00:00,2,33.0633536,0.0,6.36826966826967
Indore,2026-10-06 15:00:00,2,32.802761800000006,0.0,6.472385672385673
Indore,2026-10-06 16:00:00,2,32.21429280000001,0.0,6.410832810832812
Indore,2026-10-06 17:00:00,2,30.82870280000001,0.0,5.906268806268806
Indore,2026-10-06 18:00:00,2,28.862730200000005,0.0,4.486643686643687
Indore,2026-10-06 19:00:00,2,27.369689600000005,0.0,4.2997039997040005
Indore,2026-10-06 20:00:00,2,26.260821200000002,0.0,3.190143890143891
Indore,2026-10-06 21:00:00,2,25.538756000000003,0.0,2.7780110780110783
Indore,2026-10-06 22:00:00,2,24.737347600000003,0.0,3.5520459520459524
Indore,2026-10-06 23:00:00,2,24.116567200000002,0.0,3.9644495644495654
Indore,2026-10-07 00:00:00,3,23.654259,0.0,3.5040261
Indore,2026-10-07 01:00:00,3,23.245313499999998,0.0,3.8649447
Indore,2026-10-07 02:00:00,3,22.9070557,0.0,3.7706267
Indore,2026-10-07 03:00:00,3,22.6421703,0.0,3.6593862999999995
Indore,2026-10-07 04:00:00,3,22.2735486,0.0,3.3634714
Indore,2026-10-07 05:00:00,3,22.1439371,0.0,3.3493527000000007
Indore,2026-10-07 06:00:00,3,22.3206926,0.0,3.3867623
Indore,2026-10-07 07:00:00,3,23.9201969,0.0,3.7095747000000006
Indore,2026-10-07 08:00:00,3,26.808810899999997,0.0,4.5417191
Indore,2026-10-07 09:00:00,3,29.4220096,0.0,6.431141500000001
Indore,2026-10-07 10:00:00,3,31.306296099999997,0.0,6.420048
Indore,2026-10-07 11:00:00,3,32.4756171,0.0,6.397763
Indore,2026-10-07 12:00:00,3,33.2165384,0.0,6.644290699999999
Indore,2026-10-07 13:00:00,3,33.6118364,0.0,6.4606192
Indore,2026-10-07 14:00:00,3,33.7164853,0.0,6.3112604
Indore,2026-10-07 15:00:00,3,33.4968762,0.0,7.094513399999999
Indore,2026-10-07 16:00:00,3,32.750692599999994,0.0,7.5818043
Indore,2026-10-07 17:00:00,3,31.276678399999994,0.027420800000000002,7.2604329
Indore,2026-10-07 18:00:00,3,29.0246288,0.027420800000000002,6.0685176
Indore,2026-10-07 19:00:00,3,27.6900701,0.0,4.7673412
Indore,2026-10-07 20:00:00,3,26.840657399999998,0.0,4.082671700000001
Indore,2026-10-07 21:00:00,3,26.1364626,0.0,3.9575928
Indore,2026-10-07 22:00:00,3,25.5139183,0.0,3.9134071000000006
Indore,2026-10-07 23:00:00,3,24.7895488,0.0,4.2182634000000006
Jabalpur,2026-10-05 00:00:00,1,22.3711867,0.0,4.368302831697168
Jabalpur,2026-10-05 01:00:00,1,21.7882724,0.0,4.364114535885463
Jabalpur,2026-10-05 02:00:00,1,21.2293847,0.0,4.672644927355072
Jabalpur,2026-10-05 03:00:00,1,20.7965601,0.0,5.155421044578954
Jabalpur,2026-10-05 04:00:00,1,20.436536,0.0,5.199284300715698
Jabalpur,2026-10-05 05:00:00,1,20.4356618,0.0,5.521925478074521
Jabalpur,2026-10-05 06:00:00,1,20.8671537,0.0,5.773983626016372
Jabalpur,2026-10-05 07:00:00,1,22.8722285,0.0,5.993010806989192
Jabalpur,2026-10-05 08:00:00,1,25.4658286,0.0,7.093801806198193
Jabalpur,2026-10-05 09:00:00,1,27.5071062,0.0,8.455397144602854
Jabalpur,2026-10-05 10:00:00,1,29.246609499999998,0.0,10.533468966531032
Jabalpur,2026-10-05 11:00:00,1,30.522762300000004,0.0,11.771072728927269
Jabalpur,2026-10-05 12:00:00,1,31.466811200000002,0.0,11.485507014492983
Jabalpur,2026-10-05 13:00:00,1,32.0540089,0.0,11.156519343480655
Jabalpur,2026-10-05 14:00:00,1,32.1404859,0.0,11.309573090426909
Jabalpur,2026-10-05 15:00:00,1,31.835735,0.026286300000000002,10.27154002845997
Jabalpur,2026-10-05 16:00:00,1,30.953874300000003,0.026286300000000002,7.6841286158713835
Jabalpur,2026-10-05 17:00:00,1,29.2163337,0.026286300000000002,4.229205970794029
Jabalpur,2026-10-05 18:00:00,1,27.664757799999997,0.0,3.2171296828703166
Jabalpur,2026-10-05 19:00:00,1,26.4012279,0.0,4.503327596672403
Jabalpur,2026-10-05 20:00:00,1,25.364897499999998,0.0,5.025737174262824
Jabalpur,2026-10-05 21:00:00,1,24.518217,0.0,4.615579584420415
Jabalpur,2026-10-05 22:00:00,1,23.8780617,0.0,4.3530505469494525
Jabalpur,2026-10-05 23:00:00,1,23.4082806,0.0,4.6282910717089285
Jabalpur,2026-10-06 00:00:00,2,22.955030400000002,0.0,4.5108681108681115
Jabalpur,2026-10-06 01:00:00,2,22.522134400000002,0.0,4.704765104765105
Jabalpur,2026-10-06 02:00:00,2,22.113331199999998,0.0,4.923907323907323
Jabalpur,2026-10-06 03:00:00,2,21.606318800000004,0.0,4.94067604067604
Jabalpur,2026-10-06 04:00:00,2,21.123399199999998,0.0,4.063336163336163
Jabalpur,2026-10-06 05:00:00,2,20.8370714,0.0,4.064240764240765
Jabalpur,2026-10-06 06:00:00,2,21.011163200000002,0.0,4.4416264416264415
Jabalpur,2026-10-06 07:00:00,2,23.008914400000002,0.0,4.843077643077643
Jabalpur,2026-10-06 08:00:00,2,25.448478,0.0,5.708843208843209
Jabalpur,2026-10-06 09:00:00,2,27.4900698,0.0,8.018164318164319
Jabalpur,2026-10-06 10:00:00,2,29.3074368,0.0,8.58002718002718
Jabalpur,2026-10-06 11:00:00,2,30.6173974,0.0,8.785777985777987
Jabalpur,2026-10-06 12:00:00,2,31.4697546,0.0,9.696193296193295
Jabalpur,2026-10-06 13:00:00,2,32.0697546,0.0,11.269858269858268
Jabalpur,2026-10-06 14:00:00,2,32.0725954,0.0,11.629473229473227
Jabalpur,2026-10-06 15:00:00,2,31.4995064,0.0356656,9.783513683513682
Jabalpur,2026-10-06 16:00:00,2,30.234606000000007,0.0356656,5.932182032182032
Jabalpur,2026-10-06 17:00:00,2,28.268880000000003,0.0356656,4.015952615952616
Jabalpur,2026-10-06 18:00:00,2,26.5836022,0.0,3.7911002911002907
Jabalpur,2026-10-06 19:00:00,2,25.490328,0.0,2.8206323206323205
Jabalpur,2026-10-06 20:00:00,2,24.6795794,0.0,2.168296968296968
Jabalpur,2026-10-06 21:00:00,2,23.8878566,0.0,1.6886752886752887
Jabalpur,2026-10-06 22:00:00,2,23.3039756,0.0,2.001796501796502
Jabalpur,2026-10-06 23:00:00,2,22.7702916,0.0,2.920938720938721
Jabalpur,2026-10-07 00:00:00,3,22.4217343,0.0,3.1002940002940007
Jabalpur,2026-10-07 01:00:00,3,22.157759099999996,0.0,3.0142523142523143
Jabalpur,2026-10-07 02:00:00,3,21.7636047,0.0,3.128765228765229
Jabalpur,2026-10-07 03:00:00,3,21.359138799999997,0.0,3.1934638934638935
Jabalpur,2026-10-07 04:00:00,3,20.9584999,0.0,3.0570323570323574
Jabalpur,2026-10-07 05:00:00,3,20.712432,0.0,3.070545770545771
Jabalpur,2026-10-07 06:00:00,3,20.9644037,0.0,2.9612452612452613
Jabalpur,2026-10-07 07:00:00,3,22.6335274,0.0,2.7296913296913297
Jabalpur,2026-10-07 08:00:00,3,24.966247699999997,0.0,3.094123294123294
Jabalpur,2026-10-07 09:00:00,3,27.0566124,0.0,4.8261321261321255
Jabalpur,2026-10-07 10:00:00,3,28.735889200000003,0.0164672,6.836735536735537
Jabalpur,2026-10-07 11:00:00,3,29.9706153,0.0164672,9.014769414769415
Jabalpur,2026-10-07 12:00:00,3,30.7254048,0.14871269999999998,10.229339229339228
Jabalpur,2026-10-07 13:00:00,3,31.0719014,0.1322455,11.172333372333373
Jabalpur,2026-10-07 14:00:00,3,30.7707984,0.1322455,11.859986659986658
Jabalpur,2026-10-07 15:00:00,3,30.1675958,0.0793473,11.228086728086728
Jabalpur,2026-10-07 16:00:00,3,29.149907000000002,0.0793473,10.536732536732536
Jabalpur,2026-10-07 17:00:00,3,27.608900199999997,0.0793473,8.486751486751487
Jabalpur,2026-10-07 18:00:00,3,26.353022199999998,0.0,7.221979421979421
Jabalpur,2026-10-07 19:00:00,3,25.5246286,0.0,6.304111804111804
Jabalpur,2026-10-07 20:00:00,3,24.669801800000002,0.0,6.030102030102029
Jabalpur,2026-10-07 21:00:00,3,23.8570639,0.0,5.313783413783413
Jabalpur,2026-10-07 22:00:00,3,23.2814994,0.0,4.2564076564076565
Jabalpur,2026-10-07 23:00:00,3,22.774586199999998,0.0,3.543737543737544
Jaipur,2026-10-05 00:00:00,1,26.082948000000002,0.0,7.200766
Jaipur,2026-10-05 01:00:00,1,25.453535,0.0,8.4439405
Jaipur,2026-10-05 02:00:00,1,24.921123,0.0,10.0323103
Jaipur,2026-10-05 03:00:00,1,24.395556999999997,0.0,10.766252
Jaipur,2026-10-05 04:00:00,1,23.897275,0.0,11.0012868
Jaipur,2026-10-05 05:00:00,1,23.542246,0.0,10.681534599999999
Jaipur,2026-10-05 06:00:00,1,23.437291000000002,0.0,10.4305957
Jaipur,2026-10-05 07:00:00,1,24.423761,0.0,11.0136532
Jaipur,2026-10-05 08:00:00,1,26.817003999999997,0.0,13.66429
Jaipur,2026-10-05 09:00:00,1,29.283896000000006,0.0,15.6715344
Jaipur,2026-10-05 10:00:00,1,31.599119,0.0,16.961164
Jaipur,2026-10-05 11:00:00,1,33.316856,0.0,17.136485800000003
Jaipur,2026-10-05 12:00:00,1,34.551807,0.0,16.7268058
Jaipur,2026-10-05 13:00:00,1,35.402964,0.0,16.3488704
Jaipur,2026-10-05 14:00:00,1,35.79717599999999,0.0,15.548209
Jaipur,2026-10-05 15:00:00,1,35.618262,0.0,14.223460900000001
Jaipur,2026-10-05 16:00:00,1,34.95782,0.0,12.7755324
Jaipur,2026-10-05 17:00:00,1,33.65782,0.0,10.233066
Jaipur,2026-10-05 18:00:00,1,31.613445,0.0,8.088836200000001
Jaipur,2026-10-05 19:00:00,1,29.953014,0.0,7.632075899999999
Jaipur,2026-10-05 20:00:00,1,28.757134,0.0,7.7240199
Jaipur,2026-10-05 21:00:00,1,27.83992,0.0,8.0210175
Jaipur,2026-10-05 22:00:00,1,26.983908,0.0,7.3700194
Jaipur,2026-10-05 23:00:00,1,26.155503,0.0,7.366800700000001
Jaipur,2026-10-06 00:00:00,2,25.6088397,0.0,7.398120100000001
Jaipur,2026-10-06 01:00:00,2,25.034791,0.0,7.704411499999999
Jaipur,2026-10-06 02:00:00,2,24.4711482,0.0,8.2998185
Jaipur,2026-10-06 03:00:00,2,23.9360182,0.0,8.9527982
Jaipur,2026-10-06 04:00:00,2,23.4871311,0.0,9.4244942
Jaipur,2026-10-06 05:00:00,2,23.255663,0.0,9.9168427
Jaipur,2026-10-06 06:00:00,2,23.3450669,0.0,10.1949385
Jaipur,2026-10-06 07:00:00,2,24.3955585,0.0,11.0113444
Jaipur,2026-10-06 08:00:00,2,26.8065985,0.0,13.2061111
Jaipur,2026-10-06 09:00:00,2,29.3021501,0.0,14.442505500000001
Jaipur,2026-10-06 10:00:00,2,31.6453552,0.0,14.487752099999998
Jaipur,2026-10-06 11:00:00,2,33.4062079,0.0,14.116772699999999
Jaipur,2026-10-06 12:00:00,2,34.5209636,0.0,12.9846325
Jaipur,2026-10-06 13:00:00,2,35.1995273,0.0,12.0466711
Jaipur,2026-10-06 14:00:00,2,35.4132844,0.0,10.9854239
Jaipur,2026-10-06 15:00:00,2,35.2534937,0.0,9.8293538
Jaipur,2026-10-06 16:00:00,2,34.6580119,0.0,8.5328072
Jaipur,2026-10-06 17:00:00,2,33.5140773,0.0,6.5475300999999995
Jaipur,2026-10-06 18:00:00,2,31.522413,0.0,5.039184499999999
Jaipur,2026-10-06 19:00:00,2,30.137225700000002,0.0,3.8607466
Jaipur,2026-10-06 20:00:00,2,29.0909603,0.0,3.1987145999999997
Jaipur,2026-10-06 21:00:00,2,28.1414705,0.0,3.3683256000000004
Jaipur,2026-10-06 22:00:00,2,27.2415339,0.0,5.140902200000001
Jaipur,2026-10-06 23:00:00,2,26.2394733,0.0,6.2019602
Jaipur,2026-10-07 00:00:00,3,25.48082411917588,0.0,5.620220179779821
Jaipur,2026-10-07 01:00:00,3,24.95840514159486,0.0,5.192036307963693
Jaipur,2026-10-07 02:00:00,3,24.3982863017137,0.0,5.297947702052299
Jaipur,2026-10-07 03:00:00,3,23.969874930125073,0.0,5.188204811795188
Jaipur,2026-10-07 04:00:00,3,23.536764763235237,0.0,5.053803146196854
Jaipur,2026-10-07 05:00:00,3,23.380845519154484,0.0,5.28914211085789
Jaipur,2026-10-07 06:00:00,3,23.43800156199844,0.0,6.011333688666312
Jaipur,2026-10-07 07:00:00,3,24.46877433122567,0.0,6.87891852108148
Jaipur,2026-10-07 08:00:00,3,27.016566883433118,0.0,7.303613196386804
Jaipur,2026-10-07 09:00:00,3,29.834902965097037,0.0,9.116281483718517
Jaipur,2026-10-07 10:00:00,3,32.050440549559454,0.0,11.21962028037972
Jaipur,2026-10-07 11:00:00,3,33.59262790737209,0.0,11.857460542539458
Jaipur,2026-10-07 12:00:00,3,34.64062885937115,0.0,11.12857097142903
Jaipur,2026-10-07 13:00:00,3,35.22921297078703,0.0,10.102687097312902
Jaipur,2026-10-07 14:00:00,3,35.462557137442865,0.0,9.825919174080827
Jaipur,2026-10-07 15:00:00,3,35.32901147098853,0.0,10.004265995734006
Jaipur,2026-10-07 16:00:00,3,34.77564222435778,0.0,9.900637499362503
Jaipur,2026-10-07 17:00:00,3,33.58705811294189,0.0,8.496488103511897
Jaipur,2026-10-07 18:00:00,3,31.491009208990793,0.0,6.298573501426499
Jaipur,2026-10-07 19:00:00,3,29.766883833116168,0.0,6.287842212157788
Jaipur,2026-10-07 20:00:00,3,28.483988416011584,0.0,6.723360276639724
Jaipur,2026-10-07 21:00:00,3,27.623924776075228,0.0,7.0349352650647345
Jaipur,2026-10-07 22:00:00,3,27.119981880018123,0.0,7.544030655969345
Jaipur,2026-10-07 23:00:00,3,26.664507935492068,0.0,7.750848849151152
Jodhpur,2026-10-05 00:00:00,1,27.224818175181824,0.0,11.102604499999998
Jodhpur,2026-10-05 01:00:00,1,26.48254861745138,0.0,10.140851099999999
Jodhpur,2026-10-05 02:00:00,1,25.808360191639807,0.0,9.3161116
Jodhpur,2026-10-05 03:00:00,1,25.135984364015634,0.0,8.9098598
Jodhpur,2026-10-05 04:00:00,1,24.584400015599982,0.0,8.9490859
Jodhpur,2026-10-05 05:00:00,1,24.129894170105825,0.0,9.154452
Jodhpur,2026-10-05 06:00:00,1,23.863821536178456,0.0,9.0467088
Jodhpur,2026-10-05 07:00:00,1,24.33982256017744,0.0,9.1396184
Jodhpur,2026-10-05 08:00:00,1,26.218336181663815,0.0,10.476512699999999
Jodhpur,2026-10-05 09:00:00,1,28.55537264462735,0.0,12.265575
Jodhpur,2026-10-05 10:00:00,1,30.96499793500206,0.0,14.1151026
Jodhpur,2026-10-05 11:00:00,1,33.048867551132446,0.0,15.8298839
Jodhpur,2026-10-05 12:00:00,1,34.597283202716795,0.0,16.4959196
Jodhpur,2026-10-05 13:00:00,1,35.66603383396616,0.0,16.1936794
Jodhpur,2026-10-05 14:00:00,1,36.283217216782774,0.0,15.4940744
Jodhpur,2026-10-05 15:00:00,1,36.36534723465276,0.0,14.6447772
Jodhpur,2026-10-05 16:00:00,1,35.96828583171416,0.0,13.8433347
Jodhpur,2026-10-05 17:00:00,1,35.068285831714164,0.0,12.4378603
Jodhpur,2026-10-05 18:00:00,1,33.052180847819145,0.0,9.798507099999998
Jodhpur,2026-10-05 19:00:00,1,31.124263275736716,0.0,9.3598003
Jodhpur,2026-10-05 20:00:00,1,29.732981567018427,0.0,9.5149857
Jodhpur,2026-10-05 21:00:00,1,28.66308783691216,0.0,9.9089434
Jodhpur,2026-10-05 22:00:00,1,27.79319410680589,0.0,10.267358299999998
Jodhpur,2026-10-05 23:00:00,1,26.97668022331977,0.0,10.394454899999998
Jodhpur,2026-10-06 00:00:00,2,26.346521,0.0,10.171029300000002
Jodhpur,2026-10-06 01:00:00,2,25.6980315,0.0,9.622705
Jodhpur,2026-10-06 02:00:00,2,25.0301178,0.0,8.8388897
Jodhpur,2026-10-06 03:00:00,2,24.370930100000002,0.0,7.873795299999999
Jodhpur,2026-10-06 04:00:00,2,23.7528625,0.0,7.0876246
Jodhpur,2026-10-06 05:00:00,2,23.3650207,0.0,6.443400800000001
Jodhpur,2026-10-06 06:00:00,2,23.201410900000003,0.0,6.286370100000001
Jodhpur,2026-10-06 07:00:00,2,23.771296800000002,0.0,5.727969900000001
Jodhpur,2026-10-06 08:00:00,2,25.907713599999997,0.0,6.8278409
Jodhpur,2026-10-06 09:00:00,2,28.335763899999996,0.0,9.0686105
Jodhpur,2026-10-06 10:00:00,2,30.629310699999998,0.0,9.970733300000001
Jodhpur,2026-10-06 11:00:00,2,32.6332996,0.0,11.373350299999998
Jodhpur,2026-10-06 12:00:00,2,34.0914195,0.0,12.5297909
Jodhpur,2026-10-06 13:00:00,2,35.121337499999996,0.0,12.462091899999999
Jodhpur,2026-10-06 14:00:00,2,35.621337499999996,0.0,12.3586312
Jodhpur,2026-10-06 15:00:00,2,35.711399300000004,0.0,12.053316599999999
Jodhpur,2026-10-06 16:00:00,2,35.3702792,0.0,11.530677299999999
Jodhpur,2026-10-06 17:00:00,2,34.631635200000005,0.0,10.134815099999999
Jodhpur,2026-10-06 18:00:00,2,32.6826597,0.0,7.4271622
Jodhpur,2026-10-06 19:00:00,2,31.0410756,0.0,6.1185925999999995
Jodhpur,2026-10-06 20:00:00,2,29.8746629,0.0,5.6859761
Jodhpur,2026-10-06 21:00:00,2,28.936667200000002,0.0,5.8103566
Jodhpur,2026-10-06 22:00:00,2,28.2977671,0.0,6.262988900000001
Jodhpur,2026-10-06 23:00:00,2,27.7269251,0.0,6.231422
Jodhpur,2026-10-07 00:00:00,3,27.0010312010312,0.0,5.6852619
Jodhpur,2026-10-07 01:00:00,3,26.295937695937695,0.0,5.648242399999999
Jodhpur,2026-10-07 02:00:00,3,25.575289675289675,0.0,5.3380846
Jodhpur,2026-10-07 03:00:00,3,25.003461803461803,0.0,5.0457202
Jodhpur,2026-10-07 04:00:00,3,24.416655616655614,0.0,4.9799898
Jodhpur,2026-10-07 05:00:00,3,23.93904863904864,0.0,4.9780063
Jodhpur,2026-10-07 06:00:00,3,23.737375237375236,0.0,4.670136500000001
Jodhpur,2026-10-07 07:00:00,3,24.50966620966621,0.0,3.6969854
Jodhpur,2026-10-07 08:00:00,3,26.596308796308797,0.0,2.7151751000000006
Jodhpur,2026-10-07 09:00:00,3,29.207372507372508,0.0,3.9145094
Jodhpur,2026-10-07 10:00:00,3,31.66015586015586,0.0,4.7547767
Jodhpur,2026-10-07 11:00:00,3,33.54497444497444,0.0,7.3582926
Jodhpur,2026-10-07 12:00:00,3,34.83295043295043,0.0,8.3780681
Jodhpur,2026-10-07 13:00:00,3,35.67857367857368,0.0,9.9193849
Jodhpur,2026-10-07 14:00:00,3,36.14224164224164,0.0,11.0963298
Jodhpur,2026-10-07 15:00:00,3,36.06571346571347,0.0,11.284153
Jodhpur,2026-10-07 16:00:00,3,35.66359536359536,0.0,10.9982612
Jodhpur,2026-10-07 17:00:00,3,34.817135917135914,0.0,9.8101914
Jodhpur,2026-10-07 18:00:00,3,32.77000387000387,0.0,6.8982526
Jodhpur,2026-10-07 19:00:00,3,31.10826290826291,0.0,5.8430228
Jodhpur,2026-10-07 20:00:00,3,29.941710541710542,0.0,5.191970400000001
Jodhpur,2026-10-07 21:00:00,3,29.044495844495845,0.0,4.6937104000000005
Jodhpur,2026-10-07 22:00:00,3,28.36320776320776,0.0,5.0509506
Jodhpur,2026-10-07 23:00:00,3,27.655159955159952,0.0,5.215360400000001
Kanpur,2026-10-05 00:00:00,1,25.698096301903696,0.0,2.8555904999999995
Kanpur,2026-10-05 01:00:00,1,25.294721605278394,0.0,3.2424695
Kanpur,2026-10-05 02:00:00,1,24.89221880778119,0.0,3.3168014999999995
Kanpur,2026-10-05 03:00:00,1,24.4043853956146,0.0,4.3563095
Kanpur,2026-10-05 04:00:00,1,24.078775021224974,0.0,4.242981
Kanpur,2026-10-05 05:00:00,1,24.01323228676771,0.0,4.9806022
Kanpur,2026-10-05 06:00:00,1,24.148390651609347,0.0,5.9795485
Kanpur,2026-10-05 07:00:00,1,25.42323887676112,0.0,6.179257300000001
Kanpur,2026-10-05 08:00:00,1,27.453377846622153,0.0,7.430102799999999
Kanpur,2026-10-05 09:00:00,1,29.030381469618526,0.0,7.8917622000000005
Kanpur,2026-10-05 10:00:00,1,30.45634554365445,0.0,7.939482
Kanpur,2026-10-05 11:00:00,1,31.63446186553813,0.0,7.9018345
Kanpur,2026-10-05 12:00:00,1,32.47060792939207,0.0,7.816832799999999
Kanpur,2026-10-05 13:00:00,1,32.950873349126645,0.0,8.0794629
Kanpur,2026-10-05 14:00:00,1,33.126133173866826,0.0,8.162913900000001
Kanpur,2026-10-05 15:00:00,1,32.91827108172892,0.0,8.083235499999999
Kanpur,2026-10-05 16:00:00,1,32.19748510251489,0.0,6.563682699999999
Kanpur,2026-10-05 17:00:00,1,30.32488797511202,0.0,7.9186742
Kanpur,2026-10-05 18:00:00,1,28.888923111076885,0.0,6.3275836000000005
Kanpur,2026-10-05 19:00:00,1,27.86267993732006,0.0,4.8336305
Kanpur,2026-10-05 20:00:00,1,27.16635333364666,0.0,4.9136518
Kanpur,2026-10-05 21:00:00,1,26.53812726187273,0.0,5.4260972999999995
Kanpur,2026-10-05 22:00:00,1,25.962460437539555,0.0,6.585864900000001
Kanpur,2026-10-05 23:00:00,1,25.57462702537297,0.0,7.4062677
Kanpur,2026-10-06 00:00:00,2,25.315935600000003,0.0,7.2746062
Kanpur,2026-10-06 01:00:00,2,25.054325600000002,0.0,6.4653865999999995
Kanpur,2026-10-06 02:00:00,2,24.8248479,0.0,6.9370957
Kanpur,2026-10-06 03:00:00,2,24.553423200000005,0.0,7.339804900000001
Kanpur,2026-10-06 04:00:00,2,24.2721838,0.0,7.0293765
Kanpur,2026-10-06 05:00:00,2,24.188263500000005,0.0,6.804529800000001
Kanpur,2026-10-06 06:00:00,2,24.3767391,0.0,6.1786133
Kanpur,2026-10-06 07:00:00,2,25.506235800000002,0.0,6.5476406
Kanpur,2026-10-06 08:00:00,2,26.7267251,0.0,7.9319234000000005
Kanpur,2026-10-06 09:00:00,2,27.093700500000004,0.41679600000000006,9.1023032
Kanpur,2026-10-06 10:00:00,2,28.052562900000005,0.171045,10.678149800000002
Kanpur,2026-10-06 11:00:00,2,28.855102600000002,0.171045,11.476819300000002
Kanpur,2026-10-06 12:00:00,2,29.301433700000004,0.171045,9.6681735
Kanpur,2026-10-06 13:00:00,2,29.568418000000005,0.372114,6.5649189
Kanpur,2026-10-06 14:00:00,2,29.863089800000004,0.215727,5.3571747
Kanpur,2026-10-06 15:00:00,2,29.908647200000004,0.0,5.3879459
Kanpur,2026-10-06 16:00:00,2,29.669457200000004,0.0,5.5781478
Kanpur,2026-10-06 17:00:00,2,28.759862700000003,0.0,5.4238333
Kanpur,2026-10-06 18:00:00,2,27.928640900000005,0.0,4.9167925
Kanpur,2026-10-06 19:00:00,2,27.2143061,0.0,5.492602
Kanpur,2026-10-06 20:00:00,2,26.533935500000005,0.0,6.3532294
Kanpur,2026-10-06 21:00:00,2,26.086599600000003,0.0,6.1594309
Kanpur,2026-10-06 22:00:00,2,25.7267681,0.0,5.5439836
Kanpur,2026-10-06 23:00:00,2,25.310654800000002,0.0,4.5113786000000005
Kanpur,2026-10-07 00:00:00,3,24.9936309,0.0,4.6142559
Kanpur,2026-10-07 01:00:00,3,24.7119147,0.0,5.0969357
Kanpur,2026-10-07 02:00:00,3,24.4881102,0.0,5.699565300000001
Kanpur,2026-10-07 03:00:00,3,24.202868000000002,0.0,5.5657302
Kanpur,2026-10-07 04:00:00,3,23.993680599999998,0.0,5.306934000000001
Kanpur,2026-10-07 05:00:00,3,23.8966935,0.0,5.2231569
Kanpur,2026-10-07 06:00:00,3,23.8079253,0.06440359999999999,5.253505700000001
Kanpur,2026-10-07 07:00:00,3,24.7667619,0.06440359999999999,5.137783799999999
Kanpur,2026-10-07 08:00:00,3,26.433716099999998,0.06440359999999999,6.006237199999999
Kanpur,2026-10-07 09:00:00,3,27.990558,0.06440359999999999,5.4896319
Kanpur,2026-10-07 10:00:00,3,29.191160200000002,0.15117109999999997,5.862214900000001
Kanpur,2026-10-07 11:00:00,3,30.1936661,0.06440359999999999,6.3118872
Kanpur,2026-10-07 12:00:00,3,30.338440400000003,0.28922499999999995,5.3936899
Kanpur,2026-10-07 13:00:00,3,30.5433115,0.08676749999999998,5.380481400000001
Kanpur,2026-10-07 14:00:00,3,30.6650261,0.11568999999999999,6.0988106
Kanpur,2026-10-07 15:00:00,3,30.547671400000002,0.0,6.662036199999999
Kanpur,2026-10-07 16:00:00,3,30.1171357,0.0,6.763397400000001
Kanpur,2026-10-07 17:00:00,3,28.705593399999998,0.0,7.897552
Kanpur,2026-10-07 18:00:00,3,27.419701599999996,0.0,7.847554800000001
Kanpur,2026-10-07 19:00:00,3,26.5246182,0.0,6.359899800000001
Kanpur,2026-10-07 20:00:00,3,25.919931400000003,0.0,4.9580416000000005
Kanpur,2026-10-07 21:00:00,3,25.4620197,0.0,4.8785732
Kanpur,2026-10-07 22:00:00,3,24.908287799999997,0.0,4.808853500000001
Kanpur,2026-10-07 23:00:00,3,24.3520045,0.0,4.0861201000000005
Kochi,2026-10-05 00:00:00,1,25.409560900000002,2.5395484,6.567653667653667
Kochi,2026-10-05 01:00:00,1,25.262186200000002,1.1348193,6.438312038312039
Kochi,2026-10-05 02:00:00,1,25.153314199999997,0.7309635999999999,5.257589057589058
Kochi,2026-10-05 03:00:00,1,25.0551897,0.3935101,5.491968491968493
Kochi,2026-10-05 04:00:00,1,24.9724424,0.9143403,5.414241914241915
Kochi,2026-10-05 05:00:00,1,24.9385694,1.7666079000000001,5.501538301538302
Kochi,2026-10-05 06:00:00,1,24.953817,2.7461956,5.7095581095581105
Kochi,2026-10-05 07:00:00,1,25.267951099999998,2.4621064,5.395479295479296
Kochi,2026-10-05 08:00:00,1,25.9613522,0.236741,4.941719341719343
Kochi,2026-10-05 09:00:00,1,26.8483418,0.0,4.840852440852442
Kochi,2026-10-05 10:00:00,1,28.372756499999998,0.0,3.3673462673462677
Kochi,2026-10-05 11:00:00,1,29.483048600000004,0.0,4.475613375613376
Kochi,2026-10-05 12:00:00,1,29.7107923,0.2344904,6.236036436036436
Kochi,2026-10-05 13:00:00,1,29.7865316,0.053238,8.430943230943232
Kochi,2026-10-05 14:00:00,1,29.6215066,0.053238,9.56907086907087
Kochi,2026-10-05 15:00:00,1,29.2946199,0.053238,10.040658340658341
Kochi,2026-10-05 16:00:00,1,28.8113569,0.1484928,9.672680072680073
Kochi,2026-10-05 17:00:00,1,28.2794646,0.053238,7.932355732355733
Kochi,2026-10-05 18:00:00,1,27.569302099999998,0.1541034,6.023830423830424
Kochi,2026-10-05 19:00:00,1,27.1816788,0.1541034,5.275325975325976
Kochi,2026-10-05 20:00:00,1,26.915937899999996,0.106476,5.392699492699493
Kochi,2026-10-05 21:00:00,1,26.757815700000002,0.0,5.830359930359931
Kochi,2026-10-05 22:00:00,1,26.5170514,0.0476274,4.700783200783201
Kochi,2026-10-05 23:00:00,1,26.3625506,0.0952548,3.513143413143413
Kochi,2026-10-06 00:00:00,2,26.253175946824058,0.0,3.2886512999999997
Kochi,2026-10-06 01:00:00,2,26.117419182580818,0.0,3.3706799000000003
Kochi,2026-10-06 02:00:00,2,25.96911573088427,0.0,4.019427800000001
Kochi,2026-10-06 03:00:00,2,25.82808567191433,0.0,4.4505537
Kochi,2026-10-06 04:00:00,2,25.668989631010373,0.0,4.496323
Kochi,2026-10-06 05:00:00,2,25.510145789854214,0.0,4.7483867
Kochi,2026-10-06 06:00:00,2,25.531358868641135,0.0,5.3520903
Kochi,2026-10-06 07:00:00,2,26.389206310793693,0.0,5.024282299999999
Kochi,2026-10-06 08:00:00,2,27.88995471004529,0.0,4.8070624
Kochi,2026-10-06 09:00:00,2,29.28229201770798,0.0,4.565777
Kochi,2026-10-06 10:00:00,2,30.551791348208656,0.0,6.291155099999999
Kochi,2026-10-06 11:00:00,2,31.236598863401138,0.0,8.6937724
Kochi,2026-10-06 12:00:00,2,31.3989619010381,0.026564100000000004,12.0507825
Kochi,2026-10-06 13:00:00,2,30.964345935654066,0.026564100000000004,13.9068033
Kochi,2026-10-06 14:00:00,2,30.581036118963887,0.026564100000000004,13.433626700000001
Kochi,2026-10-06 15:00:00,2,30.26559763440237,0.07969230000000001,12.3392689
Kochi,2026-10-06 16:00:00,2,29.67626412373588,0.21346070000000003,8.668189
Kochi,2026-10-06 17:00:00,2,28.74351315648685,0.9773637000000001,6.526023100000001
Kochi,2026-10-06 18:00:00,2,27.53471676528324,0.9030927,7.6109121
Kochi,2026-10-06 19:00:00,2,26.755542544457462,1.1041469,7.0701978
Kochi,2026-10-06 20:00:00,2,26.36107393892606,0.8202503999999999,6.1247861
Kochi,2026-10-06 21:00:00,2,26.183911916088086,0.2423297,7.557510000000001
Kochi,2026-10-06 22:00:00,2,25.886680713319286,0.026564100000000004,6.972064
Kochi,2026-10-06 23:00:00,2,25.809143490856513,0.026564100000000004,6.060410600000001
Kochi,2026-10-07 00:00:00,3,25.600604399999998,0.6533416999999999,6.709944699999999
Kochi,2026-10-07 01:00:00,3,25.3789152,0.6795376,7.401726200000001
Kochi,2026-10-07 02:00:00,3,25.1672186,0.312795,8.5141005
Kochi,2026-10-07 03:00:00,3,25.040037499999997,0.4686739,5.923549100000001
Kochi,2026-10-07 04:00:00,3,24.9816194,0.5210657000000001,7.0093201
Kochi,2026-10-07 05:00:00,3,24.8492434,0.4162821,6.3140529
Kochi,2026-10-07 06:00:00,3,24.9535963,0.0259366,5.379942
Kochi,2026-10-07 07:00:00,3,25.6883877,0.0259366,4.1651331
Kochi,2026-10-07 08:00:00,3,26.878170600000004,0.0259366,4.2535114
Kochi,2026-10-07 09:00:00,3,28.359470799999997,0.0,3.8953093
Kochi,2026-10-07 10:00:00,3,29.841272500000002,0.0,3.2107257999999996
Kochi,2026-10-07 11:00:00,3,30.726937400000004,0.0,5.842331699999999
Kochi,2026-10-07 12:00:00,3,31.063676700000002,0.049621200000000004,9.3971418
Kochi,2026-10-07 13:00:00,3,30.7994793,0.049621200000000004,11.4427028
Kochi,2026-10-07 14:00:00,3,30.6142406,0.0259366,11.6924994
Kochi,2026-10-07 15:00:00,3,30.3399961,0.129683,10.7515131
Kochi,2026-10-07 16:00:00,3,29.880439,0.129683,8.9182661
Kochi,2026-10-07 17:00:00,3,29.0088344,0.129683,8.0098675
Kochi,2026-10-07 18:00:00,3,28.1139858,0.0518732,6.688102300000001
Kochi,2026-10-07 19:00:00,3,27.713346899999998,0.0518732,4.7067904
Kochi,2026-10-07 20:00:00,3,27.3077915,0.478196,2.9928407999999997
Kochi,2026-10-07 21:00:00,3,26.889666300000002,0.2045446,2.4911472999999997
Kochi,2026-10-07 22:00:00,3,26.7352488,0.0,3.3040971999999993
Kochi,2026-10-07 23:00:00,3,26.6223393,0.0,3.2099213
Kolkata,2026-10-05 00:00:00,1,26.8472826,0.0,5.216861583138417
Kolkata,2026-10-05 01:00:00,1,26.6110658,0.0,5.075648524351475
Kolkata,2026-10-05 02:00:00,1,26.602922,0.0,4.791278608721392
Kolkata,2026-10-05 03:00:00,1,26.4186889,0.0,5.077978522021478
Kolkata,2026-10-05 04:00:00,1,26.2342025,0.0,5.145618354381646
Kolkata,2026-10-05 05:00:00,1,26.188697700000002,0.0,4.958473941526059
Kolkata,2026-10-05 06:00:00,1,26.8053206,0.0,4.674997925002075
Kolkata,2026-10-05 07:00:00,1,28.2659285,0.0,5.592787207212794
Kolkata,2026-10-05 08:00:00,1,29.5097825,0.0,5.331801568198431
Kolkata,2026-10-05 09:00:00,1,30.658363800000004,0.0,5.249554750445251
Kolkata,2026-10-05 10:00:00,1,31.661435600000004,0.0,5.641697358302642
Kolkata,2026-10-05 11:00:00,1,32.4451527,0.0,5.596706203293797
Kolkata,2026-10-05 12:00:00,1,32.9336838,0.0,5.80895199104801
Kolkata,2026-10-05 13:00:00,1,33.159332,0.0,6.084226215773785
Kolkata,2026-10-05 14:00:00,1,33.013311200000004,0.0,6.4086969913030085
Kolkata,2026-10-05 15:00:00,1,32.6499123,0.0,5.807032392967608
Kolkata,2026-10-05 16:00:00,1,31.866832799999997,0.0,4.4941586058413945
Kolkata,2026-10-05 17:00:00,1,30.5854001,0.0,3.560349339650661
Kolkata,2026-10-05 18:00:00,1,29.7682525,0.0,2.781066518933481
Kolkata,2026-10-05 19:00:00,1,29.0762512,0.0,3.273686326313674
Kolkata,2026-10-05 20:00:00,1,28.272201799999998,0.0,5.362057837942162
Kolkata,2026-10-05 21:00:00,1,27.7314243,0.0,5.826294673705327
Kolkata,2026-10-05 22:00:00,1,27.266229499999998,0.0,5.053168246831754
Kolkata,2026-10-05 23:00:00,1,26.6864214,0.0,3.9320700679299323
Kolkata,2026-10-06 00:00:00,2,26.245172245172242,0.0,3.3068328000000005
Kolkata,2026-10-06 01:00:00,2,25.945172245172245,0.0,2.6904076000000003
Kolkata,2026-10-06 02:00:00,2,25.65308475308475,0.0,2.5170418
Kolkata,2026-10-06 03:00:00,2,25.345172245172243,0.0,2.5663084
Kolkata,2026-10-06 04:00:00,2,24.97942897942898,0.0,2.8564363999999998
Kolkata,2026-10-06 05:00:00,2,24.932568932568934,0.0,3.0087170999999997
Kolkata,2026-10-06 06:00:00,2,25.781699781699782,0.0,3.5812459999999997
Kolkata,2026-10-06 07:00:00,2,27.541205841205844,0.0,3.7492658
Kolkata,2026-10-06 08:00:00,2,29.530929330929332,0.0,3.6521292999999995
Kolkata,2026-10-06 09:00:00,2,31.104698904698903,0.0,3.1274013
Kolkata,2026-10-06 10:00:00,2,32.19178809178809,0.0,2.8344694
Kolkata,2026-10-06 11:00:00,2,32.94338164338164,0.0,2.7607844000000004
Kolkata,2026-10-06 12:00:00,2,33.24559464559464,0.0844512,2.5556381
Kolkata,2026-10-06 13:00:00,2,32.76931966931967,0.422256,2.5950286
Kolkata,2026-10-06 14:00:00,2,32.319401419401416,0.1534751,3.5863818000000003
Kolkata,2026-10-06 15:00:00,2,31.68696838696839,0.026798300000000004,3.1670366
Kolkata,2026-10-06 16:00:00,2,30.613607613607613,0.4872236000000001,2.6157152000000004
Kolkata,2026-10-06 17:00:00,2,29.49057389057389,0.2955792,3.5185440999999997
Kolkata,2026-10-06 18:00:00,2,28.634519734519735,0.0247449,4.173053299999999
Kolkata,2026-10-06 19:00:00,2,27.817705517705512,0.0247449,4.2314563
Kolkata,2026-10-06 20:00:00,2,27.207564907564908,0.0247449,4.58702
Kolkata,2026-10-06 21:00:00,2,26.89120219120219,0.0,4.6159338
Kolkata,2026-10-06 22:00:00,2,26.772770472770475,0.0,4.7644325
Kolkata,2026-10-06 23:00:00,2,26.479588079588076,0.24118470000000003,4.3131968999999994
Kolkata,2026-10-07 00:00:00,3,26.161723700000003,0.08833631166368833,3.6169930999999997
Kolkata,2026-10-07 01:00:00,3,25.8871669,0.0,2.8946053
Kolkata,2026-10-07 02:00:00,3,25.683098,0.0,3.0333322000000003
Kolkata,2026-10-07 03:00:00,3,25.483098000000002,0.0,2.3688390999999998
Kolkata,2026-10-07 04:00:00,3,25.2929417,0.0,2.6704988
Kolkata,2026-10-07 05:00:00,3,25.333316599999996,0.0,3.0330075
Kolkata,2026-10-07 06:00:00,3,26.0638288,0.0,3.3611527999999997
Kolkata,2026-10-07 07:00:00,3,27.4929599,0.0,3.6755047000000003
Kolkata,2026-10-07 08:00:00,3,28.859721899999997,0.1325044674955325,4.093495000000001
Kolkata,2026-10-07 09:00:00,3,30.1708905,0.044168155831844164,3.5141272000000003
Kolkata,2026-10-07 10:00:00,3,31.2427033,0.044168155831844164,2.8349291
Kolkata,2026-10-07 11:00:00,3,31.910466200000002,0.022084077915922082,2.7024074000000002
Kolkata,2026-10-07 12:00:00,3,32.2500609,0.05023704976295024,3.2854316000000003
Kolkata,2026-10-07 13:00:00,3,32.2272865,0.05023704976295024,3.5371847
Kolkata,2026-10-07 14:00:00,3,31.771595499999997,0.07232112767887232,3.427566
Kolkata,2026-10-07 15:00:00,3,30.712055499999998,0.35941414058585935,4.0392163
Kolkata,2026-10-07 16:00:00,3,29.6902258,0.2931619068380931,6.1479893
Kolkata,2026-10-07 17:00:00,3,28.6476227,0.248993751006249,7.3591259
Kolkata,2026-10-07 18:00:00,3,27.636111099999997,0.1544085455914544,6.718833399999999
Kolkata,2026-10-07 19:00:00,3,27.063936299999998,0.0,4.2966180000000005
Kolkata,2026-10-07 20:00:00,3,26.9123928,0.0,3.0814913
Kolkata,2026-10-07 21:00:00,3,26.840561,0.0,2.8676712
Kolkata,2026-10-07 22:00:00,3,26.7189288,0.0,4.0359886000000005
Kolkata,2026-10-07 23:00:00,3,26.5430471,0.0,4.3746343
Kota,2026-10-05 00:00:00,1,26.5459255,0.0,10.645535400000002
Kota,2026-10-05 01:00:00,1,25.981963999999998,0.0,10.374630800000002
Kota,2026-10-05 02:00:00,1,25.449475299999996,0.0,9.942437600000002
Kota,2026-10-05 03:00:00,1,24.9141992,0.0,9.343169000000001
Kota,2026-10-05 04:00:00,1,24.3653929,0.0,8.589183900000002
Kota,2026-10-05 05:00:00,1,24.025704400000002,0.0,7.744817100000001
Kota,2026-10-05 06:00:00,1,23.9830801,0.0,6.9620336
Kota,2026-10-05 07:00:00,1,24.9622692,0.0,6.5879267
Kota,2026-10-05 08:00:00,1,27.3624437,0.0,7.416494500000001
Kota,2026-10-05 09:00:00,1,29.7954413,0.0,9.0274094
Kota,2026-10-05 10:00:00,1,31.9717099,0.0,9.592948400000001
Kota,2026-10-05 11:00:00,1,33.761041199999994,0.0,10.387962000000002
Kota,2026-10-05 12:00:00,1,35.015456900000004,0.0,10.0498521
Kota,2026-10-05 13:00:00,1,35.7610083,0.0,9.754309000000001
Kota,2026-10-05 14:00:00,1,35.9699796,0.0,9.0040899
Kota,2026-10-05 15:00:00,1,35.6697261,0.0,7.970676300000001
Kota,2026-10-05 16:00:00,1,34.885536699999996,0.0,6.3848564
Kota,2026-10-05 17:00:00,1,33.2573793,0.0,4.630128500000001
Kota,2026-10-05 18:00:00,1,31.058360599999993,0.0,4.4109128
Kota,2026-10-05 19:00:00,1,29.3231637,0.0,6.6804094
Kota,2026-10-05 20:00:00,1,28.0319607,0.0,8.830061400000002
Kota,2026-10-05 21:00:00,1,27.189959099999996,0.0,9.8940943
Kota,2026-10-05 22:00:00,1,26.593067499999997,0.0,10.523549900000003
Kota,2026-10-05 23:00:00,1,26.0996119,0.0,10.6991318
Kota,2026-10-06 00:00:00,2,25.476288099999998,0.0,9.954150054150054
Kota,2026-10-06 01:00:00,2,24.753641100000003,0.0,9.278249778249778
Kota,2026-10-06 02:00:00,2,24.4357399,0.0,9.343226943226941
Kota,2026-10-06 03:00:00,2,24.088659,0.0,8.631434431434432
Kota,2026-10-06 04:00:00,2,23.592878600000002,0.0,7.366884266884267
Kota,2026-10-06 05:00:00,2,23.1838178,0.0,6.182450482450482
Kota,2026-10-06 06:00:00,2,23.0856297,0.0,5.19067189067189
Kota,2026-10-06 07:00:00,2,24.0753286,0.0,4.633261533261533
Kota,2026-10-06 08:00:00,2,26.562446100000003,0.0,4.897525497525497
Kota,2026-10-06 09:00:00,2,29.070419100000002,0.0,6.565805965805965
Kota,2026-10-06 10:00:00,2,31.094121,0.0,7.582774882774883
Kota,2026-10-06 11:00:00,2,32.6204089,0.0,8.23002703002703
Kota,2026-10-06 12:00:00,2,33.7268587,0.0,8.06980326980327
Kota,2026-10-06 13:00:00,2,34.5049358,0.0,7.312099212099212
Kota,2026-10-06 14:00:00,2,34.864254700000004,0.0,6.3137999137999135
Kota,2026-10-06 15:00:00,2,34.697335700000004,0.0,5.767862767862767
Kota,2026-10-06 16:00:00,2,34.1189528,0.0,5.7326704326704325
Kota,2026-10-06 17:00:00,2,32.749002,0.0,5.174645674645674
Kota,2026-10-06 18:00:00,2,30.815663100000002,0.0,4.609423509423508
Kota,2026-10-06 19:00:00,2,29.46103,0.0,4.671423371423371
Kota,2026-10-06 20:00:00,2,28.3658862,0.0,5.591667291667292
Kota,2026-10-06 21:00:00,2,27.461852,0.0,6.46000826000826
Kota,2026-10-06 22:00:00,2,26.525937100000004,0.0,6.864685464685463
Kota,2026-10-06 23:00:00,2,25.709015800000003,0.0,6.9963015963015955
Kota,2026-10-07 00:00:00,3,25.10677460677461,0.0,6.447850352149646
Kota,2026-10-07 01:00:00,3,24.50844620844621,0.0,6.248043151956847
Kota,2026-10-07 02:00:00,3,23.753562653562653,0.0,6.76178683821316
Kota,2026-10-07 03:00:00,3,23.146008946008944,0.0,6.473793226206773
Kota,2026-10-07 04:00:00,3,22.790431690431692,0.0,5.989343410656588
Kota,2026-10-07 05:00:00,3,22.6000504000504,0.0,5.312799587200412
Kota,2026-10-07 06:00:00,3,22.674473774473775,0.0,4.112893987106012
Kota,2026-10-07 07:00:00,3,23.746393946393944,0.0,4.38010821989178
Kota,2026-10-07 08:00:00,3,25.929645729645728,0.0,3.92073507926492
Kota,2026-10-07 09:00:00,3,28.3957824957825,0.0,5.926984473015526
Kota,2026-10-07 10:00:00,3,30.714210714210715,0.0,7.297202802797196
Kota,2026-10-07 11:00:00,3,32.62637602637602,0.0,8.367798332201666
Kota,2026-10-07 12:00:00,3,33.989191989191994,0.0,8.846604953395044
Kota,2026-10-07 13:00:00,3,34.77124537124537,0.0,8.82257517742482
Kota,2026-10-07 14:00:00,3,35.106430206430204,0.0,8.061868638131362
Kota,2026-10-07 15:00:00,3,34.941615041615044,0.0,6.776416823583175
Kota,2026-10-07 16:00:00,3,34.36840406840407,0.0,5.8354135645864345
Kota,2026-10-07 17:00:00,3,32.916472416472416,0.0,4.555166044833954
Kota,2026-10-07 18:00:00,3,31.02903532903533,0.0,3.775122924877075
Kota,2026-10-07 19:00:00,3,29.676344876344878,0.0,3.08007341992658
Kota,2026-10-07 20:00:00,3,28.572620872620874,0.0,3.824357675642324
Kota,2026-10-07 21:00:00,3,27.6061012061012,0.0,4.518727981272018
Kota,2026-10-07 22:00:00,3,26.59056749056749,0.0,5.393534906465093
Kota,2026-10-07 23:00:00,3,25.708479108479107,0.0,5.864720335279664
Lucknow,2026-10-05 00:00:00,1,26.247191247191246,0.0,4.0198343
Lucknow,2026-10-05 01:00:00,1,25.644003744003744,0.0,4.044968300000001
Lucknow,2026-10-05 02:00:00,1,25.211570311570313,0.0,3.8471673
Lucknow,2026-10-05 03:00:00,1,24.76324086324086,0.0,3.6388960000000004
Lucknow,2026-10-05 04:00:00,1,24.422649622649622,0.0,4.069187400000001
Lucknow,2026-10-05 05:00:00,1,24.27048267048267,0.0,4.1981307
Lucknow,2026-10-05 06:00:00,1,24.558694658694662,0.0,4.6730416
Lucknow,2026-10-05 07:00:00,1,25.795105595105596,0.0,4.9427496
Lucknow,2026-10-05 08:00:00,1,27.461832961832965,0.0,5.2511047
Lucknow,2026-10-05 09:00:00,1,29.055878455878457,0.0,5.7318485
Lucknow,2026-10-05 10:00:00,1,30.404284704284706,0.0,6.1431816999999995
Lucknow,2026-10-05 11:00:00,1,31.44999124999125,0.0,5.9473883
Lucknow,2026-10-05 12:00:00,1,31.796135496135495,0.0953776,5.0455393
Lucknow,2026-10-05 13:00:00,1,31.92723242723243,0.1907552,5.3810801
Lucknow,2026-10-05 14:00:00,1,32.00282630282631,0.0953776,4.7661393
Lucknow,2026-10-05 15:00:00,1,31.44996424996425,0.33382159999999994,7.5810992
Lucknow,2026-10-05 16:00:00,1,30.275955375955377,0.7630208,7.3275258
Lucknow,2026-10-05 17:00:00,1,29.206890106890107,0.0,5.9311801
Lucknow,2026-10-05 18:00:00,1,28.33023073023073,0.0,5.908164300000001
Lucknow,2026-10-05 19:00:00,1,27.54725504725505,0.0,7.809751800000001
Lucknow,2026-10-05 20:00:00,1,26.77975577975578,0.0,8.5614559
Lucknow,2026-10-05 21:00:00,1,26.320347020347022,0.0,8.404012700000001
Lucknow,2026-10-05 22:00:00,1,25.88187278187278,0.0,7.8207988
Lucknow,2026-10-05 23:00:00,1,25.480870480870486,0.0,7.0742041
Lucknow,2026-10-06 00:00:00,2,25.277178277178276,0.0,6.843115056884944
Lucknow,2026-10-06 01:00:00,2,24.989836989836988,0.0,6.98091911908088
Lucknow,2026-10-06 02:00:00,2,24.74995934995935,0.0,5.863418236581763
Lucknow,2026-10-06 03:00:00,2,24.475276775276775,0.0,5.117726482273517
Lucknow,2026-10-06 04:00:00,2,24.22084532084532,0.1091732,6.37020762979237
Lucknow,2026-10-06 05:00:00,2,24.124156024156022,0.0,6.606022593977406
Lucknow,2026-10-06 06:00:00,2,24.446753246753246,0.0,7.0940840059159935
Lucknow,2026-10-06 07:00:00,2,25.461140661140657,0.0,8.667497132502866
Lucknow,2026-10-06 08:00:00,2,26.600255000254997,0.0,9.397676702323297
Lucknow,2026-10-06 09:00:00,2,27.11963741963742,0.5905275,8.846968253031747
Lucknow,2026-10-06 10:00:00,2,27.4964893964894,0.5086476,6.803652396347604
Lucknow,2026-10-06 11:00:00,2,28.05037005037005,0.5086476,6.236621663378338
Lucknow,2026-10-06 12:00:00,2,28.624879824879827,0.2504642,6.142911457088543
Lucknow,2026-10-06 13:00:00,2,29.449684449684447,0.19587759999999999,7.584941615058385
Lucknow,2026-10-06 14:00:00,2,29.948859348859347,0.1685843,7.164476135523865
Lucknow,2026-10-06 15:00:00,2,30.13937823937824,0.0,6.1134200865799135
Lucknow,2026-10-06 16:00:00,2,29.809958309958308,0.0,4.835353764646236
Lucknow,2026-10-06 17:00:00,2,28.824963124963126,0.0,5.107954492045508
Lucknow,2026-10-06 18:00:00,2,27.683935283935284,0.0,5.893780906219094
Lucknow,2026-10-06 19:00:00,2,26.82173222173222,0.0,5.686590813409186
Lucknow,2026-10-06 20:00:00,2,26.216659516659515,0.0,5.5042843957156045
Lucknow,2026-10-06 21:00:00,2,25.73074023074023,0.05161520000000001,4.979472520527479
Lucknow,2026-10-06 22:00:00,2,25.344820944820942,0.0,4.896176903823096
Lucknow,2026-10-06 23:00:00,2,24.933577833577832,0.05161520000000001,4.647225352774647
Lucknow,2026-10-07 00:00:00,3,24.659566099999996,0.054797645202354785,5.294110294110294
Lucknow,2026-10-07 01:00:00,3,24.407165600000003,0.0,5.170953270953271
Lucknow,2026-10-07 02:00:00,3,24.1307112,0.14612705387294608,5.703317403317404
Lucknow,2026-10-07 03:00:00,3,23.9185279,0.0,5.771355571355571
Lucknow,2026-10-07 04:00:00,3,23.8036806,0.01826588173411826,5.454349254349253
Lucknow,2026-10-07 05:00:00,3,23.700227599999998,0.0,5.742095242095242
Lucknow,2026-10-07 06:00:00,3,23.653417100000002,0.5550334449665549,5.537005837005836
Lucknow,2026-10-07 07:00:00,3,24.4666025,0.5550334449665549,5.8040473040473035
Lucknow,2026-10-07 08:00:00,3,25.8853779,0.5550334449665549,5.8804309804309804
Lucknow,2026-10-07 09:00:00,3,27.252296700000002,0.1406143593856406,6.744946944946944
Lucknow,2026-10-07 10:00:00,3,28.5378454,0.1688300311699688,7.263676463676464
Lucknow,2026-10-07 11:00:00,3,29.558612300000004,0.11239868760131239,7.34992704992705
Lucknow,2026-10-07 12:00:00,3,30.038964,0.16836603163396835,6.167643367643367
Lucknow,2026-10-07 13:00:00,3,30.6109784,0.2383196616803383,4.37002287002287
Lucknow,2026-10-07 14:00:00,3,30.0220908,1.3769555230444768,6.412202912202911
Lucknow,2026-10-07 15:00:00,3,29.236458199999998,1.0564377435622563,6.946254046254046
Lucknow,2026-10-07 16:00:00,3,28.502128,0.0,7.965307965307965
Lucknow,2026-10-07 17:00:00,3,27.4354072,0.0,8.836958536958537
Lucknow,2026-10-07 18:00:00,3,26.4239809,0.0,7.239273439273439
Lucknow,2026-10-07 19:00:00,3,25.5288326,0.0,6.5981838981838985
Lucknow,2026-10-07 20:00:00,3,24.842414599999998,0.07306352693647304,4.941868041868041
Lucknow,2026-10-07 21:00:00,3,24.3856085,0.1826588173411826,4.543371243371242
Lucknow,2026-10-07 22:00:00,3,24.1234744,0.0,4.187271987271987
Lucknow,2026-10-07 23:00:00,3,23.7565393,0.0,3.9776775776775777
Ludhiana,2026-10-05 00:00:00,1,26.09119749119749,0.0,3.9145214000000004
Ludhiana,2026-10-05 01:00:00,1,25.474886074886072,0.0,4.8315497999999995
Ludhiana,2026-10-05 02:00:00,1,24.99135749135749,0.0,5.0796222
Ludhiana,2026-10-05 03:00:00,1,24.667829167829165,0.0,4.369081899999999
Ludhiana,2026-10-05 04:00:00,1,24.448415048415047,0.0,3.1603084999999997
Ludhiana,2026-10-05 05:00:00,1,24.356032656032657,0.0,2.4665242999999997
Ludhiana,2026-10-05 06:00:00,1,24.445541945541944,0.0,2.9425569000000005
Ludhiana,2026-10-05 07:00:00,1,25.404569804569803,0.0,3.9659381
Ludhiana,2026-10-05 08:00:00,1,27.666616166616166,0.0,4.8627946
Ludhiana,2026-10-05 09:00:00,1,30.055454855454848,0.0,5.6334339
Ludhiana,2026-10-05 10:00:00,1,32.05839755839755,0.0,6.1694293
Ludhiana,2026-10-05 11:00:00,1,33.54883764883765,0.0,6.3675704
Ludhiana,2026-10-05 12:00:00,1,34.54766614766615,0.0,6.615550799999999
Ludhiana,2026-10-05 13:00:00,1,35.205628805628805,0.0,7.048635699999999
Ludhiana,2026-10-05 14:00:00,1,35.564922964922964,0.0,6.781204799999999
Ludhiana,2026-10-05 15:00:00,1,35.44613424613424,0.0,6.085011499999999
Ludhiana,2026-10-05 16:00:00,1,34.916319816319806,0.0,5.7796902999999995
Ludhiana,2026-10-05 17:00:00,1,33.65967405967406,0.0,5.4698623
Ludhiana,2026-10-05 18:00:00,1,31.501672401672394,0.0,5.221745
Ludhiana,2026-10-05 19:00:00,1,30.0998363998364,0.0,4.8830469
Ludhiana,2026-10-05 20:00:00,1,28.57993117993118,0.0,3.7282725
Ludhiana,2026-10-05 21:00:00,1,27.757603557603556,0.0,6.029135999999999
Ludhiana,2026-10-05 22:00:00,1,27.036526836526832,0.0,7.3917078
Ludhiana,2026-10-05 23:00:00,1,26.456807056807055,0.0,7.4115566
Ludhiana,2026-10-06 00:00:00,2,25.956668399999998,0.0,7.3331095
Ludhiana,2026-10-06 01:00:00,2,25.4488012,0.0,7.495836300000001
Ludhiana,2026-10-06 02:00:00,2,25.0302989,0.0,7.4204004
Ludhiana,2026-10-06 03:00:00,2,24.6757408,0.0,7.354831499999999
Ludhiana,2026-10-06 04:00:00,2,24.3155801,0.0,7.844553699999999
Ludhiana,2026-10-06 05:00:00,2,24.0884952,0.0,7.8216904
Ludhiana,2026-10-06 06:00:00,2,23.995501700000002,0.0,8.0396693
Ludhiana,2026-10-06 07:00:00,2,25.0128638,0.0,8.8701043
Ludhiana,2026-10-06 08:00:00,2,27.090210400000004,0.0,10.361120699999999
Ludhiana,2026-10-06 09:00:00,2,29.3885153,0.0,10.5352892
Ludhiana,2026-10-06 10:00:00,2,31.466520100000004,0.0,10.709073699999998
Ludhiana,2026-10-06 11:00:00,2,33.2720098,0.0,9.6713688
Ludhiana,2026-10-06 12:00:00,2,34.506258200000005,0.0,8.7487637
Ludhiana,2026-10-06 13:00:00,2,35.2768206,0.0,6.683475399999999
Ludhiana,2026-10-06 14:00:00,2,35.6714879,0.0,6.0058601000000005
Ludhiana,2026-10-06 15:00:00,2,35.3385119,0.0386856,6.0758887
Ludhiana,2026-10-06 16:00:00,2,34.6618133,0.0193428,5.155251099999999
Ludhiana,2026-10-06 17:00:00,2,33.2121975,0.0,5.950534899999999
Ludhiana,2026-10-06 18:00:00,2,31.003815900000003,0.0,6.6143502
Ludhiana,2026-10-06 19:00:00,2,29.4881696,0.0,9.637563400000001
Ludhiana,2026-10-06 20:00:00,2,28.598546499999998,0.0,11.1340349
Ludhiana,2026-10-06 21:00:00,2,27.3715649,0.0,10.9502421
Ludhiana,2026-10-06 22:00:00,2,26.370015699999996,0.0,11.7135558
Ludhiana,2026-10-06 23:00:00,2,25.4844343,0.0,12.6558865
Ludhiana,2026-10-07 00:00:00,3,24.9287003,0.0,13.1046155
Ludhiana,2026-10-07 01:00:00,3,24.4349419,0.0,12.5778377
Ludhiana,2026-10-07 02:00:00,3,23.995691700000002,0.0,12.097793
Ludhiana,2026-10-07 03:00:00,3,23.5536144,1.0081768081768083,11.1028473
Ludhiana,2026-10-07 04:00:00,3,23.1115371,1.0081768081768083,11.0809317
Ludhiana,2026-10-07 05:00:00,3,22.8199382,1.0081768081768083,11.135265799999999
Ludhiana,2026-10-07 06:00:00,3,22.6993919,0.09756549756549757,10.365916499999999
Ludhiana,2026-10-07 07:00:00,3,23.474776,0.09756549756549757,10.693805099999999
Ludhiana,2026-10-07 08:00:00,3,25.0478036,0.09756549756549757,11.9113502
Ludhiana,2026-10-07 09:00:00,3,27.218926000000003,0.0,11.838237999999999
Ludhiana,2026-10-07 10:00:00,3,29.4248575,0.0,11.206899700000001
Ludhiana,2026-10-07 11:00:00,3,31.1583962,0.0,9.742097
Ludhiana,2026-10-07 12:00:00,3,32.3129044,0.0,8.760717699999999
Ludhiana,2026-10-07 13:00:00,3,33.1263235,0.0,8.1600968
Ludhiana,2026-10-07 14:00:00,3,33.619466599999996,0.0,6.550239999999999
Ludhiana,2026-10-07 15:00:00,3,33.561516,0.0,4.4783568
Ludhiana,2026-10-07 16:00:00,3,31.412737299999996,0.4430690430690431,5.306345800000001
Ludhiana,2026-10-07 17:00:00,3,30.0479858,0.06464906464906466,6.105588099999999
Ludhiana,2026-10-07 18:00:00,3,28.055670399999997,0.11636831636831638,6.4815973
Ludhiana,2026-10-07 19:00:00,3,27.0605509,0.0,4.8672776
Ludhiana,2026-10-07 20:00:00,3,26.0382125,0.0,4.6173059
Ludhiana,2026-10-07 21:00:00,3,25.482179000000002,0.0,4.0487029
Ludhiana,2026-10-07 22:00:00,3,25.1036821,0.0,3.4585011
Ludhiana,2026-10-07 23:00:00,3,24.8388711,0.0,2.7102500999999997
Madurai,2026-10-05 00:00:00,1,25.766871800000004,0.12514257485742514,4.2563685
Madurai,2026-10-05 01:00:00,1,25.639600799999997,0.0,4.3179208000000004
Madurai,2026-10-05 02:00:00,1,25.471398,0.0,4.6507504
Madurai,2026-10-05 03:00:00,1,25.363535000000002,0.07464982535017463,4.3567117
Madurai,2026-10-05 04:00:00,1,25.1113832,0.17418292581707415,4.7704944000000005
Madurai,2026-10-05 05:00:00,1,25.089514200000004,0.1244163755836244,4.9731901
Madurai,2026-10-05 06:00:00,1,25.4104386,0.02488327511672488,4.3406006
Madurai,2026-10-05 07:00:00,1,26.5306604,0.02488327511672488,3.5991991
Madurai,2026-10-05 08:00:00,1,27.941075399999995,0.0,3.74221
Madurai,2026-10-05 09:00:00,1,29.376676,0.0,2.9607557000000004
Madurai,2026-10-05 10:00:00,1,30.5869494,0.0,3.4486381
Madurai,2026-10-05 11:00:00,1,31.6098156,0.0,4.022458899999999
Madurai,2026-10-05 12:00:00,1,32.5384796,0.0,3.8999613999999996
Madurai,2026-10-05 13:00:00,1,33.2410936,0.0,4.3352913
Madurai,2026-10-05 14:00:00,1,33.5109132,0.0,5.0972301
Madurai,2026-10-05 15:00:00,1,33.2450796,0.14900385099614896,4.8954547999999996
Madurai,2026-10-05 16:00:00,1,32.5123148,0.14900385099614896,4.9552422
Madurai,2026-10-05 17:00:00,1,31.3503878,0.34914175085824906,5.1451487
Madurai,2026-10-05 18:00:00,1,29.5642138,1.1246621753378245,7.0962825
Madurai,2026-10-05 19:00:00,1,28.041967999999997,0.7993424006575991,11.0057331
Madurai,2026-10-05 20:00:00,1,27.272250800000002,0.22350577649422348,10.038855300000002
Madurai,2026-10-05 21:00:00,1,26.718553,0.0746005253994746,6.9135205
Madurai,2026-10-05 22:00:00,1,26.506836,0.02483397516602483,5.500354
Madurai,2026-10-05 23:00:00,1,26.306561600000002,0.199016900983099,4.3071056
Madurai,2026-10-06 00:00:00,2,26.07206607206607,0.07402349999999999,4.838261038261038
Madurai,2026-10-06 01:00:00,2,25.76074406074406,0.0,4.80970420970421
Madurai,2026-10-06 02:00:00,2,25.51352941352941,0.0,4.71025321025321
Madurai,2026-10-06 03:00:00,2,25.304011904011904,0.0,3.9333373333373336
Madurai,2026-10-06 04:00:00,2,25.101869601869602,0.0,3.4401927401927406
Madurai,2026-10-06 05:00:00,2,25.034566334566335,0.0,3.3141873141873144
Madurai,2026-10-06 06:00:00,2,25.260317760317758,0.0,3.4026597026597027
Madurai,2026-10-06 07:00:00,2,26.413603213603217,0.0,3.4673106673106675
Madurai,2026-10-06 08:00:00,2,28.030903930903932,0.0,5.05043285043285
Madurai,2026-10-06 09:00:00,2,29.585767985767987,0.0,6.0117680117680115
Madurai,2026-10-06 10:00:00,2,31.022854622854624,0.0,6.555319255319255
Madurai,2026-10-06 11:00:00,2,32.21041541041541,0.0,7.043560843560844
Madurai,2026-10-06 12:00:00,2,33.19135189135189,0.0,7.378339678339678
Madurai,2026-10-06 13:00:00,2,33.997440997441,0.0,8.016350316350318
Madurai,2026-10-06 14:00:00,2,34.20903720903721,0.0,8.073631273631275
Madurai,2026-10-06 15:00:00,2,33.791883491883496,0.09874680000000001,8.843701643701644
Madurai,2026-10-06 16:00:00,2,32.08773418773419,0.4856478,10.606046906046906
Madurai,2026-10-06 17:00:00,2,30.27251877251877,1.2852431999999998,12.453696853696854
Madurai,2026-10-06 18:00:00,2,29.05688215688216,0.657348,10.525115425115427
Madurai,2026-10-06 19:00:00,2,28.169152469152465,0.4767942,9.018169818169818
Madurai,2026-10-06 20:00:00,2,27.385707385707388,0.8379018,8.088560188560189
Madurai,2026-10-06 21:00:00,2,26.775333675333677,0.34672050000000004,7.697627297627298
Madurai,2026-10-06 22:00:00,2,26.3008526008526,0.37061790000000006,5.986334786334786
Madurai,2026-10-06 23:00:00,2,25.864744264744264,0.37061790000000006,6.062255962255963
Madurai,2026-10-07 00:00:00,3,25.573550426449568,0.0255308,4.8807244
Madurai,2026-10-07 01:00:00,3,25.35981064018936,0.0,4.5652489
Madurai,2026-10-07 02:00:00,3,25.19092700907299,0.0,4.137751
Madurai,2026-10-07 03:00:00,3,25.089287510712488,0.025182500000000003,3.5053721
Madurai,2026-10-07 04:00:00,3,25.02474677525322,0.0758765,3.2739521000000003
Madurai,2026-10-07 05:00:00,3,24.999828500171496,0.025346999999999998,3.6698519000000003
Madurai,2026-10-07 06:00:00,3,25.19140260859739,0.0,4.1134746
Madurai,2026-10-07 07:00:00,3,26.242865457134542,0.0,5.0598741
Madurai,2026-10-07 08:00:00,3,27.788117011882985,0.0,6.0013838999999995
Madurai,2026-10-07 09:00:00,3,29.280755019244975,0.0239397,5.8809714
Madurai,2026-10-07 10:00:00,3,30.713022086977908,0.0239397,7.1078548
Madurai,2026-10-07 11:00:00,3,31.906415393584602,0.0239397,8.5420465
Madurai,2026-10-07 12:00:00,3,32.816332083667916,0.0239397,9.808518600000001
Madurai,2026-10-07 13:00:00,3,33.09052300947699,0.0239397,10.8732329
Madurai,2026-10-07 14:00:00,3,33.117327482672515,0.0239397,10.7818943
Madurai,2026-10-07 15:00:00,3,32.602096897903095,0.0478794,10.816752099999999
Madurai,2026-10-07 16:00:00,3,31.39016520983479,0.4507994000000001,9.8531145
Madurai,2026-10-07 17:00:00,3,30.478504521495477,0.1989744,8.6931899
Madurai,2026-10-07 18:00:00,3,29.390091609908385,0.2167001,6.237306500000001
Madurai,2026-10-07 19:00:00,3,28.44490195509804,0.1915176,5.7964794
Madurai,2026-10-07 20:00:00,3,27.484933015066982,0.1915176,8.3789558
Madurai,2026-10-07 21:00:00,3,26.493030506969486,0.1436382,9.0766522
Madurai,2026-10-07 22:00:00,3,25.840899159100836,0.1436382,7.6081875
Madurai,2026-10-07 23:00:00,3,25.52437577562422,0.1689852,6.5863776000000005
Mumbai,2026-10-05 00:00:00,1,27.436066099999998,0.0,4.122034022034022
Mumbai,2026-10-05 01:00:00,1,26.9489899,0.0,3.5364590364590365
Mumbai,2026-10-05 02:00:00,1,26.4302297,0.0,3.958545758545758
Mumbai,2026-10-05 03:00:00,1,25.9359326,0.0,4.574267074267074
Mumbai,2026-10-05 04:00:00,1,25.554692799999998,0.0,4.872832972832972
Mumbai,2026-10-05 05:00:00,1,25.396475199999998,0.0,4.9141979141979135
Mumbai,2026-10-05 06:00:00,1,25.433374200000003,0.0,4.728793128793128
Mumbai,2026-10-05 07:00:00,1,25.9724772,0.0,4.7908957908957905
Mumbai,2026-10-05 08:00:00,1,27.918861800000002,0.0,4.739418839418839
Mumbai,2026-10-05 09:00:00,1,30.0761768,0.0,5.668064268064267
Mumbai,2026-10-05 10:00:00,1,31.9210516,0.0,6.749256649256649
Mumbai,2026-10-05 11:00:00,1,33.2159012,0.0,6.7138930138930135
Mumbai,2026-10-05 12:00:00,1,33.879066800000004,0.0,7.168738368738367
Mumbai,2026-10-05 13:00:00,1,34.1098624,0.0,9.026503226503225
Mumbai,2026-10-05 14:00:00,1,33.8669061,0.0,11.899499899499897
Mumbai,2026-10-05 15:00:00,1,33.310072999999996,0.0,13.971050071050069
Mumbai,2026-10-05 16:00:00,1,32.541890499999994,0.0,15.264081064081063
Mumbai,2026-10-05 17:00:00,1,31.396596699999996,0.0,14.923648323648322
Mumbai,2026-10-05 18:00:00,1,30.2310247,0.0,13.07160917160917
Mumbai,2026-10-05 19:00:00,1,29.304776600000004,0.0,10.287644387644386
Mumbai,2026-10-05 20:00:00,1,28.6153629,0.0,8.911158711158711
Mumbai,2026-10-05 21:00:00,1,28.1159154,0.0,7.403473903473903
Mumbai,2026-10-05 22:00:00,1,27.643135,0.0,5.699714899714899
Mumbai,2026-10-05 23:00:00,1,27.1926908,0.0,4.65069415069415
Mumbai,2026-10-06 00:00:00,2,26.798366700000003,0.0,4.3198762
Mumbai,2026-10-06 01:00:00,2,26.340564799999996,0.0,4.5370225
Mumbai,2026-10-06 02:00:00,2,26.0127958,0.0,4.717546899999999
Mumbai,2026-10-06 03:00:00,2,25.7150597,0.0,4.9322577999999995
Mumbai,2026-10-06 04:00:00,2,25.462823999999998,0.0,4.8609362
Mumbai,2026-10-06 05:00:00,2,25.267215500000002,0.0,4.659571199999999
Mumbai,2026-10-06 06:00:00,2,25.2097705,0.0,4.7358382
Mumbai,2026-10-06 07:00:00,2,25.6928049,0.0,4.8621228
Mumbai,2026-10-06 08:00:00,2,27.2054645,0.0,4.7784677
Mumbai,2026-10-06 09:00:00,2,29.015860200000002,0.0,5.7372214999999995
Mumbai,2026-10-06 10:00:00,2,30.639373999999997,0.0,6.459696
Mumbai,2026-10-06 11:00:00,2,31.879444499999998,0.0,6.725159099999999
Mumbai,2026-10-06 12:00:00,2,32.6784061,0.0,7.9656042
Mumbai,2026-10-06 13:00:00,2,33.0011021,0.0,11.01541
Mumbai,2026-10-06 14:00:00,2,32.8939015,0.0,13.711186899999998
Mumbai,2026-10-06 15:00:00,2,32.335639900000004,0.0,15.3749593
Mumbai,2026-10-06 16:00:00,2,31.5520095,0.0,16.112345100000002
Mumbai,2026-10-06 17:00:00,2,30.499501199999997,0.0,15.8342822
Mumbai,2026-10-06 18:00:00,2,29.3869271,0.0,13.706348100000001
Mumbai,2026-10-06 19:00:00,2,28.5770258,0.025305499999999998,10.310155
Mumbai,2026-10-06 20:00:00,2,28.214719000000002,0.0,8.152896599999998
Mumbai,2026-10-06 21:00:00,2,27.948650200000003,0.025305499999999998,6.745492
Mumbai,2026-10-06 22:00:00,2,27.705550000000002,0.0,6.151785
Mumbai,2026-10-06 23:00:00,2,27.533319000000002,0.0,5.971095900000001
Mumbai,2026-10-07 00:00:00,3,27.38223661776338,0.0,5.4921428
Mumbai,2026-10-07 01:00:00,3,27.124493775506217,0.0,5.4293758
Mumbai,2026-10-07 02:00:00,3,26.879779520220477,0.0,5.6906464
Mumbai,2026-10-07 03:00:00,3,26.611996288003706,0.0,5.6953683999999996
Mumbai,2026-10-07 04:00:00,3,26.419970980029014,0.0,5.398810600000001
Mumbai,2026-10-07 05:00:00,3,26.288309411690584,0.0,5.4011081999999995
Mumbai,2026-10-07 06:00:00,3,26.190882109117887,0.0,5.7326804
Mumbai,2026-10-07 07:00:00,3,26.61328498671501,0.0,6.128627400000001
Mumbai,2026-10-07 08:00:00,3,27.992832207167787,0.0,6.0476462
Mumbai,2026-10-07 09:00:00,3,29.72518397481602,0.0,6.3768078
Mumbai,2026-10-07 10:00:00,3,31.638236661763333,0.0,5.2190272
Mumbai,2026-10-07 11:00:00,3,33.224010875989116,0.0,4.4902312
Mumbai,2026-10-07 12:00:00,3,34.19376830623169,0.0,4.898687200000001
Mumbai,2026-10-07 13:00:00,3,34.79452120547879,0.0,6.0236719999999995
Mumbai,2026-10-07 14:00:00,3,34.968391731608264,0.0,8.5753184
Mumbai,2026-10-07 15:00:00,3,34.320395179604816,0.0,11.448405000000001
Mumbai,2026-10-07 16:00:00,3,33.14701225298774,0.0,13.2073782
Mumbai,2026-10-07 17:00:00,3,31.973344126655867,0.0,13.469695399999999
Mumbai,2026-10-07 18:00:00,3,30.756613043386952,0.0,12.018390400000001
Mumbai,2026-10-07 19:00:00,3,30.08503581496418,0.0,9.327352600000001
Mumbai,2026-10-07 20:00:00,3,29.629634470365524,0.0,7.850735
Mumbai,2026-10-07 21:00:00,3,29.263135236864763,0.0,6.6285864000000005
Mumbai,2026-10-07 22:00:00,3,28.822162077837916,0.0,5.867478600000001
Mumbai,2026-10-07 23:00:00,3,28.453823646176346,0.0,4.866178
Nagpur,2026-10-05 00:00:00,1,23.02231412231412,0.0,5.6749505000000005
Nagpur,2026-10-05 01:00:00,1,22.497329797329797,0.0,4.7756002
Nagpur,2026-10-05 02:00:00,1,22.068972968972965,0.0,4.027676700000001
Nagpur,2026-10-05 03:00:00,1,21.61001931001931,0.0,3.8991812
Nagpur,2026-10-05 04:00:00,1,21.206370406370404,0.0,3.943000100000001
Nagpur,2026-10-05 05:00:00,1,21.01162651162651,0.0,4.131399900000001
Nagpur,2026-10-05 06:00:00,1,21.38220758220758,0.0,4.227562700000001
Nagpur,2026-10-05 07:00:00,1,23.35871215871215,0.0,3.6396056000000003
Nagpur,2026-10-05 08:00:00,1,26.063741263741264,0.0,2.9772813000000005
Nagpur,2026-10-05 09:00:00,1,28.817802917802915,0.0,3.2144697000000004
Nagpur,2026-10-05 10:00:00,1,31.132861832861835,0.0,4.592942600000001
Nagpur,2026-10-05 11:00:00,1,32.745869445869445,0.0,5.851293200000001
Nagpur,2026-10-05 12:00:00,1,33.53759723759724,0.0,5.4654363
Nagpur,2026-10-05 13:00:00,1,33.84173814173814,0.0,4.1430644
Nagpur,2026-10-05 14:00:00,1,33.81479981479981,0.0,2.890464
Nagpur,2026-10-05 15:00:00,1,33.261555961555956,0.0,3.6064078000000004
Nagpur,2026-10-05 16:00:00,1,32.266989366989364,0.0,4.0084195000000005
Nagpur,2026-10-05 17:00:00,1,30.78236298236298,0.0,3.7427238000000003
Nagpur,2026-10-05 18:00:00,1,28.962709462709462,0.0,3.1440113000000003
Nagpur,2026-10-05 19:00:00,1,27.290673390673387,0.0,6.0200979000000014
Nagpur,2026-10-05 20:00:00,1,26.449476649476647,0.0,5.0476433
Nagpur,2026-10-05 21:00:00,1,25.977486677486677,0.0,5.0673003
Nagpur,2026-10-05 22:00:00,1,25.605220305220307,0.0,4.472211700000001
Nagpur,2026-10-05 23:00:00,1,24.911010111010107,0.0,5.145572300000001
Nagpur,2026-10-06 00:00:00,2,24.623820600000002,0.0,3.8784425
Nagpur,2026-10-06 01:00:00,2,24.3121286,0.0,4.6207766999999995
Nagpur,2026-10-06 02:00:00,2,23.879710800000005,0.0,4.6562956
Nagpur,2026-10-06 03:00:00,2,23.2886762,0.0,4.253895
Nagpur,2026-10-06 04:00:00,2,22.6363914,0.0,4.768832099999999
Nagpur,2026-10-06 05:00:00,2,22.291731900000002,0.0,3.8971979
Nagpur,2026-10-06 06:00:00,2,22.4894227,0.0,2.8625399
Nagpur,2026-10-06 07:00:00,2,24.221514300000003,0.0,2.44953
Nagpur,2026-10-06 08:00:00,2,26.501136600000002,0.0,2.6599456
Nagpur,2026-10-06 09:00:00,2,28.7209666,0.0,3.267906
Nagpur,2026-10-06 10:00:00,2,30.894112300000003,0.0,2.7110064
Nagpur,2026-10-06 11:00:00,2,32.712509,0.0,2.8772156
Nagpur,2026-10-06 12:00:00,2,33.7906172,0.0,3.6540296
Nagpur,2026-10-06 13:00:00,2,34.1013372,0.0,4.38417
Nagpur,2026-10-06 14:00:00,2,34.0440775,0.0,5.1483858
Nagpur,2026-10-06 15:00:00,2,33.6114657,0.0,5.3550876
Nagpur,2026-10-06 16:00:00,2,32.869491,0.0,4.7115857000000005
Nagpur,2026-10-06 17:00:00,2,31.5136597,0.0,3.2925873
Nagpur,2026-10-06 18:00:00,2,29.7487851,0.0157767,3.6351039000000003
Nagpur,2026-10-06 19:00:00,2,28.2130815,0.0,6.400809100000001
Nagpur,2026-10-06 20:00:00,2,26.8336332,0.04733009999999999,9.0069987
Nagpur,2026-10-06 21:00:00,2,25.9557969,0.0157767,5.7254097999999995
Nagpur,2026-10-06 22:00:00,2,25.4390541,0.034555999999999996,4.6645292000000005
Nagpur,2026-10-06 23:00:00,2,24.9139793,0.0,4.969293100000001
Nagpur,2026-10-07 00:00:00,3,24.5342849,0.0,4.956321999999999
Nagpur,2026-10-07 01:00:00,3,23.970297600000002,0.0,4.186796299999998
Nagpur,2026-10-07 02:00:00,3,23.4827905,0.0,4.504241499999999
Nagpur,2026-10-07 03:00:00,3,22.9738246,0.0,4.509123799999999
Nagpur,2026-10-07 04:00:00,3,22.5639008,0.0,5.0848420999999995
Nagpur,2026-10-07 05:00:00,3,22.32893,0.0,4.3636102999999995
Nagpur,2026-10-07 06:00:00,3,22.6467389,0.0,2.6132033999999997
Nagpur,2026-10-07 07:00:00,3,24.3292535,0.0,2.6276624999999996
Nagpur,2026-10-07 08:00:00,3,26.7665243,0.0,2.4767046999999995
Nagpur,2026-10-07 09:00:00,3,29.1337734,0.0,2.6828939
Nagpur,2026-10-07 10:00:00,3,31.2670096,0.0,3.243062599999999
Nagpur,2026-10-07 11:00:00,3,32.8791756,0.0,4.0846652
Nagpur,2026-10-07 12:00:00,3,33.781210900000005,0.0,4.982834399999999
Nagpur,2026-10-07 13:00:00,3,34.2094546,0.0,6.884626599999999
Nagpur,2026-10-07 14:00:00,3,34.2368021,0.0,7.922002799999998
Nagpur,2026-10-07 15:00:00,3,33.742426099999996,0.0,7.751976199999999
Nagpur,2026-10-07 16:00:00,3,33.0019324,0.0,5.8505039
Nagpur,2026-10-07 17:00:00,3,31.7014826,0.0,3.9916859999999996
Nagpur,2026-10-07 18:00:00,3,29.3068505,0.12209747790252212,4.507855499999999
Nagpur,2026-10-07 19:00:00,3,27.5770436,0.09157310842689159,4.913700999999999
Nagpur,2026-10-07 20:00:00,3,26.409587100000003,0.12993627006372996,4.525249799999999
Nagpur,2026-10-07 21:00:00,3,25.7295182,0.0,4.4449623
Nagpur,2026-10-07 22:00:00,3,25.363531099999996,0.0,5.6085064
Nagpur,2026-10-07 23:00:00,3,25.1439881,0.0,5.510780099999999
Nashik,2026-10-05 00:00:00,1,23.116994116994114,0.0,2.4916295999999996
Nashik,2026-10-05 01:00:00,1,22.75796715796716,0.0,2.8224616
Nashik,2026-10-05 02:00:00,1,22.398788798788797,0.0,3.0885072000000005
Nashik,2026-10-05 03:00:00,1,22.095447195447193,0.0,3.1656253999999997
Nashik,2026-10-05 04:00:00,1,21.87230807230807,0.0,2.9932742
Nashik,2026-10-05 05:00:00,1,21.764208664208663,0.0,2.7419233999999997
Nashik,2026-10-05 06:00:00,1,21.936402036402033,0.0,2.2630006
Nashik,2026-10-05 07:00:00,1,23.085867585867582,0.0,1.6405962
Nashik,2026-10-05 08:00:00,1,25.106851706851707,0.0,1.8481532
Nashik,2026-10-05 09:00:00,1,27.396274496274494,0.0,3.5695226
Nashik,2026-10-05 10:00:00,1,29.33322213322213,0.0,5.528863599999999
Nashik,2026-10-05 11:00:00,1,30.656896556896555,0.0,6.6127834
Nashik,2026-10-05 12:00:00,1,31.44528414528414,0.0,5.905747
Nashik,2026-10-05 13:00:00,1,31.823503023503022,0.0,5.3863086
Nashik,2026-10-05 14:00:00,1,31.924255424255424,0.0,4.7662788
Nashik,2026-10-05 15:00:00,1,31.82028822028822,0.0,5.4780248
Nashik,2026-10-05 16:00:00,1,31.269274969274964,0.0,8.2934824
Nashik,2026-10-05 17:00:00,1,29.912623012623012,0.0,9.976683399999999
Nashik,2026-10-05 18:00:00,1,27.515065515065512,0.0,8.5124444
Nashik,2026-10-05 19:00:00,1,26.018167118167113,0.0,7.784504599999999
Nashik,2026-10-05 20:00:00,1,25.124520024520024,0.0,7.453812399999999
Nashik,2026-10-05 21:00:00,1,24.299250499250498,0.0,6.834832800000001
Nashik,2026-10-05 22:00:00,1,23.65129605129605,0.0,5.816603199999999
Nashik,2026-10-05 23:00:00,1,23.105926205926202,0.0,4.5950874
Nashik,2026-10-06 00:00:00,2,22.686895286895286,0.0,3.5304807
Nashik,2026-10-06 01:00:00,2,22.304957304957306,0.0,3.5571500000000005
Nashik,2026-10-06 02:00:00,2,22.05172075172075,0.0,3.8599186
Nashik,2026-10-06 03:00:00,2,21.788413988413986,0.0,3.6946649999999996
Nashik,2026-10-06 04:00:00,2,21.365743565743564,0.0,3.2014547999999996
Nashik,2026-10-06 05:00:00,2,21.247799347799347,0.0,2.9179478000000003
Nashik,2026-10-06 06:00:00,2,21.46990486990487,0.0,2.4062905
Nashik,2026-10-06 07:00:00,2,22.660283760283757,0.0,1.9799973999999998
Nashik,2026-10-06 08:00:00,2,24.845876545876543,0.0,1.7179013999999997
Nashik,2026-10-06 09:00:00,2,27.196143296143294,0.0,3.3297424
Nashik,2026-10-06 10:00:00,2,29.240227740227738,0.0,5.894443600000001
Nashik,2026-10-06 11:00:00,2,30.685679385679386,0.0,7.8482033
Nashik,2026-10-06 12:00:00,2,31.6039481039481,0.0,8.0349808
Nashik,2026-10-06 13:00:00,2,32.077089677089674,0.0,6.6224039
Nashik,2026-10-06 14:00:00,2,32.250231250231245,0.0,5.3679785
Nashik,2026-10-06 15:00:00,2,32.19535839535839,0.0,3.8391903999999997
Nashik,2026-10-06 16:00:00,2,31.935466035466032,0.0,2.372857
Nashik,2026-10-06 17:00:00,2,30.618806718806717,0.0,6.9266423
Nashik,2026-10-06 18:00:00,2,27.965209465209462,0.0,8.3919817
Nashik,2026-10-06 19:00:00,2,25.931395131395128,0.0,8.1482543
Nashik,2026-10-06 20:00:00,2,24.808340508340507,0.0,7.133843199999999
Nashik,2026-10-06 21:00:00,2,24.208340508340505,0.0,4.9679437
Nashik,2026-10-06 22:00:00,2,23.756944456944456,0.0,3.7615056000000004
Nashik,2026-10-06 23:00:00,2,23.2981813981814,0.0,4.002003200000001
Nashik,2026-10-07 00:00:00,3,22.89192090807909,0.0,3.5394984605015387
Nashik,2026-10-07 01:00:00,3,22.55739084260916,0.0,2.7750090249909745
Nashik,2026-10-07 02:00:00,3,22.29144520855479,0.0,2.741367858632141
Nashik,2026-10-07 03:00:00,3,22.112725787274215,0.0,2.755651744348255
Nashik,2026-10-07 04:00:00,3,21.805977894022107,0.0,2.9895441104558893
Nashik,2026-10-07 05:00:00,3,21.599733400266597,0.0,3.395311404688595
Nashik,2026-10-07 06:00:00,3,21.566078533921466,0.0,4.07993402006598
Nashik,2026-10-07 07:00:00,3,22.54230015769984,0.0,4.298635401364598
Nashik,2026-10-07 08:00:00,3,25.02698397301603,0.0,5.434343465656534
Nashik,2026-10-07 09:00:00,3,27.6026373973626,0.0,7.630337369662628
Nashik,2026-10-07 10:00:00,3,29.912482887517115,0.0,9.961318238681761
Nashik,2026-10-07 11:00:00,3,31.521733278266723,0.0,11.923018076981922
Nashik,2026-10-07 12:00:00,3,32.31848248151752,0.0,12.130425569574427
Nashik,2026-10-07 13:00:00,3,32.727497372502626,0.0,10.947659252340745
Nashik,2026-10-07 14:00:00,3,32.86491723508277,0.0,10.006165593834405
Nashik,2026-10-07 15:00:00,3,32.76779623220377,0.0,8.222812377187623
Nashik,2026-10-07 16:00:00,3,32.35227364772635,0.0,6.911160688839311
Nashik,2026-10-07 17:00:00,3,31.1933222066778,0.0,4.635614964385035
Nashik,2026-10-07 18:00:00,3,28.933897866102136,0.0,5.64047115952884
Nashik,2026-10-07 19:00:00,3,27.174842525157477,0.0,7.296906903093096
Nashik,2026-10-07 20:00:00,3,26.446305953694047,0.0,6.747101252898746
Nashik,2026-10-07 21:00:00,3,25.833646866353135,0.0,5.92147357852642
Nashik,2026-10-07 22:00:00,3,25.64002625997374,0.0,5.007731192268807
Nashik,2026-10-07 23:00:00,3,25.41187088812911,0.0,4.2365889634110365
Patna,2026-10-05 00:00:00,1,26.08245018245018,0.0,3.417936017936018
Patna,2026-10-05 01:00:00,1,25.673958173958173,0.0,2.626697426697427
Patna,2026-10-05 02:00:00,1,25.295547695547697,0.0,2.470693770693771
Patna,2026-10-05 03:00:00,1,24.855676855676855,0.122872,3.238837638837639
Patna,2026-10-05 04:00:00,1,24.64098494098494,0.0245744,3.4760018760018765
Patna,2026-10-05 05:00:00,1,24.486649186649185,0.07372319999999999,4.776792376792377
Patna,2026-10-05 06:00:00,1,24.893628193628192,0.0491488,5.327251227251228
Patna,2026-10-05 07:00:00,1,26.52517652517652,0.0,4.991080191080192
Patna,2026-10-05 08:00:00,1,28.19188849188849,0.0,5.395179795179795
Patna,2026-10-05 09:00:00,1,29.639912639912637,0.0,5.721479021479022
Patna,2026-10-05 10:00:00,1,30.775482775482775,0.0,4.877959677959677
Patna,2026-10-05 11:00:00,1,31.659900059900057,0.0,5.155250755250756
Patna,2026-10-05 12:00:00,1,32.07457837457837,0.0279906,5.270422470422471
Patna,2026-10-05 13:00:00,1,31.93062023062023,0.1017138,6.862124062124063
Patna,2026-10-05 14:00:00,1,31.423563423563422,0.0771394,8.166839066839067
Patna,2026-10-05 15:00:00,1,30.846960746960747,0.122872,7.742186842186843
Patna,2026-10-05 16:00:00,1,29.991676391676386,0.35840439999999996,6.43048543048543
Patna,2026-10-05 17:00:00,1,28.77833127833128,0.37398719999999996,5.106606206606207
Patna,2026-10-05 18:00:00,1,27.68268148268148,0.311656,5.984527684527684
Patna,2026-10-05 19:00:00,1,27.089399589399587,0.1246624,5.0315028315028325
Patna,2026-10-05 20:00:00,1,26.747551747551746,0.0,3.7882423882423883
Patna,2026-10-05 21:00:00,1,26.548578148578144,0.1714108,3.794111994111994
Patna,2026-10-05 22:00:00,1,26.38848288848289,0.0,4.657273057273057
Patna,2026-10-05 23:00:00,1,26.191926691926692,0.2493248,5.194380394380395
Patna,2026-10-06 00:00:00,2,26.064478900000005,0.0,5.343187200000001
Patna,2026-10-06 01:00:00,2,25.724379700000007,0.0,5.377634
Patna,2026-10-06 02:00:00,2,25.4104899,0.0,5.8208374
Patna,2026-10-06 03:00:00,2,24.9954148,0.0857892,7.0010547
Patna,2026-10-06 04:00:00,2,24.601126800000003,0.0857892,8.4131186
Patna,2026-10-06 05:00:00,2,24.404283100000004,0.0857892,10.1388739
Patna,2026-10-06 06:00:00,2,24.540662500000003,0.38149500000000003,10.5476617
Patna,2026-10-06 07:00:00,2,25.422046200000004,0.07629899999999999,11.307649600000001
Patna,2026-10-06 08:00:00,2,26.526951300000004,0.0,12.143359
Patna,2026-10-06 09:00:00,2,27.825692000000004,0.0,11.8299403
Patna,2026-10-06 10:00:00,2,28.919237900000006,0.15259799999999998,11.4853624
Patna,2026-10-06 11:00:00,2,29.811598500000002,0.101732,10.3204936
Patna,2026-10-06 12:00:00,2,30.356531200000006,0.2669836,9.6297858
Patna,2026-10-06 13:00:00,2,30.499703300000004,0.2415506,9.3986061
Patna,2026-10-06 14:00:00,2,30.449271400000004,0.1405231,8.674574600000001
Patna,2026-10-06 15:00:00,2,29.940508900000005,0.20017479999999999,7.660674199999999
Patna,2026-10-06 16:00:00,2,29.201290600000007,0.20017479999999999,6.0984663
Patna,2026-10-06 17:00:00,2,28.016017700000003,0.20017479999999999,6.180339
Patna,2026-10-06 18:00:00,2,27.117655400000004,0.0857892,5.1032036000000005
Patna,2026-10-06 19:00:00,2,26.68777250000001,0.0857892,4.186343900000001
Patna,2026-10-06 20:00:00,2,26.330014800000004,0.0857892,4.340760800000001
Patna,2026-10-06 21:00:00,2,25.996295700000005,0.0,3.6630879
Patna,2026-10-06 22:00:00,2,25.688185400000002,0.0,3.3155635000000006
Patna,2026-10-06 23:00:00,2,25.362154600000004,0.0,4.0388532
Patna,2026-10-07 00:00:00,3,25.07986607986608,0.0,4.871390928609071
Patna,2026-10-07 01:00:00,3,24.7980823980824,0.0,4.492677807322194
Patna,2026-10-07 02:00:00,3,24.52024022024022,0.0,4.734029265970735
Patna,2026-10-07 03:00:00,3,24.20862560862561,0.407046,6.04924455075545
Patna,2026-10-07 04:00:00,3,23.882054182054183,0.407046,6.254417145582855
Patna,2026-10-07 05:00:00,3,23.73963403963404,0.407046,6.337738062261939
Patna,2026-10-07 06:00:00,3,24.05009455009455,0.0271364,6.282262717737283
Patna,2026-10-07 07:00:00,3,25.413182813182814,0.0271364,7.015355284644716
Patna,2026-10-07 08:00:00,3,26.841823641823638,0.0271364,8.372238627761373
Patna,2026-10-07 09:00:00,3,27.910666110666106,0.1752618,8.44909465090535
Patna,2026-10-07 10:00:00,3,29.07402357402357,0.1752618,7.982614217385784
Patna,2026-10-07 11:00:00,3,30.077396177396174,0.1126934,7.902410197589804
Patna,2026-10-07 12:00:00,3,30.803106103106103,0.0542728,7.375037624962377
Patna,2026-10-07 13:00:00,3,31.158856858856858,0.0542728,6.615916084083917
Patna,2026-10-07 14:00:00,3,31.237523137523134,0.0542728,5.846621753378248
Patna,2026-10-07 15:00:00,3,30.901525201525203,0.1085456,4.968155431844569
Patna,2026-10-07 16:00:00,3,30.36775276775277,0.1085456,3.8171623828376173
Patna,2026-10-07 17:00:00,3,29.26994786994787,0.14794040000000003,2.664582335417665
Patna,2026-10-07 18:00:00,3,28.362251362251364,0.0,3.7070408929591077
Patna,2026-10-07 19:00:00,3,27.480647180647175,0.019697400000000004,4.725305374694626
Patna,2026-10-07 20:00:00,3,26.746685946685943,0.0,4.767701532298468
Patna,2026-10-07 21:00:00,3,26.1013653013653,0.019697400000000004,5.310597089402911
Patna,2026-10-07 22:00:00,3,25.702226802226804,0.0,4.667783032216969
Patna,2026-10-07 23:00:00,3,25.249915049915046,0.0,4.906223093776907
Pune,2026-10-05 00:00:00,1,23.514830714830715,0.0,3.1187101
Pune,2026-10-05 01:00:00,1,23.111714011714007,0.0,2.7122801
Pune,2026-10-05 02:00:00,1,22.76884306884307,0.0,2.4872377
Pune,2026-10-05 03:00:00,1,22.414168014168013,0.0,1.9960746
Pune,2026-10-05 04:00:00,1,22.177266277266277,0.0,2.0234646000000005
Pune,2026-10-05 05:00:00,1,22.166612966612966,0.0,2.1891350000000003
Pune,2026-10-05 06:00:00,1,22.43002733002733,0.0,2.4128737
Pune,2026-10-05 07:00:00,1,23.71528471528471,0.0,2.2469542
Pune,2026-10-05 08:00:00,1,25.897429797429794,0.0,2.1635717000000003
Pune,2026-10-05 09:00:00,1,28.09308429308429,0.0,3.9424694000000007
Pune,2026-10-05 10:00:00,1,29.733102733102733,0.0,4.7206138
Pune,2026-10-05 11:00:00,1,30.914238514238512,0.0,4.9443007
Pune,2026-10-05 12:00:00,1,31.8005349005349,0.027979300000000002,3.7659115
Pune,2026-10-05 13:00:00,1,32.189683789683784,0.027979300000000002,4.3648231
Pune,2026-10-05 14:00:00,1,32.252041352041346,0.027979300000000002,7.081272100000001
Pune,2026-10-05 15:00:00,1,32.13326313326313,0.0,8.2685445
Pune,2026-10-05 16:00:00,1,31.57450677450677,0.0,9.6668773
Pune,2026-10-05 17:00:00,1,30.107737307737303,0.0,10.3161935
Pune,2026-10-05 18:00:00,1,28.19435779435779,0.0,9.169212
Pune,2026-10-05 19:00:00,1,26.719533419533416,0.0,6.992295100000001
Pune,2026-10-05 20:00:00,1,25.47985717985718,0.0,5.5294443
Pune,2026-10-05 21:00:00,1,24.612503012503012,0.0,4.363139400000001
Pune,2026-10-05 22:00:00,1,24.007896907896907,0.0,4.3137517
Pune,2026-10-05 23:00:00,1,23.384280684280682,0.0,4.6259001
Pune,2026-10-06 00:00:00,2,22.915167500000003,0.0,4.487769999999999
Pune,2026-10-06 01:00:00,2,22.542138799999996,0.0,3.6151631999999996
Pune,2026-10-06 02:00:00,2,22.4077391,0.0,3.6485544
Pune,2026-10-06 03:00:00,2,22.346172799999998,0.0,3.5003151
Pune,2026-10-06 04:00:00,2,22.0229532,0.0,2.7725252
Pune,2026-10-06 05:00:00,2,21.9284996,0.0,2.1288881
Pune,2026-10-06 06:00:00,2,22.166019300000002,0.0,1.4655737999999998
Pune,2026-10-06 07:00:00,2,23.2768793,0.0,1.9899903
Pune,2026-10-06 08:00:00,2,25.4998917,0.0,2.2217037
Pune,2026-10-06 09:00:00,2,27.726472700000002,0.0,4.4583127000000005
Pune,2026-10-06 10:00:00,2,29.5077397,0.0,6.547112800000001
Pune,2026-10-06 11:00:00,2,31.081636599999996,0.0,6.9885813
Pune,2026-10-06 12:00:00,2,32.20280819999999,0.0,7.5039262
Pune,2026-10-06 13:00:00,2,32.8477148,0.0,7.2901398
Pune,2026-10-06 14:00:00,2,33.0112586,0.0,6.6150205
Pune,2026-10-06 15:00:00,2,32.3255667,0.09352020000000001,7.217694099999999
Pune,2026-10-06 16:00:00,2,31.160626799999996,0.061990800000000006,8.3981796
Pune,2026-10-06 17:00:00,2,29.4823721,0.0304614,9.3388645
Pune,2026-10-06 18:00:00,2,27.337544799999996,0.1047315,9.0466687
Pune,2026-10-06 19:00:00,2,26.1147772,0.165571,6.224359799999999
Pune,2026-10-06 20:00:00,2,25.1485824,0.1092849,3.9737093
Pune,2026-10-06 21:00:00,2,24.7251675,0.0472941,2.7892387
Pune,2026-10-06 22:00:00,2,24.508985699999997,0.0,3.1663981999999997
Pune,2026-10-06 23:00:00,2,24.3118607,0.0,3.0217446000000003
Pune,2026-10-07 00:00:00,3,24.053813700000003,0.0,2.6416506
Pune,2026-10-07 01:00:00,3,23.5698826,0.12522,1.5720743
Pune,2026-10-07 02:00:00,3,23.2155488,0.0,0.9127135000000001
Pune,2026-10-07 03:00:00,3,22.8080797,0.0,1.7386083
Pune,2026-10-07 04:00:00,3,22.324785000000002,0.0,2.5373298
Pune,2026-10-07 05:00:00,3,22.1007707,0.0,2.3634535999999997
Pune,2026-10-07 06:00:00,3,22.099718300000003,0.0,2.2516601
Pune,2026-10-07 07:00:00,3,23.195043300000002,0.0,3.0292708000000004
Pune,2026-10-07 08:00:00,3,25.531044200000004,0.0,4.6288455
Pune,2026-10-07 09:00:00,3,27.8778,0.0,8.0839701
Pune,2026-10-07 10:00:00,3,29.7358845,0.0,10.352455599999999
Pune,2026-10-07 11:00:00,3,31.2739587,0.0,11.513863500000001
Pune,2026-10-07 12:00:00,3,32.2744696,0.0,11.3219092
Pune,2026-10-07 13:00:00,3,32.8636981,0.0,10.5644077
Pune,2026-10-07 14:00:00,3,33.077101000000006,0.0,9.725611500000001
Pune,2026-10-07 15:00:00,3,32.9522556,0.0,8.430327900000002
Pune,2026-10-07 16:00:00,3,32.472790800000006,0.0,7.2642067
Pune,2026-10-07 17:00:00,3,31.346572799999997,0.0,5.7657319
Pune,2026-10-07 18:00:00,3,29.2725003,0.0,3.0568839000000003
Pune,2026-10-07 19:00:00,3,27.5046521,0.0,4.0825573
Pune,2026-10-07 20:00:00,3,26.116205800000003,0.0,5.4730962000000005
Pune,2026-10-07 21:00:00,3,25.856303000000004,0.0,4.7840278000000005
Pune,2026-10-07 22:00:00,3,25.359861600000002,0.0,4.3201398
Pune,2026-10-07 23:00:00,3,24.887289800000005,0.0,2.2774048000000002
Raipur,2026-10-05 00:00:00,1,23.436545300000002,0.0,5.3073315
Raipur,2026-10-05 01:00:00,1,23.1620191,0.0,5.144820700000001
Raipur,2026-10-05 02:00:00,1,22.751216399999997,0.0,5.078458500000001
Raipur,2026-10-05 03:00:00,1,22.238626800000002,0.0,4.870518500000001
Raipur,2026-10-05 04:00:00,1,21.8529157,0.0,4.473723700000001
Raipur,2026-10-05 05:00:00,1,21.7198308,0.0,5.090094100000001
Raipur,2026-10-05 06:00:00,1,22.136988100000003,0.0,5.761450100000001
Raipur,2026-10-05 07:00:00,1,23.9928777,0.0,5.7535459000000015
Raipur,2026-10-05 08:00:00,1,26.3689534,0.0,6.4702745
Raipur,2026-10-05 09:00:00,1,28.4880805,0.0,6.822769000000001
Raipur,2026-10-05 10:00:00,1,30.364047900000003,0.0,7.5632194
Raipur,2026-10-05 11:00:00,1,31.749031100000003,0.0,8.063228600000002
Raipur,2026-10-05 12:00:00,1,32.516702699999996,0.0,7.8244367000000015
Raipur,2026-10-05 13:00:00,1,32.8449859,0.0,7.079323100000002
Raipur,2026-10-05 14:00:00,1,32.8556118,0.0,5.9801175
Raipur,2026-10-05 15:00:00,1,32.402132,0.0,5.2470277
Raipur,2026-10-05 16:00:00,1,31.331171700000002,0.0,5.501391300000002
Raipur,2026-10-05 17:00:00,1,29.1585374,0.0,5.878410200000001
Raipur,2026-10-05 18:00:00,1,27.7843283,0.0,5.459874900000001
Raipur,2026-10-05 19:00:00,1,26.753501699999997,0.0244491,5.993236800000001
Raipur,2026-10-05 20:00:00,1,25.884272699999997,0.13593929999999999,4.6166865
Raipur,2026-10-05 21:00:00,1,25.3008631,0.03883980000000001,4.818558
Raipur,2026-10-05 22:00:00,1,24.7476858,0.0,5.1873866
Raipur,2026-10-05 23:00:00,1,24.3229685,0.0,5.385762500000001
Raipur,2026-10-06 00:00:00,2,23.86817486817487,0.0,4.9561579
Raipur,2026-10-06 01:00:00,2,23.532892432892428,0.0,5.0416388
Raipur,2026-10-06 02:00:00,2,23.27920807920808,0.0,4.4703403
Raipur,2026-10-06 03:00:00,2,22.78190438190438,0.0,4.712158799999999
Raipur,2026-10-06 04:00:00,2,22.43391973391973,0.0,5.480403
Raipur,2026-10-06 05:00:00,2,22.26017526017526,0.0,5.30181
Raipur,2026-10-06 06:00:00,2,22.62300092300092,0.0,5.529792199999999
Raipur,2026-10-06 07:00:00,2,24.49111909111909,0.0,5.945030599999999
Raipur,2026-10-06 08:00:00,2,26.67113587113587,0.0,6.3628502
Raipur,2026-10-06 09:00:00,2,28.674785274785275,0.0,6.5417207
Raipur,2026-10-06 10:00:00,2,30.37217747217747,0.0,6.575753599999999
Raipur,2026-10-06 11:00:00,2,31.77789227789227,0.0,6.809442499999999
Raipur,2026-10-06 12:00:00,2,32.65672065672065,0.0,6.563666
Raipur,2026-10-06 13:00:00,2,33.165043265043266,0.0,6.104895600000001
Raipur,2026-10-06 14:00:00,2,33.168839468839465,0.0,5.0412622
Raipur,2026-10-06 15:00:00,2,32.50646850646851,0.11258520000000001,4.0699616
Raipur,2026-10-06 16:00:00,2,31.32021532021532,0.11258520000000001,4.0186354
Raipur,2026-10-06 17:00:00,2,28.765606465606467,0.11258520000000001,3.9300105
Raipur,2026-10-06 18:00:00,2,26.660915960915958,0.16913979999999998,6.797058700000001
Raipur,2026-10-06 19:00:00,2,25.85150855150855,0.1442355,5.447978
Raipur,2026-10-06 20:00:00,2,25.623184923184922,0.0,4.2536242
Raipur,2026-10-06 21:00:00,2,25.212925112925113,0.0,2.9887157
Raipur,2026-10-06 22:00:00,2,24.547341347341344,0.0,3.6508526
Raipur,2026-10-06 23:00:00,2,24.025054725054723,0.0,3.2518799
Raipur,2026-10-07 00:00:00,3,23.5272914,0.0,3.04034075965924
Raipur,2026-10-07 01:00:00,3,22.9824084,0.025774174225825775,3.323969976030024
Raipur,2026-10-07 02:00:00,3,22.510231400000002,0.07732252267747732,3.4064226935773063
Raipur,2026-10-07 03:00:00,3,22.197373300000002,0.0,2.748319651680348
Raipur,2026-10-07 04:00:00,3,21.860695,0.0,2.976389423610576
Raipur,2026-10-07 05:00:00,3,21.7357885,0.0,3.0357060642939353
Raipur,2026-10-07 06:00:00,3,22.1116193,0.0,3.1513767486232505
Raipur,2026-10-07 07:00:00,3,23.848176,0.0,2.7159426840573153
Raipur,2026-10-07 08:00:00,3,25.864178,0.0,3.078603721396279
Raipur,2026-10-07 09:00:00,3,27.780709,0.0,3.324619375380624
Raipur,2026-10-07 10:00:00,3,29.511476800000004,0.0,3.8495953504046496
Raipur,2026-10-07 11:00:00,3,30.8333893,0.0,4.8569355430644565
Raipur,2026-10-07 12:00:00,3,31.772570100000003,0.027699172300827697,6.195208304791693
Raipur,2026-10-07 13:00:00,3,32.2307186,0.0,7.070284129715869
Raipur,2026-10-07 14:00:00,3,32.134478200000004,0.0,7.219377480622519
Raipur,2026-10-07 15:00:00,3,31.245103800000003,0.165017034982965,6.66068403931596
Raipur,2026-10-07 16:00:00,3,29.8317501,0.2481145518854481,4.786038113961886
Raipur,2026-10-07 17:00:00,3,28.051581499999998,0.1373178626821373,4.7613492386507605
Raipur,2026-10-07 18:00:00,3,27.071728800000002,0.019063080936919063,4.583653716346284
Raipur,2026-10-07 19:00:00,3,26.4231446,0.0,4.44034125965874
Raipur,2026-10-07 20:00:00,3,25.7541273,0.0,2.813225686774313
Raipur,2026-10-07 21:00:00,3,25.259630400000002,0.0,1.9855381144618853
Raipur,2026-10-07 22:00:00,3,24.7799276,0.0,3.0817284182715814
Raipur,2026-10-07 23:00:00,3,24.2628676,0.0,2.9395266604733394
Ranchi,2026-10-05 00:00:00,1,21.2343361,0.0,4.8640208
Ranchi,2026-10-05 01:00:00,1,21.045474999999996,0.0,4.676622999999999
Ranchi,2026-10-05 02:00:00,1,20.902915299999997,0.0,4.802457599999999
Ranchi,2026-10-05 03:00:00,1,20.6805513,0.0,4.791795
Ranchi,2026-10-05 04:00:00,1,20.5578814,0.0,5.137747600000001
Ranchi,2026-10-05 05:00:00,1,20.6170827,0.0,5.6844508000000005
Ranchi,2026-10-05 06:00:00,1,21.4450356,0.0,6.435816999999999
Ranchi,2026-10-05 07:00:00,1,23.6807203,0.0,6.9449271999999995
Ranchi,2026-10-05 08:00:00,1,25.855152,0.0,8.0931716
Ranchi,2026-10-05 09:00:00,1,27.3164658,0.033665066334933665,9.017403600000002
Ranchi,2026-10-05 10:00:00,1,28.3929661,0.033665066334933665,9.4922422
Ranchi,2026-10-05 11:00:00,1,29.0300231,0.033665066334933665,9.6492608
Ranchi,2026-10-05 12:00:00,1,29.3121444,0.06733013266986733,9.7339132
Ranchi,2026-10-05 13:00:00,1,29.127667199999998,0.06733013266986733,10.0340186
Ranchi,2026-10-05 14:00:00,1,28.194032399999998,0.06733013266986733,9.7568528
Ranchi,2026-10-05 15:00:00,1,27.798372399999998,0.054855845144154855,9.722755800000002
Ranchi,2026-10-05 16:00:00,1,26.9990704,0.018285281714718285,9.3332982
Ranchi,2026-10-05 17:00:00,1,25.4881343,0.03046676953323047,7.830597000000001
Ranchi,2026-10-05 18:00:00,1,24.2317131,0.0,6.6633112
Ranchi,2026-10-05 19:00:00,1,23.2874651,0.0,5.622407
Ranchi,2026-10-05 20:00:00,1,22.666018800000003,0.0,4.734923
Ranchi,2026-10-05 21:00:00,1,22.3363455,0.0,3.9650833999999997
Ranchi,2026-10-05 22:00:00,1,22.0940917,0.0,3.4154752
Ranchi,2026-10-05 23:00:00,1,21.6002062,0.0,3.159741
Ranchi,2026-10-06 00:00:00,2,21.3290826,0.0,3.2936467
Ranchi,2026-10-06 01:00:00,2,21.164541299999996,0.0,3.5307144000000004
Ranchi,2026-10-06 02:00:00,2,21.0389728,0.0,3.5220047
Ranchi,2026-10-06 03:00:00,2,20.851108,0.0941232,3.9939970000000002
Ranchi,2026-10-06 04:00:00,2,20.5769686,0.0941232,4.3632472
Ranchi,2026-10-06 05:00:00,2,20.5611727,0.1447234,4.6074064
Ranchi,2026-10-06 06:00:00,2,21.5238191,0.0,4.437117300000001
Ranchi,2026-10-06 07:00:00,2,23.3475786,0.0,4.7777463000000004
Ranchi,2026-10-06 08:00:00,2,24.84749,0.0253001,5.9215368
Ranchi,2026-10-06 09:00:00,2,26.0594923,0.20847509999999997,6.5310439
Ranchi,2026-10-06 10:00:00,2,26.981982700000003,0.16135090000000002,6.581349899999999
Ranchi,2026-10-06 11:00:00,2,27.360249399999997,0.16135090000000002,7.5276635
Ranchi,2026-10-06 12:00:00,2,27.1747182,0.48003930000000006,7.8404262
Ranchi,2026-10-06 13:00:00,2,26.3574486,0.4730326,8.1175316
Ranchi,2026-10-06 14:00:00,2,25.346030499999998,0.36684020000000006,6.574647
Ranchi,2026-10-06 15:00:00,2,25.134976199999997,0.4283479,4.7475145
Ranchi,2026-10-06 16:00:00,2,24.599403699999996,0.9074617,5.0924028
Ranchi,2026-10-06 17:00:00,2,24.043335299999995,0.4366026,2.8361752000000005
Ranchi,2026-10-06 18:00:00,2,23.4306438,0.0503322,3.3362619
Ranchi,2026-10-06 19:00:00,2,22.885412499999997,0.086651,3.023366
Ranchi,2026-10-06 20:00:00,2,22.4030464,0.0,2.1059329
Ranchi,2026-10-06 21:00:00,2,22.100333699999997,0.0167774,2.3782563000000003
Ranchi,2026-10-06 22:00:00,2,21.808910500000003,0.0,2.4136989
Ranchi,2026-10-06 23:00:00,2,21.5958273,0.026548100000000005,3.4137754000000005
Ranchi,2026-10-07 00:00:00,3,21.331352668647334,0.0194018194018194,3.5852023852023853
Ranchi,2026-10-07 01:00:00,3,21.112449287550714,0.01818821818821819,3.5888957888957886
Ranchi,2026-10-07 02:00:00,3,20.992132107867896,0.03637643637643638,3.850771850771851
Ranchi,2026-10-07 03:00:00,3,20.74948275051725,0.07275287275287276,3.8149855149855143
Ranchi,2026-10-07 04:00:00,3,20.554394745605258,0.5550820550820551,4.034413034413034
Ranchi,2026-10-07 05:00:00,3,20.567275932724066,0.4022555022555023,4.363054863054863
Ranchi,2026-10-07 06:00:00,3,21.209783290216713,0.12377092377092379,5.120952920952921
Ranchi,2026-10-07 07:00:00,3,22.80684239315761,0.0,6.206238106238107
Ranchi,2026-10-07 08:00:00,3,24.242755057244942,0.03637643637643638,7.536589836589837
Ranchi,2026-10-07 09:00:00,3,25.45705004294996,0.031467231467231474,8.036522936522935
Ranchi,2026-10-07 10:00:00,3,26.519987880012124,0.062409962409962425,7.992227492227492
Ranchi,2026-10-07 11:00:00,3,27.141351858648147,0.2989117989117989,7.0197894197894195
Ranchi,2026-10-07 12:00:00,3,27.22884227115773,0.267969067969068,6.379521779521779
Ranchi,2026-10-07 13:00:00,3,26.632150167849833,0.4608128608128609,7.06978216978217
Ranchi,2026-10-07 14:00:00,3,25.922611577388423,0.2588945588945589,7.424837824837825
Ranchi,2026-10-07 15:00:00,3,25.30220079779921,0.5866812866812866,7.425294025294024
Ranchi,2026-10-07 16:00:00,3,24.65439784560216,0.6880830880830882,5.748246248246248
Ranchi,2026-10-07 17:00:00,3,23.435603164396838,0.6571403571403571,4.563458863458863
Ranchi,2026-10-07 18:00:00,3,22.57982792017208,0.6807400807400809,4.851244851244852
Ranchi,2026-10-07 19:00:00,3,22.275855424144577,0.12377092377092379,4.171980371980372
Ranchi,2026-10-07 20:00:00,3,21.91453228546772,0.0,3.2097031097031095
Ranchi,2026-10-07 21:00:00,3,21.3987208012792,0.0,3.5467473467473463
Ranchi,2026-10-07 22:00:00,3,21.013015786984212,0.0,4.121223321223321
Ranchi,2026-10-07 23:00:00,3,20.73679646320354,0.0,4.283190583190583
Shillong,2026-10-05 00:00:00,1,15.7477568,0.0,3.406551200000001
Shillong,2026-10-05 01:00:00,1,15.529340200000002,0.0,3.8910588000000006
Shillong,2026-10-05 02:00:00,1,15.306434799999998,0.0,4.281247400000001
Shillong,2026-10-05 03:00:00,1,14.8805723,0.0,4.3312816000000005
Shillong,2026-10-05 04:00:00,1,14.4843297,0.0,4.3924778
Shillong,2026-10-05 05:00:00,1,14.5012776,0.0,4.3440710000000005
Shillong,2026-10-05 06:00:00,1,16.0875665,0.0,3.3749100000000003
Shillong,2026-10-05 07:00:00,1,18.730992,0.0,1.9374378000000003
Shillong,2026-10-05 08:00:00,1,20.8999408,0.0,2.8791422000000004
Shillong,2026-10-05 09:00:00,1,22.267464200000003,0.0470948,3.6367628000000005
Shillong,2026-10-05 10:00:00,1,23.171259,0.0470948,4.384250000000001
Shillong,2026-10-05 11:00:00,1,23.4399219,0.12421369999999998,5.051138000000001
Shillong,2026-10-05 12:00:00,1,23.0437167,0.214581,4.663807200000001
Shillong,2026-10-05 13:00:00,1,21.263537200000002,0.5838487,4.999871400000001
Shillong,2026-10-05 14:00:00,1,20.115692100000004,0.6840553,5.119140400000001
Shillong,2026-10-05 15:00:00,1,19.0863107,0.8330139000000001,4.079999700000001
Shillong,2026-10-05 16:00:00,1,18.1967196,0.5620470999999999,2.5077988000000007
Shillong,2026-10-05 17:00:00,1,17.1718903,0.39090939999999996,2.5207716000000002
Shillong,2026-10-05 18:00:00,1,16.6290207,0.21312419999999999,2.7920435
Shillong,2026-10-05 19:00:00,1,16.4845031,0.0845927,2.3447956000000003
Shillong,2026-10-05 20:00:00,1,16.4539133,0.0257063,1.9889077000000002
Shillong,2026-10-05 21:00:00,1,16.1873439,0.0,2.4614796000000005
Shillong,2026-10-05 22:00:00,1,15.956992600000001,0.0,2.5927518000000003
Shillong,2026-10-05 23:00:00,1,15.8876357,0.0,2.6731856000000005
Shillong,2026-10-06 00:00:00,2,15.887334,0.0,2.6234488234488236
Shillong,2026-10-06 01:00:00,2,15.828413,0.0,2.757542457542457
Shillong,2026-10-06 02:00:00,2,15.6748231,0.0,3.397208397208397
Shillong,2026-10-06 03:00:00,2,15.3902218,0.0,3.5003182003182003
Shillong,2026-10-06 04:00:00,2,15.2648938,0.0,3.633393133393133
Shillong,2026-10-06 05:00:00,2,15.473028,0.0,3.568809268809269
Shillong,2026-10-06 06:00:00,2,17.0642596,0.0,3.514240014240014
Shillong,2026-10-06 07:00:00,2,19.3589478,0.0,2.795965795965796
Shillong,2026-10-06 08:00:00,2,21.080355400000002,0.0,4.6891326891326885
Shillong,2026-10-06 09:00:00,2,22.162996500000002,0.09643379999999999,5.520324620324621
Shillong,2026-10-06 10:00:00,2,22.6088581,0.1263459,6.25117485117485
Shillong,2026-10-06 11:00:00,2,22.3231866,0.3362502,5.176232576232576
Shillong,2026-10-06 12:00:00,2,22.0625595,0.5497192000000001,4.106758206758206
Shillong,2026-10-06 13:00:00,2,21.2070094,0.7514802,2.7769056769056766
Shillong,2026-10-06 14:00:00,2,20.7641138,0.4769456,2.734067134067134
Shillong,2026-10-06 15:00:00,2,20.1741546,0.2940819,2.9371945371945367
Shillong,2026-10-06 16:00:00,2,18.7749271,0.5124027,3.0053407053407053
Shillong,2026-10-06 17:00:00,2,17.397513099999998,0.3620628,3.3917822917822917
Shillong,2026-10-06 18:00:00,2,16.864893799999997,0.0905157,4.239275839275839
Shillong,2026-10-06 19:00:00,2,16.5624698,0.0,4.087758387758387
Shillong,2026-10-06 20:00:00,2,16.351938399999998,0.1505997,3.9598208598208595
Shillong,2026-10-06 21:00:00,2,16.1954607,0.4827504,4.163532063532063
Shillong,2026-10-06 22:00:00,2,16.084929300000002,0.1810314,4.403891903891904
Shillong,2026-10-06 23:00:00,2,15.9184108,0.0603438,4.411191211191211
Shillong,2026-10-07 00:00:00,3,15.7863118,0.03759970000000001,4.2089502
Shillong,2026-10-07 01:00:00,3,15.7407328,0.0,4.2408378
Shillong,2026-10-07 02:00:00,3,15.6622316,0.0,4.2155828
Shillong,2026-10-07 03:00:00,3,15.4742717,0.0,4.3017769
Shillong,2026-10-07 04:00:00,3,15.260066000000002,0.0,4.499515199999999
Shillong,2026-10-07 05:00:00,3,15.398080400000001,0.0,4.4111277
Shillong,2026-10-07 06:00:00,3,17.119645900000002,0.0,3.7687536
Shillong,2026-10-07 07:00:00,3,19.866967700000004,0.0,1.6208784999999999
Shillong,2026-10-07 08:00:00,3,21.6181808,0.0,2.9077324000000004
Shillong,2026-10-07 09:00:00,3,22.387875299999997,0.10952999999999999,3.6584451
Shillong,2026-10-07 10:00:00,3,22.6681557,0.10952999999999999,4.636680699999999
Shillong,2026-10-07 11:00:00,3,22.6584933,0.20170459999999998,5.315065
Shillong,2026-10-07 12:00:00,3,21.895820399999998,0.9918421,3.7927371
Shillong,2026-10-07 13:00:00,3,21.6483756,0.8475195,3.7560069
Shillong,2026-10-07 14:00:00,3,21.2431209,1.2246232000000001,3.2512325000000004
Shillong,2026-10-07 15:00:00,3,20.72999,0.2920419,2.0811191
Shillong,2026-10-07 16:00:00,3,19.5863415,0.08151030000000001,1.2039496
Shillong,2026-10-07 17:00:00,3,17.8882213,0.07519940000000001,2.1264815
Shillong,2026-10-07 18:00:00,3,17.062704,0.0,3.1856507
Shillong,2026-10-07 19:00:00,3,16.6697609,0.0,3.6861408999999994
Shillong,2026-10-07 20:00:00,3,16.3482621,0.0,3.9152082999999998
Shillong,2026-10-07 21:00:00,3,16.1220163,0.0,4.4044605
Shillong,2026-10-07 22:00:00,3,15.9814205,0.0,4.7501334
Shillong,2026-10-07 23:00:00,3,15.8076663,0.0,5.0402241
Shimla,2026-10-05 00:00:00,1,11.8235702,0.0,4.3285078
Shimla,2026-10-05 01:00:00,1,11.597253600000002,0.0,4.9810516
Shimla,2026-10-05 02:00:00,1,11.493574800000001,0.0,4.9452764
Shimla,2026-10-05 03:00:00,1,11.288238,0.0,5.0112498
Shimla,2026-10-05 04:00:00,1,11.1848888,0.0,4.800456
Shimla,2026-10-05 05:00:00,1,11.1061982,0.0,4.7815469
Shimla,2026-10-05 06:00:00,1,11.3939994,0.0,4.7444849
Shimla,2026-10-05 07:00:00,1,13.2412794,0.0,3.9200571
Shimla,2026-10-05 08:00:00,1,16.3358208,0.0,2.2262850999999997
Shimla,2026-10-05 09:00:00,1,18.4907648,0.0,3.4025532
Shimla,2026-10-05 10:00:00,1,19.6805804,0.0,5.8623837
Shimla,2026-10-05 11:00:00,1,20.5203328,0.0,7.742705299999999
Shimla,2026-10-05 12:00:00,1,21.0397478,0.0,9.1539192
Shimla,2026-10-05 13:00:00,1,21.043097000000003,0.013707200000000001,9.2764032
Shimla,2026-10-05 14:00:00,1,20.5956638,0.0822432,9.0968286
Shimla,2026-10-05 15:00:00,1,19.903987,0.10965760000000001,8.610328800000001
Shimla,2026-10-05 16:00:00,1,18.767677,0.0,7.1631540000000005
Shimla,2026-10-05 17:00:00,1,17.0661572,0.0,5.3397991000000005
Shimla,2026-10-05 18:00:00,1,15.3344934,0.0,3.3302215000000004
Shimla,2026-10-05 19:00:00,1,14.2788784,0.0,3.1816733
Shimla,2026-10-05 20:00:00,1,13.587701200000001,0.0,3.9041759999999996
Shimla,2026-10-05 21:00:00,1,13.171086200000001,0.0,4.4896569
Shimla,2026-10-05 22:00:00,1,12.846038,0.0,5.098302800000001
Shimla,2026-10-05 23:00:00,1,12.4660458,0.0,5.2039839
Shimla,2026-10-06 00:00:00,2,12.218938,0.0,5.078707821292179
Shimla,2026-10-06 01:00:00,2,11.9508994,0.0,4.815530084469915
Shimla,2026-10-06 02:00:00,2,11.6788819,0.0,4.8410993589006415
Shimla,2026-10-06 03:00:00,2,11.4080355,0.0,4.864365635634364
Shimla,2026-10-06 04:00:00,2,11.2330961,0.0,5.224400075599925
Shimla,2026-10-06 05:00:00,2,11.245523699999998,0.0,5.1666145333854665
Shimla,2026-10-06 06:00:00,2,11.688422099999999,0.0,5.047094652905347
Shimla,2026-10-06 07:00:00,2,13.3534155,0.0,4.765157334842666
Shimla,2026-10-06 08:00:00,2,16.2751682,0.0,2.3232307767692237
Shimla,2026-10-06 09:00:00,2,18.2196713,0.0,4.372103627896372
Shimla,2026-10-06 10:00:00,2,19.4421843,0.0,6.491185908814092
Shimla,2026-10-06 11:00:00,2,20.3041392,0.0,7.731442168557832
Shimla,2026-10-06 12:00:00,2,20.828845799999996,0.0,9.284574515425485
Shimla,2026-10-06 13:00:00,2,20.5516783,0.0430562,10.625811074188926
Shimla,2026-10-06 14:00:00,2,19.522564199999998,0.19752659999999997,9.88980951019049
Shimla,2026-10-06 15:00:00,2,18.7215189,0.21905469999999996,8.415198284801715
Shimla,2026-10-06 16:00:00,2,17.4550708,0.16334759999999998,6.597456902543097
Shimla,2026-10-06 17:00:00,2,15.5289112,0.3409902,3.9180899819100183
Shimla,2026-10-06 18:00:00,2,14.224827399999999,0.033061200000000006,1.7374498625501376
Shimla,2026-10-06 19:00:00,2,13.3128679,0.0,3.0910220089779914
Shimla,2026-10-06 20:00:00,2,12.6769048,0.0,4.231521568478432
Shimla,2026-10-06 21:00:00,2,12.4312331,0.029020200000000003,4.462247837752162
Shimla,2026-10-06 22:00:00,2,12.3066431,0.029020200000000003,4.685224214775785
Shimla,2026-10-06 23:00:00,2,11.9029016,0.029020200000000003,4.652192947807052
Shimla,2026-10-07 00:00:00,3,11.7614516,0.0,4.273329073329073
Shimla,2026-10-07 01:00:00,3,11.3958397,0.0,4.219277819277819
Shimla,2026-10-07 02:00:00,3,10.8821468,0.0,4.359012759012759
Shimla,2026-10-07 03:00:00,3,10.8693186,0.5566858000000001,4.236165436165436
Shimla,2026-10-07 04:00:00,3,10.874875,0.5792873000000002,4.687952687952688
Shimla,2026-10-07 05:00:00,3,10.7310498,0.6018888000000001,5.016861816861817
Shimla,2026-10-07 06:00:00,3,10.7144334,0.253039,5.130518030518031
Shimla,2026-10-07 07:00:00,3,11.721921499999999,0.253039,5.2155968155968155
Shimla,2026-10-07 08:00:00,3,13.8602545,0.253039,3.8067788067788064
Shimla,2026-10-07 09:00:00,3,16.1663465,0.045203,3.2698022698022697
Shimla,2026-10-07 10:00:00,3,17.8373906,0.1228851,5.788089888089888
Shimla,2026-10-07 11:00:00,3,19.0391943,0.06495820000000001,7.454412054412054
Shimla,2026-10-07 12:00:00,3,19.4797061,0.1408699,8.83986183986184
Shimla,2026-10-07 13:00:00,3,19.366133599999998,0.17334899999999998,10.241458541458542
Shimla,2026-10-07 14:00:00,3,18.932659599999997,0.0759117,11.599052699052699
Shimla,2026-10-07 15:00:00,3,18.327836499999997,0.0,9.804202504202504
Shimla,2026-10-07 16:00:00,3,17.1492971,0.13560899999999998,7.409914909914908
Shimla,2026-10-07 17:00:00,3,15.592016399999999,0.3842255,4.9938342938342934
Shimla,2026-10-07 18:00:00,3,13.746004800000001,0.2938195,4.811853511853512
Shimla,2026-10-07 19:00:00,3,12.424685699999998,0.406827,4.180779980779981
Shimla,2026-10-07 20:00:00,3,11.7234451,0.0,4.411516311516311
Shimla,2026-10-07 21:00:00,3,11.176551099999998,0.0,4.90986770986771
Shimla,2026-10-07 22:00:00,3,10.6503844,0.0,5.0866206866206864
Shimla,2026-10-07 23:00:00,3,10.3456572,0.0,4.969402569402569
Srinagar,2026-10-05 00:00:00,1,15.6805902,0.0,1.8825399000000003
Srinagar,2026-10-05 01:00:00,1,14.858666200000002,0.0,1.7049885
Srinagar,2026-10-05 02:00:00,1,14.095745999999998,0.0,1.4317560999999999
Srinagar,2026-10-05 03:00:00,1,13.464473900000002,0.0,1.4064757
Srinagar,2026-10-05 04:00:00,1,12.9208456,0.0,1.9209127000000001
Srinagar,2026-10-05 05:00:00,1,12.581987600000001,0.0,1.5719262
Srinagar,2026-10-05 06:00:00,1,12.555963700000001,0.0,1.6771864
Srinagar,2026-10-05 07:00:00,1,13.538488300000001,0.0,1.6400573
Srinagar,2026-10-05 08:00:00,1,16.2814078,0.0,1.0165937000000003
Srinagar,2026-10-05 09:00:00,1,19.2178582,0.0,1.6642704
Srinagar,2026-10-05 10:00:00,1,22.0283231,0.0,1.5008433
Srinagar,2026-10-05 11:00:00,1,24.418250200000003,0.0,2.0507982
Srinagar,2026-10-05 12:00:00,1,26.3823369,0.0,2.4996422000000003
Srinagar,2026-10-05 13:00:00,1,27.8868875,0.0,2.9955344000000004
Srinagar,2026-10-05 14:00:00,1,28.7046754,0.0,3.6349791
Srinagar,2026-10-05 15:00:00,1,28.8638355,0.0,4.3935807
Srinagar,2026-10-05 16:00:00,1,28.359065199999996,0.0,4.446910300000001
Srinagar,2026-10-05 17:00:00,1,26.662315500000002,0.0,3.0389731
Srinagar,2026-10-05 18:00:00,1,23.357146300000004,0.0,3.3821493
Srinagar,2026-10-05 19:00:00,1,20.962045699999997,0.0,2.2114955
Srinagar,2026-10-05 20:00:00,1,19.307946,0.0,3.0835934
Srinagar,2026-10-05 21:00:00,1,17.615398,0.4309276,3.8360592000000002
Srinagar,2026-10-05 22:00:00,1,16.5721457,0.0613242,2.7714033000000002
Srinagar,2026-10-05 23:00:00,1,16.0631896,0.0,1.9180137000000002
Srinagar,2026-10-06 00:00:00,2,15.742015157984845,0.0,2.1317928
Srinagar,2026-10-06 01:00:00,2,15.262796037203962,0.0,2.3611865
Srinagar,2026-10-06 02:00:00,2,14.78094521905478,0.0,2.2426778
Srinagar,2026-10-06 03:00:00,2,14.34798535201465,0.21442960000000003,2.5306753
Srinagar,2026-10-06 04:00:00,2,14.36939223060777,0.3703784,2.6824539
Srinagar,2026-10-06 05:00:00,2,13.81985578014422,0.194936,3.476625
Srinagar,2026-10-06 06:00:00,2,13.918729481270518,0.0,2.2153969
Srinagar,2026-10-06 07:00:00,2,15.05771314228686,0.0,3.2697488999999997
Srinagar,2026-10-06 08:00:00,2,16.938365361634638,0.0,3.0370348
Srinagar,2026-10-06 09:00:00,2,19.306837393162606,0.0,2.5115596
Srinagar,2026-10-06 10:00:00,2,21.13764636235364,0.0,3.9839753
Srinagar,2026-10-06 11:00:00,2,22.586351113648885,0.0,5.7526185
Srinagar,2026-10-06 12:00:00,2,24.33648756351244,0.0,5.5100862
Srinagar,2026-10-06 13:00:00,2,25.275204024795975,0.0,5.0019938
Srinagar,2026-10-06 14:00:00,2,25.528931171068827,0.0249939,5.7508031
Srinagar,2026-10-06 15:00:00,2,24.180395619604383,0.24235849999999998,6.486159499999999
Srinagar,2026-10-06 16:00:00,2,23.01772468227532,0.2173646,5.621732199999999
Srinagar,2026-10-06 17:00:00,2,21.435899864100136,0.24235849999999998,4.8620063
Srinagar,2026-10-06 18:00:00,2,18.424096275903725,0.5886032000000001,5.3932164
Srinagar,2026-10-06 19:00:00,2,16.831280068719934,0.4241391,4.1320071
Srinagar,2026-10-06 20:00:00,2,16.054892645107355,0.0631174,2.6213718
Srinagar,2026-10-06 21:00:00,2,15.466619433380568,0.08724760000000001,1.5516361
Srinagar,2026-10-06 22:00:00,2,14.85756534243466,0.08724760000000001,2.7534019
Srinagar,2026-10-06 23:00:00,2,14.363628736371265,0.1467814,1.8684113
Srinagar,2026-10-07 00:00:00,3,13.976398199999998,0.33259753259753255,1.708631
Srinagar,2026-10-07 01:00:00,3,13.810888400000001,0.08473478473478474,1.8836861
Srinagar,2026-10-07 02:00:00,3,13.743215600000001,0.05116725116725117,2.8498390000000002
Srinagar,2026-10-07 03:00:00,3,13.517725100000002,0.02844872844872845,2.9422725
Srinagar,2026-10-07 04:00:00,3,13.045323500000002,0.0966042966042966,3.3963101
Srinagar,2026-10-07 05:00:00,3,12.6084747,0.05116725116725117,2.6526329
Srinagar,2026-10-07 06:00:00,3,12.408685899999998,0.02271852271852272,4.5376046
Srinagar,2026-10-07 07:00:00,3,12.9013308,0.09087409087409087,4.3826091
Srinagar,2026-10-07 08:00:00,3,14.161866799999999,0.02271852271852272,4.7711572
Srinagar,2026-10-07 09:00:00,3,15.8589484,0.08275888275888277,5.966847899999999
Srinagar,2026-10-07 10:00:00,3,17.4146449,0.0,6.1804317
Srinagar,2026-10-07 11:00:00,3,19.4493761,0.02271852271852272,5.8643661
Srinagar,2026-10-07 12:00:00,3,20.8738565,0.04543704543704544,5.6079365
Srinagar,2026-10-07 13:00:00,3,22.162094500000002,0.04543704543704544,6.4960276
Srinagar,2026-10-07 14:00:00,3,22.8080693,0.0,7.085450399999999
Srinagar,2026-10-07 15:00:00,3,21.9538449,0.15902965902965902,6.9512929
Srinagar,2026-10-07 16:00:00,3,21.6133072,0.04543704543704544,5.2596304
Srinagar,2026-10-07 17:00:00,3,20.999763199999997,0.0,3.5320484999999997
Srinagar,2026-10-07 18:00:00,3,18.9453991,0.0,3.2579729
Srinagar,2026-10-07 19:00:00,3,18.0031785,0.0,2.5350267
Srinagar,2026-10-07 20:00:00,3,16.9257466,0.0,2.3408048999999997
Srinagar,2026-10-07 21:00:00,3,15.5495303,0.0,2.0573572999999996
Srinagar,2026-10-07 22:00:00,3,14.464125800000001,0.0,1.3253304
Srinagar,2026-10-07 23:00:00,3,13.5408908,0.0,1.6529215
Surat,2026-10-05 00:00:00,1,25.9520545,0.0,3.7470065999999997
Surat,2026-10-05 01:00:00,1,25.503150399999996,0.0,2.4351723
Surat,2026-10-05 02:00:00,1,25.1269609,0.0,0.8377021
Surat,2026-10-05 03:00:00,1,24.6926403,0.0,1.6779700999999998
Surat,2026-10-05 04:00:00,1,24.2901595,0.0,2.5312459
Surat,2026-10-05 05:00:00,1,23.9376302,0.0,3.2775244999999997
Surat,2026-10-05 06:00:00,1,23.916994,0.0,3.3711045
Surat,2026-10-05 07:00:00,1,24.740002399999995,0.0,3.7725112000000003
Surat,2026-10-05 08:00:00,1,26.920406699999997,0.0,3.8226614
Surat,2026-10-05 09:00:00,1,29.1974543,0.0,4.4715545
Surat,2026-10-05 10:00:00,1,31.032128800000002,0.0,5.9715825
Surat,2026-10-05 11:00:00,1,32.4216836,0.0,6.1548245999999995
Surat,2026-10-05 12:00:00,1,33.21984570000001,0.024840300000000003,6.1910646
Surat,2026-10-05 13:00:00,1,33.5656288,0.024840300000000003,7.066233199999999
Surat,2026-10-05 14:00:00,1,33.564785,0.024840300000000003,8.7791007
Surat,2026-10-05 15:00:00,1,33.191793,0.0,10.2170077
Surat,2026-10-05 16:00:00,1,32.4276003,0.0,10.34438
Surat,2026-10-05 17:00:00,1,31.3530362,0.0,8.884466
Surat,2026-10-05 18:00:00,1,29.6594818,0.0,6.304207999999999
Surat,2026-10-05 19:00:00,1,28.3132915,0.0,4.9290849
Surat,2026-10-05 20:00:00,1,27.4084037,0.0,5.2643676
Surat,2026-10-05 21:00:00,1,26.754249,0.0,6.158542799999999
Surat,2026-10-05 22:00:00,1,26.3572962,0.0,6.459250899999999
Surat,2026-10-05 23:00:00,1,26.1554467,0.0,6.4375719
Surat,2026-10-06 00:00:00,2,25.980893899999998,0.0,5.4685277314722684
Surat,2026-10-06 01:00:00,2,25.738225500000002,0.0,4.764299335700664
Surat,2026-10-06 02:00:00,2,25.3511072,0.0,3.478370021629978
Surat,2026-10-06 03:00:00,2,24.8582533,0.0,2.796400503599496
Surat,2026-10-06 04:00:00,2,24.384177100000002,0.0,2.545212354787645
Surat,2026-10-06 05:00:00,2,24.0944031,0.0,2.8025202974797025
Surat,2026-10-06 06:00:00,2,24.2049518,0.0,3.2698493301506697
Surat,2026-10-06 07:00:00,2,25.0273837,0.0,2.9262914737085257
Surat,2026-10-06 08:00:00,2,26.8752723,0.0,3.154151745848254
Surat,2026-10-06 09:00:00,2,29.0064646,0.0,3.1845515154484842
Surat,2026-10-06 10:00:00,2,30.6564137,0.0,4.025042574957425
Surat,2026-10-06 11:00:00,2,32.0932933,0.0,5.162815137184863
Surat,2026-10-06 12:00:00,2,32.995235199999996,0.030216730216730214,6.028000871999128
Surat,2026-10-06 13:00:00,2,33.3971771,0.030216730216730214,7.270797929202071
Surat,2026-10-06 14:00:00,2,33.3396528,0.030216730216730214,8.457782742217256
Surat,2026-10-06 15:00:00,2,32.9765324,0.06043346043346043,9.422232377767621
Surat,2026-10-06 16:00:00,2,32.3590151,0.06043346043346043,10.608573091426909
Surat,2026-10-06 17:00:00,2,31.361273999999998,0.06043346043346043,10.928005171994826
Surat,2026-10-06 18:00:00,2,29.678770400000005,0.0,8.696391503608496
Surat,2026-10-06 19:00:00,2,28.4123557,0.0,6.67019722980277
Surat,2026-10-06 20:00:00,2,27.6780455,0.0,5.1841986158013835
Surat,2026-10-06 21:00:00,2,27.255029,0.0,4.918672581327418
Surat,2026-10-06 22:00:00,2,27.0988563,0.0,4.9752764247235755
Surat,2026-10-06 23:00:00,2,26.868495300000003,0.0,5.234578565421434
Surat,2026-10-07 00:00:00,3,26.5987172,0.0,4.4256977256977255
Surat,2026-10-07 01:00:00,3,26.518877099999997,0.0,3.8417089417089416
Surat,2026-10-07 02:00:00,3,26.1991788,0.0,3.7932811932811927
Surat,2026-10-07 03:00:00,3,25.637422899999997,0.0,3.5128652128652127
Surat,2026-10-07 04:00:00,3,25.097160699999996,0.0,3.2939507939507937
Surat,2026-10-07 05:00:00,3,24.8621695,0.0,2.4092679092679092
Surat,2026-10-07 06:00:00,3,24.862343199999998,0.0,3.0519958519958514
Surat,2026-10-07 07:00:00,3,25.5772472,0.0,4.337815937815938
Surat,2026-10-07 08:00:00,3,27.5723575,0.0,4.947306147306147
Surat,2026-10-07 09:00:00,3,29.6696672,0.0,6.463937163937164
Surat,2026-10-07 10:00:00,3,31.6756367,0.0,7.940994140994141
Surat,2026-10-07 11:00:00,3,33.3835026,0.0,8.098201398201399
Surat,2026-10-07 12:00:00,3,34.6357331,0.0,8.436372536372536
Surat,2026-10-07 13:00:00,3,35.34375,0.0,8.862801062801061
Surat,2026-10-07 14:00:00,3,35.5025853,0.0,9.321657421657422
Surat,2026-10-07 15:00:00,3,34.9761509,0.0,9.485280585280584
Surat,2026-10-07 16:00:00,3,34.3301268,0.0,8.931121731121731
Surat,2026-10-07 17:00:00,3,33.254642100000005,0.0,8.394397294397294
Surat,2026-10-07 18:00:00,3,31.4472029,0.0,8.11047981047981
Surat,2026-10-07 19:00:00,3,30.224657699999998,0.0,7.295865595865595
Surat,2026-10-07 20:00:00,3,29.4856217,0.0,6.082556282556282
Surat,2026-10-07 21:00:00,3,28.868180399999996,0.0,5.705870605870605
Surat,2026-10-07 22:00:00,3,28.2995601,0.0,5.587884487884487
Surat,2026-10-07 23:00:00,3,27.8763286,0.0,6.0769464769464765
Thane,2026-10-05 00:00:00,1,26.023413276586727,0.0,2.767954667954668
Thane,2026-10-05 01:00:00,1,25.442987657012342,0.0,2.1605004605004603
Thane,2026-10-05 02:00:00,1,24.854996745003255,0.0,2.0497577497577497
Thane,2026-10-05 03:00:00,1,24.311049088950913,0.0,2.381833881833882
Thane,2026-10-05 04:00:00,1,23.95769654230346,0.0,2.894939394939395
Thane,2026-10-05 05:00:00,1,23.839166460833543,0.0,3.0562985562985565
Thane,2026-10-05 06:00:00,1,24.061044238955763,0.0,3.1132973132973127
Thane,2026-10-05 07:00:00,1,25.03555296444704,0.0,2.9972376972376975
Thane,2026-10-05 08:00:00,1,27.20623079376921,0.0,2.8374782374782375
Thane,2026-10-05 09:00:00,1,29.659336040663963,0.0,3.7755591755591755
Thane,2026-10-05 10:00:00,1,31.78024491975508,0.0,5.573486073486073
Thane,2026-10-05 11:00:00,1,33.379642520357486,0.0,6.422761722761722
Thane,2026-10-05 12:00:00,1,34.39617080382919,0.0622126,6.441367841367842
Thane,2026-10-05 13:00:00,1,35.010255389744614,0.0622126,6.49062179062179
Thane,2026-10-05 14:00:00,1,35.15001534998465,0.0622126,7.536523436523437
Thane,2026-10-05 15:00:00,1,34.76740383259617,0.0,9.37903057903058
Thane,2026-10-05 16:00:00,1,33.662325237674764,0.0,11.820508620508619
Thane,2026-10-05 17:00:00,1,32.17607832392168,0.0,12.027791427791428
Thane,2026-10-05 18:00:00,1,30.452706347293656,0.0,10.043708443708443
Thane,2026-10-05 19:00:00,1,29.123629776370226,0.0,7.085484485484486
Thane,2026-10-05 20:00:00,1,28.0981149018851,0.0,5.403230903230904
Thane,2026-10-05 21:00:00,1,27.34406265593735,0.0,3.6592834592834595
Thane,2026-10-05 22:00:00,1,26.748764251235748,0.0,2.5508406508406507
Thane,2026-10-05 23:00:00,1,26.17017822982177,0.0,2.401953801953802
Thane,2026-10-06 00:00:00,2,25.628484500000003,0.0,2.2824304
Thane,2026-10-06 01:00:00,2,25.174056500000003,0.0,2.3325867000000002
Thane,2026-10-06 02:00:00,2,24.7518834,0.0,2.5054851000000005
Thane,2026-10-06 03:00:00,2,24.306144600000003,0.0,3.1643375000000002
Thane,2026-10-06 04:00:00,2,23.996347900000004,0.0,3.2988446000000007
Thane,2026-10-06 05:00:00,2,23.8887226,0.0,3.4163641
Thane,2026-10-06 06:00:00,2,23.852079500000002,0.0,3.2674720000000006
Thane,2026-10-06 07:00:00,2,24.5426551,0.0,3.1336612000000006
Thane,2026-10-06 08:00:00,2,26.422669500000005,0.0,2.8811714000000004
Thane,2026-10-06 09:00:00,2,28.7204252,0.0,4.1161067000000005
Thane,2026-10-06 10:00:00,2,30.887231400000005,0.0,5.747544800000001
Thane,2026-10-06 11:00:00,2,32.60723310000001,0.0,6.077414700000001
Thane,2026-10-06 12:00:00,2,33.662033400000006,0.0541856,6.819558500000001
Thane,2026-10-06 13:00:00,2,34.305192500000004,0.0541856,8.109765000000001
Thane,2026-10-06 14:00:00,2,34.362120600000004,0.0541856,10.0096384
Thane,2026-10-06 15:00:00,2,33.928393500000006,0.0270928,11.638504200000003
Thane,2026-10-06 16:00:00,2,32.927941600000004,0.0270928,12.995141800000003
Thane,2026-10-06 17:00:00,2,31.435434300000004,0.0270928,12.866209100000003
Thane,2026-10-06 18:00:00,2,29.734602500000005,0.0,10.668042300000003
Thane,2026-10-06 19:00:00,2,28.583861700000007,0.0,7.140954100000001
Thane,2026-10-06 20:00:00,2,27.782017200000006,0.0,5.2407691000000005
Thane,2026-10-06 21:00:00,2,27.296238100000004,0.0254108,3.9724022000000003
Thane,2026-10-06 22:00:00,2,27.0241484,0.0,4.260440900000001
Thane,2026-10-06 23:00:00,2,26.720132500000002,0.0,4.0871839
Thane,2026-10-07 00:00:00,3,26.472853399999998,0.0,3.5388523388523385
Thane,2026-10-07 01:00:00,3,26.211284,0.0,3.8324822324822323
Thane,2026-10-07 02:00:00,3,25.944083,0.0,4.043669343669343
Thane,2026-10-07 03:00:00,3,25.728996999999996,0.0,3.425263325263325
Thane,2026-10-07 04:00:00,3,25.4865378,0.0,2.9388399388399384
Thane,2026-10-07 05:00:00,3,25.342563700000003,0.0,3.091568791568791
Thane,2026-10-07 06:00:00,3,25.282076800000002,0.0,3.4005172005172004
Thane,2026-10-07 07:00:00,3,25.879042600000002,0.0,3.6896989896989894
Thane,2026-10-07 08:00:00,3,27.543641800000003,0.0,4.138446538446538
Thane,2026-10-07 09:00:00,3,29.627557,0.0,4.892473292473291
Thane,2026-10-07 10:00:00,3,31.823524,0.0,4.249293349293349
Thane,2026-10-07 11:00:00,3,33.6674981,0.0,3.3348386348386345
Thane,2026-10-07 12:00:00,3,35.08171180000001,0.0,3.739674139674139
Thane,2026-10-07 13:00:00,3,36.0723795,0.0,5.156923156923156
Thane,2026-10-07 14:00:00,3,36.4806425,0.0,4.946161246161245
Thane,2026-10-07 15:00:00,3,36.2493628,0.0,6.34098524098524
Thane,2026-10-07 16:00:00,3,35.41516659999999,0.0,8.79219519219519
Thane,2026-10-07 17:00:00,3,33.60927,0.0,10.966942066942067
Thane,2026-10-07 18:00:00,3,31.563785399999997,0.0,10.518062118062117
Thane,2026-10-07 19:00:00,3,30.306274200000004,0.0,7.692673992673992
Thane,2026-10-07 20:00:00,3,29.3198705,0.0,5.904026104026103
Thane,2026-10-07 21:00:00,3,28.6321577,0.0,4.605373005373005
Thane,2026-10-07 22:00:00,3,28.014365400000003,0.0,3.5692733692733687
Thane,2026-10-07 23:00:00,3,27.5307693,0.0,2.8770513770513766
Thiruvananthapuram,2026-10-05 00:00:00,1,25.54878084878085,0.43357919999999994,4.5658361
Thiruvananthapuram,2026-10-05 01:00:00,1,25.32416562416562,0.43357919999999994,4.2836963
Thiruvananthapuram,2026-10-05 02:00:00,1,25.106524606524605,0.9954390999999999,4.3364337
Thiruvananthapuram,2026-10-05 03:00:00,1,24.811429111429106,1.2647999,4.6553264
Thiruvananthapuram,2026-10-05 04:00:00,1,24.607636907636905,0.7961498,5.3793101000000005
Thiruvananthapuram,2026-10-05 05:00:00,1,24.578272078272075,0.1170395,6.2887085
Thiruvananthapuram,2026-10-05 06:00:00,1,24.846291546291546,0.0,6.2470425
Thiruvananthapuram,2026-10-05 07:00:00,1,26.089270989270986,0.0,5.3988569
Thiruvananthapuram,2026-10-05 08:00:00,1,27.674413974413973,0.0,5.425792199999999
Thiruvananthapuram,2026-10-05 09:00:00,1,29.236352436352433,0.0,6.0671762
Thiruvananthapuram,2026-10-05 10:00:00,1,30.57271827271827,0.0,6.3249146000000005
Thiruvananthapuram,2026-10-05 11:00:00,1,31.44239604239604,0.0,7.698790600000001
Thiruvananthapuram,2026-10-05 12:00:00,1,31.603158003158,0.1573266,9.6820016
Thiruvananthapuram,2026-10-05 13:00:00,1,31.13974463974464,0.2041424,11.589547599999998
Thiruvananthapuram,2026-10-05 14:00:00,1,30.568437068437063,0.2275503,11.5744068
Thiruvananthapuram,2026-10-05 15:00:00,1,29.9012957012957,0.3998452,10.288525199999999
Thiruvananthapuram,2026-10-05 16:00:00,1,29.14351004351004,0.28280570000000005,9.6813048
Thiruvananthapuram,2026-10-05 17:00:00,1,28.382528982528978,0.2593978,8.632854
Thiruvananthapuram,2026-10-05 18:00:00,1,27.56830616830617,0.0,7.7838311
Thiruvananthapuram,2026-10-05 19:00:00,1,27.028758328758325,0.023407900000000002,6.9172912
Thiruvananthapuram,2026-10-05 20:00:00,1,26.59270429270429,0.0,6.75442
Thiruvananthapuram,2026-10-05 21:00:00,1,26.283852683852682,0.0,6.272872899999999
Thiruvananthapuram,2026-10-05 22:00:00,1,26.050540750540748,0.0,6.218713500000001
Thiruvananthapuram,2026-10-05 23:00:00,1,25.79588829588829,0.0702237,6.046551899999999
Thiruvananthapuram,2026-10-06 00:00:00,2,25.4528836,0.810546,6.1360822
Thiruvananthapuram,2026-10-06 01:00:00,2,25.258127199999997,0.24562,6.0315213
Thiruvananthapuram,2026-10-06 02:00:00,2,25.027473199999996,0.687736,6.4423884
Thiruvananthapuram,2026-10-06 03:00:00,2,24.9506656,0.0,6.314881499999999
Thiruvananthapuram,2026-10-06 04:00:00,2,24.7686144,0.0,6.4120193
Thiruvananthapuram,2026-10-06 05:00:00,2,24.761999600000003,0.0,6.041392399999999
Thiruvananthapuram,2026-10-06 06:00:00,2,25.0752064,0.0,5.523683999999999
Thiruvananthapuram,2026-10-06 07:00:00,2,26.467743999999996,0.0,5.0552166
Thiruvananthapuram,2026-10-06 08:00:00,2,28.316818,0.0,5.6494947
Thiruvananthapuram,2026-10-06 09:00:00,2,30.004112799999998,0.0261379,5.5636934
Thiruvananthapuram,2026-10-06 10:00:00,2,31.4805756,0.0261379,7.3082653
Thiruvananthapuram,2026-10-06 11:00:00,2,32.2939092,0.0261379,9.774610899999999
Thiruvananthapuram,2026-10-06 12:00:00,2,32.193638,0.9195950999999999,10.574613399999999
Thiruvananthapuram,2026-10-06 13:00:00,2,31.6441364,1.4922931,10.5282986
Thiruvananthapuram,2026-10-06 14:00:00,2,30.4929064,1.8206540999999998,10.3472318
Thiruvananthapuram,2026-10-06 15:00:00,2,29.878829600000003,0.540833,9.267443599999998
Thiruvananthapuram,2026-10-06 16:00:00,2,29.3616752,0.052599,7.982785999999999
Thiruvananthapuram,2026-10-06 17:00:00,2,28.7308948,0.5815181000000001,5.395012199999999
Thiruvananthapuram,2026-10-06 18:00:00,2,27.7684348,0.6887921,3.5707109
Thiruvananthapuram,2026-10-06 19:00:00,2,27.173678799999998,0.17073929999999998,3.5692917
Thiruvananthapuram,2026-10-06 20:00:00,2,26.695448,0.274068,3.3867510000000003
Thiruvananthapuram,2026-10-06 21:00:00,2,26.369064,0.319746,3.2266255
Thiruvananthapuram,2026-10-06 22:00:00,2,26.1483208,0.114195,3.1821021
Thiruvananthapuram,2026-10-06 23:00:00,2,25.874757199999998,0.022839,3.5439640999999997
Thiruvananthapuram,2026-10-07 00:00:00,3,25.5996405,0.0,3.7198701000000005
Thiruvananthapuram,2026-10-07 01:00:00,3,25.286573999999998,0.0,3.2622926000000003
Thiruvananthapuram,2026-10-07 02:00:00,3,25.0276828,0.0,2.8546897
Thiruvananthapuram,2026-10-07 03:00:00,3,24.7968339,0.0,2.7588880000000002
Thiruvananthapuram,2026-10-07 04:00:00,3,24.5557476,0.0,2.7965034
Thiruvananthapuram,2026-10-07 05:00:00,3,24.5250579,0.0,2.957358
Thiruvananthapuram,2026-10-07 06:00:00,3,24.844009300000003,0.0,3.4093782999999998
Thiruvananthapuram,2026-10-07 07:00:00,3,26.220171500000003,0.0,3.2048118
Thiruvananthapuram,2026-10-07 08:00:00,3,28.0446241,0.0,2.5057516
Thiruvananthapuram,2026-10-07 09:00:00,3,29.731580100000002,0.0,3.3647252000000005
Thiruvananthapuram,2026-10-07 10:00:00,3,31.095413899999997,0.0,5.526683200000001
Thiruvananthapuram,2026-10-07 11:00:00,3,31.8393518,0.0,8.2701646
Thiruvananthapuram,2026-10-07 12:00:00,3,31.7516352,0.3275743,10.5030774
Thiruvananthapuram,2026-10-07 13:00:00,3,30.9167951,0.259513,11.246507900000001
Thiruvananthapuram,2026-10-07 14:00:00,3,30.353517700000005,0.5872661000000001,9.769482700000001
Thiruvananthapuram,2026-10-07 15:00:00,3,29.879857100000002,0.554328,8.6613133
Thiruvananthapuram,2026-10-07 16:00:00,3,29.295479299999997,0.5292161,7.9437503
Thiruvananthapuram,2026-10-07 17:00:00,3,28.3232724,0.5546586,6.8846826
Thiruvananthapuram,2026-10-07 18:00:00,3,27.280788200000003,0.1276804,5.2058968
Thiruvananthapuram,2026-10-07 19:00:00,3,26.7750625,0.08051789999999999,3.3797603
Thiruvananthapuram,2026-10-07 20:00:00,3,26.4077982,0.1043972,2.9438162
Thiruvananthapuram,2026-10-07 21:00:00,3,26.1536229,0.0,3.6139447999999996
Thiruvananthapuram,2026-10-07 22:00:00,3,25.904367699999998,0.0,3.4307154
Thiruvananthapuram,2026-10-07 23:00:00,3,25.678416400000003,0.0,3.4093782999999998
Vadodara,2026-10-05 00:00:00,1,26.669143599999998,0.0,4.733906
Vadodara,2026-10-05 01:00:00,1,25.751617699999997,0.0,3.3259334000000003
Vadodara,2026-10-05 02:00:00,1,25.1848532,0.0,2.8975864
Vadodara,2026-10-05 03:00:00,1,24.2894546,0.0,2.9161501999999997
Vadodara,2026-10-05 04:00:00,1,24.1916513,0.0,1.5894396
Vadodara,2026-10-05 05:00:00,1,24.1337802,0.0,1.7225427999999998
Vadodara,2026-10-05 06:00:00,1,24.031482099999998,0.0,2.4814314
Vadodara,2026-10-05 07:00:00,1,24.8014881,0.0,3.1639918
Vadodara,2026-10-05 08:00:00,1,26.9799694,0.0,3.0391471999999995
Vadodara,2026-10-05 09:00:00,1,29.110274999999994,0.0,3.6900589999999998
Vadodara,2026-10-05 10:00:00,1,31.157617499999997,0.0,3.7902137999999996
Vadodara,2026-10-05 11:00:00,1,32.945605799999996,0.0,4.0046462
Vadodara,2026-10-05 12:00:00,1,34.2706036,0.0,4.8225392
Vadodara,2026-10-05 13:00:00,1,35.1464498,0.0,5.8394151999999995
Vadodara,2026-10-05 14:00:00,1,35.597573499999996,0.0,7.0911935999999995
Vadodara,2026-10-05 15:00:00,1,35.568025,0.0,7.733454599999999
Vadodara,2026-10-05 16:00:00,1,35.0435778,0.0,7.422954799999999
Vadodara,2026-10-05 17:00:00,1,34.0888685,0.0,6.7439766
Vadodara,2026-10-05 18:00:00,1,32.083924499999995,0.0,6.2787872
Vadodara,2026-10-05 19:00:00,1,30.4179367,0.0,5.4548342000000005
Vadodara,2026-10-05 20:00:00,1,29.249026199999996,0.0,4.5197400000000005
Vadodara,2026-10-05 21:00:00,1,28.3943857,0.0,3.9788432
Vadodara,2026-10-05 22:00:00,1,27.787526,0.0,3.9752756
Vadodara,2026-10-05 23:00:00,1,27.156280699999996,0.0,4.3250936
Vadodara,2026-10-06 00:00:00,2,26.253556100000004,0.0,5.2625604374395625
Vadodara,2026-10-06 01:00:00,2,25.2671293,0.0,4.735733564266436
Vadodara,2026-10-06 02:00:00,2,24.662911700000002,0.0,4.157111542888457
Vadodara,2026-10-06 03:00:00,2,24.2642783,0.0,3.7563054436945564
Vadodara,2026-10-06 04:00:00,2,24.008976099999998,0.0,3.0290019709980296
Vadodara,2026-10-06 05:00:00,2,23.836903,0.0,2.5264531735468267
Vadodara,2026-10-06 06:00:00,2,23.8787842,0.0,2.1280928719071284
Vadodara,2026-10-06 07:00:00,2,24.712360400000005,0.0,2.2574134425865573
Vadodara,2026-10-06 08:00:00,2,26.860070099999998,0.0,2.8284946715053287
Vadodara,2026-10-06 09:00:00,2,29.054014700000003,0.0,4.02909937090063
Vadodara,2026-10-06 10:00:00,2,31.106005700000004,0.0,4.095447004552996
Vadodara,2026-10-06 11:00:00,2,32.8620731,0.0,4.00880929119071
Vadodara,2026-10-06 12:00:00,2,34.116773900000005,0.0,3.0101199898800104
Vadodara,2026-10-06 13:00:00,2,34.8998091,0.0,3.24934205065795
Vadodara,2026-10-06 14:00:00,2,35.3138468,0.0,4.085091414908586
Vadodara,2026-10-06 15:00:00,2,35.316739500000004,0.0,5.048334751665249
Vadodara,2026-10-06 16:00:00,2,35.012404100000005,0.0,4.821293578706422
Vadodara,2026-10-06 17:00:00,2,34.3714403,0.0,4.506560993439008
Vadodara,2026-10-06 18:00:00,2,32.8504628,0.0,3.2395511604488405
Vadodara,2026-10-06 19:00:00,2,31.4023763,0.0,3.5714298285701718
Vadodara,2026-10-06 20:00:00,2,29.8790965,0.0,4.815108584891416
Vadodara,2026-10-06 21:00:00,2,28.834817200000003,0.0,4.4163450836549165
Vadodara,2026-10-06 22:00:00,2,28.147789,0.0,3.8991915008084996
Vadodara,2026-10-06 23:00:00,2,27.687310099999998,0.0,3.6288871711128294
Vadodara,2026-10-07 00:00:00,3,27.379829299999997,0.0,3.8431648568351426
Vadodara,2026-10-07 01:00:00,3,26.9682228,0.0,4.188313411686588
Vadodara,2026-10-07 02:00:00,3,26.408875000000002,0.0,4.087275112724887
Vadodara,2026-10-07 03:00:00,3,25.820493,0.0,3.1440649559350438
Vadodara,2026-10-07 04:00:00,3,25.271730599999998,0.0,2.63033806966193
Vadodara,2026-10-07 05:00:00,3,24.992548900000003,0.0,2.98045501954498
Vadodara,2026-10-07 06:00:00,3,25.0445502,0.0,3.604432595567404
Vadodara,2026-10-07 07:00:00,3,25.874577199999997,0.0,3.25035454964545
Vadodara,2026-10-07 08:00:00,3,28.121250499999995,0.0,3.15993854006146
Vadodara,2026-10-07 09:00:00,3,30.4317492,0.0,4.6309023690976305
Vadodara,2026-10-07 10:00:00,3,32.7735627,0.0,5.451133148866851
Vadodara,2026-10-07 11:00:00,3,34.6352048,0.0,6.5581746418253575
Vadodara,2026-10-07 12:00:00,3,35.8864278,0.0,7.643823856176143
Vadodara,2026-10-07 13:00:00,3,36.6271888,0.0,7.659533340466658
Vadodara,2026-10-07 14:00:00,3,36.9772589,0.0,7.9479389520610475
Vadodara,2026-10-07 15:00:00,3,36.9366496,0.0,8.047892552107447
Vadodara,2026-10-07 16:00:00,3,36.4762347,0.0,8.061866138133862
Vadodara,2026-10-07 17:00:00,3,35.4843051,0.0,6.822007777992221
Vadodara,2026-10-07 18:00:00,3,33.692241499999994,0.0,5.800526599473399
Vadodara,2026-10-07 19:00:00,3,32.1108345,0.0,5.54088505911494
Vadodara,2026-10-07 20:00:00,3,30.810892000000003,0.0,5.947182352817647
Vadodara,2026-10-07 21:00:00,3,29.871384299999995,0.0,5.972196827803172
Vadodara,2026-10-07 22:00:00,3,29.140084099999996,0.0,5.896974803025197
Vadodara,2026-10-07 23:00:00,3,28.5878254,0.0,5.421030878969121
Varanasi,2026-10-05 00:00:00,1,25.512866087133915,0.0,3.5011560011560006
Varanasi,2026-10-05 01:00:00,1,25.12705987294013,0.0,4.0002181002181
Varanasi,2026-10-05 02:00:00,1,24.777821122178878,0.0,4.606933006933007
Varanasi,2026-10-05 03:00:00,1,24.444017455982546,0.0,4.878768978768978
Varanasi,2026-10-05 04:00:00,1,24.107561492438506,0.0,4.984305284305284
Varanasi,2026-10-05 05:00:00,1,23.92618847381153,0.0,5.395051695051695
Varanasi,2026-10-05 06:00:00,1,24.172921827078177,0.0,6.007564307564307
Varanasi,2026-10-05 07:00:00,1,25.65544254455746,0.0,5.4118655118655115
Varanasi,2026-10-05 08:00:00,1,27.2966814033186,0.0,5.580732180732181
Varanasi,2026-10-05 09:00:00,1,28.689256510743494,0.2461995,6.3312301312301305
Varanasi,2026-10-05 10:00:00,1,30.032096267903736,0.0,6.262739762739762
Varanasi,2026-10-05 11:00:00,1,31.04699935300065,0.0,5.515228815228815
Varanasi,2026-10-05 12:00:00,1,31.420098879901122,0.0273555,5.513804213804213
Varanasi,2026-10-05 13:00:00,1,31.125104774895227,0.6838875,5.0154710154710145
Varanasi,2026-10-05 14:00:00,1,30.691592608407394,0.0,8.816962216962215
Varanasi,2026-10-05 15:00:00,1,30.240198159801842,0.0,7.470116470116469
Varanasi,2026-10-05 16:00:00,1,29.681811818188187,0.0,4.991383291383291
Varanasi,2026-10-05 17:00:00,1,28.395260504739497,0.0,4.008954208954209
Varanasi,2026-10-05 18:00:00,1,27.422665177334824,0.0,4.824105024105024
Varanasi,2026-10-05 19:00:00,1,26.846877953122046,0.0,5.295879595879596
Varanasi,2026-10-05 20:00:00,1,26.394875405124598,0.0,5.4058979058979055
Varanasi,2026-10-05 21:00:00,1,25.968326931673072,0.0,5.173537773537774
Varanasi,2026-10-05 22:00:00,1,25.714801885198117,0.0,5.113725513725513
Varanasi,2026-10-05 23:00:00,1,25.451685948314058,0.0,4.639062639062638
Varanasi,2026-10-06 00:00:00,2,25.140890499999998,0.0,5.0202951
Varanasi,2026-10-06 01:00:00,2,24.868399,0.025598100000000002,5.6506929
Varanasi,2026-10-06 02:00:00,2,24.6584309,0.051196200000000004,5.907615300000001
Varanasi,2026-10-06 03:00:00,2,24.3017831,0.31432940000000004,6.4733383
Varanasi,2026-10-06 04:00:00,2,23.997351099999996,1.1555073,5.7676573
Varanasi,2026-10-06 05:00:00,2,23.949906400000003,0.0,4.648914
Varanasi,2026-10-06 06:00:00,2,24.1333841,0.49899519999999997,4.565278500000001
Varanasi,2026-10-06 07:00:00,2,24.9407366,0.49899519999999997,6.0517045
Varanasi,2026-10-06 08:00:00,2,26.0453542,0.49899519999999997,6.9157978
Varanasi,2026-10-06 09:00:00,2,26.7011563,0.7040922,6.546380400000001
Varanasi,2026-10-06 10:00:00,2,27.932417800000003,0.2183104,5.836636900000001
Varanasi,2026-10-06 11:00:00,2,28.7215184,0.5040644,5.1229683
Varanasi,2026-10-06 12:00:00,2,29.277234899999996,0.46243,5.0315192
Varanasi,2026-10-06 13:00:00,2,29.6346481,0.1481006,4.9530026000000005
Varanasi,2026-10-06 14:00:00,2,29.805948700000002,0.062374399999999997,4.9212617000000005
Varanasi,2026-10-06 15:00:00,2,29.5000867,0.5925568,4.3625468000000005
Varanasi,2026-10-06 16:00:00,2,28.7828126,0.5925568,3.4636582
Varanasi,2026-10-06 17:00:00,2,27.398890100000003,0.5925568,3.6459694
Varanasi,2026-10-06 18:00:00,2,26.685254999999998,0.031187199999999998,3.6068227
Varanasi,2026-10-06 19:00:00,2,26.205343900000003,0.031187199999999998,4.2806208
Varanasi,2026-10-06 20:00:00,2,25.818539100000002,0.031187199999999998,3.9458867000000004
Varanasi,2026-10-06 21:00:00,2,25.478414,0.0,3.7037655000000003
Varanasi,2026-10-06 22:00:00,2,25.266748800000002,0.0,3.4402134
Varanasi,2026-10-06 23:00:00,2,25.1341293,0.0,3.1491959000000005
Varanasi,2026-10-07 00:00:00,3,24.8860554,0.0,3.3356733
Varanasi,2026-10-07 01:00:00,3,24.619457399999998,0.0,2.7343511
Varanasi,2026-10-07 02:00:00,3,24.4287213,0.0,2.6136847999999997
Varanasi,2026-10-07 03:00:00,3,24.285951400000002,0.0,3.4726888
Varanasi,2026-10-07 04:00:00,3,24.221023099999996,0.0,3.7739824
Varanasi,2026-10-07 05:00:00,3,24.152247799999998,0.0,4.2305949
Varanasi,2026-10-07 06:00:00,3,24.217101299999996,0.026580626580626585,4.4351516
Varanasi,2026-10-07 07:00:00,3,25.106178099999997,0.0,5.3602308
Varanasi,2026-10-07 08:00:00,3,26.2097151,0.0,6.9235045
Varanasi,2026-10-07 09:00:00,3,27.274564400000003,0.0576977576977577,7.1712003
Varanasi,2026-10-07 10:00:00,3,28.400495,0.03111713111713112,7.2509333
Varanasi,2026-10-07 11:00:00,3,29.420890099999998,0.08427838427838429,7.1734116
Varanasi,2026-10-07 12:00:00,3,30.186001400000002,0.15104915104915106,6.3284231
Varanasi,2026-10-07 13:00:00,3,30.4270828,0.15104915104915106,6.5901408
Varanasi,2026-10-07 14:00:00,3,30.3199962,0.2307910307910308,6.7923332
Varanasi,2026-10-07 15:00:00,3,30.1147811,0.16402026402026404,5.0729801000000005
Varanasi,2026-10-07 16:00:00,3,29.774080299999998,0.03111713111713112,2.8843557000000004
Varanasi,2026-10-07 17:00:00,3,28.2878541,0.03111713111713112,1.8967250000000002
Varanasi,2026-10-07 18:00:00,3,27.163381,0.6223426223426224,3.1293317000000003
Varanasi,2026-10-07 19:00:00,3,26.033490999999998,0.6223426223426224,4.4464498
Varanasi,2026-10-07 20:00:00,3,25.2741438,0.6223426223426224,4.1308366
Varanasi,2026-10-07 21:00:00,3,24.7575999,0.0,3.7931801000000003
Varanasi,2026-10-07 22:00:00,3,24.4240045,0.0,4.075515200000001
Varanasi,2026-10-07 23:00:00,3,24.068142499999997,0.0,4.1350223
Vijayawada,2026-10-05 00:00:00,1,26.408986791013206,0.0,3.0316940000000003
Vijayawada,2026-10-05 01:00:00,1,26.21114588885411,0.0,3.7107313999999993
Vijayawada,2026-10-05 02:00:00,1,25.870215929784067,0.5456306,3.8789888999999995
Vijayawada,2026-10-05 03:00:00,1,25.791013308986688,0.0,3.3077574999999997
Vijayawada,2026-10-05 04:00:00,1,25.640266159733837,0.0,2.3265521
Vijayawada,2026-10-05 05:00:00,1,25.621960278039715,0.0,2.0227414
Vijayawada,2026-10-05 06:00:00,1,26.15195334804665,0.0,2.6468913
Vijayawada,2026-10-05 07:00:00,1,27.342115357884637,0.0,3.1036337
Vijayawada,2026-10-05 08:00:00,1,28.911602488397506,0.0,4.394626700000001
Vijayawada,2026-10-05 09:00:00,1,30.372725327274672,0.045070400000000004,5.1555109
Vijayawada,2026-10-05 10:00:00,1,31.48519791480208,0.0982586,4.7577978000000005
Vijayawada,2026-10-05 11:00:00,1,32.49302180697819,0.045070400000000004,3.4716405999999997
Vijayawada,2026-10-05 12:00:00,1,33.2091685908314,0.045070400000000004,1.8590589999999998
Vijayawada,2026-10-05 13:00:00,1,33.62037567962432,0.045070400000000004,2.6890694
Vijayawada,2026-10-05 14:00:00,1,33.68050321949677,0.045070400000000004,3.5756958
Vijayawada,2026-10-05 15:00:00,1,33.40109069890929,0.045070400000000004,4.1997877
Vijayawada,2026-10-05 16:00:00,1,32.68386121613878,0.045070400000000004,4.6486566
Vijayawada,2026-10-05 17:00:00,1,30.58331971668028,0.0672237,6.5970522
Vijayawada,2026-10-05 18:00:00,1,28.735008364991632,0.3232744,7.7258233
Vijayawada,2026-10-05 19:00:00,1,28.128453771546223,0.0886132,5.5142173
Vijayawada,2026-10-05 20:00:00,1,27.532065767934228,0.0,4.3764112
Vijayawada,2026-10-05 21:00:00,1,26.996407903592093,0.0,3.525443
Vijayawada,2026-10-05 22:00:00,1,26.592692307307686,0.0,3.9602083
Vijayawada,2026-10-05 23:00:00,1,26.28775261224738,0.0,3.5275502000000003
Vijayawada,2026-10-06 00:00:00,2,25.971806928193075,0.1372945,2.8188475000000004
Vijayawada,2026-10-06 01:00:00,2,25.817647582352418,0.0,1.8866670000000003
Vijayawada,2026-10-06 02:00:00,2,25.622802577197426,0.0,2.0069776000000004
Vijayawada,2026-10-06 03:00:00,2,25.422802577197423,0.0,1.5624335
Vijayawada,2026-10-06 04:00:00,2,25.249079750920252,0.0,1.5277122000000003
Vijayawada,2026-10-06 05:00:00,2,25.22423077576923,0.0,2.1497045000000004
Vijayawada,2026-10-06 06:00:00,2,25.66821773178227,0.0,2.2618381000000003
Vijayawada,2026-10-06 07:00:00,2,26.97650602349398,0.0,2.40939
Vijayawada,2026-10-06 08:00:00,2,28.520957679042326,0.027458900000000005,3.5952590000000004
Vijayawada,2026-10-06 09:00:00,2,30.1988328011672,0.18630990000000003,3.4766401
Vijayawada,2026-10-06 10:00:00,2,31.538683761316243,0.04901540000000001,3.3968597000000007
Vijayawada,2026-10-06 11:00:00,2,32.5992583007417,0.021556500000000003,2.7189532000000005
Vijayawada,2026-10-06 12:00:00,2,33.386481713518286,0.021556500000000003,3.1914543
Vijayawada,2026-10-06 13:00:00,2,33.875800024199975,0.021556500000000003,4.5281511000000005
Vijayawada,2026-10-06 14:00:00,2,33.80846549153451,0.021556500000000003,5.543134500000001
Vijayawada,2026-10-06 15:00:00,2,33.25785614214386,0.1552749,5.816417300000001
Vijayawada,2026-10-06 16:00:00,2,32.05136424863576,0.20975169999999999,7.1250319000000015
Vijayawada,2026-10-06 17:00:00,2,29.87004272995727,0.2642285,8.6868542
Vijayawada,2026-10-06 18:00:00,2,28.72150487849512,0.0,7.305594900000001
Vijayawada,2026-10-06 19:00:00,2,27.8958979041021,0.0,6.662970400000001
Vijayawada,2026-10-06 20:00:00,2,27.31662148337852,0.0,6.1161362000000015
Vijayawada,2026-10-06 21:00:00,2,26.810696189303812,0.0,4.9684548
Vijayawada,2026-10-06 22:00:00,2,26.341534858465142,0.0,3.7975890000000008
Vijayawada,2026-10-06 23:00:00,2,25.914024385975615,0.0,3.0831098
Vijayawada,2026-10-07 00:00:00,3,25.6206274,0.0,2.4643759000000003
Vijayawada,2026-10-07 01:00:00,3,25.4065359,0.0,1.8169526
Vijayawada,2026-10-07 02:00:00,3,25.2353286,0.0,1.7637314
Vijayawada,2026-10-07 03:00:00,3,25.0280769,0.0,2.1097442
Vijayawada,2026-10-07 04:00:00,3,24.795269299999998,0.0,2.3019418
Vijayawada,2026-10-07 05:00:00,3,24.785427500000004,0.0,2.9210562
Vijayawada,2026-10-07 06:00:00,3,25.2690751,0.0,3.0772041
Vijayawada,2026-10-07 07:00:00,3,26.637243400000003,0.0,3.0584304
Vijayawada,2026-10-07 08:00:00,3,28.2993046,0.0,3.6398620000000004
Vijayawada,2026-10-07 09:00:00,3,30.0131156,0.024331000000000002,4.0029131
Vijayawada,2026-10-07 10:00:00,3,31.506501899999996,0.024331000000000002,4.529102
Vijayawada,2026-10-07 11:00:00,3,32.4645852,0.024331000000000002,4.893147
Vijayawada,2026-10-07 12:00:00,3,32.7718862,0.267641,6.7670580000000005
Vijayawada,2026-10-07 13:00:00,3,32.5408822,0.267641,9.267342399999999
Vijayawada,2026-10-07 14:00:00,3,32.2752216,0.267641,10.5269569
Vijayawada,2026-10-07 15:00:00,3,32.0649679,0.145986,9.525717
Vijayawada,2026-10-07 16:00:00,3,31.624307300000005,0.145986,8.1401359
Vijayawada,2026-10-07 17:00:00,3,30.0074069,0.145986,8.9039237
Vijayawada,2026-10-07 18:00:00,3,28.559482600000003,0.0,9.2121272
Vijayawada,2026-10-07 19:00:00,3,27.9338984,0.0,7.645535799999999
Vijayawada,2026-10-07 20:00:00,3,27.1079186,0.0,5.5714062
Vijayawada,2026-10-07 21:00:00,3,26.5808889,0.0,3.9545913
Vijayawada,2026-10-07 22:00:00,3,26.163194400000002,0.0,3.6088981999999996
Vijayawada,2026-10-07 23:00:00,3,25.7881493,0.0,2.8047945999999997
Visakhapatnam,2026-10-05 00:00:00,1,27.385493900000004,0.0,6.577136777136777
Visakhapatnam,2026-10-05 01:00:00,1,27.1828829,0.0,6.710621110621111
Visakhapatnam,2026-10-05 02:00:00,1,26.944699699999997,0.14697674697674695,6.866318366318366
Visakhapatnam,2026-10-05 03:00:00,1,26.7689649,0.09798449798449799,6.123083723083722
Visakhapatnam,2026-10-05 04:00:00,1,26.5642826,0.0,5.841195441195442
Visakhapatnam,2026-10-05 05:00:00,1,26.517004,0.0,5.325361125361126
Visakhapatnam,2026-10-05 06:00:00,1,26.8372441,0.0,5.3682562682562684
Visakhapatnam,2026-10-05 07:00:00,1,27.9413546,0.0,5.672548272548272
Visakhapatnam,2026-10-05 08:00:00,1,29.286210899999997,0.024496124496124497,6.096991196991196
Visakhapatnam,2026-10-05 09:00:00,1,30.569730299999996,0.0,5.99026369026369
Visakhapatnam,2026-10-05 10:00:00,1,31.6444939,0.0,6.363292363292364
Visakhapatnam,2026-10-05 11:00:00,1,32.1119642,0.02420832420832421,7.245257045257045
Visakhapatnam,2026-10-05 12:00:00,1,31.8642277,0.3397546397546397,8.700977100977102
Visakhapatnam,2026-10-05 13:00:00,1,31.1247671,0.43658793658793654,9.774100874100874
Visakhapatnam,2026-10-05 14:00:00,1,30.2547293,0.5353641353641354,10.089142689142689
Visakhapatnam,2026-10-05 15:00:00,1,29.3544433,0.4288869288869288,9.287542087542086
Visakhapatnam,2026-10-05 16:00:00,1,29.1562019,0.07888657888657888,7.993790393790393
Visakhapatnam,2026-10-05 17:00:00,1,28.8132445,0.12787882787882787,7.115271615271615
Visakhapatnam,2026-10-05 18:00:00,1,28.3556301,0.024496124496124497,6.696881496881496
Visakhapatnam,2026-10-05 19:00:00,1,28.0088428,0.0,6.463073263073262
Visakhapatnam,2026-10-05 20:00:00,1,27.7156078,0.0,6.005382905382905
Visakhapatnam,2026-10-05 21:00:00,1,27.3460064,0.04899224899224899,5.5027931027931025
Visakhapatnam,2026-10-05 22:00:00,1,27.1568335,0.04899224899224899,4.811494011494011
Visakhapatnam,2026-10-05 23:00:00,1,26.899078799999995,0.0,4.565176365176365
Visakhapatnam,2026-10-06 00:00:00,2,26.753651853651853,0.0,4.5529988
Visakhapatnam,2026-10-06 01:00:00,2,26.532344132344136,0.0,4.739957
Visakhapatnam,2026-10-06 02:00:00,2,26.389728689728692,0.0,4.865518
Visakhapatnam,2026-10-06 03:00:00,2,26.15868985868986,0.024805300000000002,4.6097008
Visakhapatnam,2026-10-06 04:00:00,2,25.973165773165775,0.0,4.3901216
Visakhapatnam,2026-10-06 05:00:00,2,25.96552166552167,0.0,4.4889452
Visakhapatnam,2026-10-06 06:00:00,2,26.427495927495933,0.0,4.2476876
Visakhapatnam,2026-10-06 07:00:00,2,27.46036826036826,0.0,3.9062516
Visakhapatnam,2026-10-06 08:00:00,2,28.707007607007608,0.0,3.218374
Visakhapatnam,2026-10-06 09:00:00,2,29.8979853979854,0.0,2.3228514000000002
Visakhapatnam,2026-10-06 10:00:00,2,30.966824066824067,0.024805300000000002,4.4112158
Visakhapatnam,2026-10-06 11:00:00,2,31.58587058587058,0.0,6.6440482
Visakhapatnam,2026-10-06 12:00:00,2,31.749378049378052,0.125711,7.886683799999999
Visakhapatnam,2026-10-06 13:00:00,2,31.6023938023938,0.125711,8.9430256
Visakhapatnam,2026-10-06 14:00:00,2,31.16438006438006,0.125711,9.732131599999999
Visakhapatnam,2026-10-06 15:00:00,2,30.651678851678856,0.0251422,9.575867800000001
Visakhapatnam,2026-10-06 16:00:00,2,30.133301533301534,0.0251422,9.1791716
Visakhapatnam,2026-10-06 17:00:00,2,29.455076655076656,0.0251422,8.033109999999999
Visakhapatnam,2026-10-06 18:00:00,2,28.85554405554406,0.0,6.2224512
Visakhapatnam,2026-10-06 19:00:00,2,28.247334147334147,0.0,5.4100738
Visakhapatnam,2026-10-06 20:00:00,2,27.807324807324807,0.0,4.9562056000000005
Visakhapatnam,2026-10-06 21:00:00,2,27.523939423939424,0.0,4.7930216
Visakhapatnam,2026-10-06 22:00:00,2,27.25104575104575,0.0,4.2535072000000005
Visakhapatnam,2026-10-06 23:00:00,2,26.984983884983887,0.0,3.9199058
Visakhapatnam,2026-10-07 00:00:00,3,26.6932141,0.0,3.7861282
Visakhapatnam,2026-10-07 01:00:00,3,26.4151021,0.0,3.8775413999999997
Visakhapatnam,2026-10-07 02:00:00,3,26.142442299999995,0.0,4.0184295
Visakhapatnam,2026-10-07 03:00:00,3,25.9080022,0.0,3.9477438
Visakhapatnam,2026-10-07 04:00:00,3,25.6828188,0.0,3.5099577
Visakhapatnam,2026-10-07 05:00:00,3,25.619415699999998,0.0,3.3846619000000002
Visakhapatnam,2026-10-07 06:00:00,3,26.066432799999998,0.0,3.4428414
Visakhapatnam,2026-10-07 07:00:00,3,27.401527299999998,0.0,3.3737398
Visakhapatnam,2026-10-07 08:00:00,3,28.9887155,0.0,2.7941838
Visakhapatnam,2026-10-07 09:00:00,3,30.3374346,0.0,1.8252477999999999
Visakhapatnam,2026-10-07 10:00:00,3,31.199543500000004,0.0,4.448026
Visakhapatnam,2026-10-07 11:00:00,3,31.566699600000003,0.0,6.872207599999999
Visakhapatnam,2026-10-07 12:00:00,3,31.5624901,0.0249073,9.100608399999999
Visakhapatnam,2026-10-07 13:00:00,3,31.295257600000003,0.0249073,10.619986699999998
Visakhapatnam,2026-10-07 14:00:00,3,30.9044894,0.0249073,11.6721459
Visakhapatnam,2026-10-07 15:00:00,3,30.353537100000004,0.0,11.1770654
Visakhapatnam,2026-10-07 16:00:00,3,29.856988100000002,0.0,9.958388499999998
Visakhapatnam,2026-10-07 17:00:00,3,29.2142818,0.0,8.4641754
Visakhapatnam,2026-10-07 18:00:00,3,28.653087,0.0,7.2253367
Visakhapatnam,2026-10-07 19:00:00,3,28.2166706,0.0,5.8722424
Visakhapatnam,2026-10-07 20:00:00,3,27.8512663,0.0,5.322665300000001
Visakhapatnam,2026-10-07 21:00:00,3,27.5429237,0.0,5.017730199999999
Visakhapatnam,2026-10-07 22:00:00,3,27.3180689,0.0,4.6696557
Visakhapatnam,2026-10-07 23:00:00,3,27.1155071,0.0,4.6654529
