city,datetime,lead_day,confidence,confidence_label,skill_score,agreement_score,lead_score,dominant_model,explanation
Agartala,2026-10-03 00:00:00,1,86.9,High,87.68,76.78,100.0,ECMWF,"ECMWF leads with strong short-range skill, with minor model spread in local precipitation."
Agartala,2026-10-03 01:00:00,1,86.2,High,87.68,74.43,100.0,ECMWF,"ECMWF leads with strong short-range skill, with minor model spread in local precipitation."
Agartala,2026-10-03 02:00:00,1,86.4,High,87.68,75.25,100.0,ECMWF,"ECMWF leads with strong short-range skill, with minor model spread in local precipitation."
Agartala,2026-10-03 03:00:00,1,86.3,High,87.68,74.72,100.0,ECMWF,"ECMWF leads with strong short-range skill, with minor model spread in local precipitation."
Agartala,2026-10-03 04:00:00,1,86.0,High,87.68,73.71,100.0,ECMWF,"ECMWF leads with strong short-range skill, with minor model spread in local precipitation."
Agartala,2026-10-03 05:00:00,1,85.0,High,87.68,70.4,100.0,ECMWF,"ECMWF leads with strong short-range skill, with minor model spread in local precipitation."
Agartala,2026-10-03 06:00:00,1,86.9,High,87.68,76.71,100.0,ECMWF,"ECMWF leads with strong short-range skill, with minor model spread in local precipitation."
Agartala,2026-10-03 07:00:00,1,87.4,High,87.68,78.63,100.0,ECMWF,"ECMWF leads with strong short-range skill, with minor model spread in local precipitation."
Agartala,2026-10-03 08:00:00,1,85.6,High,87.68,72.48,100.0,ECMWF,"ECMWF leads with strong short-range skill, with minor model spread in local precipitation."
Agartala,2026-10-03 09:00:00,1,85.9,High,87.68,73.64,100.0,ECMWF,"ECMWF leads with strong short-range skill, with minor model spread in local precipitation."
Agartala,2026-10-03 10:00:00,1,87.5,High,87.68,78.98,100.0,ECMWF,"ECMWF leads with strong short-range skill, with minor model spread in local precipitation."
Agartala,2026-10-03 11:00:00,1,88.0,High,87.68,80.47,100.0,ECMWF,"ECMWF and ensemble members agree closely, while RMSE remains low for this region."
Agartala,2026-10-03 12:00:00,1,89.2,High,87.68,84.61,100.0,ECMWF,"ECMWF and ensemble members agree closely, while RMSE remains low for this region."
Agartala,2026-10-03 13:00:00,1,87.4,High,87.68,78.69,100.0,ECMWF,"ECMWF leads with strong short-range skill, with minor model spread in local precipitation."
Agartala,2026-10-03 14:00:00,1,90.3,Very High,87.68,88.12,100.0,ECMWF,"ECMWF has the highest historical skill, model agreement is strong, and this is a short-range forecast."
Agartala,2026-10-03 15:00:00,1,87.0,High,87.68,77.19,100.0,ECMWF,"ECMWF leads with strong short-range skill, with minor model spread in local precipitation."
Agartala,2026-10-03 16:00:00,1,88.1,High,87.68,81.03,100.0,ECMWF,"ECMWF and ensemble members agree closely, while RMSE remains low for this region."
Agartala,2026-10-03 17:00:00,1,87.9,High,87.68,80.14,100.0,ECMWF,"ECMWF and ensemble members agree closely, while RMSE remains low for this region."
Agartala,2026-10-03 18:00:00,1,89.0,High,87.68,83.98,100.0,ECMWF,"ECMWF and ensemble members agree closely, while RMSE remains low for this region."
Agartala,2026-10-03 19:00:00,1,89.5,Very High,87.68,85.62,100.0,ECMWF,"ECMWF has the highest historical skill, model agreement is strong, and this is a short-range forecast."
Agartala,2026-10-03 20:00:00,1,89.2,High,87.68,84.46,100.0,ECMWF,"ECMWF and ensemble members agree closely, while RMSE remains low for this region."
Agartala,2026-10-03 21:00:00,1,88.0,High,87.68,80.47,100.0,ECMWF,"ECMWF and ensemble members agree closely, while RMSE remains low for this region."
Agartala,2026-10-03 22:00:00,1,88.4,High,87.68,81.89,100.0,ECMWF,"ECMWF and ensemble members agree closely, while RMSE remains low for this region."
Agartala,2026-10-03 23:00:00,1,88.6,High,87.68,82.56,100.0,ECMWF,"ECMWF and ensemble members agree closely, while RMSE remains low for this region."
Agartala,2026-10-04 00:00:00,2,84.2,High,85.55,84.75,80.0,ECMWF,"ECMWF and ensemble members agree closely, while RMSE remains low for this region."
Agartala,2026-10-04 01:00:00,2,84.5,High,85.55,85.79,80.0,ECMWF,"ECMWF and ensemble members agree closely, while RMSE remains low for this region."
Agartala,2026-10-04 02:00:00,2,83.7,High,85.55,83.01,80.0,ECMWF,"ECMWF and ensemble members agree closely, while RMSE remains low for this region."
Agartala,2026-10-04 03:00:00,2,84.5,High,85.55,85.71,80.0,ECMWF,"ECMWF and ensemble members agree closely, while RMSE remains low for this region."
Agartala,2026-10-04 04:00:00,2,84.3,High,85.55,84.94,80.0,ECMWF,"ECMWF and ensemble members agree closely, while RMSE remains low for this region."
Agartala,2026-10-04 05:00:00,2,83.5,High,85.55,82.41,80.0,ECMWF,"ECMWF and ensemble members agree closely, while RMSE remains low for this region."
Agartala,2026-10-04 06:00:00,2,84.2,High,85.55,84.88,80.0,ECMWF,"ECMWF and ensemble members agree closely, while RMSE remains low for this region."
Agartala,2026-10-04 07:00:00,2,84.8,High,85.55,86.86,80.0,ECMWF,"ECMWF and ensemble members agree closely, while RMSE remains low for this region."
Agartala,2026-10-04 08:00:00,2,84.1,High,85.55,84.37,80.0,ECMWF,"ECMWF and ensemble members agree closely, while RMSE remains low for this region."
Agartala,2026-10-04 09:00:00,2,84.5,High,85.55,85.68,80.0,ECMWF,"ECMWF and ensemble members agree closely, while RMSE remains low for this region."
Agartala,2026-10-04 10:00:00,2,84.0,High,85.55,84.16,80.0,ECMWF,"ECMWF and ensemble members agree closely, while RMSE remains low for this region."
Agartala,2026-10-04 11:00:00,2,82.7,High,85.55,79.75,80.0,ECMWF,"Low regional RMSE supports ECMWF dominance, while the 48-hour forecast horizon maintains stable predictability."
Agartala,2026-10-04 12:00:00,2,84.7,High,85.55,86.36,80.0,ECMWF,"ECMWF and ensemble members agree closely, while RMSE remains low for this region."
Agartala,2026-10-04 13:00:00,2,82.2,High,85.55,78.2,80.0,ECMWF,"Low regional RMSE supports ECMWF dominance, while the 48-hour forecast horizon maintains stable predictability."
Agartala,2026-10-04 14:00:00,2,80.5,High,85.55,72.44,80.0,ECMWF,"Low regional RMSE supports ECMWF dominance, while the 48-hour forecast horizon maintains stable predictability."
Agartala,2026-10-04 15:00:00,2,82.0,High,85.55,77.45,80.0,ECMWF,"Low regional RMSE supports ECMWF dominance, while the 48-hour forecast horizon maintains stable predictability."
Agartala,2026-10-04 16:00:00,2,80.8,High,85.55,73.44,80.0,ECMWF,"Low regional RMSE supports ECMWF dominance, while the 48-hour forecast horizon maintains stable predictability."
Agartala,2026-10-04 17:00:00,2,79.2,High,85.55,68.15,80.0,ECMWF,"Low regional RMSE supports ECMWF dominance, while the 48-hour forecast horizon maintains stable predictability."
Agartala,2026-10-04 18:00:00,2,79.8,High,85.55,70.02,80.0,ECMWF,"Low regional RMSE supports ECMWF dominance, while the 48-hour forecast horizon maintains stable predictability."
Agartala,2026-10-04 19:00:00,2,80.6,High,85.55,72.83,80.0,ECMWF,"Low regional RMSE supports ECMWF dominance, while the 48-hour forecast horizon maintains stable predictability."
Agartala,2026-10-04 20:00:00,2,82.5,High,85.55,79.13,80.0,ECMWF,"Low regional RMSE supports ECMWF dominance, while the 48-hour forecast horizon maintains stable predictability."
Agartala,2026-10-04 21:00:00,2,82.1,High,85.55,77.85,80.0,ECMWF,"Low regional RMSE supports ECMWF dominance, while the 48-hour forecast horizon maintains stable predictability."
Agartala,2026-10-04 22:00:00,2,81.7,High,85.55,76.44,80.0,ECMWF,"Low regional RMSE supports ECMWF dominance, while the 48-hour forecast horizon maintains stable predictability."
Agartala,2026-10-04 23:00:00,2,81.6,High,85.55,76.05,80.0,ECMWF,"Low regional RMSE supports ECMWF dominance, while the 48-hour forecast horizon maintains stable predictability."
Agartala,2026-10-05 00:00:00,3,77.0,High,84.33,76.18,60.0,ECMWF,"Low regional RMSE supports ECMWF dominance, while the extended Day 3 lead time maintains stable predictability."
Agartala,2026-10-05 01:00:00,3,77.2,High,84.33,76.74,60.0,ECMWF,"Low regional RMSE supports ECMWF dominance, while the extended Day 3 lead time maintains stable predictability."
Agartala,2026-10-05 02:00:00,3,75.6,High,84.33,71.41,60.0,ECMWF,"Low regional RMSE supports ECMWF dominance, while the extended Day 3 lead time maintains stable predictability."
Agartala,2026-10-05 03:00:00,3,75.7,High,84.33,71.82,60.0,ECMWF,"Low regional RMSE supports ECMWF dominance, while the extended Day 3 lead time maintains stable predictability."
Agartala,2026-10-05 04:00:00,3,77.3,High,84.33,77.0,60.0,ECMWF,"Low regional RMSE supports ECMWF dominance, while the extended Day 3 lead time maintains stable predictability."
Agartala,2026-10-05 05:00:00,3,77.9,High,84.33,79.2,60.0,ECMWF,"Low regional RMSE supports ECMWF dominance, while the extended Day 3 lead time maintains stable predictability."
Agartala,2026-10-05 06:00:00,3,78.8,High,84.33,82.07,60.0,ECMWF,"ECMWF and ensemble members agree closely, while RMSE remains low for this region."
Agartala,2026-10-05 07:00:00,3,78.6,High,84.33,81.42,60.0,ECMWF,"ECMWF and ensemble members agree closely, while RMSE remains low for this region."
Agartala,2026-10-05 08:00:00,3,77.0,High,84.33,76.09,60.0,ECMWF,"Low regional RMSE supports ECMWF dominance, while the extended Day 3 lead time maintains stable predictability."
Agartala,2026-10-05 09:00:00,3,77.0,High,84.33,75.97,60.0,ECMWF,"Low regional RMSE supports ECMWF dominance, while the extended Day 3 lead time maintains stable predictability."
Agartala,2026-10-05 10:00:00,3,77.9,High,84.33,79.21,60.0,ECMWF,"Low regional RMSE supports ECMWF dominance, while the extended Day 3 lead time maintains stable predictability."
Agartala,2026-10-05 11:00:00,3,76.7,High,84.33,75.12,60.0,ECMWF,"Low regional RMSE supports ECMWF dominance, while the extended Day 3 lead time maintains stable predictability."
Agartala,2026-10-05 12:00:00,3,76.4,High,84.33,74.17,60.0,ECMWF,"Low regional RMSE supports ECMWF dominance, while the extended Day 3 lead time maintains stable predictability."
Agartala,2026-10-05 13:00:00,3,75.4,High,84.33,70.92,60.0,ECMWF,"Low regional RMSE supports ECMWF dominance, while the extended Day 3 lead time maintains stable predictability."
Agartala,2026-10-05 14:00:00,3,73.7,Medium,84.33,65.11,60.0,ECMWF,Models show moderate disagreement and the forecast lead time reduces reliability.
Agartala,2026-10-05 15:00:00,3,73.9,Medium,84.33,65.82,60.0,ECMWF,Models show moderate disagreement and the forecast lead time reduces reliability.
Agartala,2026-10-05 16:00:00,3,77.9,High,84.33,79.15,60.0,ECMWF,"Low regional RMSE supports ECMWF dominance, while the extended Day 3 lead time maintains stable predictability."
Agartala,2026-10-05 17:00:00,3,80.1,High,84.33,86.54,60.0,ECMWF,"ECMWF and ensemble members agree closely, while RMSE remains low for this region."
Agartala,2026-10-05 18:00:00,3,80.6,High,84.33,88.03,60.0,ECMWF,"ECMWF and ensemble members agree closely, while RMSE remains low for this region."
Agartala,2026-10-05 19:00:00,3,79.5,High,84.33,84.34,60.0,ECMWF,"ECMWF and ensemble members agree closely, while RMSE remains low for this region."
Agartala,2026-10-05 20:00:00,3,75.8,High,84.33,72.11,60.0,ECMWF,"Low regional RMSE supports ECMWF dominance, while the extended Day 3 lead time maintains stable predictability."
Agartala,2026-10-05 21:00:00,3,76.4,High,84.33,74.15,60.0,ECMWF,"Low regional RMSE supports ECMWF dominance, while the extended Day 3 lead time maintains stable predictability."
Agartala,2026-10-05 22:00:00,3,76.8,High,84.33,75.57,60.0,ECMWF,"Low regional RMSE supports ECMWF dominance, while the extended Day 3 lead time maintains stable predictability."
Agartala,2026-10-05 23:00:00,3,76.8,High,84.33,75.4,60.0,ECMWF,"Low regional RMSE supports ECMWF dominance, while the extended Day 3 lead time maintains stable predictability."
Agra,2026-10-03 00:00:00,1,83.8,High,81.7,76.37,100.0,ECMWF,"ECMWF leads with strong short-range skill, with minor model spread in local precipitation."
Agra,2026-10-03 01:00:00,1,82.7,High,81.7,72.78,100.0,ECMWF,"ECMWF leads with strong short-range skill, with minor model spread in local precipitation."
Agra,2026-10-03 02:00:00,1,81.1,High,81.7,67.38,100.0,ECMWF,"ECMWF leads with strong short-range skill, with minor model spread in local precipitation."
Agra,2026-10-03 03:00:00,1,80.9,High,81.7,66.92,100.0,ECMWF,"ECMWF leads with strong short-range skill, with minor model spread in local precipitation."
Agra,2026-10-03 04:00:00,1,81.1,High,81.7,67.35,100.0,ECMWF,"ECMWF leads with strong short-range skill, with minor model spread in local precipitation."
Agra,2026-10-03 05:00:00,1,82.1,High,81.7,70.8,100.0,ECMWF,"ECMWF leads with strong short-range skill, with minor model spread in local precipitation."
Agra,2026-10-03 06:00:00,1,82.4,High,81.7,71.83,100.0,ECMWF,"ECMWF leads with strong short-range skill, with minor model spread in local precipitation."
Agra,2026-10-03 07:00:00,1,83.4,High,81.7,75.06,100.0,ECMWF,"ECMWF leads with strong short-range skill, with minor model spread in local precipitation."
Agra,2026-10-03 08:00:00,1,84.0,High,81.7,77.23,100.0,ECMWF,"ECMWF leads with strong short-range skill, with minor model spread in local precipitation."
Agra,2026-10-03 09:00:00,1,84.5,High,81.7,78.69,100.0,ECMWF,"ECMWF leads with strong short-range skill, with minor model spread in local precipitation."
Agra,2026-10-03 10:00:00,1,84.9,High,81.7,80.16,100.0,ECMWF,"ECMWF and ensemble members agree closely, while RMSE remains low for this region."
Agra,2026-10-03 11:00:00,1,84.1,High,81.7,77.44,100.0,ECMWF,"ECMWF leads with strong short-range skill, with minor model spread in local precipitation."
Agra,2026-10-03 12:00:00,1,83.6,High,81.7,75.83,100.0,ECMWF,"ECMWF leads with strong short-range skill, with minor model spread in local precipitation."
Agra,2026-10-03 13:00:00,1,82.9,High,81.7,73.53,100.0,ECMWF,"ECMWF leads with strong short-range skill, with minor model spread in local precipitation."
Agra,2026-10-03 14:00:00,1,83.4,High,81.7,75.19,100.0,ECMWF,"ECMWF leads with strong short-range skill, with minor model spread in local precipitation."
Agra,2026-10-03 15:00:00,1,85.9,High,81.7,83.57,100.0,ECMWF,"ECMWF and ensemble members agree closely, while RMSE remains low for this region."
Agra,2026-10-03 16:00:00,1,87.0,High,81.7,87.32,100.0,ECMWF,"ECMWF and ensemble members agree closely, while RMSE remains low for this region."
Agra,2026-10-03 17:00:00,1,86.2,High,81.7,84.42,100.0,ECMWF,"ECMWF and ensemble members agree closely, while RMSE remains low for this region."
Agra,2026-10-03 18:00:00,1,85.0,High,81.7,80.43,100.0,ECMWF,"ECMWF and ensemble members agree closely, while RMSE remains low for this region."
Agra,2026-10-03 19:00:00,1,82.5,High,81.7,72.22,100.0,ECMWF,"ECMWF leads with strong short-range skill, with minor model spread in local precipitation."
Agra,2026-10-03 20:00:00,1,81.7,High,81.7,69.43,100.0,ECMWF,"ECMWF leads with strong short-range skill, with minor model spread in local precipitation."
Agra,2026-10-03 21:00:00,1,81.5,High,81.7,68.67,100.0,ECMWF,"ECMWF leads with strong short-range skill, with minor model spread in local precipitation."
Agra,2026-10-03 22:00:00,1,81.3,High,81.7,68.05,100.0,ECMWF,"ECMWF leads with strong short-range skill, with minor model spread in local precipitation."
Agra,2026-10-03 23:00:00,1,80.9,High,81.7,66.68,100.0,ECMWF,"ECMWF leads with strong short-range skill, with minor model spread in local precipitation."
Agra,2026-10-04 00:00:00,2,77.1,High,81.8,67.19,80.0,ECMWF,"Low regional RMSE supports ECMWF dominance, while the 48-hour forecast horizon maintains stable predictability."
Agra,2026-10-04 01:00:00,2,77.4,High,81.8,68.49,80.0,ECMWF,"Low regional RMSE supports ECMWF dominance, while the 48-hour forecast horizon maintains stable predictability."
Agra,2026-10-04 02:00:00,2,77.2,High,81.8,67.57,80.0,ECMWF,"Low regional RMSE supports ECMWF dominance, while the 48-hour forecast horizon maintains stable predictability."
Agra,2026-10-04 03:00:00,2,76.9,High,81.8,66.79,80.0,ECMWF,"Low regional RMSE supports ECMWF dominance, while the 48-hour forecast horizon maintains stable predictability."
Agra,2026-10-04 04:00:00,2,77.8,High,81.8,69.77,80.0,ECMWF,"Low regional RMSE supports ECMWF dominance, while the 48-hour forecast horizon maintains stable predictability."
Agra,2026-10-04 05:00:00,2,77.3,High,81.8,68.06,80.0,ECMWF,"Low regional RMSE supports ECMWF dominance, while the 48-hour forecast horizon maintains stable predictability."
Agra,2026-10-04 06:00:00,2,77.1,High,81.8,67.45,80.0,ECMWF,"Low regional RMSE supports ECMWF dominance, while the 48-hour forecast horizon maintains stable predictability."
Agra,2026-10-04 07:00:00,2,77.9,High,81.8,69.95,80.0,ECMWF,"Low regional RMSE supports ECMWF dominance, while the 48-hour forecast horizon maintains stable predictability."
Agra,2026-10-04 08:00:00,2,76.9,High,81.8,66.73,80.0,ECMWF,"Low regional RMSE supports ECMWF dominance, while the 48-hour forecast horizon maintains stable predictability."
Agra,2026-10-04 09:00:00,2,77.0,High,81.8,67.0,80.0,ECMWF,"Low regional RMSE supports ECMWF dominance, while the 48-hour forecast horizon maintains stable predictability."
Agra,2026-10-04 10:00:00,2,77.2,High,81.8,67.58,80.0,ECMWF,"Low regional RMSE supports ECMWF dominance, while the 48-hour forecast horizon maintains stable predictability."
Agra,2026-10-04 11:00:00,2,77.8,High,81.8,69.83,80.0,ECMWF,"Low regional RMSE supports ECMWF dominance, while the 48-hour forecast horizon maintains stable predictability."
Agra,2026-10-04 12:00:00,2,78.8,High,81.8,73.0,80.0,ECMWF,"Low regional RMSE supports ECMWF dominance, while the 48-hour forecast horizon maintains stable predictability."
Agra,2026-10-04 13:00:00,2,77.7,High,81.8,69.18,80.0,ECMWF,"Low regional RMSE supports ECMWF dominance, while the 48-hour forecast horizon maintains stable predictability."
Agra,2026-10-04 14:00:00,2,76.7,High,81.8,66.06,80.0,ECMWF,"Low regional RMSE supports ECMWF dominance, while the 48-hour forecast horizon maintains stable predictability."
Agra,2026-10-04 15:00:00,2,77.5,High,81.8,68.68,80.0,ECMWF,"Low regional RMSE supports ECMWF dominance, while the 48-hour forecast horizon maintains stable predictability."
Agra,2026-10-04 16:00:00,2,81.0,High,81.8,80.39,80.0,ECMWF,"ECMWF and ensemble members agree closely, while RMSE remains low for this region."
Agra,2026-10-04 17:00:00,2,82.0,High,81.8,83.81,80.0,ECMWF,"ECMWF and ensemble members agree closely, while RMSE remains low for this region."
Agra,2026-10-04 18:00:00,2,79.9,High,81.8,76.78,80.0,ECMWF,"Low regional RMSE supports ECMWF dominance, while the 48-hour forecast horizon maintains stable predictability."
Agra,2026-10-04 19:00:00,2,79.8,High,81.8,76.39,80.0,ECMWF,"Low regional RMSE supports ECMWF dominance, while the 48-hour forecast horizon maintains stable predictability."
Agra,2026-10-04 20:00:00,2,81.1,High,81.8,80.64,80.0,ECMWF,"ECMWF and ensemble members agree closely, while RMSE remains low for this region."
Agra,2026-10-04 21:00:00,2,81.7,High,81.8,82.63,80.0,ECMWF,"ECMWF and ensemble members agree closely, while RMSE remains low for this region."
Agra,2026-10-04 22:00:00,2,79.9,High,81.8,76.67,80.0,ECMWF,"Low regional RMSE supports ECMWF dominance, while the 48-hour forecast horizon maintains stable predictability."
Agra,2026-10-04 23:00:00,2,77.6,High,81.8,68.91,80.0,ECMWF,"Low regional RMSE supports ECMWF dominance, while the 48-hour forecast horizon maintains stable predictability."
Agra,2026-10-05 00:00:00,3,70.3,Medium,75.43,68.59,60.0,ECMWF,Models show moderate disagreement and the forecast lead time reduces reliability.
Agra,2026-10-05 01:00:00,3,69.9,Medium,75.43,67.25,60.0,ECMWF,Models show moderate disagreement and the forecast lead time reduces reliability.
Agra,2026-10-05 02:00:00,3,69.2,Medium,75.43,64.99,60.0,ECMWF,Models show moderate disagreement and the forecast lead time reduces reliability.
Agra,2026-10-05 03:00:00,3,69.7,Medium,75.43,66.64,60.0,ECMWF,Models show moderate disagreement and the forecast lead time reduces reliability.
Agra,2026-10-05 04:00:00,3,70.2,Medium,75.43,68.14,60.0,ECMWF,Models show moderate disagreement and the forecast lead time reduces reliability.
Agra,2026-10-05 05:00:00,3,71.1,Medium,75.43,71.34,60.0,ECMWF,Models show moderate disagreement and the forecast lead time reduces reliability.
Agra,2026-10-05 06:00:00,3,71.8,Medium,75.43,73.75,60.0,ECMWF,Models show moderate disagreement and the forecast lead time reduces reliability.
Agra,2026-10-05 07:00:00,3,72.9,Medium,75.43,77.15,60.0,ECMWF,Models show moderate disagreement and the forecast lead time reduces reliability.
Agra,2026-10-05 08:00:00,3,72.9,Medium,75.43,77.41,60.0,ECMWF,Models show moderate disagreement and the forecast lead time reduces reliability.
Agra,2026-10-05 09:00:00,3,72.8,Medium,75.43,77.05,60.0,ECMWF,Models show moderate disagreement and the forecast lead time reduces reliability.
Agra,2026-10-05 10:00:00,3,73.4,Medium,75.43,78.91,60.0,ECMWF,Models show moderate disagreement and the forecast lead time reduces reliability.
Agra,2026-10-05 11:00:00,3,74.0,Medium,75.43,80.91,60.0,ECMWF,Models show moderate disagreement and the forecast lead time reduces reliability.
Agra,2026-10-05 12:00:00,3,74.3,Medium,75.43,81.87,60.0,ECMWF,Models show moderate disagreement and the forecast lead time reduces reliability.
Agra,2026-10-05 13:00:00,3,74.2,Medium,75.43,81.6,60.0,ECMWF,Models show moderate disagreement and the forecast lead time reduces reliability.
Agra,2026-10-05 14:00:00,3,72.5,Medium,75.43,76.05,60.0,ECMWF,Models show moderate disagreement and the forecast lead time reduces reliability.
Agra,2026-10-05 15:00:00,3,71.3,Medium,75.43,71.85,60.0,ECMWF,Models show moderate disagreement and the forecast lead time reduces reliability.
Agra,2026-10-05 16:00:00,3,71.4,Medium,75.43,72.3,60.0,ECMWF,Models show moderate disagreement and the forecast lead time reduces reliability.
Agra,2026-10-05 17:00:00,3,73.7,Medium,75.43,79.93,60.0,ECMWF,Models show moderate disagreement and the forecast lead time reduces reliability.
Agra,2026-10-05 18:00:00,3,71.5,Medium,75.43,72.56,60.0,ECMWF,Models show moderate disagreement and the forecast lead time reduces reliability.
Agra,2026-10-05 19:00:00,3,74.0,Medium,75.43,80.89,60.0,ECMWF,Models show moderate disagreement and the forecast lead time reduces reliability.
Agra,2026-10-05 20:00:00,3,73.6,Medium,75.43,79.56,60.0,ECMWF,Models show moderate disagreement and the forecast lead time reduces reliability.
Agra,2026-10-05 21:00:00,3,72.8,Medium,75.43,76.94,60.0,ECMWF,Models show moderate disagreement and the forecast lead time reduces reliability.
Agra,2026-10-05 22:00:00,3,70.6,Medium,75.43,69.54,60.0,ECMWF,Models show moderate disagreement and the forecast lead time reduces reliability.
Agra,2026-10-05 23:00:00,3,71.4,Medium,75.43,72.18,60.0,ECMWF,Models show moderate disagreement and the forecast lead time reduces reliability.
Ahmedabad,2026-10-03 00:00:00,1,77.1,High,74.49,66.09,100.0,ECMWF,"ECMWF leads with strong short-range skill, with minor model spread in local precipitation."
Ahmedabad,2026-10-03 01:00:00,1,78.0,High,74.49,69.26,100.0,ECMWF,"ECMWF leads with strong short-range skill, with minor model spread in local precipitation."
Ahmedabad,2026-10-03 02:00:00,1,80.1,High,74.49,76.17,100.0,ECMWF,"ECMWF leads with strong short-range skill, with minor model spread in local precipitation."
Ahmedabad,2026-10-03 03:00:00,1,81.3,High,74.49,80.22,100.0,ECMWF,"ECMWF and ensemble members agree closely, while RMSE remains low for this region."
Ahmedabad,2026-10-03 04:00:00,1,79.5,High,74.49,74.05,100.0,ECMWF,"ECMWF leads with strong short-range skill, with minor model spread in local precipitation."
Ahmedabad,2026-10-03 05:00:00,1,79.4,High,74.49,74.0,100.0,ECMWF,"ECMWF leads with strong short-range skill, with minor model spread in local precipitation."
Ahmedabad,2026-10-03 06:00:00,1,76.4,High,74.49,63.98,100.0,ECMWF,"ECMWF leads with strong short-range skill, with minor model spread in local precipitation."
Ahmedabad,2026-10-03 07:00:00,1,78.6,High,74.49,71.06,100.0,ECMWF,"ECMWF leads with strong short-range skill, with minor model spread in local precipitation."
Ahmedabad,2026-10-03 08:00:00,1,81.7,High,74.49,81.46,100.0,ECMWF,"ECMWF and ensemble members agree closely, while RMSE remains low for this region."
Ahmedabad,2026-10-03 09:00:00,1,80.3,High,74.49,76.73,100.0,ECMWF,"ECMWF leads with strong short-range skill, with minor model spread in local precipitation."
Ahmedabad,2026-10-03 10:00:00,1,81.4,High,74.49,80.49,100.0,ECMWF,"ECMWF and ensemble members agree closely, while RMSE remains low for this region."
Ahmedabad,2026-10-03 11:00:00,1,83.3,High,74.49,86.85,100.0,ECMWF,"ECMWF and ensemble members agree closely, while RMSE remains low for this region."
Ahmedabad,2026-10-03 12:00:00,1,83.2,High,74.49,86.67,100.0,ECMWF,"ECMWF and ensemble members agree closely, while RMSE remains low for this region."
Ahmedabad,2026-10-03 13:00:00,1,83.6,High,74.49,87.92,100.0,ECMWF,"ECMWF and ensemble members agree closely, while RMSE remains low for this region."
Ahmedabad,2026-10-03 14:00:00,1,84.7,High,74.49,91.63,100.0,ECMWF,"ECMWF and ensemble members agree closely, while RMSE remains low for this region."
Ahmedabad,2026-10-03 15:00:00,1,83.8,High,74.49,88.42,100.0,ECMWF,"ECMWF and ensemble members agree closely, while RMSE remains low for this region."
Ahmedabad,2026-10-03 16:00:00,1,82.6,High,74.49,84.38,100.0,ECMWF,"ECMWF and ensemble members agree closely, while RMSE remains low for this region."
Ahmedabad,2026-10-03 17:00:00,1,82.7,High,74.49,85.0,100.0,ECMWF,"ECMWF and ensemble members agree closely, while RMSE remains low for this region."
Ahmedabad,2026-10-03 18:00:00,1,84.0,High,74.49,89.27,100.0,ECMWF,"ECMWF and ensemble members agree closely, while RMSE remains low for this region."
Ahmedabad,2026-10-03 19:00:00,1,83.5,High,74.49,87.66,100.0,ECMWF,"ECMWF and ensemble members agree closely, while RMSE remains low for this region."
Ahmedabad,2026-10-03 20:00:00,1,81.3,High,74.49,80.25,100.0,ECMWF,"ECMWF and ensemble members agree closely, while RMSE remains low for this region."
Ahmedabad,2026-10-03 21:00:00,1,80.7,High,74.49,78.29,100.0,ECMWF,"ECMWF leads with strong short-range skill, with minor model spread in local precipitation."
Ahmedabad,2026-10-03 22:00:00,1,82.1,High,74.49,82.74,100.0,ECMWF,"ECMWF and ensemble members agree closely, while RMSE remains low for this region."
Ahmedabad,2026-10-03 23:00:00,1,78.6,High,74.49,71.03,100.0,ECMWF,"ECMWF leads with strong short-range skill, with minor model spread in local precipitation."
Ahmedabad,2026-10-04 00:00:00,2,72.8,Medium,74.2,65.57,80.0,ECMWF,Inter-model spread indicates divergence between NWP forecasts despite ECMWF weighting.
Ahmedabad,2026-10-04 01:00:00,2,76.1,High,74.2,76.59,80.0,ECMWF,"Low regional RMSE supports ECMWF dominance, while the 48-hour forecast horizon maintains stable predictability."
Ahmedabad,2026-10-04 02:00:00,2,75.8,High,74.2,75.78,80.0,ECMWF,"Low regional RMSE supports ECMWF dominance, while the 48-hour forecast horizon maintains stable predictability."
Ahmedabad,2026-10-04 03:00:00,2,74.4,Medium,74.2,71.01,80.0,ECMWF,Moderate ensemble agreement and regional variability balance overall forecast confidence.
Ahmedabad,2026-10-04 04:00:00,2,73.7,Medium,74.2,68.82,80.0,ECMWF,Inter-model spread indicates divergence between NWP forecasts despite ECMWF weighting.
Ahmedabad,2026-10-04 05:00:00,2,74.4,Medium,74.2,71.04,80.0,ECMWF,Moderate ensemble agreement and regional variability balance overall forecast confidence.
Ahmedabad,2026-10-04 06:00:00,2,74.9,High,74.2,72.55,80.0,ECMWF,"Low regional RMSE supports ECMWF dominance, while the 48-hour forecast horizon maintains stable predictability."
Ahmedabad,2026-10-04 07:00:00,2,74.6,High,74.2,71.52,80.0,ECMWF,"Low regional RMSE supports ECMWF dominance, while the 48-hour forecast horizon maintains stable predictability."
Ahmedabad,2026-10-04 08:00:00,2,76.3,High,74.2,77.49,80.0,ECMWF,"Low regional RMSE supports ECMWF dominance, while the 48-hour forecast horizon maintains stable predictability."
Ahmedabad,2026-10-04 09:00:00,2,75.1,High,74.2,73.29,80.0,ECMWF,"Low regional RMSE supports ECMWF dominance, while the 48-hour forecast horizon maintains stable predictability."
Ahmedabad,2026-10-04 10:00:00,2,76.0,High,74.2,76.19,80.0,ECMWF,"Low regional RMSE supports ECMWF dominance, while the 48-hour forecast horizon maintains stable predictability."
Ahmedabad,2026-10-04 11:00:00,2,76.5,High,74.2,77.99,80.0,ECMWF,"Low regional RMSE supports ECMWF dominance, while the 48-hour forecast horizon maintains stable predictability."
Ahmedabad,2026-10-04 12:00:00,2,77.1,High,74.2,79.94,80.0,ECMWF,"Low regional RMSE supports ECMWF dominance, while the 48-hour forecast horizon maintains stable predictability."
Ahmedabad,2026-10-04 13:00:00,2,77.9,High,74.2,82.54,80.0,ECMWF,"ECMWF and ensemble members agree closely, while RMSE remains low for this region."
Ahmedabad,2026-10-04 14:00:00,2,78.4,High,74.2,84.34,80.0,ECMWF,"ECMWF and ensemble members agree closely, while RMSE remains low for this region."
Ahmedabad,2026-10-04 15:00:00,2,78.3,High,74.2,84.05,80.0,ECMWF,"ECMWF and ensemble members agree closely, while RMSE remains low for this region."
Ahmedabad,2026-10-04 16:00:00,2,78.3,High,74.2,83.86,80.0,ECMWF,"ECMWF and ensemble members agree closely, while RMSE remains low for this region."
Ahmedabad,2026-10-04 17:00:00,2,78.4,High,74.2,84.49,80.0,ECMWF,"ECMWF and ensemble members agree closely, while RMSE remains low for this region."
Ahmedabad,2026-10-04 18:00:00,2,78.9,High,74.2,86.07,80.0,ECMWF,"ECMWF and ensemble members agree closely, while RMSE remains low for this region."
Ahmedabad,2026-10-04 19:00:00,2,76.7,High,74.2,78.52,80.0,ECMWF,"Low regional RMSE supports ECMWF dominance, while the 48-hour forecast horizon maintains stable predictability."
Ahmedabad,2026-10-04 20:00:00,2,78.4,High,74.2,84.32,80.0,ECMWF,"ECMWF and ensemble members agree closely, while RMSE remains low for this region."
Ahmedabad,2026-10-04 21:00:00,2,76.3,High,74.2,77.17,80.0,ECMWF,"Low regional RMSE supports ECMWF dominance, while the 48-hour forecast horizon maintains stable predictability."
Ahmedabad,2026-10-04 22:00:00,2,73.9,Medium,74.2,69.47,80.0,ECMWF,Inter-model spread indicates divergence between NWP forecasts despite ECMWF weighting.
Ahmedabad,2026-10-04 23:00:00,2,74.1,Medium,74.2,69.9,80.0,ECMWF,Inter-model spread indicates divergence between NWP forecasts despite ECMWF weighting.
Ahmedabad,2026-10-05 00:00:00,3,68.9,Medium,70.56,72.2,60.0,ICON,Models show moderate disagreement and the forecast lead time reduces reliability.
Ahmedabad,2026-10-05 01:00:00,3,68.6,Medium,70.56,71.07,60.0,ICON,Models show moderate disagreement and the forecast lead time reduces reliability.
Ahmedabad,2026-10-05 02:00:00,3,68.2,Medium,70.56,69.66,60.0,ICON,Models show moderate disagreement and the forecast lead time reduces reliability.
Ahmedabad,2026-10-05 03:00:00,3,67.6,Medium,70.56,67.82,60.0,ICON,Models show moderate disagreement and the forecast lead time reduces reliability.
Ahmedabad,2026-10-05 04:00:00,3,67.1,Medium,70.56,66.18,60.0,ICON,Models show moderate disagreement and the forecast lead time reduces reliability.
Ahmedabad,2026-10-05 05:00:00,3,66.2,Medium,70.56,63.22,60.0,ICON,Models show moderate disagreement and the forecast lead time reduces reliability.
Ahmedabad,2026-10-05 06:00:00,3,65.5,Medium,70.56,60.87,60.0,ICON,Models show moderate disagreement and the forecast lead time reduces reliability.
Ahmedabad,2026-10-05 07:00:00,3,66.2,Medium,70.56,62.91,60.0,ICON,Models show moderate disagreement and the forecast lead time reduces reliability.
Ahmedabad,2026-10-05 08:00:00,3,68.1,Medium,70.56,69.25,60.0,ICON,Models show moderate disagreement and the forecast lead time reduces reliability.
Ahmedabad,2026-10-05 09:00:00,3,68.2,Medium,70.56,69.57,60.0,ICON,Models show moderate disagreement and the forecast lead time reduces reliability.
Ahmedabad,2026-10-05 10:00:00,3,68.5,Medium,70.56,70.66,60.0,ICON,Models show moderate disagreement and the forecast lead time reduces reliability.
Ahmedabad,2026-10-05 11:00:00,3,69.5,Medium,70.56,74.11,60.0,ICON,Models show moderate disagreement and the forecast lead time reduces reliability.
Ahmedabad,2026-10-05 12:00:00,3,70.1,Medium,70.56,76.18,60.0,ICON,Models show moderate disagreement and the forecast lead time reduces reliability.
Ahmedabad,2026-10-05 13:00:00,3,69.9,Medium,70.56,75.46,60.0,ICON,Models show moderate disagreement and the forecast lead time reduces reliability.
Ahmedabad,2026-10-05 14:00:00,3,69.8,Medium,70.56,75.13,60.0,ICON,Models show moderate disagreement and the forecast lead time reduces reliability.
Ahmedabad,2026-10-05 15:00:00,3,70.7,Medium,70.56,78.18,60.0,ICON,Models show moderate disagreement and the forecast lead time reduces reliability.
Ahmedabad,2026-10-05 16:00:00,3,71.9,Medium,70.56,82.2,60.0,ICON,Models show moderate disagreement and the forecast lead time reduces reliability.
Ahmedabad,2026-10-05 17:00:00,3,73.3,Medium,70.56,86.64,60.0,ICON,Models show moderate disagreement and the forecast lead time reduces reliability.
Ahmedabad,2026-10-05 18:00:00,3,71.4,Medium,70.56,80.26,60.0,ICON,Models show moderate disagreement and the forecast lead time reduces reliability.
Ahmedabad,2026-10-05 19:00:00,3,69.1,Medium,70.56,72.57,60.0,ICON,Models show moderate disagreement and the forecast lead time reduces reliability.
Ahmedabad,2026-10-05 20:00:00,3,69.7,Medium,70.56,74.62,60.0,ICON,Models show moderate disagreement and the forecast lead time reduces reliability.
Ahmedabad,2026-10-05 21:00:00,3,69.8,Medium,70.56,75.16,60.0,ICON,Models show moderate disagreement and the forecast lead time reduces reliability.
Ahmedabad,2026-10-05 22:00:00,3,67.8,Medium,70.56,68.46,60.0,ICON,Models show moderate disagreement and the forecast lead time reduces reliability.
Ahmedabad,2026-10-05 23:00:00,3,68.9,Medium,70.56,71.92,60.0,ICON,Models show moderate disagreement and the forecast lead time reduces reliability.
Amritsar,2026-10-03 00:00:00,1,83.6,High,82.79,73.89,100.0,ECMWF,"ECMWF leads with strong short-range skill, with minor model spread in local precipitation."
Amritsar,2026-10-03 01:00:00,1,83.6,High,82.79,73.87,100.0,ECMWF,"ECMWF leads with strong short-range skill, with minor model spread in local precipitation."
Amritsar,2026-10-03 02:00:00,1,83.6,High,82.79,73.93,100.0,ECMWF,"ECMWF leads with strong short-range skill, with minor model spread in local precipitation."
Amritsar,2026-10-03 03:00:00,1,86.2,High,82.79,82.72,100.0,ECMWF,"ECMWF and ensemble members agree closely, while RMSE remains low for this region."
Amritsar,2026-10-03 04:00:00,1,86.2,High,82.79,82.78,100.0,ECMWF,"ECMWF and ensemble members agree closely, while RMSE remains low for this region."
Amritsar,2026-10-03 05:00:00,1,84.9,High,82.79,78.31,100.0,ECMWF,"ECMWF leads with strong short-range skill, with minor model spread in local precipitation."
Amritsar,2026-10-03 06:00:00,1,84.6,High,82.79,77.26,100.0,ECMWF,"ECMWF leads with strong short-range skill, with minor model spread in local precipitation."
Amritsar,2026-10-03 07:00:00,1,84.6,High,82.79,77.45,100.0,ECMWF,"ECMWF leads with strong short-range skill, with minor model spread in local precipitation."
Amritsar,2026-10-03 08:00:00,1,85.0,High,82.79,78.84,100.0,ECMWF,"ECMWF leads with strong short-range skill, with minor model spread in local precipitation."
Amritsar,2026-10-03 09:00:00,1,84.1,High,82.79,75.53,100.0,ECMWF,"ECMWF leads with strong short-range skill, with minor model spread in local precipitation."
Amritsar,2026-10-03 10:00:00,1,85.8,High,82.79,81.21,100.0,ECMWF,"ECMWF and ensemble members agree closely, while RMSE remains low for this region."
Amritsar,2026-10-03 11:00:00,1,82.0,High,82.79,68.61,100.0,ECMWF,"ECMWF leads with strong short-range skill, with minor model spread in local precipitation."
Amritsar,2026-10-03 12:00:00,1,79.2,High,82.79,59.26,100.0,ECMWF,"ECMWF leads with strong short-range skill, with minor model spread in local precipitation."
Amritsar,2026-10-03 13:00:00,1,78.3,High,82.79,56.3,100.0,ECMWF,"ECMWF leads with strong short-range skill, with minor model spread in local precipitation."
Amritsar,2026-10-03 14:00:00,1,78.2,High,82.79,55.88,100.0,ECMWF,"ECMWF leads with strong short-range skill, with minor model spread in local precipitation."
Amritsar,2026-10-03 15:00:00,1,78.2,High,82.79,55.85,100.0,ECMWF,"ECMWF leads with strong short-range skill, with minor model spread in local precipitation."
Amritsar,2026-10-03 16:00:00,1,78.2,High,82.79,55.98,100.0,ECMWF,"ECMWF leads with strong short-range skill, with minor model spread in local precipitation."
Amritsar,2026-10-03 17:00:00,1,79.5,High,82.79,60.41,100.0,ECMWF,"ECMWF leads with strong short-range skill, with minor model spread in local precipitation."
Amritsar,2026-10-03 18:00:00,1,83.2,High,82.79,72.52,100.0,ECMWF,"ECMWF leads with strong short-range skill, with minor model spread in local precipitation."
Amritsar,2026-10-03 19:00:00,1,83.1,High,82.79,72.2,100.0,ECMWF,"ECMWF leads with strong short-range skill, with minor model spread in local precipitation."
Amritsar,2026-10-03 20:00:00,1,82.7,High,82.79,71.15,100.0,ECMWF,"ECMWF leads with strong short-range skill, with minor model spread in local precipitation."
Amritsar,2026-10-03 21:00:00,1,82.8,High,82.79,71.2,100.0,ECMWF,"ECMWF leads with strong short-range skill, with minor model spread in local precipitation."
Amritsar,2026-10-03 22:00:00,1,83.3,High,82.79,73.06,100.0,ECMWF,"ECMWF leads with strong short-range skill, with minor model spread in local precipitation."
Amritsar,2026-10-03 23:00:00,1,83.2,High,82.79,72.55,100.0,ECMWF,"ECMWF leads with strong short-range skill, with minor model spread in local precipitation."
Amritsar,2026-10-04 00:00:00,2,79.0,High,81.68,74.02,80.0,ECMWF,"Low regional RMSE supports ECMWF dominance, while the 48-hour forecast horizon maintains stable predictability."
Amritsar,2026-10-04 01:00:00,2,78.6,High,81.68,72.46,80.0,ECMWF,"Low regional RMSE supports ECMWF dominance, while the 48-hour forecast horizon maintains stable predictability."
Amritsar,2026-10-04 02:00:00,2,79.3,High,81.68,74.99,80.0,ECMWF,"Low regional RMSE supports ECMWF dominance, while the 48-hour forecast horizon maintains stable predictability."
Amritsar,2026-10-04 03:00:00,2,79.5,High,81.68,75.55,80.0,ECMWF,"Low regional RMSE supports ECMWF dominance, while the 48-hour forecast horizon maintains stable predictability."
Amritsar,2026-10-04 04:00:00,2,79.3,High,81.68,74.9,80.0,ECMWF,"Low regional RMSE supports ECMWF dominance, while the 48-hour forecast horizon maintains stable predictability."
Amritsar,2026-10-04 05:00:00,2,79.7,High,81.68,76.17,80.0,ECMWF,"Low regional RMSE supports ECMWF dominance, while the 48-hour forecast horizon maintains stable predictability."
Amritsar,2026-10-04 06:00:00,2,79.1,High,81.68,74.07,80.0,ECMWF,"Low regional RMSE supports ECMWF dominance, while the 48-hour forecast horizon maintains stable predictability."
Amritsar,2026-10-04 07:00:00,2,80.2,High,81.68,77.83,80.0,ECMWF,"Low regional RMSE supports ECMWF dominance, while the 48-hour forecast horizon maintains stable predictability."
Amritsar,2026-10-04 08:00:00,2,79.0,High,81.68,73.98,80.0,ECMWF,"Low regional RMSE supports ECMWF dominance, while the 48-hour forecast horizon maintains stable predictability."
Amritsar,2026-10-04 09:00:00,2,77.9,High,81.68,70.1,80.0,ECMWF,"Low regional RMSE supports ECMWF dominance, while the 48-hour forecast horizon maintains stable predictability."
Amritsar,2026-10-04 10:00:00,2,77.4,High,81.68,68.45,80.0,ECMWF,"Low regional RMSE supports ECMWF dominance, while the 48-hour forecast horizon maintains stable predictability."
Amritsar,2026-10-04 11:00:00,2,77.5,High,81.68,68.91,80.0,ECMWF,"Low regional RMSE supports ECMWF dominance, while the 48-hour forecast horizon maintains stable predictability."
Amritsar,2026-10-04 12:00:00,2,76.8,High,81.68,66.48,80.0,ECMWF,"Low regional RMSE supports ECMWF dominance, while the 48-hour forecast horizon maintains stable predictability."
Amritsar,2026-10-04 13:00:00,2,73.7,Medium,81.68,56.1,80.0,ECMWF,Inter-model spread indicates divergence between NWP forecasts despite ECMWF weighting.
Amritsar,2026-10-04 14:00:00,2,73.6,Medium,81.68,55.93,80.0,ECMWF,Inter-model spread indicates divergence between NWP forecasts despite ECMWF weighting.
Amritsar,2026-10-04 15:00:00,2,74.0,Medium,81.68,57.16,80.0,ECMWF,Inter-model spread indicates divergence between NWP forecasts despite ECMWF weighting.
Amritsar,2026-10-04 16:00:00,2,74.7,High,81.68,59.56,80.0,ECMWF,"Low regional RMSE supports ECMWF dominance, while the 48-hour forecast horizon maintains stable predictability."
Amritsar,2026-10-04 17:00:00,2,75.1,High,81.68,61.01,80.0,ECMWF,"Low regional RMSE supports ECMWF dominance, while the 48-hour forecast horizon maintains stable predictability."
Amritsar,2026-10-04 18:00:00,2,75.0,High,81.68,60.43,80.0,ECMWF,"Low regional RMSE supports ECMWF dominance, while the 48-hour forecast horizon maintains stable predictability."
Amritsar,2026-10-04 19:00:00,2,77.3,High,81.68,68.04,80.0,ECMWF,"Low regional RMSE supports ECMWF dominance, while the 48-hour forecast horizon maintains stable predictability."
Amritsar,2026-10-04 20:00:00,2,77.3,High,81.68,68.27,80.0,ECMWF,"Low regional RMSE supports ECMWF dominance, while the 48-hour forecast horizon maintains stable predictability."
Amritsar,2026-10-04 21:00:00,2,78.3,High,81.68,71.43,80.0,ECMWF,"Low regional RMSE supports ECMWF dominance, while the 48-hour forecast horizon maintains stable predictability."
Amritsar,2026-10-04 22:00:00,2,78.2,High,81.68,71.21,80.0,ECMWF,"Low regional RMSE supports ECMWF dominance, while the 48-hour forecast horizon maintains stable predictability."
Amritsar,2026-10-04 23:00:00,2,78.3,High,81.68,71.47,80.0,ECMWF,"Low regional RMSE supports ECMWF dominance, while the 48-hour forecast horizon maintains stable predictability."
Amritsar,2026-10-05 00:00:00,3,73.3,Medium,80.26,70.73,60.0,ICON,Models show moderate disagreement and the forecast lead time reduces reliability.
Amritsar,2026-10-05 01:00:00,3,73.0,Medium,80.26,69.7,60.0,ICON,Models show moderate disagreement and the forecast lead time reduces reliability.
Amritsar,2026-10-05 02:00:00,3,72.7,Medium,80.26,68.59,60.0,ICON,Models show moderate disagreement and the forecast lead time reduces reliability.
Amritsar,2026-10-05 03:00:00,3,72.9,Medium,80.26,69.29,60.0,ICON,Models show moderate disagreement and the forecast lead time reduces reliability.
Amritsar,2026-10-05 04:00:00,3,73.7,Medium,80.26,72.02,60.0,ICON,Models show moderate disagreement and the forecast lead time reduces reliability.
Amritsar,2026-10-05 05:00:00,3,74.1,Medium,80.26,73.12,60.0,ICON,Models show moderate disagreement and the forecast lead time reduces reliability.
Amritsar,2026-10-05 06:00:00,3,73.5,Medium,80.26,71.31,60.0,ICON,Models show moderate disagreement and the forecast lead time reduces reliability.
Amritsar,2026-10-05 07:00:00,3,73.6,Medium,80.26,71.43,60.0,ICON,Models show moderate disagreement and the forecast lead time reduces reliability.
Amritsar,2026-10-05 08:00:00,3,72.4,Medium,80.26,67.56,60.0,ICON,Models show moderate disagreement and the forecast lead time reduces reliability.
Amritsar,2026-10-05 09:00:00,3,71.9,Medium,80.26,65.87,60.0,ICON,Models show moderate disagreement and the forecast lead time reduces reliability.
Amritsar,2026-10-05 10:00:00,3,71.8,Medium,80.26,65.57,60.0,ICON,Models show moderate disagreement and the forecast lead time reduces reliability.
Amritsar,2026-10-05 11:00:00,3,71.6,Medium,80.26,64.77,60.0,ICON,Models show moderate disagreement and the forecast lead time reduces reliability.
Amritsar,2026-10-05 12:00:00,3,70.6,Medium,80.26,61.5,60.0,ICON,Models show moderate disagreement and the forecast lead time reduces reliability.
Amritsar,2026-10-05 13:00:00,3,70.3,Medium,80.26,60.49,60.0,ICON,Models show moderate disagreement and the forecast lead time reduces reliability.
Amritsar,2026-10-05 14:00:00,3,70.6,Medium,80.26,61.6,60.0,ICON,Models show moderate disagreement and the forecast lead time reduces reliability.
Amritsar,2026-10-05 15:00:00,3,70.4,Medium,80.26,60.82,60.0,ICON,Models show moderate disagreement and the forecast lead time reduces reliability.
Amritsar,2026-10-05 16:00:00,3,70.3,Medium,80.26,60.69,60.0,ICON,Models show moderate disagreement and the forecast lead time reduces reliability.
Amritsar,2026-10-05 17:00:00,3,71.5,Medium,80.26,64.72,60.0,ICON,Models show moderate disagreement and the forecast lead time reduces reliability.
Amritsar,2026-10-05 18:00:00,3,70.8,Medium,80.26,62.22,60.0,ICON,Models show moderate disagreement and the forecast lead time reduces reliability.
Amritsar,2026-10-05 19:00:00,3,72.0,Medium,80.26,66.11,60.0,ICON,Models show moderate disagreement and the forecast lead time reduces reliability.
Amritsar,2026-10-05 20:00:00,3,73.0,Medium,80.26,69.63,60.0,ICON,Models show moderate disagreement and the forecast lead time reduces reliability.
Amritsar,2026-10-05 21:00:00,3,72.7,Medium,80.26,68.51,60.0,ICON,Models show moderate disagreement and the forecast lead time reduces reliability.
Amritsar,2026-10-05 22:00:00,3,71.6,Medium,80.26,64.88,60.0,ICON,Models show moderate disagreement and the forecast lead time reduces reliability.
Amritsar,2026-10-05 23:00:00,3,72.5,Medium,80.26,67.98,60.0,ICON,Models show moderate disagreement and the forecast lead time reduces reliability.
Bengaluru,2026-10-03 00:00:00,1,87.0,High,90.98,71.58,100.0,ICON,"ICON leads with strong short-range skill, with minor model spread in local precipitation."
Bengaluru,2026-10-03 01:00:00,1,87.9,High,90.98,74.58,100.0,ICON,"ICON leads with strong short-range skill, with minor model spread in local precipitation."
Bengaluru,2026-10-03 02:00:00,1,87.5,High,90.98,73.48,100.0,ICON,"ICON leads with strong short-range skill, with minor model spread in local precipitation."
Bengaluru,2026-10-03 03:00:00,1,87.7,High,90.98,74.09,100.0,ICON,"ICON leads with strong short-range skill, with minor model spread in local precipitation."
Bengaluru,2026-10-03 04:00:00,1,88.4,High,90.98,76.3,100.0,ICON,"ICON leads with strong short-range skill, with minor model spread in local precipitation."
Bengaluru,2026-10-03 05:00:00,1,88.8,High,90.98,77.71,100.0,ICON,"ICON leads with strong short-range skill, with minor model spread in local precipitation."
Bengaluru,2026-10-03 06:00:00,1,89.0,High,90.98,78.37,100.0,ICON,"ICON leads with strong short-range skill, with minor model spread in local precipitation."
Bengaluru,2026-10-03 07:00:00,1,89.5,Very High,90.98,80.12,100.0,ICON,"ICON has the highest historical skill, model agreement is strong, and this is a short-range forecast."
Bengaluru,2026-10-03 08:00:00,1,90.3,Very High,90.98,82.81,100.0,ICON,"ICON has the highest historical skill, model agreement is strong, and this is a short-range forecast."
Bengaluru,2026-10-03 09:00:00,1,89.7,Very High,90.98,80.62,100.0,ICON,"ICON has the highest historical skill, model agreement is strong, and this is a short-range forecast."
Bengaluru,2026-10-03 10:00:00,1,89.9,Very High,90.98,81.45,100.0,ICON,"ICON has the highest historical skill, model agreement is strong, and this is a short-range forecast."
Bengaluru,2026-10-03 11:00:00,1,90.2,Very High,90.98,82.39,100.0,ICON,"ICON has the highest historical skill, model agreement is strong, and this is a short-range forecast."
Bengaluru,2026-10-03 12:00:00,1,90.6,Very High,90.98,83.63,100.0,ICON,"ICON has the highest historical skill, model agreement is strong, and this is a short-range forecast."
Bengaluru,2026-10-03 13:00:00,1,90.8,Very High,90.98,84.46,100.0,ICON,"ICON has the highest historical skill, model agreement is strong, and this is a short-range forecast."
Bengaluru,2026-10-03 14:00:00,1,90.4,Very High,90.98,82.96,100.0,ICON,"ICON has the highest historical skill, model agreement is strong, and this is a short-range forecast."
Bengaluru,2026-10-03 15:00:00,1,89.8,Very High,90.98,80.88,100.0,ICON,"ICON has the highest historical skill, model agreement is strong, and this is a short-range forecast."
Bengaluru,2026-10-03 16:00:00,1,88.1,High,90.98,75.44,100.0,ICON,"ICON leads with strong short-range skill, with minor model spread in local precipitation."
Bengaluru,2026-10-03 17:00:00,1,87.8,High,90.98,74.33,100.0,ICON,"ICON leads with strong short-range skill, with minor model spread in local precipitation."
Bengaluru,2026-10-03 18:00:00,1,88.0,High,90.98,74.93,100.0,ICON,"ICON leads with strong short-range skill, with minor model spread in local precipitation."
Bengaluru,2026-10-03 19:00:00,1,86.3,High,90.98,69.52,100.0,ICON,"ICON leads with strong short-range skill, with minor model spread in local precipitation."
Bengaluru,2026-10-03 20:00:00,1,85.5,High,90.98,66.58,100.0,ICON,"ICON leads with strong short-range skill, with minor model spread in local precipitation."
Bengaluru,2026-10-03 21:00:00,1,86.7,High,90.98,70.82,100.0,ICON,"ICON leads with strong short-range skill, with minor model spread in local precipitation."
Bengaluru,2026-10-03 22:00:00,1,88.6,High,90.98,77.11,100.0,ICON,"ICON leads with strong short-range skill, with minor model spread in local precipitation."
Bengaluru,2026-10-03 23:00:00,1,89.4,High,90.98,79.58,100.0,ICON,"ICON leads with strong short-range skill, with minor model spread in local precipitation."
Bengaluru,2026-10-04 00:00:00,2,83.2,High,89.85,74.28,80.0,ICON,"Low regional RMSE supports ICON dominance, while the 48-hour forecast horizon maintains stable predictability."
Bengaluru,2026-10-04 01:00:00,2,81.1,High,89.85,67.3,80.0,ICON,"Low regional RMSE supports ICON dominance, while the 48-hour forecast horizon maintains stable predictability."
Bengaluru,2026-10-04 02:00:00,2,81.9,High,89.85,69.96,80.0,ICON,"Low regional RMSE supports ICON dominance, while the 48-hour forecast horizon maintains stable predictability."
Bengaluru,2026-10-04 03:00:00,2,83.3,High,89.85,74.65,80.0,ICON,"Low regional RMSE supports ICON dominance, while the 48-hour forecast horizon maintains stable predictability."
Bengaluru,2026-10-04 04:00:00,2,83.3,High,89.85,74.56,80.0,ICON,"Low regional RMSE supports ICON dominance, while the 48-hour forecast horizon maintains stable predictability."
Bengaluru,2026-10-04 05:00:00,2,83.6,High,89.85,75.72,80.0,ICON,"Low regional RMSE supports ICON dominance, while the 48-hour forecast horizon maintains stable predictability."
Bengaluru,2026-10-04 06:00:00,2,85.0,High,89.85,80.29,80.0,ICON,"ICON and ensemble members agree closely, while RMSE remains low for this region."
Bengaluru,2026-10-04 07:00:00,2,85.0,High,89.85,80.2,80.0,ICON,"ICON and ensemble members agree closely, while RMSE remains low for this region."
Bengaluru,2026-10-04 08:00:00,2,86.1,High,89.85,84.03,80.0,ICON,"ICON and ensemble members agree closely, while RMSE remains low for this region."
Bengaluru,2026-10-04 09:00:00,2,83.8,High,89.85,76.31,80.0,ICON,"Low regional RMSE supports ICON dominance, while the 48-hour forecast horizon maintains stable predictability."
Bengaluru,2026-10-04 10:00:00,2,82.9,High,89.85,73.3,80.0,ICON,"Low regional RMSE supports ICON dominance, while the 48-hour forecast horizon maintains stable predictability."
Bengaluru,2026-10-04 11:00:00,2,85.2,High,89.85,80.94,80.0,ICON,"ICON and ensemble members agree closely, while RMSE remains low for this region."
Bengaluru,2026-10-04 12:00:00,2,83.7,High,89.85,75.95,80.0,ICON,"Low regional RMSE supports ICON dominance, while the 48-hour forecast horizon maintains stable predictability."
Bengaluru,2026-10-04 13:00:00,2,82.7,High,89.85,72.58,80.0,ICON,"Low regional RMSE supports ICON dominance, while the 48-hour forecast horizon maintains stable predictability."
Bengaluru,2026-10-04 14:00:00,2,82.6,High,89.85,72.19,80.0,ICON,"Low regional RMSE supports ICON dominance, while the 48-hour forecast horizon maintains stable predictability."
Bengaluru,2026-10-04 15:00:00,2,84.8,High,89.85,79.59,80.0,ICON,"Low regional RMSE supports ICON dominance, while the 48-hour forecast horizon maintains stable predictability."
Bengaluru,2026-10-04 16:00:00,2,84.2,High,89.85,77.62,80.0,ICON,"Low regional RMSE supports ICON dominance, while the 48-hour forecast horizon maintains stable predictability."
Bengaluru,2026-10-04 17:00:00,2,81.0,High,89.85,66.95,80.0,ICON,"Low regional RMSE supports ICON dominance, while the 48-hour forecast horizon maintains stable predictability."
Bengaluru,2026-10-04 18:00:00,2,80.1,High,89.85,64.02,80.0,ICON,"Low regional RMSE supports ICON dominance, while the 48-hour forecast horizon maintains stable predictability."
Bengaluru,2026-10-04 19:00:00,2,78.2,High,89.85,57.52,80.0,ICON,"Low regional RMSE supports ICON dominance, while the 48-hour forecast horizon maintains stable predictability."
Bengaluru,2026-10-04 20:00:00,2,75.2,High,89.85,47.61,80.0,ICON,"Low regional RMSE supports ICON dominance, while the 48-hour forecast horizon maintains stable predictability."
Bengaluru,2026-10-04 21:00:00,2,77.1,High,89.85,53.86,80.0,ICON,"Low regional RMSE supports ICON dominance, while the 48-hour forecast horizon maintains stable predictability."
Bengaluru,2026-10-04 22:00:00,2,76.7,High,89.85,52.53,80.0,ICON,"Low regional RMSE supports ICON dominance, while the 48-hour forecast horizon maintains stable predictability."
Bengaluru,2026-10-04 23:00:00,2,74.1,Medium,89.85,43.87,80.0,ICON,Inter-model spread indicates divergence between NWP forecasts despite ICON weighting.
Bengaluru,2026-10-05 00:00:00,3,73.1,Medium,89.88,53.93,60.0,ICON,Models show moderate disagreement and the forecast lead time reduces reliability.
Bengaluru,2026-10-05 01:00:00,3,76.7,High,89.88,65.81,60.0,ICON,"Low regional RMSE supports ICON dominance, while the extended Day 3 lead time maintains stable predictability."
Bengaluru,2026-10-05 02:00:00,3,75.4,High,89.88,61.56,60.0,ICON,"Low regional RMSE supports ICON dominance, while the extended Day 3 lead time maintains stable predictability."
Bengaluru,2026-10-05 03:00:00,3,76.1,High,89.88,63.9,60.0,ICON,"Low regional RMSE supports ICON dominance, while the extended Day 3 lead time maintains stable predictability."
Bengaluru,2026-10-05 04:00:00,3,79.1,High,89.88,73.88,60.0,ICON,"Low regional RMSE supports ICON dominance, while the extended Day 3 lead time maintains stable predictability."
Bengaluru,2026-10-05 05:00:00,3,79.6,High,89.88,75.52,60.0,ICON,"Low regional RMSE supports ICON dominance, while the extended Day 3 lead time maintains stable predictability."
Bengaluru,2026-10-05 06:00:00,3,79.7,High,89.88,76.03,60.0,ICON,"Low regional RMSE supports ICON dominance, while the extended Day 3 lead time maintains stable predictability."
Bengaluru,2026-10-05 07:00:00,3,80.3,High,89.88,77.72,60.0,ICON,"Low regional RMSE supports ICON dominance, while the extended Day 3 lead time maintains stable predictability."
Bengaluru,2026-10-05 08:00:00,3,79.1,High,89.88,73.75,60.0,ICON,"Low regional RMSE supports ICON dominance, while the extended Day 3 lead time maintains stable predictability."
Bengaluru,2026-10-05 09:00:00,3,79.4,High,89.88,74.7,60.0,ICON,"Low regional RMSE supports ICON dominance, while the extended Day 3 lead time maintains stable predictability."
Bengaluru,2026-10-05 10:00:00,3,81.3,High,89.88,81.21,60.0,ICON,"ICON and ensemble members agree closely, while RMSE remains low for this region."
Bengaluru,2026-10-05 11:00:00,3,82.8,High,89.88,86.06,60.0,ICON,"ICON and ensemble members agree closely, while RMSE remains low for this region."
Bengaluru,2026-10-05 12:00:00,3,83.1,High,89.88,87.15,60.0,ICON,"ICON and ensemble members agree closely, while RMSE remains low for this region."
Bengaluru,2026-10-05 13:00:00,3,80.2,High,89.88,77.67,60.0,ICON,"Low regional RMSE supports ICON dominance, while the extended Day 3 lead time maintains stable predictability."
Bengaluru,2026-10-05 14:00:00,3,74.0,Medium,89.88,56.79,60.0,ICON,Models show moderate disagreement and the forecast lead time reduces reliability.
Bengaluru,2026-10-05 15:00:00,3,75.0,High,89.88,60.29,60.0,ICON,"Low regional RMSE supports ICON dominance, while the extended Day 3 lead time maintains stable predictability."
Bengaluru,2026-10-05 16:00:00,3,74.9,High,89.88,59.76,60.0,ICON,"Low regional RMSE supports ICON dominance, while the extended Day 3 lead time maintains stable predictability."
Bengaluru,2026-10-05 17:00:00,3,77.9,High,89.88,69.72,60.0,ICON,"Low regional RMSE supports ICON dominance, while the extended Day 3 lead time maintains stable predictability."
Bengaluru,2026-10-05 18:00:00,3,74.7,High,89.88,59.18,60.0,ICON,"Low regional RMSE supports ICON dominance, while the extended Day 3 lead time maintains stable predictability."
Bengaluru,2026-10-05 19:00:00,3,71.4,Medium,89.88,48.3,60.0,ICON,Models show moderate disagreement and the forecast lead time reduces reliability.
Bengaluru,2026-10-05 20:00:00,3,75.3,High,89.88,61.24,60.0,ICON,"Low regional RMSE supports ICON dominance, while the extended Day 3 lead time maintains stable predictability."
Bengaluru,2026-10-05 21:00:00,3,77.7,High,89.88,69.25,60.0,ICON,"Low regional RMSE supports ICON dominance, while the extended Day 3 lead time maintains stable predictability."
Bengaluru,2026-10-05 22:00:00,3,80.1,High,89.88,77.11,60.0,ICON,"Low regional RMSE supports ICON dominance, while the extended Day 3 lead time maintains stable predictability."
Bengaluru,2026-10-05 23:00:00,3,75.8,High,89.88,62.99,60.0,ICON,"Low regional RMSE supports ICON dominance, while the extended Day 3 lead time maintains stable predictability."
Bhopal,2026-10-03 00:00:00,1,87.6,High,86.33,81.31,100.0,ECMWF,"ECMWF and ensemble members agree closely, while RMSE remains low for this region."
Bhopal,2026-10-03 01:00:00,1,88.7,High,86.33,85.21,100.0,ECMWF,"ECMWF and ensemble members agree closely, while RMSE remains low for this region."
Bhopal,2026-10-03 02:00:00,1,86.9,High,86.33,79.17,100.0,ECMWF,"ECMWF leads with strong short-range skill, with minor model spread in local precipitation."
Bhopal,2026-10-03 03:00:00,1,86.6,High,86.33,78.18,100.0,ECMWF,"ECMWF leads with strong short-range skill, with minor model spread in local precipitation."
Bhopal,2026-10-03 04:00:00,1,86.2,High,86.33,76.71,100.0,ECMWF,"ECMWF leads with strong short-range skill, with minor model spread in local precipitation."
Bhopal,2026-10-03 05:00:00,1,87.0,High,86.33,79.51,100.0,ECMWF,"ECMWF leads with strong short-range skill, with minor model spread in local precipitation."
Bhopal,2026-10-03 06:00:00,1,87.6,High,86.33,81.49,100.0,ECMWF,"ECMWF and ensemble members agree closely, while RMSE remains low for this region."
Bhopal,2026-10-03 07:00:00,1,88.5,High,86.33,84.61,100.0,ECMWF,"ECMWF and ensemble members agree closely, while RMSE remains low for this region."
Bhopal,2026-10-03 08:00:00,1,89.1,High,86.33,86.32,100.0,ECMWF,"ECMWF and ensemble members agree closely, while RMSE remains low for this region."
Bhopal,2026-10-03 09:00:00,1,89.3,High,86.33,87.1,100.0,ECMWF,"ECMWF and ensemble members agree closely, while RMSE remains low for this region."
Bhopal,2026-10-03 10:00:00,1,89.2,High,86.33,86.85,100.0,ECMWF,"ECMWF and ensemble members agree closely, while RMSE remains low for this region."
Bhopal,2026-10-03 11:00:00,1,88.7,High,86.33,85.27,100.0,ECMWF,"ECMWF and ensemble members agree closely, while RMSE remains low for this region."
Bhopal,2026-10-03 12:00:00,1,87.2,High,86.33,80.23,100.0,ECMWF,"ECMWF and ensemble members agree closely, while RMSE remains low for this region."
Bhopal,2026-10-03 13:00:00,1,88.5,High,86.33,84.48,100.0,ECMWF,"ECMWF and ensemble members agree closely, while RMSE remains low for this region."
Bhopal,2026-10-03 14:00:00,1,89.0,High,86.33,86.18,100.0,ECMWF,"ECMWF and ensemble members agree closely, while RMSE remains low for this region."
Bhopal,2026-10-03 15:00:00,1,88.8,High,86.33,85.37,100.0,ECMWF,"ECMWF and ensemble members agree closely, while RMSE remains low for this region."
Bhopal,2026-10-03 16:00:00,1,89.1,High,86.33,86.49,100.0,ECMWF,"ECMWF and ensemble members agree closely, while RMSE remains low for this region."
Bhopal,2026-10-03 17:00:00,1,88.4,High,86.33,83.95,100.0,ECMWF,"ECMWF and ensemble members agree closely, while RMSE remains low for this region."
Bhopal,2026-10-03 18:00:00,1,89.2,High,86.33,86.93,100.0,ECMWF,"ECMWF and ensemble members agree closely, while RMSE remains low for this region."
Bhopal,2026-10-03 19:00:00,1,89.2,High,86.33,86.69,100.0,ECMWF,"ECMWF and ensemble members agree closely, while RMSE remains low for this region."
Bhopal,2026-10-03 20:00:00,1,89.3,High,86.33,87.07,100.0,ECMWF,"ECMWF and ensemble members agree closely, while RMSE remains low for this region."
Bhopal,2026-10-03 21:00:00,1,90.1,Very High,86.33,89.93,100.0,ECMWF,"ECMWF has the highest historical skill, model agreement is strong, and this is a short-range forecast."
Bhopal,2026-10-03 22:00:00,1,87.8,High,86.33,82.14,100.0,ECMWF,"ECMWF and ensemble members agree closely, while RMSE remains low for this region."
Bhopal,2026-10-03 23:00:00,1,87.7,High,86.33,81.85,100.0,ECMWF,"ECMWF and ensemble members agree closely, while RMSE remains low for this region."
Bhopal,2026-10-04 00:00:00,2,83.8,High,83.99,85.91,80.0,ECMWF,"ECMWF and ensemble members agree closely, while RMSE remains low for this region."
Bhopal,2026-10-04 01:00:00,2,84.0,High,83.99,86.58,80.0,ECMWF,"ECMWF and ensemble members agree closely, while RMSE remains low for this region."
Bhopal,2026-10-04 02:00:00,2,83.4,High,83.99,84.68,80.0,ECMWF,"ECMWF and ensemble members agree closely, while RMSE remains low for this region."
Bhopal,2026-10-04 03:00:00,2,83.7,High,83.99,85.76,80.0,ECMWF,"ECMWF and ensemble members agree closely, while RMSE remains low for this region."
Bhopal,2026-10-04 04:00:00,2,83.9,High,83.99,86.33,80.0,ECMWF,"ECMWF and ensemble members agree closely, while RMSE remains low for this region."
Bhopal,2026-10-04 05:00:00,2,83.8,High,83.99,86.08,80.0,ECMWF,"ECMWF and ensemble members agree closely, while RMSE remains low for this region."
Bhopal,2026-10-04 06:00:00,2,82.2,High,83.99,80.52,80.0,ECMWF,"ECMWF and ensemble members agree closely, while RMSE remains low for this region."
Bhopal,2026-10-04 07:00:00,2,80.8,High,83.99,75.86,80.0,ECMWF,"Low regional RMSE supports ECMWF dominance, while the 48-hour forecast horizon maintains stable predictability."
Bhopal,2026-10-04 08:00:00,2,80.9,High,83.99,76.27,80.0,ECMWF,"Low regional RMSE supports ECMWF dominance, while the 48-hour forecast horizon maintains stable predictability."
Bhopal,2026-10-04 09:00:00,2,81.4,High,83.99,78.17,80.0,ECMWF,"Low regional RMSE supports ECMWF dominance, while the 48-hour forecast horizon maintains stable predictability."
Bhopal,2026-10-04 10:00:00,2,81.5,High,83.99,78.48,80.0,ECMWF,"Low regional RMSE supports ECMWF dominance, while the 48-hour forecast horizon maintains stable predictability."
Bhopal,2026-10-04 11:00:00,2,81.9,High,83.99,79.81,80.0,ECMWF,"Low regional RMSE supports ECMWF dominance, while the 48-hour forecast horizon maintains stable predictability."
Bhopal,2026-10-04 12:00:00,2,83.4,High,83.99,84.65,80.0,ECMWF,"ECMWF and ensemble members agree closely, while RMSE remains low for this region."
Bhopal,2026-10-04 13:00:00,2,84.0,High,83.99,86.59,80.0,ECMWF,"ECMWF and ensemble members agree closely, while RMSE remains low for this region."
Bhopal,2026-10-04 14:00:00,2,84.3,High,83.99,87.68,80.0,ECMWF,"ECMWF and ensemble members agree closely, while RMSE remains low for this region."
Bhopal,2026-10-04 15:00:00,2,84.1,High,83.99,87.12,80.0,ECMWF,"ECMWF and ensemble members agree closely, while RMSE remains low for this region."
Bhopal,2026-10-04 16:00:00,2,84.4,High,83.99,87.94,80.0,ECMWF,"ECMWF and ensemble members agree closely, while RMSE remains low for this region."
Bhopal,2026-10-04 17:00:00,2,81.7,High,83.99,78.88,80.0,ECMWF,"Low regional RMSE supports ECMWF dominance, while the 48-hour forecast horizon maintains stable predictability."
Bhopal,2026-10-04 18:00:00,2,82.7,High,83.99,82.44,80.0,ECMWF,"ECMWF and ensemble members agree closely, while RMSE remains low for this region."
Bhopal,2026-10-04 19:00:00,2,83.3,High,83.99,84.25,80.0,ECMWF,"ECMWF and ensemble members agree closely, while RMSE remains low for this region."
Bhopal,2026-10-04 20:00:00,2,82.7,High,83.99,82.4,80.0,ECMWF,"ECMWF and ensemble members agree closely, while RMSE remains low for this region."
Bhopal,2026-10-04 21:00:00,2,82.6,High,83.99,82.16,80.0,ECMWF,"ECMWF and ensemble members agree closely, while RMSE remains low for this region."
Bhopal,2026-10-04 22:00:00,2,83.4,High,83.99,84.7,80.0,ECMWF,"ECMWF and ensemble members agree closely, while RMSE remains low for this region."
Bhopal,2026-10-04 23:00:00,2,84.0,High,83.99,86.85,80.0,ECMWF,"ECMWF and ensemble members agree closely, while RMSE remains low for this region."
Bhopal,2026-10-05 00:00:00,3,75.2,High,74.21,86.94,60.0,ECMWF,"ECMWF and ensemble members agree closely, while RMSE remains low for this region."
Bhopal,2026-10-05 01:00:00,3,74.0,Medium,74.21,82.95,60.0,ECMWF,Models show moderate disagreement and the forecast lead time reduces reliability.
Bhopal,2026-10-05 02:00:00,3,73.0,Medium,74.21,79.51,60.0,ECMWF,Models show moderate disagreement and the forecast lead time reduces reliability.
Bhopal,2026-10-05 03:00:00,3,73.5,Medium,74.21,81.42,60.0,ECMWF,Models show moderate disagreement and the forecast lead time reduces reliability.
Bhopal,2026-10-05 04:00:00,3,72.8,Medium,74.21,79.07,60.0,ECMWF,Models show moderate disagreement and the forecast lead time reduces reliability.
Bhopal,2026-10-05 05:00:00,3,73.4,Medium,74.21,81.04,60.0,ECMWF,Models show moderate disagreement and the forecast lead time reduces reliability.
Bhopal,2026-10-05 06:00:00,3,72.3,Medium,74.21,77.41,60.0,ECMWF,Models show moderate disagreement and the forecast lead time reduces reliability.
Bhopal,2026-10-05 07:00:00,3,72.1,Medium,74.21,76.68,60.0,ECMWF,Models show moderate disagreement and the forecast lead time reduces reliability.
Bhopal,2026-10-05 08:00:00,3,71.4,Medium,74.21,74.29,60.0,ECMWF,Models show moderate disagreement and the forecast lead time reduces reliability.
Bhopal,2026-10-05 09:00:00,3,70.9,Medium,74.21,72.61,60.0,ECMWF,Models show moderate disagreement and the forecast lead time reduces reliability.
Bhopal,2026-10-05 10:00:00,3,73.1,Medium,74.21,79.96,60.0,ECMWF,Models show moderate disagreement and the forecast lead time reduces reliability.
Bhopal,2026-10-05 11:00:00,3,73.8,Medium,74.21,82.22,60.0,ECMWF,Models show moderate disagreement and the forecast lead time reduces reliability.
Bhopal,2026-10-05 12:00:00,3,72.9,Medium,74.21,79.38,60.0,ECMWF,Models show moderate disagreement and the forecast lead time reduces reliability.
Bhopal,2026-10-05 13:00:00,3,72.4,Medium,74.21,77.79,60.0,ECMWF,Models show moderate disagreement and the forecast lead time reduces reliability.
Bhopal,2026-10-05 14:00:00,3,72.8,Medium,74.21,78.85,60.0,ECMWF,Models show moderate disagreement and the forecast lead time reduces reliability.
Bhopal,2026-10-05 15:00:00,3,72.3,Medium,74.21,77.48,60.0,ECMWF,Models show moderate disagreement and the forecast lead time reduces reliability.
Bhopal,2026-10-05 16:00:00,3,73.2,Medium,74.21,80.29,60.0,ECMWF,Models show moderate disagreement and the forecast lead time reduces reliability.
Bhopal,2026-10-05 17:00:00,3,72.1,Medium,74.21,76.81,60.0,ECMWF,Models show moderate disagreement and the forecast lead time reduces reliability.
Bhopal,2026-10-05 18:00:00,3,74.5,High,74.21,84.63,60.0,ECMWF,"ECMWF and ensemble members agree closely, while RMSE remains low for this region."
Bhopal,2026-10-05 19:00:00,3,74.2,Medium,74.21,83.55,60.0,ECMWF,Models show moderate disagreement and the forecast lead time reduces reliability.
Bhopal,2026-10-05 20:00:00,3,73.2,Medium,74.21,80.33,60.0,ECMWF,Models show moderate disagreement and the forecast lead time reduces reliability.
Bhopal,2026-10-05 21:00:00,3,74.2,Medium,74.21,83.53,60.0,ECMWF,Models show moderate disagreement and the forecast lead time reduces reliability.
Bhopal,2026-10-05 22:00:00,3,74.8,High,74.21,85.5,60.0,ECMWF,"ECMWF and ensemble members agree closely, while RMSE remains low for this region."
Bhopal,2026-10-05 23:00:00,3,74.8,High,74.21,85.77,60.0,ECMWF,"ECMWF and ensemble members agree closely, while RMSE remains low for this region."
Bhubaneswar,2026-10-03 00:00:00,1,79.9,High,70.7,81.92,100.0,ECMWF,"ECMWF and ensemble members agree closely, while RMSE remains low for this region."
Bhubaneswar,2026-10-03 01:00:00,1,80.0,High,70.7,82.17,100.0,ECMWF,"ECMWF and ensemble members agree closely, while RMSE remains low for this region."
Bhubaneswar,2026-10-03 02:00:00,1,80.4,High,70.7,83.37,100.0,ECMWF,"ECMWF and ensemble members agree closely, while RMSE remains low for this region."
Bhubaneswar,2026-10-03 03:00:00,1,81.1,High,70.7,85.7,100.0,ECMWF,"ECMWF and ensemble members agree closely, while RMSE remains low for this region."
Bhubaneswar,2026-10-03 04:00:00,1,81.0,High,70.7,85.66,100.0,ECMWF,"ECMWF and ensemble members agree closely, while RMSE remains low for this region."
Bhubaneswar,2026-10-03 05:00:00,1,80.4,High,70.7,83.48,100.0,ECMWF,"ECMWF and ensemble members agree closely, while RMSE remains low for this region."
Bhubaneswar,2026-10-03 06:00:00,1,79.8,High,70.7,81.66,100.0,ECMWF,"ECMWF and ensemble members agree closely, while RMSE remains low for this region."
Bhubaneswar,2026-10-03 07:00:00,1,80.3,High,70.7,83.29,100.0,ECMWF,"ECMWF and ensemble members agree closely, while RMSE remains low for this region."
Bhubaneswar,2026-10-03 08:00:00,1,79.4,High,70.7,80.27,100.0,ECMWF,"ECMWF and ensemble members agree closely, while RMSE remains low for this region."
Bhubaneswar,2026-10-03 09:00:00,1,79.4,High,70.7,80.05,100.0,ECMWF,"ECMWF and ensemble members agree closely, while RMSE remains low for this region."
Bhubaneswar,2026-10-03 10:00:00,1,79.6,High,70.7,80.92,100.0,ECMWF,"ECMWF and ensemble members agree closely, while RMSE remains low for this region."
Bhubaneswar,2026-10-03 11:00:00,1,81.1,High,70.7,85.97,100.0,ECMWF,"ECMWF and ensemble members agree closely, while RMSE remains low for this region."
Bhubaneswar,2026-10-03 12:00:00,1,81.3,High,70.7,86.49,100.0,ECMWF,"ECMWF and ensemble members agree closely, while RMSE remains low for this region."
Bhubaneswar,2026-10-03 13:00:00,1,81.2,High,70.7,86.04,100.0,ECMWF,"ECMWF and ensemble members agree closely, while RMSE remains low for this region."
Bhubaneswar,2026-10-03 14:00:00,1,80.5,High,70.7,83.72,100.0,ECMWF,"ECMWF and ensemble members agree closely, while RMSE remains low for this region."
Bhubaneswar,2026-10-03 15:00:00,1,79.0,High,70.7,78.96,100.0,ECMWF,"ECMWF leads with strong short-range skill, with minor model spread in local precipitation."
Bhubaneswar,2026-10-03 16:00:00,1,75.1,High,70.7,65.89,100.0,ECMWF,"ECMWF leads with strong short-range skill, with minor model spread in local precipitation."
Bhubaneswar,2026-10-03 17:00:00,1,71.3,Medium,70.7,53.01,100.0,ECMWF,Inter-model spread indicates divergence between NWP forecasts despite ECMWF weighting.
Bhubaneswar,2026-10-03 18:00:00,1,75.4,High,70.7,66.74,100.0,ECMWF,"ECMWF leads with strong short-range skill, with minor model spread in local precipitation."
Bhubaneswar,2026-10-03 19:00:00,1,76.6,High,70.7,70.81,100.0,ECMWF,"ECMWF leads with strong short-range skill, with minor model spread in local precipitation."
Bhubaneswar,2026-10-03 20:00:00,1,78.1,High,70.7,75.77,100.0,ECMWF,"ECMWF leads with strong short-range skill, with minor model spread in local precipitation."
Bhubaneswar,2026-10-03 21:00:00,1,78.2,High,70.7,76.26,100.0,ECMWF,"ECMWF leads with strong short-range skill, with minor model spread in local precipitation."
Bhubaneswar,2026-10-03 22:00:00,1,78.4,High,70.7,76.69,100.0,ECMWF,"ECMWF leads with strong short-range skill, with minor model spread in local precipitation."
Bhubaneswar,2026-10-03 23:00:00,1,78.8,High,70.7,78.23,100.0,ECMWF,"ECMWF leads with strong short-range skill, with minor model spread in local precipitation."
Bhubaneswar,2026-10-04 00:00:00,2,74.8,High,69.65,79.89,80.0,ECMWF,"Low regional RMSE supports ECMWF dominance, while the 48-hour forecast horizon maintains stable predictability."
Bhubaneswar,2026-10-04 01:00:00,2,75.0,High,69.65,80.6,80.0,ECMWF,"ECMWF and ensemble members agree closely, while RMSE remains low for this region."
Bhubaneswar,2026-10-04 02:00:00,2,75.4,High,69.65,82.05,80.0,ECMWF,"ECMWF and ensemble members agree closely, while RMSE remains low for this region."
Bhubaneswar,2026-10-04 03:00:00,2,75.6,High,69.65,82.62,80.0,ECMWF,"ECMWF and ensemble members agree closely, while RMSE remains low for this region."
Bhubaneswar,2026-10-04 04:00:00,2,75.7,High,69.65,82.87,80.0,ECMWF,"ECMWF and ensemble members agree closely, while RMSE remains low for this region."
Bhubaneswar,2026-10-04 05:00:00,2,75.9,High,69.65,83.59,80.0,ECMWF,"ECMWF and ensemble members agree closely, while RMSE remains low for this region."
Bhubaneswar,2026-10-04 06:00:00,2,77.3,High,69.65,88.35,80.0,ECMWF,"ECMWF and ensemble members agree closely, while RMSE remains low for this region."
Bhubaneswar,2026-10-04 07:00:00,2,77.3,High,69.65,88.4,80.0,ECMWF,"ECMWF and ensemble members agree closely, while RMSE remains low for this region."
Bhubaneswar,2026-10-04 08:00:00,2,76.9,High,69.65,86.97,80.0,ECMWF,"ECMWF and ensemble members agree closely, while RMSE remains low for this region."
Bhubaneswar,2026-10-04 09:00:00,2,77.5,High,69.65,89.06,80.0,ECMWF,"ECMWF and ensemble members agree closely, while RMSE remains low for this region."
Bhubaneswar,2026-10-04 10:00:00,2,77.3,High,69.65,88.41,80.0,ECMWF,"ECMWF and ensemble members agree closely, while RMSE remains low for this region."
Bhubaneswar,2026-10-04 11:00:00,2,76.1,High,69.65,84.29,80.0,ECMWF,"ECMWF and ensemble members agree closely, while RMSE remains low for this region."
Bhubaneswar,2026-10-04 12:00:00,2,76.7,High,69.65,86.36,80.0,ECMWF,"ECMWF and ensemble members agree closely, while RMSE remains low for this region."
Bhubaneswar,2026-10-04 13:00:00,2,78.4,High,69.65,91.93,80.0,ECMWF,"ECMWF and ensemble members agree closely, while RMSE remains low for this region."
Bhubaneswar,2026-10-04 14:00:00,2,77.4,High,69.65,88.75,80.0,ECMWF,"ECMWF and ensemble members agree closely, while RMSE remains low for this region."
Bhubaneswar,2026-10-04 15:00:00,2,76.6,High,69.65,85.83,80.0,ECMWF,"ECMWF and ensemble members agree closely, while RMSE remains low for this region."
Bhubaneswar,2026-10-04 16:00:00,2,77.4,High,69.65,88.67,80.0,ECMWF,"ECMWF and ensemble members agree closely, while RMSE remains low for this region."
Bhubaneswar,2026-10-04 17:00:00,2,74.4,Medium,69.65,78.7,80.0,ECMWF,Moderate ensemble agreement and regional variability balance overall forecast confidence.
Bhubaneswar,2026-10-04 18:00:00,2,74.7,High,69.65,79.43,80.0,ECMWF,"Low regional RMSE supports ECMWF dominance, while the 48-hour forecast horizon maintains stable predictability."
Bhubaneswar,2026-10-04 19:00:00,2,73.3,Medium,69.65,74.89,80.0,ECMWF,Moderate ensemble agreement and regional variability balance overall forecast confidence.
Bhubaneswar,2026-10-04 20:00:00,2,71.4,Medium,69.65,68.64,80.0,ECMWF,Inter-model spread indicates divergence between NWP forecasts despite ECMWF weighting.
Bhubaneswar,2026-10-04 21:00:00,2,72.3,Medium,69.65,71.45,80.0,ECMWF,Moderate ensemble agreement and regional variability balance overall forecast confidence.
Bhubaneswar,2026-10-04 22:00:00,2,73.3,Medium,69.65,74.98,80.0,ECMWF,Moderate ensemble agreement and regional variability balance overall forecast confidence.
Bhubaneswar,2026-10-04 23:00:00,2,73.7,Medium,69.65,76.16,80.0,ECMWF,Moderate ensemble agreement and regional variability balance overall forecast confidence.
Bhubaneswar,2026-10-05 00:00:00,3,67.0,Medium,63.59,77.51,60.0,ECMWF,Models show moderate disagreement and the forecast lead time reduces reliability.
Bhubaneswar,2026-10-05 01:00:00,3,67.4,Medium,63.59,78.61,60.0,ECMWF,Models show moderate disagreement and the forecast lead time reduces reliability.
Bhubaneswar,2026-10-05 02:00:00,3,68.0,Medium,63.59,80.72,60.0,ECMWF,Models show moderate disagreement and the forecast lead time reduces reliability.
Bhubaneswar,2026-10-05 03:00:00,3,68.0,Medium,63.59,80.66,60.0,ECMWF,Models show moderate disagreement and the forecast lead time reduces reliability.
Bhubaneswar,2026-10-05 04:00:00,3,67.1,Medium,63.59,77.77,60.0,ECMWF,Models show moderate disagreement and the forecast lead time reduces reliability.
Bhubaneswar,2026-10-05 05:00:00,3,67.0,Medium,63.59,77.37,60.0,ECMWF,Models show moderate disagreement and the forecast lead time reduces reliability.
Bhubaneswar,2026-10-05 06:00:00,3,67.5,Medium,63.59,79.02,60.0,ECMWF,Models show moderate disagreement and the forecast lead time reduces reliability.
Bhubaneswar,2026-10-05 07:00:00,3,68.1,Medium,63.59,81.09,60.0,ECMWF,Models show moderate disagreement and the forecast lead time reduces reliability.
Bhubaneswar,2026-10-05 08:00:00,3,68.7,Medium,63.59,82.87,60.0,ECMWF,Models show moderate disagreement and the forecast lead time reduces reliability.
Bhubaneswar,2026-10-05 09:00:00,3,68.8,Medium,63.59,83.27,60.0,ECMWF,Models show moderate disagreement and the forecast lead time reduces reliability.
Bhubaneswar,2026-10-05 10:00:00,3,69.5,Medium,63.59,85.78,60.0,ECMWF,Models show moderate disagreement and the forecast lead time reduces reliability.
Bhubaneswar,2026-10-05 11:00:00,3,67.4,Medium,63.59,78.75,60.0,ECMWF,Models show moderate disagreement and the forecast lead time reduces reliability.
Bhubaneswar,2026-10-05 12:00:00,3,65.8,Medium,63.59,73.41,60.0,ECMWF,Models show moderate disagreement and the forecast lead time reduces reliability.
Bhubaneswar,2026-10-05 13:00:00,3,66.4,Medium,63.59,75.41,60.0,ECMWF,Models show moderate disagreement and the forecast lead time reduces reliability.
Bhubaneswar,2026-10-05 14:00:00,3,67.7,Medium,63.59,79.69,60.0,ECMWF,Models show moderate disagreement and the forecast lead time reduces reliability.
Bhubaneswar,2026-10-05 15:00:00,3,67.6,Medium,63.59,79.47,60.0,ECMWF,Models show moderate disagreement and the forecast lead time reduces reliability.
Bhubaneswar,2026-10-05 16:00:00,3,67.9,Medium,63.59,80.29,60.0,ECMWF,Models show moderate disagreement and the forecast lead time reduces reliability.
Bhubaneswar,2026-10-05 17:00:00,3,67.6,Medium,63.59,79.21,60.0,ECMWF,Models show moderate disagreement and the forecast lead time reduces reliability.
Bhubaneswar,2026-10-05 18:00:00,3,68.7,Medium,63.59,82.93,60.0,ECMWF,Models show moderate disagreement and the forecast lead time reduces reliability.
Bhubaneswar,2026-10-05 19:00:00,3,64.6,Medium,63.59,69.42,60.0,ECMWF,Models show moderate disagreement and the forecast lead time reduces reliability.
Bhubaneswar,2026-10-05 20:00:00,3,64.2,Medium,63.59,68.11,60.0,ECMWF,Models show moderate disagreement and the forecast lead time reduces reliability.
Bhubaneswar,2026-10-05 21:00:00,3,65.8,Medium,63.59,73.39,60.0,ECMWF,Models show moderate disagreement and the forecast lead time reduces reliability.
Bhubaneswar,2026-10-05 22:00:00,3,67.2,Medium,63.59,78.14,60.0,ECMWF,Models show moderate disagreement and the forecast lead time reduces reliability.
Bhubaneswar,2026-10-05 23:00:00,3,66.9,Medium,63.59,77.13,60.0,ECMWF,Models show moderate disagreement and the forecast lead time reduces reliability.
Chandigarh,2026-10-03 00:00:00,1,87.5,High,85.15,83.21,100.0,ECMWF,"ECMWF and ensemble members agree closely, while RMSE remains low for this region."
Chandigarh,2026-10-03 01:00:00,1,87.1,High,85.15,81.91,100.0,ECMWF,"ECMWF and ensemble members agree closely, while RMSE remains low for this region."
Chandigarh,2026-10-03 02:00:00,1,85.9,High,85.15,77.87,100.0,ECMWF,"ECMWF leads with strong short-range skill, with minor model spread in local precipitation."
Chandigarh,2026-10-03 03:00:00,1,86.0,High,85.15,77.99,100.0,ECMWF,"ECMWF leads with strong short-range skill, with minor model spread in local precipitation."
Chandigarh,2026-10-03 04:00:00,1,84.6,High,85.15,73.32,100.0,ECMWF,"ECMWF leads with strong short-range skill, with minor model spread in local precipitation."
Chandigarh,2026-10-03 05:00:00,1,84.8,High,85.15,74.07,100.0,ECMWF,"ECMWF leads with strong short-range skill, with minor model spread in local precipitation."
Chandigarh,2026-10-03 06:00:00,1,85.1,High,85.15,75.14,100.0,ECMWF,"ECMWF leads with strong short-range skill, with minor model spread in local precipitation."
Chandigarh,2026-10-03 07:00:00,1,86.8,High,85.15,80.68,100.0,ECMWF,"ECMWF and ensemble members agree closely, while RMSE remains low for this region."
Chandigarh,2026-10-03 08:00:00,1,87.8,High,85.15,84.17,100.0,ECMWF,"ECMWF and ensemble members agree closely, while RMSE remains low for this region."
Chandigarh,2026-10-03 09:00:00,1,86.8,High,85.15,80.82,100.0,ECMWF,"ECMWF and ensemble members agree closely, while RMSE remains low for this region."
Chandigarh,2026-10-03 10:00:00,1,87.6,High,85.15,83.41,100.0,ECMWF,"ECMWF and ensemble members agree closely, while RMSE remains low for this region."
Chandigarh,2026-10-03 11:00:00,1,87.9,High,85.15,84.35,100.0,ECMWF,"ECMWF and ensemble members agree closely, while RMSE remains low for this region."
Chandigarh,2026-10-03 12:00:00,1,86.3,High,85.15,79.01,100.0,ECMWF,"ECMWF leads with strong short-range skill, with minor model spread in local precipitation."
Chandigarh,2026-10-03 13:00:00,1,86.7,High,85.15,80.34,100.0,ECMWF,"ECMWF and ensemble members agree closely, while RMSE remains low for this region."
Chandigarh,2026-10-03 14:00:00,1,86.3,High,85.15,79.12,100.0,ECMWF,"ECMWF leads with strong short-range skill, with minor model spread in local precipitation."
Chandigarh,2026-10-03 15:00:00,1,85.4,High,85.15,75.98,100.0,ECMWF,"ECMWF leads with strong short-range skill, with minor model spread in local precipitation."
Chandigarh,2026-10-03 16:00:00,1,84.4,High,85.15,72.67,100.0,ECMWF,"ECMWF leads with strong short-range skill, with minor model spread in local precipitation."
Chandigarh,2026-10-03 17:00:00,1,85.2,High,85.15,75.33,100.0,ECMWF,"ECMWF leads with strong short-range skill, with minor model spread in local precipitation."
Chandigarh,2026-10-03 18:00:00,1,84.2,High,85.15,72.23,100.0,ECMWF,"ECMWF leads with strong short-range skill, with minor model spread in local precipitation."
Chandigarh,2026-10-03 19:00:00,1,84.4,High,85.15,72.84,100.0,ECMWF,"ECMWF leads with strong short-range skill, with minor model spread in local precipitation."
Chandigarh,2026-10-03 20:00:00,1,86.1,High,85.15,78.43,100.0,ECMWF,"ECMWF leads with strong short-range skill, with minor model spread in local precipitation."
Chandigarh,2026-10-03 21:00:00,1,85.7,High,85.15,77.21,100.0,ECMWF,"ECMWF leads with strong short-range skill, with minor model spread in local precipitation."
Chandigarh,2026-10-03 22:00:00,1,86.1,High,85.15,78.51,100.0,ECMWF,"ECMWF leads with strong short-range skill, with minor model spread in local precipitation."
Chandigarh,2026-10-03 23:00:00,1,86.1,High,85.15,78.51,100.0,ECMWF,"ECMWF leads with strong short-range skill, with minor model spread in local precipitation."
Chandigarh,2026-10-04 00:00:00,2,81.2,High,81.93,80.64,80.0,ECMWF,"ECMWF and ensemble members agree closely, while RMSE remains low for this region."
Chandigarh,2026-10-04 01:00:00,2,82.5,High,81.93,85.03,80.0,ECMWF,"ECMWF and ensemble members agree closely, while RMSE remains low for this region."
Chandigarh,2026-10-04 02:00:00,2,83.3,High,81.93,87.75,80.0,ECMWF,"ECMWF and ensemble members agree closely, while RMSE remains low for this region."
Chandigarh,2026-10-04 03:00:00,2,82.8,High,81.93,85.95,80.0,ECMWF,"ECMWF and ensemble members agree closely, while RMSE remains low for this region."
Chandigarh,2026-10-04 04:00:00,2,82.6,High,81.93,85.36,80.0,ECMWF,"ECMWF and ensemble members agree closely, while RMSE remains low for this region."
Chandigarh,2026-10-04 05:00:00,2,83.1,High,81.93,87.0,80.0,ECMWF,"ECMWF and ensemble members agree closely, while RMSE remains low for this region."
Chandigarh,2026-10-04 06:00:00,2,82.3,High,81.93,84.32,80.0,ECMWF,"ECMWF and ensemble members agree closely, while RMSE remains low for this region."
Chandigarh,2026-10-04 07:00:00,2,81.8,High,81.93,82.76,80.0,ECMWF,"ECMWF and ensemble members agree closely, while RMSE remains low for this region."
Chandigarh,2026-10-04 08:00:00,2,77.6,High,81.93,68.63,80.0,ECMWF,"Low regional RMSE supports ECMWF dominance, while the 48-hour forecast horizon maintains stable predictability."
Chandigarh,2026-10-04 09:00:00,2,77.5,High,81.93,68.3,80.0,ECMWF,"Low regional RMSE supports ECMWF dominance, while the 48-hour forecast horizon maintains stable predictability."
Chandigarh,2026-10-04 10:00:00,2,77.7,High,81.93,69.0,80.0,ECMWF,"Low regional RMSE supports ECMWF dominance, while the 48-hour forecast horizon maintains stable predictability."
Chandigarh,2026-10-04 11:00:00,2,77.2,High,81.93,67.6,80.0,ECMWF,"Low regional RMSE supports ECMWF dominance, while the 48-hour forecast horizon maintains stable predictability."
Chandigarh,2026-10-04 12:00:00,2,77.0,High,81.93,66.67,80.0,ECMWF,"Low regional RMSE supports ECMWF dominance, while the 48-hour forecast horizon maintains stable predictability."
Chandigarh,2026-10-04 13:00:00,2,78.2,High,81.93,70.77,80.0,ECMWF,"Low regional RMSE supports ECMWF dominance, while the 48-hour forecast horizon maintains stable predictability."
Chandigarh,2026-10-04 14:00:00,2,81.2,High,81.93,80.83,80.0,ECMWF,"ECMWF and ensemble members agree closely, while RMSE remains low for this region."
Chandigarh,2026-10-04 15:00:00,2,80.9,High,81.93,79.87,80.0,ECMWF,"Low regional RMSE supports ECMWF dominance, while the 48-hour forecast horizon maintains stable predictability."
Chandigarh,2026-10-04 16:00:00,2,77.5,High,81.93,68.4,80.0,ECMWF,"Low regional RMSE supports ECMWF dominance, while the 48-hour forecast horizon maintains stable predictability."
Chandigarh,2026-10-04 17:00:00,2,78.2,High,81.93,70.71,80.0,ECMWF,"Low regional RMSE supports ECMWF dominance, while the 48-hour forecast horizon maintains stable predictability."
Chandigarh,2026-10-04 18:00:00,2,78.2,High,81.93,70.77,80.0,ECMWF,"Low regional RMSE supports ECMWF dominance, while the 48-hour forecast horizon maintains stable predictability."
Chandigarh,2026-10-04 19:00:00,2,78.8,High,81.93,72.77,80.0,ECMWF,"Low regional RMSE supports ECMWF dominance, while the 48-hour forecast horizon maintains stable predictability."
Chandigarh,2026-10-04 20:00:00,2,79.7,High,81.93,75.76,80.0,ECMWF,"Low regional RMSE supports ECMWF dominance, while the 48-hour forecast horizon maintains stable predictability."
Chandigarh,2026-10-04 21:00:00,2,77.7,High,81.93,69.07,80.0,ECMWF,"Low regional RMSE supports ECMWF dominance, while the 48-hour forecast horizon maintains stable predictability."
Chandigarh,2026-10-04 22:00:00,2,77.8,High,81.93,69.6,80.0,ECMWF,"Low regional RMSE supports ECMWF dominance, while the 48-hour forecast horizon maintains stable predictability."
Chandigarh,2026-10-04 23:00:00,2,78.9,High,81.93,73.27,80.0,ECMWF,"Low regional RMSE supports ECMWF dominance, while the 48-hour forecast horizon maintains stable predictability."
Chandigarh,2026-10-05 00:00:00,3,74.2,Medium,79.91,74.01,60.0,ICON,Models show moderate disagreement and the forecast lead time reduces reliability.
Chandigarh,2026-10-05 01:00:00,3,75.5,High,79.91,78.33,60.0,ICON,"Low regional RMSE supports ICON dominance, while the extended Day 3 lead time maintains stable predictability."
Chandigarh,2026-10-05 02:00:00,3,75.7,High,79.91,79.0,60.0,ICON,"Low regional RMSE supports ICON dominance, while the extended Day 3 lead time maintains stable predictability."
Chandigarh,2026-10-05 03:00:00,3,75.0,High,79.91,76.89,60.0,ICON,"Low regional RMSE supports ICON dominance, while the extended Day 3 lead time maintains stable predictability."
Chandigarh,2026-10-05 04:00:00,3,74.5,High,79.91,75.09,60.0,ICON,"Low regional RMSE supports ICON dominance, while the extended Day 3 lead time maintains stable predictability."
Chandigarh,2026-10-05 05:00:00,3,74.4,Medium,79.91,74.73,60.0,ICON,Models show moderate disagreement and the forecast lead time reduces reliability.
Chandigarh,2026-10-05 06:00:00,3,75.3,High,79.91,77.71,60.0,ICON,"Low regional RMSE supports ICON dominance, while the extended Day 3 lead time maintains stable predictability."
Chandigarh,2026-10-05 07:00:00,3,75.9,High,79.91,79.83,60.0,ICON,"Low regional RMSE supports ICON dominance, while the extended Day 3 lead time maintains stable predictability."
Chandigarh,2026-10-05 08:00:00,3,71.9,Medium,79.91,66.45,60.0,ICON,Models show moderate disagreement and the forecast lead time reduces reliability.
Chandigarh,2026-10-05 09:00:00,3,71.5,Medium,79.91,65.08,60.0,ICON,Models show moderate disagreement and the forecast lead time reduces reliability.
Chandigarh,2026-10-05 10:00:00,3,72.1,Medium,79.91,67.22,60.0,ICON,Models show moderate disagreement and the forecast lead time reduces reliability.
Chandigarh,2026-10-05 11:00:00,3,72.4,Medium,79.91,68.17,60.0,ICON,Models show moderate disagreement and the forecast lead time reduces reliability.
Chandigarh,2026-10-05 12:00:00,3,72.5,Medium,79.91,68.43,60.0,ICON,Models show moderate disagreement and the forecast lead time reduces reliability.
Chandigarh,2026-10-05 13:00:00,3,72.7,Medium,79.91,69.11,60.0,ICON,Models show moderate disagreement and the forecast lead time reduces reliability.
Chandigarh,2026-10-05 14:00:00,3,72.9,Medium,79.91,69.92,60.0,ICON,Models show moderate disagreement and the forecast lead time reduces reliability.
Chandigarh,2026-10-05 15:00:00,3,72.8,Medium,79.91,69.45,60.0,ICON,Models show moderate disagreement and the forecast lead time reduces reliability.
Chandigarh,2026-10-05 16:00:00,3,71.9,Medium,79.91,66.35,60.0,ICON,Models show moderate disagreement and the forecast lead time reduces reliability.
Chandigarh,2026-10-05 17:00:00,3,72.7,Medium,79.91,69.14,60.0,ICON,Models show moderate disagreement and the forecast lead time reduces reliability.
Chandigarh,2026-10-05 18:00:00,3,73.2,Medium,79.91,70.86,60.0,ICON,Models show moderate disagreement and the forecast lead time reduces reliability.
Chandigarh,2026-10-05 19:00:00,3,72.9,Medium,79.91,69.91,60.0,ICON,Models show moderate disagreement and the forecast lead time reduces reliability.
Chandigarh,2026-10-05 20:00:00,3,73.0,Medium,79.91,70.11,60.0,ICON,Models show moderate disagreement and the forecast lead time reduces reliability.
Chandigarh,2026-10-05 21:00:00,3,74.2,Medium,79.91,74.19,60.0,ICON,Models show moderate disagreement and the forecast lead time reduces reliability.
Chandigarh,2026-10-05 22:00:00,3,74.5,High,79.91,75.03,60.0,ICON,"Low regional RMSE supports ICON dominance, while the extended Day 3 lead time maintains stable predictability."
Chandigarh,2026-10-05 23:00:00,3,74.0,Medium,79.91,73.45,60.0,ICON,Models show moderate disagreement and the forecast lead time reduces reliability.
Chennai,2026-10-03 00:00:00,1,84.8,High,82.31,78.96,100.0,ECMWF,"ECMWF leads with strong short-range skill, with minor model spread in local precipitation."
Chennai,2026-10-03 01:00:00,1,85.3,High,82.31,80.44,100.0,ECMWF,"ECMWF and ensemble members agree closely, while RMSE remains low for this region."
Chennai,2026-10-03 02:00:00,1,86.6,High,82.31,84.8,100.0,ECMWF,"ECMWF and ensemble members agree closely, while RMSE remains low for this region."
Chennai,2026-10-03 03:00:00,1,87.2,High,82.31,86.84,100.0,ECMWF,"ECMWF and ensemble members agree closely, while RMSE remains low for this region."
Chennai,2026-10-03 04:00:00,1,87.3,High,82.31,87.23,100.0,ECMWF,"ECMWF and ensemble members agree closely, while RMSE remains low for this region."
Chennai,2026-10-03 05:00:00,1,86.2,High,82.31,83.32,100.0,ECMWF,"ECMWF and ensemble members agree closely, while RMSE remains low for this region."
Chennai,2026-10-03 06:00:00,1,86.5,High,82.31,84.42,100.0,ECMWF,"ECMWF and ensemble members agree closely, while RMSE remains low for this region."
Chennai,2026-10-03 07:00:00,1,86.1,High,82.31,83.0,100.0,ECMWF,"ECMWF and ensemble members agree closely, while RMSE remains low for this region."
Chennai,2026-10-03 08:00:00,1,88.5,High,82.31,91.25,100.0,ECMWF,"ECMWF and ensemble members agree closely, while RMSE remains low for this region."
Chennai,2026-10-03 09:00:00,1,87.9,High,82.31,88.99,100.0,ECMWF,"ECMWF and ensemble members agree closely, while RMSE remains low for this region."
Chennai,2026-10-03 10:00:00,1,85.5,High,82.31,81.21,100.0,ECMWF,"ECMWF and ensemble members agree closely, while RMSE remains low for this region."
Chennai,2026-10-03 11:00:00,1,83.3,High,82.31,73.89,100.0,ECMWF,"ECMWF leads with strong short-range skill, with minor model spread in local precipitation."
Chennai,2026-10-03 12:00:00,1,82.7,High,82.31,71.79,100.0,ECMWF,"ECMWF leads with strong short-range skill, with minor model spread in local precipitation."
Chennai,2026-10-03 13:00:00,1,82.5,High,82.31,71.07,100.0,ECMWF,"ECMWF leads with strong short-range skill, with minor model spread in local precipitation."
Chennai,2026-10-03 14:00:00,1,81.8,High,82.31,68.78,100.0,ECMWF,"ECMWF leads with strong short-range skill, with minor model spread in local precipitation."
Chennai,2026-10-03 15:00:00,1,82.4,High,82.31,70.78,100.0,ECMWF,"ECMWF leads with strong short-range skill, with minor model spread in local precipitation."
Chennai,2026-10-03 16:00:00,1,82.8,High,82.31,72.25,100.0,ECMWF,"ECMWF leads with strong short-range skill, with minor model spread in local precipitation."
Chennai,2026-10-03 17:00:00,1,83.7,High,82.31,75.18,100.0,ECMWF,"ECMWF leads with strong short-range skill, with minor model spread in local precipitation."
Chennai,2026-10-03 18:00:00,1,84.8,High,82.31,78.93,100.0,ECMWF,"ECMWF leads with strong short-range skill, with minor model spread in local precipitation."
Chennai,2026-10-03 19:00:00,1,85.5,High,82.31,81.18,100.0,ECMWF,"ECMWF and ensemble members agree closely, while RMSE remains low for this region."
Chennai,2026-10-03 20:00:00,1,85.6,High,82.31,81.44,100.0,ECMWF,"ECMWF and ensemble members agree closely, while RMSE remains low for this region."
Chennai,2026-10-03 21:00:00,1,85.9,High,82.31,82.41,100.0,ECMWF,"ECMWF and ensemble members agree closely, while RMSE remains low for this region."
Chennai,2026-10-03 22:00:00,1,86.4,High,82.31,84.24,100.0,ECMWF,"ECMWF and ensemble members agree closely, while RMSE remains low for this region."
Chennai,2026-10-03 23:00:00,1,86.9,High,82.31,85.9,100.0,ECMWF,"ECMWF and ensemble members agree closely, while RMSE remains low for this region."
Chennai,2026-10-04 00:00:00,2,82.5,High,81.48,85.78,80.0,ECMWF,"ECMWF and ensemble members agree closely, while RMSE remains low for this region."
Chennai,2026-10-04 01:00:00,2,82.2,High,81.48,84.97,80.0,ECMWF,"ECMWF and ensemble members agree closely, while RMSE remains low for this region."
Chennai,2026-10-04 02:00:00,2,81.7,High,81.48,83.34,80.0,ECMWF,"ECMWF and ensemble members agree closely, while RMSE remains low for this region."
Chennai,2026-10-04 03:00:00,2,82.1,High,81.48,84.56,80.0,ECMWF,"ECMWF and ensemble members agree closely, while RMSE remains low for this region."
Chennai,2026-10-04 04:00:00,2,81.9,High,81.48,83.72,80.0,ECMWF,"ECMWF and ensemble members agree closely, while RMSE remains low for this region."
Chennai,2026-10-04 05:00:00,2,81.9,High,81.48,83.83,80.0,ECMWF,"ECMWF and ensemble members agree closely, while RMSE remains low for this region."
Chennai,2026-10-04 06:00:00,2,81.2,High,81.48,81.5,80.0,ECMWF,"ECMWF and ensemble members agree closely, while RMSE remains low for this region."
Chennai,2026-10-04 07:00:00,2,81.2,High,81.48,81.58,80.0,ECMWF,"ECMWF and ensemble members agree closely, while RMSE remains low for this region."
Chennai,2026-10-04 08:00:00,2,81.2,High,81.48,81.68,80.0,ECMWF,"ECMWF and ensemble members agree closely, while RMSE remains low for this region."
Chennai,2026-10-04 09:00:00,2,80.3,High,81.48,78.48,80.0,ECMWF,"Low regional RMSE supports ECMWF dominance, while the 48-hour forecast horizon maintains stable predictability."
Chennai,2026-10-04 10:00:00,2,79.2,High,81.48,74.73,80.0,ECMWF,"Low regional RMSE supports ECMWF dominance, while the 48-hour forecast horizon maintains stable predictability."
Chennai,2026-10-04 11:00:00,2,77.2,High,81.48,68.28,80.0,ECMWF,"Low regional RMSE supports ECMWF dominance, while the 48-hour forecast horizon maintains stable predictability."
Chennai,2026-10-04 12:00:00,2,76.1,High,81.48,64.38,80.0,ECMWF,"Low regional RMSE supports ECMWF dominance, while the 48-hour forecast horizon maintains stable predictability."
Chennai,2026-10-04 13:00:00,2,74.8,High,81.48,60.11,80.0,ECMWF,"Low regional RMSE supports ECMWF dominance, while the 48-hour forecast horizon maintains stable predictability."
Chennai,2026-10-04 14:00:00,2,76.6,High,81.48,66.09,80.0,ECMWF,"Low regional RMSE supports ECMWF dominance, while the 48-hour forecast horizon maintains stable predictability."
Chennai,2026-10-04 15:00:00,2,77.4,High,81.48,68.75,80.0,ECMWF,"Low regional RMSE supports ECMWF dominance, while the 48-hour forecast horizon maintains stable predictability."
Chennai,2026-10-04 16:00:00,2,77.5,High,81.48,69.06,80.0,ECMWF,"Low regional RMSE supports ECMWF dominance, while the 48-hour forecast horizon maintains stable predictability."
Chennai,2026-10-04 17:00:00,2,78.9,High,81.48,74.01,80.0,ECMWF,"Low regional RMSE supports ECMWF dominance, while the 48-hour forecast horizon maintains stable predictability."
Chennai,2026-10-04 18:00:00,2,80.2,High,81.48,78.18,80.0,ECMWF,"Low regional RMSE supports ECMWF dominance, while the 48-hour forecast horizon maintains stable predictability."
Chennai,2026-10-04 19:00:00,2,80.4,High,81.48,78.74,80.0,ECMWF,"Low regional RMSE supports ECMWF dominance, while the 48-hour forecast horizon maintains stable predictability."
Chennai,2026-10-04 20:00:00,2,80.6,High,81.48,79.62,80.0,ECMWF,"Low regional RMSE supports ECMWF dominance, while the 48-hour forecast horizon maintains stable predictability."
Chennai,2026-10-04 21:00:00,2,81.0,High,81.48,80.9,80.0,ECMWF,"ECMWF and ensemble members agree closely, while RMSE remains low for this region."
Chennai,2026-10-04 22:00:00,2,81.1,High,81.48,81.16,80.0,ECMWF,"ECMWF and ensemble members agree closely, while RMSE remains low for this region."
Chennai,2026-10-04 23:00:00,2,80.6,High,81.48,79.44,80.0,ECMWF,"Low regional RMSE supports ECMWF dominance, while the 48-hour forecast horizon maintains stable predictability."
Chennai,2026-10-05 00:00:00,3,76.5,High,80.12,81.59,60.0,ECMWF,"ECMWF and ensemble members agree closely, while RMSE remains low for this region."
Chennai,2026-10-05 01:00:00,3,76.6,High,80.12,81.79,60.0,ECMWF,"ECMWF and ensemble members agree closely, while RMSE remains low for this region."
Chennai,2026-10-05 02:00:00,3,75.2,High,80.12,77.06,60.0,ECMWF,"Low regional RMSE supports ECMWF dominance, while the extended Day 3 lead time maintains stable predictability."
Chennai,2026-10-05 03:00:00,3,75.5,High,80.12,78.18,60.0,ECMWF,"Low regional RMSE supports ECMWF dominance, while the extended Day 3 lead time maintains stable predictability."
Chennai,2026-10-05 04:00:00,3,75.4,High,80.12,77.9,60.0,ECMWF,"Low regional RMSE supports ECMWF dominance, while the extended Day 3 lead time maintains stable predictability."
Chennai,2026-10-05 05:00:00,3,75.4,High,80.12,77.95,60.0,ECMWF,"Low regional RMSE supports ECMWF dominance, while the extended Day 3 lead time maintains stable predictability."
Chennai,2026-10-05 06:00:00,3,75.0,High,80.12,76.52,60.0,ECMWF,"Low regional RMSE supports ECMWF dominance, while the extended Day 3 lead time maintains stable predictability."
Chennai,2026-10-05 07:00:00,3,75.8,High,80.12,79.13,60.0,ECMWF,"Low regional RMSE supports ECMWF dominance, while the extended Day 3 lead time maintains stable predictability."
Chennai,2026-10-05 08:00:00,3,76.8,High,80.12,82.54,60.0,ECMWF,"ECMWF and ensemble members agree closely, while RMSE remains low for this region."
Chennai,2026-10-05 09:00:00,3,76.8,High,80.12,82.52,60.0,ECMWF,"ECMWF and ensemble members agree closely, while RMSE remains low for this region."
Chennai,2026-10-05 10:00:00,3,75.8,High,80.12,79.02,60.0,ECMWF,"Low regional RMSE supports ECMWF dominance, while the extended Day 3 lead time maintains stable predictability."
Chennai,2026-10-05 11:00:00,3,72.7,Medium,80.12,68.88,60.0,ECMWF,Models show moderate disagreement and the forecast lead time reduces reliability.
Chennai,2026-10-05 12:00:00,3,70.8,Medium,80.12,62.61,60.0,ECMWF,Models show moderate disagreement and the forecast lead time reduces reliability.
Chennai,2026-10-05 13:00:00,3,69.8,Medium,80.12,59.07,60.0,ECMWF,Models show moderate disagreement and the forecast lead time reduces reliability.
Chennai,2026-10-05 14:00:00,3,70.0,Medium,80.12,59.78,60.0,ECMWF,Models show moderate disagreement and the forecast lead time reduces reliability.
Chennai,2026-10-05 15:00:00,3,71.6,Medium,80.12,65.01,60.0,ECMWF,Models show moderate disagreement and the forecast lead time reduces reliability.
Chennai,2026-10-05 16:00:00,3,72.1,Medium,80.12,66.78,60.0,ECMWF,Models show moderate disagreement and the forecast lead time reduces reliability.
Chennai,2026-10-05 17:00:00,3,73.5,Medium,80.12,71.36,60.0,ECMWF,Models show moderate disagreement and the forecast lead time reduces reliability.
Chennai,2026-10-05 18:00:00,3,74.2,Medium,80.12,73.8,60.0,ECMWF,Models show moderate disagreement and the forecast lead time reduces reliability.
Chennai,2026-10-05 19:00:00,3,74.4,Medium,80.12,74.6,60.0,ECMWF,Models show moderate disagreement and the forecast lead time reduces reliability.
Chennai,2026-10-05 20:00:00,3,75.1,High,80.12,76.69,60.0,ECMWF,"Low regional RMSE supports ECMWF dominance, while the extended Day 3 lead time maintains stable predictability."
Chennai,2026-10-05 21:00:00,3,74.3,Medium,80.12,74.27,60.0,ECMWF,Models show moderate disagreement and the forecast lead time reduces reliability.
Chennai,2026-10-05 22:00:00,3,73.4,Medium,80.12,71.06,60.0,ECMWF,Models show moderate disagreement and the forecast lead time reduces reliability.
Chennai,2026-10-05 23:00:00,3,74.0,Medium,80.12,73.19,60.0,ECMWF,Models show moderate disagreement and the forecast lead time reduces reliability.
Coimbatore,2026-10-03 00:00:00,1,88.8,High,94.35,72.04,100.0,ECMWF,"ECMWF leads with strong short-range skill, with minor model spread in local precipitation."
Coimbatore,2026-10-03 01:00:00,1,91.1,Very High,94.35,79.84,100.0,ECMWF,"ECMWF exhibits outstanding regional skill, maintaining very high blend reliability for this short-range forecast."
Coimbatore,2026-10-03 02:00:00,1,90.8,Very High,94.35,78.85,100.0,ECMWF,"ECMWF exhibits outstanding regional skill, maintaining very high blend reliability for this short-range forecast."
Coimbatore,2026-10-03 03:00:00,1,90.8,Very High,94.35,78.74,100.0,ECMWF,"ECMWF exhibits outstanding regional skill, maintaining very high blend reliability for this short-range forecast."
Coimbatore,2026-10-03 04:00:00,1,90.1,Very High,94.35,76.34,100.0,ECMWF,"ECMWF exhibits outstanding regional skill, maintaining very high blend reliability for this short-range forecast."
Coimbatore,2026-10-03 05:00:00,1,91.0,Very High,94.35,79.55,100.0,ECMWF,"ECMWF exhibits outstanding regional skill, maintaining very high blend reliability for this short-range forecast."
Coimbatore,2026-10-03 06:00:00,1,91.7,Very High,94.35,81.79,100.0,ECMWF,"ECMWF has the highest historical skill, model agreement is strong, and this is a short-range forecast."
Coimbatore,2026-10-03 07:00:00,1,93.6,Very High,94.35,88.14,100.0,ECMWF,"ECMWF has the highest historical skill, model agreement is strong, and this is a short-range forecast."
Coimbatore,2026-10-03 08:00:00,1,94.3,Very High,94.35,90.49,100.0,ECMWF,"ECMWF has the highest historical skill, model agreement is strong, and this is a short-range forecast."
Coimbatore,2026-10-03 09:00:00,1,94.7,Very High,94.35,91.63,100.0,ECMWF,"ECMWF has the highest historical skill, model agreement is strong, and this is a short-range forecast."
Coimbatore,2026-10-03 10:00:00,1,95.9,Very High,94.35,95.78,100.0,ECMWF,"ECMWF has the highest historical skill, model agreement is strong, and this is a short-range forecast."
Coimbatore,2026-10-03 11:00:00,1,94.8,Very High,94.35,92.08,100.0,ECMWF,"ECMWF has the highest historical skill, model agreement is strong, and this is a short-range forecast."
Coimbatore,2026-10-03 12:00:00,1,95.8,Very High,94.35,95.26,100.0,ECMWF,"ECMWF has the highest historical skill, model agreement is strong, and this is a short-range forecast."
Coimbatore,2026-10-03 13:00:00,1,94.5,Very High,94.35,90.94,100.0,ECMWF,"ECMWF has the highest historical skill, model agreement is strong, and this is a short-range forecast."
Coimbatore,2026-10-03 14:00:00,1,94.2,Very High,94.35,90.15,100.0,ECMWF,"ECMWF has the highest historical skill, model agreement is strong, and this is a short-range forecast."
Coimbatore,2026-10-03 15:00:00,1,93.7,Very High,94.35,88.28,100.0,ECMWF,"ECMWF has the highest historical skill, model agreement is strong, and this is a short-range forecast."
Coimbatore,2026-10-03 16:00:00,1,92.5,Very High,94.35,84.37,100.0,ECMWF,"ECMWF has the highest historical skill, model agreement is strong, and this is a short-range forecast."
Coimbatore,2026-10-03 17:00:00,1,93.0,Very High,94.35,86.21,100.0,ECMWF,"ECMWF has the highest historical skill, model agreement is strong, and this is a short-range forecast."
Coimbatore,2026-10-03 18:00:00,1,89.4,High,94.35,74.22,100.0,ECMWF,"ECMWF leads with strong short-range skill, with minor model spread in local precipitation."
Coimbatore,2026-10-03 19:00:00,1,88.8,High,94.35,72.13,100.0,ECMWF,"ECMWF leads with strong short-range skill, with minor model spread in local precipitation."
Coimbatore,2026-10-03 20:00:00,1,89.8,Very High,94.35,75.57,100.0,ECMWF,"ECMWF exhibits outstanding regional skill, maintaining very high blend reliability for this short-range forecast."
Coimbatore,2026-10-03 21:00:00,1,89.9,Very High,94.35,75.75,100.0,ECMWF,"ECMWF exhibits outstanding regional skill, maintaining very high blend reliability for this short-range forecast."
Coimbatore,2026-10-03 22:00:00,1,89.9,Very High,94.35,75.9,100.0,ECMWF,"ECMWF exhibits outstanding regional skill, maintaining very high blend reliability for this short-range forecast."
Coimbatore,2026-10-03 23:00:00,1,89.1,High,94.35,73.08,100.0,ECMWF,"ECMWF leads with strong short-range skill, with minor model spread in local precipitation."
Coimbatore,2026-10-04 00:00:00,2,83.3,High,92.07,70.75,80.0,ECMWF,"Low regional RMSE supports ECMWF dominance, while the 48-hour forecast horizon maintains stable predictability."
Coimbatore,2026-10-04 01:00:00,2,83.5,High,92.07,71.42,80.0,ECMWF,"Low regional RMSE supports ECMWF dominance, while the 48-hour forecast horizon maintains stable predictability."
Coimbatore,2026-10-04 02:00:00,2,84.1,High,92.07,73.49,80.0,ECMWF,"Low regional RMSE supports ECMWF dominance, while the 48-hour forecast horizon maintains stable predictability."
Coimbatore,2026-10-04 03:00:00,2,84.8,High,92.07,75.93,80.0,ECMWF,"Low regional RMSE supports ECMWF dominance, while the 48-hour forecast horizon maintains stable predictability."
Coimbatore,2026-10-04 04:00:00,2,86.0,High,92.07,79.9,80.0,ECMWF,"Low regional RMSE supports ECMWF dominance, while the 48-hour forecast horizon maintains stable predictability."
Coimbatore,2026-10-04 05:00:00,2,87.9,High,92.07,86.28,80.0,ECMWF,"ECMWF and ensemble members agree closely, while RMSE remains low for this region."
Coimbatore,2026-10-04 06:00:00,2,87.2,High,92.07,83.73,80.0,ECMWF,"ECMWF and ensemble members agree closely, while RMSE remains low for this region."
Coimbatore,2026-10-04 07:00:00,2,85.1,High,92.07,76.89,80.0,ECMWF,"Low regional RMSE supports ECMWF dominance, while the 48-hour forecast horizon maintains stable predictability."
Coimbatore,2026-10-04 08:00:00,2,85.0,High,92.07,76.62,80.0,ECMWF,"Low regional RMSE supports ECMWF dominance, while the 48-hour forecast horizon maintains stable predictability."
Coimbatore,2026-10-04 09:00:00,2,84.3,High,92.07,74.33,80.0,ECMWF,"Low regional RMSE supports ECMWF dominance, while the 48-hour forecast horizon maintains stable predictability."
Coimbatore,2026-10-04 10:00:00,2,85.8,High,92.07,79.28,80.0,ECMWF,"Low regional RMSE supports ECMWF dominance, while the 48-hour forecast horizon maintains stable predictability."
Coimbatore,2026-10-04 11:00:00,2,87.2,High,92.07,84.0,80.0,ECMWF,"ECMWF and ensemble members agree closely, while RMSE remains low for this region."
Coimbatore,2026-10-04 12:00:00,2,87.9,High,92.07,86.14,80.0,ECMWF,"ECMWF and ensemble members agree closely, while RMSE remains low for this region."
Coimbatore,2026-10-04 13:00:00,2,90.6,Very High,92.07,95.05,80.0,ECMWF,"ECMWF has the highest historical skill, model agreement is strong, and this is a 48-hour forecast horizon."
Coimbatore,2026-10-04 14:00:00,2,90.8,Very High,92.07,95.99,80.0,ECMWF,"ECMWF has the highest historical skill, model agreement is strong, and this is a 48-hour forecast horizon."
Coimbatore,2026-10-04 15:00:00,2,81.5,High,92.07,64.96,80.0,ECMWF,"Low regional RMSE supports ECMWF dominance, while the 48-hour forecast horizon maintains stable predictability."
Coimbatore,2026-10-04 16:00:00,2,79.2,High,92.07,57.28,80.0,ECMWF,"Low regional RMSE supports ECMWF dominance, while the 48-hour forecast horizon maintains stable predictability."
Coimbatore,2026-10-04 17:00:00,2,75.9,High,92.07,46.06,80.0,ECMWF,"Low regional RMSE supports ECMWF dominance, while the 48-hour forecast horizon maintains stable predictability."
Coimbatore,2026-10-04 18:00:00,2,78.0,High,92.07,53.22,80.0,ECMWF,"Low regional RMSE supports ECMWF dominance, while the 48-hour forecast horizon maintains stable predictability."
Coimbatore,2026-10-04 19:00:00,2,80.7,High,92.07,62.23,80.0,ECMWF,"Low regional RMSE supports ECMWF dominance, while the 48-hour forecast horizon maintains stable predictability."
Coimbatore,2026-10-04 20:00:00,2,81.7,High,92.07,65.46,80.0,ECMWF,"Low regional RMSE supports ECMWF dominance, while the 48-hour forecast horizon maintains stable predictability."
Coimbatore,2026-10-04 21:00:00,2,81.6,High,92.07,65.35,80.0,ECMWF,"Low regional RMSE supports ECMWF dominance, while the 48-hour forecast horizon maintains stable predictability."
Coimbatore,2026-10-04 22:00:00,2,81.7,High,92.07,65.52,80.0,ECMWF,"Low regional RMSE supports ECMWF dominance, while the 48-hour forecast horizon maintains stable predictability."
Coimbatore,2026-10-04 23:00:00,2,82.1,High,92.07,66.72,80.0,ECMWF,"Low regional RMSE supports ECMWF dominance, while the 48-hour forecast horizon maintains stable predictability."
Coimbatore,2026-10-05 00:00:00,3,78.7,High,92.09,69.0,60.0,ECMWF,"Low regional RMSE supports ECMWF dominance, while the extended Day 3 lead time maintains stable predictability."
Coimbatore,2026-10-05 01:00:00,3,79.5,High,92.09,71.39,60.0,ECMWF,"Low regional RMSE supports ECMWF dominance, while the extended Day 3 lead time maintains stable predictability."
Coimbatore,2026-10-05 02:00:00,3,80.5,High,92.09,74.98,60.0,ECMWF,"Low regional RMSE supports ECMWF dominance, while the extended Day 3 lead time maintains stable predictability."
Coimbatore,2026-10-05 03:00:00,3,81.5,High,92.09,78.06,60.0,ECMWF,"Low regional RMSE supports ECMWF dominance, while the extended Day 3 lead time maintains stable predictability."
Coimbatore,2026-10-05 04:00:00,3,82.9,High,92.09,82.87,60.0,ECMWF,"ECMWF and ensemble members agree closely, while RMSE remains low for this region."
Coimbatore,2026-10-05 05:00:00,3,83.3,High,92.09,84.02,60.0,ECMWF,"ECMWF and ensemble members agree closely, while RMSE remains low for this region."
Coimbatore,2026-10-05 06:00:00,3,84.2,High,92.09,87.33,60.0,ECMWF,"ECMWF and ensemble members agree closely, while RMSE remains low for this region."
Coimbatore,2026-10-05 07:00:00,3,84.6,High,92.09,88.59,60.0,ECMWF,"ECMWF and ensemble members agree closely, while RMSE remains low for this region."
Coimbatore,2026-10-05 08:00:00,3,84.4,High,92.09,87.73,60.0,ECMWF,"ECMWF and ensemble members agree closely, while RMSE remains low for this region."
Coimbatore,2026-10-05 09:00:00,3,84.6,High,92.09,88.35,60.0,ECMWF,"ECMWF and ensemble members agree closely, while RMSE remains low for this region."
Coimbatore,2026-10-05 10:00:00,3,84.8,High,92.09,89.04,60.0,ECMWF,"ECMWF and ensemble members agree closely, while RMSE remains low for this region."
Coimbatore,2026-10-05 11:00:00,3,83.0,High,92.09,83.12,60.0,ECMWF,"ECMWF and ensemble members agree closely, while RMSE remains low for this region."
Coimbatore,2026-10-05 12:00:00,3,81.3,High,92.09,77.64,60.0,ECMWF,"Low regional RMSE supports ECMWF dominance, while the extended Day 3 lead time maintains stable predictability."
Coimbatore,2026-10-05 13:00:00,3,78.4,High,92.09,67.96,60.0,ECMWF,"Low regional RMSE supports ECMWF dominance, while the extended Day 3 lead time maintains stable predictability."
Coimbatore,2026-10-05 14:00:00,3,79.8,High,92.09,72.41,60.0,ECMWF,"Low regional RMSE supports ECMWF dominance, while the extended Day 3 lead time maintains stable predictability."
Coimbatore,2026-10-05 15:00:00,3,81.8,High,92.09,79.1,60.0,ECMWF,"Low regional RMSE supports ECMWF dominance, while the extended Day 3 lead time maintains stable predictability."
Coimbatore,2026-10-05 16:00:00,3,78.4,High,92.09,67.76,60.0,ECMWF,"Low regional RMSE supports ECMWF dominance, while the extended Day 3 lead time maintains stable predictability."
Coimbatore,2026-10-05 17:00:00,3,80.3,High,92.09,74.24,60.0,ECMWF,"Low regional RMSE supports ECMWF dominance, while the extended Day 3 lead time maintains stable predictability."
Coimbatore,2026-10-05 18:00:00,3,80.2,High,92.09,73.79,60.0,ECMWF,"Low regional RMSE supports ECMWF dominance, while the extended Day 3 lead time maintains stable predictability."
Coimbatore,2026-10-05 19:00:00,3,79.2,High,92.09,70.52,60.0,ECMWF,"Low regional RMSE supports ECMWF dominance, while the extended Day 3 lead time maintains stable predictability."
Coimbatore,2026-10-05 20:00:00,3,78.2,High,92.09,67.29,60.0,ECMWF,"Low regional RMSE supports ECMWF dominance, while the extended Day 3 lead time maintains stable predictability."
Coimbatore,2026-10-05 21:00:00,3,76.3,High,92.09,61.01,60.0,ECMWF,"Low regional RMSE supports ECMWF dominance, while the extended Day 3 lead time maintains stable predictability."
Coimbatore,2026-10-05 22:00:00,3,73.3,Medium,92.09,50.8,60.0,ECMWF,Models show moderate disagreement and the forecast lead time reduces reliability.
Coimbatore,2026-10-05 23:00:00,3,78.7,High,92.09,68.99,60.0,ECMWF,"Low regional RMSE supports ECMWF dominance, while the extended Day 3 lead time maintains stable predictability."
Dehradun,2026-10-03 00:00:00,1,86.5,High,84.54,80.91,100.0,ECMWF,"ECMWF and ensemble members agree closely, while RMSE remains low for this region."
Dehradun,2026-10-03 01:00:00,1,86.2,High,84.54,79.9,100.0,ECMWF,"ECMWF leads with strong short-range skill, with minor model spread in local precipitation."
Dehradun,2026-10-03 02:00:00,1,86.6,High,84.54,81.04,100.0,ECMWF,"ECMWF and ensemble members agree closely, while RMSE remains low for this region."
Dehradun,2026-10-03 03:00:00,1,86.8,High,84.54,81.6,100.0,ECMWF,"ECMWF and ensemble members agree closely, while RMSE remains low for this region."
Dehradun,2026-10-03 04:00:00,1,86.3,High,84.54,80.08,100.0,ECMWF,"ECMWF and ensemble members agree closely, while RMSE remains low for this region."
Dehradun,2026-10-03 05:00:00,1,87.1,High,84.54,82.88,100.0,ECMWF,"ECMWF and ensemble members agree closely, while RMSE remains low for this region."
Dehradun,2026-10-03 06:00:00,1,87.9,High,84.54,85.36,100.0,ECMWF,"ECMWF and ensemble members agree closely, while RMSE remains low for this region."
Dehradun,2026-10-03 07:00:00,1,88.2,High,84.54,86.51,100.0,ECMWF,"ECMWF and ensemble members agree closely, while RMSE remains low for this region."
Dehradun,2026-10-03 08:00:00,1,90.0,Very High,84.54,92.46,100.0,ECMWF,"ECMWF has the highest historical skill, model agreement is strong, and this is a short-range forecast."
Dehradun,2026-10-03 09:00:00,1,88.5,High,84.54,87.55,100.0,ECMWF,"ECMWF and ensemble members agree closely, while RMSE remains low for this region."
Dehradun,2026-10-03 10:00:00,1,89.7,Very High,84.54,91.41,100.0,ECMWF,"ECMWF has the highest historical skill, model agreement is strong, and this is a short-range forecast."
Dehradun,2026-10-03 11:00:00,1,90.3,Very High,84.54,93.54,100.0,ECMWF,"ECMWF has the highest historical skill, model agreement is strong, and this is a short-range forecast."
Dehradun,2026-10-03 12:00:00,1,89.0,High,84.54,88.98,100.0,ECMWF,"ECMWF and ensemble members agree closely, while RMSE remains low for this region."
Dehradun,2026-10-03 13:00:00,1,87.3,High,84.54,83.27,100.0,ECMWF,"ECMWF and ensemble members agree closely, while RMSE remains low for this region."
Dehradun,2026-10-03 14:00:00,1,87.1,High,84.54,82.66,100.0,ECMWF,"ECMWF and ensemble members agree closely, while RMSE remains low for this region."
Dehradun,2026-10-03 15:00:00,1,86.9,High,84.54,81.95,100.0,ECMWF,"ECMWF and ensemble members agree closely, while RMSE remains low for this region."
Dehradun,2026-10-03 16:00:00,1,86.4,High,84.54,80.36,100.0,ECMWF,"ECMWF and ensemble members agree closely, while RMSE remains low for this region."
Dehradun,2026-10-03 17:00:00,1,85.9,High,84.54,78.86,100.0,ECMWF,"ECMWF leads with strong short-range skill, with minor model spread in local precipitation."
Dehradun,2026-10-03 18:00:00,1,83.8,High,84.54,71.62,100.0,ECMWF,"ECMWF leads with strong short-range skill, with minor model spread in local precipitation."
Dehradun,2026-10-03 19:00:00,1,83.8,High,84.54,71.84,100.0,ECMWF,"ECMWF leads with strong short-range skill, with minor model spread in local precipitation."
Dehradun,2026-10-03 20:00:00,1,85.0,High,84.54,75.91,100.0,ECMWF,"ECMWF leads with strong short-range skill, with minor model spread in local precipitation."
Dehradun,2026-10-03 21:00:00,1,86.2,High,84.54,79.81,100.0,ECMWF,"ECMWF leads with strong short-range skill, with minor model spread in local precipitation."
Dehradun,2026-10-03 22:00:00,1,87.4,High,84.54,83.6,100.0,ECMWF,"ECMWF and ensemble members agree closely, while RMSE remains low for this region."
Dehradun,2026-10-03 23:00:00,1,88.4,High,84.54,86.95,100.0,ECMWF,"ECMWF and ensemble members agree closely, while RMSE remains low for this region."
Dehradun,2026-10-04 00:00:00,2,82.6,High,83.17,83.49,80.0,ICON,"ICON and ensemble members agree closely, while RMSE remains low for this region."
Dehradun,2026-10-04 01:00:00,2,81.9,High,83.17,81.02,80.0,ICON,"ICON and ensemble members agree closely, while RMSE remains low for this region."
Dehradun,2026-10-04 02:00:00,2,81.6,High,83.17,80.16,80.0,ICON,"ICON and ensemble members agree closely, while RMSE remains low for this region."
Dehradun,2026-10-04 03:00:00,2,81.3,High,83.17,79.09,80.0,ICON,"Low regional RMSE supports ICON dominance, while the 48-hour forecast horizon maintains stable predictability."
Dehradun,2026-10-04 04:00:00,2,81.0,High,83.17,77.91,80.0,ICON,"Low regional RMSE supports ICON dominance, while the 48-hour forecast horizon maintains stable predictability."
Dehradun,2026-10-04 05:00:00,2,81.2,High,83.17,78.65,80.0,ICON,"Low regional RMSE supports ICON dominance, while the 48-hour forecast horizon maintains stable predictability."
Dehradun,2026-10-04 06:00:00,2,82.1,High,83.17,81.66,80.0,ICON,"ICON and ensemble members agree closely, while RMSE remains low for this region."
Dehradun,2026-10-04 07:00:00,2,83.4,High,83.17,85.94,80.0,ICON,"ICON and ensemble members agree closely, while RMSE remains low for this region."
Dehradun,2026-10-04 08:00:00,2,85.0,High,83.17,91.55,80.0,ICON,"ICON and ensemble members agree closely, while RMSE remains low for this region."
Dehradun,2026-10-04 09:00:00,2,82.4,High,83.17,82.83,80.0,ICON,"ICON and ensemble members agree closely, while RMSE remains low for this region."
Dehradun,2026-10-04 10:00:00,2,83.9,High,83.17,87.75,80.0,ICON,"ICON and ensemble members agree closely, while RMSE remains low for this region."
Dehradun,2026-10-04 11:00:00,2,84.2,High,83.17,88.59,80.0,ICON,"ICON and ensemble members agree closely, while RMSE remains low for this region."
Dehradun,2026-10-04 12:00:00,2,82.6,High,83.17,83.22,80.0,ICON,"ICON and ensemble members agree closely, while RMSE remains low for this region."
Dehradun,2026-10-04 13:00:00,2,82.3,High,83.17,82.43,80.0,ICON,"ICON and ensemble members agree closely, while RMSE remains low for this region."
Dehradun,2026-10-04 14:00:00,2,82.1,High,83.17,81.87,80.0,ICON,"ICON and ensemble members agree closely, while RMSE remains low for this region."
Dehradun,2026-10-04 15:00:00,2,82.3,High,83.17,82.4,80.0,ICON,"ICON and ensemble members agree closely, while RMSE remains low for this region."
Dehradun,2026-10-04 16:00:00,2,81.8,High,83.17,80.7,80.0,ICON,"ICON and ensemble members agree closely, while RMSE remains low for this region."
Dehradun,2026-10-04 17:00:00,2,83.0,High,83.17,84.58,80.0,ICON,"ICON and ensemble members agree closely, while RMSE remains low for this region."
Dehradun,2026-10-04 18:00:00,2,80.9,High,83.17,77.57,80.0,ICON,"Low regional RMSE supports ICON dominance, while the 48-hour forecast horizon maintains stable predictability."
Dehradun,2026-10-04 19:00:00,2,80.3,High,83.17,75.87,80.0,ICON,"Low regional RMSE supports ICON dominance, while the 48-hour forecast horizon maintains stable predictability."
Dehradun,2026-10-04 20:00:00,2,81.1,High,83.17,78.29,80.0,ICON,"Low regional RMSE supports ICON dominance, while the 48-hour forecast horizon maintains stable predictability."
Dehradun,2026-10-04 21:00:00,2,83.3,High,83.17,85.77,80.0,ICON,"ICON and ensemble members agree closely, while RMSE remains low for this region."
Dehradun,2026-10-04 22:00:00,2,82.2,High,83.17,81.97,80.0,ICON,"ICON and ensemble members agree closely, while RMSE remains low for this region."
Dehradun,2026-10-04 23:00:00,2,81.6,High,83.17,80.15,80.0,ICON,"ICON and ensemble members agree closely, while RMSE remains low for this region."
Dehradun,2026-10-05 00:00:00,3,77.1,High,82.94,78.77,60.0,ICON,"Low regional RMSE supports ICON dominance, while the extended Day 3 lead time maintains stable predictability."
Dehradun,2026-10-05 01:00:00,3,76.9,High,82.94,78.0,60.0,ICON,"Low regional RMSE supports ICON dominance, while the extended Day 3 lead time maintains stable predictability."
Dehradun,2026-10-05 02:00:00,3,76.7,High,82.94,77.53,60.0,ICON,"Low regional RMSE supports ICON dominance, while the extended Day 3 lead time maintains stable predictability."
Dehradun,2026-10-05 03:00:00,3,76.9,High,82.94,78.05,60.0,ICON,"Low regional RMSE supports ICON dominance, while the extended Day 3 lead time maintains stable predictability."
Dehradun,2026-10-05 04:00:00,3,76.5,High,82.94,76.92,60.0,ICON,"Low regional RMSE supports ICON dominance, while the extended Day 3 lead time maintains stable predictability."
Dehradun,2026-10-05 05:00:00,3,76.7,High,82.94,77.57,60.0,ICON,"Low regional RMSE supports ICON dominance, while the extended Day 3 lead time maintains stable predictability."
Dehradun,2026-10-05 06:00:00,3,78.1,High,82.94,82.02,60.0,ICON,"ICON and ensemble members agree closely, while RMSE remains low for this region."
Dehradun,2026-10-05 07:00:00,3,79.3,High,82.94,86.22,60.0,ICON,"ICON and ensemble members agree closely, while RMSE remains low for this region."
Dehradun,2026-10-05 08:00:00,3,81.2,High,82.94,92.34,60.0,ICON,"ICON and ensemble members agree closely, while RMSE remains low for this region."
Dehradun,2026-10-05 09:00:00,3,80.5,High,82.94,90.1,60.0,ICON,"ICON and ensemble members agree closely, while RMSE remains low for this region."
Dehradun,2026-10-05 10:00:00,3,79.2,High,82.94,85.7,60.0,ICON,"ICON and ensemble members agree closely, while RMSE remains low for this region."
Dehradun,2026-10-05 11:00:00,3,78.0,High,82.94,81.87,60.0,ICON,"ICON and ensemble members agree closely, while RMSE remains low for this region."
Dehradun,2026-10-05 12:00:00,3,76.7,High,82.94,77.45,60.0,ICON,"Low regional RMSE supports ICON dominance, while the extended Day 3 lead time maintains stable predictability."
Dehradun,2026-10-05 13:00:00,3,76.1,High,82.94,75.5,60.0,ICON,"Low regional RMSE supports ICON dominance, while the extended Day 3 lead time maintains stable predictability."
Dehradun,2026-10-05 14:00:00,3,75.7,High,82.94,74.26,60.0,ICON,"Low regional RMSE supports ICON dominance, while the extended Day 3 lead time maintains stable predictability."
Dehradun,2026-10-05 15:00:00,3,75.5,High,82.94,73.45,60.0,ICON,"Low regional RMSE supports ICON dominance, while the extended Day 3 lead time maintains stable predictability."
Dehradun,2026-10-05 16:00:00,3,76.1,High,82.94,75.43,60.0,ICON,"Low regional RMSE supports ICON dominance, while the extended Day 3 lead time maintains stable predictability."
Dehradun,2026-10-05 17:00:00,3,75.4,High,82.94,73.26,60.0,ICON,"Low regional RMSE supports ICON dominance, while the extended Day 3 lead time maintains stable predictability."
Dehradun,2026-10-05 18:00:00,3,76.3,High,82.94,76.02,60.0,ICON,"Low regional RMSE supports ICON dominance, while the extended Day 3 lead time maintains stable predictability."
Dehradun,2026-10-05 19:00:00,3,74.9,High,82.94,71.57,60.0,ICON,"Low regional RMSE supports ICON dominance, while the extended Day 3 lead time maintains stable predictability."
Dehradun,2026-10-05 20:00:00,3,78.4,High,82.94,83.09,60.0,ICON,"ICON and ensemble members agree closely, while RMSE remains low for this region."
Dehradun,2026-10-05 21:00:00,3,78.9,High,82.94,84.63,60.0,ICON,"ICON and ensemble members agree closely, while RMSE remains low for this region."
Dehradun,2026-10-05 22:00:00,3,78.0,High,82.94,81.81,60.0,ICON,"ICON and ensemble members agree closely, while RMSE remains low for this region."
Dehradun,2026-10-05 23:00:00,3,76.9,High,82.94,78.11,60.0,ICON,"Low regional RMSE supports ICON dominance, while the extended Day 3 lead time maintains stable predictability."
Delhi,2026-10-03 00:00:00,1,81.9,High,84.42,65.76,100.0,ECMWF,"ECMWF leads with strong short-range skill, with minor model spread in local precipitation."
Delhi,2026-10-03 01:00:00,1,81.5,High,84.42,64.36,100.0,ECMWF,"ECMWF leads with strong short-range skill, with minor model spread in local precipitation."
Delhi,2026-10-03 02:00:00,1,81.1,High,84.42,63.02,100.0,ECMWF,"ECMWF leads with strong short-range skill, with minor model spread in local precipitation."
Delhi,2026-10-03 03:00:00,1,81.5,High,84.42,64.44,100.0,ECMWF,"ECMWF leads with strong short-range skill, with minor model spread in local precipitation."
Delhi,2026-10-03 04:00:00,1,82.2,High,84.42,66.51,100.0,ECMWF,"ECMWF leads with strong short-range skill, with minor model spread in local precipitation."
Delhi,2026-10-03 05:00:00,1,83.1,High,84.42,69.79,100.0,ECMWF,"ECMWF leads with strong short-range skill, with minor model spread in local precipitation."
Delhi,2026-10-03 06:00:00,1,83.5,High,84.42,71.02,100.0,ECMWF,"ECMWF leads with strong short-range skill, with minor model spread in local precipitation."
Delhi,2026-10-03 07:00:00,1,83.3,High,84.42,70.17,100.0,ECMWF,"ECMWF leads with strong short-range skill, with minor model spread in local precipitation."
Delhi,2026-10-03 08:00:00,1,84.4,High,84.42,73.95,100.0,ECMWF,"ECMWF leads with strong short-range skill, with minor model spread in local precipitation."
Delhi,2026-10-03 09:00:00,1,85.8,High,84.42,78.78,100.0,ECMWF,"ECMWF leads with strong short-range skill, with minor model spread in local precipitation."
Delhi,2026-10-03 10:00:00,1,86.3,High,84.42,80.34,100.0,ECMWF,"ECMWF and ensemble members agree closely, while RMSE remains low for this region."
Delhi,2026-10-03 11:00:00,1,86.2,High,84.42,79.94,100.0,ECMWF,"ECMWF leads with strong short-range skill, with minor model spread in local precipitation."
Delhi,2026-10-03 12:00:00,1,86.5,High,84.42,81.05,100.0,ECMWF,"ECMWF and ensemble members agree closely, while RMSE remains low for this region."
Delhi,2026-10-03 13:00:00,1,86.0,High,84.42,79.25,100.0,ECMWF,"ECMWF leads with strong short-range skill, with minor model spread in local precipitation."
Delhi,2026-10-03 14:00:00,1,84.6,High,84.42,74.52,100.0,ECMWF,"ECMWF leads with strong short-range skill, with minor model spread in local precipitation."
Delhi,2026-10-03 15:00:00,1,84.2,High,84.42,73.17,100.0,ECMWF,"ECMWF leads with strong short-range skill, with minor model spread in local precipitation."
Delhi,2026-10-03 16:00:00,1,82.8,High,84.42,68.55,100.0,ECMWF,"ECMWF leads with strong short-range skill, with minor model spread in local precipitation."
Delhi,2026-10-03 17:00:00,1,82.1,High,84.42,66.46,100.0,ECMWF,"ECMWF leads with strong short-range skill, with minor model spread in local precipitation."
Delhi,2026-10-03 18:00:00,1,84.1,High,84.42,72.83,100.0,ECMWF,"ECMWF leads with strong short-range skill, with minor model spread in local precipitation."
Delhi,2026-10-03 19:00:00,1,80.3,High,84.42,60.14,100.0,ECMWF,"ECMWF leads with strong short-range skill, with minor model spread in local precipitation."
Delhi,2026-10-03 20:00:00,1,80.1,High,84.42,59.79,100.0,ECMWF,"ECMWF leads with strong short-range skill, with minor model spread in local precipitation."
Delhi,2026-10-03 21:00:00,1,80.5,High,84.42,60.81,100.0,ECMWF,"ECMWF leads with strong short-range skill, with minor model spread in local precipitation."
Delhi,2026-10-03 22:00:00,1,81.1,High,84.42,63.08,100.0,ECMWF,"ECMWF leads with strong short-range skill, with minor model spread in local precipitation."
Delhi,2026-10-03 23:00:00,1,82.0,High,84.42,65.84,100.0,ECMWF,"ECMWF leads with strong short-range skill, with minor model spread in local precipitation."
Delhi,2026-10-04 00:00:00,2,77.2,High,81.67,67.76,80.0,ECMWF,"Low regional RMSE supports ECMWF dominance, while the 48-hour forecast horizon maintains stable predictability."
Delhi,2026-10-04 01:00:00,2,78.1,High,81.67,70.91,80.0,ECMWF,"Low regional RMSE supports ECMWF dominance, while the 48-hour forecast horizon maintains stable predictability."
Delhi,2026-10-04 02:00:00,2,80.6,High,81.67,79.14,80.0,ECMWF,"Low regional RMSE supports ECMWF dominance, while the 48-hour forecast horizon maintains stable predictability."
Delhi,2026-10-04 03:00:00,2,78.6,High,81.67,72.42,80.0,ECMWF,"Low regional RMSE supports ECMWF dominance, while the 48-hour forecast horizon maintains stable predictability."
Delhi,2026-10-04 04:00:00,2,76.0,High,81.67,63.94,80.0,ECMWF,"Low regional RMSE supports ECMWF dominance, while the 48-hour forecast horizon maintains stable predictability."
Delhi,2026-10-04 05:00:00,2,75.0,High,81.67,60.63,80.0,ECMWF,"Low regional RMSE supports ECMWF dominance, while the 48-hour forecast horizon maintains stable predictability."
Delhi,2026-10-04 06:00:00,2,75.0,High,81.67,60.67,80.0,ECMWF,"Low regional RMSE supports ECMWF dominance, while the 48-hour forecast horizon maintains stable predictability."
Delhi,2026-10-04 07:00:00,2,76.8,High,81.67,66.46,80.0,ECMWF,"Low regional RMSE supports ECMWF dominance, while the 48-hour forecast horizon maintains stable predictability."
Delhi,2026-10-04 08:00:00,2,78.7,High,81.67,72.94,80.0,ECMWF,"Low regional RMSE supports ECMWF dominance, while the 48-hour forecast horizon maintains stable predictability."
Delhi,2026-10-04 09:00:00,2,78.2,High,81.67,71.22,80.0,ECMWF,"Low regional RMSE supports ECMWF dominance, while the 48-hour forecast horizon maintains stable predictability."
Delhi,2026-10-04 10:00:00,2,77.2,High,81.67,67.99,80.0,ECMWF,"Low regional RMSE supports ECMWF dominance, while the 48-hour forecast horizon maintains stable predictability."
Delhi,2026-10-04 11:00:00,2,77.2,High,81.67,67.81,80.0,ECMWF,"Low regional RMSE supports ECMWF dominance, while the 48-hour forecast horizon maintains stable predictability."
Delhi,2026-10-04 12:00:00,2,77.4,High,81.67,68.43,80.0,ECMWF,"Low regional RMSE supports ECMWF dominance, while the 48-hour forecast horizon maintains stable predictability."
Delhi,2026-10-04 13:00:00,2,77.4,High,81.67,68.52,80.0,ECMWF,"Low regional RMSE supports ECMWF dominance, while the 48-hour forecast horizon maintains stable predictability."
Delhi,2026-10-04 14:00:00,2,78.1,High,81.67,71.02,80.0,ECMWF,"Low regional RMSE supports ECMWF dominance, while the 48-hour forecast horizon maintains stable predictability."
Delhi,2026-10-04 15:00:00,2,78.4,High,81.67,72.03,80.0,ECMWF,"Low regional RMSE supports ECMWF dominance, while the 48-hour forecast horizon maintains stable predictability."
Delhi,2026-10-04 16:00:00,2,77.1,High,81.67,67.63,80.0,ECMWF,"Low regional RMSE supports ECMWF dominance, while the 48-hour forecast horizon maintains stable predictability."
Delhi,2026-10-04 17:00:00,2,76.3,High,81.67,64.74,80.0,ECMWF,"Low regional RMSE supports ECMWF dominance, while the 48-hour forecast horizon maintains stable predictability."
Delhi,2026-10-04 18:00:00,2,75.8,High,81.67,63.15,80.0,ECMWF,"Low regional RMSE supports ECMWF dominance, while the 48-hour forecast horizon maintains stable predictability."
Delhi,2026-10-04 19:00:00,2,75.3,High,81.67,61.47,80.0,ECMWF,"Low regional RMSE supports ECMWF dominance, while the 48-hour forecast horizon maintains stable predictability."
Delhi,2026-10-04 20:00:00,2,74.5,High,81.67,58.74,80.0,ECMWF,"Low regional RMSE supports ECMWF dominance, while the 48-hour forecast horizon maintains stable predictability."
Delhi,2026-10-04 21:00:00,2,74.5,High,81.67,58.81,80.0,ECMWF,"Low regional RMSE supports ECMWF dominance, while the 48-hour forecast horizon maintains stable predictability."
Delhi,2026-10-04 22:00:00,2,74.6,High,81.67,59.16,80.0,ECMWF,"Low regional RMSE supports ECMWF dominance, while the 48-hour forecast horizon maintains stable predictability."
Delhi,2026-10-04 23:00:00,2,74.8,High,81.67,59.99,80.0,ECMWF,"Low regional RMSE supports ECMWF dominance, while the 48-hour forecast horizon maintains stable predictability."
Delhi,2026-10-05 00:00:00,3,70.6,Medium,81.41,59.65,60.0,ECMWF,Models show moderate disagreement and the forecast lead time reduces reliability.
Delhi,2026-10-05 01:00:00,3,71.3,Medium,81.41,61.85,60.0,ECMWF,Models show moderate disagreement and the forecast lead time reduces reliability.
Delhi,2026-10-05 02:00:00,3,72.7,Medium,81.41,66.68,60.0,ECMWF,Models show moderate disagreement and the forecast lead time reduces reliability.
Delhi,2026-10-05 03:00:00,3,72.0,Medium,81.41,64.28,60.0,ECMWF,Models show moderate disagreement and the forecast lead time reduces reliability.
Delhi,2026-10-05 04:00:00,3,70.2,Medium,81.41,58.41,60.0,ECMWF,Models show moderate disagreement and the forecast lead time reduces reliability.
Delhi,2026-10-05 05:00:00,3,69.9,Medium,81.41,57.37,60.0,ECMWF,Models show moderate disagreement and the forecast lead time reduces reliability.
Delhi,2026-10-05 06:00:00,3,70.7,Medium,81.41,60.07,60.0,ECMWF,Models show moderate disagreement and the forecast lead time reduces reliability.
Delhi,2026-10-05 07:00:00,3,72.5,Medium,81.41,66.02,60.0,ECMWF,Models show moderate disagreement and the forecast lead time reduces reliability.
Delhi,2026-10-05 08:00:00,3,73.0,Medium,81.41,67.6,60.0,ECMWF,Models show moderate disagreement and the forecast lead time reduces reliability.
Delhi,2026-10-05 09:00:00,3,73.2,Medium,81.41,68.31,60.0,ECMWF,Models show moderate disagreement and the forecast lead time reduces reliability.
Delhi,2026-10-05 10:00:00,3,73.7,Medium,81.41,70.03,60.0,ECMWF,Models show moderate disagreement and the forecast lead time reduces reliability.
Delhi,2026-10-05 11:00:00,3,73.9,Medium,81.41,70.67,60.0,ECMWF,Models show moderate disagreement and the forecast lead time reduces reliability.
Delhi,2026-10-05 12:00:00,3,74.0,Medium,81.41,71.04,60.0,ECMWF,Models show moderate disagreement and the forecast lead time reduces reliability.
Delhi,2026-10-05 13:00:00,3,72.9,Medium,81.41,67.22,60.0,ECMWF,Models show moderate disagreement and the forecast lead time reduces reliability.
Delhi,2026-10-05 14:00:00,3,71.9,Medium,81.41,63.83,60.0,ECMWF,Models show moderate disagreement and the forecast lead time reduces reliability.
Delhi,2026-10-05 15:00:00,3,71.5,Medium,81.41,62.62,60.0,ECMWF,Models show moderate disagreement and the forecast lead time reduces reliability.
Delhi,2026-10-05 16:00:00,3,72.2,Medium,81.41,64.86,60.0,ECMWF,Models show moderate disagreement and the forecast lead time reduces reliability.
Delhi,2026-10-05 17:00:00,3,73.9,Medium,81.41,70.69,60.0,ECMWF,Models show moderate disagreement and the forecast lead time reduces reliability.
Delhi,2026-10-05 18:00:00,3,72.0,Medium,81.41,64.23,60.0,ECMWF,Models show moderate disagreement and the forecast lead time reduces reliability.
Delhi,2026-10-05 19:00:00,3,71.3,Medium,81.41,62.05,60.0,ECMWF,Models show moderate disagreement and the forecast lead time reduces reliability.
Delhi,2026-10-05 20:00:00,3,71.2,Medium,81.41,61.5,60.0,ECMWF,Models show moderate disagreement and the forecast lead time reduces reliability.
Delhi,2026-10-05 21:00:00,3,71.6,Medium,81.41,62.84,60.0,ECMWF,Models show moderate disagreement and the forecast lead time reduces reliability.
Delhi,2026-10-05 22:00:00,3,72.1,Medium,81.41,64.52,60.0,ECMWF,Models show moderate disagreement and the forecast lead time reduces reliability.
Delhi,2026-10-05 23:00:00,3,72.5,Medium,81.41,66.11,60.0,ECMWF,Models show moderate disagreement and the forecast lead time reduces reliability.
Ghaziabad,2026-10-03 00:00:00,1,86.0,High,86.29,76.12,100.0,ECMWF,"ECMWF leads with strong short-range skill, with minor model spread in local precipitation."
Ghaziabad,2026-10-03 01:00:00,1,84.5,High,86.29,71.28,100.0,ECMWF,"ECMWF leads with strong short-range skill, with minor model spread in local precipitation."
Ghaziabad,2026-10-03 02:00:00,1,84.1,High,86.29,69.71,100.0,ECMWF,"ECMWF leads with strong short-range skill, with minor model spread in local precipitation."
Ghaziabad,2026-10-03 03:00:00,1,84.5,High,86.29,71.26,100.0,ECMWF,"ECMWF leads with strong short-range skill, with minor model spread in local precipitation."
Ghaziabad,2026-10-03 04:00:00,1,84.3,High,86.29,70.64,100.0,ECMWF,"ECMWF leads with strong short-range skill, with minor model spread in local precipitation."
Ghaziabad,2026-10-03 05:00:00,1,85.3,High,86.29,73.86,100.0,ECMWF,"ECMWF leads with strong short-range skill, with minor model spread in local precipitation."
Ghaziabad,2026-10-03 06:00:00,1,86.1,High,86.29,76.47,100.0,ECMWF,"ECMWF leads with strong short-range skill, with minor model spread in local precipitation."
Ghaziabad,2026-10-03 07:00:00,1,84.1,High,86.29,69.98,100.0,ECMWF,"ECMWF leads with strong short-range skill, with minor model spread in local precipitation."
Ghaziabad,2026-10-03 08:00:00,1,86.3,High,86.29,77.17,100.0,ECMWF,"ECMWF leads with strong short-range skill, with minor model spread in local precipitation."
Ghaziabad,2026-10-03 09:00:00,1,86.7,High,86.29,78.48,100.0,ECMWF,"ECMWF leads with strong short-range skill, with minor model spread in local precipitation."
Ghaziabad,2026-10-03 10:00:00,1,87.2,High,86.29,80.2,100.0,ECMWF,"ECMWF and ensemble members agree closely, while RMSE remains low for this region."
Ghaziabad,2026-10-03 11:00:00,1,88.1,High,86.29,83.31,100.0,ECMWF,"ECMWF and ensemble members agree closely, while RMSE remains low for this region."
Ghaziabad,2026-10-03 12:00:00,1,88.0,High,86.29,82.83,100.0,ECMWF,"ECMWF and ensemble members agree closely, while RMSE remains low for this region."
Ghaziabad,2026-10-03 13:00:00,1,86.7,High,86.29,78.46,100.0,ECMWF,"ECMWF leads with strong short-range skill, with minor model spread in local precipitation."
Ghaziabad,2026-10-03 14:00:00,1,84.9,High,86.29,72.51,100.0,ECMWF,"ECMWF leads with strong short-range skill, with minor model spread in local precipitation."
Ghaziabad,2026-10-03 15:00:00,1,83.3,High,86.29,67.14,100.0,ECMWF,"ECMWF leads with strong short-range skill, with minor model spread in local precipitation."
Ghaziabad,2026-10-03 16:00:00,1,82.2,High,86.29,63.4,100.0,ECMWF,"ECMWF leads with strong short-range skill, with minor model spread in local precipitation."
Ghaziabad,2026-10-03 17:00:00,1,82.7,High,86.29,65.16,100.0,ECMWF,"ECMWF leads with strong short-range skill, with minor model spread in local precipitation."
Ghaziabad,2026-10-03 18:00:00,1,82.8,High,86.29,65.63,100.0,ECMWF,"ECMWF leads with strong short-range skill, with minor model spread in local precipitation."
Ghaziabad,2026-10-03 19:00:00,1,83.1,High,86.29,66.63,100.0,ECMWF,"ECMWF leads with strong short-range skill, with minor model spread in local precipitation."
Ghaziabad,2026-10-03 20:00:00,1,82.6,High,86.29,64.8,100.0,ECMWF,"ECMWF leads with strong short-range skill, with minor model spread in local precipitation."
Ghaziabad,2026-10-03 21:00:00,1,82.1,High,86.29,63.11,100.0,ECMWF,"ECMWF leads with strong short-range skill, with minor model spread in local precipitation."
Ghaziabad,2026-10-03 22:00:00,1,82.4,High,86.29,64.32,100.0,ECMWF,"ECMWF leads with strong short-range skill, with minor model spread in local precipitation."
Ghaziabad,2026-10-03 23:00:00,1,83.7,High,86.29,68.44,100.0,ECMWF,"ECMWF leads with strong short-range skill, with minor model spread in local precipitation."
Ghaziabad,2026-10-04 00:00:00,2,75.6,High,79.17,66.58,80.0,ICON,"Low regional RMSE supports ICON dominance, while the 48-hour forecast horizon maintains stable predictability."
Ghaziabad,2026-10-04 01:00:00,2,76.2,High,79.17,68.7,80.0,ICON,"Low regional RMSE supports ICON dominance, while the 48-hour forecast horizon maintains stable predictability."
Ghaziabad,2026-10-04 02:00:00,2,77.7,High,79.17,73.61,80.0,ICON,"Low regional RMSE supports ICON dominance, while the 48-hour forecast horizon maintains stable predictability."
Ghaziabad,2026-10-04 03:00:00,2,78.4,High,79.17,76.18,80.0,ICON,"Low regional RMSE supports ICON dominance, while the 48-hour forecast horizon maintains stable predictability."
Ghaziabad,2026-10-04 04:00:00,2,78.6,High,79.17,76.68,80.0,ICON,"Low regional RMSE supports ICON dominance, while the 48-hour forecast horizon maintains stable predictability."
Ghaziabad,2026-10-04 05:00:00,2,78.3,High,79.17,75.81,80.0,ICON,"Low regional RMSE supports ICON dominance, while the 48-hour forecast horizon maintains stable predictability."
Ghaziabad,2026-10-04 06:00:00,2,78.8,High,79.17,77.24,80.0,ICON,"Low regional RMSE supports ICON dominance, while the 48-hour forecast horizon maintains stable predictability."
Ghaziabad,2026-10-04 07:00:00,2,79.9,High,79.17,81.06,80.0,ICON,"ICON and ensemble members agree closely, while RMSE remains low for this region."
Ghaziabad,2026-10-04 08:00:00,2,77.8,High,79.17,74.17,80.0,ICON,"Low regional RMSE supports ICON dominance, while the 48-hour forecast horizon maintains stable predictability."
Ghaziabad,2026-10-04 09:00:00,2,77.1,High,79.17,71.71,80.0,ICON,"Low regional RMSE supports ICON dominance, while the 48-hour forecast horizon maintains stable predictability."
Ghaziabad,2026-10-04 10:00:00,2,78.2,High,79.17,75.39,80.0,ICON,"Low regional RMSE supports ICON dominance, while the 48-hour forecast horizon maintains stable predictability."
Ghaziabad,2026-10-04 11:00:00,2,76.6,High,79.17,69.9,80.0,ICON,"Low regional RMSE supports ICON dominance, while the 48-hour forecast horizon maintains stable predictability."
Ghaziabad,2026-10-04 12:00:00,2,76.6,High,79.17,70.0,80.0,ICON,"Low regional RMSE supports ICON dominance, while the 48-hour forecast horizon maintains stable predictability."
Ghaziabad,2026-10-04 13:00:00,2,76.1,High,79.17,68.46,80.0,ICON,"Low regional RMSE supports ICON dominance, while the 48-hour forecast horizon maintains stable predictability."
Ghaziabad,2026-10-04 14:00:00,2,75.2,High,79.17,65.5,80.0,ICON,"Low regional RMSE supports ICON dominance, while the 48-hour forecast horizon maintains stable predictability."
Ghaziabad,2026-10-04 15:00:00,2,74.6,High,79.17,63.45,80.0,ICON,"Low regional RMSE supports ICON dominance, while the 48-hour forecast horizon maintains stable predictability."
Ghaziabad,2026-10-04 16:00:00,2,74.8,High,79.17,64.05,80.0,ICON,"Low regional RMSE supports ICON dominance, while the 48-hour forecast horizon maintains stable predictability."
Ghaziabad,2026-10-04 17:00:00,2,74.2,Medium,79.17,62.21,80.0,ICON,Inter-model spread indicates divergence between NWP forecasts despite ICON weighting.
Ghaziabad,2026-10-04 18:00:00,2,74.4,Medium,79.17,62.84,80.0,ICON,Inter-model spread indicates divergence between NWP forecasts despite ICON weighting.
Ghaziabad,2026-10-04 19:00:00,2,74.3,Medium,79.17,62.53,80.0,ICON,Inter-model spread indicates divergence between NWP forecasts despite ICON weighting.
Ghaziabad,2026-10-04 20:00:00,2,74.2,Medium,79.17,61.96,80.0,ICON,Inter-model spread indicates divergence between NWP forecasts despite ICON weighting.
Ghaziabad,2026-10-04 21:00:00,2,75.1,High,79.17,65.09,80.0,ICON,"Low regional RMSE supports ICON dominance, while the 48-hour forecast horizon maintains stable predictability."
Ghaziabad,2026-10-04 22:00:00,2,74.3,Medium,79.17,62.36,80.0,ICON,Inter-model spread indicates divergence between NWP forecasts despite ICON weighting.
Ghaziabad,2026-10-04 23:00:00,2,74.0,Medium,79.17,61.28,80.0,ICON,Inter-model spread indicates divergence between NWP forecasts despite ICON weighting.
Ghaziabad,2026-10-05 00:00:00,3,72.0,Medium,81.86,63.45,60.0,ECMWF,Models show moderate disagreement and the forecast lead time reduces reliability.
Ghaziabad,2026-10-05 01:00:00,3,73.2,Medium,81.86,67.48,60.0,ECMWF,Models show moderate disagreement and the forecast lead time reduces reliability.
Ghaziabad,2026-10-05 02:00:00,3,73.8,Medium,81.86,69.45,60.0,ECMWF,Models show moderate disagreement and the forecast lead time reduces reliability.
Ghaziabad,2026-10-05 03:00:00,3,75.3,High,81.86,74.56,60.0,ECMWF,"Low regional RMSE supports ECMWF dominance, while the extended Day 3 lead time maintains stable predictability."
Ghaziabad,2026-10-05 04:00:00,3,75.5,High,81.86,75.18,60.0,ECMWF,"Low regional RMSE supports ECMWF dominance, while the extended Day 3 lead time maintains stable predictability."
Ghaziabad,2026-10-05 05:00:00,3,75.1,High,81.86,73.85,60.0,ECMWF,"Low regional RMSE supports ECMWF dominance, while the extended Day 3 lead time maintains stable predictability."
Ghaziabad,2026-10-05 06:00:00,3,78.3,High,81.86,84.7,60.0,ECMWF,"ECMWF and ensemble members agree closely, while RMSE remains low for this region."
Ghaziabad,2026-10-05 07:00:00,3,75.3,High,81.86,74.57,60.0,ECMWF,"Low regional RMSE supports ECMWF dominance, while the extended Day 3 lead time maintains stable predictability."
Ghaziabad,2026-10-05 08:00:00,3,75.9,High,81.86,76.44,60.0,ECMWF,"Low regional RMSE supports ECMWF dominance, while the extended Day 3 lead time maintains stable predictability."
Ghaziabad,2026-10-05 09:00:00,3,76.1,High,81.86,77.38,60.0,ECMWF,"Low regional RMSE supports ECMWF dominance, while the extended Day 3 lead time maintains stable predictability."
Ghaziabad,2026-10-05 10:00:00,3,76.1,High,81.86,77.31,60.0,ECMWF,"Low regional RMSE supports ECMWF dominance, while the extended Day 3 lead time maintains stable predictability."
Ghaziabad,2026-10-05 11:00:00,3,75.8,High,81.86,76.18,60.0,ECMWF,"Low regional RMSE supports ECMWF dominance, while the extended Day 3 lead time maintains stable predictability."
Ghaziabad,2026-10-05 12:00:00,3,75.2,High,81.86,74.34,60.0,ECMWF,"Low regional RMSE supports ECMWF dominance, while the extended Day 3 lead time maintains stable predictability."
Ghaziabad,2026-10-05 13:00:00,3,73.5,Medium,81.86,68.65,60.0,ECMWF,Models show moderate disagreement and the forecast lead time reduces reliability.
Ghaziabad,2026-10-05 14:00:00,3,72.6,Medium,81.86,65.41,60.0,ECMWF,Models show moderate disagreement and the forecast lead time reduces reliability.
Ghaziabad,2026-10-05 15:00:00,3,71.6,Medium,81.86,62.22,60.0,ECMWF,Models show moderate disagreement and the forecast lead time reduces reliability.
Ghaziabad,2026-10-05 16:00:00,3,71.2,Medium,81.86,60.75,60.0,ECMWF,Models show moderate disagreement and the forecast lead time reduces reliability.
Ghaziabad,2026-10-05 17:00:00,3,70.9,Medium,81.86,59.94,60.0,ECMWF,Models show moderate disagreement and the forecast lead time reduces reliability.
Ghaziabad,2026-10-05 18:00:00,3,72.1,Medium,81.86,63.78,60.0,ECMWF,Models show moderate disagreement and the forecast lead time reduces reliability.
Ghaziabad,2026-10-05 19:00:00,3,72.1,Medium,81.86,63.74,60.0,ECMWF,Models show moderate disagreement and the forecast lead time reduces reliability.
Ghaziabad,2026-10-05 20:00:00,3,72.2,Medium,81.86,64.08,60.0,ECMWF,Models show moderate disagreement and the forecast lead time reduces reliability.
Ghaziabad,2026-10-05 21:00:00,3,72.3,Medium,81.86,64.55,60.0,ECMWF,Models show moderate disagreement and the forecast lead time reduces reliability.
Ghaziabad,2026-10-05 22:00:00,3,72.6,Medium,81.86,65.41,60.0,ECMWF,Models show moderate disagreement and the forecast lead time reduces reliability.
Ghaziabad,2026-10-05 23:00:00,3,72.0,Medium,81.86,63.71,60.0,ECMWF,Models show moderate disagreement and the forecast lead time reduces reliability.
Goa,2026-10-03 00:00:00,1,82.1,High,77.98,76.98,100.0,ICON,"ICON leads with strong short-range skill, with minor model spread in local precipitation."
Goa,2026-10-03 01:00:00,1,84.1,High,77.98,83.6,100.0,ICON,"ICON and ensemble members agree closely, while RMSE remains low for this region."
Goa,2026-10-03 02:00:00,1,83.6,High,77.98,81.96,100.0,ICON,"ICON and ensemble members agree closely, while RMSE remains low for this region."
Goa,2026-10-03 03:00:00,1,83.1,High,77.98,80.44,100.0,ICON,"ICON and ensemble members agree closely, while RMSE remains low for this region."
Goa,2026-10-03 04:00:00,1,82.8,High,77.98,79.21,100.0,ICON,"ICON leads with strong short-range skill, with minor model spread in local precipitation."
Goa,2026-10-03 05:00:00,1,82.4,High,77.98,78.02,100.0,ICON,"ICON leads with strong short-range skill, with minor model spread in local precipitation."
Goa,2026-10-03 06:00:00,1,82.2,High,77.98,77.31,100.0,ICON,"ICON leads with strong short-range skill, with minor model spread in local precipitation."
Goa,2026-10-03 07:00:00,1,82.1,High,77.98,76.97,100.0,ICON,"ICON leads with strong short-range skill, with minor model spread in local precipitation."
Goa,2026-10-03 08:00:00,1,82.9,High,77.98,79.7,100.0,ICON,"ICON leads with strong short-range skill, with minor model spread in local precipitation."
Goa,2026-10-03 09:00:00,1,83.5,High,77.98,81.83,100.0,ICON,"ICON and ensemble members agree closely, while RMSE remains low for this region."
Goa,2026-10-03 10:00:00,1,83.4,High,77.98,81.36,100.0,ICON,"ICON and ensemble members agree closely, while RMSE remains low for this region."
Goa,2026-10-03 11:00:00,1,84.8,High,77.98,86.0,100.0,ICON,"ICON and ensemble members agree closely, while RMSE remains low for this region."
Goa,2026-10-03 12:00:00,1,82.3,High,77.98,77.7,100.0,ICON,"ICON leads with strong short-range skill, with minor model spread in local precipitation."
Goa,2026-10-03 13:00:00,1,79.2,High,77.98,67.36,100.0,ICON,"ICON leads with strong short-range skill, with minor model spread in local precipitation."
Goa,2026-10-03 14:00:00,1,80.7,High,77.98,72.45,100.0,ICON,"ICON leads with strong short-range skill, with minor model spread in local precipitation."
Goa,2026-10-03 15:00:00,1,79.5,High,77.98,68.25,100.0,ICON,"ICON leads with strong short-range skill, with minor model spread in local precipitation."
Goa,2026-10-03 16:00:00,1,78.1,High,77.98,63.86,100.0,ICON,"ICON leads with strong short-range skill, with minor model spread in local precipitation."
Goa,2026-10-03 17:00:00,1,79.2,High,77.98,67.5,100.0,ICON,"ICON leads with strong short-range skill, with minor model spread in local precipitation."
Goa,2026-10-03 18:00:00,1,82.6,High,77.98,78.7,100.0,ICON,"ICON leads with strong short-range skill, with minor model spread in local precipitation."
Goa,2026-10-03 19:00:00,1,80.9,High,77.98,73.1,100.0,ICON,"ICON leads with strong short-range skill, with minor model spread in local precipitation."
Goa,2026-10-03 20:00:00,1,81.8,High,77.98,76.03,100.0,ICON,"ICON leads with strong short-range skill, with minor model spread in local precipitation."
Goa,2026-10-03 21:00:00,1,82.5,High,77.98,78.52,100.0,ICON,"ICON leads with strong short-range skill, with minor model spread in local precipitation."
Goa,2026-10-03 22:00:00,1,83.4,High,77.98,81.26,100.0,ICON,"ICON and ensemble members agree closely, while RMSE remains low for this region."
Goa,2026-10-03 23:00:00,1,84.3,High,77.98,84.27,100.0,ICON,"ICON and ensemble members agree closely, while RMSE remains low for this region."
Goa,2026-10-04 00:00:00,2,82.4,High,78.87,89.73,80.0,ICON,"ICON and ensemble members agree closely, while RMSE remains low for this region."
Goa,2026-10-04 01:00:00,2,82.5,High,78.87,90.18,80.0,ICON,"ICON and ensemble members agree closely, while RMSE remains low for this region."
Goa,2026-10-04 02:00:00,2,83.0,High,78.87,91.94,80.0,ICON,"ICON and ensemble members agree closely, while RMSE remains low for this region."
Goa,2026-10-04 03:00:00,2,83.1,High,78.87,92.26,80.0,ICON,"ICON and ensemble members agree closely, while RMSE remains low for this region."
Goa,2026-10-04 04:00:00,2,82.8,High,78.87,91.15,80.0,ICON,"ICON and ensemble members agree closely, while RMSE remains low for this region."
Goa,2026-10-04 05:00:00,2,81.6,High,78.87,87.2,80.0,ICON,"ICON and ensemble members agree closely, while RMSE remains low for this region."
Goa,2026-10-04 06:00:00,2,81.4,High,78.87,86.57,80.0,ICON,"ICON and ensemble members agree closely, while RMSE remains low for this region."
Goa,2026-10-04 07:00:00,2,83.6,High,78.87,93.94,80.0,ICON,"ICON and ensemble members agree closely, while RMSE remains low for this region."
Goa,2026-10-04 08:00:00,2,83.3,High,78.87,93.02,80.0,ICON,"ICON and ensemble members agree closely, while RMSE remains low for this region."
Goa,2026-10-04 09:00:00,2,82.1,High,78.87,88.82,80.0,ICON,"ICON and ensemble members agree closely, while RMSE remains low for this region."
Goa,2026-10-04 10:00:00,2,81.2,High,78.87,85.82,80.0,ICON,"ICON and ensemble members agree closely, while RMSE remains low for this region."
Goa,2026-10-04 11:00:00,2,80.2,High,78.87,82.61,80.0,ICON,"ICON and ensemble members agree closely, while RMSE remains low for this region."
Goa,2026-10-04 12:00:00,2,79.9,High,78.87,81.42,80.0,ICON,"ICON and ensemble members agree closely, while RMSE remains low for this region."
Goa,2026-10-04 13:00:00,2,76.0,High,78.87,68.53,80.0,ICON,"Low regional RMSE supports ICON dominance, while the 48-hour forecast horizon maintains stable predictability."
Goa,2026-10-04 14:00:00,2,75.7,High,78.87,67.39,80.0,ICON,"Low regional RMSE supports ICON dominance, while the 48-hour forecast horizon maintains stable predictability."
Goa,2026-10-04 15:00:00,2,75.6,High,78.87,67.07,80.0,ICON,"Low regional RMSE supports ICON dominance, while the 48-hour forecast horizon maintains stable predictability."
Goa,2026-10-04 16:00:00,2,74.8,High,78.87,64.7,80.0,ICON,"Low regional RMSE supports ICON dominance, while the 48-hour forecast horizon maintains stable predictability."
Goa,2026-10-04 17:00:00,2,78.6,High,78.87,77.24,80.0,ICON,"Low regional RMSE supports ICON dominance, while the 48-hour forecast horizon maintains stable predictability."
Goa,2026-10-04 18:00:00,2,78.4,High,78.87,76.68,80.0,ICON,"Low regional RMSE supports ICON dominance, while the 48-hour forecast horizon maintains stable predictability."
Goa,2026-10-04 19:00:00,2,80.6,High,78.87,83.87,80.0,ICON,"ICON and ensemble members agree closely, while RMSE remains low for this region."
Goa,2026-10-04 20:00:00,2,82.3,High,78.87,89.45,80.0,ICON,"ICON and ensemble members agree closely, while RMSE remains low for this region."
Goa,2026-10-04 21:00:00,2,82.2,High,78.87,89.35,80.0,ICON,"ICON and ensemble members agree closely, while RMSE remains low for this region."
Goa,2026-10-04 22:00:00,2,81.5,High,78.87,87.01,80.0,ICON,"ICON and ensemble members agree closely, while RMSE remains low for this region."
Goa,2026-10-04 23:00:00,2,81.3,High,78.87,86.11,80.0,ICON,"ICON and ensemble members agree closely, while RMSE remains low for this region."
Goa,2026-10-05 00:00:00,3,76.5,High,78.13,84.65,60.0,GFS,"GFS and ensemble members agree closely, while RMSE remains low for this region."
Goa,2026-10-05 01:00:00,3,76.7,High,78.13,85.46,60.0,GFS,"GFS and ensemble members agree closely, while RMSE remains low for this region."
Goa,2026-10-05 02:00:00,3,77.4,High,78.13,87.76,60.0,GFS,"GFS and ensemble members agree closely, while RMSE remains low for this region."
Goa,2026-10-05 03:00:00,3,77.2,High,78.13,86.95,60.0,GFS,"GFS and ensemble members agree closely, while RMSE remains low for this region."
Goa,2026-10-05 04:00:00,3,77.1,High,78.13,86.91,60.0,GFS,"GFS and ensemble members agree closely, while RMSE remains low for this region."
Goa,2026-10-05 05:00:00,3,79.0,High,78.13,93.24,60.0,GFS,"GFS and ensemble members agree closely, while RMSE remains low for this region."
Goa,2026-10-05 06:00:00,3,77.9,High,78.13,89.35,60.0,GFS,"GFS and ensemble members agree closely, while RMSE remains low for this region."
Goa,2026-10-05 07:00:00,3,77.1,High,78.13,86.65,60.0,GFS,"GFS and ensemble members agree closely, while RMSE remains low for this region."
Goa,2026-10-05 08:00:00,3,75.1,High,78.13,80.05,60.0,GFS,"GFS and ensemble members agree closely, while RMSE remains low for this region."
Goa,2026-10-05 09:00:00,3,74.0,Medium,78.13,76.49,60.0,GFS,Models show moderate disagreement and the forecast lead time reduces reliability.
Goa,2026-10-05 10:00:00,3,74.0,Medium,78.13,76.51,60.0,GFS,Models show moderate disagreement and the forecast lead time reduces reliability.
Goa,2026-10-05 11:00:00,3,73.2,Medium,78.13,73.67,60.0,GFS,Models show moderate disagreement and the forecast lead time reduces reliability.
Goa,2026-10-05 12:00:00,3,73.3,Medium,78.13,74.04,60.0,GFS,Models show moderate disagreement and the forecast lead time reduces reliability.
Goa,2026-10-05 13:00:00,3,71.0,Medium,78.13,66.38,60.0,GFS,Models show moderate disagreement and the forecast lead time reduces reliability.
Goa,2026-10-05 14:00:00,3,69.6,Medium,78.13,61.75,60.0,GFS,Models show moderate disagreement and the forecast lead time reduces reliability.
Goa,2026-10-05 15:00:00,3,68.9,Medium,78.13,59.54,60.0,GFS,Models show moderate disagreement and the forecast lead time reduces reliability.
Goa,2026-10-05 16:00:00,3,68.9,Medium,78.13,59.43,60.0,GFS,Models show moderate disagreement and the forecast lead time reduces reliability.
Goa,2026-10-05 17:00:00,3,70.0,Medium,78.13,63.0,60.0,GFS,Models show moderate disagreement and the forecast lead time reduces reliability.
Goa,2026-10-05 18:00:00,3,72.9,Medium,78.13,72.79,60.0,GFS,Models show moderate disagreement and the forecast lead time reduces reliability.
Goa,2026-10-05 19:00:00,3,75.7,High,78.13,82.25,60.0,GFS,"GFS and ensemble members agree closely, while RMSE remains low for this region."
Goa,2026-10-05 20:00:00,3,74.2,Medium,78.13,77.24,60.0,GFS,Models show moderate disagreement and the forecast lead time reduces reliability.
Goa,2026-10-05 21:00:00,3,74.8,High,78.13,79.2,60.0,GFS,"Low regional RMSE supports GFS dominance, while the extended Day 3 lead time maintains stable predictability."
Goa,2026-10-05 22:00:00,3,77.3,High,78.13,87.31,60.0,GFS,"GFS and ensemble members agree closely, while RMSE remains low for this region."
Goa,2026-10-05 23:00:00,3,78.8,High,78.13,92.39,60.0,GFS,"GFS and ensemble members agree closely, while RMSE remains low for this region."
Guwahati,2026-10-03 00:00:00,1,83.2,High,81.57,74.74,100.0,ECMWF,"ECMWF leads with strong short-range skill, with minor model spread in local precipitation."
Guwahati,2026-10-03 01:00:00,1,84.3,High,81.57,78.22,100.0,ECMWF,"ECMWF leads with strong short-range skill, with minor model spread in local precipitation."
Guwahati,2026-10-03 02:00:00,1,85.0,High,81.57,80.87,100.0,ECMWF,"ECMWF and ensemble members agree closely, while RMSE remains low for this region."
Guwahati,2026-10-03 03:00:00,1,86.6,High,81.57,85.98,100.0,ECMWF,"ECMWF and ensemble members agree closely, while RMSE remains low for this region."
Guwahati,2026-10-03 04:00:00,1,88.7,High,81.57,92.95,100.0,ECMWF,"ECMWF and ensemble members agree closely, while RMSE remains low for this region."
Guwahati,2026-10-03 05:00:00,1,86.5,High,81.57,85.66,100.0,ECMWF,"ECMWF and ensemble members agree closely, while RMSE remains low for this region."
Guwahati,2026-10-03 06:00:00,1,87.1,High,81.57,87.76,100.0,ECMWF,"ECMWF and ensemble members agree closely, while RMSE remains low for this region."
Guwahati,2026-10-03 07:00:00,1,85.0,High,81.57,80.69,100.0,ECMWF,"ECMWF and ensemble members agree closely, while RMSE remains low for this region."
Guwahati,2026-10-03 08:00:00,1,85.3,High,81.57,81.88,100.0,ECMWF,"ECMWF and ensemble members agree closely, while RMSE remains low for this region."
Guwahati,2026-10-03 09:00:00,1,86.1,High,81.57,84.39,100.0,ECMWF,"ECMWF and ensemble members agree closely, while RMSE remains low for this region."
Guwahati,2026-10-03 10:00:00,1,86.1,High,81.57,84.47,100.0,ECMWF,"ECMWF and ensemble members agree closely, while RMSE remains low for this region."
Guwahati,2026-10-03 11:00:00,1,84.7,High,81.57,79.78,100.0,ECMWF,"ECMWF leads with strong short-range skill, with minor model spread in local precipitation."
Guwahati,2026-10-03 12:00:00,1,84.4,High,81.57,78.58,100.0,ECMWF,"ECMWF leads with strong short-range skill, with minor model spread in local precipitation."
Guwahati,2026-10-03 13:00:00,1,84.5,High,81.57,79.1,100.0,ECMWF,"ECMWF leads with strong short-range skill, with minor model spread in local precipitation."
Guwahati,2026-10-03 14:00:00,1,84.4,High,81.57,78.63,100.0,ECMWF,"ECMWF leads with strong short-range skill, with minor model spread in local precipitation."
Guwahati,2026-10-03 15:00:00,1,84.9,High,81.57,80.54,100.0,ECMWF,"ECMWF and ensemble members agree closely, while RMSE remains low for this region."
Guwahati,2026-10-03 16:00:00,1,83.9,High,81.57,77.2,100.0,ECMWF,"ECMWF leads with strong short-range skill, with minor model spread in local precipitation."
Guwahati,2026-10-03 17:00:00,1,84.9,High,81.57,80.33,100.0,ECMWF,"ECMWF and ensemble members agree closely, while RMSE remains low for this region."
Guwahati,2026-10-03 18:00:00,1,86.3,High,81.57,84.97,100.0,ECMWF,"ECMWF and ensemble members agree closely, while RMSE remains low for this region."
Guwahati,2026-10-03 19:00:00,1,87.4,High,81.57,88.61,100.0,ECMWF,"ECMWF and ensemble members agree closely, while RMSE remains low for this region."
Guwahati,2026-10-03 20:00:00,1,87.7,High,81.57,89.69,100.0,ECMWF,"ECMWF and ensemble members agree closely, while RMSE remains low for this region."
Guwahati,2026-10-03 21:00:00,1,87.6,High,81.57,89.52,100.0,ECMWF,"ECMWF and ensemble members agree closely, while RMSE remains low for this region."
Guwahati,2026-10-03 22:00:00,1,87.6,High,81.57,89.41,100.0,ECMWF,"ECMWF and ensemble members agree closely, while RMSE remains low for this region."
Guwahati,2026-10-03 23:00:00,1,86.5,High,81.57,85.78,100.0,ECMWF,"ECMWF and ensemble members agree closely, while RMSE remains low for this region."
Guwahati,2026-10-04 00:00:00,2,80.8,High,78.61,85.01,80.0,ECMWF,"ECMWF and ensemble members agree closely, while RMSE remains low for this region."
Guwahati,2026-10-04 01:00:00,2,79.5,High,78.61,80.69,80.0,ECMWF,"ECMWF and ensemble members agree closely, while RMSE remains low for this region."
Guwahati,2026-10-04 02:00:00,2,83.1,High,78.61,92.69,80.0,ECMWF,"ECMWF and ensemble members agree closely, while RMSE remains low for this region."
Guwahati,2026-10-04 03:00:00,2,82.7,High,78.61,91.32,80.0,ECMWF,"ECMWF and ensemble members agree closely, while RMSE remains low for this region."
Guwahati,2026-10-04 04:00:00,2,82.3,High,78.61,89.88,80.0,ECMWF,"ECMWF and ensemble members agree closely, while RMSE remains low for this region."
Guwahati,2026-10-04 05:00:00,2,81.6,High,78.61,87.64,80.0,ECMWF,"ECMWF and ensemble members agree closely, while RMSE remains low for this region."
Guwahati,2026-10-04 06:00:00,2,84.0,High,78.61,95.62,80.0,ECMWF,"ECMWF and ensemble members agree closely, while RMSE remains low for this region."
Guwahati,2026-10-04 07:00:00,2,82.0,High,78.61,88.91,80.0,ECMWF,"ECMWF and ensemble members agree closely, while RMSE remains low for this region."
Guwahati,2026-10-04 08:00:00,2,80.1,High,78.61,82.54,80.0,ECMWF,"ECMWF and ensemble members agree closely, while RMSE remains low for this region."
Guwahati,2026-10-04 09:00:00,2,81.1,High,78.61,86.09,80.0,ECMWF,"ECMWF and ensemble members agree closely, while RMSE remains low for this region."
Guwahati,2026-10-04 10:00:00,2,77.1,High,78.61,72.77,80.0,ECMWF,"Low regional RMSE supports ECMWF dominance, while the 48-hour forecast horizon maintains stable predictability."
Guwahati,2026-10-04 11:00:00,2,76.2,High,78.61,69.62,80.0,ECMWF,"Low regional RMSE supports ECMWF dominance, while the 48-hour forecast horizon maintains stable predictability."
Guwahati,2026-10-04 12:00:00,2,76.5,High,78.61,70.56,80.0,ECMWF,"Low regional RMSE supports ECMWF dominance, while the 48-hour forecast horizon maintains stable predictability."
Guwahati,2026-10-04 13:00:00,2,77.5,High,78.61,73.82,80.0,ECMWF,"Low regional RMSE supports ECMWF dominance, while the 48-hour forecast horizon maintains stable predictability."
Guwahati,2026-10-04 14:00:00,2,78.5,High,78.61,77.3,80.0,ECMWF,"Low regional RMSE supports ECMWF dominance, while the 48-hour forecast horizon maintains stable predictability."
Guwahati,2026-10-04 15:00:00,2,80.5,High,78.61,84.11,80.0,ECMWF,"ECMWF and ensemble members agree closely, while RMSE remains low for this region."
Guwahati,2026-10-04 16:00:00,2,82.3,High,78.61,89.99,80.0,ECMWF,"ECMWF and ensemble members agree closely, while RMSE remains low for this region."
Guwahati,2026-10-04 17:00:00,2,80.8,High,78.61,85.08,80.0,ECMWF,"ECMWF and ensemble members agree closely, while RMSE remains low for this region."
Guwahati,2026-10-04 18:00:00,2,82.6,High,78.61,90.82,80.0,ECMWF,"ECMWF and ensemble members agree closely, while RMSE remains low for this region."
Guwahati,2026-10-04 19:00:00,2,82.1,High,78.61,89.27,80.0,ECMWF,"ECMWF and ensemble members agree closely, while RMSE remains low for this region."
Guwahati,2026-10-04 20:00:00,2,81.5,High,78.61,87.2,80.0,ECMWF,"ECMWF and ensemble members agree closely, while RMSE remains low for this region."
Guwahati,2026-10-04 21:00:00,2,84.0,High,78.61,95.63,80.0,ECMWF,"ECMWF and ensemble members agree closely, while RMSE remains low for this region."
Guwahati,2026-10-04 22:00:00,2,78.8,High,78.61,78.26,80.0,ECMWF,"Low regional RMSE supports ECMWF dominance, while the 48-hour forecast horizon maintains stable predictability."
Guwahati,2026-10-04 23:00:00,2,77.4,High,78.61,73.77,80.0,ECMWF,"Low regional RMSE supports ECMWF dominance, while the 48-hour forecast horizon maintains stable predictability."
Guwahati,2026-10-05 00:00:00,3,72.9,Medium,78.18,72.75,60.0,ECMWF,Models show moderate disagreement and the forecast lead time reduces reliability.
Guwahati,2026-10-05 01:00:00,3,74.4,Medium,78.18,77.57,60.0,ECMWF,Models show moderate disagreement and the forecast lead time reduces reliability.
Guwahati,2026-10-05 02:00:00,3,75.0,High,78.18,79.76,60.0,ECMWF,"Low regional RMSE supports ECMWF dominance, while the extended Day 3 lead time maintains stable predictability."
Guwahati,2026-10-05 03:00:00,3,78.8,High,78.18,92.4,60.0,ECMWF,"ECMWF and ensemble members agree closely, while RMSE remains low for this region."
Guwahati,2026-10-05 04:00:00,3,78.5,High,78.18,91.33,60.0,ECMWF,"ECMWF and ensemble members agree closely, while RMSE remains low for this region."
Guwahati,2026-10-05 05:00:00,3,75.2,High,78.18,80.22,60.0,ECMWF,"ECMWF and ensemble members agree closely, while RMSE remains low for this region."
Guwahati,2026-10-05 06:00:00,3,77.8,High,78.18,89.01,60.0,ECMWF,"ECMWF and ensemble members agree closely, while RMSE remains low for this region."
Guwahati,2026-10-05 07:00:00,3,75.9,High,78.18,82.69,60.0,ECMWF,"ECMWF and ensemble members agree closely, while RMSE remains low for this region."
Guwahati,2026-10-05 08:00:00,3,73.4,Medium,78.18,74.43,60.0,ECMWF,Models show moderate disagreement and the forecast lead time reduces reliability.
Guwahati,2026-10-05 09:00:00,3,72.2,Medium,78.18,70.41,60.0,ECMWF,Models show moderate disagreement and the forecast lead time reduces reliability.
Guwahati,2026-10-05 10:00:00,3,71.9,Medium,78.18,69.5,60.0,ECMWF,Models show moderate disagreement and the forecast lead time reduces reliability.
Guwahati,2026-10-05 11:00:00,3,71.7,Medium,78.18,68.77,60.0,ECMWF,Models show moderate disagreement and the forecast lead time reduces reliability.
Guwahati,2026-10-05 12:00:00,3,71.3,Medium,78.18,67.41,60.0,ECMWF,Models show moderate disagreement and the forecast lead time reduces reliability.
Guwahati,2026-10-05 13:00:00,3,71.1,Medium,78.18,66.77,60.0,ECMWF,Models show moderate disagreement and the forecast lead time reduces reliability.
Guwahati,2026-10-05 14:00:00,3,72.9,Medium,78.18,72.71,60.0,ECMWF,Models show moderate disagreement and the forecast lead time reduces reliability.
Guwahati,2026-10-05 15:00:00,3,76.5,High,78.18,84.64,60.0,ECMWF,"ECMWF and ensemble members agree closely, while RMSE remains low for this region."
Guwahati,2026-10-05 16:00:00,3,78.4,High,78.18,91.02,60.0,ECMWF,"ECMWF and ensemble members agree closely, while RMSE remains low for this region."
Guwahati,2026-10-05 17:00:00,3,77.9,High,78.18,89.53,60.0,ECMWF,"ECMWF and ensemble members agree closely, while RMSE remains low for this region."
Guwahati,2026-10-05 18:00:00,3,76.4,High,78.18,84.41,60.0,ECMWF,"ECMWF and ensemble members agree closely, while RMSE remains low for this region."
Guwahati,2026-10-05 19:00:00,3,76.6,High,78.18,84.96,60.0,ECMWF,"ECMWF and ensemble members agree closely, while RMSE remains low for this region."
Guwahati,2026-10-05 20:00:00,3,74.2,Medium,78.18,77.2,60.0,ECMWF,Models show moderate disagreement and the forecast lead time reduces reliability.
Guwahati,2026-10-05 21:00:00,3,72.4,Medium,78.18,71.0,60.0,ECMWF,Models show moderate disagreement and the forecast lead time reduces reliability.
Guwahati,2026-10-05 22:00:00,3,72.2,Medium,78.18,70.46,60.0,ECMWF,Models show moderate disagreement and the forecast lead time reduces reliability.
Guwahati,2026-10-05 23:00:00,3,72.7,Medium,78.18,72.16,60.0,ECMWF,Models show moderate disagreement and the forecast lead time reduces reliability.
Hyderabad,2026-10-03 00:00:00,1,90.8,Very High,92.85,81.34,100.0,ICON,"ICON has the highest historical skill, model agreement is strong, and this is a short-range forecast."
Hyderabad,2026-10-03 01:00:00,1,89.9,Very High,92.85,78.21,100.0,ICON,"ICON exhibits outstanding regional skill, maintaining very high blend reliability for this short-range forecast."
Hyderabad,2026-10-03 02:00:00,1,89.4,High,92.85,76.66,100.0,ICON,"ICON leads with strong short-range skill, with minor model spread in local precipitation."
Hyderabad,2026-10-03 03:00:00,1,89.6,Very High,92.85,77.14,100.0,ICON,"ICON exhibits outstanding regional skill, maintaining very high blend reliability for this short-range forecast."
Hyderabad,2026-10-03 04:00:00,1,90.6,Very High,92.85,80.52,100.0,ICON,"ICON has the highest historical skill, model agreement is strong, and this is a short-range forecast."
Hyderabad,2026-10-03 05:00:00,1,89.7,Very High,92.85,77.56,100.0,ICON,"ICON exhibits outstanding regional skill, maintaining very high blend reliability for this short-range forecast."
Hyderabad,2026-10-03 06:00:00,1,89.1,High,92.85,75.55,100.0,ICON,"ICON leads with strong short-range skill, with minor model spread in local precipitation."
Hyderabad,2026-10-03 07:00:00,1,88.7,High,92.85,74.1,100.0,ICON,"ICON leads with strong short-range skill, with minor model spread in local precipitation."
Hyderabad,2026-10-03 08:00:00,1,89.9,Very High,92.85,78.21,100.0,ICON,"ICON exhibits outstanding regional skill, maintaining very high blend reliability for this short-range forecast."
Hyderabad,2026-10-03 09:00:00,1,90.0,Very High,92.85,78.42,100.0,ICON,"ICON exhibits outstanding regional skill, maintaining very high blend reliability for this short-range forecast."
Hyderabad,2026-10-03 10:00:00,1,91.1,Very High,92.85,82.14,100.0,ICON,"ICON has the highest historical skill, model agreement is strong, and this is a short-range forecast."
Hyderabad,2026-10-03 11:00:00,1,93.4,Very High,92.85,90.05,100.0,ICON,"ICON has the highest historical skill, model agreement is strong, and this is a short-range forecast."
Hyderabad,2026-10-03 12:00:00,1,94.4,Very High,92.85,93.37,100.0,ICON,"ICON has the highest historical skill, model agreement is strong, and this is a short-range forecast."
Hyderabad,2026-10-03 13:00:00,1,93.2,Very High,92.85,89.24,100.0,ICON,"ICON has the highest historical skill, model agreement is strong, and this is a short-range forecast."
Hyderabad,2026-10-03 14:00:00,1,92.5,Very High,92.85,87.0,100.0,ICON,"ICON has the highest historical skill, model agreement is strong, and this is a short-range forecast."
Hyderabad,2026-10-03 15:00:00,1,91.9,Very High,92.85,84.84,100.0,ICON,"ICON has the highest historical skill, model agreement is strong, and this is a short-range forecast."
Hyderabad,2026-10-03 16:00:00,1,91.6,Very High,92.85,83.94,100.0,ICON,"ICON has the highest historical skill, model agreement is strong, and this is a short-range forecast."
Hyderabad,2026-10-03 17:00:00,1,89.0,High,92.85,75.09,100.0,ICON,"ICON leads with strong short-range skill, with minor model spread in local precipitation."
Hyderabad,2026-10-03 18:00:00,1,87.9,High,92.85,71.55,100.0,ICON,"ICON leads with strong short-range skill, with minor model spread in local precipitation."
Hyderabad,2026-10-03 19:00:00,1,89.4,High,92.85,76.72,100.0,ICON,"ICON leads with strong short-range skill, with minor model spread in local precipitation."
Hyderabad,2026-10-03 20:00:00,1,89.8,Very High,92.85,77.98,100.0,ICON,"ICON exhibits outstanding regional skill, maintaining very high blend reliability for this short-range forecast."
Hyderabad,2026-10-03 21:00:00,1,89.4,High,92.85,76.55,100.0,ICON,"ICON leads with strong short-range skill, with minor model spread in local precipitation."
Hyderabad,2026-10-03 22:00:00,1,89.1,High,92.85,75.51,100.0,ICON,"ICON leads with strong short-range skill, with minor model spread in local precipitation."
Hyderabad,2026-10-03 23:00:00,1,90.6,Very High,92.85,80.73,100.0,ICON,"ICON has the highest historical skill, model agreement is strong, and this is a short-range forecast."
Hyderabad,2026-10-04 00:00:00,2,86.5,High,91.22,82.95,80.0,ICON,"ICON and ensemble members agree closely, while RMSE remains low for this region."
Hyderabad,2026-10-04 01:00:00,2,86.5,High,91.22,83.02,80.0,ICON,"ICON and ensemble members agree closely, while RMSE remains low for this region."
Hyderabad,2026-10-04 02:00:00,2,87.7,High,91.22,87.01,80.0,ICON,"ICON and ensemble members agree closely, while RMSE remains low for this region."
Hyderabad,2026-10-04 03:00:00,2,87.8,High,91.22,87.44,80.0,ICON,"ICON and ensemble members agree closely, while RMSE remains low for this region."
Hyderabad,2026-10-04 04:00:00,2,86.9,High,91.22,84.32,80.0,ICON,"ICON and ensemble members agree closely, while RMSE remains low for this region."
Hyderabad,2026-10-04 05:00:00,2,86.3,High,91.22,82.14,80.0,ICON,"ICON and ensemble members agree closely, while RMSE remains low for this region."
Hyderabad,2026-10-04 06:00:00,2,86.0,High,91.22,81.25,80.0,ICON,"ICON and ensemble members agree closely, while RMSE remains low for this region."
Hyderabad,2026-10-04 07:00:00,2,84.6,High,91.22,76.73,80.0,ICON,"Low regional RMSE supports ICON dominance, while the 48-hour forecast horizon maintains stable predictability."
Hyderabad,2026-10-04 08:00:00,2,85.2,High,91.22,78.72,80.0,ICON,"Low regional RMSE supports ICON dominance, while the 48-hour forecast horizon maintains stable predictability."
Hyderabad,2026-10-04 09:00:00,2,84.6,High,91.22,76.77,80.0,ICON,"Low regional RMSE supports ICON dominance, while the 48-hour forecast horizon maintains stable predictability."
Hyderabad,2026-10-04 10:00:00,2,85.8,High,91.22,80.51,80.0,ICON,"ICON and ensemble members agree closely, while RMSE remains low for this region."
Hyderabad,2026-10-04 11:00:00,2,87.1,High,91.22,84.92,80.0,ICON,"ICON and ensemble members agree closely, while RMSE remains low for this region."
Hyderabad,2026-10-04 12:00:00,2,87.1,High,91.22,85.09,80.0,ICON,"ICON and ensemble members agree closely, while RMSE remains low for this region."
Hyderabad,2026-10-04 13:00:00,2,85.5,High,91.22,79.69,80.0,ICON,"Low regional RMSE supports ICON dominance, while the 48-hour forecast horizon maintains stable predictability."
Hyderabad,2026-10-04 14:00:00,2,84.1,High,91.22,74.94,80.0,ICON,"Low regional RMSE supports ICON dominance, while the 48-hour forecast horizon maintains stable predictability."
Hyderabad,2026-10-04 15:00:00,2,83.3,High,91.22,72.4,80.0,ICON,"Low regional RMSE supports ICON dominance, while the 48-hour forecast horizon maintains stable predictability."
Hyderabad,2026-10-04 16:00:00,2,83.3,High,91.22,72.3,80.0,ICON,"Low regional RMSE supports ICON dominance, while the 48-hour forecast horizon maintains stable predictability."
Hyderabad,2026-10-04 17:00:00,2,84.6,High,91.22,76.73,80.0,ICON,"Low regional RMSE supports ICON dominance, while the 48-hour forecast horizon maintains stable predictability."
Hyderabad,2026-10-04 18:00:00,2,85.4,High,91.22,79.14,80.0,ICON,"Low regional RMSE supports ICON dominance, while the 48-hour forecast horizon maintains stable predictability."
Hyderabad,2026-10-04 19:00:00,2,86.7,High,91.22,83.62,80.0,ICON,"ICON and ensemble members agree closely, while RMSE remains low for this region."
Hyderabad,2026-10-04 20:00:00,2,88.0,High,91.22,87.91,80.0,ICON,"ICON and ensemble members agree closely, while RMSE remains low for this region."
Hyderabad,2026-10-04 21:00:00,2,85.7,High,91.22,80.23,80.0,ICON,"ICON and ensemble members agree closely, while RMSE remains low for this region."
Hyderabad,2026-10-04 22:00:00,2,85.3,High,91.22,78.9,80.0,ICON,"Low regional RMSE supports ICON dominance, while the 48-hour forecast horizon maintains stable predictability."
Hyderabad,2026-10-04 23:00:00,2,85.1,High,91.22,78.17,80.0,ICON,"Low regional RMSE supports ICON dominance, while the 48-hour forecast horizon maintains stable predictability."
Hyderabad,2026-10-05 00:00:00,3,79.9,High,89.74,76.63,60.0,ICON,"Low regional RMSE supports ICON dominance, while the extended Day 3 lead time maintains stable predictability."
Hyderabad,2026-10-05 01:00:00,3,80.9,High,89.74,80.11,60.0,ICON,"ICON and ensemble members agree closely, while RMSE remains low for this region."
Hyderabad,2026-10-05 02:00:00,3,81.9,High,89.74,83.3,60.0,ICON,"ICON and ensemble members agree closely, while RMSE remains low for this region."
Hyderabad,2026-10-05 03:00:00,3,83.2,High,89.74,87.79,60.0,ICON,"ICON and ensemble members agree closely, while RMSE remains low for this region."
Hyderabad,2026-10-05 04:00:00,3,82.9,High,89.74,86.7,60.0,ICON,"ICON and ensemble members agree closely, while RMSE remains low for this region."
Hyderabad,2026-10-05 05:00:00,3,81.5,High,89.74,82.14,60.0,ICON,"ICON and ensemble members agree closely, while RMSE remains low for this region."
Hyderabad,2026-10-05 06:00:00,3,81.0,High,89.74,80.49,60.0,ICON,"ICON and ensemble members agree closely, while RMSE remains low for this region."
Hyderabad,2026-10-05 07:00:00,3,81.7,High,89.74,82.66,60.0,ICON,"ICON and ensemble members agree closely, while RMSE remains low for this region."
Hyderabad,2026-10-05 08:00:00,3,83.2,High,89.74,87.72,60.0,ICON,"ICON and ensemble members agree closely, while RMSE remains low for this region."
Hyderabad,2026-10-05 09:00:00,3,82.7,High,89.74,86.01,60.0,ICON,"ICON and ensemble members agree closely, while RMSE remains low for this region."
Hyderabad,2026-10-05 10:00:00,3,83.2,High,89.74,87.76,60.0,ICON,"ICON and ensemble members agree closely, while RMSE remains low for this region."
Hyderabad,2026-10-05 11:00:00,3,83.8,High,89.74,89.89,60.0,ICON,"ICON and ensemble members agree closely, while RMSE remains low for this region."
Hyderabad,2026-10-05 12:00:00,3,82.7,High,89.74,86.17,60.0,ICON,"ICON and ensemble members agree closely, while RMSE remains low for this region."
Hyderabad,2026-10-05 13:00:00,3,81.1,High,89.74,80.78,60.0,ICON,"ICON and ensemble members agree closely, while RMSE remains low for this region."
Hyderabad,2026-10-05 14:00:00,3,78.6,High,89.74,72.59,60.0,ICON,"Low regional RMSE supports ICON dominance, while the extended Day 3 lead time maintains stable predictability."
Hyderabad,2026-10-05 15:00:00,3,75.6,High,89.74,62.34,60.0,ICON,"Low regional RMSE supports ICON dominance, while the extended Day 3 lead time maintains stable predictability."
Hyderabad,2026-10-05 16:00:00,3,76.4,High,89.74,65.11,60.0,ICON,"Low regional RMSE supports ICON dominance, while the extended Day 3 lead time maintains stable predictability."
Hyderabad,2026-10-05 17:00:00,3,73.0,Medium,89.74,53.71,60.0,ICON,Models show moderate disagreement and the forecast lead time reduces reliability.
Hyderabad,2026-10-05 18:00:00,3,75.2,High,89.74,60.97,60.0,ICON,"Low regional RMSE supports ICON dominance, while the extended Day 3 lead time maintains stable predictability."
Hyderabad,2026-10-05 19:00:00,3,75.9,High,89.74,63.45,60.0,ICON,"Low regional RMSE supports ICON dominance, while the extended Day 3 lead time maintains stable predictability."
Hyderabad,2026-10-05 20:00:00,3,76.8,High,89.74,66.39,60.0,ICON,"Low regional RMSE supports ICON dominance, while the extended Day 3 lead time maintains stable predictability."
Hyderabad,2026-10-05 21:00:00,3,77.3,High,89.74,68.17,60.0,ICON,"Low regional RMSE supports ICON dominance, while the extended Day 3 lead time maintains stable predictability."
Hyderabad,2026-10-05 22:00:00,3,77.6,High,89.74,69.18,60.0,ICON,"Low regional RMSE supports ICON dominance, while the extended Day 3 lead time maintains stable predictability."
Hyderabad,2026-10-05 23:00:00,3,78.0,High,89.74,70.28,60.0,ICON,"Low regional RMSE supports ICON dominance, while the extended Day 3 lead time maintains stable predictability."
Imphal,2026-10-03 00:00:00,1,89.9,Very High,94.23,76.11,100.0,ECMWF,"ECMWF exhibits outstanding regional skill, maintaining very high blend reliability for this short-range forecast."
Imphal,2026-10-03 01:00:00,1,91.8,Very High,94.23,82.19,100.0,ECMWF,"ECMWF has the highest historical skill, model agreement is strong, and this is a short-range forecast."
Imphal,2026-10-03 02:00:00,1,91.4,Very High,94.23,80.84,100.0,ECMWF,"ECMWF has the highest historical skill, model agreement is strong, and this is a short-range forecast."
Imphal,2026-10-03 03:00:00,1,91.1,Very High,94.23,79.91,100.0,ECMWF,"ECMWF exhibits outstanding regional skill, maintaining very high blend reliability for this short-range forecast."
Imphal,2026-10-03 04:00:00,1,90.0,Very High,94.23,76.43,100.0,ECMWF,"ECMWF exhibits outstanding regional skill, maintaining very high blend reliability for this short-range forecast."
Imphal,2026-10-03 05:00:00,1,89.9,Very High,94.23,75.95,100.0,ECMWF,"ECMWF exhibits outstanding regional skill, maintaining very high blend reliability for this short-range forecast."
Imphal,2026-10-03 06:00:00,1,90.7,Very High,94.23,78.64,100.0,ECMWF,"ECMWF exhibits outstanding regional skill, maintaining very high blend reliability for this short-range forecast."
Imphal,2026-10-03 07:00:00,1,90.8,Very High,94.23,78.9,100.0,ECMWF,"ECMWF exhibits outstanding regional skill, maintaining very high blend reliability for this short-range forecast."
Imphal,2026-10-03 08:00:00,1,92.1,Very High,94.23,83.13,100.0,ECMWF,"ECMWF has the highest historical skill, model agreement is strong, and this is a short-range forecast."
Imphal,2026-10-03 09:00:00,1,94.3,Very High,94.23,90.54,100.0,ECMWF,"ECMWF has the highest historical skill, model agreement is strong, and this is a short-range forecast."
Imphal,2026-10-03 10:00:00,1,92.8,Very High,94.23,85.61,100.0,ECMWF,"ECMWF has the highest historical skill, model agreement is strong, and this is a short-range forecast."
Imphal,2026-10-03 11:00:00,1,94.3,Very High,94.23,90.67,100.0,ECMWF,"ECMWF has the highest historical skill, model agreement is strong, and this is a short-range forecast."
Imphal,2026-10-03 12:00:00,1,92.6,Very High,94.23,85.0,100.0,ECMWF,"ECMWF has the highest historical skill, model agreement is strong, and this is a short-range forecast."
Imphal,2026-10-03 13:00:00,1,92.1,Very High,94.23,83.28,100.0,ECMWF,"ECMWF has the highest historical skill, model agreement is strong, and this is a short-range forecast."
Imphal,2026-10-03 14:00:00,1,93.6,Very High,94.23,88.28,100.0,ECMWF,"ECMWF has the highest historical skill, model agreement is strong, and this is a short-range forecast."
Imphal,2026-10-03 15:00:00,1,92.0,Very High,94.23,83.04,100.0,ECMWF,"ECMWF has the highest historical skill, model agreement is strong, and this is a short-range forecast."
Imphal,2026-10-03 16:00:00,1,91.8,Very High,94.23,82.34,100.0,ECMWF,"ECMWF has the highest historical skill, model agreement is strong, and this is a short-range forecast."
Imphal,2026-10-03 17:00:00,1,92.6,Very High,94.23,84.87,100.0,ECMWF,"ECMWF has the highest historical skill, model agreement is strong, and this is a short-range forecast."
Imphal,2026-10-03 18:00:00,1,91.9,Very High,94.23,82.51,100.0,ECMWF,"ECMWF has the highest historical skill, model agreement is strong, and this is a short-range forecast."
Imphal,2026-10-03 19:00:00,1,91.4,Very High,94.23,81.06,100.0,ECMWF,"ECMWF has the highest historical skill, model agreement is strong, and this is a short-range forecast."
Imphal,2026-10-03 20:00:00,1,92.8,Very High,94.23,85.52,100.0,ECMWF,"ECMWF has the highest historical skill, model agreement is strong, and this is a short-range forecast."
Imphal,2026-10-03 21:00:00,1,92.4,Very High,94.23,84.23,100.0,ECMWF,"ECMWF has the highest historical skill, model agreement is strong, and this is a short-range forecast."
Imphal,2026-10-03 22:00:00,1,92.9,Very High,94.23,86.1,100.0,ECMWF,"ECMWF has the highest historical skill, model agreement is strong, and this is a short-range forecast."
Imphal,2026-10-03 23:00:00,1,93.9,Very High,94.23,89.43,100.0,ECMWF,"ECMWF has the highest historical skill, model agreement is strong, and this is a short-range forecast."
Imphal,2026-10-04 00:00:00,2,86.5,High,89.58,85.73,80.0,ECMWF,"ECMWF and ensemble members agree closely, while RMSE remains low for this region."
Imphal,2026-10-04 01:00:00,2,86.1,High,89.58,84.46,80.0,ECMWF,"ECMWF and ensemble members agree closely, while RMSE remains low for this region."
Imphal,2026-10-04 02:00:00,2,85.8,High,89.58,83.2,80.0,ECMWF,"ECMWF and ensemble members agree closely, while RMSE remains low for this region."
Imphal,2026-10-04 03:00:00,2,86.3,High,89.58,85.01,80.0,ECMWF,"ECMWF and ensemble members agree closely, while RMSE remains low for this region."
Imphal,2026-10-04 04:00:00,2,86.5,High,89.58,85.59,80.0,ECMWF,"ECMWF and ensemble members agree closely, while RMSE remains low for this region."
Imphal,2026-10-04 05:00:00,2,86.4,High,89.58,85.26,80.0,ECMWF,"ECMWF and ensemble members agree closely, while RMSE remains low for this region."
Imphal,2026-10-04 06:00:00,2,87.1,High,89.58,87.84,80.0,ECMWF,"ECMWF and ensemble members agree closely, while RMSE remains low for this region."
Imphal,2026-10-04 07:00:00,2,89.1,High,89.58,94.29,80.0,ECMWF,"ECMWF and ensemble members agree closely, while RMSE remains low for this region."
Imphal,2026-10-04 08:00:00,2,89.5,Very High,89.58,95.78,80.0,ECMWF,"ECMWF has the highest historical skill, model agreement is strong, and this is a 48-hour forecast horizon."
Imphal,2026-10-04 09:00:00,2,87.4,High,89.58,88.86,80.0,ECMWF,"ECMWF and ensemble members agree closely, while RMSE remains low for this region."
Imphal,2026-10-04 10:00:00,2,89.5,Very High,89.58,95.54,80.0,ECMWF,"ECMWF has the highest historical skill, model agreement is strong, and this is a 48-hour forecast horizon."
Imphal,2026-10-04 11:00:00,2,87.6,High,89.58,89.4,80.0,ECMWF,"ECMWF and ensemble members agree closely, while RMSE remains low for this region."
Imphal,2026-10-04 12:00:00,2,85.0,High,89.58,80.84,80.0,ECMWF,"ECMWF and ensemble members agree closely, while RMSE remains low for this region."
Imphal,2026-10-04 13:00:00,2,83.9,High,89.58,76.88,80.0,ECMWF,"Low regional RMSE supports ECMWF dominance, while the 48-hour forecast horizon maintains stable predictability."
Imphal,2026-10-04 14:00:00,2,83.5,High,89.58,75.74,80.0,ECMWF,"Low regional RMSE supports ECMWF dominance, while the 48-hour forecast horizon maintains stable predictability."
Imphal,2026-10-04 15:00:00,2,83.6,High,89.58,76.17,80.0,ECMWF,"Low regional RMSE supports ECMWF dominance, while the 48-hour forecast horizon maintains stable predictability."
Imphal,2026-10-04 16:00:00,2,83.1,High,89.58,74.4,80.0,ECMWF,"Low regional RMSE supports ECMWF dominance, while the 48-hour forecast horizon maintains stable predictability."
Imphal,2026-10-04 17:00:00,2,84.2,High,89.58,78.19,80.0,ECMWF,"Low regional RMSE supports ECMWF dominance, while the 48-hour forecast horizon maintains stable predictability."
Imphal,2026-10-04 18:00:00,2,86.2,High,89.58,84.75,80.0,ECMWF,"ECMWF and ensemble members agree closely, while RMSE remains low for this region."
Imphal,2026-10-04 19:00:00,2,87.5,High,89.58,88.98,80.0,ECMWF,"ECMWF and ensemble members agree closely, while RMSE remains low for this region."
Imphal,2026-10-04 20:00:00,2,85.7,High,89.58,83.01,80.0,ECMWF,"ECMWF and ensemble members agree closely, while RMSE remains low for this region."
Imphal,2026-10-04 21:00:00,2,84.3,High,89.58,78.48,80.0,ECMWF,"Low regional RMSE supports ECMWF dominance, while the 48-hour forecast horizon maintains stable predictability."
Imphal,2026-10-04 22:00:00,2,84.5,High,89.58,78.98,80.0,ECMWF,"Low regional RMSE supports ECMWF dominance, while the 48-hour forecast horizon maintains stable predictability."
Imphal,2026-10-04 23:00:00,2,86.0,High,89.58,83.95,80.0,ECMWF,"ECMWF and ensemble members agree closely, while RMSE remains low for this region."
Imphal,2026-10-05 00:00:00,3,82.5,High,89.47,85.99,60.0,ICON,"ICON and ensemble members agree closely, while RMSE remains low for this region."
Imphal,2026-10-05 01:00:00,3,82.0,High,89.47,84.22,60.0,ICON,"ICON and ensemble members agree closely, while RMSE remains low for this region."
Imphal,2026-10-05 02:00:00,3,81.3,High,89.47,81.99,60.0,ICON,"ICON and ensemble members agree closely, while RMSE remains low for this region."
Imphal,2026-10-05 03:00:00,3,81.6,High,89.47,82.72,60.0,ICON,"ICON and ensemble members agree closely, while RMSE remains low for this region."
Imphal,2026-10-05 04:00:00,3,82.4,High,89.47,85.41,60.0,ICON,"ICON and ensemble members agree closely, while RMSE remains low for this region."
Imphal,2026-10-05 05:00:00,3,82.1,High,89.47,84.64,60.0,ICON,"ICON and ensemble members agree closely, while RMSE remains low for this region."
Imphal,2026-10-05 06:00:00,3,83.0,High,89.47,87.5,60.0,ICON,"ICON and ensemble members agree closely, while RMSE remains low for this region."
Imphal,2026-10-05 07:00:00,3,84.1,High,89.47,91.27,60.0,ICON,"ICON and ensemble members agree closely, while RMSE remains low for this region."
Imphal,2026-10-05 08:00:00,3,85.1,High,89.47,94.65,60.0,ICON,"ICON and ensemble members agree closely, while RMSE remains low for this region."
Imphal,2026-10-05 09:00:00,3,83.1,High,89.47,87.99,60.0,ICON,"ICON and ensemble members agree closely, while RMSE remains low for this region."
Imphal,2026-10-05 10:00:00,3,83.2,High,89.47,88.22,60.0,ICON,"ICON and ensemble members agree closely, while RMSE remains low for this region."
Imphal,2026-10-05 11:00:00,3,81.5,High,89.47,82.56,60.0,ICON,"ICON and ensemble members agree closely, while RMSE remains low for this region."
Imphal,2026-10-05 12:00:00,3,81.0,High,89.47,81.01,60.0,ICON,"ICON and ensemble members agree closely, while RMSE remains low for this region."
Imphal,2026-10-05 13:00:00,3,79.9,High,89.47,77.38,60.0,ICON,"Low regional RMSE supports ICON dominance, while the extended Day 3 lead time maintains stable predictability."
Imphal,2026-10-05 14:00:00,3,79.5,High,89.47,75.85,60.0,ICON,"Low regional RMSE supports ICON dominance, while the extended Day 3 lead time maintains stable predictability."
Imphal,2026-10-05 15:00:00,3,81.0,High,89.47,80.76,60.0,ICON,"ICON and ensemble members agree closely, while RMSE remains low for this region."
Imphal,2026-10-05 16:00:00,3,80.7,High,89.47,79.72,60.0,ICON,"Low regional RMSE supports ICON dominance, while the extended Day 3 lead time maintains stable predictability."
Imphal,2026-10-05 17:00:00,3,78.6,High,89.47,72.85,60.0,ICON,"Low regional RMSE supports ICON dominance, while the extended Day 3 lead time maintains stable predictability."
Imphal,2026-10-05 18:00:00,3,79.9,High,89.47,77.35,60.0,ICON,"Low regional RMSE supports ICON dominance, while the extended Day 3 lead time maintains stable predictability."
Imphal,2026-10-05 19:00:00,3,81.7,High,89.47,83.35,60.0,ICON,"ICON and ensemble members agree closely, while RMSE remains low for this region."
Imphal,2026-10-05 20:00:00,3,81.1,High,89.47,81.09,60.0,ICON,"ICON and ensemble members agree closely, while RMSE remains low for this region."
Imphal,2026-10-05 21:00:00,3,80.6,High,89.47,79.47,60.0,ICON,"Low regional RMSE supports ICON dominance, while the extended Day 3 lead time maintains stable predictability."
Imphal,2026-10-05 22:00:00,3,80.9,High,89.47,80.45,60.0,ICON,"ICON and ensemble members agree closely, while RMSE remains low for this region."
Imphal,2026-10-05 23:00:00,3,80.7,High,89.47,79.83,60.0,ICON,"Low regional RMSE supports ICON dominance, while the extended Day 3 lead time maintains stable predictability."
Indore,2026-10-03 00:00:00,1,87.9,High,88.27,79.23,100.0,ECMWF,"ECMWF leads with strong short-range skill, with minor model spread in local precipitation."
Indore,2026-10-03 01:00:00,1,88.8,High,88.27,82.07,100.0,ECMWF,"ECMWF and ensemble members agree closely, while RMSE remains low for this region."
Indore,2026-10-03 02:00:00,1,88.6,High,88.27,81.5,100.0,ECMWF,"ECMWF and ensemble members agree closely, while RMSE remains low for this region."
Indore,2026-10-03 03:00:00,1,88.3,High,88.27,80.67,100.0,ECMWF,"ECMWF and ensemble members agree closely, while RMSE remains low for this region."
Indore,2026-10-03 04:00:00,1,88.7,High,88.27,81.94,100.0,ECMWF,"ECMWF and ensemble members agree closely, while RMSE remains low for this region."
Indore,2026-10-03 05:00:00,1,89.0,High,88.27,82.75,100.0,ECMWF,"ECMWF and ensemble members agree closely, while RMSE remains low for this region."
Indore,2026-10-03 06:00:00,1,89.0,High,88.27,83.0,100.0,ECMWF,"ECMWF and ensemble members agree closely, while RMSE remains low for this region."
Indore,2026-10-03 07:00:00,1,90.1,Very High,88.27,86.54,100.0,ECMWF,"ECMWF has the highest historical skill, model agreement is strong, and this is a short-range forecast."
Indore,2026-10-03 08:00:00,1,89.4,High,88.27,84.17,100.0,ECMWF,"ECMWF and ensemble members agree closely, while RMSE remains low for this region."
Indore,2026-10-03 09:00:00,1,88.5,High,88.27,81.09,100.0,ECMWF,"ECMWF and ensemble members agree closely, while RMSE remains low for this region."
Indore,2026-10-03 10:00:00,1,87.0,High,88.27,76.07,100.0,ECMWF,"ECMWF leads with strong short-range skill, with minor model spread in local precipitation."
Indore,2026-10-03 11:00:00,1,89.4,High,88.27,84.31,100.0,ECMWF,"ECMWF and ensemble members agree closely, while RMSE remains low for this region."
Indore,2026-10-03 12:00:00,1,90.1,Very High,88.27,86.71,100.0,ECMWF,"ECMWF has the highest historical skill, model agreement is strong, and this is a short-range forecast."
Indore,2026-10-03 13:00:00,1,89.0,High,88.27,82.76,100.0,ECMWF,"ECMWF and ensemble members agree closely, while RMSE remains low for this region."
Indore,2026-10-03 14:00:00,1,87.6,High,88.27,78.05,100.0,ECMWF,"ECMWF leads with strong short-range skill, with minor model spread in local precipitation."
Indore,2026-10-03 15:00:00,1,86.9,High,88.27,75.76,100.0,ECMWF,"ECMWF leads with strong short-range skill, with minor model spread in local precipitation."
Indore,2026-10-03 16:00:00,1,85.9,High,88.27,72.68,100.0,ECMWF,"ECMWF leads with strong short-range skill, with minor model spread in local precipitation."
Indore,2026-10-03 17:00:00,1,87.7,High,88.27,78.64,100.0,ECMWF,"ECMWF leads with strong short-range skill, with minor model spread in local precipitation."
Indore,2026-10-03 18:00:00,1,90.2,Very High,88.27,86.9,100.0,ECMWF,"ECMWF has the highest historical skill, model agreement is strong, and this is a short-range forecast."
Indore,2026-10-03 19:00:00,1,88.7,High,88.27,81.76,100.0,ECMWF,"ECMWF and ensemble members agree closely, while RMSE remains low for this region."
Indore,2026-10-03 20:00:00,1,87.9,High,88.27,79.08,100.0,ECMWF,"ECMWF leads with strong short-range skill, with minor model spread in local precipitation."
Indore,2026-10-03 21:00:00,1,88.2,High,88.27,80.34,100.0,ECMWF,"ECMWF and ensemble members agree closely, while RMSE remains low for this region."
Indore,2026-10-03 22:00:00,1,89.0,High,88.27,82.96,100.0,ECMWF,"ECMWF and ensemble members agree closely, while RMSE remains low for this region."
Indore,2026-10-03 23:00:00,1,88.4,High,88.27,80.84,100.0,ECMWF,"ECMWF and ensemble members agree closely, while RMSE remains low for this region."
Indore,2026-10-04 00:00:00,2,80.3,High,83.57,74.99,80.0,ECMWF,"Low regional RMSE supports ECMWF dominance, while the 48-hour forecast horizon maintains stable predictability."
Indore,2026-10-04 01:00:00,2,80.5,High,83.57,75.59,80.0,ECMWF,"Low regional RMSE supports ECMWF dominance, while the 48-hour forecast horizon maintains stable predictability."
Indore,2026-10-04 02:00:00,2,82.0,High,83.57,80.86,80.0,ECMWF,"ECMWF and ensemble members agree closely, while RMSE remains low for this region."
Indore,2026-10-04 03:00:00,2,81.5,High,83.57,79.1,80.0,ECMWF,"Low regional RMSE supports ECMWF dominance, while the 48-hour forecast horizon maintains stable predictability."
Indore,2026-10-04 04:00:00,2,80.8,High,83.57,76.61,80.0,ECMWF,"Low regional RMSE supports ECMWF dominance, while the 48-hour forecast horizon maintains stable predictability."
Indore,2026-10-04 05:00:00,2,80.7,High,83.57,76.39,80.0,ECMWF,"Low regional RMSE supports ECMWF dominance, while the 48-hour forecast horizon maintains stable predictability."
Indore,2026-10-04 06:00:00,2,81.3,High,83.57,78.52,80.0,ECMWF,"Low regional RMSE supports ECMWF dominance, while the 48-hour forecast horizon maintains stable predictability."
Indore,2026-10-04 07:00:00,2,80.7,High,83.57,76.43,80.0,ECMWF,"Low regional RMSE supports ECMWF dominance, while the 48-hour forecast horizon maintains stable predictability."
Indore,2026-10-04 08:00:00,2,82.3,High,83.57,81.82,80.0,ECMWF,"ECMWF and ensemble members agree closely, while RMSE remains low for this region."
Indore,2026-10-04 09:00:00,2,79.9,High,83.57,73.59,80.0,ECMWF,"Low regional RMSE supports ECMWF dominance, while the 48-hour forecast horizon maintains stable predictability."
Indore,2026-10-04 10:00:00,2,80.5,High,83.57,75.69,80.0,ECMWF,"Low regional RMSE supports ECMWF dominance, while the 48-hour forecast horizon maintains stable predictability."
Indore,2026-10-04 11:00:00,2,83.5,High,83.57,85.81,80.0,ECMWF,"ECMWF and ensemble members agree closely, while RMSE remains low for this region."
Indore,2026-10-04 12:00:00,2,83.5,High,83.57,85.57,80.0,ECMWF,"ECMWF and ensemble members agree closely, while RMSE remains low for this region."
Indore,2026-10-04 13:00:00,2,81.1,High,83.57,77.56,80.0,ECMWF,"Low regional RMSE supports ECMWF dominance, while the 48-hour forecast horizon maintains stable predictability."
Indore,2026-10-04 14:00:00,2,80.9,High,83.57,77.02,80.0,ECMWF,"Low regional RMSE supports ECMWF dominance, while the 48-hour forecast horizon maintains stable predictability."
Indore,2026-10-04 15:00:00,2,81.2,High,83.57,77.92,80.0,ECMWF,"Low regional RMSE supports ECMWF dominance, while the 48-hour forecast horizon maintains stable predictability."
Indore,2026-10-04 16:00:00,2,82.0,High,83.57,80.64,80.0,ECMWF,"ECMWF and ensemble members agree closely, while RMSE remains low for this region."
Indore,2026-10-04 17:00:00,2,78.4,High,83.57,68.67,80.0,ECMWF,"Low regional RMSE supports ECMWF dominance, while the 48-hour forecast horizon maintains stable predictability."
Indore,2026-10-04 18:00:00,2,78.5,High,83.57,69.2,80.0,ECMWF,"Low regional RMSE supports ECMWF dominance, while the 48-hour forecast horizon maintains stable predictability."
Indore,2026-10-04 19:00:00,2,82.7,High,83.57,83.06,80.0,ECMWF,"ECMWF and ensemble members agree closely, while RMSE remains low for this region."
Indore,2026-10-04 20:00:00,2,85.0,High,83.57,90.81,80.0,ECMWF,"ECMWF and ensemble members agree closely, while RMSE remains low for this region."
Indore,2026-10-04 21:00:00,2,84.1,High,83.57,87.7,80.0,ECMWF,"ECMWF and ensemble members agree closely, while RMSE remains low for this region."
Indore,2026-10-04 22:00:00,2,82.6,High,83.57,82.61,80.0,ECMWF,"ECMWF and ensemble members agree closely, while RMSE remains low for this region."
Indore,2026-10-04 23:00:00,2,82.2,High,83.57,81.24,80.0,ECMWF,"ECMWF and ensemble members agree closely, while RMSE remains low for this region."
Indore,2026-10-05 00:00:00,3,73.2,Medium,73.33,81.66,60.0,ICON,Models show moderate disagreement and the forecast lead time reduces reliability.
Indore,2026-10-05 01:00:00,3,73.7,Medium,73.33,83.35,60.0,ICON,Models show moderate disagreement and the forecast lead time reduces reliability.
Indore,2026-10-05 02:00:00,3,73.8,Medium,73.33,83.85,60.0,ICON,Models show moderate disagreement and the forecast lead time reduces reliability.
Indore,2026-10-05 03:00:00,3,73.5,Medium,73.33,82.88,60.0,ICON,Models show moderate disagreement and the forecast lead time reduces reliability.
Indore,2026-10-05 04:00:00,3,73.5,Medium,73.33,82.65,60.0,ICON,Models show moderate disagreement and the forecast lead time reduces reliability.
Indore,2026-10-05 05:00:00,3,74.1,Medium,73.33,84.79,60.0,ICON,Models show moderate disagreement and the forecast lead time reduces reliability.
Indore,2026-10-05 06:00:00,3,74.3,Medium,73.33,85.37,60.0,ICON,Models show moderate disagreement and the forecast lead time reduces reliability.
Indore,2026-10-05 07:00:00,3,72.3,Medium,73.33,78.72,60.0,ICON,Models show moderate disagreement and the forecast lead time reduces reliability.
Indore,2026-10-05 08:00:00,3,72.0,Medium,73.33,77.92,60.0,ICON,Models show moderate disagreement and the forecast lead time reduces reliability.
Indore,2026-10-05 09:00:00,3,69.7,Medium,73.33,70.21,60.0,ICON,Models show moderate disagreement and the forecast lead time reduces reliability.
Indore,2026-10-05 10:00:00,3,70.8,Medium,73.33,73.69,60.0,ICON,Models show moderate disagreement and the forecast lead time reduces reliability.
Indore,2026-10-05 11:00:00,3,72.0,Medium,73.33,77.89,60.0,ICON,Models show moderate disagreement and the forecast lead time reduces reliability.
Indore,2026-10-05 12:00:00,3,70.8,Medium,73.33,73.78,60.0,ICON,Models show moderate disagreement and the forecast lead time reduces reliability.
Indore,2026-10-05 13:00:00,3,70.1,Medium,73.33,71.29,60.0,ICON,Models show moderate disagreement and the forecast lead time reduces reliability.
Indore,2026-10-05 14:00:00,3,69.6,Medium,73.33,69.7,60.0,ICON,Models show moderate disagreement and the forecast lead time reduces reliability.
Indore,2026-10-05 15:00:00,3,69.4,Medium,73.33,69.22,60.0,ICON,Models show moderate disagreement and the forecast lead time reduces reliability.
Indore,2026-10-05 16:00:00,3,70.7,Medium,73.33,73.46,60.0,ICON,Models show moderate disagreement and the forecast lead time reduces reliability.
Indore,2026-10-05 17:00:00,3,71.9,Medium,73.33,77.43,60.0,ICON,Models show moderate disagreement and the forecast lead time reduces reliability.
Indore,2026-10-05 18:00:00,3,72.9,Medium,73.33,80.82,60.0,ICON,Models show moderate disagreement and the forecast lead time reduces reliability.
Indore,2026-10-05 19:00:00,3,72.9,Medium,73.33,80.76,60.0,ICON,Models show moderate disagreement and the forecast lead time reduces reliability.
Indore,2026-10-05 20:00:00,3,73.0,Medium,73.33,81.26,60.0,ICON,Models show moderate disagreement and the forecast lead time reduces reliability.
Indore,2026-10-05 21:00:00,3,72.7,Medium,73.33,80.23,60.0,ICON,Models show moderate disagreement and the forecast lead time reduces reliability.
Indore,2026-10-05 22:00:00,3,71.9,Medium,73.33,77.58,60.0,ICON,Models show moderate disagreement and the forecast lead time reduces reliability.
Indore,2026-10-05 23:00:00,3,74.1,Medium,73.33,84.77,60.0,ICON,Models show moderate disagreement and the forecast lead time reduces reliability.
Jabalpur,2026-10-03 00:00:00,1,83.2,High,78.31,80.14,100.0,ECMWF,"ECMWF and ensemble members agree closely, while RMSE remains low for this region."
Jabalpur,2026-10-03 01:00:00,1,83.3,High,78.31,80.6,100.0,ECMWF,"ECMWF and ensemble members agree closely, while RMSE remains low for this region."
Jabalpur,2026-10-03 02:00:00,1,83.7,High,78.31,81.75,100.0,ECMWF,"ECMWF and ensemble members agree closely, while RMSE remains low for this region."
Jabalpur,2026-10-03 03:00:00,1,83.3,High,78.31,80.62,100.0,ECMWF,"ECMWF and ensemble members agree closely, while RMSE remains low for this region."
Jabalpur,2026-10-03 04:00:00,1,83.0,High,78.31,79.65,100.0,ECMWF,"ECMWF leads with strong short-range skill, with minor model spread in local precipitation."
Jabalpur,2026-10-03 05:00:00,1,82.1,High,78.31,76.5,100.0,ECMWF,"ECMWF leads with strong short-range skill, with minor model spread in local precipitation."
Jabalpur,2026-10-03 06:00:00,1,81.4,High,78.31,74.28,100.0,ECMWF,"ECMWF leads with strong short-range skill, with minor model spread in local precipitation."
Jabalpur,2026-10-03 07:00:00,1,81.8,High,78.31,75.4,100.0,ECMWF,"ECMWF leads with strong short-range skill, with minor model spread in local precipitation."
Jabalpur,2026-10-03 08:00:00,1,84.8,High,78.31,85.39,100.0,ECMWF,"ECMWF and ensemble members agree closely, while RMSE remains low for this region."
Jabalpur,2026-10-03 09:00:00,1,84.6,High,78.31,84.94,100.0,ECMWF,"ECMWF and ensemble members agree closely, while RMSE remains low for this region."
Jabalpur,2026-10-03 10:00:00,1,84.7,High,78.31,85.24,100.0,ECMWF,"ECMWF and ensemble members agree closely, while RMSE remains low for this region."
Jabalpur,2026-10-03 11:00:00,1,84.6,High,78.31,84.73,100.0,ECMWF,"ECMWF and ensemble members agree closely, while RMSE remains low for this region."
Jabalpur,2026-10-03 12:00:00,1,85.2,High,78.31,86.91,100.0,ECMWF,"ECMWF and ensemble members agree closely, while RMSE remains low for this region."
Jabalpur,2026-10-03 13:00:00,1,84.7,High,78.31,85.0,100.0,ECMWF,"ECMWF and ensemble members agree closely, while RMSE remains low for this region."
Jabalpur,2026-10-03 14:00:00,1,82.5,High,78.31,77.93,100.0,ECMWF,"ECMWF leads with strong short-range skill, with minor model spread in local precipitation."
Jabalpur,2026-10-03 15:00:00,1,81.0,High,78.31,72.74,100.0,ECMWF,"ECMWF leads with strong short-range skill, with minor model spread in local precipitation."
Jabalpur,2026-10-03 16:00:00,1,80.2,High,78.31,70.14,100.0,ECMWF,"ECMWF leads with strong short-range skill, with minor model spread in local precipitation."
Jabalpur,2026-10-03 17:00:00,1,81.4,High,78.31,74.27,100.0,ECMWF,"ECMWF leads with strong short-range skill, with minor model spread in local precipitation."
Jabalpur,2026-10-03 18:00:00,1,83.3,High,78.31,80.63,100.0,ECMWF,"ECMWF and ensemble members agree closely, while RMSE remains low for this region."
Jabalpur,2026-10-03 19:00:00,1,84.0,High,78.31,82.68,100.0,ECMWF,"ECMWF and ensemble members agree closely, while RMSE remains low for this region."
Jabalpur,2026-10-03 20:00:00,1,83.6,High,78.31,81.43,100.0,ECMWF,"ECMWF and ensemble members agree closely, while RMSE remains low for this region."
Jabalpur,2026-10-03 21:00:00,1,83.2,High,78.31,80.01,100.0,ECMWF,"ECMWF and ensemble members agree closely, while RMSE remains low for this region."
Jabalpur,2026-10-03 22:00:00,1,82.5,High,78.31,77.91,100.0,ECMWF,"ECMWF leads with strong short-range skill, with minor model spread in local precipitation."
Jabalpur,2026-10-03 23:00:00,1,82.3,High,78.31,77.15,100.0,ECMWF,"ECMWF leads with strong short-range skill, with minor model spread in local precipitation."
Jabalpur,2026-10-04 00:00:00,2,71.8,Medium,65.52,76.87,80.0,ECMWF,Moderate ensemble agreement and regional variability balance overall forecast confidence.
Jabalpur,2026-10-04 01:00:00,2,72.1,Medium,65.52,77.91,80.0,ECMWF,Moderate ensemble agreement and regional variability balance overall forecast confidence.
Jabalpur,2026-10-04 02:00:00,2,72.8,Medium,65.52,80.1,80.0,ECMWF,Moderate ensemble agreement and regional variability balance overall forecast confidence.
Jabalpur,2026-10-04 03:00:00,2,73.0,Medium,65.52,80.95,80.0,ECMWF,Moderate ensemble agreement and regional variability balance overall forecast confidence.
Jabalpur,2026-10-04 04:00:00,2,72.6,Medium,65.52,79.42,80.0,ECMWF,Moderate ensemble agreement and regional variability balance overall forecast confidence.
Jabalpur,2026-10-04 05:00:00,2,73.0,Medium,65.52,80.77,80.0,ECMWF,Moderate ensemble agreement and regional variability balance overall forecast confidence.
Jabalpur,2026-10-04 06:00:00,2,72.0,Medium,65.52,77.35,80.0,ECMWF,Moderate ensemble agreement and regional variability balance overall forecast confidence.
Jabalpur,2026-10-04 07:00:00,2,72.5,Medium,65.52,79.12,80.0,ECMWF,Moderate ensemble agreement and regional variability balance overall forecast confidence.
Jabalpur,2026-10-04 08:00:00,2,72.9,Medium,65.52,80.6,80.0,ECMWF,Moderate ensemble agreement and regional variability balance overall forecast confidence.
Jabalpur,2026-10-04 09:00:00,2,73.0,Medium,65.52,80.64,80.0,ECMWF,Moderate ensemble agreement and regional variability balance overall forecast confidence.
Jabalpur,2026-10-04 10:00:00,2,73.8,Medium,65.52,83.4,80.0,ECMWF,Moderate ensemble agreement and regional variability balance overall forecast confidence.
Jabalpur,2026-10-04 11:00:00,2,72.9,Medium,65.52,80.55,80.0,ECMWF,Moderate ensemble agreement and regional variability balance overall forecast confidence.
Jabalpur,2026-10-04 12:00:00,2,72.5,Medium,65.52,78.97,80.0,ECMWF,Moderate ensemble agreement and regional variability balance overall forecast confidence.
Jabalpur,2026-10-04 13:00:00,2,72.6,Medium,65.52,79.56,80.0,ECMWF,Moderate ensemble agreement and regional variability balance overall forecast confidence.
Jabalpur,2026-10-04 14:00:00,2,72.1,Medium,65.52,77.78,80.0,ECMWF,Moderate ensemble agreement and regional variability balance overall forecast confidence.
Jabalpur,2026-10-04 15:00:00,2,71.8,Medium,65.52,76.76,80.0,ECMWF,Moderate ensemble agreement and regional variability balance overall forecast confidence.
Jabalpur,2026-10-04 16:00:00,2,70.8,Medium,65.52,73.63,80.0,ECMWF,Moderate ensemble agreement and regional variability balance overall forecast confidence.
Jabalpur,2026-10-04 17:00:00,2,71.3,Medium,65.52,75.09,80.0,ECMWF,Moderate ensemble agreement and regional variability balance overall forecast confidence.
Jabalpur,2026-10-04 18:00:00,2,72.4,Medium,65.52,78.83,80.0,ECMWF,Moderate ensemble agreement and regional variability balance overall forecast confidence.
Jabalpur,2026-10-04 19:00:00,2,72.8,Medium,65.52,80.18,80.0,ECMWF,Moderate ensemble agreement and regional variability balance overall forecast confidence.
Jabalpur,2026-10-04 20:00:00,2,73.8,Medium,65.52,83.51,80.0,ECMWF,Moderate ensemble agreement and regional variability balance overall forecast confidence.
Jabalpur,2026-10-04 21:00:00,2,75.0,High,65.52,87.55,80.0,ECMWF,"ECMWF and ensemble members agree closely, while RMSE remains low for this region."
Jabalpur,2026-10-04 22:00:00,2,75.4,High,65.52,88.75,80.0,ECMWF,"ECMWF and ensemble members agree closely, while RMSE remains low for this region."
Jabalpur,2026-10-04 23:00:00,2,75.2,High,65.52,88.04,80.0,ECMWF,"ECMWF and ensemble members agree closely, while RMSE remains low for this region."
Jabalpur,2026-10-05 00:00:00,3,73.5,Medium,72.93,83.52,60.0,ECMWF,Models show moderate disagreement and the forecast lead time reduces reliability.
Jabalpur,2026-10-05 01:00:00,3,72.4,Medium,72.93,79.87,60.0,ECMWF,Models show moderate disagreement and the forecast lead time reduces reliability.
Jabalpur,2026-10-05 02:00:00,3,72.5,Medium,72.93,80.13,60.0,ECMWF,Models show moderate disagreement and the forecast lead time reduces reliability.
Jabalpur,2026-10-05 03:00:00,3,73.1,Medium,72.93,82.07,60.0,ECMWF,Models show moderate disagreement and the forecast lead time reduces reliability.
Jabalpur,2026-10-05 04:00:00,3,72.6,Medium,72.93,80.6,60.0,ECMWF,Models show moderate disagreement and the forecast lead time reduces reliability.
Jabalpur,2026-10-05 05:00:00,3,71.7,Medium,72.93,77.37,60.0,ECMWF,Models show moderate disagreement and the forecast lead time reduces reliability.
Jabalpur,2026-10-05 06:00:00,3,72.7,Medium,72.93,80.62,60.0,ECMWF,Models show moderate disagreement and the forecast lead time reduces reliability.
Jabalpur,2026-10-05 07:00:00,3,72.7,Medium,72.93,80.89,60.0,ECMWF,Models show moderate disagreement and the forecast lead time reduces reliability.
Jabalpur,2026-10-05 08:00:00,3,72.8,Medium,72.93,81.25,60.0,ECMWF,Models show moderate disagreement and the forecast lead time reduces reliability.
Jabalpur,2026-10-05 09:00:00,3,71.8,Medium,72.93,77.67,60.0,ECMWF,Models show moderate disagreement and the forecast lead time reduces reliability.
Jabalpur,2026-10-05 10:00:00,3,71.9,Medium,72.93,78.22,60.0,ECMWF,Models show moderate disagreement and the forecast lead time reduces reliability.
Jabalpur,2026-10-05 11:00:00,3,72.6,Medium,72.93,80.39,60.0,ECMWF,Models show moderate disagreement and the forecast lead time reduces reliability.
Jabalpur,2026-10-05 12:00:00,3,72.4,Medium,72.93,79.79,60.0,ECMWF,Models show moderate disagreement and the forecast lead time reduces reliability.
Jabalpur,2026-10-05 13:00:00,3,71.4,Medium,72.93,76.35,60.0,ECMWF,Models show moderate disagreement and the forecast lead time reduces reliability.
Jabalpur,2026-10-05 14:00:00,3,70.8,Medium,72.93,74.61,60.0,ECMWF,Models show moderate disagreement and the forecast lead time reduces reliability.
Jabalpur,2026-10-05 15:00:00,3,70.5,Medium,72.93,73.52,60.0,ECMWF,Models show moderate disagreement and the forecast lead time reduces reliability.
Jabalpur,2026-10-05 16:00:00,3,69.6,Medium,72.93,70.32,60.0,ECMWF,Models show moderate disagreement and the forecast lead time reduces reliability.
Jabalpur,2026-10-05 17:00:00,3,71.1,Medium,72.93,75.59,60.0,ECMWF,Models show moderate disagreement and the forecast lead time reduces reliability.
Jabalpur,2026-10-05 18:00:00,3,72.3,Medium,72.93,79.41,60.0,ECMWF,Models show moderate disagreement and the forecast lead time reduces reliability.
Jabalpur,2026-10-05 19:00:00,3,72.3,Medium,72.93,79.54,60.0,ECMWF,Models show moderate disagreement and the forecast lead time reduces reliability.
Jabalpur,2026-10-05 20:00:00,3,72.9,Medium,72.93,81.43,60.0,ECMWF,Models show moderate disagreement and the forecast lead time reduces reliability.
Jabalpur,2026-10-05 21:00:00,3,73.3,Medium,72.93,82.9,60.0,ECMWF,Models show moderate disagreement and the forecast lead time reduces reliability.
Jabalpur,2026-10-05 22:00:00,3,73.5,Medium,72.93,83.29,60.0,ECMWF,Models show moderate disagreement and the forecast lead time reduces reliability.
Jabalpur,2026-10-05 23:00:00,3,74.0,Medium,72.93,85.2,60.0,ECMWF,Models show moderate disagreement and the forecast lead time reduces reliability.
Jaipur,2026-10-03 00:00:00,1,83.0,High,85.71,67.16,100.0,ECMWF,"ECMWF leads with strong short-range skill, with minor model spread in local precipitation."
Jaipur,2026-10-03 01:00:00,1,82.6,High,85.71,65.82,100.0,ECMWF,"ECMWF leads with strong short-range skill, with minor model spread in local precipitation."
Jaipur,2026-10-03 02:00:00,1,82.3,High,85.71,64.77,100.0,ECMWF,"ECMWF leads with strong short-range skill, with minor model spread in local precipitation."
Jaipur,2026-10-03 03:00:00,1,83.3,High,85.71,68.21,100.0,ECMWF,"ECMWF leads with strong short-range skill, with minor model spread in local precipitation."
Jaipur,2026-10-03 04:00:00,1,83.9,High,85.71,70.12,100.0,ECMWF,"ECMWF leads with strong short-range skill, with minor model spread in local precipitation."
Jaipur,2026-10-03 05:00:00,1,83.2,High,85.71,67.96,100.0,ECMWF,"ECMWF leads with strong short-range skill, with minor model spread in local precipitation."
Jaipur,2026-10-03 06:00:00,1,83.5,High,85.71,68.77,100.0,ECMWF,"ECMWF leads with strong short-range skill, with minor model spread in local precipitation."
Jaipur,2026-10-03 07:00:00,1,83.7,High,85.71,69.35,100.0,ECMWF,"ECMWF leads with strong short-range skill, with minor model spread in local precipitation."
Jaipur,2026-10-03 08:00:00,1,84.0,High,85.71,70.58,100.0,ECMWF,"ECMWF leads with strong short-range skill, with minor model spread in local precipitation."
Jaipur,2026-10-03 09:00:00,1,84.6,High,85.71,72.48,100.0,ECMWF,"ECMWF leads with strong short-range skill, with minor model spread in local precipitation."
Jaipur,2026-10-03 10:00:00,1,85.5,High,85.71,75.55,100.0,ECMWF,"ECMWF leads with strong short-range skill, with minor model spread in local precipitation."
Jaipur,2026-10-03 11:00:00,1,86.5,High,85.71,78.81,100.0,ECMWF,"ECMWF leads with strong short-range skill, with minor model spread in local precipitation."
Jaipur,2026-10-03 12:00:00,1,88.0,High,85.71,83.7,100.0,ECMWF,"ECMWF and ensemble members agree closely, while RMSE remains low for this region."
Jaipur,2026-10-03 13:00:00,1,90.1,Very High,85.71,90.66,100.0,ECMWF,"ECMWF has the highest historical skill, model agreement is strong, and this is a short-range forecast."
Jaipur,2026-10-03 14:00:00,1,89.8,Very High,85.71,89.98,100.0,ECMWF,"ECMWF has the highest historical skill, model agreement is strong, and this is a short-range forecast."
Jaipur,2026-10-03 15:00:00,1,87.1,High,85.71,80.66,100.0,ECMWF,"ECMWF and ensemble members agree closely, while RMSE remains low for this region."
Jaipur,2026-10-03 16:00:00,1,84.1,High,85.71,70.89,100.0,ECMWF,"ECMWF leads with strong short-range skill, with minor model spread in local precipitation."
Jaipur,2026-10-03 17:00:00,1,84.0,High,85.71,70.59,100.0,ECMWF,"ECMWF leads with strong short-range skill, with minor model spread in local precipitation."
Jaipur,2026-10-03 18:00:00,1,83.8,High,85.71,69.94,100.0,ECMWF,"ECMWF leads with strong short-range skill, with minor model spread in local precipitation."
Jaipur,2026-10-03 19:00:00,1,83.4,High,85.71,68.55,100.0,ECMWF,"ECMWF leads with strong short-range skill, with minor model spread in local precipitation."
Jaipur,2026-10-03 20:00:00,1,82.8,High,85.71,66.45,100.0,ECMWF,"ECMWF leads with strong short-range skill, with minor model spread in local precipitation."
Jaipur,2026-10-03 21:00:00,1,81.9,High,85.71,63.56,100.0,ECMWF,"ECMWF leads with strong short-range skill, with minor model spread in local precipitation."
Jaipur,2026-10-03 22:00:00,1,82.5,High,85.71,65.63,100.0,ECMWF,"ECMWF leads with strong short-range skill, with minor model spread in local precipitation."
Jaipur,2026-10-03 23:00:00,1,83.0,High,85.71,67.3,100.0,ECMWF,"ECMWF leads with strong short-range skill, with minor model spread in local precipitation."
Jaipur,2026-10-04 00:00:00,2,77.8,High,82.02,69.41,80.0,ECMWF,"Low regional RMSE supports ECMWF dominance, while the 48-hour forecast horizon maintains stable predictability."
Jaipur,2026-10-04 01:00:00,2,76.9,High,82.02,66.41,80.0,ECMWF,"Low regional RMSE supports ECMWF dominance, while the 48-hour forecast horizon maintains stable predictability."
Jaipur,2026-10-04 02:00:00,2,76.2,High,82.02,64.12,80.0,ECMWF,"Low regional RMSE supports ECMWF dominance, while the 48-hour forecast horizon maintains stable predictability."
Jaipur,2026-10-04 03:00:00,2,75.9,High,82.02,63.02,80.0,ECMWF,"Low regional RMSE supports ECMWF dominance, while the 48-hour forecast horizon maintains stable predictability."
Jaipur,2026-10-04 04:00:00,2,76.1,High,82.02,63.76,80.0,ECMWF,"Low regional RMSE supports ECMWF dominance, while the 48-hour forecast horizon maintains stable predictability."
Jaipur,2026-10-04 05:00:00,2,76.5,High,82.02,64.93,80.0,ECMWF,"Low regional RMSE supports ECMWF dominance, while the 48-hour forecast horizon maintains stable predictability."
Jaipur,2026-10-04 06:00:00,2,76.5,High,82.02,65.01,80.0,ECMWF,"Low regional RMSE supports ECMWF dominance, while the 48-hour forecast horizon maintains stable predictability."
Jaipur,2026-10-04 07:00:00,2,77.0,High,82.02,66.52,80.0,ECMWF,"Low regional RMSE supports ECMWF dominance, while the 48-hour forecast horizon maintains stable predictability."
Jaipur,2026-10-04 08:00:00,2,76.9,High,82.02,66.23,80.0,ECMWF,"Low regional RMSE supports ECMWF dominance, while the 48-hour forecast horizon maintains stable predictability."
Jaipur,2026-10-04 09:00:00,2,76.5,High,82.02,65.08,80.0,ECMWF,"Low regional RMSE supports ECMWF dominance, while the 48-hour forecast horizon maintains stable predictability."
Jaipur,2026-10-04 10:00:00,2,77.0,High,82.02,66.6,80.0,ECMWF,"Low regional RMSE supports ECMWF dominance, while the 48-hour forecast horizon maintains stable predictability."
Jaipur,2026-10-04 11:00:00,2,78.2,High,82.02,70.73,80.0,ECMWF,"Low regional RMSE supports ECMWF dominance, while the 48-hour forecast horizon maintains stable predictability."
Jaipur,2026-10-04 12:00:00,2,79.3,High,82.02,74.4,80.0,ECMWF,"Low regional RMSE supports ECMWF dominance, while the 48-hour forecast horizon maintains stable predictability."
Jaipur,2026-10-04 13:00:00,2,79.8,High,82.02,75.95,80.0,ECMWF,"Low regional RMSE supports ECMWF dominance, while the 48-hour forecast horizon maintains stable predictability."
Jaipur,2026-10-04 14:00:00,2,79.8,High,82.02,75.82,80.0,ECMWF,"Low regional RMSE supports ECMWF dominance, while the 48-hour forecast horizon maintains stable predictability."
Jaipur,2026-10-04 15:00:00,2,78.4,High,82.02,71.24,80.0,ECMWF,"Low regional RMSE supports ECMWF dominance, while the 48-hour forecast horizon maintains stable predictability."
Jaipur,2026-10-04 16:00:00,2,76.1,High,82.02,63.51,80.0,ECMWF,"Low regional RMSE supports ECMWF dominance, while the 48-hour forecast horizon maintains stable predictability."
Jaipur,2026-10-04 17:00:00,2,76.4,High,82.02,64.76,80.0,ECMWF,"Low regional RMSE supports ECMWF dominance, while the 48-hour forecast horizon maintains stable predictability."
Jaipur,2026-10-04 18:00:00,2,75.9,High,82.02,63.02,80.0,ECMWF,"Low regional RMSE supports ECMWF dominance, while the 48-hour forecast horizon maintains stable predictability."
Jaipur,2026-10-04 19:00:00,2,75.0,High,82.02,60.07,80.0,ECMWF,"Low regional RMSE supports ECMWF dominance, while the 48-hour forecast horizon maintains stable predictability."
Jaipur,2026-10-04 20:00:00,2,74.2,Medium,82.02,57.45,80.0,ECMWF,Inter-model spread indicates divergence between NWP forecasts despite ECMWF weighting.
Jaipur,2026-10-04 21:00:00,2,73.6,Medium,82.02,55.21,80.0,ECMWF,Inter-model spread indicates divergence between NWP forecasts despite ECMWF weighting.
Jaipur,2026-10-04 22:00:00,2,73.2,Medium,82.02,54.08,80.0,ECMWF,Inter-model spread indicates divergence between NWP forecasts despite ECMWF weighting.
Jaipur,2026-10-04 23:00:00,2,73.2,Medium,82.02,53.94,80.0,ECMWF,Inter-model spread indicates divergence between NWP forecasts despite ECMWF weighting.
Jaipur,2026-10-05 00:00:00,3,69.1,Medium,81.22,55.06,60.0,ECMWF,Models show moderate disagreement and the forecast lead time reduces reliability.
Jaipur,2026-10-05 01:00:00,3,69.5,Medium,81.22,56.24,60.0,ECMWF,Models show moderate disagreement and the forecast lead time reduces reliability.
Jaipur,2026-10-05 02:00:00,3,69.7,Medium,81.22,57.12,60.0,ECMWF,Models show moderate disagreement and the forecast lead time reduces reliability.
Jaipur,2026-10-05 03:00:00,3,69.9,Medium,81.22,57.7,60.0,ECMWF,Models show moderate disagreement and the forecast lead time reduces reliability.
Jaipur,2026-10-05 04:00:00,3,70.3,Medium,81.22,58.93,60.0,ECMWF,Models show moderate disagreement and the forecast lead time reduces reliability.
Jaipur,2026-10-05 05:00:00,3,70.4,Medium,81.22,59.25,60.0,ECMWF,Models show moderate disagreement and the forecast lead time reduces reliability.
Jaipur,2026-10-05 06:00:00,3,70.1,Medium,81.22,58.36,60.0,ECMWF,Models show moderate disagreement and the forecast lead time reduces reliability.
Jaipur,2026-10-05 07:00:00,3,70.3,Medium,81.22,59.09,60.0,ECMWF,Models show moderate disagreement and the forecast lead time reduces reliability.
Jaipur,2026-10-05 08:00:00,3,71.0,Medium,81.22,61.41,60.0,ECMWF,Models show moderate disagreement and the forecast lead time reduces reliability.
Jaipur,2026-10-05 09:00:00,3,71.1,Medium,81.22,61.76,60.0,ECMWF,Models show moderate disagreement and the forecast lead time reduces reliability.
Jaipur,2026-10-05 10:00:00,3,71.8,Medium,81.22,63.88,60.0,ECMWF,Models show moderate disagreement and the forecast lead time reduces reliability.
Jaipur,2026-10-05 11:00:00,3,72.1,Medium,81.22,64.9,60.0,ECMWF,Models show moderate disagreement and the forecast lead time reduces reliability.
Jaipur,2026-10-05 12:00:00,3,72.3,Medium,81.22,65.61,60.0,ECMWF,Models show moderate disagreement and the forecast lead time reduces reliability.
Jaipur,2026-10-05 13:00:00,3,72.4,Medium,81.22,66.08,60.0,ECMWF,Models show moderate disagreement and the forecast lead time reduces reliability.
Jaipur,2026-10-05 14:00:00,3,72.4,Medium,81.22,65.85,60.0,ECMWF,Models show moderate disagreement and the forecast lead time reduces reliability.
Jaipur,2026-10-05 15:00:00,3,72.0,Medium,81.22,64.53,60.0,ECMWF,Models show moderate disagreement and the forecast lead time reduces reliability.
Jaipur,2026-10-05 16:00:00,3,71.3,Medium,81.22,62.14,60.0,ECMWF,Models show moderate disagreement and the forecast lead time reduces reliability.
Jaipur,2026-10-05 17:00:00,3,71.7,Medium,81.22,63.71,60.0,ECMWF,Models show moderate disagreement and the forecast lead time reduces reliability.
Jaipur,2026-10-05 18:00:00,3,72.0,Medium,81.22,64.6,60.0,ECMWF,Models show moderate disagreement and the forecast lead time reduces reliability.
Jaipur,2026-10-05 19:00:00,3,71.3,Medium,81.22,62.38,60.0,ECMWF,Models show moderate disagreement and the forecast lead time reduces reliability.
Jaipur,2026-10-05 20:00:00,3,71.0,Medium,81.22,61.2,60.0,ECMWF,Models show moderate disagreement and the forecast lead time reduces reliability.
Jaipur,2026-10-05 21:00:00,3,70.8,Medium,81.22,60.6,60.0,ECMWF,Models show moderate disagreement and the forecast lead time reduces reliability.
Jaipur,2026-10-05 22:00:00,3,71.8,Medium,81.22,63.91,60.0,ECMWF,Models show moderate disagreement and the forecast lead time reduces reliability.
Jaipur,2026-10-05 23:00:00,3,72.7,Medium,81.22,67.08,60.0,ECMWF,Models show moderate disagreement and the forecast lead time reduces reliability.
Jodhpur,2026-10-03 00:00:00,1,82.8,High,91.36,57.11,100.0,ECMWF,"ECMWF leads with strong short-range skill, with minor model spread in local precipitation."
Jodhpur,2026-10-03 01:00:00,1,82.0,High,91.36,54.49,100.0,ECMWF,"ECMWF leads with strong short-range skill, with minor model spread in local precipitation."
Jodhpur,2026-10-03 02:00:00,1,82.3,High,91.36,55.29,100.0,ECMWF,"ECMWF leads with strong short-range skill, with minor model spread in local precipitation."
Jodhpur,2026-10-03 03:00:00,1,82.3,High,91.36,55.51,100.0,ECMWF,"ECMWF leads with strong short-range skill, with minor model spread in local precipitation."
Jodhpur,2026-10-03 04:00:00,1,82.6,High,91.36,56.4,100.0,ECMWF,"ECMWF leads with strong short-range skill, with minor model spread in local precipitation."
Jodhpur,2026-10-03 05:00:00,1,82.4,High,91.36,55.62,100.0,ECMWF,"ECMWF leads with strong short-range skill, with minor model spread in local precipitation."
Jodhpur,2026-10-03 06:00:00,1,82.5,High,91.36,56.16,100.0,ECMWF,"ECMWF leads with strong short-range skill, with minor model spread in local precipitation."
Jodhpur,2026-10-03 07:00:00,1,84.3,High,91.36,62.09,100.0,ECMWF,"ECMWF leads with strong short-range skill, with minor model spread in local precipitation."
Jodhpur,2026-10-03 08:00:00,1,83.5,High,91.36,59.36,100.0,ECMWF,"ECMWF leads with strong short-range skill, with minor model spread in local precipitation."
Jodhpur,2026-10-03 09:00:00,1,85.2,High,91.36,65.17,100.0,ECMWF,"ECMWF leads with strong short-range skill, with minor model spread in local precipitation."
Jodhpur,2026-10-03 10:00:00,1,87.1,High,91.36,71.5,100.0,ECMWF,"ECMWF leads with strong short-range skill, with minor model spread in local precipitation."
Jodhpur,2026-10-03 11:00:00,1,88.3,High,91.36,75.25,100.0,ECMWF,"ECMWF leads with strong short-range skill, with minor model spread in local precipitation."
Jodhpur,2026-10-03 12:00:00,1,88.5,High,91.36,76.0,100.0,ECMWF,"ECMWF leads with strong short-range skill, with minor model spread in local precipitation."
Jodhpur,2026-10-03 13:00:00,1,89.7,Very High,91.36,79.96,100.0,ECMWF,"ECMWF exhibits outstanding regional skill, maintaining very high blend reliability for this short-range forecast."
Jodhpur,2026-10-03 14:00:00,1,90.7,Very High,91.36,83.29,100.0,ECMWF,"ECMWF has the highest historical skill, model agreement is strong, and this is a short-range forecast."
Jodhpur,2026-10-03 15:00:00,1,90.1,Very High,91.36,81.53,100.0,ECMWF,"ECMWF has the highest historical skill, model agreement is strong, and this is a short-range forecast."
Jodhpur,2026-10-03 16:00:00,1,89.4,High,91.36,78.91,100.0,ECMWF,"ECMWF leads with strong short-range skill, with minor model spread in local precipitation."
Jodhpur,2026-10-03 17:00:00,1,89.1,High,91.36,78.1,100.0,ECMWF,"ECMWF leads with strong short-range skill, with minor model spread in local precipitation."
Jodhpur,2026-10-03 18:00:00,1,87.8,High,91.36,73.64,100.0,ECMWF,"ECMWF leads with strong short-range skill, with minor model spread in local precipitation."
Jodhpur,2026-10-03 19:00:00,1,85.5,High,91.36,66.21,100.0,ECMWF,"ECMWF leads with strong short-range skill, with minor model spread in local precipitation."
Jodhpur,2026-10-03 20:00:00,1,84.6,High,91.36,63.16,100.0,ECMWF,"ECMWF leads with strong short-range skill, with minor model spread in local precipitation."
Jodhpur,2026-10-03 21:00:00,1,84.1,High,91.36,61.32,100.0,ECMWF,"ECMWF leads with strong short-range skill, with minor model spread in local precipitation."
Jodhpur,2026-10-03 22:00:00,1,84.4,High,91.36,62.48,100.0,ECMWF,"ECMWF leads with strong short-range skill, with minor model spread in local precipitation."
Jodhpur,2026-10-03 23:00:00,1,85.7,High,91.36,66.73,100.0,ECMWF,"ECMWF leads with strong short-range skill, with minor model spread in local precipitation."
Jodhpur,2026-10-04 00:00:00,2,80.1,High,85.79,70.55,80.0,ECMWF,"Low regional RMSE supports ECMWF dominance, while the 48-hour forecast horizon maintains stable predictability."
Jodhpur,2026-10-04 01:00:00,2,80.1,High,85.79,70.72,80.0,ECMWF,"Low regional RMSE supports ECMWF dominance, while the 48-hour forecast horizon maintains stable predictability."
Jodhpur,2026-10-04 02:00:00,2,79.0,High,85.79,67.17,80.0,ECMWF,"Low regional RMSE supports ECMWF dominance, while the 48-hour forecast horizon maintains stable predictability."
Jodhpur,2026-10-04 03:00:00,2,79.1,High,85.79,67.19,80.0,ECMWF,"Low regional RMSE supports ECMWF dominance, while the 48-hour forecast horizon maintains stable predictability."
Jodhpur,2026-10-04 04:00:00,2,78.6,High,85.79,65.54,80.0,ECMWF,"Low regional RMSE supports ECMWF dominance, while the 48-hour forecast horizon maintains stable predictability."
Jodhpur,2026-10-04 05:00:00,2,78.0,High,85.79,63.55,80.0,ECMWF,"Low regional RMSE supports ECMWF dominance, while the 48-hour forecast horizon maintains stable predictability."
Jodhpur,2026-10-04 06:00:00,2,77.9,High,85.79,63.37,80.0,ECMWF,"Low regional RMSE supports ECMWF dominance, while the 48-hour forecast horizon maintains stable predictability."
Jodhpur,2026-10-04 07:00:00,2,79.5,High,85.79,68.74,80.0,ECMWF,"Low regional RMSE supports ECMWF dominance, while the 48-hour forecast horizon maintains stable predictability."
Jodhpur,2026-10-04 08:00:00,2,78.7,High,85.79,65.95,80.0,ECMWF,"Low regional RMSE supports ECMWF dominance, while the 48-hour forecast horizon maintains stable predictability."
Jodhpur,2026-10-04 09:00:00,2,79.2,High,85.79,67.79,80.0,ECMWF,"Low regional RMSE supports ECMWF dominance, while the 48-hour forecast horizon maintains stable predictability."
Jodhpur,2026-10-04 10:00:00,2,80.0,High,85.79,70.33,80.0,ECMWF,"Low regional RMSE supports ECMWF dominance, while the 48-hour forecast horizon maintains stable predictability."
Jodhpur,2026-10-04 11:00:00,2,81.1,High,85.79,73.92,80.0,ECMWF,"Low regional RMSE supports ECMWF dominance, while the 48-hour forecast horizon maintains stable predictability."
Jodhpur,2026-10-04 12:00:00,2,81.5,High,85.79,75.21,80.0,ECMWF,"Low regional RMSE supports ECMWF dominance, while the 48-hour forecast horizon maintains stable predictability."
Jodhpur,2026-10-04 13:00:00,2,81.8,High,85.79,76.34,80.0,ECMWF,"Low regional RMSE supports ECMWF dominance, while the 48-hour forecast horizon maintains stable predictability."
Jodhpur,2026-10-04 14:00:00,2,81.6,High,85.79,75.79,80.0,ECMWF,"Low regional RMSE supports ECMWF dominance, while the 48-hour forecast horizon maintains stable predictability."
Jodhpur,2026-10-04 15:00:00,2,81.4,High,85.79,74.98,80.0,ECMWF,"Low regional RMSE supports ECMWF dominance, while the 48-hour forecast horizon maintains stable predictability."
Jodhpur,2026-10-04 16:00:00,2,80.9,High,85.79,73.24,80.0,ECMWF,"Low regional RMSE supports ECMWF dominance, while the 48-hour forecast horizon maintains stable predictability."
Jodhpur,2026-10-04 17:00:00,2,81.1,High,85.79,74.07,80.0,ECMWF,"Low regional RMSE supports ECMWF dominance, while the 48-hour forecast horizon maintains stable predictability."
Jodhpur,2026-10-04 18:00:00,2,81.5,High,85.79,75.25,80.0,ECMWF,"Low regional RMSE supports ECMWF dominance, while the 48-hour forecast horizon maintains stable predictability."
Jodhpur,2026-10-04 19:00:00,2,80.5,High,85.79,72.01,80.0,ECMWF,"Low regional RMSE supports ECMWF dominance, while the 48-hour forecast horizon maintains stable predictability."
Jodhpur,2026-10-04 20:00:00,2,79.0,High,85.79,67.05,80.0,ECMWF,"Low regional RMSE supports ECMWF dominance, while the 48-hour forecast horizon maintains stable predictability."
Jodhpur,2026-10-04 21:00:00,2,79.8,High,85.79,69.53,80.0,ECMWF,"Low regional RMSE supports ECMWF dominance, while the 48-hour forecast horizon maintains stable predictability."
Jodhpur,2026-10-04 22:00:00,2,80.4,High,85.79,71.76,80.0,ECMWF,"Low regional RMSE supports ECMWF dominance, while the 48-hour forecast horizon maintains stable predictability."
Jodhpur,2026-10-04 23:00:00,2,81.8,High,85.79,76.37,80.0,ECMWF,"Low regional RMSE supports ECMWF dominance, while the 48-hour forecast horizon maintains stable predictability."
Jodhpur,2026-10-05 00:00:00,3,75.6,High,82.57,74.52,60.0,ECMWF,"Low regional RMSE supports ECMWF dominance, while the extended Day 3 lead time maintains stable predictability."
Jodhpur,2026-10-05 01:00:00,3,75.2,High,82.57,73.01,60.0,ECMWF,"Low regional RMSE supports ECMWF dominance, while the extended Day 3 lead time maintains stable predictability."
Jodhpur,2026-10-05 02:00:00,3,74.8,High,82.57,71.56,60.0,ECMWF,"Low regional RMSE supports ECMWF dominance, while the extended Day 3 lead time maintains stable predictability."
Jodhpur,2026-10-05 03:00:00,3,74.3,Medium,82.57,69.92,60.0,ECMWF,Models show moderate disagreement and the forecast lead time reduces reliability.
Jodhpur,2026-10-05 04:00:00,3,74.0,Medium,82.57,69.15,60.0,ECMWF,Models show moderate disagreement and the forecast lead time reduces reliability.
Jodhpur,2026-10-05 05:00:00,3,74.0,Medium,82.57,69.08,60.0,ECMWF,Models show moderate disagreement and the forecast lead time reduces reliability.
Jodhpur,2026-10-05 06:00:00,3,73.5,Medium,82.57,67.36,60.0,ECMWF,Models show moderate disagreement and the forecast lead time reduces reliability.
Jodhpur,2026-10-05 07:00:00,3,73.5,Medium,82.57,67.37,60.0,ECMWF,Models show moderate disagreement and the forecast lead time reduces reliability.
Jodhpur,2026-10-05 08:00:00,3,72.6,Medium,82.57,64.51,60.0,ECMWF,Models show moderate disagreement and the forecast lead time reduces reliability.
Jodhpur,2026-10-05 09:00:00,3,72.7,Medium,82.57,64.85,60.0,ECMWF,Models show moderate disagreement and the forecast lead time reduces reliability.
Jodhpur,2026-10-05 10:00:00,3,73.5,Medium,82.57,67.53,60.0,ECMWF,Models show moderate disagreement and the forecast lead time reduces reliability.
Jodhpur,2026-10-05 11:00:00,3,74.1,Medium,82.57,69.44,60.0,ECMWF,Models show moderate disagreement and the forecast lead time reduces reliability.
Jodhpur,2026-10-05 12:00:00,3,74.2,Medium,82.57,69.81,60.0,ECMWF,Models show moderate disagreement and the forecast lead time reduces reliability.
Jodhpur,2026-10-05 13:00:00,3,74.2,Medium,82.57,69.88,60.0,ECMWF,Models show moderate disagreement and the forecast lead time reduces reliability.
Jodhpur,2026-10-05 14:00:00,3,74.5,High,82.57,70.59,60.0,ECMWF,"Low regional RMSE supports ECMWF dominance, while the extended Day 3 lead time maintains stable predictability."
Jodhpur,2026-10-05 15:00:00,3,74.3,Medium,82.57,70.2,60.0,ECMWF,Models show moderate disagreement and the forecast lead time reduces reliability.
Jodhpur,2026-10-05 16:00:00,3,74.1,Medium,82.57,69.54,60.0,ECMWF,Models show moderate disagreement and the forecast lead time reduces reliability.
Jodhpur,2026-10-05 17:00:00,3,74.5,High,82.57,70.62,60.0,ECMWF,"Low regional RMSE supports ECMWF dominance, while the extended Day 3 lead time maintains stable predictability."
Jodhpur,2026-10-05 18:00:00,3,75.2,High,82.57,73.08,60.0,ECMWF,"Low regional RMSE supports ECMWF dominance, while the extended Day 3 lead time maintains stable predictability."
Jodhpur,2026-10-05 19:00:00,3,74.3,Medium,82.57,70.17,60.0,ECMWF,Models show moderate disagreement and the forecast lead time reduces reliability.
Jodhpur,2026-10-05 20:00:00,3,73.0,Medium,82.57,65.82,60.0,ECMWF,Models show moderate disagreement and the forecast lead time reduces reliability.
Jodhpur,2026-10-05 21:00:00,3,73.5,Medium,82.57,67.32,60.0,ECMWF,Models show moderate disagreement and the forecast lead time reduces reliability.
Jodhpur,2026-10-05 22:00:00,3,73.9,Medium,82.57,68.84,60.0,ECMWF,Models show moderate disagreement and the forecast lead time reduces reliability.
Jodhpur,2026-10-05 23:00:00,3,75.1,High,82.57,72.58,60.0,ECMWF,"Low regional RMSE supports ECMWF dominance, while the extended Day 3 lead time maintains stable predictability."
Kanpur,2026-10-03 00:00:00,1,84.8,High,82.34,78.86,100.0,ECMWF,"ECMWF leads with strong short-range skill, with minor model spread in local precipitation."
Kanpur,2026-10-03 01:00:00,1,84.6,High,82.34,78.06,100.0,ECMWF,"ECMWF leads with strong short-range skill, with minor model spread in local precipitation."
Kanpur,2026-10-03 02:00:00,1,83.9,High,82.34,75.86,100.0,ECMWF,"ECMWF leads with strong short-range skill, with minor model spread in local precipitation."
Kanpur,2026-10-03 03:00:00,1,84.4,High,82.34,77.43,100.0,ECMWF,"ECMWF leads with strong short-range skill, with minor model spread in local precipitation."
Kanpur,2026-10-03 04:00:00,1,84.5,High,82.34,77.67,100.0,ECMWF,"ECMWF leads with strong short-range skill, with minor model spread in local precipitation."
Kanpur,2026-10-03 05:00:00,1,84.7,High,82.34,78.59,100.0,ECMWF,"ECMWF leads with strong short-range skill, with minor model spread in local precipitation."
Kanpur,2026-10-03 06:00:00,1,84.0,High,82.34,75.99,100.0,ECMWF,"ECMWF leads with strong short-range skill, with minor model spread in local precipitation."
Kanpur,2026-10-03 07:00:00,1,84.4,High,82.34,77.45,100.0,ECMWF,"ECMWF leads with strong short-range skill, with minor model spread in local precipitation."
Kanpur,2026-10-03 08:00:00,1,85.7,High,82.34,81.62,100.0,ECMWF,"ECMWF and ensemble members agree closely, while RMSE remains low for this region."
Kanpur,2026-10-03 09:00:00,1,85.8,High,82.34,82.15,100.0,ECMWF,"ECMWF and ensemble members agree closely, while RMSE remains low for this region."
Kanpur,2026-10-03 10:00:00,1,87.1,High,82.34,86.56,100.0,ECMWF,"ECMWF and ensemble members agree closely, while RMSE remains low for this region."
Kanpur,2026-10-03 11:00:00,1,88.5,High,82.34,90.94,100.0,ECMWF,"ECMWF and ensemble members agree closely, while RMSE remains low for this region."
Kanpur,2026-10-03 12:00:00,1,89.5,Very High,82.34,94.52,100.0,ECMWF,"ECMWF has the highest historical skill, model agreement is strong, and this is a short-range forecast."
Kanpur,2026-10-03 13:00:00,1,89.4,High,82.34,94.11,100.0,ECMWF,"ECMWF and ensemble members agree closely, while RMSE remains low for this region."
Kanpur,2026-10-03 14:00:00,1,88.4,High,82.34,90.85,100.0,ECMWF,"ECMWF and ensemble members agree closely, while RMSE remains low for this region."
Kanpur,2026-10-03 15:00:00,1,86.9,High,82.34,85.78,100.0,ECMWF,"ECMWF and ensemble members agree closely, while RMSE remains low for this region."
Kanpur,2026-10-03 16:00:00,1,84.7,High,82.34,78.43,100.0,ECMWF,"ECMWF leads with strong short-range skill, with minor model spread in local precipitation."
Kanpur,2026-10-03 17:00:00,1,85.9,High,82.34,82.38,100.0,ECMWF,"ECMWF and ensemble members agree closely, while RMSE remains low for this region."
Kanpur,2026-10-03 18:00:00,1,87.8,High,82.34,88.82,100.0,ECMWF,"ECMWF and ensemble members agree closely, while RMSE remains low for this region."
Kanpur,2026-10-03 19:00:00,1,88.5,High,82.34,91.16,100.0,ECMWF,"ECMWF and ensemble members agree closely, while RMSE remains low for this region."
Kanpur,2026-10-03 20:00:00,1,88.6,High,82.34,91.47,100.0,ECMWF,"ECMWF and ensemble members agree closely, while RMSE remains low for this region."
Kanpur,2026-10-03 21:00:00,1,87.6,High,82.34,88.22,100.0,ECMWF,"ECMWF and ensemble members agree closely, while RMSE remains low for this region."
Kanpur,2026-10-03 22:00:00,1,85.2,High,82.34,80.16,100.0,ECMWF,"ECMWF and ensemble members agree closely, while RMSE remains low for this region."
Kanpur,2026-10-03 23:00:00,1,84.0,High,82.34,76.11,100.0,ECMWF,"ECMWF leads with strong short-range skill, with minor model spread in local precipitation."
Kanpur,2026-10-04 00:00:00,2,76.2,High,75.3,75.07,80.0,ECMWF,"Low regional RMSE supports ECMWF dominance, while the 48-hour forecast horizon maintains stable predictability."
Kanpur,2026-10-04 01:00:00,2,75.9,High,75.3,74.09,80.0,ECMWF,"Low regional RMSE supports ECMWF dominance, while the 48-hour forecast horizon maintains stable predictability."
Kanpur,2026-10-04 02:00:00,2,76.5,High,75.3,76.06,80.0,ECMWF,"Low regional RMSE supports ECMWF dominance, while the 48-hour forecast horizon maintains stable predictability."
Kanpur,2026-10-04 03:00:00,2,77.0,High,75.3,77.9,80.0,ECMWF,"Low regional RMSE supports ECMWF dominance, while the 48-hour forecast horizon maintains stable predictability."
Kanpur,2026-10-04 04:00:00,2,77.6,High,75.3,79.97,80.0,ECMWF,"Low regional RMSE supports ECMWF dominance, while the 48-hour forecast horizon maintains stable predictability."
Kanpur,2026-10-04 05:00:00,2,77.6,High,75.3,79.87,80.0,ECMWF,"Low regional RMSE supports ECMWF dominance, while the 48-hour forecast horizon maintains stable predictability."
Kanpur,2026-10-04 06:00:00,2,76.2,High,75.3,75.23,80.0,ECMWF,"Low regional RMSE supports ECMWF dominance, while the 48-hour forecast horizon maintains stable predictability."
Kanpur,2026-10-04 07:00:00,2,76.3,High,75.3,75.57,80.0,ECMWF,"Low regional RMSE supports ECMWF dominance, while the 48-hour forecast horizon maintains stable predictability."
Kanpur,2026-10-04 08:00:00,2,75.5,High,75.3,72.69,80.0,ECMWF,"Low regional RMSE supports ECMWF dominance, while the 48-hour forecast horizon maintains stable predictability."
Kanpur,2026-10-04 09:00:00,2,74.6,High,75.3,69.88,80.0,ECMWF,"Low regional RMSE supports ECMWF dominance, while the 48-hour forecast horizon maintains stable predictability."
Kanpur,2026-10-04 10:00:00,2,74.5,High,75.3,69.56,80.0,ECMWF,"Low regional RMSE supports ECMWF dominance, while the 48-hour forecast horizon maintains stable predictability."
Kanpur,2026-10-04 11:00:00,2,75.2,High,75.3,71.87,80.0,ECMWF,"Low regional RMSE supports ECMWF dominance, while the 48-hour forecast horizon maintains stable predictability."
Kanpur,2026-10-04 12:00:00,2,75.7,High,75.3,73.36,80.0,ECMWF,"Low regional RMSE supports ECMWF dominance, while the 48-hour forecast horizon maintains stable predictability."
Kanpur,2026-10-04 13:00:00,2,75.7,High,75.3,73.4,80.0,ECMWF,"Low regional RMSE supports ECMWF dominance, while the 48-hour forecast horizon maintains stable predictability."
Kanpur,2026-10-04 14:00:00,2,75.5,High,75.3,72.75,80.0,ECMWF,"Low regional RMSE supports ECMWF dominance, while the 48-hour forecast horizon maintains stable predictability."
Kanpur,2026-10-04 15:00:00,2,75.7,High,75.3,73.47,80.0,ECMWF,"Low regional RMSE supports ECMWF dominance, while the 48-hour forecast horizon maintains stable predictability."
Kanpur,2026-10-04 16:00:00,2,78.2,High,75.3,81.73,80.0,ECMWF,"ECMWF and ensemble members agree closely, while RMSE remains low for this region."
Kanpur,2026-10-04 17:00:00,2,77.5,High,75.3,79.59,80.0,ECMWF,"Low regional RMSE supports ECMWF dominance, while the 48-hour forecast horizon maintains stable predictability."
Kanpur,2026-10-04 18:00:00,2,79.0,High,75.3,84.49,80.0,ECMWF,"ECMWF and ensemble members agree closely, while RMSE remains low for this region."
Kanpur,2026-10-04 19:00:00,2,81.0,High,75.3,91.25,80.0,ECMWF,"ECMWF and ensemble members agree closely, while RMSE remains low for this region."
Kanpur,2026-10-04 20:00:00,2,81.8,High,75.3,93.87,80.0,ECMWF,"ECMWF and ensemble members agree closely, while RMSE remains low for this region."
Kanpur,2026-10-04 21:00:00,2,80.8,High,75.3,90.37,80.0,ECMWF,"ECMWF and ensemble members agree closely, while RMSE remains low for this region."
Kanpur,2026-10-04 22:00:00,2,78.1,High,75.3,81.49,80.0,ECMWF,"ECMWF and ensemble members agree closely, while RMSE remains low for this region."
Kanpur,2026-10-04 23:00:00,2,78.5,High,75.3,82.85,80.0,ECMWF,"ECMWF and ensemble members agree closely, while RMSE remains low for this region."
Kanpur,2026-10-05 00:00:00,3,75.8,High,76.93,84.58,60.0,ECMWF,"ECMWF and ensemble members agree closely, while RMSE remains low for this region."
Kanpur,2026-10-05 01:00:00,3,74.3,Medium,76.93,79.56,60.0,ECMWF,Models show moderate disagreement and the forecast lead time reduces reliability.
Kanpur,2026-10-05 02:00:00,3,73.2,Medium,76.93,75.76,60.0,ECMWF,Models show moderate disagreement and the forecast lead time reduces reliability.
Kanpur,2026-10-05 03:00:00,3,73.4,Medium,76.93,76.5,60.0,ECMWF,Models show moderate disagreement and the forecast lead time reduces reliability.
Kanpur,2026-10-05 04:00:00,3,74.4,Medium,76.93,79.62,60.0,ECMWF,Models show moderate disagreement and the forecast lead time reduces reliability.
Kanpur,2026-10-05 05:00:00,3,74.7,High,76.93,80.75,60.0,ECMWF,"ECMWF and ensemble members agree closely, while RMSE remains low for this region."
Kanpur,2026-10-05 06:00:00,3,73.5,Medium,76.93,76.75,60.0,ECMWF,Models show moderate disagreement and the forecast lead time reduces reliability.
Kanpur,2026-10-05 07:00:00,3,75.2,High,76.93,82.5,60.0,ECMWF,"ECMWF and ensemble members agree closely, while RMSE remains low for this region."
Kanpur,2026-10-05 08:00:00,3,74.9,High,76.93,81.53,60.0,ECMWF,"ECMWF and ensemble members agree closely, while RMSE remains low for this region."
Kanpur,2026-10-05 09:00:00,3,74.6,High,76.93,80.6,60.0,ECMWF,"ECMWF and ensemble members agree closely, while RMSE remains low for this region."
Kanpur,2026-10-05 10:00:00,3,74.8,High,76.93,81.23,60.0,ECMWF,"ECMWF and ensemble members agree closely, while RMSE remains low for this region."
Kanpur,2026-10-05 11:00:00,3,73.5,Medium,76.93,76.69,60.0,ECMWF,Models show moderate disagreement and the forecast lead time reduces reliability.
Kanpur,2026-10-05 12:00:00,3,71.8,Medium,76.93,71.26,60.0,ECMWF,Models show moderate disagreement and the forecast lead time reduces reliability.
Kanpur,2026-10-05 13:00:00,3,70.7,Medium,76.93,67.53,60.0,ECMWF,Models show moderate disagreement and the forecast lead time reduces reliability.
Kanpur,2026-10-05 14:00:00,3,70.5,Medium,76.93,66.75,60.0,ECMWF,Models show moderate disagreement and the forecast lead time reduces reliability.
Kanpur,2026-10-05 15:00:00,3,71.6,Medium,76.93,70.61,60.0,ECMWF,Models show moderate disagreement and the forecast lead time reduces reliability.
Kanpur,2026-10-05 16:00:00,3,73.1,Medium,76.93,75.34,60.0,ECMWF,Models show moderate disagreement and the forecast lead time reduces reliability.
Kanpur,2026-10-05 17:00:00,3,74.5,High,76.93,80.21,60.0,ECMWF,"ECMWF and ensemble members agree closely, while RMSE remains low for this region."
Kanpur,2026-10-05 18:00:00,3,75.2,High,76.93,82.51,60.0,ECMWF,"ECMWF and ensemble members agree closely, while RMSE remains low for this region."
Kanpur,2026-10-05 19:00:00,3,74.2,Medium,76.93,79.28,60.0,ECMWF,Models show moderate disagreement and the forecast lead time reduces reliability.
Kanpur,2026-10-05 20:00:00,3,73.3,Medium,76.93,76.25,60.0,ECMWF,Models show moderate disagreement and the forecast lead time reduces reliability.
Kanpur,2026-10-05 21:00:00,3,72.4,Medium,76.93,73.1,60.0,ECMWF,Models show moderate disagreement and the forecast lead time reduces reliability.
Kanpur,2026-10-05 22:00:00,3,71.4,Medium,76.93,69.82,60.0,ECMWF,Models show moderate disagreement and the forecast lead time reduces reliability.
Kanpur,2026-10-05 23:00:00,3,71.7,Medium,76.93,70.79,60.0,ECMWF,Models show moderate disagreement and the forecast lead time reduces reliability.
Kochi,2026-10-03 00:00:00,1,84.8,High,83.96,76.09,100.0,ICON,"ICON leads with strong short-range skill, with minor model spread in local precipitation."
Kochi,2026-10-03 01:00:00,1,83.6,High,83.96,72.17,100.0,ICON,"ICON leads with strong short-range skill, with minor model spread in local precipitation."
Kochi,2026-10-03 02:00:00,1,83.1,High,83.96,70.45,100.0,ICON,"ICON leads with strong short-range skill, with minor model spread in local precipitation."
Kochi,2026-10-03 03:00:00,1,79.4,High,83.96,58.0,100.0,ICON,"ICON leads with strong short-range skill, with minor model spread in local precipitation."
Kochi,2026-10-03 04:00:00,1,81.1,High,83.96,63.89,100.0,ICON,"ICON leads with strong short-range skill, with minor model spread in local precipitation."
Kochi,2026-10-03 05:00:00,1,84.3,High,83.96,74.29,100.0,ICON,"ICON leads with strong short-range skill, with minor model spread in local precipitation."
Kochi,2026-10-03 06:00:00,1,87.6,High,83.96,85.25,100.0,ICON,"ICON and ensemble members agree closely, while RMSE remains low for this region."
Kochi,2026-10-03 07:00:00,1,86.2,High,83.96,80.82,100.0,ICON,"ICON and ensemble members agree closely, while RMSE remains low for this region."
Kochi,2026-10-03 08:00:00,1,87.2,High,83.96,84.18,100.0,ICON,"ICON and ensemble members agree closely, while RMSE remains low for this region."
Kochi,2026-10-03 09:00:00,1,85.4,High,83.96,78.07,100.0,ICON,"ICON leads with strong short-range skill, with minor model spread in local precipitation."
Kochi,2026-10-03 10:00:00,1,86.0,High,83.96,80.16,100.0,ICON,"ICON and ensemble members agree closely, while RMSE remains low for this region."
Kochi,2026-10-03 11:00:00,1,84.0,High,83.96,73.46,100.0,ICON,"ICON leads with strong short-range skill, with minor model spread in local precipitation."
Kochi,2026-10-03 12:00:00,1,84.9,High,83.96,76.46,100.0,ICON,"ICON leads with strong short-range skill, with minor model spread in local precipitation."
Kochi,2026-10-03 13:00:00,1,85.4,High,83.96,77.95,100.0,ICON,"ICON leads with strong short-range skill, with minor model spread in local precipitation."
Kochi,2026-10-03 14:00:00,1,88.1,High,83.96,87.05,100.0,ICON,"ICON and ensemble members agree closely, while RMSE remains low for this region."
Kochi,2026-10-03 15:00:00,1,82.8,High,83.96,69.37,100.0,ICON,"ICON leads with strong short-range skill, with minor model spread in local precipitation."
Kochi,2026-10-03 16:00:00,1,88.2,High,83.96,87.33,100.0,ICON,"ICON and ensemble members agree closely, while RMSE remains low for this region."
Kochi,2026-10-03 17:00:00,1,90.8,Very High,83.96,96.17,100.0,ICON,"ICON has the highest historical skill, model agreement is strong, and this is a short-range forecast."
Kochi,2026-10-03 18:00:00,1,88.2,High,83.96,87.51,100.0,ICON,"ICON and ensemble members agree closely, while RMSE remains low for this region."
Kochi,2026-10-03 19:00:00,1,86.2,High,83.96,80.9,100.0,ICON,"ICON and ensemble members agree closely, while RMSE remains low for this region."
Kochi,2026-10-03 20:00:00,1,88.8,High,83.96,89.29,100.0,ICON,"ICON and ensemble members agree closely, while RMSE remains low for this region."
Kochi,2026-10-03 21:00:00,1,88.9,High,83.96,89.67,100.0,ICON,"ICON and ensemble members agree closely, while RMSE remains low for this region."
Kochi,2026-10-03 22:00:00,1,87.6,High,83.96,85.42,100.0,ICON,"ICON and ensemble members agree closely, while RMSE remains low for this region."
Kochi,2026-10-03 23:00:00,1,86.8,High,83.96,82.75,100.0,ICON,"ICON and ensemble members agree closely, while RMSE remains low for this region."
Kochi,2026-10-04 00:00:00,2,81.1,High,83.47,77.99,80.0,ICON,"Low regional RMSE supports ICON dominance, while the 48-hour forecast horizon maintains stable predictability."
Kochi,2026-10-04 01:00:00,2,83.8,High,83.47,86.97,80.0,ICON,"ICON and ensemble members agree closely, while RMSE remains low for this region."
Kochi,2026-10-04 02:00:00,2,84.6,High,83.47,89.39,80.0,ICON,"ICON and ensemble members agree closely, while RMSE remains low for this region."
Kochi,2026-10-04 03:00:00,2,84.4,High,83.47,89.0,80.0,ICON,"ICON and ensemble members agree closely, while RMSE remains low for this region."
Kochi,2026-10-04 04:00:00,2,84.3,High,83.47,88.67,80.0,ICON,"ICON and ensemble members agree closely, while RMSE remains low for this region."
Kochi,2026-10-04 05:00:00,2,84.1,High,83.47,87.72,80.0,ICON,"ICON and ensemble members agree closely, while RMSE remains low for this region."
Kochi,2026-10-04 06:00:00,2,83.1,High,83.47,84.67,80.0,ICON,"ICON and ensemble members agree closely, while RMSE remains low for this region."
Kochi,2026-10-04 07:00:00,2,84.9,High,83.47,90.52,80.0,ICON,"ICON and ensemble members agree closely, while RMSE remains low for this region."
Kochi,2026-10-04 08:00:00,2,84.3,High,83.47,88.62,80.0,ICON,"ICON and ensemble members agree closely, while RMSE remains low for this region."
Kochi,2026-10-04 09:00:00,2,82.6,High,83.47,83.01,80.0,ICON,"ICON and ensemble members agree closely, while RMSE remains low for this region."
Kochi,2026-10-04 10:00:00,2,81.3,High,83.47,78.43,80.0,ICON,"Low regional RMSE supports ICON dominance, while the 48-hour forecast horizon maintains stable predictability."
Kochi,2026-10-04 11:00:00,2,80.2,High,83.47,74.93,80.0,ICON,"Low regional RMSE supports ICON dominance, while the 48-hour forecast horizon maintains stable predictability."
Kochi,2026-10-04 12:00:00,2,83.3,High,83.47,85.09,80.0,ICON,"ICON and ensemble members agree closely, while RMSE remains low for this region."
Kochi,2026-10-04 13:00:00,2,84.8,High,83.47,90.3,80.0,ICON,"ICON and ensemble members agree closely, while RMSE remains low for this region."
Kochi,2026-10-04 14:00:00,2,83.1,High,83.47,84.67,80.0,ICON,"ICON and ensemble members agree closely, while RMSE remains low for this region."
Kochi,2026-10-04 15:00:00,2,82.4,High,83.47,82.11,80.0,ICON,"ICON and ensemble members agree closely, while RMSE remains low for this region."
Kochi,2026-10-04 16:00:00,2,81.9,High,83.47,80.7,80.0,ICON,"ICON and ensemble members agree closely, while RMSE remains low for this region."
Kochi,2026-10-04 17:00:00,2,82.9,High,83.47,83.85,80.0,ICON,"ICON and ensemble members agree closely, while RMSE remains low for this region."
Kochi,2026-10-04 18:00:00,2,86.1,High,83.47,94.67,80.0,ICON,"ICON and ensemble members agree closely, while RMSE remains low for this region."
Kochi,2026-10-04 19:00:00,2,81.4,High,83.47,78.86,80.0,ICON,"Low regional RMSE supports ICON dominance, while the 48-hour forecast horizon maintains stable predictability."
Kochi,2026-10-04 20:00:00,2,81.9,High,83.47,80.57,80.0,ICON,"ICON and ensemble members agree closely, while RMSE remains low for this region."
Kochi,2026-10-04 21:00:00,2,82.8,High,83.47,83.45,80.0,ICON,"ICON and ensemble members agree closely, while RMSE remains low for this region."
Kochi,2026-10-04 22:00:00,2,81.3,High,83.47,78.61,80.0,ICON,"Low regional RMSE supports ICON dominance, while the 48-hour forecast horizon maintains stable predictability."
Kochi,2026-10-04 23:00:00,2,77.5,High,83.47,65.73,80.0,ICON,"Low regional RMSE supports ICON dominance, while the 48-hour forecast horizon maintains stable predictability."
Kochi,2026-10-05 00:00:00,3,73.0,Medium,82.59,65.53,60.0,ICON,Models show moderate disagreement and the forecast lead time reduces reliability.
Kochi,2026-10-05 01:00:00,3,75.6,High,82.59,74.31,60.0,ICON,"Low regional RMSE supports ICON dominance, while the extended Day 3 lead time maintains stable predictability."
Kochi,2026-10-05 02:00:00,3,77.9,High,82.59,81.9,60.0,ICON,"ICON and ensemble members agree closely, while RMSE remains low for this region."
Kochi,2026-10-05 03:00:00,3,79.3,High,82.59,86.54,60.0,ICON,"ICON and ensemble members agree closely, while RMSE remains low for this region."
Kochi,2026-10-05 04:00:00,3,79.5,High,82.59,87.21,60.0,ICON,"ICON and ensemble members agree closely, while RMSE remains low for this region."
Kochi,2026-10-05 05:00:00,3,77.9,High,82.59,81.92,60.0,ICON,"ICON and ensemble members agree closely, while RMSE remains low for this region."
Kochi,2026-10-05 06:00:00,3,77.6,High,82.59,81.02,60.0,ICON,"ICON and ensemble members agree closely, while RMSE remains low for this region."
Kochi,2026-10-05 07:00:00,3,76.4,High,82.59,77.1,60.0,ICON,"Low regional RMSE supports ICON dominance, while the extended Day 3 lead time maintains stable predictability."
Kochi,2026-10-05 08:00:00,3,74.2,Medium,82.59,69.74,60.0,ICON,Models show moderate disagreement and the forecast lead time reduces reliability.
Kochi,2026-10-05 09:00:00,3,73.9,Medium,82.59,68.8,60.0,ICON,Models show moderate disagreement and the forecast lead time reduces reliability.
Kochi,2026-10-05 10:00:00,3,74.2,Medium,82.59,69.54,60.0,ICON,Models show moderate disagreement and the forecast lead time reduces reliability.
Kochi,2026-10-05 11:00:00,3,74.7,High,82.59,71.51,60.0,ICON,"Low regional RMSE supports ICON dominance, while the extended Day 3 lead time maintains stable predictability."
Kochi,2026-10-05 12:00:00,3,75.5,High,82.59,73.99,60.0,ICON,"Low regional RMSE supports ICON dominance, while the extended Day 3 lead time maintains stable predictability."
Kochi,2026-10-05 13:00:00,3,79.0,High,82.59,85.79,60.0,ICON,"ICON and ensemble members agree closely, while RMSE remains low for this region."
Kochi,2026-10-05 14:00:00,3,78.9,High,82.59,85.38,60.0,ICON,"ICON and ensemble members agree closely, while RMSE remains low for this region."
Kochi,2026-10-05 15:00:00,3,79.9,High,82.59,88.65,60.0,ICON,"ICON and ensemble members agree closely, while RMSE remains low for this region."
Kochi,2026-10-05 16:00:00,3,78.6,High,82.59,84.25,60.0,ICON,"ICON and ensemble members agree closely, while RMSE remains low for this region."
Kochi,2026-10-05 17:00:00,3,78.8,High,82.59,85.01,60.0,ICON,"ICON and ensemble members agree closely, while RMSE remains low for this region."
Kochi,2026-10-05 18:00:00,3,80.8,High,82.59,91.73,60.0,ICON,"ICON and ensemble members agree closely, while RMSE remains low for this region."
Kochi,2026-10-05 19:00:00,3,79.2,High,82.59,86.41,60.0,ICON,"ICON and ensemble members agree closely, while RMSE remains low for this region."
Kochi,2026-10-05 20:00:00,3,74.9,High,82.59,72.14,60.0,ICON,"Low regional RMSE supports ICON dominance, while the extended Day 3 lead time maintains stable predictability."
Kochi,2026-10-05 21:00:00,3,74.5,High,82.59,70.71,60.0,ICON,"Low regional RMSE supports ICON dominance, while the extended Day 3 lead time maintains stable predictability."
Kochi,2026-10-05 22:00:00,3,78.7,High,82.59,84.62,60.0,ICON,"ICON and ensemble members agree closely, while RMSE remains low for this region."
Kochi,2026-10-05 23:00:00,3,81.8,High,82.59,95.02,60.0,ICON,"ICON and ensemble members agree closely, while RMSE remains low for this region."
Kolkata,2026-10-03 00:00:00,1,85.0,High,80.37,82.81,100.0,ICON,"ICON and ensemble members agree closely, while RMSE remains low for this region."
Kolkata,2026-10-03 01:00:00,1,84.8,High,80.37,81.96,100.0,ICON,"ICON and ensemble members agree closely, while RMSE remains low for this region."
Kolkata,2026-10-03 02:00:00,1,84.9,High,80.37,82.38,100.0,ICON,"ICON and ensemble members agree closely, while RMSE remains low for this region."
Kolkata,2026-10-03 03:00:00,1,85.3,High,80.37,83.73,100.0,ICON,"ICON and ensemble members agree closely, while RMSE remains low for this region."
Kolkata,2026-10-03 04:00:00,1,85.5,High,80.37,84.24,100.0,ICON,"ICON and ensemble members agree closely, while RMSE remains low for this region."
Kolkata,2026-10-03 05:00:00,1,85.2,High,80.37,83.29,100.0,ICON,"ICON and ensemble members agree closely, while RMSE remains low for this region."
Kolkata,2026-10-03 06:00:00,1,84.6,High,80.37,81.51,100.0,ICON,"ICON and ensemble members agree closely, while RMSE remains low for this region."
Kolkata,2026-10-03 07:00:00,1,84.5,High,80.37,81.19,100.0,ICON,"ICON and ensemble members agree closely, while RMSE remains low for this region."
Kolkata,2026-10-03 08:00:00,1,84.2,High,80.37,80.17,100.0,ICON,"ICON and ensemble members agree closely, while RMSE remains low for this region."
Kolkata,2026-10-03 09:00:00,1,84.8,High,80.37,81.98,100.0,ICON,"ICON and ensemble members agree closely, while RMSE remains low for this region."
Kolkata,2026-10-03 10:00:00,1,85.0,High,80.37,82.7,100.0,ICON,"ICON and ensemble members agree closely, while RMSE remains low for this region."
Kolkata,2026-10-03 11:00:00,1,85.4,High,80.37,84.06,100.0,ICON,"ICON and ensemble members agree closely, while RMSE remains low for this region."
Kolkata,2026-10-03 12:00:00,1,85.6,High,80.37,84.55,100.0,ICON,"ICON and ensemble members agree closely, while RMSE remains low for this region."
Kolkata,2026-10-03 13:00:00,1,83.8,High,80.37,78.57,100.0,ICON,"ICON leads with strong short-range skill, with minor model spread in local precipitation."
Kolkata,2026-10-03 14:00:00,1,84.0,High,80.37,79.37,100.0,ICON,"ICON leads with strong short-range skill, with minor model spread in local precipitation."
Kolkata,2026-10-03 15:00:00,1,82.4,High,80.37,74.02,100.0,ICON,"ICON leads with strong short-range skill, with minor model spread in local precipitation."
Kolkata,2026-10-03 16:00:00,1,79.8,High,80.37,65.26,100.0,ICON,"ICON leads with strong short-range skill, with minor model spread in local precipitation."
Kolkata,2026-10-03 17:00:00,1,78.5,High,80.37,61.11,100.0,ICON,"ICON leads with strong short-range skill, with minor model spread in local precipitation."
Kolkata,2026-10-03 18:00:00,1,79.2,High,80.37,63.29,100.0,ICON,"ICON leads with strong short-range skill, with minor model spread in local precipitation."
Kolkata,2026-10-03 19:00:00,1,80.1,High,80.37,66.33,100.0,ICON,"ICON leads with strong short-range skill, with minor model spread in local precipitation."
Kolkata,2026-10-03 20:00:00,1,80.8,High,80.37,68.77,100.0,ICON,"ICON leads with strong short-range skill, with minor model spread in local precipitation."
Kolkata,2026-10-03 21:00:00,1,82.0,High,80.37,72.85,100.0,ICON,"ICON leads with strong short-range skill, with minor model spread in local precipitation."
Kolkata,2026-10-03 22:00:00,1,82.9,High,80.37,75.83,100.0,ICON,"ICON leads with strong short-range skill, with minor model spread in local precipitation."
Kolkata,2026-10-03 23:00:00,1,83.3,High,80.37,77.17,100.0,ICON,"ICON leads with strong short-range skill, with minor model spread in local precipitation."
Kolkata,2026-10-04 00:00:00,2,77.8,High,76.84,77.88,80.0,ICON,"Low regional RMSE supports ICON dominance, while the 48-hour forecast horizon maintains stable predictability."
Kolkata,2026-10-04 01:00:00,2,78.3,High,76.84,79.46,80.0,ICON,"Low regional RMSE supports ICON dominance, while the 48-hour forecast horizon maintains stable predictability."
Kolkata,2026-10-04 02:00:00,2,78.6,High,76.84,80.54,80.0,ICON,"ICON and ensemble members agree closely, while RMSE remains low for this region."
Kolkata,2026-10-04 03:00:00,2,78.1,High,76.84,79.07,80.0,ICON,"Low regional RMSE supports ICON dominance, while the 48-hour forecast horizon maintains stable predictability."
Kolkata,2026-10-04 04:00:00,2,78.1,High,76.84,78.95,80.0,ICON,"Low regional RMSE supports ICON dominance, while the 48-hour forecast horizon maintains stable predictability."
Kolkata,2026-10-04 05:00:00,2,79.3,High,76.84,82.95,80.0,ICON,"ICON and ensemble members agree closely, while RMSE remains low for this region."
Kolkata,2026-10-04 06:00:00,2,79.7,High,76.84,84.23,80.0,ICON,"ICON and ensemble members agree closely, while RMSE remains low for this region."
Kolkata,2026-10-04 07:00:00,2,78.5,High,76.84,80.31,80.0,ICON,"ICON and ensemble members agree closely, while RMSE remains low for this region."
Kolkata,2026-10-04 08:00:00,2,79.2,High,76.84,82.5,80.0,ICON,"ICON and ensemble members agree closely, while RMSE remains low for this region."
Kolkata,2026-10-04 09:00:00,2,81.2,High,76.84,89.3,80.0,ICON,"ICON and ensemble members agree closely, while RMSE remains low for this region."
Kolkata,2026-10-04 10:00:00,2,82.2,High,76.84,92.56,80.0,ICON,"ICON and ensemble members agree closely, while RMSE remains low for this region."
Kolkata,2026-10-04 11:00:00,2,81.0,High,76.84,88.51,80.0,ICON,"ICON and ensemble members agree closely, while RMSE remains low for this region."
Kolkata,2026-10-04 12:00:00,2,80.0,High,76.84,85.11,80.0,ICON,"ICON and ensemble members agree closely, while RMSE remains low for this region."
Kolkata,2026-10-04 13:00:00,2,79.5,High,76.84,83.47,80.0,ICON,"ICON and ensemble members agree closely, while RMSE remains low for this region."
Kolkata,2026-10-04 14:00:00,2,78.3,High,76.84,79.54,80.0,ICON,"Low regional RMSE supports ICON dominance, while the 48-hour forecast horizon maintains stable predictability."
Kolkata,2026-10-04 15:00:00,2,78.4,High,76.84,79.81,80.0,ICON,"Low regional RMSE supports ICON dominance, while the 48-hour forecast horizon maintains stable predictability."
Kolkata,2026-10-04 16:00:00,2,76.1,High,76.84,72.41,80.0,ICON,"Low regional RMSE supports ICON dominance, while the 48-hour forecast horizon maintains stable predictability."
Kolkata,2026-10-04 17:00:00,2,72.3,Medium,76.84,59.53,80.0,ICON,Inter-model spread indicates divergence between NWP forecasts despite ICON weighting.
Kolkata,2026-10-04 18:00:00,2,72.7,Medium,76.84,60.97,80.0,ICON,Inter-model spread indicates divergence between NWP forecasts despite ICON weighting.
Kolkata,2026-10-04 19:00:00,2,75.1,High,76.84,68.84,80.0,ICON,"Low regional RMSE supports ICON dominance, while the 48-hour forecast horizon maintains stable predictability."
Kolkata,2026-10-04 20:00:00,2,76.0,High,76.84,71.94,80.0,ICON,"Low regional RMSE supports ICON dominance, while the 48-hour forecast horizon maintains stable predictability."
Kolkata,2026-10-04 21:00:00,2,76.4,High,76.84,73.43,80.0,ICON,"Low regional RMSE supports ICON dominance, while the 48-hour forecast horizon maintains stable predictability."
Kolkata,2026-10-04 22:00:00,2,78.0,High,76.84,78.71,80.0,ICON,"Low regional RMSE supports ICON dominance, while the 48-hour forecast horizon maintains stable predictability."
Kolkata,2026-10-04 23:00:00,2,79.9,High,76.84,84.81,80.0,ICON,"ICON and ensemble members agree closely, while RMSE remains low for this region."
Kolkata,2026-10-05 00:00:00,3,76.9,High,76.22,89.27,60.0,ECMWF,"ECMWF and ensemble members agree closely, while RMSE remains low for this region."
Kolkata,2026-10-05 01:00:00,3,78.1,High,76.22,93.35,60.0,ECMWF,"ECMWF and ensemble members agree closely, while RMSE remains low for this region."
Kolkata,2026-10-05 02:00:00,3,75.0,High,76.22,82.98,60.0,ECMWF,"ECMWF and ensemble members agree closely, while RMSE remains low for this region."
Kolkata,2026-10-05 03:00:00,3,73.2,Medium,76.22,77.03,60.0,ECMWF,Models show moderate disagreement and the forecast lead time reduces reliability.
Kolkata,2026-10-05 04:00:00,3,73.6,Medium,76.22,78.32,60.0,ECMWF,Models show moderate disagreement and the forecast lead time reduces reliability.
Kolkata,2026-10-05 05:00:00,3,73.6,Medium,76.22,78.36,60.0,ECMWF,Models show moderate disagreement and the forecast lead time reduces reliability.
Kolkata,2026-10-05 06:00:00,3,73.9,Medium,76.22,79.28,60.0,ECMWF,Models show moderate disagreement and the forecast lead time reduces reliability.
Kolkata,2026-10-05 07:00:00,3,73.5,Medium,76.22,77.91,60.0,ECMWF,Models show moderate disagreement and the forecast lead time reduces reliability.
Kolkata,2026-10-05 08:00:00,3,73.4,Medium,76.22,77.74,60.0,ECMWF,Models show moderate disagreement and the forecast lead time reduces reliability.
Kolkata,2026-10-05 09:00:00,3,73.6,Medium,76.22,78.41,60.0,ECMWF,Models show moderate disagreement and the forecast lead time reduces reliability.
Kolkata,2026-10-05 10:00:00,3,74.1,Medium,76.22,80.02,60.0,ECMWF,Models show moderate disagreement and the forecast lead time reduces reliability.
Kolkata,2026-10-05 11:00:00,3,74.0,Medium,76.22,79.68,60.0,ECMWF,Models show moderate disagreement and the forecast lead time reduces reliability.
Kolkata,2026-10-05 12:00:00,3,74.7,High,76.22,81.95,60.0,ECMWF,"ECMWF and ensemble members agree closely, while RMSE remains low for this region."
Kolkata,2026-10-05 13:00:00,3,74.5,High,76.22,81.42,60.0,ECMWF,"ECMWF and ensemble members agree closely, while RMSE remains low for this region."
Kolkata,2026-10-05 14:00:00,3,74.1,Medium,76.22,80.03,60.0,ECMWF,Models show moderate disagreement and the forecast lead time reduces reliability.
Kolkata,2026-10-05 15:00:00,3,73.8,Medium,76.22,79.05,60.0,ECMWF,Models show moderate disagreement and the forecast lead time reduces reliability.
Kolkata,2026-10-05 16:00:00,3,73.0,Medium,76.22,76.21,60.0,ECMWF,Models show moderate disagreement and the forecast lead time reduces reliability.
Kolkata,2026-10-05 17:00:00,3,72.7,Medium,76.22,75.35,60.0,ECMWF,Models show moderate disagreement and the forecast lead time reduces reliability.
Kolkata,2026-10-05 18:00:00,3,73.3,Medium,76.22,77.26,60.0,ECMWF,Models show moderate disagreement and the forecast lead time reduces reliability.
Kolkata,2026-10-05 19:00:00,3,73.9,Medium,76.22,79.31,60.0,ECMWF,Models show moderate disagreement and the forecast lead time reduces reliability.
Kolkata,2026-10-05 20:00:00,3,74.0,Medium,76.22,79.64,60.0,ECMWF,Models show moderate disagreement and the forecast lead time reduces reliability.
Kolkata,2026-10-05 21:00:00,3,72.9,Medium,76.22,75.91,60.0,ECMWF,Models show moderate disagreement and the forecast lead time reduces reliability.
Kolkata,2026-10-05 22:00:00,3,73.2,Medium,76.22,77.01,60.0,ECMWF,Models show moderate disagreement and the forecast lead time reduces reliability.
Kolkata,2026-10-05 23:00:00,3,74.1,Medium,76.22,79.99,60.0,ECMWF,Models show moderate disagreement and the forecast lead time reduces reliability.
Kota,2026-10-03 00:00:00,1,82.9,High,85.81,66.64,100.0,ECMWF,"ECMWF leads with strong short-range skill, with minor model spread in local precipitation."
Kota,2026-10-03 01:00:00,1,83.1,High,85.81,67.47,100.0,ECMWF,"ECMWF leads with strong short-range skill, with minor model spread in local precipitation."
Kota,2026-10-03 02:00:00,1,83.5,High,85.81,68.51,100.0,ECMWF,"ECMWF leads with strong short-range skill, with minor model spread in local precipitation."
Kota,2026-10-03 03:00:00,1,82.6,High,85.81,65.81,100.0,ECMWF,"ECMWF leads with strong short-range skill, with minor model spread in local precipitation."
Kota,2026-10-03 04:00:00,1,81.8,High,85.81,62.9,100.0,ECMWF,"ECMWF leads with strong short-range skill, with minor model spread in local precipitation."
Kota,2026-10-03 05:00:00,1,81.9,High,85.81,63.25,100.0,ECMWF,"ECMWF leads with strong short-range skill, with minor model spread in local precipitation."
Kota,2026-10-03 06:00:00,1,81.1,High,85.81,60.59,100.0,ECMWF,"ECMWF leads with strong short-range skill, with minor model spread in local precipitation."
Kota,2026-10-03 07:00:00,1,82.0,High,85.81,63.66,100.0,ECMWF,"ECMWF leads with strong short-range skill, with minor model spread in local precipitation."
Kota,2026-10-03 08:00:00,1,82.5,High,85.81,65.21,100.0,ECMWF,"ECMWF leads with strong short-range skill, with minor model spread in local precipitation."
Kota,2026-10-03 09:00:00,1,84.5,High,85.81,72.03,100.0,ECMWF,"ECMWF leads with strong short-range skill, with minor model spread in local precipitation."
Kota,2026-10-03 10:00:00,1,85.1,High,85.81,74.1,100.0,ECMWF,"ECMWF leads with strong short-range skill, with minor model spread in local precipitation."
Kota,2026-10-03 11:00:00,1,86.5,High,85.81,78.8,100.0,ECMWF,"ECMWF leads with strong short-range skill, with minor model spread in local precipitation."
Kota,2026-10-03 12:00:00,1,87.5,High,85.81,81.93,100.0,ECMWF,"ECMWF and ensemble members agree closely, while RMSE remains low for this region."
Kota,2026-10-03 13:00:00,1,87.8,High,85.81,83.08,100.0,ECMWF,"ECMWF and ensemble members agree closely, while RMSE remains low for this region."
Kota,2026-10-03 14:00:00,1,88.1,High,85.81,83.88,100.0,ECMWF,"ECMWF and ensemble members agree closely, while RMSE remains low for this region."
Kota,2026-10-03 15:00:00,1,88.0,High,85.81,83.58,100.0,ECMWF,"ECMWF and ensemble members agree closely, while RMSE remains low for this region."
Kota,2026-10-03 16:00:00,1,87.5,High,85.81,81.83,100.0,ECMWF,"ECMWF and ensemble members agree closely, while RMSE remains low for this region."
Kota,2026-10-03 17:00:00,1,84.3,High,85.81,71.44,100.0,ECMWF,"ECMWF leads with strong short-range skill, with minor model spread in local precipitation."
Kota,2026-10-03 18:00:00,1,83.8,High,85.81,69.79,100.0,ECMWF,"ECMWF leads with strong short-range skill, with minor model spread in local precipitation."
Kota,2026-10-03 19:00:00,1,83.8,High,85.81,69.66,100.0,ECMWF,"ECMWF leads with strong short-range skill, with minor model spread in local precipitation."
Kota,2026-10-03 20:00:00,1,83.6,High,85.81,68.86,100.0,ECMWF,"ECMWF leads with strong short-range skill, with minor model spread in local precipitation."
Kota,2026-10-03 21:00:00,1,83.9,High,85.81,70.02,100.0,ECMWF,"ECMWF leads with strong short-range skill, with minor model spread in local precipitation."
Kota,2026-10-03 22:00:00,1,83.5,High,85.81,68.7,100.0,ECMWF,"ECMWF leads with strong short-range skill, with minor model spread in local precipitation."
Kota,2026-10-03 23:00:00,1,82.8,High,85.81,66.28,100.0,ECMWF,"ECMWF leads with strong short-range skill, with minor model spread in local precipitation."
Kota,2026-10-04 00:00:00,2,76.5,High,81.3,66.32,80.0,ECMWF,"Low regional RMSE supports ECMWF dominance, while the 48-hour forecast horizon maintains stable predictability."
Kota,2026-10-04 01:00:00,2,76.9,High,81.3,67.53,80.0,ECMWF,"Low regional RMSE supports ECMWF dominance, while the 48-hour forecast horizon maintains stable predictability."
Kota,2026-10-04 02:00:00,2,77.5,High,81.3,69.41,80.0,ECMWF,"Low regional RMSE supports ECMWF dominance, while the 48-hour forecast horizon maintains stable predictability."
Kota,2026-10-04 03:00:00,2,78.4,High,81.3,72.39,80.0,ECMWF,"Low regional RMSE supports ECMWF dominance, while the 48-hour forecast horizon maintains stable predictability."
Kota,2026-10-04 04:00:00,2,79.2,High,81.3,75.05,80.0,ECMWF,"Low regional RMSE supports ECMWF dominance, while the 48-hour forecast horizon maintains stable predictability."
Kota,2026-10-04 05:00:00,2,79.6,High,81.3,76.52,80.0,ECMWF,"Low regional RMSE supports ECMWF dominance, while the 48-hour forecast horizon maintains stable predictability."
Kota,2026-10-04 06:00:00,2,78.6,High,81.3,73.05,80.0,ECMWF,"Low regional RMSE supports ECMWF dominance, while the 48-hour forecast horizon maintains stable predictability."
Kota,2026-10-04 07:00:00,2,78.2,High,81.3,71.98,80.0,ECMWF,"Low regional RMSE supports ECMWF dominance, while the 48-hour forecast horizon maintains stable predictability."
Kota,2026-10-04 08:00:00,2,78.6,High,81.3,73.16,80.0,ECMWF,"Low regional RMSE supports ECMWF dominance, while the 48-hour forecast horizon maintains stable predictability."
Kota,2026-10-04 09:00:00,2,78.3,High,81.3,72.13,80.0,ECMWF,"Low regional RMSE supports ECMWF dominance, while the 48-hour forecast horizon maintains stable predictability."
Kota,2026-10-04 10:00:00,2,78.3,High,81.3,72.02,80.0,ECMWF,"Low regional RMSE supports ECMWF dominance, while the 48-hour forecast horizon maintains stable predictability."
Kota,2026-10-04 11:00:00,2,78.2,High,81.3,71.93,80.0,ECMWF,"Low regional RMSE supports ECMWF dominance, while the 48-hour forecast horizon maintains stable predictability."
Kota,2026-10-04 12:00:00,2,79.1,High,81.3,74.76,80.0,ECMWF,"Low regional RMSE supports ECMWF dominance, while the 48-hour forecast horizon maintains stable predictability."
Kota,2026-10-04 13:00:00,2,80.0,High,81.3,78.0,80.0,ECMWF,"Low regional RMSE supports ECMWF dominance, while the 48-hour forecast horizon maintains stable predictability."
Kota,2026-10-04 14:00:00,2,79.5,High,81.3,76.16,80.0,ECMWF,"Low regional RMSE supports ECMWF dominance, while the 48-hour forecast horizon maintains stable predictability."
Kota,2026-10-04 15:00:00,2,78.0,High,81.3,71.01,80.0,ECMWF,"Low regional RMSE supports ECMWF dominance, while the 48-hour forecast horizon maintains stable predictability."
Kota,2026-10-04 16:00:00,2,76.0,High,81.3,64.64,80.0,ECMWF,"Low regional RMSE supports ECMWF dominance, while the 48-hour forecast horizon maintains stable predictability."
Kota,2026-10-04 17:00:00,2,76.3,High,81.3,65.35,80.0,ECMWF,"Low regional RMSE supports ECMWF dominance, while the 48-hour forecast horizon maintains stable predictability."
Kota,2026-10-04 18:00:00,2,77.3,High,81.3,68.97,80.0,ECMWF,"Low regional RMSE supports ECMWF dominance, while the 48-hour forecast horizon maintains stable predictability."
Kota,2026-10-04 19:00:00,2,77.1,High,81.3,68.1,80.0,ECMWF,"Low regional RMSE supports ECMWF dominance, while the 48-hour forecast horizon maintains stable predictability."
Kota,2026-10-04 20:00:00,2,75.7,High,81.3,63.62,80.0,ECMWF,"Low regional RMSE supports ECMWF dominance, while the 48-hour forecast horizon maintains stable predictability."
Kota,2026-10-04 21:00:00,2,76.0,High,81.3,64.61,80.0,ECMWF,"Low regional RMSE supports ECMWF dominance, while the 48-hour forecast horizon maintains stable predictability."
Kota,2026-10-04 22:00:00,2,76.0,High,81.3,64.65,80.0,ECMWF,"Low regional RMSE supports ECMWF dominance, while the 48-hour forecast horizon maintains stable predictability."
Kota,2026-10-04 23:00:00,2,75.1,High,81.3,61.46,80.0,ECMWF,"Low regional RMSE supports ECMWF dominance, while the 48-hour forecast horizon maintains stable predictability."
Kota,2026-10-05 00:00:00,3,66.8,Medium,72.64,61.62,60.0,ECMWF,Models show moderate disagreement and the forecast lead time reduces reliability.
Kota,2026-10-05 01:00:00,3,68.2,Medium,72.64,66.23,60.0,ECMWF,Models show moderate disagreement and the forecast lead time reduces reliability.
Kota,2026-10-05 02:00:00,3,68.9,Medium,72.64,68.58,60.0,ECMWF,Models show moderate disagreement and the forecast lead time reduces reliability.
Kota,2026-10-05 03:00:00,3,69.4,Medium,72.64,70.15,60.0,ECMWF,Models show moderate disagreement and the forecast lead time reduces reliability.
Kota,2026-10-05 04:00:00,3,69.6,Medium,72.64,71.04,60.0,ECMWF,Models show moderate disagreement and the forecast lead time reduces reliability.
Kota,2026-10-05 05:00:00,3,70.0,Medium,72.64,72.11,60.0,ECMWF,Models show moderate disagreement and the forecast lead time reduces reliability.
Kota,2026-10-05 06:00:00,3,70.0,Medium,72.64,72.25,60.0,ECMWF,Models show moderate disagreement and the forecast lead time reduces reliability.
Kota,2026-10-05 07:00:00,3,69.9,Medium,72.64,71.88,60.0,ECMWF,Models show moderate disagreement and the forecast lead time reduces reliability.
Kota,2026-10-05 08:00:00,3,67.3,Medium,72.64,63.22,60.0,ECMWF,Models show moderate disagreement and the forecast lead time reduces reliability.
Kota,2026-10-05 09:00:00,3,66.2,Medium,72.64,59.47,60.0,ECMWF,Models show moderate disagreement and the forecast lead time reduces reliability.
Kota,2026-10-05 10:00:00,3,66.4,Medium,72.64,60.39,60.0,ECMWF,Models show moderate disagreement and the forecast lead time reduces reliability.
Kota,2026-10-05 11:00:00,3,67.2,Medium,72.64,62.86,60.0,ECMWF,Models show moderate disagreement and the forecast lead time reduces reliability.
Kota,2026-10-05 12:00:00,3,67.9,Medium,72.64,65.13,60.0,ECMWF,Models show moderate disagreement and the forecast lead time reduces reliability.
Kota,2026-10-05 13:00:00,3,68.1,Medium,72.64,65.95,60.0,ECMWF,Models show moderate disagreement and the forecast lead time reduces reliability.
Kota,2026-10-05 14:00:00,3,68.3,Medium,72.64,66.56,60.0,ECMWF,Models show moderate disagreement and the forecast lead time reduces reliability.
Kota,2026-10-05 15:00:00,3,67.8,Medium,72.64,64.85,60.0,ECMWF,Models show moderate disagreement and the forecast lead time reduces reliability.
Kota,2026-10-05 16:00:00,3,67.1,Medium,72.64,62.6,60.0,ECMWF,Models show moderate disagreement and the forecast lead time reduces reliability.
Kota,2026-10-05 17:00:00,3,67.4,Medium,72.64,63.66,60.0,ECMWF,Models show moderate disagreement and the forecast lead time reduces reliability.
Kota,2026-10-05 18:00:00,3,68.8,Medium,72.64,68.26,60.0,ECMWF,Models show moderate disagreement and the forecast lead time reduces reliability.
Kota,2026-10-05 19:00:00,3,69.3,Medium,72.64,69.95,60.0,ECMWF,Models show moderate disagreement and the forecast lead time reduces reliability.
Kota,2026-10-05 20:00:00,3,68.8,Medium,72.64,68.31,60.0,ECMWF,Models show moderate disagreement and the forecast lead time reduces reliability.
Kota,2026-10-05 21:00:00,3,68.5,Medium,72.64,67.36,60.0,ECMWF,Models show moderate disagreement and the forecast lead time reduces reliability.
Kota,2026-10-05 22:00:00,3,68.5,Medium,72.64,67.32,60.0,ECMWF,Models show moderate disagreement and the forecast lead time reduces reliability.
Kota,2026-10-05 23:00:00,3,68.9,Medium,72.64,68.72,60.0,ECMWF,Models show moderate disagreement and the forecast lead time reduces reliability.
Lucknow,2026-10-03 00:00:00,1,85.1,High,84.29,76.43,100.0,ECMWF,"ECMWF leads with strong short-range skill, with minor model spread in local precipitation."
Lucknow,2026-10-03 01:00:00,1,84.5,High,84.29,74.53,100.0,ECMWF,"ECMWF leads with strong short-range skill, with minor model spread in local precipitation."
Lucknow,2026-10-03 02:00:00,1,84.9,High,84.29,75.7,100.0,ECMWF,"ECMWF leads with strong short-range skill, with minor model spread in local precipitation."
Lucknow,2026-10-03 03:00:00,1,85.6,High,84.29,78.15,100.0,ECMWF,"ECMWF leads with strong short-range skill, with minor model spread in local precipitation."
Lucknow,2026-10-03 04:00:00,1,85.6,High,84.29,78.32,100.0,ECMWF,"ECMWF leads with strong short-range skill, with minor model spread in local precipitation."
Lucknow,2026-10-03 05:00:00,1,86.0,High,84.29,79.57,100.0,ECMWF,"ECMWF leads with strong short-range skill, with minor model spread in local precipitation."
Lucknow,2026-10-03 06:00:00,1,85.3,High,84.29,77.18,100.0,ECMWF,"ECMWF leads with strong short-range skill, with minor model spread in local precipitation."
Lucknow,2026-10-03 07:00:00,1,86.3,High,84.29,80.47,100.0,ECMWF,"ECMWF and ensemble members agree closely, while RMSE remains low for this region."
Lucknow,2026-10-03 08:00:00,1,87.3,High,84.29,83.71,100.0,ECMWF,"ECMWF and ensemble members agree closely, while RMSE remains low for this region."
Lucknow,2026-10-03 09:00:00,1,86.7,High,84.29,81.83,100.0,ECMWF,"ECMWF and ensemble members agree closely, while RMSE remains low for this region."
Lucknow,2026-10-03 10:00:00,1,86.7,High,84.29,81.81,100.0,ECMWF,"ECMWF and ensemble members agree closely, while RMSE remains low for this region."
Lucknow,2026-10-03 11:00:00,1,86.3,High,84.29,80.43,100.0,ECMWF,"ECMWF and ensemble members agree closely, while RMSE remains low for this region."
Lucknow,2026-10-03 12:00:00,1,85.9,High,84.29,79.06,100.0,ECMWF,"ECMWF leads with strong short-range skill, with minor model spread in local precipitation."
Lucknow,2026-10-03 13:00:00,1,85.5,High,84.29,77.69,100.0,ECMWF,"ECMWF leads with strong short-range skill, with minor model spread in local precipitation."
Lucknow,2026-10-03 14:00:00,1,86.0,High,84.29,79.55,100.0,ECMWF,"ECMWF leads with strong short-range skill, with minor model spread in local precipitation."
Lucknow,2026-10-03 15:00:00,1,85.7,High,84.29,78.41,100.0,ECMWF,"ECMWF leads with strong short-range skill, with minor model spread in local precipitation."
Lucknow,2026-10-03 16:00:00,1,84.7,High,84.29,75.09,100.0,ECMWF,"ECMWF leads with strong short-range skill, with minor model spread in local precipitation."
Lucknow,2026-10-03 17:00:00,1,86.3,High,84.29,80.59,100.0,ECMWF,"ECMWF and ensemble members agree closely, while RMSE remains low for this region."
Lucknow,2026-10-03 18:00:00,1,87.1,High,84.29,83.29,100.0,ECMWF,"ECMWF and ensemble members agree closely, while RMSE remains low for this region."
Lucknow,2026-10-03 19:00:00,1,87.7,High,84.29,85.33,100.0,ECMWF,"ECMWF and ensemble members agree closely, while RMSE remains low for this region."
Lucknow,2026-10-03 20:00:00,1,88.6,High,84.29,88.27,100.0,ECMWF,"ECMWF and ensemble members agree closely, while RMSE remains low for this region."
Lucknow,2026-10-03 21:00:00,1,88.6,High,84.29,88.26,100.0,ECMWF,"ECMWF and ensemble members agree closely, while RMSE remains low for this region."
Lucknow,2026-10-03 22:00:00,1,86.5,High,84.29,81.24,100.0,ECMWF,"ECMWF and ensemble members agree closely, while RMSE remains low for this region."
Lucknow,2026-10-03 23:00:00,1,87.7,High,84.29,85.05,100.0,ECMWF,"ECMWF and ensemble members agree closely, while RMSE remains low for this region."
Lucknow,2026-10-04 00:00:00,2,82.5,High,81.88,85.23,80.0,ECMWF,"ECMWF and ensemble members agree closely, while RMSE remains low for this region."
Lucknow,2026-10-04 01:00:00,2,81.4,High,81.88,81.53,80.0,ECMWF,"ECMWF and ensemble members agree closely, while RMSE remains low for this region."
Lucknow,2026-10-04 02:00:00,2,82.0,High,81.88,83.65,80.0,ECMWF,"ECMWF and ensemble members agree closely, while RMSE remains low for this region."
Lucknow,2026-10-04 03:00:00,2,81.7,High,81.88,82.61,80.0,ECMWF,"ECMWF and ensemble members agree closely, while RMSE remains low for this region."
Lucknow,2026-10-04 04:00:00,2,81.1,High,81.88,80.64,80.0,ECMWF,"ECMWF and ensemble members agree closely, while RMSE remains low for this region."
Lucknow,2026-10-04 05:00:00,2,81.4,High,81.88,81.47,80.0,ECMWF,"ECMWF and ensemble members agree closely, while RMSE remains low for this region."
Lucknow,2026-10-04 06:00:00,2,80.2,High,81.88,77.7,80.0,ECMWF,"Low regional RMSE supports ECMWF dominance, while the 48-hour forecast horizon maintains stable predictability."
Lucknow,2026-10-04 07:00:00,2,77.9,High,81.88,69.79,80.0,ECMWF,"Low regional RMSE supports ECMWF dominance, while the 48-hour forecast horizon maintains stable predictability."
Lucknow,2026-10-04 08:00:00,2,76.3,High,81.88,64.52,80.0,ECMWF,"Low regional RMSE supports ECMWF dominance, while the 48-hour forecast horizon maintains stable predictability."
Lucknow,2026-10-04 09:00:00,2,76.7,High,81.88,65.79,80.0,ECMWF,"Low regional RMSE supports ECMWF dominance, while the 48-hour forecast horizon maintains stable predictability."
Lucknow,2026-10-04 10:00:00,2,76.7,High,81.88,66.01,80.0,ECMWF,"Low regional RMSE supports ECMWF dominance, while the 48-hour forecast horizon maintains stable predictability."
Lucknow,2026-10-04 11:00:00,2,77.3,High,81.88,67.79,80.0,ECMWF,"Low regional RMSE supports ECMWF dominance, while the 48-hour forecast horizon maintains stable predictability."
Lucknow,2026-10-04 12:00:00,2,78.6,High,81.88,72.14,80.0,ECMWF,"Low regional RMSE supports ECMWF dominance, while the 48-hour forecast horizon maintains stable predictability."
Lucknow,2026-10-04 13:00:00,2,78.6,High,81.88,72.18,80.0,ECMWF,"Low regional RMSE supports ECMWF dominance, while the 48-hour forecast horizon maintains stable predictability."
Lucknow,2026-10-04 14:00:00,2,78.1,High,81.88,70.69,80.0,ECMWF,"Low regional RMSE supports ECMWF dominance, while the 48-hour forecast horizon maintains stable predictability."
Lucknow,2026-10-04 15:00:00,2,78.4,High,81.88,71.63,80.0,ECMWF,"Low regional RMSE supports ECMWF dominance, while the 48-hour forecast horizon maintains stable predictability."
Lucknow,2026-10-04 16:00:00,2,79.4,High,81.88,75.02,80.0,ECMWF,"Low regional RMSE supports ECMWF dominance, while the 48-hour forecast horizon maintains stable predictability."
Lucknow,2026-10-04 17:00:00,2,82.0,High,81.88,83.55,80.0,ECMWF,"ECMWF and ensemble members agree closely, while RMSE remains low for this region."
Lucknow,2026-10-04 18:00:00,2,83.4,High,81.88,88.3,80.0,ECMWF,"ECMWF and ensemble members agree closely, while RMSE remains low for this region."
Lucknow,2026-10-04 19:00:00,2,80.9,High,81.88,79.91,80.0,ECMWF,"Low regional RMSE supports ECMWF dominance, while the 48-hour forecast horizon maintains stable predictability."
Lucknow,2026-10-04 20:00:00,2,79.3,High,81.88,74.68,80.0,ECMWF,"Low regional RMSE supports ECMWF dominance, while the 48-hour forecast horizon maintains stable predictability."
Lucknow,2026-10-04 21:00:00,2,79.6,High,81.88,75.48,80.0,ECMWF,"Low regional RMSE supports ECMWF dominance, while the 48-hour forecast horizon maintains stable predictability."
Lucknow,2026-10-04 22:00:00,2,79.8,High,81.88,76.14,80.0,ECMWF,"Low regional RMSE supports ECMWF dominance, while the 48-hour forecast horizon maintains stable predictability."
Lucknow,2026-10-04 23:00:00,2,80.8,High,81.88,79.59,80.0,ECMWF,"Low regional RMSE supports ECMWF dominance, while the 48-hour forecast horizon maintains stable predictability."
Lucknow,2026-10-05 00:00:00,3,76.6,High,79.66,82.64,60.0,ECMWF,"ECMWF and ensemble members agree closely, while RMSE remains low for this region."
Lucknow,2026-10-05 01:00:00,3,76.3,High,79.66,81.48,60.0,ECMWF,"ECMWF and ensemble members agree closely, while RMSE remains low for this region."
Lucknow,2026-10-05 02:00:00,3,74.7,High,79.66,76.28,60.0,ECMWF,"Low regional RMSE supports ECMWF dominance, while the extended Day 3 lead time maintains stable predictability."
Lucknow,2026-10-05 03:00:00,3,75.6,High,79.66,79.08,60.0,ECMWF,"Low regional RMSE supports ECMWF dominance, while the extended Day 3 lead time maintains stable predictability."
Lucknow,2026-10-05 04:00:00,3,76.2,High,79.66,81.1,60.0,ECMWF,"ECMWF and ensemble members agree closely, while RMSE remains low for this region."
Lucknow,2026-10-05 05:00:00,3,75.1,High,79.66,77.45,60.0,ECMWF,"Low regional RMSE supports ECMWF dominance, while the extended Day 3 lead time maintains stable predictability."
Lucknow,2026-10-05 06:00:00,3,75.0,High,79.66,77.32,60.0,ECMWF,"Low regional RMSE supports ECMWF dominance, while the extended Day 3 lead time maintains stable predictability."
Lucknow,2026-10-05 07:00:00,3,74.7,High,79.66,76.18,60.0,ECMWF,"Low regional RMSE supports ECMWF dominance, while the extended Day 3 lead time maintains stable predictability."
Lucknow,2026-10-05 08:00:00,3,75.6,High,79.66,79.21,60.0,ECMWF,"Low regional RMSE supports ECMWF dominance, while the extended Day 3 lead time maintains stable predictability."
Lucknow,2026-10-05 09:00:00,3,74.4,Medium,79.66,75.25,60.0,ECMWF,Models show moderate disagreement and the forecast lead time reduces reliability.
Lucknow,2026-10-05 10:00:00,3,73.8,Medium,79.66,73.27,60.0,ECMWF,Models show moderate disagreement and the forecast lead time reduces reliability.
Lucknow,2026-10-05 11:00:00,3,73.5,Medium,79.66,72.1,60.0,ECMWF,Models show moderate disagreement and the forecast lead time reduces reliability.
Lucknow,2026-10-05 12:00:00,3,74.2,Medium,79.66,74.54,60.0,ECMWF,Models show moderate disagreement and the forecast lead time reduces reliability.
Lucknow,2026-10-05 13:00:00,3,75.3,High,79.66,78.27,60.0,ECMWF,"Low regional RMSE supports ECMWF dominance, while the extended Day 3 lead time maintains stable predictability."
Lucknow,2026-10-05 14:00:00,3,75.4,High,79.66,78.46,60.0,ECMWF,"Low regional RMSE supports ECMWF dominance, while the extended Day 3 lead time maintains stable predictability."
Lucknow,2026-10-05 15:00:00,3,73.9,Medium,79.66,73.61,60.0,ECMWF,Models show moderate disagreement and the forecast lead time reduces reliability.
Lucknow,2026-10-05 16:00:00,3,74.7,High,79.66,76.29,60.0,ECMWF,"Low regional RMSE supports ECMWF dominance, while the extended Day 3 lead time maintains stable predictability."
Lucknow,2026-10-05 17:00:00,3,73.2,Medium,79.66,71.36,60.0,ECMWF,Models show moderate disagreement and the forecast lead time reduces reliability.
Lucknow,2026-10-05 18:00:00,3,75.5,High,79.66,78.77,60.0,ECMWF,"Low regional RMSE supports ECMWF dominance, while the extended Day 3 lead time maintains stable predictability."
Lucknow,2026-10-05 19:00:00,3,77.0,High,79.66,83.93,60.0,ECMWF,"ECMWF and ensemble members agree closely, while RMSE remains low for this region."
Lucknow,2026-10-05 20:00:00,3,78.8,High,79.66,89.91,60.0,ECMWF,"ECMWF and ensemble members agree closely, while RMSE remains low for this region."
Lucknow,2026-10-05 21:00:00,3,72.1,Medium,79.66,67.71,60.0,ECMWF,Models show moderate disagreement and the forecast lead time reduces reliability.
Lucknow,2026-10-05 22:00:00,3,72.1,Medium,79.66,67.46,60.0,ECMWF,Models show moderate disagreement and the forecast lead time reduces reliability.
Lucknow,2026-10-05 23:00:00,3,75.8,High,79.66,79.84,60.0,ECMWF,"Low regional RMSE supports ECMWF dominance, while the extended Day 3 lead time maintains stable predictability."
Ludhiana,2026-10-03 00:00:00,1,86.2,High,84.38,80.01,100.0,ECMWF,"ECMWF and ensemble members agree closely, while RMSE remains low for this region."
Ludhiana,2026-10-03 01:00:00,1,86.9,High,84.38,82.36,100.0,ECMWF,"ECMWF and ensemble members agree closely, while RMSE remains low for this region."
Ludhiana,2026-10-03 02:00:00,1,86.4,High,84.38,80.74,100.0,ECMWF,"ECMWF and ensemble members agree closely, while RMSE remains low for this region."
Ludhiana,2026-10-03 03:00:00,1,85.9,High,84.38,79.1,100.0,ECMWF,"ECMWF leads with strong short-range skill, with minor model spread in local precipitation."
Ludhiana,2026-10-03 04:00:00,1,86.2,High,84.38,79.92,100.0,ECMWF,"ECMWF leads with strong short-range skill, with minor model spread in local precipitation."
Ludhiana,2026-10-03 05:00:00,1,87.5,High,84.38,84.5,100.0,ECMWF,"ECMWF and ensemble members agree closely, while RMSE remains low for this region."
Ludhiana,2026-10-03 06:00:00,1,85.9,High,84.38,78.9,100.0,ECMWF,"ECMWF leads with strong short-range skill, with minor model spread in local precipitation."
Ludhiana,2026-10-03 07:00:00,1,85.3,High,84.38,77.16,100.0,ECMWF,"ECMWF leads with strong short-range skill, with minor model spread in local precipitation."
Ludhiana,2026-10-03 08:00:00,1,86.5,High,84.38,80.93,100.0,ECMWF,"ECMWF and ensemble members agree closely, while RMSE remains low for this region."
Ludhiana,2026-10-03 09:00:00,1,87.3,High,84.38,83.67,100.0,ECMWF,"ECMWF and ensemble members agree closely, while RMSE remains low for this region."
Ludhiana,2026-10-03 10:00:00,1,84.4,High,84.38,73.97,100.0,ECMWF,"ECMWF leads with strong short-range skill, with minor model spread in local precipitation."
Ludhiana,2026-10-03 11:00:00,1,81.1,High,84.38,62.9,100.0,ECMWF,"ECMWF leads with strong short-range skill, with minor model spread in local precipitation."
Ludhiana,2026-10-03 12:00:00,1,80.3,High,84.38,60.34,100.0,ECMWF,"ECMWF leads with strong short-range skill, with minor model spread in local precipitation."
Ludhiana,2026-10-03 13:00:00,1,80.0,High,84.38,59.41,100.0,ECMWF,"ECMWF leads with strong short-range skill, with minor model spread in local precipitation."
Ludhiana,2026-10-03 14:00:00,1,79.6,High,84.38,57.92,100.0,ECMWF,"ECMWF leads with strong short-range skill, with minor model spread in local precipitation."
Ludhiana,2026-10-03 15:00:00,1,78.9,High,84.38,55.67,100.0,ECMWF,"ECMWF leads with strong short-range skill, with minor model spread in local precipitation."
Ludhiana,2026-10-03 16:00:00,1,78.2,High,84.38,53.51,100.0,ECMWF,"ECMWF leads with strong short-range skill, with minor model spread in local precipitation."
Ludhiana,2026-10-03 17:00:00,1,78.8,High,84.38,55.53,100.0,ECMWF,"ECMWF leads with strong short-range skill, with minor model spread in local precipitation."
Ludhiana,2026-10-03 18:00:00,1,81.5,High,84.38,64.25,100.0,ECMWF,"ECMWF leads with strong short-range skill, with minor model spread in local precipitation."
Ludhiana,2026-10-03 19:00:00,1,81.6,High,84.38,64.57,100.0,ECMWF,"ECMWF leads with strong short-range skill, with minor model spread in local precipitation."
Ludhiana,2026-10-03 20:00:00,1,81.5,High,84.38,64.36,100.0,ECMWF,"ECMWF leads with strong short-range skill, with minor model spread in local precipitation."
Ludhiana,2026-10-03 21:00:00,1,82.0,High,84.38,65.89,100.0,ECMWF,"ECMWF leads with strong short-range skill, with minor model spread in local precipitation."
Ludhiana,2026-10-03 22:00:00,1,82.7,High,84.38,68.38,100.0,ECMWF,"ECMWF leads with strong short-range skill, with minor model spread in local precipitation."
Ludhiana,2026-10-03 23:00:00,1,84.0,High,84.38,72.75,100.0,ECMWF,"ECMWF leads with strong short-range skill, with minor model spread in local precipitation."
Ludhiana,2026-10-04 00:00:00,2,76.9,High,81.32,67.6,80.0,ECMWF,"Low regional RMSE supports ECMWF dominance, while the 48-hour forecast horizon maintains stable predictability."
Ludhiana,2026-10-04 01:00:00,2,76.7,High,81.32,66.87,80.0,ECMWF,"Low regional RMSE supports ECMWF dominance, while the 48-hour forecast horizon maintains stable predictability."
Ludhiana,2026-10-04 02:00:00,2,76.8,High,81.32,67.22,80.0,ECMWF,"Low regional RMSE supports ECMWF dominance, while the 48-hour forecast horizon maintains stable predictability."
Ludhiana,2026-10-04 03:00:00,2,76.5,High,81.32,66.23,80.0,ECMWF,"Low regional RMSE supports ECMWF dominance, while the 48-hour forecast horizon maintains stable predictability."
Ludhiana,2026-10-04 04:00:00,2,76.1,High,81.32,64.67,80.0,ECMWF,"Low regional RMSE supports ECMWF dominance, while the 48-hour forecast horizon maintains stable predictability."
Ludhiana,2026-10-04 05:00:00,2,76.3,High,81.32,65.41,80.0,ECMWF,"Low regional RMSE supports ECMWF dominance, while the 48-hour forecast horizon maintains stable predictability."
Ludhiana,2026-10-04 06:00:00,2,76.7,High,81.32,66.85,80.0,ECMWF,"Low regional RMSE supports ECMWF dominance, while the 48-hour forecast horizon maintains stable predictability."
Ludhiana,2026-10-04 07:00:00,2,78.1,High,81.32,71.42,80.0,ECMWF,"Low regional RMSE supports ECMWF dominance, while the 48-hour forecast horizon maintains stable predictability."
Ludhiana,2026-10-04 08:00:00,2,77.4,High,81.32,69.0,80.0,ECMWF,"Low regional RMSE supports ECMWF dominance, while the 48-hour forecast horizon maintains stable predictability."
Ludhiana,2026-10-04 09:00:00,2,76.2,High,81.32,65.01,80.0,ECMWF,"Low regional RMSE supports ECMWF dominance, while the 48-hour forecast horizon maintains stable predictability."
Ludhiana,2026-10-04 10:00:00,2,75.9,High,81.32,64.13,80.0,ECMWF,"Low regional RMSE supports ECMWF dominance, while the 48-hour forecast horizon maintains stable predictability."
Ludhiana,2026-10-04 11:00:00,2,76.4,High,81.32,65.74,80.0,ECMWF,"Low regional RMSE supports ECMWF dominance, while the 48-hour forecast horizon maintains stable predictability."
Ludhiana,2026-10-04 12:00:00,2,77.3,High,81.32,68.91,80.0,ECMWF,"Low regional RMSE supports ECMWF dominance, while the 48-hour forecast horizon maintains stable predictability."
Ludhiana,2026-10-04 13:00:00,2,77.6,High,81.32,69.73,80.0,ECMWF,"Low regional RMSE supports ECMWF dominance, while the 48-hour forecast horizon maintains stable predictability."
Ludhiana,2026-10-04 14:00:00,2,75.8,High,81.32,63.68,80.0,ECMWF,"Low regional RMSE supports ECMWF dominance, while the 48-hour forecast horizon maintains stable predictability."
Ludhiana,2026-10-04 15:00:00,2,75.3,High,81.32,61.98,80.0,ECMWF,"Low regional RMSE supports ECMWF dominance, while the 48-hour forecast horizon maintains stable predictability."
Ludhiana,2026-10-04 16:00:00,2,73.7,Medium,81.32,56.74,80.0,ECMWF,Inter-model spread indicates divergence between NWP forecasts despite ECMWF weighting.
Ludhiana,2026-10-04 17:00:00,2,74.2,Medium,81.32,58.44,80.0,ECMWF,Inter-model spread indicates divergence between NWP forecasts despite ECMWF weighting.
Ludhiana,2026-10-04 18:00:00,2,75.6,High,81.32,63.2,80.0,ECMWF,"Low regional RMSE supports ECMWF dominance, while the 48-hour forecast horizon maintains stable predictability."
Ludhiana,2026-10-04 19:00:00,2,76.0,High,81.32,64.52,80.0,ECMWF,"Low regional RMSE supports ECMWF dominance, while the 48-hour forecast horizon maintains stable predictability."
Ludhiana,2026-10-04 20:00:00,2,76.3,High,81.32,65.59,80.0,ECMWF,"Low regional RMSE supports ECMWF dominance, while the 48-hour forecast horizon maintains stable predictability."
Ludhiana,2026-10-04 21:00:00,2,75.9,High,81.32,64.3,80.0,ECMWF,"Low regional RMSE supports ECMWF dominance, while the 48-hour forecast horizon maintains stable predictability."
Ludhiana,2026-10-04 22:00:00,2,76.2,High,81.32,65.04,80.0,ECMWF,"Low regional RMSE supports ECMWF dominance, while the 48-hour forecast horizon maintains stable predictability."
Ludhiana,2026-10-04 23:00:00,2,76.6,High,81.32,66.51,80.0,ECMWF,"Low regional RMSE supports ECMWF dominance, while the 48-hour forecast horizon maintains stable predictability."
Ludhiana,2026-10-05 00:00:00,3,72.6,Medium,80.9,67.09,60.0,ECMWF,Models show moderate disagreement and the forecast lead time reduces reliability.
Ludhiana,2026-10-05 01:00:00,3,72.8,Medium,80.9,67.98,60.0,ECMWF,Models show moderate disagreement and the forecast lead time reduces reliability.
Ludhiana,2026-10-05 02:00:00,3,72.5,Medium,80.9,66.75,60.0,ECMWF,Models show moderate disagreement and the forecast lead time reduces reliability.
Ludhiana,2026-10-05 03:00:00,3,72.4,Medium,80.9,66.49,60.0,ECMWF,Models show moderate disagreement and the forecast lead time reduces reliability.
Ludhiana,2026-10-05 04:00:00,3,72.4,Medium,80.9,66.4,60.0,ECMWF,Models show moderate disagreement and the forecast lead time reduces reliability.
Ludhiana,2026-10-05 05:00:00,3,72.2,Medium,80.9,65.79,60.0,ECMWF,Models show moderate disagreement and the forecast lead time reduces reliability.
Ludhiana,2026-10-05 06:00:00,3,72.4,Medium,80.9,66.58,60.0,ECMWF,Models show moderate disagreement and the forecast lead time reduces reliability.
Ludhiana,2026-10-05 07:00:00,3,72.6,Medium,80.9,67.27,60.0,ECMWF,Models show moderate disagreement and the forecast lead time reduces reliability.
Ludhiana,2026-10-05 08:00:00,3,72.6,Medium,80.9,67.05,60.0,ECMWF,Models show moderate disagreement and the forecast lead time reduces reliability.
Ludhiana,2026-10-05 09:00:00,3,71.7,Medium,80.9,64.18,60.0,ECMWF,Models show moderate disagreement and the forecast lead time reduces reliability.
Ludhiana,2026-10-05 10:00:00,3,72.2,Medium,80.9,65.89,60.0,ECMWF,Models show moderate disagreement and the forecast lead time reduces reliability.
Ludhiana,2026-10-05 11:00:00,3,73.1,Medium,80.9,68.78,60.0,ECMWF,Models show moderate disagreement and the forecast lead time reduces reliability.
Ludhiana,2026-10-05 12:00:00,3,73.5,Medium,80.9,70.13,60.0,ECMWF,Models show moderate disagreement and the forecast lead time reduces reliability.
Ludhiana,2026-10-05 13:00:00,3,73.1,Medium,80.9,68.81,60.0,ECMWF,Models show moderate disagreement and the forecast lead time reduces reliability.
Ludhiana,2026-10-05 14:00:00,3,72.1,Medium,80.9,65.36,60.0,ECMWF,Models show moderate disagreement and the forecast lead time reduces reliability.
Ludhiana,2026-10-05 15:00:00,3,72.9,Medium,80.9,68.04,60.0,ECMWF,Models show moderate disagreement and the forecast lead time reduces reliability.
Ludhiana,2026-10-05 16:00:00,3,72.4,Medium,80.9,66.39,60.0,ECMWF,Models show moderate disagreement and the forecast lead time reduces reliability.
Ludhiana,2026-10-05 17:00:00,3,71.2,Medium,80.9,62.37,60.0,ECMWF,Models show moderate disagreement and the forecast lead time reduces reliability.
Ludhiana,2026-10-05 18:00:00,3,70.6,Medium,80.9,60.51,60.0,ECMWF,Models show moderate disagreement and the forecast lead time reduces reliability.
Ludhiana,2026-10-05 19:00:00,3,71.9,Medium,80.9,64.79,60.0,ECMWF,Models show moderate disagreement and the forecast lead time reduces reliability.
Ludhiana,2026-10-05 20:00:00,3,72.2,Medium,80.9,65.68,60.0,ECMWF,Models show moderate disagreement and the forecast lead time reduces reliability.
Ludhiana,2026-10-05 21:00:00,3,71.5,Medium,80.9,63.52,60.0,ECMWF,Models show moderate disagreement and the forecast lead time reduces reliability.
Ludhiana,2026-10-05 22:00:00,3,73.3,Medium,80.9,69.48,60.0,ECMWF,Models show moderate disagreement and the forecast lead time reduces reliability.
Ludhiana,2026-10-05 23:00:00,3,74.5,High,80.9,73.35,60.0,ECMWF,"Low regional RMSE supports ECMWF dominance, while the extended Day 3 lead time maintains stable predictability."
Madurai,2026-10-03 00:00:00,1,83.1,High,78.12,80.04,100.0,ICON,"ICON and ensemble members agree closely, while RMSE remains low for this region."
Madurai,2026-10-03 01:00:00,1,79.0,High,78.12,66.58,100.0,ICON,"ICON leads with strong short-range skill, with minor model spread in local precipitation."
Madurai,2026-10-03 02:00:00,1,83.4,High,78.12,81.03,100.0,ICON,"ICON and ensemble members agree closely, while RMSE remains low for this region."
Madurai,2026-10-03 03:00:00,1,83.4,High,78.12,81.12,100.0,ICON,"ICON and ensemble members agree closely, while RMSE remains low for this region."
Madurai,2026-10-03 04:00:00,1,83.0,High,78.12,79.81,100.0,ICON,"ICON leads with strong short-range skill, with minor model spread in local precipitation."
Madurai,2026-10-03 05:00:00,1,80.7,High,78.12,72.05,100.0,ICON,"ICON leads with strong short-range skill, with minor model spread in local precipitation."
Madurai,2026-10-03 06:00:00,1,82.1,High,78.12,76.93,100.0,ICON,"ICON leads with strong short-range skill, with minor model spread in local precipitation."
Madurai,2026-10-03 07:00:00,1,82.8,High,78.12,79.17,100.0,ICON,"ICON leads with strong short-range skill, with minor model spread in local precipitation."
Madurai,2026-10-03 08:00:00,1,82.3,High,78.12,77.52,100.0,ICON,"ICON leads with strong short-range skill, with minor model spread in local precipitation."
Madurai,2026-10-03 09:00:00,1,81.1,High,78.12,73.38,100.0,ICON,"ICON leads with strong short-range skill, with minor model spread in local precipitation."
Madurai,2026-10-03 10:00:00,1,82.3,High,78.12,77.44,100.0,ICON,"ICON leads with strong short-range skill, with minor model spread in local precipitation."
Madurai,2026-10-03 11:00:00,1,83.0,High,78.12,79.92,100.0,ICON,"ICON leads with strong short-range skill, with minor model spread in local precipitation."
Madurai,2026-10-03 12:00:00,1,84.4,High,78.12,84.49,100.0,ICON,"ICON and ensemble members agree closely, while RMSE remains low for this region."
Madurai,2026-10-03 13:00:00,1,86.0,High,78.12,89.67,100.0,ICON,"ICON and ensemble members agree closely, while RMSE remains low for this region."
Madurai,2026-10-03 14:00:00,1,84.1,High,78.12,83.38,100.0,ICON,"ICON and ensemble members agree closely, while RMSE remains low for this region."
Madurai,2026-10-03 15:00:00,1,83.7,High,78.12,82.21,100.0,ICON,"ICON and ensemble members agree closely, while RMSE remains low for this region."
Madurai,2026-10-03 16:00:00,1,81.0,High,78.12,73.13,100.0,ICON,"ICON leads with strong short-range skill, with minor model spread in local precipitation."
Madurai,2026-10-03 17:00:00,1,79.9,High,78.12,69.34,100.0,ICON,"ICON leads with strong short-range skill, with minor model spread in local precipitation."
Madurai,2026-10-03 18:00:00,1,79.5,High,78.12,68.21,100.0,ICON,"ICON leads with strong short-range skill, with minor model spread in local precipitation."
Madurai,2026-10-03 19:00:00,1,79.2,High,78.12,67.24,100.0,ICON,"ICON leads with strong short-range skill, with minor model spread in local precipitation."
Madurai,2026-10-03 20:00:00,1,79.3,High,78.12,67.34,100.0,ICON,"ICON leads with strong short-range skill, with minor model spread in local precipitation."
Madurai,2026-10-03 21:00:00,1,80.4,High,78.12,71.2,100.0,ICON,"ICON leads with strong short-range skill, with minor model spread in local precipitation."
Madurai,2026-10-03 22:00:00,1,80.6,High,78.12,71.76,100.0,ICON,"ICON leads with strong short-range skill, with minor model spread in local precipitation."
Madurai,2026-10-03 23:00:00,1,81.4,High,78.12,74.45,100.0,ICON,"ICON leads with strong short-range skill, with minor model spread in local precipitation."
Madurai,2026-10-04 00:00:00,2,78.1,High,77.57,77.74,80.0,ICON,"Low regional RMSE supports ICON dominance, while the 48-hour forecast horizon maintains stable predictability."
Madurai,2026-10-04 01:00:00,2,79.5,High,77.57,82.25,80.0,ICON,"ICON and ensemble members agree closely, while RMSE remains low for this region."
Madurai,2026-10-04 02:00:00,2,79.1,High,77.57,81.05,80.0,ICON,"ICON and ensemble members agree closely, while RMSE remains low for this region."
Madurai,2026-10-04 03:00:00,2,79.0,High,77.57,80.77,80.0,ICON,"ICON and ensemble members agree closely, while RMSE remains low for this region."
Madurai,2026-10-04 04:00:00,2,78.0,High,77.57,77.53,80.0,ICON,"Low regional RMSE supports ICON dominance, while the 48-hour forecast horizon maintains stable predictability."
Madurai,2026-10-04 05:00:00,2,76.6,High,77.57,72.87,80.0,ICON,"Low regional RMSE supports ICON dominance, while the 48-hour forecast horizon maintains stable predictability."
Madurai,2026-10-04 06:00:00,2,77.6,High,77.57,76.21,80.0,ICON,"Low regional RMSE supports ICON dominance, while the 48-hour forecast horizon maintains stable predictability."
Madurai,2026-10-04 07:00:00,2,79.0,High,77.57,80.67,80.0,ICON,"ICON and ensemble members agree closely, while RMSE remains low for this region."
Madurai,2026-10-04 08:00:00,2,79.8,High,77.57,83.55,80.0,ICON,"ICON and ensemble members agree closely, while RMSE remains low for this region."
Madurai,2026-10-04 09:00:00,2,79.9,High,77.57,83.77,80.0,ICON,"ICON and ensemble members agree closely, while RMSE remains low for this region."
Madurai,2026-10-04 10:00:00,2,80.7,High,77.57,86.25,80.0,ICON,"ICON and ensemble members agree closely, while RMSE remains low for this region."
Madurai,2026-10-04 11:00:00,2,81.1,High,77.57,87.66,80.0,ICON,"ICON and ensemble members agree closely, while RMSE remains low for this region."
Madurai,2026-10-04 12:00:00,2,81.1,High,77.57,87.82,80.0,ICON,"ICON and ensemble members agree closely, while RMSE remains low for this region."
Madurai,2026-10-04 13:00:00,2,80.8,High,77.57,86.88,80.0,ICON,"ICON and ensemble members agree closely, while RMSE remains low for this region."
Madurai,2026-10-04 14:00:00,2,81.2,High,77.57,88.08,80.0,ICON,"ICON and ensemble members agree closely, while RMSE remains low for this region."
Madurai,2026-10-04 15:00:00,2,78.0,High,77.57,77.34,80.0,ICON,"Low regional RMSE supports ICON dominance, while the 48-hour forecast horizon maintains stable predictability."
Madurai,2026-10-04 16:00:00,2,72.7,Medium,77.57,59.56,80.0,ICON,Inter-model spread indicates divergence between NWP forecasts despite ICON weighting.
Madurai,2026-10-04 17:00:00,2,71.8,Medium,77.57,56.79,80.0,ICON,Inter-model spread indicates divergence between NWP forecasts despite ICON weighting.
Madurai,2026-10-04 18:00:00,2,73.3,Medium,77.57,61.71,80.0,ICON,Inter-model spread indicates divergence between NWP forecasts despite ICON weighting.
Madurai,2026-10-04 19:00:00,2,72.3,Medium,77.57,58.39,80.0,ICON,Inter-model spread indicates divergence between NWP forecasts despite ICON weighting.
Madurai,2026-10-04 20:00:00,2,73.4,Medium,77.57,62.15,80.0,ICON,Inter-model spread indicates divergence between NWP forecasts despite ICON weighting.
Madurai,2026-10-04 21:00:00,2,74.9,High,77.57,67.18,80.0,ICON,"Low regional RMSE supports ICON dominance, while the 48-hour forecast horizon maintains stable predictability."
Madurai,2026-10-04 22:00:00,2,77.4,High,77.57,75.43,80.0,ICON,"Low regional RMSE supports ICON dominance, while the 48-hour forecast horizon maintains stable predictability."
Madurai,2026-10-04 23:00:00,2,78.8,High,77.57,80.21,80.0,ICON,"ICON and ensemble members agree closely, while RMSE remains low for this region."
Madurai,2026-10-05 00:00:00,3,74.6,High,77.19,80.0,60.0,ICON,"ICON and ensemble members agree closely, while RMSE remains low for this region."
Madurai,2026-10-05 01:00:00,3,72.1,Medium,77.19,71.7,60.0,ICON,Models show moderate disagreement and the forecast lead time reduces reliability.
Madurai,2026-10-05 02:00:00,3,73.1,Medium,77.19,75.17,60.0,ICON,Models show moderate disagreement and the forecast lead time reduces reliability.
Madurai,2026-10-05 03:00:00,3,72.5,Medium,77.19,72.92,60.0,ICON,Models show moderate disagreement and the forecast lead time reduces reliability.
Madurai,2026-10-05 04:00:00,3,72.6,Medium,77.19,73.27,60.0,ICON,Models show moderate disagreement and the forecast lead time reduces reliability.
Madurai,2026-10-05 05:00:00,3,74.8,High,77.19,80.84,60.0,ICON,"ICON and ensemble members agree closely, while RMSE remains low for this region."
Madurai,2026-10-05 06:00:00,3,75.1,High,77.19,81.55,60.0,ICON,"ICON and ensemble members agree closely, while RMSE remains low for this region."
Madurai,2026-10-05 07:00:00,3,75.9,High,77.19,84.39,60.0,ICON,"ICON and ensemble members agree closely, while RMSE remains low for this region."
Madurai,2026-10-05 08:00:00,3,74.8,High,77.19,80.63,60.0,ICON,"ICON and ensemble members agree closely, while RMSE remains low for this region."
Madurai,2026-10-05 09:00:00,3,73.1,Medium,77.19,75.17,60.0,ICON,Models show moderate disagreement and the forecast lead time reduces reliability.
Madurai,2026-10-05 10:00:00,3,74.1,Medium,77.19,78.32,60.0,ICON,Models show moderate disagreement and the forecast lead time reduces reliability.
Madurai,2026-10-05 11:00:00,3,74.8,High,77.19,80.56,60.0,ICON,"ICON and ensemble members agree closely, while RMSE remains low for this region."
Madurai,2026-10-05 12:00:00,3,75.8,High,77.19,84.01,60.0,ICON,"ICON and ensemble members agree closely, while RMSE remains low for this region."
Madurai,2026-10-05 13:00:00,3,76.3,High,77.19,85.52,60.0,ICON,"ICON and ensemble members agree closely, while RMSE remains low for this region."
Madurai,2026-10-05 14:00:00,3,75.9,High,77.19,84.27,60.0,ICON,"ICON and ensemble members agree closely, while RMSE remains low for this region."
Madurai,2026-10-05 15:00:00,3,75.0,High,77.19,81.25,60.0,ICON,"ICON and ensemble members agree closely, while RMSE remains low for this region."
Madurai,2026-10-05 16:00:00,3,71.4,Medium,77.19,69.39,60.0,ICON,Models show moderate disagreement and the forecast lead time reduces reliability.
Madurai,2026-10-05 17:00:00,3,67.6,Medium,77.19,56.68,60.0,ICON,Models show moderate disagreement and the forecast lead time reduces reliability.
Madurai,2026-10-05 18:00:00,3,64.7,Medium,77.19,47.13,60.0,ICON,Models show moderate disagreement and the forecast lead time reduces reliability.
Madurai,2026-10-05 19:00:00,3,65.9,Medium,77.19,50.87,60.0,ICON,Models show moderate disagreement and the forecast lead time reduces reliability.
Madurai,2026-10-05 20:00:00,3,68.8,Medium,77.19,60.55,60.0,ICON,Models show moderate disagreement and the forecast lead time reduces reliability.
Madurai,2026-10-05 21:00:00,3,71.4,Medium,77.19,69.42,60.0,ICON,Models show moderate disagreement and the forecast lead time reduces reliability.
Madurai,2026-10-05 22:00:00,3,70.4,Medium,77.19,66.08,60.0,ICON,Models show moderate disagreement and the forecast lead time reduces reliability.
Madurai,2026-10-05 23:00:00,3,70.8,Medium,77.19,67.3,60.0,ICON,Models show moderate disagreement and the forecast lead time reduces reliability.
Mumbai,2026-10-03 00:00:00,1,83.4,High,83.75,71.88,100.0,ECMWF,"ECMWF leads with strong short-range skill, with minor model spread in local precipitation."
Mumbai,2026-10-03 01:00:00,1,84.1,High,83.75,73.97,100.0,ECMWF,"ECMWF leads with strong short-range skill, with minor model spread in local precipitation."
Mumbai,2026-10-03 02:00:00,1,84.7,High,83.75,76.07,100.0,ECMWF,"ECMWF leads with strong short-range skill, with minor model spread in local precipitation."
Mumbai,2026-10-03 03:00:00,1,83.8,High,83.75,72.94,100.0,ECMWF,"ECMWF leads with strong short-range skill, with minor model spread in local precipitation."
Mumbai,2026-10-03 04:00:00,1,84.4,High,83.75,75.04,100.0,ECMWF,"ECMWF leads with strong short-range skill, with minor model spread in local precipitation."
Mumbai,2026-10-03 05:00:00,1,84.1,High,83.75,74.02,100.0,ECMWF,"ECMWF leads with strong short-range skill, with minor model spread in local precipitation."
Mumbai,2026-10-03 06:00:00,1,84.8,High,83.75,76.55,100.0,ECMWF,"ECMWF leads with strong short-range skill, with minor model spread in local precipitation."
Mumbai,2026-10-03 07:00:00,1,85.0,High,83.75,76.97,100.0,ECMWF,"ECMWF leads with strong short-range skill, with minor model spread in local precipitation."
Mumbai,2026-10-03 08:00:00,1,85.0,High,83.75,77.08,100.0,ECMWF,"ECMWF leads with strong short-range skill, with minor model spread in local precipitation."
Mumbai,2026-10-03 09:00:00,1,84.8,High,83.75,76.45,100.0,ECMWF,"ECMWF leads with strong short-range skill, with minor model spread in local precipitation."
Mumbai,2026-10-03 10:00:00,1,85.4,High,83.75,78.46,100.0,ECMWF,"ECMWF leads with strong short-range skill, with minor model spread in local precipitation."
Mumbai,2026-10-03 11:00:00,1,84.4,High,83.75,75.17,100.0,ECMWF,"ECMWF leads with strong short-range skill, with minor model spread in local precipitation."
Mumbai,2026-10-03 12:00:00,1,84.4,High,83.75,75.12,100.0,ECMWF,"ECMWF leads with strong short-range skill, with minor model spread in local precipitation."
Mumbai,2026-10-03 13:00:00,1,82.8,High,83.75,69.78,100.0,ECMWF,"ECMWF leads with strong short-range skill, with minor model spread in local precipitation."
Mumbai,2026-10-03 14:00:00,1,81.3,High,83.75,64.64,100.0,ECMWF,"ECMWF leads with strong short-range skill, with minor model spread in local precipitation."
Mumbai,2026-10-03 15:00:00,1,81.5,High,83.75,65.35,100.0,ECMWF,"ECMWF leads with strong short-range skill, with minor model spread in local precipitation."
Mumbai,2026-10-03 16:00:00,1,81.5,High,83.75,65.34,100.0,ECMWF,"ECMWF leads with strong short-range skill, with minor model spread in local precipitation."
Mumbai,2026-10-03 17:00:00,1,80.6,High,83.75,62.56,100.0,ECMWF,"ECMWF leads with strong short-range skill, with minor model spread in local precipitation."
Mumbai,2026-10-03 18:00:00,1,80.3,High,83.75,61.36,100.0,ECMWF,"ECMWF leads with strong short-range skill, with minor model spread in local precipitation."
Mumbai,2026-10-03 19:00:00,1,80.5,High,83.75,61.96,100.0,ECMWF,"ECMWF leads with strong short-range skill, with minor model spread in local precipitation."
Mumbai,2026-10-03 20:00:00,1,80.7,High,83.75,62.74,100.0,ECMWF,"ECMWF leads with strong short-range skill, with minor model spread in local precipitation."
Mumbai,2026-10-03 21:00:00,1,81.1,High,83.75,64.12,100.0,ECMWF,"ECMWF leads with strong short-range skill, with minor model spread in local precipitation."
Mumbai,2026-10-03 22:00:00,1,81.8,High,83.75,66.56,100.0,ECMWF,"ECMWF leads with strong short-range skill, with minor model spread in local precipitation."
Mumbai,2026-10-03 23:00:00,1,82.9,High,83.75,70.0,100.0,ECMWF,"ECMWF leads with strong short-range skill, with minor model spread in local precipitation."
Mumbai,2026-10-04 00:00:00,2,79.4,High,82.86,73.34,80.0,ECMWF,"Low regional RMSE supports ECMWF dominance, while the 48-hour forecast horizon maintains stable predictability."
Mumbai,2026-10-04 01:00:00,2,79.0,High,82.86,71.79,80.0,ECMWF,"Low regional RMSE supports ECMWF dominance, while the 48-hour forecast horizon maintains stable predictability."
Mumbai,2026-10-04 02:00:00,2,79.3,High,82.86,72.75,80.0,ECMWF,"Low regional RMSE supports ECMWF dominance, while the 48-hour forecast horizon maintains stable predictability."
Mumbai,2026-10-04 03:00:00,2,79.5,High,82.86,73.68,80.0,ECMWF,"Low regional RMSE supports ECMWF dominance, while the 48-hour forecast horizon maintains stable predictability."
Mumbai,2026-10-04 04:00:00,2,79.5,High,82.86,73.64,80.0,ECMWF,"Low regional RMSE supports ECMWF dominance, while the 48-hour forecast horizon maintains stable predictability."
Mumbai,2026-10-04 05:00:00,2,79.7,High,82.86,74.1,80.0,ECMWF,"Low regional RMSE supports ECMWF dominance, while the 48-hour forecast horizon maintains stable predictability."
Mumbai,2026-10-04 06:00:00,2,79.8,High,82.86,74.47,80.0,ECMWF,"Low regional RMSE supports ECMWF dominance, while the 48-hour forecast horizon maintains stable predictability."
Mumbai,2026-10-04 07:00:00,2,79.4,High,82.86,73.34,80.0,ECMWF,"Low regional RMSE supports ECMWF dominance, while the 48-hour forecast horizon maintains stable predictability."
Mumbai,2026-10-04 08:00:00,2,81.3,High,82.86,79.64,80.0,ECMWF,"Low regional RMSE supports ECMWF dominance, while the 48-hour forecast horizon maintains stable predictability."
Mumbai,2026-10-04 09:00:00,2,81.8,High,82.86,81.18,80.0,ECMWF,"ECMWF and ensemble members agree closely, while RMSE remains low for this region."
Mumbai,2026-10-04 10:00:00,2,82.3,High,82.86,82.79,80.0,ECMWF,"ECMWF and ensemble members agree closely, while RMSE remains low for this region."
Mumbai,2026-10-04 11:00:00,2,81.7,High,82.86,80.92,80.0,ECMWF,"ECMWF and ensemble members agree closely, while RMSE remains low for this region."
Mumbai,2026-10-04 12:00:00,2,80.6,High,82.86,77.4,80.0,ECMWF,"Low regional RMSE supports ECMWF dominance, while the 48-hour forecast horizon maintains stable predictability."
Mumbai,2026-10-04 13:00:00,2,80.6,High,82.86,77.25,80.0,ECMWF,"Low regional RMSE supports ECMWF dominance, while the 48-hour forecast horizon maintains stable predictability."
Mumbai,2026-10-04 14:00:00,2,79.2,High,82.86,72.68,80.0,ECMWF,"Low regional RMSE supports ECMWF dominance, while the 48-hour forecast horizon maintains stable predictability."
Mumbai,2026-10-04 15:00:00,2,78.3,High,82.86,69.44,80.0,ECMWF,"Low regional RMSE supports ECMWF dominance, while the 48-hour forecast horizon maintains stable predictability."
Mumbai,2026-10-04 16:00:00,2,77.0,High,82.86,65.19,80.0,ECMWF,"Low regional RMSE supports ECMWF dominance, while the 48-hour forecast horizon maintains stable predictability."
Mumbai,2026-10-04 17:00:00,2,76.7,High,82.86,64.07,80.0,ECMWF,"Low regional RMSE supports ECMWF dominance, while the 48-hour forecast horizon maintains stable predictability."
Mumbai,2026-10-04 18:00:00,2,76.7,High,82.86,64.28,80.0,ECMWF,"Low regional RMSE supports ECMWF dominance, while the 48-hour forecast horizon maintains stable predictability."
Mumbai,2026-10-04 19:00:00,2,77.0,High,82.86,65.3,80.0,ECMWF,"Low regional RMSE supports ECMWF dominance, while the 48-hour forecast horizon maintains stable predictability."
Mumbai,2026-10-04 20:00:00,2,76.7,High,82.86,64.21,80.0,ECMWF,"Low regional RMSE supports ECMWF dominance, while the 48-hour forecast horizon maintains stable predictability."
Mumbai,2026-10-04 21:00:00,2,76.5,High,82.86,63.59,80.0,ECMWF,"Low regional RMSE supports ECMWF dominance, while the 48-hour forecast horizon maintains stable predictability."
Mumbai,2026-10-04 22:00:00,2,76.7,High,82.86,64.2,80.0,ECMWF,"Low regional RMSE supports ECMWF dominance, while the 48-hour forecast horizon maintains stable predictability."
Mumbai,2026-10-04 23:00:00,2,77.3,High,82.86,66.25,80.0,ECMWF,"Low regional RMSE supports ECMWF dominance, while the 48-hour forecast horizon maintains stable predictability."
Mumbai,2026-10-05 00:00:00,3,72.9,Medium,81.5,67.08,60.0,ICON,Models show moderate disagreement and the forecast lead time reduces reliability.
Mumbai,2026-10-05 01:00:00,3,72.8,Medium,81.5,66.97,60.0,ICON,Models show moderate disagreement and the forecast lead time reduces reliability.
Mumbai,2026-10-05 02:00:00,3,73.0,Medium,81.5,67.53,60.0,ICON,Models show moderate disagreement and the forecast lead time reduces reliability.
Mumbai,2026-10-05 03:00:00,3,73.7,Medium,81.5,69.96,60.0,ICON,Models show moderate disagreement and the forecast lead time reduces reliability.
Mumbai,2026-10-05 04:00:00,3,75.1,High,81.5,74.66,60.0,ICON,"Low regional RMSE supports ICON dominance, while the extended Day 3 lead time maintains stable predictability."
Mumbai,2026-10-05 05:00:00,3,75.9,High,81.5,77.23,60.0,ICON,"Low regional RMSE supports ICON dominance, while the extended Day 3 lead time maintains stable predictability."
Mumbai,2026-10-05 06:00:00,3,75.8,High,81.5,76.83,60.0,ICON,"Low regional RMSE supports ICON dominance, while the extended Day 3 lead time maintains stable predictability."
Mumbai,2026-10-05 07:00:00,3,75.8,High,81.5,76.81,60.0,ICON,"Low regional RMSE supports ICON dominance, while the extended Day 3 lead time maintains stable predictability."
Mumbai,2026-10-05 08:00:00,3,77.0,High,81.5,80.73,60.0,ICON,"ICON and ensemble members agree closely, while RMSE remains low for this region."
Mumbai,2026-10-05 09:00:00,3,77.0,High,81.5,80.79,60.0,ICON,"ICON and ensemble members agree closely, while RMSE remains low for this region."
Mumbai,2026-10-05 10:00:00,3,75.7,High,81.5,76.58,60.0,ICON,"Low regional RMSE supports ICON dominance, while the extended Day 3 lead time maintains stable predictability."
Mumbai,2026-10-05 11:00:00,3,74.1,Medium,81.5,71.18,60.0,ICON,Models show moderate disagreement and the forecast lead time reduces reliability.
Mumbai,2026-10-05 12:00:00,3,73.0,Medium,81.5,67.62,60.0,ICON,Models show moderate disagreement and the forecast lead time reduces reliability.
Mumbai,2026-10-05 13:00:00,3,72.9,Medium,81.5,67.3,60.0,ICON,Models show moderate disagreement and the forecast lead time reduces reliability.
Mumbai,2026-10-05 14:00:00,3,72.9,Medium,81.5,67.25,60.0,ICON,Models show moderate disagreement and the forecast lead time reduces reliability.
Mumbai,2026-10-05 15:00:00,3,71.9,Medium,81.5,63.88,60.0,ICON,Models show moderate disagreement and the forecast lead time reduces reliability.
Mumbai,2026-10-05 16:00:00,3,71.3,Medium,81.5,61.94,60.0,ICON,Models show moderate disagreement and the forecast lead time reduces reliability.
Mumbai,2026-10-05 17:00:00,3,71.2,Medium,81.5,61.34,60.0,ICON,Models show moderate disagreement and the forecast lead time reduces reliability.
Mumbai,2026-10-05 18:00:00,3,71.4,Medium,81.5,62.16,60.0,ICON,Models show moderate disagreement and the forecast lead time reduces reliability.
Mumbai,2026-10-05 19:00:00,3,71.3,Medium,81.5,61.74,60.0,ICON,Models show moderate disagreement and the forecast lead time reduces reliability.
Mumbai,2026-10-05 20:00:00,3,71.2,Medium,81.5,61.36,60.0,ICON,Models show moderate disagreement and the forecast lead time reduces reliability.
Mumbai,2026-10-05 21:00:00,3,71.6,Medium,81.5,62.81,60.0,ICON,Models show moderate disagreement and the forecast lead time reduces reliability.
Mumbai,2026-10-05 22:00:00,3,72.5,Medium,81.5,65.98,60.0,ICON,Models show moderate disagreement and the forecast lead time reduces reliability.
Mumbai,2026-10-05 23:00:00,3,73.5,Medium,81.5,69.28,60.0,ICON,Models show moderate disagreement and the forecast lead time reduces reliability.
Nagpur,2026-10-03 00:00:00,1,86.9,High,87.09,77.76,100.0,ECMWF,"ECMWF leads with strong short-range skill, with minor model spread in local precipitation."
Nagpur,2026-10-03 01:00:00,1,87.2,High,87.09,79.0,100.0,ECMWF,"ECMWF leads with strong short-range skill, with minor model spread in local precipitation."
Nagpur,2026-10-03 02:00:00,1,88.0,High,87.09,81.66,100.0,ECMWF,"ECMWF and ensemble members agree closely, while RMSE remains low for this region."
Nagpur,2026-10-03 03:00:00,1,88.5,High,87.09,83.31,100.0,ECMWF,"ECMWF and ensemble members agree closely, while RMSE remains low for this region."
Nagpur,2026-10-03 04:00:00,1,87.9,High,87.09,81.3,100.0,ECMWF,"ECMWF and ensemble members agree closely, while RMSE remains low for this region."
Nagpur,2026-10-03 05:00:00,1,87.9,High,87.09,81.32,100.0,ECMWF,"ECMWF and ensemble members agree closely, while RMSE remains low for this region."
Nagpur,2026-10-03 06:00:00,1,88.2,High,87.09,82.13,100.0,ECMWF,"ECMWF and ensemble members agree closely, while RMSE remains low for this region."
Nagpur,2026-10-03 07:00:00,1,89.8,Very High,87.09,87.4,100.0,ECMWF,"ECMWF has the highest historical skill, model agreement is strong, and this is a short-range forecast."
Nagpur,2026-10-03 08:00:00,1,89.0,High,87.09,84.94,100.0,ECMWF,"ECMWF and ensemble members agree closely, while RMSE remains low for this region."
Nagpur,2026-10-03 09:00:00,1,89.9,Very High,87.09,87.89,100.0,ECMWF,"ECMWF has the highest historical skill, model agreement is strong, and this is a short-range forecast."
Nagpur,2026-10-03 10:00:00,1,89.9,Very High,87.09,87.88,100.0,ECMWF,"ECMWF has the highest historical skill, model agreement is strong, and this is a short-range forecast."
Nagpur,2026-10-03 11:00:00,1,91.0,Very High,87.09,91.66,100.0,ECMWF,"ECMWF has the highest historical skill, model agreement is strong, and this is a short-range forecast."
Nagpur,2026-10-03 12:00:00,1,89.3,High,87.09,85.82,100.0,ECMWF,"ECMWF and ensemble members agree closely, while RMSE remains low for this region."
Nagpur,2026-10-03 13:00:00,1,87.9,High,87.09,81.16,100.0,ECMWF,"ECMWF and ensemble members agree closely, while RMSE remains low for this region."
Nagpur,2026-10-03 14:00:00,1,88.0,High,87.09,81.38,100.0,ECMWF,"ECMWF and ensemble members agree closely, while RMSE remains low for this region."
Nagpur,2026-10-03 15:00:00,1,88.3,High,87.09,82.68,100.0,ECMWF,"ECMWF and ensemble members agree closely, while RMSE remains low for this region."
Nagpur,2026-10-03 16:00:00,1,88.0,High,87.09,81.49,100.0,ECMWF,"ECMWF and ensemble members agree closely, while RMSE remains low for this region."
Nagpur,2026-10-03 17:00:00,1,87.0,High,87.09,78.05,100.0,ECMWF,"ECMWF leads with strong short-range skill, with minor model spread in local precipitation."
Nagpur,2026-10-03 18:00:00,1,87.5,High,87.09,79.85,100.0,ECMWF,"ECMWF leads with strong short-range skill, with minor model spread in local precipitation."
Nagpur,2026-10-03 19:00:00,1,89.4,High,87.09,86.14,100.0,ECMWF,"ECMWF and ensemble members agree closely, while RMSE remains low for this region."
Nagpur,2026-10-03 20:00:00,1,88.9,High,87.09,84.43,100.0,ECMWF,"ECMWF and ensemble members agree closely, while RMSE remains low for this region."
Nagpur,2026-10-03 21:00:00,1,87.7,High,87.09,80.46,100.0,ECMWF,"ECMWF and ensemble members agree closely, while RMSE remains low for this region."
Nagpur,2026-10-03 22:00:00,1,89.8,Very High,87.09,87.57,100.0,ECMWF,"ECMWF has the highest historical skill, model agreement is strong, and this is a short-range forecast."
Nagpur,2026-10-03 23:00:00,1,87.8,High,87.09,80.9,100.0,ECMWF,"ECMWF and ensemble members agree closely, while RMSE remains low for this region."
Nagpur,2026-10-04 00:00:00,2,79.7,High,80.59,77.92,80.0,ECMWF,"Low regional RMSE supports ECMWF dominance, while the 48-hour forecast horizon maintains stable predictability."
Nagpur,2026-10-04 01:00:00,2,79.8,High,80.59,78.48,80.0,ECMWF,"Low regional RMSE supports ECMWF dominance, while the 48-hour forecast horizon maintains stable predictability."
Nagpur,2026-10-04 02:00:00,2,80.8,High,80.59,81.7,80.0,ECMWF,"ECMWF and ensemble members agree closely, while RMSE remains low for this region."
Nagpur,2026-10-04 03:00:00,2,81.5,High,80.59,83.98,80.0,ECMWF,"ECMWF and ensemble members agree closely, while RMSE remains low for this region."
Nagpur,2026-10-04 04:00:00,2,79.8,High,80.59,78.4,80.0,ECMWF,"Low regional RMSE supports ECMWF dominance, while the 48-hour forecast horizon maintains stable predictability."
Nagpur,2026-10-04 05:00:00,2,79.0,High,80.59,75.61,80.0,ECMWF,"Low regional RMSE supports ECMWF dominance, while the 48-hour forecast horizon maintains stable predictability."
Nagpur,2026-10-04 06:00:00,2,80.5,High,80.59,80.56,80.0,ECMWF,"ECMWF and ensemble members agree closely, while RMSE remains low for this region."
Nagpur,2026-10-04 07:00:00,2,80.4,High,80.59,80.35,80.0,ECMWF,"ECMWF and ensemble members agree closely, while RMSE remains low for this region."
Nagpur,2026-10-04 08:00:00,2,82.0,High,80.59,85.56,80.0,ECMWF,"ECMWF and ensemble members agree closely, while RMSE remains low for this region."
Nagpur,2026-10-04 09:00:00,2,82.6,High,80.59,87.63,80.0,ECMWF,"ECMWF and ensemble members agree closely, while RMSE remains low for this region."
Nagpur,2026-10-04 10:00:00,2,83.0,High,80.59,88.89,80.0,ECMWF,"ECMWF and ensemble members agree closely, while RMSE remains low for this region."
Nagpur,2026-10-04 11:00:00,2,84.1,High,80.59,92.8,80.0,ECMWF,"ECMWF and ensemble members agree closely, while RMSE remains low for this region."
Nagpur,2026-10-04 12:00:00,2,82.5,High,80.59,87.27,80.0,ECMWF,"ECMWF and ensemble members agree closely, while RMSE remains low for this region."
Nagpur,2026-10-04 13:00:00,2,80.5,High,80.59,80.7,80.0,ECMWF,"ECMWF and ensemble members agree closely, while RMSE remains low for this region."
Nagpur,2026-10-04 14:00:00,2,79.2,High,80.59,76.32,80.0,ECMWF,"Low regional RMSE supports ECMWF dominance, while the 48-hour forecast horizon maintains stable predictability."
Nagpur,2026-10-04 15:00:00,2,79.4,High,80.59,76.94,80.0,ECMWF,"Low regional RMSE supports ECMWF dominance, while the 48-hour forecast horizon maintains stable predictability."
Nagpur,2026-10-04 16:00:00,2,79.2,High,80.59,76.36,80.0,ECMWF,"Low regional RMSE supports ECMWF dominance, while the 48-hour forecast horizon maintains stable predictability."
Nagpur,2026-10-04 17:00:00,2,80.2,High,80.59,79.82,80.0,ECMWF,"Low regional RMSE supports ECMWF dominance, while the 48-hour forecast horizon maintains stable predictability."
Nagpur,2026-10-04 18:00:00,2,83.7,High,80.59,91.29,80.0,ECMWF,"ECMWF and ensemble members agree closely, while RMSE remains low for this region."
Nagpur,2026-10-04 19:00:00,2,80.6,High,80.59,80.95,80.0,ECMWF,"ECMWF and ensemble members agree closely, while RMSE remains low for this region."
Nagpur,2026-10-04 20:00:00,2,79.7,High,80.59,78.08,80.0,ECMWF,"Low regional RMSE supports ECMWF dominance, while the 48-hour forecast horizon maintains stable predictability."
Nagpur,2026-10-04 21:00:00,2,80.6,High,80.59,80.91,80.0,ECMWF,"ECMWF and ensemble members agree closely, while RMSE remains low for this region."
Nagpur,2026-10-04 22:00:00,2,80.6,High,80.59,80.91,80.0,ECMWF,"ECMWF and ensemble members agree closely, while RMSE remains low for this region."
Nagpur,2026-10-04 23:00:00,2,81.9,High,80.59,85.2,80.0,ECMWF,"ECMWF and ensemble members agree closely, while RMSE remains low for this region."
Nagpur,2026-10-05 00:00:00,3,72.6,Medium,73.67,79.26,60.0,ECMWF,Models show moderate disagreement and the forecast lead time reduces reliability.
Nagpur,2026-10-05 01:00:00,3,71.9,Medium,73.67,76.93,60.0,ECMWF,Models show moderate disagreement and the forecast lead time reduces reliability.
Nagpur,2026-10-05 02:00:00,3,72.4,Medium,73.67,78.65,60.0,ECMWF,Models show moderate disagreement and the forecast lead time reduces reliability.
Nagpur,2026-10-05 03:00:00,3,72.4,Medium,73.67,78.51,60.0,ECMWF,Models show moderate disagreement and the forecast lead time reduces reliability.
Nagpur,2026-10-05 04:00:00,3,72.6,Medium,73.67,79.18,60.0,ECMWF,Models show moderate disagreement and the forecast lead time reduces reliability.
Nagpur,2026-10-05 05:00:00,3,74.2,Medium,73.67,84.49,60.0,ECMWF,Models show moderate disagreement and the forecast lead time reduces reliability.
Nagpur,2026-10-05 06:00:00,3,74.1,Medium,73.67,84.2,60.0,ECMWF,Models show moderate disagreement and the forecast lead time reduces reliability.
Nagpur,2026-10-05 07:00:00,3,73.5,Medium,73.67,82.29,60.0,ECMWF,Models show moderate disagreement and the forecast lead time reduces reliability.
Nagpur,2026-10-05 08:00:00,3,76.3,High,73.67,91.45,60.0,ECMWF,"ECMWF and ensemble members agree closely, while RMSE remains low for this region."
Nagpur,2026-10-05 09:00:00,3,77.4,High,73.67,95.27,60.0,ECMWF,"ECMWF and ensemble members agree closely, while RMSE remains low for this region."
Nagpur,2026-10-05 10:00:00,3,75.1,High,73.67,87.54,60.0,ECMWF,"ECMWF and ensemble members agree closely, while RMSE remains low for this region."
Nagpur,2026-10-05 11:00:00,3,72.6,Medium,73.67,79.16,60.0,ECMWF,Models show moderate disagreement and the forecast lead time reduces reliability.
Nagpur,2026-10-05 12:00:00,3,73.6,Medium,73.67,82.39,60.0,ECMWF,Models show moderate disagreement and the forecast lead time reduces reliability.
Nagpur,2026-10-05 13:00:00,3,72.5,Medium,73.67,78.92,60.0,ECMWF,Models show moderate disagreement and the forecast lead time reduces reliability.
Nagpur,2026-10-05 14:00:00,3,70.0,Medium,73.67,70.66,60.0,ECMWF,Models show moderate disagreement and the forecast lead time reduces reliability.
Nagpur,2026-10-05 15:00:00,3,70.3,Medium,73.67,71.67,60.0,ECMWF,Models show moderate disagreement and the forecast lead time reduces reliability.
Nagpur,2026-10-05 16:00:00,3,70.8,Medium,73.67,73.18,60.0,ECMWF,Models show moderate disagreement and the forecast lead time reduces reliability.
Nagpur,2026-10-05 17:00:00,3,73.2,Medium,73.67,81.37,60.0,ECMWF,Models show moderate disagreement and the forecast lead time reduces reliability.
Nagpur,2026-10-05 18:00:00,3,74.9,High,73.67,86.96,60.0,ECMWF,"ECMWF and ensemble members agree closely, while RMSE remains low for this region."
Nagpur,2026-10-05 19:00:00,3,73.9,Medium,73.67,83.54,60.0,ECMWF,Models show moderate disagreement and the forecast lead time reduces reliability.
Nagpur,2026-10-05 20:00:00,3,72.7,Medium,73.67,79.45,60.0,ECMWF,Models show moderate disagreement and the forecast lead time reduces reliability.
Nagpur,2026-10-05 21:00:00,3,71.0,Medium,73.67,74.05,60.0,ECMWF,Models show moderate disagreement and the forecast lead time reduces reliability.
Nagpur,2026-10-05 22:00:00,3,69.6,Medium,73.67,69.29,60.0,ECMWF,Models show moderate disagreement and the forecast lead time reduces reliability.
Nagpur,2026-10-05 23:00:00,3,67.7,Medium,73.67,62.99,60.0,ECMWF,Models show moderate disagreement and the forecast lead time reduces reliability.
Nashik,2026-10-03 00:00:00,1,91.6,Very High,90.73,87.45,100.0,ECMWF,"ECMWF has the highest historical skill, model agreement is strong, and this is a short-range forecast."
Nashik,2026-10-03 01:00:00,1,90.5,Very High,90.73,83.87,100.0,ECMWF,"ECMWF has the highest historical skill, model agreement is strong, and this is a short-range forecast."
Nashik,2026-10-03 02:00:00,1,91.0,Very High,90.73,85.29,100.0,ECMWF,"ECMWF has the highest historical skill, model agreement is strong, and this is a short-range forecast."
Nashik,2026-10-03 03:00:00,1,89.3,High,90.73,79.83,100.0,ECMWF,"ECMWF leads with strong short-range skill, with minor model spread in local precipitation."
Nashik,2026-10-03 04:00:00,1,88.8,High,90.73,78.24,100.0,ECMWF,"ECMWF leads with strong short-range skill, with minor model spread in local precipitation."
Nashik,2026-10-03 05:00:00,1,88.4,High,90.73,76.82,100.0,ECMWF,"ECMWF leads with strong short-range skill, with minor model spread in local precipitation."
Nashik,2026-10-03 06:00:00,1,88.1,High,90.73,75.79,100.0,ECMWF,"ECMWF leads with strong short-range skill, with minor model spread in local precipitation."
Nashik,2026-10-03 07:00:00,1,87.2,High,90.73,72.81,100.0,ECMWF,"ECMWF leads with strong short-range skill, with minor model spread in local precipitation."
Nashik,2026-10-03 08:00:00,1,86.9,High,90.73,71.64,100.0,ECMWF,"ECMWF leads with strong short-range skill, with minor model spread in local precipitation."
Nashik,2026-10-03 09:00:00,1,88.8,High,90.73,78.16,100.0,ECMWF,"ECMWF leads with strong short-range skill, with minor model spread in local precipitation."
Nashik,2026-10-03 10:00:00,1,90.4,Very High,90.73,83.36,100.0,ECMWF,"ECMWF has the highest historical skill, model agreement is strong, and this is a short-range forecast."
Nashik,2026-10-03 11:00:00,1,90.6,Very High,90.73,84.16,100.0,ECMWF,"ECMWF has the highest historical skill, model agreement is strong, and this is a short-range forecast."
Nashik,2026-10-03 12:00:00,1,92.1,Very High,90.73,89.17,100.0,ECMWF,"ECMWF has the highest historical skill, model agreement is strong, and this is a short-range forecast."
Nashik,2026-10-03 13:00:00,1,90.1,Very High,90.73,82.36,100.0,ECMWF,"ECMWF has the highest historical skill, model agreement is strong, and this is a short-range forecast."
Nashik,2026-10-03 14:00:00,1,88.9,High,90.73,78.3,100.0,ECMWF,"ECMWF leads with strong short-range skill, with minor model spread in local precipitation."
Nashik,2026-10-03 15:00:00,1,87.4,High,90.73,73.34,100.0,ECMWF,"ECMWF leads with strong short-range skill, with minor model spread in local precipitation."
Nashik,2026-10-03 16:00:00,1,85.2,High,90.73,66.27,100.0,ECMWF,"ECMWF leads with strong short-range skill, with minor model spread in local precipitation."
Nashik,2026-10-03 17:00:00,1,84.7,High,90.73,64.52,100.0,ECMWF,"ECMWF leads with strong short-range skill, with minor model spread in local precipitation."
Nashik,2026-10-03 18:00:00,1,86.0,High,90.73,68.64,100.0,ECMWF,"ECMWF leads with strong short-range skill, with minor model spread in local precipitation."
Nashik,2026-10-03 19:00:00,1,87.6,High,90.73,74.25,100.0,ECMWF,"ECMWF leads with strong short-range skill, with minor model spread in local precipitation."
Nashik,2026-10-03 20:00:00,1,87.9,High,90.73,75.01,100.0,ECMWF,"ECMWF leads with strong short-range skill, with minor model spread in local precipitation."
Nashik,2026-10-03 21:00:00,1,86.9,High,90.73,71.62,100.0,ECMWF,"ECMWF leads with strong short-range skill, with minor model spread in local precipitation."
Nashik,2026-10-03 22:00:00,1,87.7,High,90.73,74.36,100.0,ECMWF,"ECMWF leads with strong short-range skill, with minor model spread in local precipitation."
Nashik,2026-10-03 23:00:00,1,89.5,Very High,90.73,80.37,100.0,ECMWF,"ECMWF has the highest historical skill, model agreement is strong, and this is a short-range forecast."
Nashik,2026-10-04 00:00:00,2,84.8,High,89.33,80.59,80.0,ECMWF,"ECMWF and ensemble members agree closely, while RMSE remains low for this region."
Nashik,2026-10-04 01:00:00,2,85.0,High,89.33,81.08,80.0,ECMWF,"ECMWF and ensemble members agree closely, while RMSE remains low for this region."
Nashik,2026-10-04 02:00:00,2,83.2,High,89.33,75.14,80.0,ECMWF,"Low regional RMSE supports ECMWF dominance, while the 48-hour forecast horizon maintains stable predictability."
Nashik,2026-10-04 03:00:00,2,83.5,High,89.33,76.16,80.0,ECMWF,"Low regional RMSE supports ECMWF dominance, while the 48-hour forecast horizon maintains stable predictability."
Nashik,2026-10-04 04:00:00,2,83.1,High,89.33,74.83,80.0,ECMWF,"Low regional RMSE supports ECMWF dominance, while the 48-hour forecast horizon maintains stable predictability."
Nashik,2026-10-04 05:00:00,2,83.2,High,89.33,75.11,80.0,ECMWF,"Low regional RMSE supports ECMWF dominance, while the 48-hour forecast horizon maintains stable predictability."
Nashik,2026-10-04 06:00:00,2,83.2,High,89.33,75.22,80.0,ECMWF,"Low regional RMSE supports ECMWF dominance, while the 48-hour forecast horizon maintains stable predictability."
Nashik,2026-10-04 07:00:00,2,84.0,High,89.33,77.71,80.0,ECMWF,"Low regional RMSE supports ECMWF dominance, while the 48-hour forecast horizon maintains stable predictability."
Nashik,2026-10-04 08:00:00,2,83.5,High,89.33,76.03,80.0,ECMWF,"Low regional RMSE supports ECMWF dominance, while the 48-hour forecast horizon maintains stable predictability."
Nashik,2026-10-04 09:00:00,2,85.1,High,89.33,81.29,80.0,ECMWF,"ECMWF and ensemble members agree closely, while RMSE remains low for this region."
Nashik,2026-10-04 10:00:00,2,85.6,High,89.33,83.12,80.0,ECMWF,"ECMWF and ensemble members agree closely, while RMSE remains low for this region."
Nashik,2026-10-04 11:00:00,2,86.0,High,89.33,84.61,80.0,ECMWF,"ECMWF and ensemble members agree closely, while RMSE remains low for this region."
Nashik,2026-10-04 12:00:00,2,87.7,High,89.33,90.09,80.0,ECMWF,"ECMWF and ensemble members agree closely, while RMSE remains low for this region."
Nashik,2026-10-04 13:00:00,2,87.3,High,89.33,88.71,80.0,ECMWF,"ECMWF and ensemble members agree closely, while RMSE remains low for this region."
Nashik,2026-10-04 14:00:00,2,85.2,High,89.33,81.68,80.0,ECMWF,"ECMWF and ensemble members agree closely, while RMSE remains low for this region."
Nashik,2026-10-04 15:00:00,2,84.8,High,89.33,80.32,80.0,ECMWF,"ECMWF and ensemble members agree closely, while RMSE remains low for this region."
Nashik,2026-10-04 16:00:00,2,83.0,High,89.33,74.36,80.0,ECMWF,"Low regional RMSE supports ECMWF dominance, while the 48-hour forecast horizon maintains stable predictability."
Nashik,2026-10-04 17:00:00,2,80.1,High,89.33,64.8,80.0,ECMWF,"Low regional RMSE supports ECMWF dominance, while the 48-hour forecast horizon maintains stable predictability."
Nashik,2026-10-04 18:00:00,2,81.3,High,89.33,68.63,80.0,ECMWF,"Low regional RMSE supports ECMWF dominance, while the 48-hour forecast horizon maintains stable predictability."
Nashik,2026-10-04 19:00:00,2,83.9,High,89.33,77.48,80.0,ECMWF,"Low regional RMSE supports ECMWF dominance, while the 48-hour forecast horizon maintains stable predictability."
Nashik,2026-10-04 20:00:00,2,85.1,High,89.33,81.39,80.0,ECMWF,"ECMWF and ensemble members agree closely, while RMSE remains low for this region."
Nashik,2026-10-04 21:00:00,2,84.9,High,89.33,80.81,80.0,ECMWF,"ECMWF and ensemble members agree closely, while RMSE remains low for this region."
Nashik,2026-10-04 22:00:00,2,85.0,High,89.33,81.19,80.0,ECMWF,"ECMWF and ensemble members agree closely, while RMSE remains low for this region."
Nashik,2026-10-04 23:00:00,2,84.9,High,89.33,80.82,80.0,ECMWF,"ECMWF and ensemble members agree closely, while RMSE remains low for this region."
Nashik,2026-10-05 00:00:00,3,79.9,High,84.4,85.61,60.0,ECMWF,"ECMWF and ensemble members agree closely, while RMSE remains low for this region."
Nashik,2026-10-05 01:00:00,3,80.9,High,84.4,89.01,60.0,ECMWF,"ECMWF and ensemble members agree closely, while RMSE remains low for this region."
Nashik,2026-10-05 02:00:00,3,78.0,High,84.4,79.34,60.0,ECMWF,"Low regional RMSE supports ECMWF dominance, while the extended Day 3 lead time maintains stable predictability."
Nashik,2026-10-05 03:00:00,3,77.6,High,84.4,77.84,60.0,ECMWF,"Low regional RMSE supports ECMWF dominance, while the extended Day 3 lead time maintains stable predictability."
Nashik,2026-10-05 04:00:00,3,78.6,High,84.4,81.48,60.0,ECMWF,"ECMWF and ensemble members agree closely, while RMSE remains low for this region."
Nashik,2026-10-05 05:00:00,3,77.5,High,84.4,77.66,60.0,ECMWF,"Low regional RMSE supports ECMWF dominance, while the extended Day 3 lead time maintains stable predictability."
Nashik,2026-10-05 06:00:00,3,77.4,High,84.4,77.32,60.0,ECMWF,"Low regional RMSE supports ECMWF dominance, while the extended Day 3 lead time maintains stable predictability."
Nashik,2026-10-05 07:00:00,3,78.9,High,84.4,82.2,60.0,ECMWF,"ECMWF and ensemble members agree closely, while RMSE remains low for this region."
Nashik,2026-10-05 08:00:00,3,78.0,High,84.4,79.47,60.0,ECMWF,"Low regional RMSE supports ECMWF dominance, while the extended Day 3 lead time maintains stable predictability."
Nashik,2026-10-05 09:00:00,3,77.3,High,84.4,77.07,60.0,ECMWF,"Low regional RMSE supports ECMWF dominance, while the extended Day 3 lead time maintains stable predictability."
Nashik,2026-10-05 10:00:00,3,77.5,High,84.4,77.79,60.0,ECMWF,"Low regional RMSE supports ECMWF dominance, while the extended Day 3 lead time maintains stable predictability."
Nashik,2026-10-05 11:00:00,3,78.1,High,84.4,79.59,60.0,ECMWF,"Low regional RMSE supports ECMWF dominance, while the extended Day 3 lead time maintains stable predictability."
Nashik,2026-10-05 12:00:00,3,77.6,High,84.4,78.08,60.0,ECMWF,"Low regional RMSE supports ECMWF dominance, while the extended Day 3 lead time maintains stable predictability."
Nashik,2026-10-05 13:00:00,3,79.5,High,84.4,84.18,60.0,ECMWF,"ECMWF and ensemble members agree closely, while RMSE remains low for this region."
Nashik,2026-10-05 14:00:00,3,80.3,High,84.4,87.05,60.0,ECMWF,"ECMWF and ensemble members agree closely, while RMSE remains low for this region."
Nashik,2026-10-05 15:00:00,3,76.3,High,84.4,73.69,60.0,ECMWF,"Low regional RMSE supports ECMWF dominance, while the extended Day 3 lead time maintains stable predictability."
Nashik,2026-10-05 16:00:00,3,72.9,Medium,84.4,62.18,60.0,ECMWF,Models show moderate disagreement and the forecast lead time reduces reliability.
Nashik,2026-10-05 17:00:00,3,72.4,Medium,84.4,60.7,60.0,ECMWF,Models show moderate disagreement and the forecast lead time reduces reliability.
Nashik,2026-10-05 18:00:00,3,73.8,Medium,84.4,65.17,60.0,ECMWF,Models show moderate disagreement and the forecast lead time reduces reliability.
Nashik,2026-10-05 19:00:00,3,76.4,High,84.4,73.92,60.0,ECMWF,"Low regional RMSE supports ECMWF dominance, while the extended Day 3 lead time maintains stable predictability."
Nashik,2026-10-05 20:00:00,3,77.8,High,84.4,78.52,60.0,ECMWF,"Low regional RMSE supports ECMWF dominance, while the extended Day 3 lead time maintains stable predictability."
Nashik,2026-10-05 21:00:00,3,77.0,High,84.4,75.89,60.0,ECMWF,"Low regional RMSE supports ECMWF dominance, while the extended Day 3 lead time maintains stable predictability."
Nashik,2026-10-05 22:00:00,3,76.2,High,84.4,73.2,60.0,ECMWF,"Low regional RMSE supports ECMWF dominance, while the extended Day 3 lead time maintains stable predictability."
Nashik,2026-10-05 23:00:00,3,76.7,High,84.4,75.04,60.0,ECMWF,"Low regional RMSE supports ECMWF dominance, while the extended Day 3 lead time maintains stable predictability."
Patna,2026-10-03 00:00:00,1,84.6,High,84.24,74.99,100.0,ECMWF,"ECMWF leads with strong short-range skill, with minor model spread in local precipitation."
Patna,2026-10-03 01:00:00,1,84.2,High,84.24,73.58,100.0,ECMWF,"ECMWF leads with strong short-range skill, with minor model spread in local precipitation."
Patna,2026-10-03 02:00:00,1,83.7,High,84.24,71.79,100.0,ECMWF,"ECMWF leads with strong short-range skill, with minor model spread in local precipitation."
Patna,2026-10-03 03:00:00,1,83.5,High,84.24,71.41,100.0,ECMWF,"ECMWF leads with strong short-range skill, with minor model spread in local precipitation."
Patna,2026-10-03 04:00:00,1,83.2,High,84.24,70.32,100.0,ECMWF,"ECMWF leads with strong short-range skill, with minor model spread in local precipitation."
Patna,2026-10-03 05:00:00,1,83.6,High,84.24,71.47,100.0,ECMWF,"ECMWF leads with strong short-range skill, with minor model spread in local precipitation."
Patna,2026-10-03 06:00:00,1,83.8,High,84.24,72.23,100.0,ECMWF,"ECMWF leads with strong short-range skill, with minor model spread in local precipitation."
Patna,2026-10-03 07:00:00,1,84.2,High,84.24,73.61,100.0,ECMWF,"ECMWF leads with strong short-range skill, with minor model spread in local precipitation."
Patna,2026-10-03 08:00:00,1,84.5,High,84.24,74.61,100.0,ECMWF,"ECMWF leads with strong short-range skill, with minor model spread in local precipitation."
Patna,2026-10-03 09:00:00,1,85.0,High,84.24,76.11,100.0,ECMWF,"ECMWF leads with strong short-range skill, with minor model spread in local precipitation."
Patna,2026-10-03 10:00:00,1,84.9,High,84.24,75.77,100.0,ECMWF,"ECMWF leads with strong short-range skill, with minor model spread in local precipitation."
Patna,2026-10-03 11:00:00,1,84.4,High,84.24,74.13,100.0,ECMWF,"ECMWF leads with strong short-range skill, with minor model spread in local precipitation."
Patna,2026-10-03 12:00:00,1,85.5,High,84.24,77.8,100.0,ECMWF,"ECMWF leads with strong short-range skill, with minor model spread in local precipitation."
Patna,2026-10-03 13:00:00,1,86.0,High,84.24,79.6,100.0,ECMWF,"ECMWF leads with strong short-range skill, with minor model spread in local precipitation."
Patna,2026-10-03 14:00:00,1,85.3,High,84.24,77.33,100.0,ECMWF,"ECMWF leads with strong short-range skill, with minor model spread in local precipitation."
Patna,2026-10-03 15:00:00,1,83.2,High,84.24,70.28,100.0,ECMWF,"ECMWF leads with strong short-range skill, with minor model spread in local precipitation."
Patna,2026-10-03 16:00:00,1,81.4,High,84.24,64.28,100.0,ECMWF,"ECMWF leads with strong short-range skill, with minor model spread in local precipitation."
Patna,2026-10-03 17:00:00,1,81.2,High,84.24,63.62,100.0,ECMWF,"ECMWF leads with strong short-range skill, with minor model spread in local precipitation."
Patna,2026-10-03 18:00:00,1,82.2,High,84.24,66.79,100.0,ECMWF,"ECMWF leads with strong short-range skill, with minor model spread in local precipitation."
Patna,2026-10-03 19:00:00,1,82.1,High,84.24,66.67,100.0,ECMWF,"ECMWF leads with strong short-range skill, with minor model spread in local precipitation."
Patna,2026-10-03 20:00:00,1,81.9,High,84.24,66.09,100.0,ECMWF,"ECMWF leads with strong short-range skill, with minor model spread in local precipitation."
Patna,2026-10-03 21:00:00,1,81.7,High,84.24,65.34,100.0,ECMWF,"ECMWF leads with strong short-range skill, with minor model spread in local precipitation."
Patna,2026-10-03 22:00:00,1,82.0,High,84.24,66.36,100.0,ECMWF,"ECMWF leads with strong short-range skill, with minor model spread in local precipitation."
Patna,2026-10-03 23:00:00,1,83.2,High,84.24,70.28,100.0,ECMWF,"ECMWF leads with strong short-range skill, with minor model spread in local precipitation."
Patna,2026-10-04 00:00:00,2,78.6,High,81.52,72.85,80.0,ICON,"Low regional RMSE supports ICON dominance, while the 48-hour forecast horizon maintains stable predictability."
Patna,2026-10-04 01:00:00,2,78.7,High,81.52,73.17,80.0,ICON,"Low regional RMSE supports ICON dominance, while the 48-hour forecast horizon maintains stable predictability."
Patna,2026-10-04 02:00:00,2,79.4,High,81.52,75.33,80.0,ICON,"Low regional RMSE supports ICON dominance, while the 48-hour forecast horizon maintains stable predictability."
Patna,2026-10-04 03:00:00,2,80.7,High,81.52,79.71,80.0,ICON,"Low regional RMSE supports ICON dominance, while the 48-hour forecast horizon maintains stable predictability."
Patna,2026-10-04 04:00:00,2,79.5,High,81.52,75.74,80.0,ICON,"Low regional RMSE supports ICON dominance, while the 48-hour forecast horizon maintains stable predictability."
Patna,2026-10-04 05:00:00,2,80.3,High,81.52,78.62,80.0,ICON,"Low regional RMSE supports ICON dominance, while the 48-hour forecast horizon maintains stable predictability."
Patna,2026-10-04 06:00:00,2,80.9,High,81.52,80.63,80.0,ICON,"ICON and ensemble members agree closely, while RMSE remains low for this region."
Patna,2026-10-04 07:00:00,2,82.1,High,81.52,84.42,80.0,ICON,"ICON and ensemble members agree closely, while RMSE remains low for this region."
Patna,2026-10-04 08:00:00,2,82.6,High,81.52,86.23,80.0,ICON,"ICON and ensemble members agree closely, while RMSE remains low for this region."
Patna,2026-10-04 09:00:00,2,80.7,High,81.52,79.8,80.0,ICON,"Low regional RMSE supports ICON dominance, while the 48-hour forecast horizon maintains stable predictability."
Patna,2026-10-04 10:00:00,2,80.4,High,81.52,78.91,80.0,ICON,"Low regional RMSE supports ICON dominance, while the 48-hour forecast horizon maintains stable predictability."
Patna,2026-10-04 11:00:00,2,80.3,High,81.52,78.54,80.0,ICON,"Low regional RMSE supports ICON dominance, while the 48-hour forecast horizon maintains stable predictability."
Patna,2026-10-04 12:00:00,2,80.2,High,81.52,78.3,80.0,ICON,"Low regional RMSE supports ICON dominance, while the 48-hour forecast horizon maintains stable predictability."
Patna,2026-10-04 13:00:00,2,80.1,High,81.52,77.68,80.0,ICON,"Low regional RMSE supports ICON dominance, while the 48-hour forecast horizon maintains stable predictability."
Patna,2026-10-04 14:00:00,2,80.0,High,81.52,77.41,80.0,ICON,"Low regional RMSE supports ICON dominance, while the 48-hour forecast horizon maintains stable predictability."
Patna,2026-10-04 15:00:00,2,79.6,High,81.52,76.11,80.0,ICON,"Low regional RMSE supports ICON dominance, while the 48-hour forecast horizon maintains stable predictability."
Patna,2026-10-04 16:00:00,2,78.1,High,81.52,71.27,80.0,ICON,"Low regional RMSE supports ICON dominance, while the 48-hour forecast horizon maintains stable predictability."
Patna,2026-10-04 17:00:00,2,77.7,High,81.52,69.87,80.0,ICON,"Low regional RMSE supports ICON dominance, while the 48-hour forecast horizon maintains stable predictability."
Patna,2026-10-04 18:00:00,2,79.0,High,81.52,74.2,80.0,ICON,"Low regional RMSE supports ICON dominance, while the 48-hour forecast horizon maintains stable predictability."
Patna,2026-10-04 19:00:00,2,79.0,High,81.52,74.01,80.0,ICON,"Low regional RMSE supports ICON dominance, while the 48-hour forecast horizon maintains stable predictability."
Patna,2026-10-04 20:00:00,2,78.2,High,81.52,71.46,80.0,ICON,"Low regional RMSE supports ICON dominance, while the 48-hour forecast horizon maintains stable predictability."
Patna,2026-10-04 21:00:00,2,78.2,High,81.52,71.57,80.0,ICON,"Low regional RMSE supports ICON dominance, while the 48-hour forecast horizon maintains stable predictability."
Patna,2026-10-04 22:00:00,2,79.7,High,81.52,76.4,80.0,ICON,"Low regional RMSE supports ICON dominance, while the 48-hour forecast horizon maintains stable predictability."
Patna,2026-10-04 23:00:00,2,81.6,High,81.52,82.89,80.0,ICON,"ICON and ensemble members agree closely, while RMSE remains low for this region."
Patna,2026-10-05 00:00:00,3,76.1,High,79.89,80.37,60.0,ICON,"ICON and ensemble members agree closely, while RMSE remains low for this region."
Patna,2026-10-05 01:00:00,3,74.4,Medium,79.89,74.86,60.0,ICON,Models show moderate disagreement and the forecast lead time reduces reliability.
Patna,2026-10-05 02:00:00,3,74.8,High,79.89,76.12,60.0,ICON,"Low regional RMSE supports ICON dominance, while the extended Day 3 lead time maintains stable predictability."
Patna,2026-10-05 03:00:00,3,75.4,High,79.89,78.31,60.0,ICON,"Low regional RMSE supports ICON dominance, while the extended Day 3 lead time maintains stable predictability."
Patna,2026-10-05 04:00:00,3,73.6,Medium,79.89,72.33,60.0,ICON,Models show moderate disagreement and the forecast lead time reduces reliability.
Patna,2026-10-05 05:00:00,3,75.8,High,79.89,79.4,60.0,ICON,"Low regional RMSE supports ICON dominance, while the extended Day 3 lead time maintains stable predictability."
Patna,2026-10-05 06:00:00,3,74.0,Medium,79.89,73.52,60.0,ICON,Models show moderate disagreement and the forecast lead time reduces reliability.
Patna,2026-10-05 07:00:00,3,73.4,Medium,79.89,71.43,60.0,ICON,Models show moderate disagreement and the forecast lead time reduces reliability.
Patna,2026-10-05 08:00:00,3,72.9,Medium,79.89,69.77,60.0,ICON,Models show moderate disagreement and the forecast lead time reduces reliability.
Patna,2026-10-05 09:00:00,3,72.1,Medium,79.89,67.22,60.0,ICON,Models show moderate disagreement and the forecast lead time reduces reliability.
Patna,2026-10-05 10:00:00,3,72.0,Medium,79.89,66.83,60.0,ICON,Models show moderate disagreement and the forecast lead time reduces reliability.
Patna,2026-10-05 11:00:00,3,72.3,Medium,79.89,67.8,60.0,ICON,Models show moderate disagreement and the forecast lead time reduces reliability.
Patna,2026-10-05 12:00:00,3,72.0,Medium,79.89,66.69,60.0,ICON,Models show moderate disagreement and the forecast lead time reduces reliability.
Patna,2026-10-05 13:00:00,3,71.8,Medium,79.89,66.08,60.0,ICON,Models show moderate disagreement and the forecast lead time reduces reliability.
Patna,2026-10-05 14:00:00,3,72.2,Medium,79.89,67.59,60.0,ICON,Models show moderate disagreement and the forecast lead time reduces reliability.
Patna,2026-10-05 15:00:00,3,71.0,Medium,79.89,63.55,60.0,ICON,Models show moderate disagreement and the forecast lead time reduces reliability.
Patna,2026-10-05 16:00:00,3,71.8,Medium,79.89,66.11,60.0,ICON,Models show moderate disagreement and the forecast lead time reduces reliability.
Patna,2026-10-05 17:00:00,3,71.6,Medium,79.89,65.52,60.0,ICON,Models show moderate disagreement and the forecast lead time reduces reliability.
Patna,2026-10-05 18:00:00,3,71.4,Medium,79.89,64.86,60.0,ICON,Models show moderate disagreement and the forecast lead time reduces reliability.
Patna,2026-10-05 19:00:00,3,72.3,Medium,79.89,67.89,60.0,ICON,Models show moderate disagreement and the forecast lead time reduces reliability.
Patna,2026-10-05 20:00:00,3,72.6,Medium,79.89,68.86,60.0,ICON,Models show moderate disagreement and the forecast lead time reduces reliability.
Patna,2026-10-05 21:00:00,3,73.4,Medium,79.89,71.56,60.0,ICON,Models show moderate disagreement and the forecast lead time reduces reliability.
Patna,2026-10-05 22:00:00,3,73.7,Medium,79.89,72.36,60.0,ICON,Models show moderate disagreement and the forecast lead time reduces reliability.
Patna,2026-10-05 23:00:00,3,74.2,Medium,79.89,74.11,60.0,ICON,Models show moderate disagreement and the forecast lead time reduces reliability.
Pune,2026-10-03 00:00:00,1,92.9,Very High,99.53,76.98,100.0,ECMWF,"ECMWF exhibits outstanding regional skill, maintaining very high blend reliability for this short-range forecast."
Pune,2026-10-03 01:00:00,1,92.1,Very High,99.53,74.51,100.0,ECMWF,"ECMWF exhibits outstanding regional skill, maintaining very high blend reliability for this short-range forecast."
Pune,2026-10-03 02:00:00,1,91.3,Very High,99.53,71.71,100.0,ECMWF,"ECMWF exhibits outstanding regional skill, maintaining very high blend reliability for this short-range forecast."
Pune,2026-10-03 03:00:00,1,90.7,Very High,99.53,69.9,100.0,ECMWF,"ECMWF exhibits outstanding regional skill, maintaining very high blend reliability for this short-range forecast."
Pune,2026-10-03 04:00:00,1,91.1,Very High,99.53,71.18,100.0,ECMWF,"ECMWF exhibits outstanding regional skill, maintaining very high blend reliability for this short-range forecast."
Pune,2026-10-03 05:00:00,1,91.8,Very High,99.53,73.55,100.0,ECMWF,"ECMWF exhibits outstanding regional skill, maintaining very high blend reliability for this short-range forecast."
Pune,2026-10-03 06:00:00,1,93.0,Very High,99.53,77.33,100.0,ECMWF,"ECMWF exhibits outstanding regional skill, maintaining very high blend reliability for this short-range forecast."
Pune,2026-10-03 07:00:00,1,94.1,Very High,99.53,81.06,100.0,ECMWF,"ECMWF has the highest historical skill, model agreement is strong, and this is a short-range forecast."
Pune,2026-10-03 08:00:00,1,93.2,Very High,99.53,78.28,100.0,ECMWF,"ECMWF exhibits outstanding regional skill, maintaining very high blend reliability for this short-range forecast."
Pune,2026-10-03 09:00:00,1,93.2,Very High,99.53,78.14,100.0,ECMWF,"ECMWF exhibits outstanding regional skill, maintaining very high blend reliability for this short-range forecast."
Pune,2026-10-03 10:00:00,1,92.8,Very High,99.53,76.93,100.0,ECMWF,"ECMWF exhibits outstanding regional skill, maintaining very high blend reliability for this short-range forecast."
Pune,2026-10-03 11:00:00,1,94.2,Very High,99.53,81.51,100.0,ECMWF,"ECMWF has the highest historical skill, model agreement is strong, and this is a short-range forecast."
Pune,2026-10-03 12:00:00,1,93.9,Very High,99.53,80.42,100.0,ECMWF,"ECMWF has the highest historical skill, model agreement is strong, and this is a short-range forecast."
Pune,2026-10-03 13:00:00,1,91.0,Very High,99.53,70.71,100.0,ECMWF,"ECMWF exhibits outstanding regional skill, maintaining very high blend reliability for this short-range forecast."
Pune,2026-10-03 14:00:00,1,93.5,Very High,99.53,79.03,100.0,ECMWF,"ECMWF exhibits outstanding regional skill, maintaining very high blend reliability for this short-range forecast."
Pune,2026-10-03 15:00:00,1,92.4,Very High,99.53,75.31,100.0,ECMWF,"ECMWF exhibits outstanding regional skill, maintaining very high blend reliability for this short-range forecast."
Pune,2026-10-03 16:00:00,1,89.5,Very High,99.53,65.82,100.0,ECMWF,"ECMWF exhibits outstanding regional skill, maintaining very high blend reliability for this short-range forecast."
Pune,2026-10-03 17:00:00,1,89.2,High,99.53,64.63,100.0,ECMWF,"ECMWF leads with strong short-range skill, with minor model spread in local precipitation."
Pune,2026-10-03 18:00:00,1,90.0,Very High,99.53,67.34,100.0,ECMWF,"ECMWF exhibits outstanding regional skill, maintaining very high blend reliability for this short-range forecast."
Pune,2026-10-03 19:00:00,1,89.5,Very High,99.53,65.63,100.0,ECMWF,"ECMWF exhibits outstanding regional skill, maintaining very high blend reliability for this short-range forecast."
Pune,2026-10-03 20:00:00,1,91.1,Very High,99.53,71.11,100.0,ECMWF,"ECMWF exhibits outstanding regional skill, maintaining very high blend reliability for this short-range forecast."
Pune,2026-10-03 21:00:00,1,91.6,Very High,99.53,72.79,100.0,ECMWF,"ECMWF exhibits outstanding regional skill, maintaining very high blend reliability for this short-range forecast."
Pune,2026-10-03 22:00:00,1,92.2,Very High,99.53,74.65,100.0,ECMWF,"ECMWF exhibits outstanding regional skill, maintaining very high blend reliability for this short-range forecast."
Pune,2026-10-03 23:00:00,1,91.9,Very High,99.53,73.79,100.0,ECMWF,"ECMWF exhibits outstanding regional skill, maintaining very high blend reliability for this short-range forecast."
Pune,2026-10-04 00:00:00,2,88.1,High,97.94,77.2,80.0,ECMWF,"Low regional RMSE supports ECMWF dominance, while the 48-hour forecast horizon maintains stable predictability."
Pune,2026-10-04 01:00:00,2,88.7,High,97.94,79.09,80.0,ECMWF,"Low regional RMSE supports ECMWF dominance, while the 48-hour forecast horizon maintains stable predictability."
Pune,2026-10-04 02:00:00,2,88.2,High,97.94,77.32,80.0,ECMWF,"Low regional RMSE supports ECMWF dominance, while the 48-hour forecast horizon maintains stable predictability."
Pune,2026-10-04 03:00:00,2,86.5,High,97.94,71.85,80.0,ECMWF,"Low regional RMSE supports ECMWF dominance, while the 48-hour forecast horizon maintains stable predictability."
Pune,2026-10-04 04:00:00,2,88.6,High,97.94,78.75,80.0,ECMWF,"Low regional RMSE supports ECMWF dominance, while the 48-hour forecast horizon maintains stable predictability."
Pune,2026-10-04 05:00:00,2,89.5,Very High,97.94,81.82,80.0,ECMWF,"ECMWF has the highest historical skill, model agreement is strong, and this is a 48-hour forecast horizon."
Pune,2026-10-04 06:00:00,2,89.0,High,97.94,80.24,80.0,ECMWF,"ECMWF and ensemble members agree closely, while RMSE remains low for this region."
Pune,2026-10-04 07:00:00,2,88.8,High,97.94,79.51,80.0,ECMWF,"Low regional RMSE supports ECMWF dominance, while the 48-hour forecast horizon maintains stable predictability."
Pune,2026-10-04 08:00:00,2,88.2,High,97.94,77.37,80.0,ECMWF,"Low regional RMSE supports ECMWF dominance, while the 48-hour forecast horizon maintains stable predictability."
Pune,2026-10-04 09:00:00,2,87.6,High,97.94,75.56,80.0,ECMWF,"Low regional RMSE supports ECMWF dominance, while the 48-hour forecast horizon maintains stable predictability."
Pune,2026-10-04 10:00:00,2,89.0,High,97.94,79.97,80.0,ECMWF,"Low regional RMSE supports ECMWF dominance, while the 48-hour forecast horizon maintains stable predictability."
Pune,2026-10-04 11:00:00,2,89.9,Very High,97.94,83.17,80.0,ECMWF,"ECMWF has the highest historical skill, model agreement is strong, and this is a 48-hour forecast horizon."
Pune,2026-10-04 12:00:00,2,87.8,High,97.94,76.0,80.0,ECMWF,"Low regional RMSE supports ECMWF dominance, while the 48-hour forecast horizon maintains stable predictability."
Pune,2026-10-04 13:00:00,2,88.0,High,97.94,76.66,80.0,ECMWF,"Low regional RMSE supports ECMWF dominance, while the 48-hour forecast horizon maintains stable predictability."
Pune,2026-10-04 14:00:00,2,88.9,High,97.94,79.62,80.0,ECMWF,"Low regional RMSE supports ECMWF dominance, while the 48-hour forecast horizon maintains stable predictability."
Pune,2026-10-04 15:00:00,2,87.3,High,97.94,74.49,80.0,ECMWF,"Low regional RMSE supports ECMWF dominance, while the 48-hour forecast horizon maintains stable predictability."
Pune,2026-10-04 16:00:00,2,84.7,High,97.94,65.73,80.0,ECMWF,"Low regional RMSE supports ECMWF dominance, while the 48-hour forecast horizon maintains stable predictability."
Pune,2026-10-04 17:00:00,2,84.2,High,97.94,63.98,80.0,ECMWF,"Low regional RMSE supports ECMWF dominance, while the 48-hour forecast horizon maintains stable predictability."
Pune,2026-10-04 18:00:00,2,85.3,High,97.94,67.73,80.0,ECMWF,"Low regional RMSE supports ECMWF dominance, while the 48-hour forecast horizon maintains stable predictability."
Pune,2026-10-04 19:00:00,2,86.8,High,97.94,72.62,80.0,ECMWF,"Low regional RMSE supports ECMWF dominance, while the 48-hour forecast horizon maintains stable predictability."
Pune,2026-10-04 20:00:00,2,87.2,High,97.94,74.25,80.0,ECMWF,"Low regional RMSE supports ECMWF dominance, while the 48-hour forecast horizon maintains stable predictability."
Pune,2026-10-04 21:00:00,2,87.7,High,97.94,75.7,80.0,ECMWF,"Low regional RMSE supports ECMWF dominance, while the 48-hour forecast horizon maintains stable predictability."
Pune,2026-10-04 22:00:00,2,88.0,High,97.94,76.78,80.0,ECMWF,"Low regional RMSE supports ECMWF dominance, while the 48-hour forecast horizon maintains stable predictability."
Pune,2026-10-04 23:00:00,2,87.7,High,97.94,75.81,80.0,ECMWF,"Low regional RMSE supports ECMWF dominance, while the 48-hour forecast horizon maintains stable predictability."
Pune,2026-10-05 00:00:00,3,82.2,High,95.46,74.87,60.0,ECMWF,"Low regional RMSE supports ECMWF dominance, while the extended Day 3 lead time maintains stable predictability."
Pune,2026-10-05 01:00:00,3,85.5,High,95.46,85.94,60.0,ECMWF,"ECMWF and ensemble members agree closely, while RMSE remains low for this region."
Pune,2026-10-05 02:00:00,3,85.1,High,95.46,84.68,60.0,ECMWF,"ECMWF and ensemble members agree closely, while RMSE remains low for this region."
Pune,2026-10-05 03:00:00,3,83.7,High,95.46,80.05,60.0,ECMWF,"ECMWF and ensemble members agree closely, while RMSE remains low for this region."
Pune,2026-10-05 04:00:00,3,84.3,High,95.46,82.04,60.0,ECMWF,"ECMWF and ensemble members agree closely, while RMSE remains low for this region."
Pune,2026-10-05 05:00:00,3,84.9,High,95.46,83.84,60.0,ECMWF,"ECMWF and ensemble members agree closely, while RMSE remains low for this region."
Pune,2026-10-05 06:00:00,3,83.6,High,95.46,79.68,60.0,ECMWF,"Low regional RMSE supports ECMWF dominance, while the extended Day 3 lead time maintains stable predictability."
Pune,2026-10-05 07:00:00,3,81.5,High,95.46,72.67,60.0,ECMWF,"Low regional RMSE supports ECMWF dominance, while the extended Day 3 lead time maintains stable predictability."
Pune,2026-10-05 08:00:00,3,81.1,High,95.46,71.1,60.0,ECMWF,"Low regional RMSE supports ECMWF dominance, while the extended Day 3 lead time maintains stable predictability."
Pune,2026-10-05 09:00:00,3,82.1,High,95.46,74.42,60.0,ECMWF,"Low regional RMSE supports ECMWF dominance, while the extended Day 3 lead time maintains stable predictability."
Pune,2026-10-05 10:00:00,3,82.2,High,95.46,75.06,60.0,ECMWF,"Low regional RMSE supports ECMWF dominance, while the extended Day 3 lead time maintains stable predictability."
Pune,2026-10-05 11:00:00,3,82.1,High,95.46,74.53,60.0,ECMWF,"Low regional RMSE supports ECMWF dominance, while the extended Day 3 lead time maintains stable predictability."
Pune,2026-10-05 12:00:00,3,81.6,High,95.46,72.84,60.0,ECMWF,"Low regional RMSE supports ECMWF dominance, while the extended Day 3 lead time maintains stable predictability."
Pune,2026-10-05 13:00:00,3,82.3,High,95.46,75.25,60.0,ECMWF,"Low regional RMSE supports ECMWF dominance, while the extended Day 3 lead time maintains stable predictability."
Pune,2026-10-05 14:00:00,3,80.2,High,95.46,68.09,60.0,ECMWF,"Low regional RMSE supports ECMWF dominance, while the extended Day 3 lead time maintains stable predictability."
Pune,2026-10-05 15:00:00,3,80.0,High,95.46,67.72,60.0,ECMWF,"Low regional RMSE supports ECMWF dominance, while the extended Day 3 lead time maintains stable predictability."
Pune,2026-10-05 16:00:00,3,78.4,High,95.46,62.4,60.0,ECMWF,"Low regional RMSE supports ECMWF dominance, while the extended Day 3 lead time maintains stable predictability."
Pune,2026-10-05 17:00:00,3,77.9,High,95.46,60.53,60.0,ECMWF,"Low regional RMSE supports ECMWF dominance, while the extended Day 3 lead time maintains stable predictability."
Pune,2026-10-05 18:00:00,3,80.2,High,95.46,68.21,60.0,ECMWF,"Low regional RMSE supports ECMWF dominance, while the extended Day 3 lead time maintains stable predictability."
Pune,2026-10-05 19:00:00,3,84.1,High,95.46,81.1,60.0,ECMWF,"ECMWF and ensemble members agree closely, while RMSE remains low for this region."
Pune,2026-10-05 20:00:00,3,84.2,High,95.46,81.5,60.0,ECMWF,"ECMWF and ensemble members agree closely, while RMSE remains low for this region."
Pune,2026-10-05 21:00:00,3,82.7,High,95.46,76.61,60.0,ECMWF,"Low regional RMSE supports ECMWF dominance, while the extended Day 3 lead time maintains stable predictability."
Pune,2026-10-05 22:00:00,3,81.2,High,95.46,71.53,60.0,ECMWF,"Low regional RMSE supports ECMWF dominance, while the extended Day 3 lead time maintains stable predictability."
Pune,2026-10-05 23:00:00,3,82.6,High,95.46,76.3,60.0,ECMWF,"Low regional RMSE supports ECMWF dominance, while the extended Day 3 lead time maintains stable predictability."
Raipur,2026-10-03 00:00:00,1,86.6,High,83.93,82.2,100.0,ECMWF,"ECMWF and ensemble members agree closely, while RMSE remains low for this region."
Raipur,2026-10-03 01:00:00,1,87.5,High,83.93,85.08,100.0,ECMWF,"ECMWF and ensemble members agree closely, while RMSE remains low for this region."
Raipur,2026-10-03 02:00:00,1,86.0,High,83.93,80.07,100.0,ECMWF,"ECMWF and ensemble members agree closely, while RMSE remains low for this region."
Raipur,2026-10-03 03:00:00,1,85.7,High,83.93,79.19,100.0,ECMWF,"ECMWF leads with strong short-range skill, with minor model spread in local precipitation."
Raipur,2026-10-03 04:00:00,1,86.1,High,83.93,80.46,100.0,ECMWF,"ECMWF and ensemble members agree closely, while RMSE remains low for this region."
Raipur,2026-10-03 05:00:00,1,86.6,High,83.93,82.26,100.0,ECMWF,"ECMWF and ensemble members agree closely, while RMSE remains low for this region."
Raipur,2026-10-03 06:00:00,1,86.4,High,83.93,81.38,100.0,ECMWF,"ECMWF and ensemble members agree closely, while RMSE remains low for this region."
Raipur,2026-10-03 07:00:00,1,86.1,High,83.93,80.58,100.0,ECMWF,"ECMWF and ensemble members agree closely, while RMSE remains low for this region."
Raipur,2026-10-03 08:00:00,1,87.1,High,83.93,83.83,100.0,ECMWF,"ECMWF and ensemble members agree closely, while RMSE remains low for this region."
Raipur,2026-10-03 09:00:00,1,87.9,High,83.93,86.44,100.0,ECMWF,"ECMWF and ensemble members agree closely, while RMSE remains low for this region."
Raipur,2026-10-03 10:00:00,1,88.1,High,83.93,86.98,100.0,ECMWF,"ECMWF and ensemble members agree closely, while RMSE remains low for this region."
Raipur,2026-10-03 11:00:00,1,87.6,High,83.93,85.34,100.0,ECMWF,"ECMWF and ensemble members agree closely, while RMSE remains low for this region."
Raipur,2026-10-03 12:00:00,1,90.2,Very High,83.93,94.06,100.0,ECMWF,"ECMWF has the highest historical skill, model agreement is strong, and this is a short-range forecast."
Raipur,2026-10-03 13:00:00,1,90.5,Very High,83.93,95.23,100.0,ECMWF,"ECMWF has the highest historical skill, model agreement is strong, and this is a short-range forecast."
Raipur,2026-10-03 14:00:00,1,89.6,Very High,83.93,92.25,100.0,ECMWF,"ECMWF has the highest historical skill, model agreement is strong, and this is a short-range forecast."
Raipur,2026-10-03 15:00:00,1,87.7,High,83.93,85.81,100.0,ECMWF,"ECMWF and ensemble members agree closely, while RMSE remains low for this region."
Raipur,2026-10-03 16:00:00,1,85.9,High,83.93,79.93,100.0,ECMWF,"ECMWF leads with strong short-range skill, with minor model spread in local precipitation."
Raipur,2026-10-03 17:00:00,1,85.0,High,83.93,76.91,100.0,ECMWF,"ECMWF leads with strong short-range skill, with minor model spread in local precipitation."
Raipur,2026-10-03 18:00:00,1,83.5,High,83.93,71.63,100.0,ECMWF,"ECMWF leads with strong short-range skill, with minor model spread in local precipitation."
Raipur,2026-10-03 19:00:00,1,83.9,High,83.93,73.08,100.0,ECMWF,"ECMWF leads with strong short-range skill, with minor model spread in local precipitation."
Raipur,2026-10-03 20:00:00,1,85.2,High,83.93,77.44,100.0,ECMWF,"ECMWF leads with strong short-range skill, with minor model spread in local precipitation."
Raipur,2026-10-03 21:00:00,1,85.6,High,83.93,78.73,100.0,ECMWF,"ECMWF leads with strong short-range skill, with minor model spread in local precipitation."
Raipur,2026-10-03 22:00:00,1,86.7,High,83.93,82.6,100.0,ECMWF,"ECMWF and ensemble members agree closely, while RMSE remains low for this region."
Raipur,2026-10-03 23:00:00,1,86.2,High,83.93,80.95,100.0,ECMWF,"ECMWF and ensemble members agree closely, while RMSE remains low for this region."
Raipur,2026-10-04 00:00:00,2,79.3,High,77.67,81.53,80.0,ECMWF,"ECMWF and ensemble members agree closely, while RMSE remains low for this region."
Raipur,2026-10-04 01:00:00,2,79.7,High,77.67,82.85,80.0,ECMWF,"ECMWF and ensemble members agree closely, while RMSE remains low for this region."
Raipur,2026-10-04 02:00:00,2,79.5,High,77.67,82.23,80.0,ECMWF,"ECMWF and ensemble members agree closely, while RMSE remains low for this region."
Raipur,2026-10-04 03:00:00,2,79.5,High,77.67,82.17,80.0,ECMWF,"ECMWF and ensemble members agree closely, while RMSE remains low for this region."
Raipur,2026-10-04 04:00:00,2,79.8,High,77.67,83.06,80.0,ECMWF,"ECMWF and ensemble members agree closely, while RMSE remains low for this region."
Raipur,2026-10-04 05:00:00,2,78.6,High,77.67,79.35,80.0,ECMWF,"Low regional RMSE supports ECMWF dominance, while the 48-hour forecast horizon maintains stable predictability."
Raipur,2026-10-04 06:00:00,2,78.3,High,77.67,78.09,80.0,ECMWF,"Low regional RMSE supports ECMWF dominance, while the 48-hour forecast horizon maintains stable predictability."
Raipur,2026-10-04 07:00:00,2,78.5,High,77.67,79.0,80.0,ECMWF,"Low regional RMSE supports ECMWF dominance, while the 48-hour forecast horizon maintains stable predictability."
Raipur,2026-10-04 08:00:00,2,79.5,High,77.67,82.29,80.0,ECMWF,"ECMWF and ensemble members agree closely, while RMSE remains low for this region."
Raipur,2026-10-04 09:00:00,2,80.9,High,77.67,86.81,80.0,ECMWF,"ECMWF and ensemble members agree closely, while RMSE remains low for this region."
Raipur,2026-10-04 10:00:00,2,79.6,High,77.67,82.51,80.0,ECMWF,"ECMWF and ensemble members agree closely, while RMSE remains low for this region."
Raipur,2026-10-04 11:00:00,2,78.5,High,77.67,78.97,80.0,ECMWF,"Low regional RMSE supports ECMWF dominance, while the 48-hour forecast horizon maintains stable predictability."
Raipur,2026-10-04 12:00:00,2,79.2,High,77.67,81.26,80.0,ECMWF,"ECMWF and ensemble members agree closely, while RMSE remains low for this region."
Raipur,2026-10-04 13:00:00,2,80.1,High,77.67,84.16,80.0,ECMWF,"ECMWF and ensemble members agree closely, while RMSE remains low for this region."
Raipur,2026-10-04 14:00:00,2,81.3,High,77.67,88.31,80.0,ECMWF,"ECMWF and ensemble members agree closely, while RMSE remains low for this region."
Raipur,2026-10-04 15:00:00,2,82.6,High,77.67,92.57,80.0,ECMWF,"ECMWF and ensemble members agree closely, while RMSE remains low for this region."
Raipur,2026-10-04 16:00:00,2,82.4,High,77.67,91.97,80.0,ECMWF,"ECMWF and ensemble members agree closely, while RMSE remains low for this region."
Raipur,2026-10-04 17:00:00,2,81.3,High,77.67,88.15,80.0,ECMWF,"ECMWF and ensemble members agree closely, while RMSE remains low for this region."
Raipur,2026-10-04 18:00:00,2,81.7,High,77.67,89.52,80.0,ECMWF,"ECMWF and ensemble members agree closely, while RMSE remains low for this region."
Raipur,2026-10-04 19:00:00,2,80.4,High,77.67,85.14,80.0,ECMWF,"ECMWF and ensemble members agree closely, while RMSE remains low for this region."
Raipur,2026-10-04 20:00:00,2,78.9,High,77.67,80.18,80.0,ECMWF,"ECMWF and ensemble members agree closely, while RMSE remains low for this region."
Raipur,2026-10-04 21:00:00,2,79.3,High,77.67,81.63,80.0,ECMWF,"ECMWF and ensemble members agree closely, while RMSE remains low for this region."
Raipur,2026-10-04 22:00:00,2,78.2,High,77.67,77.84,80.0,ECMWF,"Low regional RMSE supports ECMWF dominance, while the 48-hour forecast horizon maintains stable predictability."
Raipur,2026-10-04 23:00:00,2,79.4,High,77.67,82.05,80.0,ECMWF,"ECMWF and ensemble members agree closely, while RMSE remains low for this region."
Raipur,2026-10-05 00:00:00,3,71.8,Medium,73.16,77.5,60.0,ECMWF,Models show moderate disagreement and the forecast lead time reduces reliability.
Raipur,2026-10-05 01:00:00,3,71.5,Medium,73.16,76.3,60.0,ECMWF,Models show moderate disagreement and the forecast lead time reduces reliability.
Raipur,2026-10-05 02:00:00,3,71.4,Medium,73.16,76.12,60.0,ECMWF,Models show moderate disagreement and the forecast lead time reduces reliability.
Raipur,2026-10-05 03:00:00,3,71.7,Medium,73.16,76.98,60.0,ECMWF,Models show moderate disagreement and the forecast lead time reduces reliability.
Raipur,2026-10-05 04:00:00,3,72.1,Medium,73.16,78.5,60.0,ECMWF,Models show moderate disagreement and the forecast lead time reduces reliability.
Raipur,2026-10-05 05:00:00,3,72.4,Medium,73.16,79.36,60.0,ECMWF,Models show moderate disagreement and the forecast lead time reduces reliability.
Raipur,2026-10-05 06:00:00,3,72.3,Medium,73.16,78.99,60.0,ECMWF,Models show moderate disagreement and the forecast lead time reduces reliability.
Raipur,2026-10-05 07:00:00,3,72.8,Medium,73.16,80.87,60.0,ECMWF,Models show moderate disagreement and the forecast lead time reduces reliability.
Raipur,2026-10-05 08:00:00,3,74.3,Medium,73.16,85.75,60.0,ECMWF,Models show moderate disagreement and the forecast lead time reduces reliability.
Raipur,2026-10-05 09:00:00,3,73.1,Medium,73.16,81.84,60.0,ECMWF,Models show moderate disagreement and the forecast lead time reduces reliability.
Raipur,2026-10-05 10:00:00,3,71.9,Medium,73.16,77.58,60.0,ECMWF,Models show moderate disagreement and the forecast lead time reduces reliability.
Raipur,2026-10-05 11:00:00,3,72.0,Medium,73.16,78.11,60.0,ECMWF,Models show moderate disagreement and the forecast lead time reduces reliability.
Raipur,2026-10-05 12:00:00,3,71.9,Medium,73.16,77.76,60.0,ECMWF,Models show moderate disagreement and the forecast lead time reduces reliability.
Raipur,2026-10-05 13:00:00,3,71.9,Medium,73.16,77.72,60.0,ECMWF,Models show moderate disagreement and the forecast lead time reduces reliability.
Raipur,2026-10-05 14:00:00,3,73.1,Medium,73.16,81.7,60.0,ECMWF,Models show moderate disagreement and the forecast lead time reduces reliability.
Raipur,2026-10-05 15:00:00,3,74.8,High,73.16,87.42,60.0,ECMWF,"ECMWF and ensemble members agree closely, while RMSE remains low for this region."
Raipur,2026-10-05 16:00:00,3,75.4,High,73.16,89.47,60.0,ECMWF,"ECMWF and ensemble members agree closely, while RMSE remains low for this region."
Raipur,2026-10-05 17:00:00,3,71.3,Medium,73.16,75.67,60.0,ECMWF,Models show moderate disagreement and the forecast lead time reduces reliability.
Raipur,2026-10-05 18:00:00,3,71.6,Medium,73.16,76.72,60.0,ECMWF,Models show moderate disagreement and the forecast lead time reduces reliability.
Raipur,2026-10-05 19:00:00,3,73.1,Medium,73.16,81.64,60.0,ECMWF,Models show moderate disagreement and the forecast lead time reduces reliability.
Raipur,2026-10-05 20:00:00,3,72.6,Medium,73.16,80.1,60.0,ECMWF,Models show moderate disagreement and the forecast lead time reduces reliability.
Raipur,2026-10-05 21:00:00,3,71.6,Medium,73.16,76.72,60.0,ECMWF,Models show moderate disagreement and the forecast lead time reduces reliability.
Raipur,2026-10-05 22:00:00,3,71.7,Medium,73.16,77.14,60.0,ECMWF,Models show moderate disagreement and the forecast lead time reduces reliability.
Raipur,2026-10-05 23:00:00,3,72.7,Medium,73.16,80.5,60.0,ECMWF,Models show moderate disagreement and the forecast lead time reduces reliability.
Ranchi,2026-10-03 00:00:00,1,85.3,High,84.38,76.87,100.0,ECMWF,"ECMWF leads with strong short-range skill, with minor model spread in local precipitation."
Ranchi,2026-10-03 01:00:00,1,85.1,High,84.38,76.22,100.0,ECMWF,"ECMWF leads with strong short-range skill, with minor model spread in local precipitation."
Ranchi,2026-10-03 02:00:00,1,85.5,High,84.38,77.7,100.0,ECMWF,"ECMWF leads with strong short-range skill, with minor model spread in local precipitation."
Ranchi,2026-10-03 03:00:00,1,86.7,High,84.38,81.61,100.0,ECMWF,"ECMWF and ensemble members agree closely, while RMSE remains low for this region."
Ranchi,2026-10-03 04:00:00,1,87.2,High,84.38,83.26,100.0,ECMWF,"ECMWF and ensemble members agree closely, while RMSE remains low for this region."
Ranchi,2026-10-03 05:00:00,1,88.3,High,84.38,87.12,100.0,ECMWF,"ECMWF and ensemble members agree closely, while RMSE remains low for this region."
Ranchi,2026-10-03 06:00:00,1,88.5,High,84.38,87.58,100.0,ECMWF,"ECMWF and ensemble members agree closely, while RMSE remains low for this region."
Ranchi,2026-10-03 07:00:00,1,88.7,High,84.38,88.43,100.0,ECMWF,"ECMWF and ensemble members agree closely, while RMSE remains low for this region."
Ranchi,2026-10-03 08:00:00,1,89.8,Very High,84.38,91.92,100.0,ECMWF,"ECMWF has the highest historical skill, model agreement is strong, and this is a short-range forecast."
Ranchi,2026-10-03 09:00:00,1,88.3,High,84.38,87.14,100.0,ECMWF,"ECMWF and ensemble members agree closely, while RMSE remains low for this region."
Ranchi,2026-10-03 10:00:00,1,88.5,High,84.38,87.85,100.0,ECMWF,"ECMWF and ensemble members agree closely, while RMSE remains low for this region."
Ranchi,2026-10-03 11:00:00,1,88.6,High,84.38,88.0,100.0,ECMWF,"ECMWF and ensemble members agree closely, while RMSE remains low for this region."
Ranchi,2026-10-03 12:00:00,1,88.2,High,84.38,86.73,100.0,ECMWF,"ECMWF and ensemble members agree closely, while RMSE remains low for this region."
Ranchi,2026-10-03 13:00:00,1,88.0,High,84.38,86.19,100.0,ECMWF,"ECMWF and ensemble members agree closely, while RMSE remains low for this region."
Ranchi,2026-10-03 14:00:00,1,87.2,High,84.38,83.2,100.0,ECMWF,"ECMWF and ensemble members agree closely, while RMSE remains low for this region."
Ranchi,2026-10-03 15:00:00,1,87.7,High,84.38,85.11,100.0,ECMWF,"ECMWF and ensemble members agree closely, while RMSE remains low for this region."
Ranchi,2026-10-03 16:00:00,1,85.1,High,84.38,76.35,100.0,ECMWF,"ECMWF leads with strong short-range skill, with minor model spread in local precipitation."
Ranchi,2026-10-03 17:00:00,1,86.0,High,84.38,79.52,100.0,ECMWF,"ECMWF leads with strong short-range skill, with minor model spread in local precipitation."
Ranchi,2026-10-03 18:00:00,1,88.9,High,84.38,88.92,100.0,ECMWF,"ECMWF and ensemble members agree closely, while RMSE remains low for this region."
Ranchi,2026-10-03 19:00:00,1,88.3,High,84.38,86.92,100.0,ECMWF,"ECMWF and ensemble members agree closely, while RMSE remains low for this region."
Ranchi,2026-10-03 20:00:00,1,88.5,High,84.38,87.64,100.0,ECMWF,"ECMWF and ensemble members agree closely, while RMSE remains low for this region."
Ranchi,2026-10-03 21:00:00,1,88.1,High,84.38,86.46,100.0,ECMWF,"ECMWF and ensemble members agree closely, while RMSE remains low for this region."
Ranchi,2026-10-03 22:00:00,1,87.6,High,84.38,84.71,100.0,ECMWF,"ECMWF and ensemble members agree closely, while RMSE remains low for this region."
Ranchi,2026-10-03 23:00:00,1,87.6,High,84.38,84.86,100.0,ECMWF,"ECMWF and ensemble members agree closely, while RMSE remains low for this region."
Ranchi,2026-10-04 00:00:00,2,81.6,High,81.05,83.47,80.0,ECMWF,"ECMWF and ensemble members agree closely, while RMSE remains low for this region."
Ranchi,2026-10-04 01:00:00,2,81.4,High,81.05,82.9,80.0,ECMWF,"ECMWF and ensemble members agree closely, while RMSE remains low for this region."
Ranchi,2026-10-04 02:00:00,2,81.3,High,81.05,82.63,80.0,ECMWF,"ECMWF and ensemble members agree closely, while RMSE remains low for this region."
Ranchi,2026-10-04 03:00:00,2,81.0,High,81.05,81.67,80.0,ECMWF,"ECMWF and ensemble members agree closely, while RMSE remains low for this region."
Ranchi,2026-10-04 04:00:00,2,80.6,High,81.05,80.26,80.0,ECMWF,"ECMWF and ensemble members agree closely, while RMSE remains low for this region."
Ranchi,2026-10-04 05:00:00,2,80.8,High,81.05,80.76,80.0,ECMWF,"ECMWF and ensemble members agree closely, while RMSE remains low for this region."
Ranchi,2026-10-04 06:00:00,2,80.1,High,81.05,78.68,80.0,ECMWF,"Low regional RMSE supports ECMWF dominance, while the 48-hour forecast horizon maintains stable predictability."
Ranchi,2026-10-04 07:00:00,2,80.1,High,81.05,78.65,80.0,ECMWF,"Low regional RMSE supports ECMWF dominance, while the 48-hour forecast horizon maintains stable predictability."
Ranchi,2026-10-04 08:00:00,2,83.2,High,81.05,88.97,80.0,ECMWF,"ECMWF and ensemble members agree closely, while RMSE remains low for this region."
Ranchi,2026-10-04 09:00:00,2,82.3,High,81.05,85.92,80.0,ECMWF,"ECMWF and ensemble members agree closely, while RMSE remains low for this region."
Ranchi,2026-10-04 10:00:00,2,81.2,High,81.05,82.32,80.0,ECMWF,"ECMWF and ensemble members agree closely, while RMSE remains low for this region."
Ranchi,2026-10-04 11:00:00,2,81.7,High,81.05,83.91,80.0,ECMWF,"ECMWF and ensemble members agree closely, while RMSE remains low for this region."
Ranchi,2026-10-04 12:00:00,2,83.2,High,81.05,88.94,80.0,ECMWF,"ECMWF and ensemble members agree closely, while RMSE remains low for this region."
Ranchi,2026-10-04 13:00:00,2,83.0,High,81.05,88.21,80.0,ECMWF,"ECMWF and ensemble members agree closely, while RMSE remains low for this region."
Ranchi,2026-10-04 14:00:00,2,82.8,High,81.05,87.55,80.0,ECMWF,"ECMWF and ensemble members agree closely, while RMSE remains low for this region."
Ranchi,2026-10-04 15:00:00,2,83.3,High,81.05,89.29,80.0,ECMWF,"ECMWF and ensemble members agree closely, while RMSE remains low for this region."
Ranchi,2026-10-04 16:00:00,2,79.9,High,81.05,77.76,80.0,ECMWF,"Low regional RMSE supports ECMWF dominance, while the 48-hour forecast horizon maintains stable predictability."
Ranchi,2026-10-04 17:00:00,2,79.0,High,81.05,74.98,80.0,ECMWF,"Low regional RMSE supports ECMWF dominance, while the 48-hour forecast horizon maintains stable predictability."
Ranchi,2026-10-04 18:00:00,2,80.7,High,81.05,80.65,80.0,ECMWF,"ECMWF and ensemble members agree closely, while RMSE remains low for this region."
Ranchi,2026-10-04 19:00:00,2,80.0,High,81.05,78.21,80.0,ECMWF,"Low regional RMSE supports ECMWF dominance, while the 48-hour forecast horizon maintains stable predictability."
Ranchi,2026-10-04 20:00:00,2,79.7,High,81.05,77.29,80.0,ECMWF,"Low regional RMSE supports ECMWF dominance, while the 48-hour forecast horizon maintains stable predictability."
Ranchi,2026-10-04 21:00:00,2,80.1,High,81.05,78.67,80.0,ECMWF,"Low regional RMSE supports ECMWF dominance, while the 48-hour forecast horizon maintains stable predictability."
Ranchi,2026-10-04 22:00:00,2,80.3,High,81.05,79.31,80.0,ECMWF,"Low regional RMSE supports ECMWF dominance, while the 48-hour forecast horizon maintains stable predictability."
Ranchi,2026-10-04 23:00:00,2,80.2,High,81.05,78.84,80.0,ECMWF,"Low regional RMSE supports ECMWF dominance, while the 48-hour forecast horizon maintains stable predictability."
Ranchi,2026-10-05 00:00:00,3,75.4,High,78.01,81.25,60.0,ECMWF,"ECMWF and ensemble members agree closely, while RMSE remains low for this region."
Ranchi,2026-10-05 01:00:00,3,75.8,High,78.01,82.59,60.0,ECMWF,"ECMWF and ensemble members agree closely, while RMSE remains low for this region."
Ranchi,2026-10-05 02:00:00,3,76.0,High,78.01,83.31,60.0,ECMWF,"ECMWF and ensemble members agree closely, while RMSE remains low for this region."
Ranchi,2026-10-05 03:00:00,3,76.1,High,78.01,83.61,60.0,ECMWF,"ECMWF and ensemble members agree closely, while RMSE remains low for this region."
Ranchi,2026-10-05 04:00:00,3,76.2,High,78.01,84.09,60.0,ECMWF,"ECMWF and ensemble members agree closely, while RMSE remains low for this region."
Ranchi,2026-10-05 05:00:00,3,76.8,High,78.01,85.85,60.0,ECMWF,"ECMWF and ensemble members agree closely, while RMSE remains low for this region."
Ranchi,2026-10-05 06:00:00,3,76.8,High,78.01,86.03,60.0,ECMWF,"ECMWF and ensemble members agree closely, while RMSE remains low for this region."
Ranchi,2026-10-05 07:00:00,3,76.2,High,78.01,84.12,60.0,ECMWF,"ECMWF and ensemble members agree closely, while RMSE remains low for this region."
Ranchi,2026-10-05 08:00:00,3,76.6,High,78.01,85.37,60.0,ECMWF,"ECMWF and ensemble members agree closely, while RMSE remains low for this region."
Ranchi,2026-10-05 09:00:00,3,78.5,High,78.01,91.72,60.0,ECMWF,"ECMWF and ensemble members agree closely, while RMSE remains low for this region."
Ranchi,2026-10-05 10:00:00,3,78.4,High,78.01,91.37,60.0,ECMWF,"ECMWF and ensemble members agree closely, while RMSE remains low for this region."
Ranchi,2026-10-05 11:00:00,3,77.3,High,78.01,87.8,60.0,ECMWF,"ECMWF and ensemble members agree closely, while RMSE remains low for this region."
Ranchi,2026-10-05 12:00:00,3,76.7,High,78.01,85.74,60.0,ECMWF,"ECMWF and ensemble members agree closely, while RMSE remains low for this region."
Ranchi,2026-10-05 13:00:00,3,76.4,High,78.01,84.7,60.0,ECMWF,"ECMWF and ensemble members agree closely, while RMSE remains low for this region."
Ranchi,2026-10-05 14:00:00,3,75.5,High,78.01,81.5,60.0,ECMWF,"ECMWF and ensemble members agree closely, while RMSE remains low for this region."
Ranchi,2026-10-05 15:00:00,3,74.5,High,78.01,78.28,60.0,ECMWF,"Low regional RMSE supports ECMWF dominance, while the extended Day 3 lead time maintains stable predictability."
Ranchi,2026-10-05 16:00:00,3,76.2,High,78.01,84.13,60.0,ECMWF,"ECMWF and ensemble members agree closely, while RMSE remains low for this region."
Ranchi,2026-10-05 17:00:00,3,76.3,High,78.01,84.19,60.0,ECMWF,"ECMWF and ensemble members agree closely, while RMSE remains low for this region."
Ranchi,2026-10-05 18:00:00,3,76.3,High,78.01,84.27,60.0,ECMWF,"ECMWF and ensemble members agree closely, while RMSE remains low for this region."
Ranchi,2026-10-05 19:00:00,3,72.2,Medium,78.01,70.57,60.0,ECMWF,Models show moderate disagreement and the forecast lead time reduces reliability.
Ranchi,2026-10-05 20:00:00,3,73.9,Medium,78.01,76.29,60.0,ECMWF,Models show moderate disagreement and the forecast lead time reduces reliability.
Ranchi,2026-10-05 21:00:00,3,74.0,Medium,78.01,76.57,60.0,ECMWF,Models show moderate disagreement and the forecast lead time reduces reliability.
Ranchi,2026-10-05 22:00:00,3,74.7,High,78.01,79.14,60.0,ECMWF,"Low regional RMSE supports ECMWF dominance, while the extended Day 3 lead time maintains stable predictability."
Ranchi,2026-10-05 23:00:00,3,75.3,High,78.01,80.9,60.0,ECMWF,"ECMWF and ensemble members agree closely, while RMSE remains low for this region."
Shillong,2026-10-03 00:00:00,1,86.4,High,81.1,86.07,100.0,ECMWF,"ECMWF and ensemble members agree closely, while RMSE remains low for this region."
Shillong,2026-10-03 01:00:00,1,86.1,High,81.1,85.08,100.0,ECMWF,"ECMWF and ensemble members agree closely, while RMSE remains low for this region."
Shillong,2026-10-03 02:00:00,1,86.6,High,81.1,86.79,100.0,ECMWF,"ECMWF and ensemble members agree closely, while RMSE remains low for this region."
Shillong,2026-10-03 03:00:00,1,87.0,High,81.1,88.1,100.0,ECMWF,"ECMWF and ensemble members agree closely, while RMSE remains low for this region."
Shillong,2026-10-03 04:00:00,1,86.6,High,81.1,86.75,100.0,ECMWF,"ECMWF and ensemble members agree closely, while RMSE remains low for this region."
Shillong,2026-10-03 05:00:00,1,86.5,High,81.1,86.38,100.0,ECMWF,"ECMWF and ensemble members agree closely, while RMSE remains low for this region."
Shillong,2026-10-03 06:00:00,1,88.5,High,81.1,93.27,100.0,ECMWF,"ECMWF and ensemble members agree closely, while RMSE remains low for this region."
Shillong,2026-10-03 07:00:00,1,87.4,High,81.1,89.39,100.0,ECMWF,"ECMWF and ensemble members agree closely, while RMSE remains low for this region."
Shillong,2026-10-03 08:00:00,1,84.5,High,81.1,79.99,100.0,ECMWF,"ECMWF leads with strong short-range skill, with minor model spread in local precipitation."
Shillong,2026-10-03 09:00:00,1,83.5,High,81.1,76.59,100.0,ECMWF,"ECMWF leads with strong short-range skill, with minor model spread in local precipitation."
Shillong,2026-10-03 10:00:00,1,82.8,High,81.1,74.14,100.0,ECMWF,"ECMWF leads with strong short-range skill, with minor model spread in local precipitation."
Shillong,2026-10-03 11:00:00,1,81.6,High,81.1,70.31,100.0,ECMWF,"ECMWF leads with strong short-range skill, with minor model spread in local precipitation."
Shillong,2026-10-03 12:00:00,1,81.9,High,81.1,71.29,100.0,ECMWF,"ECMWF leads with strong short-range skill, with minor model spread in local precipitation."
Shillong,2026-10-03 13:00:00,1,81.1,High,81.1,68.58,100.0,ECMWF,"ECMWF leads with strong short-range skill, with minor model spread in local precipitation."
Shillong,2026-10-03 14:00:00,1,81.9,High,81.1,71.26,100.0,ECMWF,"ECMWF leads with strong short-range skill, with minor model spread in local precipitation."
Shillong,2026-10-03 15:00:00,1,83.5,High,81.1,76.63,100.0,ECMWF,"ECMWF leads with strong short-range skill, with minor model spread in local precipitation."
Shillong,2026-10-03 16:00:00,1,83.9,High,81.1,77.67,100.0,ECMWF,"ECMWF leads with strong short-range skill, with minor model spread in local precipitation."
Shillong,2026-10-03 17:00:00,1,85.4,High,81.1,82.98,100.0,ECMWF,"ECMWF and ensemble members agree closely, while RMSE remains low for this region."
Shillong,2026-10-03 18:00:00,1,86.0,High,81.1,84.79,100.0,ECMWF,"ECMWF and ensemble members agree closely, while RMSE remains low for this region."
Shillong,2026-10-03 19:00:00,1,87.9,High,81.1,91.14,100.0,ECMWF,"ECMWF and ensemble members agree closely, while RMSE remains low for this region."
Shillong,2026-10-03 20:00:00,1,86.4,High,81.1,86.01,100.0,ECMWF,"ECMWF and ensemble members agree closely, while RMSE remains low for this region."
Shillong,2026-10-03 21:00:00,1,84.9,High,81.1,81.22,100.0,ECMWF,"ECMWF and ensemble members agree closely, while RMSE remains low for this region."
Shillong,2026-10-03 22:00:00,1,84.6,High,81.1,80.23,100.0,ECMWF,"ECMWF and ensemble members agree closely, while RMSE remains low for this region."
Shillong,2026-10-03 23:00:00,1,85.5,High,81.1,83.07,100.0,ECMWF,"ECMWF and ensemble members agree closely, while RMSE remains low for this region."
Shillong,2026-10-04 00:00:00,2,80.2,High,79.29,81.75,80.0,GEM,"GEM and ensemble members agree closely, while RMSE remains low for this region."
Shillong,2026-10-04 01:00:00,2,79.8,High,79.29,80.56,80.0,GEM,"GEM and ensemble members agree closely, while RMSE remains low for this region."
Shillong,2026-10-04 02:00:00,2,79.7,High,79.29,80.1,80.0,GEM,"GEM and ensemble members agree closely, while RMSE remains low for this region."
Shillong,2026-10-04 03:00:00,2,79.6,High,79.29,79.71,80.0,GEM,"Low regional RMSE supports GEM dominance, while the 48-hour forecast horizon maintains stable predictability."
Shillong,2026-10-04 04:00:00,2,79.5,High,79.29,79.52,80.0,GEM,"Low regional RMSE supports GEM dominance, while the 48-hour forecast horizon maintains stable predictability."
Shillong,2026-10-04 05:00:00,2,80.5,High,79.29,82.73,80.0,GEM,"GEM and ensemble members agree closely, while RMSE remains low for this region."
Shillong,2026-10-04 06:00:00,2,84.8,High,79.29,97.21,80.0,GEM,"GEM and ensemble members agree closely, while RMSE remains low for this region."
Shillong,2026-10-04 07:00:00,2,81.3,High,79.29,85.53,80.0,GEM,"GEM and ensemble members agree closely, while RMSE remains low for this region."
Shillong,2026-10-04 08:00:00,2,80.1,High,79.29,81.61,80.0,GEM,"GEM and ensemble members agree closely, while RMSE remains low for this region."
Shillong,2026-10-04 09:00:00,2,79.5,High,79.29,79.46,80.0,GEM,"Low regional RMSE supports GEM dominance, while the 48-hour forecast horizon maintains stable predictability."
Shillong,2026-10-04 10:00:00,2,79.3,High,79.29,78.88,80.0,GEM,"Low regional RMSE supports GEM dominance, while the 48-hour forecast horizon maintains stable predictability."
Shillong,2026-10-04 11:00:00,2,78.9,High,79.29,77.45,80.0,GEM,"Low regional RMSE supports GEM dominance, while the 48-hour forecast horizon maintains stable predictability."
Shillong,2026-10-04 12:00:00,2,77.5,High,79.29,72.9,80.0,GEM,"Low regional RMSE supports GEM dominance, while the 48-hour forecast horizon maintains stable predictability."
Shillong,2026-10-04 13:00:00,2,78.1,High,79.29,74.78,80.0,GEM,"Low regional RMSE supports GEM dominance, while the 48-hour forecast horizon maintains stable predictability."
Shillong,2026-10-04 14:00:00,2,77.1,High,79.29,71.55,80.0,GEM,"Low regional RMSE supports GEM dominance, while the 48-hour forecast horizon maintains stable predictability."
Shillong,2026-10-04 15:00:00,2,76.7,High,79.29,70.32,80.0,GEM,"Low regional RMSE supports GEM dominance, while the 48-hour forecast horizon maintains stable predictability."
Shillong,2026-10-04 16:00:00,2,77.5,High,79.29,72.91,80.0,GEM,"Low regional RMSE supports GEM dominance, while the 48-hour forecast horizon maintains stable predictability."
Shillong,2026-10-04 17:00:00,2,79.0,High,79.29,77.88,80.0,GEM,"Low regional RMSE supports GEM dominance, while the 48-hour forecast horizon maintains stable predictability."
Shillong,2026-10-04 18:00:00,2,81.7,High,79.29,86.9,80.0,GEM,"GEM and ensemble members agree closely, while RMSE remains low for this region."
Shillong,2026-10-04 19:00:00,2,83.0,High,79.29,91.18,80.0,GEM,"GEM and ensemble members agree closely, while RMSE remains low for this region."
Shillong,2026-10-04 20:00:00,2,82.9,High,79.29,90.99,80.0,GEM,"GEM and ensemble members agree closely, while RMSE remains low for this region."
Shillong,2026-10-04 21:00:00,2,81.6,High,79.29,86.64,80.0,GEM,"GEM and ensemble members agree closely, while RMSE remains low for this region."
Shillong,2026-10-04 22:00:00,2,81.8,High,79.29,87.3,80.0,GEM,"GEM and ensemble members agree closely, while RMSE remains low for this region."
Shillong,2026-10-04 23:00:00,2,81.4,High,79.29,85.87,80.0,GEM,"GEM and ensemble members agree closely, while RMSE remains low for this region."
Shillong,2026-10-05 00:00:00,3,78.8,High,81.04,87.58,60.0,GEM,"GEM and ensemble members agree closely, while RMSE remains low for this region."
Shillong,2026-10-05 01:00:00,3,80.4,High,81.04,93.02,60.0,GEM,"GEM and ensemble members agree closely, while RMSE remains low for this region."
Shillong,2026-10-05 02:00:00,3,80.2,High,81.04,92.39,60.0,GEM,"GEM and ensemble members agree closely, while RMSE remains low for this region."
Shillong,2026-10-05 03:00:00,3,79.5,High,81.04,89.9,60.0,GEM,"GEM and ensemble members agree closely, while RMSE remains low for this region."
Shillong,2026-10-05 04:00:00,3,79.5,High,81.04,90.04,60.0,GEM,"GEM and ensemble members agree closely, while RMSE remains low for this region."
Shillong,2026-10-05 05:00:00,3,79.3,High,81.04,89.33,60.0,GEM,"GEM and ensemble members agree closely, while RMSE remains low for this region."
Shillong,2026-10-05 06:00:00,3,78.8,High,81.04,87.71,60.0,GEM,"GEM and ensemble members agree closely, while RMSE remains low for this region."
Shillong,2026-10-05 07:00:00,3,80.8,High,81.04,94.27,60.0,GEM,"GEM and ensemble members agree closely, while RMSE remains low for this region."
Shillong,2026-10-05 08:00:00,3,79.4,High,81.04,89.52,60.0,GEM,"GEM and ensemble members agree closely, while RMSE remains low for this region."
Shillong,2026-10-05 09:00:00,3,77.7,High,81.04,83.85,60.0,GEM,"GEM and ensemble members agree closely, while RMSE remains low for this region."
Shillong,2026-10-05 10:00:00,3,76.9,High,81.04,81.13,60.0,GEM,"GEM and ensemble members agree closely, while RMSE remains low for this region."
Shillong,2026-10-05 11:00:00,3,76.1,High,81.04,78.48,60.0,GEM,"Low regional RMSE supports GEM dominance, while the extended Day 3 lead time maintains stable predictability."
Shillong,2026-10-05 12:00:00,3,74.9,High,81.04,74.51,60.0,GEM,"Low regional RMSE supports GEM dominance, while the extended Day 3 lead time maintains stable predictability."
Shillong,2026-10-05 13:00:00,3,75.1,High,81.04,75.41,60.0,GEM,"Low regional RMSE supports GEM dominance, while the extended Day 3 lead time maintains stable predictability."
Shillong,2026-10-05 14:00:00,3,77.4,High,81.04,82.81,60.0,GEM,"GEM and ensemble members agree closely, while RMSE remains low for this region."
Shillong,2026-10-05 15:00:00,3,76.9,High,81.04,81.29,60.0,GEM,"GEM and ensemble members agree closely, while RMSE remains low for this region."
Shillong,2026-10-05 16:00:00,3,79.4,High,81.04,89.6,60.0,GEM,"GEM and ensemble members agree closely, while RMSE remains low for this region."
Shillong,2026-10-05 17:00:00,3,77.9,High,81.04,84.7,60.0,GEM,"GEM and ensemble members agree closely, while RMSE remains low for this region."
Shillong,2026-10-05 18:00:00,3,79.0,High,81.04,88.25,60.0,GEM,"GEM and ensemble members agree closely, while RMSE remains low for this region."
Shillong,2026-10-05 19:00:00,3,78.7,High,81.04,87.42,60.0,GEM,"GEM and ensemble members agree closely, while RMSE remains low for this region."
Shillong,2026-10-05 20:00:00,3,80.3,High,81.04,92.68,60.0,GEM,"GEM and ensemble members agree closely, while RMSE remains low for this region."
Shillong,2026-10-05 21:00:00,3,79.8,High,81.04,90.88,60.0,GEM,"GEM and ensemble members agree closely, while RMSE remains low for this region."
Shillong,2026-10-05 22:00:00,3,79.4,High,81.04,89.72,60.0,GEM,"GEM and ensemble members agree closely, while RMSE remains low for this region."
Shillong,2026-10-05 23:00:00,3,78.5,High,81.04,86.69,60.0,GEM,"GEM and ensemble members agree closely, while RMSE remains low for this region."
Shimla,2026-10-03 00:00:00,1,88.0,High,89.07,78.36,100.0,ECMWF,"ECMWF leads with strong short-range skill, with minor model spread in local precipitation."
Shimla,2026-10-03 01:00:00,1,87.7,High,89.07,77.13,100.0,ECMWF,"ECMWF leads with strong short-range skill, with minor model spread in local precipitation."
Shimla,2026-10-03 02:00:00,1,86.4,High,89.07,73.0,100.0,ECMWF,"ECMWF leads with strong short-range skill, with minor model spread in local precipitation."
Shimla,2026-10-03 03:00:00,1,86.1,High,89.07,71.88,100.0,ECMWF,"ECMWF leads with strong short-range skill, with minor model spread in local precipitation."
Shimla,2026-10-03 04:00:00,1,86.7,High,89.07,73.84,100.0,ECMWF,"ECMWF leads with strong short-range skill, with minor model spread in local precipitation."
Shimla,2026-10-03 05:00:00,1,87.6,High,89.07,76.75,100.0,ECMWF,"ECMWF leads with strong short-range skill, with minor model spread in local precipitation."
Shimla,2026-10-03 06:00:00,1,89.4,High,89.07,83.02,100.0,ECMWF,"ECMWF and ensemble members agree closely, while RMSE remains low for this region."
Shimla,2026-10-03 07:00:00,1,91.4,Very High,89.07,89.52,100.0,ECMWF,"ECMWF has the highest historical skill, model agreement is strong, and this is a short-range forecast."
Shimla,2026-10-03 08:00:00,1,90.5,Very High,89.07,86.56,100.0,ECMWF,"ECMWF has the highest historical skill, model agreement is strong, and this is a short-range forecast."
Shimla,2026-10-03 09:00:00,1,89.8,Very High,89.07,84.09,100.0,ECMWF,"ECMWF has the highest historical skill, model agreement is strong, and this is a short-range forecast."
Shimla,2026-10-03 10:00:00,1,90.5,Very High,89.07,86.64,100.0,ECMWF,"ECMWF has the highest historical skill, model agreement is strong, and this is a short-range forecast."
Shimla,2026-10-03 11:00:00,1,90.7,Very High,89.07,87.21,100.0,ECMWF,"ECMWF has the highest historical skill, model agreement is strong, and this is a short-range forecast."
Shimla,2026-10-03 12:00:00,1,89.9,Very High,89.07,84.57,100.0,ECMWF,"ECMWF has the highest historical skill, model agreement is strong, and this is a short-range forecast."
Shimla,2026-10-03 13:00:00,1,90.1,Very High,89.07,85.11,100.0,ECMWF,"ECMWF has the highest historical skill, model agreement is strong, and this is a short-range forecast."
Shimla,2026-10-03 14:00:00,1,89.7,Very High,89.07,83.97,100.0,ECMWF,"ECMWF has the highest historical skill, model agreement is strong, and this is a short-range forecast."
Shimla,2026-10-03 15:00:00,1,90.2,Very High,89.07,85.45,100.0,ECMWF,"ECMWF has the highest historical skill, model agreement is strong, and this is a short-range forecast."
Shimla,2026-10-03 16:00:00,1,90.0,Very High,89.07,84.87,100.0,ECMWF,"ECMWF has the highest historical skill, model agreement is strong, and this is a short-range forecast."
Shimla,2026-10-03 17:00:00,1,88.3,High,89.07,79.22,100.0,ECMWF,"ECMWF leads with strong short-range skill, with minor model spread in local precipitation."
Shimla,2026-10-03 18:00:00,1,87.8,High,89.07,77.69,100.0,ECMWF,"ECMWF leads with strong short-range skill, with minor model spread in local precipitation."
Shimla,2026-10-03 19:00:00,1,88.6,High,89.07,80.29,100.0,ECMWF,"ECMWF and ensemble members agree closely, while RMSE remains low for this region."
Shimla,2026-10-03 20:00:00,1,86.6,High,89.07,73.57,100.0,ECMWF,"ECMWF leads with strong short-range skill, with minor model spread in local precipitation."
Shimla,2026-10-03 21:00:00,1,86.7,High,89.07,73.85,100.0,ECMWF,"ECMWF leads with strong short-range skill, with minor model spread in local precipitation."
Shimla,2026-10-03 22:00:00,1,86.1,High,89.07,72.03,100.0,ECMWF,"ECMWF leads with strong short-range skill, with minor model spread in local precipitation."
Shimla,2026-10-03 23:00:00,1,85.6,High,89.07,70.18,100.0,ECMWF,"ECMWF leads with strong short-range skill, with minor model spread in local precipitation."
Shimla,2026-10-04 00:00:00,2,80.9,High,88.77,68.38,80.0,ICON,"Low regional RMSE supports ICON dominance, while the 48-hour forecast horizon maintains stable predictability."
Shimla,2026-10-04 01:00:00,2,81.2,High,88.77,69.54,80.0,ICON,"Low regional RMSE supports ICON dominance, while the 48-hour forecast horizon maintains stable predictability."
Shimla,2026-10-04 02:00:00,2,81.3,High,88.77,69.58,80.0,ICON,"Low regional RMSE supports ICON dominance, while the 48-hour forecast horizon maintains stable predictability."
Shimla,2026-10-04 03:00:00,2,81.2,High,88.77,69.38,80.0,ICON,"Low regional RMSE supports ICON dominance, while the 48-hour forecast horizon maintains stable predictability."
Shimla,2026-10-04 04:00:00,2,81.3,High,88.77,69.79,80.0,ICON,"Low regional RMSE supports ICON dominance, while the 48-hour forecast horizon maintains stable predictability."
Shimla,2026-10-04 05:00:00,2,81.6,High,88.77,70.88,80.0,ICON,"Low regional RMSE supports ICON dominance, while the 48-hour forecast horizon maintains stable predictability."
Shimla,2026-10-04 06:00:00,2,83.9,High,88.77,78.26,80.0,ICON,"Low regional RMSE supports ICON dominance, while the 48-hour forecast horizon maintains stable predictability."
Shimla,2026-10-04 07:00:00,2,85.5,High,88.77,83.71,80.0,ICON,"ICON and ensemble members agree closely, while RMSE remains low for this region."
Shimla,2026-10-04 08:00:00,2,85.6,High,88.77,83.96,80.0,ICON,"ICON and ensemble members agree closely, while RMSE remains low for this region."
Shimla,2026-10-04 09:00:00,2,85.4,High,88.77,83.4,80.0,ICON,"ICON and ensemble members agree closely, while RMSE remains low for this region."
Shimla,2026-10-04 10:00:00,2,86.3,High,88.77,86.3,80.0,ICON,"ICON and ensemble members agree closely, while RMSE remains low for this region."
Shimla,2026-10-04 11:00:00,2,86.6,High,88.77,87.36,80.0,ICON,"ICON and ensemble members agree closely, while RMSE remains low for this region."
Shimla,2026-10-04 12:00:00,2,86.3,High,88.77,86.42,80.0,ICON,"ICON and ensemble members agree closely, while RMSE remains low for this region."
Shimla,2026-10-04 13:00:00,2,85.9,High,88.77,85.05,80.0,ICON,"ICON and ensemble members agree closely, while RMSE remains low for this region."
Shimla,2026-10-04 14:00:00,2,86.7,High,88.77,87.78,80.0,ICON,"ICON and ensemble members agree closely, while RMSE remains low for this region."
Shimla,2026-10-04 15:00:00,2,86.8,High,88.77,87.95,80.0,ICON,"ICON and ensemble members agree closely, while RMSE remains low for this region."
Shimla,2026-10-04 16:00:00,2,86.6,High,88.77,87.26,80.0,ICON,"ICON and ensemble members agree closely, while RMSE remains low for this region."
Shimla,2026-10-04 17:00:00,2,85.6,High,88.77,84.2,80.0,ICON,"ICON and ensemble members agree closely, while RMSE remains low for this region."
Shimla,2026-10-04 18:00:00,2,84.6,High,88.77,80.79,80.0,ICON,"ICON and ensemble members agree closely, while RMSE remains low for this region."
Shimla,2026-10-04 19:00:00,2,83.8,High,88.77,78.11,80.0,ICON,"Low regional RMSE supports ICON dominance, while the 48-hour forecast horizon maintains stable predictability."
Shimla,2026-10-04 20:00:00,2,83.5,High,88.77,76.94,80.0,ICON,"Low regional RMSE supports ICON dominance, while the 48-hour forecast horizon maintains stable predictability."
Shimla,2026-10-04 21:00:00,2,82.9,High,88.77,74.91,80.0,ICON,"Low regional RMSE supports ICON dominance, while the 48-hour forecast horizon maintains stable predictability."
Shimla,2026-10-04 22:00:00,2,81.8,High,88.77,71.33,80.0,ICON,"Low regional RMSE supports ICON dominance, while the 48-hour forecast horizon maintains stable predictability."
Shimla,2026-10-04 23:00:00,2,81.4,High,88.77,69.9,80.0,ICON,"Low regional RMSE supports ICON dominance, while the 48-hour forecast horizon maintains stable predictability."
Shimla,2026-10-05 00:00:00,3,76.4,High,87.35,69.09,60.0,ICON,"Low regional RMSE supports ICON dominance, while the extended Day 3 lead time maintains stable predictability."
Shimla,2026-10-05 01:00:00,3,76.8,High,87.35,70.33,60.0,ICON,"Low regional RMSE supports ICON dominance, while the extended Day 3 lead time maintains stable predictability."
Shimla,2026-10-05 02:00:00,3,76.6,High,87.35,69.61,60.0,ICON,"Low regional RMSE supports ICON dominance, while the extended Day 3 lead time maintains stable predictability."
Shimla,2026-10-05 03:00:00,3,76.3,High,87.35,68.63,60.0,ICON,"Low regional RMSE supports ICON dominance, while the extended Day 3 lead time maintains stable predictability."
Shimla,2026-10-05 04:00:00,3,76.7,High,87.35,70.0,60.0,ICON,"Low regional RMSE supports ICON dominance, while the extended Day 3 lead time maintains stable predictability."
Shimla,2026-10-05 05:00:00,3,76.9,High,87.35,70.6,60.0,ICON,"Low regional RMSE supports ICON dominance, while the extended Day 3 lead time maintains stable predictability."
Shimla,2026-10-05 06:00:00,3,78.4,High,87.35,75.73,60.0,ICON,"Low regional RMSE supports ICON dominance, while the extended Day 3 lead time maintains stable predictability."
Shimla,2026-10-05 07:00:00,3,79.8,High,87.35,80.44,60.0,ICON,"ICON and ensemble members agree closely, while RMSE remains low for this region."
Shimla,2026-10-05 08:00:00,3,80.5,High,87.35,82.6,60.0,ICON,"ICON and ensemble members agree closely, while RMSE remains low for this region."
Shimla,2026-10-05 09:00:00,3,79.3,High,87.35,78.65,60.0,ICON,"Low regional RMSE supports ICON dominance, while the extended Day 3 lead time maintains stable predictability."
Shimla,2026-10-05 10:00:00,3,79.9,High,87.35,80.65,60.0,ICON,"ICON and ensemble members agree closely, while RMSE remains low for this region."
Shimla,2026-10-05 11:00:00,3,81.2,High,87.35,85.0,60.0,ICON,"ICON and ensemble members agree closely, while RMSE remains low for this region."
Shimla,2026-10-05 12:00:00,3,81.5,High,87.35,86.17,60.0,ICON,"ICON and ensemble members agree closely, while RMSE remains low for this region."
Shimla,2026-10-05 13:00:00,3,81.8,High,87.35,87.19,60.0,ICON,"ICON and ensemble members agree closely, while RMSE remains low for this region."
Shimla,2026-10-05 14:00:00,3,81.6,High,87.35,86.52,60.0,ICON,"ICON and ensemble members agree closely, while RMSE remains low for this region."
Shimla,2026-10-05 15:00:00,3,82.4,High,87.35,89.22,60.0,ICON,"ICON and ensemble members agree closely, while RMSE remains low for this region."
Shimla,2026-10-05 16:00:00,3,82.4,High,87.35,89.07,60.0,ICON,"ICON and ensemble members agree closely, while RMSE remains low for this region."
Shimla,2026-10-05 17:00:00,3,82.5,High,87.35,89.35,60.0,ICON,"ICON and ensemble members agree closely, while RMSE remains low for this region."
Shimla,2026-10-05 18:00:00,3,80.3,High,87.35,82.17,60.0,ICON,"ICON and ensemble members agree closely, while RMSE remains low for this region."
Shimla,2026-10-05 19:00:00,3,79.9,High,87.35,80.68,60.0,ICON,"ICON and ensemble members agree closely, while RMSE remains low for this region."
Shimla,2026-10-05 20:00:00,3,78.1,High,87.35,74.75,60.0,ICON,"Low regional RMSE supports ICON dominance, while the extended Day 3 lead time maintains stable predictability."
Shimla,2026-10-05 21:00:00,3,77.0,High,87.35,71.24,60.0,ICON,"Low regional RMSE supports ICON dominance, while the extended Day 3 lead time maintains stable predictability."
Shimla,2026-10-05 22:00:00,3,77.6,High,87.35,73.07,60.0,ICON,"Low regional RMSE supports ICON dominance, while the extended Day 3 lead time maintains stable predictability."
Shimla,2026-10-05 23:00:00,3,78.7,High,87.35,76.84,60.0,ICON,"Low regional RMSE supports ICON dominance, while the extended Day 3 lead time maintains stable predictability."
Srinagar,2026-10-03 00:00:00,1,91.0,Very High,90.35,86.06,100.0,ECMWF,"ECMWF has the highest historical skill, model agreement is strong, and this is a short-range forecast."
Srinagar,2026-10-03 01:00:00,1,91.9,Very High,90.35,89.07,100.0,ECMWF,"ECMWF has the highest historical skill, model agreement is strong, and this is a short-range forecast."
Srinagar,2026-10-03 02:00:00,1,91.7,Very High,90.35,88.58,100.0,ECMWF,"ECMWF has the highest historical skill, model agreement is strong, and this is a short-range forecast."
Srinagar,2026-10-03 03:00:00,1,91.2,Very High,90.35,86.86,100.0,ECMWF,"ECMWF has the highest historical skill, model agreement is strong, and this is a short-range forecast."
Srinagar,2026-10-03 04:00:00,1,91.0,Very High,90.35,86.22,100.0,ECMWF,"ECMWF has the highest historical skill, model agreement is strong, and this is a short-range forecast."
Srinagar,2026-10-03 05:00:00,1,89.0,High,90.35,79.38,100.0,ECMWF,"ECMWF leads with strong short-range skill, with minor model spread in local precipitation."
Srinagar,2026-10-03 06:00:00,1,88.5,High,90.35,77.63,100.0,ECMWF,"ECMWF leads with strong short-range skill, with minor model spread in local precipitation."
Srinagar,2026-10-03 07:00:00,1,88.5,High,90.35,77.74,100.0,ECMWF,"ECMWF leads with strong short-range skill, with minor model spread in local precipitation."
Srinagar,2026-10-03 08:00:00,1,91.0,Very High,90.35,86.1,100.0,ECMWF,"ECMWF has the highest historical skill, model agreement is strong, and this is a short-range forecast."
Srinagar,2026-10-03 09:00:00,1,91.7,Very High,90.35,88.51,100.0,ECMWF,"ECMWF has the highest historical skill, model agreement is strong, and this is a short-range forecast."
Srinagar,2026-10-03 10:00:00,1,90.7,Very High,90.35,84.99,100.0,ECMWF,"ECMWF has the highest historical skill, model agreement is strong, and this is a short-range forecast."
Srinagar,2026-10-03 11:00:00,1,90.3,Very High,90.35,83.61,100.0,ECMWF,"ECMWF has the highest historical skill, model agreement is strong, and this is a short-range forecast."
Srinagar,2026-10-03 12:00:00,1,88.8,High,90.35,78.73,100.0,ECMWF,"ECMWF leads with strong short-range skill, with minor model spread in local precipitation."
Srinagar,2026-10-03 13:00:00,1,86.9,High,90.35,72.33,100.0,ECMWF,"ECMWF leads with strong short-range skill, with minor model spread in local precipitation."
Srinagar,2026-10-03 14:00:00,1,86.2,High,90.35,70.1,100.0,ECMWF,"ECMWF leads with strong short-range skill, with minor model spread in local precipitation."
Srinagar,2026-10-03 15:00:00,1,85.0,High,90.35,66.05,100.0,ECMWF,"ECMWF leads with strong short-range skill, with minor model spread in local precipitation."
Srinagar,2026-10-03 16:00:00,1,84.0,High,90.35,62.63,100.0,ECMWF,"ECMWF leads with strong short-range skill, with minor model spread in local precipitation."
Srinagar,2026-10-03 17:00:00,1,84.3,High,90.35,63.75,100.0,ECMWF,"ECMWF leads with strong short-range skill, with minor model spread in local precipitation."
Srinagar,2026-10-03 18:00:00,1,89.8,Very High,90.35,81.95,100.0,ECMWF,"ECMWF has the highest historical skill, model agreement is strong, and this is a short-range forecast."
Srinagar,2026-10-03 19:00:00,1,91.5,Very High,90.35,87.84,100.0,ECMWF,"ECMWF has the highest historical skill, model agreement is strong, and this is a short-range forecast."
Srinagar,2026-10-03 20:00:00,1,93.2,Very High,90.35,93.51,100.0,ECMWF,"ECMWF has the highest historical skill, model agreement is strong, and this is a short-range forecast."
Srinagar,2026-10-03 21:00:00,1,91.7,Very High,90.35,88.57,100.0,ECMWF,"ECMWF has the highest historical skill, model agreement is strong, and this is a short-range forecast."
Srinagar,2026-10-03 22:00:00,1,92.7,Very High,90.35,91.82,100.0,ECMWF,"ECMWF has the highest historical skill, model agreement is strong, and this is a short-range forecast."
Srinagar,2026-10-03 23:00:00,1,91.6,Very High,90.35,87.95,100.0,ECMWF,"ECMWF has the highest historical skill, model agreement is strong, and this is a short-range forecast."
Srinagar,2026-10-04 00:00:00,2,87.8,High,89.3,90.37,80.0,ECMWF,"ECMWF and ensemble members agree closely, while RMSE remains low for this region."
Srinagar,2026-10-04 01:00:00,2,87.1,High,89.3,88.3,80.0,ECMWF,"ECMWF and ensemble members agree closely, while RMSE remains low for this region."
Srinagar,2026-10-04 02:00:00,2,87.3,High,89.3,88.84,80.0,ECMWF,"ECMWF and ensemble members agree closely, while RMSE remains low for this region."
Srinagar,2026-10-04 03:00:00,2,86.3,High,89.3,85.48,80.0,ECMWF,"ECMWF and ensemble members agree closely, while RMSE remains low for this region."
Srinagar,2026-10-04 04:00:00,2,87.0,High,89.3,87.81,80.0,ECMWF,"ECMWF and ensemble members agree closely, while RMSE remains low for this region."
Srinagar,2026-10-04 05:00:00,2,87.1,High,89.3,88.08,80.0,ECMWF,"ECMWF and ensemble members agree closely, while RMSE remains low for this region."
Srinagar,2026-10-04 06:00:00,2,85.8,High,89.3,83.93,80.0,ECMWF,"ECMWF and ensemble members agree closely, while RMSE remains low for this region."
Srinagar,2026-10-04 07:00:00,2,85.2,High,89.3,81.67,80.0,ECMWF,"ECMWF and ensemble members agree closely, while RMSE remains low for this region."
Srinagar,2026-10-04 08:00:00,2,86.0,High,89.3,84.56,80.0,ECMWF,"ECMWF and ensemble members agree closely, while RMSE remains low for this region."
Srinagar,2026-10-04 09:00:00,2,86.1,High,89.3,84.94,80.0,ECMWF,"ECMWF and ensemble members agree closely, while RMSE remains low for this region."
Srinagar,2026-10-04 10:00:00,2,86.8,High,89.3,87.03,80.0,ECMWF,"ECMWF and ensemble members agree closely, while RMSE remains low for this region."
Srinagar,2026-10-04 11:00:00,2,85.6,High,89.3,83.11,80.0,ECMWF,"ECMWF and ensemble members agree closely, while RMSE remains low for this region."
Srinagar,2026-10-04 12:00:00,2,84.7,High,89.3,80.23,80.0,ECMWF,"ECMWF and ensemble members agree closely, while RMSE remains low for this region."
Srinagar,2026-10-04 13:00:00,2,83.4,High,89.3,75.9,80.0,ECMWF,"Low regional RMSE supports ECMWF dominance, while the 48-hour forecast horizon maintains stable predictability."
Srinagar,2026-10-04 14:00:00,2,81.6,High,89.3,69.88,80.0,ECMWF,"Low regional RMSE supports ECMWF dominance, while the 48-hour forecast horizon maintains stable predictability."
Srinagar,2026-10-04 15:00:00,2,80.0,High,89.3,64.38,80.0,ECMWF,"Low regional RMSE supports ECMWF dominance, while the 48-hour forecast horizon maintains stable predictability."
Srinagar,2026-10-04 16:00:00,2,79.8,High,89.3,63.91,80.0,ECMWF,"Low regional RMSE supports ECMWF dominance, while the 48-hour forecast horizon maintains stable predictability."
Srinagar,2026-10-04 17:00:00,2,80.7,High,89.3,66.98,80.0,ECMWF,"Low regional RMSE supports ECMWF dominance, while the 48-hour forecast horizon maintains stable predictability."
Srinagar,2026-10-04 18:00:00,2,86.3,High,89.3,85.47,80.0,ECMWF,"ECMWF and ensemble members agree closely, while RMSE remains low for this region."
Srinagar,2026-10-04 19:00:00,2,86.6,High,89.3,86.59,80.0,ECMWF,"ECMWF and ensemble members agree closely, while RMSE remains low for this region."
Srinagar,2026-10-04 20:00:00,2,86.4,High,89.3,85.85,80.0,ECMWF,"ECMWF and ensemble members agree closely, while RMSE remains low for this region."
Srinagar,2026-10-04 21:00:00,2,87.9,High,89.3,90.88,80.0,ECMWF,"ECMWF and ensemble members agree closely, while RMSE remains low for this region."
Srinagar,2026-10-04 22:00:00,2,86.2,High,89.3,85.29,80.0,ECMWF,"ECMWF and ensemble members agree closely, while RMSE remains low for this region."
Srinagar,2026-10-04 23:00:00,2,86.0,High,89.3,84.48,80.0,ECMWF,"ECMWF and ensemble members agree closely, while RMSE remains low for this region."
Srinagar,2026-10-05 00:00:00,3,81.7,High,86.51,88.03,60.0,ECMWF,"ECMWF and ensemble members agree closely, while RMSE remains low for this region."
Srinagar,2026-10-05 01:00:00,3,82.4,High,86.51,90.53,60.0,ECMWF,"ECMWF and ensemble members agree closely, while RMSE remains low for this region."
Srinagar,2026-10-05 02:00:00,3,82.5,High,86.51,90.71,60.0,ECMWF,"ECMWF and ensemble members agree closely, while RMSE remains low for this region."
Srinagar,2026-10-05 03:00:00,3,82.0,High,86.51,89.08,60.0,ECMWF,"ECMWF and ensemble members agree closely, while RMSE remains low for this region."
Srinagar,2026-10-05 04:00:00,3,81.7,High,86.51,88.05,60.0,ECMWF,"ECMWF and ensemble members agree closely, while RMSE remains low for this region."
Srinagar,2026-10-05 05:00:00,3,82.1,High,86.51,89.43,60.0,ECMWF,"ECMWF and ensemble members agree closely, while RMSE remains low for this region."
Srinagar,2026-10-05 06:00:00,3,80.1,High,86.51,82.91,60.0,ECMWF,"ECMWF and ensemble members agree closely, while RMSE remains low for this region."
Srinagar,2026-10-05 07:00:00,3,80.3,High,86.51,83.44,60.0,ECMWF,"ECMWF and ensemble members agree closely, while RMSE remains low for this region."
Srinagar,2026-10-05 08:00:00,3,81.8,High,86.51,88.63,60.0,ECMWF,"ECMWF and ensemble members agree closely, while RMSE remains low for this region."
Srinagar,2026-10-05 09:00:00,3,80.5,High,86.51,84.01,60.0,ECMWF,"ECMWF and ensemble members agree closely, while RMSE remains low for this region."
Srinagar,2026-10-05 10:00:00,3,81.5,High,86.51,87.55,60.0,ECMWF,"ECMWF and ensemble members agree closely, while RMSE remains low for this region."
Srinagar,2026-10-05 11:00:00,3,80.9,High,86.51,85.33,60.0,ECMWF,"ECMWF and ensemble members agree closely, while RMSE remains low for this region."
Srinagar,2026-10-05 12:00:00,3,80.5,High,86.51,84.3,60.0,ECMWF,"ECMWF and ensemble members agree closely, while RMSE remains low for this region."
Srinagar,2026-10-05 13:00:00,3,78.1,High,86.51,76.16,60.0,ECMWF,"Low regional RMSE supports ECMWF dominance, while the extended Day 3 lead time maintains stable predictability."
Srinagar,2026-10-05 14:00:00,3,77.0,High,86.51,72.62,60.0,ECMWF,"Low regional RMSE supports ECMWF dominance, while the extended Day 3 lead time maintains stable predictability."
Srinagar,2026-10-05 15:00:00,3,77.0,High,86.51,72.64,60.0,ECMWF,"Low regional RMSE supports ECMWF dominance, while the extended Day 3 lead time maintains stable predictability."
Srinagar,2026-10-05 16:00:00,3,78.0,High,86.51,75.66,60.0,ECMWF,"Low regional RMSE supports ECMWF dominance, while the extended Day 3 lead time maintains stable predictability."
Srinagar,2026-10-05 17:00:00,3,79.8,High,86.51,81.72,60.0,ECMWF,"ECMWF and ensemble members agree closely, while RMSE remains low for this region."
Srinagar,2026-10-05 18:00:00,3,77.4,High,86.51,73.74,60.0,ECMWF,"Low regional RMSE supports ECMWF dominance, while the extended Day 3 lead time maintains stable predictability."
Srinagar,2026-10-05 19:00:00,3,81.5,High,86.51,87.33,60.0,ECMWF,"ECMWF and ensemble members agree closely, while RMSE remains low for this region."
Srinagar,2026-10-05 20:00:00,3,80.2,High,86.51,83.24,60.0,ECMWF,"ECMWF and ensemble members agree closely, while RMSE remains low for this region."
Srinagar,2026-10-05 21:00:00,3,82.1,High,86.51,89.43,60.0,ECMWF,"ECMWF and ensemble members agree closely, while RMSE remains low for this region."
Srinagar,2026-10-05 22:00:00,3,82.6,High,86.51,91.21,60.0,ECMWF,"ECMWF and ensemble members agree closely, while RMSE remains low for this region."
Srinagar,2026-10-05 23:00:00,3,83.8,High,86.51,95.08,60.0,ECMWF,"ECMWF and ensemble members agree closely, while RMSE remains low for this region."
Surat,2026-10-03 00:00:00,1,80.3,High,77.25,72.33,100.0,ICON,"ICON leads with strong short-range skill, with minor model spread in local precipitation."
Surat,2026-10-03 01:00:00,1,80.3,High,77.25,72.17,100.0,ICON,"ICON leads with strong short-range skill, with minor model spread in local precipitation."
Surat,2026-10-03 02:00:00,1,80.0,High,77.25,71.24,100.0,ICON,"ICON leads with strong short-range skill, with minor model spread in local precipitation."
Surat,2026-10-03 03:00:00,1,80.1,High,77.25,71.68,100.0,ICON,"ICON leads with strong short-range skill, with minor model spread in local precipitation."
Surat,2026-10-03 04:00:00,1,81.2,High,77.25,75.28,100.0,ICON,"ICON leads with strong short-range skill, with minor model spread in local precipitation."
Surat,2026-10-03 05:00:00,1,80.8,High,77.25,73.92,100.0,ICON,"ICON leads with strong short-range skill, with minor model spread in local precipitation."
Surat,2026-10-03 06:00:00,1,81.5,High,77.25,76.13,100.0,ICON,"ICON leads with strong short-range skill, with minor model spread in local precipitation."
Surat,2026-10-03 07:00:00,1,80.1,High,77.25,71.48,100.0,ICON,"ICON leads with strong short-range skill, with minor model spread in local precipitation."
Surat,2026-10-03 08:00:00,1,81.3,High,77.25,75.45,100.0,ICON,"ICON leads with strong short-range skill, with minor model spread in local precipitation."
Surat,2026-10-03 09:00:00,1,82.3,High,77.25,79.03,100.0,ICON,"ICON leads with strong short-range skill, with minor model spread in local precipitation."
Surat,2026-10-03 10:00:00,1,83.6,High,77.25,83.21,100.0,ICON,"ICON and ensemble members agree closely, while RMSE remains low for this region."
Surat,2026-10-03 11:00:00,1,83.6,High,77.25,83.2,100.0,ICON,"ICON and ensemble members agree closely, while RMSE remains low for this region."
Surat,2026-10-03 12:00:00,1,82.5,High,77.25,79.66,100.0,ICON,"ICON leads with strong short-range skill, with minor model spread in local precipitation."
Surat,2026-10-03 13:00:00,1,82.3,High,77.25,78.78,100.0,ICON,"ICON leads with strong short-range skill, with minor model spread in local precipitation."
Surat,2026-10-03 14:00:00,1,81.3,High,77.25,75.6,100.0,ICON,"ICON leads with strong short-range skill, with minor model spread in local precipitation."
Surat,2026-10-03 15:00:00,1,79.9,High,77.25,70.82,100.0,ICON,"ICON leads with strong short-range skill, with minor model spread in local precipitation."
Surat,2026-10-03 16:00:00,1,78.4,High,77.25,65.92,100.0,ICON,"ICON leads with strong short-range skill, with minor model spread in local precipitation."
Surat,2026-10-03 17:00:00,1,78.2,High,77.25,65.28,100.0,ICON,"ICON leads with strong short-range skill, with minor model spread in local precipitation."
Surat,2026-10-03 18:00:00,1,79.3,High,77.25,69.05,100.0,ICON,"ICON leads with strong short-range skill, with minor model spread in local precipitation."
Surat,2026-10-03 19:00:00,1,80.4,High,77.25,72.74,100.0,ICON,"ICON leads with strong short-range skill, with minor model spread in local precipitation."
Surat,2026-10-03 20:00:00,1,79.3,High,77.25,68.81,100.0,ICON,"ICON leads with strong short-range skill, with minor model spread in local precipitation."
Surat,2026-10-03 21:00:00,1,78.8,High,77.25,67.11,100.0,ICON,"ICON leads with strong short-range skill, with minor model spread in local precipitation."
Surat,2026-10-03 22:00:00,1,80.2,High,77.25,71.89,100.0,ICON,"ICON leads with strong short-range skill, with minor model spread in local precipitation."
Surat,2026-10-03 23:00:00,1,79.6,High,77.25,69.78,100.0,ICON,"ICON leads with strong short-range skill, with minor model spread in local precipitation."
Surat,2026-10-04 00:00:00,2,72.5,Medium,71.02,70.03,80.0,ICON,Moderate ensemble agreement and regional variability balance overall forecast confidence.
Surat,2026-10-04 01:00:00,2,74.3,Medium,71.02,76.08,80.0,ICON,Moderate ensemble agreement and regional variability balance overall forecast confidence.
Surat,2026-10-04 02:00:00,2,77.2,High,71.02,85.52,80.0,ICON,"ICON and ensemble members agree closely, while RMSE remains low for this region."
Surat,2026-10-04 03:00:00,2,74.0,Medium,71.02,74.89,80.0,ICON,Moderate ensemble agreement and regional variability balance overall forecast confidence.
Surat,2026-10-04 04:00:00,2,73.5,Medium,71.02,73.36,80.0,ICON,Moderate ensemble agreement and regional variability balance overall forecast confidence.
Surat,2026-10-04 05:00:00,2,72.5,Medium,71.02,70.03,80.0,ICON,Moderate ensemble agreement and regional variability balance overall forecast confidence.
Surat,2026-10-04 06:00:00,2,71.5,Medium,71.02,66.49,80.0,ICON,Inter-model spread indicates divergence between NWP forecasts despite ICON weighting.
Surat,2026-10-04 07:00:00,2,70.9,Medium,71.02,64.63,80.0,ICON,Inter-model spread indicates divergence between NWP forecasts despite ICON weighting.
Surat,2026-10-04 08:00:00,2,73.4,Medium,71.02,72.8,80.0,ICON,Moderate ensemble agreement and regional variability balance overall forecast confidence.
Surat,2026-10-04 09:00:00,2,72.6,Medium,71.02,70.43,80.0,ICON,Moderate ensemble agreement and regional variability balance overall forecast confidence.
Surat,2026-10-04 10:00:00,2,72.7,Medium,71.02,70.79,80.0,ICON,Moderate ensemble agreement and regional variability balance overall forecast confidence.
Surat,2026-10-04 11:00:00,2,72.5,Medium,71.02,69.92,80.0,ICON,Inter-model spread indicates divergence between NWP forecasts despite ICON weighting.
Surat,2026-10-04 12:00:00,2,72.8,Medium,71.02,71.11,80.0,ICON,Moderate ensemble agreement and regional variability balance overall forecast confidence.
Surat,2026-10-04 13:00:00,2,71.9,Medium,71.02,68.09,80.0,ICON,Inter-model spread indicates divergence between NWP forecasts despite ICON weighting.
Surat,2026-10-04 14:00:00,2,71.2,Medium,71.02,65.54,80.0,ICON,Inter-model spread indicates divergence between NWP forecasts despite ICON weighting.
Surat,2026-10-04 15:00:00,2,71.2,Medium,71.02,65.54,80.0,ICON,Inter-model spread indicates divergence between NWP forecasts despite ICON weighting.
Surat,2026-10-04 16:00:00,2,70.6,Medium,71.02,63.79,80.0,ICON,Inter-model spread indicates divergence between NWP forecasts despite ICON weighting.
Surat,2026-10-04 17:00:00,2,70.6,Medium,71.02,63.56,80.0,ICON,Inter-model spread indicates divergence between NWP forecasts despite ICON weighting.
Surat,2026-10-04 18:00:00,2,72.7,Medium,71.02,70.56,80.0,ICON,Moderate ensemble agreement and regional variability balance overall forecast confidence.
Surat,2026-10-04 19:00:00,2,74.0,Medium,71.02,75.07,80.0,ICON,Moderate ensemble agreement and regional variability balance overall forecast confidence.
Surat,2026-10-04 20:00:00,2,73.3,Medium,71.02,72.6,80.0,ICON,Moderate ensemble agreement and regional variability balance overall forecast confidence.
Surat,2026-10-04 21:00:00,2,72.4,Medium,71.02,69.73,80.0,ICON,Inter-model spread indicates divergence between NWP forecasts despite ICON weighting.
Surat,2026-10-04 22:00:00,2,71.5,Medium,71.02,66.76,80.0,ICON,Inter-model spread indicates divergence between NWP forecasts despite ICON weighting.
Surat,2026-10-04 23:00:00,2,72.2,Medium,71.02,68.82,80.0,ICON,Inter-model spread indicates divergence between NWP forecasts despite ICON weighting.
Surat,2026-10-05 00:00:00,3,69.1,Medium,74.46,66.35,60.0,ICON,Models show moderate disagreement and the forecast lead time reduces reliability.
Surat,2026-10-05 01:00:00,3,70.4,Medium,74.46,70.52,60.0,ICON,Models show moderate disagreement and the forecast lead time reduces reliability.
Surat,2026-10-05 02:00:00,3,74.3,Medium,74.46,83.65,60.0,ICON,Models show moderate disagreement and the forecast lead time reduces reliability.
Surat,2026-10-05 03:00:00,3,70.4,Medium,74.46,70.55,60.0,ICON,Models show moderate disagreement and the forecast lead time reduces reliability.
Surat,2026-10-05 04:00:00,3,69.2,Medium,74.46,66.55,60.0,ICON,Models show moderate disagreement and the forecast lead time reduces reliability.
Surat,2026-10-05 05:00:00,3,69.9,Medium,74.46,68.88,60.0,ICON,Models show moderate disagreement and the forecast lead time reduces reliability.
Surat,2026-10-05 06:00:00,3,70.3,Medium,74.46,70.29,60.0,ICON,Models show moderate disagreement and the forecast lead time reduces reliability.
Surat,2026-10-05 07:00:00,3,70.6,Medium,74.46,71.17,60.0,ICON,Models show moderate disagreement and the forecast lead time reduces reliability.
Surat,2026-10-05 08:00:00,3,72.0,Medium,74.46,75.88,60.0,ICON,Models show moderate disagreement and the forecast lead time reduces reliability.
Surat,2026-10-05 09:00:00,3,70.2,Medium,74.46,70.06,60.0,ICON,Models show moderate disagreement and the forecast lead time reduces reliability.
Surat,2026-10-05 10:00:00,3,71.0,Medium,74.46,72.56,60.0,ICON,Models show moderate disagreement and the forecast lead time reduces reliability.
Surat,2026-10-05 11:00:00,3,71.0,Medium,74.46,72.67,60.0,ICON,Models show moderate disagreement and the forecast lead time reduces reliability.
Surat,2026-10-05 12:00:00,3,70.0,Medium,74.46,69.19,60.0,ICON,Models show moderate disagreement and the forecast lead time reduces reliability.
Surat,2026-10-05 13:00:00,3,69.2,Medium,74.46,66.58,60.0,ICON,Models show moderate disagreement and the forecast lead time reduces reliability.
Surat,2026-10-05 14:00:00,3,69.9,Medium,74.46,68.91,60.0,ICON,Models show moderate disagreement and the forecast lead time reduces reliability.
Surat,2026-10-05 15:00:00,3,71.5,Medium,74.46,74.17,60.0,ICON,Models show moderate disagreement and the forecast lead time reduces reliability.
Surat,2026-10-05 16:00:00,3,70.7,Medium,74.46,71.45,60.0,ICON,Models show moderate disagreement and the forecast lead time reduces reliability.
Surat,2026-10-05 17:00:00,3,69.5,Medium,74.46,67.65,60.0,ICON,Models show moderate disagreement and the forecast lead time reduces reliability.
Surat,2026-10-05 18:00:00,3,70.4,Medium,74.46,70.45,60.0,ICON,Models show moderate disagreement and the forecast lead time reduces reliability.
Surat,2026-10-05 19:00:00,3,70.7,Medium,74.46,71.45,60.0,ICON,Models show moderate disagreement and the forecast lead time reduces reliability.
Surat,2026-10-05 20:00:00,3,69.9,Medium,74.46,68.86,60.0,ICON,Models show moderate disagreement and the forecast lead time reduces reliability.
Surat,2026-10-05 21:00:00,3,69.2,Medium,74.46,66.62,60.0,ICON,Models show moderate disagreement and the forecast lead time reduces reliability.
Surat,2026-10-05 22:00:00,3,69.3,Medium,74.46,66.82,60.0,ICON,Models show moderate disagreement and the forecast lead time reduces reliability.
Surat,2026-10-05 23:00:00,3,69.7,Medium,74.46,68.23,60.0,ICON,Models show moderate disagreement and the forecast lead time reduces reliability.
Thane,2026-10-03 00:00:00,1,89.9,Very High,89.75,83.29,100.0,ECMWF,"ECMWF has the highest historical skill, model agreement is strong, and this is a short-range forecast."
Thane,2026-10-03 01:00:00,1,90.8,Very High,89.75,86.37,100.0,ECMWF,"ECMWF has the highest historical skill, model agreement is strong, and this is a short-range forecast."
Thane,2026-10-03 02:00:00,1,90.1,Very High,89.75,84.0,100.0,ECMWF,"ECMWF has the highest historical skill, model agreement is strong, and this is a short-range forecast."
Thane,2026-10-03 03:00:00,1,90.0,Very High,89.75,83.64,100.0,ECMWF,"ECMWF has the highest historical skill, model agreement is strong, and this is a short-range forecast."
Thane,2026-10-03 04:00:00,1,89.1,High,89.75,80.65,100.0,ECMWF,"ECMWF and ensemble members agree closely, while RMSE remains low for this region."
Thane,2026-10-03 05:00:00,1,89.3,High,89.75,81.27,100.0,ECMWF,"ECMWF and ensemble members agree closely, while RMSE remains low for this region."
Thane,2026-10-03 06:00:00,1,89.1,High,89.75,80.84,100.0,ECMWF,"ECMWF and ensemble members agree closely, while RMSE remains low for this region."
Thane,2026-10-03 07:00:00,1,89.3,High,89.75,81.51,100.0,ECMWF,"ECMWF and ensemble members agree closely, while RMSE remains low for this region."
Thane,2026-10-03 08:00:00,1,89.3,High,89.75,81.37,100.0,ECMWF,"ECMWF and ensemble members agree closely, while RMSE remains low for this region."
Thane,2026-10-03 09:00:00,1,87.2,High,89.75,74.53,100.0,ECMWF,"ECMWF leads with strong short-range skill, with minor model spread in local precipitation."
Thane,2026-10-03 10:00:00,1,87.5,High,89.75,75.53,100.0,ECMWF,"ECMWF leads with strong short-range skill, with minor model spread in local precipitation."
Thane,2026-10-03 11:00:00,1,87.6,High,89.75,75.75,100.0,ECMWF,"ECMWF leads with strong short-range skill, with minor model spread in local precipitation."
Thane,2026-10-03 12:00:00,1,87.7,High,89.75,76.17,100.0,ECMWF,"ECMWF leads with strong short-range skill, with minor model spread in local precipitation."
Thane,2026-10-03 13:00:00,1,88.1,High,89.75,77.27,100.0,ECMWF,"ECMWF leads with strong short-range skill, with minor model spread in local precipitation."
Thane,2026-10-03 14:00:00,1,88.8,High,89.75,79.62,100.0,ECMWF,"ECMWF leads with strong short-range skill, with minor model spread in local precipitation."
Thane,2026-10-03 15:00:00,1,89.2,High,89.75,81.11,100.0,ECMWF,"ECMWF and ensemble members agree closely, while RMSE remains low for this region."
Thane,2026-10-03 16:00:00,1,88.6,High,89.75,79.02,100.0,ECMWF,"ECMWF leads with strong short-range skill, with minor model spread in local precipitation."
Thane,2026-10-03 17:00:00,1,85.3,High,89.75,68.07,100.0,ECMWF,"ECMWF leads with strong short-range skill, with minor model spread in local precipitation."
Thane,2026-10-03 18:00:00,1,85.2,High,89.75,67.7,100.0,ECMWF,"ECMWF leads with strong short-range skill, with minor model spread in local precipitation."
Thane,2026-10-03 19:00:00,1,86.3,High,89.75,71.5,100.0,ECMWF,"ECMWF leads with strong short-range skill, with minor model spread in local precipitation."
Thane,2026-10-03 20:00:00,1,86.8,High,89.75,73.18,100.0,ECMWF,"ECMWF leads with strong short-range skill, with minor model spread in local precipitation."
Thane,2026-10-03 21:00:00,1,87.8,High,89.75,76.56,100.0,ECMWF,"ECMWF leads with strong short-range skill, with minor model spread in local precipitation."
Thane,2026-10-03 22:00:00,1,89.4,High,89.75,81.82,100.0,ECMWF,"ECMWF and ensemble members agree closely, while RMSE remains low for this region."
Thane,2026-10-03 23:00:00,1,90.8,Very High,89.75,86.39,100.0,ECMWF,"ECMWF has the highest historical skill, model agreement is strong, and this is a short-range forecast."
Thane,2026-10-04 00:00:00,2,85.0,High,85.85,87.06,80.0,ECMWF,"ECMWF and ensemble members agree closely, while RMSE remains low for this region."
Thane,2026-10-04 01:00:00,2,83.9,High,85.85,83.2,80.0,ECMWF,"ECMWF and ensemble members agree closely, while RMSE remains low for this region."
Thane,2026-10-04 02:00:00,2,84.1,High,85.85,83.97,80.0,ECMWF,"ECMWF and ensemble members agree closely, while RMSE remains low for this region."
Thane,2026-10-04 03:00:00,2,84.5,High,85.85,85.37,80.0,ECMWF,"ECMWF and ensemble members agree closely, while RMSE remains low for this region."
Thane,2026-10-04 04:00:00,2,84.5,High,85.85,85.12,80.0,ECMWF,"ECMWF and ensemble members agree closely, while RMSE remains low for this region."
Thane,2026-10-04 05:00:00,2,83.9,High,85.85,83.25,80.0,ECMWF,"ECMWF and ensemble members agree closely, while RMSE remains low for this region."
Thane,2026-10-04 06:00:00,2,83.9,High,85.85,83.27,80.0,ECMWF,"ECMWF and ensemble members agree closely, while RMSE remains low for this region."
Thane,2026-10-04 07:00:00,2,82.8,High,85.85,79.73,80.0,ECMWF,"Low regional RMSE supports ECMWF dominance, while the 48-hour forecast horizon maintains stable predictability."
Thane,2026-10-04 08:00:00,2,84.8,High,85.85,86.23,80.0,ECMWF,"ECMWF and ensemble members agree closely, while RMSE remains low for this region."
Thane,2026-10-04 09:00:00,2,84.1,High,85.85,83.84,80.0,ECMWF,"ECMWF and ensemble members agree closely, while RMSE remains low for this region."
Thane,2026-10-04 10:00:00,2,84.0,High,85.85,83.73,80.0,ECMWF,"ECMWF and ensemble members agree closely, while RMSE remains low for this region."
Thane,2026-10-04 11:00:00,2,84.3,High,85.85,84.52,80.0,ECMWF,"ECMWF and ensemble members agree closely, while RMSE remains low for this region."
Thane,2026-10-04 12:00:00,2,81.8,High,85.85,76.32,80.0,ECMWF,"Low regional RMSE supports ECMWF dominance, while the 48-hour forecast horizon maintains stable predictability."
Thane,2026-10-04 13:00:00,2,81.3,High,85.85,74.71,80.0,ECMWF,"Low regional RMSE supports ECMWF dominance, while the 48-hour forecast horizon maintains stable predictability."
Thane,2026-10-04 14:00:00,2,80.5,High,85.85,72.04,80.0,ECMWF,"Low regional RMSE supports ECMWF dominance, while the 48-hour forecast horizon maintains stable predictability."
Thane,2026-10-04 15:00:00,2,81.4,High,85.85,75.01,80.0,ECMWF,"Low regional RMSE supports ECMWF dominance, while the 48-hour forecast horizon maintains stable predictability."
Thane,2026-10-04 16:00:00,2,81.1,High,85.85,73.77,80.0,ECMWF,"Low regional RMSE supports ECMWF dominance, while the 48-hour forecast horizon maintains stable predictability."
Thane,2026-10-04 17:00:00,2,78.9,High,85.85,66.61,80.0,ECMWF,"Low regional RMSE supports ECMWF dominance, while the 48-hour forecast horizon maintains stable predictability."
Thane,2026-10-04 18:00:00,2,79.2,High,85.85,67.48,80.0,ECMWF,"Low regional RMSE supports ECMWF dominance, while the 48-hour forecast horizon maintains stable predictability."
Thane,2026-10-04 19:00:00,2,79.6,High,85.85,68.77,80.0,ECMWF,"Low regional RMSE supports ECMWF dominance, while the 48-hour forecast horizon maintains stable predictability."
Thane,2026-10-04 20:00:00,2,79.8,High,85.85,69.43,80.0,ECMWF,"Low regional RMSE supports ECMWF dominance, while the 48-hour forecast horizon maintains stable predictability."
Thane,2026-10-04 21:00:00,2,81.6,High,85.85,75.66,80.0,ECMWF,"Low regional RMSE supports ECMWF dominance, while the 48-hour forecast horizon maintains stable predictability."
Thane,2026-10-04 22:00:00,2,83.7,High,85.85,82.71,80.0,ECMWF,"ECMWF and ensemble members agree closely, while RMSE remains low for this region."
Thane,2026-10-04 23:00:00,2,84.8,High,85.85,86.29,80.0,ECMWF,"ECMWF and ensemble members agree closely, while RMSE remains low for this region."
Thane,2026-10-05 00:00:00,3,78.2,High,82.06,83.83,60.0,ECMWF,"ECMWF and ensemble members agree closely, while RMSE remains low for this region."
Thane,2026-10-05 01:00:00,3,77.9,High,82.06,82.9,60.0,ECMWF,"ECMWF and ensemble members agree closely, while RMSE remains low for this region."
Thane,2026-10-05 02:00:00,3,77.8,High,82.06,82.68,60.0,ECMWF,"ECMWF and ensemble members agree closely, while RMSE remains low for this region."
Thane,2026-10-05 03:00:00,3,77.6,High,82.06,81.98,60.0,ECMWF,"ECMWF and ensemble members agree closely, while RMSE remains low for this region."
Thane,2026-10-05 04:00:00,3,78.9,High,82.06,86.35,60.0,ECMWF,"ECMWF and ensemble members agree closely, while RMSE remains low for this region."
Thane,2026-10-05 05:00:00,3,78.6,High,82.06,85.11,60.0,ECMWF,"ECMWF and ensemble members agree closely, while RMSE remains low for this region."
Thane,2026-10-05 06:00:00,3,78.2,High,82.06,83.86,60.0,ECMWF,"ECMWF and ensemble members agree closely, while RMSE remains low for this region."
Thane,2026-10-05 07:00:00,3,76.7,High,82.06,78.9,60.0,ECMWF,"Low regional RMSE supports ECMWF dominance, while the extended Day 3 lead time maintains stable predictability."
Thane,2026-10-05 08:00:00,3,78.6,High,82.06,85.16,60.0,ECMWF,"ECMWF and ensemble members agree closely, while RMSE remains low for this region."
Thane,2026-10-05 09:00:00,3,78.2,High,82.06,83.8,60.0,ECMWF,"ECMWF and ensemble members agree closely, while RMSE remains low for this region."
Thane,2026-10-05 10:00:00,3,75.7,High,82.06,75.73,60.0,ECMWF,"Low regional RMSE supports ECMWF dominance, while the extended Day 3 lead time maintains stable predictability."
Thane,2026-10-05 11:00:00,3,76.9,High,82.06,79.65,60.0,ECMWF,"Low regional RMSE supports ECMWF dominance, while the extended Day 3 lead time maintains stable predictability."
Thane,2026-10-05 12:00:00,3,78.3,High,82.06,84.21,60.0,ECMWF,"ECMWF and ensemble members agree closely, while RMSE remains low for this region."
Thane,2026-10-05 13:00:00,3,75.8,High,82.06,76.02,60.0,ECMWF,"Low regional RMSE supports ECMWF dominance, while the extended Day 3 lead time maintains stable predictability."
Thane,2026-10-05 14:00:00,3,73.8,Medium,82.06,69.4,60.0,ECMWF,Models show moderate disagreement and the forecast lead time reduces reliability.
Thane,2026-10-05 15:00:00,3,73.9,Medium,82.06,69.51,60.0,ECMWF,Models show moderate disagreement and the forecast lead time reduces reliability.
Thane,2026-10-05 16:00:00,3,73.0,Medium,82.06,66.48,60.0,ECMWF,Models show moderate disagreement and the forecast lead time reduces reliability.
Thane,2026-10-05 17:00:00,3,71.2,Medium,82.06,60.56,60.0,ECMWF,Models show moderate disagreement and the forecast lead time reduces reliability.
Thane,2026-10-05 18:00:00,3,72.2,Medium,82.06,63.8,60.0,ECMWF,Models show moderate disagreement and the forecast lead time reduces reliability.
Thane,2026-10-05 19:00:00,3,73.5,Medium,82.06,68.35,60.0,ECMWF,Models show moderate disagreement and the forecast lead time reduces reliability.
Thane,2026-10-05 20:00:00,3,75.6,High,82.06,75.17,60.0,ECMWF,"Low regional RMSE supports ECMWF dominance, while the extended Day 3 lead time maintains stable predictability."
Thane,2026-10-05 21:00:00,3,77.0,High,82.06,80.02,60.0,ECMWF,"ECMWF and ensemble members agree closely, while RMSE remains low for this region."
Thane,2026-10-05 22:00:00,3,79.4,High,82.06,87.86,60.0,ECMWF,"ECMWF and ensemble members agree closely, while RMSE remains low for this region."
Thane,2026-10-05 23:00:00,3,79.6,High,82.06,88.58,60.0,ECMWF,"ECMWF and ensemble members agree closely, while RMSE remains low for this region."
Thiruvananthapuram,2026-10-03 00:00:00,1,91.7,Very High,94.48,81.44,100.0,ECMWF,"ECMWF has the highest historical skill, model agreement is strong, and this is a short-range forecast."
Thiruvananthapuram,2026-10-03 01:00:00,1,93.4,Very High,94.48,87.25,100.0,ECMWF,"ECMWF has the highest historical skill, model agreement is strong, and this is a short-range forecast."
Thiruvananthapuram,2026-10-03 02:00:00,1,93.7,Very High,94.48,88.19,100.0,ECMWF,"ECMWF has the highest historical skill, model agreement is strong, and this is a short-range forecast."
Thiruvananthapuram,2026-10-03 03:00:00,1,93.7,Very High,94.48,88.34,100.0,ECMWF,"ECMWF has the highest historical skill, model agreement is strong, and this is a short-range forecast."
Thiruvananthapuram,2026-10-03 04:00:00,1,94.6,Very High,94.48,91.12,100.0,ECMWF,"ECMWF has the highest historical skill, model agreement is strong, and this is a short-range forecast."
Thiruvananthapuram,2026-10-03 05:00:00,1,94.0,Very High,94.48,89.29,100.0,ECMWF,"ECMWF has the highest historical skill, model agreement is strong, and this is a short-range forecast."
Thiruvananthapuram,2026-10-03 06:00:00,1,93.6,Very High,94.48,87.7,100.0,ECMWF,"ECMWF has the highest historical skill, model agreement is strong, and this is a short-range forecast."
Thiruvananthapuram,2026-10-03 07:00:00,1,91.0,Very High,94.48,79.08,100.0,ECMWF,"ECMWF exhibits outstanding regional skill, maintaining very high blend reliability for this short-range forecast."
Thiruvananthapuram,2026-10-03 08:00:00,1,88.8,High,94.48,72.03,100.0,ECMWF,"ECMWF leads with strong short-range skill, with minor model spread in local precipitation."
Thiruvananthapuram,2026-10-03 09:00:00,1,89.0,High,94.48,72.54,100.0,ECMWF,"ECMWF leads with strong short-range skill, with minor model spread in local precipitation."
Thiruvananthapuram,2026-10-03 10:00:00,1,88.2,High,94.48,69.74,100.0,ECMWF,"ECMWF leads with strong short-range skill, with minor model spread in local precipitation."
Thiruvananthapuram,2026-10-03 11:00:00,1,89.2,High,94.48,73.15,100.0,ECMWF,"ECMWF leads with strong short-range skill, with minor model spread in local precipitation."
Thiruvananthapuram,2026-10-03 12:00:00,1,87.1,High,94.48,66.12,100.0,ECMWF,"ECMWF leads with strong short-range skill, with minor model spread in local precipitation."
Thiruvananthapuram,2026-10-03 13:00:00,1,86.4,High,94.48,63.96,100.0,ECMWF,"ECMWF leads with strong short-range skill, with minor model spread in local precipitation."
Thiruvananthapuram,2026-10-03 14:00:00,1,85.7,High,94.48,61.57,100.0,ECMWF,"ECMWF leads with strong short-range skill, with minor model spread in local precipitation."
Thiruvananthapuram,2026-10-03 15:00:00,1,86.8,High,94.48,65.12,100.0,ECMWF,"ECMWF leads with strong short-range skill, with minor model spread in local precipitation."
Thiruvananthapuram,2026-10-03 16:00:00,1,87.7,High,94.48,68.08,100.0,ECMWF,"ECMWF leads with strong short-range skill, with minor model spread in local precipitation."
Thiruvananthapuram,2026-10-03 17:00:00,1,93.1,Very High,94.48,86.28,100.0,ECMWF,"ECMWF has the highest historical skill, model agreement is strong, and this is a short-range forecast."
Thiruvananthapuram,2026-10-03 18:00:00,1,94.3,Very High,94.48,90.13,100.0,ECMWF,"ECMWF has the highest historical skill, model agreement is strong, and this is a short-range forecast."
Thiruvananthapuram,2026-10-03 19:00:00,1,93.8,Very High,94.48,88.52,100.0,ECMWF,"ECMWF has the highest historical skill, model agreement is strong, and this is a short-range forecast."
Thiruvananthapuram,2026-10-03 20:00:00,1,92.9,Very High,94.48,85.46,100.0,ECMWF,"ECMWF has the highest historical skill, model agreement is strong, and this is a short-range forecast."
Thiruvananthapuram,2026-10-03 21:00:00,1,92.2,Very High,94.48,83.18,100.0,ECMWF,"ECMWF has the highest historical skill, model agreement is strong, and this is a short-range forecast."
Thiruvananthapuram,2026-10-03 22:00:00,1,92.1,Very High,94.48,83.03,100.0,ECMWF,"ECMWF has the highest historical skill, model agreement is strong, and this is a short-range forecast."
Thiruvananthapuram,2026-10-03 23:00:00,1,92.0,Very High,94.48,82.7,100.0,ECMWF,"ECMWF has the highest historical skill, model agreement is strong, and this is a short-range forecast."
Thiruvananthapuram,2026-10-04 00:00:00,2,87.4,High,92.7,83.36,80.0,ECMWF,"ECMWF and ensemble members agree closely, while RMSE remains low for this region."
Thiruvananthapuram,2026-10-04 01:00:00,2,87.6,High,92.7,84.11,80.0,ECMWF,"ECMWF and ensemble members agree closely, while RMSE remains low for this region."
Thiruvananthapuram,2026-10-04 02:00:00,2,87.7,High,92.7,84.38,80.0,ECMWF,"ECMWF and ensemble members agree closely, while RMSE remains low for this region."
Thiruvananthapuram,2026-10-04 03:00:00,2,87.8,High,92.7,84.87,80.0,ECMWF,"ECMWF and ensemble members agree closely, while RMSE remains low for this region."
Thiruvananthapuram,2026-10-04 04:00:00,2,87.3,High,92.7,83.18,80.0,ECMWF,"ECMWF and ensemble members agree closely, while RMSE remains low for this region."
Thiruvananthapuram,2026-10-04 05:00:00,2,87.1,High,92.7,82.65,80.0,ECMWF,"ECMWF and ensemble members agree closely, while RMSE remains low for this region."
Thiruvananthapuram,2026-10-04 06:00:00,2,86.9,High,92.7,81.68,80.0,ECMWF,"ECMWF and ensemble members agree closely, while RMSE remains low for this region."
Thiruvananthapuram,2026-10-04 07:00:00,2,86.9,High,92.7,81.92,80.0,ECMWF,"ECMWF and ensemble members agree closely, while RMSE remains low for this region."
Thiruvananthapuram,2026-10-04 08:00:00,2,85.6,High,92.7,77.36,80.0,ECMWF,"Low regional RMSE supports ECMWF dominance, while the 48-hour forecast horizon maintains stable predictability."
Thiruvananthapuram,2026-10-04 09:00:00,2,85.5,High,92.7,77.25,80.0,ECMWF,"Low regional RMSE supports ECMWF dominance, while the 48-hour forecast horizon maintains stable predictability."
Thiruvananthapuram,2026-10-04 10:00:00,2,86.6,High,92.7,80.92,80.0,ECMWF,"ECMWF and ensemble members agree closely, while RMSE remains low for this region."
Thiruvananthapuram,2026-10-04 11:00:00,2,87.0,High,92.7,82.26,80.0,ECMWF,"ECMWF and ensemble members agree closely, while RMSE remains low for this region."
Thiruvananthapuram,2026-10-04 12:00:00,2,85.3,High,92.7,76.35,80.0,ECMWF,"Low regional RMSE supports ECMWF dominance, while the 48-hour forecast horizon maintains stable predictability."
Thiruvananthapuram,2026-10-04 13:00:00,2,84.4,High,92.7,73.38,80.0,ECMWF,"Low regional RMSE supports ECMWF dominance, while the 48-hour forecast horizon maintains stable predictability."
Thiruvananthapuram,2026-10-04 14:00:00,2,82.0,High,92.7,65.6,80.0,ECMWF,"Low regional RMSE supports ECMWF dominance, while the 48-hour forecast horizon maintains stable predictability."
Thiruvananthapuram,2026-10-04 15:00:00,2,82.6,High,92.7,67.42,80.0,ECMWF,"Low regional RMSE supports ECMWF dominance, while the 48-hour forecast horizon maintains stable predictability."
Thiruvananthapuram,2026-10-04 16:00:00,2,84.0,High,92.7,72.22,80.0,ECMWF,"Low regional RMSE supports ECMWF dominance, while the 48-hour forecast horizon maintains stable predictability."
Thiruvananthapuram,2026-10-04 17:00:00,2,86.9,High,92.7,81.98,80.0,ECMWF,"ECMWF and ensemble members agree closely, while RMSE remains low for this region."
Thiruvananthapuram,2026-10-04 18:00:00,2,87.6,High,92.7,84.29,80.0,ECMWF,"ECMWF and ensemble members agree closely, while RMSE remains low for this region."
Thiruvananthapuram,2026-10-04 19:00:00,2,87.2,High,92.7,82.98,80.0,ECMWF,"ECMWF and ensemble members agree closely, while RMSE remains low for this region."
Thiruvananthapuram,2026-10-04 20:00:00,2,85.9,High,92.7,78.38,80.0,ECMWF,"Low regional RMSE supports ECMWF dominance, while the 48-hour forecast horizon maintains stable predictability."
Thiruvananthapuram,2026-10-04 21:00:00,2,85.8,High,92.7,78.13,80.0,ECMWF,"Low regional RMSE supports ECMWF dominance, while the 48-hour forecast horizon maintains stable predictability."
Thiruvananthapuram,2026-10-04 22:00:00,2,86.6,High,92.7,80.97,80.0,ECMWF,"ECMWF and ensemble members agree closely, while RMSE remains low for this region."
Thiruvananthapuram,2026-10-04 23:00:00,2,87.3,High,92.7,83.11,80.0,ECMWF,"ECMWF and ensemble members agree closely, while RMSE remains low for this region."
Thiruvananthapuram,2026-10-05 00:00:00,3,83.8,High,92.65,84.83,60.0,ECMWF,"ECMWF and ensemble members agree closely, while RMSE remains low for this region."
Thiruvananthapuram,2026-10-05 01:00:00,3,83.2,High,92.65,82.84,60.0,ECMWF,"ECMWF and ensemble members agree closely, while RMSE remains low for this region."
Thiruvananthapuram,2026-10-05 02:00:00,3,80.8,High,92.65,74.82,60.0,ECMWF,"Low regional RMSE supports ECMWF dominance, while the extended Day 3 lead time maintains stable predictability."
Thiruvananthapuram,2026-10-05 03:00:00,3,80.9,High,92.65,75.22,60.0,ECMWF,"Low regional RMSE supports ECMWF dominance, while the extended Day 3 lead time maintains stable predictability."
Thiruvananthapuram,2026-10-05 04:00:00,3,82.9,High,92.65,81.94,60.0,ECMWF,"ECMWF and ensemble members agree closely, while RMSE remains low for this region."
Thiruvananthapuram,2026-10-05 05:00:00,3,83.3,High,92.65,83.14,60.0,ECMWF,"ECMWF and ensemble members agree closely, while RMSE remains low for this region."
Thiruvananthapuram,2026-10-05 06:00:00,3,84.9,High,92.65,88.71,60.0,ECMWF,"ECMWF and ensemble members agree closely, while RMSE remains low for this region."
Thiruvananthapuram,2026-10-05 07:00:00,3,86.2,High,92.65,92.82,60.0,ECMWF,"ECMWF and ensemble members agree closely, while RMSE remains low for this region."
Thiruvananthapuram,2026-10-05 08:00:00,3,83.8,High,92.65,85.07,60.0,ECMWF,"ECMWF and ensemble members agree closely, while RMSE remains low for this region."
Thiruvananthapuram,2026-10-05 09:00:00,3,83.6,High,92.65,84.22,60.0,ECMWF,"ECMWF and ensemble members agree closely, while RMSE remains low for this region."
Thiruvananthapuram,2026-10-05 10:00:00,3,84.0,High,92.65,85.68,60.0,ECMWF,"ECMWF and ensemble members agree closely, while RMSE remains low for this region."
Thiruvananthapuram,2026-10-05 11:00:00,3,84.7,High,92.65,87.85,60.0,ECMWF,"ECMWF and ensemble members agree closely, while RMSE remains low for this region."
Thiruvananthapuram,2026-10-05 12:00:00,3,81.6,High,92.65,77.64,60.0,ECMWF,"Low regional RMSE supports ECMWF dominance, while the extended Day 3 lead time maintains stable predictability."
Thiruvananthapuram,2026-10-05 13:00:00,3,80.0,High,92.65,72.36,60.0,ECMWF,"Low regional RMSE supports ECMWF dominance, while the extended Day 3 lead time maintains stable predictability."
Thiruvananthapuram,2026-10-05 14:00:00,3,81.0,High,92.65,75.58,60.0,ECMWF,"Low regional RMSE supports ECMWF dominance, while the extended Day 3 lead time maintains stable predictability."
Thiruvananthapuram,2026-10-05 15:00:00,3,80.9,High,92.65,75.19,60.0,ECMWF,"Low regional RMSE supports ECMWF dominance, while the extended Day 3 lead time maintains stable predictability."
Thiruvananthapuram,2026-10-05 16:00:00,3,80.7,High,92.65,74.68,60.0,ECMWF,"Low regional RMSE supports ECMWF dominance, while the extended Day 3 lead time maintains stable predictability."
Thiruvananthapuram,2026-10-05 17:00:00,3,81.3,High,92.65,76.55,60.0,ECMWF,"Low regional RMSE supports ECMWF dominance, while the extended Day 3 lead time maintains stable predictability."
Thiruvananthapuram,2026-10-05 18:00:00,3,81.6,High,92.65,77.73,60.0,ECMWF,"Low regional RMSE supports ECMWF dominance, while the extended Day 3 lead time maintains stable predictability."
Thiruvananthapuram,2026-10-05 19:00:00,3,81.0,High,92.65,75.43,60.0,ECMWF,"Low regional RMSE supports ECMWF dominance, while the extended Day 3 lead time maintains stable predictability."
Thiruvananthapuram,2026-10-05 20:00:00,3,80.6,High,92.65,74.27,60.0,ECMWF,"Low regional RMSE supports ECMWF dominance, while the extended Day 3 lead time maintains stable predictability."
Thiruvananthapuram,2026-10-05 21:00:00,3,81.4,High,92.65,76.93,60.0,ECMWF,"Low regional RMSE supports ECMWF dominance, while the extended Day 3 lead time maintains stable predictability."
Thiruvananthapuram,2026-10-05 22:00:00,3,81.3,High,92.65,76.65,60.0,ECMWF,"Low regional RMSE supports ECMWF dominance, while the extended Day 3 lead time maintains stable predictability."
Thiruvananthapuram,2026-10-05 23:00:00,3,82.2,High,92.65,79.52,60.0,ECMWF,"Low regional RMSE supports ECMWF dominance, while the extended Day 3 lead time maintains stable predictability."
Vadodara,2026-10-03 00:00:00,1,83.6,High,86.49,67.92,100.0,ECMWF,"ECMWF leads with strong short-range skill, with minor model spread in local precipitation."
Vadodara,2026-10-03 01:00:00,1,82.7,High,86.49,64.71,100.0,ECMWF,"ECMWF leads with strong short-range skill, with minor model spread in local precipitation."
Vadodara,2026-10-03 02:00:00,1,84.6,High,86.49,71.3,100.0,ECMWF,"ECMWF leads with strong short-range skill, with minor model spread in local precipitation."
Vadodara,2026-10-03 03:00:00,1,85.8,High,86.49,75.25,100.0,ECMWF,"ECMWF leads with strong short-range skill, with minor model spread in local precipitation."
Vadodara,2026-10-03 04:00:00,1,85.8,High,86.49,75.22,100.0,ECMWF,"ECMWF leads with strong short-range skill, with minor model spread in local precipitation."
Vadodara,2026-10-03 05:00:00,1,85.1,High,86.49,72.87,100.0,ECMWF,"ECMWF leads with strong short-range skill, with minor model spread in local precipitation."
Vadodara,2026-10-03 06:00:00,1,85.4,High,86.49,73.69,100.0,ECMWF,"ECMWF leads with strong short-range skill, with minor model spread in local precipitation."
Vadodara,2026-10-03 07:00:00,1,85.4,High,86.49,73.77,100.0,ECMWF,"ECMWF leads with strong short-range skill, with minor model spread in local precipitation."
Vadodara,2026-10-03 08:00:00,1,85.8,High,86.49,75.17,100.0,ECMWF,"ECMWF leads with strong short-range skill, with minor model spread in local precipitation."
Vadodara,2026-10-03 09:00:00,1,86.0,High,86.49,76.01,100.0,ECMWF,"ECMWF leads with strong short-range skill, with minor model spread in local precipitation."
Vadodara,2026-10-03 10:00:00,1,86.2,High,86.49,76.67,100.0,ECMWF,"ECMWF leads with strong short-range skill, with minor model spread in local precipitation."
Vadodara,2026-10-03 11:00:00,1,85.8,High,86.49,75.14,100.0,ECMWF,"ECMWF leads with strong short-range skill, with minor model spread in local precipitation."
Vadodara,2026-10-03 12:00:00,1,85.5,High,86.49,74.05,100.0,ECMWF,"ECMWF leads with strong short-range skill, with minor model spread in local precipitation."
Vadodara,2026-10-03 13:00:00,1,85.2,High,86.49,73.17,100.0,ECMWF,"ECMWF leads with strong short-range skill, with minor model spread in local precipitation."
Vadodara,2026-10-03 14:00:00,1,85.2,High,86.49,73.19,100.0,ECMWF,"ECMWF leads with strong short-range skill, with minor model spread in local precipitation."
Vadodara,2026-10-03 15:00:00,1,85.1,High,86.49,72.86,100.0,ECMWF,"ECMWF leads with strong short-range skill, with minor model spread in local precipitation."
Vadodara,2026-10-03 16:00:00,1,84.0,High,86.49,69.09,100.0,ECMWF,"ECMWF leads with strong short-range skill, with minor model spread in local precipitation."
Vadodara,2026-10-03 17:00:00,1,83.2,High,86.49,66.42,100.0,ECMWF,"ECMWF leads with strong short-range skill, with minor model spread in local precipitation."
Vadodara,2026-10-03 18:00:00,1,82.9,High,86.49,65.48,100.0,ECMWF,"ECMWF leads with strong short-range skill, with minor model spread in local precipitation."
Vadodara,2026-10-03 19:00:00,1,82.6,High,86.49,64.61,100.0,ECMWF,"ECMWF leads with strong short-range skill, with minor model spread in local precipitation."
Vadodara,2026-10-03 20:00:00,1,83.6,High,86.49,67.79,100.0,ECMWF,"ECMWF leads with strong short-range skill, with minor model spread in local precipitation."
Vadodara,2026-10-03 21:00:00,1,84.0,High,86.49,69.03,100.0,ECMWF,"ECMWF leads with strong short-range skill, with minor model spread in local precipitation."
Vadodara,2026-10-03 22:00:00,1,83.9,High,86.49,68.82,100.0,ECMWF,"ECMWF leads with strong short-range skill, with minor model spread in local precipitation."
Vadodara,2026-10-03 23:00:00,1,84.1,High,86.49,69.39,100.0,ECMWF,"ECMWF leads with strong short-range skill, with minor model spread in local precipitation."
Vadodara,2026-10-04 00:00:00,2,74.9,High,73.33,74.13,80.0,ICON,"Low regional RMSE supports ICON dominance, while the 48-hour forecast horizon maintains stable predictability."
Vadodara,2026-10-04 01:00:00,2,75.9,High,73.33,77.34,80.0,ICON,"Low regional RMSE supports ICON dominance, while the 48-hour forecast horizon maintains stable predictability."
Vadodara,2026-10-04 02:00:00,2,73.5,Medium,73.33,69.38,80.0,ICON,Inter-model spread indicates divergence between NWP forecasts despite ICON weighting.
Vadodara,2026-10-04 03:00:00,2,74.2,Medium,73.33,71.65,80.0,ICON,Moderate ensemble agreement and regional variability balance overall forecast confidence.
Vadodara,2026-10-04 04:00:00,2,74.9,High,73.33,73.98,80.0,ICON,"Low regional RMSE supports ICON dominance, while the 48-hour forecast horizon maintains stable predictability."
Vadodara,2026-10-04 05:00:00,2,74.2,Medium,73.33,71.89,80.0,ICON,Moderate ensemble agreement and regional variability balance overall forecast confidence.
Vadodara,2026-10-04 06:00:00,2,74.6,High,73.33,73.05,80.0,ICON,"Low regional RMSE supports ICON dominance, while the 48-hour forecast horizon maintains stable predictability."
Vadodara,2026-10-04 07:00:00,2,74.0,Medium,73.33,71.12,80.0,ICON,Moderate ensemble agreement and regional variability balance overall forecast confidence.
Vadodara,2026-10-04 08:00:00,2,73.4,Medium,73.33,69.18,80.0,ICON,Inter-model spread indicates divergence between NWP forecasts despite ICON weighting.
Vadodara,2026-10-04 09:00:00,2,72.0,Medium,73.33,64.35,80.0,ICON,Inter-model spread indicates divergence between NWP forecasts despite ICON weighting.
Vadodara,2026-10-04 10:00:00,2,72.5,Medium,73.33,66.0,80.0,ICON,Inter-model spread indicates divergence between NWP forecasts despite ICON weighting.
Vadodara,2026-10-04 11:00:00,2,72.8,Medium,73.33,67.09,80.0,ICON,Inter-model spread indicates divergence between NWP forecasts despite ICON weighting.
Vadodara,2026-10-04 12:00:00,2,73.4,Medium,73.33,69.27,80.0,ICON,Inter-model spread indicates divergence between NWP forecasts despite ICON weighting.
Vadodara,2026-10-04 13:00:00,2,75.5,High,73.33,76.02,80.0,ICON,"Low regional RMSE supports ICON dominance, while the 48-hour forecast horizon maintains stable predictability."
Vadodara,2026-10-04 14:00:00,2,75.7,High,73.33,76.63,80.0,ICON,"Low regional RMSE supports ICON dominance, while the 48-hour forecast horizon maintains stable predictability."
Vadodara,2026-10-04 15:00:00,2,75.6,High,73.33,76.39,80.0,ICON,"Low regional RMSE supports ICON dominance, while the 48-hour forecast horizon maintains stable predictability."
Vadodara,2026-10-04 16:00:00,2,75.7,High,73.33,76.7,80.0,ICON,"Low regional RMSE supports ICON dominance, while the 48-hour forecast horizon maintains stable predictability."
Vadodara,2026-10-04 17:00:00,2,75.3,High,73.33,75.49,80.0,ICON,"Low regional RMSE supports ICON dominance, while the 48-hour forecast horizon maintains stable predictability."
Vadodara,2026-10-04 18:00:00,2,75.3,High,73.33,75.29,80.0,ICON,"Low regional RMSE supports ICON dominance, while the 48-hour forecast horizon maintains stable predictability."
Vadodara,2026-10-04 19:00:00,2,74.3,Medium,73.33,72.07,80.0,ICON,Moderate ensemble agreement and regional variability balance overall forecast confidence.
Vadodara,2026-10-04 20:00:00,2,75.1,High,73.33,74.66,80.0,ICON,"Low regional RMSE supports ICON dominance, while the 48-hour forecast horizon maintains stable predictability."
Vadodara,2026-10-04 21:00:00,2,73.9,Medium,73.33,70.72,80.0,ICON,Moderate ensemble agreement and regional variability balance overall forecast confidence.
Vadodara,2026-10-04 22:00:00,2,73.2,Medium,73.33,68.42,80.0,ICON,Inter-model spread indicates divergence between NWP forecasts despite ICON weighting.
Vadodara,2026-10-04 23:00:00,2,70.7,Medium,73.33,60.16,80.0,ICON,Inter-model spread indicates divergence between NWP forecasts despite ICON weighting.
Vadodara,2026-10-05 00:00:00,3,64.0,Medium,67.33,61.14,60.0,ICON,Models show moderate disagreement and the forecast lead time reduces reliability.
Vadodara,2026-10-05 01:00:00,3,64.6,Medium,67.33,62.95,60.0,ICON,Models show moderate disagreement and the forecast lead time reduces reliability.
Vadodara,2026-10-05 02:00:00,3,65.9,Medium,67.33,67.57,60.0,ICON,Models show moderate disagreement and the forecast lead time reduces reliability.
Vadodara,2026-10-05 03:00:00,3,67.3,Medium,67.33,72.18,60.0,ICON,Models show moderate disagreement and the forecast lead time reduces reliability.
Vadodara,2026-10-05 04:00:00,3,69.4,Medium,67.33,79.24,60.0,ICON,Models show moderate disagreement and the forecast lead time reduces reliability.
Vadodara,2026-10-05 05:00:00,3,67.9,Medium,67.33,74.22,60.0,ICON,Models show moderate disagreement and the forecast lead time reduces reliability.
Vadodara,2026-10-05 06:00:00,3,66.0,Medium,67.33,67.69,60.0,ICON,Models show moderate disagreement and the forecast lead time reduces reliability.
Vadodara,2026-10-05 07:00:00,3,65.6,Medium,67.33,66.3,60.0,ICON,Models show moderate disagreement and the forecast lead time reduces reliability.
Vadodara,2026-10-05 08:00:00,3,66.3,Medium,67.33,68.62,60.0,ICON,Models show moderate disagreement and the forecast lead time reduces reliability.
Vadodara,2026-10-05 09:00:00,3,65.2,Medium,67.33,65.2,60.0,ICON,Models show moderate disagreement and the forecast lead time reduces reliability.
Vadodara,2026-10-05 10:00:00,3,65.6,Medium,67.33,66.43,60.0,ICON,Models show moderate disagreement and the forecast lead time reduces reliability.
Vadodara,2026-10-05 11:00:00,3,66.2,Medium,67.33,68.52,60.0,ICON,Models show moderate disagreement and the forecast lead time reduces reliability.
Vadodara,2026-10-05 12:00:00,3,67.1,Medium,67.33,71.44,60.0,ICON,Models show moderate disagreement and the forecast lead time reduces reliability.
Vadodara,2026-10-05 13:00:00,3,68.5,Medium,67.33,76.13,60.0,ICON,Models show moderate disagreement and the forecast lead time reduces reliability.
Vadodara,2026-10-05 14:00:00,3,68.5,Medium,67.33,76.28,60.0,ICON,Models show moderate disagreement and the forecast lead time reduces reliability.
Vadodara,2026-10-05 15:00:00,3,68.4,Medium,67.33,75.7,60.0,ICON,Models show moderate disagreement and the forecast lead time reduces reliability.
Vadodara,2026-10-05 16:00:00,3,69.0,Medium,67.33,77.62,60.0,ICON,Models show moderate disagreement and the forecast lead time reduces reliability.
Vadodara,2026-10-05 17:00:00,3,68.9,Medium,67.33,77.47,60.0,ICON,Models show moderate disagreement and the forecast lead time reduces reliability.
Vadodara,2026-10-05 18:00:00,3,68.1,Medium,67.33,74.65,60.0,ICON,Models show moderate disagreement and the forecast lead time reduces reliability.
Vadodara,2026-10-05 19:00:00,3,66.9,Medium,67.33,70.76,60.0,ICON,Models show moderate disagreement and the forecast lead time reduces reliability.
Vadodara,2026-10-05 20:00:00,3,69.6,Medium,67.33,79.62,60.0,ICON,Models show moderate disagreement and the forecast lead time reduces reliability.
Vadodara,2026-10-05 21:00:00,3,66.9,Medium,67.33,70.8,60.0,ICON,Models show moderate disagreement and the forecast lead time reduces reliability.
Vadodara,2026-10-05 22:00:00,3,65.2,Medium,67.33,65.02,60.0,ICON,Models show moderate disagreement and the forecast lead time reduces reliability.
Vadodara,2026-10-05 23:00:00,3,63.8,Medium,67.33,60.41,60.0,ICON,Models show moderate disagreement and the forecast lead time reduces reliability.
Varanasi,2026-10-03 00:00:00,1,85.3,High,82.41,80.16,100.0,ICON,"ICON and ensemble members agree closely, while RMSE remains low for this region."
Varanasi,2026-10-03 01:00:00,1,84.7,High,82.41,78.43,100.0,ICON,"ICON leads with strong short-range skill, with minor model spread in local precipitation."
Varanasi,2026-10-03 02:00:00,1,84.6,High,82.41,77.96,100.0,ICON,"ICON leads with strong short-range skill, with minor model spread in local precipitation."
Varanasi,2026-10-03 03:00:00,1,84.0,High,82.41,75.94,100.0,ICON,"ICON leads with strong short-range skill, with minor model spread in local precipitation."
Varanasi,2026-10-03 04:00:00,1,83.8,High,82.41,75.44,100.0,ICON,"ICON leads with strong short-range skill, with minor model spread in local precipitation."
Varanasi,2026-10-03 05:00:00,1,83.5,High,82.41,74.18,100.0,ICON,"ICON leads with strong short-range skill, with minor model spread in local precipitation."
Varanasi,2026-10-03 06:00:00,1,83.1,High,82.41,73.06,100.0,ICON,"ICON leads with strong short-range skill, with minor model spread in local precipitation."
Varanasi,2026-10-03 07:00:00,1,84.5,High,82.41,77.73,100.0,ICON,"ICON leads with strong short-range skill, with minor model spread in local precipitation."
Varanasi,2026-10-03 08:00:00,1,85.4,High,82.41,80.78,100.0,ICON,"ICON and ensemble members agree closely, while RMSE remains low for this region."
Varanasi,2026-10-03 09:00:00,1,85.8,High,82.41,82.13,100.0,ICON,"ICON and ensemble members agree closely, while RMSE remains low for this region."
Varanasi,2026-10-03 10:00:00,1,86.3,High,82.41,83.72,100.0,ICON,"ICON and ensemble members agree closely, while RMSE remains low for this region."
Varanasi,2026-10-03 11:00:00,1,87.0,High,82.41,85.87,100.0,ICON,"ICON and ensemble members agree closely, while RMSE remains low for this region."
Varanasi,2026-10-03 12:00:00,1,87.5,High,82.41,87.59,100.0,ICON,"ICON and ensemble members agree closely, while RMSE remains low for this region."
Varanasi,2026-10-03 13:00:00,1,87.8,High,82.41,88.73,100.0,ICON,"ICON and ensemble members agree closely, while RMSE remains low for this region."
Varanasi,2026-10-03 14:00:00,1,87.7,High,82.41,88.38,100.0,ICON,"ICON and ensemble members agree closely, while RMSE remains low for this region."
Varanasi,2026-10-03 15:00:00,1,87.7,High,82.41,88.18,100.0,ICON,"ICON and ensemble members agree closely, while RMSE remains low for this region."
Varanasi,2026-10-03 16:00:00,1,88.0,High,82.41,89.19,100.0,ICON,"ICON and ensemble members agree closely, while RMSE remains low for this region."
Varanasi,2026-10-03 17:00:00,1,86.9,High,82.41,85.49,100.0,ICON,"ICON and ensemble members agree closely, while RMSE remains low for this region."
Varanasi,2026-10-03 18:00:00,1,85.8,High,82.41,82.04,100.0,ICON,"ICON and ensemble members agree closely, while RMSE remains low for this region."
Varanasi,2026-10-03 19:00:00,1,85.5,High,82.41,80.95,100.0,ICON,"ICON and ensemble members agree closely, while RMSE remains low for this region."
Varanasi,2026-10-03 20:00:00,1,85.3,High,82.41,80.28,100.0,ICON,"ICON and ensemble members agree closely, while RMSE remains low for this region."
Varanasi,2026-10-03 21:00:00,1,85.6,High,82.41,81.48,100.0,ICON,"ICON and ensemble members agree closely, while RMSE remains low for this region."
Varanasi,2026-10-03 22:00:00,1,86.3,High,82.41,83.76,100.0,ICON,"ICON and ensemble members agree closely, while RMSE remains low for this region."
Varanasi,2026-10-03 23:00:00,1,85.4,High,82.41,80.8,100.0,ICON,"ICON and ensemble members agree closely, while RMSE remains low for this region."
Varanasi,2026-10-04 00:00:00,2,79.3,High,78.57,80.17,80.0,ICON,"ICON and ensemble members agree closely, while RMSE remains low for this region."
Varanasi,2026-10-04 01:00:00,2,78.9,High,78.57,78.76,80.0,ICON,"Low regional RMSE supports ICON dominance, while the 48-hour forecast horizon maintains stable predictability."
Varanasi,2026-10-04 02:00:00,2,78.7,High,78.57,78.06,80.0,ICON,"Low regional RMSE supports ICON dominance, while the 48-hour forecast horizon maintains stable predictability."
Varanasi,2026-10-04 03:00:00,2,78.9,High,78.57,78.87,80.0,ICON,"Low regional RMSE supports ICON dominance, while the 48-hour forecast horizon maintains stable predictability."
Varanasi,2026-10-04 04:00:00,2,79.3,High,78.57,79.91,80.0,ICON,"Low regional RMSE supports ICON dominance, while the 48-hour forecast horizon maintains stable predictability."
Varanasi,2026-10-04 05:00:00,2,79.7,High,78.57,81.24,80.0,ICON,"ICON and ensemble members agree closely, while RMSE remains low for this region."
Varanasi,2026-10-04 06:00:00,2,79.4,High,78.57,80.23,80.0,ICON,"ICON and ensemble members agree closely, while RMSE remains low for this region."
Varanasi,2026-10-04 07:00:00,2,80.6,High,78.57,84.23,80.0,ICON,"ICON and ensemble members agree closely, while RMSE remains low for this region."
Varanasi,2026-10-04 08:00:00,2,81.1,High,78.57,86.18,80.0,ICON,"ICON and ensemble members agree closely, while RMSE remains low for this region."
Varanasi,2026-10-04 09:00:00,2,81.6,High,78.57,87.66,80.0,ICON,"ICON and ensemble members agree closely, while RMSE remains low for this region."
Varanasi,2026-10-04 10:00:00,2,82.1,High,78.57,89.37,80.0,ICON,"ICON and ensemble members agree closely, while RMSE remains low for this region."
Varanasi,2026-10-04 11:00:00,2,81.6,High,78.57,87.71,80.0,ICON,"ICON and ensemble members agree closely, while RMSE remains low for this region."
Varanasi,2026-10-04 12:00:00,2,80.3,High,78.57,83.42,80.0,ICON,"ICON and ensemble members agree closely, while RMSE remains low for this region."
Varanasi,2026-10-04 13:00:00,2,79.8,High,78.57,81.88,80.0,ICON,"ICON and ensemble members agree closely, while RMSE remains low for this region."
Varanasi,2026-10-04 14:00:00,2,79.8,High,78.57,81.62,80.0,ICON,"ICON and ensemble members agree closely, while RMSE remains low for this region."
Varanasi,2026-10-04 15:00:00,2,79.3,High,78.57,79.95,80.0,ICON,"Low regional RMSE supports ICON dominance, while the 48-hour forecast horizon maintains stable predictability."
Varanasi,2026-10-04 16:00:00,2,79.3,High,78.57,79.96,80.0,ICON,"Low regional RMSE supports ICON dominance, while the 48-hour forecast horizon maintains stable predictability."
Varanasi,2026-10-04 17:00:00,2,79.5,High,78.57,80.81,80.0,ICON,"ICON and ensemble members agree closely, while RMSE remains low for this region."
Varanasi,2026-10-04 18:00:00,2,81.9,High,78.57,88.58,80.0,ICON,"ICON and ensemble members agree closely, while RMSE remains low for this region."
Varanasi,2026-10-04 19:00:00,2,80.9,High,78.57,85.55,80.0,ICON,"ICON and ensemble members agree closely, while RMSE remains low for this region."
Varanasi,2026-10-04 20:00:00,2,80.8,High,78.57,85.12,80.0,ICON,"ICON and ensemble members agree closely, while RMSE remains low for this region."
Varanasi,2026-10-04 21:00:00,2,79.4,High,78.57,80.54,80.0,ICON,"ICON and ensemble members agree closely, while RMSE remains low for this region."
Varanasi,2026-10-04 22:00:00,2,79.7,High,78.57,81.38,80.0,ICON,"ICON and ensemble members agree closely, while RMSE remains low for this region."
Varanasi,2026-10-04 23:00:00,2,80.5,High,78.57,84.01,80.0,ICON,"ICON and ensemble members agree closely, while RMSE remains low for this region."
Varanasi,2026-10-05 00:00:00,3,75.1,High,76.96,81.94,60.0,ECMWF,"ECMWF and ensemble members agree closely, while RMSE remains low for this region."
Varanasi,2026-10-05 01:00:00,3,73.6,Medium,76.96,77.19,60.0,ECMWF,Models show moderate disagreement and the forecast lead time reduces reliability.
Varanasi,2026-10-05 02:00:00,3,73.0,Medium,76.96,74.96,60.0,ECMWF,Models show moderate disagreement and the forecast lead time reduces reliability.
Varanasi,2026-10-05 03:00:00,3,73.6,Medium,76.96,77.19,60.0,ECMWF,Models show moderate disagreement and the forecast lead time reduces reliability.
Varanasi,2026-10-05 04:00:00,3,73.4,Medium,76.96,76.38,60.0,ECMWF,Models show moderate disagreement and the forecast lead time reduces reliability.
Varanasi,2026-10-05 05:00:00,3,72.1,Medium,76.96,72.2,60.0,ECMWF,Models show moderate disagreement and the forecast lead time reduces reliability.
Varanasi,2026-10-05 06:00:00,3,71.9,Medium,76.96,71.25,60.0,ECMWF,Models show moderate disagreement and the forecast lead time reduces reliability.
Varanasi,2026-10-05 07:00:00,3,73.3,Medium,76.96,76.14,60.0,ECMWF,Models show moderate disagreement and the forecast lead time reduces reliability.
Varanasi,2026-10-05 08:00:00,3,73.7,Medium,76.96,77.53,60.0,ECMWF,Models show moderate disagreement and the forecast lead time reduces reliability.
Varanasi,2026-10-05 09:00:00,3,74.7,High,76.96,80.82,60.0,ECMWF,"ECMWF and ensemble members agree closely, while RMSE remains low for this region."
Varanasi,2026-10-05 10:00:00,3,74.4,Medium,76.96,79.88,60.0,ECMWF,Models show moderate disagreement and the forecast lead time reduces reliability.
Varanasi,2026-10-05 11:00:00,3,72.7,Medium,76.96,74.09,60.0,ECMWF,Models show moderate disagreement and the forecast lead time reduces reliability.
Varanasi,2026-10-05 12:00:00,3,71.5,Medium,76.96,70.02,60.0,ECMWF,Models show moderate disagreement and the forecast lead time reduces reliability.
Varanasi,2026-10-05 13:00:00,3,70.5,Medium,76.96,66.89,60.0,ECMWF,Models show moderate disagreement and the forecast lead time reduces reliability.
Varanasi,2026-10-05 14:00:00,3,71.6,Medium,76.96,70.26,60.0,ECMWF,Models show moderate disagreement and the forecast lead time reduces reliability.
Varanasi,2026-10-05 15:00:00,3,72.4,Medium,76.96,73.14,60.0,ECMWF,Models show moderate disagreement and the forecast lead time reduces reliability.
Varanasi,2026-10-05 16:00:00,3,72.6,Medium,76.96,73.84,60.0,ECMWF,Models show moderate disagreement and the forecast lead time reduces reliability.
Varanasi,2026-10-05 17:00:00,3,73.1,Medium,76.96,75.52,60.0,ECMWF,Models show moderate disagreement and the forecast lead time reduces reliability.
Varanasi,2026-10-05 18:00:00,3,76.2,High,76.96,85.67,60.0,ECMWF,"ECMWF and ensemble members agree closely, while RMSE remains low for this region."
Varanasi,2026-10-05 19:00:00,3,79.6,High,76.96,97.07,60.0,ECMWF,"ECMWF and ensemble members agree closely, while RMSE remains low for this region."
Varanasi,2026-10-05 20:00:00,3,79.5,High,76.96,96.59,60.0,ECMWF,"ECMWF and ensemble members agree closely, while RMSE remains low for this region."
Varanasi,2026-10-05 21:00:00,3,77.6,High,76.96,90.35,60.0,ECMWF,"ECMWF and ensemble members agree closely, while RMSE remains low for this region."
Varanasi,2026-10-05 22:00:00,3,77.5,High,76.96,90.22,60.0,ECMWF,"ECMWF and ensemble members agree closely, while RMSE remains low for this region."
Varanasi,2026-10-05 23:00:00,3,78.7,High,76.96,93.94,60.0,ECMWF,"ECMWF and ensemble members agree closely, while RMSE remains low for this region."
Vijayawada,2026-10-03 00:00:00,1,86.7,High,83.82,82.49,100.0,ECMWF,"ECMWF and ensemble members agree closely, while RMSE remains low for this region."
Vijayawada,2026-10-03 01:00:00,1,87.4,High,83.82,84.87,100.0,ECMWF,"ECMWF and ensemble members agree closely, while RMSE remains low for this region."
Vijayawada,2026-10-03 02:00:00,1,88.5,High,83.82,88.57,100.0,ECMWF,"ECMWF and ensemble members agree closely, while RMSE remains low for this region."
Vijayawada,2026-10-03 03:00:00,1,88.5,High,83.82,88.76,100.0,ECMWF,"ECMWF and ensemble members agree closely, while RMSE remains low for this region."
Vijayawada,2026-10-03 04:00:00,1,88.4,High,83.82,88.14,100.0,ECMWF,"ECMWF and ensemble members agree closely, while RMSE remains low for this region."
Vijayawada,2026-10-03 05:00:00,1,86.3,High,83.82,81.19,100.0,ECMWF,"ECMWF and ensemble members agree closely, while RMSE remains low for this region."
Vijayawada,2026-10-03 06:00:00,1,85.3,High,83.82,77.83,100.0,ECMWF,"ECMWF leads with strong short-range skill, with minor model spread in local precipitation."
Vijayawada,2026-10-03 07:00:00,1,87.7,High,83.82,86.09,100.0,ECMWF,"ECMWF and ensemble members agree closely, while RMSE remains low for this region."
Vijayawada,2026-10-03 08:00:00,1,90.7,Very High,83.82,95.83,100.0,ECMWF,"ECMWF has the highest historical skill, model agreement is strong, and this is a short-range forecast."
Vijayawada,2026-10-03 09:00:00,1,88.2,High,83.82,87.71,100.0,ECMWF,"ECMWF and ensemble members agree closely, while RMSE remains low for this region."
Vijayawada,2026-10-03 10:00:00,1,87.6,High,83.82,85.71,100.0,ECMWF,"ECMWF and ensemble members agree closely, while RMSE remains low for this region."
Vijayawada,2026-10-03 11:00:00,1,88.4,High,83.82,88.34,100.0,ECMWF,"ECMWF and ensemble members agree closely, while RMSE remains low for this region."
Vijayawada,2026-10-03 12:00:00,1,87.0,High,83.82,83.68,100.0,ECMWF,"ECMWF and ensemble members agree closely, while RMSE remains low for this region."
Vijayawada,2026-10-03 13:00:00,1,84.4,High,83.82,74.99,100.0,ECMWF,"ECMWF leads with strong short-range skill, with minor model spread in local precipitation."
Vijayawada,2026-10-03 14:00:00,1,87.5,High,83.82,85.2,100.0,ECMWF,"ECMWF and ensemble members agree closely, while RMSE remains low for this region."
Vijayawada,2026-10-03 15:00:00,1,85.8,High,83.82,79.53,100.0,ECMWF,"ECMWF leads with strong short-range skill, with minor model spread in local precipitation."
Vijayawada,2026-10-03 16:00:00,1,83.0,High,83.82,70.43,100.0,ECMWF,"ECMWF leads with strong short-range skill, with minor model spread in local precipitation."
Vijayawada,2026-10-03 17:00:00,1,82.0,High,83.82,66.96,100.0,ECMWF,"ECMWF leads with strong short-range skill, with minor model spread in local precipitation."
Vijayawada,2026-10-03 18:00:00,1,81.8,High,83.82,66.36,100.0,ECMWF,"ECMWF leads with strong short-range skill, with minor model spread in local precipitation."
Vijayawada,2026-10-03 19:00:00,1,81.4,High,83.82,65.08,100.0,ECMWF,"ECMWF leads with strong short-range skill, with minor model spread in local precipitation."
Vijayawada,2026-10-03 20:00:00,1,81.6,High,83.82,65.72,100.0,ECMWF,"ECMWF leads with strong short-range skill, with minor model spread in local precipitation."
Vijayawada,2026-10-03 21:00:00,1,83.0,High,83.82,70.27,100.0,ECMWF,"ECMWF leads with strong short-range skill, with minor model spread in local precipitation."
Vijayawada,2026-10-03 22:00:00,1,82.5,High,83.82,68.79,100.0,ECMWF,"ECMWF leads with strong short-range skill, with minor model spread in local precipitation."
Vijayawada,2026-10-03 23:00:00,1,84.0,High,83.82,73.61,100.0,ECMWF,"ECMWF leads with strong short-range skill, with minor model spread in local precipitation."
Vijayawada,2026-10-04 00:00:00,2,79.1,High,82.82,72.38,80.0,ECMWF,"Low regional RMSE supports ECMWF dominance, while the 48-hour forecast horizon maintains stable predictability."
Vijayawada,2026-10-04 01:00:00,2,78.8,High,82.82,71.29,80.0,ECMWF,"Low regional RMSE supports ECMWF dominance, while the 48-hour forecast horizon maintains stable predictability."
Vijayawada,2026-10-04 02:00:00,2,80.2,High,82.82,75.95,80.0,ECMWF,"Low regional RMSE supports ECMWF dominance, while the 48-hour forecast horizon maintains stable predictability."
Vijayawada,2026-10-04 03:00:00,2,81.3,High,82.82,79.58,80.0,ECMWF,"Low regional RMSE supports ECMWF dominance, while the 48-hour forecast horizon maintains stable predictability."
Vijayawada,2026-10-04 04:00:00,2,82.2,High,82.82,82.66,80.0,ECMWF,"ECMWF and ensemble members agree closely, while RMSE remains low for this region."
Vijayawada,2026-10-04 05:00:00,2,83.8,High,82.82,88.07,80.0,ECMWF,"ECMWF and ensemble members agree closely, while RMSE remains low for this region."
Vijayawada,2026-10-04 06:00:00,2,85.0,High,82.82,91.88,80.0,ECMWF,"ECMWF and ensemble members agree closely, while RMSE remains low for this region."
Vijayawada,2026-10-04 07:00:00,2,86.3,High,82.82,96.46,80.0,ECMWF,"ECMWF and ensemble members agree closely, while RMSE remains low for this region."
Vijayawada,2026-10-04 08:00:00,2,84.2,High,82.82,89.44,80.0,ECMWF,"ECMWF and ensemble members agree closely, while RMSE remains low for this region."
Vijayawada,2026-10-04 09:00:00,2,82.5,High,82.82,83.75,80.0,ECMWF,"ECMWF and ensemble members agree closely, while RMSE remains low for this region."
Vijayawada,2026-10-04 10:00:00,2,81.9,High,82.82,81.61,80.0,ECMWF,"ECMWF and ensemble members agree closely, while RMSE remains low for this region."
Vijayawada,2026-10-04 11:00:00,2,81.7,High,82.82,80.99,80.0,ECMWF,"ECMWF and ensemble members agree closely, while RMSE remains low for this region."
Vijayawada,2026-10-04 12:00:00,2,81.9,High,82.82,81.72,80.0,ECMWF,"ECMWF and ensemble members agree closely, while RMSE remains low for this region."
Vijayawada,2026-10-04 13:00:00,2,81.9,High,82.82,81.54,80.0,ECMWF,"ECMWF and ensemble members agree closely, while RMSE remains low for this region."
Vijayawada,2026-10-04 14:00:00,2,80.8,High,82.82,77.95,80.0,ECMWF,"Low regional RMSE supports ECMWF dominance, while the 48-hour forecast horizon maintains stable predictability."
Vijayawada,2026-10-04 15:00:00,2,80.7,High,82.82,77.78,80.0,ECMWF,"Low regional RMSE supports ECMWF dominance, while the 48-hour forecast horizon maintains stable predictability."
Vijayawada,2026-10-04 16:00:00,2,79.5,High,82.82,73.73,80.0,ECMWF,"Low regional RMSE supports ECMWF dominance, while the 48-hour forecast horizon maintains stable predictability."
Vijayawada,2026-10-04 17:00:00,2,74.6,High,82.82,57.29,80.0,ECMWF,"Low regional RMSE supports ECMWF dominance, while the 48-hour forecast horizon maintains stable predictability."
Vijayawada,2026-10-04 18:00:00,2,72.8,Medium,82.82,51.39,80.0,ECMWF,Inter-model spread indicates divergence between NWP forecasts despite ECMWF weighting.
Vijayawada,2026-10-04 19:00:00,2,76.1,High,82.82,62.45,80.0,ECMWF,"Low regional RMSE supports ECMWF dominance, while the 48-hour forecast horizon maintains stable predictability."
Vijayawada,2026-10-04 20:00:00,2,78.8,High,82.82,71.43,80.0,ECMWF,"Low regional RMSE supports ECMWF dominance, while the 48-hour forecast horizon maintains stable predictability."
Vijayawada,2026-10-04 21:00:00,2,79.6,High,82.82,74.11,80.0,ECMWF,"Low regional RMSE supports ECMWF dominance, while the 48-hour forecast horizon maintains stable predictability."
Vijayawada,2026-10-04 22:00:00,2,80.9,High,82.82,78.45,80.0,ECMWF,"Low regional RMSE supports ECMWF dominance, while the 48-hour forecast horizon maintains stable predictability."
Vijayawada,2026-10-04 23:00:00,2,81.1,High,82.82,78.97,80.0,ECMWF,"Low regional RMSE supports ECMWF dominance, while the 48-hour forecast horizon maintains stable predictability."
Vijayawada,2026-10-05 00:00:00,3,74.6,High,82.91,70.6,60.0,ECMWF,"Low regional RMSE supports ECMWF dominance, while the extended Day 3 lead time maintains stable predictability."
Vijayawada,2026-10-05 01:00:00,3,72.5,Medium,82.91,63.32,60.0,ECMWF,Models show moderate disagreement and the forecast lead time reduces reliability.
Vijayawada,2026-10-05 02:00:00,3,71.5,Medium,82.91,60.03,60.0,ECMWF,Models show moderate disagreement and the forecast lead time reduces reliability.
Vijayawada,2026-10-05 03:00:00,3,72.7,Medium,82.91,64.29,60.0,ECMWF,Models show moderate disagreement and the forecast lead time reduces reliability.
Vijayawada,2026-10-05 04:00:00,3,76.4,High,82.91,76.4,60.0,ECMWF,"Low regional RMSE supports ECMWF dominance, while the extended Day 3 lead time maintains stable predictability."
Vijayawada,2026-10-05 05:00:00,3,78.2,High,82.91,82.57,60.0,ECMWF,"ECMWF and ensemble members agree closely, while RMSE remains low for this region."
Vijayawada,2026-10-05 06:00:00,3,78.1,High,82.91,82.16,60.0,ECMWF,"ECMWF and ensemble members agree closely, while RMSE remains low for this region."
Vijayawada,2026-10-05 07:00:00,3,78.4,High,82.91,83.14,60.0,ECMWF,"ECMWF and ensemble members agree closely, while RMSE remains low for this region."
Vijayawada,2026-10-05 08:00:00,3,76.3,High,82.91,76.09,60.0,ECMWF,"Low regional RMSE supports ECMWF dominance, while the extended Day 3 lead time maintains stable predictability."
Vijayawada,2026-10-05 09:00:00,3,75.8,High,82.91,74.45,60.0,ECMWF,"Low regional RMSE supports ECMWF dominance, while the extended Day 3 lead time maintains stable predictability."
Vijayawada,2026-10-05 10:00:00,3,76.6,High,82.91,77.17,60.0,ECMWF,"Low regional RMSE supports ECMWF dominance, while the extended Day 3 lead time maintains stable predictability."
Vijayawada,2026-10-05 11:00:00,3,77.5,High,82.91,80.02,60.0,ECMWF,"ECMWF and ensemble members agree closely, while RMSE remains low for this region."
Vijayawada,2026-10-05 12:00:00,3,77.6,High,82.91,80.6,60.0,ECMWF,"ECMWF and ensemble members agree closely, while RMSE remains low for this region."
Vijayawada,2026-10-05 13:00:00,3,77.3,High,82.91,79.35,60.0,ECMWF,"Low regional RMSE supports ECMWF dominance, while the extended Day 3 lead time maintains stable predictability."
Vijayawada,2026-10-05 14:00:00,3,74.2,Medium,82.91,69.04,60.0,ECMWF,Models show moderate disagreement and the forecast lead time reduces reliability.
Vijayawada,2026-10-05 15:00:00,3,71.7,Medium,82.91,60.68,60.0,ECMWF,Models show moderate disagreement and the forecast lead time reduces reliability.
Vijayawada,2026-10-05 16:00:00,3,72.3,Medium,82.91,62.79,60.0,ECMWF,Models show moderate disagreement and the forecast lead time reduces reliability.
Vijayawada,2026-10-05 17:00:00,3,73.1,Medium,82.91,65.39,60.0,ECMWF,Models show moderate disagreement and the forecast lead time reduces reliability.
Vijayawada,2026-10-05 18:00:00,3,73.1,Medium,82.91,65.44,60.0,ECMWF,Models show moderate disagreement and the forecast lead time reduces reliability.
Vijayawada,2026-10-05 19:00:00,3,75.2,High,82.91,72.4,60.0,ECMWF,"Low regional RMSE supports ECMWF dominance, while the extended Day 3 lead time maintains stable predictability."
Vijayawada,2026-10-05 20:00:00,3,77.2,High,82.91,79.17,60.0,ECMWF,"Low regional RMSE supports ECMWF dominance, while the extended Day 3 lead time maintains stable predictability."
Vijayawada,2026-10-05 21:00:00,3,76.3,High,82.91,76.06,60.0,ECMWF,"Low regional RMSE supports ECMWF dominance, while the extended Day 3 lead time maintains stable predictability."
Vijayawada,2026-10-05 22:00:00,3,78.4,High,82.91,83.21,60.0,ECMWF,"ECMWF and ensemble members agree closely, while RMSE remains low for this region."
Vijayawada,2026-10-05 23:00:00,3,79.1,High,82.91,85.6,60.0,ECMWF,"ECMWF and ensemble members agree closely, while RMSE remains low for this region."
Visakhapatnam,2026-10-03 00:00:00,1,88.7,High,85.74,86.22,100.0,ECMWF,"ECMWF and ensemble members agree closely, while RMSE remains low for this region."
Visakhapatnam,2026-10-03 01:00:00,1,90.1,Very High,85.74,90.67,100.0,ECMWF,"ECMWF has the highest historical skill, model agreement is strong, and this is a short-range forecast."
Visakhapatnam,2026-10-03 02:00:00,1,89.8,Very High,85.74,89.73,100.0,ECMWF,"ECMWF has the highest historical skill, model agreement is strong, and this is a short-range forecast."
Visakhapatnam,2026-10-03 03:00:00,1,89.3,High,85.74,88.25,100.0,ECMWF,"ECMWF and ensemble members agree closely, while RMSE remains low for this region."
Visakhapatnam,2026-10-03 04:00:00,1,89.5,Very High,85.74,88.77,100.0,ECMWF,"ECMWF has the highest historical skill, model agreement is strong, and this is a short-range forecast."
Visakhapatnam,2026-10-03 05:00:00,1,89.6,Very High,85.74,89.05,100.0,ECMWF,"ECMWF has the highest historical skill, model agreement is strong, and this is a short-range forecast."
Visakhapatnam,2026-10-03 06:00:00,1,90.3,Very High,85.74,91.58,100.0,ECMWF,"ECMWF has the highest historical skill, model agreement is strong, and this is a short-range forecast."
Visakhapatnam,2026-10-03 07:00:00,1,90.9,Very High,85.74,93.46,100.0,ECMWF,"ECMWF has the highest historical skill, model agreement is strong, and this is a short-range forecast."
Visakhapatnam,2026-10-03 08:00:00,1,90.9,Very High,85.74,93.58,100.0,ECMWF,"ECMWF has the highest historical skill, model agreement is strong, and this is a short-range forecast."
Visakhapatnam,2026-10-03 09:00:00,1,89.0,High,85.74,87.21,100.0,ECMWF,"ECMWF and ensemble members agree closely, while RMSE remains low for this region."
Visakhapatnam,2026-10-03 10:00:00,1,86.7,High,85.74,79.44,100.0,ECMWF,"ECMWF leads with strong short-range skill, with minor model spread in local precipitation."
Visakhapatnam,2026-10-03 11:00:00,1,83.8,High,85.74,69.81,100.0,ECMWF,"ECMWF leads with strong short-range skill, with minor model spread in local precipitation."
Visakhapatnam,2026-10-03 12:00:00,1,82.7,High,85.74,66.06,100.0,ECMWF,"ECMWF leads with strong short-range skill, with minor model spread in local precipitation."
Visakhapatnam,2026-10-03 13:00:00,1,83.1,High,85.74,67.39,100.0,ECMWF,"ECMWF leads with strong short-range skill, with minor model spread in local precipitation."
Visakhapatnam,2026-10-03 14:00:00,1,83.7,High,85.74,69.57,100.0,ECMWF,"ECMWF leads with strong short-range skill, with minor model spread in local precipitation."
Visakhapatnam,2026-10-03 15:00:00,1,84.3,High,85.74,71.28,100.0,ECMWF,"ECMWF leads with strong short-range skill, with minor model spread in local precipitation."
Visakhapatnam,2026-10-03 16:00:00,1,84.2,High,85.74,70.94,100.0,ECMWF,"ECMWF leads with strong short-range skill, with minor model spread in local precipitation."
Visakhapatnam,2026-10-03 17:00:00,1,84.2,High,85.74,71.26,100.0,ECMWF,"ECMWF leads with strong short-range skill, with minor model spread in local precipitation."
Visakhapatnam,2026-10-03 18:00:00,1,84.7,High,85.74,72.91,100.0,ECMWF,"ECMWF leads with strong short-range skill, with minor model spread in local precipitation."
Visakhapatnam,2026-10-03 19:00:00,1,84.9,High,85.74,73.48,100.0,ECMWF,"ECMWF leads with strong short-range skill, with minor model spread in local precipitation."
Visakhapatnam,2026-10-03 20:00:00,1,84.2,High,85.74,71.02,100.0,ECMWF,"ECMWF leads with strong short-range skill, with minor model spread in local precipitation."
Visakhapatnam,2026-10-03 21:00:00,1,83.4,High,85.74,68.49,100.0,ECMWF,"ECMWF leads with strong short-range skill, with minor model spread in local precipitation."
Visakhapatnam,2026-10-03 22:00:00,1,83.4,High,85.74,68.32,100.0,ECMWF,"ECMWF leads with strong short-range skill, with minor model spread in local precipitation."
Visakhapatnam,2026-10-03 23:00:00,1,83.7,High,85.74,69.51,100.0,ECMWF,"ECMWF leads with strong short-range skill, with minor model spread in local precipitation."
Visakhapatnam,2026-10-04 00:00:00,2,79.1,High,82.66,72.62,80.0,ECMWF,"Low regional RMSE supports ECMWF dominance, while the 48-hour forecast horizon maintains stable predictability."
Visakhapatnam,2026-10-04 01:00:00,2,79.4,High,82.66,73.54,80.0,ECMWF,"Low regional RMSE supports ECMWF dominance, while the 48-hour forecast horizon maintains stable predictability."
Visakhapatnam,2026-10-04 02:00:00,2,79.6,High,82.66,74.18,80.0,ECMWF,"Low regional RMSE supports ECMWF dominance, while the 48-hour forecast horizon maintains stable predictability."
Visakhapatnam,2026-10-04 03:00:00,2,80.1,High,82.66,75.93,80.0,ECMWF,"Low regional RMSE supports ECMWF dominance, while the 48-hour forecast horizon maintains stable predictability."
Visakhapatnam,2026-10-04 04:00:00,2,81.2,High,82.66,79.66,80.0,ECMWF,"Low regional RMSE supports ECMWF dominance, while the 48-hour forecast horizon maintains stable predictability."
Visakhapatnam,2026-10-04 05:00:00,2,82.0,High,82.66,82.08,80.0,ECMWF,"ECMWF and ensemble members agree closely, while RMSE remains low for this region."
Visakhapatnam,2026-10-04 06:00:00,2,82.2,High,82.66,82.74,80.0,ECMWF,"ECMWF and ensemble members agree closely, while RMSE remains low for this region."
Visakhapatnam,2026-10-04 07:00:00,2,82.4,High,82.66,83.7,80.0,ECMWF,"ECMWF and ensemble members agree closely, while RMSE remains low for this region."
Visakhapatnam,2026-10-04 08:00:00,2,81.8,High,82.66,81.49,80.0,ECMWF,"ECMWF and ensemble members agree closely, while RMSE remains low for this region."
Visakhapatnam,2026-10-04 09:00:00,2,82.2,High,82.66,82.78,80.0,ECMWF,"ECMWF and ensemble members agree closely, while RMSE remains low for this region."
Visakhapatnam,2026-10-04 10:00:00,2,81.5,High,82.66,80.44,80.0,ECMWF,"ECMWF and ensemble members agree closely, while RMSE remains low for this region."
Visakhapatnam,2026-10-04 11:00:00,2,78.6,High,82.66,70.81,80.0,ECMWF,"Low regional RMSE supports ECMWF dominance, while the 48-hour forecast horizon maintains stable predictability."
Visakhapatnam,2026-10-04 12:00:00,2,76.7,High,82.66,64.57,80.0,ECMWF,"Low regional RMSE supports ECMWF dominance, while the 48-hour forecast horizon maintains stable predictability."
Visakhapatnam,2026-10-04 13:00:00,2,75.6,High,82.66,61.05,80.0,ECMWF,"Low regional RMSE supports ECMWF dominance, while the 48-hour forecast horizon maintains stable predictability."
Visakhapatnam,2026-10-04 14:00:00,2,77.7,High,82.66,67.94,80.0,ECMWF,"Low regional RMSE supports ECMWF dominance, while the 48-hour forecast horizon maintains stable predictability."
Visakhapatnam,2026-10-04 15:00:00,2,79.0,High,82.66,72.09,80.0,ECMWF,"Low regional RMSE supports ECMWF dominance, while the 48-hour forecast horizon maintains stable predictability."
Visakhapatnam,2026-10-04 16:00:00,2,78.8,High,82.66,71.44,80.0,ECMWF,"Low regional RMSE supports ECMWF dominance, while the 48-hour forecast horizon maintains stable predictability."
Visakhapatnam,2026-10-04 17:00:00,2,78.5,High,82.66,70.6,80.0,ECMWF,"Low regional RMSE supports ECMWF dominance, while the 48-hour forecast horizon maintains stable predictability."
Visakhapatnam,2026-10-04 18:00:00,2,78.3,High,82.66,70.06,80.0,ECMWF,"Low regional RMSE supports ECMWF dominance, while the 48-hour forecast horizon maintains stable predictability."
Visakhapatnam,2026-10-04 19:00:00,2,78.7,High,82.66,71.14,80.0,ECMWF,"Low regional RMSE supports ECMWF dominance, while the 48-hour forecast horizon maintains stable predictability."
Visakhapatnam,2026-10-04 20:00:00,2,79.7,High,82.66,74.57,80.0,ECMWF,"Low regional RMSE supports ECMWF dominance, while the 48-hour forecast horizon maintains stable predictability."
Visakhapatnam,2026-10-04 21:00:00,2,79.9,High,82.66,75.27,80.0,ECMWF,"Low regional RMSE supports ECMWF dominance, while the 48-hour forecast horizon maintains stable predictability."
Visakhapatnam,2026-10-04 22:00:00,2,80.1,High,82.66,76.02,80.0,ECMWF,"Low regional RMSE supports ECMWF dominance, while the 48-hour forecast horizon maintains stable predictability."
Visakhapatnam,2026-10-04 23:00:00,2,81.2,High,82.66,79.57,80.0,ECMWF,"Low regional RMSE supports ECMWF dominance, while the 48-hour forecast horizon maintains stable predictability."
Visakhapatnam,2026-10-05 00:00:00,3,76.1,High,80.86,79.05,60.0,ECMWF,"Low regional RMSE supports ECMWF dominance, while the extended Day 3 lead time maintains stable predictability."
Visakhapatnam,2026-10-05 01:00:00,3,77.0,High,80.86,82.04,60.0,ECMWF,"ECMWF and ensemble members agree closely, while RMSE remains low for this region."
Visakhapatnam,2026-10-05 02:00:00,3,76.8,High,80.86,81.25,60.0,ECMWF,"ECMWF and ensemble members agree closely, while RMSE remains low for this region."
Visakhapatnam,2026-10-05 03:00:00,3,77.4,High,80.86,83.31,60.0,ECMWF,"ECMWF and ensemble members agree closely, while RMSE remains low for this region."
Visakhapatnam,2026-10-05 04:00:00,3,75.7,High,80.86,77.61,60.0,ECMWF,"Low regional RMSE supports ECMWF dominance, while the extended Day 3 lead time maintains stable predictability."
Visakhapatnam,2026-10-05 05:00:00,3,76.3,High,80.86,79.54,60.0,ECMWF,"Low regional RMSE supports ECMWF dominance, while the extended Day 3 lead time maintains stable predictability."
Visakhapatnam,2026-10-05 06:00:00,3,77.6,High,80.86,83.76,60.0,ECMWF,"ECMWF and ensemble members agree closely, while RMSE remains low for this region."
Visakhapatnam,2026-10-05 07:00:00,3,77.5,High,80.86,83.53,60.0,ECMWF,"ECMWF and ensemble members agree closely, while RMSE remains low for this region."
Visakhapatnam,2026-10-05 08:00:00,3,77.1,High,80.86,82.37,60.0,ECMWF,"ECMWF and ensemble members agree closely, while RMSE remains low for this region."
Visakhapatnam,2026-10-05 09:00:00,3,77.4,High,80.86,83.1,60.0,ECMWF,"ECMWF and ensemble members agree closely, while RMSE remains low for this region."
Visakhapatnam,2026-10-05 10:00:00,3,76.1,High,80.86,78.75,60.0,ECMWF,"Low regional RMSE supports ECMWF dominance, while the extended Day 3 lead time maintains stable predictability."
Visakhapatnam,2026-10-05 11:00:00,3,74.2,Medium,80.86,72.56,60.0,ECMWF,Models show moderate disagreement and the forecast lead time reduces reliability.
Visakhapatnam,2026-10-05 12:00:00,3,73.7,Medium,80.86,71.01,60.0,ECMWF,Models show moderate disagreement and the forecast lead time reduces reliability.
Visakhapatnam,2026-10-05 13:00:00,3,71.4,Medium,80.86,63.34,60.0,ECMWF,Models show moderate disagreement and the forecast lead time reduces reliability.
Visakhapatnam,2026-10-05 14:00:00,3,70.6,Medium,80.86,60.51,60.0,ECMWF,Models show moderate disagreement and the forecast lead time reduces reliability.
Visakhapatnam,2026-10-05 15:00:00,3,70.3,Medium,80.86,59.42,60.0,ECMWF,Models show moderate disagreement and the forecast lead time reduces reliability.
Visakhapatnam,2026-10-05 16:00:00,3,70.9,Medium,80.86,61.5,60.0,ECMWF,Models show moderate disagreement and the forecast lead time reduces reliability.
Visakhapatnam,2026-10-05 17:00:00,3,72.5,Medium,80.86,66.97,60.0,ECMWF,Models show moderate disagreement and the forecast lead time reduces reliability.
Visakhapatnam,2026-10-05 18:00:00,3,72.8,Medium,80.86,67.74,60.0,ECMWF,Models show moderate disagreement and the forecast lead time reduces reliability.
Visakhapatnam,2026-10-05 19:00:00,3,73.5,Medium,80.86,70.18,60.0,ECMWF,Models show moderate disagreement and the forecast lead time reduces reliability.
Visakhapatnam,2026-10-05 20:00:00,3,73.9,Medium,80.86,71.62,60.0,ECMWF,Models show moderate disagreement and the forecast lead time reduces reliability.
Visakhapatnam,2026-10-05 21:00:00,3,72.9,Medium,80.86,68.17,60.0,ECMWF,Models show moderate disagreement and the forecast lead time reduces reliability.
Visakhapatnam,2026-10-05 22:00:00,3,73.7,Medium,80.86,71.05,60.0,ECMWF,Models show moderate disagreement and the forecast lead time reduces reliability.
Visakhapatnam,2026-10-05 23:00:00,3,75.1,High,80.86,75.53,60.0,ECMWF,"Low regional RMSE supports ECMWF dominance, while the extended Day 3 lead time maintains stable predictability."
