city,datetime,lead_days,p_ge_temperature_35,p_ge_temperature_37,max_class_temperature,p_ge_rainfall_4,p_ge_rainfall_8,max_class_rainfall,p_ge_wind_speed_25,p_ge_wind_speed_32,max_class_wind_speed
Agartala,2026-10-01 00:00:00,1,0.0,0.0,none,0.0,0.0,none,0.0,0.0,none
Agartala,2026-10-01 01:00:00,1,0.0,0.0,none,0.0,0.0,none,0.0,0.0,none
Agartala,2026-10-01 02:00:00,1,0.0,0.0,none,0.0,0.0,none,0.0,0.0,none
Agartala,2026-10-01 03:00:00,1,0.0,0.0,none,0.0,0.0,none,0.0,0.0,none
Agartala,2026-10-01 04:00:00,1,0.0,0.0,none,0.0,0.0,none,0.0,0.0,none
Agartala,2026-10-01 05:00:00,1,0.0,0.0,none,0.0,0.0,none,0.0,0.0,none
Agartala,2026-10-01 06:00:00,1,0.0,0.0,none,0.0,0.0,none,0.0,0.0,none
Agartala,2026-10-01 07:00:00,1,0.0,0.0,none,0.0,0.0,none,0.0,0.0,none
Agartala,2026-10-01 08:00:00,1,0.0,0.0,none,0.0,0.0,none,0.0,0.0,none
Agartala,2026-10-01 09:00:00,1,0.0,0.0,none,0.0,0.0,none,0.0,0.0,none
Agartala,2026-10-01 10:00:00,1,0.0,0.0,none,0.0,0.0,none,0.0,0.0,none
Agartala,2026-10-01 11:00:00,1,0.0003,0.0,none,0.0,0.0,none,0.0,0.0,none
Agartala,2026-10-01 12:00:00,1,0.0002,0.0,none,0.0,0.0,none,0.0,0.0,none
Agartala,2026-10-01 13:00:00,1,0.0,0.0,none,0.0,0.0,none,0.0,0.0,none
Agartala,2026-10-01 14:00:00,1,0.0,0.0,none,0.0,0.0,none,0.0,0.0,none
Agartala,2026-10-01 15:00:00,1,0.0,0.0,none,0.0,0.0,none,0.0,0.0,none
Agartala,2026-10-01 16:00:00,1,0.0,0.0,none,0.0,0.0,none,0.0,0.0,none
Agartala,2026-10-01 17:00:00,1,0.0,0.0,none,0.0,0.0,none,0.0,0.0,none
Agartala,2026-10-01 18:00:00,1,0.0,0.0,none,0.0,0.0,none,0.0,0.0,none
Agartala,2026-10-01 19:00:00,1,0.0,0.0,none,0.0,0.0,none,0.0,0.0,none
Agartala,2026-10-01 20:00:00,1,0.0,0.0,none,0.0,0.0,none,0.0,0.0,none
Agartala,2026-10-01 21:00:00,1,0.0,0.0,none,0.0,0.0,none,0.0,0.0,none
Agartala,2026-10-01 22:00:00,1,0.0,0.0,none,0.0,0.0,none,0.0,0.0,none
Agartala,2026-10-01 23:00:00,1,0.0,0.0,none,0.0,0.0,none,0.0,0.0,none
Agartala,2026-10-02 00:00:00,2,0.0,0.0,none,0.0,0.0,none,0.0,0.0,none
Agartala,2026-10-02 01:00:00,2,0.0,0.0,none,0.0,0.0,none,0.0,0.0,none
Agartala,2026-10-02 02:00:00,2,0.0,0.0,none,0.0,0.0,none,0.0,0.0,none
Agartala,2026-10-02 03:00:00,2,0.0,0.0,none,0.0,0.0,none,0.0,0.0,none
Agartala,2026-10-02 04:00:00,2,0.0,0.0,none,0.0,0.0,none,0.0,0.0,none
Agartala,2026-10-02 05:00:00,2,0.0,0.0,none,0.0,0.0,none,0.0,0.0,none
Agartala,2026-10-02 06:00:00,2,0.0,0.0,none,0.0,0.0,none,0.0,0.0,none
Agartala,2026-10-02 07:00:00,2,0.0,0.0,none,0.0,0.0,none,0.0,0.0,none
Agartala,2026-10-02 08:00:00,2,0.0,0.0,none,0.0,0.0,none,0.0,0.0,none
Agartala,2026-10-02 09:00:00,2,0.0,0.0,none,0.0002,0.0,none,0.0,0.0,none
Agartala,2026-10-02 10:00:00,2,0.0,0.0,none,0.0,0.0,none,0.0,0.0,none
Agartala,2026-10-02 11:00:00,2,0.0003,0.0,none,0.0,0.0,none,0.0,0.0,none
Agartala,2026-10-02 12:00:00,2,0.0002,0.0,none,0.0,0.0,none,0.0,0.0,none
Agartala,2026-10-02 13:00:00,2,0.0002,0.0,none,0.0,0.0,none,0.0,0.0,none
Agartala,2026-10-02 14:00:00,2,0.0,0.0,none,0.0,0.0,none,0.0,0.0,none
Agartala,2026-10-02 15:00:00,2,0.0,0.0,none,0.0,0.0,none,0.0,0.0,none
Agartala,2026-10-02 16:00:00,2,0.0,0.0,none,0.0,0.0,none,0.0,0.0,none
Agartala,2026-10-02 17:00:00,2,0.0,0.0,none,0.0,0.0,none,0.0,0.0,none
Agartala,2026-10-02 18:00:00,2,0.0,0.0,none,0.0,0.0,none,0.0,0.0,none
Agartala,2026-10-02 19:00:00,2,0.0,0.0,none,0.0,0.0,none,0.0,0.0,none
Agartala,2026-10-02 20:00:00,2,0.0,0.0,none,0.0,0.0,none,0.0,0.0,none
Agartala,2026-10-02 21:00:00,2,0.0,0.0,none,0.0,0.0,none,0.0,0.0,none
Agartala,2026-10-02 22:00:00,2,0.0,0.0,none,0.0,0.0,none,0.0,0.0,none
Agartala,2026-10-02 23:00:00,2,0.0,0.0,none,0.0,0.0,none,0.0,0.0,none
Agartala,2026-10-03 00:00:00,3,0.0,0.0,none,0.0,0.0,none,0.0,0.0,none
Agartala,2026-10-03 01:00:00,3,0.0,0.0,none,0.0,0.0,none,0.0,0.0,none
Agartala,2026-10-03 02:00:00,3,0.0,0.0,none,0.0,0.0,none,0.0,0.0,none
Agartala,2026-10-03 03:00:00,3,0.0,0.0,none,0.0,0.0,none,0.0,0.0,none
Agartala,2026-10-03 04:00:00,3,0.0,0.0,none,0.0,0.0,none,0.0,0.0,none
Agartala,2026-10-03 05:00:00,3,0.0,0.0,none,0.0,0.0,none,0.0,0.0,none
Agartala,2026-10-03 06:00:00,3,0.0,0.0,none,0.0,0.0,none,0.0,0.0,none
Agartala,2026-10-03 07:00:00,3,0.0,0.0,none,0.0,0.0,none,0.0,0.0,none
Agartala,2026-10-03 08:00:00,3,0.0,0.0,none,0.0,0.0,none,0.0,0.0,none
Agartala,2026-10-03 09:00:00,3,0.0,0.0,none,0.0,0.0,none,0.0,0.0,none
Agartala,2026-10-03 10:00:00,3,0.0,0.0,none,0.0,0.0,none,0.0,0.0,none
Agartala,2026-10-03 11:00:00,3,0.0014,0.0,none,0.0,0.0,none,0.0,0.0,none
Agartala,2026-10-03 12:00:00,3,0.0027,0.0,none,0.0,0.0,none,0.0,0.0,none
Agartala,2026-10-03 13:00:00,3,0.003,0.0,none,0.0,0.0,none,0.0,0.0,none
Agartala,2026-10-03 14:00:00,3,0.0017,0.0,none,0.0,0.0,none,0.0,0.0,none
Agartala,2026-10-03 15:00:00,3,0.0002,0.0,none,0.0,0.0,none,0.0,0.0,none
Agartala,2026-10-03 16:00:00,3,0.0,0.0,none,0.0,0.0,none,0.0,0.0,none
Agartala,2026-10-03 17:00:00,3,0.0,0.0,none,0.0,0.0,none,0.0,0.0,none
Agartala,2026-10-03 18:00:00,3,0.0,0.0,none,0.0,0.0,none,0.0,0.0,none
Agartala,2026-10-03 19:00:00,3,0.0,0.0,none,0.0,0.0,none,0.0,0.0,none
Agartala,2026-10-03 20:00:00,3,0.0,0.0,none,0.0,0.0,none,0.0,0.0,none
Agartala,2026-10-03 21:00:00,3,0.0,0.0,none,0.0,0.0,none,0.0,0.0,none
Agartala,2026-10-03 22:00:00,3,0.0,0.0,none,0.0,0.0,none,0.0,0.0,none
Agartala,2026-10-03 23:00:00,3,0.0,0.0,none,0.0,0.0,none,0.0,0.0,none
Agra,2026-10-01 00:00:00,1,0.0,0.0,none,0.0,0.0,none,0.0,0.0,none
Agra,2026-10-01 01:00:00,1,0.0,0.0,none,0.0,0.0,none,0.0,0.0,none
Agra,2026-10-01 02:00:00,1,0.0,0.0,none,0.0,0.0,none,0.0,0.0,none
Agra,2026-10-01 03:00:00,1,0.0,0.0,none,0.0,0.0,none,0.0,0.0,none
Agra,2026-10-01 04:00:00,1,0.0,0.0,none,0.0,0.0,none,0.0,0.0,none
Agra,2026-10-01 05:00:00,1,0.0,0.0,none,0.0,0.0,none,0.0,0.0,none
Agra,2026-10-01 06:00:00,1,0.0,0.0,none,0.0,0.0,none,0.0,0.0,none
Agra,2026-10-01 07:00:00,1,0.0,0.0,none,0.0,0.0,none,0.0,0.0,none
Agra,2026-10-01 08:00:00,1,0.0,0.0,none,0.0,0.0,none,0.0,0.0,none
Agra,2026-10-01 09:00:00,1,0.0,0.0,none,0.0,0.0,none,0.0,0.0,none
Agra,2026-10-01 10:00:00,1,0.0,0.0,none,0.0,0.0,none,0.0,0.0,none
Agra,2026-10-01 11:00:00,1,0.0036,0.0,none,0.0,0.0,none,0.0,0.0,none
Agra,2026-10-01 12:00:00,1,0.0156,0.0,none,0.0,0.0,none,0.0,0.0,none
Agra,2026-10-01 13:00:00,1,0.0572,0.0001,none,0.0,0.0,none,0.0,0.0,none
Agra,2026-10-01 14:00:00,1,0.0911,0.0003,none,0.0,0.0,none,0.0,0.0,none
Agra,2026-10-01 15:00:00,1,0.0487,0.0001,none,0.0,0.0,none,0.0,0.0,none
Agra,2026-10-01 16:00:00,1,0.0079,0.0,none,0.0,0.0,none,0.0,0.0,none
Agra,2026-10-01 17:00:00,1,0.0,0.0,none,0.0,0.0,none,0.0,0.0,none
Agra,2026-10-01 18:00:00,1,0.0,0.0,none,0.0,0.0,none,0.0,0.0,none
Agra,2026-10-01 19:00:00,1,0.0,0.0,none,0.0,0.0,none,0.0,0.0,none
Agra,2026-10-01 20:00:00,1,0.0,0.0,none,0.0,0.0,none,0.0001,0.0,none
Agra,2026-10-01 21:00:00,1,0.0,0.0,none,0.0,0.0,none,0.0,0.0,none
Agra,2026-10-01 22:00:00,1,0.0,0.0,none,0.0,0.0,none,0.0001,0.0,none
Agra,2026-10-01 23:00:00,1,0.0,0.0,none,0.0,0.0,none,0.0,0.0,none
Agra,2026-10-02 00:00:00,2,0.0,0.0,none,0.0,0.0,none,0.0,0.0,none
Agra,2026-10-02 01:00:00,2,0.0,0.0,none,0.0,0.0,none,0.0,0.0,none
Agra,2026-10-02 02:00:00,2,0.0,0.0,none,0.0,0.0,none,0.0,0.0,none
Agra,2026-10-02 03:00:00,2,0.0,0.0,none,0.0,0.0,none,0.0,0.0,none
Agra,2026-10-02 04:00:00,2,0.0,0.0,none,0.0,0.0,none,0.0,0.0,none
Agra,2026-10-02 05:00:00,2,0.0,0.0,none,0.0,0.0,none,0.0,0.0,none
Agra,2026-10-02 06:00:00,2,0.0,0.0,none,0.0,0.0,none,0.0,0.0,none
Agra,2026-10-02 07:00:00,2,0.0,0.0,none,0.0,0.0,none,0.0,0.0,none
Agra,2026-10-02 08:00:00,2,0.0,0.0,none,0.0,0.0,none,0.0,0.0,none
Agra,2026-10-02 09:00:00,2,0.0,0.0,none,0.0,0.0,none,0.0,0.0,none
Agra,2026-10-02 10:00:00,2,0.0002,0.0,none,0.0,0.0,none,0.0,0.0,none
Agra,2026-10-02 11:00:00,2,0.0228,0.0,none,0.0,0.0,none,0.0,0.0,none
Agra,2026-10-02 12:00:00,2,0.0708,0.0003,none,0.0,0.0,none,0.0,0.0,none
Agra,2026-10-02 13:00:00,2,0.1548,0.0017,none,0.0,0.0,none,0.0,0.0,none
Agra,2026-10-02 14:00:00,2,0.1728,0.0024,none,0.0,0.0,none,0.0,0.0,none
Agra,2026-10-02 15:00:00,2,0.1121,0.0012,none,0.0,0.0,none,0.0,0.0,none
Agra,2026-10-02 16:00:00,2,0.0286,0.0001,none,0.0,0.0,none,0.0,0.0,none
Agra,2026-10-02 17:00:00,2,0.0001,0.0,none,0.0,0.0,none,0.0,0.0,none
Agra,2026-10-02 18:00:00,2,0.0,0.0,none,0.0,0.0,none,0.0001,0.0,none
Agra,2026-10-02 19:00:00,2,0.0,0.0,none,0.0,0.0,none,0.0,0.0,none
Agra,2026-10-02 20:00:00,2,0.0,0.0,none,0.0,0.0,none,0.0,0.0,none
Agra,2026-10-02 21:00:00,2,0.0,0.0,none,0.0,0.0,none,0.0,0.0,none
Agra,2026-10-02 22:00:00,2,0.0,0.0,none,0.0,0.0,none,0.0,0.0,none
Agra,2026-10-02 23:00:00,2,0.0,0.0,none,0.0,0.0,none,0.0,0.0,none
Agra,2026-10-03 00:00:00,3,0.0,0.0,none,0.0,0.0,none,0.0,0.0,none
Agra,2026-10-03 01:00:00,3,0.0,0.0,none,0.0,0.0,none,0.0,0.0,none
Agra,2026-10-03 02:00:00,3,0.0,0.0,none,0.0,0.0,none,0.0,0.0,none
Agra,2026-10-03 03:00:00,3,0.0,0.0,none,0.0,0.0,none,0.0,0.0,none
Agra,2026-10-03 04:00:00,3,0.0,0.0,none,0.0,0.0,none,0.0,0.0,none
Agra,2026-10-03 05:00:00,3,0.0,0.0,none,0.0,0.0,none,0.0,0.0,none
Agra,2026-10-03 06:00:00,3,0.0,0.0,none,0.0,0.0,none,0.0,0.0,none
Agra,2026-10-03 07:00:00,3,0.0,0.0,none,0.0,0.0,none,0.0,0.0,none
Agra,2026-10-03 08:00:00,3,0.0,0.0,none,0.0,0.0,none,0.0,0.0,none
Agra,2026-10-03 09:00:00,3,0.0,0.0,none,0.0,0.0,none,0.0001,0.0,none
Agra,2026-10-03 10:00:00,3,0.0014,0.0,none,0.0,0.0,none,0.0002,0.0,none
Agra,2026-10-03 11:00:00,3,0.0444,0.0002,none,0.0,0.0,none,0.0002,0.0,none
Agra,2026-10-03 12:00:00,3,0.1159,0.0011,none,0.0,0.0,none,0.0001,0.0,none
Agra,2026-10-03 13:00:00,3,0.2555,0.0063,none,0.0,0.0,none,0.0,0.0,none
Agra,2026-10-03 14:00:00,3,0.2981,0.0095,none,0.0,0.0,none,0.0,0.0,none
Agra,2026-10-03 15:00:00,3,0.228,0.0068,none,0.0,0.0,none,0.0,0.0,none
Agra,2026-10-03 16:00:00,3,0.104,0.0016,none,0.0,0.0,none,0.0,0.0,none
Agra,2026-10-03 17:00:00,3,0.0019,0.0,none,0.0,0.0,none,0.0,0.0,none
Agra,2026-10-03 18:00:00,3,0.0,0.0,none,0.0,0.0,none,0.0,0.0,none
Agra,2026-10-03 19:00:00,3,0.0,0.0,none,0.0,0.0,none,0.0,0.0,none
Agra,2026-10-03 20:00:00,3,0.0,0.0,none,0.0,0.0,none,0.0,0.0,none
Agra,2026-10-03 21:00:00,3,0.0,0.0,none,0.0,0.0,none,0.0,0.0,none
Agra,2026-10-03 22:00:00,3,0.0,0.0,none,0.0,0.0,none,0.0,0.0,none
Agra,2026-10-03 23:00:00,3,0.0,0.0,none,0.0,0.0,none,0.0001,0.0,none
Ahmedabad,2026-10-01 00:00:00,1,0.0,0.0,none,0.0,0.0,none,0.0,0.0,none
Ahmedabad,2026-10-01 01:00:00,1,0.0,0.0,none,0.0,0.0,none,0.0,0.0,none
Ahmedabad,2026-10-01 02:00:00,1,0.0,0.0,none,0.0,0.0,none,0.0,0.0,none
Ahmedabad,2026-10-01 03:00:00,1,0.0,0.0,none,0.0,0.0,none,0.0,0.0,none
Ahmedabad,2026-10-01 04:00:00,1,0.0,0.0,none,0.0,0.0,none,0.0,0.0,none
Ahmedabad,2026-10-01 05:00:00,1,0.0,0.0,none,0.0,0.0,none,0.0,0.0,none
Ahmedabad,2026-10-01 06:00:00,1,0.0,0.0,none,0.0,0.0,none,0.0,0.0,none
Ahmedabad,2026-10-01 07:00:00,1,0.0,0.0,none,0.0,0.0,none,0.0,0.0,none
Ahmedabad,2026-10-01 08:00:00,1,0.0,0.0,none,0.0,0.0,none,0.0,0.0,none
Ahmedabad,2026-10-01 09:00:00,1,0.0,0.0,none,0.0,0.0,none,0.0,0.0,none
Ahmedabad,2026-10-01 10:00:00,1,0.0,0.0,none,0.0,0.0,none,0.0,0.0,none
Ahmedabad,2026-10-01 11:00:00,1,0.0003,0.0,none,0.0,0.0,none,0.0,0.0,none
Ahmedabad,2026-10-01 12:00:00,1,0.0042,0.0,none,0.0,0.0,none,0.0,0.0,none
Ahmedabad,2026-10-01 13:00:00,1,0.0305,0.0,none,0.0,0.0,none,0.0,0.0,none
Ahmedabad,2026-10-01 14:00:00,1,0.0731,0.0,none,0.0,0.0,none,0.0,0.0,none
Ahmedabad,2026-10-01 15:00:00,1,0.0881,0.0,none,0.0,0.0,none,0.0,0.0,none
Ahmedabad,2026-10-01 16:00:00,1,0.0506,0.0,none,0.0,0.0,none,0.0,0.0,none
Ahmedabad,2026-10-01 17:00:00,1,0.0074,0.0,none,0.0,0.0,none,0.0,0.0,none
Ahmedabad,2026-10-01 18:00:00,1,0.0007,0.0,none,0.0,0.0,none,0.0,0.0,none
Ahmedabad,2026-10-01 19:00:00,1,0.0,0.0,none,0.0,0.0,none,0.0,0.0,none
Ahmedabad,2026-10-01 20:00:00,1,0.0,0.0,none,0.0,0.0,none,0.0,0.0,none
Ahmedabad,2026-10-01 21:00:00,1,0.0,0.0,none,0.0,0.0,none,0.0,0.0,none
Ahmedabad,2026-10-01 22:00:00,1,0.0,0.0,none,0.0,0.0,none,0.0,0.0,none
Ahmedabad,2026-10-01 23:00:00,1,0.0,0.0,none,0.0,0.0,none,0.0,0.0,none
Ahmedabad,2026-10-02 00:00:00,2,0.0,0.0,none,0.0,0.0,none,0.0,0.0,none
Ahmedabad,2026-10-02 01:00:00,2,0.0,0.0,none,0.0,0.0,none,0.0,0.0,none
Ahmedabad,2026-10-02 02:00:00,2,0.0,0.0,none,0.0,0.0,none,0.0,0.0,none
Ahmedabad,2026-10-02 03:00:00,2,0.0,0.0,none,0.0,0.0,none,0.0,0.0,none
Ahmedabad,2026-10-02 04:00:00,2,0.0,0.0,none,0.0,0.0,none,0.0,0.0,none
Ahmedabad,2026-10-02 05:00:00,2,0.0,0.0,none,0.0,0.0,none,0.0,0.0,none
Ahmedabad,2026-10-02 06:00:00,2,0.0,0.0,none,0.0,0.0,none,0.0,0.0,none
Ahmedabad,2026-10-02 07:00:00,2,0.0,0.0,none,0.0,0.0,none,0.0,0.0,none
Ahmedabad,2026-10-02 08:00:00,2,0.0,0.0,none,0.0,0.0,none,0.0,0.0,none
Ahmedabad,2026-10-02 09:00:00,2,0.0,0.0,none,0.0,0.0,none,0.0,0.0,none
Ahmedabad,2026-10-02 10:00:00,2,0.0,0.0,none,0.0,0.0,none,0.0,0.0,none
Ahmedabad,2026-10-02 11:00:00,2,0.0032,0.0,none,0.0,0.0,none,0.0,0.0,none
Ahmedabad,2026-10-02 12:00:00,2,0.0617,0.0,none,0.0,0.0,none,0.0,0.0,none
Ahmedabad,2026-10-02 13:00:00,2,0.2681,0.0003,none,0.0,0.0,none,0.0,0.0,none
Ahmedabad,2026-10-02 14:00:00,2,0.43,0.0016,none,0.0,0.0,none,0.0,0.0,none
Ahmedabad,2026-10-02 15:00:00,2,0.4062,0.0019,none,0.0,0.0,none,0.0,0.0,none
Ahmedabad,2026-10-02 16:00:00,2,0.2407,0.0009,none,0.0,0.0,none,0.0,0.0,none
Ahmedabad,2026-10-02 17:00:00,2,0.0601,0.0001,none,0.0,0.0,none,0.0,0.0,none
Ahmedabad,2026-10-02 18:00:00,2,0.0023,0.0,none,0.0,0.0,none,0.0,0.0,none
Ahmedabad,2026-10-02 19:00:00,2,0.0,0.0,none,0.0,0.0,none,0.0,0.0,none
Ahmedabad,2026-10-02 20:00:00,2,0.0,0.0,none,0.0,0.0,none,0.0,0.0,none
Ahmedabad,2026-10-02 21:00:00,2,0.0,0.0,none,0.0,0.0,none,0.0,0.0,none
Ahmedabad,2026-10-02 22:00:00,2,0.0,0.0,none,0.0,0.0,none,0.0,0.0,none
Ahmedabad,2026-10-02 23:00:00,2,0.0,0.0,none,0.0,0.0,none,0.0,0.0,none
Ahmedabad,2026-10-03 00:00:00,3,0.0,0.0,none,0.0,0.0,none,0.0,0.0,none
Ahmedabad,2026-10-03 01:00:00,3,0.0,0.0,none,0.0,0.0,none,0.0,0.0,none
Ahmedabad,2026-10-03 02:00:00,3,0.0,0.0,none,0.0,0.0,none,0.0,0.0,none
Ahmedabad,2026-10-03 03:00:00,3,0.0,0.0,none,0.0,0.0,none,0.0,0.0,none
Ahmedabad,2026-10-03 04:00:00,3,0.0,0.0,none,0.0,0.0,none,0.0,0.0,none
Ahmedabad,2026-10-03 05:00:00,3,0.0,0.0,none,0.0,0.0,none,0.0,0.0,none
Ahmedabad,2026-10-03 06:00:00,3,0.0,0.0,none,0.0,0.0,none,0.0,0.0,none
Ahmedabad,2026-10-03 07:00:00,3,0.0,0.0,none,0.0,0.0,none,0.0,0.0,none
Ahmedabad,2026-10-03 08:00:00,3,0.0,0.0,none,0.0,0.0,none,0.0,0.0,none
Ahmedabad,2026-10-03 09:00:00,3,0.0,0.0,none,0.0,0.0,none,0.0,0.0,none
Ahmedabad,2026-10-03 10:00:00,3,0.0,0.0,none,0.0,0.0,none,0.0,0.0,none
Ahmedabad,2026-10-03 11:00:00,3,0.0019,0.0,none,0.0,0.0,none,0.0,0.0,none
Ahmedabad,2026-10-03 12:00:00,3,0.0286,0.0,none,0.0,0.0,none,0.0,0.0,none
Ahmedabad,2026-10-03 13:00:00,3,0.1729,0.0001,none,0.0,0.0,none,0.0,0.0,none
Ahmedabad,2026-10-03 14:00:00,3,0.3296,0.0009,none,0.0,0.0,none,0.0,0.0,none
Ahmedabad,2026-10-03 15:00:00,3,0.2951,0.0013,none,0.0,0.0,none,0.0,0.0,none
Ahmedabad,2026-10-03 16:00:00,3,0.1676,0.0005,none,0.0,0.0,none,0.0,0.0,none
Ahmedabad,2026-10-03 17:00:00,3,0.0232,0.0,none,0.0,0.0,none,0.0,0.0,none
Ahmedabad,2026-10-03 18:00:00,3,0.0004,0.0,none,0.0,0.0,none,0.0001,0.0,none
Ahmedabad,2026-10-03 19:00:00,3,0.0,0.0,none,0.0,0.0,none,0.0,0.0,none
Ahmedabad,2026-10-03 20:00:00,3,0.0,0.0,none,0.0,0.0,none,0.0,0.0,none
Ahmedabad,2026-10-03 21:00:00,3,0.0,0.0,none,0.0,0.0,none,0.0,0.0,none
Ahmedabad,2026-10-03 22:00:00,3,0.0,0.0,none,0.0,0.0,none,0.0,0.0,none
Ahmedabad,2026-10-03 23:00:00,3,0.0,0.0,none,0.0,0.0,none,0.0,0.0,none
Amritsar,2026-10-01 00:00:00,1,0.0,0.0,none,0.0,0.0,none,0.0004,0.0001,none
Amritsar,2026-10-01 01:00:00,1,0.0,0.0,none,0.0,0.0,none,0.0003,0.0001,none
Amritsar,2026-10-01 02:00:00,1,0.0,0.0,none,0.0,0.0,none,0.0002,0.0001,none
Amritsar,2026-10-01 03:00:00,1,0.0,0.0,none,0.0,0.0,none,0.0002,0.0,none
Amritsar,2026-10-01 04:00:00,1,0.0,0.0,none,0.0,0.0,none,0.0001,0.0,none
Amritsar,2026-10-01 05:00:00,1,0.0,0.0,none,0.0,0.0,none,0.0,0.0,none
Amritsar,2026-10-01 06:00:00,1,0.0,0.0,none,0.0,0.0,none,0.0001,0.0,none
Amritsar,2026-10-01 07:00:00,1,0.0,0.0,none,0.0,0.0,none,0.0001,0.0,none
Amritsar,2026-10-01 08:00:00,1,0.0,0.0,none,0.0,0.0,none,0.0001,0.0,none
Amritsar,2026-10-01 09:00:00,1,0.0,0.0,none,0.0,0.0,none,0.0,0.0,none
Amritsar,2026-10-01 10:00:00,1,0.0,0.0,none,0.0,0.0,none,0.0,0.0,none
Amritsar,2026-10-01 11:00:00,1,0.0043,0.0,none,0.0,0.0,none,0.0,0.0,none
Amritsar,2026-10-01 12:00:00,1,0.0343,0.0002,none,0.0,0.0,none,0.0,0.0,none
Amritsar,2026-10-01 13:00:00,1,0.0524,0.0002,none,0.0,0.0,none,0.0,0.0,none
Amritsar,2026-10-01 14:00:00,1,0.0876,0.0005,none,0.0,0.0,none,0.0,0.0,none
Amritsar,2026-10-01 15:00:00,1,0.0741,0.0006,none,0.0,0.0,none,0.0,0.0,none
Amritsar,2026-10-01 16:00:00,1,0.0348,0.0002,none,0.0,0.0,none,0.0001,0.0,none
Amritsar,2026-10-01 17:00:00,1,0.0016,0.0,none,0.0,0.0,none,0.0001,0.0,none
Amritsar,2026-10-01 18:00:00,1,0.0,0.0,none,0.0,0.0,none,0.0001,0.0,none
Amritsar,2026-10-01 19:00:00,1,0.0,0.0,none,0.0,0.0,none,0.0001,0.0,none
Amritsar,2026-10-01 20:00:00,1,0.0,0.0,none,0.0,0.0,none,0.0001,0.0,none
Amritsar,2026-10-01 21:00:00,1,0.0,0.0,none,0.0,0.0,none,0.0002,0.0,none
Amritsar,2026-10-01 22:00:00,1,0.0,0.0,none,0.0,0.0,none,0.001,0.0002,none
Amritsar,2026-10-01 23:00:00,1,0.0,0.0,none,0.0,0.0,none,0.0004,0.0001,none
Amritsar,2026-10-02 00:00:00,2,0.0,0.0,none,0.0,0.0,none,0.0001,0.0,none
Amritsar,2026-10-02 01:00:00,2,0.0,0.0,none,0.0,0.0,none,0.0007,0.0002,none
Amritsar,2026-10-02 02:00:00,2,0.0,0.0,none,0.0,0.0,none,0.0002,0.0,none
Amritsar,2026-10-02 03:00:00,2,0.0,0.0,none,0.0,0.0,none,0.0,0.0,none
Amritsar,2026-10-02 04:00:00,2,0.0,0.0,none,0.0,0.0,none,0.0,0.0,none
Amritsar,2026-10-02 05:00:00,2,0.0,0.0,none,0.0,0.0,none,0.0,0.0,none
Amritsar,2026-10-02 06:00:00,2,0.0,0.0,none,0.0,0.0,none,0.0001,0.0,none
Amritsar,2026-10-02 07:00:00,2,0.0,0.0,none,0.0,0.0,none,0.0003,0.0001,none
Amritsar,2026-10-02 08:00:00,2,0.0,0.0,none,0.0,0.0,none,0.0001,0.0,none
Amritsar,2026-10-02 09:00:00,2,0.0,0.0,none,0.0,0.0,none,0.0,0.0,none
Amritsar,2026-10-02 10:00:00,2,0.0001,0.0,none,0.0,0.0,none,0.0,0.0,none
Amritsar,2026-10-02 11:00:00,2,0.022,0.0001,none,0.0,0.0,none,0.0001,0.0,none
Amritsar,2026-10-02 12:00:00,2,0.1153,0.0035,none,0.0,0.0,none,0.0001,0.0,none
Amritsar,2026-10-02 13:00:00,2,0.1594,0.007,none,0.0,0.0,none,0.0001,0.0,none
Amritsar,2026-10-02 14:00:00,2,0.193,0.0069,none,0.0,0.0,none,0.0,0.0,none
Amritsar,2026-10-02 15:00:00,2,0.1609,0.005,none,0.0,0.0,none,0.0001,0.0,none
Amritsar,2026-10-02 16:00:00,2,0.0953,0.0023,none,0.0,0.0,none,0.0002,0.0,none
Amritsar,2026-10-02 17:00:00,2,0.0168,0.0001,none,0.0,0.0,none,0.0002,0.0,none
Amritsar,2026-10-02 18:00:00,2,0.0,0.0,none,0.0,0.0,none,0.0002,0.0,none
Amritsar,2026-10-02 19:00:00,2,0.0,0.0,none,0.0,0.0,none,0.0002,0.0,none
Amritsar,2026-10-02 20:00:00,2,0.0,0.0,none,0.0,0.0,none,0.0002,0.0,none
Amritsar,2026-10-02 21:00:00,2,0.0,0.0,none,0.0,0.0,none,0.0002,0.0,none
Amritsar,2026-10-02 22:00:00,2,0.0,0.0,none,0.0,0.0,none,0.0003,0.0001,none
Amritsar,2026-10-02 23:00:00,2,0.0,0.0,none,0.0,0.0,none,0.0002,0.0,none
Amritsar,2026-10-03 00:00:00,3,0.0,0.0,none,0.0,0.0,none,0.0001,0.0,none
Amritsar,2026-10-03 01:00:00,3,0.0,0.0,none,0.0,0.0,none,0.0001,0.0,none
Amritsar,2026-10-03 02:00:00,3,0.0,0.0,none,0.0,0.0,none,0.0,0.0,none
Amritsar,2026-10-03 03:00:00,3,0.0,0.0,none,0.0,0.0,none,0.0,0.0,none
Amritsar,2026-10-03 04:00:00,3,0.0,0.0,none,0.0,0.0,none,0.0,0.0,none
Amritsar,2026-10-03 05:00:00,3,0.0,0.0,none,0.0,0.0,none,0.0001,0.0,none
Amritsar,2026-10-03 06:00:00,3,0.0,0.0,none,0.0,0.0,none,0.0002,0.0,none
Amritsar,2026-10-03 07:00:00,3,0.0,0.0,none,0.0,0.0,none,0.0001,0.0,none
Amritsar,2026-10-03 08:00:00,3,0.0,0.0,none,0.0,0.0,none,0.0001,0.0,none
Amritsar,2026-10-03 09:00:00,3,0.0,0.0,none,0.0,0.0,none,0.0002,0.0,none
Amritsar,2026-10-03 10:00:00,3,0.0003,0.0,none,0.0,0.0,none,0.0,0.0,none
Amritsar,2026-10-03 11:00:00,3,0.0267,0.0003,none,0.0,0.0,none,0.0,0.0,none
Amritsar,2026-10-03 12:00:00,3,0.1008,0.004,none,0.0,0.0,none,0.0,0.0,none
Amritsar,2026-10-03 13:00:00,3,0.1512,0.009,none,0.0,0.0,none,0.0,0.0,none
Amritsar,2026-10-03 14:00:00,3,0.1822,0.0117,none,0.0,0.0,none,0.0,0.0,none
Amritsar,2026-10-03 15:00:00,3,0.1371,0.0069,none,0.0,0.0,none,0.0001,0.0,none
Amritsar,2026-10-03 16:00:00,3,0.0864,0.0034,none,0.0,0.0,none,0.0003,0.0,none
Amritsar,2026-10-03 17:00:00,3,0.031,0.0003,none,0.0,0.0,none,0.0019,0.0004,none
Amritsar,2026-10-03 18:00:00,3,0.0,0.0,none,0.0,0.0,none,0.0011,0.0002,none
Amritsar,2026-10-03 19:00:00,3,0.0,0.0,none,0.0,0.0,none,0.001,0.0002,none
Amritsar,2026-10-03 20:00:00,3,0.0,0.0,none,0.0,0.0,none,0.0004,0.0001,none
Amritsar,2026-10-03 21:00:00,3,0.0,0.0,none,0.0,0.0,none,0.0007,0.0002,none
Amritsar,2026-10-03 22:00:00,3,0.0,0.0,none,0.0,0.0,none,0.0012,0.0003,none
Amritsar,2026-10-03 23:00:00,3,0.0,0.0,none,0.0,0.0,none,0.0007,0.0001,none
Bengaluru,2026-10-01 00:00:00,1,0.0,0.0,none,0.0613,0.0136,none,0.0001,0.0,none
Bengaluru,2026-10-01 01:00:00,1,0.0,0.0,none,0.0529,0.009,none,0.0,0.0,none
Bengaluru,2026-10-01 02:00:00,1,0.0,0.0,none,0.0051,0.0001,none,0.0,0.0,none
Bengaluru,2026-10-01 03:00:00,1,0.0,0.0,none,0.0,0.0,none,0.0,0.0,none
Bengaluru,2026-10-01 04:00:00,1,0.0,0.0,none,0.0,0.0,none,0.0,0.0,none
Bengaluru,2026-10-01 05:00:00,1,0.0,0.0,none,0.0,0.0,none,0.0,0.0,none
Bengaluru,2026-10-01 06:00:00,1,0.0,0.0,none,0.0,0.0,none,0.0,0.0,none
Bengaluru,2026-10-01 07:00:00,1,0.0,0.0,none,0.0,0.0,none,0.0,0.0,none
Bengaluru,2026-10-01 08:00:00,1,0.0,0.0,none,0.0,0.0,none,0.0,0.0,none
Bengaluru,2026-10-01 09:00:00,1,0.0,0.0,none,0.0,0.0,none,0.0,0.0,none
Bengaluru,2026-10-01 10:00:00,1,0.0,0.0,none,0.0,0.0,none,0.0,0.0,none
Bengaluru,2026-10-01 11:00:00,1,0.0,0.0,none,0.0,0.0,none,0.0,0.0,none
Bengaluru,2026-10-01 12:00:00,1,0.0,0.0,none,0.0,0.0,none,0.0,0.0,none
Bengaluru,2026-10-01 13:00:00,1,0.0,0.0,none,0.0,0.0,none,0.0,0.0,none
Bengaluru,2026-10-01 14:00:00,1,0.0,0.0,none,0.0,0.0,none,0.0,0.0,none
Bengaluru,2026-10-01 15:00:00,1,0.0,0.0,none,0.0,0.0,none,0.0,0.0,none
Bengaluru,2026-10-01 16:00:00,1,0.0,0.0,none,0.0,0.0,none,0.0,0.0,none
Bengaluru,2026-10-01 17:00:00,1,0.0,0.0,none,0.0,0.0,none,0.0,0.0,none
Bengaluru,2026-10-01 18:00:00,1,0.0,0.0,none,0.0,0.0,none,0.0,0.0,none
Bengaluru,2026-10-01 19:00:00,1,0.0,0.0,none,0.0,0.0,none,0.0,0.0,none
Bengaluru,2026-10-01 20:00:00,1,0.0,0.0,none,0.0,0.0,none,0.0,0.0,none
Bengaluru,2026-10-01 21:00:00,1,0.0,0.0,none,0.0,0.0,none,0.0,0.0,none
Bengaluru,2026-10-01 22:00:00,1,0.0,0.0,none,0.0,0.0,none,0.0,0.0,none
Bengaluru,2026-10-01 23:00:00,1,0.0,0.0,none,0.0,0.0,none,0.0,0.0,none
Bengaluru,2026-10-02 00:00:00,2,0.0,0.0,none,0.0,0.0,none,0.0002,0.0,none
Bengaluru,2026-10-02 01:00:00,2,0.0,0.0,none,0.0,0.0,none,0.0,0.0,none
Bengaluru,2026-10-02 02:00:00,2,0.0,0.0,none,0.0,0.0,none,0.0,0.0,none
Bengaluru,2026-10-02 03:00:00,2,0.0,0.0,none,0.0,0.0,none,0.0,0.0,none
Bengaluru,2026-10-02 04:00:00,2,0.0,0.0,none,0.0,0.0,none,0.0,0.0,none
Bengaluru,2026-10-02 05:00:00,2,0.0,0.0,none,0.0,0.0,none,0.0001,0.0,none
Bengaluru,2026-10-02 06:00:00,2,0.0,0.0,none,0.0,0.0,none,0.0001,0.0,none
Bengaluru,2026-10-02 07:00:00,2,0.0,0.0,none,0.0,0.0,none,0.0002,0.0,none
Bengaluru,2026-10-02 08:00:00,2,0.0,0.0,none,0.0,0.0,none,0.0001,0.0,none
Bengaluru,2026-10-02 09:00:00,2,0.0,0.0,none,0.0,0.0,none,0.0,0.0,none
Bengaluru,2026-10-02 10:00:00,2,0.0,0.0,none,0.0,0.0,none,0.0,0.0,none
Bengaluru,2026-10-02 11:00:00,2,0.0,0.0,none,0.0,0.0,none,0.0,0.0,none
Bengaluru,2026-10-02 12:00:00,2,0.0,0.0,none,0.0,0.0,none,0.0,0.0,none
Bengaluru,2026-10-02 13:00:00,2,0.0,0.0,none,0.0,0.0,none,0.0,0.0,none
Bengaluru,2026-10-02 14:00:00,2,0.0,0.0,none,0.0,0.0,none,0.0,0.0,none
Bengaluru,2026-10-02 15:00:00,2,0.0,0.0,none,0.0,0.0,none,0.0,0.0,none
Bengaluru,2026-10-02 16:00:00,2,0.0,0.0,none,0.0,0.0,none,0.0,0.0,none
Bengaluru,2026-10-02 17:00:00,2,0.0,0.0,none,0.0,0.0,none,0.0,0.0,none
Bengaluru,2026-10-02 18:00:00,2,0.0,0.0,none,0.0,0.0,none,0.0001,0.0,none
Bengaluru,2026-10-02 19:00:00,2,0.0,0.0,none,0.0,0.0,none,0.0002,0.0,none
Bengaluru,2026-10-02 20:00:00,2,0.0,0.0,none,0.0,0.0,none,0.0,0.0,none
Bengaluru,2026-10-02 21:00:00,2,0.0,0.0,none,0.0,0.0,none,0.0,0.0,none
Bengaluru,2026-10-02 22:00:00,2,0.0,0.0,none,0.0,0.0,none,0.0,0.0,none
Bengaluru,2026-10-02 23:00:00,2,0.0,0.0,none,0.0,0.0,none,0.0,0.0,none
Bengaluru,2026-10-03 00:00:00,3,0.0,0.0,none,0.0,0.0,none,0.0,0.0,none
Bengaluru,2026-10-03 01:00:00,3,0.0,0.0,none,0.0,0.0,none,0.0,0.0,none
Bengaluru,2026-10-03 02:00:00,3,0.0,0.0,none,0.0,0.0,none,0.0,0.0,none
Bengaluru,2026-10-03 03:00:00,3,0.0,0.0,none,0.0,0.0,none,0.0,0.0,none
Bengaluru,2026-10-03 04:00:00,3,0.0,0.0,none,0.0,0.0,none,0.0,0.0,none
Bengaluru,2026-10-03 05:00:00,3,0.0,0.0,none,0.0,0.0,none,0.0,0.0,none
Bengaluru,2026-10-03 06:00:00,3,0.0,0.0,none,0.0,0.0,none,0.0,0.0,none
Bengaluru,2026-10-03 07:00:00,3,0.0,0.0,none,0.0,0.0,none,0.0,0.0,none
Bengaluru,2026-10-03 08:00:00,3,0.0,0.0,none,0.0,0.0,none,0.0,0.0,none
Bengaluru,2026-10-03 09:00:00,3,0.0,0.0,none,0.0,0.0,none,0.0,0.0,none
Bengaluru,2026-10-03 10:00:00,3,0.0,0.0,none,0.0,0.0,none,0.0,0.0,none
Bengaluru,2026-10-03 11:00:00,3,0.0,0.0,none,0.0,0.0,none,0.0,0.0,none
Bengaluru,2026-10-03 12:00:00,3,0.0,0.0,none,0.0,0.0,none,0.0,0.0,none
Bengaluru,2026-10-03 13:00:00,3,0.0,0.0,none,0.0,0.0,none,0.0,0.0,none
Bengaluru,2026-10-03 14:00:00,3,0.0,0.0,none,0.0,0.0,none,0.0,0.0,none
Bengaluru,2026-10-03 15:00:00,3,0.0,0.0,none,0.0,0.0,none,0.0,0.0,none
Bengaluru,2026-10-03 16:00:00,3,0.0,0.0,none,0.0,0.0,none,0.0,0.0,none
Bengaluru,2026-10-03 17:00:00,3,0.0,0.0,none,0.0,0.0,none,0.0,0.0,none
Bengaluru,2026-10-03 18:00:00,3,0.0,0.0,none,0.0,0.0,none,0.0,0.0,none
Bengaluru,2026-10-03 19:00:00,3,0.0,0.0,none,0.0,0.0,none,0.0,0.0,none
Bengaluru,2026-10-03 20:00:00,3,0.0,0.0,none,0.0,0.0,none,0.0,0.0,none
Bengaluru,2026-10-03 21:00:00,3,0.0,0.0,none,0.0,0.0,none,0.0,0.0,none
Bengaluru,2026-10-03 22:00:00,3,0.0,0.0,none,0.0,0.0,none,0.0,0.0,none
Bengaluru,2026-10-03 23:00:00,3,0.0,0.0,none,0.0,0.0,none,0.0,0.0,none
Bhopal,2026-10-01 00:00:00,1,0.0,0.0,none,0.0,0.0,none,0.0,0.0,none
Bhopal,2026-10-01 01:00:00,1,0.0,0.0,none,0.0,0.0,none,0.0,0.0,none
Bhopal,2026-10-01 02:00:00,1,0.0,0.0,none,0.0,0.0,none,0.0,0.0,none
Bhopal,2026-10-01 03:00:00,1,0.0,0.0,none,0.0,0.0,none,0.0,0.0,none
Bhopal,2026-10-01 04:00:00,1,0.0,0.0,none,0.0,0.0,none,0.0,0.0,none
Bhopal,2026-10-01 05:00:00,1,0.0,0.0,none,0.0,0.0,none,0.0,0.0,none
Bhopal,2026-10-01 06:00:00,1,0.0,0.0,none,0.0,0.0,none,0.0,0.0,none
Bhopal,2026-10-01 07:00:00,1,0.0,0.0,none,0.0,0.0,none,0.0,0.0,none
Bhopal,2026-10-01 08:00:00,1,0.0,0.0,none,0.0,0.0,none,0.0,0.0,none
Bhopal,2026-10-01 09:00:00,1,0.0,0.0,none,0.0,0.0,none,0.0,0.0,none
Bhopal,2026-10-01 10:00:00,1,0.0,0.0,none,0.0,0.0,none,0.0,0.0,none
Bhopal,2026-10-01 11:00:00,1,0.0,0.0,none,0.0,0.0,none,0.0,0.0,none
Bhopal,2026-10-01 12:00:00,1,0.0,0.0,none,0.0,0.0,none,0.0,0.0,none
Bhopal,2026-10-01 13:00:00,1,0.0001,0.0,none,0.0,0.0,none,0.0,0.0,none
Bhopal,2026-10-01 14:00:00,1,0.0001,0.0,none,0.0,0.0,none,0.0,0.0,none
Bhopal,2026-10-01 15:00:00,1,0.0,0.0,none,0.0,0.0,none,0.0,0.0,none
Bhopal,2026-10-01 16:00:00,1,0.0,0.0,none,0.0,0.0,none,0.0,0.0,none
Bhopal,2026-10-01 17:00:00,1,0.0,0.0,none,0.0,0.0,none,0.0,0.0,none
Bhopal,2026-10-01 18:00:00,1,0.0,0.0,none,0.0,0.0,none,0.0,0.0,none
Bhopal,2026-10-01 19:00:00,1,0.0,0.0,none,0.0,0.0,none,0.0,0.0,none
Bhopal,2026-10-01 20:00:00,1,0.0,0.0,none,0.0,0.0,none,0.0,0.0,none
Bhopal,2026-10-01 21:00:00,1,0.0,0.0,none,0.0,0.0,none,0.0001,0.0,none
Bhopal,2026-10-01 22:00:00,1,0.0,0.0,none,0.0,0.0,none,0.0,0.0,none
Bhopal,2026-10-01 23:00:00,1,0.0,0.0,none,0.0,0.0,none,0.0001,0.0,none
Bhopal,2026-10-02 00:00:00,2,0.0,0.0,none,0.0,0.0,none,0.0001,0.0,none
Bhopal,2026-10-02 01:00:00,2,0.0,0.0,none,0.0,0.0,none,0.0,0.0,none
Bhopal,2026-10-02 02:00:00,2,0.0,0.0,none,0.0,0.0,none,0.0,0.0,none
Bhopal,2026-10-02 03:00:00,2,0.0,0.0,none,0.0,0.0,none,0.0,0.0,none
Bhopal,2026-10-02 04:00:00,2,0.0,0.0,none,0.0,0.0,none,0.0,0.0,none
Bhopal,2026-10-02 05:00:00,2,0.0,0.0,none,0.0,0.0,none,0.0,0.0,none
Bhopal,2026-10-02 06:00:00,2,0.0,0.0,none,0.0,0.0,none,0.0,0.0,none
Bhopal,2026-10-02 07:00:00,2,0.0,0.0,none,0.0,0.0,none,0.0,0.0,none
Bhopal,2026-10-02 08:00:00,2,0.0,0.0,none,0.0,0.0,none,0.0,0.0,none
Bhopal,2026-10-02 09:00:00,2,0.0,0.0,none,0.0,0.0,none,0.0,0.0,none
Bhopal,2026-10-02 10:00:00,2,0.0,0.0,none,0.0,0.0,none,0.0,0.0,none
Bhopal,2026-10-02 11:00:00,2,0.0,0.0,none,0.0,0.0,none,0.0,0.0,none
Bhopal,2026-10-02 12:00:00,2,0.0,0.0,none,0.0,0.0,none,0.0,0.0,none
Bhopal,2026-10-02 13:00:00,2,0.0001,0.0,none,0.0,0.0,none,0.0,0.0,none
Bhopal,2026-10-02 14:00:00,2,0.0001,0.0,none,0.0,0.0,none,0.0,0.0,none
Bhopal,2026-10-02 15:00:00,2,0.0,0.0,none,0.0,0.0,none,0.0,0.0,none
Bhopal,2026-10-02 16:00:00,2,0.0,0.0,none,0.0,0.0,none,0.0,0.0,none
Bhopal,2026-10-02 17:00:00,2,0.0,0.0,none,0.0,0.0,none,0.0,0.0,none
Bhopal,2026-10-02 18:00:00,2,0.0,0.0,none,0.0,0.0,none,0.0,0.0,none
Bhopal,2026-10-02 19:00:00,2,0.0,0.0,none,0.0,0.0,none,0.0,0.0,none
Bhopal,2026-10-02 20:00:00,2,0.0,0.0,none,0.0,0.0,none,0.0,0.0,none
Bhopal,2026-10-02 21:00:00,2,0.0,0.0,none,0.0,0.0,none,0.0,0.0,none
Bhopal,2026-10-02 22:00:00,2,0.0,0.0,none,0.0,0.0,none,0.0,0.0,none
Bhopal,2026-10-02 23:00:00,2,0.0,0.0,none,0.0,0.0,none,0.0,0.0,none
Bhopal,2026-10-03 00:00:00,3,0.0,0.0,none,0.0,0.0,none,0.0,0.0,none
Bhopal,2026-10-03 01:00:00,3,0.0,0.0,none,0.0,0.0,none,0.0,0.0,none
Bhopal,2026-10-03 02:00:00,3,0.0,0.0,none,0.0,0.0,none,0.0,0.0,none
Bhopal,2026-10-03 03:00:00,3,0.0,0.0,none,0.0,0.0,none,0.0,0.0,none
Bhopal,2026-10-03 04:00:00,3,0.0,0.0,none,0.0,0.0,none,0.0,0.0,none
Bhopal,2026-10-03 05:00:00,3,0.0,0.0,none,0.0,0.0,none,0.0,0.0,none
Bhopal,2026-10-03 06:00:00,3,0.0,0.0,none,0.0,0.0,none,0.0,0.0,none
Bhopal,2026-10-03 07:00:00,3,0.0,0.0,none,0.0,0.0,none,0.0,0.0,none
Bhopal,2026-10-03 08:00:00,3,0.0,0.0,none,0.0,0.0,none,0.0,0.0,none
Bhopal,2026-10-03 09:00:00,3,0.0,0.0,none,0.0,0.0,none,0.0,0.0,none
Bhopal,2026-10-03 10:00:00,3,0.0,0.0,none,0.0,0.0,none,0.0001,0.0,none
Bhopal,2026-10-03 11:00:00,3,0.0,0.0,none,0.0,0.0,none,0.0001,0.0,none
Bhopal,2026-10-03 12:00:00,3,0.0,0.0,none,0.0,0.0,none,0.0001,0.0,none
Bhopal,2026-10-03 13:00:00,3,0.0001,0.0,none,0.0,0.0,none,0.0,0.0,none
Bhopal,2026-10-03 14:00:00,3,0.0001,0.0,none,0.0,0.0,none,0.0,0.0,none
Bhopal,2026-10-03 15:00:00,3,0.0,0.0,none,0.0,0.0,none,0.0,0.0,none
Bhopal,2026-10-03 16:00:00,3,0.0,0.0,none,0.0,0.0,none,0.0,0.0,none
Bhopal,2026-10-03 17:00:00,3,0.0,0.0,none,0.0,0.0,none,0.0,0.0,none
Bhopal,2026-10-03 18:00:00,3,0.0,0.0,none,0.0,0.0,none,0.0,0.0,none
Bhopal,2026-10-03 19:00:00,3,0.0,0.0,none,0.0,0.0,none,0.0,0.0,none
Bhopal,2026-10-03 20:00:00,3,0.0,0.0,none,0.0,0.0,none,0.0,0.0,none
Bhopal,2026-10-03 21:00:00,3,0.0,0.0,none,0.0,0.0,none,0.0,0.0,none
Bhopal,2026-10-03 22:00:00,3,0.0,0.0,none,0.0,0.0,none,0.0,0.0,none
Bhopal,2026-10-03 23:00:00,3,0.0,0.0,none,0.0,0.0,none,0.0,0.0,none
Bhubaneswar,2026-10-01 00:00:00,1,0.0,0.0,none,0.0,0.0,none,0.0,0.0,none
Bhubaneswar,2026-10-01 01:00:00,1,0.0,0.0,none,0.0,0.0,none,0.0,0.0,none
Bhubaneswar,2026-10-01 02:00:00,1,0.0,0.0,none,0.0,0.0,none,0.0,0.0,none
Bhubaneswar,2026-10-01 03:00:00,1,0.0,0.0,none,0.0,0.0,none,0.0,0.0,none
Bhubaneswar,2026-10-01 04:00:00,1,0.0,0.0,none,0.0,0.0,none,0.0,0.0,none
Bhubaneswar,2026-10-01 05:00:00,1,0.0,0.0,none,0.0,0.0,none,0.0,0.0,none
Bhubaneswar,2026-10-01 06:00:00,1,0.0,0.0,none,0.0,0.0,none,0.0,0.0,none
Bhubaneswar,2026-10-01 07:00:00,1,0.0,0.0,none,0.0,0.0,none,0.0,0.0,none
Bhubaneswar,2026-10-01 08:00:00,1,0.0,0.0,none,0.0,0.0,none,0.0,0.0,none
Bhubaneswar,2026-10-01 09:00:00,1,0.0,0.0,none,0.0,0.0,none,0.0,0.0,none
Bhubaneswar,2026-10-01 10:00:00,1,0.0,0.0,none,0.0,0.0,none,0.0,0.0,none
Bhubaneswar,2026-10-01 11:00:00,1,0.0005,0.0,none,0.0,0.0,none,0.0,0.0,none
Bhubaneswar,2026-10-01 12:00:00,1,0.0031,0.0,none,0.0,0.0,none,0.0,0.0,none
Bhubaneswar,2026-10-01 13:00:00,1,0.0024,0.0,none,0.0,0.0,none,0.0,0.0,none
Bhubaneswar,2026-10-01 14:00:00,1,0.0006,0.0,none,0.0,0.0,none,0.0,0.0,none
Bhubaneswar,2026-10-01 15:00:00,1,0.0002,0.0,none,0.0,0.0,none,0.0,0.0,none
Bhubaneswar,2026-10-01 16:00:00,1,0.0,0.0,none,0.0,0.0,none,0.0001,0.0,none
Bhubaneswar,2026-10-01 17:00:00,1,0.0,0.0,none,0.0,0.0,none,0.0,0.0,none
Bhubaneswar,2026-10-01 18:00:00,1,0.0,0.0,none,0.0,0.0,none,0.0,0.0,none
Bhubaneswar,2026-10-01 19:00:00,1,0.0,0.0,none,0.0,0.0,none,0.0,0.0,none
Bhubaneswar,2026-10-01 20:00:00,1,0.0,0.0,none,0.0,0.0,none,0.0,0.0,none
Bhubaneswar,2026-10-01 21:00:00,1,0.0,0.0,none,0.0,0.0,none,0.0,0.0,none
Bhubaneswar,2026-10-01 22:00:00,1,0.0,0.0,none,0.0,0.0,none,0.0,0.0,none
Bhubaneswar,2026-10-01 23:00:00,1,0.0,0.0,none,0.0,0.0,none,0.0,0.0,none
Bhubaneswar,2026-10-02 00:00:00,2,0.0,0.0,none,0.0,0.0,none,0.0,0.0,none
Bhubaneswar,2026-10-02 01:00:00,2,0.0,0.0,none,0.0,0.0,none,0.0,0.0,none
Bhubaneswar,2026-10-02 02:00:00,2,0.0,0.0,none,0.0,0.0,none,0.0,0.0,none
Bhubaneswar,2026-10-02 03:00:00,2,0.0,0.0,none,0.0,0.0,none,0.0,0.0,none
Bhubaneswar,2026-10-02 04:00:00,2,0.0,0.0,none,0.0,0.0,none,0.0,0.0,none
Bhubaneswar,2026-10-02 05:00:00,2,0.0,0.0,none,0.0,0.0,none,0.0,0.0,none
Bhubaneswar,2026-10-02 06:00:00,2,0.0,0.0,none,0.0,0.0,none,0.0,0.0,none
Bhubaneswar,2026-10-02 07:00:00,2,0.0,0.0,none,0.0,0.0,none,0.0,0.0,none
Bhubaneswar,2026-10-02 08:00:00,2,0.0,0.0,none,0.0,0.0,none,0.0,0.0,none
Bhubaneswar,2026-10-02 09:00:00,2,0.0,0.0,none,0.0,0.0,none,0.0,0.0,none
Bhubaneswar,2026-10-02 10:00:00,2,0.0,0.0,none,0.0,0.0,none,0.0,0.0,none
Bhubaneswar,2026-10-02 11:00:00,2,0.0004,0.0,none,0.0,0.0,none,0.0,0.0,none
Bhubaneswar,2026-10-02 12:00:00,2,0.0003,0.0,none,0.0,0.0,none,0.0,0.0,none
Bhubaneswar,2026-10-02 13:00:00,2,0.0003,0.0,none,0.0,0.0,none,0.0,0.0,none
Bhubaneswar,2026-10-02 14:00:00,2,0.0001,0.0,none,0.0,0.0,none,0.0001,0.0,none
Bhubaneswar,2026-10-02 15:00:00,2,0.0,0.0,none,0.0,0.0,none,0.0,0.0,none
Bhubaneswar,2026-10-02 16:00:00,2,0.0,0.0,none,0.0,0.0,none,0.0,0.0,none
Bhubaneswar,2026-10-02 17:00:00,2,0.0,0.0,none,0.0,0.0,none,0.0002,0.0,none
Bhubaneswar,2026-10-02 18:00:00,2,0.0,0.0,none,0.0,0.0,none,0.0003,0.0,none
Bhubaneswar,2026-10-02 19:00:00,2,0.0,0.0,none,0.0,0.0,none,0.0,0.0,none
Bhubaneswar,2026-10-02 20:00:00,2,0.0,0.0,none,0.0,0.0,none,0.0,0.0,none
Bhubaneswar,2026-10-02 21:00:00,2,0.0,0.0,none,0.0,0.0,none,0.0,0.0,none
Bhubaneswar,2026-10-02 22:00:00,2,0.0,0.0,none,0.0,0.0,none,0.0,0.0,none
Bhubaneswar,2026-10-02 23:00:00,2,0.0,0.0,none,0.0,0.0,none,0.0,0.0,none
Bhubaneswar,2026-10-03 00:00:00,3,0.0,0.0,none,0.0,0.0,none,0.0,0.0,none
Bhubaneswar,2026-10-03 01:00:00,3,0.0,0.0,none,0.0,0.0,none,0.0,0.0,none
Bhubaneswar,2026-10-03 02:00:00,3,0.0,0.0,none,0.0,0.0,none,0.0,0.0,none
Bhubaneswar,2026-10-03 03:00:00,3,0.0,0.0,none,0.0,0.0,none,0.0,0.0,none
Bhubaneswar,2026-10-03 04:00:00,3,0.0,0.0,none,0.0,0.0,none,0.0,0.0,none
Bhubaneswar,2026-10-03 05:00:00,3,0.0,0.0,none,0.0,0.0,none,0.0,0.0,none
Bhubaneswar,2026-10-03 06:00:00,3,0.0,0.0,none,0.0,0.0,none,0.0,0.0,none
Bhubaneswar,2026-10-03 07:00:00,3,0.0,0.0,none,0.0,0.0,none,0.0,0.0,none
Bhubaneswar,2026-10-03 08:00:00,3,0.0,0.0,none,0.0,0.0,none,0.0,0.0,none
Bhubaneswar,2026-10-03 09:00:00,3,0.0,0.0,none,0.0,0.0,none,0.0,0.0,none
Bhubaneswar,2026-10-03 10:00:00,3,0.0,0.0,none,0.0,0.0,none,0.0,0.0,none
Bhubaneswar,2026-10-03 11:00:00,3,0.0006,0.0,none,0.0,0.0,none,0.0,0.0,none
Bhubaneswar,2026-10-03 12:00:00,3,0.0005,0.0,none,0.0,0.0,none,0.0,0.0,none
Bhubaneswar,2026-10-03 13:00:00,3,0.0011,0.0,none,0.0,0.0,none,0.0,0.0,none
Bhubaneswar,2026-10-03 14:00:00,3,0.0004,0.0,none,0.0,0.0,none,0.0,0.0,none
Bhubaneswar,2026-10-03 15:00:00,3,0.0002,0.0,none,0.0,0.0,none,0.0,0.0,none
Bhubaneswar,2026-10-03 16:00:00,3,0.0,0.0,none,0.0,0.0,none,0.0,0.0,none
Bhubaneswar,2026-10-03 17:00:00,3,0.0,0.0,none,0.0001,0.0,none,0.0,0.0,none
Bhubaneswar,2026-10-03 18:00:00,3,0.0,0.0,none,0.0,0.0,none,0.0001,0.0,none
Bhubaneswar,2026-10-03 19:00:00,3,0.0,0.0,none,0.0,0.0,none,0.0,0.0,none
Bhubaneswar,2026-10-03 20:00:00,3,0.0,0.0,none,0.0,0.0,none,0.0,0.0,none
Bhubaneswar,2026-10-03 21:00:00,3,0.0,0.0,none,0.0,0.0,none,0.0,0.0,none
Bhubaneswar,2026-10-03 22:00:00,3,0.0,0.0,none,0.0,0.0,none,0.0,0.0,none
Bhubaneswar,2026-10-03 23:00:00,3,0.0,0.0,none,0.0,0.0,none,0.0,0.0,none
Chandigarh,2026-10-01 00:00:00,1,0.0,0.0,none,0.0,0.0,none,0.0,0.0,none
Chandigarh,2026-10-01 01:00:00,1,0.0,0.0,none,0.0,0.0,none,0.0,0.0,none
Chandigarh,2026-10-01 02:00:00,1,0.0,0.0,none,0.0,0.0,none,0.0,0.0,none
Chandigarh,2026-10-01 03:00:00,1,0.0,0.0,none,0.0,0.0,none,0.0,0.0,none
Chandigarh,2026-10-01 04:00:00,1,0.0,0.0,none,0.0,0.0,none,0.0,0.0,none
Chandigarh,2026-10-01 05:00:00,1,0.0,0.0,none,0.0,0.0,none,0.0,0.0,none
Chandigarh,2026-10-01 06:00:00,1,0.0,0.0,none,0.0,0.0,none,0.0,0.0,none
Chandigarh,2026-10-01 07:00:00,1,0.0,0.0,none,0.0,0.0,none,0.0,0.0,none
Chandigarh,2026-10-01 08:00:00,1,0.0,0.0,none,0.0,0.0,none,0.0,0.0,none
Chandigarh,2026-10-01 09:00:00,1,0.0,0.0,none,0.0,0.0,none,0.0,0.0,none
Chandigarh,2026-10-01 10:00:00,1,0.0,0.0,none,0.0,0.0,none,0.0,0.0,none
Chandigarh,2026-10-01 11:00:00,1,0.0,0.0,none,0.0,0.0,none,0.0,0.0,none
Chandigarh,2026-10-01 12:00:00,1,0.0,0.0,none,0.0,0.0,none,0.0,0.0,none
Chandigarh,2026-10-01 13:00:00,1,0.0002,0.0,none,0.0,0.0,none,0.0,0.0,none
Chandigarh,2026-10-01 14:00:00,1,0.0006,0.0,none,0.0,0.0,none,0.0,0.0,none
Chandigarh,2026-10-01 15:00:00,1,0.0004,0.0,none,0.0,0.0,none,0.0,0.0,none
Chandigarh,2026-10-01 16:00:00,1,0.0,0.0,none,0.0,0.0,none,0.0,0.0,none
Chandigarh,2026-10-01 17:00:00,1,0.0,0.0,none,0.0,0.0,none,0.0,0.0,none
Chandigarh,2026-10-01 18:00:00,1,0.0,0.0,none,0.0,0.0,none,0.0,0.0,none
Chandigarh,2026-10-01 19:00:00,1,0.0,0.0,none,0.0,0.0,none,0.0,0.0,none
Chandigarh,2026-10-01 20:00:00,1,0.0,0.0,none,0.0,0.0,none,0.0,0.0,none
Chandigarh,2026-10-01 21:00:00,1,0.0,0.0,none,0.0,0.0,none,0.0,0.0,none
Chandigarh,2026-10-01 22:00:00,1,0.0,0.0,none,0.0,0.0,none,0.0,0.0,none
Chandigarh,2026-10-01 23:00:00,1,0.0,0.0,none,0.0,0.0,none,0.0,0.0,none
Chandigarh,2026-10-02 00:00:00,2,0.0,0.0,none,0.0,0.0,none,0.0,0.0,none
Chandigarh,2026-10-02 01:00:00,2,0.0,0.0,none,0.0,0.0,none,0.0,0.0,none
Chandigarh,2026-10-02 02:00:00,2,0.0,0.0,none,0.0,0.0,none,0.0,0.0,none
Chandigarh,2026-10-02 03:00:00,2,0.0,0.0,none,0.0,0.0,none,0.0,0.0,none
Chandigarh,2026-10-02 04:00:00,2,0.0,0.0,none,0.0,0.0,none,0.0,0.0,none
Chandigarh,2026-10-02 05:00:00,2,0.0,0.0,none,0.0,0.0,none,0.0,0.0,none
Chandigarh,2026-10-02 06:00:00,2,0.0,0.0,none,0.0,0.0,none,0.0,0.0,none
Chandigarh,2026-10-02 07:00:00,2,0.0,0.0,none,0.0,0.0,none,0.0,0.0,none
Chandigarh,2026-10-02 08:00:00,2,0.0,0.0,none,0.0,0.0,none,0.0,0.0,none
Chandigarh,2026-10-02 09:00:00,2,0.0,0.0,none,0.0,0.0,none,0.0,0.0,none
Chandigarh,2026-10-02 10:00:00,2,0.0,0.0,none,0.0,0.0,none,0.0,0.0,none
Chandigarh,2026-10-02 11:00:00,2,0.0,0.0,none,0.0,0.0,none,0.0,0.0,none
Chandigarh,2026-10-02 12:00:00,2,0.0005,0.0,none,0.0,0.0,none,0.0,0.0,none
Chandigarh,2026-10-02 13:00:00,2,0.0027,0.0,none,0.0,0.0,none,0.0,0.0,none
Chandigarh,2026-10-02 14:00:00,2,0.0095,0.0,none,0.0,0.0,none,0.0,0.0,none
Chandigarh,2026-10-02 15:00:00,2,0.0081,0.0,none,0.0,0.0,none,0.0,0.0,none
Chandigarh,2026-10-02 16:00:00,2,0.0007,0.0,none,0.0,0.0,none,0.0,0.0,none
Chandigarh,2026-10-02 17:00:00,2,0.0,0.0,none,0.0,0.0,none,0.0,0.0,none
Chandigarh,2026-10-02 18:00:00,2,0.0,0.0,none,0.0,0.0,none,0.0,0.0,none
Chandigarh,2026-10-02 19:00:00,2,0.0,0.0,none,0.0,0.0,none,0.0,0.0,none
Chandigarh,2026-10-02 20:00:00,2,0.0,0.0,none,0.0,0.0,none,0.0,0.0,none
Chandigarh,2026-10-02 21:00:00,2,0.0,0.0,none,0.0,0.0,none,0.0,0.0,none
Chandigarh,2026-10-02 22:00:00,2,0.0,0.0,none,0.0,0.0,none,0.0,0.0,none
Chandigarh,2026-10-02 23:00:00,2,0.0,0.0,none,0.0,0.0,none,0.0,0.0,none
Chandigarh,2026-10-03 00:00:00,3,0.0,0.0,none,0.0,0.0,none,0.0,0.0,none
Chandigarh,2026-10-03 01:00:00,3,0.0,0.0,none,0.0,0.0,none,0.0,0.0,none
Chandigarh,2026-10-03 02:00:00,3,0.0,0.0,none,0.0,0.0,none,0.0,0.0,none
Chandigarh,2026-10-03 03:00:00,3,0.0,0.0,none,0.0,0.0,none,0.0,0.0,none
Chandigarh,2026-10-03 04:00:00,3,0.0,0.0,none,0.0,0.0,none,0.0,0.0,none
Chandigarh,2026-10-03 05:00:00,3,0.0,0.0,none,0.0,0.0,none,0.0,0.0,none
Chandigarh,2026-10-03 06:00:00,3,0.0,0.0,none,0.0,0.0,none,0.0,0.0,none
Chandigarh,2026-10-03 07:00:00,3,0.0,0.0,none,0.0,0.0,none,0.0,0.0,none
Chandigarh,2026-10-03 08:00:00,3,0.0,0.0,none,0.0,0.0,none,0.0,0.0,none
Chandigarh,2026-10-03 09:00:00,3,0.0,0.0,none,0.0,0.0,none,0.0,0.0,none
Chandigarh,2026-10-03 10:00:00,3,0.0,0.0,none,0.0,0.0,none,0.0,0.0,none
Chandigarh,2026-10-03 11:00:00,3,0.0,0.0,none,0.0,0.0,none,0.0,0.0,none
Chandigarh,2026-10-03 12:00:00,3,0.0001,0.0,none,0.0,0.0,none,0.0,0.0,none
Chandigarh,2026-10-03 13:00:00,3,0.0008,0.0,none,0.0,0.0,none,0.0,0.0,none
Chandigarh,2026-10-03 14:00:00,3,0.0016,0.0,none,0.0,0.0,none,0.0,0.0,none
Chandigarh,2026-10-03 15:00:00,3,0.0026,0.0,none,0.0,0.0,none,0.0,0.0,none
Chandigarh,2026-10-03 16:00:00,3,0.0008,0.0,none,0.0,0.0,none,0.0,0.0,none
Chandigarh,2026-10-03 17:00:00,3,0.0,0.0,none,0.0,0.0,none,0.0,0.0,none
Chandigarh,2026-10-03 18:00:00,3,0.0,0.0,none,0.0,0.0,none,0.0,0.0,none
Chandigarh,2026-10-03 19:00:00,3,0.0,0.0,none,0.0,0.0,none,0.0,0.0,none
Chandigarh,2026-10-03 20:00:00,3,0.0,0.0,none,0.0,0.0,none,0.0,0.0,none
Chandigarh,2026-10-03 21:00:00,3,0.0,0.0,none,0.0,0.0,none,0.0,0.0,none
Chandigarh,2026-10-03 22:00:00,3,0.0,0.0,none,0.0,0.0,none,0.0,0.0,none
Chandigarh,2026-10-03 23:00:00,3,0.0,0.0,none,0.0,0.0,none,0.0,0.0,none
Chennai,2026-10-01 00:00:00,1,0.0,0.0,none,0.0,0.0,none,0.0,0.0,none
Chennai,2026-10-01 01:00:00,1,0.0,0.0,none,0.0,0.0,none,0.0,0.0,none
Chennai,2026-10-01 02:00:00,1,0.0,0.0,none,0.0,0.0,none,0.0,0.0,none
Chennai,2026-10-01 03:00:00,1,0.0,0.0,none,0.0,0.0,none,0.0,0.0,none
Chennai,2026-10-01 04:00:00,1,0.0,0.0,none,0.0,0.0,none,0.0,0.0,none
Chennai,2026-10-01 05:00:00,1,0.0,0.0,none,0.0,0.0,none,0.0,0.0,none
Chennai,2026-10-01 06:00:00,1,0.0,0.0,none,0.0,0.0,none,0.0,0.0,none
Chennai,2026-10-01 07:00:00,1,0.0,0.0,none,0.0,0.0,none,0.0,0.0,none
Chennai,2026-10-01 08:00:00,1,0.0,0.0,none,0.0,0.0,none,0.0,0.0,none
Chennai,2026-10-01 09:00:00,1,0.0,0.0,none,0.0,0.0,none,0.0,0.0,none
Chennai,2026-10-01 10:00:00,1,0.0051,0.0,none,0.0,0.0,none,0.0,0.0,none
Chennai,2026-10-01 11:00:00,1,0.0539,0.0001,none,0.0,0.0,none,0.0002,0.0,none
Chennai,2026-10-01 12:00:00,1,0.0613,0.0002,none,0.0,0.0,none,0.0002,0.0,none
Chennai,2026-10-01 13:00:00,1,0.0193,0.0,none,0.0,0.0,none,0.0001,0.0,none
Chennai,2026-10-01 14:00:00,1,0.0023,0.0,none,0.0,0.0,none,0.0001,0.0,none
Chennai,2026-10-01 15:00:00,1,0.0001,0.0,none,0.0,0.0,none,0.0001,0.0,none
Chennai,2026-10-01 16:00:00,1,0.0,0.0,none,0.0,0.0,none,0.0001,0.0,none
Chennai,2026-10-01 17:00:00,1,0.0,0.0,none,0.0,0.0,none,0.0,0.0,none
Chennai,2026-10-01 18:00:00,1,0.0,0.0,none,0.0,0.0,none,0.0,0.0,none
Chennai,2026-10-01 19:00:00,1,0.0,0.0,none,0.0,0.0,none,0.0,0.0,none
Chennai,2026-10-01 20:00:00,1,0.0,0.0,none,0.0,0.0,none,0.0,0.0,none
Chennai,2026-10-01 21:00:00,1,0.0,0.0,none,0.0,0.0,none,0.0,0.0,none
Chennai,2026-10-01 22:00:00,1,0.0,0.0,none,0.0,0.0,none,0.0,0.0,none
Chennai,2026-10-01 23:00:00,1,0.0,0.0,none,0.0,0.0,none,0.0,0.0,none
Chennai,2026-10-02 00:00:00,2,0.0,0.0,none,0.0,0.0,none,0.0,0.0,none
Chennai,2026-10-02 01:00:00,2,0.0,0.0,none,0.0,0.0,none,0.0,0.0,none
Chennai,2026-10-02 02:00:00,2,0.0,0.0,none,0.0,0.0,none,0.0,0.0,none
Chennai,2026-10-02 03:00:00,2,0.0,0.0,none,0.0,0.0,none,0.0,0.0,none
Chennai,2026-10-02 04:00:00,2,0.0,0.0,none,0.0,0.0,none,0.0,0.0,none
Chennai,2026-10-02 05:00:00,2,0.0,0.0,none,0.0,0.0,none,0.0,0.0,none
Chennai,2026-10-02 06:00:00,2,0.0,0.0,none,0.0,0.0,none,0.0,0.0,none
Chennai,2026-10-02 07:00:00,2,0.0,0.0,none,0.0,0.0,none,0.0,0.0,none
Chennai,2026-10-02 08:00:00,2,0.0,0.0,none,0.0,0.0,none,0.0,0.0,none
Chennai,2026-10-02 09:00:00,2,0.0,0.0,none,0.0,0.0,none,0.0,0.0,none
Chennai,2026-10-02 10:00:00,2,0.0001,0.0,none,0.0,0.0,none,0.0,0.0,none
Chennai,2026-10-02 11:00:00,2,0.0002,0.0,none,0.0,0.0,none,0.0,0.0,none
Chennai,2026-10-02 12:00:00,2,0.0,0.0,none,0.0,0.0,none,0.0001,0.0,none
Chennai,2026-10-02 13:00:00,2,0.0,0.0,none,0.0,0.0,none,0.0001,0.0,none
Chennai,2026-10-02 14:00:00,2,0.0,0.0,none,0.0,0.0,none,0.0,0.0,none
Chennai,2026-10-02 15:00:00,2,0.0,0.0,none,0.0,0.0,none,0.0,0.0,none
Chennai,2026-10-02 16:00:00,2,0.0,0.0,none,0.0,0.0,none,0.0,0.0,none
Chennai,2026-10-02 17:00:00,2,0.0,0.0,none,0.0,0.0,none,0.0,0.0,none
Chennai,2026-10-02 18:00:00,2,0.0,0.0,none,0.0,0.0,none,0.0,0.0,none
Chennai,2026-10-02 19:00:00,2,0.0,0.0,none,0.0,0.0,none,0.0,0.0,none
Chennai,2026-10-02 20:00:00,2,0.0,0.0,none,0.0,0.0,none,0.0,0.0,none
Chennai,2026-10-02 21:00:00,2,0.0,0.0,none,0.0,0.0,none,0.0,0.0,none
Chennai,2026-10-02 22:00:00,2,0.0,0.0,none,0.0,0.0,none,0.0,0.0,none
Chennai,2026-10-02 23:00:00,2,0.0,0.0,none,0.0,0.0,none,0.0,0.0,none
Chennai,2026-10-03 00:00:00,3,0.0,0.0,none,0.0,0.0,none,0.0,0.0,none
Chennai,2026-10-03 01:00:00,3,0.0,0.0,none,0.0,0.0,none,0.0,0.0,none
Chennai,2026-10-03 02:00:00,3,0.0,0.0,none,0.0,0.0,none,0.0,0.0,none
Chennai,2026-10-03 03:00:00,3,0.0,0.0,none,0.0,0.0,none,0.0,0.0,none
Chennai,2026-10-03 04:00:00,3,0.0,0.0,none,0.0,0.0,none,0.0,0.0,none
Chennai,2026-10-03 05:00:00,3,0.0,0.0,none,0.0,0.0,none,0.0,0.0,none
Chennai,2026-10-03 06:00:00,3,0.0,0.0,none,0.0,0.0,none,0.0,0.0,none
Chennai,2026-10-03 07:00:00,3,0.0,0.0,none,0.0,0.0,none,0.0,0.0,none
Chennai,2026-10-03 08:00:00,3,0.0,0.0,none,0.0,0.0,none,0.0,0.0,none
Chennai,2026-10-03 09:00:00,3,0.0,0.0,none,0.0,0.0,none,0.0,0.0,none
Chennai,2026-10-03 10:00:00,3,0.0,0.0,none,0.0,0.0,none,0.0,0.0,none
Chennai,2026-10-03 11:00:00,3,0.0014,0.0,none,0.0,0.0,none,0.0,0.0,none
Chennai,2026-10-03 12:00:00,3,0.001,0.0,none,0.0,0.0,none,0.0,0.0,none
Chennai,2026-10-03 13:00:00,3,0.0002,0.0,none,0.0,0.0,none,0.0001,0.0,none
Chennai,2026-10-03 14:00:00,3,0.0,0.0,none,0.0,0.0,none,0.0002,0.0,none
Chennai,2026-10-03 15:00:00,3,0.0,0.0,none,0.0,0.0,none,0.0001,0.0,none
Chennai,2026-10-03 16:00:00,3,0.0,0.0,none,0.0,0.0,none,0.0001,0.0,none
Chennai,2026-10-03 17:00:00,3,0.0,0.0,none,0.0,0.0,none,0.0,0.0,none
Chennai,2026-10-03 18:00:00,3,0.0,0.0,none,0.0,0.0,none,0.0,0.0,none
Chennai,2026-10-03 19:00:00,3,0.0,0.0,none,0.0,0.0,none,0.0,0.0,none
Chennai,2026-10-03 20:00:00,3,0.0,0.0,none,0.0,0.0,none,0.0,0.0,none
Chennai,2026-10-03 21:00:00,3,0.0,0.0,none,0.0,0.0,none,0.0,0.0,none
Chennai,2026-10-03 22:00:00,3,0.0,0.0,none,0.0,0.0,none,0.0,0.0,none
Chennai,2026-10-03 23:00:00,3,0.0,0.0,none,0.0,0.0,none,0.0,0.0,none
Coimbatore,2026-10-01 00:00:00,1,0.0,0.0,none,0.0623,0.0065,none,0.0,0.0,none
Coimbatore,2026-10-01 01:00:00,1,0.0,0.0,none,0.0024,0.0,none,0.0,0.0,none
Coimbatore,2026-10-01 02:00:00,1,0.0,0.0,none,0.0,0.0,none,0.0,0.0,none
Coimbatore,2026-10-01 03:00:00,1,0.0,0.0,none,0.0,0.0,none,0.0,0.0,none
Coimbatore,2026-10-01 04:00:00,1,0.0,0.0,none,0.0,0.0,none,0.0,0.0,none
Coimbatore,2026-10-01 05:00:00,1,0.0,0.0,none,0.0,0.0,none,0.0,0.0,none
Coimbatore,2026-10-01 06:00:00,1,0.0,0.0,none,0.0,0.0,none,0.0,0.0,none
Coimbatore,2026-10-01 07:00:00,1,0.0,0.0,none,0.0,0.0,none,0.0,0.0,none
Coimbatore,2026-10-01 08:00:00,1,0.0,0.0,none,0.0,0.0,none,0.0,0.0,none
Coimbatore,2026-10-01 09:00:00,1,0.0,0.0,none,0.0,0.0,none,0.0,0.0,none
Coimbatore,2026-10-01 10:00:00,1,0.0,0.0,none,0.0,0.0,none,0.0,0.0,none
Coimbatore,2026-10-01 11:00:00,1,0.0,0.0,none,0.0,0.0,none,0.0,0.0,none
Coimbatore,2026-10-01 12:00:00,1,0.0001,0.0,none,0.0,0.0,none,0.0,0.0,none
Coimbatore,2026-10-01 13:00:00,1,0.0265,0.0,none,0.0,0.0,none,0.0,0.0,none
Coimbatore,2026-10-01 14:00:00,1,0.0128,0.0,none,0.0,0.0,none,0.0,0.0,none
Coimbatore,2026-10-01 15:00:00,1,0.0,0.0,none,0.0001,0.0,none,0.0003,0.0,none
Coimbatore,2026-10-01 16:00:00,1,0.0,0.0,none,0.0371,0.0015,none,0.0,0.0,none
Coimbatore,2026-10-01 17:00:00,1,0.0,0.0,none,0.0515,0.001,none,0.0,0.0,none
Coimbatore,2026-10-01 18:00:00,1,0.0,0.0,none,0.0347,0.0006,none,0.0,0.0,none
Coimbatore,2026-10-01 19:00:00,1,0.0,0.0,none,0.0051,0.0,none,0.0002,0.0,none
Coimbatore,2026-10-01 20:00:00,1,0.0,0.0,none,0.0,0.0,none,0.0,0.0,none
Coimbatore,2026-10-01 21:00:00,1,0.0,0.0,none,0.0,0.0,none,0.0,0.0,none
Coimbatore,2026-10-01 22:00:00,1,0.0,0.0,none,0.0,0.0,none,0.0,0.0,none
Coimbatore,2026-10-01 23:00:00,1,0.0,0.0,none,0.0,0.0,none,0.0,0.0,none
Coimbatore,2026-10-02 00:00:00,2,0.0,0.0,none,0.0,0.0,none,0.0,0.0,none
Coimbatore,2026-10-02 01:00:00,2,0.0,0.0,none,0.0045,0.0001,none,0.0,0.0,none
Coimbatore,2026-10-02 02:00:00,2,0.0,0.0,none,0.0261,0.0015,none,0.0,0.0,none
Coimbatore,2026-10-02 03:00:00,2,0.0,0.0,none,0.0216,0.0024,none,0.0,0.0,none
Coimbatore,2026-10-02 04:00:00,2,0.0,0.0,none,0.0149,0.0023,none,0.0,0.0,none
Coimbatore,2026-10-02 05:00:00,2,0.0,0.0,none,0.0167,0.0008,none,0.0,0.0,none
Coimbatore,2026-10-02 06:00:00,2,0.0,0.0,none,0.0014,0.0,none,0.0,0.0,none
Coimbatore,2026-10-02 07:00:00,2,0.0,0.0,none,0.0,0.0,none,0.0,0.0,none
Coimbatore,2026-10-02 08:00:00,2,0.0,0.0,none,0.0,0.0,none,0.0,0.0,none
Coimbatore,2026-10-02 09:00:00,2,0.0,0.0,none,0.0,0.0,none,0.0,0.0,none
Coimbatore,2026-10-02 10:00:00,2,0.0,0.0,none,0.0,0.0,none,0.0,0.0,none
Coimbatore,2026-10-02 11:00:00,2,0.0002,0.0,none,0.0,0.0,none,0.0,0.0,none
Coimbatore,2026-10-02 12:00:00,2,0.0009,0.0,none,0.0,0.0,none,0.0,0.0,none
Coimbatore,2026-10-02 13:00:00,2,0.0122,0.0,none,0.0,0.0,none,0.0,0.0,none
Coimbatore,2026-10-02 14:00:00,2,0.0099,0.0,none,0.0,0.0,none,0.0,0.0,none
Coimbatore,2026-10-02 15:00:00,2,0.0004,0.0,none,0.0,0.0,none,0.0,0.0,none
Coimbatore,2026-10-02 16:00:00,2,0.0,0.0,none,0.0,0.0,none,0.0006,0.0,none
Coimbatore,2026-10-02 17:00:00,2,0.0,0.0,none,0.0,0.0,none,0.0,0.0,none
Coimbatore,2026-10-02 18:00:00,2,0.0,0.0,none,0.0,0.0,none,0.0,0.0,none
Coimbatore,2026-10-02 19:00:00,2,0.0,0.0,none,0.0,0.0,none,0.0,0.0,none
Coimbatore,2026-10-02 20:00:00,2,0.0,0.0,none,0.0,0.0,none,0.0,0.0,none
Coimbatore,2026-10-02 21:00:00,2,0.0,0.0,none,0.0,0.0,none,0.0,0.0,none
Coimbatore,2026-10-02 22:00:00,2,0.0,0.0,none,0.0,0.0,none,0.0,0.0,none
Coimbatore,2026-10-02 23:00:00,2,0.0,0.0,none,0.0,0.0,none,0.0,0.0,none
Coimbatore,2026-10-03 00:00:00,3,0.0,0.0,none,0.0,0.0,none,0.0,0.0,none
Coimbatore,2026-10-03 01:00:00,3,0.0,0.0,none,0.0,0.0,none,0.0,0.0,none
Coimbatore,2026-10-03 02:00:00,3,0.0,0.0,none,0.0,0.0,none,0.0,0.0,none
Coimbatore,2026-10-03 03:00:00,3,0.0,0.0,none,0.0246,0.0005,none,0.0,0.0,none
Coimbatore,2026-10-03 04:00:00,3,0.0,0.0,none,0.0245,0.0004,none,0.0,0.0,none
Coimbatore,2026-10-03 05:00:00,3,0.0,0.0,none,0.0241,0.0004,none,0.0,0.0,none
Coimbatore,2026-10-03 06:00:00,3,0.0,0.0,none,0.0,0.0,none,0.0,0.0,none
Coimbatore,2026-10-03 07:00:00,3,0.0,0.0,none,0.0,0.0,none,0.0,0.0,none
Coimbatore,2026-10-03 08:00:00,3,0.0,0.0,none,0.0,0.0,none,0.0,0.0,none
Coimbatore,2026-10-03 09:00:00,3,0.0,0.0,none,0.0,0.0,none,0.0,0.0,none
Coimbatore,2026-10-03 10:00:00,3,0.0,0.0,none,0.0,0.0,none,0.0,0.0,none
Coimbatore,2026-10-03 11:00:00,3,0.0,0.0,none,0.0,0.0,none,0.0,0.0,none
Coimbatore,2026-10-03 12:00:00,3,0.0,0.0,none,0.0,0.0,none,0.0,0.0,none
Coimbatore,2026-10-03 13:00:00,3,0.0,0.0,none,0.0,0.0,none,0.0,0.0,none
Coimbatore,2026-10-03 14:00:00,3,0.0003,0.0,none,0.0,0.0,none,0.0,0.0,none
Coimbatore,2026-10-03 15:00:00,3,0.0005,0.0,none,0.0,0.0,none,0.0,0.0,none
Coimbatore,2026-10-03 16:00:00,3,0.0001,0.0,none,0.0,0.0,none,0.0,0.0,none
Coimbatore,2026-10-03 17:00:00,3,0.0,0.0,none,0.0,0.0,none,0.0,0.0,none
Coimbatore,2026-10-03 18:00:00,3,0.0,0.0,none,0.0,0.0,none,0.0,0.0,none
Coimbatore,2026-10-03 19:00:00,3,0.0,0.0,none,0.0,0.0,none,0.0,0.0,none
Coimbatore,2026-10-03 20:00:00,3,0.0,0.0,none,0.0,0.0,none,0.0,0.0,none
Coimbatore,2026-10-03 21:00:00,3,0.0,0.0,none,0.0,0.0,none,0.0,0.0,none
Coimbatore,2026-10-03 22:00:00,3,0.0,0.0,none,0.0,0.0,none,0.0,0.0,none
Coimbatore,2026-10-03 23:00:00,3,0.0,0.0,none,0.0,0.0,none,0.0,0.0,none
Dehradun,2026-10-01 00:00:00,1,0.0,0.0,none,0.0,0.0,none,0.0001,0.0,none
Dehradun,2026-10-01 01:00:00,1,0.0,0.0,none,0.0,0.0,none,0.0001,0.0,none
Dehradun,2026-10-01 02:00:00,1,0.0,0.0,none,0.0,0.0,none,0.0001,0.0,none
Dehradun,2026-10-01 03:00:00,1,0.0,0.0,none,0.0,0.0,none,0.0001,0.0,none
Dehradun,2026-10-01 04:00:00,1,0.0,0.0,none,0.0,0.0,none,0.0001,0.0,none
Dehradun,2026-10-01 05:00:00,1,0.0,0.0,none,0.0,0.0,none,0.0001,0.0,none
Dehradun,2026-10-01 06:00:00,1,0.0,0.0,none,0.0,0.0,none,0.0001,0.0,none
Dehradun,2026-10-01 07:00:00,1,0.0,0.0,none,0.0,0.0,none,0.0001,0.0,none
Dehradun,2026-10-01 08:00:00,1,0.0,0.0,none,0.0,0.0,none,0.0,0.0,none
Dehradun,2026-10-01 09:00:00,1,0.0,0.0,none,0.0,0.0,none,0.0001,0.0,none
Dehradun,2026-10-01 10:00:00,1,0.0,0.0,none,0.0,0.0,none,0.0,0.0,none
Dehradun,2026-10-01 11:00:00,1,0.0,0.0,none,0.0,0.0,none,0.0,0.0,none
Dehradun,2026-10-01 12:00:00,1,0.0,0.0,none,0.0,0.0,none,0.0,0.0,none
Dehradun,2026-10-01 13:00:00,1,0.0,0.0,none,0.0,0.0,none,0.0,0.0,none
Dehradun,2026-10-01 14:00:00,1,0.0,0.0,none,0.0,0.0,none,0.0,0.0,none
Dehradun,2026-10-01 15:00:00,1,0.0,0.0,none,0.0,0.0,none,0.0,0.0,none
Dehradun,2026-10-01 16:00:00,1,0.0,0.0,none,0.0,0.0,none,0.0,0.0,none
Dehradun,2026-10-01 17:00:00,1,0.0,0.0,none,0.0,0.0,none,0.0,0.0,none
Dehradun,2026-10-01 18:00:00,1,0.0,0.0,none,0.0,0.0,none,0.0007,0.0002,none
Dehradun,2026-10-01 19:00:00,1,0.0,0.0,none,0.0,0.0,none,0.0002,0.0,none
Dehradun,2026-10-01 20:00:00,1,0.0,0.0,none,0.0,0.0,none,0.0002,0.0,none
Dehradun,2026-10-01 21:00:00,1,0.0,0.0,none,0.0,0.0,none,0.0001,0.0,none
Dehradun,2026-10-01 22:00:00,1,0.0,0.0,none,0.0,0.0,none,0.0001,0.0,none
Dehradun,2026-10-01 23:00:00,1,0.0,0.0,none,0.0,0.0,none,0.0,0.0,none
Dehradun,2026-10-02 00:00:00,2,0.0,0.0,none,0.0,0.0,none,0.0,0.0,none
Dehradun,2026-10-02 01:00:00,2,0.0,0.0,none,0.0,0.0,none,0.0,0.0,none
Dehradun,2026-10-02 02:00:00,2,0.0,0.0,none,0.0,0.0,none,0.0,0.0,none
Dehradun,2026-10-02 03:00:00,2,0.0,0.0,none,0.0,0.0,none,0.0,0.0,none
Dehradun,2026-10-02 04:00:00,2,0.0,0.0,none,0.0,0.0,none,0.0,0.0,none
Dehradun,2026-10-02 05:00:00,2,0.0,0.0,none,0.0,0.0,none,0.0,0.0,none
Dehradun,2026-10-02 06:00:00,2,0.0,0.0,none,0.0,0.0,none,0.0,0.0,none
Dehradun,2026-10-02 07:00:00,2,0.0,0.0,none,0.0,0.0,none,0.0,0.0,none
Dehradun,2026-10-02 08:00:00,2,0.0,0.0,none,0.0,0.0,none,0.0001,0.0,none
Dehradun,2026-10-02 09:00:00,2,0.0,0.0,none,0.0,0.0,none,0.0,0.0,none
Dehradun,2026-10-02 10:00:00,2,0.0,0.0,none,0.0,0.0,none,0.0,0.0,none
Dehradun,2026-10-02 11:00:00,2,0.0,0.0,none,0.0,0.0,none,0.0,0.0,none
Dehradun,2026-10-02 12:00:00,2,0.0,0.0,none,0.0,0.0,none,0.0,0.0,none
Dehradun,2026-10-02 13:00:00,2,0.0,0.0,none,0.0,0.0,none,0.0,0.0,none
Dehradun,2026-10-02 14:00:00,2,0.0,0.0,none,0.0,0.0,none,0.0,0.0,none
Dehradun,2026-10-02 15:00:00,2,0.0,0.0,none,0.0,0.0,none,0.0,0.0,none
Dehradun,2026-10-02 16:00:00,2,0.0,0.0,none,0.0,0.0,none,0.0,0.0,none
Dehradun,2026-10-02 17:00:00,2,0.0,0.0,none,0.0,0.0,none,0.0001,0.0,none
Dehradun,2026-10-02 18:00:00,2,0.0,0.0,none,0.0,0.0,none,0.0004,0.0001,none
Dehradun,2026-10-02 19:00:00,2,0.0,0.0,none,0.0,0.0,none,0.0001,0.0,none
Dehradun,2026-10-02 20:00:00,2,0.0,0.0,none,0.0,0.0,none,0.0,0.0,none
Dehradun,2026-10-02 21:00:00,2,0.0,0.0,none,0.0,0.0,none,0.0,0.0,none
Dehradun,2026-10-02 22:00:00,2,0.0,0.0,none,0.0,0.0,none,0.0,0.0,none
Dehradun,2026-10-02 23:00:00,2,0.0,0.0,none,0.0,0.0,none,0.0,0.0,none
Dehradun,2026-10-03 00:00:00,3,0.0,0.0,none,0.0,0.0,none,0.0,0.0,none
Dehradun,2026-10-03 01:00:00,3,0.0,0.0,none,0.0,0.0,none,0.0,0.0,none
Dehradun,2026-10-03 02:00:00,3,0.0,0.0,none,0.0,0.0,none,0.0,0.0,none
Dehradun,2026-10-03 03:00:00,3,0.0,0.0,none,0.0,0.0,none,0.0,0.0,none
Dehradun,2026-10-03 04:00:00,3,0.0,0.0,none,0.0,0.0,none,0.0,0.0,none
Dehradun,2026-10-03 05:00:00,3,0.0,0.0,none,0.0,0.0,none,0.0,0.0,none
Dehradun,2026-10-03 06:00:00,3,0.0,0.0,none,0.0,0.0,none,0.0,0.0,none
Dehradun,2026-10-03 07:00:00,3,0.0,0.0,none,0.0,0.0,none,0.0,0.0,none
Dehradun,2026-10-03 08:00:00,3,0.0,0.0,none,0.0,0.0,none,0.0,0.0,none
Dehradun,2026-10-03 09:00:00,3,0.0,0.0,none,0.0,0.0,none,0.0,0.0,none
Dehradun,2026-10-03 10:00:00,3,0.0,0.0,none,0.0,0.0,none,0.0,0.0,none
Dehradun,2026-10-03 11:00:00,3,0.0,0.0,none,0.0,0.0,none,0.0,0.0,none
Dehradun,2026-10-03 12:00:00,3,0.0,0.0,none,0.0,0.0,none,0.0,0.0,none
Dehradun,2026-10-03 13:00:00,3,0.0,0.0,none,0.0,0.0,none,0.0,0.0,none
Dehradun,2026-10-03 14:00:00,3,0.0,0.0,none,0.0,0.0,none,0.0,0.0,none
Dehradun,2026-10-03 15:00:00,3,0.0,0.0,none,0.0,0.0,none,0.0,0.0,none
Dehradun,2026-10-03 16:00:00,3,0.0,0.0,none,0.0,0.0,none,0.0,0.0,none
Dehradun,2026-10-03 17:00:00,3,0.0,0.0,none,0.0,0.0,none,0.0,0.0,none
Dehradun,2026-10-03 18:00:00,3,0.0,0.0,none,0.0,0.0,none,0.0001,0.0,none
Dehradun,2026-10-03 19:00:00,3,0.0,0.0,none,0.0,0.0,none,0.0002,0.0,none
Dehradun,2026-10-03 20:00:00,3,0.0,0.0,none,0.0,0.0,none,0.0001,0.0,none
Dehradun,2026-10-03 21:00:00,3,0.0,0.0,none,0.0,0.0,none,0.0001,0.0,none
Dehradun,2026-10-03 22:00:00,3,0.0,0.0,none,0.0,0.0,none,0.0001,0.0,none
Dehradun,2026-10-03 23:00:00,3,0.0,0.0,none,0.0,0.0,none,0.0,0.0,none
Delhi,2026-10-01 00:00:00,1,0.0,0.0,none,0.0,0.0,none,0.0,0.0,none
Delhi,2026-10-01 01:00:00,1,0.0,0.0,none,0.0,0.0,none,0.0,0.0,none
Delhi,2026-10-01 02:00:00,1,0.0,0.0,none,0.0,0.0,none,0.0,0.0,none
Delhi,2026-10-01 03:00:00,1,0.0,0.0,none,0.0,0.0,none,0.0,0.0,none
Delhi,2026-10-01 04:00:00,1,0.0,0.0,none,0.0,0.0,none,0.0,0.0,none
Delhi,2026-10-01 05:00:00,1,0.0,0.0,none,0.0,0.0,none,0.0,0.0,none
Delhi,2026-10-01 06:00:00,1,0.0,0.0,none,0.0,0.0,none,0.0,0.0,none
Delhi,2026-10-01 07:00:00,1,0.0,0.0,none,0.0,0.0,none,0.0,0.0,none
Delhi,2026-10-01 08:00:00,1,0.0,0.0,none,0.0,0.0,none,0.0,0.0,none
Delhi,2026-10-01 09:00:00,1,0.0,0.0,none,0.0,0.0,none,0.0,0.0,none
Delhi,2026-10-01 10:00:00,1,0.0001,0.0,none,0.0,0.0,none,0.0,0.0,none
Delhi,2026-10-01 11:00:00,1,0.005,0.0,none,0.0,0.0,none,0.0,0.0,none
Delhi,2026-10-01 12:00:00,1,0.0222,0.0,none,0.0,0.0,none,0.0,0.0,none
Delhi,2026-10-01 13:00:00,1,0.0763,0.0003,none,0.0,0.0,none,0.0,0.0,none
Delhi,2026-10-01 14:00:00,1,0.1159,0.0008,none,0.0,0.0,none,0.0,0.0,none
Delhi,2026-10-01 15:00:00,1,0.0831,0.0006,none,0.0,0.0,none,0.0,0.0,none
Delhi,2026-10-01 16:00:00,1,0.0342,0.0002,none,0.0,0.0,none,0.0,0.0,none
Delhi,2026-10-01 17:00:00,1,0.0096,0.0,none,0.0,0.0,none,0.0,0.0,none
Delhi,2026-10-01 18:00:00,1,0.0,0.0,none,0.0,0.0,none,0.0,0.0,none
Delhi,2026-10-01 19:00:00,1,0.0,0.0,none,0.0,0.0,none,0.0,0.0,none
Delhi,2026-10-01 20:00:00,1,0.0,0.0,none,0.0,0.0,none,0.0,0.0,none
Delhi,2026-10-01 21:00:00,1,0.0,0.0,none,0.0,0.0,none,0.0,0.0,none
Delhi,2026-10-01 22:00:00,1,0.0,0.0,none,0.0,0.0,none,0.0,0.0,none
Delhi,2026-10-01 23:00:00,1,0.0,0.0,none,0.0,0.0,none,0.0,0.0,none
Delhi,2026-10-02 00:00:00,2,0.0,0.0,none,0.0,0.0,none,0.0,0.0,none
Delhi,2026-10-02 01:00:00,2,0.0,0.0,none,0.0,0.0,none,0.0,0.0,none
Delhi,2026-10-02 02:00:00,2,0.0,0.0,none,0.0,0.0,none,0.0,0.0,none
Delhi,2026-10-02 03:00:00,2,0.0,0.0,none,0.0,0.0,none,0.0,0.0,none
Delhi,2026-10-02 04:00:00,2,0.0,0.0,none,0.0,0.0,none,0.0,0.0,none
Delhi,2026-10-02 05:00:00,2,0.0,0.0,none,0.0,0.0,none,0.0,0.0,none
Delhi,2026-10-02 06:00:00,2,0.0,0.0,none,0.0,0.0,none,0.0,0.0,none
Delhi,2026-10-02 07:00:00,2,0.0,0.0,none,0.0,0.0,none,0.0,0.0,none
Delhi,2026-10-02 08:00:00,2,0.0,0.0,none,0.0,0.0,none,0.0,0.0,none
Delhi,2026-10-02 09:00:00,2,0.0,0.0,none,0.0,0.0,none,0.0,0.0,none
Delhi,2026-10-02 10:00:00,2,0.0002,0.0,none,0.0,0.0,none,0.0,0.0,none
Delhi,2026-10-02 11:00:00,2,0.0119,0.0,none,0.0,0.0,none,0.0,0.0,none
Delhi,2026-10-02 12:00:00,2,0.0791,0.0002,none,0.0,0.0,none,0.0,0.0,none
Delhi,2026-10-02 13:00:00,2,0.199,0.0016,none,0.0,0.0,none,0.0,0.0,none
Delhi,2026-10-02 14:00:00,2,0.252,0.0035,none,0.0,0.0,none,0.0,0.0,none
Delhi,2026-10-02 15:00:00,2,0.2014,0.0032,none,0.0,0.0,none,0.0,0.0,none
Delhi,2026-10-02 16:00:00,2,0.0802,0.0009,none,0.0,0.0,none,0.0,0.0,none
Delhi,2026-10-02 17:00:00,2,0.0146,0.0001,none,0.0,0.0,none,0.0,0.0,none
Delhi,2026-10-02 18:00:00,2,0.0,0.0,none,0.0,0.0,none,0.0,0.0,none
Delhi,2026-10-02 19:00:00,2,0.0,0.0,none,0.0,0.0,none,0.0,0.0,none
Delhi,2026-10-02 20:00:00,2,0.0,0.0,none,0.0,0.0,none,0.0,0.0,none
Delhi,2026-10-02 21:00:00,2,0.0,0.0,none,0.0,0.0,none,0.0,0.0,none
Delhi,2026-10-02 22:00:00,2,0.0,0.0,none,0.0,0.0,none,0.0,0.0,none
Delhi,2026-10-02 23:00:00,2,0.0,0.0,none,0.0,0.0,none,0.0,0.0,none
Delhi,2026-10-03 00:00:00,3,0.0,0.0,none,0.0,0.0,none,0.0,0.0,none
Delhi,2026-10-03 01:00:00,3,0.0,0.0,none,0.0,0.0,none,0.0,0.0,none
Delhi,2026-10-03 02:00:00,3,0.0,0.0,none,0.0,0.0,none,0.0,0.0,none
Delhi,2026-10-03 03:00:00,3,0.0,0.0,none,0.0,0.0,none,0.0,0.0,none
Delhi,2026-10-03 04:00:00,3,0.0,0.0,none,0.0,0.0,none,0.0,0.0,none
Delhi,2026-10-03 05:00:00,3,0.0,0.0,none,0.0,0.0,none,0.0,0.0,none
Delhi,2026-10-03 06:00:00,3,0.0,0.0,none,0.0,0.0,none,0.0,0.0,none
Delhi,2026-10-03 07:00:00,3,0.0,0.0,none,0.0,0.0,none,0.0,0.0,none
Delhi,2026-10-03 08:00:00,3,0.0,0.0,none,0.0,0.0,none,0.0,0.0,none
Delhi,2026-10-03 09:00:00,3,0.0,0.0,none,0.0,0.0,none,0.0,0.0,none
Delhi,2026-10-03 10:00:00,3,0.0019,0.0,none,0.0,0.0,none,0.0,0.0,none
Delhi,2026-10-03 11:00:00,3,0.0384,0.0002,none,0.0,0.0,none,0.0,0.0,none
Delhi,2026-10-03 12:00:00,3,0.1536,0.0023,none,0.0,0.0,none,0.0,0.0,none
Delhi,2026-10-03 13:00:00,3,0.3254,0.0115,none,0.0,0.0,none,0.0,0.0,none
Delhi,2026-10-03 14:00:00,3,0.4359,0.0241,none,0.0,0.0,none,0.0,0.0,none
Delhi,2026-10-03 15:00:00,3,0.3627,0.0187,none,0.0,0.0,none,0.0,0.0,none
Delhi,2026-10-03 16:00:00,3,0.202,0.0074,none,0.0,0.0,none,0.0,0.0,none
Delhi,2026-10-03 17:00:00,3,0.0747,0.0017,none,0.0,0.0,none,0.0,0.0,none
Delhi,2026-10-03 18:00:00,3,0.0013,0.0,none,0.0,0.0,none,0.0,0.0,none
Delhi,2026-10-03 19:00:00,3,0.0008,0.0,none,0.0,0.0,none,0.0,0.0,none
Delhi,2026-10-03 20:00:00,3,0.0001,0.0,none,0.0,0.0,none,0.0,0.0,none
Delhi,2026-10-03 21:00:00,3,0.0001,0.0,none,0.0,0.0,none,0.0001,0.0,none
Delhi,2026-10-03 22:00:00,3,0.0,0.0,none,0.0,0.0,none,0.0002,0.0,none
Delhi,2026-10-03 23:00:00,3,0.0,0.0,none,0.0,0.0,none,0.0,0.0,none
Ghaziabad,2026-10-01 00:00:00,1,0.0,0.0,none,0.0,0.0,none,0.0,0.0,none
Ghaziabad,2026-10-01 01:00:00,1,0.0,0.0,none,0.0,0.0,none,0.0,0.0,none
Ghaziabad,2026-10-01 02:00:00,1,0.0,0.0,none,0.0,0.0,none,0.0,0.0,none
Ghaziabad,2026-10-01 03:00:00,1,0.0,0.0,none,0.0,0.0,none,0.0,0.0,none
Ghaziabad,2026-10-01 04:00:00,1,0.0,0.0,none,0.0,0.0,none,0.0,0.0,none
Ghaziabad,2026-10-01 05:00:00,1,0.0,0.0,none,0.0,0.0,none,0.0,0.0,none
Ghaziabad,2026-10-01 06:00:00,1,0.0,0.0,none,0.0,0.0,none,0.0,0.0,none
Ghaziabad,2026-10-01 07:00:00,1,0.0,0.0,none,0.0,0.0,none,0.0,0.0,none
Ghaziabad,2026-10-01 08:00:00,1,0.0,0.0,none,0.0,0.0,none,0.0,0.0,none
Ghaziabad,2026-10-01 09:00:00,1,0.0,0.0,none,0.0,0.0,none,0.0,0.0,none
Ghaziabad,2026-10-01 10:00:00,1,0.0001,0.0,none,0.0,0.0,none,0.0,0.0,none
Ghaziabad,2026-10-01 11:00:00,1,0.0025,0.0,none,0.0,0.0,none,0.0,0.0,none
Ghaziabad,2026-10-01 12:00:00,1,0.0102,0.0,none,0.0,0.0,none,0.0,0.0,none
Ghaziabad,2026-10-01 13:00:00,1,0.0344,0.0002,none,0.0,0.0,none,0.0,0.0,none
Ghaziabad,2026-10-01 14:00:00,1,0.0414,0.0002,none,0.0,0.0,none,0.0,0.0,none
Ghaziabad,2026-10-01 15:00:00,1,0.0283,0.0002,none,0.0,0.0,none,0.0,0.0,none
Ghaziabad,2026-10-01 16:00:00,1,0.011,0.0001,none,0.0,0.0,none,0.0,0.0,none
Ghaziabad,2026-10-01 17:00:00,1,0.0009,0.0,none,0.0,0.0,none,0.0,0.0,none
Ghaziabad,2026-10-01 18:00:00,1,0.0,0.0,none,0.0,0.0,none,0.0,0.0,none
Ghaziabad,2026-10-01 19:00:00,1,0.0,0.0,none,0.0,0.0,none,0.0,0.0,none
Ghaziabad,2026-10-01 20:00:00,1,0.0,0.0,none,0.0,0.0,none,0.0,0.0,none
Ghaziabad,2026-10-01 21:00:00,1,0.0,0.0,none,0.0,0.0,none,0.0,0.0,none
Ghaziabad,2026-10-01 22:00:00,1,0.0,0.0,none,0.0,0.0,none,0.0,0.0,none
Ghaziabad,2026-10-01 23:00:00,1,0.0,0.0,none,0.0,0.0,none,0.0,0.0,none
Ghaziabad,2026-10-02 00:00:00,2,0.0,0.0,none,0.0,0.0,none,0.0,0.0,none
Ghaziabad,2026-10-02 01:00:00,2,0.0,0.0,none,0.0,0.0,none,0.0,0.0,none
Ghaziabad,2026-10-02 02:00:00,2,0.0,0.0,none,0.0,0.0,none,0.0,0.0,none
Ghaziabad,2026-10-02 03:00:00,2,0.0,0.0,none,0.0,0.0,none,0.0,0.0,none
Ghaziabad,2026-10-02 04:00:00,2,0.0,0.0,none,0.0,0.0,none,0.0,0.0,none
Ghaziabad,2026-10-02 05:00:00,2,0.0,0.0,none,0.0,0.0,none,0.0,0.0,none
Ghaziabad,2026-10-02 06:00:00,2,0.0,0.0,none,0.0,0.0,none,0.0,0.0,none
Ghaziabad,2026-10-02 07:00:00,2,0.0,0.0,none,0.0,0.0,none,0.0,0.0,none
Ghaziabad,2026-10-02 08:00:00,2,0.0,0.0,none,0.0,0.0,none,0.0,0.0,none
Ghaziabad,2026-10-02 09:00:00,2,0.0,0.0,none,0.0,0.0,none,0.0,0.0,none
Ghaziabad,2026-10-02 10:00:00,2,0.0001,0.0,none,0.0,0.0,none,0.0,0.0,none
Ghaziabad,2026-10-02 11:00:00,2,0.0035,0.0,none,0.0,0.0,none,0.0,0.0,none
Ghaziabad,2026-10-02 12:00:00,2,0.0126,0.0,none,0.0,0.0,none,0.0,0.0,none
Ghaziabad,2026-10-02 13:00:00,2,0.0644,0.0002,none,0.0,0.0,none,0.0,0.0,none
Ghaziabad,2026-10-02 14:00:00,2,0.0903,0.0005,none,0.0,0.0,none,0.0,0.0,none
Ghaziabad,2026-10-02 15:00:00,2,0.047,0.0003,none,0.0,0.0,none,0.0,0.0,none
Ghaziabad,2026-10-02 16:00:00,2,0.0179,0.0001,none,0.0,0.0,none,0.0,0.0,none
Ghaziabad,2026-10-02 17:00:00,2,0.0009,0.0,none,0.0,0.0,none,0.0,0.0,none
Ghaziabad,2026-10-02 18:00:00,2,0.0,0.0,none,0.0,0.0,none,0.0,0.0,none
Ghaziabad,2026-10-02 19:00:00,2,0.0,0.0,none,0.0,0.0,none,0.0,0.0,none
Ghaziabad,2026-10-02 20:00:00,2,0.0,0.0,none,0.0,0.0,none,0.0,0.0,none
Ghaziabad,2026-10-02 21:00:00,2,0.0,0.0,none,0.0,0.0,none,0.0,0.0,none
Ghaziabad,2026-10-02 22:00:00,2,0.0,0.0,none,0.0,0.0,none,0.0,0.0,none
Ghaziabad,2026-10-02 23:00:00,2,0.0,0.0,none,0.0,0.0,none,0.0,0.0,none
Ghaziabad,2026-10-03 00:00:00,3,0.0,0.0,none,0.0,0.0,none,0.0,0.0,none
Ghaziabad,2026-10-03 01:00:00,3,0.0,0.0,none,0.0,0.0,none,0.0,0.0,none
Ghaziabad,2026-10-03 02:00:00,3,0.0,0.0,none,0.0,0.0,none,0.0,0.0,none
Ghaziabad,2026-10-03 03:00:00,3,0.0,0.0,none,0.0,0.0,none,0.0,0.0,none
Ghaziabad,2026-10-03 04:00:00,3,0.0,0.0,none,0.0,0.0,none,0.0,0.0,none
Ghaziabad,2026-10-03 05:00:00,3,0.0,0.0,none,0.0,0.0,none,0.0,0.0,none
Ghaziabad,2026-10-03 06:00:00,3,0.0,0.0,none,0.0,0.0,none,0.0,0.0,none
Ghaziabad,2026-10-03 07:00:00,3,0.0,0.0,none,0.0,0.0,none,0.0,0.0,none
Ghaziabad,2026-10-03 08:00:00,3,0.0,0.0,none,0.0,0.0,none,0.0,0.0,none
Ghaziabad,2026-10-03 09:00:00,3,0.0,0.0,none,0.0,0.0,none,0.0,0.0,none
Ghaziabad,2026-10-03 10:00:00,3,0.0009,0.0,none,0.0,0.0,none,0.0,0.0,none
Ghaziabad,2026-10-03 11:00:00,3,0.0193,0.0001,none,0.0,0.0,none,0.0,0.0,none
Ghaziabad,2026-10-03 12:00:00,3,0.0678,0.0008,none,0.0,0.0,none,0.0,0.0,none
Ghaziabad,2026-10-03 13:00:00,3,0.1541,0.0039,none,0.0,0.0,none,0.0,0.0,none
Ghaziabad,2026-10-03 14:00:00,3,0.1857,0.0063,none,0.0,0.0,none,0.0,0.0,none
Ghaziabad,2026-10-03 15:00:00,3,0.1408,0.0055,none,0.0,0.0,none,0.0,0.0,none
Ghaziabad,2026-10-03 16:00:00,3,0.0642,0.0021,none,0.0,0.0,none,0.0,0.0,none
Ghaziabad,2026-10-03 17:00:00,3,0.0055,0.0,none,0.0,0.0,none,0.0,0.0,none
Ghaziabad,2026-10-03 18:00:00,3,0.0,0.0,none,0.0,0.0,none,0.0,0.0,none
Ghaziabad,2026-10-03 19:00:00,3,0.0,0.0,none,0.0,0.0,none,0.0,0.0,none
Ghaziabad,2026-10-03 20:00:00,3,0.0,0.0,none,0.0,0.0,none,0.0,0.0,none
Ghaziabad,2026-10-03 21:00:00,3,0.0,0.0,none,0.0,0.0,none,0.0,0.0,none
Ghaziabad,2026-10-03 22:00:00,3,0.0,0.0,none,0.0,0.0,none,0.0001,0.0,none
Ghaziabad,2026-10-03 23:00:00,3,0.0,0.0,none,0.0,0.0,none,0.0001,0.0,none
Goa,2026-10-01 00:00:00,1,0.0,0.0,none,0.0012,0.0,none,0.0,0.0,none
Goa,2026-10-01 01:00:00,1,0.0,0.0,none,0.0,0.0,none,0.0,0.0,none
Goa,2026-10-01 02:00:00,1,0.0,0.0,none,0.0,0.0,none,0.0,0.0,none
Goa,2026-10-01 03:00:00,1,0.0,0.0,none,0.0,0.0,none,0.0,0.0,none
Goa,2026-10-01 04:00:00,1,0.0,0.0,none,0.0,0.0,none,0.0,0.0,none
Goa,2026-10-01 05:00:00,1,0.0,0.0,none,0.0,0.0,none,0.0,0.0,none
Goa,2026-10-01 06:00:00,1,0.0,0.0,none,0.0,0.0,none,0.0,0.0,none
Goa,2026-10-01 07:00:00,1,0.0,0.0,none,0.0,0.0,none,0.0,0.0,none
Goa,2026-10-01 08:00:00,1,0.0,0.0,none,0.0,0.0,none,0.0,0.0,none
Goa,2026-10-01 09:00:00,1,0.0,0.0,none,0.0,0.0,none,0.0,0.0,none
Goa,2026-10-01 10:00:00,1,0.0,0.0,none,0.0,0.0,none,0.0,0.0,none
Goa,2026-10-01 11:00:00,1,0.0,0.0,none,0.0,0.0,none,0.0,0.0,none
Goa,2026-10-01 12:00:00,1,0.0,0.0,none,0.0,0.0,none,0.0,0.0,none
Goa,2026-10-01 13:00:00,1,0.0,0.0,none,0.0,0.0,none,0.0,0.0,none
Goa,2026-10-01 14:00:00,1,0.0,0.0,none,0.0,0.0,none,0.0,0.0,none
Goa,2026-10-01 15:00:00,1,0.0,0.0,none,0.0005,0.0,none,0.0,0.0,none
Goa,2026-10-01 16:00:00,1,0.0,0.0,none,0.0004,0.0,none,0.0,0.0,none
Goa,2026-10-01 17:00:00,1,0.0,0.0,none,0.0,0.0,none,0.0,0.0,none
Goa,2026-10-01 18:00:00,1,0.0,0.0,none,0.0,0.0,none,0.0001,0.0,none
Goa,2026-10-01 19:00:00,1,0.0,0.0,none,0.0,0.0,none,0.0001,0.0,none
Goa,2026-10-01 20:00:00,1,0.0,0.0,none,0.0,0.0,none,0.0,0.0,none
Goa,2026-10-01 21:00:00,1,0.0,0.0,none,0.0,0.0,none,0.0,0.0,none
Goa,2026-10-01 22:00:00,1,0.0,0.0,none,0.0,0.0,none,0.0001,0.0,none
Goa,2026-10-01 23:00:00,1,0.0,0.0,none,0.0,0.0,none,0.0002,0.0,none
Goa,2026-10-02 00:00:00,2,0.0,0.0,none,0.0,0.0,none,0.0,0.0,none
Goa,2026-10-02 01:00:00,2,0.0,0.0,none,0.0,0.0,none,0.0,0.0,none
Goa,2026-10-02 02:00:00,2,0.0,0.0,none,0.0,0.0,none,0.0,0.0,none
Goa,2026-10-02 03:00:00,2,0.0,0.0,none,0.0,0.0,none,0.0,0.0,none
Goa,2026-10-02 04:00:00,2,0.0,0.0,none,0.0,0.0,none,0.0,0.0,none
Goa,2026-10-02 05:00:00,2,0.0,0.0,none,0.0,0.0,none,0.0,0.0,none
Goa,2026-10-02 06:00:00,2,0.0,0.0,none,0.0,0.0,none,0.0,0.0,none
Goa,2026-10-02 07:00:00,2,0.0,0.0,none,0.0,0.0,none,0.0,0.0,none
Goa,2026-10-02 08:00:00,2,0.0,0.0,none,0.0,0.0,none,0.0,0.0,none
Goa,2026-10-02 09:00:00,2,0.0,0.0,none,0.0,0.0,none,0.0,0.0,none
Goa,2026-10-02 10:00:00,2,0.0,0.0,none,0.0,0.0,none,0.0,0.0,none
Goa,2026-10-02 11:00:00,2,0.0094,0.0,none,0.0,0.0,none,0.0,0.0,none
Goa,2026-10-02 12:00:00,2,0.0464,0.0001,none,0.0,0.0,none,0.0,0.0,none
Goa,2026-10-02 13:00:00,2,0.0397,0.0003,none,0.0001,0.0,none,0.0,0.0,none
Goa,2026-10-02 14:00:00,2,0.0077,0.0,none,0.0,0.0,none,0.0,0.0,none
Goa,2026-10-02 15:00:00,2,0.0,0.0,none,0.0048,0.0001,none,0.0001,0.0,none
Goa,2026-10-02 16:00:00,2,0.0,0.0,none,0.0,0.0,none,0.0,0.0,none
Goa,2026-10-02 17:00:00,2,0.0,0.0,none,0.0,0.0,none,0.0,0.0,none
Goa,2026-10-02 18:00:00,2,0.0,0.0,none,0.0,0.0,none,0.0,0.0,none
Goa,2026-10-02 19:00:00,2,0.0,0.0,none,0.0,0.0,none,0.0,0.0,none
Goa,2026-10-02 20:00:00,2,0.0,0.0,none,0.0,0.0,none,0.0,0.0,none
Goa,2026-10-02 21:00:00,2,0.0,0.0,none,0.0,0.0,none,0.0,0.0,none
Goa,2026-10-02 22:00:00,2,0.0,0.0,none,0.0,0.0,none,0.0,0.0,none
Goa,2026-10-02 23:00:00,2,0.0,0.0,none,0.0,0.0,none,0.0002,0.0,none
Goa,2026-10-03 00:00:00,3,0.0,0.0,none,0.0,0.0,none,0.0001,0.0,none
Goa,2026-10-03 01:00:00,3,0.0,0.0,none,0.0,0.0,none,0.0,0.0,none
Goa,2026-10-03 02:00:00,3,0.0,0.0,none,0.0,0.0,none,0.0,0.0,none
Goa,2026-10-03 03:00:00,3,0.0,0.0,none,0.0,0.0,none,0.0001,0.0,none
Goa,2026-10-03 04:00:00,3,0.0,0.0,none,0.0,0.0,none,0.0,0.0,none
Goa,2026-10-03 05:00:00,3,0.0,0.0,none,0.0,0.0,none,0.0,0.0,none
Goa,2026-10-03 06:00:00,3,0.0,0.0,none,0.0,0.0,none,0.0,0.0,none
Goa,2026-10-03 07:00:00,3,0.0,0.0,none,0.0,0.0,none,0.0,0.0,none
Goa,2026-10-03 08:00:00,3,0.0,0.0,none,0.0,0.0,none,0.0,0.0,none
Goa,2026-10-03 09:00:00,3,0.0,0.0,none,0.0,0.0,none,0.0,0.0,none
Goa,2026-10-03 10:00:00,3,0.0058,0.0,none,0.0,0.0,none,0.0,0.0,none
Goa,2026-10-03 11:00:00,3,0.0677,0.0005,none,0.0,0.0,none,0.0,0.0,none
Goa,2026-10-03 12:00:00,3,0.1409,0.0042,none,0.0,0.0,none,0.0001,0.0,none
Goa,2026-10-03 13:00:00,3,0.2223,0.0169,none,0.0,0.0,none,0.0017,0.0004,none
Goa,2026-10-03 14:00:00,3,0.0229,0.0002,none,0.0,0.0,none,0.0,0.0,none
Goa,2026-10-03 15:00:00,3,0.0001,0.0,none,0.0,0.0,none,0.0,0.0,none
Goa,2026-10-03 16:00:00,3,0.0,0.0,none,0.0,0.0,none,0.0001,0.0,none
Goa,2026-10-03 17:00:00,3,0.0,0.0,none,0.0511,0.0008,none,0.0,0.0,none
Goa,2026-10-03 18:00:00,3,0.0,0.0,none,0.0004,0.0,none,0.0,0.0,none
Goa,2026-10-03 19:00:00,3,0.0,0.0,none,0.0005,0.0,none,0.0,0.0,none
Goa,2026-10-03 20:00:00,3,0.0,0.0,none,0.0,0.0,none,0.0,0.0,none
Goa,2026-10-03 21:00:00,3,0.0,0.0,none,0.0,0.0,none,0.0,0.0,none
Goa,2026-10-03 22:00:00,3,0.0,0.0,none,0.0,0.0,none,0.0,0.0,none
Goa,2026-10-03 23:00:00,3,0.0,0.0,none,0.0,0.0,none,0.0,0.0,none
Guwahati,2026-10-01 00:00:00,1,0.0,0.0,none,0.0,0.0,none,0.0,0.0,none
Guwahati,2026-10-01 01:00:00,1,0.0,0.0,none,0.0,0.0,none,0.0,0.0,none
Guwahati,2026-10-01 02:00:00,1,0.0,0.0,none,0.0,0.0,none,0.0,0.0,none
Guwahati,2026-10-01 03:00:00,1,0.0,0.0,none,0.0,0.0,none,0.0,0.0,none
Guwahati,2026-10-01 04:00:00,1,0.0,0.0,none,0.0,0.0,none,0.0,0.0,none
Guwahati,2026-10-01 05:00:00,1,0.0,0.0,none,0.0,0.0,none,0.0,0.0,none
Guwahati,2026-10-01 06:00:00,1,0.0,0.0,none,0.0,0.0,none,0.0,0.0,none
Guwahati,2026-10-01 07:00:00,1,0.0,0.0,none,0.0,0.0,none,0.0,0.0,none
Guwahati,2026-10-01 08:00:00,1,0.0,0.0,none,0.0,0.0,none,0.0,0.0,none
Guwahati,2026-10-01 09:00:00,1,0.0,0.0,none,0.0,0.0,none,0.0001,0.0,none
Guwahati,2026-10-01 10:00:00,1,0.0,0.0,none,0.0,0.0,none,0.0,0.0,none
Guwahati,2026-10-01 11:00:00,1,0.0002,0.0,none,0.0,0.0,none,0.0,0.0,none
Guwahati,2026-10-01 12:00:00,1,0.0008,0.0,none,0.0,0.0,none,0.0,0.0,none
Guwahati,2026-10-01 13:00:00,1,0.0009,0.0,none,0.0,0.0,none,0.0,0.0,none
Guwahati,2026-10-01 14:00:00,1,0.0007,0.0,none,0.0,0.0,none,0.0,0.0,none
Guwahati,2026-10-01 15:00:00,1,0.0,0.0,none,0.0,0.0,none,0.0,0.0,none
Guwahati,2026-10-01 16:00:00,1,0.0,0.0,none,0.0,0.0,none,0.0,0.0,none
Guwahati,2026-10-01 17:00:00,1,0.0,0.0,none,0.0024,0.0,none,0.0002,0.0,none
Guwahati,2026-10-01 18:00:00,1,0.0,0.0,none,0.0003,0.0,none,0.0,0.0,none
Guwahati,2026-10-01 19:00:00,1,0.0,0.0,none,0.0,0.0,none,0.0,0.0,none
Guwahati,2026-10-01 20:00:00,1,0.0,0.0,none,0.0,0.0,none,0.0,0.0,none
Guwahati,2026-10-01 21:00:00,1,0.0,0.0,none,0.0,0.0,none,0.0,0.0,none
Guwahati,2026-10-01 22:00:00,1,0.0,0.0,none,0.0,0.0,none,0.0,0.0,none
Guwahati,2026-10-01 23:00:00,1,0.0,0.0,none,0.0,0.0,none,0.0,0.0,none
Guwahati,2026-10-02 00:00:00,2,0.0,0.0,none,0.0,0.0,none,0.0,0.0,none
Guwahati,2026-10-02 01:00:00,2,0.0,0.0,none,0.0,0.0,none,0.0,0.0,none
Guwahati,2026-10-02 02:00:00,2,0.0,0.0,none,0.0,0.0,none,0.0,0.0,none
Guwahati,2026-10-02 03:00:00,2,0.0,0.0,none,0.0,0.0,none,0.0,0.0,none
Guwahati,2026-10-02 04:00:00,2,0.0,0.0,none,0.0,0.0,none,0.0,0.0,none
Guwahati,2026-10-02 05:00:00,2,0.0,0.0,none,0.0,0.0,none,0.0,0.0,none
Guwahati,2026-10-02 06:00:00,2,0.0,0.0,none,0.0,0.0,none,0.0,0.0,none
Guwahati,2026-10-02 07:00:00,2,0.0,0.0,none,0.0,0.0,none,0.0,0.0,none
Guwahati,2026-10-02 08:00:00,2,0.0,0.0,none,0.0,0.0,none,0.0,0.0,none
Guwahati,2026-10-02 09:00:00,2,0.0,0.0,none,0.0,0.0,none,0.0,0.0,none
Guwahati,2026-10-02 10:00:00,2,0.0,0.0,none,0.0,0.0,none,0.0,0.0,none
Guwahati,2026-10-02 11:00:00,2,0.0,0.0,none,0.0,0.0,none,0.0,0.0,none
Guwahati,2026-10-02 12:00:00,2,0.0,0.0,none,0.0,0.0,none,0.0,0.0,none
Guwahati,2026-10-02 13:00:00,2,0.0001,0.0,none,0.0,0.0,none,0.0,0.0,none
Guwahati,2026-10-02 14:00:00,2,0.0,0.0,none,0.0,0.0,none,0.0,0.0,none
Guwahati,2026-10-02 15:00:00,2,0.0,0.0,none,0.0,0.0,none,0.0,0.0,none
Guwahati,2026-10-02 16:00:00,2,0.0,0.0,none,0.0,0.0,none,0.0,0.0,none
Guwahati,2026-10-02 17:00:00,2,0.0,0.0,none,0.0,0.0,none,0.0001,0.0,none
Guwahati,2026-10-02 18:00:00,2,0.0,0.0,none,0.0,0.0,none,0.0,0.0,none
Guwahati,2026-10-02 19:00:00,2,0.0,0.0,none,0.0,0.0,none,0.0,0.0,none
Guwahati,2026-10-02 20:00:00,2,0.0,0.0,none,0.0,0.0,none,0.0,0.0,none
Guwahati,2026-10-02 21:00:00,2,0.0,0.0,none,0.0,0.0,none,0.0,0.0,none
Guwahati,2026-10-02 22:00:00,2,0.0,0.0,none,0.0,0.0,none,0.0,0.0,none
Guwahati,2026-10-02 23:00:00,2,0.0,0.0,none,0.0,0.0,none,0.0,0.0,none
Guwahati,2026-10-03 00:00:00,3,0.0,0.0,none,0.0,0.0,none,0.0,0.0,none
Guwahati,2026-10-03 01:00:00,3,0.0,0.0,none,0.0,0.0,none,0.0,0.0,none
Guwahati,2026-10-03 02:00:00,3,0.0,0.0,none,0.0,0.0,none,0.0,0.0,none
Guwahati,2026-10-03 03:00:00,3,0.0,0.0,none,0.0,0.0,none,0.0,0.0,none
Guwahati,2026-10-03 04:00:00,3,0.0,0.0,none,0.0,0.0,none,0.0,0.0,none
Guwahati,2026-10-03 05:00:00,3,0.0,0.0,none,0.0,0.0,none,0.0,0.0,none
Guwahati,2026-10-03 06:00:00,3,0.0,0.0,none,0.0,0.0,none,0.0,0.0,none
Guwahati,2026-10-03 07:00:00,3,0.0,0.0,none,0.0,0.0,none,0.0,0.0,none
Guwahati,2026-10-03 08:00:00,3,0.0,0.0,none,0.0,0.0,none,0.0,0.0,none
Guwahati,2026-10-03 09:00:00,3,0.0,0.0,none,0.0,0.0,none,0.0,0.0,none
Guwahati,2026-10-03 10:00:00,3,0.0,0.0,none,0.0,0.0,none,0.0,0.0,none
Guwahati,2026-10-03 11:00:00,3,0.0,0.0,none,0.0,0.0,none,0.0,0.0,none
Guwahati,2026-10-03 12:00:00,3,0.0,0.0,none,0.0,0.0,none,0.0,0.0,none
Guwahati,2026-10-03 13:00:00,3,0.0,0.0,none,0.0,0.0,none,0.0,0.0,none
Guwahati,2026-10-03 14:00:00,3,0.0,0.0,none,0.0,0.0,none,0.0,0.0,none
Guwahati,2026-10-03 15:00:00,3,0.0,0.0,none,0.0,0.0,none,0.0,0.0,none
Guwahati,2026-10-03 16:00:00,3,0.0,0.0,none,0.0,0.0,none,0.0,0.0,none
Guwahati,2026-10-03 17:00:00,3,0.0,0.0,none,0.0,0.0,none,0.0,0.0,none
Guwahati,2026-10-03 18:00:00,3,0.0,0.0,none,0.0,0.0,none,0.0,0.0,none
Guwahati,2026-10-03 19:00:00,3,0.0,0.0,none,0.0,0.0,none,0.0,0.0,none
Guwahati,2026-10-03 20:00:00,3,0.0,0.0,none,0.0,0.0,none,0.0,0.0,none
Guwahati,2026-10-03 21:00:00,3,0.0,0.0,none,0.004,0.0002,none,0.0,0.0,none
Guwahati,2026-10-03 22:00:00,3,0.0,0.0,none,0.0,0.0,none,0.0,0.0,none
Guwahati,2026-10-03 23:00:00,3,0.0,0.0,none,0.0,0.0,none,0.0,0.0,none
Hyderabad,2026-10-01 00:00:00,1,0.0,0.0,none,0.0,0.0,none,0.0,0.0,none
Hyderabad,2026-10-01 01:00:00,1,0.0,0.0,none,0.0,0.0,none,0.0,0.0,none
Hyderabad,2026-10-01 02:00:00,1,0.0,0.0,none,0.0,0.0,none,0.0,0.0,none
Hyderabad,2026-10-01 03:00:00,1,0.0,0.0,none,0.0,0.0,none,0.0,0.0,none
Hyderabad,2026-10-01 04:00:00,1,0.0,0.0,none,0.0,0.0,none,0.0,0.0,none
Hyderabad,2026-10-01 05:00:00,1,0.0,0.0,none,0.0,0.0,none,0.0,0.0,none
Hyderabad,2026-10-01 06:00:00,1,0.0,0.0,none,0.0,0.0,none,0.0,0.0,none
Hyderabad,2026-10-01 07:00:00,1,0.0,0.0,none,0.0,0.0,none,0.0,0.0,none
Hyderabad,2026-10-01 08:00:00,1,0.0,0.0,none,0.0,0.0,none,0.0,0.0,none
Hyderabad,2026-10-01 09:00:00,1,0.0,0.0,none,0.0,0.0,none,0.0,0.0,none
Hyderabad,2026-10-01 10:00:00,1,0.0,0.0,none,0.0,0.0,none,0.0,0.0,none
Hyderabad,2026-10-01 11:00:00,1,0.0,0.0,none,0.0,0.0,none,0.0,0.0,none
Hyderabad,2026-10-01 12:00:00,1,0.0005,0.0,none,0.0,0.0,none,0.0,0.0,none
Hyderabad,2026-10-01 13:00:00,1,0.002,0.0,none,0.0,0.0,none,0.0,0.0,none
Hyderabad,2026-10-01 14:00:00,1,0.0019,0.0,none,0.0,0.0,none,0.0,0.0,none
Hyderabad,2026-10-01 15:00:00,1,0.0006,0.0,none,0.0,0.0,none,0.0,0.0,none
Hyderabad,2026-10-01 16:00:00,1,0.0001,0.0,none,0.0,0.0,none,0.0,0.0,none
Hyderabad,2026-10-01 17:00:00,1,0.0,0.0,none,0.0,0.0,none,0.0,0.0,none
Hyderabad,2026-10-01 18:00:00,1,0.0,0.0,none,0.0,0.0,none,0.0,0.0,none
Hyderabad,2026-10-01 19:00:00,1,0.0,0.0,none,0.0,0.0,none,0.0,0.0,none
Hyderabad,2026-10-01 20:00:00,1,0.0,0.0,none,0.0,0.0,none,0.0,0.0,none
Hyderabad,2026-10-01 21:00:00,1,0.0,0.0,none,0.0,0.0,none,0.0,0.0,none
Hyderabad,2026-10-01 22:00:00,1,0.0,0.0,none,0.0,0.0,none,0.0,0.0,none
Hyderabad,2026-10-01 23:00:00,1,0.0,0.0,none,0.0,0.0,none,0.0,0.0,none
Hyderabad,2026-10-02 00:00:00,2,0.0,0.0,none,0.0,0.0,none,0.0,0.0,none
Hyderabad,2026-10-02 01:00:00,2,0.0,0.0,none,0.0,0.0,none,0.0,0.0,none
Hyderabad,2026-10-02 02:00:00,2,0.0,0.0,none,0.0,0.0,none,0.0,0.0,none
Hyderabad,2026-10-02 03:00:00,2,0.0,0.0,none,0.0,0.0,none,0.0,0.0,none
Hyderabad,2026-10-02 04:00:00,2,0.0,0.0,none,0.0,0.0,none,0.0,0.0,none
Hyderabad,2026-10-02 05:00:00,2,0.0,0.0,none,0.0,0.0,none,0.0,0.0,none
Hyderabad,2026-10-02 06:00:00,2,0.0,0.0,none,0.0,0.0,none,0.0,0.0,none
Hyderabad,2026-10-02 07:00:00,2,0.0,0.0,none,0.0,0.0,none,0.0001,0.0,none
Hyderabad,2026-10-02 08:00:00,2,0.0,0.0,none,0.0,0.0,none,0.0,0.0,none
Hyderabad,2026-10-02 09:00:00,2,0.0,0.0,none,0.0,0.0,none,0.0,0.0,none
Hyderabad,2026-10-02 10:00:00,2,0.0,0.0,none,0.0,0.0,none,0.0,0.0,none
Hyderabad,2026-10-02 11:00:00,2,0.0,0.0,none,0.0,0.0,none,0.0,0.0,none
Hyderabad,2026-10-02 12:00:00,2,0.0,0.0,none,0.0,0.0,none,0.0,0.0,none
Hyderabad,2026-10-02 13:00:00,2,0.0002,0.0,none,0.0,0.0,none,0.0,0.0,none
Hyderabad,2026-10-02 14:00:00,2,0.0001,0.0,none,0.0,0.0,none,0.0,0.0,none
Hyderabad,2026-10-02 15:00:00,2,0.0001,0.0,none,0.0,0.0,none,0.0,0.0,none
Hyderabad,2026-10-02 16:00:00,2,0.0,0.0,none,0.0,0.0,none,0.0,0.0,none
Hyderabad,2026-10-02 17:00:00,2,0.0,0.0,none,0.0,0.0,none,0.0001,0.0,none
Hyderabad,2026-10-02 18:00:00,2,0.0,0.0,none,0.0,0.0,none,0.0001,0.0,none
Hyderabad,2026-10-02 19:00:00,2,0.0,0.0,none,0.0,0.0,none,0.0,0.0,none
Hyderabad,2026-10-02 20:00:00,2,0.0,0.0,none,0.0,0.0,none,0.0,0.0,none
Hyderabad,2026-10-02 21:00:00,2,0.0,0.0,none,0.0,0.0,none,0.0,0.0,none
Hyderabad,2026-10-02 22:00:00,2,0.0,0.0,none,0.0,0.0,none,0.0,0.0,none
Hyderabad,2026-10-02 23:00:00,2,0.0,0.0,none,0.0,0.0,none,0.0,0.0,none
Hyderabad,2026-10-03 00:00:00,3,0.0,0.0,none,0.0,0.0,none,0.0,0.0,none
Hyderabad,2026-10-03 01:00:00,3,0.0,0.0,none,0.0,0.0,none,0.0,0.0,none
Hyderabad,2026-10-03 02:00:00,3,0.0,0.0,none,0.0,0.0,none,0.0,0.0,none
Hyderabad,2026-10-03 03:00:00,3,0.0,0.0,none,0.0,0.0,none,0.0,0.0,none
Hyderabad,2026-10-03 04:00:00,3,0.0,0.0,none,0.0,0.0,none,0.0,0.0,none
Hyderabad,2026-10-03 05:00:00,3,0.0,0.0,none,0.0,0.0,none,0.0,0.0,none
Hyderabad,2026-10-03 06:00:00,3,0.0,0.0,none,0.0,0.0,none,0.0,0.0,none
Hyderabad,2026-10-03 07:00:00,3,0.0,0.0,none,0.0,0.0,none,0.0,0.0,none
Hyderabad,2026-10-03 08:00:00,3,0.0,0.0,none,0.0,0.0,none,0.0,0.0,none
Hyderabad,2026-10-03 09:00:00,3,0.0,0.0,none,0.0,0.0,none,0.0,0.0,none
Hyderabad,2026-10-03 10:00:00,3,0.0,0.0,none,0.0,0.0,none,0.0,0.0,none
Hyderabad,2026-10-03 11:00:00,3,0.0,0.0,none,0.0,0.0,none,0.0,0.0,none
Hyderabad,2026-10-03 12:00:00,3,0.0,0.0,none,0.0,0.0,none,0.0,0.0,none
Hyderabad,2026-10-03 13:00:00,3,0.0001,0.0,none,0.0,0.0,none,0.0,0.0,none
Hyderabad,2026-10-03 14:00:00,3,0.0,0.0,none,0.0,0.0,none,0.0,0.0,none
Hyderabad,2026-10-03 15:00:00,3,0.0,0.0,none,0.0,0.0,none,0.0,0.0,none
Hyderabad,2026-10-03 16:00:00,3,0.0,0.0,none,0.0,0.0,none,0.0001,0.0,none
Hyderabad,2026-10-03 17:00:00,3,0.0,0.0,none,0.0,0.0,none,0.0002,0.0,none
Hyderabad,2026-10-03 18:00:00,3,0.0,0.0,none,0.0,0.0,none,0.0,0.0,none
Hyderabad,2026-10-03 19:00:00,3,0.0,0.0,none,0.0,0.0,none,0.0,0.0,none
Hyderabad,2026-10-03 20:00:00,3,0.0,0.0,none,0.0,0.0,none,0.0,0.0,none
Hyderabad,2026-10-03 21:00:00,3,0.0,0.0,none,0.0,0.0,none,0.0,0.0,none
Hyderabad,2026-10-03 22:00:00,3,0.0,0.0,none,0.0,0.0,none,0.0,0.0,none
Hyderabad,2026-10-03 23:00:00,3,0.0,0.0,none,0.0,0.0,none,0.0,0.0,none
Imphal,2026-10-01 00:00:00,1,0.0,0.0,none,0.0,0.0,none,0.0001,0.0,none
Imphal,2026-10-01 01:00:00,1,0.0,0.0,none,0.0,0.0,none,0.0002,0.0,none
Imphal,2026-10-01 02:00:00,1,0.0,0.0,none,0.0,0.0,none,0.0004,0.0001,none
Imphal,2026-10-01 03:00:00,1,0.0,0.0,none,0.0,0.0,none,0.0001,0.0,none
Imphal,2026-10-01 04:00:00,1,0.0,0.0,none,0.0,0.0,none,0.0001,0.0,none
Imphal,2026-10-01 05:00:00,1,0.0,0.0,none,0.0,0.0,none,0.0001,0.0,none
Imphal,2026-10-01 06:00:00,1,0.0,0.0,none,0.0,0.0,none,0.0,0.0,none
Imphal,2026-10-01 07:00:00,1,0.0,0.0,none,0.0,0.0,none,0.0,0.0,none
Imphal,2026-10-01 08:00:00,1,0.0,0.0,none,0.0,0.0,none,0.0,0.0,none
Imphal,2026-10-01 09:00:00,1,0.0,0.0,none,0.0,0.0,none,0.0,0.0,none
Imphal,2026-10-01 10:00:00,1,0.0,0.0,none,0.0003,0.0,none,0.0001,0.0,none
Imphal,2026-10-01 11:00:00,1,0.0,0.0,none,0.0,0.0,none,0.0004,0.0,none
Imphal,2026-10-01 12:00:00,1,0.0,0.0,none,0.0,0.0,none,0.0005,0.0,none
Imphal,2026-10-01 13:00:00,1,0.0,0.0,none,0.0,0.0,none,0.0003,0.0,none
Imphal,2026-10-01 14:00:00,1,0.0,0.0,none,0.0,0.0,none,0.0002,0.0,none
Imphal,2026-10-01 15:00:00,1,0.0,0.0,none,0.0001,0.0,none,0.0,0.0,none
Imphal,2026-10-01 16:00:00,1,0.0,0.0,none,0.0,0.0,none,0.0,0.0,none
Imphal,2026-10-01 17:00:00,1,0.0,0.0,none,0.0,0.0,none,0.0,0.0,none
Imphal,2026-10-01 18:00:00,1,0.0,0.0,none,0.0,0.0,none,0.0004,0.0001,none
Imphal,2026-10-01 19:00:00,1,0.0,0.0,none,0.0,0.0,none,0.0004,0.0001,none
Imphal,2026-10-01 20:00:00,1,0.0,0.0,none,0.0,0.0,none,0.0006,0.0002,none
Imphal,2026-10-01 21:00:00,1,0.0,0.0,none,0.0,0.0,none,0.0006,0.0002,none
Imphal,2026-10-01 22:00:00,1,0.0,0.0,none,0.0,0.0,none,0.0005,0.0001,none
Imphal,2026-10-01 23:00:00,1,0.0,0.0,none,0.0,0.0,none,0.0004,0.0001,none
Imphal,2026-10-02 00:00:00,2,0.0,0.0,none,0.0,0.0,none,0.0001,0.0,none
Imphal,2026-10-02 01:00:00,2,0.0,0.0,none,0.0,0.0,none,0.0001,0.0,none
Imphal,2026-10-02 02:00:00,2,0.0,0.0,none,0.0,0.0,none,0.0,0.0,none
Imphal,2026-10-02 03:00:00,2,0.0,0.0,none,0.0,0.0,none,0.0002,0.0,none
Imphal,2026-10-02 04:00:00,2,0.0,0.0,none,0.0,0.0,none,0.0002,0.0,none
Imphal,2026-10-02 05:00:00,2,0.0,0.0,none,0.0,0.0,none,0.0001,0.0,none
Imphal,2026-10-02 06:00:00,2,0.0,0.0,none,0.0,0.0,none,0.0001,0.0,none
Imphal,2026-10-02 07:00:00,2,0.0,0.0,none,0.0,0.0,none,0.0,0.0,none
Imphal,2026-10-02 08:00:00,2,0.0,0.0,none,0.0,0.0,none,0.0,0.0,none
Imphal,2026-10-02 09:00:00,2,0.0,0.0,none,0.0,0.0,none,0.0,0.0,none
Imphal,2026-10-02 10:00:00,2,0.0,0.0,none,0.0,0.0,none,0.0,0.0,none
Imphal,2026-10-02 11:00:00,2,0.0,0.0,none,0.0,0.0,none,0.0001,0.0,none
Imphal,2026-10-02 12:00:00,2,0.0,0.0,none,0.0,0.0,none,0.0001,0.0,none
Imphal,2026-10-02 13:00:00,2,0.0,0.0,none,0.0,0.0,none,0.0001,0.0,none
Imphal,2026-10-02 14:00:00,2,0.0,0.0,none,0.0001,0.0,none,0.0001,0.0,none
Imphal,2026-10-02 15:00:00,2,0.0,0.0,none,0.0,0.0,none,0.0,0.0,none
Imphal,2026-10-02 16:00:00,2,0.0,0.0,none,0.0,0.0,none,0.0,0.0,none
Imphal,2026-10-02 17:00:00,2,0.0,0.0,none,0.0,0.0,none,0.0,0.0,none
Imphal,2026-10-02 18:00:00,2,0.0,0.0,none,0.0,0.0,none,0.0,0.0,none
Imphal,2026-10-02 19:00:00,2,0.0,0.0,none,0.0,0.0,none,0.0001,0.0,none
Imphal,2026-10-02 20:00:00,2,0.0,0.0,none,0.0,0.0,none,0.0001,0.0,none
Imphal,2026-10-02 21:00:00,2,0.0,0.0,none,0.0,0.0,none,0.0001,0.0,none
Imphal,2026-10-02 22:00:00,2,0.0,0.0,none,0.0,0.0,none,0.0001,0.0,none
Imphal,2026-10-02 23:00:00,2,0.0,0.0,none,0.0,0.0,none,0.0001,0.0,none
Imphal,2026-10-03 00:00:00,3,0.0,0.0,none,0.0,0.0,none,0.0,0.0,none
Imphal,2026-10-03 01:00:00,3,0.0,0.0,none,0.0,0.0,none,0.0,0.0,none
Imphal,2026-10-03 02:00:00,3,0.0,0.0,none,0.0,0.0,none,0.0001,0.0,none
Imphal,2026-10-03 03:00:00,3,0.0,0.0,none,0.0,0.0,none,0.0,0.0,none
Imphal,2026-10-03 04:00:00,3,0.0,0.0,none,0.0,0.0,none,0.0001,0.0,none
Imphal,2026-10-03 05:00:00,3,0.0,0.0,none,0.0021,0.0,none,0.0,0.0,none
Imphal,2026-10-03 06:00:00,3,0.0,0.0,none,0.0,0.0,none,0.0,0.0,none
Imphal,2026-10-03 07:00:00,3,0.0,0.0,none,0.0,0.0,none,0.0001,0.0,none
Imphal,2026-10-03 08:00:00,3,0.0,0.0,none,0.0,0.0,none,0.0002,0.0,none
Imphal,2026-10-03 09:00:00,3,0.0,0.0,none,0.0,0.0,none,0.0,0.0,none
Imphal,2026-10-03 10:00:00,3,0.0,0.0,none,0.0,0.0,none,0.0,0.0,none
Imphal,2026-10-03 11:00:00,3,0.0,0.0,none,0.0,0.0,none,0.0,0.0,none
Imphal,2026-10-03 12:00:00,3,0.0,0.0,none,0.0,0.0,none,0.0,0.0,none
Imphal,2026-10-03 13:00:00,3,0.0,0.0,none,0.0,0.0,none,0.0,0.0,none
Imphal,2026-10-03 14:00:00,3,0.0,0.0,none,0.0,0.0,none,0.0,0.0,none
Imphal,2026-10-03 15:00:00,3,0.0,0.0,none,0.0,0.0,none,0.0,0.0,none
Imphal,2026-10-03 16:00:00,3,0.0,0.0,none,0.0,0.0,none,0.0,0.0,none
Imphal,2026-10-03 17:00:00,3,0.0,0.0,none,0.0,0.0,none,0.0,0.0,none
Imphal,2026-10-03 18:00:00,3,0.0,0.0,none,0.0,0.0,none,0.0,0.0,none
Imphal,2026-10-03 19:00:00,3,0.0,0.0,none,0.0,0.0,none,0.0002,0.0,none
Imphal,2026-10-03 20:00:00,3,0.0,0.0,none,0.0,0.0,none,0.0001,0.0,none
Imphal,2026-10-03 21:00:00,3,0.0,0.0,none,0.0,0.0,none,0.0005,0.0002,none
Imphal,2026-10-03 22:00:00,3,0.0,0.0,none,0.0,0.0,none,0.0003,0.0001,none
Imphal,2026-10-03 23:00:00,3,0.0,0.0,none,0.0,0.0,none,0.0001,0.0,none
Indore,2026-10-01 00:00:00,1,0.0,0.0,none,0.0,0.0,none,0.0,0.0,none
Indore,2026-10-01 01:00:00,1,0.0,0.0,none,0.0,0.0,none,0.0,0.0,none
Indore,2026-10-01 02:00:00,1,0.0,0.0,none,0.0,0.0,none,0.0,0.0,none
Indore,2026-10-01 03:00:00,1,0.0,0.0,none,0.0,0.0,none,0.0,0.0,none
Indore,2026-10-01 04:00:00,1,0.0,0.0,none,0.0,0.0,none,0.0,0.0,none
Indore,2026-10-01 05:00:00,1,0.0,0.0,none,0.0,0.0,none,0.0,0.0,none
Indore,2026-10-01 06:00:00,1,0.0,0.0,none,0.0,0.0,none,0.0,0.0,none
Indore,2026-10-01 07:00:00,1,0.0,0.0,none,0.0,0.0,none,0.0,0.0,none
Indore,2026-10-01 08:00:00,1,0.0,0.0,none,0.0,0.0,none,0.0,0.0,none
Indore,2026-10-01 09:00:00,1,0.0,0.0,none,0.0,0.0,none,0.0,0.0,none
Indore,2026-10-01 10:00:00,1,0.0,0.0,none,0.0,0.0,none,0.0,0.0,none
Indore,2026-10-01 11:00:00,1,0.0,0.0,none,0.0,0.0,none,0.0,0.0,none
Indore,2026-10-01 12:00:00,1,0.0001,0.0,none,0.0,0.0,none,0.0,0.0,none
Indore,2026-10-01 13:00:00,1,0.0009,0.0,none,0.0,0.0,none,0.0,0.0,none
Indore,2026-10-01 14:00:00,1,0.001,0.0,none,0.0,0.0,none,0.0,0.0,none
Indore,2026-10-01 15:00:00,1,0.0005,0.0,none,0.0,0.0,none,0.0,0.0,none
Indore,2026-10-01 16:00:00,1,0.0,0.0,none,0.0,0.0,none,0.0,0.0,none
Indore,2026-10-01 17:00:00,1,0.0,0.0,none,0.0,0.0,none,0.0,0.0,none
Indore,2026-10-01 18:00:00,1,0.0,0.0,none,0.0,0.0,none,0.0,0.0,none
Indore,2026-10-01 19:00:00,1,0.0,0.0,none,0.0,0.0,none,0.0,0.0,none
Indore,2026-10-01 20:00:00,1,0.0,0.0,none,0.0,0.0,none,0.0,0.0,none
Indore,2026-10-01 21:00:00,1,0.0,0.0,none,0.0,0.0,none,0.0,0.0,none
Indore,2026-10-01 22:00:00,1,0.0,0.0,none,0.0,0.0,none,0.0,0.0,none
Indore,2026-10-01 23:00:00,1,0.0,0.0,none,0.0,0.0,none,0.0,0.0,none
Indore,2026-10-02 00:00:00,2,0.0,0.0,none,0.0,0.0,none,0.0,0.0,none
Indore,2026-10-02 01:00:00,2,0.0,0.0,none,0.0,0.0,none,0.0,0.0,none
Indore,2026-10-02 02:00:00,2,0.0,0.0,none,0.0,0.0,none,0.0,0.0,none
Indore,2026-10-02 03:00:00,2,0.0,0.0,none,0.0,0.0,none,0.0,0.0,none
Indore,2026-10-02 04:00:00,2,0.0,0.0,none,0.0,0.0,none,0.0,0.0,none
Indore,2026-10-02 05:00:00,2,0.0,0.0,none,0.0,0.0,none,0.0,0.0,none
Indore,2026-10-02 06:00:00,2,0.0,0.0,none,0.0,0.0,none,0.0,0.0,none
Indore,2026-10-02 07:00:00,2,0.0,0.0,none,0.0,0.0,none,0.0003,0.0,none
Indore,2026-10-02 08:00:00,2,0.0,0.0,none,0.0,0.0,none,0.0,0.0,none
Indore,2026-10-02 09:00:00,2,0.0,0.0,none,0.0,0.0,none,0.0,0.0,none
Indore,2026-10-02 10:00:00,2,0.0,0.0,none,0.0,0.0,none,0.0,0.0,none
Indore,2026-10-02 11:00:00,2,0.0,0.0,none,0.0,0.0,none,0.0,0.0,none
Indore,2026-10-02 12:00:00,2,0.0002,0.0,none,0.0,0.0,none,0.0,0.0,none
Indore,2026-10-02 13:00:00,2,0.001,0.0,none,0.0,0.0,none,0.0,0.0,none
Indore,2026-10-02 14:00:00,2,0.0012,0.0,none,0.0,0.0,none,0.0,0.0,none
Indore,2026-10-02 15:00:00,2,0.0007,0.0,none,0.0,0.0,none,0.0,0.0,none
Indore,2026-10-02 16:00:00,2,0.0,0.0,none,0.0,0.0,none,0.0,0.0,none
Indore,2026-10-02 17:00:00,2,0.0,0.0,none,0.0,0.0,none,0.0,0.0,none
Indore,2026-10-02 18:00:00,2,0.0,0.0,none,0.0,0.0,none,0.0,0.0,none
Indore,2026-10-02 19:00:00,2,0.0,0.0,none,0.0,0.0,none,0.0,0.0,none
Indore,2026-10-02 20:00:00,2,0.0,0.0,none,0.0,0.0,none,0.0,0.0,none
Indore,2026-10-02 21:00:00,2,0.0,0.0,none,0.0,0.0,none,0.0,0.0,none
Indore,2026-10-02 22:00:00,2,0.0,0.0,none,0.0,0.0,none,0.0,0.0,none
Indore,2026-10-02 23:00:00,2,0.0,0.0,none,0.0,0.0,none,0.0001,0.0,none
Indore,2026-10-03 00:00:00,3,0.0,0.0,none,0.0,0.0,none,0.0,0.0,none
Indore,2026-10-03 01:00:00,3,0.0,0.0,none,0.0,0.0,none,0.0,0.0,none
Indore,2026-10-03 02:00:00,3,0.0,0.0,none,0.0,0.0,none,0.0001,0.0,none
Indore,2026-10-03 03:00:00,3,0.0,0.0,none,0.0,0.0,none,0.0,0.0,none
Indore,2026-10-03 04:00:00,3,0.0,0.0,none,0.0,0.0,none,0.0,0.0,none
Indore,2026-10-03 05:00:00,3,0.0,0.0,none,0.0,0.0,none,0.0,0.0,none
Indore,2026-10-03 06:00:00,3,0.0,0.0,none,0.0,0.0,none,0.0,0.0,none
Indore,2026-10-03 07:00:00,3,0.0,0.0,none,0.0,0.0,none,0.0,0.0,none
Indore,2026-10-03 08:00:00,3,0.0,0.0,none,0.0,0.0,none,0.0,0.0,none
Indore,2026-10-03 09:00:00,3,0.0,0.0,none,0.0,0.0,none,0.0001,0.0,none
Indore,2026-10-03 10:00:00,3,0.0,0.0,none,0.0,0.0,none,0.0,0.0,none
Indore,2026-10-03 11:00:00,3,0.0,0.0,none,0.0,0.0,none,0.0,0.0,none
Indore,2026-10-03 12:00:00,3,0.0002,0.0,none,0.0,0.0,none,0.0,0.0,none
Indore,2026-10-03 13:00:00,3,0.0015,0.0,none,0.0,0.0,none,0.0,0.0,none
Indore,2026-10-03 14:00:00,3,0.0016,0.0,none,0.0,0.0,none,0.0,0.0,none
Indore,2026-10-03 15:00:00,3,0.0007,0.0,none,0.0,0.0,none,0.0,0.0,none
Indore,2026-10-03 16:00:00,3,0.0002,0.0,none,0.0,0.0,none,0.0,0.0,none
Indore,2026-10-03 17:00:00,3,0.0001,0.0,none,0.0,0.0,none,0.0,0.0,none
Indore,2026-10-03 18:00:00,3,0.0,0.0,none,0.0,0.0,none,0.0,0.0,none
Indore,2026-10-03 19:00:00,3,0.0,0.0,none,0.0,0.0,none,0.0,0.0,none
Indore,2026-10-03 20:00:00,3,0.0,0.0,none,0.0,0.0,none,0.0,0.0,none
Indore,2026-10-03 21:00:00,3,0.0,0.0,none,0.0,0.0,none,0.0,0.0,none
Indore,2026-10-03 22:00:00,3,0.0,0.0,none,0.0,0.0,none,0.0,0.0,none
Indore,2026-10-03 23:00:00,3,0.0,0.0,none,0.0,0.0,none,0.0,0.0,none
Jabalpur,2026-10-01 00:00:00,1,0.0,0.0,none,0.0,0.0,none,0.0,0.0,none
Jabalpur,2026-10-01 01:00:00,1,0.0,0.0,none,0.0,0.0,none,0.0001,0.0,none
Jabalpur,2026-10-01 02:00:00,1,0.0,0.0,none,0.0,0.0,none,0.0,0.0,none
Jabalpur,2026-10-01 03:00:00,1,0.0,0.0,none,0.0008,0.0,none,0.0,0.0,none
Jabalpur,2026-10-01 04:00:00,1,0.0,0.0,none,0.0,0.0,none,0.0,0.0,none
Jabalpur,2026-10-01 05:00:00,1,0.0,0.0,none,0.0,0.0,none,0.0,0.0,none
Jabalpur,2026-10-01 06:00:00,1,0.0,0.0,none,0.0,0.0,none,0.0,0.0,none
Jabalpur,2026-10-01 07:00:00,1,0.0,0.0,none,0.0,0.0,none,0.0,0.0,none
Jabalpur,2026-10-01 08:00:00,1,0.0,0.0,none,0.0,0.0,none,0.0,0.0,none
Jabalpur,2026-10-01 09:00:00,1,0.0,0.0,none,0.0,0.0,none,0.0,0.0,none
Jabalpur,2026-10-01 10:00:00,1,0.0,0.0,none,0.0,0.0,none,0.0001,0.0,none
Jabalpur,2026-10-01 11:00:00,1,0.0,0.0,none,0.0,0.0,none,0.0,0.0,none
Jabalpur,2026-10-01 12:00:00,1,0.0,0.0,none,0.0,0.0,none,0.0,0.0,none
Jabalpur,2026-10-01 13:00:00,1,0.0,0.0,none,0.0,0.0,none,0.0,0.0,none
Jabalpur,2026-10-01 14:00:00,1,0.0,0.0,none,0.0,0.0,none,0.0,0.0,none
Jabalpur,2026-10-01 15:00:00,1,0.0,0.0,none,0.0,0.0,none,0.0,0.0,none
Jabalpur,2026-10-01 16:00:00,1,0.0,0.0,none,0.0,0.0,none,0.0,0.0,none
Jabalpur,2026-10-01 17:00:00,1,0.0,0.0,none,0.0,0.0,none,0.0,0.0,none
Jabalpur,2026-10-01 18:00:00,1,0.0,0.0,none,0.0,0.0,none,0.0,0.0,none
Jabalpur,2026-10-01 19:00:00,1,0.0,0.0,none,0.0,0.0,none,0.0,0.0,none
Jabalpur,2026-10-01 20:00:00,1,0.0,0.0,none,0.0,0.0,none,0.0,0.0,none
Jabalpur,2026-10-01 21:00:00,1,0.0,0.0,none,0.0,0.0,none,0.0,0.0,none
Jabalpur,2026-10-01 22:00:00,1,0.0,0.0,none,0.0,0.0,none,0.0001,0.0,none
Jabalpur,2026-10-01 23:00:00,1,0.0,0.0,none,0.0,0.0,none,0.0,0.0,none
Jabalpur,2026-10-02 00:00:00,2,0.0,0.0,none,0.0,0.0,none,0.0,0.0,none
Jabalpur,2026-10-02 01:00:00,2,0.0,0.0,none,0.0,0.0,none,0.0,0.0,none
Jabalpur,2026-10-02 02:00:00,2,0.0,0.0,none,0.0,0.0,none,0.0,0.0,none
Jabalpur,2026-10-02 03:00:00,2,0.0,0.0,none,0.0,0.0,none,0.0,0.0,none
Jabalpur,2026-10-02 04:00:00,2,0.0,0.0,none,0.0,0.0,none,0.0,0.0,none
Jabalpur,2026-10-02 05:00:00,2,0.0,0.0,none,0.0,0.0,none,0.0,0.0,none
Jabalpur,2026-10-02 06:00:00,2,0.0,0.0,none,0.0,0.0,none,0.0,0.0,none
Jabalpur,2026-10-02 07:00:00,2,0.0,0.0,none,0.0,0.0,none,0.0,0.0,none
Jabalpur,2026-10-02 08:00:00,2,0.0,0.0,none,0.0,0.0,none,0.0,0.0,none
Jabalpur,2026-10-02 09:00:00,2,0.0,0.0,none,0.0,0.0,none,0.0,0.0,none
Jabalpur,2026-10-02 10:00:00,2,0.0,0.0,none,0.0,0.0,none,0.0,0.0,none
Jabalpur,2026-10-02 11:00:00,2,0.0,0.0,none,0.0,0.0,none,0.0,0.0,none
Jabalpur,2026-10-02 12:00:00,2,0.0,0.0,none,0.0,0.0,none,0.0,0.0,none
Jabalpur,2026-10-02 13:00:00,2,0.0,0.0,none,0.0,0.0,none,0.0,0.0,none
Jabalpur,2026-10-02 14:00:00,2,0.0,0.0,none,0.0,0.0,none,0.0,0.0,none
Jabalpur,2026-10-02 15:00:00,2,0.0,0.0,none,0.0,0.0,none,0.0,0.0,none
Jabalpur,2026-10-02 16:00:00,2,0.0,0.0,none,0.0,0.0,none,0.0002,0.0,none
Jabalpur,2026-10-02 17:00:00,2,0.0,0.0,none,0.0,0.0,none,0.0,0.0,none
Jabalpur,2026-10-02 18:00:00,2,0.0,0.0,none,0.0,0.0,none,0.0,0.0,none
Jabalpur,2026-10-02 19:00:00,2,0.0,0.0,none,0.0,0.0,none,0.0,0.0,none
Jabalpur,2026-10-02 20:00:00,2,0.0,0.0,none,0.0,0.0,none,0.0,0.0,none
Jabalpur,2026-10-02 21:00:00,2,0.0,0.0,none,0.0,0.0,none,0.0,0.0,none
Jabalpur,2026-10-02 22:00:00,2,0.0,0.0,none,0.0,0.0,none,0.0,0.0,none
Jabalpur,2026-10-02 23:00:00,2,0.0,0.0,none,0.0,0.0,none,0.0,0.0,none
Jabalpur,2026-10-03 00:00:00,3,0.0,0.0,none,0.0,0.0,none,0.0,0.0,none
Jabalpur,2026-10-03 01:00:00,3,0.0,0.0,none,0.0,0.0,none,0.0,0.0,none
Jabalpur,2026-10-03 02:00:00,3,0.0,0.0,none,0.0,0.0,none,0.0,0.0,none
Jabalpur,2026-10-03 03:00:00,3,0.0,0.0,none,0.0,0.0,none,0.0,0.0,none
Jabalpur,2026-10-03 04:00:00,3,0.0,0.0,none,0.0,0.0,none,0.0,0.0,none
Jabalpur,2026-10-03 05:00:00,3,0.0,0.0,none,0.0,0.0,none,0.0,0.0,none
Jabalpur,2026-10-03 06:00:00,3,0.0,0.0,none,0.0,0.0,none,0.0,0.0,none
Jabalpur,2026-10-03 07:00:00,3,0.0,0.0,none,0.0,0.0,none,0.0,0.0,none
Jabalpur,2026-10-03 08:00:00,3,0.0,0.0,none,0.0,0.0,none,0.0,0.0,none
Jabalpur,2026-10-03 09:00:00,3,0.0,0.0,none,0.0,0.0,none,0.0,0.0,none
Jabalpur,2026-10-03 10:00:00,3,0.0,0.0,none,0.0,0.0,none,0.0,0.0,none
Jabalpur,2026-10-03 11:00:00,3,0.0,0.0,none,0.0,0.0,none,0.0,0.0,none
Jabalpur,2026-10-03 12:00:00,3,0.0,0.0,none,0.0,0.0,none,0.0,0.0,none
Jabalpur,2026-10-03 13:00:00,3,0.0001,0.0,none,0.0,0.0,none,0.0,0.0,none
Jabalpur,2026-10-03 14:00:00,3,0.0,0.0,none,0.0,0.0,none,0.0,0.0,none
Jabalpur,2026-10-03 15:00:00,3,0.0,0.0,none,0.0,0.0,none,0.0,0.0,none
Jabalpur,2026-10-03 16:00:00,3,0.0,0.0,none,0.0,0.0,none,0.0,0.0,none
Jabalpur,2026-10-03 17:00:00,3,0.0,0.0,none,0.0,0.0,none,0.0,0.0,none
Jabalpur,2026-10-03 18:00:00,3,0.0,0.0,none,0.0,0.0,none,0.0,0.0,none
Jabalpur,2026-10-03 19:00:00,3,0.0,0.0,none,0.0,0.0,none,0.0,0.0,none
Jabalpur,2026-10-03 20:00:00,3,0.0,0.0,none,0.0,0.0,none,0.0,0.0,none
Jabalpur,2026-10-03 21:00:00,3,0.0,0.0,none,0.0,0.0,none,0.0,0.0,none
Jabalpur,2026-10-03 22:00:00,3,0.0,0.0,none,0.0,0.0,none,0.0,0.0,none
Jabalpur,2026-10-03 23:00:00,3,0.0,0.0,none,0.0,0.0,none,0.0,0.0,none
Jaipur,2026-10-01 00:00:00,1,0.0,0.0,none,0.0,0.0,none,0.0,0.0,none
Jaipur,2026-10-01 01:00:00,1,0.0,0.0,none,0.0,0.0,none,0.0,0.0,none
Jaipur,2026-10-01 02:00:00,1,0.0,0.0,none,0.0,0.0,none,0.0,0.0,none
Jaipur,2026-10-01 03:00:00,1,0.0,0.0,none,0.0,0.0,none,0.0,0.0,none
Jaipur,2026-10-01 04:00:00,1,0.0,0.0,none,0.0,0.0,none,0.0,0.0,none
Jaipur,2026-10-01 05:00:00,1,0.0,0.0,none,0.0,0.0,none,0.0001,0.0,none
Jaipur,2026-10-01 06:00:00,1,0.0,0.0,none,0.0,0.0,none,0.0001,0.0,none
Jaipur,2026-10-01 07:00:00,1,0.0,0.0,none,0.0,0.0,none,0.0002,0.0,none
Jaipur,2026-10-01 08:00:00,1,0.0,0.0,none,0.0,0.0,none,0.0004,0.0,none
Jaipur,2026-10-01 09:00:00,1,0.0,0.0,none,0.0,0.0,none,0.0001,0.0,none
Jaipur,2026-10-01 10:00:00,1,0.0,0.0,none,0.0,0.0,none,0.0,0.0,none
Jaipur,2026-10-01 11:00:00,1,0.0,0.0,none,0.0,0.0,none,0.0,0.0,none
Jaipur,2026-10-01 12:00:00,1,0.002,0.0,none,0.0,0.0,none,0.0,0.0,none
Jaipur,2026-10-01 13:00:00,1,0.0064,0.0,none,0.0,0.0,none,0.0,0.0,none
Jaipur,2026-10-01 14:00:00,1,0.0149,0.0,none,0.0,0.0,none,0.0,0.0,none
Jaipur,2026-10-01 15:00:00,1,0.0076,0.0,none,0.0,0.0,none,0.0,0.0,none
Jaipur,2026-10-01 16:00:00,1,0.0047,0.0,none,0.0,0.0,none,0.0,0.0,none
Jaipur,2026-10-01 17:00:00,1,0.0009,0.0,none,0.0,0.0,none,0.0,0.0,none
Jaipur,2026-10-01 18:00:00,1,0.0,0.0,none,0.0,0.0,none,0.0001,0.0,none
Jaipur,2026-10-01 19:00:00,1,0.0,0.0,none,0.0,0.0,none,0.0002,0.0,none
Jaipur,2026-10-01 20:00:00,1,0.0,0.0,none,0.0,0.0,none,0.0003,0.0,none
Jaipur,2026-10-01 21:00:00,1,0.0,0.0,none,0.0,0.0,none,0.0001,0.0,none
Jaipur,2026-10-01 22:00:00,1,0.0,0.0,none,0.0,0.0,none,0.0001,0.0,none
Jaipur,2026-10-01 23:00:00,1,0.0,0.0,none,0.0,0.0,none,0.0,0.0,none
Jaipur,2026-10-02 00:00:00,2,0.0,0.0,none,0.0,0.0,none,0.0,0.0,none
Jaipur,2026-10-02 01:00:00,2,0.0,0.0,none,0.0,0.0,none,0.0,0.0,none
Jaipur,2026-10-02 02:00:00,2,0.0,0.0,none,0.0,0.0,none,0.0,0.0,none
Jaipur,2026-10-02 03:00:00,2,0.0,0.0,none,0.0,0.0,none,0.0,0.0,none
Jaipur,2026-10-02 04:00:00,2,0.0,0.0,none,0.0,0.0,none,0.0,0.0,none
Jaipur,2026-10-02 05:00:00,2,0.0,0.0,none,0.0,0.0,none,0.0,0.0,none
Jaipur,2026-10-02 06:00:00,2,0.0,0.0,none,0.0,0.0,none,0.0,0.0,none
Jaipur,2026-10-02 07:00:00,2,0.0,0.0,none,0.0,0.0,none,0.0,0.0,none
Jaipur,2026-10-02 08:00:00,2,0.0,0.0,none,0.0,0.0,none,0.0002,0.0,none
Jaipur,2026-10-02 09:00:00,2,0.0,0.0,none,0.0,0.0,none,0.0002,0.0,none
Jaipur,2026-10-02 10:00:00,2,0.0,0.0,none,0.0,0.0,none,0.0001,0.0,none
Jaipur,2026-10-02 11:00:00,2,0.001,0.0,none,0.0,0.0,none,0.0001,0.0,none
Jaipur,2026-10-02 12:00:00,2,0.0122,0.0,none,0.0,0.0,none,0.0,0.0,none
Jaipur,2026-10-02 13:00:00,2,0.0785,0.0001,none,0.0,0.0,none,0.0,0.0,none
Jaipur,2026-10-02 14:00:00,2,0.1141,0.0004,none,0.0,0.0,none,0.0,0.0,none
Jaipur,2026-10-02 15:00:00,2,0.0642,0.0003,none,0.0,0.0,none,0.0,0.0,none
Jaipur,2026-10-02 16:00:00,2,0.0231,0.0001,none,0.0,0.0,none,0.0,0.0,none
Jaipur,2026-10-02 17:00:00,2,0.0058,0.0,none,0.0,0.0,none,0.0,0.0,none
Jaipur,2026-10-02 18:00:00,2,0.0,0.0,none,0.0,0.0,none,0.0001,0.0,none
Jaipur,2026-10-02 19:00:00,2,0.0,0.0,none,0.0,0.0,none,0.0001,0.0,none
Jaipur,2026-10-02 20:00:00,2,0.0,0.0,none,0.0,0.0,none,0.0001,0.0,none
Jaipur,2026-10-02 21:00:00,2,0.0,0.0,none,0.0,0.0,none,0.0001,0.0,none
Jaipur,2026-10-02 22:00:00,2,0.0,0.0,none,0.0,0.0,none,0.0001,0.0,none
Jaipur,2026-10-02 23:00:00,2,0.0,0.0,none,0.0,0.0,none,0.0001,0.0,none
Jaipur,2026-10-03 00:00:00,3,0.0,0.0,none,0.0,0.0,none,0.0001,0.0,none
Jaipur,2026-10-03 01:00:00,3,0.0,0.0,none,0.0,0.0,none,0.0,0.0,none
Jaipur,2026-10-03 02:00:00,3,0.0,0.0,none,0.0,0.0,none,0.0,0.0,none
Jaipur,2026-10-03 03:00:00,3,0.0,0.0,none,0.0,0.0,none,0.0001,0.0,none
Jaipur,2026-10-03 04:00:00,3,0.0,0.0,none,0.0,0.0,none,0.0,0.0,none
Jaipur,2026-10-03 05:00:00,3,0.0,0.0,none,0.0,0.0,none,0.0,0.0,none
Jaipur,2026-10-03 06:00:00,3,0.0,0.0,none,0.0,0.0,none,0.0001,0.0,none
Jaipur,2026-10-03 07:00:00,3,0.0,0.0,none,0.0,0.0,none,0.0003,0.0,none
Jaipur,2026-10-03 08:00:00,3,0.0,0.0,none,0.0,0.0,none,0.0013,0.0001,none
Jaipur,2026-10-03 09:00:00,3,0.0,0.0,none,0.0,0.0,none,0.0011,0.0,none
Jaipur,2026-10-03 10:00:00,3,0.0001,0.0,none,0.0,0.0,none,0.0005,0.0,none
Jaipur,2026-10-03 11:00:00,3,0.0164,0.0,none,0.0,0.0,none,0.0001,0.0,none
Jaipur,2026-10-03 12:00:00,3,0.1886,0.0009,none,0.0,0.0,none,0.0,0.0,none
Jaipur,2026-10-03 13:00:00,3,0.3665,0.0046,none,0.0,0.0,none,0.0,0.0,none
Jaipur,2026-10-03 14:00:00,3,0.3854,0.0063,none,0.0,0.0,none,0.0,0.0,none
Jaipur,2026-10-03 15:00:00,3,0.2742,0.0047,none,0.0,0.0,none,0.0,0.0,none
Jaipur,2026-10-03 16:00:00,3,0.0861,0.0007,none,0.0,0.0,none,0.0,0.0,none
Jaipur,2026-10-03 17:00:00,3,0.0103,0.0,none,0.0,0.0,none,0.0,0.0,none
Jaipur,2026-10-03 18:00:00,3,0.0,0.0,none,0.0,0.0,none,0.0001,0.0,none
Jaipur,2026-10-03 19:00:00,3,0.0,0.0,none,0.0,0.0,none,0.0001,0.0,none
Jaipur,2026-10-03 20:00:00,3,0.0,0.0,none,0.0,0.0,none,0.0001,0.0,none
Jaipur,2026-10-03 21:00:00,3,0.0,0.0,none,0.0,0.0,none,0.0001,0.0,none
Jaipur,2026-10-03 22:00:00,3,0.0,0.0,none,0.0,0.0,none,0.0001,0.0,none
Jaipur,2026-10-03 23:00:00,3,0.0,0.0,none,0.0,0.0,none,0.0,0.0,none
Jodhpur,2026-10-01 00:00:00,1,0.0,0.0,none,0.0,0.0,none,0.0,0.0,none
Jodhpur,2026-10-01 01:00:00,1,0.0,0.0,none,0.0,0.0,none,0.0,0.0,none
Jodhpur,2026-10-01 02:00:00,1,0.0,0.0,none,0.0,0.0,none,0.0,0.0,none
Jodhpur,2026-10-01 03:00:00,1,0.0,0.0,none,0.0,0.0,none,0.0,0.0,none
Jodhpur,2026-10-01 04:00:00,1,0.0,0.0,none,0.0,0.0,none,0.0,0.0,none
Jodhpur,2026-10-01 05:00:00,1,0.0,0.0,none,0.0,0.0,none,0.0,0.0,none
Jodhpur,2026-10-01 06:00:00,1,0.0,0.0,none,0.0,0.0,none,0.0,0.0,none
Jodhpur,2026-10-01 07:00:00,1,0.0,0.0,none,0.0,0.0,none,0.0,0.0,none
Jodhpur,2026-10-01 08:00:00,1,0.0,0.0,none,0.0,0.0,none,0.0,0.0,none
Jodhpur,2026-10-01 09:00:00,1,0.0,0.0,none,0.0,0.0,none,0.0,0.0,none
Jodhpur,2026-10-01 10:00:00,1,0.0,0.0,none,0.0,0.0,none,0.0,0.0,none
Jodhpur,2026-10-01 11:00:00,1,0.0066,0.0,none,0.0,0.0,none,0.0,0.0,none
Jodhpur,2026-10-01 12:00:00,1,0.0592,0.0,none,0.0,0.0,none,0.0,0.0,none
Jodhpur,2026-10-01 13:00:00,1,0.1803,0.0,none,0.0,0.0,none,0.0,0.0,none
Jodhpur,2026-10-01 14:00:00,1,0.348,0.0,none,0.0,0.0,none,0.0,0.0,none
Jodhpur,2026-10-01 15:00:00,1,0.3717,0.0,none,0.0,0.0,none,0.0,0.0,none
Jodhpur,2026-10-01 16:00:00,1,0.1838,0.0,none,0.0,0.0,none,0.0,0.0,none
Jodhpur,2026-10-01 17:00:00,1,0.0224,0.0,none,0.0,0.0,none,0.0,0.0,none
Jodhpur,2026-10-01 18:00:00,1,0.0002,0.0,none,0.0,0.0,none,0.0,0.0,none
Jodhpur,2026-10-01 19:00:00,1,0.0,0.0,none,0.0,0.0,none,0.0001,0.0,none
Jodhpur,2026-10-01 20:00:00,1,0.0,0.0,none,0.0,0.0,none,0.0001,0.0,none
Jodhpur,2026-10-01 21:00:00,1,0.0,0.0,none,0.0,0.0,none,0.0002,0.0,none
Jodhpur,2026-10-01 22:00:00,1,0.0,0.0,none,0.0,0.0,none,0.0002,0.0,none
Jodhpur,2026-10-01 23:00:00,1,0.0,0.0,none,0.0,0.0,none,0.0,0.0,none
Jodhpur,2026-10-02 00:00:00,2,0.0,0.0,none,0.0,0.0,none,0.0,0.0,none
Jodhpur,2026-10-02 01:00:00,2,0.0,0.0,none,0.0,0.0,none,0.0001,0.0,none
Jodhpur,2026-10-02 02:00:00,2,0.0,0.0,none,0.0,0.0,none,0.0001,0.0,none
Jodhpur,2026-10-02 03:00:00,2,0.0,0.0,none,0.0,0.0,none,0.0002,0.0,none
Jodhpur,2026-10-02 04:00:00,2,0.0,0.0,none,0.0,0.0,none,0.0001,0.0,none
Jodhpur,2026-10-02 05:00:00,2,0.0,0.0,none,0.0,0.0,none,0.0001,0.0,none
Jodhpur,2026-10-02 06:00:00,2,0.0,0.0,none,0.0,0.0,none,0.0,0.0,none
Jodhpur,2026-10-02 07:00:00,2,0.0,0.0,none,0.0,0.0,none,0.0,0.0,none
Jodhpur,2026-10-02 08:00:00,2,0.0,0.0,none,0.0,0.0,none,0.0001,0.0,none
Jodhpur,2026-10-02 09:00:00,2,0.0,0.0,none,0.0,0.0,none,0.0,0.0,none
Jodhpur,2026-10-02 10:00:00,2,0.0,0.0,none,0.0,0.0,none,0.0,0.0,none
Jodhpur,2026-10-02 11:00:00,2,0.0192,0.0,none,0.0,0.0,none,0.0,0.0,none
Jodhpur,2026-10-02 12:00:00,2,0.1654,0.0,none,0.0,0.0,none,0.0,0.0,none
Jodhpur,2026-10-02 13:00:00,2,0.5568,0.0003,moderate,0.0,0.0,none,0.0,0.0,none
Jodhpur,2026-10-02 14:00:00,2,0.755,0.003,moderate,0.0,0.0,none,0.0,0.0,none
Jodhpur,2026-10-02 15:00:00,2,0.7342,0.0038,moderate,0.0,0.0,none,0.0,0.0,none
Jodhpur,2026-10-02 16:00:00,2,0.5604,0.0015,moderate,0.0,0.0,none,0.0,0.0,none
Jodhpur,2026-10-02 17:00:00,2,0.1389,0.0,none,0.0,0.0,none,0.0,0.0,none
Jodhpur,2026-10-02 18:00:00,2,0.0011,0.0,none,0.0,0.0,none,0.0,0.0,none
Jodhpur,2026-10-02 19:00:00,2,0.0001,0.0,none,0.0,0.0,none,0.0001,0.0,none
Jodhpur,2026-10-02 20:00:00,2,0.0,0.0,none,0.0,0.0,none,0.0001,0.0,none
Jodhpur,2026-10-02 21:00:00,2,0.0,0.0,none,0.0,0.0,none,0.0002,0.0,none
Jodhpur,2026-10-02 22:00:00,2,0.0,0.0,none,0.0,0.0,none,0.0001,0.0,none
Jodhpur,2026-10-02 23:00:00,2,0.0,0.0,none,0.0,0.0,none,0.0001,0.0,none
Jodhpur,2026-10-03 00:00:00,3,0.0,0.0,none,0.0,0.0,none,0.0001,0.0,none
Jodhpur,2026-10-03 01:00:00,3,0.0,0.0,none,0.0,0.0,none,0.0001,0.0,none
Jodhpur,2026-10-03 02:00:00,3,0.0,0.0,none,0.0,0.0,none,0.0001,0.0,none
Jodhpur,2026-10-03 03:00:00,3,0.0,0.0,none,0.0,0.0,none,0.0003,0.0,none
Jodhpur,2026-10-03 04:00:00,3,0.0,0.0,none,0.0,0.0,none,0.0001,0.0,none
Jodhpur,2026-10-03 05:00:00,3,0.0,0.0,none,0.0,0.0,none,0.0002,0.0,none
Jodhpur,2026-10-03 06:00:00,3,0.0,0.0,none,0.0,0.0,none,0.0002,0.0,none
Jodhpur,2026-10-03 07:00:00,3,0.0,0.0,none,0.0,0.0,none,0.0001,0.0,none
Jodhpur,2026-10-03 08:00:00,3,0.0,0.0,none,0.0,0.0,none,0.0005,0.0001,none
Jodhpur,2026-10-03 09:00:00,3,0.0,0.0,none,0.0,0.0,none,0.0003,0.0,none
Jodhpur,2026-10-03 10:00:00,3,0.0003,0.0,none,0.0,0.0,none,0.0002,0.0,none
Jodhpur,2026-10-03 11:00:00,3,0.0729,0.0,none,0.0,0.0,none,0.0002,0.0,none
Jodhpur,2026-10-03 12:00:00,3,0.5302,0.0008,moderate,0.0,0.0,none,0.0001,0.0,none
Jodhpur,2026-10-03 13:00:00,3,0.9393,0.0389,moderate,0.0,0.0,none,0.0,0.0,none
Jodhpur,2026-10-03 14:00:00,3,0.9854,0.1516,moderate,0.0,0.0,none,0.0,0.0,none
Jodhpur,2026-10-03 15:00:00,3,0.9834,0.1623,moderate,0.0,0.0,none,0.0,0.0,none
Jodhpur,2026-10-03 16:00:00,3,0.9225,0.0612,moderate,0.0,0.0,none,0.0,0.0,none
Jodhpur,2026-10-03 17:00:00,3,0.5235,0.001,moderate,0.0,0.0,none,0.0,0.0,none
Jodhpur,2026-10-03 18:00:00,3,0.0077,0.0,none,0.0,0.0,none,0.0,0.0,none
Jodhpur,2026-10-03 19:00:00,3,0.0001,0.0,none,0.0,0.0,none,0.0,0.0,none
Jodhpur,2026-10-03 20:00:00,3,0.0,0.0,none,0.0,0.0,none,0.0,0.0,none
Jodhpur,2026-10-03 21:00:00,3,0.0,0.0,none,0.0,0.0,none,0.0,0.0,none
Jodhpur,2026-10-03 22:00:00,3,0.0,0.0,none,0.0,0.0,none,0.0,0.0,none
Jodhpur,2026-10-03 23:00:00,3,0.0,0.0,none,0.0,0.0,none,0.0,0.0,none
Kanpur,2026-10-01 00:00:00,1,0.0,0.0,none,0.0,0.0,none,0.0,0.0,none
Kanpur,2026-10-01 01:00:00,1,0.0,0.0,none,0.0,0.0,none,0.0,0.0,none
Kanpur,2026-10-01 02:00:00,1,0.0,0.0,none,0.0,0.0,none,0.0,0.0,none
Kanpur,2026-10-01 03:00:00,1,0.0,0.0,none,0.0,0.0,none,0.0,0.0,none
Kanpur,2026-10-01 04:00:00,1,0.0,0.0,none,0.0,0.0,none,0.0,0.0,none
Kanpur,2026-10-01 05:00:00,1,0.0,0.0,none,0.0,0.0,none,0.0,0.0,none
Kanpur,2026-10-01 06:00:00,1,0.0,0.0,none,0.0,0.0,none,0.0,0.0,none
Kanpur,2026-10-01 07:00:00,1,0.0,0.0,none,0.0,0.0,none,0.0,0.0,none
Kanpur,2026-10-01 08:00:00,1,0.0,0.0,none,0.0,0.0,none,0.0,0.0,none
Kanpur,2026-10-01 09:00:00,1,0.0,0.0,none,0.0,0.0,none,0.0,0.0,none
Kanpur,2026-10-01 10:00:00,1,0.0,0.0,none,0.0,0.0,none,0.0,0.0,none
Kanpur,2026-10-01 11:00:00,1,0.0,0.0,none,0.0,0.0,none,0.0,0.0,none
Kanpur,2026-10-01 12:00:00,1,0.0,0.0,none,0.0,0.0,none,0.0,0.0,none
Kanpur,2026-10-01 13:00:00,1,0.0,0.0,none,0.0,0.0,none,0.0,0.0,none
Kanpur,2026-10-01 14:00:00,1,0.0,0.0,none,0.0,0.0,none,0.0,0.0,none
Kanpur,2026-10-01 15:00:00,1,0.0,0.0,none,0.0,0.0,none,0.0,0.0,none
Kanpur,2026-10-01 16:00:00,1,0.0,0.0,none,0.0,0.0,none,0.0,0.0,none
Kanpur,2026-10-01 17:00:00,1,0.0,0.0,none,0.0,0.0,none,0.0,0.0,none
Kanpur,2026-10-01 18:00:00,1,0.0,0.0,none,0.0,0.0,none,0.0,0.0,none
Kanpur,2026-10-01 19:00:00,1,0.0,0.0,none,0.0,0.0,none,0.0,0.0,none
Kanpur,2026-10-01 20:00:00,1,0.0,0.0,none,0.0,0.0,none,0.0,0.0,none
Kanpur,2026-10-01 21:00:00,1,0.0,0.0,none,0.0,0.0,none,0.0,0.0,none
Kanpur,2026-10-01 22:00:00,1,0.0,0.0,none,0.0,0.0,none,0.0,0.0,none
Kanpur,2026-10-01 23:00:00,1,0.0,0.0,none,0.0,0.0,none,0.0,0.0,none
Kanpur,2026-10-02 00:00:00,2,0.0,0.0,none,0.0,0.0,none,0.0,0.0,none
Kanpur,2026-10-02 01:00:00,2,0.0,0.0,none,0.0,0.0,none,0.0,0.0,none
Kanpur,2026-10-02 02:00:00,2,0.0,0.0,none,0.0,0.0,none,0.0,0.0,none
Kanpur,2026-10-02 03:00:00,2,0.0,0.0,none,0.0,0.0,none,0.0,0.0,none
Kanpur,2026-10-02 04:00:00,2,0.0,0.0,none,0.0,0.0,none,0.0,0.0,none
Kanpur,2026-10-02 05:00:00,2,0.0,0.0,none,0.0,0.0,none,0.0,0.0,none
Kanpur,2026-10-02 06:00:00,2,0.0,0.0,none,0.0,0.0,none,0.0,0.0,none
Kanpur,2026-10-02 07:00:00,2,0.0,0.0,none,0.0,0.0,none,0.0,0.0,none
Kanpur,2026-10-02 08:00:00,2,0.0,0.0,none,0.0,0.0,none,0.0,0.0,none
Kanpur,2026-10-02 09:00:00,2,0.0,0.0,none,0.0,0.0,none,0.0,0.0,none
Kanpur,2026-10-02 10:00:00,2,0.0,0.0,none,0.0,0.0,none,0.0,0.0,none
Kanpur,2026-10-02 11:00:00,2,0.0,0.0,none,0.0,0.0,none,0.0,0.0,none
Kanpur,2026-10-02 12:00:00,2,0.0,0.0,none,0.0,0.0,none,0.0,0.0,none
Kanpur,2026-10-02 13:00:00,2,0.0,0.0,none,0.0,0.0,none,0.0,0.0,none
Kanpur,2026-10-02 14:00:00,2,0.0001,0.0,none,0.0,0.0,none,0.0,0.0,none
Kanpur,2026-10-02 15:00:00,2,0.0002,0.0,none,0.0,0.0,none,0.0,0.0,none
Kanpur,2026-10-02 16:00:00,2,0.0,0.0,none,0.0,0.0,none,0.0,0.0,none
Kanpur,2026-10-02 17:00:00,2,0.0,0.0,none,0.0,0.0,none,0.0,0.0,none
Kanpur,2026-10-02 18:00:00,2,0.0,0.0,none,0.0,0.0,none,0.0,0.0,none
Kanpur,2026-10-02 19:00:00,2,0.0,0.0,none,0.0,0.0,none,0.0,0.0,none
Kanpur,2026-10-02 20:00:00,2,0.0,0.0,none,0.0,0.0,none,0.0,0.0,none
Kanpur,2026-10-02 21:00:00,2,0.0,0.0,none,0.0,0.0,none,0.0,0.0,none
Kanpur,2026-10-02 22:00:00,2,0.0,0.0,none,0.0,0.0,none,0.0,0.0,none
Kanpur,2026-10-02 23:00:00,2,0.0,0.0,none,0.0,0.0,none,0.0,0.0,none
Kanpur,2026-10-03 00:00:00,3,0.0,0.0,none,0.0,0.0,none,0.0,0.0,none
Kanpur,2026-10-03 01:00:00,3,0.0,0.0,none,0.0,0.0,none,0.0,0.0,none
Kanpur,2026-10-03 02:00:00,3,0.0,0.0,none,0.0,0.0,none,0.0,0.0,none
Kanpur,2026-10-03 03:00:00,3,0.0,0.0,none,0.0,0.0,none,0.0,0.0,none
Kanpur,2026-10-03 04:00:00,3,0.0,0.0,none,0.0,0.0,none,0.0,0.0,none
Kanpur,2026-10-03 05:00:00,3,0.0,0.0,none,0.0,0.0,none,0.0,0.0,none
Kanpur,2026-10-03 06:00:00,3,0.0,0.0,none,0.0,0.0,none,0.0,0.0,none
Kanpur,2026-10-03 07:00:00,3,0.0,0.0,none,0.0,0.0,none,0.0,0.0,none
Kanpur,2026-10-03 08:00:00,3,0.0,0.0,none,0.0,0.0,none,0.0,0.0,none
Kanpur,2026-10-03 09:00:00,3,0.0,0.0,none,0.0,0.0,none,0.0,0.0,none
Kanpur,2026-10-03 10:00:00,3,0.0,0.0,none,0.0,0.0,none,0.0,0.0,none
Kanpur,2026-10-03 11:00:00,3,0.0,0.0,none,0.0,0.0,none,0.0,0.0,none
Kanpur,2026-10-03 12:00:00,3,0.0,0.0,none,0.0,0.0,none,0.0,0.0,none
Kanpur,2026-10-03 13:00:00,3,0.0003,0.0,none,0.0,0.0,none,0.0,0.0,none
Kanpur,2026-10-03 14:00:00,3,0.0005,0.0,none,0.0,0.0,none,0.0,0.0,none
Kanpur,2026-10-03 15:00:00,3,0.0004,0.0,none,0.0,0.0,none,0.0,0.0,none
Kanpur,2026-10-03 16:00:00,3,0.0,0.0,none,0.0,0.0,none,0.0,0.0,none
Kanpur,2026-10-03 17:00:00,3,0.0,0.0,none,0.0,0.0,none,0.0,0.0,none
Kanpur,2026-10-03 18:00:00,3,0.0,0.0,none,0.0,0.0,none,0.0,0.0,none
Kanpur,2026-10-03 19:00:00,3,0.0,0.0,none,0.0,0.0,none,0.0,0.0,none
Kanpur,2026-10-03 20:00:00,3,0.0,0.0,none,0.0,0.0,none,0.0,0.0,none
Kanpur,2026-10-03 21:00:00,3,0.0,0.0,none,0.0,0.0,none,0.0,0.0,none
Kanpur,2026-10-03 22:00:00,3,0.0,0.0,none,0.0,0.0,none,0.0,0.0,none
Kanpur,2026-10-03 23:00:00,3,0.0,0.0,none,0.0,0.0,none,0.0,0.0,none
Kochi,2026-10-01 00:00:00,1,0.0,0.0,none,0.0,0.0,none,0.0,0.0,none
Kochi,2026-10-01 01:00:00,1,0.0,0.0,none,0.0,0.0,none,0.0,0.0,none
Kochi,2026-10-01 02:00:00,1,0.0,0.0,none,0.0,0.0,none,0.0,0.0,none
Kochi,2026-10-01 03:00:00,1,0.0,0.0,none,0.0,0.0,none,0.0,0.0,none
Kochi,2026-10-01 04:00:00,1,0.0,0.0,none,0.0,0.0,none,0.0,0.0,none
Kochi,2026-10-01 05:00:00,1,0.0,0.0,none,0.0012,0.0,none,0.0,0.0,none
Kochi,2026-10-01 06:00:00,1,0.0,0.0,none,0.0,0.0,none,0.0,0.0,none
Kochi,2026-10-01 07:00:00,1,0.0,0.0,none,0.0,0.0,none,0.0,0.0,none
Kochi,2026-10-01 08:00:00,1,0.0,0.0,none,0.0,0.0,none,0.0,0.0,none
Kochi,2026-10-01 09:00:00,1,0.0,0.0,none,0.0,0.0,none,0.0,0.0,none
Kochi,2026-10-01 10:00:00,1,0.0,0.0,none,0.0,0.0,none,0.0,0.0,none
Kochi,2026-10-01 11:00:00,1,0.0001,0.0,none,0.0,0.0,none,0.0,0.0,none
Kochi,2026-10-01 12:00:00,1,0.0007,0.0,none,0.0,0.0,none,0.0,0.0,none
Kochi,2026-10-01 13:00:00,1,0.0,0.0,none,0.0,0.0,none,0.0,0.0,none
Kochi,2026-10-01 14:00:00,1,0.0,0.0,none,0.0,0.0,none,0.0,0.0,none
Kochi,2026-10-01 15:00:00,1,0.0,0.0,none,0.0,0.0,none,0.0,0.0,none
Kochi,2026-10-01 16:00:00,1,0.0,0.0,none,0.0,0.0,none,0.0,0.0,none
Kochi,2026-10-01 17:00:00,1,0.0,0.0,none,0.0,0.0,none,0.0,0.0,none
Kochi,2026-10-01 18:00:00,1,0.0,0.0,none,0.0,0.0,none,0.0,0.0,none
Kochi,2026-10-01 19:00:00,1,0.0,0.0,none,0.0007,0.0,none,0.0,0.0,none
Kochi,2026-10-01 20:00:00,1,0.0,0.0,none,0.0,0.0,none,0.0,0.0,none
Kochi,2026-10-01 21:00:00,1,0.0,0.0,none,0.0,0.0,none,0.0,0.0,none
Kochi,2026-10-01 22:00:00,1,0.0,0.0,none,0.0,0.0,none,0.0001,0.0,none
Kochi,2026-10-01 23:00:00,1,0.0,0.0,none,0.0,0.0,none,0.0,0.0,none
Kochi,2026-10-02 00:00:00,2,0.0,0.0,none,0.0,0.0,none,0.0,0.0,none
Kochi,2026-10-02 01:00:00,2,0.0,0.0,none,0.0,0.0,none,0.0,0.0,none
Kochi,2026-10-02 02:00:00,2,0.0,0.0,none,0.0,0.0,none,0.0,0.0,none
Kochi,2026-10-02 03:00:00,2,0.0,0.0,none,0.0,0.0,none,0.0,0.0,none
Kochi,2026-10-02 04:00:00,2,0.0,0.0,none,0.0,0.0,none,0.0,0.0,none
Kochi,2026-10-02 05:00:00,2,0.0,0.0,none,0.0,0.0,none,0.0,0.0,none
Kochi,2026-10-02 06:00:00,2,0.0,0.0,none,0.0,0.0,none,0.0,0.0,none
Kochi,2026-10-02 07:00:00,2,0.0,0.0,none,0.0,0.0,none,0.0,0.0,none
Kochi,2026-10-02 08:00:00,2,0.0,0.0,none,0.0,0.0,none,0.0,0.0,none
Kochi,2026-10-02 09:00:00,2,0.0,0.0,none,0.0,0.0,none,0.0,0.0,none
Kochi,2026-10-02 10:00:00,2,0.0,0.0,none,0.0,0.0,none,0.0,0.0,none
Kochi,2026-10-02 11:00:00,2,0.0007,0.0,none,0.0,0.0,none,0.0,0.0,none
Kochi,2026-10-02 12:00:00,2,0.0018,0.0,none,0.0,0.0,none,0.0,0.0,none
Kochi,2026-10-02 13:00:00,2,0.0006,0.0,none,0.0,0.0,none,0.0,0.0,none
Kochi,2026-10-02 14:00:00,2,0.0,0.0,none,0.0,0.0,none,0.0,0.0,none
Kochi,2026-10-02 15:00:00,2,0.0,0.0,none,0.0005,0.0,none,0.0001,0.0,none
Kochi,2026-10-02 16:00:00,2,0.0,0.0,none,0.0005,0.0,none,0.0002,0.0,none
Kochi,2026-10-02 17:00:00,2,0.0,0.0,none,0.0002,0.0,none,0.0,0.0,none
Kochi,2026-10-02 18:00:00,2,0.0,0.0,none,0.0,0.0,none,0.0,0.0,none
Kochi,2026-10-02 19:00:00,2,0.0,0.0,none,0.0,0.0,none,0.0,0.0,none
Kochi,2026-10-02 20:00:00,2,0.0,0.0,none,0.0038,0.0,none,0.0,0.0,none
Kochi,2026-10-02 21:00:00,2,0.0,0.0,none,0.0,0.0,none,0.0001,0.0,none
Kochi,2026-10-02 22:00:00,2,0.0,0.0,none,0.0,0.0,none,0.0,0.0,none
Kochi,2026-10-02 23:00:00,2,0.0,0.0,none,0.0,0.0,none,0.0,0.0,none
Kochi,2026-10-03 00:00:00,3,0.0,0.0,none,0.0,0.0,none,0.0,0.0,none
Kochi,2026-10-03 01:00:00,3,0.0,0.0,none,0.0,0.0,none,0.0,0.0,none
Kochi,2026-10-03 02:00:00,3,0.0,0.0,none,0.0,0.0,none,0.0,0.0,none
Kochi,2026-10-03 03:00:00,3,0.0,0.0,none,0.0006,0.0,none,0.0,0.0,none
Kochi,2026-10-03 04:00:00,3,0.0,0.0,none,0.0,0.0,none,0.0,0.0,none
Kochi,2026-10-03 05:00:00,3,0.0,0.0,none,0.0,0.0,none,0.0,0.0,none
Kochi,2026-10-03 06:00:00,3,0.0,0.0,none,0.0,0.0,none,0.0,0.0,none
Kochi,2026-10-03 07:00:00,3,0.0,0.0,none,0.0006,0.0,none,0.0001,0.0,none
Kochi,2026-10-03 08:00:00,3,0.0,0.0,none,0.0,0.0,none,0.0,0.0,none
Kochi,2026-10-03 09:00:00,3,0.0,0.0,none,0.0,0.0,none,0.0,0.0,none
Kochi,2026-10-03 10:00:00,3,0.0,0.0,none,0.0,0.0,none,0.0,0.0,none
Kochi,2026-10-03 11:00:00,3,0.0001,0.0,none,0.0,0.0,none,0.0,0.0,none
Kochi,2026-10-03 12:00:00,3,0.0,0.0,none,0.0,0.0,none,0.0,0.0,none
Kochi,2026-10-03 13:00:00,3,0.0,0.0,none,0.0,0.0,none,0.0,0.0,none
Kochi,2026-10-03 14:00:00,3,0.0,0.0,none,0.0,0.0,none,0.0,0.0,none
Kochi,2026-10-03 15:00:00,3,0.0,0.0,none,0.0,0.0,none,0.0,0.0,none
Kochi,2026-10-03 16:00:00,3,0.0,0.0,none,0.0,0.0,none,0.0,0.0,none
Kochi,2026-10-03 17:00:00,3,0.0,0.0,none,0.0,0.0,none,0.0,0.0,none
Kochi,2026-10-03 18:00:00,3,0.0,0.0,none,0.0007,0.0,none,0.0,0.0,none
Kochi,2026-10-03 19:00:00,3,0.0,0.0,none,0.0001,0.0,none,0.0,0.0,none
Kochi,2026-10-03 20:00:00,3,0.0,0.0,none,0.0146,0.0002,none,0.0,0.0,none
Kochi,2026-10-03 21:00:00,3,0.0,0.0,none,0.008,0.0,none,0.0,0.0,none
Kochi,2026-10-03 22:00:00,3,0.0,0.0,none,0.0006,0.0,none,0.0,0.0,none
Kochi,2026-10-03 23:00:00,3,0.0,0.0,none,0.0156,0.0005,none,0.0,0.0,none
Kolkata,2026-10-01 00:00:00,1,0.0,0.0,none,0.0,0.0,none,0.0,0.0,none
Kolkata,2026-10-01 01:00:00,1,0.0,0.0,none,0.0,0.0,none,0.0,0.0,none
Kolkata,2026-10-01 02:00:00,1,0.0,0.0,none,0.0,0.0,none,0.0,0.0,none
Kolkata,2026-10-01 03:00:00,1,0.0,0.0,none,0.0,0.0,none,0.0,0.0,none
Kolkata,2026-10-01 04:00:00,1,0.0,0.0,none,0.0,0.0,none,0.0,0.0,none
Kolkata,2026-10-01 05:00:00,1,0.0,0.0,none,0.0,0.0,none,0.0,0.0,none
Kolkata,2026-10-01 06:00:00,1,0.0,0.0,none,0.0,0.0,none,0.0001,0.0,none
Kolkata,2026-10-01 07:00:00,1,0.0,0.0,none,0.0,0.0,none,0.0001,0.0,none
Kolkata,2026-10-01 08:00:00,1,0.0,0.0,none,0.0,0.0,none,0.0,0.0,none
Kolkata,2026-10-01 09:00:00,1,0.0,0.0,none,0.0,0.0,none,0.0,0.0,none
Kolkata,2026-10-01 10:00:00,1,0.0007,0.0,none,0.0,0.0,none,0.0,0.0,none
Kolkata,2026-10-01 11:00:00,1,0.0052,0.0,none,0.0098,0.0004,none,0.0,0.0,none
Kolkata,2026-10-01 12:00:00,1,0.0061,0.0,none,0.0362,0.0058,none,0.0,0.0,none
Kolkata,2026-10-01 13:00:00,1,0.0054,0.0,none,0.0,0.0,none,0.0,0.0,none
Kolkata,2026-10-01 14:00:00,1,0.0044,0.0,none,0.0,0.0,none,0.0,0.0,none
Kolkata,2026-10-01 15:00:00,1,0.002,0.0,none,0.0,0.0,none,0.0002,0.0,none
Kolkata,2026-10-01 16:00:00,1,0.0002,0.0,none,0.0,0.0,none,0.0005,0.0001,none
Kolkata,2026-10-01 17:00:00,1,0.0,0.0,none,0.0,0.0,none,0.0003,0.0,none
Kolkata,2026-10-01 18:00:00,1,0.0,0.0,none,0.0,0.0,none,0.0001,0.0,none
Kolkata,2026-10-01 19:00:00,1,0.0,0.0,none,0.0,0.0,none,0.0,0.0,none
Kolkata,2026-10-01 20:00:00,1,0.0,0.0,none,0.0,0.0,none,0.0,0.0,none
Kolkata,2026-10-01 21:00:00,1,0.0,0.0,none,0.0,0.0,none,0.0,0.0,none
Kolkata,2026-10-01 22:00:00,1,0.0,0.0,none,0.0,0.0,none,0.0,0.0,none
Kolkata,2026-10-01 23:00:00,1,0.0,0.0,none,0.0,0.0,none,0.0,0.0,none
Kolkata,2026-10-02 00:00:00,2,0.0,0.0,none,0.0,0.0,none,0.0,0.0,none
Kolkata,2026-10-02 01:00:00,2,0.0,0.0,none,0.0,0.0,none,0.0,0.0,none
Kolkata,2026-10-02 02:00:00,2,0.0,0.0,none,0.0,0.0,none,0.0,0.0,none
Kolkata,2026-10-02 03:00:00,2,0.0,0.0,none,0.0,0.0,none,0.0,0.0,none
Kolkata,2026-10-02 04:00:00,2,0.0,0.0,none,0.0,0.0,none,0.0,0.0,none
Kolkata,2026-10-02 05:00:00,2,0.0,0.0,none,0.0,0.0,none,0.0,0.0,none
Kolkata,2026-10-02 06:00:00,2,0.0,0.0,none,0.0,0.0,none,0.0,0.0,none
Kolkata,2026-10-02 07:00:00,2,0.0,0.0,none,0.0,0.0,none,0.0,0.0,none
Kolkata,2026-10-02 08:00:00,2,0.0,0.0,none,0.0,0.0,none,0.0,0.0,none
Kolkata,2026-10-02 09:00:00,2,0.0,0.0,none,0.0,0.0,none,0.0,0.0,none
Kolkata,2026-10-02 10:00:00,2,0.0002,0.0,none,0.0,0.0,none,0.0,0.0,none
Kolkata,2026-10-02 11:00:00,2,0.0046,0.0,none,0.0,0.0,none,0.0,0.0,none
Kolkata,2026-10-02 12:00:00,2,0.0035,0.0,none,0.0,0.0,none,0.0,0.0,none
Kolkata,2026-10-02 13:00:00,2,0.0047,0.0,none,0.0,0.0,none,0.0,0.0,none
Kolkata,2026-10-02 14:00:00,2,0.0035,0.0,none,0.0,0.0,none,0.0,0.0,none
Kolkata,2026-10-02 15:00:00,2,0.0012,0.0,none,0.0,0.0,none,0.0,0.0,none
Kolkata,2026-10-02 16:00:00,2,0.0,0.0,none,0.0,0.0,none,0.0,0.0,none
Kolkata,2026-10-02 17:00:00,2,0.0,0.0,none,0.0,0.0,none,0.0,0.0,none
Kolkata,2026-10-02 18:00:00,2,0.0,0.0,none,0.0,0.0,none,0.0,0.0,none
Kolkata,2026-10-02 19:00:00,2,0.0,0.0,none,0.0,0.0,none,0.0,0.0,none
Kolkata,2026-10-02 20:00:00,2,0.0,0.0,none,0.0,0.0,none,0.0,0.0,none
Kolkata,2026-10-02 21:00:00,2,0.0,0.0,none,0.0,0.0,none,0.0,0.0,none
Kolkata,2026-10-02 22:00:00,2,0.0,0.0,none,0.0,0.0,none,0.0,0.0,none
Kolkata,2026-10-02 23:00:00,2,0.0,0.0,none,0.0,0.0,none,0.0,0.0,none
Kolkata,2026-10-03 00:00:00,3,0.0,0.0,none,0.0,0.0,none,0.0,0.0,none
Kolkata,2026-10-03 01:00:00,3,0.0,0.0,none,0.0,0.0,none,0.0,0.0,none
Kolkata,2026-10-03 02:00:00,3,0.0,0.0,none,0.0,0.0,none,0.0,0.0,none
Kolkata,2026-10-03 03:00:00,3,0.0,0.0,none,0.0,0.0,none,0.0,0.0,none
Kolkata,2026-10-03 04:00:00,3,0.0,0.0,none,0.0,0.0,none,0.0,0.0,none
Kolkata,2026-10-03 05:00:00,3,0.0,0.0,none,0.0,0.0,none,0.0,0.0,none
Kolkata,2026-10-03 06:00:00,3,0.0,0.0,none,0.0,0.0,none,0.0,0.0,none
Kolkata,2026-10-03 07:00:00,3,0.0,0.0,none,0.0,0.0,none,0.0,0.0,none
Kolkata,2026-10-03 08:00:00,3,0.0,0.0,none,0.0,0.0,none,0.0,0.0,none
Kolkata,2026-10-03 09:00:00,3,0.0,0.0,none,0.0,0.0,none,0.0,0.0,none
Kolkata,2026-10-03 10:00:00,3,0.0002,0.0,none,0.0,0.0,none,0.0,0.0,none
Kolkata,2026-10-03 11:00:00,3,0.0054,0.0,none,0.0,0.0,none,0.0,0.0,none
Kolkata,2026-10-03 12:00:00,3,0.0068,0.0,none,0.0,0.0,none,0.0,0.0,none
Kolkata,2026-10-03 13:00:00,3,0.0084,0.0,none,0.0,0.0,none,0.0,0.0,none
Kolkata,2026-10-03 14:00:00,3,0.0048,0.0,none,0.0,0.0,none,0.0,0.0,none
Kolkata,2026-10-03 15:00:00,3,0.0012,0.0,none,0.0,0.0,none,0.0,0.0,none
Kolkata,2026-10-03 16:00:00,3,0.0,0.0,none,0.0,0.0,none,0.0,0.0,none
Kolkata,2026-10-03 17:00:00,3,0.0,0.0,none,0.0,0.0,none,0.0,0.0,none
Kolkata,2026-10-03 18:00:00,3,0.0,0.0,none,0.0,0.0,none,0.0001,0.0,none
Kolkata,2026-10-03 19:00:00,3,0.0,0.0,none,0.0,0.0,none,0.0001,0.0,none
Kolkata,2026-10-03 20:00:00,3,0.0,0.0,none,0.0,0.0,none,0.0,0.0,none
Kolkata,2026-10-03 21:00:00,3,0.0,0.0,none,0.0,0.0,none,0.0,0.0,none
Kolkata,2026-10-03 22:00:00,3,0.0,0.0,none,0.0,0.0,none,0.0,0.0,none
Kolkata,2026-10-03 23:00:00,3,0.0,0.0,none,0.0,0.0,none,0.0,0.0,none
Kota,2026-10-01 00:00:00,1,0.0,0.0,none,0.0,0.0,none,0.0,0.0,none
Kota,2026-10-01 01:00:00,1,0.0,0.0,none,0.0,0.0,none,0.0,0.0,none
Kota,2026-10-01 02:00:00,1,0.0,0.0,none,0.0,0.0,none,0.0,0.0,none
Kota,2026-10-01 03:00:00,1,0.0,0.0,none,0.0,0.0,none,0.0,0.0,none
Kota,2026-10-01 04:00:00,1,0.0,0.0,none,0.0,0.0,none,0.0,0.0,none
Kota,2026-10-01 05:00:00,1,0.0,0.0,none,0.0,0.0,none,0.0,0.0,none
Kota,2026-10-01 06:00:00,1,0.0,0.0,none,0.0,0.0,none,0.0,0.0,none
Kota,2026-10-01 07:00:00,1,0.0,0.0,none,0.0,0.0,none,0.0,0.0,none
Kota,2026-10-01 08:00:00,1,0.0,0.0,none,0.0,0.0,none,0.0,0.0,none
Kota,2026-10-01 09:00:00,1,0.0,0.0,none,0.0,0.0,none,0.0,0.0,none
Kota,2026-10-01 10:00:00,1,0.0,0.0,none,0.0,0.0,none,0.0,0.0,none
Kota,2026-10-01 11:00:00,1,0.0001,0.0,none,0.0,0.0,none,0.0,0.0,none
Kota,2026-10-01 12:00:00,1,0.0022,0.0,none,0.0,0.0,none,0.0,0.0,none
Kota,2026-10-01 13:00:00,1,0.008,0.0,none,0.0,0.0,none,0.0,0.0,none
Kota,2026-10-01 14:00:00,1,0.0173,0.0,none,0.0,0.0,none,0.0,0.0,none
Kota,2026-10-01 15:00:00,1,0.0086,0.0,none,0.0,0.0,none,0.0,0.0,none
Kota,2026-10-01 16:00:00,1,0.004,0.0,none,0.0,0.0,none,0.0,0.0,none
Kota,2026-10-01 17:00:00,1,0.0001,0.0,none,0.0,0.0,none,0.0,0.0,none
Kota,2026-10-01 18:00:00,1,0.0,0.0,none,0.0,0.0,none,0.0002,0.0,none
Kota,2026-10-01 19:00:00,1,0.0,0.0,none,0.0,0.0,none,0.0002,0.0,none
Kota,2026-10-01 20:00:00,1,0.0,0.0,none,0.0,0.0,none,0.0,0.0,none
Kota,2026-10-01 21:00:00,1,0.0,0.0,none,0.0,0.0,none,0.0,0.0,none
Kota,2026-10-01 22:00:00,1,0.0,0.0,none,0.0,0.0,none,0.0001,0.0,none
Kota,2026-10-01 23:00:00,1,0.0,0.0,none,0.0,0.0,none,0.0,0.0,none
Kota,2026-10-02 00:00:00,2,0.0,0.0,none,0.0,0.0,none,0.0,0.0,none
Kota,2026-10-02 01:00:00,2,0.0,0.0,none,0.0,0.0,none,0.0,0.0,none
Kota,2026-10-02 02:00:00,2,0.0,0.0,none,0.0,0.0,none,0.0,0.0,none
Kota,2026-10-02 03:00:00,2,0.0,0.0,none,0.0,0.0,none,0.0,0.0,none
Kota,2026-10-02 04:00:00,2,0.0,0.0,none,0.0,0.0,none,0.0,0.0,none
Kota,2026-10-02 05:00:00,2,0.0,0.0,none,0.0,0.0,none,0.0,0.0,none
Kota,2026-10-02 06:00:00,2,0.0,0.0,none,0.0,0.0,none,0.0,0.0,none
Kota,2026-10-02 07:00:00,2,0.0,0.0,none,0.0,0.0,none,0.0,0.0,none
Kota,2026-10-02 08:00:00,2,0.0,0.0,none,0.0,0.0,none,0.0,0.0,none
Kota,2026-10-02 09:00:00,2,0.0,0.0,none,0.0,0.0,none,0.0,0.0,none
Kota,2026-10-02 10:00:00,2,0.0,0.0,none,0.0,0.0,none,0.0,0.0,none
Kota,2026-10-02 11:00:00,2,0.0002,0.0,none,0.0,0.0,none,0.0,0.0,none
Kota,2026-10-02 12:00:00,2,0.0039,0.0,none,0.0,0.0,none,0.0,0.0,none
Kota,2026-10-02 13:00:00,2,0.0163,0.0,none,0.0,0.0,none,0.0,0.0,none
Kota,2026-10-02 14:00:00,2,0.0242,0.0,none,0.0,0.0,none,0.0,0.0,none
Kota,2026-10-02 15:00:00,2,0.0164,0.0,none,0.0,0.0,none,0.0,0.0,none
Kota,2026-10-02 16:00:00,2,0.0091,0.0,none,0.0,0.0,none,0.0,0.0,none
Kota,2026-10-02 17:00:00,2,0.0016,0.0,none,0.0,0.0,none,0.0,0.0,none
Kota,2026-10-02 18:00:00,2,0.0,0.0,none,0.0,0.0,none,0.0001,0.0,none
Kota,2026-10-02 19:00:00,2,0.0,0.0,none,0.0,0.0,none,0.0001,0.0,none
Kota,2026-10-02 20:00:00,2,0.0,0.0,none,0.0,0.0,none,0.0,0.0,none
Kota,2026-10-02 21:00:00,2,0.0,0.0,none,0.0,0.0,none,0.0,0.0,none
Kota,2026-10-02 22:00:00,2,0.0,0.0,none,0.0,0.0,none,0.0,0.0,none
Kota,2026-10-02 23:00:00,2,0.0,0.0,none,0.0,0.0,none,0.0,0.0,none
Kota,2026-10-03 00:00:00,3,0.0,0.0,none,0.0,0.0,none,0.0,0.0,none
Kota,2026-10-03 01:00:00,3,0.0,0.0,none,0.0,0.0,none,0.0,0.0,none
Kota,2026-10-03 02:00:00,3,0.0,0.0,none,0.0,0.0,none,0.0001,0.0,none
Kota,2026-10-03 03:00:00,3,0.0,0.0,none,0.0,0.0,none,0.0002,0.0,none
Kota,2026-10-03 04:00:00,3,0.0,0.0,none,0.0,0.0,none,0.0001,0.0,none
Kota,2026-10-03 05:00:00,3,0.0,0.0,none,0.0,0.0,none,0.0,0.0,none
Kota,2026-10-03 06:00:00,3,0.0,0.0,none,0.0,0.0,none,0.0,0.0,none
Kota,2026-10-03 07:00:00,3,0.0,0.0,none,0.0,0.0,none,0.0,0.0,none
Kota,2026-10-03 08:00:00,3,0.0,0.0,none,0.0,0.0,none,0.0001,0.0,none
Kota,2026-10-03 09:00:00,3,0.0,0.0,none,0.0,0.0,none,0.0001,0.0,none
Kota,2026-10-03 10:00:00,3,0.0,0.0,none,0.0,0.0,none,0.0,0.0,none
Kota,2026-10-03 11:00:00,3,0.0011,0.0,none,0.0,0.0,none,0.0,0.0,none
Kota,2026-10-03 12:00:00,3,0.0282,0.0,none,0.0,0.0,none,0.0,0.0,none
Kota,2026-10-03 13:00:00,3,0.1146,0.0001,none,0.0,0.0,none,0.0,0.0,none
Kota,2026-10-03 14:00:00,3,0.1408,0.0003,none,0.0,0.0,none,0.0,0.0,none
Kota,2026-10-03 15:00:00,3,0.0995,0.0004,none,0.0,0.0,none,0.0,0.0,none
Kota,2026-10-03 16:00:00,3,0.032,0.0001,none,0.0,0.0,none,0.0,0.0,none
Kota,2026-10-03 17:00:00,3,0.0013,0.0,none,0.0,0.0,none,0.0004,0.0001,none
Kota,2026-10-03 18:00:00,3,0.0,0.0,none,0.0,0.0,none,0.0008,0.0002,none
Kota,2026-10-03 19:00:00,3,0.0,0.0,none,0.0,0.0,none,0.0001,0.0,none
Kota,2026-10-03 20:00:00,3,0.0,0.0,none,0.0,0.0,none,0.0,0.0,none
Kota,2026-10-03 21:00:00,3,0.0,0.0,none,0.0,0.0,none,0.0,0.0,none
Kota,2026-10-03 22:00:00,3,0.0,0.0,none,0.0,0.0,none,0.0,0.0,none
Kota,2026-10-03 23:00:00,3,0.0,0.0,none,0.0,0.0,none,0.0,0.0,none
Lucknow,2026-10-01 00:00:00,1,0.0,0.0,none,0.0,0.0,none,0.0,0.0,none
Lucknow,2026-10-01 01:00:00,1,0.0,0.0,none,0.0,0.0,none,0.0,0.0,none
Lucknow,2026-10-01 02:00:00,1,0.0,0.0,none,0.0,0.0,none,0.0,0.0,none
Lucknow,2026-10-01 03:00:00,1,0.0,0.0,none,0.0,0.0,none,0.0,0.0,none
Lucknow,2026-10-01 04:00:00,1,0.0,0.0,none,0.0,0.0,none,0.0,0.0,none
Lucknow,2026-10-01 05:00:00,1,0.0,0.0,none,0.0,0.0,none,0.0,0.0,none
Lucknow,2026-10-01 06:00:00,1,0.0,0.0,none,0.0,0.0,none,0.0,0.0,none
Lucknow,2026-10-01 07:00:00,1,0.0,0.0,none,0.0,0.0,none,0.0,0.0,none
Lucknow,2026-10-01 08:00:00,1,0.0,0.0,none,0.0,0.0,none,0.0,0.0,none
Lucknow,2026-10-01 09:00:00,1,0.0,0.0,none,0.0,0.0,none,0.0,0.0,none
Lucknow,2026-10-01 10:00:00,1,0.0,0.0,none,0.0,0.0,none,0.0,0.0,none
Lucknow,2026-10-01 11:00:00,1,0.0,0.0,none,0.0,0.0,none,0.0,0.0,none
Lucknow,2026-10-01 12:00:00,1,0.0,0.0,none,0.0,0.0,none,0.0,0.0,none
Lucknow,2026-10-01 13:00:00,1,0.0,0.0,none,0.0,0.0,none,0.0,0.0,none
Lucknow,2026-10-01 14:00:00,1,0.0,0.0,none,0.0,0.0,none,0.0,0.0,none
Lucknow,2026-10-01 15:00:00,1,0.0,0.0,none,0.0,0.0,none,0.0,0.0,none
Lucknow,2026-10-01 16:00:00,1,0.0,0.0,none,0.0,0.0,none,0.0,0.0,none
Lucknow,2026-10-01 17:00:00,1,0.0,0.0,none,0.0,0.0,none,0.0,0.0,none
Lucknow,2026-10-01 18:00:00,1,0.0,0.0,none,0.0,0.0,none,0.0,0.0,none
Lucknow,2026-10-01 19:00:00,1,0.0,0.0,none,0.0,0.0,none,0.0,0.0,none
Lucknow,2026-10-01 20:00:00,1,0.0,0.0,none,0.0,0.0,none,0.0,0.0,none
Lucknow,2026-10-01 21:00:00,1,0.0,0.0,none,0.0,0.0,none,0.0,0.0,none
Lucknow,2026-10-01 22:00:00,1,0.0,0.0,none,0.0,0.0,none,0.0,0.0,none
Lucknow,2026-10-01 23:00:00,1,0.0,0.0,none,0.0,0.0,none,0.0,0.0,none
Lucknow,2026-10-02 00:00:00,2,0.0,0.0,none,0.0,0.0,none,0.0,0.0,none
Lucknow,2026-10-02 01:00:00,2,0.0,0.0,none,0.0,0.0,none,0.0,0.0,none
Lucknow,2026-10-02 02:00:00,2,0.0,0.0,none,0.0,0.0,none,0.0,0.0,none
Lucknow,2026-10-02 03:00:00,2,0.0,0.0,none,0.0,0.0,none,0.0,0.0,none
Lucknow,2026-10-02 04:00:00,2,0.0,0.0,none,0.0,0.0,none,0.0,0.0,none
Lucknow,2026-10-02 05:00:00,2,0.0,0.0,none,0.0,0.0,none,0.0,0.0,none
Lucknow,2026-10-02 06:00:00,2,0.0,0.0,none,0.0,0.0,none,0.0,0.0,none
Lucknow,2026-10-02 07:00:00,2,0.0,0.0,none,0.0,0.0,none,0.0,0.0,none
Lucknow,2026-10-02 08:00:00,2,0.0,0.0,none,0.0,0.0,none,0.0,0.0,none
Lucknow,2026-10-02 09:00:00,2,0.0,0.0,none,0.0,0.0,none,0.0,0.0,none
Lucknow,2026-10-02 10:00:00,2,0.0,0.0,none,0.0,0.0,none,0.0,0.0,none
Lucknow,2026-10-02 11:00:00,2,0.0,0.0,none,0.0,0.0,none,0.0,0.0,none
Lucknow,2026-10-02 12:00:00,2,0.0005,0.0,none,0.0,0.0,none,0.0,0.0,none
Lucknow,2026-10-02 13:00:00,2,0.0011,0.0,none,0.0,0.0,none,0.0,0.0,none
Lucknow,2026-10-02 14:00:00,2,0.0017,0.0,none,0.0,0.0,none,0.0,0.0,none
Lucknow,2026-10-02 15:00:00,2,0.0009,0.0,none,0.0,0.0,none,0.0,0.0,none
Lucknow,2026-10-02 16:00:00,2,0.0001,0.0,none,0.0,0.0,none,0.0,0.0,none
Lucknow,2026-10-02 17:00:00,2,0.0,0.0,none,0.0,0.0,none,0.0,0.0,none
Lucknow,2026-10-02 18:00:00,2,0.0,0.0,none,0.0,0.0,none,0.0,0.0,none
Lucknow,2026-10-02 19:00:00,2,0.0,0.0,none,0.0,0.0,none,0.0,0.0,none
Lucknow,2026-10-02 20:00:00,2,0.0,0.0,none,0.0,0.0,none,0.0,0.0,none
Lucknow,2026-10-02 21:00:00,2,0.0,0.0,none,0.0,0.0,none,0.0,0.0,none
Lucknow,2026-10-02 22:00:00,2,0.0,0.0,none,0.0,0.0,none,0.0,0.0,none
Lucknow,2026-10-02 23:00:00,2,0.0,0.0,none,0.0,0.0,none,0.0,0.0,none
Lucknow,2026-10-03 00:00:00,3,0.0,0.0,none,0.0,0.0,none,0.0,0.0,none
Lucknow,2026-10-03 01:00:00,3,0.0,0.0,none,0.0,0.0,none,0.0,0.0,none
Lucknow,2026-10-03 02:00:00,3,0.0,0.0,none,0.0,0.0,none,0.0,0.0,none
Lucknow,2026-10-03 03:00:00,3,0.0,0.0,none,0.0,0.0,none,0.0,0.0,none
Lucknow,2026-10-03 04:00:00,3,0.0,0.0,none,0.0,0.0,none,0.0,0.0,none
Lucknow,2026-10-03 05:00:00,3,0.0,0.0,none,0.0,0.0,none,0.0,0.0,none
Lucknow,2026-10-03 06:00:00,3,0.0,0.0,none,0.0,0.0,none,0.0,0.0,none
Lucknow,2026-10-03 07:00:00,3,0.0,0.0,none,0.0,0.0,none,0.0,0.0,none
Lucknow,2026-10-03 08:00:00,3,0.0,0.0,none,0.0,0.0,none,0.0,0.0,none
Lucknow,2026-10-03 09:00:00,3,0.0,0.0,none,0.0,0.0,none,0.0,0.0,none
Lucknow,2026-10-03 10:00:00,3,0.0,0.0,none,0.0,0.0,none,0.0,0.0,none
Lucknow,2026-10-03 11:00:00,3,0.0002,0.0,none,0.0,0.0,none,0.0,0.0,none
Lucknow,2026-10-03 12:00:00,3,0.0013,0.0,none,0.0,0.0,none,0.0,0.0,none
Lucknow,2026-10-03 13:00:00,3,0.004,0.0,none,0.0,0.0,none,0.0,0.0,none
Lucknow,2026-10-03 14:00:00,3,0.0058,0.0,none,0.0,0.0,none,0.0,0.0,none
Lucknow,2026-10-03 15:00:00,3,0.0022,0.0,none,0.0,0.0,none,0.0,0.0,none
Lucknow,2026-10-03 16:00:00,3,0.0003,0.0,none,0.0,0.0,none,0.0,0.0,none
Lucknow,2026-10-03 17:00:00,3,0.0,0.0,none,0.0,0.0,none,0.0,0.0,none
Lucknow,2026-10-03 18:00:00,3,0.0,0.0,none,0.0,0.0,none,0.0,0.0,none
Lucknow,2026-10-03 19:00:00,3,0.0,0.0,none,0.0,0.0,none,0.0,0.0,none
Lucknow,2026-10-03 20:00:00,3,0.0,0.0,none,0.0,0.0,none,0.0,0.0,none
Lucknow,2026-10-03 21:00:00,3,0.0,0.0,none,0.0,0.0,none,0.0,0.0,none
Lucknow,2026-10-03 22:00:00,3,0.0,0.0,none,0.0,0.0,none,0.0,0.0,none
Lucknow,2026-10-03 23:00:00,3,0.0,0.0,none,0.0,0.0,none,0.0,0.0,none
Ludhiana,2026-10-01 00:00:00,1,0.0,0.0,none,0.0,0.0,none,0.0,0.0,none
Ludhiana,2026-10-01 01:00:00,1,0.0,0.0,none,0.0,0.0,none,0.0,0.0,none
Ludhiana,2026-10-01 02:00:00,1,0.0,0.0,none,0.0,0.0,none,0.0,0.0,none
Ludhiana,2026-10-01 03:00:00,1,0.0,0.0,none,0.0,0.0,none,0.0,0.0,none
Ludhiana,2026-10-01 04:00:00,1,0.0,0.0,none,0.0,0.0,none,0.0,0.0,none
Ludhiana,2026-10-01 05:00:00,1,0.0,0.0,none,0.0,0.0,none,0.0,0.0,none
Ludhiana,2026-10-01 06:00:00,1,0.0,0.0,none,0.0,0.0,none,0.0001,0.0,none
Ludhiana,2026-10-01 07:00:00,1,0.0,0.0,none,0.0,0.0,none,0.0001,0.0,none
Ludhiana,2026-10-01 08:00:00,1,0.0,0.0,none,0.0,0.0,none,0.0,0.0,none
Ludhiana,2026-10-01 09:00:00,1,0.0,0.0,none,0.0,0.0,none,0.0,0.0,none
Ludhiana,2026-10-01 10:00:00,1,0.0002,0.0,none,0.0,0.0,none,0.0,0.0,none
Ludhiana,2026-10-01 11:00:00,1,0.0144,0.0001,none,0.0,0.0,none,0.0,0.0,none
Ludhiana,2026-10-01 12:00:00,1,0.0554,0.0008,none,0.0,0.0,none,0.0,0.0,none
Ludhiana,2026-10-01 13:00:00,1,0.1414,0.0044,none,0.0,0.0,none,0.0,0.0,none
Ludhiana,2026-10-01 14:00:00,1,0.2116,0.0103,none,0.0,0.0,none,0.0,0.0,none
Ludhiana,2026-10-01 15:00:00,1,0.1967,0.0115,none,0.0,0.0,none,0.0,0.0,none
Ludhiana,2026-10-01 16:00:00,1,0.1074,0.0044,none,0.0,0.0,none,0.0,0.0,none
Ludhiana,2026-10-01 17:00:00,1,0.0118,0.0001,none,0.0,0.0,none,0.0003,0.0,none
Ludhiana,2026-10-01 18:00:00,1,0.0,0.0,none,0.0,0.0,none,0.0002,0.0,none
Ludhiana,2026-10-01 19:00:00,1,0.0,0.0,none,0.0,0.0,none,0.0002,0.0,none
Ludhiana,2026-10-01 20:00:00,1,0.0,0.0,none,0.0,0.0,none,0.0001,0.0,none
Ludhiana,2026-10-01 21:00:00,1,0.0,0.0,none,0.0,0.0,none,0.0001,0.0,none
Ludhiana,2026-10-01 22:00:00,1,0.0,0.0,none,0.0,0.0,none,0.0001,0.0,none
Ludhiana,2026-10-01 23:00:00,1,0.0,0.0,none,0.0,0.0,none,0.0001,0.0,none
Ludhiana,2026-10-02 00:00:00,2,0.0,0.0,none,0.0,0.0,none,0.0,0.0,none
Ludhiana,2026-10-02 01:00:00,2,0.0,0.0,none,0.0,0.0,none,0.0001,0.0,none
Ludhiana,2026-10-02 02:00:00,2,0.0,0.0,none,0.0,0.0,none,0.0001,0.0,none
Ludhiana,2026-10-02 03:00:00,2,0.0,0.0,none,0.0,0.0,none,0.0001,0.0,none
Ludhiana,2026-10-02 04:00:00,2,0.0,0.0,none,0.0,0.0,none,0.0,0.0,none
Ludhiana,2026-10-02 05:00:00,2,0.0,0.0,none,0.0,0.0,none,0.0,0.0,none
Ludhiana,2026-10-02 06:00:00,2,0.0,0.0,none,0.0,0.0,none,0.0001,0.0,none
Ludhiana,2026-10-02 07:00:00,2,0.0,0.0,none,0.0,0.0,none,0.0001,0.0,none
Ludhiana,2026-10-02 08:00:00,2,0.0,0.0,none,0.0,0.0,none,0.0001,0.0,none
Ludhiana,2026-10-02 09:00:00,2,0.0,0.0,none,0.0,0.0,none,0.0,0.0,none
Ludhiana,2026-10-02 10:00:00,2,0.0084,0.0001,none,0.0,0.0,none,0.0001,0.0,none
Ludhiana,2026-10-02 11:00:00,2,0.0815,0.0021,none,0.0,0.0,none,0.0,0.0,none
Ludhiana,2026-10-02 12:00:00,2,0.2257,0.0138,none,0.0,0.0,none,0.0,0.0,none
Ludhiana,2026-10-02 13:00:00,2,0.4054,0.0483,none,0.0,0.0,none,0.0,0.0,none
Ludhiana,2026-10-02 14:00:00,2,0.4843,0.0827,none,0.0,0.0,none,0.0,0.0,none
Ludhiana,2026-10-02 15:00:00,2,0.4159,0.0671,none,0.0,0.0,none,0.0,0.0,none
Ludhiana,2026-10-02 16:00:00,2,0.2538,0.0293,none,0.0,0.0,none,0.0001,0.0,none
Ludhiana,2026-10-02 17:00:00,2,0.0484,0.0014,none,0.0,0.0,none,0.0002,0.0,none
Ludhiana,2026-10-02 18:00:00,2,0.0,0.0,none,0.0,0.0,none,0.0001,0.0,none
Ludhiana,2026-10-02 19:00:00,2,0.0,0.0,none,0.0,0.0,none,0.0001,0.0,none
Ludhiana,2026-10-02 20:00:00,2,0.0,0.0,none,0.0,0.0,none,0.0001,0.0,none
Ludhiana,2026-10-02 21:00:00,2,0.0,0.0,none,0.0,0.0,none,0.0001,0.0,none
Ludhiana,2026-10-02 22:00:00,2,0.0,0.0,none,0.0,0.0,none,0.0001,0.0,none
Ludhiana,2026-10-02 23:00:00,2,0.0,0.0,none,0.0,0.0,none,0.0001,0.0,none
Ludhiana,2026-10-03 00:00:00,3,0.0,0.0,none,0.0,0.0,none,0.0,0.0,none
Ludhiana,2026-10-03 01:00:00,3,0.0,0.0,none,0.0,0.0,none,0.0,0.0,none
Ludhiana,2026-10-03 02:00:00,3,0.0,0.0,none,0.0,0.0,none,0.0,0.0,none
Ludhiana,2026-10-03 03:00:00,3,0.0,0.0,none,0.0,0.0,none,0.0001,0.0,none
Ludhiana,2026-10-03 04:00:00,3,0.0,0.0,none,0.0,0.0,none,0.0004,0.0001,none
Ludhiana,2026-10-03 05:00:00,3,0.0,0.0,none,0.0,0.0,none,0.0002,0.0,none
Ludhiana,2026-10-03 06:00:00,3,0.0,0.0,none,0.0,0.0,none,0.0002,0.0,none
Ludhiana,2026-10-03 07:00:00,3,0.0,0.0,none,0.0,0.0,none,0.0001,0.0,none
Ludhiana,2026-10-03 08:00:00,3,0.0,0.0,none,0.0,0.0,none,0.0001,0.0,none
Ludhiana,2026-10-03 09:00:00,3,0.0,0.0,none,0.0,0.0,none,0.0,0.0,none
Ludhiana,2026-10-03 10:00:00,3,0.0084,0.0001,none,0.0,0.0,none,0.0,0.0,none
Ludhiana,2026-10-03 11:00:00,3,0.0992,0.0047,none,0.0,0.0,none,0.0,0.0,none
Ludhiana,2026-10-03 12:00:00,3,0.3372,0.046,none,0.0,0.0,none,0.0,0.0,none
Ludhiana,2026-10-03 13:00:00,3,0.4755,0.0973,none,0.0,0.0,none,0.0,0.0,none
Ludhiana,2026-10-03 14:00:00,3,0.5326,0.1352,moderate,0.0,0.0,none,0.0,0.0,none
Ludhiana,2026-10-03 15:00:00,3,0.4689,0.1133,none,0.0,0.0,none,0.0,0.0,none
Ludhiana,2026-10-03 16:00:00,3,0.3429,0.0654,none,0.0,0.0,none,0.0001,0.0,none
Ludhiana,2026-10-03 17:00:00,3,0.1055,0.0064,none,0.0,0.0,none,0.0004,0.0,none
Ludhiana,2026-10-03 18:00:00,3,0.0001,0.0,none,0.0,0.0,none,0.0005,0.0001,none
Ludhiana,2026-10-03 19:00:00,3,0.0,0.0,none,0.0,0.0,none,0.0006,0.0001,none
Ludhiana,2026-10-03 20:00:00,3,0.0,0.0,none,0.0,0.0,none,0.0004,0.0001,none
Ludhiana,2026-10-03 21:00:00,3,0.0,0.0,none,0.0,0.0,none,0.0003,0.0001,none
Ludhiana,2026-10-03 22:00:00,3,0.0,0.0,none,0.0,0.0,none,0.0003,0.0,none
Ludhiana,2026-10-03 23:00:00,3,0.0,0.0,none,0.0,0.0,none,0.0003,0.0001,none
Madurai,2026-10-01 00:00:00,1,0.0,0.0,none,0.1052,0.0382,none,0.0,0.0,none
Madurai,2026-10-01 01:00:00,1,0.0,0.0,none,0.0614,0.0302,none,0.0,0.0,none
Madurai,2026-10-01 02:00:00,1,0.0,0.0,none,0.0784,0.0258,none,0.0,0.0,none
Madurai,2026-10-01 03:00:00,1,0.0,0.0,none,0.0621,0.006,none,0.0,0.0,none
Madurai,2026-10-01 04:00:00,1,0.0,0.0,none,0.0072,0.0,none,0.0,0.0,none
Madurai,2026-10-01 05:00:00,1,0.0,0.0,none,0.0016,0.0,none,0.0,0.0,none
Madurai,2026-10-01 06:00:00,1,0.0,0.0,none,0.0045,0.0,none,0.0003,0.0,none
Madurai,2026-10-01 07:00:00,1,0.0,0.0,none,0.0,0.0,none,0.0001,0.0,none
Madurai,2026-10-01 08:00:00,1,0.0,0.0,none,0.0,0.0,none,0.0001,0.0,none
Madurai,2026-10-01 09:00:00,1,0.0002,0.0,none,0.0,0.0,none,0.0001,0.0,none
Madurai,2026-10-01 10:00:00,1,0.0081,0.0,none,0.0,0.0,none,0.0001,0.0,none
Madurai,2026-10-01 11:00:00,1,0.0976,0.0001,none,0.0,0.0,none,0.0,0.0,none
Madurai,2026-10-01 12:00:00,1,0.284,0.0004,none,0.0,0.0,none,0.0,0.0,none
Madurai,2026-10-01 13:00:00,1,0.4609,0.0002,none,0.0,0.0,none,0.0001,0.0,none
Madurai,2026-10-01 14:00:00,1,0.2036,0.0001,none,0.0,0.0,none,0.0003,0.0,none
Madurai,2026-10-01 15:00:00,1,0.0331,0.0001,none,0.0259,0.001,none,0.0011,0.0002,none
Madurai,2026-10-01 16:00:00,1,0.0127,0.0002,none,0.0251,0.0006,none,0.0004,0.0,none
Madurai,2026-10-01 17:00:00,1,0.0037,0.0001,none,0.0349,0.0004,none,0.0,0.0,none
Madurai,2026-10-01 18:00:00,1,0.0001,0.0,none,0.0007,0.0,none,0.0001,0.0,none
Madurai,2026-10-01 19:00:00,1,0.0,0.0,none,0.0077,0.0001,none,0.0,0.0,none
Madurai,2026-10-01 20:00:00,1,0.0,0.0,none,0.0153,0.0005,none,0.0,0.0,none
Madurai,2026-10-01 21:00:00,1,0.0,0.0,none,0.0,0.0,none,0.0,0.0,none
Madurai,2026-10-01 22:00:00,1,0.0,0.0,none,0.0,0.0,none,0.0,0.0,none
Madurai,2026-10-01 23:00:00,1,0.0,0.0,none,0.0,0.0,none,0.0,0.0,none
Madurai,2026-10-02 00:00:00,2,0.0,0.0,none,0.0,0.0,none,0.0,0.0,none
Madurai,2026-10-02 01:00:00,2,0.0,0.0,none,0.0,0.0,none,0.0,0.0,none
Madurai,2026-10-02 02:00:00,2,0.0,0.0,none,0.0042,0.0001,none,0.0,0.0,none
Madurai,2026-10-02 03:00:00,2,0.0,0.0,none,0.0014,0.0,none,0.0,0.0,none
Madurai,2026-10-02 04:00:00,2,0.0,0.0,none,0.0,0.0,none,0.0,0.0,none
Madurai,2026-10-02 05:00:00,2,0.0,0.0,none,0.0,0.0,none,0.0,0.0,none
Madurai,2026-10-02 06:00:00,2,0.0,0.0,none,0.0,0.0,none,0.0,0.0,none
Madurai,2026-10-02 07:00:00,2,0.0,0.0,none,0.0,0.0,none,0.0001,0.0,none
Madurai,2026-10-02 08:00:00,2,0.0,0.0,none,0.0,0.0,none,0.0001,0.0,none
Madurai,2026-10-02 09:00:00,2,0.0,0.0,none,0.0,0.0,none,0.0,0.0,none
Madurai,2026-10-02 10:00:00,2,0.0,0.0,none,0.0,0.0,none,0.0,0.0,none
Madurai,2026-10-02 11:00:00,2,0.0012,0.0,none,0.0,0.0,none,0.0,0.0,none
Madurai,2026-10-02 12:00:00,2,0.0225,0.0,none,0.001,0.0,none,0.0,0.0,none
Madurai,2026-10-02 13:00:00,2,0.0343,0.0,none,0.0,0.0,none,0.0,0.0,none
Madurai,2026-10-02 14:00:00,2,0.0578,0.0,none,0.0,0.0,none,0.0,0.0,none
Madurai,2026-10-02 15:00:00,2,0.0469,0.0,none,0.0,0.0,none,0.0,0.0,none
Madurai,2026-10-02 16:00:00,2,0.009,0.0,none,0.0,0.0,none,0.0,0.0,none
Madurai,2026-10-02 17:00:00,2,0.0,0.0,none,0.0,0.0,none,0.0,0.0,none
Madurai,2026-10-02 18:00:00,2,0.0,0.0,none,0.0,0.0,none,0.0,0.0,none
Madurai,2026-10-02 19:00:00,2,0.0,0.0,none,0.0,0.0,none,0.0,0.0,none
Madurai,2026-10-02 20:00:00,2,0.0,0.0,none,0.0,0.0,none,0.0,0.0,none
Madurai,2026-10-02 21:00:00,2,0.0,0.0,none,0.0,0.0,none,0.0,0.0,none
Madurai,2026-10-02 22:00:00,2,0.0,0.0,none,0.0,0.0,none,0.0,0.0,none
Madurai,2026-10-02 23:00:00,2,0.0,0.0,none,0.0,0.0,none,0.0,0.0,none
Madurai,2026-10-03 00:00:00,3,0.0,0.0,none,0.0,0.0,none,0.0,0.0,none
Madurai,2026-10-03 01:00:00,3,0.0,0.0,none,0.0006,0.0,none,0.0001,0.0,none
Madurai,2026-10-03 02:00:00,3,0.0,0.0,none,0.0,0.0,none,0.0,0.0,none
Madurai,2026-10-03 03:00:00,3,0.0,0.0,none,0.0,0.0,none,0.0,0.0,none
Madurai,2026-10-03 04:00:00,3,0.0,0.0,none,0.0004,0.0,none,0.0,0.0,none
Madurai,2026-10-03 05:00:00,3,0.0,0.0,none,0.0,0.0,none,0.0,0.0,none
Madurai,2026-10-03 06:00:00,3,0.0,0.0,none,0.0,0.0,none,0.0,0.0,none
Madurai,2026-10-03 07:00:00,3,0.0,0.0,none,0.0,0.0,none,0.0,0.0,none
Madurai,2026-10-03 08:00:00,3,0.0,0.0,none,0.0,0.0,none,0.0,0.0,none
Madurai,2026-10-03 09:00:00,3,0.0,0.0,none,0.0,0.0,none,0.0,0.0,none
Madurai,2026-10-03 10:00:00,3,0.0,0.0,none,0.0007,0.0,none,0.0,0.0,none
Madurai,2026-10-03 11:00:00,3,0.0009,0.0,none,0.0,0.0,none,0.0,0.0,none
Madurai,2026-10-03 12:00:00,3,0.0206,0.0,none,0.0,0.0,none,0.0,0.0,none
Madurai,2026-10-03 13:00:00,3,0.0992,0.0001,none,0.0,0.0,none,0.0,0.0,none
Madurai,2026-10-03 14:00:00,3,0.0754,0.0001,none,0.0,0.0,none,0.0,0.0,none
Madurai,2026-10-03 15:00:00,3,0.0544,0.0,none,0.0,0.0,none,0.0,0.0,none
Madurai,2026-10-03 16:00:00,3,0.0149,0.0,none,0.0,0.0,none,0.0,0.0,none
Madurai,2026-10-03 17:00:00,3,0.0009,0.0,none,0.0,0.0,none,0.0,0.0,none
Madurai,2026-10-03 18:00:00,3,0.0,0.0,none,0.0,0.0,none,0.0001,0.0,none
Madurai,2026-10-03 19:00:00,3,0.0,0.0,none,0.0,0.0,none,0.0001,0.0,none
Madurai,2026-10-03 20:00:00,3,0.0,0.0,none,0.0,0.0,none,0.0001,0.0,none
Madurai,2026-10-03 21:00:00,3,0.0,0.0,none,0.0,0.0,none,0.0,0.0,none
Madurai,2026-10-03 22:00:00,3,0.0,0.0,none,0.0,0.0,none,0.0,0.0,none
Madurai,2026-10-03 23:00:00,3,0.0,0.0,none,0.0007,0.0,none,0.0,0.0,none
Mumbai,2026-10-01 00:00:00,1,0.0,0.0,none,0.0,0.0,none,0.0,0.0,none
Mumbai,2026-10-01 01:00:00,1,0.0,0.0,none,0.0,0.0,none,0.0,0.0,none
Mumbai,2026-10-01 02:00:00,1,0.0,0.0,none,0.0,0.0,none,0.0001,0.0,none
Mumbai,2026-10-01 03:00:00,1,0.0,0.0,none,0.0,0.0,none,0.0003,0.0001,none
Mumbai,2026-10-01 04:00:00,1,0.0,0.0,none,0.0,0.0,none,0.0003,0.0001,none
Mumbai,2026-10-01 05:00:00,1,0.0,0.0,none,0.0,0.0,none,0.0002,0.0,none
Mumbai,2026-10-01 06:00:00,1,0.0,0.0,none,0.0,0.0,none,0.0001,0.0,none
Mumbai,2026-10-01 07:00:00,1,0.0,0.0,none,0.0,0.0,none,0.0,0.0,none
Mumbai,2026-10-01 08:00:00,1,0.0,0.0,none,0.0,0.0,none,0.0,0.0,none
Mumbai,2026-10-01 09:00:00,1,0.0,0.0,none,0.0,0.0,none,0.0,0.0,none
Mumbai,2026-10-01 10:00:00,1,0.0,0.0,none,0.0,0.0,none,0.0,0.0,none
Mumbai,2026-10-01 11:00:00,1,0.0001,0.0,none,0.0,0.0,none,0.0,0.0,none
Mumbai,2026-10-01 12:00:00,1,0.0041,0.0,none,0.0,0.0,none,0.0003,0.0001,none
Mumbai,2026-10-01 13:00:00,1,0.0108,0.0,none,0.0,0.0,none,0.0008,0.0002,none
Mumbai,2026-10-01 14:00:00,1,0.007,0.0,none,0.0,0.0,none,0.0007,0.0001,none
Mumbai,2026-10-01 15:00:00,1,0.0059,0.0,none,0.0,0.0,none,0.0008,0.0001,none
Mumbai,2026-10-01 16:00:00,1,0.0014,0.0,none,0.0,0.0,none,0.0004,0.0,none
Mumbai,2026-10-01 17:00:00,1,0.0,0.0,none,0.0,0.0,none,0.0002,0.0,none
Mumbai,2026-10-01 18:00:00,1,0.0,0.0,none,0.0,0.0,none,0.0001,0.0,none
Mumbai,2026-10-01 19:00:00,1,0.0,0.0,none,0.0,0.0,none,0.0,0.0,none
Mumbai,2026-10-01 20:00:00,1,0.0,0.0,none,0.0,0.0,none,0.0001,0.0,none
Mumbai,2026-10-01 21:00:00,1,0.0,0.0,none,0.0,0.0,none,0.0001,0.0,none
Mumbai,2026-10-01 22:00:00,1,0.0,0.0,none,0.0,0.0,none,0.0001,0.0,none
Mumbai,2026-10-01 23:00:00,1,0.0,0.0,none,0.0,0.0,none,0.0001,0.0,none
Mumbai,2026-10-02 00:00:00,2,0.0,0.0,none,0.0,0.0,none,0.0,0.0,none
Mumbai,2026-10-02 01:00:00,2,0.0,0.0,none,0.0,0.0,none,0.0,0.0,none
Mumbai,2026-10-02 02:00:00,2,0.0,0.0,none,0.0,0.0,none,0.0,0.0,none
Mumbai,2026-10-02 03:00:00,2,0.0,0.0,none,0.0,0.0,none,0.0,0.0,none
Mumbai,2026-10-02 04:00:00,2,0.0,0.0,none,0.0,0.0,none,0.0,0.0,none
Mumbai,2026-10-02 05:00:00,2,0.0,0.0,none,0.0,0.0,none,0.0,0.0,none
Mumbai,2026-10-02 06:00:00,2,0.0,0.0,none,0.0,0.0,none,0.0,0.0,none
Mumbai,2026-10-02 07:00:00,2,0.0,0.0,none,0.0,0.0,none,0.0,0.0,none
Mumbai,2026-10-02 08:00:00,2,0.0,0.0,none,0.0,0.0,none,0.0001,0.0,none
Mumbai,2026-10-02 09:00:00,2,0.0,0.0,none,0.0,0.0,none,0.0001,0.0,none
Mumbai,2026-10-02 10:00:00,2,0.0013,0.0,none,0.0,0.0,none,0.0001,0.0,none
Mumbai,2026-10-02 11:00:00,2,0.055,0.0,none,0.0,0.0,none,0.0001,0.0,none
Mumbai,2026-10-02 12:00:00,2,0.1253,0.0002,none,0.0,0.0,none,0.0002,0.0,none
Mumbai,2026-10-02 13:00:00,2,0.2832,0.0025,none,0.0,0.0,none,0.0,0.0,none
Mumbai,2026-10-02 14:00:00,2,0.3326,0.0051,none,0.0,0.0,none,0.0,0.0,none
Mumbai,2026-10-02 15:00:00,2,0.2969,0.0025,none,0.0,0.0,none,0.0001,0.0,none
Mumbai,2026-10-02 16:00:00,2,0.0889,0.0001,none,0.0,0.0,none,0.0006,0.0001,none
Mumbai,2026-10-02 17:00:00,2,0.0156,0.0,none,0.0,0.0,none,0.0006,0.0001,none
Mumbai,2026-10-02 18:00:00,2,0.0006,0.0,none,0.0,0.0,none,0.0003,0.0,none
Mumbai,2026-10-02 19:00:00,2,0.0,0.0,none,0.0,0.0,none,0.0002,0.0,none
Mumbai,2026-10-02 20:00:00,2,0.0,0.0,none,0.0,0.0,none,0.0001,0.0,none
Mumbai,2026-10-02 21:00:00,2,0.0,0.0,none,0.0,0.0,none,0.0,0.0,none
Mumbai,2026-10-02 22:00:00,2,0.0,0.0,none,0.0,0.0,none,0.0001,0.0,none
Mumbai,2026-10-02 23:00:00,2,0.0,0.0,none,0.0,0.0,none,0.0,0.0,none
Mumbai,2026-10-03 00:00:00,3,0.0,0.0,none,0.0,0.0,none,0.0,0.0,none
Mumbai,2026-10-03 01:00:00,3,0.0,0.0,none,0.0,0.0,none,0.0,0.0,none
Mumbai,2026-10-03 02:00:00,3,0.0,0.0,none,0.0,0.0,none,0.0,0.0,none
Mumbai,2026-10-03 03:00:00,3,0.0,0.0,none,0.0,0.0,none,0.0,0.0,none
Mumbai,2026-10-03 04:00:00,3,0.0,0.0,none,0.0,0.0,none,0.0,0.0,none
Mumbai,2026-10-03 05:00:00,3,0.0,0.0,none,0.0,0.0,none,0.0,0.0,none
Mumbai,2026-10-03 06:00:00,3,0.0,0.0,none,0.0,0.0,none,0.0,0.0,none
Mumbai,2026-10-03 07:00:00,3,0.0,0.0,none,0.0,0.0,none,0.0,0.0,none
Mumbai,2026-10-03 08:00:00,3,0.0,0.0,none,0.0,0.0,none,0.0,0.0,none
Mumbai,2026-10-03 09:00:00,3,0.0001,0.0,none,0.0,0.0,none,0.0,0.0,none
Mumbai,2026-10-03 10:00:00,3,0.0144,0.0,none,0.0,0.0,none,0.0,0.0,none
Mumbai,2026-10-03 11:00:00,3,0.2312,0.0008,none,0.0,0.0,none,0.0,0.0,none
Mumbai,2026-10-03 12:00:00,3,0.435,0.0086,none,0.0,0.0,none,0.0,0.0,none
Mumbai,2026-10-03 13:00:00,3,0.4859,0.0188,none,0.0,0.0,none,0.0,0.0,none
Mumbai,2026-10-03 14:00:00,3,0.3927,0.0125,none,0.0,0.0,none,0.0001,0.0,none
Mumbai,2026-10-03 15:00:00,3,0.2827,0.0024,none,0.0,0.0,none,0.0001,0.0,none
Mumbai,2026-10-03 16:00:00,3,0.0707,0.0001,none,0.0,0.0,none,0.0,0.0,none
Mumbai,2026-10-03 17:00:00,3,0.0087,0.0,none,0.0,0.0,none,0.0001,0.0,none
Mumbai,2026-10-03 18:00:00,3,0.0001,0.0,none,0.0,0.0,none,0.0001,0.0,none
Mumbai,2026-10-03 19:00:00,3,0.0,0.0,none,0.0,0.0,none,0.0001,0.0,none
Mumbai,2026-10-03 20:00:00,3,0.0,0.0,none,0.0,0.0,none,0.0001,0.0,none
Mumbai,2026-10-03 21:00:00,3,0.0,0.0,none,0.0,0.0,none,0.0,0.0,none
Mumbai,2026-10-03 22:00:00,3,0.0,0.0,none,0.0,0.0,none,0.0,0.0,none
Mumbai,2026-10-03 23:00:00,3,0.0,0.0,none,0.0,0.0,none,0.0,0.0,none
Nagpur,2026-10-01 00:00:00,1,0.0,0.0,none,0.0,0.0,none,0.0,0.0,none
Nagpur,2026-10-01 01:00:00,1,0.0,0.0,none,0.0,0.0,none,0.0,0.0,none
Nagpur,2026-10-01 02:00:00,1,0.0,0.0,none,0.0,0.0,none,0.0,0.0,none
Nagpur,2026-10-01 03:00:00,1,0.0,0.0,none,0.0,0.0,none,0.0,0.0,none
Nagpur,2026-10-01 04:00:00,1,0.0,0.0,none,0.0,0.0,none,0.0,0.0,none
Nagpur,2026-10-01 05:00:00,1,0.0,0.0,none,0.0,0.0,none,0.0,0.0,none
Nagpur,2026-10-01 06:00:00,1,0.0,0.0,none,0.0,0.0,none,0.0,0.0,none
Nagpur,2026-10-01 07:00:00,1,0.0,0.0,none,0.0,0.0,none,0.0,0.0,none
Nagpur,2026-10-01 08:00:00,1,0.0,0.0,none,0.0,0.0,none,0.0,0.0,none
Nagpur,2026-10-01 09:00:00,1,0.0,0.0,none,0.0,0.0,none,0.0,0.0,none
Nagpur,2026-10-01 10:00:00,1,0.0,0.0,none,0.0,0.0,none,0.0,0.0,none
Nagpur,2026-10-01 11:00:00,1,0.0005,0.0,none,0.0,0.0,none,0.0,0.0,none
Nagpur,2026-10-01 12:00:00,1,0.0033,0.0,none,0.0,0.0,none,0.0,0.0,none
Nagpur,2026-10-01 13:00:00,1,0.0108,0.0,none,0.0,0.0,none,0.0,0.0,none
Nagpur,2026-10-01 14:00:00,1,0.0115,0.0,none,0.0,0.0,none,0.0,0.0,none
Nagpur,2026-10-01 15:00:00,1,0.0039,0.0,none,0.0,0.0,none,0.0,0.0,none
Nagpur,2026-10-01 16:00:00,1,0.0005,0.0,none,0.0,0.0,none,0.0,0.0,none
Nagpur,2026-10-01 17:00:00,1,0.0,0.0,none,0.0,0.0,none,0.0,0.0,none
Nagpur,2026-10-01 18:00:00,1,0.0,0.0,none,0.0,0.0,none,0.0,0.0,none
Nagpur,2026-10-01 19:00:00,1,0.0,0.0,none,0.0,0.0,none,0.0,0.0,none
Nagpur,2026-10-01 20:00:00,1,0.0,0.0,none,0.0,0.0,none,0.0,0.0,none
Nagpur,2026-10-01 21:00:00,1,0.0,0.0,none,0.0,0.0,none,0.0,0.0,none
Nagpur,2026-10-01 22:00:00,1,0.0,0.0,none,0.0,0.0,none,0.0,0.0,none
Nagpur,2026-10-01 23:00:00,1,0.0,0.0,none,0.0,0.0,none,0.0,0.0,none
Nagpur,2026-10-02 00:00:00,2,0.0,0.0,none,0.0,0.0,none,0.0,0.0,none
Nagpur,2026-10-02 01:00:00,2,0.0,0.0,none,0.0,0.0,none,0.0,0.0,none
Nagpur,2026-10-02 02:00:00,2,0.0,0.0,none,0.0,0.0,none,0.0,0.0,none
Nagpur,2026-10-02 03:00:00,2,0.0,0.0,none,0.0,0.0,none,0.0,0.0,none
Nagpur,2026-10-02 04:00:00,2,0.0,0.0,none,0.0,0.0,none,0.0,0.0,none
Nagpur,2026-10-02 05:00:00,2,0.0,0.0,none,0.0,0.0,none,0.0,0.0,none
Nagpur,2026-10-02 06:00:00,2,0.0,0.0,none,0.0,0.0,none,0.0,0.0,none
Nagpur,2026-10-02 07:00:00,2,0.0,0.0,none,0.0,0.0,none,0.0,0.0,none
Nagpur,2026-10-02 08:00:00,2,0.0,0.0,none,0.0,0.0,none,0.0,0.0,none
Nagpur,2026-10-02 09:00:00,2,0.0,0.0,none,0.0,0.0,none,0.0,0.0,none
Nagpur,2026-10-02 10:00:00,2,0.0,0.0,none,0.0,0.0,none,0.0,0.0,none
Nagpur,2026-10-02 11:00:00,2,0.0001,0.0,none,0.0,0.0,none,0.0,0.0,none
Nagpur,2026-10-02 12:00:00,2,0.0036,0.0,none,0.0,0.0,none,0.0,0.0,none
Nagpur,2026-10-02 13:00:00,2,0.0088,0.0,none,0.0,0.0,none,0.0,0.0,none
Nagpur,2026-10-02 14:00:00,2,0.0071,0.0,none,0.0,0.0,none,0.0,0.0,none
Nagpur,2026-10-02 15:00:00,2,0.0022,0.0,none,0.0,0.0,none,0.0,0.0,none
Nagpur,2026-10-02 16:00:00,2,0.0004,0.0,none,0.0,0.0,none,0.0,0.0,none
Nagpur,2026-10-02 17:00:00,2,0.0,0.0,none,0.0,0.0,none,0.0,0.0,none
Nagpur,2026-10-02 18:00:00,2,0.0,0.0,none,0.0,0.0,none,0.0,0.0,none
Nagpur,2026-10-02 19:00:00,2,0.0,0.0,none,0.0,0.0,none,0.0,0.0,none
Nagpur,2026-10-02 20:00:00,2,0.0,0.0,none,0.0,0.0,none,0.0,0.0,none
Nagpur,2026-10-02 21:00:00,2,0.0,0.0,none,0.0,0.0,none,0.0,0.0,none
Nagpur,2026-10-02 22:00:00,2,0.0,0.0,none,0.0,0.0,none,0.0,0.0,none
Nagpur,2026-10-02 23:00:00,2,0.0,0.0,none,0.0,0.0,none,0.0,0.0,none
Nagpur,2026-10-03 00:00:00,3,0.0,0.0,none,0.0,0.0,none,0.0,0.0,none
Nagpur,2026-10-03 01:00:00,3,0.0,0.0,none,0.0,0.0,none,0.0,0.0,none
Nagpur,2026-10-03 02:00:00,3,0.0,0.0,none,0.0,0.0,none,0.0,0.0,none
Nagpur,2026-10-03 03:00:00,3,0.0,0.0,none,0.0,0.0,none,0.0,0.0,none
Nagpur,2026-10-03 04:00:00,3,0.0,0.0,none,0.0,0.0,none,0.0,0.0,none
Nagpur,2026-10-03 05:00:00,3,0.0,0.0,none,0.0,0.0,none,0.0,0.0,none
Nagpur,2026-10-03 06:00:00,3,0.0,0.0,none,0.0,0.0,none,0.0,0.0,none
Nagpur,2026-10-03 07:00:00,3,0.0,0.0,none,0.0,0.0,none,0.0,0.0,none
Nagpur,2026-10-03 08:00:00,3,0.0,0.0,none,0.0,0.0,none,0.0,0.0,none
Nagpur,2026-10-03 09:00:00,3,0.0,0.0,none,0.0,0.0,none,0.0,0.0,none
Nagpur,2026-10-03 10:00:00,3,0.0,0.0,none,0.0,0.0,none,0.0,0.0,none
Nagpur,2026-10-03 11:00:00,3,0.0001,0.0,none,0.0,0.0,none,0.0,0.0,none
Nagpur,2026-10-03 12:00:00,3,0.0045,0.0,none,0.0,0.0,none,0.0,0.0,none
Nagpur,2026-10-03 13:00:00,3,0.0133,0.0,none,0.0,0.0,none,0.0,0.0,none
Nagpur,2026-10-03 14:00:00,3,0.0075,0.0,none,0.0,0.0,none,0.0,0.0,none
Nagpur,2026-10-03 15:00:00,3,0.0035,0.0,none,0.0,0.0,none,0.0,0.0,none
Nagpur,2026-10-03 16:00:00,3,0.0008,0.0,none,0.0,0.0,none,0.0,0.0,none
Nagpur,2026-10-03 17:00:00,3,0.0,0.0,none,0.0,0.0,none,0.0,0.0,none
Nagpur,2026-10-03 18:00:00,3,0.0,0.0,none,0.0,0.0,none,0.0,0.0,none
Nagpur,2026-10-03 19:00:00,3,0.0,0.0,none,0.0,0.0,none,0.0,0.0,none
Nagpur,2026-10-03 20:00:00,3,0.0,0.0,none,0.0,0.0,none,0.0,0.0,none
Nagpur,2026-10-03 21:00:00,3,0.0,0.0,none,0.0,0.0,none,0.0,0.0,none
Nagpur,2026-10-03 22:00:00,3,0.0,0.0,none,0.0,0.0,none,0.0,0.0,none
Nagpur,2026-10-03 23:00:00,3,0.0,0.0,none,0.0,0.0,none,0.0,0.0,none
Nashik,2026-10-01 00:00:00,1,0.0,0.0,none,0.0,0.0,none,0.0,0.0,none
Nashik,2026-10-01 01:00:00,1,0.0,0.0,none,0.0,0.0,none,0.0,0.0,none
Nashik,2026-10-01 02:00:00,1,0.0,0.0,none,0.0,0.0,none,0.0,0.0,none
Nashik,2026-10-01 03:00:00,1,0.0,0.0,none,0.0,0.0,none,0.0,0.0,none
Nashik,2026-10-01 04:00:00,1,0.0,0.0,none,0.0,0.0,none,0.0,0.0,none
Nashik,2026-10-01 05:00:00,1,0.0,0.0,none,0.0,0.0,none,0.0,0.0,none
Nashik,2026-10-01 06:00:00,1,0.0,0.0,none,0.0,0.0,none,0.0,0.0,none
Nashik,2026-10-01 07:00:00,1,0.0,0.0,none,0.0,0.0,none,0.0,0.0,none
Nashik,2026-10-01 08:00:00,1,0.0,0.0,none,0.0,0.0,none,0.0,0.0,none
Nashik,2026-10-01 09:00:00,1,0.0,0.0,none,0.0,0.0,none,0.0001,0.0,none
Nashik,2026-10-01 10:00:00,1,0.0,0.0,none,0.0,0.0,none,0.0,0.0,none
Nashik,2026-10-01 11:00:00,1,0.0,0.0,none,0.0,0.0,none,0.0,0.0,none
Nashik,2026-10-01 12:00:00,1,0.0,0.0,none,0.0,0.0,none,0.0,0.0,none
Nashik,2026-10-01 13:00:00,1,0.0,0.0,none,0.0,0.0,none,0.0,0.0,none
Nashik,2026-10-01 14:00:00,1,0.0,0.0,none,0.0,0.0,none,0.0,0.0,none
Nashik,2026-10-01 15:00:00,1,0.0,0.0,none,0.0,0.0,none,0.0,0.0,none
Nashik,2026-10-01 16:00:00,1,0.0,0.0,none,0.0,0.0,none,0.0,0.0,none
Nashik,2026-10-01 17:00:00,1,0.0,0.0,none,0.0,0.0,none,0.0,0.0,none
Nashik,2026-10-01 18:00:00,1,0.0,0.0,none,0.0,0.0,none,0.0,0.0,none
Nashik,2026-10-01 19:00:00,1,0.0,0.0,none,0.0,0.0,none,0.0,0.0,none
Nashik,2026-10-01 20:00:00,1,0.0,0.0,none,0.0,0.0,none,0.0,0.0,none
Nashik,2026-10-01 21:00:00,1,0.0,0.0,none,0.0,0.0,none,0.0,0.0,none
Nashik,2026-10-01 22:00:00,1,0.0,0.0,none,0.0,0.0,none,0.0,0.0,none
Nashik,2026-10-01 23:00:00,1,0.0,0.0,none,0.0,0.0,none,0.0,0.0,none
Nashik,2026-10-02 00:00:00,2,0.0,0.0,none,0.0,0.0,none,0.0,0.0,none
Nashik,2026-10-02 01:00:00,2,0.0,0.0,none,0.0,0.0,none,0.0,0.0,none
Nashik,2026-10-02 02:00:00,2,0.0,0.0,none,0.0,0.0,none,0.0,0.0,none
Nashik,2026-10-02 03:00:00,2,0.0,0.0,none,0.0,0.0,none,0.0,0.0,none
Nashik,2026-10-02 04:00:00,2,0.0,0.0,none,0.0,0.0,none,0.0,0.0,none
Nashik,2026-10-02 05:00:00,2,0.0,0.0,none,0.0,0.0,none,0.0,0.0,none
Nashik,2026-10-02 06:00:00,2,0.0,0.0,none,0.0,0.0,none,0.0,0.0,none
Nashik,2026-10-02 07:00:00,2,0.0,0.0,none,0.0,0.0,none,0.0,0.0,none
Nashik,2026-10-02 08:00:00,2,0.0,0.0,none,0.0,0.0,none,0.0,0.0,none
Nashik,2026-10-02 09:00:00,2,0.0,0.0,none,0.0,0.0,none,0.0,0.0,none
Nashik,2026-10-02 10:00:00,2,0.0,0.0,none,0.0,0.0,none,0.0,0.0,none
Nashik,2026-10-02 11:00:00,2,0.0,0.0,none,0.0,0.0,none,0.0,0.0,none
Nashik,2026-10-02 12:00:00,2,0.0,0.0,none,0.0,0.0,none,0.0,0.0,none
Nashik,2026-10-02 13:00:00,2,0.0,0.0,none,0.0,0.0,none,0.0,0.0,none
Nashik,2026-10-02 14:00:00,2,0.0,0.0,none,0.0,0.0,none,0.0,0.0,none
Nashik,2026-10-02 15:00:00,2,0.0,0.0,none,0.0,0.0,none,0.0,0.0,none
Nashik,2026-10-02 16:00:00,2,0.0,0.0,none,0.0,0.0,none,0.0,0.0,none
Nashik,2026-10-02 17:00:00,2,0.0,0.0,none,0.0,0.0,none,0.0,0.0,none
Nashik,2026-10-02 18:00:00,2,0.0,0.0,none,0.0,0.0,none,0.0,0.0,none
Nashik,2026-10-02 19:00:00,2,0.0,0.0,none,0.0,0.0,none,0.0001,0.0,none
Nashik,2026-10-02 20:00:00,2,0.0,0.0,none,0.0,0.0,none,0.0,0.0,none
Nashik,2026-10-02 21:00:00,2,0.0,0.0,none,0.0,0.0,none,0.0,0.0,none
Nashik,2026-10-02 22:00:00,2,0.0,0.0,none,0.0,0.0,none,0.0,0.0,none
Nashik,2026-10-02 23:00:00,2,0.0,0.0,none,0.0,0.0,none,0.0,0.0,none
Nashik,2026-10-03 00:00:00,3,0.0,0.0,none,0.0,0.0,none,0.0,0.0,none
Nashik,2026-10-03 01:00:00,3,0.0,0.0,none,0.0,0.0,none,0.0,0.0,none
Nashik,2026-10-03 02:00:00,3,0.0,0.0,none,0.0,0.0,none,0.0,0.0,none
Nashik,2026-10-03 03:00:00,3,0.0,0.0,none,0.0,0.0,none,0.0001,0.0,none
Nashik,2026-10-03 04:00:00,3,0.0,0.0,none,0.0,0.0,none,0.0,0.0,none
Nashik,2026-10-03 05:00:00,3,0.0,0.0,none,0.0,0.0,none,0.0,0.0,none
Nashik,2026-10-03 06:00:00,3,0.0,0.0,none,0.0,0.0,none,0.0,0.0,none
Nashik,2026-10-03 07:00:00,3,0.0,0.0,none,0.0,0.0,none,0.0,0.0,none
Nashik,2026-10-03 08:00:00,3,0.0,0.0,none,0.0,0.0,none,0.0,0.0,none
Nashik,2026-10-03 09:00:00,3,0.0,0.0,none,0.0,0.0,none,0.0,0.0,none
Nashik,2026-10-03 10:00:00,3,0.0,0.0,none,0.0,0.0,none,0.0,0.0,none
Nashik,2026-10-03 11:00:00,3,0.0,0.0,none,0.0,0.0,none,0.0,0.0,none
Nashik,2026-10-03 12:00:00,3,0.0,0.0,none,0.0,0.0,none,0.0,0.0,none
Nashik,2026-10-03 13:00:00,3,0.0,0.0,none,0.0,0.0,none,0.0,0.0,none
Nashik,2026-10-03 14:00:00,3,0.0,0.0,none,0.0,0.0,none,0.0,0.0,none
Nashik,2026-10-03 15:00:00,3,0.0,0.0,none,0.0,0.0,none,0.0,0.0,none
Nashik,2026-10-03 16:00:00,3,0.0,0.0,none,0.0,0.0,none,0.0001,0.0,none
Nashik,2026-10-03 17:00:00,3,0.0,0.0,none,0.0,0.0,none,0.0001,0.0,none
Nashik,2026-10-03 18:00:00,3,0.0,0.0,none,0.0,0.0,none,0.0,0.0,none
Nashik,2026-10-03 19:00:00,3,0.0,0.0,none,0.0,0.0,none,0.0,0.0,none
Nashik,2026-10-03 20:00:00,3,0.0,0.0,none,0.0,0.0,none,0.0001,0.0,none
Nashik,2026-10-03 21:00:00,3,0.0,0.0,none,0.0,0.0,none,0.0002,0.0,none
Nashik,2026-10-03 22:00:00,3,0.0,0.0,none,0.0,0.0,none,0.0,0.0,none
Nashik,2026-10-03 23:00:00,3,0.0,0.0,none,0.0,0.0,none,0.0,0.0,none
Patna,2026-10-01 00:00:00,1,0.0,0.0,none,0.0,0.0,none,0.0,0.0,none
Patna,2026-10-01 01:00:00,1,0.0,0.0,none,0.0,0.0,none,0.0,0.0,none
Patna,2026-10-01 02:00:00,1,0.0,0.0,none,0.0,0.0,none,0.0,0.0,none
Patna,2026-10-01 03:00:00,1,0.0,0.0,none,0.0,0.0,none,0.0,0.0,none
Patna,2026-10-01 04:00:00,1,0.0,0.0,none,0.0,0.0,none,0.0,0.0,none
Patna,2026-10-01 05:00:00,1,0.0,0.0,none,0.0,0.0,none,0.0,0.0,none
Patna,2026-10-01 06:00:00,1,0.0,0.0,none,0.0,0.0,none,0.0,0.0,none
Patna,2026-10-01 07:00:00,1,0.0,0.0,none,0.0,0.0,none,0.0,0.0,none
Patna,2026-10-01 08:00:00,1,0.0,0.0,none,0.0,0.0,none,0.0,0.0,none
Patna,2026-10-01 09:00:00,1,0.0,0.0,none,0.0,0.0,none,0.0,0.0,none
Patna,2026-10-01 10:00:00,1,0.0,0.0,none,0.0,0.0,none,0.0,0.0,none
Patna,2026-10-01 11:00:00,1,0.0002,0.0,none,0.0,0.0,none,0.0,0.0,none
Patna,2026-10-01 12:00:00,1,0.0002,0.0,none,0.0,0.0,none,0.0,0.0,none
Patna,2026-10-01 13:00:00,1,0.0004,0.0,none,0.0,0.0,none,0.0,0.0,none
Patna,2026-10-01 14:00:00,1,0.0005,0.0,none,0.0,0.0,none,0.0,0.0,none
Patna,2026-10-01 15:00:00,1,0.0001,0.0,none,0.0,0.0,none,0.0,0.0,none
Patna,2026-10-01 16:00:00,1,0.0,0.0,none,0.0,0.0,none,0.0,0.0,none
Patna,2026-10-01 17:00:00,1,0.0,0.0,none,0.0,0.0,none,0.0001,0.0,none
Patna,2026-10-01 18:00:00,1,0.0,0.0,none,0.0,0.0,none,0.0001,0.0,none
Patna,2026-10-01 19:00:00,1,0.0,0.0,none,0.0,0.0,none,0.0001,0.0,none
Patna,2026-10-01 20:00:00,1,0.0,0.0,none,0.0,0.0,none,0.0,0.0,none
Patna,2026-10-01 21:00:00,1,0.0,0.0,none,0.0,0.0,none,0.0,0.0,none
Patna,2026-10-01 22:00:00,1,0.0,0.0,none,0.0,0.0,none,0.0,0.0,none
Patna,2026-10-01 23:00:00,1,0.0,0.0,none,0.0,0.0,none,0.0,0.0,none
Patna,2026-10-02 00:00:00,2,0.0,0.0,none,0.0,0.0,none,0.0,0.0,none
Patna,2026-10-02 01:00:00,2,0.0,0.0,none,0.0,0.0,none,0.0,0.0,none
Patna,2026-10-02 02:00:00,2,0.0,0.0,none,0.0,0.0,none,0.0,0.0,none
Patna,2026-10-02 03:00:00,2,0.0,0.0,none,0.0,0.0,none,0.0,0.0,none
Patna,2026-10-02 04:00:00,2,0.0,0.0,none,0.0,0.0,none,0.0,0.0,none
Patna,2026-10-02 05:00:00,2,0.0,0.0,none,0.0,0.0,none,0.0,0.0,none
Patna,2026-10-02 06:00:00,2,0.0,0.0,none,0.0,0.0,none,0.0,0.0,none
Patna,2026-10-02 07:00:00,2,0.0,0.0,none,0.0,0.0,none,0.0,0.0,none
Patna,2026-10-02 08:00:00,2,0.0,0.0,none,0.0,0.0,none,0.0,0.0,none
Patna,2026-10-02 09:00:00,2,0.0,0.0,none,0.0,0.0,none,0.0,0.0,none
Patna,2026-10-02 10:00:00,2,0.0,0.0,none,0.0,0.0,none,0.0,0.0,none
Patna,2026-10-02 11:00:00,2,0.0005,0.0,none,0.0,0.0,none,0.0,0.0,none
Patna,2026-10-02 12:00:00,2,0.0004,0.0,none,0.0,0.0,none,0.0,0.0,none
Patna,2026-10-02 13:00:00,2,0.0007,0.0,none,0.0,0.0,none,0.0,0.0,none
Patna,2026-10-02 14:00:00,2,0.0007,0.0,none,0.0,0.0,none,0.0,0.0,none
Patna,2026-10-02 15:00:00,2,0.0002,0.0,none,0.0,0.0,none,0.0,0.0,none
Patna,2026-10-02 16:00:00,2,0.0,0.0,none,0.0,0.0,none,0.0,0.0,none
Patna,2026-10-02 17:00:00,2,0.0,0.0,none,0.0,0.0,none,0.0001,0.0,none
Patna,2026-10-02 18:00:00,2,0.0,0.0,none,0.0,0.0,none,0.0,0.0,none
Patna,2026-10-02 19:00:00,2,0.0,0.0,none,0.0,0.0,none,0.0,0.0,none
Patna,2026-10-02 20:00:00,2,0.0,0.0,none,0.0,0.0,none,0.0,0.0,none
Patna,2026-10-02 21:00:00,2,0.0,0.0,none,0.0,0.0,none,0.0,0.0,none
Patna,2026-10-02 22:00:00,2,0.0,0.0,none,0.0,0.0,none,0.0,0.0,none
Patna,2026-10-02 23:00:00,2,0.0,0.0,none,0.0,0.0,none,0.0,0.0,none
Patna,2026-10-03 00:00:00,3,0.0,0.0,none,0.0,0.0,none,0.0,0.0,none
Patna,2026-10-03 01:00:00,3,0.0,0.0,none,0.0,0.0,none,0.0,0.0,none
Patna,2026-10-03 02:00:00,3,0.0,0.0,none,0.0,0.0,none,0.0,0.0,none
Patna,2026-10-03 03:00:00,3,0.0,0.0,none,0.0,0.0,none,0.0,0.0,none
Patna,2026-10-03 04:00:00,3,0.0,0.0,none,0.0,0.0,none,0.0,0.0,none
Patna,2026-10-03 05:00:00,3,0.0,0.0,none,0.0,0.0,none,0.0,0.0,none
Patna,2026-10-03 06:00:00,3,0.0,0.0,none,0.0,0.0,none,0.0,0.0,none
Patna,2026-10-03 07:00:00,3,0.0,0.0,none,0.0,0.0,none,0.0,0.0,none
Patna,2026-10-03 08:00:00,3,0.0,0.0,none,0.0,0.0,none,0.0,0.0,none
Patna,2026-10-03 09:00:00,3,0.0,0.0,none,0.0,0.0,none,0.0,0.0,none
Patna,2026-10-03 10:00:00,3,0.0,0.0,none,0.0,0.0,none,0.0,0.0,none
Patna,2026-10-03 11:00:00,3,0.0002,0.0,none,0.0,0.0,none,0.0,0.0,none
Patna,2026-10-03 12:00:00,3,0.0008,0.0,none,0.0,0.0,none,0.0,0.0,none
Patna,2026-10-03 13:00:00,3,0.0017,0.0,none,0.0,0.0,none,0.0,0.0,none
Patna,2026-10-03 14:00:00,3,0.0021,0.0,none,0.0,0.0,none,0.0,0.0,none
Patna,2026-10-03 15:00:00,3,0.0006,0.0,none,0.0,0.0,none,0.0,0.0,none
Patna,2026-10-03 16:00:00,3,0.0002,0.0,none,0.0,0.0,none,0.0,0.0,none
Patna,2026-10-03 17:00:00,3,0.0,0.0,none,0.0,0.0,none,0.0,0.0,none
Patna,2026-10-03 18:00:00,3,0.0,0.0,none,0.0,0.0,none,0.0,0.0,none
Patna,2026-10-03 19:00:00,3,0.0,0.0,none,0.0,0.0,none,0.0,0.0,none
Patna,2026-10-03 20:00:00,3,0.0,0.0,none,0.0,0.0,none,0.0,0.0,none
Patna,2026-10-03 21:00:00,3,0.0,0.0,none,0.0,0.0,none,0.0,0.0,none
Patna,2026-10-03 22:00:00,3,0.0,0.0,none,0.0,0.0,none,0.0,0.0,none
Patna,2026-10-03 23:00:00,3,0.0,0.0,none,0.0,0.0,none,0.0,0.0,none
Pune,2026-10-01 00:00:00,1,0.0,0.0,none,0.0,0.0,none,0.0,0.0,none
Pune,2026-10-01 01:00:00,1,0.0,0.0,none,0.0,0.0,none,0.0,0.0,none
Pune,2026-10-01 02:00:00,1,0.0,0.0,none,0.0,0.0,none,0.0,0.0,none
Pune,2026-10-01 03:00:00,1,0.0,0.0,none,0.0,0.0,none,0.0,0.0,none
Pune,2026-10-01 04:00:00,1,0.0,0.0,none,0.0,0.0,none,0.0,0.0,none
Pune,2026-10-01 05:00:00,1,0.0,0.0,none,0.0,0.0,none,0.0,0.0,none
Pune,2026-10-01 06:00:00,1,0.0,0.0,none,0.0,0.0,none,0.0,0.0,none
Pune,2026-10-01 07:00:00,1,0.0,0.0,none,0.0,0.0,none,0.0,0.0,none
Pune,2026-10-01 08:00:00,1,0.0,0.0,none,0.0,0.0,none,0.0,0.0,none
Pune,2026-10-01 09:00:00,1,0.0,0.0,none,0.0,0.0,none,0.0002,0.0,none
Pune,2026-10-01 10:00:00,1,0.0,0.0,none,0.0,0.0,none,0.0002,0.0,none
Pune,2026-10-01 11:00:00,1,0.0,0.0,none,0.0,0.0,none,0.0005,0.0001,none
Pune,2026-10-01 12:00:00,1,0.0,0.0,none,0.0,0.0,none,0.0006,0.0001,none
Pune,2026-10-01 13:00:00,1,0.0,0.0,none,0.0,0.0,none,0.0005,0.0001,none
Pune,2026-10-01 14:00:00,1,0.0,0.0,none,0.0,0.0,none,0.0006,0.0001,none
Pune,2026-10-01 15:00:00,1,0.0,0.0,none,0.0,0.0,none,0.0001,0.0,none
Pune,2026-10-01 16:00:00,1,0.0004,0.0,none,0.0012,0.0,none,0.0,0.0,none
Pune,2026-10-01 17:00:00,1,0.0,0.0,none,0.0,0.0,none,0.0,0.0,none
Pune,2026-10-01 18:00:00,1,0.0,0.0,none,0.0,0.0,none,0.0,0.0,none
Pune,2026-10-01 19:00:00,1,0.0,0.0,none,0.0,0.0,none,0.0001,0.0,none
Pune,2026-10-01 20:00:00,1,0.0,0.0,none,0.0,0.0,none,0.0001,0.0,none
Pune,2026-10-01 21:00:00,1,0.0,0.0,none,0.0,0.0,none,0.0,0.0,none
Pune,2026-10-01 22:00:00,1,0.0,0.0,none,0.0,0.0,none,0.0,0.0,none
Pune,2026-10-01 23:00:00,1,0.0,0.0,none,0.0,0.0,none,0.0001,0.0,none
Pune,2026-10-02 00:00:00,2,0.0,0.0,none,0.0,0.0,none,0.0,0.0,none
Pune,2026-10-02 01:00:00,2,0.0,0.0,none,0.0,0.0,none,0.0,0.0,none
Pune,2026-10-02 02:00:00,2,0.0,0.0,none,0.0,0.0,none,0.0,0.0,none
Pune,2026-10-02 03:00:00,2,0.0,0.0,none,0.0,0.0,none,0.0001,0.0,none
Pune,2026-10-02 04:00:00,2,0.0,0.0,none,0.0,0.0,none,0.0001,0.0,none
Pune,2026-10-02 05:00:00,2,0.0,0.0,none,0.0,0.0,none,0.0,0.0,none
Pune,2026-10-02 06:00:00,2,0.0,0.0,none,0.0,0.0,none,0.0,0.0,none
Pune,2026-10-02 07:00:00,2,0.0,0.0,none,0.0,0.0,none,0.0,0.0,none
Pune,2026-10-02 08:00:00,2,0.0,0.0,none,0.0,0.0,none,0.0,0.0,none
Pune,2026-10-02 09:00:00,2,0.0,0.0,none,0.0,0.0,none,0.0,0.0,none
Pune,2026-10-02 10:00:00,2,0.0,0.0,none,0.0,0.0,none,0.0,0.0,none
Pune,2026-10-02 11:00:00,2,0.0,0.0,none,0.0,0.0,none,0.0,0.0,none
Pune,2026-10-02 12:00:00,2,0.0,0.0,none,0.0,0.0,none,0.0,0.0,none
Pune,2026-10-02 13:00:00,2,0.0,0.0,none,0.0,0.0,none,0.0,0.0,none
Pune,2026-10-02 14:00:00,2,0.0,0.0,none,0.0,0.0,none,0.0,0.0,none
Pune,2026-10-02 15:00:00,2,0.0,0.0,none,0.0,0.0,none,0.0,0.0,none
Pune,2026-10-02 16:00:00,2,0.0,0.0,none,0.0,0.0,none,0.0,0.0,none
Pune,2026-10-02 17:00:00,2,0.0,0.0,none,0.0,0.0,none,0.0,0.0,none
Pune,2026-10-02 18:00:00,2,0.0,0.0,none,0.0,0.0,none,0.0,0.0,none
Pune,2026-10-02 19:00:00,2,0.0,0.0,none,0.0,0.0,none,0.0001,0.0,none
Pune,2026-10-02 20:00:00,2,0.0,0.0,none,0.0,0.0,none,0.0001,0.0,none
Pune,2026-10-02 21:00:00,2,0.0,0.0,none,0.0,0.0,none,0.0001,0.0,none
Pune,2026-10-02 22:00:00,2,0.0,0.0,none,0.0,0.0,none,0.0,0.0,none
Pune,2026-10-02 23:00:00,2,0.0,0.0,none,0.0,0.0,none,0.0,0.0,none
Pune,2026-10-03 00:00:00,3,0.0,0.0,none,0.0,0.0,none,0.0,0.0,none
Pune,2026-10-03 01:00:00,3,0.0,0.0,none,0.0,0.0,none,0.0,0.0,none
Pune,2026-10-03 02:00:00,3,0.0,0.0,none,0.0,0.0,none,0.0,0.0,none
Pune,2026-10-03 03:00:00,3,0.0,0.0,none,0.0,0.0,none,0.0001,0.0,none
Pune,2026-10-03 04:00:00,3,0.0,0.0,none,0.0,0.0,none,0.0,0.0,none
Pune,2026-10-03 05:00:00,3,0.0,0.0,none,0.0,0.0,none,0.0,0.0,none
Pune,2026-10-03 06:00:00,3,0.0,0.0,none,0.0,0.0,none,0.0,0.0,none
Pune,2026-10-03 07:00:00,3,0.0,0.0,none,0.0,0.0,none,0.0,0.0,none
Pune,2026-10-03 08:00:00,3,0.0,0.0,none,0.0,0.0,none,0.0,0.0,none
Pune,2026-10-03 09:00:00,3,0.0,0.0,none,0.0,0.0,none,0.0001,0.0,none
Pune,2026-10-03 10:00:00,3,0.0,0.0,none,0.0,0.0,none,0.0,0.0,none
Pune,2026-10-03 11:00:00,3,0.0,0.0,none,0.0,0.0,none,0.0,0.0,none
Pune,2026-10-03 12:00:00,3,0.0,0.0,none,0.0,0.0,none,0.0001,0.0,none
Pune,2026-10-03 13:00:00,3,0.0,0.0,none,0.0,0.0,none,0.0,0.0,none
Pune,2026-10-03 14:00:00,3,0.0,0.0,none,0.0,0.0,none,0.0,0.0,none
Pune,2026-10-03 15:00:00,3,0.0,0.0,none,0.0,0.0,none,0.0,0.0,none
Pune,2026-10-03 16:00:00,3,0.0,0.0,none,0.0,0.0,none,0.0,0.0,none
Pune,2026-10-03 17:00:00,3,0.0,0.0,none,0.0,0.0,none,0.0001,0.0,none
Pune,2026-10-03 18:00:00,3,0.0,0.0,none,0.0,0.0,none,0.0002,0.0,none
Pune,2026-10-03 19:00:00,3,0.0,0.0,none,0.0,0.0,none,0.0,0.0,none
Pune,2026-10-03 20:00:00,3,0.0,0.0,none,0.0,0.0,none,0.0001,0.0,none
Pune,2026-10-03 21:00:00,3,0.0,0.0,none,0.0,0.0,none,0.0,0.0,none
Pune,2026-10-03 22:00:00,3,0.0,0.0,none,0.0,0.0,none,0.0,0.0,none
Pune,2026-10-03 23:00:00,3,0.0,0.0,none,0.0,0.0,none,0.0,0.0,none
Raipur,2026-10-01 00:00:00,1,0.0,0.0,none,0.0,0.0,none,0.0,0.0,none
Raipur,2026-10-01 01:00:00,1,0.0,0.0,none,0.0,0.0,none,0.0,0.0,none
Raipur,2026-10-01 02:00:00,1,0.0,0.0,none,0.0,0.0,none,0.0,0.0,none
Raipur,2026-10-01 03:00:00,1,0.0,0.0,none,0.0,0.0,none,0.0,0.0,none
Raipur,2026-10-01 04:00:00,1,0.0,0.0,none,0.0,0.0,none,0.0,0.0,none
Raipur,2026-10-01 05:00:00,1,0.0,0.0,none,0.0,0.0,none,0.0,0.0,none
Raipur,2026-10-01 06:00:00,1,0.0,0.0,none,0.0,0.0,none,0.0,0.0,none
Raipur,2026-10-01 07:00:00,1,0.0,0.0,none,0.0,0.0,none,0.0,0.0,none
Raipur,2026-10-01 08:00:00,1,0.0,0.0,none,0.0,0.0,none,0.0,0.0,none
Raipur,2026-10-01 09:00:00,1,0.0,0.0,none,0.0,0.0,none,0.0,0.0,none
Raipur,2026-10-01 10:00:00,1,0.0,0.0,none,0.0,0.0,none,0.0,0.0,none
Raipur,2026-10-01 11:00:00,1,0.0,0.0,none,0.0,0.0,none,0.0,0.0,none
Raipur,2026-10-01 12:00:00,1,0.0001,0.0,none,0.0,0.0,none,0.0,0.0,none
Raipur,2026-10-01 13:00:00,1,0.0001,0.0,none,0.0,0.0,none,0.0,0.0,none
Raipur,2026-10-01 14:00:00,1,0.0,0.0,none,0.0,0.0,none,0.0,0.0,none
Raipur,2026-10-01 15:00:00,1,0.0,0.0,none,0.0,0.0,none,0.0,0.0,none
Raipur,2026-10-01 16:00:00,1,0.0,0.0,none,0.0,0.0,none,0.0,0.0,none
Raipur,2026-10-01 17:00:00,1,0.0,0.0,none,0.0,0.0,none,0.0,0.0,none
Raipur,2026-10-01 18:00:00,1,0.0,0.0,none,0.0,0.0,none,0.0,0.0,none
Raipur,2026-10-01 19:00:00,1,0.0,0.0,none,0.0,0.0,none,0.0,0.0,none
Raipur,2026-10-01 20:00:00,1,0.0,0.0,none,0.0,0.0,none,0.0,0.0,none
Raipur,2026-10-01 21:00:00,1,0.0,0.0,none,0.0,0.0,none,0.0,0.0,none
Raipur,2026-10-01 22:00:00,1,0.0,0.0,none,0.0,0.0,none,0.0,0.0,none
Raipur,2026-10-01 23:00:00,1,0.0,0.0,none,0.0,0.0,none,0.0,0.0,none
Raipur,2026-10-02 00:00:00,2,0.0,0.0,none,0.0,0.0,none,0.0,0.0,none
Raipur,2026-10-02 01:00:00,2,0.0,0.0,none,0.0,0.0,none,0.0,0.0,none
Raipur,2026-10-02 02:00:00,2,0.0,0.0,none,0.0,0.0,none,0.0,0.0,none
Raipur,2026-10-02 03:00:00,2,0.0,0.0,none,0.0,0.0,none,0.0,0.0,none
Raipur,2026-10-02 04:00:00,2,0.0,0.0,none,0.0,0.0,none,0.0,0.0,none
Raipur,2026-10-02 05:00:00,2,0.0,0.0,none,0.0,0.0,none,0.0,0.0,none
Raipur,2026-10-02 06:00:00,2,0.0,0.0,none,0.0,0.0,none,0.0,0.0,none
Raipur,2026-10-02 07:00:00,2,0.0,0.0,none,0.0,0.0,none,0.0,0.0,none
Raipur,2026-10-02 08:00:00,2,0.0,0.0,none,0.0,0.0,none,0.0,0.0,none
Raipur,2026-10-02 09:00:00,2,0.0,0.0,none,0.0,0.0,none,0.0,0.0,none
Raipur,2026-10-02 10:00:00,2,0.0,0.0,none,0.0,0.0,none,0.0,0.0,none
Raipur,2026-10-02 11:00:00,2,0.0,0.0,none,0.0,0.0,none,0.0,0.0,none
Raipur,2026-10-02 12:00:00,2,0.0001,0.0,none,0.0,0.0,none,0.0,0.0,none
Raipur,2026-10-02 13:00:00,2,0.0003,0.0,none,0.0,0.0,none,0.0,0.0,none
Raipur,2026-10-02 14:00:00,2,0.0002,0.0,none,0.0,0.0,none,0.0,0.0,none
Raipur,2026-10-02 15:00:00,2,0.0,0.0,none,0.0,0.0,none,0.0,0.0,none
Raipur,2026-10-02 16:00:00,2,0.0,0.0,none,0.0,0.0,none,0.0,0.0,none
Raipur,2026-10-02 17:00:00,2,0.0,0.0,none,0.0,0.0,none,0.0,0.0,none
Raipur,2026-10-02 18:00:00,2,0.0,0.0,none,0.0,0.0,none,0.0001,0.0,none
Raipur,2026-10-02 19:00:00,2,0.0,0.0,none,0.0,0.0,none,0.0001,0.0,none
Raipur,2026-10-02 20:00:00,2,0.0,0.0,none,0.0,0.0,none,0.0,0.0,none
Raipur,2026-10-02 21:00:00,2,0.0,0.0,none,0.0,0.0,none,0.0,0.0,none
Raipur,2026-10-02 22:00:00,2,0.0,0.0,none,0.0,0.0,none,0.0,0.0,none
Raipur,2026-10-02 23:00:00,2,0.0,0.0,none,0.0,0.0,none,0.0,0.0,none
Raipur,2026-10-03 00:00:00,3,0.0,0.0,none,0.0,0.0,none,0.0,0.0,none
Raipur,2026-10-03 01:00:00,3,0.0,0.0,none,0.0,0.0,none,0.0,0.0,none
Raipur,2026-10-03 02:00:00,3,0.0,0.0,none,0.0,0.0,none,0.0,0.0,none
Raipur,2026-10-03 03:00:00,3,0.0,0.0,none,0.0,0.0,none,0.0,0.0,none
Raipur,2026-10-03 04:00:00,3,0.0,0.0,none,0.0,0.0,none,0.0,0.0,none
Raipur,2026-10-03 05:00:00,3,0.0,0.0,none,0.0,0.0,none,0.0,0.0,none
Raipur,2026-10-03 06:00:00,3,0.0,0.0,none,0.0,0.0,none,0.0,0.0,none
Raipur,2026-10-03 07:00:00,3,0.0,0.0,none,0.0,0.0,none,0.0,0.0,none
Raipur,2026-10-03 08:00:00,3,0.0,0.0,none,0.0,0.0,none,0.0,0.0,none
Raipur,2026-10-03 09:00:00,3,0.0,0.0,none,0.0,0.0,none,0.0,0.0,none
Raipur,2026-10-03 10:00:00,3,0.0,0.0,none,0.0,0.0,none,0.0,0.0,none
Raipur,2026-10-03 11:00:00,3,0.0,0.0,none,0.0,0.0,none,0.0,0.0,none
Raipur,2026-10-03 12:00:00,3,0.0002,0.0,none,0.0,0.0,none,0.0,0.0,none
Raipur,2026-10-03 13:00:00,3,0.0005,0.0,none,0.0,0.0,none,0.0,0.0,none
Raipur,2026-10-03 14:00:00,3,0.0003,0.0,none,0.0,0.0,none,0.0,0.0,none
Raipur,2026-10-03 15:00:00,3,0.0001,0.0,none,0.0,0.0,none,0.0,0.0,none
Raipur,2026-10-03 16:00:00,3,0.0,0.0,none,0.0,0.0,none,0.0,0.0,none
Raipur,2026-10-03 17:00:00,3,0.0,0.0,none,0.0,0.0,none,0.0,0.0,none
Raipur,2026-10-03 18:00:00,3,0.0,0.0,none,0.0,0.0,none,0.0001,0.0,none
Raipur,2026-10-03 19:00:00,3,0.0,0.0,none,0.0,0.0,none,0.0,0.0,none
Raipur,2026-10-03 20:00:00,3,0.0,0.0,none,0.0,0.0,none,0.0,0.0,none
Raipur,2026-10-03 21:00:00,3,0.0,0.0,none,0.0,0.0,none,0.0,0.0,none
Raipur,2026-10-03 22:00:00,3,0.0,0.0,none,0.0,0.0,none,0.0,0.0,none
Raipur,2026-10-03 23:00:00,3,0.0,0.0,none,0.0,0.0,none,0.0,0.0,none
Ranchi,2026-10-01 00:00:00,1,0.0,0.0,none,0.0,0.0,none,0.0,0.0,none
Ranchi,2026-10-01 01:00:00,1,0.0,0.0,none,0.0,0.0,none,0.0,0.0,none
Ranchi,2026-10-01 02:00:00,1,0.0,0.0,none,0.0,0.0,none,0.0,0.0,none
Ranchi,2026-10-01 03:00:00,1,0.0,0.0,none,0.0,0.0,none,0.0,0.0,none
Ranchi,2026-10-01 04:00:00,1,0.0,0.0,none,0.0,0.0,none,0.0,0.0,none
Ranchi,2026-10-01 05:00:00,1,0.0,0.0,none,0.0,0.0,none,0.0,0.0,none
Ranchi,2026-10-01 06:00:00,1,0.0,0.0,none,0.0,0.0,none,0.0,0.0,none
Ranchi,2026-10-01 07:00:00,1,0.0,0.0,none,0.0,0.0,none,0.0,0.0,none
Ranchi,2026-10-01 08:00:00,1,0.0,0.0,none,0.0,0.0,none,0.0,0.0,none
Ranchi,2026-10-01 09:00:00,1,0.0,0.0,none,0.0,0.0,none,0.0,0.0,none
Ranchi,2026-10-01 10:00:00,1,0.0,0.0,none,0.0,0.0,none,0.0,0.0,none
Ranchi,2026-10-01 11:00:00,1,0.0,0.0,none,0.0,0.0,none,0.0,0.0,none
Ranchi,2026-10-01 12:00:00,1,0.0,0.0,none,0.0,0.0,none,0.0,0.0,none
Ranchi,2026-10-01 13:00:00,1,0.0,0.0,none,0.0,0.0,none,0.0,0.0,none
Ranchi,2026-10-01 14:00:00,1,0.0,0.0,none,0.0,0.0,none,0.0,0.0,none
Ranchi,2026-10-01 15:00:00,1,0.0,0.0,none,0.0,0.0,none,0.0,0.0,none
Ranchi,2026-10-01 16:00:00,1,0.0,0.0,none,0.0,0.0,none,0.0,0.0,none
Ranchi,2026-10-01 17:00:00,1,0.0,0.0,none,0.0,0.0,none,0.0,0.0,none
Ranchi,2026-10-01 18:00:00,1,0.0,0.0,none,0.0,0.0,none,0.0,0.0,none
Ranchi,2026-10-01 19:00:00,1,0.0,0.0,none,0.0,0.0,none,0.0,0.0,none
Ranchi,2026-10-01 20:00:00,1,0.0,0.0,none,0.0,0.0,none,0.0,0.0,none
Ranchi,2026-10-01 21:00:00,1,0.0,0.0,none,0.0,0.0,none,0.0001,0.0,none
Ranchi,2026-10-01 22:00:00,1,0.0,0.0,none,0.0,0.0,none,0.0,0.0,none
Ranchi,2026-10-01 23:00:00,1,0.0,0.0,none,0.0,0.0,none,0.0,0.0,none
Ranchi,2026-10-02 00:00:00,2,0.0,0.0,none,0.0,0.0,none,0.0,0.0,none
Ranchi,2026-10-02 01:00:00,2,0.0,0.0,none,0.0,0.0,none,0.0,0.0,none
Ranchi,2026-10-02 02:00:00,2,0.0,0.0,none,0.0,0.0,none,0.0,0.0,none
Ranchi,2026-10-02 03:00:00,2,0.0,0.0,none,0.0,0.0,none,0.0,0.0,none
Ranchi,2026-10-02 04:00:00,2,0.0,0.0,none,0.0,0.0,none,0.0,0.0,none
Ranchi,2026-10-02 05:00:00,2,0.0,0.0,none,0.0,0.0,none,0.0,0.0,none
Ranchi,2026-10-02 06:00:00,2,0.0,0.0,none,0.0,0.0,none,0.0,0.0,none
Ranchi,2026-10-02 07:00:00,2,0.0,0.0,none,0.0,0.0,none,0.0,0.0,none
Ranchi,2026-10-02 08:00:00,2,0.0,0.0,none,0.0,0.0,none,0.0,0.0,none
Ranchi,2026-10-02 09:00:00,2,0.0,0.0,none,0.0,0.0,none,0.0,0.0,none
Ranchi,2026-10-02 10:00:00,2,0.0,0.0,none,0.0,0.0,none,0.0,0.0,none
Ranchi,2026-10-02 11:00:00,2,0.0,0.0,none,0.0,0.0,none,0.0,0.0,none
Ranchi,2026-10-02 12:00:00,2,0.0,0.0,none,0.0,0.0,none,0.0,0.0,none
Ranchi,2026-10-02 13:00:00,2,0.0,0.0,none,0.0,0.0,none,0.0,0.0,none
Ranchi,2026-10-02 14:00:00,2,0.0,0.0,none,0.0,0.0,none,0.0,0.0,none
Ranchi,2026-10-02 15:00:00,2,0.0,0.0,none,0.0,0.0,none,0.0,0.0,none
Ranchi,2026-10-02 16:00:00,2,0.0,0.0,none,0.0,0.0,none,0.0,0.0,none
Ranchi,2026-10-02 17:00:00,2,0.0,0.0,none,0.0,0.0,none,0.0,0.0,none
Ranchi,2026-10-02 18:00:00,2,0.0,0.0,none,0.0,0.0,none,0.0,0.0,none
Ranchi,2026-10-02 19:00:00,2,0.0,0.0,none,0.0,0.0,none,0.0,0.0,none
Ranchi,2026-10-02 20:00:00,2,0.0,0.0,none,0.0,0.0,none,0.0,0.0,none
Ranchi,2026-10-02 21:00:00,2,0.0,0.0,none,0.0,0.0,none,0.0,0.0,none
Ranchi,2026-10-02 22:00:00,2,0.0,0.0,none,0.0,0.0,none,0.0,0.0,none
Ranchi,2026-10-02 23:00:00,2,0.0,0.0,none,0.0,0.0,none,0.0,0.0,none
Ranchi,2026-10-03 00:00:00,3,0.0,0.0,none,0.0,0.0,none,0.0,0.0,none
Ranchi,2026-10-03 01:00:00,3,0.0,0.0,none,0.0,0.0,none,0.0,0.0,none
Ranchi,2026-10-03 02:00:00,3,0.0,0.0,none,0.0,0.0,none,0.0,0.0,none
Ranchi,2026-10-03 03:00:00,3,0.0,0.0,none,0.0,0.0,none,0.0,0.0,none
Ranchi,2026-10-03 04:00:00,3,0.0,0.0,none,0.0,0.0,none,0.0,0.0,none
Ranchi,2026-10-03 05:00:00,3,0.0,0.0,none,0.0,0.0,none,0.0,0.0,none
Ranchi,2026-10-03 06:00:00,3,0.0,0.0,none,0.0,0.0,none,0.0,0.0,none
Ranchi,2026-10-03 07:00:00,3,0.0,0.0,none,0.0,0.0,none,0.0,0.0,none
Ranchi,2026-10-03 08:00:00,3,0.0,0.0,none,0.0,0.0,none,0.0,0.0,none
Ranchi,2026-10-03 09:00:00,3,0.0,0.0,none,0.0,0.0,none,0.0,0.0,none
Ranchi,2026-10-03 10:00:00,3,0.0,0.0,none,0.0,0.0,none,0.0,0.0,none
Ranchi,2026-10-03 11:00:00,3,0.0,0.0,none,0.0,0.0,none,0.0,0.0,none
Ranchi,2026-10-03 12:00:00,3,0.0,0.0,none,0.0,0.0,none,0.0,0.0,none
Ranchi,2026-10-03 13:00:00,3,0.0,0.0,none,0.0,0.0,none,0.0,0.0,none
Ranchi,2026-10-03 14:00:00,3,0.0,0.0,none,0.0,0.0,none,0.0,0.0,none
Ranchi,2026-10-03 15:00:00,3,0.0,0.0,none,0.0,0.0,none,0.0,0.0,none
Ranchi,2026-10-03 16:00:00,3,0.0,0.0,none,0.0,0.0,none,0.0,0.0,none
Ranchi,2026-10-03 17:00:00,3,0.0,0.0,none,0.0,0.0,none,0.0,0.0,none
Ranchi,2026-10-03 18:00:00,3,0.0,0.0,none,0.0,0.0,none,0.0,0.0,none
Ranchi,2026-10-03 19:00:00,3,0.0,0.0,none,0.0,0.0,none,0.0,0.0,none
Ranchi,2026-10-03 20:00:00,3,0.0,0.0,none,0.0,0.0,none,0.0,0.0,none
Ranchi,2026-10-03 21:00:00,3,0.0,0.0,none,0.0,0.0,none,0.0,0.0,none
Ranchi,2026-10-03 22:00:00,3,0.0,0.0,none,0.0,0.0,none,0.0,0.0,none
Ranchi,2026-10-03 23:00:00,3,0.0,0.0,none,0.0,0.0,none,0.0,0.0,none
Shillong,2026-10-01 00:00:00,1,0.0,0.0,none,0.0,0.0,none,0.0,0.0,none
Shillong,2026-10-01 01:00:00,1,0.0,0.0,none,0.0,0.0,none,0.0,0.0,none
Shillong,2026-10-01 02:00:00,1,0.0,0.0,none,0.0,0.0,none,0.0,0.0,none
Shillong,2026-10-01 03:00:00,1,0.0,0.0,none,0.0,0.0,none,0.0,0.0,none
Shillong,2026-10-01 04:00:00,1,0.0,0.0,none,0.0,0.0,none,0.0,0.0,none
Shillong,2026-10-01 05:00:00,1,0.0,0.0,none,0.0,0.0,none,0.0,0.0,none
Shillong,2026-10-01 06:00:00,1,0.0,0.0,none,0.0,0.0,none,0.0,0.0,none
Shillong,2026-10-01 07:00:00,1,0.0,0.0,none,0.0,0.0,none,0.0,0.0,none
Shillong,2026-10-01 08:00:00,1,0.0,0.0,none,0.0,0.0,none,0.0,0.0,none
Shillong,2026-10-01 09:00:00,1,0.0,0.0,none,0.0,0.0,none,0.0,0.0,none
Shillong,2026-10-01 10:00:00,1,0.0,0.0,none,0.0,0.0,none,0.0,0.0,none
Shillong,2026-10-01 11:00:00,1,0.0,0.0,none,0.0002,0.0,none,0.0,0.0,none
Shillong,2026-10-01 12:00:00,1,0.0,0.0,none,0.0004,0.0,none,0.0,0.0,none
Shillong,2026-10-01 13:00:00,1,0.0,0.0,none,0.0,0.0,none,0.0,0.0,none
Shillong,2026-10-01 14:00:00,1,0.0,0.0,none,0.0003,0.0,none,0.0,0.0,none
Shillong,2026-10-01 15:00:00,1,0.0,0.0,none,0.0003,0.0,none,0.0,0.0,none
Shillong,2026-10-01 16:00:00,1,0.0,0.0,none,0.0002,0.0,none,0.0,0.0,none
Shillong,2026-10-01 17:00:00,1,0.0,0.0,none,0.0003,0.0,none,0.0,0.0,none
Shillong,2026-10-01 18:00:00,1,0.0,0.0,none,0.0002,0.0,none,0.0,0.0,none
Shillong,2026-10-01 19:00:00,1,0.0,0.0,none,0.0,0.0,none,0.0,0.0,none
Shillong,2026-10-01 20:00:00,1,0.0,0.0,none,0.0,0.0,none,0.0,0.0,none
Shillong,2026-10-01 21:00:00,1,0.0,0.0,none,0.0,0.0,none,0.0,0.0,none
Shillong,2026-10-01 22:00:00,1,0.0,0.0,none,0.0,0.0,none,0.0,0.0,none
Shillong,2026-10-01 23:00:00,1,0.0,0.0,none,0.0,0.0,none,0.0,0.0,none
Shillong,2026-10-02 00:00:00,2,0.0,0.0,none,0.0,0.0,none,0.0,0.0,none
Shillong,2026-10-02 01:00:00,2,0.0,0.0,none,0.0,0.0,none,0.0,0.0,none
Shillong,2026-10-02 02:00:00,2,0.0,0.0,none,0.0,0.0,none,0.0,0.0,none
Shillong,2026-10-02 03:00:00,2,0.0,0.0,none,0.0,0.0,none,0.0,0.0,none
Shillong,2026-10-02 04:00:00,2,0.0,0.0,none,0.0,0.0,none,0.0,0.0,none
Shillong,2026-10-02 05:00:00,2,0.0,0.0,none,0.0,0.0,none,0.0,0.0,none
Shillong,2026-10-02 06:00:00,2,0.0,0.0,none,0.0,0.0,none,0.0,0.0,none
Shillong,2026-10-02 07:00:00,2,0.0,0.0,none,0.0,0.0,none,0.0,0.0,none
Shillong,2026-10-02 08:00:00,2,0.0,0.0,none,0.0,0.0,none,0.0,0.0,none
Shillong,2026-10-02 09:00:00,2,0.0,0.0,none,0.0006,0.0,none,0.0,0.0,none
Shillong,2026-10-02 10:00:00,2,0.0,0.0,none,0.0004,0.0,none,0.0,0.0,none
Shillong,2026-10-02 11:00:00,2,0.0,0.0,none,0.0005,0.0,none,0.0,0.0,none
Shillong,2026-10-02 12:00:00,2,0.0,0.0,none,0.0004,0.0,none,0.0,0.0,none
Shillong,2026-10-02 13:00:00,2,0.0,0.0,none,0.0002,0.0,none,0.0,0.0,none
Shillong,2026-10-02 14:00:00,2,0.0,0.0,none,0.0002,0.0,none,0.0,0.0,none
Shillong,2026-10-02 15:00:00,2,0.0,0.0,none,0.0098,0.0009,none,0.0,0.0,none
Shillong,2026-10-02 16:00:00,2,0.0,0.0,none,0.0018,0.0,none,0.0,0.0,none
Shillong,2026-10-02 17:00:00,2,0.0,0.0,none,0.0,0.0,none,0.0,0.0,none
Shillong,2026-10-02 18:00:00,2,0.0,0.0,none,0.0,0.0,none,0.0,0.0,none
Shillong,2026-10-02 19:00:00,2,0.0,0.0,none,0.0,0.0,none,0.0,0.0,none
Shillong,2026-10-02 20:00:00,2,0.0,0.0,none,0.0,0.0,none,0.0,0.0,none
Shillong,2026-10-02 21:00:00,2,0.0,0.0,none,0.0,0.0,none,0.0,0.0,none
Shillong,2026-10-02 22:00:00,2,0.0,0.0,none,0.0,0.0,none,0.0,0.0,none
Shillong,2026-10-02 23:00:00,2,0.0,0.0,none,0.0,0.0,none,0.0,0.0,none
Shillong,2026-10-03 00:00:00,3,0.0,0.0,none,0.0,0.0,none,0.0,0.0,none
Shillong,2026-10-03 01:00:00,3,0.0,0.0,none,0.0,0.0,none,0.0,0.0,none
Shillong,2026-10-03 02:00:00,3,0.0,0.0,none,0.0,0.0,none,0.0,0.0,none
Shillong,2026-10-03 03:00:00,3,0.0,0.0,none,0.0,0.0,none,0.0,0.0,none
Shillong,2026-10-03 04:00:00,3,0.0,0.0,none,0.0,0.0,none,0.0,0.0,none
Shillong,2026-10-03 05:00:00,3,0.0,0.0,none,0.0,0.0,none,0.0,0.0,none
Shillong,2026-10-03 06:00:00,3,0.0,0.0,none,0.0,0.0,none,0.0,0.0,none
Shillong,2026-10-03 07:00:00,3,0.0,0.0,none,0.0,0.0,none,0.0,0.0,none
Shillong,2026-10-03 08:00:00,3,0.0,0.0,none,0.0,0.0,none,0.0,0.0,none
Shillong,2026-10-03 09:00:00,3,0.0,0.0,none,0.0,0.0,none,0.0,0.0,none
Shillong,2026-10-03 10:00:00,3,0.0,0.0,none,0.0,0.0,none,0.0,0.0,none
Shillong,2026-10-03 11:00:00,3,0.0,0.0,none,0.0,0.0,none,0.0,0.0,none
Shillong,2026-10-03 12:00:00,3,0.0,0.0,none,0.0,0.0,none,0.0,0.0,none
Shillong,2026-10-03 13:00:00,3,0.0,0.0,none,0.0,0.0,none,0.0001,0.0,none
Shillong,2026-10-03 14:00:00,3,0.0,0.0,none,0.0,0.0,none,0.0,0.0,none
Shillong,2026-10-03 15:00:00,3,0.0,0.0,none,0.0,0.0,none,0.0001,0.0,none
Shillong,2026-10-03 16:00:00,3,0.0,0.0,none,0.0,0.0,none,0.0,0.0,none
Shillong,2026-10-03 17:00:00,3,0.0,0.0,none,0.0,0.0,none,0.0,0.0,none
Shillong,2026-10-03 18:00:00,3,0.0,0.0,none,0.0,0.0,none,0.0,0.0,none
Shillong,2026-10-03 19:00:00,3,0.0,0.0,none,0.0,0.0,none,0.0,0.0,none
Shillong,2026-10-03 20:00:00,3,0.0,0.0,none,0.0,0.0,none,0.0,0.0,none
Shillong,2026-10-03 21:00:00,3,0.0,0.0,none,0.0,0.0,none,0.0,0.0,none
Shillong,2026-10-03 22:00:00,3,0.0,0.0,none,0.0,0.0,none,0.0,0.0,none
Shillong,2026-10-03 23:00:00,3,0.0,0.0,none,0.0,0.0,none,0.0,0.0,none
Shimla,2026-10-01 00:00:00,1,0.0,0.0,none,0.0,0.0,none,0.0003,0.0001,none
Shimla,2026-10-01 01:00:00,1,0.0,0.0,none,0.0,0.0,none,0.0002,0.0,none
Shimla,2026-10-01 02:00:00,1,0.0,0.0,none,0.0,0.0,none,0.0001,0.0,none
Shimla,2026-10-01 03:00:00,1,0.0,0.0,none,0.0,0.0,none,0.0,0.0,none
Shimla,2026-10-01 04:00:00,1,0.0,0.0,none,0.0,0.0,none,0.0,0.0,none
Shimla,2026-10-01 05:00:00,1,0.0,0.0,none,0.0,0.0,none,0.0,0.0,none
Shimla,2026-10-01 06:00:00,1,0.0,0.0,none,0.0,0.0,none,0.0001,0.0,none
Shimla,2026-10-01 07:00:00,1,0.0,0.0,none,0.0,0.0,none,0.0001,0.0,none
Shimla,2026-10-01 08:00:00,1,0.0,0.0,none,0.0,0.0,none,0.0,0.0,none
Shimla,2026-10-01 09:00:00,1,0.0,0.0,none,0.0,0.0,none,0.0,0.0,none
Shimla,2026-10-01 10:00:00,1,0.0,0.0,none,0.0,0.0,none,0.0,0.0,none
Shimla,2026-10-01 11:00:00,1,0.0,0.0,none,0.0,0.0,none,0.0,0.0,none
Shimla,2026-10-01 12:00:00,1,0.0,0.0,none,0.0,0.0,none,0.0,0.0,none
Shimla,2026-10-01 13:00:00,1,0.0,0.0,none,0.0,0.0,none,0.0,0.0,none
Shimla,2026-10-01 14:00:00,1,0.0,0.0,none,0.0,0.0,none,0.0,0.0,none
Shimla,2026-10-01 15:00:00,1,0.0,0.0,none,0.0,0.0,none,0.0,0.0,none
Shimla,2026-10-01 16:00:00,1,0.0,0.0,none,0.0,0.0,none,0.0,0.0,none
Shimla,2026-10-01 17:00:00,1,0.0,0.0,none,0.0,0.0,none,0.0,0.0,none
Shimla,2026-10-01 18:00:00,1,0.0,0.0,none,0.0,0.0,none,0.0002,0.0,none
Shimla,2026-10-01 19:00:00,1,0.0,0.0,none,0.0,0.0,none,0.0003,0.0001,none
Shimla,2026-10-01 20:00:00,1,0.0,0.0,none,0.0,0.0,none,0.0004,0.0001,none
Shimla,2026-10-01 21:00:00,1,0.0,0.0,none,0.0,0.0,none,0.0002,0.0001,none
Shimla,2026-10-01 22:00:00,1,0.0,0.0,none,0.0,0.0,none,0.0001,0.0,none
Shimla,2026-10-01 23:00:00,1,0.0,0.0,none,0.0,0.0,none,0.0,0.0,none
Shimla,2026-10-02 00:00:00,2,0.0,0.0,none,0.0,0.0,none,0.0001,0.0,none
Shimla,2026-10-02 01:00:00,2,0.0,0.0,none,0.0,0.0,none,0.0001,0.0,none
Shimla,2026-10-02 02:00:00,2,0.0,0.0,none,0.0,0.0,none,0.0,0.0,none
Shimla,2026-10-02 03:00:00,2,0.0,0.0,none,0.0,0.0,none,0.0,0.0,none
Shimla,2026-10-02 04:00:00,2,0.0,0.0,none,0.0,0.0,none,0.0,0.0,none
Shimla,2026-10-02 05:00:00,2,0.0,0.0,none,0.0,0.0,none,0.0,0.0,none
Shimla,2026-10-02 06:00:00,2,0.0,0.0,none,0.0,0.0,none,0.0,0.0,none
Shimla,2026-10-02 07:00:00,2,0.0,0.0,none,0.0,0.0,none,0.0,0.0,none
Shimla,2026-10-02 08:00:00,2,0.0,0.0,none,0.0,0.0,none,0.0,0.0,none
Shimla,2026-10-02 09:00:00,2,0.0,0.0,none,0.0,0.0,none,0.0,0.0,none
Shimla,2026-10-02 10:00:00,2,0.0,0.0,none,0.0,0.0,none,0.0,0.0,none
Shimla,2026-10-02 11:00:00,2,0.0,0.0,none,0.0,0.0,none,0.0,0.0,none
Shimla,2026-10-02 12:00:00,2,0.0,0.0,none,0.0,0.0,none,0.0,0.0,none
Shimla,2026-10-02 13:00:00,2,0.0,0.0,none,0.0,0.0,none,0.0,0.0,none
Shimla,2026-10-02 14:00:00,2,0.0,0.0,none,0.0,0.0,none,0.0,0.0,none
Shimla,2026-10-02 15:00:00,2,0.0,0.0,none,0.0,0.0,none,0.0,0.0,none
Shimla,2026-10-02 16:00:00,2,0.0,0.0,none,0.0,0.0,none,0.0,0.0,none
Shimla,2026-10-02 17:00:00,2,0.0,0.0,none,0.0,0.0,none,0.0,0.0,none
Shimla,2026-10-02 18:00:00,2,0.0,0.0,none,0.0,0.0,none,0.0003,0.0001,none
Shimla,2026-10-02 19:00:00,2,0.0,0.0,none,0.0,0.0,none,0.0006,0.0002,none
Shimla,2026-10-02 20:00:00,2,0.0,0.0,none,0.0,0.0,none,0.0011,0.0004,none
Shimla,2026-10-02 21:00:00,2,0.0,0.0,none,0.0,0.0,none,0.0001,0.0,none
Shimla,2026-10-02 22:00:00,2,0.0,0.0,none,0.0,0.0,none,0.0001,0.0,none
Shimla,2026-10-02 23:00:00,2,0.0,0.0,none,0.0,0.0,none,0.0001,0.0,none
Shimla,2026-10-03 00:00:00,3,0.0,0.0,none,0.0,0.0,none,0.0,0.0,none
Shimla,2026-10-03 01:00:00,3,0.0,0.0,none,0.0,0.0,none,0.0,0.0,none
Shimla,2026-10-03 02:00:00,3,0.0,0.0,none,0.0,0.0,none,0.0,0.0,none
Shimla,2026-10-03 03:00:00,3,0.0,0.0,none,0.0,0.0,none,0.0001,0.0,none
Shimla,2026-10-03 04:00:00,3,0.0,0.0,none,0.0,0.0,none,0.0001,0.0,none
Shimla,2026-10-03 05:00:00,3,0.0,0.0,none,0.0,0.0,none,0.0001,0.0,none
Shimla,2026-10-03 06:00:00,3,0.0,0.0,none,0.0,0.0,none,0.0001,0.0,none
Shimla,2026-10-03 07:00:00,3,0.0,0.0,none,0.0,0.0,none,0.0002,0.0,none
Shimla,2026-10-03 08:00:00,3,0.0,0.0,none,0.0,0.0,none,0.0,0.0,none
Shimla,2026-10-03 09:00:00,3,0.0,0.0,none,0.0,0.0,none,0.0,0.0,none
Shimla,2026-10-03 10:00:00,3,0.0,0.0,none,0.0,0.0,none,0.0,0.0,none
Shimla,2026-10-03 11:00:00,3,0.0,0.0,none,0.0,0.0,none,0.0,0.0,none
Shimla,2026-10-03 12:00:00,3,0.0,0.0,none,0.0,0.0,none,0.0,0.0,none
Shimla,2026-10-03 13:00:00,3,0.0,0.0,none,0.0,0.0,none,0.0,0.0,none
Shimla,2026-10-03 14:00:00,3,0.0,0.0,none,0.0,0.0,none,0.0,0.0,none
Shimla,2026-10-03 15:00:00,3,0.0,0.0,none,0.0,0.0,none,0.0,0.0,none
Shimla,2026-10-03 16:00:00,3,0.0,0.0,none,0.0,0.0,none,0.0,0.0,none
Shimla,2026-10-03 17:00:00,3,0.0,0.0,none,0.0,0.0,none,0.0,0.0,none
Shimla,2026-10-03 18:00:00,3,0.0,0.0,none,0.0,0.0,none,0.0005,0.0001,none
Shimla,2026-10-03 19:00:00,3,0.0,0.0,none,0.0,0.0,none,0.001,0.0003,none
Shimla,2026-10-03 20:00:00,3,0.0,0.0,none,0.0,0.0,none,0.0016,0.0006,none
Shimla,2026-10-03 21:00:00,3,0.0,0.0,none,0.0,0.0,none,0.0003,0.0001,none
Shimla,2026-10-03 22:00:00,3,0.0,0.0,none,0.0,0.0,none,0.0003,0.0001,none
Shimla,2026-10-03 23:00:00,3,0.0,0.0,none,0.0,0.0,none,0.0002,0.0,none
Srinagar,2026-10-01 00:00:00,1,0.0,0.0,none,0.0,0.0,none,0.0002,0.0001,none
Srinagar,2026-10-01 01:00:00,1,0.0,0.0,none,0.0,0.0,none,0.0002,0.0001,none
Srinagar,2026-10-01 02:00:00,1,0.0,0.0,none,0.0,0.0,none,0.0003,0.0001,none
Srinagar,2026-10-01 03:00:00,1,0.0,0.0,none,0.0,0.0,none,0.0015,0.0007,none
Srinagar,2026-10-01 04:00:00,1,0.0,0.0,none,0.0,0.0,none,0.0009,0.0004,none
Srinagar,2026-10-01 05:00:00,1,0.0,0.0,none,0.0,0.0,none,0.0005,0.0002,none
Srinagar,2026-10-01 06:00:00,1,0.0,0.0,none,0.0,0.0,none,0.0005,0.0002,none
Srinagar,2026-10-01 07:00:00,1,0.0,0.0,none,0.0,0.0,none,0.0001,0.0,none
Srinagar,2026-10-01 08:00:00,1,0.0,0.0,none,0.0,0.0,none,0.0001,0.0,none
Srinagar,2026-10-01 09:00:00,1,0.0,0.0,none,0.0,0.0,none,0.0,0.0,none
Srinagar,2026-10-01 10:00:00,1,0.0,0.0,none,0.0,0.0,none,0.0001,0.0,none
Srinagar,2026-10-01 11:00:00,1,0.0,0.0,none,0.0,0.0,none,0.0001,0.0,none
Srinagar,2026-10-01 12:00:00,1,0.0,0.0,none,0.0,0.0,none,0.0002,0.0,none
Srinagar,2026-10-01 13:00:00,1,0.0,0.0,none,0.0,0.0,none,0.0,0.0,none
Srinagar,2026-10-01 14:00:00,1,0.0,0.0,none,0.0,0.0,none,0.0,0.0,none
Srinagar,2026-10-01 15:00:00,1,0.0,0.0,none,0.0,0.0,none,0.0003,0.0,none
Srinagar,2026-10-01 16:00:00,1,0.0,0.0,none,0.0,0.0,none,0.0004,0.0001,none
Srinagar,2026-10-01 17:00:00,1,0.0,0.0,none,0.0,0.0,none,0.0005,0.0001,none
Srinagar,2026-10-01 18:00:00,1,0.0,0.0,none,0.0,0.0,none,0.0001,0.0,none
Srinagar,2026-10-01 19:00:00,1,0.0,0.0,none,0.0,0.0,none,0.0001,0.0,none
Srinagar,2026-10-01 20:00:00,1,0.0,0.0,none,0.0,0.0,none,0.0,0.0,none
Srinagar,2026-10-01 21:00:00,1,0.0,0.0,none,0.0,0.0,none,0.0002,0.0,none
Srinagar,2026-10-01 22:00:00,1,0.0,0.0,none,0.0,0.0,none,0.0004,0.0001,none
Srinagar,2026-10-01 23:00:00,1,0.0,0.0,none,0.0,0.0,none,0.0005,0.0002,none
Srinagar,2026-10-02 00:00:00,2,0.0,0.0,none,0.0,0.0,none,0.0007,0.0003,none
Srinagar,2026-10-02 01:00:00,2,0.0,0.0,none,0.0,0.0,none,0.0004,0.0001,none
Srinagar,2026-10-02 02:00:00,2,0.0,0.0,none,0.0,0.0,none,0.0013,0.0005,none
Srinagar,2026-10-02 03:00:00,2,0.0,0.0,none,0.0,0.0,none,0.0024,0.0012,none
Srinagar,2026-10-02 04:00:00,2,0.0,0.0,none,0.0,0.0,none,0.0003,0.0001,none
Srinagar,2026-10-02 05:00:00,2,0.0,0.0,none,0.0,0.0,none,0.0006,0.0002,none
Srinagar,2026-10-02 06:00:00,2,0.0,0.0,none,0.0,0.0,none,0.0006,0.0002,none
Srinagar,2026-10-02 07:00:00,2,0.0,0.0,none,0.0,0.0,none,0.0008,0.0003,none
Srinagar,2026-10-02 08:00:00,2,0.0,0.0,none,0.0,0.0,none,0.0003,0.0001,none
Srinagar,2026-10-02 09:00:00,2,0.0,0.0,none,0.0,0.0,none,0.0,0.0,none
Srinagar,2026-10-02 10:00:00,2,0.0,0.0,none,0.0,0.0,none,0.0,0.0,none
Srinagar,2026-10-02 11:00:00,2,0.0,0.0,none,0.0,0.0,none,0.0,0.0,none
Srinagar,2026-10-02 12:00:00,2,0.0,0.0,none,0.0,0.0,none,0.0,0.0,none
Srinagar,2026-10-02 13:00:00,2,0.0,0.0,none,0.0,0.0,none,0.0,0.0,none
Srinagar,2026-10-02 14:00:00,2,0.0,0.0,none,0.0,0.0,none,0.0,0.0,none
Srinagar,2026-10-02 15:00:00,2,0.0,0.0,none,0.0,0.0,none,0.0001,0.0,none
Srinagar,2026-10-02 16:00:00,2,0.0,0.0,none,0.0,0.0,none,0.0001,0.0,none
Srinagar,2026-10-02 17:00:00,2,0.0,0.0,none,0.0,0.0,none,0.0001,0.0,none
Srinagar,2026-10-02 18:00:00,2,0.0,0.0,none,0.0,0.0,none,0.0004,0.0001,none
Srinagar,2026-10-02 19:00:00,2,0.0,0.0,none,0.0,0.0,none,0.0005,0.0002,none
Srinagar,2026-10-02 20:00:00,2,0.0,0.0,none,0.0,0.0,none,0.0001,0.0,none
Srinagar,2026-10-02 21:00:00,2,0.0,0.0,none,0.0,0.0,none,0.0003,0.0001,none
Srinagar,2026-10-02 22:00:00,2,0.0,0.0,none,0.0,0.0,none,0.0003,0.0001,none
Srinagar,2026-10-02 23:00:00,2,0.0,0.0,none,0.0,0.0,none,0.0005,0.0001,none
Srinagar,2026-10-03 00:00:00,3,0.0,0.0,none,0.0,0.0,none,0.0008,0.0003,none
Srinagar,2026-10-03 01:00:00,3,0.0,0.0,none,0.0,0.0,none,0.0005,0.0002,none
Srinagar,2026-10-03 02:00:00,3,0.0,0.0,none,0.0,0.0,none,0.0005,0.0002,none
Srinagar,2026-10-03 03:00:00,3,0.0,0.0,none,0.0,0.0,none,0.0007,0.0003,none
Srinagar,2026-10-03 04:00:00,3,0.0,0.0,none,0.0,0.0,none,0.0005,0.0002,none
Srinagar,2026-10-03 05:00:00,3,0.0,0.0,none,0.0,0.0,none,0.0005,0.0002,none
Srinagar,2026-10-03 06:00:00,3,0.0,0.0,none,0.0,0.0,none,0.0004,0.0001,none
Srinagar,2026-10-03 07:00:00,3,0.0,0.0,none,0.0,0.0,none,0.001,0.0004,none
Srinagar,2026-10-03 08:00:00,3,0.0,0.0,none,0.0,0.0,none,0.0004,0.0001,none
Srinagar,2026-10-03 09:00:00,3,0.0,0.0,none,0.0,0.0,none,0.0001,0.0,none
Srinagar,2026-10-03 10:00:00,3,0.0,0.0,none,0.0,0.0,none,0.0,0.0,none
Srinagar,2026-10-03 11:00:00,3,0.0,0.0,none,0.0,0.0,none,0.0,0.0,none
Srinagar,2026-10-03 12:00:00,3,0.0,0.0,none,0.0,0.0,none,0.0,0.0,none
Srinagar,2026-10-03 13:00:00,3,0.0,0.0,none,0.0,0.0,none,0.0,0.0,none
Srinagar,2026-10-03 14:00:00,3,0.0,0.0,none,0.0,0.0,none,0.0,0.0,none
Srinagar,2026-10-03 15:00:00,3,0.0,0.0,none,0.0,0.0,none,0.0001,0.0,none
Srinagar,2026-10-03 16:00:00,3,0.0,0.0,none,0.0,0.0,none,0.0002,0.0,none
Srinagar,2026-10-03 17:00:00,3,0.0,0.0,none,0.0,0.0,none,0.0001,0.0,none
Srinagar,2026-10-03 18:00:00,3,0.0,0.0,none,0.0,0.0,none,0.0,0.0,none
Srinagar,2026-10-03 19:00:00,3,0.0,0.0,none,0.0,0.0,none,0.0001,0.0,none
Srinagar,2026-10-03 20:00:00,3,0.0,0.0,none,0.0,0.0,none,0.0003,0.0001,none
Srinagar,2026-10-03 21:00:00,3,0.0,0.0,none,0.0,0.0,none,0.0002,0.0,none
Srinagar,2026-10-03 22:00:00,3,0.0,0.0,none,0.0,0.0,none,0.0003,0.0001,none
Srinagar,2026-10-03 23:00:00,3,0.0,0.0,none,0.0,0.0,none,0.0001,0.0,none
Surat,2026-10-01 00:00:00,1,0.0,0.0,none,0.0,0.0,none,0.0001,0.0,none
Surat,2026-10-01 01:00:00,1,0.0,0.0,none,0.0,0.0,none,0.0001,0.0,none
Surat,2026-10-01 02:00:00,1,0.0,0.0,none,0.0,0.0,none,0.0001,0.0,none
Surat,2026-10-01 03:00:00,1,0.0,0.0,none,0.0,0.0,none,0.0001,0.0,none
Surat,2026-10-01 04:00:00,1,0.0,0.0,none,0.0,0.0,none,0.0001,0.0,none
Surat,2026-10-01 05:00:00,1,0.0,0.0,none,0.0,0.0,none,0.0001,0.0,none
Surat,2026-10-01 06:00:00,1,0.0,0.0,none,0.0,0.0,none,0.0001,0.0,none
Surat,2026-10-01 07:00:00,1,0.0,0.0,none,0.0,0.0,none,0.0,0.0,none
Surat,2026-10-01 08:00:00,1,0.0,0.0,none,0.0,0.0,none,0.0,0.0,none
Surat,2026-10-01 09:00:00,1,0.0,0.0,none,0.0,0.0,none,0.0,0.0,none
Surat,2026-10-01 10:00:00,1,0.0,0.0,none,0.0,0.0,none,0.0,0.0,none
Surat,2026-10-01 11:00:00,1,0.0029,0.0,none,0.0,0.0,none,0.0,0.0,none
Surat,2026-10-01 12:00:00,1,0.0445,0.0,none,0.0,0.0,none,0.0,0.0,none
Surat,2026-10-01 13:00:00,1,0.1803,0.0004,none,0.0,0.0,none,0.0,0.0,none
Surat,2026-10-01 14:00:00,1,0.2458,0.0017,none,0.0,0.0,none,0.0001,0.0,none
Surat,2026-10-01 15:00:00,1,0.1896,0.0018,none,0.0,0.0,none,0.0002,0.0,none
Surat,2026-10-01 16:00:00,1,0.0894,0.0009,none,0.0,0.0,none,0.0003,0.0,none
Surat,2026-10-01 17:00:00,1,0.0178,0.0001,none,0.0,0.0,none,0.0001,0.0,none
Surat,2026-10-01 18:00:00,1,0.0,0.0,none,0.0,0.0,none,0.0,0.0,none
Surat,2026-10-01 19:00:00,1,0.0,0.0,none,0.0,0.0,none,0.0,0.0,none
Surat,2026-10-01 20:00:00,1,0.0,0.0,none,0.0,0.0,none,0.0,0.0,none
Surat,2026-10-01 21:00:00,1,0.0,0.0,none,0.0,0.0,none,0.0,0.0,none
Surat,2026-10-01 22:00:00,1,0.0,0.0,none,0.0,0.0,none,0.0,0.0,none
Surat,2026-10-01 23:00:00,1,0.0,0.0,none,0.0,0.0,none,0.0,0.0,none
Surat,2026-10-02 00:00:00,2,0.0,0.0,none,0.0,0.0,none,0.0,0.0,none
Surat,2026-10-02 01:00:00,2,0.0,0.0,none,0.0,0.0,none,0.0,0.0,none
Surat,2026-10-02 02:00:00,2,0.0,0.0,none,0.0,0.0,none,0.0,0.0,none
Surat,2026-10-02 03:00:00,2,0.0,0.0,none,0.0,0.0,none,0.0,0.0,none
Surat,2026-10-02 04:00:00,2,0.0,0.0,none,0.0,0.0,none,0.0,0.0,none
Surat,2026-10-02 05:00:00,2,0.0,0.0,none,0.0,0.0,none,0.0,0.0,none
Surat,2026-10-02 06:00:00,2,0.0,0.0,none,0.0,0.0,none,0.0,0.0,none
Surat,2026-10-02 07:00:00,2,0.0,0.0,none,0.0,0.0,none,0.0,0.0,none
Surat,2026-10-02 08:00:00,2,0.0,0.0,none,0.0,0.0,none,0.0,0.0,none
Surat,2026-10-02 09:00:00,2,0.0,0.0,none,0.0,0.0,none,0.0,0.0,none
Surat,2026-10-02 10:00:00,2,0.0009,0.0,none,0.0,0.0,none,0.0,0.0,none
Surat,2026-10-02 11:00:00,2,0.0769,0.0,none,0.0,0.0,none,0.0,0.0,none
Surat,2026-10-02 12:00:00,2,0.3223,0.0015,none,0.0,0.0,none,0.0,0.0,none
Surat,2026-10-02 13:00:00,2,0.5838,0.0142,moderate,0.0,0.0,none,0.0,0.0,none
Surat,2026-10-02 14:00:00,2,0.6436,0.0318,moderate,0.0,0.0,none,0.0,0.0,none
Surat,2026-10-02 15:00:00,2,0.4916,0.0242,none,0.0,0.0,none,0.0001,0.0,none
Surat,2026-10-02 16:00:00,2,0.231,0.0072,none,0.0,0.0,none,0.0,0.0,none
Surat,2026-10-02 17:00:00,2,0.0589,0.0006,none,0.0,0.0,none,0.0,0.0,none
Surat,2026-10-02 18:00:00,2,0.0004,0.0,none,0.0,0.0,none,0.0,0.0,none
Surat,2026-10-02 19:00:00,2,0.0,0.0,none,0.0,0.0,none,0.0,0.0,none
Surat,2026-10-02 20:00:00,2,0.0,0.0,none,0.0,0.0,none,0.0,0.0,none
Surat,2026-10-02 21:00:00,2,0.0,0.0,none,0.0,0.0,none,0.0,0.0,none
Surat,2026-10-02 22:00:00,2,0.0,0.0,none,0.0,0.0,none,0.0,0.0,none
Surat,2026-10-02 23:00:00,2,0.0,0.0,none,0.0,0.0,none,0.0,0.0,none
Surat,2026-10-03 00:00:00,3,0.0,0.0,none,0.0,0.0,none,0.0,0.0,none
Surat,2026-10-03 01:00:00,3,0.0,0.0,none,0.0,0.0,none,0.0,0.0,none
Surat,2026-10-03 02:00:00,3,0.0,0.0,none,0.0,0.0,none,0.0,0.0,none
Surat,2026-10-03 03:00:00,3,0.0,0.0,none,0.0,0.0,none,0.0,0.0,none
Surat,2026-10-03 04:00:00,3,0.0,0.0,none,0.0,0.0,none,0.0,0.0,none
Surat,2026-10-03 05:00:00,3,0.0,0.0,none,0.0,0.0,none,0.0,0.0,none
Surat,2026-10-03 06:00:00,3,0.0,0.0,none,0.0,0.0,none,0.0,0.0,none
Surat,2026-10-03 07:00:00,3,0.0,0.0,none,0.0,0.0,none,0.0,0.0,none
Surat,2026-10-03 08:00:00,3,0.0,0.0,none,0.0,0.0,none,0.0,0.0,none
Surat,2026-10-03 09:00:00,3,0.0,0.0,none,0.0,0.0,none,0.0,0.0,none
Surat,2026-10-03 10:00:00,3,0.0,0.0,none,0.0,0.0,none,0.0,0.0,none
Surat,2026-10-03 11:00:00,3,0.0089,0.0,none,0.0,0.0,none,0.0,0.0,none
Surat,2026-10-03 12:00:00,3,0.1234,0.0,none,0.0,0.0,none,0.0,0.0,none
Surat,2026-10-03 13:00:00,3,0.2894,0.0017,none,0.0,0.0,none,0.0,0.0,none
Surat,2026-10-03 14:00:00,3,0.3424,0.0072,none,0.0,0.0,none,0.0,0.0,none
Surat,2026-10-03 15:00:00,3,0.2504,0.0073,none,0.0,0.0,none,0.0,0.0,none
Surat,2026-10-03 16:00:00,3,0.1491,0.0047,none,0.0,0.0,none,0.0,0.0,none
Surat,2026-10-03 17:00:00,3,0.0282,0.0003,none,0.0,0.0,none,0.0001,0.0,none
Surat,2026-10-03 18:00:00,3,0.0,0.0,none,0.0,0.0,none,0.0,0.0,none
Surat,2026-10-03 19:00:00,3,0.0,0.0,none,0.0,0.0,none,0.0,0.0,none
Surat,2026-10-03 20:00:00,3,0.0,0.0,none,0.0,0.0,none,0.0,0.0,none
Surat,2026-10-03 21:00:00,3,0.0,0.0,none,0.0,0.0,none,0.0,0.0,none
Surat,2026-10-03 22:00:00,3,0.0,0.0,none,0.0,0.0,none,0.0,0.0,none
Surat,2026-10-03 23:00:00,3,0.0,0.0,none,0.0,0.0,none,0.0,0.0,none
Thane,2026-10-01 00:00:00,1,0.0,0.0,none,0.0,0.0,none,0.0,0.0,none
Thane,2026-10-01 01:00:00,1,0.0,0.0,none,0.0,0.0,none,0.0,0.0,none
Thane,2026-10-01 02:00:00,1,0.0,0.0,none,0.0,0.0,none,0.0,0.0,none
Thane,2026-10-01 03:00:00,1,0.0,0.0,none,0.0,0.0,none,0.0,0.0,none
Thane,2026-10-01 04:00:00,1,0.0,0.0,none,0.0,0.0,none,0.0,0.0,none
Thane,2026-10-01 05:00:00,1,0.0,0.0,none,0.0,0.0,none,0.0,0.0,none
Thane,2026-10-01 06:00:00,1,0.0,0.0,none,0.0,0.0,none,0.0,0.0,none
Thane,2026-10-01 07:00:00,1,0.0,0.0,none,0.0,0.0,none,0.0,0.0,none
Thane,2026-10-01 08:00:00,1,0.0,0.0,none,0.0,0.0,none,0.0,0.0,none
Thane,2026-10-01 09:00:00,1,0.0,0.0,none,0.0,0.0,none,0.0,0.0,none
Thane,2026-10-01 10:00:00,1,0.0,0.0,none,0.0,0.0,none,0.0,0.0,none
Thane,2026-10-01 11:00:00,1,0.0017,0.0,none,0.0,0.0,none,0.0,0.0,none
Thane,2026-10-01 12:00:00,1,0.0248,0.0,none,0.0,0.0,none,0.0,0.0,none
Thane,2026-10-01 13:00:00,1,0.1251,0.0005,none,0.0,0.0,none,0.0,0.0,none
Thane,2026-10-01 14:00:00,1,0.1405,0.0008,none,0.0,0.0,none,0.0,0.0,none
Thane,2026-10-01 15:00:00,1,0.0501,0.0001,none,0.0,0.0,none,0.0,0.0,none
Thane,2026-10-01 16:00:00,1,0.0103,0.0,none,0.0,0.0,none,0.0,0.0,none
Thane,2026-10-01 17:00:00,1,0.0003,0.0,none,0.0,0.0,none,0.0,0.0,none
Thane,2026-10-01 18:00:00,1,0.0,0.0,none,0.0,0.0,none,0.0001,0.0,none
Thane,2026-10-01 19:00:00,1,0.0,0.0,none,0.0,0.0,none,0.0,0.0,none
Thane,2026-10-01 20:00:00,1,0.0,0.0,none,0.0,0.0,none,0.0,0.0,none
Thane,2026-10-01 21:00:00,1,0.0,0.0,none,0.0,0.0,none,0.0,0.0,none
Thane,2026-10-01 22:00:00,1,0.0,0.0,none,0.0,0.0,none,0.0,0.0,none
Thane,2026-10-01 23:00:00,1,0.0,0.0,none,0.0,0.0,none,0.0,0.0,none
Thane,2026-10-02 00:00:00,2,0.0,0.0,none,0.0,0.0,none,0.0,0.0,none
Thane,2026-10-02 01:00:00,2,0.0,0.0,none,0.0,0.0,none,0.0,0.0,none
Thane,2026-10-02 02:00:00,2,0.0,0.0,none,0.0,0.0,none,0.0,0.0,none
Thane,2026-10-02 03:00:00,2,0.0,0.0,none,0.0,0.0,none,0.0,0.0,none
Thane,2026-10-02 04:00:00,2,0.0,0.0,none,0.0,0.0,none,0.0,0.0,none
Thane,2026-10-02 05:00:00,2,0.0,0.0,none,0.0,0.0,none,0.0,0.0,none
Thane,2026-10-02 06:00:00,2,0.0,0.0,none,0.0,0.0,none,0.0,0.0,none
Thane,2026-10-02 07:00:00,2,0.0,0.0,none,0.0,0.0,none,0.0,0.0,none
Thane,2026-10-02 08:00:00,2,0.0,0.0,none,0.0,0.0,none,0.0001,0.0,none
Thane,2026-10-02 09:00:00,2,0.0,0.0,none,0.0,0.0,none,0.0001,0.0,none
Thane,2026-10-02 10:00:00,2,0.0003,0.0,none,0.0,0.0,none,0.0001,0.0,none
Thane,2026-10-02 11:00:00,2,0.0439,0.0,none,0.0,0.0,none,0.0001,0.0,none
Thane,2026-10-02 12:00:00,2,0.1894,0.0004,none,0.0,0.0,none,0.0,0.0,none
Thane,2026-10-02 13:00:00,2,0.37,0.0057,none,0.0,0.0,none,0.0,0.0,none
Thane,2026-10-02 14:00:00,2,0.4511,0.0162,none,0.0,0.0,none,0.0,0.0,none
Thane,2026-10-02 15:00:00,2,0.446,0.023,none,0.0,0.0,none,0.0,0.0,none
Thane,2026-10-02 16:00:00,2,0.2832,0.0092,none,0.0,0.0,none,0.0,0.0,none
Thane,2026-10-02 17:00:00,2,0.0604,0.0003,none,0.0,0.0,none,0.0,0.0,none
Thane,2026-10-02 18:00:00,2,0.0002,0.0,none,0.0,0.0,none,0.0,0.0,none
Thane,2026-10-02 19:00:00,2,0.0,0.0,none,0.0,0.0,none,0.0,0.0,none
Thane,2026-10-02 20:00:00,2,0.0,0.0,none,0.0,0.0,none,0.0,0.0,none
Thane,2026-10-02 21:00:00,2,0.0,0.0,none,0.0,0.0,none,0.0,0.0,none
Thane,2026-10-02 22:00:00,2,0.0,0.0,none,0.0,0.0,none,0.0,0.0,none
Thane,2026-10-02 23:00:00,2,0.0,0.0,none,0.0,0.0,none,0.0,0.0,none
Thane,2026-10-03 00:00:00,3,0.0,0.0,none,0.0,0.0,none,0.0,0.0,none
Thane,2026-10-03 01:00:00,3,0.0,0.0,none,0.0,0.0,none,0.0,0.0,none
Thane,2026-10-03 02:00:00,3,0.0,0.0,none,0.0,0.0,none,0.0,0.0,none
Thane,2026-10-03 03:00:00,3,0.0,0.0,none,0.0,0.0,none,0.0,0.0,none
Thane,2026-10-03 04:00:00,3,0.0,0.0,none,0.0,0.0,none,0.0,0.0,none
Thane,2026-10-03 05:00:00,3,0.0,0.0,none,0.0,0.0,none,0.0,0.0,none
Thane,2026-10-03 06:00:00,3,0.0,0.0,none,0.0,0.0,none,0.0,0.0,none
Thane,2026-10-03 07:00:00,3,0.0,0.0,none,0.0,0.0,none,0.0,0.0,none
Thane,2026-10-03 08:00:00,3,0.0,0.0,none,0.0,0.0,none,0.0,0.0,none
Thane,2026-10-03 09:00:00,3,0.0,0.0,none,0.0,0.0,none,0.0,0.0,none
Thane,2026-10-03 10:00:00,3,0.0057,0.0,none,0.0,0.0,none,0.0,0.0,none
Thane,2026-10-03 11:00:00,3,0.2241,0.0021,none,0.0,0.0,none,0.0,0.0,none
Thane,2026-10-03 12:00:00,3,0.4747,0.019,none,0.0,0.0,none,0.0,0.0,none
Thane,2026-10-03 13:00:00,3,0.6507,0.0606,moderate,0.0,0.0,none,0.0,0.0,none
Thane,2026-10-03 14:00:00,3,0.6278,0.0621,moderate,0.0,0.0,none,0.0,0.0,none
Thane,2026-10-03 15:00:00,3,0.4731,0.036,none,0.0,0.0,none,0.0,0.0,none
Thane,2026-10-03 16:00:00,3,0.2691,0.014,none,0.0,0.0,none,0.0,0.0,none
Thane,2026-10-03 17:00:00,3,0.0596,0.0009,none,0.0,0.0,none,0.0,0.0,none
Thane,2026-10-03 18:00:00,3,0.0003,0.0,none,0.0,0.0,none,0.0,0.0,none
Thane,2026-10-03 19:00:00,3,0.0,0.0,none,0.0,0.0,none,0.0,0.0,none
Thane,2026-10-03 20:00:00,3,0.0,0.0,none,0.0,0.0,none,0.0,0.0,none
Thane,2026-10-03 21:00:00,3,0.0,0.0,none,0.0,0.0,none,0.0,0.0,none
Thane,2026-10-03 22:00:00,3,0.0,0.0,none,0.0,0.0,none,0.0,0.0,none
Thane,2026-10-03 23:00:00,3,0.0,0.0,none,0.0,0.0,none,0.0,0.0,none
Thiruvananthapuram,2026-10-01 00:00:00,1,0.0,0.0,none,0.0,0.0,none,0.0,0.0,none
Thiruvananthapuram,2026-10-01 01:00:00,1,0.0,0.0,none,0.0,0.0,none,0.0,0.0,none
Thiruvananthapuram,2026-10-01 02:00:00,1,0.0,0.0,none,0.0,0.0,none,0.0,0.0,none
Thiruvananthapuram,2026-10-01 03:00:00,1,0.0,0.0,none,0.0,0.0,none,0.0,0.0,none
Thiruvananthapuram,2026-10-01 04:00:00,1,0.0,0.0,none,0.0,0.0,none,0.0,0.0,none
Thiruvananthapuram,2026-10-01 05:00:00,1,0.0,0.0,none,0.0,0.0,none,0.0,0.0,none
Thiruvananthapuram,2026-10-01 06:00:00,1,0.0,0.0,none,0.0,0.0,none,0.0,0.0,none
Thiruvananthapuram,2026-10-01 07:00:00,1,0.0,0.0,none,0.0,0.0,none,0.0,0.0,none
Thiruvananthapuram,2026-10-01 08:00:00,1,0.0,0.0,none,0.0,0.0,none,0.0,0.0,none
Thiruvananthapuram,2026-10-01 09:00:00,1,0.0,0.0,none,0.0,0.0,none,0.0,0.0,none
Thiruvananthapuram,2026-10-01 10:00:00,1,0.0001,0.0,none,0.0,0.0,none,0.0,0.0,none
Thiruvananthapuram,2026-10-01 11:00:00,1,0.0221,0.0,none,0.0,0.0,none,0.0,0.0,none
Thiruvananthapuram,2026-10-01 12:00:00,1,0.0086,0.0,none,0.0147,0.0001,none,0.0002,0.0,none
Thiruvananthapuram,2026-10-01 13:00:00,1,0.0001,0.0,none,0.013,0.0,none,0.0003,0.0,none
Thiruvananthapuram,2026-10-01 14:00:00,1,0.0,0.0,none,0.0205,0.0001,none,0.0,0.0,none
Thiruvananthapuram,2026-10-01 15:00:00,1,0.0,0.0,none,0.0005,0.0,none,0.0,0.0,none
Thiruvananthapuram,2026-10-01 16:00:00,1,0.0,0.0,none,0.0,0.0,none,0.0,0.0,none
Thiruvananthapuram,2026-10-01 17:00:00,1,0.0,0.0,none,0.0153,0.0001,none,0.0,0.0,none
Thiruvananthapuram,2026-10-01 18:00:00,1,0.0,0.0,none,0.0186,0.0009,none,0.0,0.0,none
Thiruvananthapuram,2026-10-01 19:00:00,1,0.0,0.0,none,0.0085,0.0003,none,0.0,0.0,none
Thiruvananthapuram,2026-10-01 20:00:00,1,0.0,0.0,none,0.0,0.0,none,0.0,0.0,none
Thiruvananthapuram,2026-10-01 21:00:00,1,0.0,0.0,none,0.0002,0.0,none,0.0,0.0,none
Thiruvananthapuram,2026-10-01 22:00:00,1,0.0,0.0,none,0.0,0.0,none,0.0,0.0,none
Thiruvananthapuram,2026-10-01 23:00:00,1,0.0,0.0,none,0.0,0.0,none,0.0,0.0,none
Thiruvananthapuram,2026-10-02 00:00:00,2,0.0,0.0,none,0.0,0.0,none,0.0,0.0,none
Thiruvananthapuram,2026-10-02 01:00:00,2,0.0,0.0,none,0.0,0.0,none,0.0,0.0,none
Thiruvananthapuram,2026-10-02 02:00:00,2,0.0,0.0,none,0.0,0.0,none,0.0,0.0,none
Thiruvananthapuram,2026-10-02 03:00:00,2,0.0,0.0,none,0.0,0.0,none,0.0,0.0,none
Thiruvananthapuram,2026-10-02 04:00:00,2,0.0,0.0,none,0.0,0.0,none,0.0,0.0,none
Thiruvananthapuram,2026-10-02 05:00:00,2,0.0,0.0,none,0.0,0.0,none,0.0,0.0,none
Thiruvananthapuram,2026-10-02 06:00:00,2,0.0,0.0,none,0.0,0.0,none,0.0,0.0,none
Thiruvananthapuram,2026-10-02 07:00:00,2,0.0,0.0,none,0.0,0.0,none,0.0,0.0,none
Thiruvananthapuram,2026-10-02 08:00:00,2,0.0,0.0,none,0.0,0.0,none,0.0,0.0,none
Thiruvananthapuram,2026-10-02 09:00:00,2,0.0,0.0,none,0.0,0.0,none,0.0,0.0,none
Thiruvananthapuram,2026-10-02 10:00:00,2,0.0,0.0,none,0.0,0.0,none,0.0,0.0,none
Thiruvananthapuram,2026-10-02 11:00:00,2,0.0004,0.0,none,0.0,0.0,none,0.0,0.0,none
Thiruvananthapuram,2026-10-02 12:00:00,2,0.0,0.0,none,0.0024,0.0,none,0.0,0.0,none
Thiruvananthapuram,2026-10-02 13:00:00,2,0.0,0.0,none,0.0048,0.0,none,0.0,0.0,none
Thiruvananthapuram,2026-10-02 14:00:00,2,0.0,0.0,none,0.0543,0.0034,none,0.0,0.0,none
Thiruvananthapuram,2026-10-02 15:00:00,2,0.0,0.0,none,0.0022,0.0,none,0.0,0.0,none
Thiruvananthapuram,2026-10-02 16:00:00,2,0.0,0.0,none,0.0038,0.0,none,0.0,0.0,none
Thiruvananthapuram,2026-10-02 17:00:00,2,0.0,0.0,none,0.0002,0.0,none,0.0,0.0,none
Thiruvananthapuram,2026-10-02 18:00:00,2,0.0,0.0,none,0.0,0.0,none,0.0,0.0,none
Thiruvananthapuram,2026-10-02 19:00:00,2,0.0,0.0,none,0.0002,0.0,none,0.0,0.0,none
Thiruvananthapuram,2026-10-02 20:00:00,2,0.0,0.0,none,0.0004,0.0,none,0.0,0.0,none
Thiruvananthapuram,2026-10-02 21:00:00,2,0.0,0.0,none,0.0283,0.0023,none,0.0,0.0,none
Thiruvananthapuram,2026-10-02 22:00:00,2,0.0,0.0,none,0.0514,0.007,none,0.0,0.0,none
Thiruvananthapuram,2026-10-02 23:00:00,2,0.0,0.0,none,0.0038,0.0001,none,0.0,0.0,none
Thiruvananthapuram,2026-10-03 00:00:00,3,0.0,0.0,none,0.0,0.0,none,0.0,0.0,none
Thiruvananthapuram,2026-10-03 01:00:00,3,0.0,0.0,none,0.0,0.0,none,0.0,0.0,none
Thiruvananthapuram,2026-10-03 02:00:00,3,0.0,0.0,none,0.0,0.0,none,0.0,0.0,none
Thiruvananthapuram,2026-10-03 03:00:00,3,0.0,0.0,none,0.0,0.0,none,0.0,0.0,none
Thiruvananthapuram,2026-10-03 04:00:00,3,0.0,0.0,none,0.0,0.0,none,0.0,0.0,none
Thiruvananthapuram,2026-10-03 05:00:00,3,0.0,0.0,none,0.0,0.0,none,0.0,0.0,none
Thiruvananthapuram,2026-10-03 06:00:00,3,0.0,0.0,none,0.0,0.0,none,0.0,0.0,none
Thiruvananthapuram,2026-10-03 07:00:00,3,0.0,0.0,none,0.0,0.0,none,0.0,0.0,none
Thiruvananthapuram,2026-10-03 08:00:00,3,0.0,0.0,none,0.0,0.0,none,0.0,0.0,none
Thiruvananthapuram,2026-10-03 09:00:00,3,0.0,0.0,none,0.0,0.0,none,0.0,0.0,none
Thiruvananthapuram,2026-10-03 10:00:00,3,0.0,0.0,none,0.0,0.0,none,0.0,0.0,none
Thiruvananthapuram,2026-10-03 11:00:00,3,0.0,0.0,none,0.0,0.0,none,0.0,0.0,none
Thiruvananthapuram,2026-10-03 12:00:00,3,0.0,0.0,none,0.0,0.0,none,0.0,0.0,none
Thiruvananthapuram,2026-10-03 13:00:00,3,0.0,0.0,none,0.0001,0.0,none,0.0,0.0,none
Thiruvananthapuram,2026-10-03 14:00:00,3,0.0,0.0,none,0.0,0.0,none,0.0,0.0,none
Thiruvananthapuram,2026-10-03 15:00:00,3,0.0,0.0,none,0.0,0.0,none,0.0,0.0,none
Thiruvananthapuram,2026-10-03 16:00:00,3,0.0,0.0,none,0.0,0.0,none,0.0,0.0,none
Thiruvananthapuram,2026-10-03 17:00:00,3,0.0,0.0,none,0.0,0.0,none,0.0,0.0,none
Thiruvananthapuram,2026-10-03 18:00:00,3,0.0,0.0,none,0.0007,0.0,none,0.0,0.0,none
Thiruvananthapuram,2026-10-03 19:00:00,3,0.0,0.0,none,0.0021,0.0,none,0.0,0.0,none
Thiruvananthapuram,2026-10-03 20:00:00,3,0.0,0.0,none,0.0004,0.0,none,0.0,0.0,none
Thiruvananthapuram,2026-10-03 21:00:00,3,0.0,0.0,none,0.0,0.0,none,0.0,0.0,none
Thiruvananthapuram,2026-10-03 22:00:00,3,0.0,0.0,none,0.0,0.0,none,0.0,0.0,none
Thiruvananthapuram,2026-10-03 23:00:00,3,0.0,0.0,none,0.0,0.0,none,0.0,0.0,none
Vadodara,2026-10-01 00:00:00,1,0.0,0.0,none,0.0,0.0,none,0.0,0.0,none
Vadodara,2026-10-01 01:00:00,1,0.0,0.0,none,0.0,0.0,none,0.0,0.0,none
Vadodara,2026-10-01 02:00:00,1,0.0,0.0,none,0.0,0.0,none,0.0,0.0,none
Vadodara,2026-10-01 03:00:00,1,0.0,0.0,none,0.0,0.0,none,0.0,0.0,none
Vadodara,2026-10-01 04:00:00,1,0.0,0.0,none,0.0,0.0,none,0.0,0.0,none
Vadodara,2026-10-01 05:00:00,1,0.0,0.0,none,0.0,0.0,none,0.0,0.0,none
Vadodara,2026-10-01 06:00:00,1,0.0,0.0,none,0.0,0.0,none,0.0001,0.0,none
Vadodara,2026-10-01 07:00:00,1,0.0,0.0,none,0.0,0.0,none,0.0002,0.0,none
Vadodara,2026-10-01 08:00:00,1,0.0,0.0,none,0.0,0.0,none,0.0001,0.0,none
Vadodara,2026-10-01 09:00:00,1,0.0,0.0,none,0.0,0.0,none,0.0001,0.0,none
Vadodara,2026-10-01 10:00:00,1,0.0001,0.0,none,0.0,0.0,none,0.0001,0.0,none
Vadodara,2026-10-01 11:00:00,1,0.0105,0.0,none,0.0,0.0,none,0.0,0.0,none
Vadodara,2026-10-01 12:00:00,1,0.1089,0.0001,none,0.0,0.0,none,0.0,0.0,none
Vadodara,2026-10-01 13:00:00,1,0.2957,0.0008,none,0.0,0.0,none,0.0001,0.0,none
Vadodara,2026-10-01 14:00:00,1,0.3857,0.0025,none,0.0,0.0,none,0.0001,0.0,none
Vadodara,2026-10-01 15:00:00,1,0.3648,0.0033,none,0.0,0.0,none,0.0001,0.0,none
Vadodara,2026-10-01 16:00:00,1,0.2152,0.0012,none,0.0,0.0,none,0.0001,0.0,none
Vadodara,2026-10-01 17:00:00,1,0.0458,0.0,none,0.0,0.0,none,0.0001,0.0,none
Vadodara,2026-10-01 18:00:00,1,0.001,0.0,none,0.0,0.0,none,0.0001,0.0,none
Vadodara,2026-10-01 19:00:00,1,0.0001,0.0,none,0.0,0.0,none,0.0,0.0,none
Vadodara,2026-10-01 20:00:00,1,0.0,0.0,none,0.0,0.0,none,0.0,0.0,none
Vadodara,2026-10-01 21:00:00,1,0.0,0.0,none,0.0,0.0,none,0.0,0.0,none
Vadodara,2026-10-01 22:00:00,1,0.0,0.0,none,0.0,0.0,none,0.0,0.0,none
Vadodara,2026-10-01 23:00:00,1,0.0,0.0,none,0.0,0.0,none,0.0,0.0,none
Vadodara,2026-10-02 00:00:00,2,0.0,0.0,none,0.0,0.0,none,0.0,0.0,none
Vadodara,2026-10-02 01:00:00,2,0.0,0.0,none,0.0,0.0,none,0.0,0.0,none
Vadodara,2026-10-02 02:00:00,2,0.0,0.0,none,0.0,0.0,none,0.0,0.0,none
Vadodara,2026-10-02 03:00:00,2,0.0,0.0,none,0.0,0.0,none,0.0,0.0,none
Vadodara,2026-10-02 04:00:00,2,0.0,0.0,none,0.0,0.0,none,0.0,0.0,none
Vadodara,2026-10-02 05:00:00,2,0.0,0.0,none,0.0,0.0,none,0.0,0.0,none
Vadodara,2026-10-02 06:00:00,2,0.0,0.0,none,0.0,0.0,none,0.0,0.0,none
Vadodara,2026-10-02 07:00:00,2,0.0,0.0,none,0.0,0.0,none,0.0,0.0,none
Vadodara,2026-10-02 08:00:00,2,0.0,0.0,none,0.0,0.0,none,0.0,0.0,none
Vadodara,2026-10-02 09:00:00,2,0.0002,0.0,none,0.0,0.0,none,0.0,0.0,none
Vadodara,2026-10-02 10:00:00,2,0.0033,0.0,none,0.0,0.0,none,0.0001,0.0,none
Vadodara,2026-10-02 11:00:00,2,0.0717,0.0,none,0.0,0.0,none,0.0001,0.0,none
Vadodara,2026-10-02 12:00:00,2,0.2919,0.0003,none,0.0,0.0,none,0.0001,0.0,none
Vadodara,2026-10-02 13:00:00,2,0.5555,0.006,moderate,0.0,0.0,none,0.0001,0.0,none
Vadodara,2026-10-02 14:00:00,2,0.6432,0.0168,moderate,0.0,0.0,none,0.0001,0.0,none
Vadodara,2026-10-02 15:00:00,2,0.5807,0.0159,moderate,0.0,0.0,none,0.0001,0.0,none
Vadodara,2026-10-02 16:00:00,2,0.3666,0.005,none,0.0,0.0,none,0.0001,0.0,none
Vadodara,2026-10-02 17:00:00,2,0.0723,0.0001,none,0.0,0.0,none,0.0001,0.0,none
Vadodara,2026-10-02 18:00:00,2,0.0021,0.0,none,0.0,0.0,none,0.0,0.0,none
Vadodara,2026-10-02 19:00:00,2,0.0003,0.0,none,0.0,0.0,none,0.0,0.0,none
Vadodara,2026-10-02 20:00:00,2,0.0001,0.0,none,0.0,0.0,none,0.0,0.0,none
Vadodara,2026-10-02 21:00:00,2,0.0,0.0,none,0.0,0.0,none,0.0,0.0,none
Vadodara,2026-10-02 22:00:00,2,0.0,0.0,none,0.0,0.0,none,0.0,0.0,none
Vadodara,2026-10-02 23:00:00,2,0.0,0.0,none,0.0,0.0,none,0.0,0.0,none
Vadodara,2026-10-03 00:00:00,3,0.0,0.0,none,0.0,0.0,none,0.0001,0.0,none
Vadodara,2026-10-03 01:00:00,3,0.0,0.0,none,0.0,0.0,none,0.0001,0.0,none
Vadodara,2026-10-03 02:00:00,3,0.0,0.0,none,0.0,0.0,none,0.0,0.0,none
Vadodara,2026-10-03 03:00:00,3,0.0,0.0,none,0.0,0.0,none,0.0,0.0,none
Vadodara,2026-10-03 04:00:00,3,0.0,0.0,none,0.0,0.0,none,0.0,0.0,none
Vadodara,2026-10-03 05:00:00,3,0.0,0.0,none,0.0,0.0,none,0.0,0.0,none
Vadodara,2026-10-03 06:00:00,3,0.0,0.0,none,0.0,0.0,none,0.0,0.0,none
Vadodara,2026-10-03 07:00:00,3,0.0,0.0,none,0.0,0.0,none,0.0,0.0,none
Vadodara,2026-10-03 08:00:00,3,0.0,0.0,none,0.0,0.0,none,0.0,0.0,none
Vadodara,2026-10-03 09:00:00,3,0.0,0.0,none,0.0,0.0,none,0.0001,0.0,none
Vadodara,2026-10-03 10:00:00,3,0.0007,0.0,none,0.0,0.0,none,0.0,0.0,none
Vadodara,2026-10-03 11:00:00,3,0.0331,0.0,none,0.0,0.0,none,0.0,0.0,none
Vadodara,2026-10-03 12:00:00,3,0.2335,0.0002,none,0.0,0.0,none,0.0,0.0,none
Vadodara,2026-10-03 13:00:00,3,0.4585,0.0039,none,0.0,0.0,none,0.0,0.0,none
Vadodara,2026-10-03 14:00:00,3,0.542,0.0125,moderate,0.0,0.0,none,0.0,0.0,none
Vadodara,2026-10-03 15:00:00,3,0.4941,0.0139,none,0.0,0.0,none,0.0,0.0,none
Vadodara,2026-10-03 16:00:00,3,0.3184,0.0067,none,0.0,0.0,none,0.0,0.0,none
Vadodara,2026-10-03 17:00:00,3,0.065,0.0002,none,0.0,0.0,none,0.0001,0.0,none
Vadodara,2026-10-03 18:00:00,3,0.0015,0.0,none,0.0,0.0,none,0.0,0.0,none
Vadodara,2026-10-03 19:00:00,3,0.0001,0.0,none,0.0,0.0,none,0.0,0.0,none
Vadodara,2026-10-03 20:00:00,3,0.0,0.0,none,0.0,0.0,none,0.0,0.0,none
Vadodara,2026-10-03 21:00:00,3,0.0,0.0,none,0.0,0.0,none,0.0,0.0,none
Vadodara,2026-10-03 22:00:00,3,0.0,0.0,none,0.0,0.0,none,0.0,0.0,none
Vadodara,2026-10-03 23:00:00,3,0.0,0.0,none,0.0,0.0,none,0.0001,0.0,none
Varanasi,2026-10-01 00:00:00,1,0.0,0.0,none,0.0,0.0,none,0.0,0.0,none
Varanasi,2026-10-01 01:00:00,1,0.0,0.0,none,0.0,0.0,none,0.0,0.0,none
Varanasi,2026-10-01 02:00:00,1,0.0,0.0,none,0.0,0.0,none,0.0,0.0,none
Varanasi,2026-10-01 03:00:00,1,0.0,0.0,none,0.0,0.0,none,0.0,0.0,none
Varanasi,2026-10-01 04:00:00,1,0.0,0.0,none,0.0,0.0,none,0.0,0.0,none
Varanasi,2026-10-01 05:00:00,1,0.0,0.0,none,0.0,0.0,none,0.0,0.0,none
Varanasi,2026-10-01 06:00:00,1,0.0,0.0,none,0.0,0.0,none,0.0,0.0,none
Varanasi,2026-10-01 07:00:00,1,0.0,0.0,none,0.0,0.0,none,0.0,0.0,none
Varanasi,2026-10-01 08:00:00,1,0.0,0.0,none,0.0,0.0,none,0.0,0.0,none
Varanasi,2026-10-01 09:00:00,1,0.0,0.0,none,0.0,0.0,none,0.0,0.0,none
Varanasi,2026-10-01 10:00:00,1,0.0,0.0,none,0.0,0.0,none,0.0,0.0,none
Varanasi,2026-10-01 11:00:00,1,0.0,0.0,none,0.0,0.0,none,0.0,0.0,none
Varanasi,2026-10-01 12:00:00,1,0.0,0.0,none,0.0,0.0,none,0.0,0.0,none
Varanasi,2026-10-01 13:00:00,1,0.0,0.0,none,0.0,0.0,none,0.0,0.0,none
Varanasi,2026-10-01 14:00:00,1,0.0,0.0,none,0.0,0.0,none,0.0,0.0,none
Varanasi,2026-10-01 15:00:00,1,0.0,0.0,none,0.0,0.0,none,0.0,0.0,none
Varanasi,2026-10-01 16:00:00,1,0.0,0.0,none,0.0,0.0,none,0.0,0.0,none
Varanasi,2026-10-01 17:00:00,1,0.0,0.0,none,0.0,0.0,none,0.0,0.0,none
Varanasi,2026-10-01 18:00:00,1,0.0,0.0,none,0.0,0.0,none,0.0,0.0,none
Varanasi,2026-10-01 19:00:00,1,0.0,0.0,none,0.0,0.0,none,0.0,0.0,none
Varanasi,2026-10-01 20:00:00,1,0.0,0.0,none,0.0,0.0,none,0.0,0.0,none
Varanasi,2026-10-01 21:00:00,1,0.0,0.0,none,0.0,0.0,none,0.0,0.0,none
Varanasi,2026-10-01 22:00:00,1,0.0,0.0,none,0.0,0.0,none,0.0,0.0,none
Varanasi,2026-10-01 23:00:00,1,0.0,0.0,none,0.0,0.0,none,0.0,0.0,none
Varanasi,2026-10-02 00:00:00,2,0.0,0.0,none,0.0,0.0,none,0.0,0.0,none
Varanasi,2026-10-02 01:00:00,2,0.0,0.0,none,0.0,0.0,none,0.0,0.0,none
Varanasi,2026-10-02 02:00:00,2,0.0,0.0,none,0.0,0.0,none,0.0,0.0,none
Varanasi,2026-10-02 03:00:00,2,0.0,0.0,none,0.0,0.0,none,0.0,0.0,none
Varanasi,2026-10-02 04:00:00,2,0.0,0.0,none,0.0,0.0,none,0.0,0.0,none
Varanasi,2026-10-02 05:00:00,2,0.0,0.0,none,0.0,0.0,none,0.0,0.0,none
Varanasi,2026-10-02 06:00:00,2,0.0,0.0,none,0.0,0.0,none,0.0,0.0,none
Varanasi,2026-10-02 07:00:00,2,0.0,0.0,none,0.0,0.0,none,0.0,0.0,none
Varanasi,2026-10-02 08:00:00,2,0.0,0.0,none,0.0,0.0,none,0.0,0.0,none
Varanasi,2026-10-02 09:00:00,2,0.0,0.0,none,0.0,0.0,none,0.0,0.0,none
Varanasi,2026-10-02 10:00:00,2,0.0,0.0,none,0.0,0.0,none,0.0,0.0,none
Varanasi,2026-10-02 11:00:00,2,0.0,0.0,none,0.0,0.0,none,0.0,0.0,none
Varanasi,2026-10-02 12:00:00,2,0.0,0.0,none,0.0,0.0,none,0.0,0.0,none
Varanasi,2026-10-02 13:00:00,2,0.0,0.0,none,0.0,0.0,none,0.0,0.0,none
Varanasi,2026-10-02 14:00:00,2,0.0,0.0,none,0.0,0.0,none,0.0,0.0,none
Varanasi,2026-10-02 15:00:00,2,0.0,0.0,none,0.0,0.0,none,0.0,0.0,none
Varanasi,2026-10-02 16:00:00,2,0.0,0.0,none,0.0,0.0,none,0.0,0.0,none
Varanasi,2026-10-02 17:00:00,2,0.0,0.0,none,0.0,0.0,none,0.0,0.0,none
Varanasi,2026-10-02 18:00:00,2,0.0,0.0,none,0.0,0.0,none,0.0,0.0,none
Varanasi,2026-10-02 19:00:00,2,0.0,0.0,none,0.0,0.0,none,0.0,0.0,none
Varanasi,2026-10-02 20:00:00,2,0.0,0.0,none,0.0,0.0,none,0.0,0.0,none
Varanasi,2026-10-02 21:00:00,2,0.0,0.0,none,0.0,0.0,none,0.0,0.0,none
Varanasi,2026-10-02 22:00:00,2,0.0,0.0,none,0.0,0.0,none,0.0,0.0,none
Varanasi,2026-10-02 23:00:00,2,0.0,0.0,none,0.0,0.0,none,0.0,0.0,none
Varanasi,2026-10-03 00:00:00,3,0.0,0.0,none,0.0,0.0,none,0.0,0.0,none
Varanasi,2026-10-03 01:00:00,3,0.0,0.0,none,0.0,0.0,none,0.0,0.0,none
Varanasi,2026-10-03 02:00:00,3,0.0,0.0,none,0.0,0.0,none,0.0,0.0,none
Varanasi,2026-10-03 03:00:00,3,0.0,0.0,none,0.0,0.0,none,0.0,0.0,none
Varanasi,2026-10-03 04:00:00,3,0.0,0.0,none,0.0,0.0,none,0.0,0.0,none
Varanasi,2026-10-03 05:00:00,3,0.0,0.0,none,0.0,0.0,none,0.0,0.0,none
Varanasi,2026-10-03 06:00:00,3,0.0,0.0,none,0.0,0.0,none,0.0,0.0,none
Varanasi,2026-10-03 07:00:00,3,0.0,0.0,none,0.0,0.0,none,0.0,0.0,none
Varanasi,2026-10-03 08:00:00,3,0.0,0.0,none,0.0,0.0,none,0.0,0.0,none
Varanasi,2026-10-03 09:00:00,3,0.0,0.0,none,0.0,0.0,none,0.0,0.0,none
Varanasi,2026-10-03 10:00:00,3,0.0,0.0,none,0.0,0.0,none,0.0,0.0,none
Varanasi,2026-10-03 11:00:00,3,0.0,0.0,none,0.0,0.0,none,0.0,0.0,none
Varanasi,2026-10-03 12:00:00,3,0.0,0.0,none,0.0,0.0,none,0.0,0.0,none
Varanasi,2026-10-03 13:00:00,3,0.0,0.0,none,0.0,0.0,none,0.0,0.0,none
Varanasi,2026-10-03 14:00:00,3,0.0,0.0,none,0.0,0.0,none,0.0,0.0,none
Varanasi,2026-10-03 15:00:00,3,0.0,0.0,none,0.0,0.0,none,0.0,0.0,none
Varanasi,2026-10-03 16:00:00,3,0.0,0.0,none,0.0,0.0,none,0.0,0.0,none
Varanasi,2026-10-03 17:00:00,3,0.0,0.0,none,0.0,0.0,none,0.0,0.0,none
Varanasi,2026-10-03 18:00:00,3,0.0,0.0,none,0.0,0.0,none,0.0,0.0,none
Varanasi,2026-10-03 19:00:00,3,0.0,0.0,none,0.0,0.0,none,0.0,0.0,none
Varanasi,2026-10-03 20:00:00,3,0.0,0.0,none,0.0,0.0,none,0.0,0.0,none
Varanasi,2026-10-03 21:00:00,3,0.0,0.0,none,0.0,0.0,none,0.0,0.0,none
Varanasi,2026-10-03 22:00:00,3,0.0,0.0,none,0.0,0.0,none,0.0,0.0,none
Varanasi,2026-10-03 23:00:00,3,0.0,0.0,none,0.0,0.0,none,0.0,0.0,none
Vijayawada,2026-10-01 00:00:00,1,0.0,0.0,none,0.0,0.0,none,0.0,0.0,none
Vijayawada,2026-10-01 01:00:00,1,0.0,0.0,none,0.0,0.0,none,0.0,0.0,none
Vijayawada,2026-10-01 02:00:00,1,0.0,0.0,none,0.0,0.0,none,0.0,0.0,none
Vijayawada,2026-10-01 03:00:00,1,0.0,0.0,none,0.0,0.0,none,0.0,0.0,none
Vijayawada,2026-10-01 04:00:00,1,0.0,0.0,none,0.0,0.0,none,0.0,0.0,none
Vijayawada,2026-10-01 05:00:00,1,0.0,0.0,none,0.0,0.0,none,0.0,0.0,none
Vijayawada,2026-10-01 06:00:00,1,0.0,0.0,none,0.0,0.0,none,0.0,0.0,none
Vijayawada,2026-10-01 07:00:00,1,0.0,0.0,none,0.0,0.0,none,0.0,0.0,none
Vijayawada,2026-10-01 08:00:00,1,0.0,0.0,none,0.0,0.0,none,0.0,0.0,none
Vijayawada,2026-10-01 09:00:00,1,0.0,0.0,none,0.0,0.0,none,0.0,0.0,none
Vijayawada,2026-10-01 10:00:00,1,0.0002,0.0,none,0.0,0.0,none,0.0,0.0,none
Vijayawada,2026-10-01 11:00:00,1,0.0095,0.0,none,0.0,0.0,none,0.0,0.0,none
Vijayawada,2026-10-01 12:00:00,1,0.0429,0.0001,none,0.0,0.0,none,0.0,0.0,none
Vijayawada,2026-10-01 13:00:00,1,0.0937,0.001,none,0.0,0.0,none,0.0,0.0,none
Vijayawada,2026-10-01 14:00:00,1,0.08,0.0007,none,0.0,0.0,none,0.0,0.0,none
Vijayawada,2026-10-01 15:00:00,1,0.0352,0.0002,none,0.0,0.0,none,0.0,0.0,none
Vijayawada,2026-10-01 16:00:00,1,0.0049,0.0,none,0.0,0.0,none,0.0,0.0,none
Vijayawada,2026-10-01 17:00:00,1,0.0,0.0,none,0.0002,0.0,none,0.0,0.0,none
Vijayawada,2026-10-01 18:00:00,1,0.0,0.0,none,0.0107,0.0008,none,0.0,0.0,none
Vijayawada,2026-10-01 19:00:00,1,0.0,0.0,none,0.0,0.0,none,0.0,0.0,none
Vijayawada,2026-10-01 20:00:00,1,0.0,0.0,none,0.0,0.0,none,0.0,0.0,none
Vijayawada,2026-10-01 21:00:00,1,0.0,0.0,none,0.0,0.0,none,0.0,0.0,none
Vijayawada,2026-10-01 22:00:00,1,0.0,0.0,none,0.0,0.0,none,0.0,0.0,none
Vijayawada,2026-10-01 23:00:00,1,0.0,0.0,none,0.0,0.0,none,0.0,0.0,none
Vijayawada,2026-10-02 00:00:00,2,0.0,0.0,none,0.0,0.0,none,0.0,0.0,none
Vijayawada,2026-10-02 01:00:00,2,0.0,0.0,none,0.0,0.0,none,0.0,0.0,none
Vijayawada,2026-10-02 02:00:00,2,0.0,0.0,none,0.0,0.0,none,0.0,0.0,none
Vijayawada,2026-10-02 03:00:00,2,0.0,0.0,none,0.0,0.0,none,0.0,0.0,none
Vijayawada,2026-10-02 04:00:00,2,0.0,0.0,none,0.0,0.0,none,0.0,0.0,none
Vijayawada,2026-10-02 05:00:00,2,0.0,0.0,none,0.0,0.0,none,0.0,0.0,none
Vijayawada,2026-10-02 06:00:00,2,0.0,0.0,none,0.0,0.0,none,0.0,0.0,none
Vijayawada,2026-10-02 07:00:00,2,0.0,0.0,none,0.0,0.0,none,0.0,0.0,none
Vijayawada,2026-10-02 08:00:00,2,0.0,0.0,none,0.0,0.0,none,0.0,0.0,none
Vijayawada,2026-10-02 09:00:00,2,0.0,0.0,none,0.0,0.0,none,0.0,0.0,none
Vijayawada,2026-10-02 10:00:00,2,0.0,0.0,none,0.0,0.0,none,0.0,0.0,none
Vijayawada,2026-10-02 11:00:00,2,0.0004,0.0,none,0.0,0.0,none,0.0,0.0,none
Vijayawada,2026-10-02 12:00:00,2,0.0035,0.0,none,0.0,0.0,none,0.0,0.0,none
Vijayawada,2026-10-02 13:00:00,2,0.0122,0.0,none,0.0,0.0,none,0.0,0.0,none
Vijayawada,2026-10-02 14:00:00,2,0.0031,0.0,none,0.0,0.0,none,0.0,0.0,none
Vijayawada,2026-10-02 15:00:00,2,0.0001,0.0,none,0.0,0.0,none,0.0,0.0,none
Vijayawada,2026-10-02 16:00:00,2,0.0,0.0,none,0.0,0.0,none,0.0,0.0,none
Vijayawada,2026-10-02 17:00:00,2,0.0,0.0,none,0.0,0.0,none,0.0,0.0,none
Vijayawada,2026-10-02 18:00:00,2,0.0,0.0,none,0.0,0.0,none,0.0,0.0,none
Vijayawada,2026-10-02 19:00:00,2,0.0,0.0,none,0.0,0.0,none,0.0002,0.0,none
Vijayawada,2026-10-02 20:00:00,2,0.0,0.0,none,0.0,0.0,none,0.0001,0.0,none
Vijayawada,2026-10-02 21:00:00,2,0.0,0.0,none,0.0,0.0,none,0.0,0.0,none
Vijayawada,2026-10-02 22:00:00,2,0.0,0.0,none,0.0,0.0,none,0.0,0.0,none
Vijayawada,2026-10-02 23:00:00,2,0.0,0.0,none,0.0,0.0,none,0.0,0.0,none
Vijayawada,2026-10-03 00:00:00,3,0.0,0.0,none,0.0,0.0,none,0.0,0.0,none
Vijayawada,2026-10-03 01:00:00,3,0.0,0.0,none,0.0,0.0,none,0.0,0.0,none
Vijayawada,2026-10-03 02:00:00,3,0.0,0.0,none,0.0,0.0,none,0.0,0.0,none
Vijayawada,2026-10-03 03:00:00,3,0.0,0.0,none,0.0,0.0,none,0.0,0.0,none
Vijayawada,2026-10-03 04:00:00,3,0.0,0.0,none,0.0,0.0,none,0.0001,0.0,none
Vijayawada,2026-10-03 05:00:00,3,0.0,0.0,none,0.0,0.0,none,0.0,0.0,none
Vijayawada,2026-10-03 06:00:00,3,0.0,0.0,none,0.0,0.0,none,0.0001,0.0,none
Vijayawada,2026-10-03 07:00:00,3,0.0,0.0,none,0.0,0.0,none,0.0,0.0,none
Vijayawada,2026-10-03 08:00:00,3,0.0,0.0,none,0.0,0.0,none,0.0,0.0,none
Vijayawada,2026-10-03 09:00:00,3,0.0,0.0,none,0.0,0.0,none,0.0,0.0,none
Vijayawada,2026-10-03 10:00:00,3,0.0,0.0,none,0.0,0.0,none,0.0,0.0,none
Vijayawada,2026-10-03 11:00:00,3,0.0001,0.0,none,0.0,0.0,none,0.0,0.0,none
Vijayawada,2026-10-03 12:00:00,3,0.0008,0.0,none,0.0,0.0,none,0.0,0.0,none
Vijayawada,2026-10-03 13:00:00,3,0.0023,0.0,none,0.0,0.0,none,0.0,0.0,none
Vijayawada,2026-10-03 14:00:00,3,0.0001,0.0,none,0.0028,0.0,none,0.0001,0.0,none
Vijayawada,2026-10-03 15:00:00,3,0.0,0.0,none,0.0232,0.0019,none,0.0002,0.0,none
Vijayawada,2026-10-03 16:00:00,3,0.0,0.0,none,0.0,0.0,none,0.0,0.0,none
Vijayawada,2026-10-03 17:00:00,3,0.0,0.0,none,0.0,0.0,none,0.0,0.0,none
Vijayawada,2026-10-03 18:00:00,3,0.0,0.0,none,0.0,0.0,none,0.0,0.0,none
Vijayawada,2026-10-03 19:00:00,3,0.0,0.0,none,0.0,0.0,none,0.0,0.0,none
Vijayawada,2026-10-03 20:00:00,3,0.0,0.0,none,0.0,0.0,none,0.0,0.0,none
Vijayawada,2026-10-03 21:00:00,3,0.0,0.0,none,0.0,0.0,none,0.0,0.0,none
Vijayawada,2026-10-03 22:00:00,3,0.0,0.0,none,0.0,0.0,none,0.0,0.0,none
Vijayawada,2026-10-03 23:00:00,3,0.0,0.0,none,0.0,0.0,none,0.0,0.0,none
Visakhapatnam,2026-10-01 00:00:00,1,0.0,0.0,none,0.0,0.0,none,0.0,0.0,none
Visakhapatnam,2026-10-01 01:00:00,1,0.0,0.0,none,0.0,0.0,none,0.0,0.0,none
Visakhapatnam,2026-10-01 02:00:00,1,0.0,0.0,none,0.0,0.0,none,0.0,0.0,none
Visakhapatnam,2026-10-01 03:00:00,1,0.0,0.0,none,0.0,0.0,none,0.0,0.0,none
Visakhapatnam,2026-10-01 04:00:00,1,0.0,0.0,none,0.0,0.0,none,0.0,0.0,none
Visakhapatnam,2026-10-01 05:00:00,1,0.0,0.0,none,0.0,0.0,none,0.0,0.0,none
Visakhapatnam,2026-10-01 06:00:00,1,0.0,0.0,none,0.0,0.0,none,0.0,0.0,none
Visakhapatnam,2026-10-01 07:00:00,1,0.0,0.0,none,0.0,0.0,none,0.0,0.0,none
Visakhapatnam,2026-10-01 08:00:00,1,0.0,0.0,none,0.0,0.0,none,0.0,0.0,none
Visakhapatnam,2026-10-01 09:00:00,1,0.0,0.0,none,0.0,0.0,none,0.0001,0.0,none
Visakhapatnam,2026-10-01 10:00:00,1,0.0,0.0,none,0.0,0.0,none,0.0,0.0,none
Visakhapatnam,2026-10-01 11:00:00,1,0.0002,0.0,none,0.0,0.0,none,0.0,0.0,none
Visakhapatnam,2026-10-01 12:00:00,1,0.0,0.0,none,0.0,0.0,none,0.0,0.0,none
Visakhapatnam,2026-10-01 13:00:00,1,0.0,0.0,none,0.0,0.0,none,0.0,0.0,none
Visakhapatnam,2026-10-01 14:00:00,1,0.0,0.0,none,0.0,0.0,none,0.0001,0.0,none
Visakhapatnam,2026-10-01 15:00:00,1,0.0,0.0,none,0.0,0.0,none,0.0,0.0,none
Visakhapatnam,2026-10-01 16:00:00,1,0.0,0.0,none,0.0,0.0,none,0.0,0.0,none
Visakhapatnam,2026-10-01 17:00:00,1,0.0,0.0,none,0.0,0.0,none,0.0,0.0,none
Visakhapatnam,2026-10-01 18:00:00,1,0.0,0.0,none,0.0,0.0,none,0.0,0.0,none
Visakhapatnam,2026-10-01 19:00:00,1,0.0,0.0,none,0.0,0.0,none,0.0,0.0,none
Visakhapatnam,2026-10-01 20:00:00,1,0.0,0.0,none,0.0,0.0,none,0.0,0.0,none
Visakhapatnam,2026-10-01 21:00:00,1,0.0,0.0,none,0.0,0.0,none,0.0,0.0,none
Visakhapatnam,2026-10-01 22:00:00,1,0.0,0.0,none,0.0,0.0,none,0.0,0.0,none
Visakhapatnam,2026-10-01 23:00:00,1,0.0,0.0,none,0.0,0.0,none,0.0,0.0,none
Visakhapatnam,2026-10-02 00:00:00,2,0.0,0.0,none,0.0,0.0,none,0.0,0.0,none
Visakhapatnam,2026-10-02 01:00:00,2,0.0,0.0,none,0.0,0.0,none,0.0,0.0,none
Visakhapatnam,2026-10-02 02:00:00,2,0.0,0.0,none,0.0,0.0,none,0.0,0.0,none
Visakhapatnam,2026-10-02 03:00:00,2,0.0,0.0,none,0.0,0.0,none,0.0,0.0,none
Visakhapatnam,2026-10-02 04:00:00,2,0.0,0.0,none,0.0,0.0,none,0.0,0.0,none
Visakhapatnam,2026-10-02 05:00:00,2,0.0,0.0,none,0.0,0.0,none,0.0,0.0,none
Visakhapatnam,2026-10-02 06:00:00,2,0.0,0.0,none,0.0,0.0,none,0.0,0.0,none
Visakhapatnam,2026-10-02 07:00:00,2,0.0,0.0,none,0.0,0.0,none,0.0,0.0,none
Visakhapatnam,2026-10-02 08:00:00,2,0.0,0.0,none,0.0,0.0,none,0.0,0.0,none
Visakhapatnam,2026-10-02 09:00:00,2,0.0,0.0,none,0.0,0.0,none,0.0,0.0,none
Visakhapatnam,2026-10-02 10:00:00,2,0.0,0.0,none,0.0,0.0,none,0.0,0.0,none
Visakhapatnam,2026-10-02 11:00:00,2,0.0,0.0,none,0.0,0.0,none,0.0,0.0,none
Visakhapatnam,2026-10-02 12:00:00,2,0.0,0.0,none,0.0,0.0,none,0.0,0.0,none
Visakhapatnam,2026-10-02 13:00:00,2,0.0,0.0,none,0.0,0.0,none,0.0,0.0,none
Visakhapatnam,2026-10-02 14:00:00,2,0.0,0.0,none,0.0,0.0,none,0.0,0.0,none
Visakhapatnam,2026-10-02 15:00:00,2,0.0,0.0,none,0.0,0.0,none,0.0,0.0,none
Visakhapatnam,2026-10-02 16:00:00,2,0.0,0.0,none,0.0,0.0,none,0.0,0.0,none
Visakhapatnam,2026-10-02 17:00:00,2,0.0,0.0,none,0.0,0.0,none,0.0,0.0,none
Visakhapatnam,2026-10-02 18:00:00,2,0.0,0.0,none,0.0,0.0,none,0.0,0.0,none
Visakhapatnam,2026-10-02 19:00:00,2,0.0,0.0,none,0.0,0.0,none,0.0,0.0,none
Visakhapatnam,2026-10-02 20:00:00,2,0.0,0.0,none,0.0,0.0,none,0.0,0.0,none
Visakhapatnam,2026-10-02 21:00:00,2,0.0,0.0,none,0.0,0.0,none,0.0,0.0,none
Visakhapatnam,2026-10-02 22:00:00,2,0.0,0.0,none,0.0,0.0,none,0.0,0.0,none
Visakhapatnam,2026-10-02 23:00:00,2,0.0,0.0,none,0.0,0.0,none,0.0,0.0,none
Visakhapatnam,2026-10-03 00:00:00,3,0.0,0.0,none,0.0,0.0,none,0.0,0.0,none
Visakhapatnam,2026-10-03 01:00:00,3,0.0,0.0,none,0.0,0.0,none,0.0,0.0,none
Visakhapatnam,2026-10-03 02:00:00,3,0.0,0.0,none,0.0,0.0,none,0.0,0.0,none
Visakhapatnam,2026-10-03 03:00:00,3,0.0,0.0,none,0.0,0.0,none,0.0,0.0,none
Visakhapatnam,2026-10-03 04:00:00,3,0.0,0.0,none,0.0,0.0,none,0.0,0.0,none
Visakhapatnam,2026-10-03 05:00:00,3,0.0,0.0,none,0.0,0.0,none,0.0,0.0,none
Visakhapatnam,2026-10-03 06:00:00,3,0.0,0.0,none,0.0,0.0,none,0.0,0.0,none
Visakhapatnam,2026-10-03 07:00:00,3,0.0,0.0,none,0.0,0.0,none,0.0,0.0,none
Visakhapatnam,2026-10-03 08:00:00,3,0.0,0.0,none,0.0,0.0,none,0.0,0.0,none
Visakhapatnam,2026-10-03 09:00:00,3,0.0,0.0,none,0.0,0.0,none,0.0,0.0,none
Visakhapatnam,2026-10-03 10:00:00,3,0.0,0.0,none,0.0,0.0,none,0.0,0.0,none
Visakhapatnam,2026-10-03 11:00:00,3,0.0,0.0,none,0.0,0.0,none,0.0,0.0,none
Visakhapatnam,2026-10-03 12:00:00,3,0.0,0.0,none,0.0,0.0,none,0.0001,0.0,none
Visakhapatnam,2026-10-03 13:00:00,3,0.0,0.0,none,0.0,0.0,none,0.0001,0.0,none
Visakhapatnam,2026-10-03 14:00:00,3,0.0,0.0,none,0.0,0.0,none,0.0001,0.0,none
Visakhapatnam,2026-10-03 15:00:00,3,0.0,0.0,none,0.0,0.0,none,0.0,0.0,none
Visakhapatnam,2026-10-03 16:00:00,3,0.0,0.0,none,0.0,0.0,none,0.0,0.0,none
Visakhapatnam,2026-10-03 17:00:00,3,0.0,0.0,none,0.0,0.0,none,0.0,0.0,none
Visakhapatnam,2026-10-03 18:00:00,3,0.0,0.0,none,0.0023,0.0,none,0.0,0.0,none
Visakhapatnam,2026-10-03 19:00:00,3,0.0,0.0,none,0.0,0.0,none,0.0,0.0,none
Visakhapatnam,2026-10-03 20:00:00,3,0.0,0.0,none,0.0,0.0,none,0.0,0.0,none
Visakhapatnam,2026-10-03 21:00:00,3,0.0,0.0,none,0.0,0.0,none,0.0,0.0,none
Visakhapatnam,2026-10-03 22:00:00,3,0.0,0.0,none,0.0,0.0,none,0.0,0.0,none
Visakhapatnam,2026-10-03 23:00:00,3,0.0,0.0,none,0.0,0.0,none,0.0,0.0,none
