city,datetime,lead_days,blend_temperature,blend_rainfall,blend_wind_speed,temperature,rainfall,wind_speed
Agartala,2026-10-08 00:00:00,1,25.1155464,0.1812206,5.2986664,24.91046126297923,0.4925351220479071,5.371612062031521
Agartala,2026-10-08 01:00:00,1,24.5571123,0.6723856,5.2245419,24.358566203583926,0.6119126710013114,5.224261706788038
Agartala,2026-10-08 02:00:00,1,24.1979714,0.5348594,5.4413314,24.01323844019867,0.6810654823443816,5.497458180871713
Agartala,2026-10-08 03:00:00,1,23.9930471,0.5739614000000001,4.725444899999999,23.799617848758828,0.5073823927198285,4.596385150743911
Agartala,2026-10-08 04:00:00,1,23.919819800000003,0.5656566000000001,4.2423974,23.723470225678255,0.6088228963712259,4.118748528458835
Agartala,2026-10-08 05:00:00,1,24.4414404,0.1882188,4.864349600000001,24.731636291866444,0.40758012961477663,4.8838332659899155
Agartala,2026-10-08 06:00:00,1,25.19444960000001,0.4315338999999999,4.5209645,25.478596291125537,0.6359571949118636,4.525275988709915
Agartala,2026-10-08 07:00:00,1,26.7847973,0.2779558,3.5858083,27.06244789138273,0.6960937307918156,4.255343351530607
Agartala,2026-10-08 08:00:00,1,28.0179819,0.2426741,3.0870455,28.518525650122694,0.44128296535103123,4.008421160591448
Agartala,2026-10-08 09:00:00,1,29.0237796,0.1602393,3.4104754,29.147719691252146,0.293339665402806,4.278704320433213
Agartala,2026-10-08 10:00:00,1,30.0162656,0.1995325,3.4695729,30.45931384058664,0.3219608489677777,4.42391435534905
Agartala,2026-10-08 11:00:00,1,30.7270054,0.1998818,2.7303041,31.20691238028476,0.3553816283354167,3.8102111152826974
Agartala,2026-10-08 12:00:00,1,30.901748000000005,0.1176259,3.1342176000000004,31.34888889084671,0.20500579513688416,4.075510009670462
Agartala,2026-10-08 13:00:00,1,30.9217051,0.0983286,4.2478204,31.075306215799845,0.1881502416360904,4.396224170407629
Agartala,2026-10-08 14:00:00,1,30.4138407,0.2162082,5.486662300000001,30.267378660493303,0.2930577192314715,4.956803288134668
Agartala,2026-10-08 15:00:00,1,29.4909518,0.504203,5.4456513,29.302858857605887,0.5269408804254375,4.517233858399229
Agartala,2026-10-08 16:00:00,1,27.9430049,0.6182557,4.7030975,28.10338566481172,0.46348747284940295,3.258608136514013
Agartala,2026-10-08 17:00:00,1,26.9095845,0.2415193999999999,3.8055623,27.058844281246195,0.42893422373034207,3.724857284486912
Agartala,2026-10-08 18:00:00,1,26.3514858,0.3641901,4.0061449,26.22372210426521,0.15000173631085817,4.375766968018458
Agartala,2026-10-08 19:00:00,1,25.9818424,0.0671336,4.9191062,25.86261003343736,0.34623692138283046,4.889393775506569
Agartala,2026-10-08 20:00:00,1,25.5823175,0.0413026,4.2297309,25.442539644950777,0.2919086192837589,4.284735330090748
Agartala,2026-10-08 21:00:00,1,25.1578305,0.0413026,4.3461015,25.011551646584504,0.28300704562162826,4.8061122011664645
Agartala,2026-10-08 22:00:00,1,24.8033683,0.0413026,4.5629696,24.657973776188857,0.28462476376262574,4.474430692141867
Agartala,2026-10-08 23:00:00,1,24.3044106,0.1148296,5.151204,24.47587570483851,0.3568259710186978,5.009414990661978
Agartala,2026-10-09 00:00:00,2,24.1312941,0.3838533,4.427701427701428,23.926631646736546,0.9000583280138508,4.493337509044827
Agartala,2026-10-09 01:00:00,2,23.9498805,0.3142752,3.594766694766695,23.7364322575355,0.7002235056581034,3.940265385303006
Agartala,2026-10-09 02:00:00,2,23.7289978,0.5542124,2.815135015135016,23.47398440738076,0.5224353796604974,3.4665194597537914
Agartala,2026-10-09 03:00:00,2,23.5943557,0.6288403,4.55971745971746,23.39472748105502,0.5729183336604002,4.5251686148604655
Agartala,2026-10-09 04:00:00,2,23.4014151,0.2437604,5.030398530398531,23.20788351237863,0.4901108367119778,5.230949185959607
Agartala,2026-10-09 05:00:00,2,23.3902916,0.2070296,5.200206400206401,23.647588327505886,0.4523298519086465,5.464150959350059
Agartala,2026-10-09 06:00:00,2,24.0429399,0.2978636999999999,4.556122956122957,24.298330368425994,0.5405816138709987,4.859812508099462
Agartala,2026-10-09 07:00:00,2,25.0838697,0.1693058999999999,4.0371251371251375,25.38157274198721,0.39854449683104876,4.694058167139245
Agartala,2026-10-09 08:00:00,2,26.2123703,0.2048497,4.306378606378607,26.79616757765024,0.48637759977577233,4.941131252386718
Agartala,2026-10-09 09:00:00,2,27.0872442,0.6432169,4.5598228598228605,27.71854738757308,1.0616653829050822,5.503842929362681
Agartala,2026-10-09 10:00:00,2,27.6948272,0.4111242,4.4922860922860925,28.16090530431058,0.7647871346638495,5.35363700178306
Agartala,2026-10-09 11:00:00,2,28.9599786,0.2830179,3.7987482987483,29.472412460900706,0.6024676838884089,4.651943699647633
Agartala,2026-10-09 12:00:00,2,29.527378100000004,0.2989536,3.788796788796789,29.518388796612363,0.6066183431422891,4.675551731376067
Agartala,2026-10-09 13:00:00,2,29.3180441,0.5001990000000001,3.8745990745990735,29.149581166450005,0.8938009631638523,4.749856792736232
Agartala,2026-10-09 14:00:00,2,29.3072071,0.2439864,3.2105980105980114,29.081030924508244,0.4936012606304061,4.195117225918023
Agartala,2026-10-09 15:00:00,2,28.8002495,0.3725442,3.3478806478806487,28.596637281893422,0.6818892283050108,4.244435734358493
Agartala,2026-10-09 16:00:00,2,27.7523633,0.592929,3.127284127284128,27.53309919422501,0.6953822889072916,4.09986454879904
Agartala,2026-10-09 17:00:00,2,26.545563,0.4827365999999999,3.400647200647201,26.533080427614948,0.8640847918262324,4.36701920312403
Agartala,2026-10-09 18:00:00,2,25.773023100000003,0.8629930000000001,3.232891832891833,25.57478865666147,0.733886593844226,4.188281422004876
Agartala,2026-10-09 19:00:00,2,25.0827095,0.8997238000000001,3.666701866701867,24.90065961720312,0.7297227772617703,4.270904691702274
Agartala,2026-10-09 20:00:00,2,24.3767316,0.8997238000000001,4.604605204605205,24.214694372373465,0.6918227252862218,4.8686193036240315
Agartala,2026-10-09 21:00:00,2,23.992417600000003,0.502905,3.032291132291133,23.750952289791847,0.7490962954068137,3.423844179114744
Agartala,2026-10-09 22:00:00,2,23.849719,0.2457894,3.17980687980688,23.650315142356035,0.5548430344305688,3.4597819773211205
Agartala,2026-10-09 23:00:00,2,23.6824512,0.227424,3.362069062069062,23.839494198208033,0.533950842361287,3.79013362405889
Agartala,2026-10-10 00:00:00,3,23.5401009,0.0,3.3013805,23.305316586768768,0.30980670761312834,3.7669413660193825
Agartala,2026-10-10 01:00:00,3,23.3512034,0.0178417178417178,3.008329099999999,23.102333467555944,0.32089649186019326,3.1950705560763843
Agartala,2026-10-10 02:00:00,3,23.1335177,0.0,2.3701818,22.864921248153376,0.28092465356262614,2.6016100724967415
Agartala,2026-10-10 03:00:00,3,22.9765013,0.0,2.5848899999999992,22.701624565025753,0.27648113410429387,2.7915160516132382
Agartala,2026-10-10 04:00:00,3,22.9207046,0.0,3.1726294999999998,22.66997344117181,0.2563016272444045,3.361948629882157
Agartala,2026-10-10 05:00:00,3,22.9187361,0.0,3.9197398,23.15014601473609,0.22233696138605594,3.9790455525660966
Agartala,2026-10-10 06:00:00,3,24.006054,0.0,3.938084699999999,24.256602525916406,0.22546505309388742,4.125660290546282
Agartala,2026-10-10 07:00:00,3,25.7128763,0.0,4.470468299999999,25.999293130319895,0.25251367207845393,4.723748235315759
Agartala,2026-10-10 08:00:00,3,27.3564901,0.0,3.9158007,27.86846449545753,0.09875949495654966,4.103285786004579
Agartala,2026-10-10 09:00:00,3,28.6831611,0.0547194547194547,3.416682399999999,28.854164781081355,0.1326808712857377,3.478382072744565
Agartala,2026-10-10 10:00:00,3,29.6881462,0.1082446082446082,3.3821714,29.853881929340094,0.1633259480939875,3.4331088443930007
Agartala,2026-10-10 11:00:00,3,30.3959476,0.0904028904028904,3.5536685999999995,30.77562614571487,0.16837986455534076,3.311924173881039
Agartala,2026-10-10 12:00:00,3,30.8889505,0.0368777368777368,3.5051611999999994,31.033986159860234,0.10186352202074112,3.308475060821891
Agartala,2026-10-10 13:00:00,3,31.17409,0.019036019036019,3.700020099999999,31.411284719925906,0.07925023483169644,3.7443434540909317
Agartala,2026-10-10 14:00:00,3,31.1769148,0.019036019036019,3.6991804,31.20269514406593,0.09926635360193362,4.387509068141688
Agartala,2026-10-10 15:00:00,3,30.6999382,0.0,3.596061199999999,30.515879062330733,0.07558041406760246,4.194851989873515
Agartala,2026-10-10 16:00:00,3,29.5592579,0.0,3.660662399999999,29.35812097516789,0.07596897588648564,4.2087476696053265
Agartala,2026-10-10 17:00:00,3,28.2676122,0.0,3.823522899999999,28.3462706063694,0.1251976429149978,4.2630150456866645
Agartala,2026-10-10 18:00:00,3,27.4869834,0.019036019036019,4.048416699999999,27.36660037304181,0.192957082418563,4.716689074894621
Agartala,2026-10-10 19:00:00,3,26.897033,0.019036019036019,4.258561199999999,26.7904653030202,0.4367083627572755,4.781814976686456
Agartala,2026-10-10 20:00:00,3,26.3127379,0.019036019036019,4.275658299999998,26.199551427645652,0.35779515959167835,4.5253263064355025
Agartala,2026-10-10 21:00:00,3,25.8270281,0.0,4.452069299999999,25.708626542120705,0.29180908150521295,4.482827770907822
Agartala,2026-10-10 22:00:00,3,25.439961800000003,0.0,4.813878099999999,25.316231946679594,0.27801763011838254,4.77989415625262
Agartala,2026-10-10 23:00:00,3,25.0996222,0.0,5.198817399999999,25.275336554789398,0.27141614951302645,5.1521671400518905
Agra,2026-10-08 00:00:00,1,26.725357100000004,0.0,8.15804994195006,26.8961385354666,0.056989043829306994,8.278925849289244
Agra,2026-10-08 01:00:00,1,26.132672,0.0,7.756695243304758,26.312379025411442,0.05621510100575225,8.183241400626223
Agra,2026-10-08 02:00:00,1,25.6292511,0.0,7.208355691644309,25.81441628759794,0.057832855645981944,7.639706774694166
Agra,2026-10-08 03:00:00,1,25.1980655,0.0,6.462113237886763,25.38070166159635,0.056764036354936175,6.5873891890895715
Agra,2026-10-08 04:00:00,1,24.8253913,0.0,5.805432494567506,25.008027461596352,0.05676720112978947,5.846672794252143
Agra,2026-10-08 05:00:00,1,24.624307,0.0,6.463400236599764,24.907352307892808,0.053694611303117916,6.515287778645051
Agra,2026-10-08 06:00:00,1,24.602422500000003,0.0,6.245967654032348,24.88232794898094,0.06690584439367869,6.5524894169595385
Agra,2026-10-08 07:00:00,1,25.5258307,0.0,6.167710932289069,25.803096217303274,0.06670794263107338,6.613873218527685
Agra,2026-10-08 08:00:00,1,27.2098837,0.0,5.831930368069633,27.47317724464719,0.06102452201692499,6.29786593917541
Agra,2026-10-08 09:00:00,1,29.0447671,0.0,5.513016586983413,29.109284408970357,0.05709274862680322,5.400557012509438
Agra,2026-10-08 10:00:00,1,30.8246611,0.0,4.265978034021966,30.747256863659985,0.05548670995786224,3.6899835476721896
Agra,2026-10-08 11:00:00,1,32.2117725,0.0,4.535399364600636,31.88330295717101,0.05972056417066628,3.863267688016244
Agra,2026-10-08 12:00:00,1,33.3099318,0.0,6.845069054930946,32.877400446487805,0.06340755558495058,5.744794424959061
Agra,2026-10-08 13:00:00,1,34.1942168,0.0,9.91095378904621,33.64743454914642,0.05256211326670833,8.317312467051668
Agra,2026-10-08 14:00:00,1,34.5500747,0.0,11.61842068157932,33.751846161307974,0.051351455994969805,9.631382529941803
Agra,2026-10-08 15:00:00,1,34.3641741,0.0,11.621993478006525,33.370852191799216,0.05122595647487763,9.612359787156315
Agra,2026-10-08 16:00:00,1,33.841198500000004,0.0,9.456787143212855,32.97340144904535,0.05498104926515342,7.889692000192982
Agra,2026-10-08 17:00:00,1,32.7552623,0.0,7.322141277858723,32.014547757456704,0.05817250317283574,6.280432657656093
Agra,2026-10-08 18:00:00,1,31.2721457,0.0,6.470861029138971,30.45213767318952,0.05946401886288248,6.225448930462683
Agra,2026-10-08 19:00:00,1,30.0164412,0.0,5.995677204322797,29.486681384923457,0.05284612312372513,5.935456283949978
Agra,2026-10-08 20:00:00,1,28.9494987,0.0,6.21920168079832,28.531568538649168,0.054641315110399595,6.0667475891958835
Agra,2026-10-08 21:00:00,1,28.0757256,0.0,6.451664548335452,28.045614848850217,0.05497894796764815,5.7801472614489855
Agra,2026-10-08 22:00:00,1,27.4299051,0.0,6.247542452457548,27.41408493105557,0.05038457736000226,5.5583362621254695
Agra,2026-10-08 23:00:00,1,26.8846214,0.0,6.473487326512674,27.19199492822719,0.050606976980517394,5.8520068858007015
Agra,2026-10-09 00:00:00,2,26.341092300000003,0.0,6.276197876197877,26.509936553114617,0.05446628028022453,5.753632629534016
Agra,2026-10-09 01:00:00,2,25.766554000000003,0.0,6.3560811560811565,25.95461636844623,0.05362853838725987,5.860331636207948
Agra,2026-10-09 02:00:00,2,25.343642100000007,0.0,6.724221024221025,25.52836350921325,0.05369809157955114,6.249653834064203
Agra,2026-10-09 03:00:00,2,24.9587882,0.0,6.837390737390738,25.140203799361924,0.05369809157955114,6.502012603584197
Agra,2026-10-09 04:00:00,2,24.6500707,0.0,7.169855069855071,24.80854133018416,0.05449396011895301,6.886518191687895
Agra,2026-10-09 05:00:00,2,24.580949100000005,0.0,7.043221443221443,24.859225137936154,0.05647856714634892,6.722064782454982
Agra,2026-10-09 06:00:00,2,24.756841100000003,0.0,6.734398234398235,25.03364711572567,0.06316688131969796,6.292405878114306
Agra,2026-10-09 07:00:00,2,25.792652600000004,0.0,7.327219527219528,26.086907743583442,0.0764422389140916,6.296883702020824
Agra,2026-10-09 08:00:00,2,27.5257196,0.0,7.837409737409738,27.931556866560495,0.05721160537349188,6.445166188315695
Agra,2026-10-09 09:00:00,2,29.458585000000003,0.0,8.293122793122794,29.56931151546557,0.05527236729242947,6.671359677362521
Agra,2026-10-09 10:00:00,2,31.333894900000004,0.0,8.04874184874185,31.432630493019282,0.05436393619284965,6.264710214943357
Agra,2026-10-09 11:00:00,2,32.772188400000005,0.0,7.193863693863696,32.58967747568448,0.05435133571882207,6.14653696434854
Agra,2026-10-09 12:00:00,2,33.764537000000004,0.0,6.010546310546312,33.44568485749526,0.0526971808701655,4.879058177375371
Agra,2026-10-09 13:00:00,2,34.513541700000005,0.0,4.882272282272282,34.22727241015533,0.05374367956756715,4.565332471212747
Agra,2026-10-09 14:00:00,2,34.773688500000006,0.0,3.7207064207064207,34.17770088437431,0.05666017627487,4.403426152467892
Agra,2026-10-09 15:00:00,2,34.5823333,0.0,2.6053179053179054,33.512335529426004,0.06883741119652229,3.4932246891059444
Agra,2026-10-09 16:00:00,2,33.9781545,0.0,5.318242718242718,32.879685440178164,0.060663388108035086,5.268208936951053
Agra,2026-10-09 17:00:00,2,32.6214937,0.0,8.161734561734562,31.776712274818216,0.06398241712692708,7.904376188328674
Agra,2026-10-09 18:00:00,2,30.96589430000001,0.0,10.64743834743835,29.99598903697448,0.08514676295522593,10.727644011102848
Agra,2026-10-09 19:00:00,2,29.6523047,0.0,9.534621534621536,29.12851551161488,0.06460316294307983,8.487138352705333
Agra,2026-10-09 20:00:00,2,28.7488901,0.0,9.792459392459392,28.39352209583297,0.06821072695365919,8.443116354967188
Agra,2026-10-09 21:00:00,2,27.9495426,0.0,10.152189152189152,27.939940714240045,0.06392986874837192,8.71303854994542
Agra,2026-10-09 22:00:00,2,27.234955,0.0,9.852560052560056,27.25358316586736,0.06868207981956015,8.589211592070168
Agra,2026-10-09 23:00:00,2,26.63482220000001,0.0,9.804294904294906,26.935094641345604,0.053845348266076225,8.685714069852628
Agra,2026-10-10 00:00:00,3,26.0984912015088,0.0,9.611796,26.26301505803761,0.06277749169995298,8.966123072540894
Agra,2026-10-10 01:00:00,3,25.524052075947925,0.0,9.206769800000002,25.681361060061768,0.06277749169995298,8.679277773012801
Agra,2026-10-10 02:00:00,3,25.044699755300243,0.0,8.9192088,25.14306170785242,0.05774662968083354,8.397334060244363
Agra,2026-10-10 03:00:00,3,24.564025835974164,0.0,8.723919800000001,24.659081978675022,0.07009507634823967,8.337383919575922
Agra,2026-10-10 04:00:00,3,24.17867672132328,0.0,8.817616399999999,24.27373286402414,0.05717772432508768,8.452521027119664
Agra,2026-10-10 05:00:00,3,24.040715059284945,0.0,8.4391226,24.27099826381513,0.0550607248859043,8.115102216539091
Agra,2026-10-10 06:00:00,3,24.120123779876224,0.0,8.805329,24.35040698440641,0.06477788134180955,8.350652627790193
Agra,2026-10-10 07:00:00,3,25.07772472227528,0.0,9.4838664,25.355113658952085,0.08752014331465985,8.54892115147613
Agra,2026-10-10 08:00:00,3,26.73926916073084,0.0,10.1340734,27.20608096714352,0.08319082118725663,8.938794174542544
Agra,2026-10-10 09:00:00,3,28.553504746495257,0.0,9.5337366,28.652234319457627,0.06588346781319905,8.292328132900241
Agra,2026-10-10 10:00:00,3,30.283526116473887,0.0,8.8880096,30.296984724366844,0.055666870891479155,7.558225588928263
Agra,2026-10-10 11:00:00,3,31.6975459024541,0.0,8.0333334,31.79975556670603,0.0567079160168599,6.709533224573104
Agra,2026-10-10 12:00:00,3,32.744852155147846,0.0,7.2998822,32.52468459528647,0.0567079160168599,6.067094104676306
Agra,2026-10-10 13:00:00,3,33.56529073470927,0.0,6.445052,33.23668279806327,0.05762710116839836,5.501030204447542
Agra,2026-10-10 14:00:00,3,33.9984613015387,0.0,6.109854200000001,33.40544121981783,0.05711276209765054,5.70631523980647
Agra,2026-10-10 15:00:00,3,33.906005793994204,0.0,6.8045756,33.02009074648164,0.055654559120121724,5.874481073111788
Agra,2026-10-10 16:00:00,3,33.41785938214062,0.0,7.895478799999999,32.603428148208444,0.05711678823431995,6.582157984665018
Agra,2026-10-10 17:00:00,3,32.3933665066335,0.0,7.967636,31.703237206375547,0.061259467291596606,6.860644568385814
Agra,2026-10-10 18:00:00,3,31.02983597016403,0.0,7.2949144,30.47538203307091,0.05970523397313882,6.016400322095902
Agra,2026-10-10 19:00:00,3,29.7987983012017,0.0,8.2076834,29.40301661966653,0.0535709580432625,7.21113077095373
Agra,2026-10-10 20:00:00,3,28.722960577039427,0.0,8.454599,28.393171873284853,0.05317297605804408,7.622555398451114
Agra,2026-10-10 21:00:00,3,27.891544808455198,0.0,9.1721492,27.743594032140518,0.06477360537798046,8.086523165530812
Agra,2026-10-10 22:00:00,3,27.25764484235516,0.0,8.6932704,27.27042275327618,0.05556974401952628,7.678825170415434
Agra,2026-10-10 23:00:00,3,26.72813687186313,0.0,8.355641799999999,27.025721760150383,0.05531641794467593,7.415497766422687
Ahmedabad,2026-10-08 00:00:00,1,28.876805976805976,0.0,6.057941200000001,28.963663911629233,0.028409907442415915,5.464374879093559
Ahmedabad,2026-10-08 01:00:00,1,28.21458841458841,0.0,6.688072800000001,28.369400543569498,0.02801788763670917,6.002090526936422
Ahmedabad,2026-10-08 02:00:00,1,27.57496137496137,0.0,6.916966200000001,27.752822440366085,0.028085406696563717,5.781297986512014
Ahmedabad,2026-10-08 03:00:00,1,27.112739112739117,0.0,6.753698200000001,27.24509721462129,0.031113170679025783,5.700525452899415
Ahmedabad,2026-10-08 04:00:00,1,26.745222045222043,0.0,6.2034134000000005,26.883107707349293,0.03162751762043619,5.432521750101703
Ahmedabad,2026-10-08 05:00:00,1,26.73306893306893,0.0,5.647400200000002,26.908011704178694,0.03225573011318574,4.930684366515004
Ahmedabad,2026-10-08 06:00:00,1,26.5051035051035,0.0,5.279249400000001,26.63470383849501,0.03023188859273466,4.963477987748515
Ahmedabad,2026-10-08 07:00:00,1,27.054889654889653,0.0,4.5055402,27.193360009363843,0.044828991348250524,4.5246061727098015
Ahmedabad,2026-10-08 08:00:00,1,28.66074616074616,0.0,4.296081600000001,29.316091721593015,0.02333860118445806,4.438640646267449
Ahmedabad,2026-10-08 09:00:00,1,30.78870328870329,0.0,4.3610812,31.63746149761134,0.02138552422680291,4.120043328469384
Ahmedabad,2026-10-08 10:00:00,1,32.87304957304957,0.0,4.185983600000001,33.63324932169856,0.018325209025746227,4.102606497914326
Ahmedabad,2026-10-08 11:00:00,1,34.79507629507629,0.0,5.021723400000001,34.578149283284624,0.01807006826750913,4.928347786555694
Ahmedabad,2026-10-08 12:00:00,1,36.0004502004502,0.0,5.962478400000001,35.759566468648465,0.021093582487568027,5.542639153546276
Ahmedabad,2026-10-08 13:00:00,1,36.75764545764545,0.0,6.729391200000001,36.39058438224798,0.02224956591943458,6.283005621928309
Ahmedabad,2026-10-08 14:00:00,1,37.12995402995403,0.0,7.392492400000001,36.488473683820054,0.018459122943225038,6.497619909089872
Ahmedabad,2026-10-08 15:00:00,1,37.219375219375216,0.0,7.8928584000000015,36.36249551624673,0.017610957261598406,6.8867494743422695
Ahmedabad,2026-10-08 16:00:00,1,36.91960871960872,0.0,7.999138800000001,35.997353705877465,0.020165677976440657,6.944018827535042
Ahmedabad,2026-10-08 17:00:00,1,36.14135034135033,0.0,7.8338482,35.23046227755452,0.016870777786777133,6.655174665357977
Ahmedabad,2026-10-08 18:00:00,1,34.479934979934974,0.0,7.437947400000001,33.30208002482344,0.01641843473532285,5.770170413755661
Ahmedabad,2026-10-08 19:00:00,1,33.15964315964316,0.0,7.239242800000001,32.39150555520664,0.01597012194027426,5.741279405080037
Ahmedabad,2026-10-08 20:00:00,1,32.01453801453801,0.0,6.476450600000001,31.59284375464489,0.015279917840027522,4.8494259282403425
Ahmedabad,2026-10-08 21:00:00,1,30.914380714380712,0.0,6.521888000000001,30.513479611246947,0.015279917840027522,4.948177807737044
Ahmedabad,2026-10-08 22:00:00,1,29.91302141302141,0.0,5.761669200000001,29.407424545085455,0.015217185312115775,4.5060763091118785
Ahmedabad,2026-10-08 23:00:00,1,29.222843022843023,0.0,5.531735400000001,29.061773868062247,0.0176531771008112,4.4506356763633255
Ahmedabad,2026-10-09 00:00:00,2,28.729619029619027,0.0,5.7732772,28.698710744686885,0.02438508849663185,4.5184259179673045
Ahmedabad,2026-10-09 01:00:00,2,28.07520607520608,0.0,6.0426921,28.17837792019168,0.02264110442559572,4.734190401609735
Ahmedabad,2026-10-09 02:00:00,2,27.467685767685765,0.0,5.893300399999999,27.610174216721884,0.02453258077726111,4.507033215163123
Ahmedabad,2026-10-09 03:00:00,2,26.9018034018034,0.0,5.604573599999999,27.03837816480597,0.02945045531942703,4.800783801770384
Ahmedabad,2026-10-09 04:00:00,2,26.37493147493148,0.0,5.498000599999999,26.514564288989202,0.02987903823463178,4.806486599014576
Ahmedabad,2026-10-09 05:00:00,2,25.98341928341928,0.0,6.089693099999999,26.099676270212296,0.029728983666869362,4.758162099077263
Ahmedabad,2026-10-09 06:00:00,2,25.83888253888254,0.0,5.451253800000001,25.98799345562042,0.042537892671637545,4.663806902113494
Ahmedabad,2026-10-09 07:00:00,2,26.46143936143936,0.0,5.3035132,26.592640341722962,0.04473804502142397,4.650438622576626
Ahmedabad,2026-10-09 08:00:00,2,28.163685063685065,0.0,5.6108373,28.827911481474484,0.022185817483011322,4.943880231842147
Ahmedabad,2026-10-09 09:00:00,2,30.37075597075597,0.0,7.2490109,31.153254613679064,0.020593435417414926,5.606336521159675
Ahmedabad,2026-10-09 10:00:00,2,32.34882974882975,0.0,7.725562300000001,33.202736802824425,0.018753717597950404,6.2272238623535525
Ahmedabad,2026-10-09 11:00:00,2,34.1037623037623,0.0,8.1807272,34.143041226364055,0.021486734856494837,6.999763224648498
Ahmedabad,2026-10-09 12:00:00,2,35.413622513622514,0.0,8.7512403,35.127026954164904,0.021486734856494837,7.724377670290239
Ahmedabad,2026-10-09 13:00:00,2,36.215460515460514,0.0,8.989315000000001,35.861005388691034,0.021313835966897808,7.95526976297487
Ahmedabad,2026-10-09 14:00:00,2,36.63336593336594,0.0,9.5474024,35.98519123446946,0.02120264056284928,8.517425233325712
Ahmedabad,2026-10-09 15:00:00,2,36.687266387266384,0.0,9.4236596,35.83880887078291,0.0213225443369284,8.464590244935787
Ahmedabad,2026-10-09 16:00:00,2,36.41050051050051,0.0,8.6070642,35.472592453762545,0.020076301197233314,7.6048643709563475
Ahmedabad,2026-10-09 17:00:00,2,35.67056877056877,0.0,7.273002699999999,34.715434512947475,0.016603158190260182,6.343606720069381
Ahmedabad,2026-10-09 18:00:00,2,34.13979263979264,0.0,7.1194011,33.00727846847304,0.01641843473532285,6.375292017725277
Ahmedabad,2026-10-09 19:00:00,2,32.674360374360376,0.0,5.759583599999999,32.26049345598069,0.01597012194027426,4.997455399322019
Ahmedabad,2026-10-09 20:00:00,2,31.6992453992454,0.0,3.8079149,31.326550540178797,0.016506737369237377,3.8650342154975785
Ahmedabad,2026-10-09 21:00:00,2,30.929169429169427,0.0,4.3746969,30.56836006649403,0.015279917840027522,4.258832035957255
Ahmedabad,2026-10-09 22:00:00,2,30.084790984790985,0.0,5.0576268,29.669116179252608,0.019263585227354527,4.3866279533688965
Ahmedabad,2026-10-09 23:00:00,2,29.214019914019914,0.0,5.7533714,29.04932357978175,0.015330554637092932,4.215465743853127
Ahmedabad,2026-10-10 00:00:00,3,28.384934684934684,0.0,6.226671326671326,28.518538260102435,0.020820432489634277,4.86150358377853
Ahmedabad,2026-10-10 01:00:00,3,27.46239016239016,0.0,6.909366309366308,27.59395639666659,0.024833666915844977,5.4433274974631045
Ahmedabad,2026-10-10 02:00:00,3,26.642139142139136,0.0,6.720974720974722,26.77343063144109,0.02708956631950304,5.4583017057776635
Ahmedabad,2026-10-10 03:00:00,3,25.99421189421189,0.0,6.571968671968671,26.12288361444081,0.03126794530419695,5.3587969270674485
Ahmedabad,2026-10-10 04:00:00,3,25.378689978689977,0.0,6.310521210521211,25.456225206977752,0.03522146831066175,5.231866189538212
Ahmedabad,2026-10-10 05:00:00,3,24.97681867681868,0.0,6.235737335737335,25.050005718714633,0.037794106881647214,5.131696664880647
Ahmedabad,2026-10-10 06:00:00,3,24.778148978148973,0.0,5.949123549123549,24.849851265783197,0.04858696884377915,4.828767407841499
Ahmedabad,2026-10-10 07:00:00,3,25.255339755339755,0.0,5.805242605242605,25.40915353198899,0.04682352524503711,4.7513680304936
Ahmedabad,2026-10-10 08:00:00,3,26.93907503907504,0.0,6.194535594535593,27.55790070451078,0.022394068779570942,5.324386270097968
Ahmedabad,2026-10-10 09:00:00,3,29.06040556040556,0.0,6.819154419154418,29.646545765062058,0.02088815336825882,5.29624525317044
Ahmedabad,2026-10-10 10:00:00,3,30.965568265568265,0.0,6.538775638775638,31.806654941821286,0.022248056787301844,5.297562429896423
Ahmedabad,2026-10-10 11:00:00,3,32.603526003526,0.0,6.42991642991643,33.25451200602644,0.02084435463873653,5.506121570871294
Ahmedabad,2026-10-10 12:00:00,3,33.97030047030047,0.0,6.786765686765687,33.76154260985414,0.021486734856494837,5.903959442547158
Ahmedabad,2026-10-10 13:00:00,3,35.034299334299334,0.0,7.684022484022483,34.7197129127316,0.021486734856494837,6.668770953385213
Ahmedabad,2026-10-10 14:00:00,3,35.740722240722235,0.0,8.476531376531376,35.14289631095156,0.02080597782083436,7.509807785248361
Ahmedabad,2026-10-10 15:00:00,3,35.95532025532025,0.0,7.707913307913307,35.22548952446753,0.020882025850814424,6.773251499884903
Ahmedabad,2026-10-10 16:00:00,3,35.831028031028026,0.0,6.576106376106376,34.971333836335255,0.020472963939248235,5.945844328897709
Ahmedabad,2026-10-10 17:00:00,3,35.28732428732429,0.0,5.958341158341158,34.3624584934381,0.017598278239330654,5.235431545891627
Ahmedabad,2026-10-10 18:00:00,3,33.997204697204694,0.0,4.350852450852451,33.07989448050678,0.01641843473532285,4.238570653003772
Ahmedabad,2026-10-10 19:00:00,3,32.741615041615034,0.0,4.196488796488796,32.26261508741172,0.01597012194027426,4.169268158592503
Ahmedabad,2026-10-10 20:00:00,3,31.47870847870848,0.0,4.887933487933488,31.12847408936394,0.015279917840027522,4.527169332807536
Ahmedabad,2026-10-10 21:00:00,3,30.670402470402472,0.0,4.949983549983549,30.29234639274498,0.015279917840027522,4.602143848454558
Ahmedabad,2026-10-10 22:00:00,3,29.8026075026075,0.0,5.474121474121474,29.399898247243566,0.015279917840027522,4.917380632069335
Ahmedabad,2026-10-10 23:00:00,3,28.83773623773624,0.0,6.006653806653806,28.76129481695634,0.01562527258793682,5.003969743132786
Amritsar,2026-10-08 00:00:00,1,25.3824883,0.0,4.702056300000001,25.543952372490846,0.0468920857401373,4.23420113157513
Amritsar,2026-10-08 01:00:00,1,24.8875688,0.0,4.3612432000000005,25.050556454574355,0.046485462516678046,3.970441140256665
Amritsar,2026-10-08 02:00:00,1,24.4753376,0.0,4.0842207,24.61939233277182,0.03698166959831743,3.691266543262394
Amritsar,2026-10-08 03:00:00,1,24.112325400000003,0.0,3.5796601000000003,24.25911623046594,0.038036528899516316,3.4777062762576065
Amritsar,2026-10-08 04:00:00,1,23.8686433,0.0,3.2604223,24.01040845202589,0.040113603948064736,3.2540084807642304
Amritsar,2026-10-08 05:00:00,1,24.019021400000003,0.0,3.853257600000001,24.27978925166845,0.054337637117335566,3.9292635365492297
Amritsar,2026-10-08 06:00:00,1,23.8295131,0.0,3.8263523,24.12486516548886,0.035704218929061934,3.9714735302333617
Amritsar,2026-10-08 07:00:00,1,24.5662716,0.0,4.4719814,24.86838007116039,0.029866218068021283,4.328630347475055
Amritsar,2026-10-08 08:00:00,1,26.2897683,0.0,5.6357385,26.792222581471016,0.0291965199685689,4.9170032003462225
Amritsar,2026-10-08 09:00:00,1,28.213453999999995,0.0,5.969479400000001,28.549199884545217,0.020746272318425497,4.820844264310246
Amritsar,2026-10-08 10:00:00,1,29.9588872,0.0,5.767558200000001,29.99691740987521,0.019773744902934563,4.712737682278638
Amritsar,2026-10-08 11:00:00,1,31.1519767,0.0,4.4413131,31.250360116902673,0.018475196671536416,4.09327203442033
Amritsar,2026-10-08 12:00:00,1,31.9773382,0.0,3.2674992,31.8933637926284,0.017505518511265864,3.284968914351287
Amritsar,2026-10-08 13:00:00,1,32.5087398,0.0,3.3622696,32.31654834401334,0.017505518511265864,3.313659487200768
Amritsar,2026-10-08 14:00:00,1,32.6699608,0.0,4.3699132,32.33926893340832,0.017394323107217332,3.6149146938229912
Amritsar,2026-10-08 15:00:00,1,32.3044123,0.0,6.4293718,31.857679812560082,0.017247076209149562,4.683660886891327
Amritsar,2026-10-08 16:00:00,1,31.7235794,0.0,6.0581724,31.438188354581964,0.017093155055820475,4.487553065580178
Amritsar,2026-10-08 17:00:00,1,31.0646612,0.0,5.3796666,30.879161680729,0.016038608434016912,4.233624856712373
Amritsar,2026-10-08 18:00:00,1,29.3173167,0.3558744,7.1672527000000015,29.272396847441442,0.12417560638440589,5.567316271307427
Amritsar,2026-10-08 19:00:00,1,27.618836100000003,0.1779372,9.4586986,27.71985083244678,0.0955724733659504,6.718294686000206
Amritsar,2026-10-08 20:00:00,1,26.7695005,0.0,9.527554,26.903213206838977,0.035397025816290374,7.351239590892218
Amritsar,2026-10-08 21:00:00,1,26.0967523,0.0,9.283211,26.23278079415723,0.03811392147019941,7.4008323606075725
Amritsar,2026-10-08 22:00:00,1,25.43956200000001,0.0,8.5654662,25.58162705991684,0.03997029252203275,6.725809162107308
Amritsar,2026-10-08 23:00:00,1,24.844827100000003,0.0,7.456320999999999,25.513532061723524,0.033597512134604844,6.284495976466902
Amritsar,2026-10-09 00:00:00,2,24.4012506012506,0.0,6.436842800000001,24.571151122794756,0.05045167618546606,5.5952083882681976
Amritsar,2026-10-09 01:00:00,2,24.026395226395223,0.0,6.336525900000001,24.203416293263942,0.041777846123561696,5.4455712216090175
Amritsar,2026-10-09 02:00:00,2,23.687215587215583,0.0,5.872926700000002,23.85853966026738,0.04652072988359342,4.957844961084019
Amritsar,2026-10-09 03:00:00,2,23.384990184990183,0.0,5.330150100000001,23.543367067997636,0.05569749824689759,4.265222188901905
Amritsar,2026-10-09 04:00:00,2,23.06007086007086,0.0,5.164493500000001,23.21844774307831,0.04402720474529833,4.077847309223507
Amritsar,2026-10-09 05:00:00,2,22.869093469093468,0.0,4.613935500000001,23.14328503976921,0.06307943660135507,3.953865108654768
Amritsar,2026-10-09 06:00:00,2,22.952106352106348,0.0,4.9664508000000005,23.242499749845226,0.06247511868069212,4.182270514357019
Amritsar,2026-10-09 07:00:00,2,23.789269689269684,0.0,5.360745800000001,24.081992501485043,0.05107811844552811,4.260376486815093
Amritsar,2026-10-09 08:00:00,2,25.604419604419604,0.0,6.794959700000001,26.30555761857382,0.02928281087621588,5.235620107887853
Amritsar,2026-10-09 09:00:00,2,27.586036786036782,0.0,8.3883521,28.470197394728647,0.02269203747332026,6.840315353014598
Amritsar,2026-10-09 10:00:00,2,29.44361584361584,0.0,8.787520300000002,30.138829214601746,0.02041781772985274,7.028730799630941
Amritsar,2026-10-09 11:00:00,2,30.87240117240117,0.0,8.419784900000002,31.222462211498076,0.019187967295245658,6.888686615776179
Amritsar,2026-10-09 12:00:00,2,31.85249095249095,0.0,6.902169100000001,31.87082305421095,0.018218289134975106,5.596117216865245
Amritsar,2026-10-09 13:00:00,2,32.406589606589606,0.0,5.450627700000001,32.36965992010842,0.018218289134975106,4.634395694933787
Amritsar,2026-10-09 14:00:00,2,32.13208773208773,0.1500288,5.207389000000001,32.09650612388054,0.13054663005656042,5.004481766820493
Amritsar,2026-10-09 15:00:00,2,32.249795749795744,0.0186699,4.302032400000001,31.991293772518524,0.07212611668983694,4.324200305063581
Amritsar,2026-10-09 16:00:00,2,32.055220055220055,0.0186699,4.643137900000001,31.624001414321675,0.06872552499143876,4.57460729987369
Amritsar,2026-10-09 17:00:00,2,31.16080406080405,0.0186699,5.5458424000000015,30.761966327008807,0.07331105584612,4.1044513181314795
Amritsar,2026-10-09 18:00:00,2,29.729875429875424,0.0,5.307720500000001,29.3177244094464,0.0162899006499788,3.615935137325856
Amritsar,2026-10-09 19:00:00,2,28.47299277299277,0.0,5.887153100000001,28.536333839709975,0.017073871569698813,4.411746978806995
Amritsar,2026-10-09 20:00:00,2,27.37906117906118,0.022652,7.380362800000002,27.525501807155642,0.039631692388453064,5.946258949576715
Amritsar,2026-10-09 21:00:00,2,26.92388792388792,0.0,8.842155800000002,27.06381678435973,0.018292742696073706,6.9198200364633
Amritsar,2026-10-09 22:00:00,2,26.305785005785,0.0,9.515602800000002,26.446980346746024,0.018613460636605496,7.333589168612098
Amritsar,2026-10-09 23:00:00,2,25.73231193231193,0.0,10.107665000000004,26.390315105221614,0.02562367227621277,7.9908081152140245
Amritsar,2026-10-10 00:00:00,3,25.27061872938127,0.0179170820829179,9.910338010338007,25.44547046037698,0.045065208918650804,8.591665728598622
Amritsar,2026-10-10 01:00:00,3,24.916927483072516,0.0179170820829179,9.707470407470408,25.128320518523722,0.046348335423365056,8.395704477825113
Amritsar,2026-10-10 02:00:00,3,24.459580040419954,0.0179170820829179,8.971805471805471,24.684276425770314,0.04927225895939864,7.911815468364084
Amritsar,2026-10-10 03:00:00,3,23.846578653421343,0.0179170820829179,8.533661333661334,24.095538980305776,0.049956723893679875,7.700642339306231
Amritsar,2026-10-10 04:00:00,3,23.38923091076909,0.0179170820829179,8.457150557150557,23.616797344546384,0.05319144963487868,7.7700321948726305
Amritsar,2026-10-10 05:00:00,3,23.139292660707337,0.0179170820829179,8.632037432037432,23.466405371629847,0.05315599851964248,8.01885607936
Amritsar,2026-10-10 06:00:00,3,23.0055400944599,0.0179170820829179,8.44065484065484,23.3104381404867,0.0545776381458814,7.755670865130914
Amritsar,2026-10-10 07:00:00,3,23.466974533025464,0.0179170820829179,8.6989818989819,23.784005571733626,0.045519574700658316,7.895583675583097
Amritsar,2026-10-10 08:00:00,3,24.64482845517154,0.0179170820829179,10.775102975102977,25.41353467284548,0.05082435489147312,8.793842873112345
Amritsar,2026-10-10 09:00:00,3,26.052265747734246,0.3187887812112188,11.157253957253957,26.89070954086624,0.24910050064649053,9.35863903597781
Amritsar,2026-10-10 10:00:00,3,27.38271361728638,0.3187887812112188,11.462776762776762,27.69839056422085,0.23542575778288,9.588709712277105
Amritsar,2026-10-10 11:00:00,3,28.63415676584323,0.3187887812112188,12.376808276808278,28.746523157776835,0.20481395049894524,10.554502481685978
Amritsar,2026-10-10 12:00:00,3,29.657691642308357,0.0716683283316716,12.055816555816556,29.050583693928512,0.0827734436484596,10.28601944799939
Amritsar,2026-10-10 13:00:00,3,30.476081123918878,0.0716683283316716,11.205564905564907,29.780457174632122,0.0827734436484596,9.787817330920891
Amritsar,2026-10-10 14:00:00,3,30.82191857808142,0.0716683283316716,9.795670395670394,30.176971653586264,0.08012869528219804,8.427859044787622
Amritsar,2026-10-10 15:00:00,3,30.729035970964027,0.0716683283316716,9.051379151379152,30.147822033945843,0.07825617252714435,7.874702149325045
Amritsar,2026-10-10 16:00:00,3,30.36154513845486,0.0716683283316716,8.175701275701275,29.834636201954147,0.08040930873069768,6.900639861140529
Amritsar,2026-10-10 17:00:00,3,29.528994771005227,0.0716683283316716,8.087270087270086,28.976176471567914,0.07964501131786667,5.926196905592375
Amritsar,2026-10-10 18:00:00,3,28.176456423543573,0.0,7.911565911565912,28.04263148265819,0.02738459675738877,5.785407580063127
Amritsar,2026-10-10 19:00:00,3,26.954464745535248,0.0,8.236744936744937,27.042070083561327,0.026922657065502387,6.596309562964389
Amritsar,2026-10-10 20:00:00,3,25.948257851742145,0.0,8.171588071588072,26.12561131302151,0.026789989909585317,6.755387947377182
Amritsar,2026-10-10 21:00:00,3,25.4025141974858,0.0,8.365630065630066,25.62644422317177,0.026679481916043083,7.062294113611811
Amritsar,2026-10-10 22:00:00,3,24.84941275058725,0.0165400834599165,8.435018035018036,25.08087907438511,0.044187294503523225,6.975157140217024
Amritsar,2026-10-10 23:00:00,3,24.086634713365285,0.0165400834599165,7.266584766584767,24.748692754216812,0.04252363933250518,6.495983398170496
Bengaluru,2026-10-08 00:00:00,1,22.6619095,0.0,8.312591587408413,22.729740223586145,0.05560581780893569,6.7213279224088485
Bengaluru,2026-10-08 01:00:00,1,22.0975439,0.0,8.116207683792316,22.154396501026337,0.04441366885763656,6.616777395010733
Bengaluru,2026-10-08 02:00:00,1,21.551843,0.0,8.0003061996938,21.596399446617966,0.040759743410154335,6.642852026381611
Bengaluru,2026-10-08 03:00:00,1,21.1843191,0.0,8.119687880312119,21.235059588771136,0.040759743410154335,6.777122664164915
Bengaluru,2026-10-08 04:00:00,1,20.9905377,0.0,8.32073807926192,21.05937454738374,0.04330030028553763,7.592447105436146
Bengaluru,2026-10-08 05:00:00,1,21.2120805,0.0,8.277333722666278,21.28020424438894,0.03698329294093901,6.799864747792245
Bengaluru,2026-10-08 06:00:00,1,21.2163441,0.0,8.093740406259593,21.293237892264703,0.039768896803593405,6.574002903269534
Bengaluru,2026-10-08 07:00:00,1,22.123375,0.0,8.425228474771524,22.193895453509175,0.040696276430947816,6.7475385228172255
Bengaluru,2026-10-08 08:00:00,1,23.5150057,0.0,8.317595382404615,23.702241416666375,0.040699554471631136,6.550110439943996
Bengaluru,2026-10-08 09:00:00,1,25.2365099,0.0,8.111287788712211,25.645514695919868,0.046908797108927,5.300316778002356
Bengaluru,2026-10-08 10:00:00,1,26.8471252,0.0,8.467179132820867,27.268234508369243,0.04791954483337433,6.72195723296036
Bengaluru,2026-10-08 11:00:00,1,28.1565426,0.0,8.366405733594265,28.588015390575947,0.052234176532048836,6.869692987768779
Bengaluru,2026-10-08 12:00:00,1,29.0410488,0.0,8.741329958670041,28.96937697432333,0.05381678104012425,7.242368134408217
Bengaluru,2026-10-08 13:00:00,1,29.5851411,0.0351561648438351,9.371752128247872,29.546098105396332,0.11753763334370733,7.652944276338863
Bengaluru,2026-10-08 14:00:00,1,29.8365064,0.0175780824219175,9.475725724274277,29.43453243432822,0.09813599498122806,7.728253611447901
Bengaluru,2026-10-08 15:00:00,1,29.5733509,0.0183863816136183,9.576572323427676,28.71578119289805,0.09591411054370226,7.70650183838527
Bengaluru,2026-10-08 16:00:00,1,28.9314047,0.0359644640355359,9.2018985981014,28.330378764010707,0.11550868363806507,7.140076253940206
Bengaluru,2026-10-08 17:00:00,1,28.1769759,0.0183863816136183,8.65033834966165,28.4052113066304,0.08717141289731327,6.648804099489526
Bengaluru,2026-10-08 18:00:00,1,26.9890597,0.1928486071513928,7.736167563832436,26.84949198719539,0.27887382105590647,6.181787839031037
Bengaluru,2026-10-08 19:00:00,1,25.9523639,0.146025853974146,7.867442932557067,25.8337768049912,0.24698175226035496,5.257412980185787
Bengaluru,2026-10-08 20:00:00,1,24.9802996,0.0523803476196523,9.182872717127282,24.899388529884316,0.15489532256548483,6.519166742040154
Bengaluru,2026-10-08 21:00:00,1,23.9531966,0.0468227531772468,9.03972836027164,23.891264178809273,0.17012433191796705,6.442846591411406
Bengaluru,2026-10-08 22:00:00,1,23.334230100000003,0.2965441034558965,8.045986554013446,23.309482067512533,0.5632693986514326,5.905162273499638
Bengaluru,2026-10-08 23:00:00,1,22.8243595,0.6399109600890399,6.965239534760464,22.942940659632757,0.44257149634475584,7.1515256135215335
Bengaluru,2026-10-09 00:00:00,2,22.406561206561207,0.7118124881875117,5.936172000000001,22.45323454380589,0.4414416800345181,6.707231465366173
Bengaluru,2026-10-09 01:00:00,2,22.01652691652692,0.3868546131453868,5.3222823,22.082921708588852,0.6177303276039122,6.3650648476259235
Bengaluru,2026-10-09 02:00:00,2,21.70076370076371,0.1251328748671251,4.8961831,21.773209350720883,0.13983400601171356,5.995327209290642
Bengaluru,2026-10-09 03:00:00,2,21.460200660200663,0.0961936038063962,4.5915079,21.53153398012973,0.14357096875273806,5.677618717248588
Bengaluru,2026-10-09 04:00:00,2,21.27591567591568,0.0484316515683484,4.296654,21.350159091023457,0.09867833854224939,5.233477290593892
Bengaluru,2026-10-09 05:00:00,2,21.20495580495581,0.1452949547050453,4.4978856,21.27934628753875,0.16817817506860697,5.5762602369244405
Bengaluru,2026-10-09 06:00:00,2,21.433460933460932,0.0484316515683484,4.5542232,21.509649181194472,0.10103415862878112,5.497376942992377
Bengaluru,2026-10-09 07:00:00,2,22.21274421274422,0.0484316515683484,5.5247549000000005,22.293823311525035,0.09956609376961015,6.431141179195871
Bengaluru,2026-10-09 08:00:00,2,23.48539188539189,0.1775827224172776,6.2321875,23.70139158900526,0.21755527191586674,5.0424711082829266
Bengaluru,2026-10-09 09:00:00,2,25.1931205931206,0.1452949547050453,6.300665700000001,25.645020608724135,0.1836116647581841,6.50762485164096
Bengaluru,2026-10-09 10:00:00,2,26.867662867662872,0.0322877677122322,6.676378700000001,27.47915128865235,0.0956624558655143,7.894239401863857
Bengaluru,2026-10-09 11:00:00,2,28.23528943528944,0.0,7.667150600000001,28.817349110008028,0.04709430372645522,8.399460600251045
Bengaluru,2026-10-09 12:00:00,2,29.23947323947324,0.0,8.4185179,29.74686995050867,0.04733613502552859,7.205859396741692
Bengaluru,2026-10-09 13:00:00,2,29.495873495873496,0.0322877677122322,8.5957518,29.931838053914174,0.09569321850592573,7.196368026792402
Bengaluru,2026-10-09 14:00:00,2,29.562144762144765,0.0161438838561161,8.7648539,29.967684444374,0.07965566368172139,7.319990916844892
Bengaluru,2026-10-09 15:00:00,2,29.45694055694056,0.0188361811638188,9.4278229,29.703423602456812,0.09546365468640299,7.793056551788732
Bengaluru,2026-10-09 16:00:00,2,29.049973449973457,0.0188361811638188,9.0301432,29.335482808841608,0.09537661964787164,7.279798186698193
Bengaluru,2026-10-09 17:00:00,2,28.2916612916613,0.0497845502154497,8.3446455,28.699339281158924,0.12658948348586568,7.316234686405106
Bengaluru,2026-10-09 18:00:00,2,27.34489284489285,0.0154741845258154,7.323212300000002,27.264503645151862,0.07959560540453026,6.991685110520885
Bengaluru,2026-10-09 19:00:00,2,26.586817386817387,0.0,7.3077144,26.501438031374654,0.050721116973468205,5.626572649184688
Bengaluru,2026-10-09 20:00:00,2,25.6944330944331,0.0,8.3447752,25.599466660514167,0.04676465032217478,6.009958908083503
Bengaluru,2026-10-09 21:00:00,2,24.90677160677161,0.0,7.2711278,24.824511089140447,0.051877423710521446,6.8753945212139875
Bengaluru,2026-10-09 22:00:00,2,24.204511404511408,0.0,5.9234581,24.147316427330658,0.0473638069965937,5.9301353765418385
Bengaluru,2026-10-09 23:00:00,2,23.539035839035844,0.0154741845258154,5.9840488,23.622631350834386,0.1185746739476998,6.060758259559627
Bengaluru,2026-10-10 00:00:00,3,22.976561600000004,0.0,6.043847200000001,23.021118046617968,0.11431613159515833,5.011485733720238
Bengaluru,2026-10-10 01:00:00,3,22.4272361,0.0,5.424185800000001,22.484088701026334,0.045485790321685836,5.193506526007776
Bengaluru,2026-10-10 02:00:00,3,21.933761,0.0484026,4.7454508,21.996344424582617,0.1015319985985317,5.448485595775562
Bengaluru,2026-10-10 03:00:00,3,21.4591828,0.0161342,4.335633400000001,21.524424160203182,0.060799897371067155,5.200286446199939
Bengaluru,2026-10-10 04:00:00,3,21.035477200000003,0.0,4.1032072,21.100718560203184,0.037892552337227076,4.786042033807484
Bengaluru,2026-10-10 05:00:00,3,20.920302,0.0484026,3.8370819,20.99649024773354,0.10209632469626959,4.439047495916123
Bengaluru,2026-10-10 06:00:00,3,21.1490898,0.0484026,3.8639632000000006,21.22527804773354,0.10928427423951498,4.446283905008081
Bengaluru,2026-10-10 07:00:00,3,22.2502796,0.0484026,4.775636500000001,22.33782189153917,0.10964595467077329,5.150925479488345
Bengaluru,2026-10-10 08:00:00,3,23.7473617,0.0968052,5.957678100000001,24.129112258580655,0.15579336310879405,6.320114646842055
Bengaluru,2026-10-10 09:00:00,3,25.5321751,0.1309511,7.4992107,26.022071004545097,0.19496516956065185,7.788481832328978
Bengaluru,2026-10-10 10:00:00,3,27.2669718,0.0664143,10.5803713,27.911903488840647,0.14739271691525369,9.271830498602407
Bengaluru,2026-10-10 11:00:00,3,28.7529398,0.0180117,12.004724200000002,29.186584908040587,0.08551641575819416,9.790347675676081
Bengaluru,2026-10-10 12:00:00,3,29.759931100000003,0.0180117,13.023733800000002,29.656171526346302,0.0855555326116613,10.563029075176914
Bengaluru,2026-10-10 13:00:00,3,30.242769800000005,0.0180117,13.242578700000005,30.11171774508414,0.08505830181501992,10.719707542526487
Bengaluru,2026-10-10 14:00:00,3,30.4195774,0.0180117,12.976335100000002,29.97830393882401,0.08497231809685615,10.50055241119439
Bengaluru,2026-10-10 15:00:00,3,30.1970321,0.0,12.8776666,29.472577899898887,0.04779781350837311,10.437795138257222
Bengaluru,2026-10-10 16:00:00,3,29.5327897,0.0,12.4990819,28.937430791416908,0.04745119197817155,10.302315221891897
Bengaluru,2026-10-10 17:00:00,3,28.6363833,0.0,11.260081500000002,28.88914343040413,0.055112080945294156,9.517352191814616
Bengaluru,2026-10-10 18:00:00,3,27.448095800000004,0.0,10.589670900000002,27.35213088650517,0.0523147077538107,8.82772119253547
Bengaluru,2026-10-10 19:00:00,3,26.4344453,0.0,9.893944600000005,26.31088263537654,0.05263785726587009,7.570734279619371
Bengaluru,2026-10-10 20:00:00,3,25.6991033,0.0,9.439265100000002,25.58693002641027,0.05064307893619142,6.762921269714576
Bengaluru,2026-10-10 21:00:00,3,24.8579206,0.0,10.25592,24.780007087572525,0.04673899248702908,7.678753441517975
Bengaluru,2026-10-10 22:00:00,3,24.0157033,0.0,10.3047639,23.982616144600094,0.047064984902391256,8.35094085632295
Bengaluru,2026-10-10 23:00:00,3,23.3519272,0.0,9.922946,23.428608894399517,0.05991321394726488,8.223905081715554
Bhopal,2026-10-08 00:00:00,1,24.66275746275746,0.0,4.089405910594089,24.81307754003649,0.06281708590892873,4.952487859801185
Bhopal,2026-10-08 01:00:00,1,24.11441581441581,0.0,3.593384406615593,24.261839265135706,0.05802271808264713,4.297693261804516
Bhopal,2026-10-08 02:00:00,1,23.668672768672767,0.0,3.526337573662426,23.812429801104617,0.05739187297129096,4.184741035039558
Bhopal,2026-10-08 03:00:00,1,23.21975551975552,0.0,2.9134060865939126,23.275877625353782,0.09077342710947198,3.5929177232472522
Bhopal,2026-10-08 04:00:00,1,22.78182348182348,0.0,2.3678917321082675,22.832784350656887,0.11566646569700655,3.0337872168710853
Bhopal,2026-10-08 05:00:00,1,22.6017799017799,0.0,2.5730140269859727,22.68167632487229,0.1052985964046516,3.4349865513434867
Bhopal,2026-10-08 06:00:00,1,22.7991761991762,0.0,3.1306820693179302,23.031476584314312,0.07962615004603589,3.903265622983497
Bhopal,2026-10-08 07:00:00,1,24.49190429190429,0.0,3.3751665248334746,24.77662451064641,0.055547206049572,4.075346093881322
Bhopal,2026-10-08 08:00:00,1,26.829185729185728,0.0,4.320182279817719,27.43238772100579,0.0575980015681419,4.811168155361445
Bhopal,2026-10-08 09:00:00,1,28.954442354442357,0.0,5.069423330576669,29.52324381949558,0.055090469681830026,4.782031335422168
Bhopal,2026-10-08 10:00:00,1,30.822131922131923,0.0,5.1541470458529535,31.015731685688515,0.055614915000589404,5.397267692473156
Bhopal,2026-10-08 11:00:00,1,32.297823697823695,0.0,6.507328992671006,32.44945313054215,0.056560798863745834,6.384290450464462
Bhopal,2026-10-08 12:00:00,1,33.23001133001133,0.0,8.268922631077368,33.16294940576217,0.062135834862297415,7.33433859631659
Bhopal,2026-10-08 13:00:00,1,33.67241797241797,0.0,9.208626791373208,33.470147153439626,0.05438917243430586,7.876512054219081
Bhopal,2026-10-08 14:00:00,1,33.75812025812026,0.0,9.49075020924979,33.39396568334141,0.056824376866530836,8.087982854920366
Bhopal,2026-10-08 15:00:00,1,33.507829007829,0.0,10.232352467647528,33.156667045614654,0.05661771461695467,8.74697912933139
Bhopal,2026-10-08 16:00:00,1,32.798058998059,0.0,10.367314032685965,32.522587854012336,0.059898123830617225,8.665121884816923
Bhopal,2026-10-08 17:00:00,1,31.449455649455643,0.0,8.335247864752134,31.49882048285909,0.059480063166925536,6.9843450879043365
Bhopal,2026-10-08 18:00:00,1,29.76274566274566,0.0,6.827514972485028,29.587425020969903,0.06680377123804558,6.006313015068595
Bhopal,2026-10-08 19:00:00,1,28.54063404063404,0.0,5.519420380579619,28.506728808834456,0.05523033923918031,5.084907243810216
Bhopal,2026-10-08 20:00:00,1,27.56190196190196,0.0,4.151131048868951,27.64218516586528,0.05031243545435252,4.060901099766224
Bhopal,2026-10-08 21:00:00,1,26.904076304076305,0.0,2.917747182252817,26.940489980287083,0.09007417421945949,3.140855860762251
Bhopal,2026-10-08 22:00:00,1,26.348204248204247,0.0,2.466680633319366,26.39467930723262,0.0882105496835633,2.7765685212497555
Bhopal,2026-10-08 23:00:00,1,25.706145606145604,0.0,2.913309386690613,25.983157967107104,0.06185367274198301,3.2892770292055173
Bhopal,2026-10-09 00:00:00,2,25.17610472389528,0.0,3.1975521975521977,25.31772918887085,0.06642232671756897,3.901468722734913
Bhopal,2026-10-09 01:00:00,2,24.60630989369011,0.0,4.067719767719768,24.74736771639481,0.0691008108991214,4.726257070358768
Bhopal,2026-10-09 02:00:00,2,23.908299691700314,0.0,4.404653704653704,24.04620685507419,0.0726276783006482,4.75315379511986
Bhopal,2026-10-09 03:00:00,2,23.204093795906207,0.0,4.7097109097109096,23.33668429128962,0.04687503532842492,5.368333266454025
Bhopal,2026-10-09 04:00:00,2,22.73433026566974,0.0,5.37025757025757,22.87592281595775,0.05251444709084595,5.785558616871673
Bhopal,2026-10-09 05:00:00,2,22.57933672066328,0.0,6.014029914029914,22.828624052573456,0.060561850231567196,6.057849826688968
Bhopal,2026-10-09 06:00:00,2,22.88484091515909,0.0,5.932364132364133,23.113170275715294,0.055507650017032166,6.313945436886492
Bhopal,2026-10-09 07:00:00,2,24.543162956837048,0.0,6.030907430907431,24.83920249145026,0.05398098545533937,6.039208087338515
Bhopal,2026-10-09 08:00:00,2,27.159649440350563,0.0,6.972949372949373,27.725493303496936,0.05344549831242858,7.145187476701814
Bhopal,2026-10-09 09:00:00,2,29.45488544511456,0.0,7.868091068091068,29.88708779713466,0.05405428990965423,6.8823120907517215
Bhopal,2026-10-09 10:00:00,2,31.54954455045545,0.0,8.447646947646948,31.67634403633855,0.05396725487112289,7.139276744619314
Bhopal,2026-10-09 11:00:00,2,33.08637441362559,0.0,9.74124354124354,33.03474485148229,0.05540197068339488,8.358894051334586
Bhopal,2026-10-09 12:00:00,2,33.92273777726223,0.0,10.136382436382435,33.76707592935227,0.05591212044705288,8.422865684204465
Bhopal,2026-10-09 13:00:00,2,34.258928641071364,0.0,10.538997738997738,34.014763256928724,0.056927292174582235,8.819969904618626
Bhopal,2026-10-09 14:00:00,2,34.209020690979315,0.0,10.733607533607533,33.77444134584127,0.0575994567064457,9.008738672540412
Bhopal,2026-10-09 15:00:00,2,33.87343802656198,0.0,10.675073175073177,33.36903189491768,0.05702412284871603,8.943586608939702
Bhopal,2026-10-09 16:00:00,2,33.084189815810184,0.0,9.718874818874818,32.6110164447744,0.0584027248774443,7.99493127489314
Bhopal,2026-10-09 17:00:00,2,31.61963068036933,0.0,7.726846726846727,31.742707310649273,0.059480063166925536,6.590634330390395
Bhopal,2026-10-09 18:00:00,2,29.91190358809641,0.0,6.055170955170956,29.687078903187743,0.06250478708971179,5.48469655330147
Bhopal,2026-10-09 19:00:00,2,28.68715871284129,0.0,4.540415840415841,28.546999776317563,0.05374761597631271,4.457633080244374
Bhopal,2026-10-09 20:00:00,2,27.599173500826502,0.0,3.325503025503026,27.64742673235878,0.058538553060461664,3.7931615107663985
Bhopal,2026-10-09 21:00:00,2,26.68734451265549,0.0,3.2916005916005915,26.75829279676549,0.073434580725734,3.6223483703355948
Bhopal,2026-10-09 22:00:00,2,25.856327943672056,0.0,3.679089779089779,25.97357856845231,0.0663177423970107,3.6230807456950425
Bhopal,2026-10-09 23:00:00,2,24.921044978955024,0.0,5.117647917647918,25.157156371659138,0.08142953602620055,5.168669351923693
Bhopal,2026-10-10 00:00:00,3,24.083995700000003,0.0,5.023007423007423,24.234055577609297,0.0743460072175119,5.5050949435399135
Bhopal,2026-10-10 01:00:00,3,23.326772,0.0,5.552941652941653,23.474821019470152,0.06186171377682159,5.82525794825506
Bhopal,2026-10-10 02:00:00,3,22.7343139,0.0,6.015955615955616,22.87921226013933,0.06189376361766907,6.2277801269173985
Bhopal,2026-10-10 03:00:00,3,22.1819043,0.0,6.077120677120678,22.32349685028801,0.05328921811214109,6.219043557568318
Bhopal,2026-10-10 04:00:00,3,21.8060101,0.0,6.020512020512021,21.94760265028801,0.04745806532192262,5.952005624736903
Bhopal,2026-10-10 05:00:00,3,21.7019468,0.0,5.994881894881895,21.937267357321662,0.043601040260165445,5.976317079948136
Bhopal,2026-10-10 06:00:00,3,22.0874984,0.0,5.881487481487483,22.32281895732166,0.06109064328736198,6.005540756324622
Bhopal,2026-10-10 07:00:00,3,23.816857,0.0,5.568740568740568,24.077470201507186,0.06019893818745449,5.34375084942239
Bhopal,2026-10-10 08:00:00,3,26.5497776,0.0,5.912150412150413,27.19454783606308,0.06128022075705024,5.596791058196185
Bhopal,2026-10-10 09:00:00,3,29.045984000000004,0.0,7.831055731055732,29.558373767579305,0.05542477836144023,6.565713551035294
Bhopal,2026-10-10 10:00:00,3,31.1831245,0.0,9.369838269838269,31.19654535092162,0.05644051833146953,7.802840331230084
Bhopal,2026-10-10 11:00:00,3,32.6578993,0.0,9.505527405527406,32.607223289835765,0.059423224304360284,7.942760532715262
Bhopal,2026-10-10 12:00:00,3,33.5240238,0.0,8.902794702794703,33.38729711024407,0.056214560936813374,7.457583071610438
Bhopal,2026-10-10 13:00:00,3,33.8987932,0.0,8.075759375759377,33.744817180816746,0.06210036408865115,6.648094384796752
Bhopal,2026-10-10 14:00:00,3,33.9069266,0.0,7.422194322194321,33.537410047169416,0.05668788774341976,6.0216836443335895
Bhopal,2026-10-10 15:00:00,3,33.5488213,0.0,6.900283200283201,33.037465952268526,0.05857557749298944,5.60984042211186
Bhopal,2026-10-10 16:00:00,3,32.8199989,0.0,5.934838034838035,32.48277958881837,0.060617849901647716,5.039196516964846
Bhopal,2026-10-10 17:00:00,3,31.466255,0.0,4.587140887140887,31.45838610673636,0.06147003365459575,4.600333189691901
Bhopal,2026-10-10 18:00:00,3,29.7901972,0.0,3.664320964320965,29.50556231908377,0.06807920388631172,4.007198748638797
Bhopal,2026-10-10 19:00:00,3,28.4263571,0.0,2.9701316701316705,28.36604792473229,0.06566483654396355,3.55786025661282
Bhopal,2026-10-10 20:00:00,3,27.355179,0.0,3.147676947676948,27.368248689489253,0.10431194397743958,3.838463694785232
Bhopal,2026-10-10 21:00:00,3,26.5916589,0.0,3.2989461989461986,26.655694756878784,0.08134219725461163,3.8119610655051877
Bhopal,2026-10-10 22:00:00,3,25.9528119,0.0,3.189540489540489,26.02877267581682,0.07960639296536376,3.3918363581948388
Bhopal,2026-10-10 23:00:00,3,25.2436156,0.0,3.1460878460878465,25.443161414930028,0.07651203015554876,3.264829197296775
Bhubaneswar,2026-10-08 00:00:00,1,26.291438608561386,0.0,6.410841510841511,26.258782845285683,0.33839230728905756,7.8484677689149
Bhubaneswar,2026-10-08 01:00:00,1,25.96702153297846,0.0160514,5.974358674358674,25.936776718636402,0.37733180733174704,7.404352099735611
Bhubaneswar,2026-10-08 02:00:00,1,25.679574820425174,0.160514,5.360558160558161,25.646182282404233,0.5773061541568489,6.7814403791695765
Bhubaneswar,2026-10-08 03:00:00,1,25.447100052899945,0.0,5.1764522764522765,25.39233401717621,0.3291059862037035,6.37119152873577
Bhubaneswar,2026-10-08 04:00:00,1,25.27282522717477,0.0,5.087643187643188,25.22421420175166,0.307052178563618,6.216072380437672
Bhubaneswar,2026-10-08 05:00:00,1,25.304159595840403,0.0,4.912055912055911,25.58319071408519,0.2933271882873738,5.966762824671809
Bhubaneswar,2026-10-08 06:00:00,1,25.88340001659998,0.0,4.4798302798302805,26.15359258725758,0.3087033791279665,5.756106640707701
Bhubaneswar,2026-10-08 07:00:00,1,27.450458749541244,0.0,5.574256774256774,27.72239617818428,0.2188275738958942,6.943906114636645
Bhubaneswar,2026-10-08 08:00:00,1,29.087510812489185,0.0,7.458911758911759,29.2065697881324,0.12251979906143758,7.513115079681927
Bhubaneswar,2026-10-08 09:00:00,1,30.378390621609377,0.0,7.90827490827491,30.792648622115973,0.12795636948215278,7.475612379833509
Bhubaneswar,2026-10-08 10:00:00,1,31.624665675334324,0.0,7.502224802224802,32.10211808213865,0.14490187168042826,6.387457745763617
Bhubaneswar,2026-10-08 11:00:00,1,32.417881282118714,0.0,7.593677793677795,32.29162495110794,0.16384914895297215,6.55587865373912
Bhubaneswar,2026-10-08 12:00:00,1,32.62902677097322,0.1489516,7.960522060522061,32.27170227678737,0.6683211920227238,7.070147616247527
Bhubaneswar,2026-10-08 13:00:00,1,32.429708970291024,0.1319943999999999,8.603612203612204,31.98411805240204,0.6970986775366845,7.605489930602968
Bhubaneswar,2026-10-08 14:00:00,1,31.317519682480317,0.6213788,10.084926584926585,30.855203495650287,0.8051521104129673,9.290891101377323
Bhubaneswar,2026-10-08 15:00:00,1,29.852192447807543,0.8106642000000001,9.771903871903872,29.94598003829201,0.8367601872611252,8.64904277536441
Bhubaneswar,2026-10-08 16:00:00,1,29.14887775112224,0.3290522,8.677402777402776,28.972829805069935,0.7165642298324566,7.8899889647209
Bhubaneswar,2026-10-08 17:00:00,1,28.078864821135177,0.5697239999999999,7.889331889331888,28.240379403636332,0.7745727953645322,7.841030878201609
Bhubaneswar,2026-10-08 18:00:00,1,27.347476452523548,0.1504347999999999,7.547476147476147,27.42361672243936,0.5565061549198679,7.38243696650759
Bhubaneswar,2026-10-08 19:00:00,1,26.823273976726018,0.0701778,6.696302596302596,26.920602647030798,0.45641247008841845,6.901066419238222
Bhubaneswar,2026-10-08 20:00:00,1,26.58200131799868,0.0541264,5.837643237643237,26.654240503418528,0.3609052298051815,6.37047735541647
Bhubaneswar,2026-10-08 21:00:00,1,26.27675062324937,0.0506931,5.207436607436607,26.350335505496815,0.3426116761896167,5.9249354552222755
Bhubaneswar,2026-10-08 22:00:00,1,25.990160009839983,0.038075,5.335121135121136,26.07379077464375,0.40164538471310307,5.946123247875341
Bhubaneswar,2026-10-08 23:00:00,1,25.748853651146348,0.038075,5.35921035921036,26.098726966548636,0.40740694392697885,5.8343928048475435
Bhubaneswar,2026-10-09 00:00:00,2,25.57120677120677,0.0,5.6338071,25.54981674786315,0.3656241223489005,6.995425953257328
Bhubaneswar,2026-10-09 01:00:00,2,25.400211400211404,0.0,6.092635200000001,25.378078806199152,0.39486305237066155,7.369286505197436
Bhubaneswar,2026-10-09 02:00:00,2,25.233763233763234,0.0,5.7542793,25.203498696699036,0.36749308607430514,6.997290769351633
Bhubaneswar,2026-10-09 03:00:00,2,24.985986985986987,0.0,5.4054614,24.95411911280942,0.3472478907841809,6.620358705900129
Bhubaneswar,2026-10-09 04:00:00,2,24.761534161534165,0.0,5.0723411,24.713092745920033,0.31955084421932534,6.176565427944599
Bhubaneswar,2026-10-09 05:00:00,2,24.716157216157217,0.0,4.8345894,25.015404973496835,0.3064259893502565,5.846075299827322
Bhubaneswar,2026-10-09 06:00:00,2,25.26213776213776,0.0,5.0588809,25.54961013908378,0.3107400771008222,6.256275327346266
Bhubaneswar,2026-10-09 07:00:00,2,26.687265587265586,0.0,5.5258523,26.970997195613055,0.2514648542758138,6.956970125813511
Bhubaneswar,2026-10-09 08:00:00,2,28.21616811616812,0.0,6.0115746,28.566096934798093,0.11691830375893836,6.515394142598433
Bhubaneswar,2026-10-09 09:00:00,2,29.70250310250311,0.0,5.876886300000001,30.23242786899122,0.12298323751742987,5.965974802565852
Bhubaneswar,2026-10-09 10:00:00,2,31.02850922850923,0.0,5.659231,31.36418745932207,0.1539024033422919,5.572257360249481
Bhubaneswar,2026-10-09 11:00:00,2,32.05476435476436,0.0,5.8414979,32.38560075262406,0.14950817471343383,5.600694882978682
Bhubaneswar,2026-10-09 12:00:00,2,32.72514352514353,0.0,6.3676998000000005,32.76525814153679,0.1874523552975931,5.9932257129544215
Bhubaneswar,2026-10-09 13:00:00,2,33.01871161871162,0.0,6.9217739,32.94287619419729,0.18489879319410527,6.110014453016297
Bhubaneswar,2026-10-09 14:00:00,2,33.100782200782206,0.0,7.4399939,32.60299417006053,0.18158460768624402,6.581712098566513
Bhubaneswar,2026-10-09 15:00:00,2,32.81211161211161,0.0,7.514686,31.950950433538303,0.15595449662617214,6.587973426718974
Bhubaneswar,2026-10-09 16:00:00,2,32.053651653651656,0.0165978,6.118817900000001,30.982472765311442,0.1571578422910477,5.512311815280374
Bhubaneswar,2026-10-09 17:00:00,2,30.437539337539345,0.1681518,5.292904,29.6948085536349,0.2778335896014613,4.771017261796695
Bhubaneswar,2026-10-09 18:00:00,2,29.243105043105043,0.0295896,4.9892282,29.095770851060077,0.14623294060762906,3.5716326504549905
Bhubaneswar,2026-10-09 19:00:00,2,28.38585948585949,0.0788167999999999,5.022691700000001,28.36240748411663,0.22316771461395457,3.708981399196988
Bhubaneswar,2026-10-09 20:00:00,2,27.47916787916788,0.0344324,6.004504000000001,27.515917102969166,0.2871284188553206,5.820046679263836
Bhubaneswar,2026-10-09 21:00:00,2,26.971807271807272,0.0,5.2730075,26.999432628823858,0.26329853397462644,5.42618116479162
Bhubaneswar,2026-10-09 22:00:00,2,26.63783553783553,0.0,4.686730000000001,26.68401837120455,0.27324002261636277,5.061773307996845
Bhubaneswar,2026-10-09 23:00:00,2,26.289782489782493,0.0,4.755810200000001,26.625542240227464,0.25572590215790225,5.3120991519714735
Bhubaneswar,2026-10-10 00:00:00,3,25.9727996,0.0194299,5.127191699999999,25.951785011399537,0.33490835492025745,6.453133372378975
Bhubaneswar,2026-10-10 01:00:00,3,25.6676497,0.0194299,5.530226900000001,25.64517238397507,0.35042643184074035,6.796305476943774
Bhubaneswar,2026-10-10 02:00:00,3,25.385588,0.0194299,5.503961800000001,25.357259965278725,0.3573185991495104,6.5348117609962655
Bhubaneswar,2026-10-10 03:00:00,3,25.1139394,0.0194299,4.9132885,25.07084903441596,0.3518424220470865,6.26200488708116
Bhubaneswar,2026-10-10 04:00:00,3,24.8499436,0.3868921,4.4802362,24.85251328767556,1.2178913736634571,5.725099936564112
Bhubaneswar,2026-10-10 05:00:00,3,24.7956504,0.0194299,3.7978667,25.114914323171668,0.3169405870164179,5.012837198381337
Bhubaneswar,2026-10-10 06:00:00,3,25.4370241,0.0,3.8114551000000008,25.704890208270214,0.30203115761399574,4.889113448808697
Bhubaneswar,2026-10-10 07:00:00,3,26.8235908,0.0,4.031902700000001,27.110158923666457,0.2438641231318594,5.437328924999758
Bhubaneswar,2026-10-10 08:00:00,3,28.3825147,0.0,4.6011177,28.860347868199728,0.10549316687771765,5.713946699560238
Bhubaneswar,2026-10-10 09:00:00,3,29.8243642,0.0,5.1168188,30.104553349039485,0.10868817226016382,5.747605478145326
Bhubaneswar,2026-10-10 10:00:00,3,31.026455200000004,0.0,5.041591,31.33537386684733,0.1482134792231525,5.357675729578999
Bhubaneswar,2026-10-10 11:00:00,3,31.881435600000003,0.0,4.6737166,32.09106583054105,0.1616670445878173,5.007208836772874
Bhubaneswar,2026-10-10 12:00:00,3,32.412139700000004,0.0,5.1401677,32.36528557188562,0.15595210288598685,5.235199165640357
Bhubaneswar,2026-10-10 13:00:00,3,32.7343937,0.0,5.266742,32.50416783226942,0.19534790190658327,4.976348936312592
Bhubaneswar,2026-10-10 14:00:00,3,32.677426800000006,0.0353421,5.3883305,32.06025477845106,0.25552792514861433,4.623725477753272
Bhubaneswar,2026-10-10 15:00:00,3,32.102798,0.1706473,5.8336609,30.99088339542844,0.363540375610703,5.553750295691211
Bhubaneswar,2026-10-10 16:00:00,3,31.001847100000003,0.0353421,8.57843,30.001783607292587,0.16004570260802017,7.272264557388008
Bhubaneswar,2026-10-10 17:00:00,3,29.6127517,0.0,7.9740842,29.600104550616187,0.08482543275139545,6.632215367903018
Bhubaneswar,2026-10-10 18:00:00,3,28.7265629,0.0,8.313044900000001,28.680296896738355,0.09229855051356656,7.298736522973387
Bhubaneswar,2026-10-10 19:00:00,3,27.9661287,0.0,7.9325989,28.027779512256487,0.4292000674024136,7.393404673575731
Bhubaneswar,2026-10-10 20:00:00,3,27.4918884,0.0,6.999031499999999,27.526806483061566,0.2251414747499011,7.173530783742075
Bhubaneswar,2026-10-10 21:00:00,3,27.0847517,0.0,6.003670400000001,27.101287891482052,0.18099191711776935,6.559896083866484
Bhubaneswar,2026-10-10 22:00:00,3,26.702324600000004,0.0,4.6091256000000005,26.743087035082212,0.2428190886626763,5.525222304981432
Bhubaneswar,2026-10-10 23:00:00,3,26.3664209,0.0,3.9774001,26.674127554963146,0.2850021217202746,4.805258490523382
Chandigarh,2026-10-08 00:00:00,1,23.27168757168757,0.0,5.091966,23.374701981012063,0.052650587950745294,4.134082107892631
Chandigarh,2026-10-08 01:00:00,1,23.086344586344584,0.0,5.9198778,23.189358995669078,0.04089717743391111,5.073091035117226
Chandigarh,2026-10-08 02:00:00,1,22.84063654063654,0.0,6.2677667,22.940500290630208,0.040050010517805996,5.446525030090547
Chandigarh,2026-10-08 03:00:00,1,22.534833134833136,0.0,6.198341899999999,22.631391074975483,0.040050010517805996,5.738104752900741
Chandigarh,2026-10-08 04:00:00,1,22.36837046837047,0.0,6.0885855,22.46926371754872,0.0433262881654175,5.921591213354954
Chandigarh,2026-10-08 05:00:00,1,22.23789773789774,0.0,6.5140844,22.46792748611018,0.04034104100938867,6.470284122608801
Chandigarh,2026-10-08 06:00:00,1,22.25030625030625,0.0,7.2556236,22.48033599851869,0.03702476492910855,6.745439594244054
Chandigarh,2026-10-08 07:00:00,1,23.04255954255954,0.0,7.546400699999999,23.278910130701693,0.037267903779520606,6.7229248923047695
Chandigarh,2026-10-08 08:00:00,1,24.297202597202595,0.0,8.9336912,24.843578209469435,0.040090575747505096,8.243727300608407
Chandigarh,2026-10-08 09:00:00,1,25.505848605848605,0.0,9.5671036,26.09747677656391,0.042188013121190714,8.838177503409431
Chandigarh,2026-10-08 10:00:00,1,26.84688284688285,0.0,9.6187455,27.443797025602294,0.04257378412604299,8.732462487208725
Chandigarh,2026-10-08 11:00:00,1,27.906832106832105,0.0,9.5640145,28.258032430263206,0.04110270451036389,8.406854185022627
Chandigarh,2026-10-08 12:00:00,1,28.63576753576753,0.0,9.2852644,28.912796518280803,0.03944170789174326,7.966654247396396
Chandigarh,2026-10-08 13:00:00,1,29.07612367612368,0.0,7.796293499999999,29.403935156202184,0.040913492517965916,6.443562383622964
Chandigarh,2026-10-08 14:00:00,1,29.382858182858183,0.0,6.472386,29.630887032725568,0.04074410443143348,5.765003028177199
Chandigarh,2026-10-08 15:00:00,1,29.46174196174196,0.0,6.1978464,29.51496771671696,0.03985940681147476,5.594049516108377
Chandigarh,2026-10-08 16:00:00,1,29.15500075500076,0.0,6.3057933,29.170438034786628,0.04134093390145547,5.411417786787794
Chandigarh,2026-10-08 17:00:00,1,28.28487948487948,0.0,6.2536627,28.32768367185482,0.03950665350665029,5.155122809075739
Chandigarh,2026-10-08 18:00:00,1,27.12685432685433,0.0,5.7189877,26.97498048351955,0.043658478757445336,4.593802856882441
Chandigarh,2026-10-08 19:00:00,1,26.135612035612034,0.0,4.9045916,25.991164488392354,0.04188002311736155,4.112427788809304
Chandigarh,2026-10-08 20:00:00,1,25.306554906554908,0.0,5.0116533,25.168220021200515,0.040621184906441836,4.406809398764048
Chandigarh,2026-10-08 21:00:00,1,24.632781432781428,0.0,4.916479900000001,24.421312223777743,0.03896410828428345,4.165101963530929
Chandigarh,2026-10-08 22:00:00,1,23.936113936113934,0.0,5.1696343,23.716356540606764,0.038337217529657075,4.358739225607785
Chandigarh,2026-10-08 23:00:00,1,23.42079102079102,0.0639276,5.1143296,23.61682818212084,0.13196162135130463,4.520554274922798
Chandigarh,2026-10-09 00:00:00,2,23.1595175,0.0,4.960339800000001,23.262531909324494,0.04139193421139024,4.318344533471976
Chandigarh,2026-10-09 01:00:00,2,22.7691328,0.0158303,4.973116900000001,22.8764825183604,0.06609853103441221,4.223386799145818
Chandigarh,2026-10-09 02:00:00,2,22.6004491,0.0158303,5.360450400000001,22.70464815902957,0.06675106826594696,4.550976551960637
Chandigarh,2026-10-09 03:00:00,2,22.4332203,0.0,5.581762800000001,22.53411354917825,0.041964245718356316,4.8259107613281405
Chandigarh,2026-10-09 04:00:00,2,22.1025702,0.016977,5.243129300000001,22.20346344917825,0.06444317097849045,4.667480303100762
Chandigarh,2026-10-09 05:00:00,2,21.7851625,0.1121978,5.079776600000001,22.01519224821244,0.18372881482731562,4.722684192351093
Chandigarh,2026-10-09 06:00:00,2,21.742405400000003,0.5639611000000001,6.307827800000001,21.988759627807124,0.385859187605894,5.903002608617777
Chandigarh,2026-10-09 07:00:00,2,22.5306844,0.2622294,6.466605800000001,22.811113463029667,0.2771630011886139,6.822366085129287
Chandigarh,2026-10-09 08:00:00,2,23.7124961,0.1071275,7.7787263,24.436428964916008,0.16393412725470158,7.671934026767875
Chandigarh,2026-10-09 09:00:00,2,25.0750737,0.0879434,10.0113606,25.950965946659,0.15702819994406716,8.79479530580832
Chandigarh,2026-10-09 10:00:00,2,25.7581748,0.0709664,11.3366391,26.547711794994605,0.15523413469389125,9.525344145479199
Chandigarh,2026-10-09 11:00:00,2,27.1944228,0.0393058,11.3878288,27.97297601369298,0.10748760175545438,9.841384577936454
Chandigarh,2026-10-09 12:00:00,2,27.4270232,0.1293046,10.850455600000002,28.173335817602705,0.23734608603409799,9.432873784340336
Chandigarh,2026-10-09 13:00:00,2,27.6511448,0.1135781,9.9122692,28.396732049820724,0.21382373058176654,8.874937313484173
Chandigarh,2026-10-09 14:00:00,2,27.9419921,0.1135781,9.2987273,28.587739422168447,0.21382373058176654,7.932913713778847
Chandigarh,2026-10-09 15:00:00,2,28.0631524,0.031453,9.2201019,28.450545845415935,0.08305355901817664,7.8105244941941745
Chandigarh,2026-10-09 16:00:00,2,27.8664438,0.0,9.114836400000002,28.12785876748916,0.042659380860938165,7.7623858176035005
Chandigarh,2026-10-09 17:00:00,2,26.8408948,0.0,8.650070900000001,27.17587352851158,0.04987164791355271,7.376716205332344
Chandigarh,2026-10-09 18:00:00,2,25.5654237,0.0,7.719567500000002,25.449042971164122,0.055932725546664716,6.506255466036765
Chandigarh,2026-10-09 19:00:00,2,24.7256446,0.0,6.944827300000001,24.576176982346844,0.05370387882476476,6.056602725953598
Chandigarh,2026-10-09 20:00:00,2,24.1810724,0.0,7.1430836000000015,24.04824009508007,0.046906173003660186,6.340384683297531
Chandigarh,2026-10-09 21:00:00,2,23.4905697,0.0,7.0229908000000005,23.423215710049195,0.049511459043544995,6.199055218032905
Chandigarh,2026-10-09 22:00:00,2,23.0586447,0.0,7.417597500000001,23.029576963804214,0.037524169608130147,6.556674184254577
Chandigarh,2026-10-09 23:00:00,2,22.7510328,0.0,7.316569300000001,22.97390966287129,0.03827553107333902,6.934620665996295
Chandigarh,2026-10-10 00:00:00,3,22.413828200000005,0.0208215,6.987571487571488,22.528184155644528,0.06915471931522008,6.494584704815653
Chandigarh,2026-10-10 01:00:00,3,22.001166500000004,0.0208215,6.515703215703216,22.115522455644527,0.07269908705495662,5.796002994257897
Chandigarh,2026-10-10 02:00:00,3,21.699114000000005,0.0208215,6.30984970984971,21.805095000315593,0.07149516152407552,5.422796782359141
Chandigarh,2026-10-10 03:00:00,3,21.5417033,0.0208215,6.484274984274984,21.64437849046427,0.0712702978429714,5.751930355857322
Chandigarh,2026-10-10 04:00:00,3,21.470408200000005,0.0208215,7.1997816997817,21.56874808142837,0.07156720474321387,6.553663779672766
Chandigarh,2026-10-10 05:00:00,3,21.5506224,0.0208215,7.716977416977416,21.7894136392558,0.07214001257202382,6.824723052831775
Chandigarh,2026-10-10 06:00:00,3,21.6055743,0.2290365,7.931812431812432,21.837697189151932,0.2098664553028817,7.413877900842353
Chandigarh,2026-10-10 07:00:00,3,22.434618100000005,0.2290365,7.943799143799143,22.67739713811755,0.21546522931299208,7.272944202046402
Chandigarh,2026-10-10 08:00:00,3,24.0254422,0.2290365,8.55965415965416,24.936007475623274,0.2211120422985034,7.983246276208036
Chandigarh,2026-10-10 09:00:00,3,25.353446700000003,0.2290365,11.095003695003696,26.26598392917957,0.23000581747493012,9.319680740545
Chandigarh,2026-10-10 10:00:00,3,26.233636300000008,0.2464051,12.63702923702924,27.021025048547095,0.3550326723955579,10.6289433577211
Chandigarh,2026-10-10 11:00:00,3,26.691109700000005,0.2290365,13.224730424730424,27.29724115714426,0.3565336154450776,11.014582083972988
Chandigarh,2026-10-10 12:00:00,3,27.4657386,0.469751,13.241223241223242,27.680903994188714,0.47003357585833117,10.959238317514707
Chandigarh,2026-10-10 13:00:00,3,27.728909100000006,0.469751,13.29050409050409,27.895426070355573,0.4336110180931685,10.711129193438305
Chandigarh,2026-10-10 14:00:00,3,27.711299700000005,0.5789426,12.547341547341546,27.853131800780854,0.5480696365523691,9.8402707207014
Chandigarh,2026-10-10 15:00:00,3,27.55045070000001,0.124929,11.849028049028048,27.75717141889117,0.18016406200756535,9.159655269049544
Chandigarh,2026-10-10 16:00:00,3,27.13282210000001,0.124929,10.96017716017716,27.466028739547706,0.16514806097481197,9.042643214210715
Chandigarh,2026-10-10 17:00:00,3,26.3505786,0.124929,9.055600655600657,26.60205290607174,0.14612008268596643,7.902710003539894
Chandigarh,2026-10-10 18:00:00,3,25.267881900000003,0.0,7.855242655242655,25.13171561597075,0.047456731135639044,6.968746198215888
Chandigarh,2026-10-10 19:00:00,3,24.3744235,0.0,7.237550637550637,24.23758081159624,0.041901043935084294,6.336371946531476
Chandigarh,2026-10-10 20:00:00,3,23.669502900000005,0.0,6.485961885961886,23.548625521322368,0.060193831597331486,5.594990960350435
Chandigarh,2026-10-10 21:00:00,3,22.9725626,0.0,5.478279478279479,22.829658719335928,0.06968633854951199,4.628383916163661
Chandigarh,2026-10-10 22:00:00,3,22.440728900000003,0.0,5.574850074850075,22.403754985351476,0.03641686337427445,4.7342419955171495
Chandigarh,2026-10-10 23:00:00,3,21.928439200000007,0.0,5.675462275462276,22.147561104448297,0.03489673874641941,4.764378321161477
Chennai,2026-10-08 00:00:00,1,28.952018152018145,0.0779725779725779,7.885392414607585,28.28375035991268,0.10125017031373179,7.711349743691705
Chennai,2026-10-08 01:00:00,1,28.76135466135466,0.0779725779725779,5.696120803879195,28.667117536809222,0.10276845912003976,5.914590115161126
Chennai,2026-10-08 02:00:00,1,28.570174670174666,0.0779725779725779,4.467116232883766,28.536991065907436,0.10824062639283658,4.773412372972606
Chennai,2026-10-08 03:00:00,1,28.407005507005504,0.1303904303904303,3.8209674790325208,28.425745124237647,0.1730328632385461,4.129126639272222
Chennai,2026-10-08 04:00:00,1,28.348468348468344,0.1303904303904303,3.77996822003178,28.407864298175145,0.17882765074600596,4.021592197916898
Chennai,2026-10-08 05:00:00,1,28.67905117905117,0.0779725779725779,4.648775151224848,28.606243350544936,0.10883576250239461,4.746845341525303
Chennai,2026-10-08 06:00:00,1,28.62123912123912,0.0155945155945155,4.447927152072847,28.66063627664106,0.06860616311815972,4.490604536670804
Chennai,2026-10-08 07:00:00,1,29.24075344075344,0.0155945155945155,4.725294074705925,29.33066110273742,0.06745933896862812,4.793734432277817
Chennai,2026-10-08 08:00:00,1,30.203822803822803,0.0155945155945155,6.131894768105231,30.610257048276353,0.06623699271078692,4.833812043884908
Chennai,2026-10-08 09:00:00,1,31.189621489621487,0.0155945155945155,8.02103157896842,31.573994329550512,0.07232880895122269,6.012482842963301
Chennai,2026-10-08 10:00:00,1,31.87970277970278,0.0155945155945155,9.91167468832531,32.06794936141134,0.07579861967105715,7.416524387353501
Chennai,2026-10-08 11:00:00,1,32.404189504189496,0.0155945155945155,11.615531184468812,32.53966351263461,0.07651935474555124,9.544478519377275
Chennai,2026-10-08 12:00:00,1,32.62459332459332,0.0147796147796147,12.82036377963622,32.6221370625424,0.07808619572012238,10.89251391726424
Chennai,2026-10-08 13:00:00,1,32.58031708031707,0.0147796147796147,13.665084834915165,32.54731755188702,0.07785244447350222,12.025963219345076
Chennai,2026-10-08 14:00:00,1,32.2985657985658,0.0147796147796147,14.334425865574133,32.01027414980267,0.07868505386880224,13.266342053682957
Chennai,2026-10-08 15:00:00,1,31.82583652583652,0.0147796147796147,14.345803254196746,31.21539903105764,0.07191010281010013,13.211512739158623
Chennai,2026-10-08 16:00:00,1,31.201729701729697,0.0147796147796147,13.819784180215818,30.51893882346519,0.06803120211893228,12.411938537118155
Chennai,2026-10-08 17:00:00,1,30.48740388740389,0.0147796147796147,12.837239262760734,29.893026070240232,0.06538295391166801,10.33553915337951
Chennai,2026-10-08 18:00:00,1,29.972482172482167,0.0,11.313879886120112,29.762016403175448,0.04424691073794263,7.928626014452764
Chennai,2026-10-08 19:00:00,1,29.717374017374013,0.0,10.21157538842461,29.489208883723744,0.040419883157294015,7.08589212919952
Chennai,2026-10-08 20:00:00,1,29.59605569605569,0.0,9.23929646070354,29.37972058090565,0.039893077478291586,6.283344198260885
Chennai,2026-10-08 21:00:00,1,29.4059821059821,0.0,8.057945042054957,29.165359260844028,0.040157702480613275,5.4865921857490845
Chennai,2026-10-08 22:00:00,1,29.197887497887493,0.0,6.82175127824872,29.08327054171257,0.040157702480613275,4.731060932350017
Chennai,2026-10-08 23:00:00,1,29.009318009318008,0.0,5.637353262646737,29.099239910502515,0.041612774103070016,5.206962312975478
Chennai,2026-10-09 00:00:00,2,28.77662312337688,0.0,4.3725221,28.831435182184357,0.04551291436583717,4.53671047118976
Chennai,2026-10-09 01:00:00,2,28.56752723247277,0.0,3.5818362,28.627116811747992,0.06038397501588305,3.843999433935849
Chennai,2026-10-09 02:00:00,2,28.32686037313963,0.0,3.1872299,28.39399479882731,0.05526550268195453,3.3977100875401316
Chennai,2026-10-09 03:00:00,2,28.11640458359542,0.0,2.8761887,28.19855905541349,0.05717787143215689,3.0738196565985527
Chennai,2026-10-09 04:00:00,2,27.85408444591556,0.0,3.1968217999999995,27.927535811821322,0.062302155338570996,3.176392303114326
Chennai,2026-10-09 05:00:00,2,27.67675832324168,0.0,3.4044927,27.750868654796545,0.062302155338570996,3.323784760345738
Chennai,2026-10-09 06:00:00,2,27.705798494201503,0.0317329317329317,3.6471548,27.78840057202408,0.10705070221541152,2.8181670465235413
Chennai,2026-10-09 07:00:00,2,28.4012430987569,0.0153325153325153,3.4436966,28.46800032704242,0.07561418479563345,2.7083065565003754
Chennai,2026-10-09 08:00:00,2,29.59160430839569,0.0153325153325153,3.0505911,30.296919360449362,0.07236160138982975,3.5714823792602806
Chennai,2026-10-09 09:00:00,2,30.62118207881792,0.0153325153325153,3.0057054,31.097606165570966,0.07406166703104829,3.6401792969579447
Chennai,2026-10-09 10:00:00,2,31.604469095530906,0.0317329317329317,5.7570565,31.89525836468315,0.10189814569904676,5.623305878755511
Chennai,2026-10-09 11:00:00,2,32.283489516510485,0.0153325153325153,8.8489751,32.41764656269746,0.0802609993499859,6.861689566243124
Chennai,2026-10-09 12:00:00,2,32.65538804461196,0.0143058143058143,10.9313463,32.65007224207222,0.07807951604122883,9.023782139943624
Chennai,2026-10-09 13:00:00,2,32.66320283679716,0.0143058143058143,12.4947302,32.65955344477498,0.07761239524632198,10.563603004433604
Chennai,2026-10-09 14:00:00,2,32.33786956213044,0.0143058143058143,13.154735900000002,32.022782415625535,0.07804759558313891,11.28424378752545
Chennai,2026-10-09 15:00:00,2,31.848603251396757,0.0,13.2960527,31.166572417850478,0.05077971829163357,11.350169442978782
Chennai,2026-10-09 16:00:00,2,31.17886872113128,0.0,12.8498813,30.438380837825925,0.04755597031441613,10.702451621306489
Chennai,2026-10-09 17:00:00,2,30.414990085009915,0.0,11.8057981,29.746338706185924,0.04440189717614865,8.942366326404379
Chennai,2026-10-09 18:00:00,2,29.81923748076252,0.0,10.5072932,29.58419900376026,0.04424691073794263,7.486278218509544
Chennai,2026-10-09 19:00:00,2,29.47034362965637,0.0,9.696009,29.23406345128824,0.040419883157294015,7.014538074398395
Chennai,2026-10-09 20:00:00,2,29.22751717248283,0.0,8.6930269,29.025353752901253,0.03995061909260947,6.338323036310696
Chennai,2026-10-09 21:00:00,2,29.000604499395504,0.0,7.231405599999999,28.76350810993786,0.04028889343806893,5.5449075385344635
Chennai,2026-10-09 22:00:00,2,28.82903677096323,0.0,5.361039,28.58885520432812,0.04113877356117464,5.011943611933949
Chennai,2026-10-09 23:00:00,2,28.636957663042335,0.0,3.6167983,28.823406884984927,0.05816453883397708,3.7145166129433815
Chennai,2026-10-10 00:00:00,3,28.365829865829863,0.0,2.807770607770608,28.425419445105085,0.058903745137150666,3.3164416198439866
Chennai,2026-10-10 01:00:00,3,28.12050592050592,0.0,2.8977494977494977,28.175649159594133,0.06336945311346094,3.3163850521290517
Chennai,2026-10-10 02:00:00,3,27.877546277546276,0.0,3.299109699109699,27.944534450693684,0.06173028725202448,3.7298840455918136
Chennai,2026-10-10 03:00:00,3,27.54431694431694,0.0,3.8658277658277655,27.620262334609706,0.05634104135742908,3.103984557991062
Chennai,2026-10-10 04:00:00,3,27.190024590024585,0.0,4.9003763003763,27.26596998031735,0.060167130231602084,3.88174966121088
Chennai,2026-10-10 05:00:00,3,26.928005128005125,0.0,5.525909525909524,26.997431811778245,0.060167130231602084,4.470699650651168
Chennai,2026-10-10 06:00:00,3,26.96471896471896,0.0,5.794479994479994,26.98682668670967,0.05564797678923954,4.645001066247231
Chennai,2026-10-10 07:00:00,3,27.900617800617795,0.0,5.142330142330142,27.92128337774295,0.04616481968089182,4.201871799345323
Chennai,2026-10-10 08:00:00,3,29.364887664887664,0.0,4.120113920113919,30.087347596926563,0.04524799449693504,3.1560972290814657
Chennai,2026-10-10 09:00:00,3,30.56625466625466,0.0,3.1505780505780505,31.03637811563806,0.04579996895160814,3.667966678855469
Chennai,2026-10-10 10:00:00,3,31.722841622841617,0.0,5.759159259159259,32.10073112169062,0.0499733563810432,5.631121898717689
Chennai,2026-10-10 11:00:00,3,32.49626089626089,0.0,9.12088912088912,32.66306659841845,0.05345832993188468,7.230235353691289
Chennai,2026-10-10 12:00:00,3,32.83636263636264,0.0,11.367783667783668,32.90247832794004,0.05732225104931852,9.455560373744891
Chennai,2026-10-10 13:00:00,3,32.85549295549296,0.0,13.031887031887033,32.816522283449444,0.07019261243359938,11.762966481649444
Chennai,2026-10-10 14:00:00,3,32.551852551852555,0.0,13.886590586590586,32.13377815537765,0.05461681504157625,12.57422057270967
Chennai,2026-10-10 15:00:00,3,32.04039564039564,0.0,13.994291094291093,31.28583740796436,0.05493597015489453,12.711319481965653
Chennai,2026-10-10 16:00:00,3,31.293009693009687,0.0,13.429560029560028,30.55608867377129,0.04860560503217532,11.764703789753597
Chennai,2026-10-10 17:00:00,3,30.42302972302972,0.0,12.474448974448972,29.701924212863428,0.04426127770728699,10.143180081881471
Chennai,2026-10-10 18:00:00,3,29.79729679729679,0.0,10.875645675645677,29.551094935419307,0.04468665880449617,7.66217882279453
Chennai,2026-10-10 19:00:00,3,29.41130091130091,0.0,9.636439836439836,29.154798328293523,0.04148173845696041,6.872953861980706
Chennai,2026-10-10 20:00:00,3,29.126871726871727,0.0,8.586732586732586,28.887928110747406,0.040390367159163006,6.193280618676693
Chennai,2026-10-10 21:00:00,3,28.866664066664065,0.0,7.73006883006883,28.555663057821913,0.043336669203669215,5.894783672932814
Chennai,2026-10-10 22:00:00,3,28.63871483871484,0.0,6.84029134029134,28.33155202611655,0.043336669203669215,5.3341438856755765
Chennai,2026-10-10 23:00:00,3,28.43538423538423,0.0,5.856093656093656,28.406827061315354,0.04373530608981163,4.477838555216305
Coimbatore,2026-10-08 00:00:00,1,25.8623874,0.0507414,6.74962094962095,25.935443352751776,0.12617823400159192,7.749399132897233
Coimbatore,2026-10-08 01:00:00,1,25.2695601,0.0830266,7.872111772111772,25.301476882613272,0.15413334251475352,5.553900932330587
Coimbatore,2026-10-08 02:00:00,1,24.6645136,0.2609744,8.657110257110256,24.73406407694699,0.3140476629957878,6.3050082666819485
Coimbatore,2026-10-08 03:00:00,1,24.160872,0.5683000000000001,8.267462467462467,24.24062502696763,0.7802612008759465,6.433237016916433
Coimbatore,2026-10-08 04:00:00,1,23.9730566,0.374357,7.730677430677431,24.04745445585612,0.4004141429639886,6.059565539966994
Coimbatore,2026-10-08 05:00:00,1,24.0965251,0.3918778,7.386621886621886,24.218537967662265,0.41825467391429644,7.640195689030589
Coimbatore,2026-10-08 06:00:00,1,24.1499718,0.0812454,7.109346709346709,24.27328072524735,0.14332042760466973,8.278982502396504
Coimbatore,2026-10-08 07:00:00,1,25.0008237,0.0164802,7.896269996269996,25.090090313714484,0.07898271727467437,7.876370440883452
Coimbatore,2026-10-08 08:00:00,1,26.1166406,0.0164802,8.503396903396903,26.55081834307482,0.07832830597268547,6.1314122665263735
Coimbatore,2026-10-08 09:00:00,1,27.3600017,0.0164802,9.147454447454448,27.816128076735964,0.08389384633834991,7.687893413454248
Coimbatore,2026-10-08 10:00:00,1,28.6863303,0.0164802,9.22055322055322,29.13517797341346,0.09078968464250198,7.9026139756524385
Coimbatore,2026-10-08 11:00:00,1,30.1495256,0.0164802,9.223618423618424,30.654872113450537,0.09451026242073525,7.83453934958894
Coimbatore,2026-10-08 12:00:00,1,31.321646,0.0164802,9.747831047831047,31.443689882649988,0.09967440029368471,7.511710115380774
Coimbatore,2026-10-08 13:00:00,1,32.1390451,0.0164802,9.928096628096627,32.1227564869098,0.1017258617713028,7.810129089193502
Coimbatore,2026-10-08 14:00:00,1,32.35476069999999,0.0326228,9.772702872702874,31.973138634363224,0.11706276097745,7.794640744461059
Coimbatore,2026-10-08 15:00:00,1,31.941005000000004,0.0869786,7.8215821215821215,31.025060714035458,0.2849607658342841,5.756244017101227
Coimbatore,2026-10-08 16:00:00,1,30.9692628,0.1043932,5.886775486775487,30.00578200371999,0.2924308841904239,3.2231329366145207
Coimbatore,2026-10-08 17:00:00,1,29.7663024,0.070836,6.213632213632214,28.94696190990049,0.2371149213285581,3.3379104794286696
Coimbatore,2026-10-08 18:00:00,1,28.32334250000001,0.3547734,5.558529458529458,28.1176848270509,0.44960644489819684,3.7060715542388207
Coimbatore,2026-10-08 19:00:00,1,27.3737361,0.5828334000000001,6.12109262109262,27.228329154236647,0.7100053952200664,4.71814743945692
Coimbatore,2026-10-08 20:00:00,1,26.1592356,0.8271834000000001,7.322884422884423,26.012995994966538,0.8345428730579474,8.287042097096338
Coimbatore,2026-10-08 21:00:00,1,25.5432946,0.266009,5.157407157407157,25.400752949410897,0.39881089033880146,6.204723879665104
Coimbatore,2026-10-08 22:00:00,1,25.1969891,0.2169916,5.063667363667364,25.05886418957597,0.2610905876837899,5.25597114537373
Coimbatore,2026-10-08 23:00:00,1,24.921448100000003,0.200849,5.673906473906474,25.095157715659248,0.2440175566202178,4.220012070557943
Coimbatore,2026-10-09 00:00:00,2,24.3504797,0.686975786975787,6.613312113312113,24.465029293423715,0.7733223737088502,4.829167616537358
Coimbatore,2026-10-09 01:00:00,2,23.9142576,0.7704403704403704,6.703650603650603,23.982319097073688,0.9546632961701846,8.075435442997824
Coimbatore,2026-10-09 02:00:00,2,23.4725727,0.8368256368256368,6.562170562170562,23.590190671730884,0.9358866784546906,8.1170916455908
Coimbatore,2026-10-09 03:00:00,2,23.110194900000003,0.5157762157762158,6.31021741021741,23.23596764124751,1.0162609895124641,7.623617540489567
Coimbatore,2026-10-09 04:00:00,2,22.9878092,0.3992017992017991,5.752727852727852,23.113581941247507,0.8001669554458455,7.069229567895288
Coimbatore,2026-10-09 05:00:00,2,22.9910723,0.2993754993754994,5.307939807939808,23.117338301623548,0.5153551546841244,6.556299718912532
Coimbatore,2026-10-09 06:00:00,2,23.282257,0.0665508665508665,5.043062143062143,23.361763909950188,0.1354587606955326,6.337227061191751
Coimbatore,2026-10-09 07:00:00,2,24.1981533,0.0,5.955833355833355,24.326807626064095,0.05781170360466757,4.239508552357318
Coimbatore,2026-10-09 08:00:00,2,25.2916169,0.0339260339260339,7.097866797866797,25.694265734632665,0.10766938600744498,5.045069403372501
Coimbatore,2026-10-09 09:00:00,2,26.5070207,0.0501790501790501,7.043973843973843,27.03199795216484,0.13002283829378453,5.67077743565299
Coimbatore,2026-10-09 10:00:00,2,28.0513035,0.0162530162530162,6.524482624482623,28.5782787101283,0.08952654956614847,5.362013205737105
Coimbatore,2026-10-09 11:00:00,2,29.3301673,0.0329459329459329,5.998046998046998,29.87882210189058,0.09583526714776101,6.190598255632893
Coimbatore,2026-10-09 12:00:00,2,30.3726879,0.0673566673566673,5.568134868134869,30.561337710265796,0.13036647131511286,5.541482018257973
Coimbatore,2026-10-09 13:00:00,2,31.110776900000005,0.0506637506637506,5.714476814476814,31.349335427908766,0.12560919527738282,6.034297455094326
Coimbatore,2026-10-09 14:00:00,2,31.3046488,0.0506637506637506,5.158863058863058,30.819504671901758,0.13039881433796974,5.073215950081722
Coimbatore,2026-10-09 15:00:00,2,30.9406832,0.0669167669167669,4.618949018949019,29.987600348851515,0.15103609784509814,2.860276549033415
Coimbatore,2026-10-09 16:00:00,2,30.2180648,0.0669167669167669,5.21906971906972,29.23486152127602,0.16163387236614482,5.915901395996032
Coimbatore,2026-10-09 17:00:00,2,29.0022881,0.1001751001751001,6.401877401877402,28.182528145744083,0.19323250215854587,6.956213217800154
Coimbatore,2026-10-09 18:00:00,2,27.4720051,0.2483205483205483,5.698720198720198,27.32583795522266,0.49364797904078983,6.834568871367187
Coimbatore,2026-10-09 19:00:00,2,26.3196321,0.4147700147700147,6.045395145395144,26.3441787897423,0.40826760326270095,6.1830345412726775
Coimbatore,2026-10-09 20:00:00,2,25.4801359,0.7475243475243475,7.7568648568648575,25.46101477626989,0.9644085747750084,5.416707904345932
Coimbatore,2026-10-09 21:00:00,2,24.916105200000004,0.4000558000558,7.232434132434133,24.90603941019617,0.5254546545776246,5.1360132540657855
Coimbatore,2026-10-09 22:00:00,2,24.6970153,0.4166935166935167,4.869478669478669,24.67848760963212,0.5381645433563531,4.060564006221135
Coimbatore,2026-10-09 23:00:00,2,24.4537508,0.5829260829260828,4.770414070414071,24.62032487977717,0.6484146068477379,3.9444166664720237
Coimbatore,2026-10-10 00:00:00,3,24.161471699999996,0.4298005701994298,4.7158508,24.236816775907553,0.588991541487834,5.404515143367664
Coimbatore,2026-10-10 01:00:00,3,23.876703,0.3962268037731963,3.9395267,23.9693581268284,0.3683068319715485,4.818750440642049
Coimbatore,2026-10-10 02:00:00,3,23.639519099999998,0.3631930368069632,3.141996,23.713087568946328,0.6159377400235724,4.496036398124313
Coimbatore,2026-10-10 03:00:00,3,23.467139499999995,0.4358019641980358,3.1439579,23.540707968946325,0.8095640028181459,4.603525641362795
Coimbatore,2026-10-10 04:00:00,3,23.300395099999992,0.5846471153528847,3.0386978000000004,23.363447190563367,0.7656568550629315,4.504859066536718
Coimbatore,2026-10-10 05:00:00,3,23.22342479999999,0.4527800472199528,3.2851086,23.310101508227238,0.8078744954322434,4.630992464484152
Coimbatore,2026-10-10 06:00:00,3,23.318732399999995,0.1676164323835676,3.5682784,23.44543686854304,0.3798615183381091,4.861334657274323
Coimbatore,2026-10-10 07:00:00,3,23.816424999999995,0.2506772493227507,3.8793691,23.912105104860288,0.4973275326179414,4.351764492680173
Coimbatore,2026-10-10 08:00:00,3,24.793659199999997,0.2670993329006671,4.4509135,25.153724893709644,0.5386614973041601,5.382898237372411
Coimbatore,2026-10-10 09:00:00,3,26.080762599999996,0.2146248853751146,4.1810437,26.59658037692702,0.3001053867035032,5.252264016202025
Coimbatore,2026-10-10 10:00:00,3,27.853081999999997,0.0661797338202661,5.1762661,28.323217154815477,0.13346945622077552,6.223907867431956
Coimbatore,2026-10-10 11:00:00,3,29.396723799999997,0.3481023518976481,7.0895986,29.906091663549315,0.40427147636354555,8.172569357906514
Coimbatore,2026-10-10 12:00:00,3,30.273956799999997,0.413974286025714,8.6801512,30.453095597115038,0.5054301636603217,9.332108600169716
Coimbatore,2026-10-10 13:00:00,3,30.7711371,0.3310558689441311,9.5067432,31.11310400853722,0.34530116792628485,8.724686865406898
Coimbatore,2026-10-10 14:00:00,3,30.69632049999999,0.2813048186951813,9.1442178,30.670870784744753,0.318222880560346,7.349841086131113
Coimbatore,2026-10-10 15:00:00,3,30.47268319999999,0.1985392014607985,8.102566900000001,29.828285050810713,0.2686963521542976,6.116150548500812
Coimbatore,2026-10-10 16:00:00,3,29.998235899999997,0.099037100962899,7.2362422,29.302053001699672,0.20808917329415566,4.649291373467657
Coimbatore,2026-10-10 17:00:00,3,29.184359599999997,0.2317065682934317,7.0083207000000005,29.472791125283074,0.315785729244468,7.214643169969762
Coimbatore,2026-10-10 18:00:00,3,27.98705719999999,0.132049467950532,6.531238899999999,28.044364278120554,0.2263595935480629,6.775763632625827
Coimbatore,2026-10-10 19:00:00,3,26.859224199999996,0.2813026186973814,5.7057899,26.905268324241185,0.2942295455767492,5.866887588565133
Coimbatore,2026-10-10 20:00:00,3,25.9220484,0.3642210357789642,5.4503088,25.96843450475113,0.31188880157145926,5.719181221639896
Coimbatore,2026-10-10 21:00:00,3,25.293091099999994,0.2398595601404398,4.9566769,25.300142445905394,0.453544986407347,5.142492186451866
Coimbatore,2026-10-10 22:00:00,3,24.86453499999999,0.2396979603020397,4.3684785,24.844164653698623,0.4390905277806926,4.89317841715653
Coimbatore,2026-10-10 23:00:00,3,24.542551799999995,0.2395363604636395,3.4102831000000005,24.72679123087899,0.3741077374752295,4.2137965257886165
Dehradun,2026-10-08 00:00:00,1,20.3228762,0.0763582,5.0204784,20.456665117476625,0.17447997733244364,4.668889910475248
Dehradun,2026-10-08 01:00:00,1,20.1542479,0.090462,4.9074364,20.288036817476627,0.18651517723809063,4.621410034099898
Dehradun,2026-10-08 02:00:00,1,19.8734352,0.258941,5.0475931,20.00929775414391,0.2821294655297017,4.737082316610062
Dehradun,2026-10-08 03:00:00,1,19.7070348,0.3926535,5.1746319,19.855740097263475,0.34938457310312904,4.860245052985097
Dehradun,2026-10-08 04:00:00,1,19.6015378,0.3930919,4.7103313,19.750243097263475,0.3528056737696481,4.40510669382812
Dehradun,2026-10-08 05:00:00,1,19.4759038,0.4488495,4.4077732,19.745707120459585,0.4264315492532236,4.157399405605868
Dehradun,2026-10-08 06:00:00,1,19.3330145,0.2197749,3.9165857,19.596625755347777,0.22538928767658487,3.585946910994535
Dehradun,2026-10-08 07:00:00,1,20.0187499,0.2750941,2.9344922,20.086377462732628,0.2528904600680247,3.0489408478348694
Dehradun,2026-10-08 08:00:00,1,21.0261342,0.1635789,1.7659446,21.23174551406124,0.20083550956886537,2.3775895010696826
Dehradun,2026-10-08 09:00:00,1,22.1018822,0.1078213,3.75734,22.271594399044275,0.17434176299956436,3.887303553542297
Dehradun,2026-10-08 10:00:00,1,23.0058049,0.0937175,4.710499199999999,23.252617135540802,0.17580356424722154,4.420008100327359
Dehradun,2026-10-08 11:00:00,1,24.0136402,0.1358097,5.814515999999999,24.220906589964976,0.2233227204521925,5.628555775862555
Dehradun,2026-10-08 12:00:00,1,24.6497058,0.0863297,6.836371700000001,24.678991555986098,0.22696421893540142,6.572827795668063
Dehradun,2026-10-08 13:00:00,1,24.8074126,0.1427449,6.842674499999999,24.857517857147773,0.2804501207760612,6.612578593251866
Dehradun,2026-10-08 14:00:00,1,24.7917409,0.1348492,5.8797138,24.798984282794436,0.25731345730655575,5.564371912512433
Dehradun,2026-10-08 15:00:00,1,24.6676737,0.1406154,4.8913314,24.561552313343054,0.2013145728721938,4.665938005386851
Dehradun,2026-10-08 16:00:00,1,24.3189399,0.1550916,3.7463244,24.071703297914013,0.22545290320098338,3.612412668044998
Dehradun,2026-10-08 17:00:00,1,23.4774838,0.0651375,2.879249,23.08335937687833,0.14320014692003713,2.9218958906572476
Dehradun,2026-10-08 18:00:00,1,22.5087942,0.0,2.9223026,22.508110194253486,0.0627970102493825,2.4168819961018446
Dehradun,2026-10-08 19:00:00,1,21.8543832,0.0,3.6875734,21.97785805477282,0.05908142318514992,2.807078277997565
Dehradun,2026-10-08 20:00:00,1,21.2581832,0.0,3.8188885,21.39554084028588,0.040283842135677546,2.9201523206409847
Dehradun,2026-10-08 21:00:00,1,20.6895611,0.0,4.7362941,20.829796579085524,0.036019793043514554,3.6147683686534284
Dehradun,2026-10-08 22:00:00,1,20.2441187,0.0,5.1295847000000006,20.3935169702949,0.036019793043514554,3.958595860617079
Dehradun,2026-10-08 23:00:00,1,19.8841237,0.0,5.5995165,20.09998994946495,0.036772222614871126,4.463072390146005
Dehradun,2026-10-09 00:00:00,2,19.5537441,0.0,6.084352815647183,19.666926542816924,0.03993131584280783,4.926293994305791
Dehradun,2026-10-09 01:00:00,2,19.2066412,0.0,6.2252266747733245,19.332335481005003,0.03993131584280783,5.090197059467184
Dehradun,2026-10-09 02:00:00,2,19.017012,0.0,6.563214736785263,19.13955562167418,0.03996473239692483,5.475570923369442
Dehradun,2026-10-09 03:00:00,2,18.8178857,0.022565,6.384695715304284,18.928154046106126,0.07831770562248125,5.356054930873924
Dehradun,2026-10-09 04:00:00,2,18.6690567,0.022565,6.435368864631135,18.636197278849934,0.07831770562248125,5.440250256888919
Dehradun,2026-10-09 05:00:00,2,18.6472046,0.0443228,6.105733494266506,18.885944067954117,0.10149337132452817,5.679173292336271
Dehradun,2026-10-09 06:00:00,2,18.8216493,0.0746554,5.411539088460911,19.070265345711757,0.19550483661280926,4.999140138171843
Dehradun,2026-10-09 07:00:00,2,19.7240044,0.1292768,3.7989787010212983,19.9733153466701,0.2458497040921383,3.6534658168614857
Dehradun,2026-10-09 08:00:00,2,21.1582168,0.0857612,3.2012858987141013,21.3404326518409,0.20573335697521605,3.4593012974944344
Dehradun,2026-10-09 09:00:00,2,22.1254132,0.131345,4.889024910975088,22.589635906626917,0.25417117540013395,4.713784505874371
Dehradun,2026-10-09 10:00:00,2,23.0283302,0.131345,5.998629301370698,23.52022242856626,0.2365389760130206,5.475431827781585
Dehradun,2026-10-09 11:00:00,2,23.791369,0.1091334,6.9969036030963965,24.22480711060683,0.22322136635710654,6.431113865287134
Dehradun,2026-10-09 12:00:00,2,24.256733399999995,0.0774066,6.963242136757863,24.573494499672712,0.14756810726470204,6.320965294591773
Dehradun,2026-10-09 13:00:00,2,24.254737100000003,0.2892396,6.175197324802674,24.516999374892812,0.29491653598835704,5.547230761134176
Dehradun,2026-10-09 14:00:00,2,24.1888978,0.1102702,6.05056444943555,24.48051382791956,0.19521356446094312,5.466846790729207
Dehradun,2026-10-09 15:00:00,2,23.9561805,0.0414384,6.2422791577208425,24.084068977446883,0.12196005859739086,5.897971163859497
Dehradun,2026-10-09 16:00:00,2,23.3829877,0.0414384,5.181373818626181,23.102411998040747,0.12831686949469567,4.8520581080060765
Dehradun,2026-10-09 17:00:00,2,22.3977929,0.3678054,3.851393248606751,22.07226074917939,0.2733944486565628,3.803619083294633
Dehradun,2026-10-09 18:00:00,2,21.5133842,0.0295254,3.477412022587977,21.558381209496538,0.09904060429373912,2.7369744494211954
Dehradun,2026-10-09 19:00:00,2,20.9151456,0.0077676,3.61048038951961,21.031086206643128,0.05192123221619484,2.7953123846058663
Dehradun,2026-10-09 20:00:00,2,20.3915439,0.0077676,4.232965367034633,20.538688105363928,0.043690832962787515,3.4703468926264076
Dehradun,2026-10-09 21:00:00,2,19.9597739,0.0077676,4.768179031820968,20.147110596462987,0.04370039885067485,3.8681999728846774
Dehradun,2026-10-09 22:00:00,2,19.5993333,0.0077676,4.939500960499038,19.592671963275173,0.04370039885067485,3.9063879208522767
Dehradun,2026-10-09 23:00:00,2,19.4118131,0.0077676,5.465027034972963,19.608005217245942,0.04398905455647979,4.315599299262803
Dehradun,2026-10-10 00:00:00,3,19.1857455,0.0,5.9260767,19.298927942816924,0.042549918144026526,4.8458072241396355
Dehradun,2026-10-10 01:00:00,3,18.8099259,0.0,6.1942905,18.918843030082968,0.04315525176374207,5.1449798646491445
Dehradun,2026-10-10 02:00:00,3,18.7325228,0.0,6.0329582,18.830702393878916,0.04377806684018001,5.151843496155924
Dehradun,2026-10-10 03:00:00,3,18.4841937,0.0,6.1995695,18.504758210763242,0.047691645962062566,5.280694826468309
Dehradun,2026-10-10 04:00:00,3,18.1481464,0.0,6.1173958,18.030051668472076,0.04543637036796125,5.120602473505845
Dehradun,2026-10-10 05:00:00,3,18.1212329,0.0099233900766099,5.898035,18.346961690098254,0.0645038680804123,4.9591644943160915
Dehradun,2026-10-10 06:00:00,3,18.2317018,0.02999527000473,6.1821709,18.462854391080892,0.09255477598217474,5.260324178572301
Dehradun,2026-10-10 07:00:00,3,19.3597596,0.02007187992812,5.710159399999999,19.60214927947851,0.08280000181988918,4.952217567268079
Dehradun,2026-10-10 08:00:00,3,21.708496,0.02007187992812,3.3982231,21.912148640455047,0.09037195139150138,3.6168987248512305
Dehradun,2026-10-10 09:00:00,3,23.6635266,0.0401437598562401,3.6615736,23.823362707126837,0.16577652739642101,3.902457227454463
Dehradun,2026-10-10 10:00:00,3,24.7970701,0.0401437598562401,5.2895968,25.002775111207686,0.1639161877074545,5.138707670579652
Dehradun,2026-10-10 11:00:00,3,25.557225599999995,0.0401437598562401,7.318542199999999,25.931413431048572,0.17384936778701698,6.798148972269331
Dehradun,2026-10-10 12:00:00,3,25.6636165,0.0401437598562401,7.146952199999999,25.927314676889246,0.17961870297316673,6.526434356628235
Dehradun,2026-10-10 13:00:00,3,25.5163921,0.0401437598562401,6.882758300000001,25.738465071143658,0.2351594573921296,6.237549664811259
Dehradun,2026-10-10 14:00:00,3,25.1219628,0.0401437598562401,6.9754106,25.296377188149435,0.23059583177252033,6.56076474913811
Dehradun,2026-10-10 15:00:00,3,24.6543283,0.0897607102392897,5.6377355,24.744170892856737,0.24192322607332656,5.165649998263358
Dehradun,2026-10-10 16:00:00,3,23.983980400000004,0.0897607102392897,4.3738092,23.73350761422932,0.2313680428160722,4.220219401664841
Dehradun,2026-10-10 17:00:00,3,22.8699521,0.3356452643547357,2.6181094,22.503669604692902,0.34057738509291874,2.7226693709934224
Dehradun,2026-10-10 18:00:00,3,21.6737106,0.158029641970358,1.8315369,21.6979948755681,0.21727485736115532,1.9540088683480203
Dehradun,2026-10-10 19:00:00,3,21.0245987,0.0526505473494526,3.8953805,21.14043602559787,0.10692235750933468,3.1946243495126962
Dehradun,2026-10-10 20:00:00,3,20.3003556,0.0175241824758175,4.388858600000001,20.44957130328627,0.06497276032043832,3.6869159690475724
Dehradun,2026-10-10 21:00:00,3,19.7649751,0.0175241824758175,5.033677399999999,19.793441801232657,0.06300717738630836,4.05695780018706
Dehradun,2026-10-10 22:00:00,3,19.3186838,0.0175241824758175,5.5347403,18.852653858833115,0.06272490536137519,4.498432150093009
Dehradun,2026-10-10 23:00:00,3,18.8842184,0.0175241824758175,6.362795500000001,19.06297257377395,0.06353779499202568,5.434446592375176
Delhi,2026-10-08 00:00:00,1,26.843019043019044,0.0,5.6315156,26.96618376249122,0.09079518641624501,5.352605906814189
Delhi,2026-10-08 01:00:00,1,26.097548697548703,0.0,6.269925000000001,26.2326741149911,0.13802691514907026,6.203376953300565
Delhi,2026-10-08 02:00:00,1,25.51736191736192,0.0,6.301475,25.670594504615703,0.2014061741874815,6.118688230684248
Delhi,2026-10-08 03:00:00,1,25.04928794928795,0.0,6.344102100000001,25.201105361290587,0.20877146290988527,6.195518755719631
Delhi,2026-10-08 04:00:00,1,24.75521175521176,0.0,6.224900000000002,24.907029167214397,0.20877146290988527,5.583825120381616
Delhi,2026-10-08 05:00:00,1,24.75081685081685,0.0,5.965796900000001,24.988733797991927,0.08642083427810406,5.417376609183982
Delhi,2026-10-08 06:00:00,1,24.68587228587229,0.0,6.293387800000001,24.946373218791617,0.07786387657212913,5.662334454739168
Delhi,2026-10-08 07:00:00,1,25.2994721994722,0.0,6.682378100000001,25.56603448583768,0.09256259468030233,6.030962060475525
Delhi,2026-10-08 08:00:00,1,26.436807036807043,0.0,7.2510359,26.691080838618916,0.106822745981807,6.431760540043202
Delhi,2026-10-08 09:00:00,1,28.03460123460124,0.0,6.8017726000000005,27.970424263902952,0.07715676978946934,5.788392276753864
Delhi,2026-10-08 10:00:00,1,29.78018988018988,0.0,5.557791399999999,29.209643606605074,0.10392105265855517,5.110173502055095
Delhi,2026-10-08 11:00:00,1,31.177564177564182,0.0,4.7319791,30.43780162934881,0.09996516558342909,4.2682186506393185
Delhi,2026-10-08 12:00:00,1,32.18432988432989,0.0197127197127197,4.6625094,31.53896771611401,0.12500868638384027,3.911150747047106
Delhi,2026-10-08 13:00:00,1,32.90484310484312,0.0197127197127197,6.1717476,32.27814133953403,0.11319754980198299,5.203579158223343
Delhi,2026-10-08 14:00:00,1,33.43686493686494,0.0197127197127197,7.426388,32.53222119252981,0.1027488508194701,5.985173262984726
Delhi,2026-10-08 15:00:00,1,33.684590384590386,0.0197127197127197,8.5325667,32.704829080186926,0.0992816178927505,7.037822566070756
Delhi,2026-10-08 16:00:00,1,33.44016144016145,0.0197127197127197,8.1909437,32.49750060447681,0.10213196197012339,6.639686623136215
Delhi,2026-10-08 17:00:00,1,32.72892192892193,0.0197127197127197,7.950359300000001,31.81474477019096,0.10180815866512974,6.503868990837624
Delhi,2026-10-08 18:00:00,1,31.58650068650069,0.0,5.917505700000001,29.97147418695105,0.06473089832478655,5.29703240607263
Delhi,2026-10-08 19:00:00,1,30.42224452224453,0.0,5.71326,29.052213612543376,0.05478200979149094,4.737118596714239
Delhi,2026-10-08 20:00:00,1,29.398623898623903,0.0,5.9948382,28.33602435148462,0.05608907856160521,5.012880658574571
Delhi,2026-10-08 21:00:00,1,28.490487990487992,0.0,6.4551073,27.885169537436173,0.06194191233962474,5.704427740884495
Delhi,2026-10-08 22:00:00,1,27.642976842976847,0.0,6.7171223000000015,27.255810099089935,0.061903018824159835,5.791236643235388
Delhi,2026-10-08 23:00:00,1,26.9924392924393,0.0,6.5897674,27.237216697321056,0.05985541282325732,5.697453523262727
Delhi,2026-10-09 00:00:00,2,26.520169000000003,0.0,6.659423,26.654716126382947,0.10275872782298755,5.762442573491092
Delhi,2026-10-09 01:00:00,2,25.9850851,0.0,6.6112969,26.15552107393663,0.1009813885706439,5.743615667497988
Delhi,2026-10-09 02:00:00,2,25.644100400000006,0.0,6.2479941000000006,25.80259730788767,0.09400752468642085,5.526501123418327
Delhi,2026-10-09 03:00:00,2,25.246143700000005,0.0,6.557663600000001,25.39083925458376,0.08537998338160861,5.742040458801031
Delhi,2026-10-09 04:00:00,2,24.964676300000004,0.0,6.9854372,25.092826239207398,0.07850096939052235,6.265270555918071
Delhi,2026-10-09 05:00:00,2,24.82465430000001,0.0,6.6599016,25.095678352597954,0.07335889906843655,5.969084442458103
Delhi,2026-10-09 06:00:00,2,24.923326700000008,0.0,6.2442574,25.207462173668894,0.07335889906843655,5.505941328566199
Delhi,2026-10-09 07:00:00,2,25.585912500000003,0.0,6.6569344,25.732042645201492,0.08510889691660664,5.823316522614309
Delhi,2026-10-09 08:00:00,2,26.715964700000004,0.0,7.4282036,27.115609528185203,0.07743116206260188,6.3240470369332
Delhi,2026-10-09 09:00:00,2,27.735703300000004,0.0,7.7006214,27.611617764269102,0.11545782802801689,6.746407571030662
Delhi,2026-10-09 10:00:00,2,29.108542900000003,0.0,8.5486284,28.82345173911232,0.13004841481035623,7.440601581668276
Delhi,2026-10-09 11:00:00,2,30.482605400000004,0.0,8.9265141,30.044912814518035,0.10059129969684756,7.6699313841626795
Delhi,2026-10-09 12:00:00,2,31.626496600000003,0.0,8.0332138,31.293278270344565,0.0655357959565943,6.605559884920751
Delhi,2026-10-09 13:00:00,2,32.3178337,0.2829093170906829,7.076746700000001,31.929269421925948,0.16499629556100776,6.006627716080827
Delhi,2026-10-09 14:00:00,2,32.2641756,0.3614952385047615,7.0058462,32.30343932355769,0.18204635802392802,5.450863017786428
Delhi,2026-10-09 15:00:00,2,32.092323,0.0,7.715688599999999,31.730418894179028,0.08149307886294338,5.695323833375487
Delhi,2026-10-09 16:00:00,2,31.819580100000007,0.0,8.537048599999999,31.37425486886091,0.07876328213019927,6.466375313742494
Delhi,2026-10-09 17:00:00,2,31.1021158,0.0,9.5712668,30.62344007867533,0.0817279347955891,7.576196377811328
Delhi,2026-10-09 18:00:00,2,30.14703470000001,0.0,9.8426933,28.57852894571278,0.08587717168984721,7.9029744301283955
Delhi,2026-10-09 19:00:00,2,29.008417100000003,0.0,11.1064605,27.947311967101175,0.11636409710624898,9.209532440868031
Delhi,2026-10-09 20:00:00,2,27.8972945,0.0,11.5318337,27.397309950186052,0.11393506292601303,9.706518522270276
Delhi,2026-10-09 21:00:00,2,26.93996910000001,0.0,11.4239066,26.522461069175804,0.1557423204955252,9.52157171133413
Delhi,2026-10-09 22:00:00,2,26.19265440000001,0.0,11.2090602,25.956259079393202,0.1547174949344041,9.979984392485708
Delhi,2026-10-09 23:00:00,2,25.592001100000004,0.0,10.807931200000002,25.75066647717571,0.1869012040101775,9.783037540848042
Delhi,2026-10-10 00:00:00,3,25.1678008,0.0,10.7270147,25.296326786874484,0.20849737646339636,9.882224660103798
Delhi,2026-10-10 01:00:00,3,24.6930423,0.0,10.224849499999998,24.81285827443489,0.19557006482395636,9.419441338358922
Delhi,2026-10-10 02:00:00,3,24.2505765,0.0,9.9719386,24.350341228403888,0.189182970705305,9.24543749227026
Delhi,2026-10-10 03:00:00,3,23.9233463,0.0,9.4561036,24.018402442700857,0.17373350748393004,8.789638659024131
Delhi,2026-10-10 04:00:00,3,23.6477958,0.0,9.0957021,23.74285194270086,0.15837738336033763,8.401746721358625
Delhi,2026-10-10 05:00:00,3,23.5513285,0.0,9.0517642,23.797718715929708,0.15775601360620878,8.415090471522896
Delhi,2026-10-10 06:00:00,3,23.4601551,0.0,9.4217339,23.695123929796182,0.1604587063326339,8.798009438119866
Delhi,2026-10-10 07:00:00,3,24.1306419,0.0,9.836243,24.372111875743467,0.15752681630242102,9.060546185533799
Delhi,2026-10-10 08:00:00,3,25.3368257,0.0,10.976793099999998,25.72108580872742,0.11668266639716278,10.025147115550755
Delhi,2026-10-10 09:00:00,3,26.8801496,0.0,11.0996888,27.1879605262744,0.08282368167738535,9.981056416670492
Delhi,2026-10-10 10:00:00,3,28.3118325,0.0,11.194896,28.225645024645882,0.0768832590735174,9.918630226177655
Delhi,2026-10-10 11:00:00,3,29.6894845,0.0,11.3520732,29.437078515205467,0.06764940649087585,9.888496340860517
Delhi,2026-10-10 12:00:00,3,30.7911958,0.0,11.1616487,30.67411074494632,0.07178804461524285,9.595982308202363
Delhi,2026-10-10 13:00:00,3,31.6127599,0.0,11.0456751,31.4157001521635,0.07978300378926662,9.386320046875168
Delhi,2026-10-10 14:00:00,3,32.1336767,0.0,10.8447185,31.71368523769077,0.08240548126752316,9.127623005894682
Delhi,2026-10-10 15:00:00,3,32.2077273,0.0,11.062269,31.728521819377526,0.07969702007110285,9.338405463303175
Delhi,2026-10-10 16:00:00,3,31.8376525,0.0,11.1186784,31.244821738945113,0.0657890448946176,9.384608534323705
Delhi,2026-10-10 17:00:00,3,31.2083118,0.0,10.987202,30.64140531930819,0.06145724535285633,9.253132134323705
Delhi,2026-10-10 18:00:00,3,30.1177123,0.0,11.0863562,28.90200590833269,0.0629419629589645,8.512545492774077
Delhi,2026-10-10 19:00:00,3,28.9072723,0.0,11.7045156,27.98599653461515,0.05598922634749539,9.356991433502236
Delhi,2026-10-10 20:00:00,3,27.924566599999995,0.0,11.4651334,27.403118190095082,0.09760018582248574,9.994226668662527
Delhi,2026-10-10 21:00:00,3,27.1257578,0.0,11.4130098,26.817606342252724,0.10926110389893609,9.996559613611314
Delhi,2026-10-10 22:00:00,3,26.5418318,0.0,10.6614036,26.296215841811684,0.10691430758966565,9.333104567272732
Delhi,2026-10-10 23:00:00,3,25.9254193,0.0,10.5663099,26.03091804602852,0.10360826975776959,9.410088412213621
Ghaziabad,2026-10-08 00:00:00,1,25.65137584862416,0.0,8.3162356,25.798019722376363,0.0852287028139496,7.6076207031529535
Ghaziabad,2026-10-08 01:00:00,1,25.07340732659268,0.0,8.5706383,25.221428629648614,0.07562712479704813,7.847183927105252
Ghaziabad,2026-10-08 02:00:00,1,24.589086710913293,0.0,9.005212900000002,24.689604377527438,0.0715401841605146,8.386517853166028
Ghaziabad,2026-10-08 03:00:00,1,24.218524281475723,0.0,8.967960900000001,24.313580424176582,0.0715401841605146,8.391888197913582
Ghaziabad,2026-10-08 04:00:00,1,24.040611859388147,0.0,8.565230600000001,24.135668002089005,0.0715401841605146,8.006811438086164
Ghaziabad,2026-10-08 05:00:00,1,24.001825198174803,0.0,8.2253881,24.220793543911743,0.057712901139734596,7.658395507788825
Ghaziabad,2026-10-08 06:00:00,1,23.98882711117289,0.0,8.375402600000001,24.219110315703073,0.05144759809273108,7.851620694799841
Ghaziabad,2026-10-08 07:00:00,1,24.43409896590104,0.0,8.6667362,24.687328603377306,0.05463595233290677,7.7498443057090745
Ghaziabad,2026-10-08 08:00:00,1,25.439813860186145,0.0,8.5761055,25.76712375189468,0.09763615015693494,7.516189205220466
Ghaziabad,2026-10-08 09:00:00,1,26.95962184037816,0.0,7.7234459000000015,26.956450597681666,0.1044817257241653,6.858064232436755
Ghaziabad,2026-10-08 10:00:00,1,28.502718997281004,0.0,5.372366,28.300339892755016,0.06649951756077273,4.937926003662709
Ghaziabad,2026-10-08 11:00:00,1,29.85892794107206,0.0,3.956299000000001,29.47059277572742,0.05973187576564068,4.558866657631567
Ghaziabad,2026-10-08 12:00:00,1,30.856368743631258,0.0,3.6257949,30.400871399316223,0.07059562506244715,3.794864966963255
Ghaziabad,2026-10-08 13:00:00,1,31.64463825536174,0.0,4.3659694,31.088604529094564,0.07185329576884247,4.107081247868716
Ghaziabad,2026-10-08 14:00:00,1,32.073140926859075,0.0,5.666188000000001,31.41342264367456,0.06185559200676983,4.5657947795975415
Ghaziabad,2026-10-08 15:00:00,1,32.022624577375424,0.0210199,6.843863200000001,31.374440334275,0.10709791601082774,5.547663103784125
Ghaziabad,2026-10-08 16:00:00,1,31.600501899498106,0.0210199,7.015998400000001,30.97395560226699,0.10934366038300247,5.556890118647592
Ghaziabad,2026-10-08 17:00:00,1,30.776529923470083,0.0210199,7.206399600000001,30.026279536054478,0.10705254673789508,5.7922768246531735
Ghaziabad,2026-10-08 18:00:00,1,29.57735632264368,0.0,7.254561900000001,28.408454877280327,0.06838637871047666,6.002117672511851
Ghaziabad,2026-10-08 19:00:00,1,28.460913839086167,0.0,8.344183500000002,27.779978814712777,0.0575126439130761,6.685339535422933
Ghaziabad,2026-10-08 20:00:00,1,27.45003754996245,0.0,8.280728100000001,27.048876513603794,0.07021298960817053,6.79549218421408
Ghaziabad,2026-10-08 21:00:00,1,26.67691242308758,0.0,7.312886300000001,26.383809138194167,0.10592387428960384,6.19685477541388
Ghaziabad,2026-10-08 22:00:00,1,26.010230989769013,0.0,6.9240367,25.716639376213536,0.09092302294718962,6.088580436002814
Ghaziabad,2026-10-08 23:00:00,1,25.493017006983,0.0,6.536822000000001,25.810255091791543,0.09063679485832064,5.725497377441006
Ghaziabad,2026-10-09 00:00:00,2,25.180277680277683,0.0,6.9398291,25.289270385194957,0.0879785105248415,6.207082565887861
Ghaziabad,2026-10-09 01:00:00,2,24.77007517007517,0.0,7.0299333,24.871587781958176,0.07432878263419739,6.304698552572075
Ghaziabad,2026-10-09 02:00:00,2,24.46426436426437,0.0,6.479877,24.562626316816548,0.07018156141324561,5.74884343249747
Ghaziabad,2026-10-09 03:00:00,2,24.20562600562601,0.0,6.889356800000001,24.300682148326867,0.0696517835591055,6.215041021983101
Ghaziabad,2026-10-09 04:00:00,2,24.017578017578025,0.0,6.9901118,24.112634160278883,0.07438506422510804,6.347497302329149
Ghaziabad,2026-10-09 05:00:00,2,23.818720118720123,0.0,6.496255,24.049003323250307,0.0586025339877793,5.951943404820744
Ghaziabad,2026-10-09 06:00:00,2,23.86519626519627,0.0122746122746122,6.4035796000000005,24.095479469726456,0.06930360926856716,5.846598447100645
Ghaziabad,2026-10-09 07:00:00,2,24.56725296725297,0.0122746122746122,8.9614733,24.820482604729236,0.0833390881758373,8.197790561282538
Ghaziabad,2026-10-09 08:00:00,2,25.640146140146147,0.0122746122746122,10.3519307,26.03792393080969,0.19510118681762603,9.434078214269
Ghaziabad,2026-10-09 09:00:00,2,26.73561213561214,0.059004059004059,9.9163522,26.854490956523577,0.2286641066096879,9.088702037989483
Ghaziabad,2026-10-09 10:00:00,2,28.07989227989228,0.0,9.1118913,27.824997513477637,0.18567279798924666,8.07187354782218
Ghaziabad,2026-10-09 11:00:00,2,29.207486907486917,0.0,9.0002367,28.56217731334381,0.19020355682572623,7.68016580238302
Ghaziabad,2026-10-09 12:00:00,2,30.368963668963676,0.0,9.0574919,29.756824953774395,0.09988892725260545,7.467284681097144
Ghaziabad,2026-10-09 13:00:00,2,31.11339171339172,0.2099424099424099,9.2680718,30.590168125025272,0.1417899269446678,7.591387878502667
Ghaziabad,2026-10-09 14:00:00,2,31.33722383722384,0.3068389068389068,9.236724699999998,30.915424265648912,0.16516522355113844,7.3716104141584395
Ghaziabad,2026-10-09 15:00:00,2,31.34420734420735,0.0,9.717988900000002,30.934702178673962,0.1125230691798336,7.759276185174074
Ghaziabad,2026-10-09 16:00:00,2,30.96896926896927,0.0,10.0216678,30.595880127873656,0.11268488171737841,8.044042843856946
Ghaziabad,2026-10-09 17:00:00,2,29.886015186015197,0.0,11.0831919,29.507000294273627,0.11295299080429895,9.118804752035498
Ghaziabad,2026-10-09 18:00:00,2,28.47312837312837,0.0,11.6557387,27.95648507389101,0.10472713810697142,9.884549028533318
Ghaziabad,2026-10-09 19:00:00,2,27.318454018454027,0.0,11.930719,26.882361976563768,0.18025192224712672,10.292776456782676
Ghaziabad,2026-10-09 20:00:00,2,26.303039603039608,0.0,11.846468300000002,26.032905205383503,0.15279525395232535,10.333555962919467
Ghaziabad,2026-10-09 21:00:00,2,25.523312223312224,0.0,11.1897087,25.275179163641436,0.15180944591238135,9.85988428173382
Ghaziabad,2026-10-09 22:00:00,2,24.909815309815315,0.0,10.624915500000002,24.673290681220116,0.16654244916390476,9.453391071035147
Ghaziabad,2026-10-09 23:00:00,2,24.393710993711,0.0,10.1848419,24.547065059786163,0.1302441832454403,9.171700654629023
Ghaziabad,2026-10-10 00:00:00,3,24.0323564,0.0,10.016814516814517,24.133869011883007,0.07406552104092025,9.453140117659709
Ghaziabad,2026-10-10 01:00:00,3,23.6885446,0.0,9.772218072218072,23.790057211883006,0.07241766854552345,9.260365489732287
Ghaziabad,2026-10-10 02:00:00,3,23.3613872,0.0,9.423050523050522,23.459749152552178,0.07599696626676997,8.842164553231203
Ghaziabad,2026-10-10 03:00:00,3,23.0655033,0.0,9.250215150215151,23.16055944270086,0.06738856884728539,8.66814683470586
Ghaziabad,2026-10-10 04:00:00,3,22.8269652,0.0,8.976677076677078,22.92202134270086,0.06989902086605364,8.417494047401982
Ghaziabad,2026-10-10 05:00:00,3,22.7072891,0.0,9.275371275371274,22.937572304530185,0.07340106240831386,8.84557935746421
Ghaziabad,2026-10-10 06:00:00,3,22.6755331,0.7572815999999999,8.80977140977141,22.929936507015352,0.28119468577002005,8.449638313323911
Ghaziabad,2026-10-10 07:00:00,3,23.4553272,0.0,9.98009478009478,23.69982350794544,0.06133146679049461,9.533117537455402
Ghaziabad,2026-10-10 08:00:00,3,24.762513,0.0,10.94085134085134,25.183872880027085,0.08241370093992119,10.073047364520512
Ghaziabad,2026-10-10 09:00:00,3,26.3013095,0.0,11.455666955666954,26.63912702240237,0.10566184705479399,10.294087247054367
Ghaziabad,2026-10-10 10:00:00,3,27.8557531,0.0,11.9018749018749,27.654833675016533,0.10999678760133008,10.481678559198027
Ghaziabad,2026-10-10 11:00:00,3,29.2491945,0.0,12.388725988725987,28.817603929482413,0.16361675992424263,10.858829423234603
Ghaziabad,2026-10-10 12:00:00,3,30.2473241,0.0,12.812317912317912,29.884334362608346,0.1439276223054937,11.226278371210803
Ghaziabad,2026-10-10 13:00:00,3,30.9113117,0.0,12.39314889314889,30.58095904046332,0.09730145104890892,10.720797226262238
Ghaziabad,2026-10-10 14:00:00,3,31.158724500000005,0.0,12.284444184444183,30.743926772120414,0.09286780443286755,10.48810520588025
Ghaziabad,2026-10-10 15:00:00,3,30.841905200000003,0.0,12.256744956744956,30.382225071956285,0.0831968792555189,10.486348899790826
Ghaziabad,2026-10-10 16:00:00,3,30.1568487,0.0,12.728380128380127,29.422334744620223,0.1050383704263544,10.972556063027787
Ghaziabad,2026-10-10 17:00:00,3,29.1543708,0.0,12.647956947956947,28.58491675202092,0.15310719859902508,10.389313372230463
Ghaziabad,2026-10-10 18:00:00,3,27.9725856,0.0,12.25165745165745,26.969980776311385,0.15494115417444013,9.999971261563154
Ghaziabad,2026-10-10 19:00:00,3,27.0315556,0.0,12.31940041940042,26.691849305620195,0.13055816115169366,10.107984562568769
Ghaziabad,2026-10-10 20:00:00,3,26.2390936,0.0,11.679748279748278,25.97353107958494,0.10523090347116862,10.301778143691156
Ghaziabad,2026-10-10 21:00:00,3,25.530464,0.0,10.97024797024797,25.298233461497794,0.09250040962174111,9.744304139806324
Ghaziabad,2026-10-10 22:00:00,3,24.9592593,0.0,10.070150270150268,24.80183357119218,0.08779955711992493,8.844643747636345
Ghaziabad,2026-10-10 23:00:00,3,24.4727581,0.0,9.825255825255825,24.614207033610818,0.13700723005710336,8.654202047152232
Goa,2026-10-08 00:00:00,1,24.709926119852245,0.0,4.1748089,24.67922370774898,0.03516380408532711,4.237608742046587
Goa,2026-10-08 01:00:00,1,24.156935613871227,0.0,4.2918621,24.1579050727776,0.03765609325102146,4.290222352761324
Goa,2026-10-08 02:00:00,1,23.70809841619684,0.0,4.4305578,23.703315249148087,0.03722215398698043,4.299479802396125
Goa,2026-10-08 03:00:00,1,23.399823599647203,0.0,4.5042092,23.349024791062238,0.033684805520757866,4.272875189134737
Goa,2026-10-08 04:00:00,1,23.19191358382717,0.0,4.3558526,23.142534535411947,0.03738323934208968,4.219650892308244
Goa,2026-10-08 05:00:00,1,23.18926427852856,0.0,4.3299503,23.140585883112475,0.0381337789705429,4.386046402571146
Goa,2026-10-08 06:00:00,1,23.37968015936032,0.0,4.4124603,23.369127568822297,0.025160631296438415,4.386931529278062
Goa,2026-10-08 07:00:00,1,24.666856033712072,0.0,4.4422878,24.623660330016175,0.02978969676864539,3.639696317534362
Goa,2026-10-08 08:00:00,1,27.604578009156025,0.0,3.6219449,28.160340887841794,0.03454489725611982,3.9652542389326104
Goa,2026-10-08 09:00:00,1,30.260924721849445,0.0,3.6013243000000004,30.438658526649608,0.03422358682242146,4.000096028969686
Goa,2026-10-08 10:00:00,1,32.443606287212575,0.0,3.3828233,32.44777381025129,0.025072697395694576,3.7815320758236752
Goa,2026-10-08 11:00:00,1,34.12288634577269,0.0,3.7425389,33.94742976112179,0.0322946372341367,4.044899552855945
Goa,2026-10-08 12:00:00,1,34.97015434030869,0.0101626898373101,4.4957846,34.81957664067275,0.04110108035583234,4.585954133813437
Goa,2026-10-08 13:00:00,1,35.07976185952372,0.0101626898373101,7.085153,34.8011799849925,0.037327872625088805,4.712055662265922
Goa,2026-10-08 14:00:00,1,34.41826973653948,0.0304880695119304,9.895593299999998,34.021684864111066,0.05169546230739609,6.923275173528706
Goa,2026-10-08 15:00:00,1,33.603829407658814,0.0,10.8066403,33.173210433416266,0.02597435312568595,7.767659161832559
Goa,2026-10-08 16:00:00,1,32.195706191412384,0.0,10.4933598,31.9389481180221,0.02705399471365966,6.86844087604474
Goa,2026-10-08 17:00:00,1,30.61822203644408,0.0,8.489645399999999,30.0178820515889,0.02277477702342363,5.581306934385355
Goa,2026-10-08 18:00:00,1,28.991260082520164,0.0,5.472676699999999,28.71215326403742,0.029645122274600432,4.40708273971496
Goa,2026-10-08 19:00:00,1,27.954801109602226,0.0,3.0375281000000003,27.796915355139685,0.0357110864264114,3.0692007655361646
Goa,2026-10-08 20:00:00,1,27.28470316940634,0.0,2.3083597,27.130741535992527,0.031002991446181048,2.410302820927673
Goa,2026-10-08 21:00:00,1,26.62734595469191,0.0,2.1163899,26.507823595252358,0.03184039399362993,2.2058497438714793
Goa,2026-10-08 22:00:00,1,26.00340070680142,0.0,2.2059206,25.887853313990647,0.03329919001259682,2.3427309679932824
Goa,2026-10-08 23:00:00,1,25.538732177464357,0.0,3.1967030000000003,25.71369625008332,0.032337543453705216,3.0639371158183346
Goa,2026-10-09 00:00:00,2,25.11485201485202,0.0,3.770485229514772,25.07418962297153,0.041413524634464495,4.036853493935039
Goa,2026-10-09 01:00:00,2,24.652914052914056,0.0,3.835417564582436,24.614251948073324,0.044022348925924285,4.001110260342291
Goa,2026-10-09 02:00:00,2,24.234421334421334,0.0,4.203325796674204,24.217881714224426,0.04161251983721963,4.093884227076241
Goa,2026-10-09 03:00:00,2,23.89012549012549,0.0,4.106471093528906,23.876654248235752,0.03912009231003344,4.061927627099334
Goa,2026-10-09 04:00:00,2,23.64103404103404,0.0,4.063413736586264,23.60778310738166,0.04054889862033757,4.070879341109248
Goa,2026-10-09 05:00:00,2,23.56268266268266,0.0,4.143684756315244,23.54787176601829,0.04443966698247185,4.326170310723371
Goa,2026-10-09 06:00:00,2,23.753342353342354,0.0,4.212586487413513,23.740758980633874,0.03315950469367666,4.293277827103086
Goa,2026-10-09 07:00:00,2,25.16292996292996,0.0,3.563329936670064,25.073847086182738,0.032473773444305305,4.0102252647236085
Goa,2026-10-09 08:00:00,2,27.824312624312626,0.0,2.331386968613032,28.392633253511093,0.03582865482880306,3.2079405274540127
Goa,2026-10-09 09:00:00,2,29.996356996357,0.0,2.198800501199499,30.133375777121806,0.034414371753164884,2.9029699501969053
Goa,2026-10-09 10:00:00,2,31.666712066712076,0.0,4.337041862958138,31.835294082331416,0.033682806492815326,4.482133848788967
Goa,2026-10-09 11:00:00,2,32.91236011236011,0.0,6.68908511091489,32.59506440017571,0.02276644526847027,4.698506548942649
Goa,2026-10-09 12:00:00,2,33.550049050049054,0.0,9.39017390982609,33.16535147888406,0.02485907068602179,6.782353151313724
Goa,2026-10-09 13:00:00,2,33.48875018875019,0.0,11.395209404790595,32.97999114469572,0.0233703671864819,8.48844587922307
Goa,2026-10-09 14:00:00,2,32.86703716703717,0.0,11.16995153004847,32.62688929777315,0.024747875281973256,8.186480200065898
Goa,2026-10-09 15:00:00,2,31.75126045126045,0.0183379,11.615285984714015,31.595818523335897,0.07177086872080192,8.49293089092139
Goa,2026-10-09 16:00:00,2,30.44024124024124,0.3434561,10.906995993004008,29.937350627247355,0.4467484326973594,7.860777530512104
Goa,2026-10-09 17:00:00,2,29.26765256765257,0.2991218,7.822447377552624,29.58374951114513,0.3159010792921725,6.126154183450564
Goa,2026-10-09 18:00:00,2,28.081037881037883,0.0587097,5.367928132071868,27.973997160842167,0.08732825581717431,4.786778471650514
Goa,2026-10-09 19:00:00,2,27.41084741084741,0.0587097,3.341457158542842,27.282002696820456,0.08623546906957746,4.229497308092157
Goa,2026-10-09 20:00:00,2,26.85474485474485,0.0587097,2.227261272738727,26.72749023683563,0.09355917367500617,3.104853133264094
Goa,2026-10-09 21:00:00,2,26.402927502927504,0.0587097,2.21979538020462,26.295971944049256,0.08429791084390528,3.055874382891865
Goa,2026-10-09 22:00:00,2,26.17951547951548,0.0587097,2.1201594798405203,26.079058383423597,0.08683858827891872,3.0074172979464775
Goa,2026-10-09 23:00:00,2,25.694075094075096,0.0587097,2.76984853015147,25.868838315260536,0.08517306933026972,3.57615148928162
Goa,2026-10-10 00:00:00,3,25.365143834856163,0.0176011,2.9616762616762613,25.34768647894892,0.09110332213632538,3.4803928728085025
Goa,2026-10-10 01:00:00,3,25.04492715507285,0.0176011,3.301374301374301,25.031585767287417,0.08707509849273054,3.748632267419428
Goa,2026-10-10 02:00:00,3,24.78036331963668,0.0176011,3.085978985978985,24.764405787837035,0.08140009614193114,3.66952199066609
Goa,2026-10-10 03:00:00,3,24.6973248026752,0.0,2.8659618659618653,24.661945940025827,0.04051658548963422,3.367918727086705
Goa,2026-10-10 04:00:00,3,24.68948321051679,0.0,3.1506769506769503,24.64644073366073,0.038428298642617896,3.4356392643781524
Goa,2026-10-10 05:00:00,3,24.68792661207339,0.0,3.0847112847112843,24.630280840965703,0.03797372296936978,3.5676482768009032
Goa,2026-10-10 06:00:00,3,24.8969323030677,0.0,3.4425446425446418,24.853129423998386,0.03278962835747878,3.812946861391584
Goa,2026-10-10 07:00:00,3,25.76944273055727,0.0,3.418904418904418,25.71163146277689,0.03473460950775073,3.911935875479721
Goa,2026-10-10 08:00:00,3,27.706139593860406,0.0,2.83016653016653,28.26672995054522,0.03623139799804909,3.369923201625767
Goa,2026-10-10 09:00:00,3,29.483316816683185,0.0,2.4502145502145503,29.761309820707957,0.03536864965913802,3.126008528455759
Goa,2026-10-10 10:00:00,3,31.211554788445213,0.0,3.084552384552384,31.422510890015282,0.03601184552278959,3.5805572954978446
Goa,2026-10-10 11:00:00,3,32.57740152259848,0.0,4.167757867757867,32.5664219893402,0.031183906009311414,4.264659548949099
Goa,2026-10-10 12:00:00,3,33.40699829300171,0.0356994,6.5450426450426455,32.96656219265225,0.07750649840016074,4.156314926778314
Goa,2026-10-10 13:00:00,3,33.41630848369152,0.0356994,8.907719807719806,33.26325481831417,0.08351091062910795,6.306912291472119
Goa,2026-10-10 14:00:00,3,32.88653231346768,0.4004208,10.26011946011946,32.515852618351076,0.5238585058994293,8.024674725190255
Goa,2026-10-10 15:00:00,3,31.89532590467409,0.4088183,9.942865642865645,31.590074440804518,0.580423620891251,7.940118111644724
Goa,2026-10-10 16:00:00,3,30.582685017314983,0.0180983,9.023485023485025,29.968003125583525,0.0557850033761184,7.2957644912837525
Goa,2026-10-10 17:00:00,3,29.56952833047167,0.0180983,7.386227586227586,29.117337423404333,0.058682201502667286,6.22006841001744
Goa,2026-10-10 18:00:00,3,28.3999887000113,0.1628847,4.309361709361709,28.326893584922054,0.1500516113779961,4.512202412213706
Goa,2026-10-10 19:00:00,3,27.652932247067756,0.1628847,2.97043887043887,27.521404495269593,0.20781783601544135,3.9344110551492695
Goa,2026-10-10 20:00:00,3,27.03065716934283,0.1628847,2.192861192861193,26.914168927009793,0.20309146370937198,3.1760781930974447
Goa,2026-10-10 21:00:00,3,26.57637132362868,0.1628847,1.9421640421640416,26.47638225105343,0.22361788254150983,2.923318730313858
Goa,2026-10-10 22:00:00,3,26.03930776069224,0.1628847,1.9939810939810936,25.937799330934396,0.2594779646819126,2.9131184710258786
Goa,2026-10-10 23:00:00,3,25.610017689982307,0.1628847,2.6008413008413007,25.759616625253113,0.25315603046167107,3.4513682458565995
Guwahati,2026-10-08 00:00:00,1,24.672899927100065,0.3781611781611781,3.458293141706859,24.399691970472503,0.8234751428986685,3.732964884154018
Guwahati,2026-10-08 01:00:00,1,23.845442054557942,0.5253427253427253,4.226251573748427,23.622654636529987,0.8583997262137102,4.402093378243308
Guwahati,2026-10-08 02:00:00,1,23.157262342737653,0.8616570616570617,3.760231239768761,22.919564716588344,1.2208535938161433,4.042114585447227
Guwahati,2026-10-08 03:00:00,1,22.9060515939484,0.0199032199032199,3.6731328268671737,22.664995330986635,0.22499038928936377,3.8272285894473876
Guwahati,2026-10-08 04:00:00,1,22.780370319629675,0.1064288064288064,4.206965893034107,22.558657545820868,0.2721976553649412,4.416726062633054
Guwahati,2026-10-08 05:00:00,1,22.997915502084496,0.0372083372083372,4.094336305663695,23.264254611505063,0.207968301647029,4.402596659977384
Guwahati,2026-10-08 06:00:00,1,23.89446860553139,0.0347342347342347,3.5917130082869924,24.184064400406648,0.2135900317206615,4.036800732272064
Guwahati,2026-10-08 07:00:00,1,25.51094228905771,0.0347342347342347,3.720826779173221,25.811811905789263,0.3099078233992396,4.093488420363072
Guwahati,2026-10-08 08:00:00,1,26.95527984472015,0.0347342347342347,3.5078533921466084,27.414038750700684,0.32488787997840074,4.016982068789835
Guwahati,2026-10-08 09:00:00,1,28.26084163915836,0.0745406745406745,5.004060895939105,28.763025975498017,0.1491060496477489,4.979921373893968
Guwahati,2026-10-08 10:00:00,1,29.24395175604824,0.1067039067039067,5.597316302683698,29.36499206564348,0.16681655661391254,5.096282858930402
Guwahati,2026-10-08 11:00:00,1,29.874768225231765,0.0906222906222906,6.151459248540752,29.87452681723735,0.15663821207508416,5.305146724226893
Guwahati,2026-10-08 12:00:00,1,30.12517267482732,0.2299448299448299,5.760637739362261,29.82971564879967,0.34869844230090075,5.244964274859513
Guwahati,2026-10-08 13:00:00,1,29.893410606589384,0.2299448299448299,4.953386046613954,29.663066888142648,0.33984438834663594,4.996536563192225
Guwahati,2026-10-08 14:00:00,1,29.29411070588929,0.2492140492140492,4.884336215663786,29.762450219469745,0.408600037971623,4.390285549788503
Guwahati,2026-10-08 15:00:00,1,28.671499828500163,0.1039547039547039,4.802966797033204,28.67705200662241,0.1611683040170209,3.83591787466885
Guwahati,2026-10-08 16:00:00,1,27.777926922073075,0.0866495866495866,4.783292616707383,27.901338042989806,0.14060990988754468,4.354743499061822
Guwahati,2026-10-08 17:00:00,1,26.89395960604039,0.1039547039547039,4.443834856165145,26.86818693213391,0.20953036102382255,4.555081827032095
Guwahati,2026-10-08 18:00:00,1,26.35454384545615,0.0865875865875866,4.771910828089172,26.233388175082716,0.28569738075573053,4.676446286485502
Guwahati,2026-10-08 19:00:00,1,25.959483840516157,0.0346722346722346,4.176567623432377,25.82300187656907,0.22722729011856896,4.133592033496622
Guwahati,2026-10-08 20:00:00,1,25.31530078469921,0.4846052846052847,4.103640196359804,25.184019957416464,0.4468882245384045,3.9121415671995123
Guwahati,2026-10-08 21:00:00,1,24.840466059533934,0.1558080558080558,3.838415561584439,24.69708397666881,0.31562500554475037,3.6943211026897984
Guwahati,2026-10-08 22:00:00,1,24.49559630440369,0.1211978211978212,3.7477840522159487,24.353211819493332,0.30476468088525005,3.707374355270795
Guwahati,2026-10-08 23:00:00,1,24.1072167927832,0.3461643461643462,3.762469137530864,24.32457347403974,0.487267704099844,3.6741278369852113
Guwahati,2026-10-09 00:00:00,2,23.81283498716501,0.3321653678346321,3.2648255648255646,23.500582061977894,0.644265098741664,3.5391422275033744
Guwahati,2026-10-09 01:00:00,2,23.63591736408264,0.0688136311863688,3.249114449114449,23.32740327239457,0.3948408396640474,3.534356577602264
Guwahati,2026-10-09 02:00:00,2,23.362105637894363,0.1017325982674017,3.282161382161381,23.056745112337563,0.33829406247935534,3.7030912526901707
Guwahati,2026-10-09 03:00:00,2,23.1008507991492,0.6065039934960065,3.077949577949578,22.82300704810594,0.9473414390662274,3.5744798427480866
Guwahati,2026-10-09 04:00:00,2,22.92111907888092,0.6787694212305788,2.754929954929955,22.629331826125057,1.0067477578139752,3.2629329287969338
Guwahati,2026-10-09 05:00:00,2,22.84162375837624,0.376071223928776,3.2562958562958566,23.088252024945934,0.6479506556798877,3.7471844429427996
Guwahati,2026-10-09 06:00:00,2,23.58672131327869,0.2062823937176063,3.636167736167736,23.835737385523363,0.44279499908657316,4.089013679259056
Guwahati,2026-10-09 07:00:00,2,24.571215628784376,0.2404933595066405,6.034838634838635,24.86263595278718,0.44151236665420523,6.51268439554069
Guwahati,2026-10-09 08:00:00,2,25.41295948704052,0.2062823937176063,7.679103679103679,26.120276003734944,0.4512736473180799,7.545099548232188
Guwahati,2026-10-09 09:00:00,2,26.51148168851832,0.0691137308862691,8.698200298200296,27.24737051955177,0.2855367646050201,8.572855777459827
Guwahati,2026-10-09 10:00:00,2,27.45594104405896,0.530961769038231,9.706717406717404,28.088772910471757,0.5203919773826521,9.228321185691712
Guwahati,2026-10-09 11:00:00,2,28.08084801915198,0.1546411453588546,9.717993317993315,28.43107618874905,0.2706488130476309,9.602634642414765
Guwahati,2026-10-09 12:00:00,2,28.34829865170135,0.4581624418375583,10.249834949834948,28.628958322219184,0.4492568545826139,10.319107157314086
Guwahati,2026-10-09 13:00:00,2,28.27655032344968,0.5607953392046608,9.566880466880466,28.56302897976049,0.6236829139219054,9.158373004632361
Guwahati,2026-10-09 14:00:00,2,27.974364425635574,0.4581624418375583,8.555825855825855,28.21486294472742,0.5900908686285609,8.172453055451085
Guwahati,2026-10-09 15:00:00,2,27.48164141835858,0.402972597027403,6.258461758461759,27.47658795053967,0.5035630496675488,6.662550484849297
Guwahati,2026-10-09 16:00:00,2,26.759399340600662,0.4181265818734182,3.8632675632675633,26.602315197831327,0.7245616338848362,4.602764192039063
Guwahati,2026-10-09 17:00:00,2,25.960053439946563,0.4713945286054715,3.289090189090189,25.926420636464126,0.80013220255604,3.8984229675721553
Guwahati,2026-10-09 18:00:00,2,25.32809717190283,0.3301926698073302,3.234400934400934,25.135757617576402,0.565280425017459,3.573233317608268
Guwahati,2026-10-09 19:00:00,2,24.975548224451774,0.2617707382292618,2.905100505100505,24.78293483681533,0.4486978267072383,3.3127797474181815
Guwahati,2026-10-09 20:00:00,2,24.47783472216528,0.3605276394723605,3.235936535936536,24.296294420635167,0.5165375012720791,3.3395659468334786
Guwahati,2026-10-09 21:00:00,2,24.1043042956957,0.2617707382292618,3.4049740049740045,23.92357743908248,0.4046940443875783,3.447409833509598
Guwahati,2026-10-09 22:00:00,2,23.694345605654394,0.2617707382292618,3.3126983126983127,23.505762655085306,0.40047344895073156,3.362297698114033
Guwahati,2026-10-09 23:00:00,2,23.419884180115822,0.3111491888508111,3.225658125658126,23.567292013073082,0.4580997193587739,3.260238845570447
Guwahati,2026-10-10 00:00:00,3,23.1996656,0.0408704,3.18031598031598,22.937077411308604,0.34013396875954294,3.6466606042332583
Guwahati,2026-10-10 01:00:00,3,22.9307884,0.0408704,3.020874120874121,22.653218667524577,0.31808373169901627,3.5588606514722114
Guwahati,2026-10-10 02:00:00,3,22.6773466,0.0561829,3.3224324224324224,22.419771934855873,0.27892476808090294,3.741319344613496
Guwahati,2026-10-10 03:00:00,3,22.4020706,0.1868363,4.077205577205577,22.163047452078686,0.43730186181153297,4.6119510682952916
Guwahati,2026-10-10 04:00:00,3,22.14653,0.2787113,4.844957344957344,21.916114620558943,0.5350997118258698,5.377184485932798
Guwahati,2026-10-10 05:00:00,3,22.0577176,0.2940238,5.004942104942105,22.291810768267997,0.4960716119749168,5.495666927251847
Guwahati,2026-10-10 06:00:00,3,22.8710388,0.2960602,4.304115304115304,23.097308804159958,0.5270105476258287,4.668456854659387
Guwahati,2026-10-10 07:00:00,3,24.5740178,0.5563727,4.111018011018011,24.837346140160626,0.4968052764316199,4.265174919019648
Guwahati,2026-10-10 08:00:00,3,25.9798604,0.2807477,6.107193307193306,26.423248717205567,0.6565517812732831,6.234096303139272
Guwahati,2026-10-10 09:00:00,3,27.3299434,0.0939153,7.467334267334267,27.751017638922495,0.22522244499112593,7.4603723846063
Guwahati,2026-10-10 10:00:00,3,28.4459942,0.3848528,9.055372655372656,28.19154072286768,0.36376131411611523,9.067249531747683
Guwahati,2026-10-10 11:00:00,3,29.243777800000004,0.1857903,9.753732053732053,29.009619014802837,0.332905436961736,10.105764931395141
Guwahati,2026-10-10 12:00:00,3,29.6647812,0.254255,9.344876344876344,29.343867825966495,0.4552991702842568,9.607058908047884
Guwahati,2026-10-10 13:00:00,3,29.792012400000004,0.254255,8.241966641966641,29.472321053049903,0.4615778430590194,8.011984979584772
Guwahati,2026-10-10 14:00:00,3,29.5391598,0.254255,6.332559632559632,29.116484404876577,0.5024703281535063,6.512957997477719
Guwahati,2026-10-10 15:00:00,3,29.049825,0.10113,5.296361996361996,28.32418054401295,0.2860774885869727,5.840698990167257
Guwahati,2026-10-10 16:00:00,3,28.0334706,0.10113,4.36987506987507,27.488674948688736,0.22718562543608695,4.849573155852853
Guwahati,2026-10-10 17:00:00,3,26.9919168,0.10113,3.788829788829789,26.955307150572175,0.3086399531268547,4.307089621587289
Guwahati,2026-10-10 18:00:00,3,26.2329652,0.0,3.892378792378792,26.081804112874778,0.2504955404059102,3.87420336670686
Guwahati,2026-10-10 19:00:00,3,25.6884432,0.0,3.886359286359286,25.53874256049179,0.23483168276212962,3.8121416878764047
Guwahati,2026-10-10 20:00:00,3,25.2194278,0.0,3.715824315824316,25.054918911467293,0.21932049033572634,3.446893296128361
Guwahati,2026-10-10 21:00:00,3,24.8163008,0.0,3.623459623459623,24.654134617746628,0.19510332167694977,3.33457592841703
Guwahati,2026-10-10 22:00:00,3,24.4388922,0.0,3.477191577191577,24.253874127815138,0.1909321525206063,3.2931624976942233
Guwahati,2026-10-10 23:00:00,3,24.0715036,0.0,3.652729952729952,24.33435628519228,0.1998572701510696,3.3972802986608355
Hyderabad,2026-10-08 00:00:00,1,25.30482689517311,0.0,5.2539106,25.121158458093394,0.05563701433624692,6.042894085243319
Hyderabad,2026-10-08 01:00:00,1,24.781016418983583,0.0,4.5039089,24.62263595352431,0.05565835238511667,5.135403322593856
Hyderabad,2026-10-08 02:00:00,1,24.293974906025092,0.0,4.2686985,24.142663558953636,0.05548832616528628,5.028720717025598
Hyderabad,2026-10-08 03:00:00,1,23.94510895489105,0.0,3.9951169,23.815260507536475,0.05441950687424051,4.585573313763836
Hyderabad,2026-10-08 04:00:00,1,23.63443376556624,0.0,3.4581891,23.535733992840637,0.06325802052146648,4.085412143798624
Hyderabad,2026-10-08 05:00:00,1,23.70743589256411,0.0,3.4760923000000004,23.597404748250856,0.06236275598441975,4.092912246804795
Hyderabad,2026-10-08 06:00:00,1,23.7988133011867,0.0,3.5384005,23.695944996275056,0.06229147540958998,4.034233529899054
Hyderabad,2026-10-08 07:00:00,1,24.98825781174219,0.0,3.621879,24.813179496608853,0.07971038624060484,4.235597367911451
Hyderabad,2026-10-08 08:00:00,1,27.011246988753012,0.0,5.091881600000001,27.589406377671406,0.04820440207023276,5.422113761584055
Hyderabad,2026-10-08 09:00:00,1,28.93007526992473,0.0,6.3325013000000006,28.91338940684894,0.048776128468892795,5.061522982811663
Hyderabad,2026-10-08 10:00:00,1,30.56699273300727,0.0,6.687362299999999,30.75855447947132,0.047164463813946886,4.577317959291593
Hyderabad,2026-10-08 11:00:00,1,31.88156121843878,0.0,7.7432935,32.01189312226462,0.04402980788466029,5.498810679182048
Hyderabad,2026-10-08 12:00:00,1,32.62262047737952,0.0570218999999999,8.351782499999999,32.55677911464049,0.17146239169772137,5.711834939610519
Hyderabad,2026-10-08 13:00:00,1,33.02307137692863,0.0730976999999999,8.5621878,32.809744608906534,0.19447660352759172,5.821348779610059
Hyderabad,2026-10-08 14:00:00,1,33.08275021724978,0.0570218999999999,8.8227285,32.429628614309344,0.18080929236924626,6.054183459393451
Hyderabad,2026-10-08 15:00:00,1,32.71845178154822,0.0895673,9.1116621,31.76631226449839,0.11458561977708392,6.6653544392705975
Hyderabad,2026-10-08 16:00:00,1,32.032909567090435,0.1409231,9.2811877,31.00422920795843,0.1517227810814421,7.631407812493852
Hyderabad,2026-10-08 17:00:00,1,31.08109261890738,0.0468431,8.2480357,30.347660496142055,0.11335266321083008,7.352675774506918
Hyderabad,2026-10-08 18:00:00,1,29.946563653436343,0.01176,7.0454059,29.228377414748795,0.07483119988712905,6.154567828897083
Hyderabad,2026-10-08 19:00:00,1,28.80382099617901,0.09408,6.4983993,28.319354625360898,0.1265811305747625,5.687473543091617
Hyderabad,2026-10-08 20:00:00,1,27.864408135591862,0.0823199999999999,6.1526207,27.47409051097772,0.12170585421509451,5.567284918777716
Hyderabad,2026-10-08 21:00:00,1,27.13508906491094,0.01176,6.176349,26.891541386265803,0.07474449737563643,3.96981112590841
Hyderabad,2026-10-08 22:00:00,1,26.61695688304312,0.0,4.9552317,26.41182137246865,0.05135266851191262,4.548330538270852
Hyderabad,2026-10-08 23:00:00,1,26.116335983664023,0.0,4.0179009,26.174758237774995,0.07844497980010916,4.118353747172792
Hyderabad,2026-10-09 00:00:00,2,25.7102507,0.0,3.2878203999999998,25.52239712954741,0.0856249331220647,4.084972913344254
Hyderabad,2026-10-09 01:00:00,2,25.2236025,0.0,3.3613828000000003,25.023112621777187,0.07316816907308817,4.3391141018197645
Hyderabad,2026-10-09 02:00:00,2,24.8101924,0.0,3.0850302,24.62148862383408,0.06139724006667346,3.9337448861603708
Hyderabad,2026-10-09 03:00:00,2,24.362130099999995,0.0,2.6336837,24.15476382945335,0.06191126331998376,3.5614790807500185
Hyderabad,2026-10-09 04:00:00,2,24.0028068,0.0,2.24575,23.806153168666675,0.0703559477693566,3.1636018315606016
Hyderabad,2026-10-09 05:00:00,2,23.782198200000003,0.0,1.9727398,23.625442706690404,0.08265464812995493,2.9030576268968895
Hyderabad,2026-10-09 06:00:00,2,23.9753989,0.0,1.8443635,23.856755955776638,0.06770900218552255,2.944389273406859
Hyderabad,2026-10-09 07:00:00,2,25.2476964,0.0,2.4581025,25.046602463469366,0.07796711051550032,3.3682872317027406
Hyderabad,2026-10-09 08:00:00,2,27.3544366,0.0,2.8660494,27.9611995043532,0.055650326034579756,3.6423006971448606
Hyderabad,2026-10-09 09:00:00,2,29.3202568,0.0,4.0723418,30.06110914058046,0.04609464569582223,4.399299703278648
Hyderabad,2026-10-09 10:00:00,2,30.8943312,0.0,5.835579299999999,31.199858847967786,0.04425504917193905,5.475361039914052
Hyderabad,2026-10-09 11:00:00,2,32.122598,0.0,6.946947599999999,32.33089876318587,0.04402980788466029,4.414522597493157
Hyderabad,2026-10-09 12:00:00,2,33.0208885,0.0,8.1778747,32.996935800085765,0.04370235409268007,5.2499441094131365
Hyderabad,2026-10-09 13:00:00,2,33.5285581,0.0,9.2730643,33.32901201338026,0.04833818671288327,7.14132517509648
Hyderabad,2026-10-09 14:00:00,2,33.6394338,0.0,10.3157722,32.96938521955666,0.044538606782146176,8.503305160250306
Hyderabad,2026-10-09 15:00:00,2,33.4326671,0.0,10.9102101,32.51776049080894,0.04527739047811575,8.890551977393372
Hyderabad,2026-10-09 16:00:00,2,32.793603000000004,0.0,10.8317088,31.88860619918868,0.04462735341538691,8.477826332470013
Hyderabad,2026-10-09 17:00:00,2,31.7455571,0.0,9.6787277,30.75045719297405,0.04846336128050328,7.50016920676328
Hyderabad,2026-10-09 18:00:00,2,30.2776715,0.0,8.4269669,29.623745469239577,0.05878768394637989,5.622240234457241
Hyderabad,2026-10-09 19:00:00,2,29.1693823,0.0,7.625319999999999,28.54278796860795,0.04964662868646243,4.937056076333425
Hyderabad,2026-10-09 20:00:00,2,28.244266,0.0,7.032444900000001,27.966634491681226,0.05121886262229576,4.555964918960396
Hyderabad,2026-10-09 21:00:00,2,27.4317347,0.0,6.1450659,27.185500209648534,0.05030837373358529,3.9748732945441096
Hyderabad,2026-10-09 22:00:00,2,26.7438723,0.0,5.296095599999999,26.53758468279706,0.0575328643716992,5.006948093512642
Hyderabad,2026-10-09 23:00:00,2,26.1684822,0.0,4.6808985000000005,26.224467180214706,0.08423205618227823,4.8676780426436785
Hyderabad,2026-10-10 00:00:00,3,25.7271636,0.0,3.633397733204534,25.54538330949182,0.09620140793763725,4.2685412848560995
Hyderabad,2026-10-10 01:00:00,3,25.3355185,0.0,2.6425337149325707,25.148156983931795,0.10229766466160509,3.7551340221159637
Hyderabad,2026-10-10 02:00:00,3,24.948498099999995,0.0,2.4255995488009026,24.771041647103907,0.08015250078185408,3.516202234307734
Hyderabad,2026-10-10 03:00:00,3,24.4850756,0.0,2.2970164059671885,24.281037691601494,0.0751514650415061,3.4064520795403457
Hyderabad,2026-10-10 04:00:00,3,24.1216077,0.0,2.2450278099443803,23.92316292421398,0.09803605058227392,3.3529253664653744
Hyderabad,2026-10-10 05:00:00,3,23.905811,0.0,1.9243791512416977,23.74405930896522,0.10360990483145308,3.057926923337324
Hyderabad,2026-10-10 06:00:00,3,24.1099573,0.0,2.305145989708021,23.986949155700394,0.1701147623700951,3.43271308682928
Hyderabad,2026-10-10 07:00:00,3,25.5189562,0.0,2.490607318785363,25.29177661557313,0.1524651836676761,3.4757428853112815
Hyderabad,2026-10-10 08:00:00,3,27.939711600000003,0.0,3.454414591170818,28.56624573675161,0.052683768676673556,4.164673570105658
Hyderabad,2026-10-10 09:00:00,3,30.1638926,0.0,5.308618682762637,30.42018908019567,0.0502610374934732,5.658683578863141
Hyderabad,2026-10-10 10:00:00,3,31.885386100000005,0.0,8.367998564002873,32.02437558896115,0.04703628586526462,6.385215420658394
Hyderabad,2026-10-10 11:00:00,3,33.0941477,0.0,10.772558054883891,32.981364624998825,0.0458326238342756,9.02071282360461
Hyderabad,2026-10-10 12:00:00,3,33.7126465,0.0,11.680668238663523,33.362900152927814,0.045051134758521245,9.403183034186066
Hyderabad,2026-10-10 13:00:00,3,34.0356291,0.0,11.771528056943888,33.54249448068991,0.04500179728533388,9.2733497752904
Hyderabad,2026-10-10 14:00:00,3,34.0830566,0.0,11.795416209167584,33.29105128831915,0.04548097300849675,9.039157999348662
Hyderabad,2026-10-10 15:00:00,3,33.7754285,0.0,12.247962004075994,32.82495340942669,0.04642055392541132,9.283862336243335
Hyderabad,2026-10-10 16:00:00,3,33.089956699999995,0.0,12.405736788526426,32.195505620726586,0.04750098027708845,9.629427784564719
Hyderabad,2026-10-10 17:00:00,3,31.994418400000004,0.0,11.043945512108978,30.96924656014953,0.052943174326261354,8.689337897503359
Hyderabad,2026-10-10 18:00:00,3,30.5508187,0.0,9.214040171919656,29.77830624958933,0.05916753828136363,6.366838852783502
Hyderabad,2026-10-10 19:00:00,3,29.3551021,0.0,8.797716804566392,28.70701146883586,0.05174732828396489,5.892674629568376
Hyderabad,2026-10-10 20:00:00,3,28.2825972,0.0,8.013935072129858,27.93775197961753,0.053032654393520534,5.458998731998404
Hyderabad,2026-10-10 21:00:00,3,27.454631899999995,0.0,7.0990157019685975,27.164366578732167,0.05072803341166887,4.8135594524572305
Hyderabad,2026-10-10 22:00:00,3,26.7620229,0.0,5.945266309467383,26.534717213656847,0.06376001306363173,4.211862015766259
Hyderabad,2026-10-10 23:00:00,3,26.1724347,0.0,4.846651306697387,26.22800817299808,0.08322605664054578,4.839222175952417
Imphal,2026-10-08 00:00:00,1,19.7173145,0.1417605,3.4744339,20.30699726617406,0.3238989394729828,3.4795039216745103
Imphal,2026-10-08 01:00:00,1,19.2297899,0.1417605,3.3907679,19.800482950758656,0.29068729772990837,3.411487449259792
Imphal,2026-10-08 02:00:00,1,18.7274302,0.1003991,3.4130514,19.533674094644187,0.20961406644732955,3.2213382805488546
Imphal,2026-10-08 03:00:00,1,18.5229679,0.0406103,3.3023218000000005,19.32773784891921,0.0905909096656275,3.1057170231031797
Imphal,2026-10-08 04:00:00,1,18.3237839,0.0199296,3.0479632,19.284509860643446,0.07289776871094339,2.8704914380727016
Imphal,2026-10-08 05:00:00,1,18.7036051,0.0199296,3.1622241,19.68062384496126,0.06651781089413539,2.984055463441983
Imphal,2026-10-08 06:00:00,1,19.810799,0.0199296,2.7382333,20.77729441737156,0.05560132566054129,2.763231959985145
Imphal,2026-10-08 07:00:00,1,21.4823311,0.0406103,1.9314728,22.045805108211706,0.0682360458134085,2.1812789272040307
Imphal,2026-10-08 08:00:00,1,23.0965417,0.0199296,2.090916,23.745719170468707,0.093532795347461,2.7980495003124544
Imphal,2026-10-08 09:00:00,1,24.6235062,0.0199296,3.033945,25.136223707714713,0.07283753968229185,3.2352697335579848
Imphal,2026-10-08 10:00:00,1,25.7731005,0.061291,4.2062978,25.943436305739624,0.10199253635402486,4.300669370746775
Imphal,2026-10-08 11:00:00,1,26.5361475,0.0819717,4.8977901,26.76450500124225,0.12953789254259268,4.896462833048677
Imphal,2026-10-08 12:00:00,1,27.0644151,0.061291,4.6210546,27.24056446020121,0.10941107133346736,4.529234509117675
Imphal,2026-10-08 13:00:00,1,27.1477212,0.0406103,4.2472268,27.310992807904697,0.08536068288740525,4.188607801724697
Imphal,2026-10-08 14:00:00,1,26.8418962,0.0199296,4.5242321,26.975147628466676,0.06364147824976293,4.734613696291846
Imphal,2026-10-08 15:00:00,1,26.1198481,0.1091918,4.5373647,26.264917545621167,0.19773700378182402,4.739776102874806
Imphal,2026-10-08 16:00:00,1,24.4452819,0.099648,3.886198,24.770235784202693,0.2191217026210722,3.9289084169736506
Imphal,2026-10-08 17:00:00,1,22.805268,0.099648,3.220334,23.339254842263824,0.2394708977294281,3.0130728512755995
Imphal,2026-10-08 18:00:00,1,21.7169414,0.0600635999999999,2.5002177000000003,22.375589347596595,0.10874579393296985,2.000678355957567
Imphal,2026-10-08 19:00:00,1,20.7869924,0.150159,1.7768836,21.750781717253357,0.10427563383470839,1.5481504008937157
Imphal,2026-10-08 20:00:00,1,20.316102699999995,0.0300317999999999,2.5392567999999995,21.263424811468596,0.07697594133949912,1.8355657832904946
Imphal,2026-10-08 21:00:00,1,19.8769045,0.0,3.1024253,20.81801126324483,0.06961548713883774,2.481734878575
Imphal,2026-10-08 22:00:00,1,19.614389,0.0,3.5840954,20.543803840266722,0.0733477706043293,3.0606351962760177
Imphal,2026-10-08 23:00:00,1,19.2997794,0.0,3.3734778000000003,20.25933016018598,0.0860367170133607,2.9438601244333427
Imphal,2026-10-09 00:00:00,2,18.692706,0.0,2.9379501,19.64949381948687,0.1515554434201674,3.1459747112495813
Imphal,2026-10-09 01:00:00,2,18.3195704,0.0,3.4350218000000003,19.274171779200135,0.12453251901419259,3.3234267242056292
Imphal,2026-10-09 02:00:00,2,18.0103454,0.0,3.4123844,18.969708584771634,0.07518396898634715,3.196070425911386
Imphal,2026-10-09 03:00:00,2,17.6274896,0.0,3.483687,18.590460289083293,0.05254488518962369,3.2500753798939055
Imphal,2026-10-09 04:00:00,2,17.4238992,0.0,3.784452,18.393741148996916,0.034890053618938405,3.4708676053154246
Imphal,2026-10-09 05:00:00,2,17.5853664,0.0,3.849943600000001,18.55960289343345,0.0399530475269083,3.558145547789126
Imphal,2026-10-09 06:00:00,2,19.184133,0.0,2.8703125000000003,20.135383412503607,0.03340014169349696,3.073713697988174
Imphal,2026-10-09 07:00:00,2,21.415326200000003,0.0,1.8515794000000003,22.09804105978835,0.019590363407015518,2.3336477150091173
Imphal,2026-10-09 08:00:00,2,23.4331118,0.0,1.9420091,24.046807667028347,0.05059283047923678,2.6203998952547414
Imphal,2026-10-09 09:00:00,2,24.981016600000004,0.0241926,4.2180894,25.575626697628817,0.05626661543687202,4.325275558659827
Imphal,2026-10-09 10:00:00,2,26.1989826,0.0120963,5.1998954,26.484772242235138,0.04134198687302614,5.172080814237129
Imphal,2026-10-09 11:00:00,2,26.99486,0.0,5.9676837,27.275287108636885,0.04619543993830736,5.750694200733758
Imphal,2026-10-09 12:00:00,2,27.339336600000003,0.0623793,6.071056499999999,27.59560401039277,0.11935026960053643,5.8066623242775375
Imphal,2026-10-09 13:00:00,2,27.2751742,0.0926631,5.3405649,27.506592889271854,0.13120173045834682,5.238824415353916
Imphal,2026-10-09 14:00:00,2,26.8326878,0.0623793,4.2991011,27.07289986889547,0.1261138818088743,4.398582811954997
Imphal,2026-10-09 15:00:00,2,25.678164,0.1021538,4.4720497,26.211979096511556,0.16404383593518942,4.544085554783072
Imphal,2026-10-09 16:00:00,2,24.161941,0.1633034,3.7721129,24.827989206927022,0.2657800356139012,3.5736063960157893
Imphal,2026-10-09 17:00:00,2,22.7178826,0.4600008,2.3947604,23.618725867251655,0.30615091443522024,2.72206612120954
Imphal,2026-10-09 18:00:00,2,21.5197106,1.3699774,1.739565,22.350281796778436,0.25077512044082173,1.5837311657831572
Imphal,2026-10-09 19:00:00,2,21.2077838,0.5538487,3.1584626,22.083014326839844,0.26312311140891964,2.5221387921570146
Imphal,2026-10-09 20:00:00,2,20.8367476,0.4478554,2.8457013,21.7400956333564,0.17967914869541485,2.104996450061711
Imphal,2026-10-09 21:00:00,2,20.5297322,0.3968983,3.0147148999999995,21.230592924982524,0.22160632370242178,2.238469701092417
Imphal,2026-10-09 22:00:00,2,20.0326594,0.0238822,3.3304263,20.974599264648646,0.10007932004107137,2.6053002003750745
Imphal,2026-10-09 23:00:00,2,19.504852,0.0238822,3.3635589,20.48122277637183,0.1059630437358301,2.8872739176305733
Imphal,2026-10-10 00:00:00,3,19.1798018,0.0,3.215940915940916,20.142772489083292,0.17098358279199777,3.363680329426559
Imphal,2026-10-10 01:00:00,3,18.8852929,0.014678,3.393681493681494,19.838791205549022,0.14417367762219052,3.3660068494834468
Imphal,2026-10-10 02:00:00,3,18.5520758,0.044034,3.2533486533486533,19.505574105549023,0.11311971007001487,3.169406994611328
Imphal,2026-10-10 03:00:00,3,18.4055196,0.014678,3.441565741565741,19.359017905549024,0.07251556210872163,3.1714105212676156
Imphal,2026-10-10 04:00:00,3,18.1432362,0.0,3.0103199103199105,19.094876741655842,0.037850146255122105,2.8475916525068863
Imphal,2026-10-10 05:00:00,3,18.2442081,0.0,3.253243553243553,19.19638652512769,0.04721340794118311,3.121186729260615
Imphal,2026-10-10 06:00:00,3,19.6338454,0.0,2.4444883444883447,20.582439555863537,0.035488683984056676,2.6650308636231896
Imphal,2026-10-10 07:00:00,3,21.6680777,0.0,1.9172958172958172,22.614224590494526,0.048478908536963926,2.4016461247590586
Imphal,2026-10-10 08:00:00,3,23.6425276,0.0,1.844510844510844,24.41923361375122,0.08689812563567534,2.616746803041779
Imphal,2026-10-10 09:00:00,3,25.375653799999995,0.0,3.411146211146211,26.297621956712103,0.04073861683094839,3.6886377864385014
Imphal,2026-10-10 10:00:00,3,26.6655364,0.0,4.958751258751259,27.26676281249597,0.06006603983650091,4.859805167794278
Imphal,2026-10-10 11:00:00,3,27.642737600000004,0.0,5.867944967944968,27.991794104168225,0.07154676824391178,5.1813756408547595
Imphal,2026-10-10 12:00:00,3,27.9675994,0.0135684,6.938013138013138,28.310656946920215,0.07365289340879619,6.250932544570176
Imphal,2026-10-10 13:00:00,3,27.890155300000004,0.0135684,7.345202945202945,28.21379935214452,0.07089538596034653,6.649857555727007
Imphal,2026-10-10 14:00:00,3,27.314219099999995,0.0391584,6.930323730323731,27.639981580223647,0.07297616363178601,6.83116097412513
Imphal,2026-10-10 15:00:00,3,25.58421,0.4181404,6.2846452846452845,25.77812805232474,0.42266331605450513,6.436741304080833
Imphal,2026-10-10 16:00:00,3,23.6471163,0.4618586,5.450821750821752,23.915851375645786,0.3655505646489542,5.118865618843259
Imphal,2026-10-10 17:00:00,3,21.9678791,0.5573884,5.025337025337025,22.22121898867756,0.4506305596744966,4.53790382320424
Imphal,2026-10-10 18:00:00,3,21.0992516,0.1670602,3.9975032975032976,22.038635939633892,0.15195262013551175,3.3604350168289403
Imphal,2026-10-10 19:00:00,3,20.5974034,0.0,3.863986663986665,21.539269876680365,0.05131178124521025,3.140394991285355
Imphal,2026-10-10 20:00:00,3,20.1510577,0.029356,3.6393977393977393,21.088811452553326,0.08078406334544445,2.816162671195536
Imphal,2026-10-10 21:00:00,3,19.6913527,0.029356,3.564736964736965,20.630908740503465,0.08206715864832484,2.8503055587908586
Imphal,2026-10-10 22:00:00,3,19.3031291,0.0,4.006684606684607,20.24891139360403,0.05699471157675307,3.5629425866633837
Imphal,2026-10-10 23:00:00,3,18.860714,0.0,3.7048309048309047,19.83269925497388,0.0738677513225788,3.3081451263529176
Indore,2026-10-08 00:00:00,1,25.22457912457912,0.0,4.4369266,25.404802860573476,0.03979249853072846,4.166303143938744
Indore,2026-10-08 01:00:00,1,24.55394045394045,0.0,4.3787066,24.70331798063689,0.03367375421358155,4.017490594398619
Indore,2026-10-08 02:00:00,1,23.934903034903037,0.0,4.4697101,24.07889772883874,0.03366661705115075,4.070047905206468
Indore,2026-10-08 03:00:00,1,23.350009950009948,0.0,3.8542767,23.490698834094335,0.047096820880196955,3.505637032577777
Indore,2026-10-08 04:00:00,1,22.913203813203808,0.0,2.8163021,22.99432755411263,0.06649646170323498,2.7783598122541067
Indore,2026-10-08 05:00:00,1,23.03470953470953,0.0,2.8728317,23.116557968096718,0.048367329606714235,3.006407570969396
Indore,2026-10-08 06:00:00,1,23.03978923978924,0.0,2.6053412,23.114085145551048,0.04103467758585061,3.2741106433344647
Indore,2026-10-08 07:00:00,1,24.47253717253717,0.0,1.9800273,24.5947280457143,0.042673027831801116,2.7166203834076073
Indore,2026-10-08 08:00:00,1,26.96674566674567,0.0,2.3336188,27.554491997358653,0.05070416716460285,3.0156396688153624
Indore,2026-10-08 09:00:00,1,29.44609484609484,0.0,4.0887078,29.73641188036288,0.03304935238818794,3.8263519249527205
Indore,2026-10-08 10:00:00,1,31.19125019125019,0.0,4.0880381,31.495823438339276,0.0357846550000109,3.923490900927901
Indore,2026-10-08 11:00:00,1,32.45786945786946,0.0,4.6350924,32.68322874815528,0.032768710414178774,4.713144696321428
Indore,2026-10-08 12:00:00,1,33.31506181506181,0.0,4.8930037,33.374797894196774,0.03378951271310573,5.04852173461505
Indore,2026-10-08 13:00:00,1,33.85163875163875,0.0,5.3995539,33.712943710853395,0.0318099429730446,5.463074191481106
Indore,2026-10-08 14:00:00,1,34.04997194997195,0.0,5.6296628,33.51543343732489,0.03220622741775601,5.832145146692785
Indore,2026-10-08 15:00:00,1,33.8970755970756,0.0,6.2426505,33.33540067865677,0.031186541657029086,5.502659296947794
Indore,2026-10-08 16:00:00,1,33.45767335767336,0.0,6.463369499999999,32.94624113391827,0.03174559652893,5.611734421996617
Indore,2026-10-08 17:00:00,1,32.37668167668167,0.0,6.785041999999999,32.00297254225774,0.03368661435862632,5.595769555833426
Indore,2026-10-08 18:00:00,1,30.737305137305132,0.0,5.4800175,30.525941957970133,0.03725842518598242,4.792481055256767
Indore,2026-10-08 19:00:00,1,29.174391674391675,0.0,4.986106700000001,29.06719613679639,0.03380915151024281,4.710624910435258
Indore,2026-10-08 20:00:00,1,28.25558845558845,0.0,6.3764453,28.366052026332476,0.03921911225349082,5.502794065357911
Indore,2026-10-08 21:00:00,1,27.286234886234883,0.0,6.7395186,27.442029625798035,0.04109891706867568,5.761094312092428
Indore,2026-10-08 22:00:00,1,26.409506309506305,0.0,6.5116095,26.62585210143013,0.036495722128221254,5.582818634961689
Indore,2026-10-08 23:00:00,1,25.690589990589984,0.0,5.5878857,26.029445544883483,0.03787331629440442,4.709240096281278
Indore,2026-10-09 00:00:00,2,25.12048177951822,0.0,4.914036585963414,25.265229197452875,0.04752610606532688,4.209351615539641
Indore,2026-10-09 01:00:00,2,24.47996262003738,0.0,4.983098716901283,24.629744400193314,0.04692217829440781,4.2701435979410585
Indore,2026-10-09 02:00:00,2,23.91373618626381,0.0,4.85919614080386,24.060367307088917,0.04760664322868905,4.208244910080527
Indore,2026-10-09 03:00:00,2,23.474246825753173,0.0,5.011606788393212,23.61757213672696,0.05176113926042386,4.323219613691098
Indore,2026-10-09 04:00:00,2,22.9978499021501,0.0,5.794849105150895,23.141175213123887,0.05081686433909258,5.166111626022573
Indore,2026-10-09 05:00:00,2,22.854316945683056,0.0,5.991034908965092,23.103718244141163,0.04640481383273134,5.406853211026994
Indore,2026-10-09 06:00:00,2,23.108574091425908,0.0,5.641184758815243,23.36697744478861,0.04461839689849253,5.040619028781601
Indore,2026-10-09 07:00:00,2,24.62176987823012,0.0,5.267266732733267,24.918241233656673,0.03953883414450409,4.614638952747371
Indore,2026-10-09 08:00:00,2,27.207140492859512,0.0,5.712708087291913,27.77493032660821,0.04424221637801784,5.014562682217962
Indore,2026-10-09 09:00:00,2,29.76805763194237,0.0,6.932830867169134,29.84343807971929,0.043050712937427654,5.614307398669337
Indore,2026-10-09 10:00:00,2,31.857598742401255,0.0,7.566152233847767,31.96878610194091,0.03292110331985503,6.096520290122232
Indore,2026-10-09 11:00:00,2,33.114543485456515,0.0,7.581522018477981,33.134275605700715,0.03856296882771853,6.223034563140047
Indore,2026-10-09 12:00:00,2,33.843273656726346,0.0,7.684943515056485,33.75002384668898,0.0385110678682953,6.437618221513109
Indore,2026-10-09 13:00:00,2,34.25050454949545,0.0,8.295002504997495,34.058543332133326,0.03833816897869828,7.022978088872282
Indore,2026-10-09 14:00:00,2,34.2976546023454,0.0,8.968725331274669,33.85008471994178,0.03180607773159925,7.405321248020379
Indore,2026-10-09 15:00:00,2,34.041910758089244,0.0,9.227159872840128,33.50797618891587,0.037062451578871045,7.516554669497676
Indore,2026-10-09 16:00:00,2,33.424475075524924,0.0,9.441642258357742,32.92209631591505,0.03289502654263755,7.65692786556024
Indore,2026-10-09 17:00:00,2,32.32324267675732,0.0,9.224040275959725,32.094604912500714,0.03394581097139976,7.743276951745591
Indore,2026-10-09 18:00:00,2,30.59343670656329,0.0,8.422928377071624,30.414699763868455,0.03758552264389229,7.177407710476965
Indore,2026-10-09 19:00:00,2,28.919606380393617,0.0,8.047999952000048,28.811055042386776,0.03380915151024281,6.849868683408432
Indore,2026-10-09 20:00:00,2,27.53844656155344,0.0,7.321053678946321,27.701861013880087,0.03506465467247216,6.213714348792887
Indore,2026-10-09 21:00:00,2,26.25023364976635,0.0,6.789578010421989,26.429497144830307,0.044676777184659434,5.842008686452159
Indore,2026-10-09 22:00:00,2,25.35322864677136,0.0,6.17951452048548,25.52800345730638,0.04606217360681035,5.581118429509207
Indore,2026-10-09 23:00:00,2,24.637552462447537,0.0,5.833919766080235,24.855637895369675,0.04634643565831542,5.157052290915158
Indore,2026-10-10 00:00:00,3,24.0274117,0.0,5.767656000000001,24.174754477195403,0.04350977886942774,5.167813931167015
Indore,2026-10-10 01:00:00,3,23.3870207,0.0,5.6357135,23.534363477195406,0.046744504610626535,5.078148461423832
Indore,2026-10-10 02:00:00,3,22.849545900000003,0.0,5.2726309,22.996177020825108,0.0587754811350387,4.692402536702991
Indore,2026-10-10 03:00:00,3,22.3771856,0.0,5.1733629,22.520510910973787,0.0587754811350387,4.560526762920055
Indore,2026-10-10 04:00:00,3,22.0132165,0.0,4.9585676,22.156541810973785,0.05700486868497179,4.459161992724573
Indore,2026-10-10 05:00:00,3,21.946554400000004,0.0,4.8638907,22.18360771800744,0.10487137112891563,4.563947035897793
Indore,2026-10-10 06:00:00,3,22.322481,0.0,4.9722664,22.559534318007437,0.11159890066390911,4.434204437948021
Indore,2026-10-10 07:00:00,3,23.9672018,0.0,4.6567716,24.240440564580958,0.1138959502572013,4.28057336252466
Indore,2026-10-10 08:00:00,3,26.6779541,0.0,5.0090008,27.32772765053072,0.046460118538519106,4.671918755962874
Indore,2026-10-10 09:00:00,3,29.3713256,0.0,6.1605083,29.547544882567443,0.037555820982163216,5.154584444854319
Indore,2026-10-10 10:00:00,3,31.4381529,0.0,6.968685799999999,31.63985258486748,0.037688269095358023,5.838542625205013
Indore,2026-10-10 11:00:00,3,32.7776776,0.0,6.659550399999999,32.86798061825906,0.04158092651342168,6.591597888304968
Indore,2026-10-10 12:00:00,3,33.6218375,0.0,7.019914599999999,33.59127175406446,0.04815082873680923,7.134713354019164
Indore,2026-10-10 13:00:00,3,34.0173931,0.0,7.098606799999999,33.9350931901099,0.03903885012498131,7.062071546653554
Indore,2026-10-10 14:00:00,3,34.1308157,0.0,7.0862638,33.73793998757014,0.039848104149966285,6.401023872647792
Indore,2026-10-10 15:00:00,3,33.8962053,0.0,7.189259899999999,33.289568469589156,0.03323844752710401,6.301698261403682
Indore,2026-10-10 16:00:00,3,33.2955961,0.0,7.0542425,32.71640550466523,0.036687899828779104,5.971960990897072
Indore,2026-10-10 17:00:00,3,32.1317494,0.0,7.155979599999999,31.8123241638499,0.03463503252129332,5.983022484032853
Indore,2026-10-10 18:00:00,3,30.3317074,0.0,6.734731699999999,30.191062193225488,0.05417420784624073,5.609734089483538
Indore,2026-10-10 19:00:00,3,28.9662776,0.0,6.254331400000001,28.846518480230678,0.03368004437729956,5.524937662856109
Indore,2026-10-10 20:00:00,3,27.7561397,0.0,6.2607985,27.885139763186075,0.032560839778069624,5.366263191240888
Indore,2026-10-10 21:00:00,3,26.6749799,0.0,5.6799642,26.860126836455564,0.038764516071432616,4.935930067578061
Indore,2026-10-10 22:00:00,3,25.6924219,0.0,5.3802476,25.84305735695755,0.0450448368392482,4.5695309567870135
Indore,2026-10-10 23:00:00,3,24.961913800000005,0.0,4.7672035,25.188241011018015,0.044115811676449616,3.949022139665527
Jabalpur,2026-10-08 00:00:00,1,23.1050222050222,0.0,3.558419041580958,23.242323889177687,0.05454442753502167,4.287708174758337
Jabalpur,2026-10-08 01:00:00,1,22.46685636685637,0.0,3.596401503598496,22.602662951829934,0.051182846156499956,4.284615596855865
Jabalpur,2026-10-08 02:00:00,1,21.84397234397234,0.0,3.624437675562324,21.97662826961508,0.04310319017562976,4.454380753278705
Jabalpur,2026-10-08 03:00:00,1,21.270164470164463,0.0,3.642191157808842,21.399514585955885,0.0422794114746956,4.382431570832593
Jabalpur,2026-10-08 04:00:00,1,20.672814572814573,0.0,2.9865474134525862,20.751041938776435,0.04240841053975044,3.7190778388020895
Jabalpur,2026-10-08 05:00:00,1,20.866682566682563,0.0,3.368917731082268,21.132820753193474,0.0423221817937703,4.041839574122482
Jabalpur,2026-10-08 06:00:00,1,21.199120099120098,0.0,3.121937078062922,21.46218986314113,0.04515334541569832,3.822119731345733
Jabalpur,2026-10-08 07:00:00,1,22.97747257747257,0.0,3.1343941656058334,23.25497595006851,0.05947263103220266,3.828600077565552
Jabalpur,2026-10-08 08:00:00,1,25.44368134368134,0.0,3.687397212602787,26.146529278396436,0.052440706709829865,4.613552361202214
Jabalpur,2026-10-08 09:00:00,1,27.56154726154725,0.0,4.154818045181955,28.178982042983506,0.04640394425130375,4.9245198022663494
Jabalpur,2026-10-08 10:00:00,1,29.237392937392933,0.0,4.888191711808288,29.935989701327504,0.044388994622443556,5.46846086937443
Jabalpur,2026-10-08 11:00:00,1,30.58199538199538,0.0,5.407095092904907,30.93900419408137,0.049263009712394,5.6108979044176035
Jabalpur,2026-10-08 12:00:00,1,31.600231500231494,0.0,6.781669118330881,32.00255362924106,0.04929862308203783,6.5246582119178935
Jabalpur,2026-10-08 13:00:00,1,32.1039517039517,0.0,8.255532744467255,32.17936860221129,0.05990471673444435,7.34937303230686
Jabalpur,2026-10-08 14:00:00,1,32.23860293860294,0.0,8.431718168281831,32.27983978742699,0.05492793001808793,7.052370144541254
Jabalpur,2026-10-08 15:00:00,1,31.96352606352606,0.0,8.945806054193945,31.95379051929227,0.0558781031327427,7.53957117790016
Jabalpur,2026-10-08 16:00:00,1,31.072847972847967,0.0,8.131842468157531,30.99834779072661,0.05366183275675284,6.808882242711539
Jabalpur,2026-10-08 17:00:00,1,29.378909678909675,0.0,5.199565700434299,29.500599436497296,0.05997283607156584,5.362946393594572
Jabalpur,2026-10-08 18:00:00,1,28.23384113384113,0.0,3.704883395116605,28.316122638251525,0.06433654266476657,4.173569049459506
Jabalpur,2026-10-08 19:00:00,1,27.336290036290038,0.0,3.3435146564853437,27.467728830801896,0.06076200490840618,3.7545605800049837
Jabalpur,2026-10-08 20:00:00,1,26.500299300299297,0.0,2.8845792154207843,26.675493447303346,0.051066527678768334,3.292561211122959
Jabalpur,2026-10-08 21:00:00,1,25.826340626340624,0.0,2.953425146574853,25.98260135721668,0.06373736274862822,3.2493684950152533
Jabalpur,2026-10-08 22:00:00,1,25.21201061201061,0.0,3.718297881702118,25.418578932443637,0.06265762668011,3.9244718674752286
Jabalpur,2026-10-08 23:00:00,1,24.56337706337706,0.0,4.124058475941524,24.90120948822408,0.06146622110962457,4.229452254906626
Jabalpur,2026-10-09 00:00:00,2,23.9676665,0.0,4.6235418,24.099118315097513,0.06175961735445984,5.1305781929596765
Jabalpur,2026-10-09 01:00:00,2,23.2862774,0.0,4.8206847,23.42228140890244,0.06963764178816269,5.340920376760495
Jabalpur,2026-10-09 02:00:00,2,22.5029075,0.0,4.651290500000001,22.63819985253214,0.08267461996817467,4.959072809343214
Jabalpur,2026-10-09 03:00:00,2,21.9150585,0.0,4.6734556,22.04704504268082,0.08055204396087552,5.371926212008188
Jabalpur,2026-10-09 04:00:00,2,21.5529809,0.0,4.692957900000001,21.684967442680822,0.10701537681956214,5.58832677578384
Jabalpur,2026-10-09 05:00:00,2,21.4704032,0.0,4.363298800000001,21.73382534064899,0.0715193199674323,5.11201254371651
Jabalpur,2026-10-09 06:00:00,2,21.9981699,0.0,4.3915693000000005,22.261592040648992,0.06551343377686135,5.151127345090019
Jabalpur,2026-10-09 07:00:00,2,23.7795854,0.0,4.3640264,24.077291556124802,0.06673113675617232,5.0146227864613016
Jabalpur,2026-10-09 08:00:00,2,26.3250835,0.0,5.3190686,27.121265591667477,0.05518124437556567,5.326850447109016
Jabalpur,2026-10-09 09:00:00,2,28.5868035,0.0,6.921621399999999,29.206645053896178,0.05640832141758529,6.1219648896239995
Jabalpur,2026-10-09 10:00:00,2,30.6242814,0.0,8.436588,31.070544439741138,0.0542964874978464,7.218630019786534
Jabalpur,2026-10-09 11:00:00,2,32.1630444,0.0,10.17715,32.40967095968007,0.05573120331011839,8.81922875780237
Jabalpur,2026-10-09 12:00:00,2,33.0860292,0.0,11.6508114,33.08302805460817,0.05750292144657523,10.033977967643473
Jabalpur,2026-10-09 13:00:00,2,33.5243036,0.0,12.7845757,33.39916489072763,0.06327208635625221,10.99292656428052
Jabalpur,2026-10-09 14:00:00,2,33.3555424,0.0,13.6300565,33.08092768397925,0.05420288475779163,12.666752311755921
Jabalpur,2026-10-09 15:00:00,2,32.8194346,0.0,11.2319858,32.814452505769744,0.05500971966620036,9.2994623896517
Jabalpur,2026-10-09 16:00:00,2,31.9622754,0.0,7.064780799999999,31.86864573447855,0.05749265991718407,5.356671923162736
Jabalpur,2026-10-09 17:00:00,2,30.0442751,0.0,5.1412783,30.14130436445621,0.0587254505891154,4.350192742448595
Jabalpur,2026-10-09 18:00:00,2,28.338779700000003,0.0,4.6263283,28.422122543780027,0.06902869855723553,5.025502271600431
Jabalpur,2026-10-09 19:00:00,2,26.950585,0.0,3.625194,27.106292992600377,0.054402654355294164,4.13951279959613
Jabalpur,2026-10-09 20:00:00,2,25.798258500000003,0.0,3.4561886,25.993999768773485,0.06367468417656147,3.9239641566969317
Jabalpur,2026-10-09 21:00:00,2,24.5358748,0.0,3.3812519,24.79578659706867,0.055808246721106076,3.721819066499702
Jabalpur,2026-10-09 22:00:00,2,23.6152734,0.0,3.0942896,23.910888124762973,0.056183513945548304,3.3243625522953937
Jabalpur,2026-10-09 23:00:00,2,22.7742439,0.0,2.5938948,22.912768911539747,0.04858108586940185,2.7916954013340995
Jabalpur,2026-10-10 00:00:00,3,22.262117,0.0,3.4305046000000003,22.40205511104489,0.049991870773202794,4.426013793373395
Jabalpur,2026-10-10 01:00:00,3,21.6841347,0.0,3.1322139,21.82079952566364,0.05268497197728766,3.928963581193929
Jabalpur,2026-10-10 02:00:00,3,21.0274958,0.0,3.1619725,21.135095743840306,0.048102036341106824,3.9645236882349844
Jabalpur,2026-10-10 03:00:00,3,20.360768200000003,0.0,3.3982109,20.48569068578151,0.04589784739493322,4.073094244652786
Jabalpur,2026-10-10 04:00:00,3,19.6942553,0.0,3.294535,19.809384169994566,0.046116456933425386,4.113869683936061
Jabalpur,2026-10-10 05:00:00,3,19.4103511,0.0,3.2427625000000004,19.679679274571896,0.05117274218271137,4.0620679741127645
Jabalpur,2026-10-10 06:00:00,3,20.0181948,0.0,3.0132136000000003,20.246482508975923,0.07263265036516192,3.7323854693642646
Jabalpur,2026-10-10 07:00:00,3,22.1686352,0.0,2.6179752,22.276767530058024,0.08341958349617362,3.3776884076015747
Jabalpur,2026-10-10 08:00:00,3,24.9746047,0.0,3.4347352,25.709667051331426,0.08274627971806085,4.281653076137418
Jabalpur,2026-10-10 09:00:00,3,27.496721200000003,0.0,4.0672526,28.198493461383833,0.05670141440859213,4.833203860010288
Jabalpur,2026-10-10 10:00:00,3,29.790581,0.0,4.8029143,30.46589925732173,0.05292175496325153,5.095045431008227
Jabalpur,2026-10-10 11:00:00,3,31.515271100000003,0.0,5.2736768000000005,31.90847781921049,0.05602006468679337,5.308638524586275
Jabalpur,2026-10-10 12:00:00,3,32.487925,0.0,6.218897700000001,32.74647538717321,0.05839921417410648,5.821025285108132
Jabalpur,2026-10-10 13:00:00,3,32.9248051,0.0,6.7603149,33.09606858682351,0.05378322413917925,5.698812441310606
Jabalpur,2026-10-10 14:00:00,3,32.873305200000004,0.0,6.6927994,32.8174711259894,0.06229898874325757,5.714590672782318
Jabalpur,2026-10-10 15:00:00,3,32.222242099999995,0.0,6.4421084,32.13778572758743,0.06573585143220197,5.493691099008734
Jabalpur,2026-10-10 16:00:00,3,31.0906375,0.0,6.0358385000000006,30.90494364261574,0.05546896446651638,5.256452429082463
Jabalpur,2026-10-10 17:00:00,3,29.3546234,0.0,4.6159682,29.507804657782877,0.05972460024202546,4.873137514699216
Jabalpur,2026-10-10 18:00:00,3,27.73085350000001,0.0,3.8226289,27.852998322963526,0.06373385257614833,4.436825465510078
Jabalpur,2026-10-10 19:00:00,3,26.3722044,0.0,3.5272537,26.564740069833697,0.08833780094075676,3.8409069808745016
Jabalpur,2026-10-10 20:00:00,3,25.3251613,0.0,3.2606248000000004,25.50522327442592,0.09040696187231761,3.7470560655391774
Jabalpur,2026-10-10 21:00:00,3,24.501944100000003,0.0,3.3124239,24.59450366621971,0.0958925899380239,3.9045508076683486
Jabalpur,2026-10-10 22:00:00,3,23.7991315,0.0,4.1168363,24.045266166151496,0.05674395934952558,4.408468684120165
Jabalpur,2026-10-10 23:00:00,3,23.1393382,0.0,4.2276299,23.358599396398372,0.06472244481420308,4.358457854293362
Jaipur,2026-10-08 00:00:00,1,26.55555834444165,0.0,7.213271786728214,26.703699269443703,0.027739608062365105,6.1088712415451365
Jaipur,2026-10-08 01:00:00,1,25.827517472482523,0.0,6.737575562424437,25.977638100570957,0.027816926722607525,5.701638644655865
Jaipur,2026-10-08 02:00:00,1,25.252263547736447,0.0,6.798972601027399,25.388328962786314,0.030037010541363856,5.652563892653591
Jaipur,2026-10-08 03:00:00,1,24.71179188820811,0.0,7.38011111988888,24.81357412434857,0.027143446234232625,6.195580605337684
Jaipur,2026-10-08 04:00:00,1,24.372458227541767,0.0,7.943118156881844,24.474240463682225,0.029699576387598254,6.890033542352579
Jaipur,2026-10-08 05:00:00,1,24.450128749871244,0.0,7.085946314053686,24.67746215131015,0.03600229182921958,6.228917229822464
Jaipur,2026-10-08 06:00:00,1,24.29157230842769,0.0,6.729079970920029,24.547708275329803,0.030314427686548562,6.1043199381412485
Jaipur,2026-10-08 07:00:00,1,25.510607089392902,0.0,6.705021294978706,25.793710183392314,0.031962068337260265,5.668694793426493
Jaipur,2026-10-08 08:00:00,1,27.59097010902988,0.0,7.966343933656066,28.128838472756225,0.022883467565461023,6.532471806309847
Jaipur,2026-10-08 09:00:00,1,29.81525488474511,0.0,9.76038923961076,29.85186078737831,0.02005800695443963,7.703372200447292
Jaipur,2026-10-08 10:00:00,1,31.94696185303814,0.0,11.534326865673137,31.86636416158286,0.018218289134975106,9.156625456799732
Jaipur,2026-10-08 11:00:00,1,33.56397903602096,0.0,13.534483365516634,33.25382808097684,0.01772939713011785,10.72769986130605
Jaipur,2026-10-08 12:00:00,1,34.41884498115501,0.0,15.034136065863937,33.94526132057553,0.018384837061259325,11.895482957694783
Jaipur,2026-10-08 13:00:00,1,34.93272066727933,0.0,15.64905095094905,34.21269514725485,0.018384837061259325,11.819057654353179
Jaipur,2026-10-08 14:00:00,1,35.12696177303822,0.0,16.004395195604804,34.09373430848015,0.018989106602963372,11.990931375951224
Jaipur,2026-10-08 15:00:00,1,34.93494356505643,0.0,15.642601057398942,33.7082176892177,0.017953026945175938,11.691180492023818
Jaipur,2026-10-08 16:00:00,1,34.328946371053625,0.0,14.489765210234792,33.084993117095024,0.017016414064017982,11.579101415475513
Jaipur,2026-10-08 17:00:00,1,33.29289340710659,0.0,12.310793689206312,32.33092736639747,0.01882213649744625,10.503180356960138
Jaipur,2026-10-08 18:00:00,1,31.771529928470063,0.0,10.166138733861269,31.272116356488485,0.015883006272347552,8.217714251467234
Jaipur,2026-10-08 19:00:00,1,30.241490858509135,0.0,8.623632076367924,29.799944737641177,0.015870709148198183,6.900370768755231
Jaipur,2026-10-08 20:00:00,1,29.02094387905612,0.0,7.840208959791041,28.69075972418868,0.014795126174117634,6.236897808754154
Jaipur,2026-10-08 21:00:00,1,28.01942398057602,0.0,7.488092011907988,27.878598962815467,0.01585561448135334,5.947866253351267
Jaipur,2026-10-08 22:00:00,1,27.168186331813665,0.0,7.095663504336496,27.17119799896864,0.024792352052769036,5.675408522919295
Jaipur,2026-10-08 23:00:00,1,26.467393532606465,0.0,6.753026546973453,26.842037350237142,0.025808203333670995,5.538024669931756
Jaipur,2026-10-09 00:00:00,2,25.5998118001882,0.0,6.781341118658881,25.749932428276633,0.030500001764542234,5.911191297562177
Jaipur,2026-10-09 01:00:00,2,24.92471907528092,0.0,6.094667205332794,25.035113494665488,0.033986768677350246,5.187982253546966
Jaipur,2026-10-09 02:00:00,2,24.22534407465593,0.0,6.053855446144554,24.330432120647707,0.046356949672035484,5.260449508529861
Jaipur,2026-10-09 03:00:00,2,23.656759343240655,0.0,6.505095594904404,23.758541579381113,0.04430004369932629,5.5675062333085314
Jaipur,2026-10-09 04:00:00,2,23.223950276049724,0.0,7.560385939614059,23.325732512190182,0.033106291948003144,6.367835475793505
Jaipur,2026-10-09 05:00:00,2,23.051937248062757,0.0,8.12166607833392,23.290585508294907,0.023670808905880466,6.850667044037029
Jaipur,2026-10-09 06:00:00,2,23.217924582075412,0.0,8.573490426509572,23.456572842307562,0.03134506859347196,7.250743896164044
Jaipur,2026-10-09 07:00:00,2,24.36093203906796,0.0,9.212571487428512,24.61229058854008,0.03305434560646268,7.5761240810681425
Jaipur,2026-10-09 08:00:00,2,26.56390933609066,0.0,10.953373546626452,27.194368383838636,0.02307315490845557,8.83980882408762
Jaipur,2026-10-09 09:00:00,2,29.067486732513267,0.0,12.917833682166316,29.536289929513945,0.020102427811301418,10.093295003026817
Jaipur,2026-10-09 10:00:00,2,31.42921747078253,0.0,13.668195431804564,31.319628492345814,0.018112426849904648,10.828020658791589
Jaipur,2026-10-09 11:00:00,2,33.17346502653497,0.0,13.957243542756457,32.92333230857423,0.01785728609166755,10.802881908980464
Jaipur,2026-10-09 12:00:00,2,34.250897349102644,0.0,13.186561213438782,33.82285710680926,0.01785728609166755,9.53730592107216
Jaipur,2026-10-09 13:00:00,2,34.82289197710802,0.0,13.153529746470252,34.06744171663627,0.01755649824052083,9.078863585905182
Jaipur,2026-10-09 14:00:00,2,34.92318877681122,0.0,13.674419425580572,33.94179543437087,0.017445302836472297,9.431167029417908
Jaipur,2026-10-09 15:00:00,2,34.66928503071497,0.0,13.164442335557665,33.441515333076474,0.016945066725386374,9.068484703665249
Jaipur,2026-10-09 16:00:00,2,34.02851927148072,0.0,11.8006694993305,32.72407245730868,0.01712227634908844,8.386018886783397
Jaipur,2026-10-09 17:00:00,2,32.92684917315083,0.0,9.67949462050538,31.987326618528904,0.016067729727284884,7.383417787994793
Jaipur,2026-10-09 18:00:00,2,31.217797182202816,0.0,7.856395343604655,30.730590656057345,0.015883006272347552,6.248906957142706
Jaipur,2026-10-09 19:00:00,2,29.72663947336052,0.0,7.079352920647079,29.29666883890875,0.01612584990643528,5.501537756733115
Jaipur,2026-10-09 20:00:00,2,28.53478576521423,0.0,6.355325944674054,28.282416233397175,0.01520086629639288,5.091113368222808
Jaipur,2026-10-09 21:00:00,2,27.61126568873431,0.0,5.714621285378714,27.491596345306576,0.017805869118131406,4.631755158907398
Jaipur,2026-10-09 22:00:00,2,26.79700380299619,0.0,5.226972073027927,26.858774941351697,0.023368684102049907,4.345296205208961
Jaipur,2026-10-09 23:00:00,2,26.190962609037385,0.0,5.929105970894028,26.57963289113923,0.03470447453772382,4.970294800318284
Jaipur,2026-10-10 00:00:00,3,25.344039144039144,0.0,6.748582799999999,25.494159772127578,0.027743112999399768,5.544848450607045
Jaipur,2026-10-10 01:00:00,3,24.828252028252027,0.0,7.797817999999999,24.9386464476366,0.026771903157264812,6.510269383677942
Jaipur,2026-10-10 02:00:00,3,24.267396667396667,0.0,8.267518599999999,24.372484713388445,0.02375070535208477,7.365501638491234
Jaipur,2026-10-10 03:00:00,3,23.775438475438477,0.0,8.1119659,23.877220711578936,0.023912500426748053,7.088207301405224
Jaipur,2026-10-10 04:00:00,3,23.316815316815315,0.0,7.174710599999999,23.418597552955774,0.024951357536543192,6.165708431358841
Jaipur,2026-10-10 05:00:00,3,23.096277996277998,0.0,6.639186200000001,23.33765668434921,0.028162829477851627,5.637965656894467
Jaipur,2026-10-10 06:00:00,3,23.274505774505773,0.0,6.411462599999999,23.51123321786021,0.03093844537001271,5.6325251187458765
Jaipur,2026-10-10 07:00:00,3,24.57827247827248,0.0,6.4591521,24.83248762829688,0.03266233019381284,5.216126207395289
Jaipur,2026-10-10 08:00:00,3,26.62381872381873,0.0,8.0818254,27.27340953889356,0.02249421360848418,6.45446025439997
Jaipur,2026-10-10 09:00:00,3,28.8047199047199,0.0,9.8206272,29.27880963962422,0.020797777321143546,7.9252798662363775
Jaipur,2026-10-10 10:00:00,3,30.86501676501676,0.0,9.8676846,30.740414045912388,0.01962199128354041,7.640630648674252
Jaipur,2026-10-10 11:00:00,3,32.61761111761111,0.0,10.0229164,32.435216323291066,0.018218289134975106,7.354434090758096
Jaipur,2026-10-10 12:00:00,3,33.71014701014701,0.0,9.784648699999998,33.37871280369126,0.01796314837673801,7.293662610656261
Jaipur,2026-10-10 13:00:00,3,34.42583072583073,0.0,9.5164136,33.68672504718731,0.01796314837673801,7.055065180447203
Jaipur,2026-10-10 14:00:00,3,34.65381765381765,0.0,9.4615362,33.57020451440445,0.01785195297268948,7.080215868866372
Jaipur,2026-10-10 15:00:00,3,34.5011629011629,0.0,9.3795733,33.16478761303605,0.017297587014034464,7.046333107256716
Jaipur,2026-10-10 16:00:00,3,33.87892967892968,0.0,9.419285899999998,32.63080949150871,0.0166573521506355,7.226873618670458
Jaipur,2026-10-10 17:00:00,3,32.81634841634842,0.0,7.989484299999999,32.065609081898565,0.020961703482333015,6.459361072245421
Jaipur,2026-10-10 18:00:00,3,31.232274332274333,0.0,5.853780199999999,30.679415490773213,0.015598744220842484,4.393818846734968
Jaipur,2026-10-10 19:00:00,3,29.78495148495148,0.0,5.4992105,29.29612939662007,0.015586447096693117,4.523290412300991
Jaipur,2026-10-10 20:00:00,3,28.51964791964792,0.0,5.558934600000001,28.260680765741473,0.014805582073456454,4.852169403913983
Jaipur,2026-10-10 21:00:00,3,27.42046762046762,0.0,5.1903749,27.278214768571193,0.025639214158773998,4.757153820695564
Jaipur,2026-10-10 22:00:00,3,26.47606597606598,0.0,4.5728646,26.406704635205497,0.027382070817868094,4.289683249158649
Jaipur,2026-10-10 23:00:00,3,25.65862415862416,0.0,3.9875598,25.934722165939718,0.02759032211442771,3.907712689861208
Jodhpur,2026-10-08 00:00:00,1,28.320635279364726,0.0,8.834784500000001,28.425539564836317,0.020567222806862774,7.062998174132018
Jodhpur,2026-10-08 01:00:00,1,27.520406579593423,0.0,8.1492541,27.65169302823477,0.02497157337487467,6.534767202148025
Jodhpur,2026-10-08 02:00:00,1,26.811596788403214,0.0,7.510842800000001,26.931188020037947,0.031299782302416534,6.03978664121402
Jodhpur,2026-10-08 03:00:00,1,26.160680539319465,0.0,6.644591200000001,26.281081455546108,0.03459889004548744,5.4236693060086
Jodhpur,2026-10-08 04:00:00,1,25.558276141723866,0.0,5.924246299999999,25.68399847640513,0.03376828027751732,4.862267333519855
Jodhpur,2026-10-08 05:00:00,1,25.501986398013603,0.0,5.2756732,25.53615495619506,0.03707570032277698,4.617282881441396
Jodhpur,2026-10-08 06:00:00,1,25.03773816226184,0.0,4.1689563000000005,25.05726966221057,0.029224637878601026,4.035135426695889
Jodhpur,2026-10-08 07:00:00,1,25.671781528218474,0.0,4.0320722,25.691313028167205,0.04619044052769387,4.214660426848034
Jodhpur,2026-10-08 08:00:00,1,27.56417503582497,0.0,5.1148885,28.152151833932965,0.02196363222206742,4.2277764799493385
Jodhpur,2026-10-08 09:00:00,1,29.87620952379048,0.0,6.8514087,30.425088228517723,0.02005800695443963,5.3042489092560015
Jodhpur,2026-10-08 10:00:00,1,32.11435258564742,0.0,8.771646200000001,32.0521450757074,0.018218289134975106,7.016514937958127
Jodhpur,2026-10-08 11:00:00,1,34.01401778598221,0.0,11.2654482,33.59281741482573,0.018490699346329784,9.042282776069722
Jodhpur,2026-10-08 12:00:00,1,35.246422553577446,0.0,13.1342575,34.651673033458025,0.01925058514894415,11.246668804866747
Jodhpur,2026-10-08 13:00:00,1,36.051824148175854,0.0,14.4993677,35.30607710605481,0.019186944699066923,12.62242726937786
Jodhpur,2026-10-08 14:00:00,1,36.45984514015486,0.0,14.8651188,35.43257787375125,0.018561696092716996,12.787228042929492
Jodhpur,2026-10-08 15:00:00,1,36.505467194532805,0.0,14.575779,35.22054427917545,0.01743897374287454,12.65450827900105
Jodhpur,2026-10-08 16:00:00,1,36.14738215261785,0.0,14.135651799999998,34.855827866252326,0.017212521422151773,12.122680562770984
Jodhpur,2026-10-08 17:00:00,1,35.401920898079105,0.0,13.0093019,34.1355558689,0.015833978480664725,10.75320302069742
Jodhpur,2026-10-08 18:00:00,1,33.85868084131916,0.0,11.2200313,32.44450694358365,0.015883006272347552,9.407557646518521
Jodhpur,2026-10-08 19:00:00,1,32.34892255107745,0.0,10.3324738,31.090851336166004,0.015434693477298964,8.361161353951594
Jodhpur,2026-10-08 20:00:00,1,31.11495688504312,0.0,10.0495244,30.20005905948135,0.014744489377052224,7.4295065453989
Jodhpur,2026-10-08 21:00:00,1,30.003097996902003,0.0,9.6070141,29.537665750435366,0.01518954179291225,6.722349285356564
Jodhpur,2026-10-08 22:00:00,1,28.827933372066628,0.0,8.682900799999999,28.699042450705015,0.015743147837381163,6.533262618204929
Jodhpur,2026-10-08 23:00:00,1,27.765577634422367,0.0,8.6674753,27.87832022444533,0.018681996653050547,6.89988304194171
Jodhpur,2026-10-09 00:00:00,2,27.04019574019574,0.0,8.460623960623959,27.170261626602656,0.024411665832466643,6.818784090136564
Jodhpur,2026-10-09 01:00:00,2,26.25060545060545,0.0,8.452350152350151,26.371600497043556,0.02621595661399715,7.1332769550203885
Jodhpur,2026-10-09 02:00:00,2,25.570928270928267,0.0,8.279104979104979,25.68701758258768,0.02696480040860717,7.177952187348405
Jodhpur,2026-10-09 03:00:00,2,24.93340413340413,0.0,8.15196375196375,25.069170286863713,0.026998710310516486,7.053652913576979
Jodhpur,2026-10-09 04:00:00,2,24.412544012544007,0.0,8.014616314616314,24.551126352603646,0.026641728669253135,6.947089513484361
Jodhpur,2026-10-09 05:00:00,2,24.04079284079284,0.0,7.730852630852629,24.061895913117223,0.02770299019848881,6.307713836283218
Jodhpur,2026-10-09 06:00:00,2,23.80783380783381,0.0,7.367695467695466,23.824285635441417,0.05039217294918781,5.874343113245065
Jodhpur,2026-10-09 07:00:00,2,24.414480014480013,0.0,7.648066448066447,24.430036472365277,0.04889103348314178,6.587405858079711
Jodhpur,2026-10-09 08:00:00,2,26.346153846153843,0.0,9.127838427838428,26.905566470899988,0.03387105230693686,7.500647998131234
Jodhpur,2026-10-09 09:00:00,2,28.75697225697225,0.0,11.599016599016595,29.185215023585837,0.0298378110293191,8.755373072782302
Jodhpur,2026-10-09 10:00:00,2,31.08587268587268,0.0,13.55046375046375,31.010394726635923,0.019388240036920256,10.677217803411118
Jodhpur,2026-10-09 11:00:00,2,33.094399094399094,0.0,15.13250193250193,32.870706218152414,0.018103369607950226,12.622163240347206
Jodhpur,2026-10-09 12:00:00,2,34.54804844804845,0.0,16.467391867391868,33.955331264592765,0.01956158646240716,14.090137159395436
Jodhpur,2026-10-09 13:00:00,2,35.59569009569009,0.0,17.586775386775386,34.934661714304745,0.02635103861061592,15.021818705232924
Jodhpur,2026-10-09 14:00:00,2,36.22592402592402,0.0,18.169332569332568,35.26193397319169,0.03134636250389624,15.559310814981664
Jodhpur,2026-10-09 15:00:00,2,36.30830750830751,0.0,17.824267224267224,35.138581618882974,0.031076912420416946,15.133472540733797
Jodhpur,2026-10-09 16:00:00,2,35.882675782675776,0.0,16.625500825500822,34.69516974807444,0.029100963158830675,13.95217949588188
Jodhpur,2026-10-09 17:00:00,2,34.99307379307379,0.0,14.741436241436242,33.77123590559582,0.018484145425255005,12.022334400654334
Jodhpur,2026-10-09 18:00:00,2,33.37010497010496,0.0,12.51142851142851,32.029071296425805,0.015883006272347552,9.51396041672918
Jodhpur,2026-10-09 19:00:00,2,31.967289067289062,0.0,12.054738954738957,30.753255300197303,0.014744133987191745,8.885587338469714
Jodhpur,2026-10-09 20:00:00,2,30.669050169050166,0.0,12.24945854945855,30.12671835444434,0.014508909357763508,9.102799053167244
Jodhpur,2026-10-09 21:00:00,2,29.707335907335903,0.0,12.29110039110039,29.32669483411398,0.015544823595780024,9.167286517135308
Jodhpur,2026-10-09 22:00:00,2,28.78120718120718,0.0,11.954389954389953,28.61923042192188,0.01575307489233964,9.267533294149537
Jodhpur,2026-10-09 23:00:00,2,27.93949623949624,0.0,11.27253617253617,28.02097091619071,0.01825789971971427,9.280237606592777
Jodhpur,2026-10-10 00:00:00,3,27.224828824828823,0.0,10.815992800000002,27.34952581071407,0.019605691287862246,8.992009887160282
Jodhpur,2026-10-10 01:00:00,3,26.524963824963827,0.0,10.340990800000002,26.65066909421879,0.02280893205323147,8.97587476260319
Jodhpur,2026-10-10 02:00:00,3,25.83363433363433,0.0,9.7620812,25.954870904417973,0.025385381440840047,8.566917452235836
Jodhpur,2026-10-10 03:00:00,3,25.125493225493223,0.0,9.415339800000002,25.24432257518587,0.026998710310516486,8.26018256216002
Jodhpur,2026-10-10 04:00:00,3,24.48186928186928,0.0,9.0074472,24.62020921490829,0.026641728669253135,7.931791094875308
Jodhpur,2026-10-10 05:00:00,3,23.9999590999591,0.0,8.528458,24.021600993456342,0.02670780336342512,7.706664787851078
Jodhpur,2026-10-10 06:00:00,3,23.699316099316093,0.0,8.6273578,23.717688743801414,0.04638484676494303,7.818478424415865
Jodhpur,2026-10-10 07:00:00,3,24.103106903106895,0.0,8.806309000000002,24.121479547592216,0.051438410743612675,8.005506226163995
Jodhpur,2026-10-10 08:00:00,3,25.81663911663912,0.0,10.3966898,26.375948693260447,0.022646858676025866,8.680404020573881
Jodhpur,2026-10-10 09:00:00,3,27.816201516201517,0.0,11.909958,28.472366231240777,0.021624889069975485,8.892178348046722
Jodhpur,2026-10-10 10:00:00,3,29.73303973303973,0.0,12.2102596,30.2270363560762,0.019824255707819472,9.305215177932286
Jodhpur,2026-10-10 11:00:00,3,31.54594244594244,0.0,12.351723000000002,31.454485472295886,0.017984537888354947,9.527586528659644
Jodhpur,2026-10-10 12:00:00,3,32.95942385942386,0.0,12.504510000000002,32.78968049813161,0.01772939713011785,10.022487868993924
Jodhpur,2026-10-10 13:00:00,3,34.15960605960606,0.0,12.8321674,33.50205387907899,0.016877398346803078,10.465509994350509
Jodhpur,2026-10-10 14:00:00,3,34.89368969368969,0.0,12.898092000000002,33.914216584113916,0.01676620294275455,10.581130175020327
Jodhpur,2026-10-10 15:00:00,3,35.089929189929194,0.0,13.0085816,33.88486011859582,0.01712112262360238,10.691619775020325
Jodhpur,2026-10-10 16:00:00,3,34.84969554969555,0.0,13.091134400000003,33.63632407582939,0.01672708580926073,10.7538494109119
Jodhpur,2026-10-10 17:00:00,3,34.18087088087088,0.0,12.498712200000002,32.97030909704632,0.015833978480664725,9.909193968662667
Jodhpur,2026-10-10 18:00:00,3,32.76243666243666,0.0,10.2822,31.408477745799736,0.015883006272347552,7.599307890225797
Jodhpur,2026-10-10 19:00:00,3,31.38071298071298,0.0,9.4585644,30.177715417392683,0.015434693477298964,6.979536841276367
Jodhpur,2026-10-10 20:00:00,3,30.145042945042945,0.0,8.911533200000001,29.80679925482645,0.01518954179291225,6.669878871055386
Jodhpur,2026-10-10 21:00:00,3,29.11945711945712,0.0,8.441318,28.935659321914788,0.015743147837381163,5.735969444225134
Jodhpur,2026-10-10 22:00:00,3,28.32393332393332,0.0,8.319654600000002,28.27830096272803,0.016879457382169852,5.847400213503284
Jodhpur,2026-10-10 23:00:00,3,27.659293959293954,0.0,8.198870800000002,27.787166833387857,0.01882691396472718,6.299769327788449
Kanpur,2026-10-08 00:00:00,1,24.4342715,0.0,7.498642999999999,24.534274655588533,0.05807830759474444,7.135198229244474
Kanpur,2026-10-08 01:00:00,1,24.0090616,0.0,6.672593299999999,24.10906475558853,0.05594466983676179,6.419906678355877
Kanpur,2026-10-08 02:00:00,1,23.7482354,0.0,6.0367729,23.845087896257702,0.054659100265937115,5.806162318050152
Kanpur,2026-10-08 03:00:00,1,23.615397100000003,0.0196051803948196,5.2074159,23.708943786406387,0.08327049588076421,4.948320174744839
Kanpur,2026-10-08 04:00:00,1,23.5421485,0.0196051803948196,4.394174400000001,23.635695186406384,0.08371496331192141,3.9932382943468685
Kanpur,2026-10-08 05:00:00,1,23.5238317,0.2935225064774935,2.6056769,23.625805627510108,0.3060253955776869,2.7160038428442523
Kanpur,2026-10-08 06:00:00,1,23.6305926,0.063022136977863,2.5635759999999994,23.702165379831982,0.14621061548351014,2.401308197211405
Kanpur,2026-10-08 07:00:00,1,24.3676847,0.1003744996255003,3.1705109,24.66501738970334,0.16268748760066712,2.890606472066896
Kanpur,2026-10-08 08:00:00,1,25.459266000000003,0.0505713494286505,4.1077981,26.11339585598079,0.13311370301275863,3.770540938430976
Kanpur,2026-10-08 09:00:00,1,26.526975200000003,0.0381205618794381,4.3197649,27.22793610538707,0.11385153289432973,4.365419309920343
Kanpur,2026-10-08 10:00:00,1,27.6218708,0.0381205618794381,4.7375173,28.28510203252802,0.1133916362959196,5.03505598312518
Kanpur,2026-10-08 11:00:00,1,28.7051297,0.0505713494286505,4.7759304,29.34008239174339,0.12886173703516893,5.219019567645341
Kanpur,2026-10-08 12:00:00,1,29.601056,0.0,3.763855,29.693944767722826,0.06875498092284428,4.270717977158268
Kanpur,2026-10-08 13:00:00,1,30.191478,0.0124507875492124,4.1649782,30.47042598550236,0.07833053568758833,4.364301542446705
Kanpur,2026-10-08 14:00:00,1,30.6490344,0.0,3.7371157,30.60482520200646,0.0754990025928591,3.6306429665403908
Kanpur,2026-10-08 15:00:00,1,30.7318286,0.0196051803948196,4.4064073,30.389501421257677,0.1014112772855178,4.048732773628317
Kanpur,2026-10-08 16:00:00,1,30.3938017,0.0196051803948196,5.607454200000001,29.98410133194974,0.09133908519216749,4.392621574311349
Kanpur,2026-10-08 17:00:00,1,29.4540522,0.0196051803948196,6.9568602,29.124099781644357,0.08529959626552089,5.2610216215464085
Kanpur,2026-10-08 18:00:00,1,28.4272048,0.0,7.4700965,28.30090297249457,0.05816841379764859,6.053353200387621
Kanpur,2026-10-08 19:00:00,1,27.547931,0.0,6.2778165,27.554433461711564,0.058194592093197314,5.562242811292681
Kanpur,2026-10-08 20:00:00,1,26.8356454,0.0,5.8214942,26.855832226578627,0.074566290090627,5.335449698926369
Kanpur,2026-10-08 21:00:00,1,26.155549,0.0,6.1886633,26.175151566068706,0.05827804467911185,6.019301350862279
Kanpur,2026-10-08 22:00:00,1,25.4455816,0.0,6.960249,25.515090903167373,0.05982772755497802,6.586962709068101
Kanpur,2026-10-08 23:00:00,1,24.902352000000004,0.0,6.8888093,25.09242805764626,0.059721109771625584,6.425286058369773
Kanpur,2026-10-09 00:00:00,2,24.4562557,0.0,6.538839161160839,24.55625885558853,0.07451200406137505,5.962094218236224
Kanpur,2026-10-09 01:00:00,2,24.0701655,0.0,5.708122091877909,24.170168655588533,0.056193498698751815,5.298703043050345
Kanpur,2026-10-09 02:00:00,2,23.7464691,0.0,5.740125859874142,23.843321596257702,0.05413062505032323,5.315783778729564
Kanpur,2026-10-09 03:00:00,2,23.5495145,0.0,5.562366237633763,23.643061186406385,0.05201927724347536,5.10369496975927
Kanpur,2026-10-09 04:00:00,2,23.3813241,0.0,4.4278951721048285,23.474870786406385,0.06160967299316093,4.104164968535325
Kanpur,2026-10-09 05:00:00,2,23.4126639,0.0,5.01867788132212,23.67270686138288,0.051989607249398474,4.689005107124498
Kanpur,2026-10-09 06:00:00,2,23.7093172,0.0152105152105152,4.750778149221851,23.969360161382884,0.0656078660681832,4.515349638909493
Kanpur,2026-10-09 07:00:00,2,24.5674782,0.3194208194208193,6.064776235223765,24.891059439102186,0.37295266544863315,5.801985015233738
Kanpur,2026-10-09 08:00:00,2,25.923022,0.1673156673156673,6.173749526250473,26.653523340486043,0.14556561249076624,5.649484447617236
Kanpur,2026-10-09 09:00:00,2,27.3857888,0.0,5.584386915613085,28.096854096689075,0.062201248150999665,5.5976920645637005
Kanpur,2026-10-09 10:00:00,2,28.3115186,0.4313856313856313,4.580169519830481,29.174945167396075,0.24970774201886645,4.5783276657141245
Kanpur,2026-10-09 11:00:00,2,29.248992,0.0,4.357258542741457,29.946834403253035,0.06546420226232674,4.4563587871943176
Kanpur,2026-10-09 12:00:00,2,30.136562,0.0972785972785972,5.126747773252228,30.845283038972678,0.27129139217029297,5.112840980361978
Kanpur,2026-10-09 13:00:00,2,30.618518600000005,0.0972785972785972,5.647609652390348,30.568234382547878,0.23640712608456452,5.076837758815357
Kanpur,2026-10-09 14:00:00,2,30.7200737,0.0972785972785972,6.116904083095919,30.44638534246064,0.24884344032674144,5.295724989074503
Kanpur,2026-10-09 15:00:00,2,30.5459806,0.0,7.077481422518578,30.018480651907343,0.05990340779142591,5.975578549147498
Kanpur,2026-10-09 16:00:00,2,30.176728600000004,0.0,7.034248465751535,29.582466199486085,0.06143726808090621,5.995278372064634
Kanpur,2026-10-09 17:00:00,2,29.1472506,0.0,7.115445484554516,29.183404465579724,0.061757409115790446,6.439942073099228
Kanpur,2026-10-09 18:00:00,2,28.2112217,0.0,7.281232918767082,28.083335488700243,0.06821316966887905,6.2384232726098805
Kanpur,2026-10-09 19:00:00,2,27.4981133,0.0,7.070423229576772,27.514644114597484,0.07434853406211021,6.178077335574688
Kanpur,2026-10-09 20:00:00,2,26.863061700000003,0.0,7.349524150475851,26.882765066966687,0.0616083107225721,6.572617648976585
Kanpur,2026-10-09 21:00:00,2,26.2280475,0.0,7.263539436460565,26.268317876639248,0.061334883558977295,6.521536946973344
Kanpur,2026-10-09 22:00:00,2,25.630438500000004,0.0,6.784119715880285,25.581380507202464,0.0753878050555867,6.200773378422884
Kanpur,2026-10-09 23:00:00,2,25.1077824,0.0,6.844089655910345,25.28225706360345,0.057052214090375614,6.29395492152609
Kanpur,2026-10-10 00:00:00,3,24.595948,0.0,7.011423111423111,24.69595115558853,0.06396016272664516,6.638864827918554
Kanpur,2026-10-10 01:00:00,3,24.1719514,0.0,6.957645857645859,24.271954555588533,0.06306292406976396,6.61782746731746
Kanpur,2026-10-10 02:00:00,3,23.7969967,0.0,6.665106865106866,23.893849196257705,0.06297944008249111,6.360694259902947
Kanpur,2026-10-10 03:00:00,3,23.4654104,0.0,6.231249331249332,23.564181382404495,0.051541924002785997,5.894232009862297
Kanpur,2026-10-10 04:00:00,3,23.199694,0.0,6.084980384980385,23.293240686406385,0.05089762255555962,5.75774983117465
Kanpur,2026-10-10 05:00:00,3,23.0959311,0.0,6.274614074614075,23.367288920176133,0.06812775256879193,5.919799605100963
Kanpur,2026-10-10 06:00:00,3,23.3602784,0.0,6.437762337762338,23.63163622017613,0.06705550926633846,6.154645576365297
Kanpur,2026-10-10 07:00:00,3,24.4167365,0.0,7.370962570962572,24.747854886622473,0.06399832073543,6.949507094197513
Kanpur,2026-10-10 08:00:00,3,26.0409548,0.0,8.236580136580136,26.753384830481522,0.06869821483652268,7.550212367075141
Kanpur,2026-10-10 09:00:00,3,27.591384000000005,0.0,8.723116323116322,28.157568246829626,0.0656035321472391,7.731661209562583
Kanpur,2026-10-10 10:00:00,3,29.085772100000003,0.0,8.484891884891884,29.67727455214287,0.06436792271711698,7.48452913131422
Kanpur,2026-10-10 11:00:00,3,30.2939755,0.0,7.931772331772332,30.372898470884184,0.05669110701413188,6.659482313835035
Kanpur,2026-10-10 12:00:00,3,31.0400278,0.0,7.603562203562204,31.290998018960448,0.06570136361320733,6.444309706525877
Kanpur,2026-10-10 13:00:00,3,31.100214200000003,0.1534414465585534,7.741225041225041,31.387579169392154,0.24516918518444109,6.497302963134639
Kanpur,2026-10-10 14:00:00,3,31.350379000000004,0.0,7.561149961149961,31.229900744445615,0.06672256951577647,6.8227192899313485
Kanpur,2026-10-10 15:00:00,3,31.2398887,0.0,7.402083802083803,30.846751672148766,0.06005342753121838,6.5423773755971375
Kanpur,2026-10-10 16:00:00,3,30.728493800000003,0.0,7.35018035018035,30.3380731623871,0.058637521070415435,6.835551001026512
Kanpur,2026-10-10 17:00:00,3,29.6441445,0.0,6.8009879009879,29.249107271173152,0.062416126060986406,6.555948881424433
Kanpur,2026-10-10 18:00:00,3,28.675962,0.0,6.6482423482423485,28.41346730110705,0.06856022610100741,6.315281005793397
Kanpur,2026-10-10 19:00:00,3,27.912810300000004,0.0,6.82054352054352,27.907601743788714,0.05879147620134877,5.955396736866454
Kanpur,2026-10-10 20:00:00,3,27.179453400000003,0.0,7.475280775280774,27.189046842649244,0.070804444871946,6.512481044720329
Kanpur,2026-10-10 21:00:00,3,26.5114666,0.0,7.5634566634566625,26.568912413139476,0.05059895573717918,6.661225218141444
Kanpur,2026-10-10 22:00:00,3,25.8941578,0.0,7.599256999256999,25.942760743876622,0.06126637800564339,6.983716642527039
Kanpur,2026-10-10 23:00:00,3,25.3633538,0.0,7.52001972001972,25.62721080522296,0.05929780069191182,6.996943140879417
Kochi,2026-10-08 00:00:00,1,27.251940699999995,0.0380136,3.497886900000001,28.336014747245382,0.1398118041276269,4.2204563940996636
Kochi,2026-10-08 01:00:00,1,26.9718453,0.1301006,3.647957200000001,27.86473654928169,0.2610749762085303,4.191648881638428
Kochi,2026-10-08 02:00:00,1,26.6292537,0.3052134000000001,3.4951244000000004,27.477818942610742,0.4224979435614346,4.099441425074723
Kochi,2026-10-08 03:00:00,1,26.4597435,0.0,3.5903205,28.008841299615945,0.04412818911043645,4.27764602007322
Kochi,2026-10-08 04:00:00,1,26.2939973,0.1289218,4.462133600000001,27.14557940358608,0.2014044114779755,4.720244015491689
Kochi,2026-10-08 05:00:00,1,26.182408700000003,0.0368348,4.363201400000001,27.31775792295692,0.08500309668730205,4.812230678543577
Kochi,2026-10-08 06:00:00,1,26.3800177,0.0737084,3.953339500000001,27.369098719745352,0.1343332518425364,4.496319358689476
Kochi,2026-10-08 07:00:00,1,27.0107598,0.2947172,3.543119800000001,27.920525780940206,0.4286205222617556,4.315419405255567
Kochi,2026-10-08 08:00:00,1,28.0956832,0.2210476,3.3560688,28.623914077409292,0.2441325107902547,4.643746355266787
Kochi,2026-10-08 09:00:00,1,29.1670023,0.1657954,2.7644985,30.155914454236168,0.2010180022616054,4.179231130748985
Kochi,2026-10-08 10:00:00,1,30.2454356,0.2947172,4.828432900000001,31.219552189928457,0.45245688734538914,6.138830501857504
Kochi,2026-10-08 11:00:00,1,31.1733839,0.0368736,7.7849298,32.30540304472997,0.09806857849947312,9.04210374384901
Kochi,2026-10-08 12:00:00,1,31.4709288,0.4983442000000001,10.7841016,32.50548756292499,0.6883486522216111,11.663875003237623
Kochi,2026-10-08 13:00:00,1,31.3781114,0.4799268000000001,12.939176400000004,32.269117237995566,0.6679720716510826,12.546459572426345
Kochi,2026-10-08 14:00:00,1,30.993365200000003,0.4799268000000001,12.964730500000002,31.44259617647537,0.6262836279541217,12.682114094032645
Kochi,2026-10-08 15:00:00,1,30.5371083,0.5369472000000002,10.907706400000002,30.456311484431307,0.6863738992755659,11.622045575916331
Kochi,2026-10-08 16:00:00,1,29.787853100000007,0.8756152000000001,8.002115600000002,29.628040209269578,0.903453209140156,8.775744802974415
Kochi,2026-10-08 17:00:00,1,28.6743785,2.0935294000000004,5.7916349,28.71305876547157,2.3057584990828506,6.993072865725313
Kochi,2026-10-08 18:00:00,1,27.5006255,1.8065932000000005,8.3714685,28.218230397854757,2.1385894343948384,8.76138727395968
Kochi,2026-10-08 19:00:00,1,26.924804200000004,1.1909522000000003,7.705432600000002,27.6310613170106,1.3209119708141568,7.900674002908716
Kochi,2026-10-08 20:00:00,1,26.5898465,1.0049678000000002,5.654808300000002,27.209126881951878,1.2313027464443145,6.002168589700911
Kochi,2026-10-08 21:00:00,1,26.404696,0.8759958000000001,4.616818400000001,26.75462134947394,1.1960840794822176,4.894365388215685
Kochi,2026-10-08 22:00:00,1,26.1740111,0.7235952000000001,4.833823600000001,26.42013911842171,1.1449284283476273,5.081109434134971
Kochi,2026-10-08 23:00:00,1,25.9828732,0.7235952000000001,4.749125400000001,26.650874233115694,1.1696525424288278,5.106884594371307
Kochi,2026-10-09 00:00:00,2,25.9097743,0.0385920385920385,4.279796479796479,27.01995220726874,0.17421038124573165,4.5731311684646965
Kochi,2026-10-09 01:00:00,2,25.725123000000004,0.0385920385920385,4.232443232443232,26.83463707656819,0.1477824703024479,4.5725118303179215
Kochi,2026-10-09 02:00:00,2,25.5760392,0.0385920385920385,4.62042422042422,26.714545273658047,0.16088748680485793,4.871467314451871
Kochi,2026-10-09 03:00:00,2,25.5003367,0.0,4.367292567292567,27.154850964511414,0.054411688123592664,4.749729993321701
Kochi,2026-10-09 04:00:00,2,25.506982099999995,0.0,4.054685454685455,27.146247404833566,0.048521300139990176,4.469954150285403
Kochi,2026-10-09 05:00:00,2,25.5718271,0.0,3.686792786792787,27.215126746560724,0.059092992747255296,4.481716067447776
Kochi,2026-10-09 06:00:00,2,25.7405667,0.0,2.647895147895148,27.36283890897092,0.05905628079395044,3.5093293714868348
Kochi,2026-10-09 07:00:00,2,26.3581179,0.0,3.0835121835121835,27.91598838687693,0.04897066828087454,4.022985186328736
Kochi,2026-10-09 08:00:00,2,27.3428722,0.0,3.522451922451922,27.891758530816286,0.0481167894972425,4.425387528809821
Kochi,2026-10-09 09:00:00,2,28.4892646,0.0385920385920385,3.644943644943645,29.01106146184148,0.13903924064400391,5.041711631511345
Kochi,2026-10-09 10:00:00,2,29.4908122,0.1941137941137941,4.032785232785233,30.020495872047192,0.40526350951997814,5.4792759164224405
Kochi,2026-10-09 11:00:00,2,29.9523197,0.2765771765771765,7.419326219326219,30.76634712820834,0.48702458899403656,9.140460306200938
Kochi,2026-10-09 12:00:00,2,29.9221666,0.615080615080615,10.514994214994216,30.687535287754617,0.8772992117612637,12.144292046974442
Kochi,2026-10-09 13:00:00,2,29.7478074,0.5315521315521315,12.67976667976668,30.120647559750836,0.6283462101702665,13.504966601505355
Kochi,2026-10-09 14:00:00,2,29.60605870000001,0.6554830554830554,11.230988330988332,29.93677785094501,0.7310756909238737,12.191905500661452
Kochi,2026-10-09 15:00:00,2,29.5945566,0.4831556831556831,10.144424844424844,29.537076647191558,0.8019215690569788,11.300088585419802
Kochi,2026-10-09 16:00:00,2,29.2425024,0.4948676948676949,9.292720792720791,29.37248744743843,0.7095104072855021,10.224831837479444
Kochi,2026-10-09 17:00:00,2,28.467980699999995,1.7011968011968013,6.913891513891512,28.65477751421587,2.346409304904982,8.540959865788205
Kochi,2026-10-09 18:00:00,2,27.6169071,2.643623543623544,4.452652552652553,28.24901147897255,2.6556824564587154,5.852949270982387
Kochi,2026-10-09 19:00:00,2,27.0217168,6.824515924515925,4.069590269590269,27.471410743417618,2.9528881247491574,5.416332938616441
Kochi,2026-10-09 20:00:00,2,26.6910548,2.9509816509816518,2.8695206695206696,27.068524395644474,2.9313441190161638,4.419526775527337
Kochi,2026-10-09 21:00:00,2,26.403523,0.6242262242262242,2.6277815277815275,26.643531810539336,0.7516012699063408,3.4706304922005025
Kochi,2026-10-09 22:00:00,2,26.182424500000003,0.7115395115395116,3.4537793537793533,26.435775558623853,0.8268526984023059,4.157839223533377
Kochi,2026-10-09 23:00:00,2,26.0492275,0.6564030564030564,3.659179159179159,26.724191797211333,0.7853162947231871,4.424846221243894
Kochi,2026-10-10 00:00:00,3,25.795917900000003,0.2593846593846594,4.448811148811149,26.69196456986553,0.46889536281872046,5.115453648771586
Kochi,2026-10-10 01:00:00,3,25.5725061,0.2423280423280423,4.020957520957521,26.453282482858395,0.4625026633265255,4.769570890419892
Kochi,2026-10-10 02:00:00,3,25.410766200000005,0.2423280423280423,4.58967598967599,26.263928380862914,0.4568663221880903,5.16354645745016
Kochi,2026-10-10 03:00:00,3,25.236859700000004,0.1486364486364486,5.026555826555827,26.05837527444392,0.25202968322222724,5.207775456617316
Kochi,2026-10-10 04:00:00,3,25.141535200000007,0.1486364486364486,4.672552172552173,25.952934230521322,0.29470386829852663,4.655442813854975
Kochi,2026-10-10 05:00:00,3,25.136135300000003,0.1486364486364486,4.483858783858785,25.98017714078719,0.2659338363155305,3.8412336511459495
Kochi,2026-10-10 06:00:00,3,25.18927470000001,0.0349364349364349,4.441691041691041,26.38009005417452,0.08533217825190252,3.965688065902268
Kochi,2026-10-10 07:00:00,3,25.66603360000001,0.2096186096186096,4.23926553926554,26.578047939256358,0.2632964894061249,3.7880238078881083
Kochi,2026-10-10 08:00:00,3,26.523736100000004,0.4891100891100891,3.992780892780893,27.086379201385427,0.5833449924801347,4.8323699316982776
Kochi,2026-10-10 09:00:00,3,27.722930600000005,0.3843007843007843,4.557752657752658,28.344339730097715,0.4082346490143099,5.772363971395048
Kochi,2026-10-10 10:00:00,3,28.694920000000007,0.1945818945818946,5.268364268364268,29.25397773346686,0.2663207572816987,6.716170815924057
Kochi,2026-10-10 11:00:00,3,29.35199590000001,0.2076672076672076,6.847962247962248,29.935413966072524,0.35853397269752585,8.301525325662578
Kochi,2026-10-10 12:00:00,3,29.770158500000004,0.4302509302509302,8.701702501702503,30.163225505704027,0.46504387175987427,10.03107949394152
Kochi,2026-10-10 13:00:00,3,29.802443500000003,0.4302509302509302,9.472920772920771,30.17277995249727,0.45922301177742225,10.964000892615445
Kochi,2026-10-10 14:00:00,3,29.819264900000007,0.4131943131943132,9.285226685226686,30.135688266845303,0.45003623867526393,10.748203304785658
Kochi,2026-10-10 15:00:00,3,29.338706200000004,0.5875244875244875,8.145823245823246,29.266954040061403,0.585712166134058,9.46302079410863
Kochi,2026-10-10 16:00:00,3,28.63230680000001,0.6728075728075729,5.644631144631145,28.775585665083465,0.7003284791192756,6.9319915782508374
Kochi,2026-10-10 17:00:00,3,27.779629400000005,1.0333137333137332,5.300507000507,28.253348456415644,0.9189818395707796,6.237628460995941
Kochi,2026-10-10 18:00:00,3,27.2947975,1.165867465867466,4.745257645257646,27.919005329953634,1.3111326672880566,5.377825599603858
Kochi,2026-10-10 19:00:00,3,27.034506500000003,0.7383696383696384,5.1578363578363575,27.363593164978415,0.8530066475104998,5.51928789219871
Kochi,2026-10-10 20:00:00,3,26.764735800000004,0.7895394895394896,4.983958683958684,27.09011316280183,0.9064203441273743,5.279324948725393
Kochi,2026-10-10 21:00:00,3,26.562082300000007,0.6875761875761875,3.7511655511655513,26.81419094114687,0.9064133222464705,4.413537989513273
Kochi,2026-10-10 22:00:00,3,26.407670000000003,0.5681798681798681,3.277658877658878,26.64206358356992,0.7988803566812981,3.995196239723053
Kochi,2026-10-10 23:00:00,3,26.15414220000001,0.5852364852364852,3.783726083726084,26.82207951569982,0.8148113036588895,4.355256580151242
Kolkata,2026-10-08 00:00:00,1,26.700876499123492,0.118265,3.4950755,26.60997857073058,0.5941502964158065,4.134881689842187
Kolkata,2026-10-08 01:00:00,1,26.32472567527432,0.3643066,2.7924729000000004,26.223642436152346,0.7636490384358476,3.6472585455631803
Kolkata,2026-10-08 02:00:00,1,25.930697269302726,0.446763,3.2364168,25.814269289378903,1.0167940994580564,4.324165870199877
Kolkata,2026-10-08 03:00:00,1,25.61530668469332,0.2515232,3.4988487,25.507309076904487,0.7378470356777771,4.522317177109233
Kolkata,2026-10-08 04:00:00,1,25.448039751960245,0.041377,4.1534227,25.36612837979371,0.3741896789518515,4.7832511911602325
Kolkata,2026-10-08 05:00:00,1,25.95912794087205,0.041377,2.9122393,26.118994158777664,0.3934650888970088,3.567857233467129
Kolkata,2026-10-08 06:00:00,1,26.24506105493894,0.0733952,3.3724031,26.52861324116643,0.6322730304104467,4.442711130307899
Kolkata,2026-10-08 07:00:00,1,27.2971518028482,0.0733952,3.8814595,27.58572614735014,0.4870254660058891,4.938132275991611
Kolkata,2026-10-08 08:00:00,1,28.45986154013846,0.149812,5.2284402,28.52648114358397,0.42093052754601684,5.857537584758259
Kolkata,2026-10-08 09:00:00,1,29.45897504102496,0.2009344,6.5862374,29.513590689317322,0.34847533660039104,6.2220268977552955
Kolkata,2026-10-08 10:00:00,1,30.324053175946823,0.1589994,6.8795187,30.44203041708866,0.35457328046844416,5.817261555057341
Kolkata,2026-10-08 11:00:00,1,30.98354401645598,0.1589994,7.329226799999999,31.146461770782683,0.42924274035588056,5.893514920573884
Kolkata,2026-10-08 12:00:00,1,31.28407661592338,0.167234,7.6434522,30.933680498003653,0.6054242878376981,6.400790608892647
Kolkata,2026-10-08 13:00:00,1,30.95573694426305,0.2843274,8.001325399999999,30.48390593112641,0.7808460923288525,6.694059987871681
Kolkata,2026-10-08 14:00:00,1,30.39011380988619,0.4049424,7.931847800000001,29.80913083040623,0.687838982758036,6.552435373765083
Kolkata,2026-10-08 15:00:00,1,29.58446291553708,0.7617118,7.189895900000001,28.93496591408239,0.83130563282673,6.713621439118156
Kolkata,2026-10-08 16:00:00,1,28.31899428100572,1.1635832000000002,8.1072618,28.160138830258887,0.9622332727643159,6.445752999359279
Kolkata,2026-10-08 17:00:00,1,27.184810215189785,0.5237158000000001,8.1336532,27.50001827179495,0.6719146276180048,6.091226353241256
Kolkata,2026-10-08 18:00:00,1,26.44058795941204,0.6118899999999999,8.5243047,26.55943200514321,0.4040589539760747,7.829591946383723
Kolkata,2026-10-08 19:00:00,1,25.787710812289184,1.3246476,6.9772445,25.88028112493489,0.7994251505313374,6.730023667026602
Kolkata,2026-10-08 20:00:00,1,25.35364544635455,0.6003676,5.457371199999999,25.44175852002628,0.8533112738772923,5.950539888335854
Kolkata,2026-10-08 21:00:00,1,24.969425530574465,0.4557952,5.760768799999999,25.072261825132642,0.6531053477130351,5.570450188643382
Kolkata,2026-10-08 22:00:00,1,24.820819579180416,0.4585007999999999,5.2736237,24.90491907531219,0.3266778139821911,4.994497830756373
Kolkata,2026-10-08 23:00:00,1,24.72358007641992,0.0764168,4.8381302,24.907673352996376,0.42361115435711943,4.65834905501197
Kolkata,2026-10-09 00:00:00,2,24.55744015744015,0.1957341957341957,4.2506835,24.50759003500957,0.6070986049678259,5.002425404494015
Kolkata,2026-10-09 01:00:00,2,24.385162085162083,0.1423521423521423,3.8956735,24.306299995293934,0.49806626901415096,4.658662340905722
Kolkata,2026-10-09 02:00:00,2,24.231271031271028,0.0133210133210133,3.5332105,24.154532866236575,0.3215980059542186,4.330542041649911
Kolkata,2026-10-09 03:00:00,2,24.046522146522143,0.0,3.0946449000000005,23.95925998050833,0.2961031554321655,3.9796438841673187
Kolkata,2026-10-09 04:00:00,2,24.02176162176162,0.0,2.9353008000000003,23.907795036130267,0.26519378406223504,3.6733885841757914
Kolkata,2026-10-09 05:00:00,2,24.03044993044993,0.0,3.4094456,24.27782161708382,0.23879125504866935,4.104507721413417
Kolkata,2026-10-09 06:00:00,2,24.498695198695195,0.0133210133210133,3.7122017,24.75440327773796,0.28147241636553827,4.509705335158604
Kolkata,2026-10-09 07:00:00,2,25.42244742244742,0.0,3.700804,25.702103903103563,0.2572688497480277,4.516798984922024
Kolkata,2026-10-09 08:00:00,2,26.42279692279692,0.2847042847042847,4.1063691,26.935292157735415,0.5680618824664643,5.105359440710132
Kolkata,2026-10-09 09:00:00,2,27.66172376172376,0.2135282135282135,3.7121193,28.23617276513035,0.3261118503420979,4.617203748981119
Kolkata,2026-10-09 10:00:00,2,28.75433755433755,0.0355880355880355,3.8293806,29.310552546069395,0.09993750521404685,4.419515611926295
Kolkata,2026-10-09 11:00:00,2,29.68369428369428,0.0,4.1852221,30.2251132140105,0.09066200695206779,4.49321234027766
Kolkata,2026-10-09 12:00:00,2,30.401571201571198,0.0,4.6539024,30.95137633546294,0.12583726671682746,4.75862589183722
Kolkata,2026-10-09 13:00:00,2,30.73086673086673,0.0355880355880355,5.3184024,31.278337098832445,0.13082401502019014,4.956701446604654
Kolkata,2026-10-09 14:00:00,2,30.64161174161174,0.0519655519655519,4.9242935,30.501126118899187,0.12412290205042294,4.458621721673618
Kolkata,2026-10-09 15:00:00,2,30.23055973055973,0.0163775163775163,4.2250179,30.112353745119467,0.0864849321702457,3.693323489868714
Kolkata,2026-10-09 16:00:00,2,29.492218892218887,0.0327550327550327,3.7348551,29.400160002143974,0.10304317177972419,3.420803359535454
Kolkata,2026-10-09 17:00:00,2,28.82738072738072,0.0163775163775163,2.9843498,28.809109745158985,0.08756766723381945,3.3034125746458933
Kolkata,2026-10-09 18:00:00,2,28.22455702455702,0.0163775163775163,2.5403246,28.04823979620967,0.07946423123956474,3.0653627873245624
Kolkata,2026-10-09 19:00:00,2,27.80511500511501,0.0,2.5677903,27.69445969111381,0.11568409944298835,2.8912964365937754
Kolkata,2026-10-09 20:00:00,2,27.439801239801238,0.0,2.7883478,27.39523472450996,0.12508317025149432,3.170351098172327
Kolkata,2026-10-09 21:00:00,2,27.04985144985145,0.0163775163775163,3.0247174,27.01467971222233,0.16558802604485448,3.5327254188730723
Kolkata,2026-10-09 22:00:00,2,26.65700785700785,0.0,2.8101542000000004,26.65145828597464,0.20149837246971958,3.2413761048354655
Kolkata,2026-10-09 23:00:00,2,26.28369398369398,0.0,2.6604414,26.565791578347525,0.2974560933579013,3.2431919500055844
Kolkata,2026-10-10 00:00:00,3,25.9744769,0.0,2.5267325732674264,25.883507271199342,0.34365284076232444,3.3023295304186053
Kolkata,2026-10-10 01:00:00,3,25.6101466,0.0,2.662929637070363,25.511269811062437,0.32085982902912774,3.585100612425237
Kolkata,2026-10-10 02:00:00,3,25.3031215,0.0,2.6863212136787857,25.172793069537633,0.3171366741698228,3.6506895766062524
Kolkata,2026-10-10 03:00:00,3,25.0028199,0.0,2.259682240317759,24.862385782368012,0.32173967916710405,3.294419158868698
Kolkata,2026-10-10 04:00:00,3,24.7854839,0.0,2.549721350278649,24.650237872629205,0.3070278636756838,3.7013769207027725
Kolkata,2026-10-10 05:00:00,3,24.7403346,0.0,2.5947398052601947,24.828200806317057,0.2780619908922804,3.746688385848368
Kolkata,2026-10-10 06:00:00,3,25.2128453,0.0188793188793188,2.6589810410189583,25.331446276963348,0.3131292201828662,3.7901930906196615
Kolkata,2026-10-10 07:00:00,3,26.2635759,0.0188793188793188,2.9356065643934346,26.404777478276912,0.27421543963426315,4.111389389765746
Kolkata,2026-10-10 08:00:00,3,27.6453842,0.0188793188793188,3.1229754770245224,28.148220999668847,0.09631883521051304,4.081184066882918
Kolkata,2026-10-10 09:00:00,3,28.997102700000003,0.0554079554079554,3.89003730996269,29.485650718496665,0.27693523380730467,4.5668993394618616
Kolkata,2026-10-10 10:00:00,3,29.9951056,0.0734093734093734,4.236003463996535,30.462343468937238,0.29992485019632464,3.9216097451730523
Kolkata,2026-10-10 11:00:00,3,30.7562828,0.0554079554079554,5.0772043227956765,30.989703998355623,0.3857527914576577,4.2958886205552815
Kolkata,2026-10-10 12:00:00,3,31.1861113,0.0642477642477642,5.797187202812796,31.19522545389662,0.36657036198080817,4.953695795778871
Kolkata,2026-10-10 13:00:00,3,31.2996003,0.0642477642477642,5.964535935464063,31.192707624546447,0.3208886177637202,5.206374130353343
Kolkata,2026-10-10 14:00:00,3,31.123334300000003,0.0642477642477642,6.197533202466797,30.856115008727127,0.17761919109140642,5.449348207234739
Kolkata,2026-10-10 15:00:00,3,30.6764075,0.1686059686059685,6.251735448264551,30.311196257093897,0.29309724587495534,5.4625784653612595
Kolkata,2026-10-10 16:00:00,3,30.072113,0.1686059686059685,5.839012060987939,29.77991227357959,0.2871769437486519,4.93707806476205
Kolkata,2026-10-10 17:00:00,3,29.291502699999995,0.1686059686059685,4.920874679125321,29.30142073620823,0.2977313740055314,3.986454800337217
Kolkata,2026-10-10 18:00:00,3,28.6488149,0.0,4.469729130270869,28.40751324874879,0.12969938946977702,4.14743993521797
Kolkata,2026-10-10 19:00:00,3,28.1882953,0.0,4.253130746869252,28.02589825368311,0.13845363010290687,4.210491779248973
Kolkata,2026-10-10 20:00:00,3,27.764969800000003,0.0,4.243470956529043,27.628990550018866,0.1454077120070881,4.312504037781567
Kolkata,2026-10-10 21:00:00,3,27.3398404,0.0,4.203639696360304,27.243495534568076,0.12422918348761752,4.204590358576023
Kolkata,2026-10-10 22:00:00,3,26.8730514,0.0,4.048769251230748,26.88870530391739,0.18600291737054905,4.332407017316545
Kolkata,2026-10-10 23:00:00,3,26.519209399999998,0.0,3.912274687725312,26.83038395852991,0.24766934705672344,4.221475651376111
Kota,2026-10-08 00:00:00,1,26.0573611,0.0,6.122829477170521,26.23105733842047,0.035738886579925515,6.028543108997043
Kota,2026-10-08 01:00:00,1,25.5805163,0.0,6.674228425771574,25.754212538420468,0.03749013233777616,6.3382858270823155
Kota,2026-10-08 02:00:00,1,24.9597687,0.0,6.866996433003566,25.131785838901695,0.037592141677720035,6.311548485774624
Kota,2026-10-08 03:00:00,1,24.377268,0.0,6.416721783278215,24.545979329050375,0.042559186080664606,5.911667652285752
Kota,2026-10-08 04:00:00,1,24.0918289,0.0,6.192151507848491,24.19446415732491,0.03730823893328671,5.878741183022857
Kota,2026-10-08 05:00:00,1,24.1959154,0.0,5.864787835212163,24.42818804254007,0.03817575035794165,5.754796768883418
Kota,2026-10-08 06:00:00,1,24.1740935,0.0,5.773437226562773,24.442352114099446,0.03949563597333124,5.753321573035115
Kota,2026-10-08 07:00:00,1,25.374838,0.0,5.943421056578943,25.675019686754915,0.04963031790410394,5.7778949317615185
Kota,2026-10-08 08:00:00,1,27.727939700000004,0.0,6.504104495895504,28.312709868258572,0.0399517484211599,5.908131012677071
Kota,2026-10-08 09:00:00,1,30.1248876,0.0,7.797262602737396,30.14139245134762,0.03703027186868429,6.375316808495818
Kota,2026-10-08 10:00:00,1,32.2418258,0.0,9.197012502987494,32.27013194866405,0.03638593597364065,7.585061640763312
Kota,2026-10-08 11:00:00,1,34.032354899999994,0.0,9.675577724422274,33.86287585450496,0.03644586874707945,8.166030426011336
Kota,2026-10-08 12:00:00,1,35.1418491,0.0,9.949802750197248,34.54734066802636,0.035642239298799006,8.417045744578017
Kota,2026-10-08 13:00:00,1,35.8067511,0.0,10.259073640926356,35.086987740385226,0.03488118853114955,8.786990786848804
Kota,2026-10-08 14:00:00,1,35.9981837,0.0,10.27213232786767,35.16418401578628,0.033345355908267704,8.586615764632214
Kota,2026-10-08 15:00:00,1,35.8069107,0.0,9.82222307777692,34.94116390197392,0.03488106835300189,8.083485594290998
Kota,2026-10-08 16:00:00,1,35.1292099,0.0,8.353521046478953,34.090536369381276,0.03651357042188217,6.555968891221372
Kota,2026-10-08 17:00:00,1,33.4670402,0.0,6.174801725198273,32.99469163173004,0.04057201880988748,4.922966174711947
Kota,2026-10-08 18:00:00,1,31.6870282,0.0,6.152302947697052,31.028786317770354,0.03939452413192886,4.768540724305304
Kota,2026-10-08 19:00:00,1,30.4748972,0.0,6.58090851909148,30.02895939687782,0.03623131971222163,5.402617155255276
Kota,2026-10-08 20:00:00,1,29.1295757,0.0,7.105294194705804,28.690530464004528,0.03631720329455087,6.206278844801843
Kota,2026-10-08 21:00:00,1,28.0523247,0.0,7.357198442801556,27.96246385562451,0.03705697366125478,6.613360714016101
Kota,2026-10-08 22:00:00,1,27.083903,0.0,7.360548739451259,27.089899823894807,0.038244422890023284,6.764374478971331
Kota,2026-10-08 23:00:00,1,26.3336629,0.0,7.406022793977205,26.68829438860409,0.044650289758741114,6.747752160371078
Kota,2026-10-09 00:00:00,2,25.8224654,0.0,7.303181400000001,25.993903850986122,0.04197849179229426,6.756273887940407
Kota,2026-10-09 01:00:00,2,25.2128734,0.0,7.595902600000001,25.327189422505164,0.04343927156510124,6.990091509630449
Kota,2026-10-09 02:00:00,2,24.713876,0.0,7.8676747,24.818964045991777,0.042929184319820776,7.239724218062072
Kota,2026-10-09 03:00:00,2,24.2748126,0.0,8.1706671,24.37659483614046,0.042929184319820776,7.5289688955599035
Kota,2026-10-09 04:00:00,2,23.947571600000003,0.0,8.4247081,24.04935383614046,0.042298417205568095,7.647340569402438
Kota,2026-10-09 05:00:00,2,23.814536,0.0,8.5093191,24.051197482977575,0.04217746932631328,7.734958167751298
Kota,2026-10-09 06:00:00,2,24.0201364,0.0,8.3760371,24.256797882977573,0.05563593316635324,7.593200242998695
Kota,2026-10-09 07:00:00,2,25.236224,0.0,7.413616200000001,25.498926115041552,0.09547953718039182,6.518710757049996
Kota,2026-10-09 08:00:00,2,27.609884800000003,0.0,8.0932631,28.009646705294717,0.0715477627615753,6.322822495919886
Kota,2026-10-09 09:00:00,2,29.963067,0.0,9.2092155,29.894567419630732,0.04070114522460588,6.864626542919099
Kota,2026-10-09 10:00:00,2,32.2033544,0.0,10.414332399999996,32.21389223525879,0.037971695137887534,7.784692392543937
Kota,2026-10-09 11:00:00,2,34.060026,0.0,11.3719457,33.86880920037651,0.03764861330982614,8.840358785396743
Kota,2026-10-09 12:00:00,2,35.192370600000004,0.0,11.6526537,34.5473159550895,0.03633054392062087,9.378437227966353
Kota,2026-10-09 13:00:00,2,35.7932596,0.0,11.7452333,35.083328650043455,0.03544584630066215,10.024865260928797
Kota,2026-10-09 14:00:00,2,35.954257600000005,0.0,11.2052381,35.09496971087582,0.03562887280192345,9.569636180479295
Kota,2026-10-09 15:00:00,2,35.712136599999994,0.0,10.0669969,34.85681134861787,0.03651357042188217,8.511902168910776
Kota,2026-10-09 16:00:00,2,34.9912992,0.0,8.2344032,33.93474519332932,0.03780081158243123,6.699264483319752
Kota,2026-10-09 17:00:00,2,33.1127702,0.0,5.7122456,32.76140833656942,0.03729518640306773,4.493573127662498
Kota,2026-10-09 18:00:00,2,30.9133952,0.0,4.8046755,30.481284333278765,0.04210996413786658,4.013513776294145
Kota,2026-10-09 19:00:00,2,29.477773400000004,0.0,5.6796251,29.051013487272975,0.03631838701438903,4.913157232704507
Kota,2026-10-09 20:00:00,2,28.2559474,0.0,7.0314965,28.06478265841621,0.037764790491508625,6.384928635278751
Kota,2026-10-09 21:00:00,2,27.072754000000003,0.0,7.8897246,27.087196302576565,0.04512642771429451,7.543850847798584
Kota,2026-10-09 22:00:00,2,26.184488,0.0,8.1317633,26.238237128241046,0.046985114014520483,7.876009503616446
Kota,2026-10-09 23:00:00,2,25.5430378,0.0,8.4392336,25.89758186348738,0.0490878807133267,8.078817949753235
Kota,2026-10-10 00:00:00,3,24.94253435746564,0.0,8.21438,25.11770215569816,0.04489024743539614,8.01149837760971
Kota,2026-10-10 01:00:00,3,24.384735315264685,0.0,7.970024799999999,24.559903113497207,0.03820064560267815,7.81805408849736
Kota,2026-10-10 02:00:00,3,23.95096444903555,0.0,7.5499785,24.11148381518861,0.03427414602336039,7.417283566319745
Kota,2026-10-10 03:00:00,3,23.64128815871184,0.0,7.311933999999999,23.7430703948523,0.03368801591704052,6.941352808852495
Kota,2026-10-10 04:00:00,3,23.36202343797656,0.0,6.9885669,23.46380567411702,0.04039487552023103,6.555163693205036
Kota,2026-10-10 05:00:00,3,23.293497306502687,0.0,6.510964400000001,23.534494098516166,0.04068920321439802,5.873086192632977
Kota,2026-10-10 06:00:00,3,23.51418248581751,0.0,6.1219636,23.782441099916955,0.09485734451421052,5.741039374484456
Kota,2026-10-10 07:00:00,3,24.9029476970523,0.0,4.2691843,25.174126529521427,0.10497678507943554,4.158012714094793
Kota,2026-10-10 08:00:00,3,27.194655105344893,0.0,4.9892729,27.81479648080728,0.09281155276990034,4.583201979241001
Kota,2026-10-10 09:00:00,3,29.57837372162628,0.0,5.2372755,29.440875856115326,0.06445071891469793,4.669582619771956
Kota,2026-10-10 10:00:00,3,31.661203738796253,0.0,5.542803,31.74595555858855,0.04296843740007105,4.521656996701359
Kota,2026-10-10 11:00:00,3,33.36293283706716,0.0,5.9763915,33.20740625706945,0.0444905189978366,5.010320379800073
Kota,2026-10-10 12:00:00,3,34.52770377229622,0.0,6.5244337,34.013944863464324,0.03860122853637333,5.362358396565881
Kota,2026-10-10 13:00:00,3,35.3111413888586,0.0,6.2967024,34.653842977200405,0.04058111236373989,5.201827135595619
Kota,2026-10-10 14:00:00,3,35.59107050892949,0.0,5.909491699999999,34.68160172438498,0.04021875014703173,4.903508825232638
Kota,2026-10-10 15:00:00,3,35.27150282849716,0.0,5.31813,34.2942817170419,0.040080721822884816,4.612461779887971
Kota,2026-10-10 16:00:00,3,34.47111022888977,0.0,4.5076946,33.917677825315344,0.03748062394667424,4.133676121212995
Kota,2026-10-10 17:00:00,3,33.0066957933042,0.0,4.4655609,32.678985000337356,0.03774306637917193,4.301919033128807
Kota,2026-10-10 18:00:00,3,31.16497423502576,0.0,5.3091223,30.61419445295396,0.03984240410803305,4.683137239032336
Kota,2026-10-10 19:00:00,3,29.68506981493018,0.0,6.2809234,29.213240920739864,0.03742475717494179,5.26328260817977
Kota,2026-10-10 20:00:00,3,28.42688887311112,0.0,7.039234199999999,28.18661785197572,0.03863989524124909,6.081417959064366
Kota,2026-10-10 21:00:00,3,27.488070811929187,0.0,7.560094599999999,27.437953287731442,0.047539195158689554,6.688579919062216
Kota,2026-10-10 22:00:00,3,26.613722186277805,0.0,8.2847909,26.679790891979128,0.041871215190653406,7.525010590402475
Kota,2026-10-10 23:00:00,3,25.94526225473774,0.0,8.5119623,26.309691033581238,0.04159011201644046,8.086739872944591
Lucknow,2026-10-08 00:00:00,1,23.208182491817503,0.0,4.547988947988948,23.308185647406034,0.049917236016564635,4.428202456168839
Lucknow,2026-10-08 01:00:00,1,22.909678290321708,0.0,4.095122595122595,23.00968144591024,0.056037964686700345,3.936339166707541
Lucknow,2026-10-08 02:00:00,1,22.77123202876797,0.0,3.1426010426010427,22.84291434773386,0.07089326496203131,3.082204601427638
Lucknow,2026-10-08 03:00:00,1,22.72926447073553,0.1427590572409427,3.424711324711325,22.815747100242604,0.16703974258173565,2.6865895642398745
Lucknow,2026-10-08 04:00:00,1,22.848965451034545,0.1546556453443547,2.871335071335072,22.899028647505386,0.15302917430322663,2.5653646545114492
Lucknow,2026-10-08 05:00:00,1,22.92994627005373,0.0389129610870389,2.114294914294914,23.00921716671382,0.10002554729829218,2.538677363716657
Lucknow,2026-10-08 06:00:00,1,23.060166839833155,0.063026236973763,2.331637331637332,23.15253933326472,0.14389949921843243,2.5711651561434863
Lucknow,2026-10-08 07:00:00,1,23.741869858130137,0.1310978689021311,2.951909851909852,23.88172693179093,0.20992443645052306,3.127956490675656
Lucknow,2026-10-08 08:00:00,1,24.65770574229425,0.0557235442764557,4.1374455374455374,25.286906657678347,0.13140070538205917,3.8653385284919377
Lucknow,2026-10-08 09:00:00,1,25.477085022914977,0.5016432983567017,5.383718383718383,26.20271792079195,0.5153951057307133,4.943245886071608
Lucknow,2026-10-08 10:00:00,1,26.160126839873158,0.4116635883364117,5.211083411083411,26.973823220402863,0.3459588535810947,4.7013341289542865
Lucknow,2026-10-08 11:00:00,1,26.64185495814504,0.4481249518750482,4.518785318785319,27.465211851823035,0.45090427473452543,3.872716316604205
Lucknow,2026-10-08 12:00:00,1,27.271732628267365,0.1682961317038683,4.778802278802279,28.126265951211444,0.3098330726159526,4.396476670111005
Lucknow,2026-10-08 13:00:00,1,27.61894258105741,0.2013286986713013,5.513394713394714,28.393266698693907,0.3089203372139636,4.922326273869019
Lucknow,2026-10-08 14:00:00,1,27.721225178774816,0.3072839927160073,5.123743623743623,28.37870176617509,0.3887494691632224,4.689457141373625
Lucknow,2026-10-08 15:00:00,1,27.857022842977152,0.0,4.71980581980582,27.956095959670485,0.0772847582719219,4.2816674281207465
Lucknow,2026-10-08 16:00:00,1,27.757674742325253,0.0,4.24017224017224,27.864096365129903,0.10464204979160527,3.948080219137423
Lucknow,2026-10-08 17:00:00,1,27.28352591647408,0.0,4.336407936407936,27.418494743132804,0.09121896850815521,3.8778221602078675
Lucknow,2026-10-08 18:00:00,1,26.546606453393544,0.0972824027175972,4.1330344330344335,26.584373861343366,0.17824331428198598,3.9736671909744627
Lucknow,2026-10-08 19:00:00,1,25.75462654537345,0.0389129610870389,4.180073180073181,25.78161746664175,0.11002019893530235,4.174357289143524
Lucknow,2026-10-08 20:00:00,1,25.15974984025016,0.0,4.163595163595164,25.068091284065073,0.05650802462493445,4.113809470736411
Lucknow,2026-10-08 21:00:00,1,24.59276170723829,0.0194564805435194,3.915251615251616,24.497234313984052,0.0884622205752687,3.903435575042779
Lucknow,2026-10-08 22:00:00,1,24.1050788949211,0.0194564805435194,4.087806287806289,24.020549950379486,0.10656291621559119,4.064537288769385
Lucknow,2026-10-08 23:00:00,1,23.69080790919209,0.0,4.402778902778903,23.841298334108444,0.06138556018105138,4.3112611102156935
Lucknow,2026-10-09 00:00:00,2,23.4014835,0.0,4.156787199999999,23.50671095158664,0.06329005311555734,4.176538179317368
Lucknow,2026-10-09 01:00:00,2,23.0581448,0.0,3.8438079,23.16337225158664,0.07004237123989138,3.812368360694948
Lucknow,2026-10-09 02:00:00,2,22.8195274,0.0,3.7950869,22.921604192255813,0.06658564152542847,3.7751888212707834
Lucknow,2026-10-09 03:00:00,2,22.593975300000004,0.0,3.6257954,22.6970815914404,0.0850634843253479,3.643672721791589
Lucknow,2026-10-09 04:00:00,2,22.4127836,0.0,3.5236571,22.508825834541085,0.07938378670346319,3.74743651199198
Lucknow,2026-10-09 05:00:00,2,22.3580524,0.0,3.5979451,22.628902814539273,0.07185424292852026,3.749656327987449
Lucknow,2026-10-09 06:00:00,2,22.694812700000004,0.0,3.2324507,22.961442782511714,0.08103523128367474,3.562833582608827
Lucknow,2026-10-09 07:00:00,2,23.709675,0.0,3.1063708,23.97660853063792,0.08474192526068747,3.569289555506448
Lucknow,2026-10-09 08:00:00,2,25.196196200000003,0.0,3.7841757,25.735116547219825,0.0678532075662535,4.233957541749211
Lucknow,2026-10-09 09:00:00,2,26.6008346,0.0704953295046704,4.0796747,27.18048103249876,0.13474434956774906,4.502544775765692
Lucknow,2026-10-09 10:00:00,2,27.6849762,0.0351233648766351,5.483910099999999,28.357595188009793,0.11986106295536629,4.870283439704134
Lucknow,2026-10-09 11:00:00,2,28.453741200000003,0.3004130995869004,5.0710383000000006,29.120862061436238,0.18002696995766126,4.599914109305919
Lucknow,2026-10-09 12:00:00,2,29.1486839,0.0174373825626174,5.210107799999999,29.79742017190527,0.105384064400195,4.4987883323821745
Lucknow,2026-10-09 13:00:00,2,29.644099300000004,0.0174373825626174,5.471355099999999,30.285012440302506,0.10436818378223685,4.294664882656915
Lucknow,2026-10-09 14:00:00,2,29.8531401,0.0174373825626174,5.9507885,30.434925341000948,0.11128359150079575,4.752035064721403
Lucknow,2026-10-09 15:00:00,2,29.4294827,0.1768598231401768,6.213706,29.491228085520174,0.21886723013443882,5.132186332579188
Lucknow,2026-10-09 16:00:00,2,29.061012,0.0,5.412153399999999,29.06191363683705,0.06922673204048001,4.738061881264363
Lucknow,2026-10-09 17:00:00,2,28.1234566,0.0,5.034356,28.214078534455112,0.07703005390955883,4.599603998182883
Lucknow,2026-10-09 18:00:00,2,27.256849700000004,0.0,5.5652448,27.11286115425419,0.06780314467594485,5.0382819084270976
Lucknow,2026-10-09 19:00:00,2,26.5537735,0.0,5.5514192,26.4586411611923,0.05748595021641791,5.010843103846435
Lucknow,2026-10-09 20:00:00,2,25.8709003,0.0,5.6442106,25.920136380103642,0.05860297039384869,5.149635511064134
Lucknow,2026-10-09 21:00:00,2,25.2689418,0.0,5.9859855,25.209714749038916,0.06456994064396902,5.452966672583312
Lucknow,2026-10-09 22:00:00,2,24.7101066,0.0,6.198816999999999,24.64746340988822,0.06561657541805013,5.76894591071505
Lucknow,2026-10-09 23:00:00,2,24.2190157,0.0,6.017436399999999,24.378269221843233,0.058900819231777056,5.671587324083413
Lucknow,2026-10-10 00:00:00,3,23.746868546868544,0.0,5.512338587661413,23.852095998455184,0.0638851865492225,5.15366930798154
Lucknow,2026-10-10 01:00:00,3,23.36375136375137,0.0,5.42895117104883,23.46897881533801,0.06620152183245036,5.030981999649953
Lucknow,2026-10-10 02:00:00,3,23.06694116694117,0.0,5.54913465086535,23.169017959196985,0.0695831742386779,5.194872938898089
Lucknow,2026-10-10 03:00:00,3,22.76799006799007,0.0,6.078979921020079,22.866761050394565,0.0671114423285904,5.851085755822057
Lucknow,2026-10-10 04:00:00,3,22.603863903863903,0.0,6.735623564376436,22.7026348862684,0.06841693217283898,6.41242292586723
Lucknow,2026-10-10 05:00:00,3,22.56067746067746,0.0,7.734711265288734,22.832035280853592,0.06655681881738089,7.3858859082916135
Lucknow,2026-10-10 06:00:00,3,22.73875693875694,0.042532,7.927625272374728,23.011896700219086,0.12002822993588383,7.490649558188811
Lucknow,2026-10-10 07:00:00,3,23.689647789647783,0.042532,8.917571682428317,23.96417935422076,0.10894360698632766,8.512819482480895
Lucknow,2026-10-10 08:00:00,3,25.067457867457865,0.042532,9.173855326144675,25.722850667784655,0.1067424001392142,8.45503540188246
Lucknow,2026-10-10 09:00:00,3,26.53131113131113,0.042532,9.41037548962451,27.279346863010307,0.11138927244110532,8.476527408420074
Lucknow,2026-10-10 10:00:00,3,27.85666725666725,0.042532,9.644170755829244,28.45858620604245,0.11607188552022364,8.428886968493691
Lucknow,2026-10-10 11:00:00,3,28.8976897976898,0.042532,9.12920967079033,29.45540241300873,0.12202993688297517,7.797964233077096
Lucknow,2026-10-10 12:00:00,3,29.49067509067509,0.0398593,8.408841891158108,29.380118234426565,0.12921947166082126,7.020898996081709
Lucknow,2026-10-10 13:00:00,3,29.9026221026221,0.0398593,7.436058663941337,29.780633564833472,0.1337080306463498,6.349553905337563
Lucknow,2026-10-10 14:00:00,3,30.087562487562483,0.0398593,6.793059306940694,29.696640202030995,0.13606665703304688,5.806689149791719
Lucknow,2026-10-10 15:00:00,3,29.88251948251948,0.0398593,6.352970247029754,29.44726009022835,0.14334298856301575,5.437549747300701
Lucknow,2026-10-10 16:00:00,3,29.322063822063814,0.0398593,6.318311581688419,28.7555827315056,0.14285283368234836,5.373555203552343
Lucknow,2026-10-10 17:00:00,3,28.453401853401854,0.0398593,6.348222751777249,27.89899869293754,0.12904484273281305,5.578936712150037
Lucknow,2026-10-10 18:00:00,3,27.45469015469015,0.0,5.872486327513673,27.238913398417402,0.07041627479652425,5.203998191460198
Lucknow,2026-10-10 19:00:00,3,26.634605434605437,0.0,5.617227882772118,26.520341173952378,0.07829442198072804,4.985972438761804
Lucknow,2026-10-10 20:00:00,3,25.960292660292662,0.0,5.767730232269768,25.922574416922536,0.07128500003862567,5.240403191637197
Lucknow,2026-10-10 21:00:00,3,25.36998726998727,0.0,5.824393975606025,25.34648437824191,0.06082996968301317,5.357500394865321
Lucknow,2026-10-10 22:00:00,3,24.826805826805824,0.0,6.075452024547976,24.767077486125203,0.0657134500993613,5.68504701037276
Lucknow,2026-10-10 23:00:00,3,24.320782420782415,0.0,6.391982708017292,24.463431994265548,0.05198644135397076,6.051970368573757
Ludhiana,2026-10-08 00:00:00,1,25.32514207485793,0.0,4.633313,25.502734717886174,0.033186930175422985,3.54952264170546
Ludhiana,2026-10-08 01:00:00,1,24.802378697621304,0.0,4.3521599,24.90977846245389,0.03419679628511013,3.305345749551944
Ludhiana,2026-10-08 02:00:00,1,24.319074980925024,0.0,4.5758481,24.421168372364814,0.033859872795223615,3.5849040887385044
Ludhiana,2026-10-08 03:00:00,1,23.884520015479985,0.0,4.872657899999999,23.983307597068457,0.036663693195354,3.958711630996549
Ludhiana,2026-10-08 04:00:00,1,23.591039208960797,0.0,5.629468200000001,23.68982679054927,0.03493616833854019,5.067548019522714
Ludhiana,2026-10-08 05:00:00,1,23.643749056250943,0.0,6.470586899999999,23.885549971336314,0.04345325443802854,5.78210225621065
Ludhiana,2026-10-08 06:00:00,1,23.61989068010932,0.0,7.0341848,23.896836704418483,0.040351539512701526,6.259486859433764
Ludhiana,2026-10-08 07:00:00,1,24.33329526670473,0.0,8.1234223,24.63196416311841,0.03035887659432,7.439748169212651
Ludhiana,2026-10-08 08:00:00,1,25.561619238380764,0.0,9.0921497,26.17051405434162,0.03359604486165109,7.777153289715532
Ludhiana,2026-10-08 09:00:00,1,27.01280998719001,0.0,9.2385898,27.615069587603827,0.02895798719341092,7.674494395821535
Ludhiana,2026-10-08 10:00:00,1,28.62037027962972,0.0,9.024260599999998,28.94269483396072,0.020936793194454007,7.267534429428245
Ludhiana,2026-10-08 11:00:00,1,30.044921255078748,0.0,7.8526785,30.32817692595324,0.019773744902934563,6.317383649808828
Ludhiana,2026-10-08 12:00:00,1,31.117623082376923,0.0361925638074362,6.2289038,31.056163523474787,0.08616994302894318,5.115311906211166
Ludhiana,2026-10-08 13:00:00,1,31.754539445460555,0.0361925638074362,4.3896958,31.54798391585301,0.08918490507570462,4.118494940953234
Ludhiana,2026-10-08 14:00:00,1,31.862847537152465,0.0438556561443438,4.044777,31.635016088686008,0.13519987093016456,4.47188470241301
Ludhiana,2026-10-08 15:00:00,1,31.38897901102099,0.0974973025026975,5.049481,31.763097471986757,0.07382735427655104,4.234430755881992
Ludhiana,2026-10-08 16:00:00,1,31.00951459048541,0.0201368798631201,5.6051562,31.334653187326673,0.06995006794942185,4.893994531896467
Ludhiana,2026-10-08 17:00:00,1,30.363089336910665,0.0201368798631201,5.758885200000001,30.697333421873296,0.06624022888451392,5.047288841085401
Ludhiana,2026-10-08 18:00:00,1,29.23749846250154,0.0,6.194630900000001,29.5492568435233,0.018376701972364566,4.923041853161828
Ludhiana,2026-10-08 19:00:00,1,28.093893506106497,0.0076630923369076,7.6286948,28.160896194460353,0.02653950317748711,5.9584873553879625
Ludhiana,2026-10-08 20:00:00,1,27.089607510392494,0.016055683944316,7.1272235,27.16478247385547,0.034829550714608026,5.657603886856866
Ludhiana,2026-10-08 21:00:00,1,26.41598488401512,0.016055683944316,7.036394100000001,26.516336656823114,0.04108230459149463,5.489883506354469
Ludhiana,2026-10-08 22:00:00,1,25.86524093475907,0.0,6.5621065,25.97058781943919,0.026758309177318553,5.14004629399021
Ludhiana,2026-10-08 23:00:00,1,25.35818544181456,0.0,5.2572018,25.99344221111511,0.024698987198394744,4.162653610668817
Ludhiana,2026-10-09 00:00:00,2,24.9119588,0.0,4.81093228906771,25.100250518368217,0.035936947843772035,4.456687595338235
Ludhiana,2026-10-09 01:00:00,2,24.565775400000003,0.0,4.216992683007317,24.726768101335715,0.03710800498866987,4.139972087621334
Ludhiana,2026-10-09 02:00:00,2,24.2085232,0.0,3.691606108393892,24.315840887437897,0.04373609744519062,3.590422771662203
Ludhiana,2026-10-09 03:00:00,2,23.9353516,0.0227615772384227,4.19037750962249,24.034139181588472,0.05747661477724139,4.01179130629578
Ludhiana,2026-10-09 04:00:00,2,23.8987179,0.0113807886192113,5.706448793551207,23.997505481588473,0.04855713253050874,4.751486082634721
Ludhiana,2026-10-09 05:00:00,2,23.8184313,0.0113807886192113,6.456611743388256,24.04635538062266,0.042438781765084324,5.411201198304359
Ludhiana,2026-10-09 06:00:00,2,23.5817489,0.0921314078685921,6.4849620150379845,23.827210364365254,0.23091530346597056,5.541813332871776
Ludhiana,2026-10-09 07:00:00,2,23.8926054,0.1108252891747108,7.055770644229356,24.15922082613233,0.23657847696484932,5.972531489881967
Ludhiana,2026-10-09 08:00:00,2,25.0001948,0.1108252891747108,8.575439424560575,25.581062564288523,0.24367565935955662,6.481842235440338
Ludhiana,2026-10-09 09:00:00,2,26.6515595,0.0741645258354741,9.386377213622788,27.376004999666865,0.21953471951310555,6.963358358465003
Ludhiana,2026-10-09 10:00:00,2,28.4428522,0.0554706445293554,9.45122964877035,29.15416530864407,0.19214405653451358,7.228795309350014
Ludhiana,2026-10-09 11:00:00,2,29.940631600000003,0.0554706445293554,9.061485038514965,30.289670065852704,0.16312557988589238,7.298801756330426
Ludhiana,2026-10-09 12:00:00,2,30.9710709,0.0,8.578190021809979,30.57841205660091,0.018986444480077008,7.067230213329705
Ludhiana,2026-10-09 13:00:00,2,31.8366756,0.0,7.535988464011536,31.498888445598578,0.019883589931994124,6.758959604489407
Ludhiana,2026-10-09 14:00:00,2,32.2219835,0.0,7.102118597881402,31.96715946035597,0.0196444481719131,6.813299814466983
Ludhiana,2026-10-09 15:00:00,2,32.2080318,0.0549911450088549,6.892726307273694,31.891081862364818,0.1775341727151569,6.794279100716806
Ludhiana,2026-10-09 16:00:00,2,31.4886055,0.1801798198201802,6.944649555350446,31.750615040368086,0.2433794830489111,6.060470702610504
Ludhiana,2026-10-09 17:00:00,2,29.6754058,0.2323413676586323,9.529293470706529,29.994930127132825,0.313966922838034,7.527001963616379
Ludhiana,2026-10-09 18:00:00,2,28.2557412,0.0,9.51913738086262,28.52173998839963,0.029373077071259548,6.679255718529517
Ludhiana,2026-10-09 19:00:00,2,27.5542996,0.0,10.23861356138644,27.625378263181116,0.028782946957569763,7.684740769612572
Ludhiana,2026-10-09 20:00:00,2,26.9100625,0.0,11.051458648541352,27.006500948705693,0.027608538920724682,8.497708044690597
Ludhiana,2026-10-09 21:00:00,2,26.2581684,0.0,11.24784465215535,26.37530994145884,0.028971790022145987,8.798298061502727
Ludhiana,2026-10-09 22:00:00,2,25.4990494,0.0,10.867581332418668,25.60535511904293,0.08331396945383755,8.874296373868248
Ludhiana,2026-10-09 23:00:00,2,24.8561747,0.0,10.829402370597627,25.332585947346885,0.10357347713068077,9.14240771566056
Ludhiana,2026-10-10 00:00:00,3,24.514581900000003,0.0363436,10.4329277,24.631272771718073,0.09414503297966559,9.089574818372427
Ludhiana,2026-10-10 01:00:00,3,24.063202300000004,0.0532633999999999,10.1741107,24.179893171718074,0.09523108069854327,9.14946051278836
Ludhiana,2026-10-10 02:00:00,3,23.822670100000003,0.0363436,10.5129098,23.93621031238725,0.12716594014736715,9.569876127432352
Ludhiana,2026-10-10 03:00:00,3,23.5029101,0.0532633999999999,10.1116247,23.613144502535928,0.06282041695324447,9.401855772498417
Ludhiana,2026-10-10 04:00:00,3,22.979137500000004,0.1209425999999999,9.685460400000002,23.084931318872602,0.14807307402566616,9.194417436995826
Ludhiana,2026-10-10 05:00:00,3,22.7732591,0.0572343,9.5262857,23.018720564365253,0.058885714054015596,8.943664890728915
Ludhiana,2026-10-10 06:00:00,3,22.7491061,0.181718,9.7076947,22.9947734893913,0.10878272596294032,8.568109552274368
Ludhiana,2026-10-10 07:00:00,3,23.2981633,0.1887684999999999,9.8297016,23.53623112121184,0.11962978817256875,8.919379988167908
Ludhiana,2026-10-10 08:00:00,3,24.386333200000003,0.2167097,11.1490911,25.218144632228668,0.1503154221483772,10.018911487091465
Ludhiana,2026-10-10 09:00:00,3,25.316323800000003,0.4531612,12.258698400000002,26.339588616474238,0.5687420591796706,11.115564295765184
Ludhiana,2026-10-10 10:00:00,3,26.146128900000004,0.4531612,13.0761304,27.144283591756878,0.6197752291105192,12.415894353864946
Ludhiana,2026-10-10 11:00:00,3,26.7857106,0.4320097,12.962237900000002,27.566200781970867,0.6385176552405707,12.944468373785874
Ludhiana,2026-10-10 12:00:00,3,27.769114500000004,0.058712,12.819140999999998,28.471283156264462,0.31885569475055303,12.176757409729548
Ludhiana,2026-10-10 13:00:00,3,28.65185390000001,0.058712,12.651265799999996,29.23824311508228,0.30927561286200056,11.431897142823834
Ludhiana,2026-10-10 14:00:00,3,29.120127300000004,0.0925516,12.1182849,29.733138375768025,0.28045113833158614,10.181165816748857
Ludhiana,2026-10-10 15:00:00,3,29.1649952,0.0181718,11.564110199999998,29.722764196641823,0.10430256633137686,9.711759359925487
Ludhiana,2026-10-10 16:00:00,3,28.8513223,0.0181718,10.510535399999998,29.21513184498814,0.05191665698866753,8.761682815356668
Ludhiana,2026-10-10 17:00:00,3,28.1889381,0.0181718,9.5374457,28.505607121963227,0.04976423156198219,7.551649506353881
Ludhiana,2026-10-10 18:00:00,3,27.07106240000001,0.0,8.5841125,27.329795181992672,0.028223222618560233,6.723595555426829
Ludhiana,2026-10-10 19:00:00,3,26.177506200000003,0.0,8.2959367,26.178208381643042,0.029810842415631665,6.501386258110169
Ludhiana,2026-10-10 20:00:00,3,25.1120781,0.0,8.588533100000001,25.120569751514573,0.02578224093767719,6.264009766222379
Ludhiana,2026-10-10 21:00:00,3,24.4703981,0.0,7.8002295,24.479130879287442,0.02556312404814467,6.29498047392182
Ludhiana,2026-10-10 22:00:00,3,23.968576,0.1001826,7.7598542,24.0002231323373,0.10383649979837949,6.683229274796442
Ludhiana,2026-10-10 23:00:00,3,23.6231432,0.0,7.8274481,24.106080531373607,0.025284711045469886,6.765817081427272
Madurai,2026-10-08 00:00:00,1,26.5820469,0.6170369829630171,5.752602547397453,27.295753055798347,0.6676088364560714,7.969412425189536
Madurai,2026-10-08 01:00:00,1,26.200079200000005,0.5526498473501527,5.277259222740778,26.92000533670172,0.7357331373231168,6.892671451565716
Madurai,2026-10-08 02:00:00,1,25.9801609,0.4186807813192187,5.229092870907129,26.71535368024123,0.505420523890099,6.575111198055744
Madurai,2026-10-08 03:00:00,1,25.788501,0.5493462506537494,5.056525543474458,26.524530946993934,0.6589435282158908,6.393595694672181
Madurai,2026-10-08 04:00:00,1,25.815749500000003,0.3342679657320342,4.5652191347808655,26.6152368172082,0.4136892573810932,5.921805373290253
Madurai,2026-10-08 05:00:00,1,25.9476582,0.3179306820693179,4.412739187260813,26.734298814484784,0.3875627962840205,5.703637277357796
Madurai,2026-10-08 06:00:00,1,26.1635931,0.035023964976035,4.251848448151552,27.494175774541453,0.09351514238890316,5.506324488031291
Madurai,2026-10-08 07:00:00,1,27.049962200000003,0.7412163587836413,5.2126410873589135,27.954469052892335,0.6891082328634984,7.0160380690454645
Madurai,2026-10-08 08:00:00,1,27.8451606,1.8493251506748491,6.529949070050931,28.508490658914717,1.9275686518174655,8.874947832869362
Madurai,2026-10-08 09:00:00,1,28.4734887,3.267942132057868,7.6247951752048255,29.129892278627445,0.9159341530781386,10.02959755447799
Madurai,2026-10-08 10:00:00,1,29.2698925,3.282756217243783,8.14924685075315,29.926031774713202,0.9610483644975534,10.23308763196345
Madurai,2026-10-08 11:00:00,1,30.5436711,1.3811784188215812,9.143891456108545,31.21680119626247,1.2794821666435272,10.462788562868822
Madurai,2026-10-08 12:00:00,1,30.5839744,0.9531876468123532,10.155800244199757,31.206926345874276,1.0072115601314156,11.411101290698577
Madurai,2026-10-08 13:00:00,1,31.0326802,0.1693863306136694,9.507732392267608,31.569210552973033,0.31767372178179526,10.242559263551088
Madurai,2026-10-08 14:00:00,1,30.8291073,0.4108476891523108,8.262730237269762,31.29668777871458,0.512794958650788,10.414465054922752
Madurai,2026-10-08 15:00:00,1,30.664575900000003,0.2014071985928014,7.346657953342047,30.87661970266135,0.39111698798158423,9.887900328006406
Madurai,2026-10-08 16:00:00,1,29.2978128,0.6885220114779885,9.636465563534436,29.427322107419748,0.9858176041969672,10.618795052401873
Madurai,2026-10-08 17:00:00,1,28.388060300000003,0.4022645977354023,7.424600075399924,28.870071026478758,0.6662056737799873,8.530604421799296
Madurai,2026-10-08 18:00:00,1,27.577917,0.8076819923180079,5.521613578386422,28.81321244852968,1.2806882495635725,6.825937209082843
Madurai,2026-10-08 19:00:00,1,27.2054855,0.5735728264271737,3.547867052132948,28.43349146135346,0.7980896877070895,5.041462981886911
Madurai,2026-10-08 20:00:00,1,26.8251676,0.1720504279495721,3.525164474835525,28.09660829246934,0.3363458944047677,4.867506242362637
Madurai,2026-10-08 21:00:00,1,26.4256987,0.2212830787169213,3.844849255150745,27.644949215901217,0.3815897222768795,5.284510624877102
Madurai,2026-10-08 22:00:00,1,25.9065197,0.7039146960853041,4.529143870856129,27.132839545852654,0.9657108706050432,5.761161245965151
Madurai,2026-10-08 23:00:00,1,25.590598,0.2212830787169213,4.128085371914628,27.02065030656716,0.38464213642030076,5.913267946403771
Madurai,2026-10-09 00:00:00,2,25.28707321292679,0.0,4.0280839,27.138986735867473,0.05893258787969668,5.943481214062322
Madurai,2026-10-09 01:00:00,2,25.109115890884105,0.0,4.0236485,26.950412710972902,0.05154354617891973,5.784738345513472
Madurai,2026-10-09 02:00:00,2,24.914804885195117,0.1831732831732831,4.3541407,25.865182648397127,0.22781205127350412,5.833856249495719
Madurai,2026-10-09 03:00:00,2,24.84324065675934,0.1498690498690498,4.4561551,25.730641420909606,0.20469911013725112,5.837793867612055
Madurai,2026-10-09 04:00:00,2,24.720377979622015,0.0499563499563499,4.2632258,25.703295736329906,0.1126829009946252,5.764460414072513
Madurai,2026-10-09 05:00:00,2,24.77231652768347,0.3829986829986829,3.6870541,25.699011230756252,0.726549133881135,5.304365047890191
Madurai,2026-10-09 06:00:00,2,25.22202487797512,0.1507109507109507,3.2459166,26.2834929293692,0.1916416810202284,4.811518863350516
Madurai,2026-10-09 07:00:00,2,26.273321526678476,0.0174940174940174,3.4888998,27.512997014266464,0.09298472128913374,5.382308807576782
Madurai,2026-10-09 08:00:00,2,27.729055670944327,0.0,4.022702000000001,28.624362376321002,0.049822520964923074,6.061808059988914
Madurai,2026-10-09 09:00:00,2,29.225384374615626,0.0166263166263166,4.3371143,29.989635939973745,0.08784175273017948,6.105726300246923
Madurai,2026-10-09 10:00:00,2,30.688537511462485,0.032025832025832,4.7452655,31.412409004064372,0.09597731038236043,6.436824512997534
Madurai,2026-10-09 11:00:00,2,31.540790859209142,0.032025832025832,4.990249599999999,32.70101844504227,0.09398261049770526,6.466744762070833
Madurai,2026-10-09 12:00:00,2,32.09044740955259,0.5285409285409285,5.464743,33.0506024238525,0.9864040839519859,7.66554103192592
Madurai,2026-10-09 13:00:00,2,31.85253074746925,0.5901389901389901,6.747035,32.516103759444064,1.1683627713709157,9.308786385818294
Madurai,2026-10-09 14:00:00,2,31.226393473606525,0.8495089495089496,7.949857199999999,31.65347004498903,1.2889075131817735,9.473125685556521
Madurai,2026-10-09 15:00:00,2,30.046991353008643,1.4264514264514263,8.0909667,30.073890961736296,1.596075094510227,9.947211713944052
Madurai,2026-10-09 16:00:00,2,29.07472992527007,1.2707964707964707,7.8825274,29.10966045543613,1.474387216653004,10.081438949820779
Madurai,2026-10-09 17:00:00,2,28.219355980644018,1.5215091215091212,6.807833199999999,28.698824201424294,2.3734593546728573,8.979330720771602
Madurai,2026-10-09 18:00:00,2,27.625429574570425,0.7239526239526239,4.667358999999999,28.734818103110797,1.0889107403503526,6.194180810159436
Madurai,2026-10-09 19:00:00,2,27.071001528998465,1.1248004248004246,4.4488837,28.276380810516052,1.6219955447603158,6.003094409203609
Madurai,2026-10-09 20:00:00,2,26.41703788296212,1.492476592476592,6.101891,27.488201162993235,2.2626829781027036,7.701317845710795
Madurai,2026-10-09 21:00:00,2,25.97407202592797,1.0074114074114071,4.4386134,27.09484892213821,1.603043717883318,6.211813598258329
Madurai,2026-10-09 22:00:00,2,25.678722821277177,0.6228615228615227,3.3629693,26.65117894604952,0.8891687890588812,4.770679891554433
Madurai,2026-10-09 23:00:00,2,25.44697305302694,0.8714244714244713,3.670176,26.57010138028863,1.0842221864577088,5.291341488792742
Madurai,2026-10-10 00:00:00,3,25.1860803,1.4106697106697108,3.8817478182521823,26.16585312773104,1.6815213434713723,5.586303139091863
Madurai,2026-10-10 01:00:00,3,24.7271004,1.7654653654653656,5.182265117734883,25.703201213559996,1.8638848062924653,6.193057419680109
Madurai,2026-10-10 02:00:00,3,24.5214042,0.6790130790130791,4.390763109236891,25.362139041413304,0.7926003565227329,6.012452838613783
Madurai,2026-10-10 03:00:00,3,24.3824107,0.198048898048898,4.130750369249631,25.245460839308162,0.42467961373740826,5.711438674491254
Madurai,2026-10-10 04:00:00,3,24.243021,0.1640972640972641,4.241973158026843,25.150210627915108,0.28365356985954776,5.777686003972093
Madurai,2026-10-10 05:00:00,3,24.323363000000004,0.1301456301456301,4.388208711791289,25.255617785336216,0.22105223435049356,5.716472620639004
Madurai,2026-10-10 06:00:00,3,24.7170392,0.0323398323398323,3.715885784114216,25.94465902745638,0.15053650400166746,5.044791603692317
Madurai,2026-10-10 07:00:00,3,25.9379381,0.0323398323398323,2.85992804007196,27.08714081932925,0.1877107122406782,4.090546267263067
Madurai,2026-10-10 08:00:00,3,27.722186800000003,0.0323398323398323,3.706162593837407,28.47173533306385,0.20191725256628795,5.279370747433827
Madurai,2026-10-10 09:00:00,3,29.3747702,0.0332762332762332,5.281734418265582,30.293140436023883,0.10111906756999481,6.31572114397326
Madurai,2026-10-10 10:00:00,3,30.722566200000003,0.0332762332762332,6.05862224137776,31.62455668679156,0.09993726156715471,7.119569680021504
Madurai,2026-10-10 11:00:00,3,31.8396391,0.0502520502520502,7.418600181399819,32.58440724859945,0.12798616266147086,8.305376070225435
Madurai,2026-10-10 12:00:00,3,32.700273700000004,0.0,8.294101305898696,33.259577276385265,0.04462312101890106,8.863195289186123
Madurai,2026-10-10 13:00:00,3,33.3536703,0.0,8.830665669334332,33.91419414103768,0.04462312101890106,7.381150056144132
Madurai,2026-10-10 14:00:00,3,33.3934201,0.0339516339516339,9.235770264229735,33.87699263894824,0.10752134700518345,7.664027462714152
Madurai,2026-10-10 15:00:00,3,32.918602,0.0323398323398323,9.03997136002864,33.29558015947045,0.1943310182506539,7.76570775791266
Madurai,2026-10-10 16:00:00,3,32.185809400000004,0.0323398323398323,8.974911825088176,32.648417926993766,0.17308414223521734,8.199377139972423
Madurai,2026-10-10 17:00:00,3,31.302987,0.0493156493156493,8.151973948026054,32.41470548059576,0.20289826249023737,9.113088926622742
Madurai,2026-10-10 18:00:00,3,29.9562741,0.0682899682899683,8.151010348989653,31.11012027228228,0.15092457785416702,9.231295844350244
Madurai,2026-10-10 19:00:00,3,28.6354815,0.4427803427803428,7.368698231301769,29.651942296328386,0.393975431181975,8.40845748769832
Madurai,2026-10-10 20:00:00,3,27.8710046,0.4243954243954244,6.45945424054576,28.862053627021908,0.47776411536207003,7.428537811498417
Madurai,2026-10-10 21:00:00,3,27.3572311,0.2683894683894684,5.542060657939343,28.424366533591172,0.359220333954574,6.452185897160938
Madurai,2026-10-10 22:00:00,3,26.8775839,0.0986312986312986,3.934569365430635,27.657131380315384,0.19490936258983835,5.333926573263424
Madurai,2026-10-10 23:00:00,3,26.304824,0.4551234551234551,3.458873541126459,27.3551038496547,0.7060952648111212,4.787085336773222
Mumbai,2026-10-08 00:00:00,1,29.052174,0.0,4.772202327797672,28.14061294766604,0.03609710381363782,4.223143238118651
Mumbai,2026-10-08 01:00:00,1,28.714336600000003,0.0,4.896109503890496,27.741343924411762,0.029192682811399265,4.406494393608329
Mumbai,2026-10-08 02:00:00,1,28.3440356,0.0,5.5028144971855015,27.323072299116966,0.02842708155042672,4.821343647636588
Mumbai,2026-10-08 03:00:00,1,27.991230400000003,0.0,5.67159572840427,27.067811827687652,0.030059018878354132,4.676953363228842
Mumbai,2026-10-08 04:00:00,1,27.69407200000001,0.0,5.535221764778234,26.768143890405486,0.03120778582498561,4.805199582167866
Mumbai,2026-10-08 05:00:00,1,27.593775200000003,0.0215561999999999,5.096904403095596,26.649880205715284,0.05240838689165343,4.674900373803348
Mumbai,2026-10-08 06:00:00,1,27.6322496,0.0,5.413506786493213,26.673961902395735,0.032232401820092946,4.831612262450868
Mumbai,2026-10-08 07:00:00,1,28.117617200000005,0.0,5.434896365103634,27.279368828168582,0.02700049725290536,4.750248552459643
Mumbai,2026-10-08 08:00:00,1,29.461533800000005,0.0,5.892907507092492,30.06542464062484,0.02517127223833288,4.649733386813946
Mumbai,2026-10-08 09:00:00,1,31.274936200000003,0.0,6.561911538088461,32.05466889754337,0.025327737881102125,4.847082412496576
Mumbai,2026-10-08 10:00:00,1,32.925296200000005,0.0,6.3982807017192975,33.564274992345744,0.025327737881102125,4.859471799194827
Mumbai,2026-10-08 11:00:00,1,34.3516242,0.0,5.636313763686235,34.2031343490532,0.02479103714924602,4.547821587242648
Mumbai,2026-10-08 12:00:00,1,35.282959000000005,0.0419847999999999,4.412102787897211,35.00863339876776,0.12545346098952112,4.171870492900911
Mumbai,2026-10-08 13:00:00,1,35.7006286,0.0419847999999999,3.541928458071541,35.417400160273154,0.19090318000301043,3.4618709028449217
Mumbai,2026-10-08 14:00:00,1,35.817858400000006,0.0419847999999999,6.04102705897294,35.12407027637908,0.1649533841350095,4.087171161190701
Mumbai,2026-10-08 15:00:00,1,35.34910020000001,0.0,8.950004849995148,34.56697823526072,0.02265921504426853,5.982804958391551
Mumbai,2026-10-08 16:00:00,1,34.484881200000004,0.0539035999999999,11.271144028855968,33.57814460229821,0.0718178716370253,7.857571640963473
Mumbai,2026-10-08 17:00:00,1,33.66073240000001,0.0134758999999999,11.438365361634638,32.77818182394384,0.03924556250926276,8.118493064104198
Mumbai,2026-10-08 18:00:00,1,32.8469404,0.0,11.236379363620635,31.559423966385964,0.021467879129511206,8.21231238873319
Mumbai,2026-10-08 19:00:00,1,32.0685938,0.0,10.937754062245936,31.117958854363327,0.021019566334462617,7.900699151500802
Mumbai,2026-10-08 20:00:00,1,31.451326400000003,0.0,10.046831453168547,30.739905743970102,0.020733967152268086,7.19088251184197
Mumbai,2026-10-08 21:00:00,1,31.0226282,0.0,7.884249415750583,30.309311778941474,0.020733967152268086,5.31015644562179
Mumbai,2026-10-08 22:00:00,1,30.5545466,0.0,6.841656958343041,30.229429388479865,0.020733967152268086,4.380202732351387
Mumbai,2026-10-08 23:00:00,1,30.101461400000005,0.0,5.988474811525187,29.856119068138756,0.020546107875619998,3.6207924728290304
Mumbai,2026-10-09 00:00:00,2,29.70623300623301,0.0,5.32958952958953,29.015626398104192,0.0342365280127302,3.261742380843473
Mumbai,2026-10-09 01:00:00,2,29.294222094222096,0.0,4.96041916041916,28.4244742779835,0.04371244941613596,3.6514918670008942
Mumbai,2026-10-09 02:00:00,2,28.88074248074248,0.0,4.895665295665295,27.891425616057013,0.05261902184977724,4.407589862181611
Mumbai,2026-10-09 03:00:00,2,28.36112076112076,0.0,5.066819766819767,27.372879199767368,0.041192943839863425,4.588590151027027
Mumbai,2026-10-09 04:00:00,2,27.87413617413618,0.0,4.888579988579988,26.920727699277442,0.035300193493624496,4.643464629500693
Mumbai,2026-10-09 05:00:00,2,27.5974046974047,0.0,4.747339447339448,26.7274931999848,0.03784693655584393,4.60651261677297
Mumbai,2026-10-09 06:00:00,2,27.638797138797145,0.0,5.127895127895128,26.718315345007362,0.0323341371574435,4.329153961524748
Mumbai,2026-10-09 07:00:00,2,28.15539455539456,0.0,5.075940775940775,27.37507926901205,0.03083154523924792,3.125127271885157
Mumbai,2026-10-09 08:00:00,2,29.486573586573588,0.0,5.150233250233249,30.091916212922452,0.02423917766303798,3.1799621320671116
Mumbai,2026-10-09 09:00:00,2,31.3003854003854,0.0,5.468932268932268,32.07186947735197,0.02433071296173054,3.5310270509765544
Mumbai,2026-10-09 10:00:00,2,33.04933184933185,0.0,5.257610757610757,33.53739481795983,0.023744128592035462,4.788331037385516
Mumbai,2026-10-09 11:00:00,2,34.40895690895691,0.0,4.851104451104451,34.254722930855415,0.027479153044017247,4.203163932047405
Mumbai,2026-10-09 12:00:00,2,35.348806248806255,0.0,4.299099399099399,35.29251577393676,0.027430617154713764,3.89947211542563
Mumbai,2026-10-09 13:00:00,2,35.81636611636612,0.0,4.363776663776663,35.711912327928204,0.02356884156868968,3.453887764175584
Mumbai,2026-10-09 14:00:00,2,35.95068025068025,0.0,6.246116146116145,35.403993392581256,0.023910530127218416,4.210525269502702
Mumbai,2026-10-09 15:00:00,2,35.60713410713411,0.0,9.022856922856922,34.81786372917005,0.02358991541518356,6.462549382563756
Mumbai,2026-10-09 16:00:00,2,34.503300903300904,0.0306216,11.554548954548952,33.723148453332925,0.04922168638629815,8.331863408934156
Mumbai,2026-10-09 17:00:00,2,33.58844718844719,0.0,12.249767349767346,32.78427301009922,0.022501728674649425,8.806718167769562
Mumbai,2026-10-09 18:00:00,2,32.54160004160004,0.0102072,11.936586136586136,31.431605789071263,0.031520629911840986,8.887078546281238
Mumbai,2026-10-09 19:00:00,2,31.64084764084764,0.0,9.789033189033187,30.885592983615602,0.021019566334462617,7.073701384435079
Mumbai,2026-10-09 20:00:00,2,30.951458951458957,0.0,8.128537828537828,30.217119398275315,0.020546107875619998,5.460347282763522
Mumbai,2026-10-09 21:00:00,2,30.44208344208344,0.0,6.487232487232486,29.77066341716753,0.020546107875619998,4.04613609844557
Mumbai,2026-10-09 22:00:00,2,30.071854871854875,0.0,5.213651013651012,29.705971112350625,0.021125049175591385,4.221457325852982
Mumbai,2026-10-09 23:00:00,2,29.690366890366896,0.0,4.62046722046722,29.42167792483908,0.025703793473670196,4.149398049358046
Mumbai,2026-10-10 00:00:00,3,29.287924412075583,0.0,4.7706864,28.56237940853042,0.026559901897264017,4.273353056290909
Mumbai,2026-10-10 01:00:00,3,28.880083319916675,0.0,4.5784807,28.12357088879194,0.031731318557796644,4.132527568817639
Mumbai,2026-10-10 02:00:00,3,28.46204323795676,0.0,4.1848468,27.618806157302163,0.037065944143887704,3.8571529946322434
Mumbai,2026-10-10 03:00:00,3,27.90761639238361,0.0,5.1295539,26.99823111132771,0.03685921329959658,4.146692415647465
Mumbai,2026-10-10 04:00:00,3,27.458785041214952,0.0,4.683031300000001,26.578502515480036,0.036125942986843865,2.799338750523866
Mumbai,2026-10-10 05:00:00,3,27.197606602393392,0.0,4.7197299,26.329001192329248,0.03545767271614897,2.810294259172785
Mumbai,2026-10-10 06:00:00,3,27.203196096803897,0.0,4.6959823,26.292493170388383,0.032442197020885265,2.74380857819365
Mumbai,2026-10-10 07:00:00,3,27.751286348713645,0.0,4.5551022,26.95752467281558,0.03297709659827254,2.551289360940815
Mumbai,2026-10-10 08:00:00,3,29.07918172081828,0.0,4.4471808,29.6555864789638,0.02416937516036109,3.181854336837028
Mumbai,2026-10-10 09:00:00,3,30.76115643884356,0.0,5.0815036,31.518367326421416,0.02433071296173054,3.099918555269926
Mumbai,2026-10-10 10:00:00,3,32.37312182687817,0.0,5.5296309,32.97688039889236,0.023744128592035462,3.6669847095406016
Mumbai,2026-10-10 11:00:00,3,33.62191757808242,0.0,5.85111,33.55962233457196,0.023548021233901668,3.7949437030895723
Mumbai,2026-10-10 12:00:00,3,34.47212682787317,0.0,5.6206632,34.53895826210637,0.028476177963388825,3.6845820539653324
Mumbai,2026-10-10 13:00:00,3,34.89231900768099,0.0,5.9517445,34.8125744849012,0.027972133476236564,4.132088695939645
Mumbai,2026-10-10 14:00:00,3,35.09899540100459,0.0,6.9321004,34.680861976487726,0.023457646164641147,4.671713819027358
Mumbai,2026-10-10 15:00:00,3,34.93828066171933,0.0,9.3299527,34.250485246797524,0.02377182815220923,6.2253793970553915
Mumbai,2026-10-10 16:00:00,3,34.210697189302806,0.0,12.311963199999996,33.37221695114558,0.026195626118827007,8.74982111516346
Mumbai,2026-10-10 17:00:00,3,33.3066798933201,0.0,13.4638535,32.375418913181626,0.025990073411131655,9.77802876642329
Mumbai,2026-10-10 18:00:00,3,32.38671491328508,0.0,12.1607028,31.161748269396064,0.024956356042086122,8.559607769572352
Mumbai,2026-10-10 19:00:00,3,31.665924634075367,0.0,10.4214387,30.874830948901515,0.021019566334462617,7.491951862756071
Mumbai,2026-10-10 20:00:00,3,31.12390657609342,0.0,9.2595355,30.322849496025754,0.020733967152268086,6.449430748261809
Mumbai,2026-10-10 21:00:00,3,30.8021566978433,0.0,8.092305,30.020972487615413,0.020733967152268086,5.376454947971109
Mumbai,2026-10-10 22:00:00,3,30.54433195566804,0.0,6.716151099999999,29.73190561761685,0.020866825816151794,4.24385491775184
Mumbai,2026-10-10 23:00:00,3,30.209822390177607,0.0,6.0206179,29.398057807739516,0.02682358070083939,3.6720771375112062
Nagpur,2026-10-08 00:00:00,1,25.7652781,0.0,4.896409903590097,25.972125986905485,0.051813516367722794,6.106332407550059
Nagpur,2026-10-08 01:00:00,1,25.0671227,0.0,5.177740422259578,25.25684054693014,0.05442092383570071,6.403713319881029
Nagpur,2026-10-08 02:00:00,1,24.4945424,0.0,5.042586357413644,24.632162431839276,0.06476949413287436,6.037057312930051
Nagpur,2026-10-08 03:00:00,1,23.9659122,0.0,5.0938728061271945,24.098215563848818,0.04949317923039833,6.01566319387055
Nagpur,2026-10-08 04:00:00,1,23.5792315,0.0,4.963584736415264,23.711534863848815,0.05811899606369487,5.682904595038091
Nagpur,2026-10-08 05:00:00,1,23.6851056,0.0,4.801492498507503,23.943216002491226,0.043555009432248236,5.6211856458960545
Nagpur,2026-10-08 06:00:00,1,23.6992629,0.0,4.777611422388578,23.962059471898733,0.06735250651030118,5.484428990797364
Nagpur,2026-10-08 07:00:00,1,25.081926900000003,0.0,4.524079075920924,25.429732904583915,0.05314691853952851,5.257077617550376
Nagpur,2026-10-08 08:00:00,1,27.1172198,0.0,4.515369384630615,27.80701464539616,0.053788005026448454,5.480484803079552
Nagpur,2026-10-08 09:00:00,1,28.9112812,0.0,4.337857262142738,29.124925444972416,0.05225541251182442,4.717061734325171
Nagpur,2026-10-08 10:00:00,1,30.6260648,0.0,4.161443238556761,31.017201869805913,0.0498029531981714,4.032307128787335
Nagpur,2026-10-08 11:00:00,1,31.9214262,0.0,3.977226322773678,32.277931513895055,0.046576741647309114,3.9888525203216
Nagpur,2026-10-08 12:00:00,1,32.865013700000006,0.0,4.207159792840208,32.893655180424446,0.04663728786565205,4.459881824386263
Nagpur,2026-10-08 13:00:00,1,33.5193637,0.0,4.895550904449096,33.11365734181604,0.05643183182767855,5.027423772788643
Nagpur,2026-10-08 14:00:00,1,33.8867196,0.0,5.554666945333056,33.29843797619265,0.056049907887425296,5.563052673771751
Nagpur,2026-10-08 15:00:00,1,33.7470482,0.0,5.957937942062058,33.12378544678856,0.04908063999809457,5.868410068349479
Nagpur,2026-10-08 16:00:00,1,33.0298121,0.042078,4.826657473342527,32.5596025955252,0.12366363018878188,5.070424714109181
Nagpur,2026-10-08 17:00:00,1,31.7699171,0.021039,3.2746451253548754,31.552796776044048,0.10369887385811481,3.637449838154193
Nagpur,2026-10-08 18:00:00,1,29.9090354,0.0,3.943748856251145,29.487347457172007,0.056347951022643346,3.9625143808058763
Nagpur,2026-10-08 19:00:00,1,28.9037056,0.0,4.467513732486268,28.746367274976162,0.05544332215214202,4.692299903219919
Nagpur,2026-10-08 20:00:00,1,28.0334806,0.0,3.7341219658780345,28.14284237255256,0.06583779383490543,4.451716755772748
Nagpur,2026-10-08 21:00:00,1,27.2149615,0.0,3.574065025934974,27.346039167168616,0.06578898224441629,4.239045015225797
Nagpur,2026-10-08 22:00:00,1,26.4944202,0.0,3.0865402134597866,26.671901499128495,0.06891657538159528,3.8229848246180254
Nagpur,2026-10-08 23:00:00,1,25.8686699,0.0,2.324558275441725,26.188051357113796,0.05723552971961609,3.1864588458690566
Nagpur,2026-10-09 00:00:00,2,25.4696709,0.0,2.4355853,25.606190487739937,0.05383281618704885,3.46715871903749
Nagpur,2026-10-09 01:00:00,2,24.8591537,0.0,2.9011597,24.958257731312024,0.05426554368315372,4.009452934659743
Nagpur,2026-10-09 02:00:00,2,24.2886109,0.0,4.2568673,24.426856500589537,0.05242104746546823,5.166066499059932
Nagpur,2026-10-09 03:00:00,2,23.5643946,0.0,5.043340199999999,23.69689538777769,0.06073137028236017,5.9983509775286965
Nagpur,2026-10-09 04:00:00,2,23.0424502,0.0,5.0863058,23.168387935833625,0.07857229218137023,5.9386493797559705
Nagpur,2026-10-09 05:00:00,2,22.8131717,0.0,4.7014577,23.076593840648993,0.06912219815553029,5.500582569809102
Nagpur,2026-10-09 06:00:00,2,23.127582000000004,0.0,4.404257,23.391004140648995,0.14512633825499838,5.449635300305976
Nagpur,2026-10-09 07:00:00,2,24.8112677,0.0,4.0106217,25.14834180107375,0.08187270722969484,5.079832266169045
Nagpur,2026-10-09 08:00:00,2,27.193514,0.0,3.9536293,27.895161832047638,0.05451030141172574,5.073122305574709
Nagpur,2026-10-09 09:00:00,2,29.7332248,0.0,3.9409561,29.90019946324389,0.059501865262620725,4.722111378973056
Nagpur,2026-10-09 10:00:00,2,32.0572879,0.0,4.9224767,32.50195515235377,0.05789038447136594,5.157620150201199
Nagpur,2026-10-09 11:00:00,2,33.68421910000001,0.0,5.989969,33.606146383536036,0.053501123964294434,5.89209157697644
Nagpur,2026-10-09 12:00:00,2,34.7218201,0.0,6.064891599999999,34.178498358730714,0.050029403092884,6.047146375030844
Nagpur,2026-10-09 13:00:00,2,35.030528100000005,0.0,6.633901099999999,34.41367707204233,0.04726867839501914,6.277693234258037
Nagpur,2026-10-09 14:00:00,2,34.9335848,0.0,7.281772399999999,34.30455735732483,0.04773570051608813,6.37134576982541
Nagpur,2026-10-09 15:00:00,2,34.573393100000004,0.0,6.9053483,33.892008528411665,0.04993830554869867,5.758823029483475
Nagpur,2026-10-09 16:00:00,2,33.8218054,0.0,5.1332344,33.215540535370934,0.05783370219891609,4.935161064527648
Nagpur,2026-10-09 17:00:00,2,32.4373306,0.0,4.0739258,32.213313159445015,0.06593998543413856,4.561924071535953
Nagpur,2026-10-09 18:00:00,2,30.973561000000004,0.0,4.6674403,30.37675953004467,0.06407132557496975,4.731639470592254
Nagpur,2026-10-09 19:00:00,2,29.6160734,0.0,5.9465761,29.290425642100654,0.06656573178073079,5.716538034197037
Nagpur,2026-10-09 20:00:00,2,28.4235687,0.0,6.1939931,28.480855965375348,0.06228579548656162,5.547877363628896
Nagpur,2026-10-09 21:00:00,2,27.426085800000003,0.0,5.9708763000000005,27.577837048588417,0.061045296762561756,5.754016857531383
Nagpur,2026-10-09 22:00:00,2,26.4282891,0.0,4.9300833,26.659567501516182,0.051613144662064486,5.527693325911008
Nagpur,2026-10-09 23:00:00,2,25.728478000000003,0.0,4.9618631,25.918741944960356,0.04817789592872871,5.703898286328422
Nagpur,2026-10-10 00:00:00,3,24.98075551924448,0.0,5.159065999999999,25.106104503899832,0.05011889564708457,6.610541494192621
Nagpur,2026-10-10 01:00:00,3,24.334107465892536,0.0,5.488307600000001,24.463826359639942,0.04452795274970687,6.723385583648973
Nagpur,2026-10-10 02:00:00,3,23.6963067036933,0.0,5.6509502000000005,23.831876993014475,0.04170269321493322,6.702605244654192
Nagpur,2026-10-10 03:00:00,3,22.989110310889693,0.0,5.281530999999999,23.12137479035955,0.04765753257337084,6.188399551290213
Nagpur,2026-10-10 04:00:00,3,22.46159803840196,0.0,3.774723,22.59653782914018,0.047969548244289874,4.472667619730003
Nagpur,2026-10-10 05:00:00,3,22.25156944843055,0.0,3.8133345,22.512960691358106,0.04423454222096784,4.572984373996458
Nagpur,2026-10-10 06:00:00,3,22.60704599295401,0.0,4.2652157,22.870468133603,0.04886319405032238,4.955832055716412
Nagpur,2026-10-10 07:00:00,3,24.31980908019092,0.0,3.802758,24.615484338594285,0.05056693656417166,4.472664881381939
Nagpur,2026-10-10 08:00:00,3,26.867133732866268,0.0,4.1341211,27.579026659098645,0.05943263501576049,5.134764372676758
Nagpur,2026-10-10 09:00:00,3,29.297685002315,0.0,4.1595214,30.000320545505136,0.05648924478280904,4.920688562409625
Nagpur,2026-10-10 10:00:00,3,31.610329189670807,0.0,4.0554182,31.948908091108404,0.0574488662298901,4.060911897208259
Nagpur,2026-10-10 11:00:00,3,33.33528586471414,0.0,4.7434087,33.31291695575569,0.05763713516018815,4.357888804769733
Nagpur,2026-10-10 12:00:00,3,34.387409912590094,0.0,4.934563799999999,33.82769491937235,0.0558919889299867,4.612079283466397
Nagpur,2026-10-10 13:00:00,3,34.9024891975108,0.0,5.394778,34.342722761877624,0.05403309202293117,5.096339166929402
Nagpur,2026-10-10 14:00:00,3,34.97167702832297,0.0,5.3167259,34.255806522362775,0.05361174858812272,5.109489076133832
Nagpur,2026-10-10 15:00:00,3,34.558474641525365,0.0,5.3424662000000005,33.86998847585965,0.05581639623668765,5.635291059074536
Nagpur,2026-10-10 16:00:00,3,33.70755249244751,0.0,5.3137875,32.9876602189412,0.06290300228477658,5.7148781930354815
Nagpur,2026-10-10 17:00:00,3,32.15522254477746,0.0,5.6848615,31.859848568880725,0.06077976674805333,5.723451761605949
Nagpur,2026-10-10 18:00:00,3,30.351141748858257,0.0,5.923864200000001,29.90321563911735,0.0595196793434806,5.658792429337439
Nagpur,2026-10-10 19:00:00,3,29.02687687312313,0.0,5.5222947,28.741610274391277,0.057228775288915526,5.552380343602754
Nagpur,2026-10-10 20:00:00,3,28.18092091907908,0.0,4.8054525,28.274410704511624,0.07635076936944941,5.370505935549787
Nagpur,2026-10-10 21:00:00,3,27.369886030113967,0.0,4.3686714,27.510387506587612,0.08819105438718894,4.873216739198418
Nagpur,2026-10-10 22:00:00,3,26.55585284414716,0.0,4.7012767,26.796476592474807,0.0815204218057311,5.265251298972558
Nagpur,2026-10-10 23:00:00,3,25.684473415526583,0.0,4.4052832,25.902960522566264,0.08079145823680589,4.803872868311631
Nashik,2026-10-08 00:00:00,1,24.5909242,0.0,4.590196800000001,24.407150278147174,0.03939628628160301,4.386079471974438
Nashik,2026-10-08 01:00:00,1,23.8865867,0.0,4.3834688,23.766143472480056,0.03988929508942587,4.37935820444557
Nashik,2026-10-08 02:00:00,1,23.368255,0.0,4.255257800000001,23.267954051259554,0.03871761246967573,4.230896499724785
Nashik,2026-10-08 03:00:00,1,22.8638591,0.0,3.740515,22.76262479390244,0.0397601625260341,4.001401589904568
Nashik,2026-10-08 04:00:00,1,22.584339,0.0,3.4271326,22.486539896852438,0.03868812419163485,3.8365648526378795
Nashik,2026-10-08 05:00:00,1,22.5223632,0.0,2.8187426,22.442315051421087,0.05100863622107009,3.292740804576262
Nashik,2026-10-08 06:00:00,1,22.5398419,0.0,2.6434426000000006,22.46182625294745,0.0302078381113831,3.271468182130934
Nashik,2026-10-08 07:00:00,1,23.8240726,0.0,2.5738636000000006,23.690247347894097,0.03023867145283127,3.1248684435307426
Nashik,2026-10-08 08:00:00,1,26.1419524,0.0,3.6335966000000006,26.75637640882415,0.031500893583814554,4.0203084417331665
Nashik,2026-10-08 09:00:00,1,28.5737163,0.0,6.467459000000001,29.11444353413718,0.022306006013117087,5.1045548485946854
Nashik,2026-10-08 10:00:00,1,30.647663,0.0,9.954439600000002,30.729904398562475,0.023330660017361074,7.567676476300372
Nashik,2026-10-08 11:00:00,1,32.019157,0.0,11.408019000000005,32.0471209055705,0.02388792329702525,8.968195701563133
Nashik,2026-10-08 12:00:00,1,32.74264169999999,0.0,11.03839,32.63754145572012,0.02403820643895749,8.620041321861455
Nashik,2026-10-08 13:00:00,1,33.131926099999994,0.0,10.073290600000002,32.88694358758126,0.022841768012503816,7.78356247729611
Nashik,2026-10-08 14:00:00,1,33.1964057,0.0,9.217499600000002,32.52004146896612,0.0244888997440388,7.050202197348687
Nashik,2026-10-08 15:00:00,1,32.9498051,0.0142118857881142,7.992261600000001,32.061885366453055,0.041213879619229454,5.932795173436713
Nashik,2026-10-08 16:00:00,1,32.509904,0.0,6.834150600000001,31.592158907020934,0.026747381137219285,4.917871217052412
Nashik,2026-10-08 17:00:00,1,31.4412827,0.0,5.256967400000001,30.480263585231622,0.02295981725687131,4.520229102287018
Nashik,2026-10-08 18:00:00,1,29.317664800000003,0.0,4.961477600000001,28.755605295097208,0.01947393852914764,3.994246330778915
Nashik,2026-10-08 19:00:00,1,27.7547962,0.0,5.939094600000001,27.608851257765664,0.02047110618683732,4.2744817244230155
Nashik,2026-10-08 20:00:00,1,26.894380599999995,0.0,5.505666400000001,26.743079131542114,0.020031999085691376,4.58812618228271
Nashik,2026-10-08 21:00:00,1,26.053882,0.0,4.911774000000001,25.89896069042405,0.02684057148472366,4.28085538220946
Nashik,2026-10-08 22:00:00,1,25.2463801,0.0,4.330798000000001,25.09468778914231,0.024518337530940175,3.711771370961077
Nashik,2026-10-08 23:00:00,1,24.6559138,0.0,3.3898214000000007,24.7232195842088,0.025730427965209062,3.193046699957112
Nashik,2026-10-09 00:00:00,2,24.2045996,0.0,2.4954385,23.970697767409778,0.054064936729863795,3.308978051285823
Nashik,2026-10-09 01:00:00,2,23.6474652,0.0,1.7910714,23.458157604074486,0.05033253357990135,2.6029711630746
Nashik,2026-10-09 02:00:00,2,23.2656796,0.0,1.3106796,23.110916034866214,0.048940750788815934,1.9568655323882764
Nashik,2026-10-09 03:00:00,2,22.8955968,0.0,1.7755852,22.764969553049,0.04986451386059484,2.3316179599809184
Nashik,2026-10-09 04:00:00,2,22.6456883,0.0,1.3307294,22.515061053049,0.05113194962821096,1.9208623103895783
Nashik,2026-10-09 05:00:00,2,22.5797918,0.0,1.3812552,22.495809742663837,0.049289477463974316,2.0959463595710397
Nashik,2026-10-09 06:00:00,2,22.8253228,0.0,1.7962889,22.674362034176575,0.03200340501711575,2.560615050511016
Nashik,2026-10-09 07:00:00,2,24.2996647,0.0,1.7538593,24.13842972106773,0.03123615230838542,2.5405618998569555
Nashik,2026-10-09 08:00:00,2,26.541167699999995,0.0,3.0818042,27.117564825452845,0.028885220406288905,3.2727738643228
Nashik,2026-10-09 09:00:00,2,28.8869825,0.0,5.152576700000001,29.462435174756866,0.022306006013117087,4.107922865118523
Nashik,2026-10-09 10:00:00,2,30.9238195,0.0,8.2596119,31.044963949548308,0.023330660017361074,5.81421637974238
Nashik,2026-10-09 11:00:00,2,32.363417600000005,0.0,8.6046712,32.33473306924209,0.023075519259123975,6.207322033036515
Nashik,2026-10-09 12:00:00,2,33.0064861,0.0,6.4740555,32.96402708059841,0.023075519259123975,4.552295624442116
Nashik,2026-10-09 13:00:00,2,33.4118774,0.0,4.1096656,33.1028895137301,0.024171586575883152,3.9468646931105615
Nashik,2026-10-09 14:00:00,2,33.5717896,0.0,2.7478964,32.62493700048525,0.027192795709315258,3.3239167478979095
Nashik,2026-10-09 15:00:00,2,33.4932038,0.0,2.3721471000000003,32.47860718294392,0.026872180997280407,3.0343638145734744
Nashik,2026-10-09 16:00:00,2,33.1623153,0.0,3.3884417,32.17003289600886,0.024470081118003178,3.907725642300816
Nashik,2026-10-09 17:00:00,2,31.8503925,0.0,7.301996600000001,30.923505030397738,0.03397590868133817,6.494297927245835
Nashik,2026-10-09 18:00:00,2,29.722125799999997,0.0,7.4041753,29.19809374646094,0.020818345222395097,5.709882492882305
Nashik,2026-10-09 19:00:00,2,28.257048,0.0,7.288818699999999,28.0814112869163,0.02047110618683732,5.688324913945299
Nashik,2026-10-09 20:00:00,2,27.2113027,0.0,7.485097499999999,27.06256354029052,0.019493568047099872,6.062638989064801
Nashik,2026-10-09 21:00:00,2,26.5819446,0.0,6.4345287,26.44536422778116,0.02007250934707126,5.5190916473773965
Nashik,2026-10-09 22:00:00,2,25.9517355,0.0,5.1310827,25.770671998558765,0.02952994532491703,4.172596481235565
Nashik,2026-10-09 23:00:00,2,25.379031,0.0,3.813395,25.343239860723102,0.02855489444134064,3.3291416198915424
Nashik,2026-10-10 00:00:00,3,24.802692802692807,0.0,3.0483087483087483,24.56337424417865,0.04783696522781869,3.057053277049537
Nashik,2026-10-10 01:00:00,3,24.166509266509262,0.0,2.972850372850373,23.989101087248034,0.04783696522781869,2.9742317683351747
Nashik,2026-10-10 02:00:00,3,23.62051542051542,0.0,2.959541559541559,23.511876936094108,0.052674821660344116,3.0339639000635454
Nashik,2026-10-10 03:00:00,3,22.996327996327995,0.0,2.598927798927799,22.873573770099014,0.05087832164463041,2.968629535157161
Nashik,2026-10-10 04:00:00,3,22.521263021263017,0.0,2.607846907846908,22.381542542096895,0.053884195168595925,3.1534395040473124
Nashik,2026-10-10 05:00:00,3,22.32130002130002,0.0,2.7195560195560198,22.244476184852818,0.05216901855285907,3.329210820492295
Nashik,2026-10-10 06:00:00,3,22.57852367852368,0.0,2.671088271088271,22.434721133589218,0.029846590305516476,3.2087883748237367
Nashik,2026-10-10 07:00:00,3,24.09021699021699,0.0,1.5258093258093255,23.897502974830022,0.03123615230838542,2.4823012631569115
Nashik,2026-10-10 08:00:00,3,26.34125264125264,0.0,3.008448408448408,26.938202298984447,0.03445224018783054,3.412354063513245
Nashik,2026-10-10 09:00:00,3,28.67943657943658,0.0,5.231512731512731,29.2523801544549,0.02317054280281451,3.7662049280609633
Nashik,2026-10-10 10:00:00,3,30.726376526376526,0.0,7.819224919224919,30.94330623147903,0.02304639796585601,5.420322095740719
Nashik,2026-10-10 11:00:00,3,32.273948773948774,0.0,9.106262306262304,32.41365238908764,0.025586196599576262,6.761945028778527
Nashik,2026-10-10 12:00:00,3,33.11440341440341,0.0,8.41256881256881,33.11245411160053,0.02247096271133751,6.051802085261492
Nashik,2026-10-10 13:00:00,3,33.47991397991398,0.0,6.4860979860979855,33.26426122116504,0.02279125720761891,4.41325834443437
Nashik,2026-10-10 14:00:00,3,33.56439996439997,0.0,5.127735527735528,32.615219361436544,0.024433416812804087,3.6020363933765616
Nashik,2026-10-10 15:00:00,3,33.363819963819964,0.0,4.556652256652256,32.37720482950003,0.022359447091535523,3.8689499695708127
Nashik,2026-10-10 16:00:00,3,32.95471805471806,0.0,4.288736688736688,31.92585039887231,0.021950385179969344,4.357525674409343
Nashik,2026-10-10 17:00:00,3,31.903044103044103,0.0,5.024374124374123,30.922582836353595,0.020895838558165788,4.807776249064858
Nashik,2026-10-10 18:00:00,3,29.83510523510523,0.0,7.026022526022524,29.55450868377348,0.025996581028948293,5.519739227708359
Nashik,2026-10-10 19:00:00,3,28.26162736162736,0.0,7.173147073147073,28.078135411152587,0.028815696422118727,5.4870598376037485
Nashik,2026-10-10 20:00:00,3,27.18084178084178,0.0,7.608004508004507,27.004488482885627,0.01995641026290269,6.152601279631639
Nashik,2026-10-10 21:00:00,3,26.5002944002944,0.0,7.065458365458365,26.31817770876062,0.021753886321435333,5.7697434491635
Nashik,2026-10-10 22:00:00,3,25.682722782722784,0.0,5.907450107450107,25.51957941117121,0.03000507283379689,4.6251154499956195
Nashik,2026-10-10 23:00:00,3,24.79438649438649,0.0,4.446120646120646,24.75703964259724,0.02876407174013396,3.843460341800045
Patna,2026-10-08 00:00:00,1,24.993963,0.0755693,4.5939292,25.089433047492513,0.15716066051902727,3.975628015057921
Patna,2026-10-08 01:00:00,1,24.7647088,0.2105504,5.6815527,24.855431326286094,0.26275894894188856,5.152636710383277
Patna,2026-10-08 02:00:00,1,24.4182571,0.2730193,5.463739,24.508040391130216,0.3320379197766376,5.133787382005679
Patna,2026-10-08 03:00:00,1,24.1761273,0.223098,5.4616986,24.262604781278895,0.2697650117955337,5.641508867108047
Patna,2026-10-08 04:00:00,1,23.8208627,0.0570149999999999,5.5640942,23.90421704008028,0.14234719801121856,5.294648936362069
Patna,2026-10-08 05:00:00,1,23.8196257,0.223339,5.9787165,24.09413340477608,0.3293791344809641,5.63239588466464
Patna,2026-10-08 06:00:00,1,23.9295965,0.1113707999999999,5.1331656,24.18795565180519,0.17830382086658872,4.695468442113244
Patna,2026-10-08 07:00:00,1,24.6353919,0.1113707999999999,3.9541019,24.919387380299007,0.16049240406999316,3.5107780060846983
Patna,2026-10-08 08:00:00,1,25.579174,0.1113707999999999,2.9963405,26.312878446496676,0.18247473730663388,2.9153215970739224
Patna,2026-10-08 09:00:00,1,26.6172104,0.1116333,3.2032881000000004,27.458884131703613,0.21265762156273516,3.3367255838952126
Patna,2026-10-08 10:00:00,1,27.5700034,0.1282416,3.2649277000000003,28.3729273497644,0.19267490686476357,3.3494416832520297
Patna,2026-10-08 11:00:00,1,28.0378435,0.2114036,3.8862379,28.719116904984325,0.264887411436416,3.83105379945424
Patna,2026-10-08 12:00:00,1,28.3820207,0.6433666,5.1801806,28.979526243187845,0.5770141950011256,4.923244232493908
Patna,2026-10-08 13:00:00,1,28.3028432,0.7303001,5.1172064,28.243660674215395,0.6322979385673737,4.943687975872332
Patna,2026-10-08 14:00:00,1,28.292036,0.2667799,4.4686666,28.05071402031152,0.31344648930632507,4.745718750914213
Patna,2026-10-08 15:00:00,1,27.8145509,0.2295749,5.4790931,27.421414752395933,0.2597239187242945,3.9799949557427965
Patna,2026-10-08 16:00:00,1,26.9839895,0.3721713,5.2693329,26.577791070581355,0.42656224055664177,3.575048944458587
Patna,2026-10-08 17:00:00,1,26.3559755,0.3486847,4.542828399999999,26.297544699250373,0.34037040614650776,4.868195408429492
Patna,2026-10-08 18:00:00,1,25.8777286,0.0746679,4.063035500000001,25.77323051377266,0.13165054276803373,4.064587707697328
Patna,2026-10-08 19:00:00,1,25.5147936,0.019005,3.2890086000000003,25.268140463992786,0.08587792104543504,3.5199432036035385
Patna,2026-10-08 20:00:00,1,25.0403031,0.019005,4.0723221,24.875909520664205,0.06724178065223611,4.027451607734338
Patna,2026-10-08 21:00:00,1,24.6217058,0.019005,3.6540396,24.45653394548435,0.0940128277473479,3.6732589138891782
Patna,2026-10-08 22:00:00,1,24.3103442,0.0375593,4.1046796,24.144468429113413,0.09639436043457728,3.4406414421377427
Patna,2026-10-08 23:00:00,1,24.0524925,0.0375593,3.5468144,24.155966854824637,0.11334897023839505,3.1349821393331525
Patna,2026-10-09 00:00:00,2,23.862829862829862,0.0205648794351205,3.5451798,23.95070250239499,0.1301274207449662,3.078436497319378
Patna,2026-10-09 01:00:00,2,23.627285127285127,0.0205648794351205,3.9354101,23.71445246397839,0.1090854484176132,3.301242716246351
Patna,2026-10-09 02:00:00,2,23.376864376864376,0.0205648794351205,3.7777312,23.455656758228702,0.0869180058015694,3.208350171670267
Patna,2026-10-09 03:00:00,2,23.193893293893293,0.0205648794351205,3.2575669,23.27136169473928,0.10183958698038682,2.791088213240628
Patna,2026-10-09 04:00:00,2,23.02126942126942,0.0205648794351205,2.9387380000000003,23.05346737744895,0.11041157678509245,2.6019624703384676
Patna,2026-10-09 05:00:00,2,22.99329599329599,0.0205648794351205,3.4221229,23.271369000474195,0.1054313500198562,3.174491672666772
Patna,2026-10-09 06:00:00,2,23.26786396786397,0.0205648794351205,3.3956685,23.534515588908647,0.10978578935769578,3.3454664948370922
Patna,2026-10-09 07:00:00,2,24.154517354517356,0.0505158494841505,3.3256461,24.444458667384108,0.12898406615426034,3.673610277298677
Patna,2026-10-09 08:00:00,2,25.271119071119077,0.0505158494841505,3.4669504,25.905885928562256,0.1419649265562693,4.134159077217075
Patna,2026-10-09 09:00:00,2,26.42082792082792,0.0505158494841505,3.6490236,27.147253218210324,0.13883204105145433,4.161956213578435
Patna,2026-10-09 10:00:00,2,27.485939385939385,0.0654913345086655,3.8683422,28.198336918694963,0.14758879304259093,4.311853746144119
Patna,2026-10-09 11:00:00,2,28.244952844952845,0.1403687596312403,3.8166482,28.831030587200424,0.2258597281942239,4.169023353361719
Patna,2026-10-09 12:00:00,2,28.73957233957234,0.1895811104188896,4.6557654,28.650532572140545,0.22250273542626892,4.540550253101516
Patna,2026-10-09 13:00:00,2,28.706421206421208,0.1643170356829643,4.9741581,28.716558309102243,0.2309687835265636,5.138650617231577
Patna,2026-10-09 14:00:00,2,28.468297868297867,0.2728474271525728,4.8379546,28.96738627478874,0.2793105053198507,5.365832823422556
Patna,2026-10-09 15:00:00,2,28.326968326968327,0.133001166998833,4.7839043000000006,28.164318263157718,0.2761102009350509,5.273514811190452
Patna,2026-10-09 16:00:00,2,28.01308371308372,0.1082999917000083,4.3389639,27.78819091556292,0.24712188232301624,4.9556599000681905
Patna,2026-10-09 17:00:00,2,27.481968681968684,0.0933245066754933,3.7075091,27.350175266688623,0.21156385655669457,4.364348722124546
Patna,2026-10-09 18:00:00,2,26.82195122195122,0.0,3.1579790999999995,26.587217351247656,0.10755734389326997,3.791622629776204
Patna,2026-10-09 19:00:00,2,26.28740378740379,0.0,3.500069,26.06350270141446,0.10461404494457555,3.952384806423063
Patna,2026-10-09 20:00:00,2,25.657247957247957,0.0273260726739273,3.854743,25.464843197894204,0.17269391166216977,4.3040070423855115
Patna,2026-10-09 21:00:00,2,25.143040243040243,0.0546521453478546,4.4101468,24.9626889780019,0.21133234475205598,4.171684848075911
Patna,2026-10-09 22:00:00,2,24.81156201156201,0.0149754850245149,5.129173499999999,24.624360439938773,0.16897009735933316,4.585404638127559
Patna,2026-10-09 23:00:00,2,24.45393555393555,0.0,5.2791375,24.59275499378818,0.15425923754584606,4.680785982260553
Patna,2026-10-10 00:00:00,3,24.169904269904272,0.0,5.116704,24.26424099621702,0.15699855375064842,4.583230796489468
Patna,2026-10-10 01:00:00,3,23.863067563067567,0.0,5.258522,23.956001513528605,0.12044887638960207,4.774940966776034
Patna,2026-10-10 02:00:00,3,23.591008991008994,0.0,5.3384389,23.68079228213921,0.08884164046200312,4.881748789801193
Patna,2026-10-10 03:00:00,3,23.37778267778268,0.0326647673352326,5.2737126,23.464260159061574,0.12346602766471193,4.864164114737767
Patna,2026-10-10 04:00:00,3,23.190274790274792,0.0326647673352326,5.9716481,23.273629130355072,0.1271963706553469,5.753346539852427
Patna,2026-10-10 05:00:00,3,23.139842339842343,0.0632721367278632,6.2658521,23.396347967764907,0.14573665088790033,6.134111420311162
Patna,2026-10-10 06:00:00,3,23.399588899588903,0.153036846963153,6.4261906,23.656094527511467,0.14341847912507355,6.276849850010689
Patna,2026-10-10 07:00:00,3,24.20359180359181,0.0459110540889459,6.5580049,24.487945184183136,0.12259479745668428,6.327453330000524
Patna,2026-10-10 08:00:00,3,25.24670604670605,0.0,6.857342500000001,26.0441317370441,0.09827275939208584,6.51311951248681
Patna,2026-10-10 09:00:00,3,26.20657740657741,0.3228195771804228,6.465389699999999,27.07387474109332,0.23336640796089492,6.036757757902417
Patna,2026-10-10 10:00:00,3,27.253366053366054,0.0949087050912949,6.734456100000001,28.081387791437677,0.1847100500930332,6.234641781104001
Patna,2026-10-10 11:00:00,3,28.065404965404973,0.0805333194666805,6.774028700000001,28.801525492351587,0.17510298114564948,6.259270044718129
Patna,2026-10-10 12:00:00,3,28.751785651785653,0.0302481697518302,6.458564700000001,29.422139047569125,0.1260925825547604,6.168518657214348
Patna,2026-10-10 13:00:00,3,29.100796700796703,0.0302481697518302,5.654879299999999,29.73698580171232,0.14117206237239582,6.29006816450616
Patna,2026-10-10 14:00:00,3,29.23535343535344,0.0302481697518302,5.5481187,29.768842770146993,0.14121498285011153,5.103025901034352
Patna,2026-10-10 15:00:00,3,28.82541982541983,0.0,6.0780569,28.69504386044612,0.08789649388110707,4.728479710633577
Patna,2026-10-10 16:00:00,3,28.28512528512529,0.0,5.8272512,28.30118369055672,0.09698230550043181,4.541351058476311
Patna,2026-10-10 17:00:00,3,27.74419144419145,0.0,4.7339843,27.896077489346773,0.10975982505980278,4.396706060364272
Patna,2026-10-10 18:00:00,3,27.280310780310785,0.0,4.8276148,27.064448478073714,0.096130967421617,4.431536466395963
Patna,2026-10-10 19:00:00,3,26.71500971500972,0.0,5.0327801,26.52441734584552,0.09630391970097625,4.641733247906889
Patna,2026-10-10 20:00:00,3,26.18546598546599,0.0,4.9430861,25.990403844573198,0.10261857670643244,4.524177361487516
Patna,2026-10-10 21:00:00,3,25.72743372743373,0.0,4.4842318,25.542725579017983,0.09799558591392943,4.145923802678921
Patna,2026-10-10 22:00:00,3,25.32937842937843,0.0,4.3955796000000005,25.17218145330573,0.15076738614463234,4.077533082802672
Patna,2026-10-10 23:00:00,3,24.95757865757866,0.0,4.151104699999999,25.10139452388857,0.09798622806160057,3.9932314243108347
Pune,2026-10-08 00:00:00,1,25.72291922291922,0.0,2.579108420891579,25.514078698469024,0.037337166668413156,3.1252335145078294
Pune,2026-10-08 01:00:00,1,25.30957260957261,0.0,1.8307108692891303,25.04489032984892,0.0498647861151532,2.4903510508582443
Pune,2026-10-08 02:00:00,1,24.88023238023237,0.0,1.6247655752344246,24.59082995485056,0.052354587787355376,2.35261009549709
Pune,2026-10-08 03:00:00,1,24.45495365495365,0.0,1.751510548489451,24.225944152516654,0.049235820370327345,2.4558676058714815
Pune,2026-10-08 04:00:00,1,24.14186944186945,0.0,1.949589150410849,23.92278905550645,0.05053232392963683,2.652344266421739
Pune,2026-10-08 05:00:00,1,23.872934272934277,0.0,2.2676262323737677,23.67264956334923,0.04173753456579916,2.872754235578007
Pune,2026-10-08 06:00:00,1,23.86036086036086,0.0,2.682272617727382,23.66940849111005,0.031085671101182544,3.2102966059878524
Pune,2026-10-08 07:00:00,1,24.725647425647423,0.0,2.924591475408524,24.513360329462248,0.03299000109172855,3.426364085077272
Pune,2026-10-08 08:00:00,1,26.72795972795973,0.0,3.5006658993341,27.314162140358007,0.030768471663426524,3.794505632478601
Pune,2026-10-08 09:00:00,1,28.73021023021023,0.0,6.333644166355833,29.275170869321993,0.024516160327043797,4.844654261399256
Pune,2026-10-08 10:00:00,1,30.346137846137843,0.0,8.046641053358945,30.386573547916793,0.025844371137093994,5.90382094465321
Pune,2026-10-08 11:00:00,1,31.586907386907388,0.0,9.695981104018896,31.629034570319583,0.023225706984732634,7.527741066710356
Pune,2026-10-08 12:00:00,1,32.429997029997025,0.0307082,10.702761697238303,32.353337177237826,0.07799422973950353,8.579776227641762
Pune,2026-10-08 13:00:00,1,32.848300848300845,0.018237,10.800471699528298,32.671358607911365,0.0673824391886441,8.715796908576744
Pune,2026-10-08 14:00:00,1,33.018543418543416,0.018237,9.745453454546546,32.37718892991152,0.06491362362955105,7.718095576795364
Pune,2026-10-08 15:00:00,1,32.91238511238511,0.0249424,8.203987596012404,32.04810717912313,0.05872371838382315,6.246402211908288
Pune,2026-10-08 16:00:00,1,32.58597878597878,0.0,7.4178182821817185,31.587100024276655,0.03367099758005097,5.515847335585885
Pune,2026-10-08 17:00:00,1,31.67419067419067,0.0249424,5.674035225964774,30.65083052322382,0.047597078926331346,5.438041599979699
Pune,2026-10-08 18:00:00,1,29.94122614122614,0.0,5.816019183980815,29.304939406474617,0.022717123767024627,4.37918256524726
Pune,2026-10-08 19:00:00,1,28.868051968051965,0.0,4.689236210763788,28.06447766515009,0.02206420005702449,3.5460221019427616
Pune,2026-10-08 20:00:00,1,28.179855579855577,0.0,4.45085824914175,27.72761081379472,0.020592724428367126,3.681376358358717
Pune,2026-10-08 21:00:00,1,27.805613105613105,0.0,3.917534582465417,27.424072275305544,0.020592724428367126,3.7630678084508093
Pune,2026-10-08 22:00:00,1,27.272111172111167,0.0,3.5550679449320546,26.970536565155786,0.02613976050558797,3.573464544157336
Pune,2026-10-08 23:00:00,1,26.78341418341418,0.0,3.0591485408514587,26.77195853811759,0.030835584303022565,3.1016726613980037
Pune,2026-10-09 00:00:00,2,26.1853039,0.0,2.790676309323691,25.97349910476124,0.04317708059811745,3.1831871661392457
Pune,2026-10-09 01:00:00,2,25.4978432,0.0,2.436059863940136,25.207929123346165,0.03924338054120345,2.903077579030174
Pune,2026-10-09 02:00:00,2,24.810970500000003,0.0,2.649223250776749,24.529765847485873,0.03639645694500787,3.068721844679108
Pune,2026-10-09 03:00:00,2,24.0827101,0.0,2.23999016000984,23.891398680491264,0.04800509697160918,2.78511872956215
Pune,2026-10-09 04:00:00,2,23.600485000000003,0.0,1.851401348598652,23.417383491904385,0.04903901532914327,2.4478461710934836
Pune,2026-10-09 05:00:00,2,23.3403934,0.0,1.9400756599243405,23.21671597187363,0.0484933278395015,2.60493198954604
Pune,2026-10-09 06:00:00,2,23.4437916,0.0,2.188856711143289,23.27126931982705,0.030577522068315113,2.782793586524905
Pune,2026-10-09 07:00:00,2,24.5741692,0.0,2.415259984740015,24.310851132693248,0.03287626034679352,3.007926166273971
Pune,2026-10-09 08:00:00,2,26.6263172,0.0,4.064538035461965,27.221526972368974,0.032001995600254816,4.225620766443852
Pune,2026-10-09 09:00:00,2,28.7264566,0.0,6.642798157201844,29.288704638999857,0.02299158443808044,4.8388303477294805
Pune,2026-10-09 10:00:00,2,30.5460732,0.0,8.514629285370715,30.661850162682732,0.024319795248130646,6.153069897630209
Pune,2026-10-09 11:00:00,2,32.0082244,0.0,9.5013921986078,32.01718611196988,0.023225706984732634,7.675037878726838
Pune,2026-10-09 12:00:00,2,33.0201352,0.0,9.01830868169132,32.958498446699686,0.024213582141839888,6.749422094821837
Pune,2026-10-09 13:00:00,2,33.5624567,0.0,8.363401736598265,33.290531322634294,0.025971909277423405,6.346291531160502
Pune,2026-10-09 14:00:00,2,33.6743216,0.0,7.723616176383825,32.88263812501891,0.02433613798441152,5.6067807116257535
Pune,2026-10-09 15:00:00,2,33.4611994,0.0094008,6.18944821055179,32.53114584004971,0.033109226948145866,4.670506028963882
Pune,2026-10-09 16:00:00,2,33.0720892,0.0,6.088734011265989,32.13332601020357,0.027215871044154693,5.259431236658565
Pune,2026-10-09 17:00:00,2,31.9744665,0.0,5.408998091001909,30.95361077097183,0.021121039547014483,5.107083056191161
Pune,2026-10-09 18:00:00,2,30.1286723,0.0,5.737255662744339,29.553985599359493,0.02181533179786155,4.64338063799668
Pune,2026-10-09 19:00:00,2,28.7115243,0.0,5.569400930599071,28.078164124700233,0.020795268759125896,3.9679011816864573
Pune,2026-10-09 20:00:00,2,27.8399377,0.0,5.844611955388045,27.38790637782287,0.021065659864867425,4.282541468344696
Pune,2026-10-09 21:00:00,2,27.108669,0.0,6.220666479333521,26.74949707041339,0.02611495409216466,4.1525655517944
Pune,2026-10-09 22:00:00,2,26.341456200000003,0.0,5.935499264500736,25.922761543198924,0.02604421072139586,4.462106768369342
Pune,2026-10-09 23:00:00,2,25.6142276,0.0,4.550438949561051,25.436036794994987,0.028289758643887532,3.9609683143888095
Pune,2026-10-10 00:00:00,3,25.0633336,0.0,3.972055672055673,24.801257918313983,0.03814943481802139,3.8800718214657626
Pune,2026-10-10 01:00:00,3,24.7029639,0.0,3.3316634316634324,24.468288846321176,0.04053363752288067,3.235060576564031
Pune,2026-10-10 02:00:00,3,24.4421388,0.0,2.9062683062683066,24.233563595909015,0.05279065911301518,3.152086219611545
Pune,2026-10-10 03:00:00,3,23.8832871,0.0,2.3110487110487115,23.683993545460826,0.04530158224943134,2.943385017394475
Pune,2026-10-10 04:00:00,3,23.4893883,0.0,2.24959294959295,23.31141251126698,0.0473790665245657,2.758305684455957
Pune,2026-10-10 05:00:00,3,23.2825327,0.0,2.373489973489974,23.166910865417012,0.04546833608941192,2.953889812459516
Pune,2026-10-10 06:00:00,3,23.3326783,0.0,2.347327047327048,23.224781263691845,0.030114679852512292,2.9354431326148385
Pune,2026-10-10 07:00:00,3,24.3585971,0.0,2.566266266266266,24.11958782677845,0.03328288357025278,3.18979784316638
Pune,2026-10-10 08:00:00,3,26.3752454,0.0,2.955383155383156,26.984879588438947,0.03191133099001999,3.4072519234861587
Pune,2026-10-10 09:00:00,3,28.5655822,0.0,5.7714353714353726,29.12512303217132,0.022925234496708156,4.380912963348534
Pune,2026-10-10 10:00:00,3,30.4952877,0.0,7.9449388449388465,30.60215839429379,0.024319795248130646,5.535230206184757
Pune,2026-10-10 11:00:00,3,32.0518648,0.0,9.093791693791696,32.16676788512233,0.023225706984732634,7.2410730980296405
Pune,2026-10-10 12:00:00,3,33.066434,0.0,8.747350947350949,33.02537214630443,0.023498117196087312,6.531511620287473
Pune,2026-10-10 13:00:00,3,33.670555300000004,0.0,7.842215042215042,33.368195945339515,0.02891010424926067,5.740722879073404
Pune,2026-10-10 14:00:00,3,33.8975506,0.0,7.105185605185606,33.16078686045965,0.02362067303865894,4.9541309928476895
Pune,2026-10-10 15:00:00,3,33.7789065,0.0,6.349437749437749,33.02973009528706,0.023112199049976,4.255405217740307
Pune,2026-10-10 16:00:00,3,33.3887055,0.0,6.056436756436757,32.464829010659415,0.02237169352695183,4.0410950632453915
Pune,2026-10-10 17:00:00,3,32.4417579,0.0,5.656267556267557,31.380308831065644,0.021121039547014483,4.817180445102154
Pune,2026-10-10 18:00:00,3,30.3708869,0.0,7.788874988874991,29.55350269079549,0.02200524345548448,5.936177997417561
Pune,2026-10-10 19:00:00,3,28.9891137,0.0,6.177490477490478,28.42264950179527,0.01980586722590298,4.44353144505901
Pune,2026-10-10 20:00:00,3,28.2295804,0.0,5.667546667546668,27.8412832975274,0.020163867895704346,4.214270233665527
Pune,2026-10-10 21:00:00,3,27.510282100000005,0.0,5.656407156407157,27.157957209225593,0.023678522548936175,4.403267045591615
Pune,2026-10-10 22:00:00,3,26.8236321,0.0,4.7591338591338594,26.44798043000096,0.025728542286833682,4.136280617502871
Pune,2026-10-10 23:00:00,3,26.3141273,0.0,3.384720584720585,26.209065497305335,0.027269243377874227,2.951515147269408
Raipur,2026-10-08 00:00:00,1,25.0316631,0.0,4.3288658,25.191114812507987,0.08384458666114782,4.149160256377923
Raipur,2026-10-08 01:00:00,1,24.6273481,0.0,4.4156971,24.76544347990174,0.08463105190972564,4.2200833750370945
Raipur,2026-10-08 02:00:00,1,24.1534262,0.0,3.8005927,24.286360062431772,0.0772529133740794,4.5355246321147025
Raipur,2026-10-08 03:00:00,1,23.7855834,0.0,3.8048963,23.915211452580454,0.08310796360594418,4.6254528184132875
Raipur,2026-10-08 04:00:00,1,23.373947200000003,0.0,3.8556597,23.503575252580458,0.067233016926218,4.700521529342847
Raipur,2026-10-08 05:00:00,1,23.3889262,0.0,3.9897827,23.647036602491227,0.07472064951960769,4.737778884757817
Raipur,2026-10-08 06:00:00,1,23.5662748,0.0,3.5248164,23.830252463452222,0.0837391432160331,4.139434487609789
Raipur,2026-10-08 07:00:00,1,24.837252,0.0,3.642652600000001,25.17898682897638,0.08344711955623371,4.389328177546572
Raipur,2026-10-08 08:00:00,1,26.550266,0.0,3.8946931,27.197535230941657,0.0519552145202456,4.783966318087742
Raipur,2026-10-08 09:00:00,1,28.0874095,0.0,3.9019215,28.712640271237586,0.06315714866953936,4.47435797106494
Raipur,2026-10-08 10:00:00,1,29.4010276,0.0,3.8713214,30.053978660143358,0.05239613505111098,4.355013849034913
Raipur,2026-10-08 11:00:00,1,30.5571676,0.0,4.192292,30.976677531207798,0.05335491159152096,4.198239212925847
Raipur,2026-10-08 12:00:00,1,31.3991537,0.0,5.329175100000001,31.82474746484194,0.054492984148034884,4.576708246587886
Raipur,2026-10-08 13:00:00,1,31.9328186,0.0,5.9004946,32.31768554420225,0.06410303368315351,4.715038548958476
Raipur,2026-10-08 14:00:00,1,32.1861034,0.0,6.103542600000001,32.29129007754111,0.060450309153673894,4.8122991675480105
Raipur,2026-10-08 15:00:00,1,32.0940777,0.0,5.8949054,32.01608643848089,0.0676755429785628,4.6597474279599025
Raipur,2026-10-08 16:00:00,1,31.493250000000003,0.0,5.3517677,31.33755962963601,0.06633412443618965,4.451573175932918
Raipur,2026-10-08 17:00:00,1,30.027517400000004,0.0,4.7911815,30.24082236010985,0.07924811560205636,4.5922184325285365
Raipur,2026-10-08 18:00:00,1,29.045284100000003,0.0,3.844508,28.9334016081114,0.09044754858206716,4.1248940664626526
Raipur,2026-10-08 19:00:00,1,28.3313408,0.0,3.3918599,28.418522849967424,0.09016241796746734,3.8048737260981387
Raipur,2026-10-08 20:00:00,1,27.6264665,0.0,3.4785432,27.761785712900615,0.07790305737512344,4.0046884764314195
Raipur,2026-10-08 21:00:00,1,26.8121687,0.0,3.8650687,27.042078890190894,0.08326696997404348,4.275960612810174
Raipur,2026-10-08 22:00:00,1,26.0346791,0.0,4.1969797,26.288347753969585,0.10800614605311125,4.4633333761845755
Raipur,2026-10-08 23:00:00,1,25.4402706,0.0,4.3344131,25.81496384159275,0.11360058680378542,4.652091881191663
Raipur,2026-10-09 00:00:00,2,24.909936700000003,0.0,4.37028202971797,25.04536354778295,0.11325061109887287,5.327783609299052
Raipur,2026-10-09 01:00:00,2,24.365269000000005,0.0,4.322765677234322,24.499674063154913,0.1090225542378041,5.271870111521566
Raipur,2026-10-09 02:00:00,2,23.8105184,0.0,4.014146485853514,23.939761945684943,0.09530513912677378,4.997120188185145
Raipur,2026-10-09 03:00:00,2,23.2681402,0.0,3.576729523270476,23.40307999073822,0.11416443353242102,4.654937364353545
Raipur,2026-10-09 04:00:00,2,22.8827729,0.0,2.9983046016953976,22.970457824898798,0.10988361319631938,3.9547034324514025
Raipur,2026-10-09 05:00:00,2,22.8120452,0.0,2.824909775090225,22.94291035888946,0.13590817671318792,3.7036611022738715
Raipur,2026-10-09 06:00:00,2,23.330617999999998,0.0,3.428142671857328,23.599242948480764,0.1315688071072856,4.389859053088621
Raipur,2026-10-09 07:00:00,2,24.870108,0.0,4.018065881934118,25.222029292736146,0.09600917957935112,4.955526116571828
Raipur,2026-10-09 08:00:00,2,26.8441648,0.0,4.473764726235274,27.532058096005564,0.0767580382161608,5.521917810816742
Raipur,2026-10-09 09:00:00,2,28.791748600000005,0.0,4.831538368461631,29.51209678383549,0.0584732798690049,5.548865494592596
Raipur,2026-10-09 10:00:00,2,30.699109,0.0,6.007838892161107,31.394322904661635,0.059631961420811015,6.204999221412891
Raipur,2026-10-09 11:00:00,2,32.2233248,0.0,7.417089982910015,32.50321792614445,0.06001581502486645,6.939517247367865
Raipur,2026-10-09 12:00:00,2,33.1815903,0.0,8.010911189088809,33.26916645705695,0.057436351033363364,6.8810515891832535
Raipur,2026-10-09 13:00:00,2,33.651594200000005,0.0,9.89199950800049,33.58010159468099,0.053040394118827196,8.357670217978306
Raipur,2026-10-09 14:00:00,2,33.5262943,0.0,11.17266242733757,33.2382464927843,0.053458354252313586,9.808691058218445
Raipur,2026-10-09 15:00:00,2,33.023675700000005,0.0164675,7.943677256322743,32.77538401182909,0.12092366459129451,6.72733886810786
Raipur,2026-10-09 16:00:00,2,32.2683886,0.0,6.024416175583824,31.921165455853426,0.07317739837471664,5.158458081529189
Raipur,2026-10-09 17:00:00,2,30.7282945,0.0,4.872572827427172,30.73527914898043,0.07963477619587428,5.057419821427738
Raipur,2026-10-09 18:00:00,2,29.4237324,0.0,4.568758731241268,29.23593283367301,0.0827583589302617,4.735897230844037
Raipur,2026-10-09 19:00:00,2,28.2879026,0.0,4.235955164044835,28.390610579943473,0.08513075177685538,4.882913156235455
Raipur,2026-10-09 20:00:00,2,27.4322389,0.0,3.764499735500264,27.598935533133265,0.09919573138548841,4.610437488084074
Raipur,2026-10-09 21:00:00,2,26.701933900000004,0.0,4.060652039347961,26.926403240086938,0.11287651797356611,4.813196030706473
Raipur,2026-10-09 22:00:00,2,26.026774,0.0,4.143462056537943,26.26661312665903,0.10508209490976457,4.854865429908303
Raipur,2026-10-09 23:00:00,2,25.3686918,0.0,4.282798617201382,25.64017994307451,0.12369529193731588,4.549858355677642
Raipur,2026-10-10 00:00:00,3,24.808552308552308,0.0,4.7276335000000005,24.94758951751976,0.1290026339628071,5.449701829039011
Raipur,2026-10-10 01:00:00,3,24.21404361404361,0.0,4.2143329,24.357450732103118,0.15928149355483354,4.984003225009434
Raipur,2026-10-10 02:00:00,3,23.620801020801014,0.0,3.7476524,23.759046621390553,0.161822485176118,4.9841627041773
Raipur,2026-10-10 03:00:00,3,23.15193105193105,0.0,3.7668209,23.28687084266927,0.18494480508030225,5.0393844340355844
Raipur,2026-10-10 04:00:00,3,22.692890192890196,0.0,3.7333984,22.827829983628416,0.19825581102492304,4.795355934516504
Raipur,2026-10-10 05:00:00,3,22.487741787741783,0.0,3.143171300000001,22.728778187490214,0.1777578680911065,3.9916340884014083
Raipur,2026-10-10 06:00:00,3,22.93881873881874,0.0,2.3160653,23.0175589130911,0.1854632177218437,2.997345157774255
Raipur,2026-10-10 07:00:00,3,24.49280389280389,0.0,2.2557826,24.68409661590159,0.20541121499610637,2.873297977491339
Raipur,2026-10-10 08:00:00,3,26.63502793502793,0.0,3.1812487,27.31613402707804,0.09651557062202955,3.957336438387866
Raipur,2026-10-10 09:00:00,3,28.63622443622444,0.0,3.9251082,29.371343074837505,0.08002686946291881,4.8544679476618064
Raipur,2026-10-10 10:00:00,3,30.35521535521536,0.0,4.4675758000000005,31.081867923225804,0.060186992808481804,5.134974595757341
Raipur,2026-10-10 11:00:00,3,31.600873000873,0.0,4.549994,32.18239269927085,0.05688973316714554,4.910795487498657
Raipur,2026-10-10 12:00:00,3,32.45172735172736,0.0,4.8342243,32.7751117914432,0.05675712615555239,4.944462137816571
Raipur,2026-10-10 13:00:00,3,32.88472818472818,0.0,6.0958102,32.94281812442902,0.052864096843777235,5.08609347742231
Raipur,2026-10-10 14:00:00,3,32.95056195056195,0.0,6.6015986,32.92777671696592,0.053334910550237986,5.459168589580916
Raipur,2026-10-10 15:00:00,3,32.55992925992926,0.0,6.3072742,32.390137531075645,0.05910399514577316,5.215057089125972
Raipur,2026-10-10 16:00:00,3,31.730456430456428,0.0,5.0946214,31.51143805523956,0.0678226948019183,5.2616167672209455
Raipur,2026-10-10 17:00:00,3,30.21264011264012,0.0,4.1612123,30.235998217902353,0.08174713504069105,4.522495530711773
Raipur,2026-10-10 18:00:00,3,28.99205989205989,0.0,4.1082687,28.830185751801498,0.0967186999382948,4.447026724619932
Raipur,2026-10-10 19:00:00,3,28.06839436839437,0.0,4.4501373,28.22498201563173,0.0854098979208238,4.825011624469701
Raipur,2026-10-10 20:00:00,3,27.35093905093905,0.0,4.4249849,27.523041476947796,0.11585000731684472,4.956816993346363
Raipur,2026-10-10 21:00:00,3,26.647350147350146,0.0,3.5488675,26.84390480821639,0.10499479790088978,4.093584069177027
Raipur,2026-10-10 22:00:00,3,25.94868634868635,0.0,3.1586387,26.119663763012728,0.08623687339371527,3.5432640784794214
Raipur,2026-10-10 23:00:00,3,25.325364625364628,0.0,3.5117083,25.52131699104422,0.094195634846316,3.6542564734903746
Ranchi,2026-10-08 00:00:00,1,20.7299769,0.149328,3.291591991591992,20.598684137184883,0.13101396548699318,3.578471169848534
Ranchi,2026-10-08 01:00:00,1,20.5798065,0.024888,2.9595848595848597,20.427730151785987,0.07766229804459207,3.44707786608651
Ranchi,2026-10-08 02:00:00,1,20.297443699999995,0.0,3.56024466024466,20.202281103487355,0.03866655299078734,4.262325868938279
Ranchi,2026-10-08 03:00:00,1,20.0990885,0.0,3.731319131319131,20.010145051078442,0.04243738318498278,4.322334094009743
Ranchi,2026-10-08 04:00:00,1,20.0836837,0.0,3.954332154332154,19.994740251078444,0.03863768329831894,4.665840741979742
Ranchi,2026-10-08 05:00:00,1,20.1451461,0.0,4.642017542017541,20.39135151256293,0.03291537346949654,5.384372580755277
Ranchi,2026-10-08 06:00:00,1,20.5138971,0.0,4.814859914859913,20.76010251256293,0.030656145392845727,5.674810637666409
Ranchi,2026-10-08 07:00:00,1,21.873313300000003,0.0,5.375578975578975,22.10855985241191,0.031655176356987294,6.29025449447676
Ranchi,2026-10-08 08:00:00,1,23.2006171,0.0362045999999999,6.34082234082234,23.875053392888756,0.07163607764069016,7.5648092263566955
Ranchi,2026-10-08 09:00:00,1,24.279969200000004,0.1903211,6.893564093564093,25.11840908034999,0.20903720761939365,8.035932812856618
Ranchi,2026-10-08 10:00:00,1,25.272621200000003,0.1448183999999999,7.993025493025493,26.09422973229385,0.20570476168265245,9.033224568253932
Ranchi,2026-10-08 11:00:00,1,25.9455647,0.1629207,8.563933663933664,26.761283653402913,0.18794789681423643,9.391933186699601
Ranchi,2026-10-08 12:00:00,1,26.2433144,0.2372391,10.068109068109068,27.069989553810146,0.3242438193907303,11.201156194192233
Ranchi,2026-10-08 13:00:00,1,26.1896372,0.2915459999999999,11.614169014169017,27.041392218273465,0.30780375898196466,12.986898234983805
Ranchi,2026-10-08 14:00:00,1,26.1275318,0.2553414,12.85902465902466,26.951188015059124,0.31607174398990223,14.331603566793863
Ranchi,2026-10-08 15:00:00,1,25.6466407,0.1829322,13.531683931683933,25.985263505944022,0.27529245349828635,15.124442811077895
Ranchi,2026-10-08 16:00:00,1,24.7052987,0.110523,12.893155093155093,25.098736388466744,0.19938163508834553,14.485236337316023
Ranchi,2026-10-08 17:00:00,1,23.3735907,0.0743184,11.19085989085989,23.688298577391684,0.17148364608587469,11.783139896022247
Ranchi,2026-10-08 18:00:00,1,22.4934946,0.0362045999999999,10.206460306460304,22.47555573994068,0.08346863055538166,9.867551222111649
Ranchi,2026-10-08 19:00:00,1,21.9351007,0.012444,8.587856687856688,22.016576418221717,0.054728763275002396,8.759373426209539
Ranchi,2026-10-08 20:00:00,1,21.4871735,0.0,7.334772934772934,21.593499529570597,0.029757548222148864,7.299670915482576
Ranchi,2026-10-08 21:00:00,1,20.9760367,0.0,6.38148038148038,21.129747456236753,0.028280805244890853,6.161664767235376
Ranchi,2026-10-08 22:00:00,1,20.5873153,0.0,5.430076030076029,20.71266801795928,0.034786258404110065,4.935692856917614
Ranchi,2026-10-08 23:00:00,1,20.325894500000004,0.0,4.795400795400795,20.49799183594363,0.03471068531932184,4.291098059461697
Ranchi,2026-10-09 00:00:00,2,20.119524780475217,0.0,4.4376937000000005,20.04709986672848,0.05253665996546368,4.602372017947513
Ranchi,2026-10-09 01:00:00,2,19.87817212182788,0.0,4.674756300000001,19.811843839404755,0.053789461270007444,4.764122480095267
Ranchi,2026-10-09 02:00:00,2,19.61589498410501,0.0,4.729453700000001,19.54641604235106,0.03356413683529252,5.055547453080631
Ranchi,2026-10-09 03:00:00,2,19.45872084127916,0.0,4.618120300000001,19.390307253272443,0.0331670948447079,5.052877671697595
Ranchi,2026-10-09 04:00:00,2,19.337637462362533,0.0183661,4.7735565000000015,19.25096234767604,0.058854830349594586,5.025089125743844
Ranchi,2026-10-09 05:00:00,2,19.381597018402974,0.0183661,5.160340500000001,19.614964705268765,0.06044972269379868,5.4936001925481115
Ranchi,2026-10-09 06:00:00,2,20.06984233015767,0.0367322,5.432778300000001,20.3160477427206,0.07916505138516008,5.918131446283372
Ranchi,2026-10-09 07:00:00,2,21.797232602767394,0.0183661,5.857904800000002,22.035084704495222,0.05837506075294585,6.487001722868343
Ranchi,2026-10-09 08:00:00,2,23.46349863650136,0.0,6.534161700000001,24.075291262723844,0.04239556642387113,7.753596305020961
Ranchi,2026-10-09 09:00:00,2,24.62458267541732,0.0188589,6.860852500000002,25.36432418695358,0.08270293304933088,8.273974900730112
Ranchi,2026-10-09 10:00:00,2,25.539428960571037,0.0555911,7.843429500000002,26.293969829917003,0.11734773642163326,8.951513784868316
Ranchi,2026-10-09 11:00:00,2,26.0058987941012,0.1082938,9.4846773,26.798268054439664,0.1687342374846555,10.065456501686665
Ranchi,2026-10-09 12:00:00,2,26.293044006955988,0.0531955,10.886140100000002,27.10480745236629,0.11943722731979595,11.114503351528944
Ranchi,2026-10-09 13:00:00,2,26.4040076959923,0.037225,10.819421400000005,27.234969860833527,0.12286441214707827,11.974219724907929
Ranchi,2026-10-09 14:00:00,2,26.26133623866376,0.1785639,12.086996000000005,27.056976208901787,0.20334675308310318,12.654634620207592
Ranchi,2026-10-09 15:00:00,2,25.802460397539605,0.3382689,11.326765200000002,26.316139790421524,0.3878561378595717,12.97289563394436
Ranchi,2026-10-09 16:00:00,2,25.126154373845623,0.0507999,9.496118600000004,25.4237725823118,0.10108201755756183,9.081996732653419
Ranchi,2026-10-09 17:00:00,2,23.866375633624365,0.0348294,7.539413800000002,24.160158594900913,0.08409601485207167,6.963604671752459
Ranchi,2026-10-09 18:00:00,2,22.92399577600422,0.0,7.215130500000002,22.889799516072067,0.0442149054537678,6.806880884023926
Ranchi,2026-10-09 19:00:00,2,22.25930234069765,0.0,6.114842800000002,22.35231440041641,0.037691246528686675,6.098630225244504
Ranchi,2026-10-09 20:00:00,2,21.740483459516536,0.0,4.9815371000000015,21.864228789375662,0.03784891291736514,4.888740194051163
Ranchi,2026-10-09 21:00:00,2,21.302356297643698,0.0,4.496828500000001,21.450522699893526,0.04194152873048906,4.388406730171592
Ranchi,2026-10-09 22:00:00,2,21.017061882938112,0.0,4.291954500000001,21.02358563413809,0.03905782136589511,4.109893669658711
Ranchi,2026-10-09 23:00:00,2,20.58199731800268,0.0,3.7790259000000006,20.746722827025277,0.03262826121631626,3.503337501646728
Ranchi,2026-10-10 00:00:00,3,20.379008,0.0,3.649184349184349,20.28097722246599,0.06229758523218567,3.96245529776776
Ranchi,2026-10-10 01:00:00,3,20.0215794,0.0,3.744331944331945,19.92354862246599,0.05124715158073814,4.087070253498006
Ranchi,2026-10-10 02:00:00,3,19.6346767,0.0,4.227139427139426,19.55558611287186,0.041162910109316296,4.639807479994153
Ranchi,2026-10-10 03:00:00,3,19.4424716,0.0,4.3787734787734784,19.36151694197839,0.03999798880460836,4.874204066192824
Ranchi,2026-10-10 04:00:00,3,19.3544658,0.0128991128991129,4.284857484857485,19.27351114197839,0.05547462780926851,4.784559527609799
Ranchi,2026-10-10 05:00:00,3,19.3042739,0.0386973386973387,4.130618030618031,19.55024994728774,0.07353590107043328,4.630225622949647
Ranchi,2026-10-10 06:00:00,3,19.8789838,0.0386973386973387,3.8709411709411703,20.12518921256293,0.0779842182864371,4.29647041192459
Ranchi,2026-10-10 07:00:00,3,21.1929553,0.0386973386973387,3.5511982511982514,21.437145590978588,0.07946198042675068,4.048162291420489
Ranchi,2026-10-10 08:00:00,3,22.7618855,0.0257982257982258,4.417848617848619,23.34485752914922,0.07578247554415246,5.103332126239627
Ranchi,2026-10-10 09:00:00,3,24.0584812,0.0128991128991129,5.222772022772023,24.751255971300775,0.07288661850397282,5.986328267637879
Ranchi,2026-10-10 10:00:00,3,25.2324023,0.0,5.993663693663694,26.0502847702892,0.0499669378301902,6.277048954102894
Ranchi,2026-10-10 11:00:00,3,26.0845758,0.0,7.045913445913445,26.90363541190908,0.05490835221710236,7.31533021548019
Ranchi,2026-10-10 12:00:00,3,26.6808481,0.0,8.17951277951278,27.47401970328934,0.07672057609313974,8.242923311802318
Ranchi,2026-10-10 13:00:00,3,26.9356508,0.0,9.5995521995522,27.720814559183154,0.07791879484422537,9.68596633752969
Ranchi,2026-10-10 14:00:00,3,26.9280385,0.0,10.375888275888276,27.67936416784389,0.06062974257913609,10.266497994322078
Ranchi,2026-10-10 15:00:00,3,26.2160508,0.0,10.386311586311583,26.39902635030247,0.07041267689459908,10.300499837943397
Ranchi,2026-10-10 16:00:00,3,25.1540156,0.0,9.44215654215654,25.441394784136634,0.05917089835019345,9.127532632158053
Ranchi,2026-10-10 17:00:00,3,24.0011255,0.0,7.403411203411203,24.252881484017408,0.04110093045214,7.340746839862126
Ranchi,2026-10-10 18:00:00,3,23.0692532,0.0,6.572833972833973,22.97777863137234,0.04739003117881475,6.671635594573728
Ranchi,2026-10-10 19:00:00,3,22.4026476,0.0,6.387403487403487,22.30445754979047,0.043073489420747395,6.17260956468835
Ranchi,2026-10-10 20:00:00,3,21.7796244,0.0,6.12011462011462,21.818206759960066,0.039470414542025184,6.1552842993284775
Ranchi,2026-10-10 21:00:00,3,21.260567,0.0,5.482570882570881,21.30371566553527,0.04924103262868198,5.425956163926292
Ranchi,2026-10-10 22:00:00,3,20.7888628,0.0,4.535405435405435,20.889681821187274,0.04595713991976545,4.276789806289117
Ranchi,2026-10-10 23:00:00,3,20.3243457,0.0,3.856989856989857,20.471004385377622,0.04407267700293988,3.6597319910641795
Shillong,2026-10-08 00:00:00,1,15.552950747049255,0.0184476,4.679504859009717,16.1522090178371,0.12361875146121273,4.438784315151061
Shillong,2026-10-08 01:00:00,1,15.217411282588715,0.0184476,4.842028084056167,15.83693522974373,0.11739618250490055,3.1414306324855517
Shillong,2026-10-08 02:00:00,1,15.090376209623791,0.0,4.642028384056768,15.72938091858715,0.05013622370518669,2.8894410379239472
Shillong,2026-10-08 03:00:00,1,14.81713508286492,0.0,4.8591292182584365,15.445062125958811,0.03512163479100998,3.12403880930338
Shillong,2026-10-08 04:00:00,1,14.701113098886903,0.0,4.9487061974123945,15.434546233061415,0.029940360948302467,4.49008785103654
Shillong,2026-10-08 05:00:00,1,15.03887086112914,0.0,4.834695769391539,15.910918495724664,0.029031953593586016,4.654551762177761
Shillong,2026-10-08 06:00:00,1,16.2970574029426,0.0,4.16787003574007,17.18385850965815,0.027707494917368812,4.030011165894186
Shillong,2026-10-08 07:00:00,1,18.585856914143086,0.0,2.3965639931279856,19.439450555659974,0.06695650552461027,2.7704438373612104
Shillong,2026-10-08 08:00:00,1,20.0965634034366,0.0,3.326704953409906,20.990411072768865,0.05836914644445471,3.6348553992019905
Shillong,2026-10-08 09:00:00,1,21.243054456945544,0.0142257,4.009115518231035,22.416008183010305,0.06367035416530134,4.19480423452359
Shillong,2026-10-08 10:00:00,1,21.732064867935136,0.0847713,4.270749141498282,23.02879902095412,0.0881884980163782,4.5803127895936155
Shillong,2026-10-08 11:00:00,1,21.43997206002794,0.3258486,4.213123426246852,22.817950643049784,0.18088308599381617,4.494770933789273
Shillong,2026-10-08 12:00:00,1,20.84097245902754,0.4041071999999999,4.042104684209368,21.62869276789335,0.43034126292955255,4.36702349066304
Shillong,2026-10-08 13:00:00,1,20.3986804013196,0.9063436,4.082212064424128,21.187126969869023,0.6420939269283434,4.149110869342349
Shillong,2026-10-08 14:00:00,1,19.82279947720052,1.1497155,3.455324410648821,20.427935508537388,0.7610079409444688,3.381136864115815
Shillong,2026-10-08 15:00:00,1,19.294791105208898,2.0737076,4.2904989809979615,19.908596025721305,0.12697892162952895,4.446777222086506
Shillong,2026-10-08 16:00:00,1,18.27755982244018,0.9870907999999998,3.658083916167832,18.896966543718833,0.0,3.444254954956089
Shillong,2026-10-08 17:00:00,1,17.138951461048542,0.2907324,3.516381932763865,17.8997681042774,0.1342834118041055,3.1073974140847795
Shillong,2026-10-08 18:00:00,1,16.64023995976004,0.0737904,3.3355997711995418,17.28071277364604,0.08957395677033633,2.8198242623799232
Shillong,2026-10-08 19:00:00,1,16.259941940058063,0.0,3.5898917797835592,16.866657299119044,0.03208160090309076,3.0354765321923938
Shillong,2026-10-08 20:00:00,1,15.927438472561528,0.0,4.341309482618964,16.546974596557728,0.030424716533632726,3.747779090761768
Shillong,2026-10-08 21:00:00,1,15.525041774958227,0.0,4.386727973455947,16.15421984401082,0.040294927496642235,3.781038092179112
Shillong,2026-10-08 22:00:00,1,15.207970992029008,0.0,4.5829400658801305,15.845231387312385,0.047757538531290084,3.1457996610365364
Shillong,2026-10-08 23:00:00,1,14.922000177999823,0.0,4.577286354572708,15.557322527273445,0.060211650336458075,2.7305911473766313
Shillong,2026-10-09 00:00:00,2,14.7710187,0.0,4.6496269,15.381779851431666,0.10991061352459758,3.1052921726967897
Shillong,2026-10-09 01:00:00,2,14.608592700000004,0.0,4.5286712,15.211826687213737,0.10352519372942162,2.661669211438263
Shillong,2026-10-09 02:00:00,2,14.490316300000003,0.0,4.4536742,15.096641628734467,0.03811980934637827,2.5943096387238835
Shillong,2026-10-09 03:00:00,2,14.406707,0.0,4.2248220000000005,15.039855421671033,0.030544537007920102,2.365457438723884
Shillong,2026-10-09 04:00:00,2,14.5059827,0.0,4.6601763,15.252682208631624,0.027260053753964966,2.9272656250305444
Shillong,2026-10-09 05:00:00,2,14.679136000000002,0.0112929,4.627437,15.55778436092866,0.03951317840932628,3.0102613262945246
Shillong,2026-10-09 06:00:00,2,15.651874100000004,0.1406329,3.8322296,16.53512317426418,0.25525335715545094,3.7509819281181547
Shillong,2026-10-09 07:00:00,2,17.2786657,0.1180470999999999,3.7391473,18.179376813877052,0.15881248337763568,3.7974818271170157
Shillong,2026-10-09 08:00:00,2,18.6228091,0.1067542,4.7068796,19.55671866872075,0.126094132832488,4.841114161636685
Shillong,2026-10-09 09:00:00,2,19.5119396,0.1687588,5.1376032,20.641169955280507,0.18858861273504124,5.008755246095944
Shillong,2026-10-09 10:00:00,2,19.9488422,0.2327186,5.423219700000001,21.302473600516898,0.22457966444554348,5.234014642440627
Shillong,2026-10-09 11:00:00,2,19.941638200000003,0.3933583,5.2801697,21.121390456578638,0.25707138559791354,5.035003959789088
Shillong,2026-10-09 12:00:00,2,20.33364820000001,0.4939437,6.163883,21.533180049733758,0.34588929030545035,5.829663635806174
Shillong,2026-10-09 13:00:00,2,20.190527600000003,0.5680900000000001,6.5746339,21.313785977978206,0.414455558005114,6.2213015455606
Shillong,2026-10-09 14:00:00,2,19.507185900000003,0.8003353000000001,6.6416989,20.78187799255107,0.630160239060785,6.444429124126578
Shillong,2026-10-09 15:00:00,2,18.9040455,1.0497302,5.8266791,20.161491134333296,0.4268814704060504,5.908614129817352
Shillong,2026-10-09 16:00:00,2,18.0090232,0.3421179,3.9000087,18.68345502358455,0.20925431929311747,3.5135638775807223
Shillong,2026-10-09 17:00:00,2,16.744236200000003,0.1280268,2.9612634,17.511113392401587,0.12808337009451068,2.5438678137449067
Shillong,2026-10-09 18:00:00,2,16.130820500000002,0.0609535,2.8182910000000003,16.761779966591558,0.04696117434818889,2.369055558538652
Shillong,2026-10-09 19:00:00,2,15.842796200000002,0.0,3.4576278,16.440940001267435,0.02520338810196066,2.9247610325992466
Shillong,2026-10-09 20:00:00,2,15.5437351,0.0,4.0618535,16.167467628747684,0.020508711901763246,3.4526216480602208
Shillong,2026-10-09 21:00:00,2,15.262594700000005,0.0,4.5336321,15.901124928299172,0.029245450639507495,4.013855842368845
Shillong,2026-10-09 22:00:00,2,15.0037218,0.0,4.812836900000001,15.657469144729948,0.04139890169647451,4.284944467467112
Shillong,2026-10-09 23:00:00,2,14.7994092,0.0,4.826454200000001,15.449795112634883,0.057246704159290555,4.316888125537104
Shillong,2026-10-10 00:00:00,3,14.715703284296712,0.0,5.0629433,15.574751274364232,0.10998635692359918,4.677458310119177
Shillong,2026-10-10 01:00:00,3,14.56222163777836,0.0,5.0080969,15.196620733111198,0.10227249994436181,3.9155120180746428
Shillong,2026-10-10 02:00:00,3,14.551816848183147,0.0233465766534233,4.9268614,15.132569263652853,0.08651174080134436,3.8643987728885008
Shillong,2026-10-10 03:00:00,3,14.440102659897338,0.0116732883267116,5.1699235,15.452002238490772,0.037562915549008966,3.4767208773755627
Shillong,2026-10-10 04:00:00,3,14.435683564316436,0.0,5.2186599,15.534462669851022,0.02662907435426798,3.5237480630580302
Shillong,2026-10-10 05:00:00,3,14.531885768114227,0.0,5.135716799999999,15.636229456361505,0.02999882310389795,4.85032439613976
Shillong,2026-10-10 06:00:00,3,15.989341410658586,0.0,4.2052563,16.859087736715683,0.028716853696826316,3.901436021589708
Shillong,2026-10-10 07:00:00,3,18.343359956640043,0.0,3.4654652999999995,19.2374476648637,0.05180950380964507,3.4591662661814797
Shillong,2026-10-10 08:00:00,3,19.910035889964107,0.0,5.460555499999999,21.24803904029864,0.02450437803228364,5.802978839389014
Shillong,2026-10-10 09:00:00,3,20.88420701579298,0.1313021686978313,6.724210299999999,22.243445796491528,0.1448532695142685,7.50541191373577
Shillong,2026-10-10 10:00:00,3,21.326405673594323,0.5048473951526049,7.189153899999999,23.02257723203677,0.42326936757536676,7.69207127119883
Shillong,2026-10-10 11:00:00,3,21.029082270917726,1.0906346093653907,6.494791599999999,22.314748143203733,0.11444948759375506,6.489558512684126
Shillong,2026-10-10 12:00:00,3,20.772066427933567,0.6072892927107074,6.501412,22.04637347733525,0.3239169489186799,6.473002824381433
Shillong,2026-10-10 13:00:00,3,20.62015917984081,0.6849890150109851,6.9450188,21.889184165827324,0.38886542507877764,6.662693310847401
Shillong,2026-10-10 14:00:00,3,20.33385726614273,0.6137785862214139,6.229460400000001,21.566913627044304,0.24798502956770746,5.9110204561733095
Shillong,2026-10-10 15:00:00,3,19.544112755887245,0.1130810869189131,4.9690695,20.435584798957116,0.10150972629797383,5.0573483803239
Shillong,2026-10-10 16:00:00,3,18.427630772369227,0.0253665746334253,3.3355409000000007,19.19851810796086,0.07561757280532355,2.975380802327187
Shillong,2026-10-10 17:00:00,3,17.219189880810116,0.0104193895806104,2.1471427000000003,17.983036607395974,0.03843249418901212,2.0005432541225496
Shillong,2026-10-10 18:00:00,3,16.521083378916618,0.0,3.0041502,17.17814949173123,0.05038892576000535,2.509256458419795
Shillong,2026-10-10 19:00:00,3,16.1064321935678,0.0,3.340897,16.75476356744953,0.04081111228097632,2.8145628006704877
Shillong,2026-10-10 20:00:00,3,15.848394551605448,0.0,3.613378200000001,16.46059518833724,0.0485524080702309,3.0348900401535293
Shillong,2026-10-10 21:00:00,3,15.595714004285997,0.0,3.8486555,16.219506901904907,0.058491524884481144,3.3301562253840107
Shillong,2026-10-10 22:00:00,3,15.41168018831981,0.0,4.046136199999999,16.04339801307645,0.0645397515867106,3.416931481582341
Shillong,2026-10-10 23:00:00,3,15.210094889905108,0.0,4.160216,15.841812714661751,0.07614421024152204,2.518452628853133
Shimla,2026-10-08 00:00:00,1,10.1175787,0.0,5.8410997,10.006848217638247,0.03978501975266812,2.8485868139527635
Shimla,2026-10-08 01:00:00,1,9.6727966,0.0,6.1743656,9.562066117638247,0.050751504098122416,3.1818527139527633
Shimla,2026-10-08 02:00:00,1,9.2796143,0.0,6.1060328,9.165733158307422,0.050429431838200485,3.113519913952764
Shimla,2026-10-08 03:00:00,1,8.8421233,0.0,6.0174312,8.724936348456103,0.040107695548860775,3.0249183139527633
Shimla,2026-10-08 04:00:00,1,8.5847007,0.0,5.8616164,8.467513748456103,0.03973680460924662,2.891672779249912
Shimla,2026-10-08 05:00:00,1,8.6776146,0.0,5.594011300000001,8.943102315346957,0.040429767808782706,2.677014996175673
Shimla,2026-10-08 06:00:00,1,8.9612963,0.0,5.1775459,9.215469156553711,0.036673317456958066,2.260549596175672
Shimla,2026-10-08 07:00:00,1,10.6534592,0.0,4.0317582000000005,10.91987572314908,0.03842769003931462,2.047079048229611
Shimla,2026-10-08 08:00:00,1,13.283696099999998,0.0,1.9893548,13.653047351061755,0.04067420299821341,1.3551696492947176
Shimla,2026-10-08 09:00:00,1,15.23447,0.0,3.5996742,15.646737906374545,0.04159429769877388,3.3377502597433764
Shimla,2026-10-08 10:00:00,1,16.6276851,0.0,6.4846267,17.03165104357684,0.040889540553900386,6.700905551105562
Shimla,2026-10-08 11:00:00,1,17.5903594,0.0,8.8207355,17.849301931981227,0.05214989004054885,9.515474595442308
Shimla,2026-10-08 12:00:00,1,18.060853400000003,0.0,10.245800400000002,18.2814648850207,0.08870559554949473,11.16823128395283
Shimla,2026-10-08 13:00:00,1,18.0701935,0.0,10.5317454,18.272735251981796,0.06998469447026143,11.442055982621282
Shimla,2026-10-08 14:00:00,1,17.8271693,0.0,10.0214259,18.013181757968177,0.07235406459195107,10.618430685527379
Shimla,2026-10-08 15:00:00,1,17.3289203,0.0229505,8.9468503,17.42098373893312,0.08881551758105174,10.134553340453868
Shimla,2026-10-08 16:00:00,1,16.4934239,0.0229505,7.348210400000001,16.32688994368528,0.0740938199319442,7.8041789919591
Shimla,2026-10-08 17:00:00,1,15.0919523,0.0229505,5.518087,14.858188980326966,0.07246502741416211,3.89916374927914
Shimla,2026-10-08 18:00:00,1,13.4600557,0.0,2.9964725,13.01601775532673,0.038598531283903184,1.9403787801028025
Shimla,2026-10-08 19:00:00,1,12.463298600000002,0.0,2.9069959,12.033237411099837,0.03268584112989001,2.0055924287713225
Shimla,2026-10-08 20:00:00,1,11.6717052,0.0,4.0944745,11.371254484579305,0.030231321161410737,1.9714631379841077
Shimla,2026-10-08 21:00:00,1,11.0476405,0.0,5.466408900000001,10.764518930291851,0.03206441718980212,2.5238900810869738
Shimla,2026-10-08 22:00:00,1,10.5081295,0.0,6.2075046,10.218028466100927,0.03410175848419973,3.278662984655932
Shimla,2026-10-08 23:00:00,1,10.0307752,0.0,6.4995975,10.29813534204735,0.03466181941931459,3.570755884655932
Shimla,2026-10-09 00:00:00,2,9.5273111,0.0238788,6.613747813747813,9.416580617638248,0.07908470590495675,3.6344143428397104
Shimla,2026-10-09 01:00:00,2,9.1175937,0.0238788,6.665911665911665,9.006863217638248,0.08140841250142769,3.686578195003562
Shimla,2026-10-09 02:00:00,2,8.7729795,0.0,6.665385765385764,8.659098358307421,0.04489174892596196,3.6728728793385277
Shimla,2026-10-09 03:00:00,2,8.5716655,0.0,6.944357244357244,8.454478548456102,0.04489174892596196,3.9518443583100074
Shimla,2026-10-09 04:00:00,2,8.5043289,0.0,7.04016494016494,8.387141948456103,0.05186561281018501,4.070221319414852
Shimla,2026-10-09 05:00:00,2,8.708704599999999,0.0,6.940419540419541,8.979575039986686,0.04489174892596196,4.023423236595212
Shimla,2026-10-09 06:00:00,2,9.2185049,0.0621985999999999,6.197988497988498,9.47806048119344,0.11023756252366847,3.767818929271122
Shimla,2026-10-09 07:00:00,2,10.8243262,0.0196709,4.86003126003126,11.090742723149079,0.06857991047476412,2.3889809415219716
Shimla,2026-10-09 08:00:00,2,13.3904853,0.0196709,2.5955579955579955,13.778641309454194,0.06786292189154283,2.0247671943092307
Shimla,2026-10-09 09:00:00,2,15.6828931,0.0590126999999999,2.573975273975273,16.138272252168694,0.20819705569741295,2.19147101874539
Shimla,2026-10-09 10:00:00,2,16.9131328,0.0590126999999999,6.074701374701373,17.319691008480394,0.1748958721654708,4.77129207484198
Shimla,2026-10-09 11:00:00,2,17.4968298,0.0590126999999999,8.280962780962781,17.883464709682357,0.1931277922925816,8.997359121084868
Shimla,2026-10-09 12:00:00,2,17.6406185,0.1550581,9.562324362324365,17.836422468795305,0.5083005134634899,10.484935022191397
Shimla,2026-10-09 13:00:00,2,17.430352099999997,0.1511086,9.584154584154584,17.64018441628201,0.3846522892876276,10.238744050978168
Shimla,2026-10-09 14:00:00,2,16.8221775,0.1938697,9.018178518178518,17.116162004726664,0.3370689195618515,7.573718914158
Shimla,2026-10-09 15:00:00,2,16.4102222,0.1870876,7.762726062726061,16.58869505503558,0.322317466611078,6.5820240958508105
Shimla,2026-10-09 16:00:00,2,15.6766951,0.1729117,5.684800884800884,15.532001229807888,0.29832683575071894,4.137525731467957
Shimla,2026-10-09 17:00:00,2,14.510209199999998,0.0870994,3.221032321032321,14.215610439717892,0.19427313796127488,2.3104196434040896
Shimla,2026-10-09 18:00:00,2,13.1015446,0.0,2.675643475643476,12.641433454323042,0.036637300107682805,1.7656037495943462
Shimla,2026-10-09 19:00:00,2,11.9109087,0.0,2.3721791721791723,11.37357093191312,0.04087463302438454,1.498470077677436
Shimla,2026-10-09 20:00:00,2,11.0568491,0.0,4.286823686823687,10.76464144326729,0.03233918909362023,1.8984259850062708
Shimla,2026-10-09 21:00:00,2,10.4408301,0.0,5.694488594488595,10.15770853029185,0.03416243218411916,3.0128270021347743
Shimla,2026-10-09 22:00:00,2,9.9487772,0.0,6.074465574465574,9.658676166100927,0.03336490762149089,3.3540603788319436
Shimla,2026-10-09 23:00:00,2,9.456677,0.0,6.307978807978808,9.740564224107422,0.03541935294124155,3.3654599890657804
Shimla,2026-10-10 00:00:00,3,9.2039032,0.0,6.6948946,9.093172717638247,0.04201314804673041,3.702381713952763
Shimla,2026-10-10 01:00:00,3,8.817086,0.0,6.9843470000000005,8.706355517638247,0.052657560132262776,3.991834113952764
Shimla,2026-10-10 02:00:00,3,8.3832843,0.0,7.0087280000000005,8.269403158307421,0.052657560132262776,4.016215113952764
Shimla,2026-10-10 03:00:00,3,7.959987099999999,0.0,7.3995149,7.8428001484561,0.052657560132262776,4.407002013952763
Shimla,2026-10-10 04:00:00,3,7.743219499999999,0.0,7.405450999999999,7.6260325484561,0.052657560132262776,4.435507379249911
Shimla,2026-10-10 05:00:00,3,7.7688859,0.0,7.1189365,8.039756339986686,0.052657560132262776,4.201940196175672
Shimla,2026-10-10 06:00:00,3,8.2108225,0.0,6.3555889,8.470378081193441,0.03629373175022745,3.4249153926067133
Shimla,2026-10-10 07:00:00,3,10.0257921,0.0,5.4394709,10.29220862314908,0.040219496542134615,2.522474596175672
Shimla,2026-10-10 08:00:00,3,12.8648666,0.0,3.0841156,13.275991569412522,0.03951628621738721,2.0096498995342715
Shimla,2026-10-10 09:00:00,3,14.997388900000004,0.0485728,2.0245378,15.484526456174798,0.19845737187547438,1.6796476540679552
Shimla,2026-10-10 10:00:00,3,16.4885989,0.0485728,4.9117011,16.979079124972614,0.15674336989177112,2.6340905921195508
Shimla,2026-10-10 11:00:00,3,17.3516249,0.0485728,6.8248289,17.672146896804573,0.21272522876861819,4.848213406388058
Shimla,2026-10-10 12:00:00,3,17.7702247,0.2671504,7.1842599,17.755414514510075,0.4538237953876476,5.342983368950289
Shimla,2026-10-10 13:00:00,3,17.7964336,0.2671504,7.688396099999999,17.980723643257626,0.46496787592436406,6.070731837281782
Shimla,2026-10-10 14:00:00,3,17.3770229,0.3636124,8.293299399999999,17.570623639119333,0.5573223227798823,6.714032903357342
Shimla,2026-10-10 15:00:00,3,16.7848364,0.048231,6.6580625,16.876147615486655,0.11888441673861697,5.1468036405447615
Shimla,2026-10-10 16:00:00,3,15.926579800000004,0.0375208,4.4910363,15.737006908506567,0.1077986038654816,2.7678032901557135
Shimla,2026-10-10 17:00:00,3,14.381799400000002,0.1072424,3.1319680000000005,14.095691715100962,0.14468940273630462,2.2061006367252767
Shimla,2026-10-10 18:00:00,3,12.7506975,0.0670265,2.1383342,12.184476168276664,0.10777408148436951,1.6420254806901697
Shimla,2026-10-10 19:00:00,3,11.5521678,0.0,3.577361,11.199670545726342,0.03604913174524045,2.2930982736062786
Shimla,2026-10-10 20:00:00,3,10.7077577,0.0268106,5.183173,10.412647979382708,0.06731379805015619,3.0712733971765767
Shimla,2026-10-10 21:00:00,3,10.119879,0.0,5.6559888,9.83675743029185,0.03495437950619691,2.713469981086973
Shimla,2026-10-10 22:00:00,3,9.5294275,0.0,5.8713641,9.236974024572968,0.036354304918260444,2.9288452810869727
Shimla,2026-10-10 23:00:00,3,9.0706496,0.0,6.32275,9.343162778805622,0.037894844848127496,3.393908384655932
Srinagar,2026-10-08 00:00:00,1,14.01776386447227,0.0,3.923462,14.693329225871683,0.048349303424536576,1.690980395890311
Srinagar,2026-10-08 01:00:00,1,13.14502010995978,0.0,3.7172706,13.843473630805436,0.049552804357137784,1.8883425190676608
Srinagar,2026-10-08 02:00:00,1,12.534999330001336,0.0,3.9020427,13.260636801544774,0.049552804357137784,1.5584985762745922
Srinagar,2026-10-08 03:00:00,1,12.23032573934852,0.0,4.103047999999999,12.91852807345566,0.049552804357137784,1.755397544138881
Srinagar,2026-10-08 04:00:00,1,11.917121265757467,0.0,4.531751900000001,12.298676878170719,0.048364836374797646,2.19850627199716
Srinagar,2026-10-08 05:00:00,1,11.67295985408029,0.0,4.6050856,12.10419565496033,0.06589751998077645,2.4795896774834896
Srinagar,2026-10-08 06:00:00,1,11.75498809002382,0.0,4.4148389,11.983905074784696,0.0607530812627315,2.3398026311782374
Srinagar,2026-10-08 07:00:00,1,12.999034301931395,0.0,3.1999105,13.176054683243786,0.0708675686932084,1.83109654322965
Srinagar,2026-10-08 08:00:00,1,15.62036425927148,0.0,1.89958,15.891350317611053,0.05434073628294413,2.359766009051232
Srinagar,2026-10-08 09:00:00,1,18.094381711236576,0.0,2.8516280000000003,18.353862126373553,0.04928758222131099,2.4908606313877595
Srinagar,2026-10-08 10:00:00,1,20.376733446533105,0.0,3.2659446,20.66380421562728,0.024672932100599714,2.552089092139879
Srinagar,2026-10-08 11:00:00,1,22.252367395265203,0.0,4.3909345,22.81582375881251,0.024948735347473227,2.9934025658494483
Srinagar,2026-10-08 12:00:00,1,23.672049055901887,0.0,4.9606449,23.97592206045455,0.029660327551342052,4.299256022934039
Srinagar,2026-10-08 13:00:00,1,24.64559800880398,0.0,5.3881975,24.860120564457606,0.03087266813384084,4.58220067184282
Srinagar,2026-10-08 14:00:00,1,24.97817414365171,0.0,6.198422600000001,25.0862953640712,0.02909700933692906,4.902352388499875
Srinagar,2026-10-08 15:00:00,1,24.483723332553332,0.0198324198324198,6.104068900000001,24.917988181066068,0.04637746098709657,5.40586192943297
Srinagar,2026-10-08 16:00:00,1,23.20626468747062,0.0099162099162099,5.9475821,23.709774161332803,0.034412205594725555,5.427427128205655
Srinagar,2026-10-08 17:00:00,1,21.32310285379429,0.375987875987876,6.3625836,21.76610576355106,0.2103046647563736,5.510342688907848
Srinagar,2026-10-08 18:00:00,1,18.808699382601237,0.3280131280131279,4.0710476,18.52750008214075,0.17620646010073898,4.186759289148477
Srinagar,2026-10-08 19:00:00,1,16.71586096827806,0.2869922869922869,6.9655924,16.424111046169582,0.26347616548433844,6.079874965992914
Srinagar,2026-10-08 20:00:00,1,15.301987896024206,0.1952253952253952,6.2235299,15.21674863214981,0.18263451956534832,5.41811371058308
Srinagar,2026-10-08 21:00:00,1,14.269338961322076,0.234029634029634,4.7547158000000005,14.317997101625654,0.20890732781746485,3.9857089038887334
Srinagar,2026-10-08 22:00:00,1,13.679597340805318,0.038092238092238,4.1787901,13.850387573338658,0.08393822601534788,2.491409954665467
Srinagar,2026-10-08 23:00:00,1,13.077633344733307,0.0281760281760281,4.4361173,14.098681826294401,0.06914793191304958,2.383874617055027
Srinagar,2026-10-09 00:00:00,2,12.29080369080369,0.026624,3.923220100000001,12.217350134786926,0.0744018984179355,1.6163810521724757
Srinagar,2026-10-09 01:00:00,2,11.675597175597176,0.026624,4.169880000000001,11.989924818432435,0.07423243076572705,1.8151752689637992
Srinagar,2026-10-09 02:00:00,2,11.170630370630372,0.026624,4.353081900000001,11.498534174506018,0.07201778897797363,1.9857898518641366
Srinagar,2026-10-09 03:00:00,2,10.616873716873718,0.026624,4.1935937,11.094745183192586,0.07201778897797363,1.8239794565438974
Srinagar,2026-10-09 04:00:00,2,10.43819863819864,0.026624,3.764926300000001,11.007765931426325,0.07243994515169397,1.905295170252531
Srinagar,2026-10-09 05:00:00,2,10.416137516137518,0.026624,3.612059700000001,11.003111596847535,0.07489012928582782,2.116238300245466
Srinagar,2026-10-09 06:00:00,2,10.546408546408546,0.0,3.7260365,10.804290994303967,0.049406549725614604,2.232336905133261
Srinagar,2026-10-09 07:00:00,2,11.559346559346558,0.0,2.7349750000000004,11.641655790284466,0.05365062394764363,2.104484969595543
Srinagar,2026-10-09 08:00:00,2,13.606414506414506,0.0,2.3030234000000007,13.881581752487087,0.05599606438435816,2.427514657555804
Srinagar,2026-10-09 09:00:00,2,15.973842973842974,0.0,2.3800090000000003,16.35071688584056,0.05419080834298315,1.9216969062254554
Srinagar,2026-10-09 10:00:00,2,18.323833623833625,0.0,3.2181006000000005,18.76378477610268,0.03683021200226466,1.9903207610313645
Srinagar,2026-10-09 11:00:00,2,20.228335928335927,0.0,3.5494874000000007,20.64407307856969,0.02483294404908,2.3879052033666373
Srinagar,2026-10-09 12:00:00,2,21.64184024184024,0.0,3.113298800000001,22.083047127819896,0.023790925682778477,2.331340401165997
Srinagar,2026-10-09 13:00:00,2,22.95415325415326,0.0,4.7510038,23.243963426117173,0.024948735347473227,4.06405054871441
Srinagar,2026-10-09 14:00:00,2,23.606835106835103,0.0,5.694703300000001,23.995103751239782,0.025008688305846113,5.061556371638459
Srinagar,2026-10-09 15:00:00,2,23.765586465586463,0.0,6.168752200000001,24.296842963991,0.025008688305846113,5.039684008272225
Srinagar,2026-10-09 16:00:00,2,23.31686891686892,0.0112935,5.6745479,23.637506478121797,0.03474952565061971,4.633752623271331
Srinagar,2026-10-09 17:00:00,2,21.79456849456849,0.0338804999999999,4.221782500000001,21.95094929208216,0.05682834295499707,3.2830155202846543
Srinagar,2026-10-09 18:00:00,2,19.22601602601603,0.090348,3.274635300000001,19.184042134845267,0.11171624463054636,3.123896186835243
Srinagar,2026-10-09 19:00:00,2,17.365534565534567,0.0564675,3.0374749000000008,17.033026733976666,0.0926186269871884,2.3009092136927842
Srinagar,2026-10-09 20:00:00,2,15.987469587469588,0.1016415,3.983605700000001,15.992654126893852,0.05780498194887351,2.3920940582241377
Srinagar,2026-10-09 21:00:00,2,14.951562251562253,0.22587,4.306344,15.177418415411934,0.07321168631091804,2.341868987919287
Srinagar,2026-10-09 22:00:00,2,14.04090194090194,0.112935,4.4552019000000005,14.2695227973948,0.07240589748493521,2.403427276804477
Srinagar,2026-10-09 23:00:00,2,13.31794241794242,0.0564675,5.889921200000001,13.629343674460483,0.10001461747567314,3.9186324677194584
Srinagar,2026-10-10 00:00:00,3,12.865163434836562,0.164081564081564,5.730011000000001,13.252265104340282,0.12444022594668998,3.4056718283297758
Srinagar,2026-10-10 01:00:00,3,12.446794853205144,0.0356913356913356,4.400383400000001,13.063528098433471,0.08402690432001426,1.9797649839471152
Srinagar,2026-10-10 02:00:00,3,11.955208344791654,0.0,5.3224274000000005,12.418993733933071,0.049959427580597036,2.8712116866528032
Srinagar,2026-10-10 03:00:00,3,11.31250508749491,0.0,4.450889700000001,11.970278035142524,0.049959427580597036,2.0111945616984945
Srinagar,2026-10-10 04:00:00,3,10.778624121375875,0.0,4.5577139,11.28236253760449,0.050381583754317366,2.1979608259839476
Srinagar,2026-10-10 05:00:00,3,10.414010385989611,0.0,4.549208800000001,10.887494054693224,0.04883753429242889,2.3953712248169334
Srinagar,2026-10-10 06:00:00,3,10.61137138862861,0.0,3.9529794,10.852880706836526,0.04899992650215534,1.905005225328003
Srinagar,2026-10-10 07:00:00,3,12.13322396677603,0.0,3.3729066000000008,12.338607719818839,0.0540572471711029,2.020135529022246
Srinagar,2026-10-10 08:00:00,3,14.509441190558809,0.0,2.444499800000001,14.818362552247633,0.05474735950640339,2.559394159258729
Srinagar,2026-10-10 09:00:00,3,16.938138261861734,0.0,2.8133954000000005,17.272880988053174,0.05459743156644241,2.5900755924971017
Srinagar,2026-10-10 10:00:00,3,19.176838223161774,0.0,2.4790694,19.43846781482071,0.044595030206491734,2.1235035919657683
Srinagar,2026-10-10 11:00:00,3,21.023760776239214,0.0,3.5023745,21.31839471992321,0.022974091260053325,2.2956147024779026
Srinagar,2026-10-10 12:00:00,3,22.45380074619925,0.0,4.1069738000000005,22.804498789398725,0.023249780794491845,2.8977662208546366
Srinagar,2026-10-10 13:00:00,3,23.387090612909383,0.0,4.3839384,23.763924073513206,0.024769247836777163,3.8286814701166247
Srinagar,2026-10-10 14:00:00,3,23.71721788278212,0.0,4.2326284,24.050189948732093,0.02429824165731552,3.63125059382766
Srinagar,2026-10-10 15:00:00,3,23.23216856783143,0.039001039001039,5.9041563,23.548352501784134,0.16665241219632587,5.450384995468679
Srinagar,2026-10-10 16:00:00,3,22.191400208599784,0.039001039001039,6.347062100000001,22.401045707735925,0.21972605186711142,5.304657835514376
Srinagar,2026-10-10 17:00:00,3,20.76449753550246,0.039001039001039,7.6591037,21.00126335230253,0.19466776278302128,6.580385308364075
Srinagar,2026-10-10 18:00:00,3,18.671061428938568,0.3252514252514251,7.613976000000002,18.536786078503273,0.2051532312209054,6.684882746991299
Srinagar,2026-10-10 19:00:00,3,16.95346284653715,0.1303910303910304,8.262840400000002,16.768436324180275,0.19652830298893043,6.952514881000926
Srinagar,2026-10-10 20:00:00,3,15.516435783564214,0.1611263611263611,5.8748653000000015,15.59290565427586,0.18057386881400994,4.872722989024514
Srinagar,2026-10-10 21:00:00,3,14.425667674332324,0.1255419255419255,4.8158554,14.51860120407534,0.18725814415650244,3.2780139398278436
Srinagar,2026-10-10 22:00:00,3,13.76129773870226,0.0535120535120535,3.816443500000001,14.005420677523363,0.09966959906819889,2.438384357259917
Srinagar,2026-10-10 23:00:00,3,13.048238051761947,0.0535120535120535,3.2001926000000003,14.033731915948225,0.10298147738985339,1.912207713355254
Surat,2026-10-08 00:00:00,1,28.211196,0.0,5.273644326355673,28.2993203852298,0.037290223250244316,4.924536235667848
Surat,2026-10-08 01:00:00,1,27.656903000000003,0.0,4.905154994845005,27.78785618152835,0.037407338685720264,4.9169787977393025
Surat,2026-10-08 02:00:00,1,27.1500632,0.0,4.621748678251322,27.278632308318688,0.04271735109277427,4.682432848831177
Surat,2026-10-08 03:00:00,1,26.6426503,0.0,4.7258427741572255,26.758550126083914,0.04599265221166144,4.79054191459717
Surat,2026-10-08 04:00:00,1,26.1988433,0.0,5.339649860350139,26.312310856964743,0.038371703667711796,5.078083995774299
Surat,2026-10-08 05:00:00,1,26.0286382,0.0,5.184696815303184,25.983195040013964,0.04207589144090398,4.73749343937563
Surat,2026-10-08 06:00:00,1,26.0967447,0.0,5.237727762272237,26.04245257073624,0.030300617923699927,4.524297752501026
Surat,2026-10-08 07:00:00,1,26.9923691,0.0,5.557920442079557,26.942953927995706,0.02392110490620566,4.352539216389757
Surat,2026-10-08 08:00:00,1,28.993356,0.0,6.657304742695256,29.572695096248985,0.02343292088525665,5.087491980651803
Surat,2026-10-08 09:00:00,1,31.351993,0.0,8.2007206992793,32.15345106466941,0.024762759687029023,6.611805716264815
Surat,2026-10-08 10:00:00,1,33.5146658,0.0,9.07247172752827,34.06717806352071,0.022579893383400558,7.756679816729773
Surat,2026-10-08 11:00:00,1,35.3476541,0.0,9.111707888292113,35.05409904519104,0.022813644630020717,8.004630964163566
Surat,2026-10-08 12:00:00,1,36.420803,0.0,8.7010613989386,36.093284263515585,0.02233345977761611,7.628043147274041
Surat,2026-10-08 13:00:00,1,36.860188400000006,0.0,7.769263730736268,36.48639930675153,0.02233345977761611,6.775424228318866
Surat,2026-10-08 14:00:00,1,36.6667473,0.0,8.07142882857117,36.02527571497273,0.022222264373567578,7.0313514296694075
Surat,2026-10-08 15:00:00,1,36.3237841,0.0,9.186567613432386,35.45274978662666,0.021901649661532723,7.874355706728244
Surat,2026-10-08 16:00:00,1,35.520819800000005,0.0,11.35035364964635,34.5376897474781,0.02648482622635784,9.409102817518438
Surat,2026-10-08 17:00:00,1,34.263555600000004,0.0,11.72201727798272,33.323976339617786,0.025430279604554285,9.62132127097979
Surat,2026-10-08 18:00:00,1,32.76173,0.0,10.608977091022908,31.90894236887751,0.020733502525630255,8.718654656050449
Surat,2026-10-08 19:00:00,1,31.6968527,0.0,9.264270535729462,30.950992880267144,0.020285189730581667,7.37977462243685
Surat,2026-10-08 20:00:00,1,30.81861660000001,0.0,7.914952085047913,30.245378243258727,0.01999959054838714,6.082672360149402
Surat,2026-10-08 21:00:00,1,30.1421845,0.0,6.587514512485487,29.62201484532505,0.01999959054838714,5.014339632065259
Surat,2026-10-08 22:00:00,1,29.45474770000001,0.0,5.543018956981043,28.935630830487675,0.019043880585244276,4.312463262248691
Surat,2026-10-08 23:00:00,1,28.8907535,0.0,5.125488674511325,28.761666810470004,0.019043880585244276,3.891227214183681
Surat,2026-10-09 00:00:00,2,28.2500526,0.0,4.934700965299036,28.017123918710702,0.02711695077548308,3.874199179224851
Surat,2026-10-09 01:00:00,2,27.5627745,0.0,5.050469549530451,27.397568208970025,0.025087781522609497,3.8729094851037074
Surat,2026-10-09 02:00:00,2,26.9562258,0.0,4.754408845591155,27.071360691638287,0.031232493073101476,3.702573308424234
Surat,2026-10-09 03:00:00,2,26.369364,0.0,4.4986977013023,26.480093765916457,0.0442235298685715,4.055634066285986
Surat,2026-10-09 04:00:00,2,26.0299041,0.0,5.404947995052005,26.09825698582025,0.03331102421527162,4.654225215688221
Surat,2026-10-09 05:00:00,2,25.8612653,0.0,5.046086853913146,25.788665578973877,0.03704182022666508,3.8302577446554
Surat,2026-10-09 06:00:00,2,25.9576463,0.0,5.016403583596417,25.908353848034796,0.03166340365508251,4.135217246261627
Surat,2026-10-09 07:00:00,2,26.8178294,0.0,4.883957416042584,26.768414227995706,0.02392110490620566,3.7882167402984734
Surat,2026-10-09 08:00:00,2,28.748697300000003,0.0,5.624004475995524,29.302634338599987,0.023367828060687424,4.4391961759522065
Surat,2026-10-09 09:00:00,2,31.0551924,0.0,6.961321038678961,31.867435641836703,0.023068785388257816,5.436089961443846
Surat,2026-10-09 10:00:00,2,33.2204572,0.0,8.195176504823495,33.82352766127062,0.02790533718691267,6.872111101801301
Surat,2026-10-09 11:00:00,2,34.9496731,0.0,8.342060257939742,34.6581210253438,0.02970188925189332,7.175272502512623
Surat,2026-10-09 12:00:00,2,35.9533541,0.0,7.935321264678736,35.59987777861033,0.02243445761302493,6.9200419330425165
Surat,2026-10-09 13:00:00,2,36.3548975,0.0,7.595410204589796,35.93556473000925,0.02287497609913891,6.465108945512726
Surat,2026-10-09 14:00:00,2,36.3847669,0.0,7.55068784931215,35.66560340821449,0.02276378069509038,6.335906037822098
Surat,2026-10-09 15:00:00,2,36.1716225,0.0,7.954235245764755,35.16549756125368,0.022443165983055523,6.72481090217907
Surat,2026-10-09 16:00:00,2,35.5394346,0.0,8.393208206791794,34.397014412373096,0.022034104071489344,6.927779151099723
Surat,2026-10-09 17:00:00,2,34.347807,0.0,9.036248463751535,33.265811852395984,0.020918225980567594,7.508359323435987
Surat,2026-10-09 18:00:00,2,32.6935945,0.0,8.896665703334296,31.6735153201038,0.02067076999771851,7.394146262347308
Surat,2026-10-09 19:00:00,2,31.3182156,0.0,7.161890738109262,30.508311981314996,0.020222457202669922,5.561138961670112
Surat,2026-10-09 20:00:00,2,30.3974283,0.0,5.3105693894306105,29.87775977665586,0.021143064995439338,4.082412292281679
Surat,2026-10-09 21:00:00,2,29.8441443,0.0,4.227874172125828,29.275099219750103,0.023846960960715802,3.8352560448171746
Surat,2026-10-09 22:00:00,2,29.3594823,0.0,3.6996099003901,28.836095067578853,0.020777067147274772,3.687875137211906
Surat,2026-10-09 23:00:00,2,28.7443468,0.0,4.770403429596571,28.641191088910556,0.019043880585244276,3.9894043432482995
Surat,2026-10-10 00:00:00,3,28.06914346914347,0.0,4.7720027,28.171406854436807,0.022373147582140974,3.7398955955888393
Surat,2026-10-10 01:00:00,3,27.388832588832585,0.0,4.0981755,27.51851038460866,0.034953826986249686,4.133463915505398
Surat,2026-10-10 02:00:00,3,26.746432346432343,0.0,4.626225099999999,26.868465149261464,0.03384190829831848,4.3257517680661675
Surat,2026-10-10 03:00:00,3,26.33011423011423,0.0,4.538969499999999,26.444701868056253,0.039464482471398124,3.546655936740093
Surat,2026-10-10 04:00:00,3,25.99108909108909,0.0,4.769445299999999,26.105395150549853,0.03715967975589899,3.66612335196968
Surat,2026-10-10 05:00:00,3,25.81281141281141,0.0,5.7157073,25.757742894004345,0.03448545291873415,4.220489995153571
Surat,2026-10-10 06:00:00,3,25.837044437044437,0.0,5.9992795,25.77573956112774,0.03212835307552514,4.401908093160575
Surat,2026-10-10 07:00:00,3,26.48713368713369,0.0,6.209381400000001,26.428594834440123,0.029543034346773734,4.454321209024649
Surat,2026-10-10 08:00:00,3,28.315990715990715,0.0,7.1813656,28.79389466477664,0.023727638836100535,5.380166033794155
Surat,2026-10-10 09:00:00,3,30.45939865939866,0.0,8.4107778,31.258217262640972,0.02322053900765197,6.197618475441301
Surat,2026-10-10 10:00:00,3,32.48711668711669,0.0,9.0698969,33.18778955179948,0.022295631331895497,7.215120528914795
Surat,2026-10-10 11:00:00,3,34.18140888140888,0.0,9.7265405,33.93357163185188,0.02161560390597791,7.8216592308168265
Surat,2026-10-10 12:00:00,3,35.24343704343704,0.0,9.2558383,34.86686946121543,0.022406994493803532,7.527101449010381
Surat,2026-10-10 13:00:00,3,35.78024268024268,0.0,8.940095500000002,35.33865116855869,0.02189294129150213,7.4872738621417705
Surat,2026-10-10 14:00:00,3,35.914052514052514,0.0,8.9124429,35.20201175187655,0.021781745887453602,7.510773170852174
Surat,2026-10-10 15:00:00,3,35.662053262053256,0.0,8.992653,34.70242407538949,0.02200264749694155,7.505117515773163
Surat,2026-10-10 16:00:00,3,35.03894713894714,0.0,9.0395906,33.96345745948459,0.021593585585375365,7.4063198652345665
Surat,2026-10-10 17:00:00,3,33.91061231061231,0.0,8.7844283,32.849117956941946,0.020918225980567594,7.064804818351529
Surat,2026-10-10 18:00:00,3,32.258201458201455,0.0,8.240869,31.23926124580446,0.02067076999771851,6.679179541567768
Surat,2026-10-10 19:00:00,3,31.02102252102252,0.0,7.2584663,30.278592954928257,0.02321061521945145,5.743023388561838
Surat,2026-10-10 20:00:00,3,30.127324327324324,0.0,5.7538748,29.611218883657294,0.022925016037256923,4.471539614740858
Surat,2026-10-10 21:00:00,3,29.39126279126279,0.0,5.1015193,28.890775198195456,0.018635793309423235,4.182825327979963
Surat,2026-10-10 22:00:00,3,28.826912926912925,0.0,4.628405000000001,28.50064036816762,0.019043880585244276,3.8454641806450574
Surat,2026-10-10 23:00:00,3,28.29103789103789,0.0,4.3119215,28.36372420115361,0.019488933001104308,3.4547832923017197
Thane,2026-10-08 00:00:00,1,28.142183700000007,0.0,3.7741663,27.146286506892313,0.020843731422354753,3.366418709936404
Thane,2026-10-08 01:00:00,1,27.6916929,0.0,3.8424348,26.708871459396008,0.022872877228593356,3.4113830775528493
Thane,2026-10-08 02:00:00,1,27.2606496,0.0,4.2528504,26.271782499951694,0.026089668123031342,3.7728373489541025
Thane,2026-10-08 03:00:00,1,26.8977783,0.0,3.9954368,25.905298339198232,0.026608367122546488,3.5018427385326314
Thane,2026-10-08 04:00:00,1,26.6916472,0.0,3.6290489,25.700053921013858,0.027494825308617063,3.3054488053966553
Thane,2026-10-08 05:00:00,1,26.6130312,0.0,3.7838041,25.599714271044977,0.03051378394397262,3.3616789527467636
Thane,2026-10-08 06:00:00,1,26.599276900000003,0.0,3.9963356,25.587591112071088,0.032396316659571114,3.60688727860786
Thane,2026-10-08 07:00:00,1,27.228272600000007,0.0,4.2752684,26.218670488033535,0.026247338639169192,3.8951936654727297
Thane,2026-10-08 08:00:00,1,28.805782100000005,0.0,4.6930244000000005,29.417156717656688,0.028874721520363383,4.282930942604455
Thane,2026-10-08 09:00:00,1,30.922016500000005,0.0,5.338203099999999,31.183134196646225,0.025830692727949803,4.458697117480411
Thane,2026-10-08 10:00:00,1,32.9899688,0.0,5.536574699999999,32.79184728978367,0.025072597122865026,4.5191918575916254
Thane,2026-10-08 11:00:00,1,34.78290150000001,0.0,5.541386200000001,34.429241077812456,0.02309102516035192,4.04716838305386
Thane,2026-10-08 12:00:00,1,35.8117329,0.0,5.012328999999999,35.42030086211458,0.026271229178678527,4.217409143744724
Thane,2026-10-08 13:00:00,1,36.2510994,0.0,5.1363159000000005,35.824639398337204,0.025842720606474343,4.672770595446334
Thane,2026-10-08 14:00:00,1,36.447081,0.0,5.1482958,35.774495117572265,0.02792836962536265,4.869356284588022
Thane,2026-10-08 15:00:00,1,36.38866510000001,0.0,6.452394699999999,35.56464925162795,0.026380935384117933,4.932524667327925
Thane,2026-10-08 16:00:00,1,35.7915936,0.0121843,7.573014899999999,34.901587261617564,0.041421782682841114,4.3020167970042795
Thane,2026-10-08 17:00:00,1,34.6542673,0.0,8.3845978,33.823134343155814,0.028872269467464393,5.042434974381657
Thane,2026-10-08 18:00:00,1,33.0111472,0.0,9.224834,32.19796515950034,0.021663986487645,5.8078770652320895
Thane,2026-10-08 19:00:00,1,31.9584794,0.0,9.4464407,31.200605391184112,0.021019566334462617,6.359203522925972
Thane,2026-10-08 20:00:00,1,30.985956600000005,0.0,8.6102617,30.215267730653288,0.020733967152268086,5.918060674948936
Thane,2026-10-08 21:00:00,1,30.274857400000005,0.0,6.915335799999999,29.48399744809906,0.020546107875619998,4.342360891838239
Thane,2026-10-08 22:00:00,1,29.6783853,0.0,5.7431153,29.2150201293641,0.025949896592415613,4.19534372747838
Thane,2026-10-08 23:00:00,1,29.087643900000003,0.0,5.0895923,28.946432401277846,0.027023730973654642,4.144190337762093
Thane,2026-10-09 00:00:00,2,28.56731803268196,0.0,4.7790803,27.575878236154953,0.03148252713192876,4.081046875589031
Thane,2026-10-09 01:00:00,2,27.99405610594389,0.0,4.545338300000001,27.004502264811823,0.029835225549386203,4.22094318815984
Thane,2026-10-09 02:00:00,2,27.433884266115733,0.0,4.510675100000001,26.444304386493197,0.03192662194187821,4.239783151797728
Thane,2026-10-09 03:00:00,2,26.928740271259723,0.0,4.256203800000001,25.936260310457957,0.03262520646848392,4.072919437287514
Thane,2026-10-09 04:00:00,2,26.53060266939733,0.0,3.9708653,25.539009390411188,0.04136908701522919,3.93358421092823
Thane,2026-10-09 05:00:00,2,26.328172871827125,0.0,3.8496427,25.31958016171537,0.041435161709401175,4.061577431133803
Thane,2026-10-09 06:00:00,2,26.28114901885098,0.0,3.984683,25.269463230922064,0.03471342167363091,4.0752822304317
Thane,2026-10-09 07:00:00,2,26.959442740557257,0.0,3.9578637000000008,25.949840628590785,0.03221604003615778,4.134396737962356
Thane,2026-10-09 08:00:00,2,28.602077997922,0.0,4.256899700000001,29.198383366180618,0.027709956406813143,4.190536918423927
Thane,2026-10-09 09:00:00,2,30.850700549299447,0.0,5.2458355,31.181096234676463,0.023999269350272558,4.151090453992303
Thane,2026-10-09 10:00:00,2,33.08750511249488,0.0,5.5268029,32.94637003742729,0.023548021233901668,4.851383059265214
Thane,2026-10-09 11:00:00,2,34.90176089823909,0.0,5.482872500000001,34.65586462619874,0.030439092055559662,4.7689877422447156
Thane,2026-10-09 12:00:00,2,36.07879592120408,0.0,5.519935200000002,35.88441118440911,0.0302328039281609,4.896196115101924
Thane,2026-10-09 13:00:00,2,36.71371048628951,0.0,5.1676051,36.400380260268165,0.03023623554020126,4.848541299800135
Thane,2026-10-09 14:00:00,2,36.9051322948677,0.0,5.149703100000001,36.336406277159504,0.026969511536148426,4.901830098724247
Thane,2026-10-09 15:00:00,2,36.6094190905809,0.0212109787890212,6.226913800000001,35.78592481868734,0.049579313938072495,3.873593303598023
Thane,2026-10-09 16:00:00,2,35.851876748123246,0.0,8.029359500000002,35.13205663465323,0.03421467303646812,4.92325127833548
Thane,2026-10-09 17:00:00,2,34.66184383815615,0.0,9.948139200000004,33.9046820873371,0.02698773609577487,6.530472535005314
Thane,2026-10-09 18:00:00,2,33.04037225962774,0.0,9.850808,32.28568960340554,0.021467879129511206,6.692912273961646
Thane,2026-10-09 19:00:00,2,31.83811556188444,0.0,8.126452600000002,31.06717786828938,0.020831707057814532,5.324966930558887
Thane,2026-10-09 20:00:00,2,30.888269611730387,0.0,6.439677900000001,30.084007867482107,0.020546107875619998,4.262309505467432
Thane,2026-10-09 21:00:00,2,30.106391693608305,0.0,4.998838600000001,29.297865752303707,0.020546107875619998,4.306346423993485
Thane,2026-10-09 22:00:00,2,29.512727987272008,0.0,3.4716688,28.703929842880182,0.025066994531335395,3.2218372138683247
Thane,2026-10-09 23:00:00,2,28.954711245288756,0.0,3.2605203000000005,28.740677437534895,0.026688810140684173,3.0404131128854917
Thane,2026-10-10 00:00:00,3,28.3778333,0.0,3.6367763,27.372204504763303,0.023357892635534498,3.190712506500519
Thane,2026-10-10 01:00:00,3,27.8587105,0.0,3.5329865000000003,26.867270703472993,0.028014396838852824,3.165741253027837
Thane,2026-10-10 02:00:00,3,27.2443775,0.0,3.2290016000000006,26.26072338588078,0.03244676368806999,2.9058179957428734
Thane,2026-10-10 03:00:00,3,26.6983263,0.0,3.607177300000001,25.710134879491562,0.03433228474417739,3.0131016048835657
Thane,2026-10-10 04:00:00,3,26.1815978,0.0,3.3447575000000005,25.176276506926893,0.040962463791769925,3.440759832414749
Thane,2026-10-10 05:00:00,3,25.8780633,0.0,3.5995249000000005,24.86368581251067,0.04232670448830571,3.7113794837489533
Thane,2026-10-10 06:00:00,3,25.8200631,0.0,3.690484100000001,24.818969450274444,0.034056938715488545,3.86149623861458
Thane,2026-10-10 07:00:00,3,26.588797,0.0,3.5506382,25.575793029555825,0.0362986215307233,3.7986048381925004
Thane,2026-10-10 08:00:00,3,28.2206217,0.0,3.6342181,28.81454008998934,0.029325135458217907,3.8066277535345425
Thane,2026-10-10 09:00:00,3,30.3114668,0.0,4.616164800000001,30.670531229473394,0.02610344524494503,4.023745693577078
Thane,2026-10-10 10:00:00,3,32.3289385,0.0,5.3817374,32.33641199328851,0.025072597122865026,4.576268287065619
Thane,2026-10-10 11:00:00,3,34.0381146,0.0,6.0296418,33.92849684980424,0.023548021233901668,4.271274566719844
Thane,2026-10-10 12:00:00,3,35.2241102,0.0,6.3219723000000005,35.2031254172558,0.031963667944523017,4.942100723129824
Thane,2026-10-10 13:00:00,3,36.0772401,0.0,6.0949585,35.87322979781763,0.03254559817655448,5.081282906202089
Thane,2026-10-10 14:00:00,3,36.503054,0.0,5.723500600000001,36.02544402157483,0.029850620976212203,5.132455393437216
Thane,2026-10-10 15:00:00,3,36.3988031,0.0,5.949966200000001,35.72186231983407,0.03187577114190145,3.5388324400996582
Thane,2026-10-10 16:00:00,3,35.8871834,0.0,7.905852900000001,35.06785704160214,0.030854110585370815,4.572368997042285
Thane,2026-10-10 17:00:00,3,34.7440142,0.0,10.1672144,33.97257306878437,0.03928834227320363,6.706808563619601
Thane,2026-10-10 18:00:00,3,33.07925,0.0,10.8598147,32.06932762546314,0.021467879129511206,7.48898378060777
Thane,2026-10-10 19:00:00,3,31.8923712,0.0,9.6499001,31.176612930645977,0.020831707057814532,6.720865207388179
Thane,2026-10-10 20:00:00,3,31.162603600000004,0.0,8.288388400000002,30.370871175957948,0.020546107875619998,5.587824715178197
Thane,2026-10-10 21:00:00,3,30.6342246,0.0,7.171201900000002,29.78217920058856,0.020546107875619998,4.611493117024673
Thane,2026-10-10 22:00:00,3,30.1944323,0.0,5.933356399999999,29.305733145496323,0.02436371875603577,3.5295290334412606
Thane,2026-10-10 23:00:00,3,29.5848781,0.0,5.7423729,28.865041356487026,0.028017020950734377,3.3923741558113174
Thiruvananthapuram,2026-10-08 00:00:00,1,26.320972079027925,0.1159153159153159,3.0097587000000003,25.77556085406454,0.17406494500341638,4.79337795937013
Thiruvananthapuram,2026-10-08 01:00:00,1,26.018144581855424,0.1159153159153159,3.5511364000000003,25.47560854067585,0.16888272334377172,5.174606852790663
Thiruvananthapuram,2026-10-08 02:00:00,1,25.73938996061004,0.1159153159153159,3.9721477,25.196853919430467,0.1720682387874183,5.5503368392602495
Thiruvananthapuram,2026-10-08 03:00:00,1,25.529224570775437,0.1159153159153159,3.7939949,24.992697139302166,0.17167855269445648,5.33609023902744
Thiruvananthapuram,2026-10-08 04:00:00,1,25.422493377506623,0.1159153159153159,3.4860684,24.886695708359643,0.16902074936477648,4.896015939611869
Thiruvananthapuram,2026-10-08 05:00:00,1,25.478603921396083,0.1159153159153159,2.9398445000000004,24.9441091934074,0.1836698133780005,4.358780305779325
Thiruvananthapuram,2026-10-08 06:00:00,1,25.781868218131784,0.1365889365889366,2.9170201,25.202512078867496,0.22413556883908564,4.128905053207868
Thiruvananthapuram,2026-10-08 07:00:00,1,26.85405514594485,0.1955623955623955,2.3474851,26.231429261027973,0.29459040764239175,4.116058183948495
Thiruvananthapuram,2026-10-08 08:00:00,1,28.24753525246475,0.1365889365889366,1.9086578,28.02431523449558,0.22540476514145213,4.165887622227556
Thiruvananthapuram,2026-10-08 09:00:00,1,29.460681839318163,0.3719081719081719,2.7896353000000005,30.439479542676757,0.519254897996191,5.076086256361354
Thiruvananthapuram,2026-10-08 10:00:00,1,30.57271902728097,0.3522503522503521,4.587424599999999,31.660650704568248,0.5508975171299261,5.95443964198913
Thiruvananthapuram,2026-10-08 11:00:00,1,31.12964097035904,0.3067673067673067,7.2229107,32.22325717934741,0.4630440193223113,8.400851108439813
Thiruvananthapuram,2026-10-08 12:00:00,1,30.52748667251333,1.7412461412461413,8.3346049,31.353933580315108,2.6170641932637793,11.203792181167547
Thiruvananthapuram,2026-10-08 13:00:00,1,29.63726206273794,2.2776763776763778,7.9556153,30.27710599928947,3.032798364521528,10.866874891401034
Thiruvananthapuram,2026-10-08 14:00:00,1,29.213623986376017,1.605053805053805,6.310609199999999,29.524477794908016,1.65617627129744,9.064829749969624
Thiruvananthapuram,2026-10-08 15:00:00,1,28.60712449287551,1.4348662348662349,5.44931,28.28558256974859,1.8521759319668565,6.824501081512798
Thiruvananthapuram,2026-10-08 16:00:00,1,28.11686708313292,0.7812585812585813,4.9473912,27.92881193694699,0.6924293505707927,6.344473665314061
Thiruvananthapuram,2026-10-08 17:00:00,1,27.598568201431803,0.6491873491873491,4.1361614,27.55653360376019,0.6652230479564399,5.86362731767797
Thiruvananthapuram,2026-10-08 18:00:00,1,27.044825555174448,1.0258113258113255,3.0514553,26.585503777634727,1.383650634579029,4.673336179015241
Thiruvananthapuram,2026-10-08 19:00:00,1,26.65421864578136,0.8508826508826507,3.0996495000000004,26.15838282368758,1.0197540719164526,4.527181203215369
Thiruvananthapuram,2026-10-08 20:00:00,1,26.3988191011809,0.3606947606947607,2.8861966,26.008761780256304,0.4474906583297522,4.002695712689733
Thiruvananthapuram,2026-10-08 21:00:00,1,26.170230629769375,0.2318306318306318,2.8193361,25.794623983948775,0.29799304182251507,3.9668067869774197
Thiruvananthapuram,2026-10-08 22:00:00,1,25.91363908636092,0.2318306318306318,2.6204034000000003,25.51067419952767,0.33607425117872036,3.9032407345969364
Thiruvananthapuram,2026-10-08 23:00:00,1,25.60839589160411,0.2318306318306318,2.9814289,25.128555035269194,0.3416345860785606,4.098588812386746
Thiruvananthapuram,2026-10-09 00:00:00,2,25.364843535156467,0.0194202,2.8851243,24.843839297841072,0.08671197452093565,4.196302687202517
Thiruvananthapuram,2026-10-09 01:00:00,2,25.130070969929037,0.0194202,2.7122375,24.612919247428895,0.08733408175404853,4.021281131778181
Thiruvananthapuram,2026-10-09 02:00:00,2,24.882478817521186,0.0194202,3.1067734000000007,24.389152267241453,0.08984902981232745,4.537115240914672
Thiruvananthapuram,2026-10-09 03:00:00,2,24.68050591949408,0.0194202,3.5221284,24.164829922320127,0.09575239920252376,4.972192980042153
Thiruvananthapuram,2026-10-09 04:00:00,2,24.508160791839213,0.0194202,3.6966283,23.991991967276423,0.09155471453342807,5.107342603647168
Thiruvananthapuram,2026-10-09 05:00:00,2,24.52445237554763,0.0194202,3.6795817,24.055952565794374,0.08957920072512429,5.047028298815061
Thiruvananthapuram,2026-10-09 06:00:00,2,24.74309025690975,0.0973355,3.5381873,24.255381084691745,0.21787465649192464,4.865634564766842
Thiruvananthapuram,2026-10-09 07:00:00,2,25.760434339565663,0.0973355,3.3930756,25.232661378192347,0.23077736935689802,4.764917188089717
Thiruvananthapuram,2026-10-09 08:00:00,2,27.181011418988582,0.0973355,3.1829742,26.97269448741478,0.22732579868923974,5.678351410095498
Thiruvananthapuram,2026-10-09 09:00:00,2,28.863453536546466,0.0194671,3.249314,28.682458949988607,0.10866636237075222,5.712780601839997
Thiruvananthapuram,2026-10-09 10:00:00,2,30.263443636556367,0.0391974,5.196711500000001,31.378650058915895,0.11981527174362228,7.1617865625601596
Thiruvananthapuram,2026-10-09 11:00:00,2,30.974576825423178,0.2393589,8.025136700000001,31.803134979516585,0.272614733158658,8.988267022697304
Thiruvananthapuram,2026-10-09 12:00:00,2,30.888344611655395,1.1852817,8.978089100000002,31.783853806631335,1.7204959288887391,10.609715960179207
Thiruvananthapuram,2026-10-09 13:00:00,2,30.143024056975943,1.4704137000000002,9.2988694,30.883522761216597,1.8492439546436066,11.067022789382756
Thiruvananthapuram,2026-10-09 14:00:00,2,29.08166331833668,1.6357626,7.9667964,29.383599399669837,2.0151540884019528,10.495949812525362
Thiruvananthapuram,2026-10-09 15:00:00,2,28.213053586946412,2.2590864,5.284049700000001,28.051337237102107,2.963238202141931,7.612808362775863
Thiruvananthapuram,2026-10-09 16:00:00,2,27.26204373795626,2.6152752999999995,3.7066055,27.11855867938321,2.726115628481803,6.045237384649976
Thiruvananthapuram,2026-10-09 17:00:00,2,26.47571232428768,3.0548355,4.0886802,26.50383081025483,3.051902757632799,6.209460034107576
Thiruvananthapuram,2026-10-09 18:00:00,2,26.072983627016377,1.3011331,4.147287,25.679150631328017,1.6435618855282783,5.895197000128302
Thiruvananthapuram,2026-10-09 19:00:00,2,25.79131940868059,1.2983261,4.5505038,25.318356935773256,1.5471795400231303,5.994838467476857
Thiruvananthapuram,2026-10-09 20:00:00,2,25.475727024272977,2.1035734,6.166135100000001,24.951630627237932,2.202934960583833,8.246037273489675
Thiruvananthapuram,2026-10-09 21:00:00,2,25.27469892530108,1.2129244999999995,5.869340299999999,24.733459744338266,1.172535313561126,6.961479156806256
Thiruvananthapuram,2026-10-09 22:00:00,2,25.213238486761515,0.3361498,4.9107400000000005,24.676452863416788,0.3671452655131577,5.8074084656838805
Thiruvananthapuram,2026-10-09 23:00:00,2,25.112916287083717,0.530404,4.362240900000001,24.584926501317454,0.761765406924606,5.48268166405478
Thiruvananthapuram,2026-10-10 00:00:00,3,24.91898571898572,0.3055932999999999,4.388403988403987,24.271634745575764,0.46375681605621216,5.7236150143046265
Thiruvananthapuram,2026-10-10 01:00:00,3,24.71600711600711,0.0589525,3.334840834840835,24.238386958198245,0.18082617286273464,4.818548240402513
Thiruvananthapuram,2026-10-10 02:00:00,3,24.466146966146965,0.0589525,3.595007395007394,23.993579384417153,0.17946791588928712,5.052601440187919
Thiruvananthapuram,2026-10-10 03:00:00,3,24.199982999983,0.0589525,3.777819477819478,23.72550835663709,0.17771969528539103,5.558819283655736
Thiruvananthapuram,2026-10-10 04:00:00,3,24.04619624619625,0.0589525,4.576829376829377,23.57172160285034,0.16756813718685964,6.231055415851346
Thiruvananthapuram,2026-10-10 05:00:00,3,24.04397774397774,0.0589525,4.797807597807598,23.587836381845122,0.1743872253961396,6.445437276579605
Thiruvananthapuram,2026-10-10 06:00:00,3,24.342395342395346,0.0,4.353302553302553,23.886253980262726,0.04878694829815883,5.224042060550053
Thiruvananthapuram,2026-10-10 07:00:00,3,25.426778026778024,0.0,3.749168149168149,25.109884750749824,0.054358025772336116,4.360306494789412
Thiruvananthapuram,2026-10-10 08:00:00,3,26.94170974170974,0.0,3.932640632640633,26.672467774536575,0.06073474418918184,4.81413380568795
Thiruvananthapuram,2026-10-10 09:00:00,3,28.254086554086552,0.3193903999999999,5.4435493435493445,27.940884741775236,0.4527740139191442,6.554106866194293
Thiruvananthapuram,2026-10-10 10:00:00,3,29.410164710164707,0.5392933,7.627887327887327,29.998920116851558,0.6174953192676212,8.950680569752128
Thiruvananthapuram,2026-10-10 11:00:00,3,30.1013156013156,0.5233754,8.853059853059852,30.662192958600254,0.5961770225393014,10.120983682985516
Thiruvananthapuram,2026-10-10 12:00:00,3,30.047735947735944,1.1221343,9.393413493413494,30.402836810974463,1.5453873606315571,11.265948367055538
Thiruvananthapuram,2026-10-10 13:00:00,3,29.437472337472336,1.1434434,9.463554963554964,29.786721215059895,1.5339303435652591,11.22544753475804
Thiruvananthapuram,2026-10-10 14:00:00,3,28.786455686455685,1.2301179,8.383146583146582,28.872158218365783,1.599622775343841,10.313438704811892
Thiruvananthapuram,2026-10-10 15:00:00,3,28.23597273597273,1.2060459,7.525473925473926,28.29346806733145,1.517550582415939,9.56841481966087
Thiruvananthapuram,2026-10-10 16:00:00,3,27.58311388311388,1.177891,6.198917698917699,27.652687410256124,1.6340170881153067,8.281875943305675
Thiruvananthapuram,2026-10-10 17:00:00,3,27.01092661092661,0.8548907,4.613276913276914,26.96349468966597,1.038081118823765,6.564906098182681
Thiruvananthapuram,2026-10-10 18:00:00,3,26.494372594372592,0.3462434,3.484364784364784,26.126445323983294,0.4001164524694532,5.088347711320885
Thiruvananthapuram,2026-10-10 19:00:00,3,26.193135493135493,0.4695638,3.937522737522738,25.801469229213346,0.5417529601734588,5.551116967861282
Thiruvananthapuram,2026-10-10 20:00:00,3,25.88051248051248,0.4167122,4.109827109827109,25.50088734468383,0.48036886316224753,5.427014283371063
Thiruvananthapuram,2026-10-10 21:00:00,3,25.63881903881904,0.1501734,4.2182479182479184,25.28115638307155,0.214865281742972,5.094740372052387
Thiruvananthapuram,2026-10-10 22:00:00,3,25.38974688974689,0.1325562,4.115878515878515,24.98385539612029,0.18729367821945228,5.251983399110917
Thiruvananthapuram,2026-10-10 23:00:00,3,25.12984342984343,0.114939,3.812455712455713,24.700759078862664,0.1591234320019264,5.005391039933863
Vadodara,2026-10-08 00:00:00,1,29.2057619,0.0,5.736096836096836,28.580071596883673,0.03413251151850063,4.795862145408101
Vadodara,2026-10-08 01:00:00,1,28.5150719,0.0,5.6645998645998645,28.16400923285227,0.02702069708417763,4.717135760820337
Vadodara,2026-10-08 02:00:00,1,27.900257,0.0,6.236920736920737,27.653481081632684,0.02547252967785114,5.132376009367585
Vadodara,2026-10-08 03:00:00,1,27.354249900000003,0.0,5.331120331120332,27.139514239294904,0.03170130339977372,4.50777497648509
Vadodara,2026-10-08 04:00:00,1,26.9356419,0.0,4.374388374388374,26.72196873168464,0.034654081347181065,4.584071243485439
Vadodara,2026-10-08 05:00:00,1,26.702276300000005,0.0,3.716605216605217,26.57132627360318,0.031470404641773746,4.258719417311124
Vadodara,2026-10-08 06:00:00,1,26.5779349,0.0,3.663676363676364,26.55252616489188,0.03027775177204011,4.1222640246398
Vadodara,2026-10-08 07:00:00,1,27.2675316,0.0,3.817274617274618,27.285191242735813,0.021450772646018842,4.208361547092717
Vadodara,2026-10-08 08:00:00,1,29.1827531,0.0,4.083139183139184,29.3220801267867,0.02129528238298831,4.252793154798026
Vadodara,2026-10-08 09:00:00,1,31.4245211,0.0,4.862908262908263,31.444108863760913,0.02002466412425617,4.71221458139694
Vadodara,2026-10-08 10:00:00,1,33.5191449,0.0,5.757635557635558,33.005805169890145,0.01796314837673801,4.8579822444069105
Vadodara,2026-10-08 11:00:00,1,35.3802164,0.0,6.556492456492457,34.826395247195975,0.01796314837673801,5.794062986054776
Vadodara,2026-10-08 12:00:00,1,36.5220025,0.0,6.996557296557297,35.81840482744807,0.018034889884298272,6.226778498432637
Vadodara,2026-10-08 13:00:00,1,37.1213682,0.0,6.730552530552531,36.34848149425808,0.019097824415169325,6.131752557841114
Vadodara,2026-10-08 14:00:00,1,37.2845858,0.0,6.556845856845857,36.32433903403158,0.017639432428744675,6.077673835108691
Vadodara,2026-10-08 15:00:00,1,37.2277356,0.0,7.137235937235938,36.2402440839201,0.016791266747118047,6.3965107154322025
Vadodara,2026-10-08 16:00:00,1,36.7498981,0.0,7.850825250825252,35.69978472049782,0.016382204835551865,6.5710527567523345
Vadodara,2026-10-08 17:00:00,1,35.7473936,0.0,7.55963165963166,34.61253821574852,0.015807843066152908,6.239321723196431
Vadodara,2026-10-08 18:00:00,1,34.1896543,0.0,6.916474916474916,32.84309684186002,0.015536011692930738,5.704547672720068
Vadodara,2026-10-08 19:00:00,1,32.8651171,0.0,6.638044938044938,31.775614124344976,0.018075856914663676,5.422688148598109
Vadodara,2026-10-08 20:00:00,1,31.7881485,0.0,6.115388315388316,31.094156409889706,0.014397494797635411,5.013418279159107
Vadodara,2026-10-08 21:00:00,1,30.9656127,0.0,5.725721525721527,30.45320841542441,0.017385652814416938,4.661272058626634
Vadodara,2026-10-08 22:00:00,1,30.167981300000005,0.0,5.091459391459392,29.687568051819444,0.01717587604971851,4.16300343608886
Vadodara,2026-10-08 23:00:00,1,29.322530800000003,0.0,5.453822253822255,29.078778874332738,0.015229861258664198,4.358801094922462
Vadodara,2026-10-09 00:00:00,2,28.7932522,0.0,6.09053279053279,28.287580483378918,0.020955987334231155,4.848609079815045
Vadodara,2026-10-09 01:00:00,2,28.0050971,0.0,5.270011570011569,27.68706760693579,0.023313325473017666,4.416105212838339
Vadodara,2026-10-09 02:00:00,2,27.3941319,0.0,4.45058175058175,27.165975820637357,0.026290184606978278,3.659720013900614
Vadodara,2026-10-09 03:00:00,2,26.8423546,0.0,4.558050958050958,26.75831411342572,0.025898100408717758,3.7251266563034013
Vadodara,2026-10-09 04:00:00,2,26.372636600000007,0.0,4.136859936859937,26.482649722276935,0.03057739427754129,3.624896261453761
Vadodara,2026-10-09 05:00:00,2,26.055448700000003,0.0,3.828730528730528,26.024871184424615,0.03102864953932075,3.9936563438012276
Vadodara,2026-10-09 06:00:00,2,25.933109400000003,0.0,3.533332733332733,25.919698780348945,0.027052707078060543,3.6562732647724943
Vadodara,2026-10-09 07:00:00,2,26.6251141,0.0,3.8061469061469055,26.64999087932701,0.02170146890545518,3.9374440897118084
Vadodara,2026-10-09 08:00:00,2,28.4912507,0.0,4.685872685872686,29.07029328604862,0.020916026574116526,4.4726392677581375
Vadodara,2026-10-09 09:00:00,2,30.7182479,0.0,5.392391492391492,30.819982321494305,0.018509403308209355,4.266269184235924
Vadodara,2026-10-09 10:00:00,2,32.761439900000006,0.0,5.956214756214756,32.69012800117711,0.01793402708347004,4.697812475114967
Vadodara,2026-10-09 11:00:00,2,34.4228645,0.0,5.9089953089953084,33.80754994150424,0.017678886325232946,4.771896484488745
Vadodara,2026-10-09 12:00:00,2,35.716434,0.0,5.793761493761494,35.038916070195015,0.017678886325232946,4.858483008191861
Vadodara,2026-10-09 13:00:00,2,36.5931557,0.0,6.073118673118671,35.831545705466006,0.017530362826009012,5.442839467724848
Vadodara,2026-10-09 14:00:00,2,37.019050500000006,0.0,6.88009258009258,36.09711209680648,0.017111881459152902,6.3703658053652
Vadodara,2026-10-09 15:00:00,2,36.9948486,0.0,7.758071858071857,36.05306316025871,0.017075528798623108,6.922198291466399
Vadodara,2026-10-09 16:00:00,2,36.4860807,0.0,7.915665215665214,35.47494138436728,0.016973752849864507,6.9366532120531765
Vadodara,2026-10-09 17:00:00,2,35.5224386,0.0,7.183706683706682,34.38258551353393,0.016067729727284884,6.249173463871232
Vadodara,2026-10-09 18:00:00,2,33.93072,0.0,5.698168398168398,32.546302250664475,0.015883006272347552,4.853329167662189
Vadodara,2026-10-09 19:00:00,2,32.4813545,0.0,4.477266577266576,31.759431512636755,0.016578167924351163,3.852885625040633
Vadodara,2026-10-09 20:00:00,2,31.395986200000003,0.0,3.5641199641199632,30.77832990182415,0.014031718753342979,3.2088495451379155
Vadodara,2026-10-09 21:00:00,2,30.5327836,0.0,4.044687644687644,29.99088445093329,0.015687046854757015,3.4515958344841713
Vadodara,2026-10-09 22:00:00,2,29.6317145,0.0,3.323420123420123,29.29914897278706,0.014377073501252275,3.0150101404049727
Vadodara,2026-10-09 23:00:00,2,28.836928200000003,0.0,3.443750543750544,28.599355744227974,0.02117811678292252,3.0808784911193623
Vadodara,2026-10-10 00:00:00,3,28.1921127,0.0,4.416839016839017,27.832339519011278,0.025919407664420066,3.774500364396587
Vadodara,2026-10-10 01:00:00,3,27.502002000000005,0.0,3.536874036874037,27.227788408460107,0.030749661508504472,3.440209667868449
Vadodara,2026-10-10 02:00:00,3,26.8683879,0.0,3.462887462887463,26.87285556911878,0.028147398557911648,3.006517212613301
Vadodara,2026-10-10 03:00:00,3,26.1122519,0.0,4.646776046776047,26.233302517163214,0.028004195043076413,3.8751642851620627
Vadodara,2026-10-10 04:00:00,3,25.685035300000003,0.0,4.629383029383029,25.835169808232564,0.03291989593874916,4.0174562172213895
Vadodara,2026-10-10 05:00:00,3,25.4521922,0.0,4.597231597231597,25.402994988779742,0.03646126149552092,4.209577311093585
Vadodara,2026-10-10 06:00:00,3,25.4526414,0.0,4.336458036458037,25.439456204822832,0.02897597209100049,3.778142075222621
Vadodara,2026-10-10 07:00:00,3,26.1796496,0.0,4.291019391019392,26.17190148433852,0.024469892257175715,3.7139342284751407
Vadodara,2026-10-10 08:00:00,3,28.0426578,0.0,4.885833685833687,28.596410871273235,0.020451223893231636,3.9367201570054937
Vadodara,2026-10-10 09:00:00,3,30.012722,0.0,5.912580112580113,29.935820270575856,0.020352724905283517,4.583421045048887
Vadodara,2026-10-10 10:00:00,3,31.9189073,0.0,6.417838317838318,32.020848585064954,0.018218289134975106,5.0069950899286555
Vadodara,2026-10-10 11:00:00,3,33.6491954,0.0,6.219174519174519,33.196225662665,0.01796314837673801,5.024459960361906
Vadodara,2026-10-10 12:00:00,3,34.9403434,0.0,6.0866687866687865,34.27437583006798,0.01796314837673801,5.022876390099393
Vadodara,2026-10-10 13:00:00,3,35.9122753,0.0,6.4165332165332165,35.19816441367577,0.017814624877514076,5.502806306886279
Vadodara,2026-10-10 14:00:00,3,36.402912,0.0,6.473562173562174,35.460861207074174,0.017703429473465548,5.910870993287376
Vadodara,2026-10-10 15:00:00,3,36.3152071,0.0,6.622909122909123,35.297060541337686,0.020346597387839123,6.118215392620382
Vadodara,2026-10-10 16:00:00,3,35.8378804,0.0,6.4602233602233605,34.70926559400534,0.019937535476272937,5.864170074817594
Vadodara,2026-10-10 17:00:00,3,34.9842449,0.0,5.591917491917492,33.875859374041305,0.016067729727284884,4.917766105575815
Vadodara,2026-10-10 18:00:00,3,33.6196661,0.0,5.028108728108728,32.2154794410733,0.015820273744435804,4.405154645533299
Vadodara,2026-10-10 19:00:00,3,32.2504428,0.0,4.861918761918762,31.25559978680431,0.015434693477298964,3.8271380625108375
Vadodara,2026-10-10 20:00:00,3,31.0700772,0.0,4.979778979778979,30.48842350799938,0.014744489377052224,3.8194684697723247
Vadodara,2026-10-10 21:00:00,3,29.943263,0.0,5.002864202864203,29.495679118012948,0.01508984412496152,3.797907111940453
Vadodara,2026-10-10 22:00:00,3,28.8602308,0.0,4.4045627045627045,28.575016384643256,0.024088614073331627,3.6562100707110634
Vadodara,2026-10-10 23:00:00,3,28.0829288,0.0,3.857672057672058,28.017647130339423,0.02986398893422733,3.455548730624844
Varanasi,2026-10-08 00:00:00,1,24.138987,0.0,3.4146753146753146,24.228080986222327,0.07489226538469715,3.0097329894794544
Varanasi,2026-10-08 01:00:00,1,23.8534963,0.0,2.556379256379256,23.90721060456611,0.07664939554277325,2.787728118191108
Varanasi,2026-10-08 02:00:00,1,23.6117332,0.0,1.871660071660072,23.6512556583766,0.08226735018615022,2.4710297833927353
Varanasi,2026-10-08 03:00:00,1,23.3865973,0.0,2.01988931988932,23.401817730360065,0.08507944366437437,2.6385963061297204
Varanasi,2026-10-08 04:00:00,1,23.2150119,0.0,2.567452667452668,23.23588812443477,0.09302634894164957,2.9399934015712748
Varanasi,2026-10-08 05:00:00,1,23.215867,0.0,3.674245174245175,23.473879063661446,0.07753633812808296,3.5681082988960493
Varanasi,2026-10-08 06:00:00,1,23.4624637,0.0603875396124603,2.6403606403606403,23.532699810707093,0.16208705499958811,3.075580685238038
Varanasi,2026-10-08 07:00:00,1,24.4823487,0.0771924228075771,2.584054784054784,24.63463681312518,0.1584143444334858,3.129061770552878
Varanasi,2026-10-08 08:00:00,1,25.753897400000003,0.0603875396124603,3.143785643785644,26.375623691654614,0.12940234546441415,3.537765201438301
Varanasi,2026-10-08 09:00:00,1,26.9447156,0.0603875396124603,2.8408137408137413,27.65723370864334,0.1295693353214156,3.7062840830126333
Varanasi,2026-10-08 10:00:00,1,28.0842148,0.0932163067836932,2.847663847663848,28.800662207505688,0.1634637023244306,3.736227013564589
Varanasi,2026-10-08 11:00:00,1,28.8285499,0.1424594575405424,2.892721292721293,29.543928731807345,0.2225920186397809,3.629017938162689
Varanasi,2026-10-08 12:00:00,1,29.3841276,0.0603875396124603,4.308417108417109,30.014470982571424,0.1306984804652399,4.568975561082157
Varanasi,2026-10-08 13:00:00,1,29.7787469,0.0603875396124603,5.556693856693856,29.984438521689192,0.1338084044355264,5.509973846665934
Varanasi,2026-10-08 14:00:00,1,29.7654421,0.0936068063931936,5.906848406848407,29.686538567594507,0.1756510955939054,5.596566363501998
Varanasi,2026-10-08 15:00:00,1,29.0423089,0.3672126327873671,5.964850364850364,28.808773240231783,0.312349234891325,5.733163410941348
Varanasi,2026-10-08 16:00:00,1,28.1897348,0.4492845507154492,6.043777943777944,27.98785493507919,0.3907643389979661,5.407353612783401
Varanasi,2026-10-08 17:00:00,1,27.3301234,0.4328701671298328,5.413953213953215,27.257762141721177,0.3931451880463927,5.532293665604363
Varanasi,2026-10-08 18:00:00,1,26.5864549,0.0314450685549314,4.836423336423336,26.447272984592338,0.16572835228200936,5.010401892596548
Varanasi,2026-10-08 19:00:00,1,26.0776822,0.0458071541928458,5.103869903869904,25.935763469833315,0.1344024349609803,5.075485566412549
Varanasi,2026-10-08 20:00:00,1,25.5613293,0.1032554967445032,5.234376934376934,25.426879174449308,0.18529372339226602,4.752236421956455
Varanasi,2026-10-08 21:00:00,1,25.1159621,0.0861725138274861,4.995039595039595,24.978505504662884,0.17282169489516958,4.623074692290645
Varanasi,2026-10-08 22:00:00,1,24.7125775,0.0718104281895718,4.203086203086203,24.561019593819697,0.16866463122261227,3.830609199706037
Varanasi,2026-10-08 23:00:00,1,24.458156,0.0574483425516574,3.3945639945639945,24.554374856419507,0.14517870202136768,3.1352405076727936
Varanasi,2026-10-09 00:00:00,2,24.1395964,0.0314207685792314,2.7928852,24.19418518960088,0.12762287384825238,2.921106943724851
Varanasi,2026-10-09 01:00:00,2,23.879572900000003,0.0157103842896157,2.6693955,23.934637372753745,0.11203672285190662,2.677116192645263
Varanasi,2026-10-09 02:00:00,2,23.690230000000003,0.0157103842896157,3.2937408,23.78015758279435,0.11297811095876557,2.9271721392462795
Varanasi,2026-10-09 03:00:00,2,23.477581700000005,0.0157103842896157,3.5658258,23.560219217040185,0.11383527947225405,3.1458058673523137
Varanasi,2026-10-09 04:00:00,2,23.305598900000003,0.0,4.2557670000000005,23.38674131785826,0.06312965179522737,3.5995637786704022
Varanasi,2026-10-09 05:00:00,2,23.253779900000005,0.0,4.1947067,23.513822861382888,0.05978870697241392,3.566483018445362
Varanasi,2026-10-09 06:00:00,2,23.561299400000003,0.0,3.9645563,23.821342361382886,0.0502978717385965,3.407601207746115
Varanasi,2026-10-09 07:00:00,2,24.490941100000004,0.0,4.2937075,24.772424052817794,0.059767526164576416,3.607423656427944
Varanasi,2026-10-09 08:00:00,2,25.707256000000008,0.0,4.6727993,26.398128662846332,0.07568290999875535,3.855942507073358
Varanasi,2026-10-09 09:00:00,2,27.022437100000005,0.0157103842896157,4.6239815,27.865903827921283,0.14987909021525453,4.173204871221827
Varanasi,2026-10-09 10:00:00,2,28.32869460000001,0.0,4.4590978,29.12614191349123,0.06767179380262128,4.26969564086225
Varanasi,2026-10-09 11:00:00,2,29.28958710000001,0.0471311528688471,4.0498821000000005,30.066388120519004,0.13412212017663608,4.493560443034414
Varanasi,2026-10-09 12:00:00,2,29.802052700000004,0.0497358502641497,4.2252027000000005,30.545954940901698,0.14272777798882583,4.454240681851489
Varanasi,2026-10-09 13:00:00,2,30.161192100000005,0.0811566188433811,4.9240885,30.841346824633295,0.1693410779412533,5.07544863767735
Varanasi,2026-10-09 14:00:00,2,30.26429020000001,0.0654462345537654,5.9389913000000005,30.83031803839544,0.15965281484672383,5.835605619680296
Varanasi,2026-10-09 15:00:00,2,30.0334056,0.0324240675759324,6.1215492000000005,30.030045939598033,0.11284329855931478,5.963538473931593
Varanasi,2026-10-09 16:00:00,2,29.467162300000005,0.0,5.8229388,29.433047180313647,0.06619333472477855,5.660573496409506
Varanasi,2026-10-09 17:00:00,2,28.412046400000005,0.0,5.104940600000001,28.457749108727338,0.06892856059670366,5.069403296243586
Varanasi,2026-10-09 18:00:00,2,27.53728760000001,0.0,5.1158182000000005,27.47841911538007,0.14880556472051487,5.138342148635943
Varanasi,2026-10-09 19:00:00,2,26.867481200000004,0.0,5.3289675,26.82501372456089,0.13467030968921012,5.137914373309919
Varanasi,2026-10-09 20:00:00,2,26.260367100000003,0.0,5.406548,26.2135226762801,0.11504063460277679,4.911281001929833
Varanasi,2026-10-09 21:00:00,2,25.69284200000001,0.0,5.5186586,25.646067474492472,0.08325758075055954,5.050949109410506
Varanasi,2026-10-09 22:00:00,2,25.10863950000001,0.0,5.3525763,24.98472665525272,0.0781857764725853,4.921401590430512
Varanasi,2026-10-09 23:00:00,2,24.674653200000005,0.0,5.249844,24.8310457269736,0.07825532966487656,4.884719288912338
Varanasi,2026-10-10 00:00:00,3,24.329018,0.0,5.244906655093344,24.421841183038513,0.08462576641554997,5.062612229469828
Varanasi,2026-10-10 01:00:00,3,23.9427597,0.0,4.767013132986866,24.030358587040404,0.08376622923370132,4.723479088924193
Varanasi,2026-10-10 02:00:00,3,23.6162941,0.0,5.131649668350331,23.700742327709577,0.0788869192053564,5.017018173654987
Varanasi,2026-10-10 03:00:00,3,23.2853875,0.0,5.397199702800297,23.366529917858255,0.0672625608341701,5.037792947107227
Varanasi,2026-10-10 04:00:00,3,23.1160289,0.0,5.428399871600128,23.197171317858256,0.07052323395014472,5.016431052742294
Varanasi,2026-10-10 05:00:00,3,23.0094515,0.0,5.877306522693477,23.269494461382884,0.07157280208053518,5.502962371734877
Varanasi,2026-10-10 06:00:00,3,23.2725604,0.0,6.482908517091482,23.54391822017613,0.0744030518102604,6.029598206405033
Varanasi,2026-10-10 07:00:00,3,24.4261073,0.0,7.144551255448743,24.72066959488167,0.07998536414702218,6.358724622482039
Varanasi,2026-10-10 08:00:00,3,25.8236388,0.0,7.218230581769417,26.538804611117794,0.0903423956137096,6.308464226212
Varanasi,2026-10-10 09:00:00,3,27.1967566,0.0,6.978229121770879,28.10004482002309,0.12558079743005787,6.065210109990547
Varanasi,2026-10-10 10:00:00,3,28.4135403,0.0,7.027433672566327,29.241348905931265,0.06705562088760139,5.9801344179362355
Varanasi,2026-10-10 11:00:00,3,29.4373175,0.0,6.652574947425052,30.193108609230375,0.07757224142506847,5.668880028178898
Varanasi,2026-10-10 12:00:00,3,30.056883000000003,0.0,6.578367121632877,30.79724944879894,0.07889502946071719,5.438285847240552
Varanasi,2026-10-10 13:00:00,3,30.4199724,0.0,6.546021253978745,31.136026987035113,0.07921430019139901,5.407714480513368
Varanasi,2026-10-10 14:00:00,3,30.5310195,0.0,6.458337041662958,31.142561813243432,0.08321751160035211,5.389350542268069
Varanasi,2026-10-10 15:00:00,3,30.3047682,0.0,6.117605882394117,30.358031000651437,0.07842596668520924,5.199675869327519
Varanasi,2026-10-10 16:00:00,3,29.7990697,0.0,5.871774228225771,29.77986984159422,0.08663698980569036,4.943921899601297
Varanasi,2026-10-10 17:00:00,3,28.5992021,0.0,5.438827261172738,28.673132190685504,0.07345365176104764,5.007027159308447
Varanasi,2026-10-10 18:00:00,3,27.6762465,0.0,5.274465925534074,27.629380488083978,0.1394279129883973,5.051074977727054
Varanasi,2026-10-10 19:00:00,3,26.9811383,0.0,5.16975173024827,26.910790162999678,0.16812777756321298,5.1786801700202885
Varanasi,2026-10-10 20:00:00,3,26.381145499999995,0.0,4.852006447993551,26.314979537699923,0.13622120756716985,4.845035533951085
Varanasi,2026-10-10 21:00:00,3,25.800658,0.0,4.854619845380155,25.72440812546992,0.10022830224644107,4.806570750265567
Varanasi,2026-10-10 22:00:00,3,25.305294,0.0,4.931132268867731,25.17693073443229,0.0905074689563868,4.864327437720628
Varanasi,2026-10-10 23:00:00,3,24.777109,0.0,4.684846715153284,24.948660976169965,0.09101869346685343,4.595957342882476
Vijayawada,2026-10-08 00:00:00,1,26.431117431117432,0.0,2.383168983168983,26.681638719130845,0.07099336917017803,3.4997272986220174
Vijayawada,2026-10-08 01:00:00,1,26.072448772448773,0.0,1.9952003952003952,26.31208783838474,0.07583334608017575,3.1411676679171983
Vijayawada,2026-10-08 02:00:00,1,25.775270275270277,0.0,2.3073503073503074,26.014909341206245,0.06863642325861717,3.4358432130844507
Vijayawada,2026-10-08 03:00:00,1,25.56072596072596,0.0,2.7965975965975964,25.796280698507616,0.05438499567465329,3.84822853560331
Vijayawada,2026-10-08 04:00:00,1,25.319443419443424,0.0,3.39001939001939,25.55499815722508,0.057818125442614575,4.369835613071048
Vijayawada,2026-10-08 05:00:00,1,25.441169641169644,0.0,2.9952467952467954,25.677502585710087,0.057818125442614575,4.023227710208413
Vijayawada,2026-10-08 06:00:00,1,25.70747800747801,0.0,2.8006206006206007,25.943810952018453,0.06171671322979517,3.900711971760016
Vijayawada,2026-10-08 07:00:00,1,26.989813189813187,0.0,2.787193787193787,27.147782268495227,0.058021004534960514,3.8864768563174117
Vijayawada,2026-10-08 08:00:00,1,28.612275612275617,0.0,2.9627782627782637,29.29090256606194,0.056148562736856394,3.91181897691367
Vijayawada,2026-10-08 09:00:00,1,30.022664022664024,0.0,3.27036387036387,30.46209966501244,0.05103970508302875,3.850159305897421
Vijayawada,2026-10-08 10:00:00,1,31.27871517871518,0.0,3.3093776093776093,31.727562373411104,0.04706020608007151,3.809046134238052
Vijayawada,2026-10-08 11:00:00,1,32.38409418409419,0.0,2.754707254707254,32.536323832170034,0.05076083535905845,3.540649278235511
Vijayawada,2026-10-08 12:00:00,1,33.22164212164212,0.0,2.432825632825633,32.802072375070615,0.05076083535905845,3.313862910532249
Vijayawada,2026-10-08 13:00:00,1,33.76959176959177,0.0,2.59001319001319,33.29508009995,0.05763145483568561,3.3656280369342992
Vijayawada,2026-10-08 14:00:00,1,34.092541992542,0.0,2.93959933959934,33.51383041933863,0.06137033210250916,3.591901863903022
Vijayawada,2026-10-08 15:00:00,1,34.058791858791864,0.0,3.4097658097658097,33.40408150582987,0.06327543654147817,3.5920215980488606
Vijayawada,2026-10-08 16:00:00,1,33.676001676001675,0.0,4.215054515054515,32.93042307323906,0.055145021939133114,4.310983393330708
Vijayawada,2026-10-08 17:00:00,1,32.53038973038973,0.0,5.151669751669752,31.62813012899085,0.05221960183553835,5.038521334248148
Vijayawada,2026-10-08 18:00:00,1,31.32780822780823,0.0,7.805504105504106,30.801361563809625,0.0604474324049584,7.575738922670703
Vijayawada,2026-10-08 19:00:00,1,29.56726176726177,0.0,10.328310028310028,29.377944367806602,0.06272406622124739,10.536183959028191
Vijayawada,2026-10-08 20:00:00,1,28.569942169942173,0.0,8.657513057513057,28.44018290861753,0.07018053915316963,9.672557916085559
Vijayawada,2026-10-08 21:00:00,1,28.02105142105142,0.0,7.29028949028949,27.947550290841804,0.06482026514503682,8.445265591418401
Vijayawada,2026-10-08 22:00:00,1,27.481922881922884,0.0,6.0374770374770375,27.432419785545473,0.06999395304062492,6.772842786950515
Vijayawada,2026-10-08 23:00:00,1,27.030171330171328,0.0,4.922594822594823,27.296386096637455,0.07026592443701996,5.291934391610819
Vijayawada,2026-10-09 00:00:00,2,26.640561940561938,0.0,3.765898668202663,26.916928636531246,0.08840547505648781,4.639266802294399
Vijayawada,2026-10-09 01:00:00,2,26.301484701484696,0.0,2.807161785676429,26.54386706553566,0.08783495392414496,3.639402386158591
Vijayawada,2026-10-09 02:00:00,2,26.085919185919188,0.0,2.296951606096788,26.328474680425515,0.08384057980412778,3.488712491681824
Vijayawada,2026-10-09 03:00:00,2,25.89035559035559,0.0,2.8556920886158226,26.135928315984497,0.07180564524877107,3.921143202786057
Vijayawada,2026-10-09 04:00:00,2,25.70992020992021,0.0,2.6689444621110754,25.955492935549117,0.0733276008062623,3.678235396543763
Vijayawada,2026-10-09 05:00:00,2,25.648650148650145,0.0,2.4362978274043448,25.895001081037837,0.0950332205649013,3.4175551195378966
Vijayawada,2026-10-09 06:00:00,2,26.066093566093564,0.0,2.798532702934594,26.31862994840401,0.07530140148018677,3.6802878779231882
Vijayawada,2026-10-09 07:00:00,2,27.244304044304045,0.0,3.4512707974584047,27.38822763185465,0.05999607114820787,4.533805251585273
Vijayawada,2026-10-09 08:00:00,2,28.73481993481993,0.0,4.138048523902952,29.420297875561417,0.04887057381823272,5.010598849214029
Vijayawada,2026-10-09 09:00:00,2,30.192114692114693,0.0,3.926980146039708,30.655629097909667,0.0508060855524219,4.727156566040285
Vijayawada,2026-10-09 10:00:00,2,31.559448359448357,0.0,3.4986604026791936,32.05436266889151,0.05542075959059775,4.100482442428796
Vijayawada,2026-10-09 11:00:00,2,32.68711728711728,0.0,2.9251773496453004,32.595144706604,0.06234976957429229,3.538103971827034
Vijayawada,2026-10-09 12:00:00,2,33.59341449341449,0.0,3.208041883916232,33.37237473088411,0.05943817240199418,3.9581489120409303
Vijayawada,2026-10-09 13:00:00,2,34.278009978009976,0.0,4.06521266957466,34.02199136433076,0.051829400919652054,4.684277900465504
Vijayawada,2026-10-09 14:00:00,2,34.517663817663816,0.0,5.251763696472606,34.02706011279081,0.0579820472772152,6.422054947648304
Vijayawada,2026-10-09 15:00:00,2,34.5009039009039,0.0,6.706036187927623,33.767033344022444,0.05639569178964388,7.835365239774489
Vijayawada,2026-10-09 16:00:00,2,33.93642573642573,0.0,7.46023057953884,33.20239769545853,0.05790898921680079,8.209858740441861
Vijayawada,2026-10-09 17:00:00,2,32.62266622266622,0.0,6.8205577588844815,31.841021993094035,0.058035055210394294,6.7684251595274025
Vijayawada,2026-10-09 18:00:00,2,31.288369488369487,0.0,5.530279139441721,30.648201110187287,0.05822127938118128,4.500865341991091
Vijayawada,2026-10-09 19:00:00,2,30.21464761464761,0.0,4.24004811990376,30.04533332749862,0.05424861313026832,4.132431225154068
Vijayawada,2026-10-09 20:00:00,2,29.02227562227561,0.0,5.743922012155975,28.905685747735646,0.05791656508538668,5.887012972909164
Vijayawada,2026-10-09 21:00:00,2,28.140721940721946,0.0,5.688574122851755,28.071992948896813,0.057919157199715986,6.804699629174652
Vijayawada,2026-10-09 22:00:00,2,27.529729229729227,0.0,4.924411351177297,27.496504543891334,0.060409318292470704,5.797676227466392
Vijayawada,2026-10-09 23:00:00,2,27.100101900101905,0.0,4.621527656944686,27.366126754309963,0.07100015925141784,4.931715529091553
Vijayawada,2026-10-10 00:00:00,3,26.703782903782898,0.0,4.3864929,26.9798185432526,0.08886055283226645,5.0974304311684495
Vijayawada,2026-10-10 01:00:00,3,26.391245991245988,0.0,4.2733568,26.685235323746017,0.08524238169837997,5.238067024921278
Vijayawada,2026-10-10 02:00:00,3,26.089705689705685,0.0,4.2615362,26.34196878364777,0.08347365844025269,5.18509438126238
Vijayawada,2026-10-10 03:00:00,3,25.86063656063656,0.0,3.4944248,26.11267247902382,0.07811657415771202,4.356103812513147
Vijayawada,2026-10-10 04:00:00,3,25.72041592041592,0.0,2.9815497,25.97245183880318,0.0744208144390901,3.7858335255691267
Vijayawada,2026-10-10 05:00:00,3,25.601713001713,0.0,2.0573801,25.846712817018748,0.0790873475942125,2.839865993125106
Vijayawada,2026-10-10 06:00:00,3,26.054986054986053,0.0,2.1244891,26.307522437296498,0.07423237362342058,3.2125511068779025
Vijayawada,2026-10-10 07:00:00,3,27.22501852501852,0.0,2.7014473,27.3921810977468,0.07568072259424624,3.8086221196062096
Vijayawada,2026-10-10 08:00:00,3,28.770483070483067,0.0,3.611037000000001,29.454864009395145,0.05490584862783529,4.537701439940395
Vijayawada,2026-10-10 09:00:00,3,30.410267810267808,0.0,3.4459178,30.904059469540787,0.04816649116016599,4.238934555393286
Vijayawada,2026-10-10 10:00:00,3,31.85204505204505,0.0,2.6401767,32.307630438305054,0.05039676543463464,3.5045180077884615
Vijayawada,2026-10-10 11:00:00,3,33.08736418736419,0.0,2.7277553,32.92565547284098,0.0633540347625177,3.5884497688361687
Vijayawada,2026-10-10 12:00:00,3,34.06163046163046,0.0,4.3655113,33.846808545114115,0.05404915962481347,4.906717945807777
Vijayawada,2026-10-10 13:00:00,3,34.861312261312264,0.0,6.4144841,34.51966011502095,0.05618677091722932,6.34268052199653
Vijayawada,2026-10-10 14:00:00,3,35.201494701494696,0.0,7.437420599999999,34.58903519303083,0.059581891410579076,7.545494648878538
Vijayawada,2026-10-10 15:00:00,3,34.895517295517294,0.0165881834118165,7.638138100000001,34.184590816783874,0.10188768850238823,7.746090146632098
Vijayawada,2026-10-10 16:00:00,3,33.84307354307354,0.046068553931446,7.0087752000000005,32.94681282717639,0.13469316598407866,6.453978022152226
Vijayawada,2026-10-10 17:00:00,3,31.95492845492845,0.163990036009964,6.8707137,31.147510612224682,0.15925254771148378,5.987402028254105
Vijayawada,2026-10-10 18:00:00,3,30.335240235240235,0.2063625936374064,6.9916333,30.331892883311014,0.17725460747422,6.750604259578758
Vijayawada,2026-10-10 19:00:00,3,29.353268853268844,0.0884411115588884,5.8224,29.292729854974965,0.14155750914793286,5.738044634924685
Vijayawada,2026-10-10 20:00:00,3,28.374953874953867,0.0147401852598147,5.9159597,28.266653718884953,0.08949741402598443,6.06992639745862
Vijayawada,2026-10-10 21:00:00,3,27.806038206038203,0.0,5.3706675,27.739539748901027,0.06844354535129164,5.400932439574311
Vijayawada,2026-10-10 22:00:00,3,27.558491158491154,0.0,4.3652502,27.52638628449207,0.06269321239998865,4.722898875456104
Vijayawada,2026-10-10 23:00:00,3,27.05126245126245,0.0,3.4655812,27.327326356576705,0.07399823892470465,3.8510977486569433
Visakhapatnam,2026-10-08 00:00:00,1,27.0730098,0.0169021,4.230246,26.574869437735476,0.1124923990415771,4.946748508488271
Visakhapatnam,2026-10-08 01:00:00,1,26.7525309,0.0169021,4.0419266,26.238155863671047,0.1661895759790705,5.075272234049196
Visakhapatnam,2026-10-08 02:00:00,1,26.4349924,0.0169021,3.685413,25.91389684582179,0.1928858119796941,4.757510004334183
Visakhapatnam,2026-10-08 03:00:00,1,26.1711406,0.0169021,3.4127818000000003,25.650821829671525,0.17091515397037735,4.572091337769798
Visakhapatnam,2026-10-08 04:00:00,1,25.9186681,0.0169021,3.1659684,25.401366560794102,0.15816531853968033,4.46687349890668
Visakhapatnam,2026-10-08 05:00:00,1,26.067211300000004,0.0169021,3.1181072,25.559561739487954,0.13688628088269775,4.564350121909561
Visakhapatnam,2026-10-08 06:00:00,1,26.514851,0.0,2.8635424,25.99693066568336,0.12088877282761444,4.052132150410427
Visakhapatnam,2026-10-08 07:00:00,1,27.7000268,0.0,3.0855943000000003,27.028806621244623,0.10207972863425793,4.245253353604374
Visakhapatnam,2026-10-08 08:00:00,1,29.126272199999995,0.0,3.3868927,29.65786058000544,0.09254982813654643,4.225031315192578
Visakhapatnam,2026-10-08 09:00:00,1,30.3528782,0.0,4.5368712,30.864888463729944,0.08008804079051396,4.467203638060381
Visakhapatnam,2026-10-08 10:00:00,1,31.3006026,0.0,6.287802600000001,31.850700431684427,0.08132166248635259,5.221380301665336
Visakhapatnam,2026-10-08 11:00:00,1,31.926100200000004,0.0,8.4072533,32.43373810467172,0.07459898446921863,6.862287791949795
Visakhapatnam,2026-10-08 12:00:00,1,32.0698099,0.035044,10.1624183,32.27749998584842,0.1297726797609598,8.0586246325019
Visakhapatnam,2026-10-08 13:00:00,1,31.8590664,0.0870163,11.514792200000002,31.92797905841789,0.1918170969210125,9.16730113360939
Visakhapatnam,2026-10-08 14:00:00,1,31.4289831,0.035044,11.7325857,31.076494338864283,0.1439915637068959,9.421763170689616
Visakhapatnam,2026-10-08 15:00:00,1,30.8426717,0.0515503,11.6375062,29.963509867165392,0.13602224062774393,9.765999224653394
Visakhapatnam,2026-10-08 16:00:00,1,30.0878567,0.0342262,11.0057152,29.236753182812816,0.10873117203335242,9.108546766889553
Visakhapatnam,2026-10-08 17:00:00,1,29.2745515,0.2074672,9.7091132,29.118616123878766,0.24544081355116637,7.793747797249039
Visakhapatnam,2026-10-08 18:00:00,1,28.727592999999995,0.1546509,8.2363595,28.036837846425968,0.26145465918594546,6.502511356476171
Visakhapatnam,2026-10-08 19:00:00,1,28.4367525,0.0507063,6.845817500000001,27.824691675261892,0.120331620350909,5.368056099393544
Visakhapatnam,2026-10-08 20:00:00,1,28.1913304,0.0507063,6.3411712,27.755455537273154,0.10675119928951987,5.123250290772158
Visakhapatnam,2026-10-08 21:00:00,1,27.8873836,0.0507063,6.114761399999999,27.538355624152068,0.13825738336805374,4.922325772749711
Visakhapatnam,2026-10-08 22:00:00,1,27.5909963,0.0507063,6.1218222,27.343715540192196,0.14916413634187511,4.871033956977495
Visakhapatnam,2026-10-08 23:00:00,1,27.2312626,0.0507063,6.0750016,27.18072089999379,0.15240717980532054,5.006977783916439
Visakhapatnam,2026-10-09 00:00:00,2,26.9264646,0.0,5.692143,26.35909102295162,0.1290569454802102,5.486248894503341
Visakhapatnam,2026-10-09 01:00:00,2,26.6104806,0.0,5.4616251,26.036393807424474,0.13827112976111752,6.641884686582563
Visakhapatnam,2026-10-09 02:00:00,2,26.390252900000004,0.0,5.128101000000001,25.83585324907975,0.14096835834803037,6.488578710319749
Visakhapatnam,2026-10-09 03:00:00,2,26.1850615,0.0,4.6309556,25.66232383435806,0.1327479641950016,6.055568938040375
Visakhapatnam,2026-10-09 04:00:00,2,25.9909742,0.0,4.1407596,25.464248755128164,0.12623507082484636,5.385764910881254
Visakhapatnam,2026-10-09 05:00:00,2,25.9679117,0.0,3.9202850000000007,25.45385546494459,0.13120735778519443,5.265205403768327
Visakhapatnam,2026-10-09 06:00:00,2,26.3876556,0.0,3.8822449,25.87359936494459,0.12779886309083816,5.335073703264127
Visakhapatnam,2026-10-09 07:00:00,2,27.511266100000004,0.0,3.9525857,26.882354563153363,0.1299584622406911,5.349104140957126
Visakhapatnam,2026-10-09 08:00:00,2,28.9103167,0.0,3.6378272,29.44877764750254,0.09285215031725164,4.632759004296997
Visakhapatnam,2026-10-09 09:00:00,2,30.247602,0.0,2.6619831000000005,30.77517475827311,0.08441547291198559,3.0316305588083337
Visakhapatnam,2026-10-09 10:00:00,2,31.5468263,0.0,3.6038043,32.15202894281002,0.10259015805585632,3.7236732658549276
Visakhapatnam,2026-10-09 11:00:00,2,32.4588807,0.0,5.612005300000001,32.92860944626358,0.09333145506645092,4.429193064253939
Visakhapatnam,2026-10-09 12:00:00,2,32.783686200000005,0.0148036,7.2077868,33.08733811235431,0.12569502254564618,5.576737879126041
Visakhapatnam,2026-10-09 13:00:00,2,32.708019300000004,0.0,8.40532,32.9635271282076,0.11752632366023408,6.242685555916579
Visakhapatnam,2026-10-09 14:00:00,2,32.2578537,0.0,9.7984146,31.88886286993094,0.11806626362335843,7.4025397785321445
Visakhapatnam,2026-10-09 15:00:00,2,31.522506,0.0,10.033268199999998,30.756172866936062,0.10611585220002155,7.5893478706739845
Visakhapatnam,2026-10-09 16:00:00,2,30.6480698,0.0,9.89186,29.601662999667518,0.0809334320045751,7.719507602551664
Visakhapatnam,2026-10-09 17:00:00,2,29.8698934,0.0,9.3401548,29.030736882006067,0.07560810164068772,7.526264169161555
Visakhapatnam,2026-10-09 18:00:00,2,29.3640886,0.0171753,7.827440600000001,28.445499912828268,0.0877109730099243,6.36910219995282
Visakhapatnam,2026-10-09 19:00:00,2,28.9833999,0.0171753,6.5531972,28.093280935079918,0.08221941251593226,5.404127082767309
Visakhapatnam,2026-10-09 20:00:00,2,28.659267300000003,0.0171753,5.7291336,27.94745809149568,0.07891787962639946,4.518978040410014
Visakhapatnam,2026-10-09 21:00:00,2,28.3052355,0.0171753,4.943430899999999,27.808647812003148,0.0912155284043365,4.410460662625264
Visakhapatnam,2026-10-09 22:00:00,2,27.9718756,0.0171753,4.7239913,27.5705756925915,0.086475505322615,4.8365202917906
Visakhapatnam,2026-10-09 23:00:00,2,27.6243501,0.0171753,4.7208722,27.5751893465836,0.0929871587622308,5.0772293365669645
Visakhapatnam,2026-10-10 00:00:00,3,27.23081143081143,0.0,4.4993559,26.602794989126178,0.11523859046397372,5.718465056653537
Visakhapatnam,2026-10-10 01:00:00,3,26.89224779224779,0.0,4.0347853,26.32178927592399,0.13833348099570375,5.138387068377561
Visakhapatnam,2026-10-10 02:00:00,3,26.590183490183485,0.0,3.8624771,26.04466644128874,0.14886396589447765,4.963045242970388
Visakhapatnam,2026-10-10 03:00:00,3,26.290712690712688,0.0,3.9674717,25.745195641817944,0.13683876845395893,5.056488553918941
Visakhapatnam,2026-10-10 04:00:00,3,26.045945545945543,0.0,3.6992872,25.514385581345632,0.1304605202449154,4.7573465610263685
Visakhapatnam,2026-10-10 05:00:00,3,25.94307954307954,0.0,3.8478811,25.42418878829606,0.12278848152601946,4.736516855540736
Visakhapatnam,2026-10-10 06:00:00,3,26.48398348398348,0.0,3.8765327,25.972855341718386,0.1172674779412539,4.67428517624438
Visakhapatnam,2026-10-10 07:00:00,3,27.69671739671739,0.0,3.7038545,27.009662982113994,0.10709052566724604,4.6501952310827805
Visakhapatnam,2026-10-10 08:00:00,3,29.24730464730465,0.0,3.366871,29.99771731046389,0.08469215203122384,3.8571708171022117
Visakhapatnam,2026-10-10 09:00:00,3,30.610722810722805,0.0,2.6467249,31.181141428567642,0.09816900839577991,2.9469302256330954
Visakhapatnam,2026-10-10 10:00:00,3,31.670015970015967,0.0,4.4200757,32.2418008578812,0.0865696623701138,4.098541411120495
Visakhapatnam,2026-10-10 11:00:00,3,32.26362276362276,0.0,6.398765900000001,32.699058577044255,0.07200640145380627,5.071984619104865
Visakhapatnam,2026-10-10 12:00:00,3,32.37935937935937,0.0169653,7.8955155,32.737314409719666,0.12662835336209857,5.731716812445583
Visakhapatnam,2026-10-10 13:00:00,3,32.3001087001087,0.0,8.867849300000001,32.609028160810865,0.0943389430609337,6.65106864165519
Visakhapatnam,2026-10-10 14:00:00,3,32.085477885477886,0.0,9.2112347,31.791136053241793,0.11659428243718403,7.048347570060804
Visakhapatnam,2026-10-10 15:00:00,3,31.62247672247672,0.0165566,9.2337627,30.82710066872243,0.13342182180548587,6.985112521217501
Visakhapatnam,2026-10-10 16:00:00,3,30.7985671985672,0.0165566,9.3153104,29.8655466616755,0.10280799384518458,7.226676306670435
Visakhapatnam,2026-10-10 17:00:00,3,29.990443990443985,0.0165566,8.611829400000001,29.213215680386323,0.09803992034538297,6.614441454710903
Visakhapatnam,2026-10-10 18:00:00,3,29.404464704464704,0.0,6.7318626,28.312236773393494,0.06490408151667663,5.079787766359479
Visakhapatnam,2026-10-10 19:00:00,3,29.04478404478404,0.0,4.9470989,28.058898563847812,0.0696108996882808,4.188837376978981
Visakhapatnam,2026-10-10 20:00:00,3,28.75632915632915,0.0,3.8076681,27.930353343019746,0.06717347718852724,4.081749388267999
Visakhapatnam,2026-10-10 21:00:00,3,28.473183173183173,0.0,2.9329029,27.83126222197312,0.06727771412873544,3.4291627899427057
Visakhapatnam,2026-10-10 22:00:00,3,28.189897989897982,0.0,2.5396471,27.73098802080963,0.07722064861917104,3.208053439499249
Visakhapatnam,2026-10-10 23:00:00,3,27.85399475399475,0.0,3.0556968,27.807552535151736,0.07451090578772758,3.844993067231858
