board,geo,variable,window_days,lead_days,threshold,method,tier,rank,metric,value,mae,rmse,bias,pod,far,csi,ets,bss,n,cases,low_sample,ci_low,ci_high,rank_low,rank_high
accuracy,Agartala,rainfall,7,,,ecmwf,model,1,mae,0.161905,0.161905,,0.004762,,,,,,168,,1,,,,
accuracy,Agartala,rainfall,30,,,ecmwf,model,1,mae,0.256806,0.256806,,-0.01625,,,,,,720,,0,,,,
accuracy,Agartala,rainfall,,,,ecmwf,model,1,mae,0.282377,0.282377,,-0.001639,,,,,,1464,,0,,,,
accuracy,Agartala,rainfall,45,,,ecmwf,model,1,mae,0.290278,0.290278,,-0.011574,,,,,,1080,,0,,,,
accuracy,Agartala,rainfall,7,,,weighted_blend,blend,2,mae,0.266661,0.266661,,-0.100563,,,,,,168,,1,,,,
accuracy,Agartala,rainfall,30,,,weighted_blend,blend,2,mae,0.335275,0.335275,,0.008336,,,,,,720,,0,,,,
accuracy,Agartala,rainfall,,,,weighted_blend,blend,2,mae,0.354741,0.354741,,0.053443,,,,,,1464,,0,,,,
accuracy,Agartala,rainfall,45,,,weighted_blend,blend,2,mae,0.361181,0.361181,,0.0403,,,,,,1080,,0,,,,
accuracy,Agartala,rainfall,7,,,gfs,model,3,mae,0.275595,0.275595,,0.050595,,,,,,168,,1,,,,
accuracy,Agartala,rainfall,30,,,equal_avg,baseline,3,mae,0.380139,0.380139,,0.000417,,,,,,720,,0,,,,
accuracy,Agartala,rainfall,,,,equal_avg,baseline,3,mae,0.401452,0.401452,,0.048992,,,,,,1464,,0,,,,
accuracy,Agartala,rainfall,45,,,equal_avg,baseline,3,mae,0.408588,0.408588,,0.036088,,,,,,1080,,0,,,,
accuracy,Agartala,rainfall,7,,,persistence,baseline,4,mae,0.311905,0.311905,,-0.019048,,,,,,168,,1,,,,
accuracy,Agartala,rainfall,30,,,gfs,model,4,mae,0.399583,0.399583,,0.130417,,,,,,720,,0,,,,
accuracy,Agartala,rainfall,,,,gfs,model,4,mae,0.457923,0.457923,,0.161885,,,,,,1464,,0,,,,
accuracy,Agartala,rainfall,45,,,gfs,model,4,mae,0.465741,0.465741,,0.149259,,,,,,1080,,0,,,,
accuracy,Agartala,rainfall,7,,,equal_avg,baseline,5,mae,0.324702,0.324702,,-0.147024,,,,,,168,,1,,,,
accuracy,Agartala,rainfall,30,,,persistence,baseline,5,mae,0.46,0.46,,-0.012778,,,,,,720,,0,,,,
accuracy,Agartala,rainfall,,,,icon,model,5,mae,0.476503,0.476503,,0.115847,,,,,,1464,,0,,,,
accuracy,Agartala,rainfall,45,,,icon,model,5,mae,0.492037,0.492037,,0.093148,,,,,,1080,,0,,,,
accuracy,Agartala,rainfall,7,,,icon,model,6,mae,0.420833,0.420833,,-0.219643,,,,,,168,,1,,,,
accuracy,Agartala,rainfall,30,,,icon,model,6,mae,0.468333,0.468333,,0.005278,,,,,,720,,0,,,,
accuracy,Agartala,rainfall,,,,persistence,baseline,6,mae,0.582153,0.582153,,0.001458,,,,,,1440,,0,,,,
accuracy,Agartala,rainfall,45,,,persistence,baseline,6,mae,0.582685,0.582685,,-0.003981,,,,,,1080,,0,,,,
accuracy,Agartala,rainfall,30,,,gem,model,7,mae,0.661389,0.661389,,-0.117778,,,,,,720,,0,,,,
accuracy,Agartala,rainfall,7,,,gem,model,7,mae,0.703571,0.703571,,-0.42381,,,,,,168,,1,,,,
accuracy,Agartala,rainfall,,,,gem,model,7,mae,0.717964,0.717964,,-0.080123,,,,,,1464,,0,,,,
accuracy,Agartala,rainfall,45,,,gem,model,7,mae,0.732037,0.732037,,-0.086481,,,,,,1080,,0,,,,
accuracy,Agra,rainfall,7,,,ecmwf,model,1,mae,0.133929,0.133929,,0.000595,,,,,,168,,1,,,,
accuracy,Agra,rainfall,,,,ecmwf,model,1,mae,0.217486,0.217486,,-0.005191,,,,,,1464,,0,,,,
accuracy,Agra,rainfall,30,,,ecmwf,model,1,mae,0.22625,0.22625,,-0.007639,,,,,,720,,0,,,,
accuracy,Agra,rainfall,45,,,ecmwf,model,1,mae,0.22713,0.22713,,0.000278,,,,,,1080,,0,,,,
accuracy,Agra,rainfall,7,,,weighted_blend,blend,2,mae,0.170275,0.170275,,-0.0135,,,,,,168,,1,,,,
accuracy,Agra,rainfall,30,,,weighted_blend,blend,2,mae,0.30322,0.30322,,-0.037032,,,,,,720,,0,,,,
accuracy,Agra,rainfall,,,,weighted_blend,blend,2,mae,0.305477,0.305477,,-0.029362,,,,,,1464,,0,,,,
accuracy,Agra,rainfall,45,,,weighted_blend,blend,2,mae,0.321652,0.321652,,-0.038938,,,,,,1080,,0,,,,
accuracy,Agra,rainfall,7,,,equal_avg,baseline,3,mae,0.185565,0.185565,,-0.020089,,,,,,168,,1,,,,
accuracy,Agra,rainfall,30,,,gfs,model,3,mae,0.331111,0.331111,,0.0725,,,,,,720,,0,,,,
accuracy,Agra,rainfall,,,,equal_avg,baseline,3,mae,0.368801,0.368801,,-0.057189,,,,,,1464,,0,,,,
accuracy,Agra,rainfall,45,,,equal_avg,baseline,3,mae,0.385486,0.385486,,-0.072986,,,,,,1080,,0,,,,
accuracy,Agra,rainfall,7,,,persistence,baseline,4,mae,0.192262,0.192262,,0.008929,,,,,,168,,1,,,,
accuracy,Agra,rainfall,30,,,equal_avg,baseline,4,mae,0.359861,0.359861,,-0.068333,,,,,,720,,0,,,,
accuracy,Agra,rainfall,,,,gfs,model,4,mae,0.371175,0.371175,,0.081011,,,,,,1464,,0,,,,
accuracy,Agra,rainfall,45,,,gfs,model,4,mae,0.396111,0.396111,,0.062963,,,,,,1080,,0,,,,
accuracy,Agra,rainfall,7,,,gem,model,5,mae,0.207738,0.207738,,0.007738,,,,,,168,,1,,,,
accuracy,Agra,rainfall,30,,,persistence,baseline,5,mae,0.366806,0.366806,,0.00125,,,,,,720,,0,,,,
accuracy,Agra,rainfall,45,,,persistence,baseline,5,mae,0.413704,0.413704,,-0.001111,,,,,,1080,,0,,,,
accuracy,Agra,rainfall,,,,persistence,baseline,5,mae,0.427778,0.427778,,0.000833,,,,,,1440,,0,,,,
accuracy,Agra,rainfall,7,,,gfs,model,6,mae,0.225,0.225,,-0.011905,,,,,,168,,1,,,,
accuracy,Agra,rainfall,30,,,icon,model,6,mae,0.444861,0.444861,,-0.159583,,,,,,720,,0,,,,
accuracy,Agra,rainfall,45,,,icon,model,6,mae,0.543981,0.543981,,-0.239907,,,,,,1080,,0,,,,
accuracy,Agra,rainfall,,,,icon,model,6,mae,0.556626,0.556626,,-0.234768,,,,,,1464,,0,,,,
accuracy,Agra,rainfall,7,,,icon,model,7,mae,0.273214,0.273214,,-0.076786,,,,,,168,,1,,,,
accuracy,Agra,rainfall,,,,gem,model,7,mae,0.568443,0.568443,,-0.069809,,,,,,1464,,0,,,,
accuracy,Agra,rainfall,45,,,gem,model,7,mae,0.621019,0.621019,,-0.115278,,,,,,1080,,0,,,,
accuracy,Agra,rainfall,30,,,gem,model,7,mae,0.634444,0.634444,,-0.178611,,,,,,720,,0,,,,
accuracy,Ahmedabad,rainfall,30,,,ecmwf,model,1,mae,0.091528,0.091528,,0.001806,,,,,,720,,0,,,,
accuracy,Ahmedabad,rainfall,45,,,ecmwf,model,1,mae,0.09463,0.09463,,0.009074,,,,,,1080,,0,,,,
accuracy,Ahmedabad,rainfall,,,,ecmwf,model,1,mae,0.230328,0.230328,,-0.024863,,,,,,1464,,0,,,,
accuracy,Ahmedabad,rainfall,7,,,ecmwf,model,1,mae,0.331548,0.331548,,0.000595,,,,,,168,,1,,,,
accuracy,Ahmedabad,rainfall,30,,,weighted_blend,blend,2,mae,0.127799,0.127799,,0.001024,,,,,,720,,0,,,,
accuracy,Ahmedabad,rainfall,45,,,weighted_blend,blend,2,mae,0.132766,0.132766,,0.016337,,,,,,1080,,0,,,,
accuracy,Ahmedabad,rainfall,,,,weighted_blend,blend,2,mae,0.307046,0.307046,,-0.033689,,,,,,1464,,0,,,,
accuracy,Ahmedabad,rainfall,7,,,weighted_blend,blend,2,mae,0.471747,0.471747,,-0.043342,,,,,,168,,1,,,,
accuracy,Ahmedabad,rainfall,30,,,equal_avg,baseline,3,mae,0.139826,0.139826,,-0.001354,,,,,,720,,0,,,,
accuracy,Ahmedabad,rainfall,45,,,equal_avg,baseline,3,mae,0.146505,0.146505,,0.016505,,,,,,1080,,0,,,,
accuracy,Ahmedabad,rainfall,,,,equal_avg,baseline,3,mae,0.34445,0.34445,,-0.039839,,,,,,1464,,0,,,,
accuracy,Ahmedabad,rainfall,7,,,equal_avg,baseline,3,mae,0.517708,0.517708,,-0.063839,,,,,,168,,1,,,,
accuracy,Ahmedabad,rainfall,30,,,gfs,model,4,mae,0.192778,0.192778,,0.043611,,,,,,720,,0,,,,
accuracy,Ahmedabad,rainfall,45,,,gfs,model,4,mae,0.198981,0.198981,,0.049722,,,,,,1080,,0,,,,
accuracy,Ahmedabad,rainfall,,,,gfs,model,4,mae,0.445902,0.445902,,0.020628,,,,,,1464,,0,,,,
accuracy,Ahmedabad,rainfall,7,,,gfs,model,4,mae,0.739286,0.739286,,0.102381,,,,,,168,,1,,,,
accuracy,Ahmedabad,rainfall,30,,,gem,model,5,mae,0.206111,0.206111,,0.003056,,,,,,720,,0,,,,
accuracy,Ahmedabad,rainfall,45,,,gem,model,5,mae,0.209722,0.209722,,0.033981,,,,,,1080,,0,,,,
accuracy,Ahmedabad,rainfall,,,,gem,model,5,mae,0.481011,0.481011,,-0.006011,,,,,,1464,,0,,,,
accuracy,Ahmedabad,rainfall,7,,,gem,model,5,mae,0.783929,0.783929,,-0.056548,,,,,,168,,1,,,,
accuracy,Ahmedabad,rainfall,45,,,icon,model,6,mae,0.2225,0.2225,,-0.026759,,,,,,1080,,0,,,,
accuracy,Ahmedabad,rainfall,30,,,icon,model,6,mae,0.232778,0.232778,,-0.053889,,,,,,720,,0,,,,
accuracy,Ahmedabad,rainfall,,,,icon,model,6,mae,0.535178,0.535178,,-0.149112,,,,,,1464,,0,,,,
accuracy,Ahmedabad,rainfall,7,,,icon,model,6,mae,0.906548,0.906548,,-0.301786,,,,,,168,,1,,,,
accuracy,Ahmedabad,rainfall,30,,,persistence,baseline,7,mae,0.248056,0.248056,,0.000556,,,,,,720,,0,,,,
accuracy,Ahmedabad,rainfall,45,,,persistence,baseline,7,mae,0.254444,0.254444,,-0.000741,,,,,,1080,,0,,,,
accuracy,Ahmedabad,rainfall,,,,persistence,baseline,7,mae,0.564097,0.564097,,0.000347,,,,,,1440,,0,,,,
accuracy,Ahmedabad,rainfall,7,,,persistence,baseline,7,mae,0.931548,0.931548,,0.008929,,,,,,168,,1,,,,
accuracy,Amritsar,rainfall,7,,,gfs,model,1,mae,0.023214,0.023214,,0.023214,,,,,,168,,1,,,,
accuracy,Amritsar,rainfall,30,,,gfs,model,1,mae,0.084722,0.084722,,0.072778,,,,,,720,,0,,,,
accuracy,Amritsar,rainfall,45,,,gfs,model,1,mae,0.136111,0.136111,,0.096852,,,,,,1080,,0,,,,
accuracy,Amritsar,rainfall,,,,ecmwf,model,1,mae,0.182445,0.182445,,-0.006352,,,,,,1464,,0,,,,
accuracy,Amritsar,rainfall,7,,,icon,model,2,mae,0.02381,0.02381,,0.022619,,,,,,168,,1,,,,
accuracy,Amritsar,rainfall,30,,,ecmwf,model,2,mae,0.100139,0.100139,,-0.015139,,,,,,720,,0,,,,
accuracy,Amritsar,rainfall,45,,,ecmwf,model,2,mae,0.138519,0.138519,,-0.005,,,,,,1080,,0,,,,
accuracy,Amritsar,rainfall,,,,weighted_blend,blend,2,mae,0.255188,0.255188,,-0.007028,,,,,,1464,,0,,,,
accuracy,Amritsar,rainfall,7,,,weighted_blend,blend,3,mae,0.028846,0.028846,,0.004976,,,,,,168,,1,,,,
accuracy,Amritsar,rainfall,30,,,weighted_blend,blend,3,mae,0.103444,0.103444,,0.004284,,,,,,720,,0,,,,
accuracy,Amritsar,rainfall,45,,,weighted_blend,blend,3,mae,0.149414,0.149414,,0.012292,,,,,,1080,,0,,,,
accuracy,Amritsar,rainfall,,,,gfs,model,3,mae,0.279986,0.279986,,0.099385,,,,,,1464,,0,,,,
accuracy,Amritsar,rainfall,7,,,ecmwf,model,4,mae,0.030357,0.030357,,-0.006548,,,,,,168,,1,,,,
accuracy,Amritsar,rainfall,30,,,equal_avg,baseline,4,mae,0.11684,0.11684,,-0.001354,,,,,,720,,0,,,,
accuracy,Amritsar,rainfall,45,,,equal_avg,baseline,4,mae,0.163981,0.163981,,0.008657,,,,,,1080,,0,,,,
accuracy,Amritsar,rainfall,,,,equal_avg,baseline,4,mae,0.2979,0.2979,,-0.027852,,,,,,1464,,0,,,,
accuracy,Amritsar,rainfall,7,,,equal_avg,baseline,5,mae,0.033185,0.033185,,0.004315,,,,,,168,,1,,,,
accuracy,Amritsar,rainfall,30,,,persistence,baseline,5,mae,0.135417,0.135417,,-0.009306,,,,,,720,,0,,,,
accuracy,Amritsar,rainfall,45,,,persistence,baseline,5,mae,0.189907,0.189907,,0.000463,,,,,,1080,,0,,,,
accuracy,Amritsar,rainfall,,,,icon,model,5,mae,0.329918,0.329918,,-0.014891,,,,,,1464,,0,,,,
accuracy,Amritsar,rainfall,7,,,persistence,baseline,6,mae,0.033333,0.033333,,0.011905,,,,,,168,,1,,,,
accuracy,Amritsar,rainfall,30,,,icon,model,6,mae,0.1375,0.1375,,0.011389,,,,,,720,,0,,,,
accuracy,Amritsar,rainfall,45,,,icon,model,6,mae,0.215741,0.215741,,-0.025926,,,,,,1080,,0,,,,
accuracy,Amritsar,rainfall,,,,persistence,baseline,6,mae,0.355556,0.355556,,0.001389,,,,,,1440,,0,,,,
accuracy,Amritsar,rainfall,7,,,gem,model,7,mae,0.067262,0.067262,,-0.022024,,,,,,168,,1,,,,
accuracy,Amritsar,rainfall,30,,,gem,model,7,mae,0.201667,0.201667,,-0.074444,,,,,,720,,0,,,,
accuracy,Amritsar,rainfall,45,,,gem,model,7,mae,0.242222,0.242222,,-0.031296,,,,,,1080,,0,,,,
accuracy,Amritsar,rainfall,,,,gem,model,7,mae,0.522609,0.522609,,-0.189549,,,,,,1464,,0,,,,
accuracy,Bengaluru,rainfall,30,,,ecmwf,model,1,mae,0.099722,0.099722,,0.019722,,,,,,720,,0,,,,
accuracy,Bengaluru,rainfall,7,,,ecmwf,model,1,mae,0.100595,0.100595,,0.057738,,,,,,168,,1,,,,
accuracy,Bengaluru,rainfall,45,,,ecmwf,model,1,mae,0.118981,0.118981,,0.014167,,,,,,1080,,0,,,,
accuracy,Bengaluru,rainfall,,,,ecmwf,model,1,mae,0.124727,0.124727,,0.012432,,,,,,1464,,0,,,,
accuracy,Bengaluru,rainfall,7,,,weighted_blend,blend,2,mae,0.114279,0.114279,,0.074348,,,,,,168,,1,,,,
accuracy,Bengaluru,rainfall,30,,,weighted_blend,blend,2,mae,0.128631,0.128631,,0.063061,,,,,,720,,0,,,,
accuracy,Bengaluru,rainfall,,,,weighted_blend,blend,2,mae,0.150818,0.150818,,0.071813,,,,,,1464,,0,,,,
accuracy,Bengaluru,rainfall,45,,,weighted_blend,blend,2,mae,0.153816,0.153816,,0.069084,,,,,,1080,,0,,,,
accuracy,Bengaluru,rainfall,7,,,equal_avg,baseline,3,mae,0.119792,0.119792,,0.076935,,,,,,168,,1,,,,
accuracy,Bengaluru,rainfall,30,,,equal_avg,baseline,3,mae,0.137569,0.137569,,0.070208,,,,,,720,,0,,,,
accuracy,Bengaluru,rainfall,,,,equal_avg,baseline,3,mae,0.161475,0.161475,,0.081865,,,,,,1464,,0,,,,
accuracy,Bengaluru,rainfall,45,,,equal_avg,baseline,3,mae,0.165579,0.165579,,0.078356,,,,,,1080,,0,,,,
accuracy,Bengaluru,rainfall,7,,,gem,model,4,mae,0.146429,0.146429,,0.09881,,,,,,168,,1,,,,
accuracy,Bengaluru,rainfall,30,,,gfs,model,4,mae,0.167222,0.167222,,0.125556,,,,,,720,,0,,,,
accuracy,Bengaluru,rainfall,45,,,gfs,model,4,mae,0.202407,0.202407,,0.134815,,,,,,1080,,0,,,,
accuracy,Bengaluru,rainfall,,,,gfs,model,4,mae,0.202664,0.202664,,0.13709,,,,,,1464,,0,,,,
accuracy,Bengaluru,rainfall,7,,,icon,model,5,mae,0.171429,0.171429,,0.029762,,,,,,168,,1,,,,
accuracy,Bengaluru,rainfall,30,,,gem,model,5,mae,0.179306,0.179306,,0.087361,,,,,,720,,0,,,,
accuracy,Bengaluru,rainfall,,,,icon,model,5,mae,0.210656,0.210656,,0.056967,,,,,,1464,,0,,,,
accuracy,Bengaluru,rainfall,45,,,gem,model,5,mae,0.215741,0.215741,,0.120741,,,,,,1080,,0,,,,
accuracy,Bengaluru,rainfall,7,,,gfs,model,6,mae,0.17619,0.17619,,0.121429,,,,,,168,,1,,,,
accuracy,Bengaluru,rainfall,30,,,icon,model,6,mae,0.184306,0.184306,,0.048194,,,,,,720,,0,,,,
accuracy,Bengaluru,rainfall,,,,gem,model,6,mae,0.210997,0.210997,,0.12097,,,,,,1464,,0,,,,
accuracy,Bengaluru,rainfall,45,,,icon,model,6,mae,0.227963,0.227963,,0.043704,,,,,,1080,,0,,,,
accuracy,Bengaluru,rainfall,30,,,persistence,baseline,7,mae,0.211667,0.211667,,0.005833,,,,,,720,,0,,,,
accuracy,Bengaluru,rainfall,7,,,persistence,baseline,7,mae,0.249405,0.249405,,0.001786,,,,,,168,,1,,,,
accuracy,Bengaluru,rainfall,45,,,persistence,baseline,7,mae,0.255093,0.255093,,0.003981,,,,,,1080,,0,,,,
accuracy,Bengaluru,rainfall,,,,persistence,baseline,7,mae,0.265139,0.265139,,-0.000417,,,,,,1440,,0,,,,
accuracy,Bhopal,rainfall,30,,,ecmwf,model,1,mae,0.125,0.125,,0.001111,,,,,,720,,0,,,,
accuracy,Bhopal,rainfall,7,,,ecmwf,model,1,mae,0.158333,0.158333,,0.004762,,,,,,168,,1,,,,
accuracy,Bhopal,rainfall,45,,,ecmwf,model,1,mae,0.179907,0.179907,,-0.00787,,,,,,1080,,0,,,,
accuracy,Bhopal,rainfall,,,,ecmwf,model,1,mae,0.197336,0.197336,,-0.006762,,,,,,1464,,0,,,,
accuracy,Bhopal,rainfall,30,,,weighted_blend,blend,2,mae,0.203828,0.203828,,-0.063768,,,,,,720,,0,,,,
accuracy,Bhopal,rainfall,7,,,weighted_blend,blend,2,mae,0.249307,0.249307,,-0.066688,,,,,,168,,1,,,,
accuracy,Bhopal,rainfall,45,,,weighted_blend,blend,2,mae,0.274248,0.274248,,-0.029118,,,,,,1080,,0,,,,
accuracy,Bhopal,rainfall,,,,weighted_blend,blend,2,mae,0.297918,0.297918,,-0.028211,,,,,,1464,,0,,,,
accuracy,Bhopal,rainfall,30,,,equal_avg,baseline,3,mae,0.243368,0.243368,,-0.084132,,,,,,720,,0,,,,
accuracy,Bhopal,rainfall,7,,,equal_avg,baseline,3,mae,0.295387,0.295387,,-0.09122,,,,,,168,,1,,,,
accuracy,Bhopal,rainfall,45,,,equal_avg,baseline,3,mae,0.324861,0.324861,,-0.033056,,,,,,1080,,0,,,,
accuracy,Bhopal,rainfall,,,,equal_avg,baseline,3,mae,0.355191,0.355191,,-0.034631,,,,,,1464,,0,,,,
accuracy,Bhopal,rainfall,30,,,gfs,model,4,mae,0.275278,0.275278,,-0.049167,,,,,,720,,0,,,,
accuracy,Bhopal,rainfall,7,,,gfs,model,4,mae,0.329762,0.329762,,-0.046429,,,,,,168,,1,,,,
accuracy,Bhopal,rainfall,45,,,gfs,model,4,mae,0.387593,0.387593,,-0.014074,,,,,,1080,,0,,,,
accuracy,Bhopal,rainfall,,,,gfs,model,4,mae,0.504986,0.504986,,-0.082036,,,,,,1464,,0,,,,
accuracy,Bhopal,rainfall,30,,,persistence,baseline,5,mae,0.297361,0.297361,,-0.00375,,,,,,720,,0,,,,
accuracy,Bhopal,rainfall,7,,,persistence,baseline,5,mae,0.333929,0.333929,,0.022024,,,,,,168,,1,,,,
accuracy,Bhopal,rainfall,45,,,gem,model,5,mae,0.481852,0.481852,,0.077593,,,,,,1080,,0,,,,
accuracy,Bhopal,rainfall,,,,gem,model,5,mae,0.510656,0.510656,,0.068169,,,,,,1464,,0,,,,
accuracy,Bhopal,rainfall,30,,,gem,model,6,mae,0.340833,0.340833,,-0.041111,,,,,,720,,0,,,,
accuracy,Bhopal,rainfall,7,,,icon,model,6,mae,0.465476,0.465476,,-0.189286,,,,,,168,,1,,,,
accuracy,Bhopal,rainfall,45,,,persistence,baseline,6,mae,0.527222,0.527222,,0.002222,,,,,,1080,,0,,,,
accuracy,Bhopal,rainfall,,,,icon,model,6,mae,0.54071,0.54071,,-0.117896,,,,,,1464,,0,,,,
accuracy,Bhopal,rainfall,30,,,icon,model,7,mae,0.457361,0.457361,,-0.247361,,,,,,720,,0,,,,
accuracy,Bhopal,rainfall,7,,,gem,model,7,mae,0.489881,0.489881,,-0.133929,,,,,,168,,1,,,,
accuracy,Bhopal,rainfall,45,,,icon,model,7,mae,0.565833,0.565833,,-0.18787,,,,,,1080,,0,,,,
accuracy,Bhopal,rainfall,,,,persistence,baseline,7,mae,0.569792,0.569792,,0.002708,,,,,,1440,,0,,,,
accuracy,Bhubaneswar,rainfall,30,,,ecmwf,model,1,mae,0.408194,0.408194,,-0.00625,,,,,,720,,0,,,,
accuracy,Bhubaneswar,rainfall,7,,,ecmwf,model,1,mae,0.427976,0.427976,,-0.0125,,,,,,168,,1,,,,
accuracy,Bhubaneswar,rainfall,45,,,ecmwf,model,1,mae,0.512222,0.512222,,-0.000185,,,,,,1080,,0,,,,
accuracy,Bhubaneswar,rainfall,,,,ecmwf,model,1,mae,0.551913,0.551913,,0.028415,,,,,,1464,,0,,,,
accuracy,Bhubaneswar,rainfall,30,,,weighted_blend,blend,2,mae,0.499203,0.499203,,0.125481,,,,,,720,,0,,,,
accuracy,Bhubaneswar,rainfall,7,,,weighted_blend,blend,2,mae,0.499729,0.499729,,-0.001962,,,,,,168,,1,,,,
accuracy,Bhubaneswar,rainfall,45,,,weighted_blend,blend,2,mae,0.620757,0.620757,,0.185418,,,,,,1080,,0,,,,
accuracy,Bhubaneswar,rainfall,,,,weighted_blend,blend,2,mae,0.671242,0.671242,,0.230057,,,,,,1464,,0,,,,
accuracy,Bhubaneswar,rainfall,7,,,gfs,model,3,mae,0.501786,0.501786,,0.225595,,,,,,168,,1,,,,
accuracy,Bhubaneswar,rainfall,30,,,equal_avg,baseline,3,mae,0.552153,0.552153,,0.151597,,,,,,720,,0,,,,
accuracy,Bhubaneswar,rainfall,45,,,equal_avg,baseline,3,mae,0.684653,0.684653,,0.22169,,,,,,1080,,0,,,,
accuracy,Bhubaneswar,rainfall,,,,equal_avg,baseline,3,mae,0.7375,0.7375,,0.272643,,,,,,1464,,0,,,,
accuracy,Bhubaneswar,rainfall,7,,,equal_avg,baseline,4,mae,0.543601,0.543601,,-0.011458,,,,,,168,,1,,,,
accuracy,Bhubaneswar,rainfall,30,,,icon,model,4,mae,0.675694,0.675694,,0.140417,,,,,,720,,0,,,,
accuracy,Bhubaneswar,rainfall,45,,,icon,model,4,mae,0.857685,0.857685,,0.214352,,,,,,1080,,0,,,,
accuracy,Bhubaneswar,rainfall,,,,gfs,model,4,mae,0.937568,0.937568,,0.460929,,,,,,1464,,0,,,,
accuracy,Bhubaneswar,rainfall,7,,,icon,model,5,mae,0.635119,0.635119,,-0.026786,,,,,,168,,1,,,,
accuracy,Bhubaneswar,rainfall,30,,,gfs,model,5,mae,0.697639,0.697639,,0.277083,,,,,,720,,0,,,,
accuracy,Bhubaneswar,rainfall,45,,,gfs,model,5,mae,0.862593,0.862593,,0.401296,,,,,,1080,,0,,,,
accuracy,Bhubaneswar,rainfall,,,,icon,model,5,mae,0.955533,0.955533,,0.201434,,,,,,1464,,0,,,,
accuracy,Bhubaneswar,rainfall,7,,,persistence,baseline,6,mae,0.723214,0.723214,,-0.045833,,,,,,168,,1,,,,
accuracy,Bhubaneswar,rainfall,30,,,persistence,baseline,6,mae,0.917222,0.917222,,-0.017778,,,,,,720,,0,,,,
accuracy,Bhubaneswar,rainfall,45,,,gem,model,6,mae,1.127222,1.127222,,0.271296,,,,,,1080,,0,,,,
accuracy,Bhubaneswar,rainfall,,,,gem,model,6,mae,1.185451,1.185451,,0.399795,,,,,,1464,,0,,,,
accuracy,Bhubaneswar,rainfall,30,,,gem,model,7,mae,0.934028,0.934028,,0.195139,,,,,,720,,0,,,,
accuracy,Bhubaneswar,rainfall,7,,,gem,model,7,mae,1.028571,1.028571,,-0.232143,,,,,,168,,1,,,,
accuracy,Bhubaneswar,rainfall,45,,,persistence,baseline,7,mae,1.131111,1.131111,,-0.005926,,,,,,1080,,0,,,,
accuracy,Bhubaneswar,rainfall,,,,persistence,baseline,7,mae,1.286875,1.286875,,-0.013819,,,,,,1440,,0,,,,
accuracy,Chandigarh,rainfall,7,,,gfs,model,1,mae,0.078571,0.078571,,0.045238,,,,,,168,,1,,,,
accuracy,Chandigarh,rainfall,30,,,ecmwf,model,1,mae,0.118194,0.118194,,-0.015139,,,,,,720,,0,,,,
accuracy,Chandigarh,rainfall,45,,,ecmwf,model,1,mae,0.129074,0.129074,,-0.009444,,,,,,1080,,0,,,,
accuracy,Chandigarh,rainfall,,,,ecmwf,model,1,mae,0.133607,0.133607,,-0.006284,,,,,,1464,,0,,,,
accuracy,Chandigarh,rainfall,7,,,ecmwf,model,2,mae,0.083333,0.083333,,-0.032143,,,,,,168,,1,,,,
accuracy,Chandigarh,rainfall,30,,,weighted_blend,blend,2,mae,0.151989,0.151989,,-0.002165,,,,,,720,,0,,,,
accuracy,Chandigarh,rainfall,45,,,weighted_blend,blend,2,mae,0.178545,0.178545,,-0.019035,,,,,,1080,,0,,,,
accuracy,Chandigarh,rainfall,,,,weighted_blend,blend,2,mae,0.178729,0.178729,,-0.009841,,,,,,1464,,0,,,,
accuracy,Chandigarh,rainfall,7,,,weighted_blend,blend,3,mae,0.09655,0.09655,,-0.013766,,,,,,168,,1,,,,
accuracy,Chandigarh,rainfall,30,,,gfs,model,3,mae,0.160833,0.160833,,0.095,,,,,,720,,0,,,,
accuracy,Chandigarh,rainfall,,,,equal_avg,baseline,3,mae,0.199624,0.199624,,-0.013217,,,,,,1464,,0,,,,
accuracy,Chandigarh,rainfall,45,,,equal_avg,baseline,3,mae,0.201597,0.201597,,-0.024699,,,,,,1080,,0,,,,
accuracy,Chandigarh,rainfall,7,,,equal_avg,baseline,4,mae,0.104315,0.104315,,-0.010863,,,,,,168,,1,,,,
accuracy,Chandigarh,rainfall,30,,,equal_avg,baseline,4,mae,0.17,0.17,,-0.001944,,,,,,720,,0,,,,
accuracy,Chandigarh,rainfall,45,,,gfs,model,4,mae,0.222222,0.222222,,0.047593,,,,,,1080,,0,,,,
accuracy,Chandigarh,rainfall,,,,gfs,model,4,mae,0.231899,0.231899,,0.043921,,,,,,1464,,0,,,,
accuracy,Chandigarh,rainfall,7,,,persistence,baseline,5,mae,0.116071,0.116071,,0.000595,,,,,,168,,1,,,,
accuracy,Chandigarh,rainfall,30,,,icon,model,5,mae,0.242361,0.242361,,-0.04875,,,,,,720,,0,,,,
accuracy,Chandigarh,rainfall,45,,,icon,model,5,mae,0.266574,0.266574,,-0.058426,,,,,,1080,,0,,,,
accuracy,Chandigarh,rainfall,,,,icon,model,5,mae,0.266803,0.266803,,-0.036749,,,,,,1464,,0,,,,
accuracy,Chandigarh,rainfall,7,,,icon,model,6,mae,0.15119,0.15119,,-0.02381,,,,,,168,,1,,,,
accuracy,Chandigarh,rainfall,30,,,persistence,baseline,6,mae,0.245972,0.245972,,-0.004861,,,,,,720,,0,,,,
accuracy,Chandigarh,rainfall,45,,,persistence,baseline,6,mae,0.267315,0.267315,,-9.3e-05,,,,,,1080,,0,,,,
accuracy,Chandigarh,rainfall,,,,persistence,baseline,6,mae,0.28375,0.28375,,0.000139,,,,,,1440,,0,,,,
accuracy,Chandigarh,rainfall,7,,,gem,model,7,mae,0.168452,0.168452,,-0.032738,,,,,,168,,1,,,,
accuracy,Chandigarh,rainfall,30,,,gem,model,7,mae,0.276944,0.276944,,-0.038889,,,,,,720,,0,,,,
accuracy,Chandigarh,rainfall,,,,gem,model,7,mae,0.315505,0.315505,,-0.053757,,,,,,1464,,0,,,,
accuracy,Chandigarh,rainfall,45,,,gem,model,7,mae,0.33,0.33,,-0.078519,,,,,,1080,,0,,,,
accuracy,Chennai,rainfall,30,,,weighted_blend,blend,1,mae,0.149495,0.149495,,0.033029,,,,,,720,,0,,,,
accuracy,Chennai,rainfall,45,,,ecmwf,model,1,mae,0.15,0.15,,-0.01537,,,,,,1080,,0,,,,
accuracy,Chennai,rainfall,,,,ecmwf,model,1,mae,0.157036,0.157036,,-0.01127,,,,,,1464,,0,,,,
accuracy,Chennai,rainfall,7,,,ecmwf,model,1,mae,0.1875,0.1875,,0.051786,,,,,,168,,1,,,,
accuracy,Chennai,rainfall,30,,,ecmwf,model,2,mae,0.150556,0.150556,,-0.023889,,,,,,720,,0,,,,
accuracy,Chennai,rainfall,45,,,weighted_blend,blend,2,mae,0.153195,0.153195,,0.037101,,,,,,1080,,0,,,,
accuracy,Chennai,rainfall,,,,weighted_blend,blend,2,mae,0.161746,0.161746,,0.037012,,,,,,1464,,0,,,,
accuracy,Chennai,rainfall,7,,,weighted_blend,blend,2,mae,0.206496,0.206496,,0.122161,,,,,,168,,1,,,,
accuracy,Chennai,rainfall,30,,,gfs,model,3,mae,0.153333,0.153333,,0.1225,,,,,,720,,0,,,,
accuracy,Chennai,rainfall,45,,,gfs,model,3,mae,0.15713,0.15713,,0.127685,,,,,,1080,,0,,,,
accuracy,Chennai,rainfall,,,,equal_avg,baseline,3,mae,0.168152,0.168152,,0.034477,,,,,,1464,,0,,,,
accuracy,Chennai,rainfall,7,,,equal_avg,baseline,3,mae,0.209226,0.209226,,0.120833,,,,,,168,,1,,,,
accuracy,Chennai,rainfall,30,,,equal_avg,baseline,4,mae,0.155972,0.155972,,0.03,,,,,,720,,0,,,,
accuracy,Chennai,rainfall,45,,,equal_avg,baseline,4,mae,0.159282,0.159282,,0.034097,,,,,,1080,,0,,,,
accuracy,Chennai,rainfall,,,,gfs,model,4,mae,0.173429,0.173429,,0.119331,,,,,,1464,,0,,,,
accuracy,Chennai,rainfall,7,,,gem,model,4,mae,0.2375,0.2375,,0.192262,,,,,,168,,1,,,,
accuracy,Chennai,rainfall,30,,,gem,model,5,mae,0.185278,0.185278,,0.054167,,,,,,720,,0,,,,
accuracy,Chennai,rainfall,45,,,gem,model,5,mae,0.19537,0.19537,,0.043148,,,,,,1080,,0,,,,
accuracy,Chennai,rainfall,,,,gem,model,5,mae,0.207514,0.207514,,0.040847,,,,,,1464,,0,,,,
accuracy,Chennai,rainfall,7,,,gfs,model,5,mae,0.258929,0.258929,,0.192262,,,,,,168,,1,,,,
accuracy,Chennai,rainfall,45,,,persistence,baseline,6,mae,0.238241,0.238241,,-0.005278,,,,,,1080,,0,,,,
accuracy,Chennai,rainfall,30,,,icon,model,6,mae,0.2425,0.2425,,-0.032778,,,,,,720,,0,,,,
accuracy,Chennai,rainfall,,,,icon,model,6,mae,0.248156,0.248156,,-0.010997,,,,,,1464,,0,,,,
accuracy,Chennai,rainfall,7,,,icon,model,6,mae,0.273214,0.273214,,0.047024,,,,,,168,,1,,,,
accuracy,Chennai,rainfall,45,,,icon,model,7,mae,0.242037,0.242037,,-0.019074,,,,,,1080,,0,,,,
accuracy,Chennai,rainfall,30,,,persistence,baseline,7,mae,0.247778,0.247778,,-0.000833,,,,,,720,,0,,,,
accuracy,Chennai,rainfall,,,,persistence,baseline,7,mae,0.249861,0.249861,,-0.00125,,,,,,1440,,0,,,,
accuracy,Chennai,rainfall,7,,,persistence,baseline,7,mae,0.469643,0.469643,,-0.000595,,,,,,168,,1,,,,
accuracy,Coimbatore,rainfall,,,,ecmwf,model,1,mae,0.101366,0.101366,,0.006831,,,,,,1464,,0,,,,
accuracy,Coimbatore,rainfall,45,,,ecmwf,model,1,mae,0.104537,0.104537,,0.008611,,,,,,1080,,0,,,,
accuracy,Coimbatore,rainfall,30,,,ecmwf,model,1,mae,0.111111,0.111111,,0.008889,,,,,,720,,0,,,,
accuracy,Coimbatore,rainfall,7,,,ecmwf,model,1,mae,0.134524,0.134524,,0.010714,,,,,,168,,1,,,,
accuracy,Coimbatore,rainfall,,,,weighted_blend,blend,2,mae,0.139592,0.139592,,0.080699,,,,,,1464,,0,,,,
accuracy,Coimbatore,rainfall,45,,,weighted_blend,blend,2,mae,0.145981,0.145981,,0.083523,,,,,,1080,,0,,,,
accuracy,Coimbatore,rainfall,30,,,weighted_blend,blend,2,mae,0.150088,0.150088,,0.08306,,,,,,720,,0,,,,
accuracy,Coimbatore,rainfall,7,,,weighted_blend,blend,2,mae,0.207167,0.207167,,0.073024,,,,,,168,,1,,,,
accuracy,Coimbatore,rainfall,,,,equal_avg,baseline,3,mae,0.152869,0.152869,,0.09597,,,,,,1464,,0,,,,
accuracy,Coimbatore,rainfall,45,,,equal_avg,baseline,3,mae,0.160324,0.160324,,0.098981,,,,,,1080,,0,,,,
accuracy,Coimbatore,rainfall,30,,,equal_avg,baseline,3,mae,0.163889,0.163889,,0.098472,,,,,,720,,0,,,,
accuracy,Coimbatore,rainfall,7,,,gem,model,3,mae,0.229167,0.229167,,0.175595,,,,,,168,,1,,,,
accuracy,Coimbatore,rainfall,,,,gem,model,4,mae,0.178484,0.178484,,0.137773,,,,,,1464,,0,,,,
accuracy,Coimbatore,rainfall,45,,,gem,model,4,mae,0.180185,0.180185,,0.15,,,,,,1080,,0,,,,
accuracy,Coimbatore,rainfall,30,,,gem,model,4,mae,0.183472,0.183472,,0.154861,,,,,,720,,0,,,,
accuracy,Coimbatore,rainfall,7,,,equal_avg,baseline,4,mae,0.229911,0.229911,,0.085863,,,,,,168,,1,,,,
accuracy,Coimbatore,rainfall,,,,icon,model,5,mae,0.180601,0.180601,,0.127186,,,,,,1464,,0,,,,
accuracy,Coimbatore,rainfall,45,,,icon,model,5,mae,0.196019,0.196019,,0.1275,,,,,,1080,,0,,,,
accuracy,Coimbatore,rainfall,30,,,icon,model,5,mae,0.207083,0.207083,,0.120139,,,,,,720,,0,,,,
accuracy,Coimbatore,rainfall,7,,,persistence,baseline,5,mae,0.3,0.3,,0.036905,,,,,,168,,1,,,,
accuracy,Coimbatore,rainfall,,,,gfs,model,6,mae,0.204577,0.204577,,0.11209,,,,,,1464,,0,,,,
accuracy,Coimbatore,rainfall,45,,,gfs,model,6,mae,0.219444,0.219444,,0.109815,,,,,,1080,,0,,,,
accuracy,Coimbatore,rainfall,30,,,gfs,model,6,mae,0.222778,0.222778,,0.11,,,,,,720,,0,,,,
accuracy,Coimbatore,rainfall,7,,,icon,model,6,mae,0.302976,0.302976,,0.0875,,,,,,168,,1,,,,
accuracy,Coimbatore,rainfall,45,,,persistence,baseline,7,mae,0.234537,0.234537,,0.006204,,,,,,1080,,0,,,,
accuracy,Coimbatore,rainfall,,,,persistence,baseline,7,mae,0.237361,0.237361,,-0.000278,,,,,,1440,,0,,,,
accuracy,Coimbatore,rainfall,30,,,persistence,baseline,7,mae,0.260833,0.260833,,0.010278,,,,,,720,,0,,,,
accuracy,Coimbatore,rainfall,7,,,gfs,model,7,mae,0.347024,0.347024,,0.069643,,,,,,168,,1,,,,
accuracy,Dehradun,rainfall,7,,,ecmwf,model,1,mae,0.141071,0.141071,,0.0125,,,,,,168,,1,,,,
accuracy,Dehradun,rainfall,45,,,ecmwf,model,1,mae,0.297037,0.297037,,0.029259,,,,,,1080,,0,,,,
accuracy,Dehradun,rainfall,30,,,ecmwf,model,1,mae,0.301111,0.301111,,0.046944,,,,,,720,,0,,,,
accuracy,Dehradun,rainfall,,,,ecmwf,model,1,mae,0.335861,0.335861,,-0.013456,,,,,,1464,,0,,,,
accuracy,Dehradun,rainfall,7,,,icon,model,2,mae,0.196429,0.196429,,0.077381,,,,,,168,,1,,,,
accuracy,Dehradun,rainfall,45,,,weighted_blend,blend,2,mae,0.431477,0.431477,,-0.042864,,,,,,1080,,0,,,,
accuracy,Dehradun,rainfall,30,,,weighted_blend,blend,2,mae,0.435018,0.435018,,-0.016661,,,,,,720,,0,,,,
accuracy,Dehradun,rainfall,,,,weighted_blend,blend,2,mae,0.467432,0.467432,,-0.055711,,,,,,1464,,0,,,,
accuracy,Dehradun,rainfall,7,,,persistence,baseline,3,mae,0.272619,0.272619,,-0.00119,,,,,,168,,1,,,,
accuracy,Dehradun,rainfall,45,,,equal_avg,baseline,3,mae,0.493634,0.493634,,-0.071875,,,,,,1080,,0,,,,
accuracy,Dehradun,rainfall,30,,,equal_avg,baseline,3,mae,0.496806,0.496806,,-0.044028,,,,,,720,,0,,,,
accuracy,Dehradun,rainfall,,,,equal_avg,baseline,3,mae,0.533641,0.533641,,-0.074488,,,,,,1464,,0,,,,
accuracy,Dehradun,rainfall,7,,,weighted_blend,blend,4,mae,0.280533,0.280533,,-0.090762,,,,,,168,,1,,,,
accuracy,Dehradun,rainfall,30,,,icon,model,4,mae,0.558056,0.558056,,-0.006389,,,,,,720,,0,,,,
accuracy,Dehradun,rainfall,45,,,icon,model,4,mae,0.571389,0.571389,,-0.039352,,,,,,1080,,0,,,,
accuracy,Dehradun,rainfall,,,,icon,model,4,mae,0.649727,0.649727,,-0.025137,,,,,,1464,,0,,,,
accuracy,Dehradun,rainfall,7,,,gfs,model,5,mae,0.334524,0.334524,,-0.085714,,,,,,168,,1,,,,
accuracy,Dehradun,rainfall,30,,,gfs,model,5,mae,0.570833,0.570833,,0.102778,,,,,,720,,0,,,,
accuracy,Dehradun,rainfall,45,,,gfs,model,5,mae,0.574815,0.574815,,0.04963,,,,,,1080,,0,,,,
accuracy,Dehradun,rainfall,,,,gfs,model,5,mae,0.670628,0.670628,,0.014208,,,,,,1464,,0,,,,
accuracy,Dehradun,rainfall,7,,,equal_avg,baseline,6,mae,0.341071,0.341071,,-0.133929,,,,,,168,,1,,,,
accuracy,Dehradun,rainfall,45,,,persistence,baseline,6,mae,0.625,0.625,,-0.011667,,,,,,1080,,0,,,,
accuracy,Dehradun,rainfall,30,,,persistence,baseline,6,mae,0.629444,0.629444,,-0.018889,,,,,,720,,0,,,,
accuracy,Dehradun,rainfall,,,,persistence,baseline,6,mae,0.72625,0.72625,,-0.008611,,,,,,1440,,0,,,,
accuracy,Dehradun,rainfall,7,,,gem,model,7,mae,0.801786,0.801786,,-0.539881,,,,,,168,,1,,,,
accuracy,Dehradun,rainfall,45,,,gem,model,7,mae,0.845556,0.845556,,-0.327037,,,,,,1080,,0,,,,
accuracy,Dehradun,rainfall,,,,gem,model,7,mae,0.852664,0.852664,,-0.273566,,,,,,1464,,0,,,,
accuracy,Dehradun,rainfall,30,,,gem,model,7,mae,0.867222,0.867222,,-0.319444,,,,,,720,,0,,,,
accuracy,Delhi,rainfall,7,,,ecmwf,model,1,mae,0.105357,0.105357,,0.026786,,,,,,168,,1,,,,
accuracy,Delhi,rainfall,30,,,ecmwf,model,1,mae,0.178889,0.178889,,-0.012222,,,,,,720,,0,,,,
accuracy,Delhi,rainfall,,,,ecmwf,model,1,mae,0.251571,0.251571,,0.016189,,,,,,1464,,0,,,,
accuracy,Delhi,rainfall,45,,,ecmwf,model,1,mae,0.252407,0.252407,,0.001111,,,,,,1080,,0,,,,
accuracy,Delhi,rainfall,7,,,gfs,model,2,mae,0.141667,0.141667,,0.12619,,,,,,168,,1,,,,
accuracy,Delhi,rainfall,30,,,weighted_blend,blend,2,mae,0.203909,0.203909,,0.044347,,,,,,720,,0,,,,
accuracy,Delhi,rainfall,45,,,weighted_blend,blend,2,mae,0.308004,0.308004,,0.043183,,,,,,1080,,0,,,,
accuracy,Delhi,rainfall,,,,weighted_blend,blend,2,mae,0.316615,0.316615,,0.04821,,,,,,1464,,0,,,,
accuracy,Delhi,rainfall,7,,,weighted_blend,blend,3,mae,0.150592,0.150592,,0.045897,,,,,,168,,1,,,,
accuracy,Delhi,rainfall,30,,,equal_avg,baseline,3,mae,0.222049,0.222049,,0.050521,,,,,,720,,0,,,,
accuracy,Delhi,rainfall,45,,,equal_avg,baseline,3,mae,0.336597,0.336597,,0.042662,,,,,,1080,,0,,,,
accuracy,Delhi,rainfall,,,,equal_avg,baseline,3,mae,0.345065,0.345065,,0.046704,,,,,,1464,,0,,,,
accuracy,Delhi,rainfall,7,,,equal_avg,baseline,4,mae,0.167113,0.167113,,0.044792,,,,,,168,,1,,,,
accuracy,Delhi,rainfall,30,,,gfs,model,4,mae,0.243194,0.243194,,0.137083,,,,,,720,,0,,,,
accuracy,Delhi,rainfall,45,,,gfs,model,4,mae,0.349074,0.349074,,0.174259,,,,,,1080,,0,,,,
accuracy,Delhi,rainfall,,,,gfs,model,4,mae,0.381489,0.381489,,0.156079,,,,,,1464,,0,,,,
accuracy,Delhi,rainfall,7,,,icon,model,5,mae,0.196429,0.196429,,0.035714,,,,,,168,,1,,,,
accuracy,Delhi,rainfall,30,,,gem,model,5,mae,0.312222,0.312222,,0.090278,,,,,,720,,0,,,,
accuracy,Delhi,rainfall,45,,,icon,model,5,mae,0.466944,0.466944,,-0.058981,,,,,,1080,,0,,,,
accuracy,Delhi,rainfall,,,,gem,model,5,mae,0.47944,0.47944,,0.081352,,,,,,1464,,0,,,,
accuracy,Delhi,rainfall,7,,,persistence,baseline,6,mae,0.223214,0.223214,,0.001786,,,,,,168,,1,,,,
accuracy,Delhi,rainfall,30,,,icon,model,6,mae,0.318611,0.318611,,-0.013056,,,,,,720,,0,,,,
accuracy,Delhi,rainfall,45,,,persistence,baseline,6,mae,0.481574,0.481574,,-0.004167,,,,,,1080,,0,,,,
accuracy,Delhi,rainfall,,,,icon,model,6,mae,0.493579,0.493579,,-0.066803,,,,,,1464,,0,,,,
accuracy,Delhi,rainfall,7,,,gem,model,7,mae,0.27381,0.27381,,-0.009524,,,,,,168,,1,,,,
accuracy,Delhi,rainfall,30,,,persistence,baseline,7,mae,0.341389,0.341389,,-0.005833,,,,,,720,,0,,,,
accuracy,Delhi,rainfall,,,,persistence,baseline,7,mae,0.500903,0.500903,,0.000208,,,,,,1440,,0,,,,
accuracy,Delhi,rainfall,45,,,gem,model,7,mae,0.504074,0.504074,,0.054259,,,,,,1080,,0,,,,
accuracy,Ghaziabad,rainfall,7,,,ecmwf,model,1,mae,0.1,0.1,,-0.034524,,,,,,168,,1,,,,
accuracy,Ghaziabad,rainfall,30,,,ecmwf,model,1,mae,0.166667,0.166667,,-0.018611,,,,,,720,,0,,,,
accuracy,Ghaziabad,rainfall,45,,,ecmwf,model,1,mae,0.220556,0.220556,,-0.016667,,,,,,1080,,0,,,,
accuracy,Ghaziabad,rainfall,,,,ecmwf,model,1,mae,0.22179,0.22179,,-0.014276,,,,,,1464,,0,,,,
accuracy,Ghaziabad,rainfall,7,,,weighted_blend,blend,2,mae,0.123454,0.123454,,-0.012713,,,,,,168,,1,,,,
accuracy,Ghaziabad,rainfall,30,,,weighted_blend,blend,2,mae,0.200885,0.200885,,0.020996,,,,,,720,,0,,,,
accuracy,Ghaziabad,rainfall,,,,weighted_blend,blend,2,mae,0.282731,0.282731,,-0.003185,,,,,,1464,,0,,,,
accuracy,Ghaziabad,rainfall,45,,,weighted_blend,blend,2,mae,0.283082,0.283082,,-0.00467,,,,,,1080,,0,,,,
accuracy,Ghaziabad,rainfall,7,,,gfs,model,3,mae,0.127976,0.127976,,0.058929,,,,,,168,,1,,,,
accuracy,Ghaziabad,rainfall,30,,,equal_avg,baseline,3,mae,0.220312,0.220312,,0.025312,,,,,,720,,0,,,,
accuracy,Ghaziabad,rainfall,,,,equal_avg,baseline,3,mae,0.315488,0.315488,,-0.011492,,,,,,1464,,0,,,,
accuracy,Ghaziabad,rainfall,45,,,equal_avg,baseline,3,mae,0.316505,0.316505,,-0.013958,,,,,,1080,,0,,,,
accuracy,Ghaziabad,rainfall,7,,,equal_avg,baseline,4,mae,0.143006,0.143006,,-0.014137,,,,,,168,,1,,,,
accuracy,Ghaziabad,rainfall,30,,,gfs,model,4,mae,0.259444,0.259444,,0.091389,,,,,,720,,0,,,,
accuracy,Ghaziabad,rainfall,45,,,gfs,model,4,mae,0.335741,0.335741,,0.111852,,,,,,1080,,0,,,,
accuracy,Ghaziabad,rainfall,,,,gfs,model,4,mae,0.345423,0.345423,,0.103074,,,,,,1464,,0,,,,
accuracy,Ghaziabad,rainfall,7,,,persistence,baseline,5,mae,0.158333,0.158333,,-0.005952,,,,,,168,,1,,,,
accuracy,Ghaziabad,rainfall,30,,,persistence,baseline,5,mae,0.290833,0.290833,,-0.003611,,,,,,720,,0,,,,
accuracy,Ghaziabad,rainfall,,,,persistence,baseline,5,mae,0.40375,0.40375,,-0.0,,,,,,1440,,0,,,,
accuracy,Ghaziabad,rainfall,45,,,persistence,baseline,5,mae,0.409537,0.409537,,-0.013056,,,,,,1080,,0,,,,
accuracy,Ghaziabad,rainfall,7,,,icon,model,6,mae,0.206548,0.206548,,-0.055357,,,,,,168,,1,,,,
accuracy,Ghaziabad,rainfall,30,,,gem,model,6,mae,0.296806,0.296806,,0.079028,,,,,,720,,0,,,,
accuracy,Ghaziabad,rainfall,45,,,icon,model,6,mae,0.44,0.44,,-0.123704,,,,,,1080,,0,,,,
accuracy,Ghaziabad,rainfall,,,,icon,model,6,mae,0.457445,0.457445,,-0.136407,,,,,,1464,,0,,,,
accuracy,Ghaziabad,rainfall,7,,,gem,model,7,mae,0.2125,0.2125,,-0.025595,,,,,,168,,1,,,,
accuracy,Ghaziabad,rainfall,30,,,icon,model,7,mae,0.314444,0.314444,,-0.050556,,,,,,720,,0,,,,
accuracy,Ghaziabad,rainfall,,,,gem,model,7,mae,0.478142,0.478142,,0.001639,,,,,,1464,,0,,,,
accuracy,Ghaziabad,rainfall,45,,,gem,model,7,mae,0.504537,0.504537,,-0.027315,,,,,,1080,,0,,,,
accuracy,Goa,rainfall,7,,,ecmwf,model,1,mae,0.060119,0.060119,,0.042262,,,,,,168,,1,,,,
accuracy,Goa,rainfall,30,,,weighted_blend,blend,1,mae,0.259986,0.259986,,0.050392,,,,,,720,,0,,,,
accuracy,Goa,rainfall,45,,,weighted_blend,blend,1,mae,0.381886,0.381886,,0.092461,,,,,,1080,,0,,,,
accuracy,Goa,rainfall,,,,weighted_blend,blend,1,mae,0.500954,0.500954,,0.133846,,,,,,1464,,0,,,,
accuracy,Goa,rainfall,7,,,weighted_blend,blend,2,mae,0.068157,0.068157,,0.041653,,,,,,168,,1,,,,
accuracy,Goa,rainfall,30,,,icon,model,2,mae,0.263194,0.263194,,0.120139,,,,,,720,,0,,,,
accuracy,Goa,rainfall,45,,,equal_avg,baseline,2,mae,0.390509,0.390509,,0.091667,,,,,,1080,,0,,,,
accuracy,Goa,rainfall,,,,equal_avg,baseline,2,mae,0.511168,0.511168,,0.134495,,,,,,1464,,0,,,,
accuracy,Goa,rainfall,7,,,icon,model,3,mae,0.069048,0.069048,,0.064286,,,,,,168,,1,,,,
accuracy,Goa,rainfall,30,,,equal_avg,baseline,3,mae,0.267639,0.267639,,0.048194,,,,,,720,,0,,,,
accuracy,Goa,rainfall,45,,,icon,model,3,mae,0.392963,0.392963,,0.169815,,,,,,1080,,0,,,,
accuracy,Goa,rainfall,,,,ecmwf,model,3,mae,0.520219,0.520219,,0.028689,,,,,,1464,,0,,,,
accuracy,Goa,rainfall,7,,,equal_avg,baseline,4,mae,0.069345,0.069345,,0.041964,,,,,,168,,1,,,,
accuracy,Goa,rainfall,30,,,gfs,model,4,mae,0.271528,0.271528,,0.092917,,,,,,720,,0,,,,
accuracy,Goa,rainfall,45,,,ecmwf,model,4,mae,0.408056,0.408056,,-0.015278,,,,,,1080,,0,,,,
accuracy,Goa,rainfall,,,,gfs,model,4,mae,0.555874,0.555874,,0.123497,,,,,,1464,,0,,,,
accuracy,Goa,rainfall,7,,,gfs,model,5,mae,0.077976,0.077976,,0.016071,,,,,,168,,1,,,,
accuracy,Goa,rainfall,30,,,ecmwf,model,5,mae,0.276111,0.276111,,-0.014722,,,,,,720,,0,,,,
accuracy,Goa,rainfall,45,,,gfs,model,5,mae,0.411296,0.411296,,0.166852,,,,,,1080,,0,,,,
accuracy,Goa,rainfall,,,,icon,model,5,mae,0.558675,0.558675,,0.280533,,,,,,1464,,0,,,,
accuracy,Goa,rainfall,7,,,gem,model,6,mae,0.088095,0.088095,,0.045238,,,,,,168,,1,,,,
accuracy,Goa,rainfall,30,,,persistence,baseline,6,mae,0.371806,0.371806,,-0.017361,,,,,,720,,0,,,,
accuracy,Goa,rainfall,45,,,persistence,baseline,6,mae,0.535741,0.535741,,-0.031852,,,,,,1080,,0,,,,
accuracy,Goa,rainfall,,,,persistence,baseline,6,mae,0.759306,0.759306,,-0.015556,,,,,,1440,,0,,,,
accuracy,Goa,rainfall,7,,,persistence,baseline,7,mae,0.099405,0.099405,,0.000595,,,,,,168,,1,,,,
accuracy,Goa,rainfall,30,,,gem,model,7,mae,0.443889,0.443889,,-0.005556,,,,,,720,,0,,,,
accuracy,Goa,rainfall,45,,,gem,model,7,mae,0.6025,0.6025,,0.045278,,,,,,1080,,0,,,,
accuracy,Goa,rainfall,,,,gem,model,7,mae,0.771243,0.771243,,0.10526,,,,,,1464,,0,,,,
accuracy,Guwahati,rainfall,7,,,ecmwf,model,1,mae,0.220833,0.220833,,0.105357,,,,,,168,,1,,,,
accuracy,Guwahati,rainfall,30,,,ecmwf,model,1,mae,0.346111,0.346111,,0.037778,,,,,,720,,0,,,,
accuracy,Guwahati,rainfall,45,,,ecmwf,model,1,mae,0.388796,0.388796,,0.041019,,,,,,1080,,0,,,,
accuracy,Guwahati,rainfall,,,,ecmwf,model,1,mae,0.467281,0.467281,,0.051161,,,,,,1464,,0,,,,
accuracy,Guwahati,rainfall,7,,,weighted_blend,blend,2,mae,0.365272,0.365272,,-0.053773,,,,,,168,,1,,,,
accuracy,Guwahati,rainfall,30,,,weighted_blend,blend,2,mae,0.481218,0.481218,,-0.007097,,,,,,720,,0,,,,
accuracy,Guwahati,rainfall,45,,,weighted_blend,blend,2,mae,0.503468,0.503468,,0.010813,,,,,,1080,,0,,,,
accuracy,Guwahati,rainfall,,,,weighted_blend,blend,2,mae,0.573131,0.573131,,0.035353,,,,,,1464,,0,,,,
accuracy,Guwahati,rainfall,7,,,equal_avg,baseline,3,mae,0.390625,0.390625,,-0.077232,,,,,,168,,1,,,,
accuracy,Guwahati,rainfall,30,,,equal_avg,baseline,3,mae,0.51625,0.51625,,-0.016458,,,,,,720,,0,,,,
accuracy,Guwahati,rainfall,45,,,equal_avg,baseline,3,mae,0.539329,0.539329,,0.001181,,,,,,1080,,0,,,,
accuracy,Guwahati,rainfall,,,,equal_avg,baseline,3,mae,0.609717,0.609717,,0.027271,,,,,,1464,,0,,,,
accuracy,Guwahati,rainfall,7,,,gfs,model,4,mae,0.433929,0.433929,,-0.064881,,,,,,168,,1,,,,
accuracy,Guwahati,rainfall,30,,,icon,model,4,mae,0.665,0.665,,-0.076389,,,,,,720,,0,,,,
accuracy,Guwahati,rainfall,45,,,icon,model,4,mae,0.675926,0.675926,,-0.028519,,,,,,1080,,0,,,,
accuracy,Guwahati,rainfall,,,,icon,model,4,mae,0.779372,0.779372,,-0.011475,,,,,,1464,,0,,,,
accuracy,Guwahati,rainfall,7,,,persistence,baseline,5,mae,0.45,0.45,,0.020238,,,,,,168,,1,,,,
accuracy,Guwahati,rainfall,30,,,persistence,baseline,5,mae,0.668889,0.668889,,-0.046389,,,,,,720,,0,,,,
accuracy,Guwahati,rainfall,45,,,persistence,baseline,5,mae,0.71787,0.71787,,-0.009537,,,,,,1080,,0,,,,
accuracy,Guwahati,rainfall,,,,persistence,baseline,5,mae,0.797986,0.797986,,-0.007292,,,,,,1440,,0,,,,
accuracy,Guwahati,rainfall,7,,,icon,model,6,mae,0.489286,0.489286,,-0.188095,,,,,,168,,1,,,,
accuracy,Guwahati,rainfall,30,,,gfs,model,6,mae,0.687639,0.687639,,-0.07125,,,,,,720,,0,,,,
accuracy,Guwahati,rainfall,45,,,gem,model,6,mae,0.736759,0.736759,,0.10287,,,,,,1080,,0,,,,
accuracy,Guwahati,rainfall,,,,gem,model,6,mae,0.812022,0.812022,,0.165984,,,,,,1464,,0,,,,
accuracy,Guwahati,rainfall,7,,,gem,model,7,mae,0.658929,0.658929,,-0.16131,,,,,,168,,1,,,,
accuracy,Guwahati,rainfall,30,,,gem,model,7,mae,0.72875,0.72875,,0.044028,,,,,,720,,0,,,,
accuracy,Guwahati,rainfall,45,,,gfs,model,7,mae,0.7925,0.7925,,-0.110648,,,,,,1080,,0,,,,
accuracy,Guwahati,rainfall,,,,gfs,model,7,mae,0.880191,0.880191,,-0.096585,,,,,,1464,,0,,,,
accuracy,Hyderabad,rainfall,45,,,ecmwf,model,1,mae,0.080278,0.080278,,-0.009167,,,,,,1080,,0,,,,
accuracy,Hyderabad,rainfall,30,,,ecmwf,model,1,mae,0.087361,0.087361,,-0.013472,,,,,,720,,0,,,,
accuracy,Hyderabad,rainfall,,,,ecmwf,model,1,mae,0.105806,0.105806,,0.000751,,,,,,1464,,0,,,,
accuracy,Hyderabad,rainfall,7,,,weighted_blend,blend,1,mae,0.125327,0.125327,,-0.006949,,,,,,168,,1,,,,
accuracy,Hyderabad,rainfall,30,,,weighted_blend,blend,2,mae,0.102778,0.102778,,0.00502,,,,,,720,,0,,,,
accuracy,Hyderabad,rainfall,45,,,weighted_blend,blend,2,mae,0.103985,0.103985,,-0.000231,,,,,,1080,,0,,,,
accuracy,Hyderabad,rainfall,,,,weighted_blend,blend,2,mae,0.135823,0.135823,,0.018936,,,,,,1464,,0,,,,
accuracy,Hyderabad,rainfall,7,,,equal_avg,baseline,2,mae,0.140327,0.140327,,0.012946,,,,,,168,,1,,,,
accuracy,Hyderabad,rainfall,30,,,equal_avg,baseline,3,mae,0.117882,0.117882,,0.01066,,,,,,720,,0,,,,
accuracy,Hyderabad,rainfall,45,,,equal_avg,baseline,3,mae,0.120231,0.120231,,0.001852,,,,,,1080,,0,,,,
accuracy,Hyderabad,rainfall,7,,,gfs,model,3,mae,0.145238,0.145238,,0.086905,,,,,,168,,1,,,,
accuracy,Hyderabad,rainfall,,,,equal_avg,baseline,3,mae,0.158248,0.158248,,0.022524,,,,,,1464,,0,,,,
accuracy,Hyderabad,rainfall,30,,,gfs,model,4,mae,0.141389,0.141389,,0.023333,,,,,,720,,0,,,,
accuracy,Hyderabad,rainfall,7,,,ecmwf,model,4,mae,0.145833,0.145833,,-0.06369,,,,,,168,,1,,,,
accuracy,Hyderabad,rainfall,45,,,gfs,model,4,mae,0.146111,0.146111,,0.022037,,,,,,1080,,0,,,,
accuracy,Hyderabad,rainfall,,,,gfs,model,4,mae,0.197814,0.197814,,0.052049,,,,,,1464,,0,,,,
accuracy,Hyderabad,rainfall,30,,,icon,model,5,mae,0.143056,0.143056,,0.0225,,,,,,720,,0,,,,
accuracy,Hyderabad,rainfall,45,,,persistence,baseline,5,mae,0.153241,0.153241,,0.000648,,,,,,1080,,0,,,,
accuracy,Hyderabad,rainfall,7,,,persistence,baseline,5,mae,0.184524,0.184524,,-0.003571,,,,,,168,,1,,,,
accuracy,Hyderabad,rainfall,,,,icon,model,5,mae,0.207855,0.207855,,0.04638,,,,,,1464,,0,,,,
accuracy,Hyderabad,rainfall,45,,,icon,model,6,mae,0.154907,0.154907,,0.00287,,,,,,1080,,0,,,,
accuracy,Hyderabad,rainfall,30,,,persistence,baseline,6,mae,0.159306,0.159306,,0.001528,,,,,,720,,0,,,,
accuracy,Hyderabad,rainfall,7,,,gem,model,6,mae,0.204762,0.204762,,0.054762,,,,,,168,,1,,,,
accuracy,Hyderabad,rainfall,,,,persistence,baseline,6,mae,0.229028,0.229028,,-0.004306,,,,,,1440,,0,,,,
accuracy,Hyderabad,rainfall,45,,,gem,model,7,mae,0.177963,0.177963,,-0.008333,,,,,,1080,,0,,,,
accuracy,Hyderabad,rainfall,30,,,gem,model,7,mae,0.181111,0.181111,,0.010278,,,,,,720,,0,,,,
accuracy,Hyderabad,rainfall,7,,,icon,model,7,mae,0.241667,0.241667,,-0.02619,,,,,,168,,1,,,,
accuracy,Hyderabad,rainfall,,,,gem,model,7,mae,0.256216,0.256216,,-0.009085,,,,,,1464,,0,,,,
accuracy,IN,rainfall,7,,,ecmwf,model,1,mae,0.163743,0.163743,,-0.004881,,,,,,7560,,0,0.13787,0.194286,1,1
accuracy,IN,rainfall,30,,,ecmwf,model,1,mae,0.185685,0.185685,,-0.00584,,,,,,32400,,0,0.156171,0.216691,1,1
accuracy,IN,rainfall,45,,,ecmwf,model,1,mae,0.20956,0.20956,,-0.006288,,,,,,48600,,0,0.180429,0.241865,1,1
accuracy,IN,rainfall,,,,ecmwf,model,1,mae,0.237081,0.237081,,-0.005077,,,,,,65880,,0,0.206696,0.272031,1,1
accuracy,IN,rainfall,7,,,weighted_blend,blend,2,mae,0.215463,0.215463,,-0.011167,,,,,,7560,,0,0.182393,0.253634,2,2
accuracy,IN,rainfall,30,,,weighted_blend,blend,2,mae,0.236746,0.236746,,0.00624,,,,,,32400,,0,0.198814,0.275878,2,2
accuracy,IN,rainfall,45,,,weighted_blend,blend,2,mae,0.265266,0.265266,,0.009041,,,,,,48600,,0,0.227607,0.304899,2,2
accuracy,IN,rainfall,,,,weighted_blend,blend,2,mae,0.300817,0.300817,,0.014461,,,,,,65880,,0,0.264068,0.338231,2,2
accuracy,IN,rainfall,7,,,equal_avg,baseline,3,mae,0.239712,0.239712,,-0.017278,,,,,,7560,,0,0.202289,0.280119,3,3
accuracy,IN,rainfall,30,,,equal_avg,baseline,3,mae,0.263451,0.263451,,0.001512,,,,,,32400,,0,0.220387,0.308244,3,3
accuracy,IN,rainfall,45,,,equal_avg,baseline,3,mae,0.29565,0.29565,,0.003647,,,,,,48600,,0,0.25195,0.339098,3,3
accuracy,IN,rainfall,,,,equal_avg,baseline,3,mae,0.336093,0.336093,,0.008961,,,,,,65880,,0,0.29554,0.377397,3,3
accuracy,IN,rainfall,7,,,gfs,model,4,mae,0.278029,0.278029,,0.028505,,,,,,7560,,0,0.233427,0.325799,4,5
accuracy,IN,rainfall,30,,,gfs,model,4,mae,0.306741,0.306741,,0.062235,,,,,,32400,,0,0.258618,0.35756,4,4
accuracy,IN,rainfall,45,,,gfs,model,4,mae,0.353002,0.353002,,0.065113,,,,,,48600,,0,0.300972,0.405766,4,4
accuracy,IN,rainfall,,,,gfs,model,4,mae,0.413368,0.413368,,0.067679,,,,,,65880,,0,0.356793,0.469305,4,4
accuracy,IN,rainfall,7,,,icon,model,5,mae,0.301587,0.301587,,-0.025212,,,,,,7560,,0,0.245394,0.359758,4,6
accuracy,IN,rainfall,30,,,icon,model,5,mae,0.338367,0.338367,,-0.021552,,,,,,32400,,0,0.279023,0.396601,5,5
accuracy,IN,rainfall,45,,,icon,model,5,mae,0.390395,0.390395,,-0.032181,,,,,,48600,,0,0.333594,0.450848,5,6
accuracy,IN,rainfall,,,,icon,model,5,mae,0.451025,0.451025,,-0.030357,,,,,,65880,,0,0.393887,0.506294,5,5
accuracy,IN,rainfall,7,,,persistence,baseline,6,mae,0.323373,0.323373,,0.000939,,,,,,7560,,0,0.264276,0.391368,5,6
accuracy,IN,rainfall,30,,,persistence,baseline,6,mae,0.359873,0.359873,,-0.008843,,,,,,32400,,0,0.301131,0.423487,6,6
accuracy,IN,rainfall,45,,,persistence,baseline,6,mae,0.40877,0.40877,,-0.005457,,,,,,48600,,0,0.353928,0.47146,5,6
accuracy,IN,rainfall,,,,persistence,baseline,6,mae,0.482205,0.482205,,-0.003057,,,,,,64800,,0,0.417527,0.548834,6,6
accuracy,IN,rainfall,7,,,gem,model,7,mae,0.401653,0.401653,,-0.067526,,,,,,7560,,0,0.323898,0.485623,7,7
accuracy,IN,rainfall,30,,,gem,model,7,mae,0.414738,0.414738,,-0.028793,,,,,,32400,,0,0.340156,0.491753,7,7
accuracy,IN,rainfall,45,,,gem,model,7,mae,0.452401,0.452401,,-0.012056,,,,,,48600,,0,0.382239,0.526551,7,7
accuracy,IN,rainfall,,,,gem,model,7,mae,0.505477,0.505477,,0.003597,,,,,,65880,,0,0.436708,0.576262,7,7
accuracy,Imphal,rainfall,7,,,icon,model,1,mae,0.117857,0.117857,,0.070238,,,,,,168,,1,,,,
accuracy,Imphal,rainfall,30,,,ecmwf,model,1,mae,0.19,0.19,,0.021111,,,,,,720,,0,,,,
accuracy,Imphal,rainfall,45,,,ecmwf,model,1,mae,0.215,0.215,,0.015,,,,,,1080,,0,,,,
accuracy,Imphal,rainfall,,,,ecmwf,model,1,mae,0.21571,0.21571,,0.013115,,,,,,1464,,0,,,,
accuracy,Imphal,rainfall,7,,,ecmwf,model,2,mae,0.125,0.125,,-0.05,,,,,,168,,1,,,,
accuracy,Imphal,rainfall,30,,,weighted_blend,blend,2,mae,0.269978,0.269978,,0.02498,,,,,,720,,0,,,,
accuracy,Imphal,rainfall,,,,weighted_blend,blend,2,mae,0.285932,0.285932,,0.011179,,,,,,1464,,0,,,,
accuracy,Imphal,rainfall,45,,,weighted_blend,blend,2,mae,0.286024,0.286024,,0.018653,,,,,,1080,,0,,,,
accuracy,Imphal,rainfall,7,,,gfs,model,3,mae,0.156548,0.156548,,-0.000595,,,,,,168,,1,,,,
accuracy,Imphal,rainfall,30,,,equal_avg,baseline,3,mae,0.30684,0.30684,,0.022465,,,,,,720,,0,,,,
accuracy,Imphal,rainfall,,,,equal_avg,baseline,3,mae,0.320714,0.320714,,0.005379,,,,,,1464,,0,,,,
accuracy,Imphal,rainfall,45,,,equal_avg,baseline,3,mae,0.322014,0.322014,,0.014468,,,,,,1080,,0,,,,
accuracy,Imphal,rainfall,7,,,persistence,baseline,4,mae,0.177976,0.177976,,0.004167,,,,,,168,,1,,,,
accuracy,Imphal,rainfall,30,,,icon,model,4,mae,0.335139,0.335139,,0.110417,,,,,,720,,0,,,,
accuracy,Imphal,rainfall,45,,,icon,model,4,mae,0.373519,0.373519,,0.100926,,,,,,1080,,0,,,,
accuracy,Imphal,rainfall,,,,icon,model,4,mae,0.389822,0.389822,,0.083538,,,,,,1464,,0,,,,
accuracy,Imphal,rainfall,7,,,weighted_blend,blend,5,mae,0.180484,0.180484,,-0.073154,,,,,,168,,1,,,,
accuracy,Imphal,rainfall,30,,,gfs,model,5,mae,0.41125,0.41125,,0.014306,,,,,,720,,0,,,,
accuracy,Imphal,rainfall,,,,gem,model,5,mae,0.456216,0.456216,,0.002254,,,,,,1464,,0,,,,
accuracy,Imphal,rainfall,45,,,persistence,baseline,5,mae,0.467963,0.467963,,0.001296,,,,,,1080,,0,,,,
accuracy,Imphal,rainfall,7,,,equal_avg,baseline,6,mae,0.203571,0.203571,,-0.082738,,,,,,168,,1,,,,
accuracy,Imphal,rainfall,30,,,persistence,baseline,6,mae,0.447917,0.447917,,-0.031528,,,,,,720,,0,,,,
accuracy,Imphal,rainfall,,,,persistence,baseline,6,mae,0.466319,0.466319,,0.001319,,,,,,1440,,0,,,,
accuracy,Imphal,rainfall,45,,,gem,model,6,mae,0.470556,0.470556,,-0.00537,,,,,,1080,,0,,,,
accuracy,Imphal,rainfall,,,,gfs,model,7,mae,0.477254,0.477254,,-0.077391,,,,,,1464,,0,,,,
accuracy,Imphal,rainfall,45,,,gfs,model,7,mae,0.479907,0.479907,,-0.052685,,,,,,1080,,0,,,,
accuracy,Imphal,rainfall,30,,,gem,model,7,mae,0.48125,0.48125,,-0.055972,,,,,,720,,0,,,,
accuracy,Imphal,rainfall,7,,,gem,model,7,mae,0.524405,0.524405,,-0.350595,,,,,,168,,1,,,,
accuracy,Indore,rainfall,30,,,ecmwf,model,1,mae,0.132639,0.132639,,-0.000417,,,,,,720,,0,,,,
accuracy,Indore,rainfall,7,,,ecmwf,model,1,mae,0.147024,0.147024,,-0.005357,,,,,,168,,1,,,,
accuracy,Indore,rainfall,45,,,ecmwf,model,1,mae,0.173241,0.173241,,0.003796,,,,,,1080,,0,,,,
accuracy,Indore,rainfall,,,,ecmwf,model,1,mae,0.214959,0.214959,,-0.006899,,,,,,1464,,0,,,,
accuracy,Indore,rainfall,30,,,weighted_blend,blend,2,mae,0.175853,0.175853,,0.011999,,,,,,720,,0,,,,
accuracy,Indore,rainfall,7,,,weighted_blend,blend,2,mae,0.214105,0.214105,,-0.086671,,,,,,168,,1,,,,
accuracy,Indore,rainfall,45,,,weighted_blend,blend,2,mae,0.215613,0.215613,,0.035267,,,,,,1080,,0,,,,
accuracy,Indore,rainfall,,,,weighted_blend,blend,2,mae,0.268825,0.268825,,0.028503,,,,,,1464,,0,,,,
accuracy,Indore,rainfall,30,,,equal_avg,baseline,3,mae,0.187604,0.187604,,0.018507,,,,,,720,,0,,,,
accuracy,Indore,rainfall,45,,,equal_avg,baseline,3,mae,0.232569,0.232569,,0.04294,,,,,,1080,,0,,,,
accuracy,Indore,rainfall,7,,,equal_avg,baseline,3,mae,0.233036,0.233036,,-0.093452,,,,,,168,,1,,,,
accuracy,Indore,rainfall,,,,equal_avg,baseline,3,mae,0.292555,0.292555,,0.033402,,,,,,1464,,0,,,,
accuracy,Indore,rainfall,30,,,gem,model,4,mae,0.230694,0.230694,,0.075417,,,,,,720,,0,,,,
accuracy,Indore,rainfall,7,,,persistence,baseline,4,mae,0.300595,0.300595,,0.002976,,,,,,168,,1,,,,
accuracy,Indore,rainfall,45,,,icon,model,4,mae,0.307685,0.307685,,0.063056,,,,,,1080,,0,,,,
accuracy,Indore,rainfall,,,,gfs,model,4,mae,0.369057,0.369057,,0.06332,,,,,,1464,,0,,,,
accuracy,Indore,rainfall,30,,,icon,model,5,mae,0.243889,0.243889,,0.046111,,,,,,720,,0,,,,
accuracy,Indore,rainfall,7,,,icon,model,5,mae,0.304167,0.304167,,-0.097024,,,,,,168,,1,,,,
accuracy,Indore,rainfall,45,,,gfs,model,5,mae,0.321759,0.321759,,0.025463,,,,,,1080,,0,,,,
accuracy,Indore,rainfall,,,,icon,model,5,mae,0.377254,0.377254,,0.057992,,,,,,1464,,0,,,,
accuracy,Indore,rainfall,30,,,gfs,model,6,mae,0.286528,0.286528,,-0.047083,,,,,,720,,0,,,,
accuracy,Indore,rainfall,45,,,gem,model,6,mae,0.322593,0.322593,,0.079444,,,,,,1080,,0,,,,
accuracy,Indore,rainfall,7,,,gem,model,6,mae,0.330952,0.330952,,-0.017857,,,,,,168,,1,,,,
accuracy,Indore,rainfall,,,,gem,model,6,mae,0.436544,0.436544,,0.019194,,,,,,1464,,0,,,,
accuracy,Indore,rainfall,30,,,persistence,baseline,7,mae,0.304444,0.304444,,-0.000278,,,,,,720,,0,,,,
accuracy,Indore,rainfall,7,,,gfs,model,7,mae,0.388095,0.388095,,-0.253571,,,,,,168,,1,,,,
accuracy,Indore,rainfall,45,,,persistence,baseline,7,mae,0.392593,0.392593,,-0.000926,,,,,,1080,,0,,,,
accuracy,Indore,rainfall,,,,persistence,baseline,7,mae,0.473403,0.473403,,0.000347,,,,,,1440,,0,,,,
accuracy,Jabalpur,rainfall,7,,,ecmwf,model,1,mae,0.283929,0.283929,,0.023214,,,,,,168,,1,,,,
accuracy,Jabalpur,rainfall,,,,ecmwf,model,1,mae,0.348224,0.348224,,0.001093,,,,,,1464,,0,,,,
accuracy,Jabalpur,rainfall,30,,,ecmwf,model,1,mae,0.350139,0.350139,,-0.02625,,,,,,720,,0,,,,
accuracy,Jabalpur,rainfall,45,,,ecmwf,model,1,mae,0.375278,0.375278,,-0.013241,,,,,,1080,,0,,,,
accuracy,Jabalpur,rainfall,7,,,weighted_blend,blend,2,mae,0.343617,0.343617,,0.004852,,,,,,168,,1,,,,
accuracy,Jabalpur,rainfall,30,,,weighted_blend,blend,2,mae,0.415054,0.415054,,0.03363,,,,,,720,,0,,,,
accuracy,Jabalpur,rainfall,,,,weighted_blend,blend,2,mae,0.455341,0.455341,,0.012253,,,,,,1464,,0,,,,
accuracy,Jabalpur,rainfall,45,,,weighted_blend,blend,2,mae,0.457213,0.457213,,0.023515,,,,,,1080,,0,,,,
accuracy,Jabalpur,rainfall,7,,,gfs,model,3,mae,0.379762,0.379762,,0.1,,,,,,168,,1,,,,
accuracy,Jabalpur,rainfall,30,,,equal_avg,baseline,3,mae,0.469097,0.469097,,0.039375,,,,,,720,,0,,,,
accuracy,Jabalpur,rainfall,45,,,equal_avg,baseline,3,mae,0.521968,0.521968,,0.017338,,,,,,1080,,0,,,,
accuracy,Jabalpur,rainfall,,,,equal_avg,baseline,3,mae,0.522473,0.522473,,0.002117,,,,,,1464,,0,,,,
accuracy,Jabalpur,rainfall,7,,,equal_avg,baseline,4,mae,0.385268,0.385268,,-0.012946,,,,,,168,,1,,,,
accuracy,Jabalpur,rainfall,30,,,gfs,model,4,mae,0.571389,0.571389,,0.156667,,,,,,720,,0,,,,
accuracy,Jabalpur,rainfall,45,,,gfs,model,4,mae,0.590556,0.590556,,0.177593,,,,,,1080,,0,,,,
accuracy,Jabalpur,rainfall,,,,gfs,model,4,mae,0.596653,0.596653,,0.148292,,,,,,1464,,0,,,,
accuracy,Jabalpur,rainfall,7,,,icon,model,5,mae,0.492262,0.492262,,-0.01131,,,,,,168,,1,,,,
accuracy,Jabalpur,rainfall,30,,,icon,model,5,mae,0.635,0.635,,0.0625,,,,,,720,,0,,,,
accuracy,Jabalpur,rainfall,45,,,icon,model,5,mae,0.669259,0.669259,,0.042222,,,,,,1080,,0,,,,
accuracy,Jabalpur,rainfall,,,,persistence,baseline,5,mae,0.721875,0.721875,,-0.002986,,,,,,1440,,0,,,,
accuracy,Jabalpur,rainfall,7,,,persistence,baseline,6,mae,0.581548,0.581548,,0.025595,,,,,,168,,1,,,,
accuracy,Jabalpur,rainfall,30,,,persistence,baseline,6,mae,0.707083,0.707083,,-0.002917,,,,,,720,,0,,,,
accuracy,Jabalpur,rainfall,,,,icon,model,6,mae,0.726025,0.726025,,-0.047063,,,,,,1464,,0,,,,
accuracy,Jabalpur,rainfall,45,,,persistence,baseline,6,mae,0.756481,0.756481,,0.005185,,,,,,1080,,0,,,,
accuracy,Jabalpur,rainfall,7,,,gem,model,7,mae,0.676786,0.676786,,-0.16369,,,,,,168,,1,,,,
accuracy,Jabalpur,rainfall,30,,,gem,model,7,mae,0.796528,0.796528,,-0.035417,,,,,,720,,0,,,,
accuracy,Jabalpur,rainfall,,,,gem,model,7,mae,0.866803,0.866803,,-0.093852,,,,,,1464,,0,,,,
accuracy,Jabalpur,rainfall,45,,,gem,model,7,mae,0.928148,0.928148,,-0.137222,,,,,,1080,,0,,,,
accuracy,Jaipur,rainfall,7,,,ecmwf,model,1,mae,0.048214,0.048214,,-0.000595,,,,,,168,,1,,,,
accuracy,Jaipur,rainfall,30,,,ecmwf,model,1,mae,0.063194,0.063194,,0.004861,,,,,,720,,0,,,,
accuracy,Jaipur,rainfall,45,,,ecmwf,model,1,mae,0.112222,0.112222,,-0.002222,,,,,,1080,,0,,,,
accuracy,Jaipur,rainfall,,,,ecmwf,model,1,mae,0.13668,0.13668,,0.001434,,,,,,1464,,0,,,,
accuracy,Jaipur,rainfall,7,,,weighted_blend,blend,2,mae,0.058151,0.058151,,0.000885,,,,,,168,,1,,,,
accuracy,Jaipur,rainfall,30,,,weighted_blend,blend,2,mae,0.090031,0.090031,,-0.016942,,,,,,720,,0,,,,
accuracy,Jaipur,rainfall,45,,,weighted_blend,blend,2,mae,0.168012,0.168012,,-0.045555,,,,,,1080,,0,,,,
accuracy,Jaipur,rainfall,,,,weighted_blend,blend,2,mae,0.198824,0.198824,,-0.030858,,,,,,1464,,0,,,,
accuracy,Jaipur,rainfall,7,,,equal_avg,baseline,3,mae,0.065625,0.065625,,0.001935,,,,,,168,,1,,,,
accuracy,Jaipur,rainfall,30,,,gfs,model,3,mae,0.102222,0.102222,,0.016111,,,,,,720,,0,,,,
accuracy,Jaipur,rainfall,45,,,equal_avg,baseline,3,mae,0.195532,0.195532,,-0.062199,,,,,,1080,,0,,,,
accuracy,Jaipur,rainfall,,,,equal_avg,baseline,3,mae,0.232087,0.232087,,-0.044962,,,,,,1464,,0,,,,
accuracy,Jaipur,rainfall,7,,,icon,model,4,mae,0.072024,0.072024,,0.014881,,,,,,168,,1,,,,
accuracy,Jaipur,rainfall,30,,,equal_avg,baseline,4,mae,0.107535,0.107535,,-0.025451,,,,,,720,,0,,,,
accuracy,Jaipur,rainfall,45,,,persistence,baseline,4,mae,0.206111,0.206111,,-0.005,,,,,,1080,,0,,,,
accuracy,Jaipur,rainfall,,,,gfs,model,4,mae,0.279645,0.279645,,0.001776,,,,,,1464,,0,,,,
accuracy,Jaipur,rainfall,7,,,persistence,baseline,5,mae,0.077976,0.077976,,0.005357,,,,,,168,,1,,,,
accuracy,Jaipur,rainfall,30,,,persistence,baseline,5,mae,0.127778,0.127778,,0.000833,,,,,,720,,0,,,,
accuracy,Jaipur,rainfall,45,,,gfs,model,5,mae,0.230556,0.230556,,-0.027778,,,,,,1080,,0,,,,
accuracy,Jaipur,rainfall,,,,persistence,baseline,5,mae,0.289653,0.289653,,0.000486,,,,,,1440,,0,,,,
accuracy,Jaipur,rainfall,7,,,gfs,model,6,mae,0.080952,0.080952,,-0.005952,,,,,,168,,1,,,,
accuracy,Jaipur,rainfall,30,,,icon,model,6,mae,0.133889,0.133889,,-0.038056,,,,,,720,,0,,,,
accuracy,Jaipur,rainfall,45,,,icon,model,6,mae,0.275648,0.275648,,-0.124167,,,,,,1080,,0,,,,
accuracy,Jaipur,rainfall,,,,gem,model,6,mae,0.340232,0.340232,,-0.051025,,,,,,1464,,0,,,,
accuracy,Jaipur,rainfall,7,,,gem,model,7,mae,0.104167,0.104167,,-0.000595,,,,,,168,,1,,,,
accuracy,Jaipur,rainfall,30,,,gem,model,7,mae,0.202778,0.202778,,-0.084722,,,,,,720,,0,,,,
accuracy,Jaipur,rainfall,45,,,gem,model,7,mae,0.292037,0.292037,,-0.09463,,,,,,1080,,0,,,,
accuracy,Jaipur,rainfall,,,,icon,model,7,mae,0.341598,0.341598,,-0.132036,,,,,,1464,,0,,,,
accuracy,Jodhpur,rainfall,30,,,ecmwf,model,1,mae,0.0125,0.0125,,-0.000833,,,,,,720,,0,,,,
accuracy,Jodhpur,rainfall,45,,,ecmwf,model,1,mae,0.041759,0.041759,,0.000278,,,,,,1080,,0,,,,
accuracy,Jodhpur,rainfall,7,,,ecmwf,model,1,mae,0.045833,0.045833,,-0.002976,,,,,,168,,1,,,,
accuracy,Jodhpur,rainfall,,,,ecmwf,model,1,mae,0.077801,0.077801,,0.000615,,,,,,1464,,0,,,,
accuracy,Jodhpur,rainfall,30,,,gem,model,2,mae,0.015278,0.015278,,0.014722,,,,,,720,,0,,,,
accuracy,Jodhpur,rainfall,7,,,gem,model,2,mae,0.057738,0.057738,,0.057738,,,,,,168,,1,,,,
accuracy,Jodhpur,rainfall,45,,,weighted_blend,blend,2,mae,0.061541,0.061541,,0.006298,,,,,,1080,,0,,,,
accuracy,Jodhpur,rainfall,,,,weighted_blend,blend,2,mae,0.111293,0.111293,,0.008099,,,,,,1464,,0,,,,
accuracy,Jodhpur,rainfall,30,,,weighted_blend,blend,3,mae,0.016205,0.016205,,0.002825,,,,,,720,,0,,,,
accuracy,Jodhpur,rainfall,7,,,weighted_blend,blend,3,mae,0.059558,0.059558,,0.011571,,,,,,168,,1,,,,
accuracy,Jodhpur,rainfall,45,,,equal_avg,baseline,3,mae,0.074352,0.074352,,0.004491,,,,,,1080,,0,,,,
accuracy,Jodhpur,rainfall,,,,equal_avg,baseline,3,mae,0.134341,0.134341,,0.00152,,,,,,1464,,0,,,,
accuracy,Jodhpur,rainfall,30,,,persistence,baseline,4,mae,0.017778,0.017778,,0.003611,,,,,,720,,0,,,,
accuracy,Jodhpur,rainfall,7,,,persistence,baseline,4,mae,0.065476,0.065476,,0.015476,,,,,,168,,1,,,,
accuracy,Jodhpur,rainfall,45,,,gfs,model,4,mae,0.085093,0.085093,,0.04213,,,,,,1080,,0,,,,
accuracy,Jodhpur,rainfall,,,,gfs,model,4,mae,0.146311,0.146311,,0.078689,,,,,,1464,,0,,,,
accuracy,Jodhpur,rainfall,30,,,equal_avg,baseline,5,mae,0.018056,0.018056,,0.004444,,,,,,720,,0,,,,
accuracy,Jodhpur,rainfall,7,,,equal_avg,baseline,5,mae,0.066964,0.066964,,0.017857,,,,,,168,,1,,,,
accuracy,Jodhpur,rainfall,45,,,icon,model,5,mae,0.09463,0.09463,,0.008148,,,,,,1080,,0,,,,
accuracy,Jodhpur,rainfall,,,,gem,model,5,mae,0.209563,0.209563,,-0.003142,,,,,,1464,,0,,,,
accuracy,Jodhpur,rainfall,30,,,icon,model,6,mae,0.025139,0.025139,,0.000972,,,,,,720,,0,,,,
accuracy,Jodhpur,rainfall,7,,,icon,model,6,mae,0.095238,0.095238,,0.003571,,,,,,168,,1,,,,
accuracy,Jodhpur,rainfall,45,,,persistence,baseline,6,mae,0.127222,0.127222,,-0.018333,,,,,,1080,,0,,,,
accuracy,Jodhpur,rainfall,,,,persistence,baseline,6,mae,0.213472,0.213472,,0.001806,,,,,,1440,,0,,,,
accuracy,Jodhpur,rainfall,30,,,gfs,model,7,mae,0.025417,0.025417,,0.002917,,,,,,720,,0,,,,
accuracy,Jodhpur,rainfall,7,,,gfs,model,7,mae,0.095238,0.095238,,0.013095,,,,,,168,,1,,,,
accuracy,Jodhpur,rainfall,45,,,gem,model,7,mae,0.137037,0.137037,,-0.032593,,,,,,1080,,0,,,,
accuracy,Jodhpur,rainfall,,,,icon,model,7,mae,0.224863,0.224863,,-0.070082,,,,,,1464,,0,,,,
accuracy,Kanpur,rainfall,7,,,ecmwf,model,1,mae,0.152976,0.152976,,-0.001786,,,,,,168,,1,,,,
accuracy,Kanpur,rainfall,,,,ecmwf,model,1,mae,0.306694,0.306694,,-0.005191,,,,,,1464,,0,,,,
accuracy,Kanpur,rainfall,45,,,ecmwf,model,1,mae,0.361759,0.361759,,0.000648,,,,,,1080,,0,,,,
accuracy,Kanpur,rainfall,30,,,ecmwf,model,1,mae,0.408472,0.408472,,0.01375,,,,,,720,,0,,,,
accuracy,Kanpur,rainfall,7,,,weighted_blend,blend,2,mae,0.185304,0.185304,,0.020498,,,,,,168,,1,,,,
accuracy,Kanpur,rainfall,,,,weighted_blend,blend,2,mae,0.442107,0.442107,,-0.028358,,,,,,1464,,0,,,,
accuracy,Kanpur,rainfall,45,,,weighted_blend,blend,2,mae,0.494738,0.494738,,0.001052,,,,,,1080,,0,,,,
accuracy,Kanpur,rainfall,30,,,weighted_blend,blend,2,mae,0.534279,0.534279,,0.049059,,,,,,720,,0,,,,
accuracy,Kanpur,rainfall,7,,,gfs,model,3,mae,0.195238,0.195238,,0.116667,,,,,,168,,1,,,,
accuracy,Kanpur,rainfall,,,,equal_avg,baseline,3,mae,0.51431,0.51431,,-0.044399,,,,,,1464,,0,,,,
accuracy,Kanpur,rainfall,45,,,equal_avg,baseline,3,mae,0.567616,0.567616,,-0.008403,,,,,,1080,,0,,,,
accuracy,Kanpur,rainfall,30,,,equal_avg,baseline,3,mae,0.606562,0.606562,,0.051979,,,,,,720,,0,,,,
accuracy,Kanpur,rainfall,7,,,gem,model,4,mae,0.204167,0.204167,,0.139881,,,,,,168,,1,,,,
accuracy,Kanpur,rainfall,,,,gfs,model,4,mae,0.59959,0.59959,,0.087842,,,,,,1464,,0,,,,
accuracy,Kanpur,rainfall,45,,,gfs,model,4,mae,0.633796,0.633796,,0.164537,,,,,,1080,,0,,,,
accuracy,Kanpur,rainfall,30,,,gfs,model,4,mae,0.660972,0.660972,,0.238472,,,,,,720,,0,,,,
accuracy,Kanpur,rainfall,7,,,equal_avg,baseline,5,mae,0.207292,0.207292,,0.023363,,,,,,168,,1,,,,
accuracy,Kanpur,rainfall,,,,persistence,baseline,5,mae,0.662014,0.662014,,0.001458,,,,,,1440,,0,,,,
accuracy,Kanpur,rainfall,45,,,persistence,baseline,5,mae,0.747222,0.747222,,0.001852,,,,,,1080,,0,,,,
accuracy,Kanpur,rainfall,30,,,persistence,baseline,5,mae,0.84125,0.84125,,-0.012917,,,,,,720,,0,,,,
accuracy,Kanpur,rainfall,7,,,persistence,baseline,6,mae,0.2125,0.2125,,-0.001786,,,,,,168,,1,,,,
accuracy,Kanpur,rainfall,,,,gem,model,6,mae,0.744536,0.744536,,-0.005738,,,,,,1464,,0,,,,
accuracy,Kanpur,rainfall,45,,,icon,model,6,mae,0.824259,0.824259,,-0.248889,,,,,,1080,,0,,,,
accuracy,Kanpur,rainfall,30,,,icon,model,6,mae,0.845833,0.845833,,-0.161667,,,,,,720,,0,,,,
accuracy,Kanpur,rainfall,7,,,icon,model,7,mae,0.377976,0.377976,,-0.16131,,,,,,168,,1,,,,
accuracy,Kanpur,rainfall,,,,icon,model,7,mae,0.754508,0.754508,,-0.254508,,,,,,1464,,0,,,,
accuracy,Kanpur,rainfall,45,,,gem,model,7,mae,0.825093,0.825093,,0.050093,,,,,,1080,,0,,,,
accuracy,Kanpur,rainfall,30,,,gem,model,7,mae,0.870972,0.870972,,0.117361,,,,,,720,,0,,,,
accuracy,Kochi,rainfall,7,,,ecmwf,model,1,mae,0.0375,0.0375,,-0.007738,,,,,,168,,1,,,,
accuracy,Kochi,rainfall,30,,,ecmwf,model,1,mae,0.139306,0.139306,,0.00875,,,,,,720,,0,,,,
accuracy,Kochi,rainfall,45,,,ecmwf,model,1,mae,0.207315,0.207315,,0.020278,,,,,,1080,,0,,,,
accuracy,Kochi,rainfall,,,,ecmwf,model,1,mae,0.242281,0.242281,,0.019331,,,,,,1464,,0,,,,
accuracy,Kochi,rainfall,7,,,weighted_blend,blend,2,mae,0.041819,0.041819,,-0.010218,,,,,,168,,1,,,,
accuracy,Kochi,rainfall,30,,,weighted_blend,blend,2,mae,0.181676,0.181676,,0.051131,,,,,,720,,0,,,,
accuracy,Kochi,rainfall,45,,,weighted_blend,blend,2,mae,0.254455,0.254455,,0.060886,,,,,,1080,,0,,,,
accuracy,Kochi,rainfall,,,,weighted_blend,blend,2,mae,0.294403,0.294403,,0.078589,,,,,,1464,,0,,,,
accuracy,Kochi,rainfall,7,,,equal_avg,baseline,3,mae,0.043452,0.043452,,-0.010119,,,,,,168,,1,,,,
accuracy,Kochi,rainfall,30,,,equal_avg,baseline,3,mae,0.196285,0.196285,,0.059618,,,,,,720,,0,,,,
accuracy,Kochi,rainfall,45,,,equal_avg,baseline,3,mae,0.27206,0.27206,,0.06956,,,,,,1080,,0,,,,
accuracy,Kochi,rainfall,,,,equal_avg,baseline,3,mae,0.314857,0.314857,,0.091325,,,,,,1464,,0,,,,
accuracy,Kochi,rainfall,7,,,icon,model,4,mae,0.05,0.05,,-0.015476,,,,,,168,,1,,,,
accuracy,Kochi,rainfall,30,,,gfs,model,4,mae,0.24125,0.24125,,0.143472,,,,,,720,,0,,,,
accuracy,Kochi,rainfall,45,,,icon,model,4,mae,0.343889,0.343889,,0.013704,,,,,,1080,,0,,,,
accuracy,Kochi,rainfall,,,,icon,model,4,mae,0.39071,0.39071,,0.045628,,,,,,1464,,0,,,,
accuracy,Kochi,rainfall,7,,,persistence,baseline,5,mae,0.053571,0.053571,,0.003571,,,,,,168,,1,,,,
accuracy,Kochi,rainfall,30,,,icon,model,5,mae,0.257639,0.257639,,0.004583,,,,,,720,,0,,,,
accuracy,Kochi,rainfall,45,,,gfs,model,5,mae,0.350185,0.350185,,0.130556,,,,,,1080,,0,,,,
accuracy,Kochi,rainfall,,,,gfs,model,5,mae,0.409631,0.409631,,0.123019,,,,,,1464,,0,,,,
accuracy,Kochi,rainfall,7,,,gem,model,6,mae,0.054167,0.054167,,0.01131,,,,,,168,,1,,,,
accuracy,Kochi,rainfall,30,,,gem,model,6,mae,0.278056,0.278056,,0.081667,,,,,,720,,0,,,,
accuracy,Kochi,rainfall,45,,,gem,model,6,mae,0.390741,0.390741,,0.113704,,,,,,1080,,0,,,,
accuracy,Kochi,rainfall,,,,gem,model,6,mae,0.447678,0.447678,,0.177322,,,,,,1464,,0,,,,
accuracy,Kochi,rainfall,7,,,gfs,model,7,mae,0.072619,0.072619,,-0.028571,,,,,,168,,1,,,,
accuracy,Kochi,rainfall,30,,,persistence,baseline,7,mae,0.339861,0.339861,,-0.00875,,,,,,720,,0,,,,
accuracy,Kochi,rainfall,45,,,persistence,baseline,7,mae,0.500093,0.500093,,-0.035648,,,,,,1080,,0,,,,
accuracy,Kochi,rainfall,,,,persistence,baseline,7,mae,0.589583,0.589583,,-0.002083,,,,,,1440,,0,,,,
accuracy,Kolkata,rainfall,7,,,ecmwf,model,1,mae,0.2625,0.2625,,-0.068452,,,,,,168,,1,,,,
accuracy,Kolkata,rainfall,30,,,ecmwf,model,1,mae,0.390278,0.390278,,-0.113056,,,,,,720,,0,,,,
accuracy,Kolkata,rainfall,45,,,ecmwf,model,1,mae,0.473056,0.473056,,-0.140093,,,,,,1080,,0,,,,
accuracy,Kolkata,rainfall,,,,ecmwf,model,1,mae,0.502049,0.502049,,-0.126366,,,,,,1464,,0,,,,
accuracy,Kolkata,rainfall,7,,,weighted_blend,blend,2,mae,0.277679,0.277679,,0.004916,,,,,,168,,1,,,,
accuracy,Kolkata,rainfall,30,,,weighted_blend,blend,2,mae,0.431829,0.431829,,-0.013527,,,,,,720,,0,,,,
accuracy,Kolkata,rainfall,45,,,weighted_blend,blend,2,mae,0.517196,0.517196,,-0.043444,,,,,,1080,,0,,,,
accuracy,Kolkata,rainfall,,,,weighted_blend,blend,2,mae,0.543249,0.543249,,0.020501,,,,,,1464,,0,,,,
accuracy,Kolkata,rainfall,7,,,gfs,model,3,mae,0.281548,0.281548,,0.220833,,,,,,168,,1,,,,
accuracy,Kolkata,rainfall,30,,,equal_avg,baseline,3,mae,0.452882,0.452882,,-0.015868,,,,,,720,,0,,,,
accuracy,Kolkata,rainfall,45,,,equal_avg,baseline,3,mae,0.546435,0.546435,,-0.051343,,,,,,1080,,0,,,,
accuracy,Kolkata,rainfall,,,,equal_avg,baseline,3,mae,0.57085,0.57085,,0.022012,,,,,,1464,,0,,,,
accuracy,Kolkata,rainfall,7,,,equal_avg,baseline,4,mae,0.290923,0.290923,,0.00372,,,,,,168,,1,,,,
accuracy,Kolkata,rainfall,30,,,gfs,model,4,mae,0.469306,0.469306,,0.222083,,,,,,720,,0,,,,
accuracy,Kolkata,rainfall,45,,,gfs,model,4,mae,0.563333,0.563333,,0.244444,,,,,,1080,,0,,,,
accuracy,Kolkata,rainfall,,,,gfs,model,4,mae,0.628552,0.628552,,0.292213,,,,,,1464,,0,,,,
accuracy,Kolkata,rainfall,7,,,icon,model,5,mae,0.382143,0.382143,,0.07381,,,,,,168,,1,,,,
accuracy,Kolkata,rainfall,30,,,persistence,baseline,5,mae,0.629306,0.629306,,-0.038194,,,,,,720,,0,,,,
accuracy,Kolkata,rainfall,45,,,persistence,baseline,5,mae,0.754722,0.754722,,-0.020648,,,,,,1080,,0,,,,
accuracy,Kolkata,rainfall,,,,gem,model,5,mae,0.822063,0.822063,,0.058948,,,,,,1464,,0,,,,
accuracy,Kolkata,rainfall,7,,,persistence,baseline,6,mae,0.550595,0.550595,,-0.170833,,,,,,168,,1,,,,
accuracy,Kolkata,rainfall,30,,,icon,model,6,mae,0.649167,0.649167,,-0.138056,,,,,,720,,0,,,,
accuracy,Kolkata,rainfall,45,,,gem,model,6,mae,0.781667,0.781667,,-0.030741,,,,,,1080,,0,,,,
accuracy,Kolkata,rainfall,,,,persistence,baseline,6,mae,0.839028,0.839028,,-0.007222,,,,,,1440,,0,,,,
accuracy,Kolkata,rainfall,7,,,gem,model,7,mae,0.58869,0.58869,,-0.21131,,,,,,168,,1,,,,
accuracy,Kolkata,rainfall,30,,,gem,model,7,mae,0.682222,0.682222,,-0.034444,,,,,,720,,0,,,,
accuracy,Kolkata,rainfall,,,,icon,model,7,mae,0.84071,0.84071,,-0.136749,,,,,,1464,,0,,,,
accuracy,Kolkata,rainfall,45,,,icon,model,7,mae,0.863611,0.863611,,-0.278981,,,,,,1080,,0,,,,
accuracy,Kota,rainfall,30,,,ecmwf,model,1,mae,0.14875,0.14875,,-0.001806,,,,,,720,,0,,,,
accuracy,Kota,rainfall,45,,,ecmwf,model,1,mae,0.198148,0.198148,,-0.008333,,,,,,1080,,0,,,,
accuracy,Kota,rainfall,,,,ecmwf,model,1,mae,0.207719,0.207719,,-0.014003,,,,,,1464,,0,,,,
accuracy,Kota,rainfall,7,,,ecmwf,model,1,mae,0.216071,0.216071,,-0.064881,,,,,,168,,1,,,,
accuracy,Kota,rainfall,30,,,weighted_blend,blend,2,mae,0.182527,0.182527,,-0.011195,,,,,,720,,0,,,,
accuracy,Kota,rainfall,7,,,weighted_blend,blend,2,mae,0.250623,0.250623,,-0.070379,,,,,,168,,1,,,,
accuracy,Kota,rainfall,45,,,weighted_blend,blend,2,mae,0.253674,0.253674,,-0.029599,,,,,,1080,,0,,,,
accuracy,Kota,rainfall,,,,weighted_blend,blend,2,mae,0.27797,0.27797,,-0.055321,,,,,,1464,,0,,,,
accuracy,Kota,rainfall,30,,,equal_avg,baseline,3,mae,0.203507,0.203507,,-0.017882,,,,,,720,,0,,,,
accuracy,Kota,rainfall,7,,,equal_avg,baseline,3,mae,0.268601,0.268601,,-0.072768,,,,,,168,,1,,,,
accuracy,Kota,rainfall,45,,,equal_avg,baseline,3,mae,0.28713,0.28713,,-0.040324,,,,,,1080,,0,,,,
accuracy,Kota,rainfall,,,,equal_avg,baseline,3,mae,0.314822,0.314822,,-0.070799,,,,,,1464,,0,,,,
accuracy,Kota,rainfall,30,,,icon,model,4,mae,0.240694,0.240694,,-0.041806,,,,,,720,,0,,,,
accuracy,Kota,rainfall,7,,,persistence,baseline,4,mae,0.302976,0.302976,,0.004167,,,,,,168,,1,,,,
accuracy,Kota,rainfall,45,,,gfs,model,4,mae,0.353056,0.353056,,0.047315,,,,,,1080,,0,,,,
accuracy,Kota,rainfall,,,,gfs,model,4,mae,0.377664,0.377664,,-0.012363,,,,,,1464,,0,,,,
accuracy,Kota,rainfall,30,,,gfs,model,5,mae,0.250556,0.250556,,0.061111,,,,,,720,,0,,,,
accuracy,Kota,rainfall,7,,,gfs,model,5,mae,0.329762,0.329762,,-0.042857,,,,,,168,,1,,,,
accuracy,Kota,rainfall,45,,,icon,model,5,mae,0.36713,0.36713,,-0.0925,,,,,,1080,,0,,,,
accuracy,Kota,rainfall,,,,persistence,baseline,5,mae,0.412708,0.412708,,0.000208,,,,,,1440,,0,,,,
accuracy,Kota,rainfall,30,,,persistence,baseline,6,mae,0.312083,0.312083,,-0.000139,,,,,,720,,0,,,,
accuracy,Kota,rainfall,7,,,gem,model,6,mae,0.358929,0.358929,,0.019643,,,,,,168,,1,,,,
accuracy,Kota,rainfall,45,,,persistence,baseline,6,mae,0.396944,0.396944,,-0.001574,,,,,,1080,,0,,,,
accuracy,Kota,rainfall,,,,icon,model,6,mae,0.435656,0.435656,,-0.161066,,,,,,1464,,0,,,,
accuracy,Kota,rainfall,30,,,gem,model,7,mae,0.369306,0.369306,,-0.089028,,,,,,720,,0,,,,
accuracy,Kota,rainfall,7,,,icon,model,7,mae,0.383929,0.383929,,-0.202976,,,,,,168,,1,,,,
accuracy,Kota,rainfall,45,,,gem,model,7,mae,0.463148,0.463148,,-0.107778,,,,,,1080,,0,,,,
accuracy,Kota,rainfall,,,,gem,model,7,mae,0.471585,0.471585,,-0.095765,,,,,,1464,,0,,,,
accuracy,Lucknow,rainfall,7,,,ecmwf,model,1,mae,0.154762,0.154762,,0.029762,,,,,,168,,1,,,,
accuracy,Lucknow,rainfall,,,,ecmwf,model,1,mae,0.311544,0.311544,,-0.025205,,,,,,1464,,0,,,,
accuracy,Lucknow,rainfall,45,,,ecmwf,model,1,mae,0.33287,0.33287,,-0.029352,,,,,,1080,,0,,,,
accuracy,Lucknow,rainfall,30,,,ecmwf,model,1,mae,0.355972,0.355972,,-0.027361,,,,,,720,,0,,,,
accuracy,Lucknow,rainfall,7,,,weighted_blend,blend,2,mae,0.231908,0.231908,,-0.013444,,,,,,168,,1,,,,
accuracy,Lucknow,rainfall,,,,weighted_blend,blend,2,mae,0.413935,0.413935,,-0.034955,,,,,,1464,,0,,,,
accuracy,Lucknow,rainfall,45,,,weighted_blend,blend,2,mae,0.460904,0.460904,,-0.060499,,,,,,1080,,0,,,,
accuracy,Lucknow,rainfall,30,,,weighted_blend,blend,2,mae,0.463397,0.463397,,-0.039481,,,,,,720,,0,,,,
accuracy,Lucknow,rainfall,7,,,gfs,model,3,mae,0.259524,0.259524,,0.030952,,,,,,168,,1,,,,
accuracy,Lucknow,rainfall,,,,equal_avg,baseline,3,mae,0.464191,0.464191,,-0.056267,,,,,,1464,,0,,,,
accuracy,Lucknow,rainfall,30,,,equal_avg,baseline,3,mae,0.512604,0.512604,,-0.062951,,,,,,720,,0,,,,
accuracy,Lucknow,rainfall,45,,,equal_avg,baseline,3,mae,0.518519,0.518519,,-0.088843,,,,,,1080,,0,,,,
accuracy,Lucknow,rainfall,7,,,equal_avg,baseline,4,mae,0.2625,0.2625,,-0.030357,,,,,,168,,1,,,,
accuracy,Lucknow,rainfall,,,,gfs,model,4,mae,0.493101,0.493101,,0.133675,,,,,,1464,,0,,,,
accuracy,Lucknow,rainfall,45,,,gfs,model,4,mae,0.5575,0.5575,,0.114907,,,,,,1080,,0,,,,
accuracy,Lucknow,rainfall,30,,,gfs,model,4,mae,0.558611,0.558611,,0.158889,,,,,,720,,0,,,,
accuracy,Lucknow,rainfall,7,,,persistence,baseline,5,mae,0.304167,0.304167,,-0.016071,,,,,,168,,1,,,,
accuracy,Lucknow,rainfall,,,,persistence,baseline,5,mae,0.628056,0.628056,,-0.001389,,,,,,1440,,0,,,,
accuracy,Lucknow,rainfall,30,,,persistence,baseline,5,mae,0.688472,0.688472,,-0.022639,,,,,,720,,0,,,,
accuracy,Lucknow,rainfall,45,,,persistence,baseline,5,mae,0.691296,0.691296,,-0.00963,,,,,,1080,,0,,,,
accuracy,Lucknow,rainfall,7,,,icon,model,6,mae,0.334524,0.334524,,-0.090476,,,,,,168,,1,,,,
accuracy,Lucknow,rainfall,,,,gem,model,6,mae,0.682309,0.682309,,-0.082309,,,,,,1464,,0,,,,
accuracy,Lucknow,rainfall,30,,,icon,model,6,mae,0.705139,0.705139,,-0.20875,,,,,,720,,0,,,,
accuracy,Lucknow,rainfall,45,,,gem,model,6,mae,0.772778,0.772778,,-0.129074,,,,,,1080,,0,,,,
accuracy,Lucknow,rainfall,7,,,gem,model,7,mae,0.427381,0.427381,,-0.091667,,,,,,168,,1,,,,
accuracy,Lucknow,rainfall,,,,icon,model,7,mae,0.70806,0.70806,,-0.25123,,,,,,1464,,0,,,,
accuracy,Lucknow,rainfall,45,,,icon,model,7,mae,0.785185,0.785185,,-0.311852,,,,,,1080,,0,,,,
accuracy,Lucknow,rainfall,30,,,gem,model,7,mae,0.810417,0.810417,,-0.174583,,,,,,720,,0,,,,
accuracy,Ludhiana,rainfall,7,,,ecmwf,model,1,mae,0.027381,0.027381,,0.005952,,,,,,168,,1,,,,
accuracy,Ludhiana,rainfall,30,,,ecmwf,model,1,mae,0.07125,0.07125,,-0.005972,,,,,,720,,0,,,,
accuracy,Ludhiana,rainfall,45,,,ecmwf,model,1,mae,0.106389,0.106389,,-0.005648,,,,,,1080,,0,,,,
accuracy,Ludhiana,rainfall,,,,ecmwf,model,1,mae,0.128893,0.128893,,0.005533,,,,,,1464,,0,,,,
accuracy,Ludhiana,rainfall,7,,,icon,model,2,mae,0.027976,0.027976,,0.026786,,,,,,168,,1,,,,
accuracy,Ludhiana,rainfall,30,,,gfs,model,2,mae,0.084306,0.084306,,0.050972,,,,,,720,,0,,,,
accuracy,Ludhiana,rainfall,45,,,weighted_blend,blend,2,mae,0.149803,0.149803,,-0.013375,,,,,,1080,,0,,,,
accuracy,Ludhiana,rainfall,,,,weighted_blend,blend,2,mae,0.171186,0.171186,,0.005776,,,,,,1464,,0,,,,
accuracy,Ludhiana,rainfall,7,,,gfs,model,3,mae,0.034524,0.034524,,0.017857,,,,,,168,,1,,,,
accuracy,Ludhiana,rainfall,30,,,weighted_blend,blend,3,mae,0.09573,0.09573,,-0.007727,,,,,,720,,0,,,,
accuracy,Ludhiana,rainfall,45,,,gfs,model,3,mae,0.161574,0.161574,,0.053426,,,,,,1080,,0,,,,
accuracy,Ludhiana,rainfall,,,,equal_avg,baseline,3,mae,0.188234,0.188234,,0.000666,,,,,,1464,,0,,,,
accuracy,Ludhiana,rainfall,7,,,weighted_blend,blend,4,mae,0.036371,0.036371,,-0.004122,,,,,,168,,1,,,,
accuracy,Ludhiana,rainfall,30,,,icon,model,4,mae,0.100833,0.100833,,0.014167,,,,,,720,,0,,,,
accuracy,Ludhiana,rainfall,45,,,equal_avg,baseline,4,mae,0.167338,0.167338,,-0.020116,,,,,,1080,,0,,,,
accuracy,Ludhiana,rainfall,,,,gfs,model,4,mae,0.193443,0.193443,,0.077596,,,,,,1464,,0,,,,
accuracy,Ludhiana,rainfall,7,,,equal_avg,baseline,5,mae,0.040476,0.040476,,-0.008929,,,,,,168,,1,,,,
accuracy,Ludhiana,rainfall,30,,,equal_avg,baseline,5,mae,0.106493,0.106493,,-0.012951,,,,,,720,,0,,,,
accuracy,Ludhiana,rainfall,45,,,persistence,baseline,5,mae,0.198704,0.198704,,-0.000741,,,,,,1080,,0,,,,
accuracy,Ludhiana,rainfall,,,,icon,model,5,mae,0.241462,0.241462,,-0.015369,,,,,,1464,,0,,,,
accuracy,Ludhiana,rainfall,7,,,persistence,baseline,6,mae,0.052976,0.052976,,-0.000595,,,,,,168,,1,,,,
accuracy,Ludhiana,rainfall,30,,,persistence,baseline,6,mae,0.133056,0.133056,,-0.008056,,,,,,720,,0,,,,
accuracy,Ludhiana,rainfall,45,,,icon,model,6,mae,0.22,0.22,,-0.045556,,,,,,1080,,0,,,,
accuracy,Ludhiana,rainfall,,,,persistence,baseline,6,mae,0.257153,0.257153,,-6.9e-05,,,,,,1440,,0,,,,
accuracy,Ludhiana,rainfall,7,,,gem,model,7,mae,0.119643,0.119643,,-0.08631,,,,,,168,,1,,,,
accuracy,Ludhiana,rainfall,30,,,gem,model,7,mae,0.221806,0.221806,,-0.110972,,,,,,720,,0,,,,
accuracy,Ludhiana,rainfall,45,,,gem,model,7,mae,0.278611,0.278611,,-0.082685,,,,,,1080,,0,,,,
accuracy,Ludhiana,rainfall,,,,gem,model,7,mae,0.299932,0.299932,,-0.065096,,,,,,1464,,0,,,,
accuracy,Madurai,rainfall,,,,ecmwf,model,1,mae,0.135451,0.135451,,-0.025478,,,,,,1464,,0,,,,
accuracy,Madurai,rainfall,30,,,ecmwf,model,1,mae,0.141389,0.141389,,-0.036667,,,,,,720,,0,,,,
accuracy,Madurai,rainfall,45,,,ecmwf,model,1,mae,0.1525,0.1525,,-0.036759,,,,,,1080,,0,,,,
accuracy,Madurai,rainfall,7,,,persistence,baseline,1,mae,0.200595,0.200595,,0.064881,,,,,,168,,1,,,,
accuracy,Madurai,rainfall,,,,weighted_blend,blend,2,mae,0.148894,0.148894,,-0.01753,,,,,,1464,,0,,,,
accuracy,Madurai,rainfall,30,,,persistence,baseline,2,mae,0.1625,0.1625,,0.014167,,,,,,720,,0,,,,
accuracy,Madurai,rainfall,45,,,weighted_blend,blend,2,mae,0.169931,0.169931,,-0.031987,,,,,,1080,,0,,,,
accuracy,Madurai,rainfall,7,,,ecmwf,model,2,mae,0.269643,0.269643,,-0.133929,,,,,,168,,1,,,,
accuracy,Madurai,rainfall,,,,gem,model,3,mae,0.151776,0.151776,,0.021858,,,,,,1464,,0,,,,
accuracy,Madurai,rainfall,30,,,weighted_blend,blend,3,mae,0.170552,0.170552,,-0.059239,,,,,,720,,0,,,,
accuracy,Madurai,rainfall,45,,,gem,model,3,mae,0.172407,0.172407,,0.016667,,,,,,1080,,0,,,,
accuracy,Madurai,rainfall,7,,,weighted_blend,blend,3,mae,0.272528,0.272528,,-0.196629,,,,,,168,,1,,,,
accuracy,Madurai,rainfall,,,,equal_avg,baseline,4,mae,0.152801,0.152801,,-0.019262,,,,,,1464,,0,,,,
accuracy,Madurai,rainfall,45,,,equal_avg,baseline,4,mae,0.174699,0.174699,,-0.034329,,,,,,1080,,0,,,,
accuracy,Madurai,rainfall,30,,,gem,model,4,mae,0.175139,0.175139,,-0.017639,,,,,,720,,0,,,,
accuracy,Madurai,rainfall,7,,,equal_avg,baseline,4,mae,0.279315,0.279315,,-0.200149,,,,,,168,,1,,,,
accuracy,Madurai,rainfall,30,,,equal_avg,baseline,5,mae,0.175868,0.175868,,-0.062326,,,,,,720,,0,,,,
accuracy,Madurai,rainfall,,,,persistence,baseline,5,mae,0.178056,0.178056,,0.006389,,,,,,1440,,0,,,,
accuracy,Madurai,rainfall,45,,,persistence,baseline,5,mae,0.191852,0.191852,,0.009259,,,,,,1080,,0,,,,
accuracy,Madurai,rainfall,7,,,gfs,model,5,mae,0.289286,0.289286,,-0.108333,,,,,,168,,1,,,,
accuracy,Madurai,rainfall,,,,gfs,model,6,mae,0.198634,0.198634,,-0.02418,,,,,,1464,,0,,,,
accuracy,Madurai,rainfall,30,,,gfs,model,6,mae,0.211528,0.211528,,-0.057639,,,,,,720,,0,,,,
accuracy,Madurai,rainfall,45,,,gfs,model,6,mae,0.231111,0.231111,,-0.038704,,,,,,1080,,0,,,,
accuracy,Madurai,rainfall,7,,,gem,model,6,mae,0.316667,0.316667,,-0.12381,,,,,,168,,1,,,,
accuracy,Madurai,rainfall,,,,icon,model,7,mae,0.207036,0.207036,,-0.049249,,,,,,1464,,0,,,,
accuracy,Madurai,rainfall,45,,,icon,model,7,mae,0.240926,0.240926,,-0.078519,,,,,,1080,,0,,,,
accuracy,Madurai,rainfall,30,,,icon,model,7,mae,0.274306,0.274306,,-0.137361,,,,,,720,,0,,,,
accuracy,Madurai,rainfall,7,,,icon,model,7,mae,0.530952,0.530952,,-0.434524,,,,,,168,,1,,,,
accuracy,Mumbai,rainfall,30,,,ecmwf,model,1,mae,0.198056,0.198056,,-0.005556,,,,,,720,,0,,,,
accuracy,Mumbai,rainfall,7,,,ecmwf,model,1,mae,0.2,0.2,,-0.003571,,,,,,168,,1,,,,
accuracy,Mumbai,rainfall,45,,,weighted_blend,blend,1,mae,0.247272,0.247272,,0.057904,,,,,,1080,,0,,,,
accuracy,Mumbai,rainfall,,,,ecmwf,model,1,mae,0.359699,0.359699,,-0.03429,,,,,,1464,,0,,,,
accuracy,Mumbai,rainfall,30,,,weighted_blend,blend,2,mae,0.208168,0.208168,,0.046919,,,,,,720,,0,,,,
accuracy,Mumbai,rainfall,7,,,icon,model,2,mae,0.235714,0.235714,,0.070238,,,,,,168,,1,,,,
accuracy,Mumbai,rainfall,45,,,ecmwf,model,2,mae,0.248889,0.248889,,-0.028704,,,,,,1080,,0,,,,
accuracy,Mumbai,rainfall,,,,weighted_blend,blend,2,mae,0.39871,0.39871,,0.088078,,,,,,1464,,0,,,,
accuracy,Mumbai,rainfall,30,,,equal_avg,baseline,3,mae,0.214583,0.214583,,0.052431,,,,,,720,,0,,,,
accuracy,Mumbai,rainfall,45,,,equal_avg,baseline,3,mae,0.254676,0.254676,,0.068796,,,,,,1080,,0,,,,
accuracy,Mumbai,rainfall,7,,,weighted_blend,blend,3,mae,0.257833,0.257833,,-0.035995,,,,,,168,,1,,,,
accuracy,Mumbai,rainfall,,,,equal_avg,baseline,3,mae,0.414549,0.414549,,0.103347,,,,,,1464,,0,,,,
accuracy,Mumbai,rainfall,30,,,icon,model,4,mae,0.219861,0.219861,,0.092639,,,,,,720,,0,,,,
accuracy,Mumbai,rainfall,7,,,equal_avg,baseline,4,mae,0.272619,0.272619,,-0.044643,,,,,,168,,1,,,,
accuracy,Mumbai,rainfall,45,,,icon,model,4,mae,0.274815,0.274815,,0.088889,,,,,,1080,,0,,,,
accuracy,Mumbai,rainfall,,,,icon,model,4,mae,0.478347,0.478347,,0.132582,,,,,,1464,,0,,,,
accuracy,Mumbai,rainfall,30,,,gfs,model,5,mae,0.278472,0.278472,,0.066528,,,,,,720,,0,,,,
accuracy,Mumbai,rainfall,45,,,gfs,model,5,mae,0.323704,0.323704,,0.102037,,,,,,1080,,0,,,,
accuracy,Mumbai,rainfall,7,,,gfs,model,5,mae,0.408929,0.408929,,-0.089881,,,,,,168,,1,,,,
accuracy,Mumbai,rainfall,7,,,persistence,baseline,5,mae,0.408929,0.408929,,-0.006548,,,,,,168,,1,,,,
accuracy,Mumbai,rainfall,,,,gfs,model,5,mae,0.531762,0.531762,,0.15321,,,,,,1464,,0,,,,
accuracy,Mumbai,rainfall,30,,,persistence,baseline,6,mae,0.309028,0.309028,,-0.011806,,,,,,720,,0,,,,
accuracy,Mumbai,rainfall,45,,,persistence,baseline,6,mae,0.388704,0.388704,,-0.020741,,,,,,1080,,0,,,,
accuracy,Mumbai,rainfall,,,,gem,model,6,mae,0.608607,0.608607,,0.161885,,,,,,1464,,0,,,,
accuracy,Mumbai,rainfall,30,,,gem,model,7,mae,0.352222,0.352222,,0.056111,,,,,,720,,0,,,,
accuracy,Mumbai,rainfall,45,,,gem,model,7,mae,0.405741,0.405741,,0.112963,,,,,,1080,,0,,,,
accuracy,Mumbai,rainfall,7,,,gem,model,7,mae,0.497024,0.497024,,-0.155357,,,,,,168,,1,,,,
accuracy,Mumbai,rainfall,,,,persistence,baseline,7,mae,0.642708,0.642708,,-0.009236,,,,,,1440,,0,,,,
accuracy,Nagpur,rainfall,45,,,ecmwf,model,1,mae,0.207222,0.207222,,0.000556,,,,,,1080,,0,,,,
accuracy,Nagpur,rainfall,30,,,ecmwf,model,1,mae,0.219444,0.219444,,-0.013611,,,,,,720,,0,,,,
accuracy,Nagpur,rainfall,,,,ecmwf,model,1,mae,0.248019,0.248019,,-0.000615,,,,,,1464,,0,,,,
accuracy,Nagpur,rainfall,7,,,ecmwf,model,1,mae,0.465476,0.465476,,-0.034524,,,,,,168,,1,,,,
accuracy,Nagpur,rainfall,30,,,weighted_blend,blend,2,mae,0.25247,0.25247,,-0.026738,,,,,,720,,0,,,,
accuracy,Nagpur,rainfall,45,,,weighted_blend,blend,2,mae,0.257327,0.257327,,-0.034016,,,,,,1080,,0,,,,
accuracy,Nagpur,rainfall,,,,weighted_blend,blend,2,mae,0.333931,0.333931,,-0.073667,,,,,,1464,,0,,,,
accuracy,Nagpur,rainfall,7,,,weighted_blend,blend,2,mae,0.470638,0.470638,,0.030648,,,,,,168,,1,,,,
accuracy,Nagpur,rainfall,30,,,equal_avg,baseline,3,mae,0.278924,0.278924,,-0.02566,,,,,,720,,0,,,,
accuracy,Nagpur,rainfall,45,,,equal_avg,baseline,3,mae,0.291597,0.291597,,-0.043449,,,,,,1080,,0,,,,
accuracy,Nagpur,rainfall,,,,equal_avg,baseline,3,mae,0.389378,0.389378,,-0.100239,,,,,,1464,,0,,,,
accuracy,Nagpur,rainfall,7,,,equal_avg,baseline,3,mae,0.504613,0.504613,,0.069196,,,,,,168,,1,,,,
accuracy,Nagpur,rainfall,30,,,gem,model,4,mae,0.323056,0.323056,,0.116389,,,,,,720,,0,,,,
accuracy,Nagpur,rainfall,45,,,gem,model,4,mae,0.336852,0.336852,,0.087593,,,,,,1080,,0,,,,
accuracy,Nagpur,rainfall,,,,persistence,baseline,4,mae,0.470486,0.470486,,-0.008958,,,,,,1440,,0,,,,
accuracy,Nagpur,rainfall,7,,,gfs,model,4,mae,0.555952,0.555952,,0.229762,,,,,,168,,1,,,,
accuracy,Nagpur,rainfall,45,,,persistence,baseline,5,mae,0.380093,0.380093,,-0.000278,,,,,,1080,,0,,,,
accuracy,Nagpur,rainfall,30,,,gfs,model,5,mae,0.395,0.395,,-0.063056,,,,,,720,,0,,,,
accuracy,Nagpur,rainfall,,,,icon,model,5,mae,0.522336,0.522336,,-0.15526,,,,,,1464,,0,,,,
accuracy,Nagpur,rainfall,7,,,gem,model,5,mae,0.5875,0.5875,,0.282738,,,,,,168,,1,,,,
accuracy,Nagpur,rainfall,30,,,persistence,baseline,6,mae,0.400556,0.400556,,-0.006667,,,,,,720,,0,,,,
accuracy,Nagpur,rainfall,45,,,icon,model,6,mae,0.411759,0.411759,,-0.106759,,,,,,1080,,0,,,,
accuracy,Nagpur,rainfall,,,,gfs,model,6,mae,0.55444,0.55444,,-0.176571,,,,,,1464,,0,,,,
accuracy,Nagpur,rainfall,7,,,icon,model,6,mae,0.761905,0.761905,,-0.20119,,,,,,168,,1,,,,
accuracy,Nagpur,rainfall,30,,,icon,model,7,mae,0.43625,0.43625,,-0.142361,,,,,,720,,0,,,,
accuracy,Nagpur,rainfall,45,,,gfs,model,7,mae,0.464815,0.464815,,-0.155185,,,,,,1080,,0,,,,
accuracy,Nagpur,rainfall,,,,gem,model,7,mae,0.574249,0.574249,,-0.068511,,,,,,1464,,0,,,,
accuracy,Nagpur,rainfall,7,,,persistence,baseline,7,mae,0.783929,0.783929,,-0.000595,,,,,,168,,1,,,,
accuracy,Nashik,rainfall,45,,,ecmwf,model,1,mae,0.083889,0.083889,,-0.025926,,,,,,1080,,0,,,,
accuracy,Nashik,rainfall,30,,,ecmwf,model,1,mae,0.087778,0.087778,,-0.018611,,,,,,720,,0,,,,
accuracy,Nashik,rainfall,,,,ecmwf,model,1,mae,0.144467,0.144467,,-0.040096,,,,,,1464,,0,,,,
accuracy,Nashik,rainfall,7,,,ecmwf,model,1,mae,0.157143,0.157143,,-0.015476,,,,,,168,,1,,,,
accuracy,Nashik,rainfall,45,,,weighted_blend,blend,2,mae,0.098928,0.098928,,0.013853,,,,,,1080,,0,,,,
accuracy,Nashik,rainfall,30,,,weighted_blend,blend,2,mae,0.101821,0.101821,,0.018923,,,,,,720,,0,,,,
accuracy,Nashik,rainfall,7,,,weighted_blend,blend,2,mae,0.171385,0.171385,,0.07821,,,,,,168,,1,,,,
accuracy,Nashik,rainfall,,,,weighted_blend,blend,2,mae,0.178198,0.178198,,0.0183,,,,,,1464,,0,,,,
accuracy,Nashik,rainfall,45,,,equal_avg,baseline,3,mae,0.112222,0.112222,,0.023889,,,,,,1080,,0,,,,
accuracy,Nashik,rainfall,30,,,equal_avg,baseline,3,mae,0.114514,0.114514,,0.028125,,,,,,720,,0,,,,
accuracy,Nashik,rainfall,7,,,equal_avg,baseline,3,mae,0.188839,0.188839,,0.106994,,,,,,168,,1,,,,
accuracy,Nashik,rainfall,,,,equal_avg,baseline,3,mae,0.209307,0.209307,,0.034238,,,,,,1464,,0,,,,
accuracy,Nashik,rainfall,30,,,gfs,model,4,mae,0.123889,0.123889,,0.070833,,,,,,720,,0,,,,
accuracy,Nashik,rainfall,45,,,gfs,model,4,mae,0.128611,0.128611,,0.060093,,,,,,1080,,0,,,,
accuracy,Nashik,rainfall,7,,,gfs,model,4,mae,0.249405,0.249405,,0.110119,,,,,,168,,1,,,,
accuracy,Nashik,rainfall,,,,icon,model,4,mae,0.295287,0.295287,,0.124658,,,,,,1464,,0,,,,
accuracy,Nashik,rainfall,45,,,icon,model,5,mae,0.135,0.135,,0.110556,,,,,,1080,,0,,,,
accuracy,Nashik,rainfall,30,,,icon,model,5,mae,0.136528,0.136528,,0.112083,,,,,,720,,0,,,,
accuracy,Nashik,rainfall,7,,,gem,model,5,mae,0.252381,0.252381,,0.114286,,,,,,168,,1,,,,
accuracy,Nashik,rainfall,,,,gfs,model,5,mae,0.303689,0.303689,,0.093306,,,,,,1464,,0,,,,
accuracy,Nashik,rainfall,45,,,persistence,baseline,6,mae,0.184167,0.184167,,-0.005463,,,,,,1080,,0,,,,
accuracy,Nashik,rainfall,30,,,persistence,baseline,6,mae,0.201667,0.201667,,-0.004167,,,,,,720,,0,,,,
accuracy,Nashik,rainfall,7,,,icon,model,6,mae,0.264286,0.264286,,0.219048,,,,,,168,,1,,,,
accuracy,Nashik,rainfall,,,,gem,model,6,mae,0.357719,0.357719,,-0.040915,,,,,,1464,,0,,,,
accuracy,Nashik,rainfall,45,,,gem,model,7,mae,0.210648,0.210648,,-0.049167,,,,,,1080,,0,,,,
accuracy,Nashik,rainfall,30,,,gem,model,7,mae,0.219861,0.219861,,-0.051806,,,,,,720,,0,,,,
accuracy,Nashik,rainfall,,,,persistence,baseline,7,mae,0.381667,0.381667,,-0.004722,,,,,,1440,,0,,,,
accuracy,Nashik,rainfall,7,,,persistence,baseline,7,mae,0.524405,0.524405,,0.000595,,,,,,168,,1,,,,
accuracy,Patna,rainfall,7,,,ecmwf,model,1,mae,0.179762,0.179762,,-0.011905,,,,,,168,,1,,,,
accuracy,Patna,rainfall,45,,,ecmwf,model,1,mae,0.302407,0.302407,,-0.019444,,,,,,1080,,0,,,,
accuracy,Patna,rainfall,30,,,ecmwf,model,1,mae,0.313056,0.313056,,-0.007222,,,,,,720,,0,,,,
accuracy,Patna,rainfall,,,,ecmwf,model,1,mae,0.315505,0.315505,,-0.024795,,,,,,1464,,0,,,,
accuracy,Patna,rainfall,7,,,gfs,model,2,mae,0.191667,0.191667,,0.121429,,,,,,168,,1,,,,
accuracy,Patna,rainfall,,,,weighted_blend,blend,2,mae,0.388629,0.388629,,-0.012558,,,,,,1464,,0,,,,
accuracy,Patna,rainfall,45,,,weighted_blend,blend,2,mae,0.3923,0.3923,,-0.025185,,,,,,1080,,0,,,,
accuracy,Patna,rainfall,30,,,weighted_blend,blend,2,mae,0.431372,0.431372,,-0.049459,,,,,,720,,0,,,,
accuracy,Patna,rainfall,7,,,persistence,baseline,3,mae,0.235714,0.235714,,0.009524,,,,,,168,,1,,,,
accuracy,Patna,rainfall,,,,equal_avg,baseline,3,mae,0.425973,0.425973,,-0.036356,,,,,,1464,,0,,,,
accuracy,Patna,rainfall,45,,,gfs,model,3,mae,0.430926,0.430926,,0.160741,,,,,,1080,,0,,,,
accuracy,Patna,rainfall,30,,,gfs,model,3,mae,0.463611,0.463611,,0.152778,,,,,,720,,0,,,,
accuracy,Patna,rainfall,7,,,weighted_blend,blend,4,mae,0.321176,0.321176,,-0.148726,,,,,,168,,1,,,,
accuracy,Patna,rainfall,,,,gfs,model,4,mae,0.427391,0.427391,,0.180669,,,,,,1464,,0,,,,
accuracy,Patna,rainfall,45,,,equal_avg,baseline,4,mae,0.433241,0.433241,,-0.051667,,,,,,1080,,0,,,,
accuracy,Patna,rainfall,30,,,equal_avg,baseline,4,mae,0.475799,0.475799,,-0.084688,,,,,,720,,0,,,,
accuracy,Patna,rainfall,7,,,equal_avg,baseline,5,mae,0.376339,0.376339,,-0.206994,,,,,,168,,1,,,,
accuracy,Patna,rainfall,,,,persistence,baseline,5,mae,0.538056,0.538056,,-0.0175,,,,,,1440,,0,,,,
accuracy,Patna,rainfall,45,,,persistence,baseline,5,mae,0.555,0.555,,0.000926,,,,,,1080,,0,,,,
accuracy,Patna,rainfall,30,,,persistence,baseline,5,mae,0.582639,0.582639,,-0.028194,,,,,,720,,0,,,,
accuracy,Patna,rainfall,7,,,icon,model,6,mae,0.410119,0.410119,,-0.179167,,,,,,168,,1,,,,
accuracy,Patna,rainfall,,,,icon,model,6,mae,0.630464,0.630464,,-0.214344,,,,,,1464,,0,,,,
accuracy,Patna,rainfall,45,,,icon,model,6,mae,0.651759,0.651759,,-0.226204,,,,,,1080,,0,,,,
accuracy,Patna,rainfall,30,,,icon,model,6,mae,0.673472,0.673472,,-0.237083,,,,,,720,,0,,,,
accuracy,Patna,rainfall,,,,gem,model,7,mae,0.673839,0.673839,,-0.086954,,,,,,1464,,0,,,,
accuracy,Patna,rainfall,45,,,gem,model,7,mae,0.688426,0.688426,,-0.121759,,,,,,1080,,0,,,,
accuracy,Patna,rainfall,30,,,gem,model,7,mae,0.811389,0.811389,,-0.247222,,,,,,720,,0,,,,
accuracy,Patna,rainfall,7,,,gem,model,7,mae,0.953571,0.953571,,-0.758333,,,,,,168,,1,,,,
accuracy,Pune,rainfall,30,,,ecmwf,model,1,mae,0.065694,0.065694,,0.005417,,,,,,720,,0,,,,
accuracy,Pune,rainfall,7,,,ecmwf,model,1,mae,0.083929,0.083929,,-0.001786,,,,,,168,,1,,,,
accuracy,Pune,rainfall,45,,,ecmwf,model,1,mae,0.090463,0.090463,,-0.006574,,,,,,1080,,0,,,,
accuracy,Pune,rainfall,,,,ecmwf,model,1,mae,0.112363,0.112363,,-0.019877,,,,,,1464,,0,,,,
accuracy,Pune,rainfall,30,,,weighted_blend,blend,2,mae,0.080438,0.080438,,0.029339,,,,,,720,,0,,,,
accuracy,Pune,rainfall,7,,,weighted_blend,blend,2,mae,0.095179,0.095179,,0.064107,,,,,,168,,1,,,,
accuracy,Pune,rainfall,45,,,weighted_blend,blend,2,mae,0.104226,0.104226,,0.046346,,,,,,1080,,0,,,,
accuracy,Pune,rainfall,,,,weighted_blend,blend,2,mae,0.125242,0.125242,,0.045645,,,,,,1464,,0,,,,
accuracy,Pune,rainfall,30,,,icon,model,3,mae,0.083333,0.083333,,0.075833,,,,,,720,,0,,,,
accuracy,Pune,rainfall,7,,,equal_avg,baseline,3,mae,0.102083,0.102083,,0.073214,,,,,,168,,1,,,,
accuracy,Pune,rainfall,45,,,equal_avg,baseline,3,mae,0.118056,0.118056,,0.044074,,,,,,1080,,0,,,,
accuracy,Pune,rainfall,,,,equal_avg,baseline,3,mae,0.140335,0.140335,,0.044843,,,,,,1464,,0,,,,
accuracy,Pune,rainfall,30,,,gfs,model,4,mae,0.084306,0.084306,,0.07625,,,,,,720,,0,,,,
accuracy,Pune,rainfall,7,,,gfs,model,4,mae,0.116071,0.116071,,0.099405,,,,,,168,,1,,,,
accuracy,Pune,rainfall,45,,,icon,model,4,mae,0.119537,0.119537,,0.110463,,,,,,1080,,0,,,,
accuracy,Pune,rainfall,,,,icon,model,4,mae,0.158265,0.158265,,0.110587,,,,,,1464,,0,,,,
accuracy,Pune,rainfall,30,,,equal_avg,baseline,5,mae,0.091806,0.091806,,0.023333,,,,,,720,,0,,,,
accuracy,Pune,rainfall,7,,,icon,model,5,mae,0.116667,0.116667,,0.111905,,,,,,168,,1,,,,
accuracy,Pune,rainfall,45,,,gfs,model,5,mae,0.124815,0.124815,,0.11463,,,,,,1080,,0,,,,
accuracy,Pune,rainfall,,,,gfs,model,5,mae,0.165096,0.165096,,0.132036,,,,,,1464,,0,,,,
accuracy,Pune,rainfall,30,,,persistence,baseline,6,mae,0.108333,0.108333,,0.004722,,,,,,720,,0,,,,
accuracy,Pune,rainfall,7,,,gem,model,6,mae,0.142857,0.142857,,0.083333,,,,,,168,,1,,,,
accuracy,Pune,rainfall,45,,,persistence,baseline,6,mae,0.174537,0.174537,,0.002685,,,,,,1080,,0,,,,
accuracy,Pune,rainfall,,,,persistence,baseline,6,mae,0.224861,0.224861,,-0.000694,,,,,,1440,,0,,,,
accuracy,Pune,rainfall,7,,,persistence,baseline,7,mae,0.165476,0.165476,,0.021429,,,,,,168,,1,,,,
accuracy,Pune,rainfall,30,,,gem,model,7,mae,0.194167,0.194167,,-0.064167,,,,,,720,,0,,,,
accuracy,Pune,rainfall,45,,,gem,model,7,mae,0.229074,0.229074,,-0.042222,,,,,,1080,,0,,,,
accuracy,Pune,rainfall,,,,gem,model,7,mae,0.265369,0.265369,,-0.043374,,,,,,1464,,0,,,,
accuracy,Raipur,rainfall,30,,,ecmwf,model,1,mae,0.217917,0.217917,,0.026806,,,,,,720,,0,,,,
accuracy,Raipur,rainfall,7,,,ecmwf,model,1,mae,0.227976,0.227976,,0.016071,,,,,,168,,1,,,,
accuracy,Raipur,rainfall,45,,,ecmwf,model,1,mae,0.241481,0.241481,,0.032407,,,,,,1080,,0,,,,
accuracy,Raipur,rainfall,,,,ecmwf,model,1,mae,0.279303,0.279303,,0.035724,,,,,,1464,,0,,,,
accuracy,Raipur,rainfall,7,,,weighted_blend,blend,2,mae,0.321858,0.321858,,0.017559,,,,,,168,,1,,,,
accuracy,Raipur,rainfall,30,,,weighted_blend,blend,2,mae,0.346153,0.346153,,-0.004804,,,,,,720,,0,,,,
accuracy,Raipur,rainfall,45,,,weighted_blend,blend,2,mae,0.362411,0.362411,,0.010475,,,,,,1080,,0,,,,
accuracy,Raipur,rainfall,,,,weighted_blend,blend,2,mae,0.392053,0.392053,,0.012005,,,,,,1464,,0,,,,
accuracy,Raipur,rainfall,7,,,equal_avg,baseline,3,mae,0.365625,0.365625,,0.017411,,,,,,168,,1,,,,
accuracy,Raipur,rainfall,30,,,equal_avg,baseline,3,mae,0.402118,0.402118,,-0.012396,,,,,,720,,0,,,,
accuracy,Raipur,rainfall,45,,,equal_avg,baseline,3,mae,0.414051,0.414051,,0.00544,,,,,,1080,,0,,,,
accuracy,Raipur,rainfall,,,,equal_avg,baseline,3,mae,0.446089,0.446089,,0.004355,,,,,,1464,,0,,,,
accuracy,Raipur,rainfall,7,,,gfs,model,4,mae,0.413095,0.413095,,0.063095,,,,,,168,,1,,,,
accuracy,Raipur,rainfall,30,,,icon,model,4,mae,0.53375,0.53375,,-0.089861,,,,,,720,,0,,,,
accuracy,Raipur,rainfall,45,,,icon,model,4,mae,0.561574,0.561574,,-0.100833,,,,,,1080,,0,,,,
accuracy,Raipur,rainfall,,,,gfs,model,4,mae,0.599727,0.599727,,0.074727,,,,,,1464,,0,,,,
accuracy,Raipur,rainfall,7,,,icon,model,5,mae,0.534524,0.534524,,-0.079762,,,,,,168,,1,,,,
accuracy,Raipur,rainfall,30,,,gfs,model,5,mae,0.559444,0.559444,,-0.022222,,,,,,720,,0,,,,
accuracy,Raipur,rainfall,45,,,gfs,model,5,mae,0.567407,0.567407,,0.014259,,,,,,1080,,0,,,,
accuracy,Raipur,rainfall,,,,icon,model,5,mae,0.642077,0.642077,,-0.180191,,,,,,1464,,0,,,,
accuracy,Raipur,rainfall,7,,,persistence,baseline,6,mae,0.540476,0.540476,,0.00119,,,,,,168,,1,,,,
accuracy,Raipur,rainfall,30,,,persistence,baseline,6,mae,0.572917,0.572917,,-0.027639,,,,,,720,,0,,,,
accuracy,Raipur,rainfall,45,,,persistence,baseline,6,mae,0.592593,0.592593,,-0.00037,,,,,,1080,,0,,,,
accuracy,Raipur,rainfall,,,,gem,model,6,mae,0.666667,0.666667,,0.087158,,,,,,1464,,0,,,,
accuracy,Raipur,rainfall,7,,,gem,model,7,mae,0.563095,0.563095,,0.070238,,,,,,168,,1,,,,
accuracy,Raipur,rainfall,30,,,gem,model,7,mae,0.596528,0.596528,,0.035694,,,,,,720,,0,,,,
accuracy,Raipur,rainfall,45,,,gem,model,7,mae,0.599815,0.599815,,0.075926,,,,,,1080,,0,,,,
accuracy,Raipur,rainfall,,,,persistence,baseline,7,mae,0.680139,0.680139,,-0.010972,,,,,,1440,,0,,,,
accuracy,Ranchi,rainfall,7,,,ecmwf,model,1,mae,0.202976,0.202976,,-0.019643,,,,,,168,,1,,,,
accuracy,Ranchi,rainfall,,,,ecmwf,model,1,mae,0.324863,0.324863,,-0.011066,,,,,,1464,,0,,,,
accuracy,Ranchi,rainfall,30,,,ecmwf,model,1,mae,0.335417,0.335417,,0.010139,,,,,,720,,0,,,,
accuracy,Ranchi,rainfall,45,,,ecmwf,model,1,mae,0.339722,0.339722,,-0.018796,,,,,,1080,,0,,,,
accuracy,Ranchi,rainfall,7,,,icon,model,2,mae,0.286905,0.286905,,0.053571,,,,,,168,,1,,,,
accuracy,Ranchi,rainfall,,,,weighted_blend,blend,2,mae,0.416205,0.416205,,-0.054,,,,,,1464,,0,,,,
accuracy,Ranchi,rainfall,45,,,weighted_blend,blend,2,mae,0.435417,0.435417,,-0.068302,,,,,,1080,,0,,,,
accuracy,Ranchi,rainfall,30,,,weighted_blend,blend,2,mae,0.459077,0.459077,,-0.068182,,,,,,720,,0,,,,
accuracy,Ranchi,rainfall,7,,,weighted_blend,blend,3,mae,0.311233,0.311233,,-0.0691,,,,,,168,,1,,,,
accuracy,Ranchi,rainfall,,,,equal_avg,baseline,3,mae,0.47932,0.47932,,-0.090044,,,,,,1464,,0,,,,
accuracy,Ranchi,rainfall,45,,,icon,model,3,mae,0.498241,0.498241,,-0.029352,,,,,,1080,,0,,,,
accuracy,Ranchi,rainfall,30,,,icon,model,3,mae,0.500139,0.500139,,-0.03125,,,,,,720,,0,,,,
accuracy,Ranchi,rainfall,7,,,gfs,model,4,mae,0.311905,0.311905,,0.04881,,,,,,168,,1,,,,
accuracy,Ranchi,rainfall,,,,icon,model,4,mae,0.492486,0.492486,,-0.012842,,,,,,1464,,0,,,,
accuracy,Ranchi,rainfall,45,,,equal_avg,baseline,4,mae,0.505394,0.505394,,-0.108032,,,,,,1080,,0,,,,
accuracy,Ranchi,rainfall,30,,,gfs,model,4,mae,0.508333,0.508333,,0.064444,,,,,,720,,0,,,,
accuracy,Ranchi,rainfall,7,,,persistence,baseline,5,mae,0.333333,0.333333,,-0.002381,,,,,,168,,1,,,,
accuracy,Ranchi,rainfall,,,,gfs,model,5,mae,0.508811,0.508811,,0.019331,,,,,,1464,,0,,,,
accuracy,Ranchi,rainfall,45,,,gfs,model,5,mae,0.531481,0.531481,,0.014444,,,,,,1080,,0,,,,
accuracy,Ranchi,rainfall,30,,,equal_avg,baseline,5,mae,0.542674,0.542674,,-0.12684,,,,,,720,,0,,,,
accuracy,Ranchi,rainfall,7,,,equal_avg,baseline,6,mae,0.393899,0.393899,,-0.129613,,,,,,168,,1,,,,
accuracy,Ranchi,rainfall,,,,persistence,baseline,6,mae,0.587569,0.587569,,-0.007153,,,,,,1440,,0,,,,
accuracy,Ranchi,rainfall,30,,,persistence,baseline,6,mae,0.590556,0.590556,,-0.008889,,,,,,720,,0,,,,
accuracy,Ranchi,rainfall,45,,,persistence,baseline,6,mae,0.596667,0.596667,,-0.0,,,,,,1080,,0,,,,
accuracy,Ranchi,rainfall,,,,gem,model,7,mae,0.941393,0.941393,,-0.355601,,,,,,1464,,0,,,,
accuracy,Ranchi,rainfall,7,,,gem,model,7,mae,0.972619,0.972619,,-0.60119,,,,,,168,,1,,,,
accuracy,Ranchi,rainfall,45,,,gem,model,7,mae,1.01713,1.01713,,-0.398426,,,,,,1080,,0,,,,
accuracy,Ranchi,rainfall,30,,,gem,model,7,mae,1.140694,1.140694,,-0.550694,,,,,,720,,0,,,,
accuracy,Shillong,rainfall,7,,,ecmwf,model,1,mae,0.145833,0.145833,,-0.018452,,,,,,168,,1,,,,
accuracy,Shillong,rainfall,,,,ecmwf,model,1,mae,0.177322,0.177322,,-0.04112,,,,,,1464,,0,,,,
accuracy,Shillong,rainfall,45,,,ecmwf,model,1,mae,0.187315,0.187315,,-0.040648,,,,,,1080,,0,,,,
accuracy,Shillong,rainfall,30,,,ecmwf,model,1,mae,0.190972,0.190972,,-0.03125,,,,,,720,,0,,,,
accuracy,Shillong,rainfall,7,,,persistence,baseline,2,mae,0.197024,0.197024,,-0.0125,,,,,,168,,1,,,,
accuracy,Shillong,rainfall,,,,weighted_blend,blend,2,mae,0.263037,0.263037,,-0.101467,,,,,,1464,,0,,,,
accuracy,Shillong,rainfall,30,,,weighted_blend,blend,2,mae,0.269873,0.269873,,-0.087809,,,,,,720,,0,,,,
accuracy,Shillong,rainfall,45,,,weighted_blend,blend,2,mae,0.285832,0.285832,,-0.1108,,,,,,1080,,0,,,,
accuracy,Shillong,rainfall,7,,,weighted_blend,blend,3,mae,0.19806,0.19806,,-0.080312,,,,,,168,,1,,,,
accuracy,Shillong,rainfall,30,,,persistence,baseline,3,mae,0.309028,0.309028,,-0.007083,,,,,,720,,0,,,,
accuracy,Shillong,rainfall,,,,equal_avg,baseline,3,mae,0.320594,0.320594,,-0.13487,,,,,,1464,,0,,,,
accuracy,Shillong,rainfall,45,,,persistence,baseline,3,mae,0.344167,0.344167,,-0.001389,,,,,,1080,,0,,,,
accuracy,Shillong,rainfall,7,,,equal_avg,baseline,4,mae,0.224851,0.224851,,-0.109077,,,,,,168,,1,,,,
accuracy,Shillong,rainfall,30,,,equal_avg,baseline,4,mae,0.313507,0.313507,,-0.113299,,,,,,720,,0,,,,
accuracy,Shillong,rainfall,,,,persistence,baseline,4,mae,0.328264,0.328264,,-0.000903,,,,,,1440,,0,,,,
accuracy,Shillong,rainfall,45,,,equal_avg,baseline,4,mae,0.348171,0.348171,,-0.146829,,,,,,1080,,0,,,,
accuracy,Shillong,rainfall,7,,,icon,model,5,mae,0.298214,0.298214,,-0.142262,,,,,,168,,1,,,,
accuracy,Shillong,rainfall,,,,gem,model,5,mae,0.37903,0.37903,,-0.056216,,,,,,1464,,0,,,,
accuracy,Shillong,rainfall,30,,,icon,model,5,mae,0.416806,0.416806,,-0.150139,,,,,,720,,0,,,,
accuracy,Shillong,rainfall,45,,,gem,model,5,mae,0.429537,0.429537,,-0.0875,,,,,,1080,,0,,,,
accuracy,Shillong,rainfall,7,,,gem,model,6,mae,0.314881,0.314881,,-0.039881,,,,,,168,,1,,,,
accuracy,Shillong,rainfall,30,,,gem,model,6,mae,0.417639,0.417639,,-0.075694,,,,,,720,,0,,,,
accuracy,Shillong,rainfall,,,,gfs,model,6,mae,0.436066,0.436066,,-0.187295,,,,,,1464,,0,,,,
accuracy,Shillong,rainfall,45,,,gfs,model,6,mae,0.446944,0.446944,,-0.19713,,,,,,1080,,0,,,,
accuracy,Shillong,rainfall,7,,,gfs,model,7,mae,0.345238,0.345238,,-0.235714,,,,,,168,,1,,,,
accuracy,Shillong,rainfall,30,,,gfs,model,7,mae,0.435833,0.435833,,-0.196111,,,,,,720,,0,,,,
accuracy,Shillong,rainfall,,,,icon,model,7,mae,0.526571,0.526571,,-0.25485,,,,,,1464,,0,,,,
accuracy,Shillong,rainfall,45,,,icon,model,7,mae,0.555556,0.555556,,-0.262037,,,,,,1080,,0,,,,
accuracy,Shimla,rainfall,7,,,ecmwf,model,1,mae,0.141667,0.141667,,0.019048,,,,,,168,,1,,,,
accuracy,Shimla,rainfall,45,,,ecmwf,model,1,mae,0.183426,0.183426,,0.026759,,,,,,1080,,0,,,,
accuracy,Shimla,rainfall,30,,,ecmwf,model,1,mae,0.186389,0.186389,,0.031111,,,,,,720,,0,,,,
accuracy,Shimla,rainfall,,,,ecmwf,model,1,mae,0.218238,0.218238,,0.016052,,,,,,1464,,0,,,,
accuracy,Shimla,rainfall,7,,,weighted_blend,blend,2,mae,0.159667,0.159667,,0.041476,,,,,,168,,1,,,,
accuracy,Shimla,rainfall,30,,,weighted_blend,blend,2,mae,0.215487,0.215487,,0.012139,,,,,,720,,0,,,,
accuracy,Shimla,rainfall,45,,,weighted_blend,blend,2,mae,0.227334,0.227334,,-0.013584,,,,,,1080,,0,,,,
accuracy,Shimla,rainfall,,,,weighted_blend,blend,2,mae,0.270625,0.270625,,-0.038708,,,,,,1464,,0,,,,
accuracy,Shimla,rainfall,7,,,equal_avg,baseline,3,mae,0.171429,0.171429,,0.041071,,,,,,168,,1,,,,
accuracy,Shimla,rainfall,30,,,equal_avg,baseline,3,mae,0.234514,0.234514,,-0.001875,,,,,,720,,0,,,,
accuracy,Shimla,rainfall,45,,,equal_avg,baseline,3,mae,0.252315,0.252315,,-0.032083,,,,,,1080,,0,,,,
accuracy,Shimla,rainfall,,,,equal_avg,baseline,3,mae,0.29568,0.29568,,-0.058316,,,,,,1464,,0,,,,
accuracy,Shimla,rainfall,7,,,gfs,model,4,mae,0.21131,0.21131,,0.048214,,,,,,168,,1,,,,
accuracy,Shimla,rainfall,30,,,gfs,model,4,mae,0.238056,0.238056,,0.051389,,,,,,720,,0,,,,
accuracy,Shimla,rainfall,45,,,gfs,model,4,mae,0.268981,0.268981,,0.008611,,,,,,1080,,0,,,,
accuracy,Shimla,rainfall,,,,persistence,baseline,4,mae,0.318333,0.318333,,-0.000417,,,,,,1440,,0,,,,
accuracy,Shimla,rainfall,7,,,icon,model,5,mae,0.2125,0.2125,,0.110119,,,,,,168,,1,,,,
accuracy,Shimla,rainfall,30,,,icon,model,5,mae,0.23875,0.23875,,0.045694,,,,,,720,,0,,,,
accuracy,Shimla,rainfall,45,,,icon,model,5,mae,0.283519,0.283519,,0.008889,,,,,,1080,,0,,,,
accuracy,Shimla,rainfall,,,,icon,model,5,mae,0.341598,0.341598,,-0.014959,,,,,,1464,,0,,,,
accuracy,Shimla,rainfall,7,,,persistence,baseline,6,mae,0.24881,0.24881,,-0.002381,,,,,,168,,1,,,,
accuracy,Shimla,rainfall,45,,,persistence,baseline,6,mae,0.284074,0.284074,,-0.003704,,,,,,1080,,0,,,,
accuracy,Shimla,rainfall,30,,,persistence,baseline,6,mae,0.288611,0.288611,,-0.003889,,,,,,720,,0,,,,
accuracy,Shimla,rainfall,,,,gfs,model,6,mae,0.347678,0.347678,,-0.057377,,,,,,1464,,0,,,,
accuracy,Shimla,rainfall,7,,,gem,model,7,mae,0.270238,0.270238,,-0.013095,,,,,,168,,1,,,,
accuracy,Shimla,rainfall,30,,,gem,model,7,mae,0.41375,0.41375,,-0.135694,,,,,,720,,0,,,,
accuracy,Shimla,rainfall,45,,,gem,model,7,mae,0.446111,0.446111,,-0.172593,,,,,,1080,,0,,,,
accuracy,Shimla,rainfall,,,,gem,model,7,mae,0.481899,0.481899,,-0.176981,,,,,,1464,,0,,,,
accuracy,Srinagar,rainfall,7,,,ecmwf,model,1,mae,0.002381,0.002381,,0.002381,,,,,,168,,1,,,,
accuracy,Srinagar,rainfall,30,,,ecmwf,model,1,mae,0.041111,0.041111,,0.026667,,,,,,720,,0,,,,
accuracy,Srinagar,rainfall,45,,,ecmwf,model,1,mae,0.054815,0.054815,,0.027593,,,,,,1080,,0,,,,
accuracy,Srinagar,rainfall,,,,ecmwf,model,1,mae,0.108607,0.108607,,0.028825,,,,,,1464,,0,,,,
accuracy,Srinagar,rainfall,7,,,persistence,baseline,2,mae,0.002976,0.002976,,0.001786,,,,,,168,,1,,,,
accuracy,Srinagar,rainfall,30,,,weighted_blend,blend,2,mae,0.080749,0.080749,,-0.022441,,,,,,720,,0,,,,
accuracy,Srinagar,rainfall,45,,,weighted_blend,blend,2,mae,0.109488,0.109488,,-0.030809,,,,,,1080,,0,,,,
accuracy,Srinagar,rainfall,,,,weighted_blend,blend,2,mae,0.169767,0.169767,,-0.012417,,,,,,1464,,0,,,,
accuracy,Srinagar,rainfall,7,,,icon,model,3,mae,0.004762,0.004762,,0.0,,,,,,168,,1,,,,
accuracy,Srinagar,rainfall,30,,,persistence,baseline,3,mae,0.09,0.09,,0.000278,,,,,,720,,0,,,,
accuracy,Srinagar,rainfall,45,,,persistence,baseline,3,mae,0.117685,0.117685,,-0.005833,,,,,,1080,,0,,,,
accuracy,Srinagar,rainfall,,,,equal_avg,baseline,3,mae,0.196619,0.196619,,-0.027288,,,,,,1464,,0,,,,
accuracy,Srinagar,rainfall,7,,,gem,model,4,mae,0.011905,0.011905,,-0.007143,,,,,,168,,1,,,,
accuracy,Srinagar,rainfall,30,,,equal_avg,baseline,4,mae,0.096424,0.096424,,-0.03816,,,,,,720,,0,,,,
accuracy,Srinagar,rainfall,45,,,equal_avg,baseline,4,mae,0.131435,0.131435,,-0.050694,,,,,,1080,,0,,,,
accuracy,Srinagar,rainfall,,,,gem,model,4,mae,0.225683,0.225683,,-0.015574,,,,,,1464,,0,,,,
accuracy,Srinagar,rainfall,7,,,weighted_blend,blend,5,mae,0.018378,0.018378,,-0.013616,,,,,,168,,1,,,,
accuracy,Srinagar,rainfall,30,,,icon,model,5,mae,0.127083,0.127083,,-0.061528,,,,,,720,,0,,,,
accuracy,Srinagar,rainfall,45,,,gem,model,5,mae,0.146852,0.146852,,-0.055926,,,,,,1080,,0,,,,
accuracy,Srinagar,rainfall,,,,persistence,baseline,5,mae,0.229792,0.229792,,0.000208,,,,,,1440,,0,,,,
accuracy,Srinagar,rainfall,7,,,equal_avg,baseline,6,mae,0.024554,0.024554,,-0.019792,,,,,,168,,1,,,,
accuracy,Srinagar,rainfall,30,,,gfs,model,6,mae,0.127778,0.127778,,-0.056111,,,,,,720,,0,,,,
accuracy,Srinagar,rainfall,45,,,icon,model,6,mae,0.166111,0.166111,,-0.076667,,,,,,1080,,0,,,,
accuracy,Srinagar,rainfall,,,,gfs,model,6,mae,0.272883,0.272883,,-0.029577,,,,,,1464,,0,,,,
accuracy,Srinagar,rainfall,7,,,gfs,model,7,mae,0.079167,0.079167,,-0.074405,,,,,,168,,1,,,,
accuracy,Srinagar,rainfall,30,,,gem,model,7,mae,0.131389,0.131389,,-0.061667,,,,,,720,,0,,,,
accuracy,Srinagar,rainfall,45,,,gfs,model,7,mae,0.200556,0.200556,,-0.097778,,,,,,1080,,0,,,,
accuracy,Srinagar,rainfall,,,,icon,model,7,mae,0.273566,0.273566,,-0.092828,,,,,,1464,,0,,,,
accuracy,Surat,rainfall,30,,,ecmwf,model,1,mae,0.103333,0.103333,,-0.013333,,,,,,720,,0,,,,
accuracy,Surat,rainfall,45,,,ecmwf,model,1,mae,0.122593,0.122593,,-0.003148,,,,,,1080,,0,,,,
accuracy,Surat,rainfall,7,,,ecmwf,model,1,mae,0.204762,0.204762,,-0.065476,,,,,,168,,1,,,,
accuracy,Surat,rainfall,,,,ecmwf,model,1,mae,0.261339,0.261339,,-0.002869,,,,,,1464,,0,,,,
accuracy,Surat,rainfall,30,,,weighted_blend,blend,2,mae,0.121469,0.121469,,0.033155,,,,,,720,,0,,,,
accuracy,Surat,rainfall,45,,,weighted_blend,blend,2,mae,0.143518,0.143518,,0.044087,,,,,,1080,,0,,,,
accuracy,Surat,rainfall,7,,,weighted_blend,blend,2,mae,0.262947,0.262947,,0.031589,,,,,,168,,1,,,,
accuracy,Surat,rainfall,,,,weighted_blend,blend,2,mae,0.342896,0.342896,,0.075747,,,,,,1464,,0,,,,
accuracy,Surat,rainfall,30,,,equal_avg,baseline,3,mae,0.136285,0.136285,,0.044757,,,,,,720,,0,,,,
accuracy,Surat,rainfall,45,,,equal_avg,baseline,3,mae,0.158426,0.158426,,0.055463,,,,,,1080,,0,,,,
accuracy,Surat,rainfall,7,,,equal_avg,baseline,3,mae,0.305804,0.305804,,0.056696,,,,,,168,,1,,,,
accuracy,Surat,rainfall,,,,equal_avg,baseline,3,mae,0.400239,0.400239,,0.083982,,,,,,1464,,0,,,,
accuracy,Surat,rainfall,30,,,icon,model,4,mae,0.154306,0.154306,,0.056528,,,,,,720,,0,,,,
accuracy,Surat,rainfall,45,,,icon,model,4,mae,0.181574,0.181574,,0.063611,,,,,,1080,,0,,,,
accuracy,Surat,rainfall,7,,,icon,model,4,mae,0.361905,0.361905,,0.027381,,,,,,168,,1,,,,
accuracy,Surat,rainfall,,,,icon,model,4,mae,0.453142,0.453142,,0.155191,,,,,,1464,,0,,,,
accuracy,Surat,rainfall,30,,,gem,model,5,mae,0.200139,0.200139,,0.096806,,,,,,720,,0,,,,
accuracy,Surat,rainfall,45,,,gem,model,5,mae,0.218056,0.218056,,0.121574,,,,,,1080,,0,,,,
accuracy,Surat,rainfall,7,,,gem,model,5,mae,0.497619,0.497619,,0.242857,,,,,,168,,1,,,,
accuracy,Surat,rainfall,,,,gem,model,5,mae,0.537158,0.537158,,0.270219,,,,,,1464,,0,,,,
accuracy,Surat,rainfall,30,,,gfs,model,6,mae,0.20375,0.20375,,0.039028,,,,,,720,,0,,,,
accuracy,Surat,rainfall,45,,,gfs,model,6,mae,0.227963,0.227963,,0.039815,,,,,,1080,,0,,,,
accuracy,Surat,rainfall,7,,,gfs,model,6,mae,0.520833,0.520833,,0.022024,,,,,,168,,1,,,,
accuracy,Surat,rainfall,,,,gfs,model,6,mae,0.673907,0.673907,,-0.086612,,,,,,1464,,0,,,,
accuracy,Surat,rainfall,30,,,persistence,baseline,7,mae,0.227222,0.227222,,-0.003889,,,,,,720,,0,,,,
accuracy,Surat,rainfall,45,,,persistence,baseline,7,mae,0.260556,0.260556,,-0.009074,,,,,,1080,,0,,,,
accuracy,Surat,rainfall,7,,,persistence,baseline,7,mae,0.629762,0.629762,,0.002381,,,,,,168,,1,,,,
accuracy,Surat,rainfall,,,,persistence,baseline,7,mae,0.734306,0.734306,,-0.003194,,,,,,1440,,0,,,,
accuracy,Thane,rainfall,30,,,ecmwf,model,1,mae,0.130139,0.130139,,-0.000417,,,,,,720,,0,,,,
accuracy,Thane,rainfall,45,,,ecmwf,model,1,mae,0.148704,0.148704,,-0.004815,,,,,,1080,,0,,,,
accuracy,Thane,rainfall,7,,,ecmwf,model,1,mae,0.1625,0.1625,,-0.01131,,,,,,168,,1,,,,
accuracy,Thane,rainfall,,,,ecmwf,model,1,mae,0.228074,0.228074,,-0.009904,,,,,,1464,,0,,,,
accuracy,Thane,rainfall,30,,,weighted_blend,blend,2,mae,0.174836,0.174836,,0.03478,,,,,,720,,0,,,,
accuracy,Thane,rainfall,45,,,weighted_blend,blend,2,mae,0.194681,0.194681,,0.0485,,,,,,1080,,0,,,,
accuracy,Thane,rainfall,7,,,weighted_blend,blend,2,mae,0.258151,0.258151,,-0.033226,,,,,,168,,1,,,,
accuracy,Thane,rainfall,,,,weighted_blend,blend,2,mae,0.310607,0.310607,,0.084596,,,,,,1464,,0,,,,
accuracy,Thane,rainfall,30,,,equal_avg,baseline,3,mae,0.203264,0.203264,,0.041111,,,,,,720,,0,,,,
accuracy,Thane,rainfall,45,,,equal_avg,baseline,3,mae,0.226597,0.226597,,0.062153,,,,,,1080,,0,,,,
accuracy,Thane,rainfall,7,,,icon,model,3,mae,0.274405,0.274405,,0.1375,,,,,,168,,1,,,,
accuracy,Thane,rainfall,,,,equal_avg,baseline,3,mae,0.363012,0.363012,,0.111578,,,,,,1464,,0,,,,
accuracy,Thane,rainfall,30,,,icon,model,4,mae,0.209722,0.209722,,0.142222,,,,,,720,,0,,,,
accuracy,Thane,rainfall,45,,,icon,model,4,mae,0.256481,0.256481,,0.139444,,,,,,1080,,0,,,,
accuracy,Thane,rainfall,7,,,equal_avg,baseline,4,mae,0.310565,0.310565,,-0.050446,,,,,,168,,1,,,,
accuracy,Thane,rainfall,,,,icon,model,4,mae,0.434495,0.434495,,0.202527,,,,,,1464,,0,,,,
accuracy,Thane,rainfall,30,,,gfs,model,5,mae,0.283333,0.283333,,0.018889,,,,,,720,,0,,,,
accuracy,Thane,rainfall,45,,,gfs,model,5,mae,0.309722,0.309722,,0.065833,,,,,,1080,,0,,,,
accuracy,Thane,rainfall,7,,,persistence,baseline,5,mae,0.48869,0.48869,,-0.001786,,,,,,168,,1,,,,
accuracy,Thane,rainfall,,,,gfs,model,5,mae,0.509153,0.509153,,0.134836,,,,,,1464,,0,,,,
accuracy,Thane,rainfall,30,,,persistence,baseline,6,mae,0.299722,0.299722,,-0.010833,,,,,,720,,0,,,,
accuracy,Thane,rainfall,45,,,persistence,baseline,6,mae,0.34963,0.34963,,-0.019259,,,,,,1080,,0,,,,
accuracy,Thane,rainfall,7,,,gfs,model,6,mae,0.490476,0.490476,,-0.163095,,,,,,168,,1,,,,
accuracy,Thane,rainfall,,,,persistence,baseline,6,mae,0.589792,0.589792,,-0.018542,,,,,,1440,,0,,,,
accuracy,Thane,rainfall,30,,,gem,model,7,mae,0.359861,0.359861,,0.00375,,,,,,720,,0,,,,
accuracy,Thane,rainfall,45,,,gem,model,7,mae,0.400556,0.400556,,0.048148,,,,,,1080,,0,,,,
accuracy,Thane,rainfall,7,,,gem,model,7,mae,0.535119,0.535119,,-0.164881,,,,,,168,,1,,,,
accuracy,Thane,rainfall,,,,gem,model,7,mae,0.620765,0.620765,,0.118852,,,,,,1464,,0,,,,
accuracy,Thiruvananthapuram,rainfall,7,,,ecmwf,model,1,mae,0.066667,0.066667,,-0.019048,,,,,,168,,1,,,,
accuracy,Thiruvananthapuram,rainfall,30,,,weighted_blend,blend,1,mae,0.090893,0.090893,,0.00484,,,,,,720,,0,,,,
accuracy,Thiruvananthapuram,rainfall,45,,,ecmwf,model,1,mae,0.119907,0.119907,,-0.028241,,,,,,1080,,0,,,,
accuracy,Thiruvananthapuram,rainfall,,,,ecmwf,model,1,mae,0.13265,0.13265,,-0.019809,,,,,,1464,,0,,,,
accuracy,Thiruvananthapuram,rainfall,7,,,weighted_blend,blend,2,mae,0.067401,0.067401,,0.019758,,,,,,168,,1,,,,
accuracy,Thiruvananthapuram,rainfall,30,,,ecmwf,model,2,mae,0.097222,0.097222,,-0.036667,,,,,,720,,0,,,,
accuracy,Thiruvananthapuram,rainfall,45,,,weighted_blend,blend,2,mae,0.123863,0.123863,,0.025029,,,,,,1080,,0,,,,
accuracy,Thiruvananthapuram,rainfall,,,,weighted_blend,blend,2,mae,0.148592,0.148592,,0.027008,,,,,,1464,,0,,,,
accuracy,Thiruvananthapuram,rainfall,7,,,equal_avg,baseline,3,mae,0.07381,0.07381,,0.025298,,,,,,168,,1,,,,
accuracy,Thiruvananthapuram,rainfall,30,,,equal_avg,baseline,3,mae,0.101389,0.101389,,0.004792,,,,,,720,,0,,,,
accuracy,Thiruvananthapuram,rainfall,45,,,equal_avg,baseline,3,mae,0.135949,0.135949,,0.025532,,,,,,1080,,0,,,,
accuracy,Thiruvananthapuram,rainfall,,,,equal_avg,baseline,3,mae,0.163781,0.163781,,0.026622,,,,,,1464,,0,,,,
accuracy,Thiruvananthapuram,rainfall,7,,,icon,model,4,mae,0.093452,0.093452,,0.054167,,,,,,168,,1,,,,
accuracy,Thiruvananthapuram,rainfall,30,,,icon,model,4,mae,0.108194,0.108194,,0.045694,,,,,,720,,0,,,,
accuracy,Thiruvananthapuram,rainfall,45,,,icon,model,4,mae,0.150556,0.150556,,0.075926,,,,,,1080,,0,,,,
accuracy,Thiruvananthapuram,rainfall,,,,gfs,model,4,mae,0.193169,0.193169,,0.103552,,,,,,1464,,0,,,,
accuracy,Thiruvananthapuram,rainfall,7,,,persistence,baseline,5,mae,0.094643,0.094643,,0.002976,,,,,,168,,1,,,,
accuracy,Thiruvananthapuram,rainfall,30,,,gfs,model,5,mae,0.11125,0.11125,,0.072361,,,,,,720,,0,,,,
accuracy,Thiruvananthapuram,rainfall,45,,,gfs,model,5,mae,0.159352,0.159352,,0.108241,,,,,,1080,,0,,,,
accuracy,Thiruvananthapuram,rainfall,,,,icon,model,5,mae,0.198907,0.198907,,0.07582,,,,,,1464,,0,,,,
accuracy,Thiruvananthapuram,rainfall,7,,,gem,model,6,mae,0.1,0.1,,0.027381,,,,,,168,,1,,,,
accuracy,Thiruvananthapuram,rainfall,30,,,persistence,baseline,6,mae,0.143333,0.143333,,-0.004167,,,,,,720,,0,,,,
accuracy,Thiruvananthapuram,rainfall,45,,,persistence,baseline,6,mae,0.222593,0.222593,,-0.017037,,,,,,1080,,0,,,,
accuracy,Thiruvananthapuram,rainfall,,,,persistence,baseline,6,mae,0.263125,0.263125,,-6.9e-05,,,,,,1440,,0,,,,
accuracy,Thiruvananthapuram,rainfall,7,,,gfs,model,7,mae,0.104167,0.104167,,0.03869,,,,,,168,,1,,,,
accuracy,Thiruvananthapuram,rainfall,30,,,gem,model,7,mae,0.188056,0.188056,,-0.062222,,,,,,720,,0,,,,
accuracy,Thiruvananthapuram,rainfall,45,,,gem,model,7,mae,0.238241,0.238241,,-0.053796,,,,,,1080,,0,,,,
accuracy,Thiruvananthapuram,rainfall,,,,gem,model,7,mae,0.274522,0.274522,,-0.053074,,,,,,1464,,0,,,,
accuracy,Vadodara,rainfall,30,,,ecmwf,model,1,mae,0.093194,0.093194,,0.007639,,,,,,720,,0,,,,
accuracy,Vadodara,rainfall,45,,,ecmwf,model,1,mae,0.093611,0.093611,,0.006389,,,,,,1080,,0,,,,
accuracy,Vadodara,rainfall,,,,ecmwf,model,1,mae,0.180464,0.180464,,0.009699,,,,,,1464,,0,,,,
accuracy,Vadodara,rainfall,7,,,ecmwf,model,1,mae,0.292262,0.292262,,0.041071,,,,,,168,,1,,,,
accuracy,Vadodara,rainfall,30,,,weighted_blend,blend,2,mae,0.104177,0.104177,,0.031737,,,,,,720,,0,,,,
accuracy,Vadodara,rainfall,45,,,weighted_blend,blend,2,mae,0.106212,0.106212,,0.026647,,,,,,1080,,0,,,,
accuracy,Vadodara,rainfall,,,,weighted_blend,blend,2,mae,0.230957,0.230957,,-0.019403,,,,,,1464,,0,,,,
accuracy,Vadodara,rainfall,7,,,weighted_blend,blend,2,mae,0.342425,0.342425,,0.079415,,,,,,168,,1,,,,
accuracy,Vadodara,rainfall,30,,,equal_avg,baseline,3,mae,0.115,0.115,,0.041319,,,,,,720,,0,,,,
accuracy,Vadodara,rainfall,45,,,equal_avg,baseline,3,mae,0.117778,0.117778,,0.033657,,,,,,1080,,0,,,,
accuracy,Vadodara,rainfall,,,,equal_avg,baseline,3,mae,0.268135,0.268135,,-0.038217,,,,,,1464,,0,,,,
accuracy,Vadodara,rainfall,7,,,equal_avg,baseline,3,mae,0.374405,0.374405,,0.097619,,,,,,168,,1,,,,
accuracy,Vadodara,rainfall,30,,,icon,model,4,mae,0.137778,0.137778,,0.074444,,,,,,720,,0,,,,
accuracy,Vadodara,rainfall,45,,,icon,model,4,mae,0.151019,0.151019,,0.047315,,,,,,1080,,0,,,,
accuracy,Vadodara,rainfall,,,,gem,model,4,mae,0.374454,0.374454,,0.001503,,,,,,1464,,0,,,,
accuracy,Vadodara,rainfall,7,,,icon,model,4,mae,0.452976,0.452976,,0.195833,,,,,,168,,1,,,,
accuracy,Vadodara,rainfall,45,,,gfs,model,5,mae,0.1625,0.1625,,0.034352,,,,,,1080,,0,,,,
accuracy,Vadodara,rainfall,30,,,gfs,model,5,mae,0.165417,0.165417,,0.030417,,,,,,720,,0,,,,
accuracy,Vadodara,rainfall,,,,gfs,model,5,mae,0.376844,0.376844,,0.008128,,,,,,1464,,0,,,,
accuracy,Vadodara,rainfall,7,,,gfs,model,5,mae,0.5625,0.5625,,0.008929,,,,,,168,,1,,,,
accuracy,Vadodara,rainfall,45,,,gem,model,6,mae,0.177315,0.177315,,0.046574,,,,,,1080,,0,,,,
accuracy,Vadodara,rainfall,30,,,gem,model,6,mae,0.184444,0.184444,,0.052778,,,,,,720,,0,,,,
accuracy,Vadodara,rainfall,,,,persistence,baseline,6,mae,0.452014,0.452014,,0.000903,,,,,,1440,,0,,,,
accuracy,Vadodara,rainfall,7,,,gem,model,6,mae,0.641071,0.641071,,0.144643,,,,,,168,,1,,,,
accuracy,Vadodara,rainfall,45,,,persistence,baseline,7,mae,0.190833,0.190833,,-0.001759,,,,,,1080,,0,,,,
accuracy,Vadodara,rainfall,30,,,persistence,baseline,7,mae,0.207917,0.207917,,-0.002083,,,,,,720,,0,,,,
accuracy,Vadodara,rainfall,,,,icon,model,7,mae,0.476844,0.476844,,-0.172199,,,,,,1464,,0,,,,
accuracy,Vadodara,rainfall,7,,,persistence,baseline,7,mae,0.685119,0.685119,,0.023214,,,,,,168,,1,,,,
accuracy,Varanasi,rainfall,7,,,ecmwf,model,1,mae,0.108333,0.108333,,0.015476,,,,,,168,,1,,,,
accuracy,Varanasi,rainfall,30,,,ecmwf,model,1,mae,0.306806,0.306806,,-0.028472,,,,,,720,,0,,,,
accuracy,Varanasi,rainfall,,,,ecmwf,model,1,mae,0.308743,0.308743,,0.010383,,,,,,1464,,0,,,,
accuracy,Varanasi,rainfall,45,,,ecmwf,model,1,mae,0.317222,0.317222,,-0.003519,,,,,,1080,,0,,,,
accuracy,Varanasi,rainfall,7,,,persistence,baseline,2,mae,0.15,0.15,,0.045238,,,,,,168,,1,,,,
accuracy,Varanasi,rainfall,,,,weighted_blend,blend,2,mae,0.43706,0.43706,,-0.054435,,,,,,1464,,0,,,,
accuracy,Varanasi,rainfall,45,,,weighted_blend,blend,2,mae,0.446209,0.446209,,-0.071234,,,,,,1080,,0,,,,
accuracy,Varanasi,rainfall,30,,,weighted_blend,blend,2,mae,0.45203,0.45203,,-0.115271,,,,,,720,,0,,,,
accuracy,Varanasi,rainfall,7,,,weighted_blend,blend,3,mae,0.2017,0.2017,,-0.065241,,,,,,168,,1,,,,
accuracy,Varanasi,rainfall,,,,equal_avg,baseline,3,mae,0.488354,0.488354,,-0.083197,,,,,,1464,,0,,,,
accuracy,Varanasi,rainfall,45,,,equal_avg,baseline,3,mae,0.49713,0.49713,,-0.099907,,,,,,1080,,0,,,,
accuracy,Varanasi,rainfall,30,,,equal_avg,baseline,3,mae,0.507465,0.507465,,-0.147396,,,,,,720,,0,,,,
accuracy,Varanasi,rainfall,7,,,equal_avg,baseline,4,mae,0.230506,0.230506,,-0.086458,,,,,,168,,1,,,,
accuracy,Varanasi,rainfall,,,,gfs,model,4,mae,0.553552,0.553552,,0.031694,,,,,,1464,,0,,,,
accuracy,Varanasi,rainfall,30,,,gfs,model,4,mae,0.562083,0.562083,,-0.050139,,,,,,720,,0,,,,
accuracy,Varanasi,rainfall,45,,,gfs,model,4,mae,0.586759,0.586759,,-0.021944,,,,,,1080,,0,,,,
accuracy,Varanasi,rainfall,7,,,gfs,model,5,mae,0.232738,0.232738,,-0.045833,,,,,,168,,1,,,,
accuracy,Varanasi,rainfall,,,,persistence,baseline,5,mae,0.591181,0.591181,,-0.002708,,,,,,1440,,0,,,,
accuracy,Varanasi,rainfall,30,,,persistence,baseline,5,mae,0.603472,0.603472,,-0.052639,,,,,,720,,0,,,,
accuracy,Varanasi,rainfall,45,,,persistence,baseline,5,mae,0.619815,0.619815,,0.004444,,,,,,1080,,0,,,,
accuracy,Varanasi,rainfall,7,,,icon,model,6,mae,0.293452,0.293452,,-0.107738,,,,,,168,,1,,,,
accuracy,Varanasi,rainfall,,,,gem,model,6,mae,0.678893,0.678893,,-0.060724,,,,,,1464,,0,,,,
accuracy,Varanasi,rainfall,45,,,gem,model,6,mae,0.686481,0.686481,,-0.043333,,,,,,1080,,0,,,,
accuracy,Varanasi,rainfall,30,,,icon,model,6,mae,0.727639,0.727639,,-0.345417,,,,,,720,,0,,,,
accuracy,Varanasi,rainfall,7,,,gem,model,7,mae,0.393452,0.393452,,-0.207738,,,,,,168,,1,,,,
accuracy,Varanasi,rainfall,,,,icon,model,7,mae,0.740915,0.740915,,-0.314139,,,,,,1464,,0,,,,
accuracy,Varanasi,rainfall,45,,,icon,model,7,mae,0.746389,0.746389,,-0.330833,,,,,,1080,,0,,,,
accuracy,Varanasi,rainfall,30,,,gem,model,7,mae,0.753333,0.753333,,-0.165556,,,,,,720,,0,,,,
accuracy,Vijayawada,rainfall,45,,,ecmwf,model,1,mae,0.108333,0.108333,,-0.011111,,,,,,1080,,0,,,,
accuracy,Vijayawada,rainfall,30,,,ecmwf,model,1,mae,0.118056,0.118056,,-0.0075,,,,,,720,,0,,,,
accuracy,Vijayawada,rainfall,,,,ecmwf,model,1,mae,0.122883,0.122883,,-0.00362,,,,,,1464,,0,,,,
accuracy,Vijayawada,rainfall,7,,,ecmwf,model,1,mae,0.154167,0.154167,,0.002976,,,,,,168,,1,,,,
accuracy,Vijayawada,rainfall,45,,,weighted_blend,blend,2,mae,0.157337,0.157337,,-0.011043,,,,,,1080,,0,,,,
accuracy,Vijayawada,rainfall,30,,,weighted_blend,blend,2,mae,0.167295,0.167295,,0.002635,,,,,,720,,0,,,,
accuracy,Vijayawada,rainfall,,,,weighted_blend,blend,2,mae,0.167423,0.167423,,0.000571,,,,,,1464,,0,,,,
accuracy,Vijayawada,rainfall,7,,,weighted_blend,blend,2,mae,0.256035,0.256035,,-0.034427,,,,,,168,,1,,,,
accuracy,Vijayawada,rainfall,45,,,equal_avg,baseline,3,mae,0.172037,0.172037,,-0.011481,,,,,,1080,,0,,,,
accuracy,Vijayawada,rainfall,,,,equal_avg,baseline,3,mae,0.182394,0.182394,,0.000939,,,,,,1464,,0,,,,
accuracy,Vijayawada,rainfall,30,,,equal_avg,baseline,3,mae,0.182882,0.182882,,0.004132,,,,,,720,,0,,,,
accuracy,Vijayawada,rainfall,7,,,icon,model,3,mae,0.272619,0.272619,,0.028571,,,,,,168,,1,,,,
accuracy,Vijayawada,rainfall,45,,,gfs,model,4,mae,0.202685,0.202685,,0.006389,,,,,,1080,,0,,,,
accuracy,Vijayawada,rainfall,30,,,gfs,model,4,mae,0.210556,0.210556,,0.027222,,,,,,720,,0,,,,
accuracy,Vijayawada,rainfall,,,,gfs,model,4,mae,0.213456,0.213456,,0.027937,,,,,,1464,,0,,,,
accuracy,Vijayawada,rainfall,7,,,equal_avg,baseline,4,mae,0.285417,0.285417,,-0.045833,,,,,,168,,1,,,,
accuracy,Vijayawada,rainfall,45,,,icon,model,5,mae,0.210093,0.210093,,-0.019722,,,,,,1080,,0,,,,
accuracy,Vijayawada,rainfall,30,,,icon,model,5,mae,0.214444,0.214444,,0.008611,,,,,,720,,0,,,,
accuracy,Vijayawada,rainfall,,,,icon,model,5,mae,0.220765,0.220765,,-0.012158,,,,,,1464,,0,,,,
accuracy,Vijayawada,rainfall,7,,,persistence,baseline,5,mae,0.308333,0.308333,,-0.005952,,,,,,168,,1,,,,
accuracy,Vijayawada,rainfall,45,,,persistence,baseline,6,mae,0.221389,0.221389,,-0.013056,,,,,,1080,,0,,,,
accuracy,Vijayawada,rainfall,,,,persistence,baseline,6,mae,0.237153,0.237153,,-0.006319,,,,,,1440,,0,,,,
accuracy,Vijayawada,rainfall,30,,,persistence,baseline,6,mae,0.239167,0.239167,,-0.0,,,,,,720,,0,,,,
accuracy,Vijayawada,rainfall,7,,,gfs,model,6,mae,0.310714,0.310714,,-0.044048,,,,,,168,,1,,,,
accuracy,Vijayawada,rainfall,45,,,gem,model,7,mae,0.238148,0.238148,,-0.021481,,,,,,1080,,0,,,,
accuracy,Vijayawada,rainfall,30,,,gem,model,7,mae,0.260139,0.260139,,-0.011806,,,,,,720,,0,,,,
accuracy,Vijayawada,rainfall,,,,gem,model,7,mae,0.260724,0.260724,,-0.008402,,,,,,1464,,0,,,,
accuracy,Vijayawada,rainfall,7,,,gem,model,7,mae,0.473214,0.473214,,-0.170833,,,,,,168,,1,,,,
accuracy,Visakhapatnam,rainfall,30,,,ecmwf,model,1,mae,0.203611,0.203611,,-0.016944,,,,,,720,,0,,,,
accuracy,Visakhapatnam,rainfall,,,,ecmwf,model,1,mae,0.236954,0.236954,,-0.013456,,,,,,1464,,0,,,,
accuracy,Visakhapatnam,rainfall,45,,,ecmwf,model,1,mae,0.238241,0.238241,,-0.003056,,,,,,1080,,0,,,,
accuracy,Visakhapatnam,rainfall,7,,,ecmwf,model,1,mae,0.278571,0.278571,,-0.007143,,,,,,168,,1,,,,
accuracy,Visakhapatnam,rainfall,30,,,weighted_blend,blend,2,mae,0.233373,0.233373,,0.103222,,,,,,720,,0,,,,
accuracy,Visakhapatnam,rainfall,,,,weighted_blend,blend,2,mae,0.251684,0.251684,,0.125236,,,,,,1464,,0,,,,
accuracy,Visakhapatnam,rainfall,45,,,weighted_blend,blend,2,mae,0.25205,0.25205,,0.122099,,,,,,1080,,0,,,,
accuracy,Visakhapatnam,rainfall,7,,,weighted_blend,blend,2,mae,0.405218,0.405218,,0.069239,,,,,,168,,1,,,,
accuracy,Visakhapatnam,rainfall,30,,,equal_avg,baseline,3,mae,0.240243,0.240243,,0.111632,,,,,,720,,0,,,,
accuracy,Visakhapatnam,rainfall,45,,,equal_avg,baseline,3,mae,0.257292,0.257292,,0.130856,,,,,,1080,,0,,,,
accuracy,Visakhapatnam,rainfall,,,,equal_avg,baseline,3,mae,0.257462,0.257462,,0.134887,,,,,,1464,,0,,,,
accuracy,Visakhapatnam,rainfall,7,,,equal_avg,baseline,3,mae,0.419792,0.419792,,0.074554,,,,,,168,,1,,,,
accuracy,Visakhapatnam,rainfall,30,,,icon,model,4,mae,0.306667,0.306667,,0.141667,,,,,,720,,0,,,,
accuracy,Visakhapatnam,rainfall,45,,,icon,model,4,mae,0.315556,0.315556,,0.168704,,,,,,1080,,0,,,,
accuracy,Visakhapatnam,rainfall,,,,gfs,model,4,mae,0.322883,0.322883,,0.224522,,,,,,1464,,0,,,,
accuracy,Visakhapatnam,rainfall,7,,,icon,model,4,mae,0.504762,0.504762,,0.134524,,,,,,168,,1,,,,
accuracy,Visakhapatnam,rainfall,30,,,gfs,model,5,mae,0.319583,0.319583,,0.18125,,,,,,720,,0,,,,
accuracy,Visakhapatnam,rainfall,,,,icon,model,5,mae,0.325,0.325,,0.162432,,,,,,1464,,0,,,,
accuracy,Visakhapatnam,rainfall,45,,,gfs,model,5,mae,0.331574,0.331574,,0.211574,,,,,,1080,,0,,,,
accuracy,Visakhapatnam,rainfall,7,,,gfs,model,5,mae,0.627381,0.627381,,0.17619,,,,,,168,,1,,,,
accuracy,Visakhapatnam,rainfall,45,,,gem,model,6,mae,0.3475,0.3475,,0.146204,,,,,,1080,,0,,,,
accuracy,Visakhapatnam,rainfall,,,,gem,model,6,mae,0.347883,0.347883,,0.166052,,,,,,1464,,0,,,,
accuracy,Visakhapatnam,rainfall,30,,,gem,model,6,mae,0.348611,0.348611,,0.140556,,,,,,720,,0,,,,
accuracy,Visakhapatnam,rainfall,7,,,gem,model,6,mae,0.801786,0.801786,,-0.005357,,,,,,168,,1,,,,
accuracy,Visakhapatnam,rainfall,30,,,persistence,baseline,7,mae,0.455833,0.455833,,-0.002222,,,,,,720,,0,,,,
accuracy,Visakhapatnam,rainfall,,,,persistence,baseline,7,mae,0.458889,0.458889,,-0.001111,,,,,,1440,,0,,,,
accuracy,Visakhapatnam,rainfall,45,,,persistence,baseline,7,mae,0.463704,0.463704,,-0.006852,,,,,,1080,,0,,,,
accuracy,Visakhapatnam,rainfall,7,,,persistence,baseline,7,mae,0.82381,0.82381,,-0.008333,,,,,,168,,1,,,,
accuracy,Agartala,temperature,45,,,ecmwf,model,1,mae,0.422685,0.422685,,-0.286574,,,,,,1080,,0,,,,
accuracy,Agartala,temperature,,,,ecmwf,model,1,mae,0.426025,0.426025,,-0.273975,,,,,,1464,,0,,,,
accuracy,Agartala,temperature,30,,,ecmwf,model,1,mae,0.426528,0.426528,,-0.291528,,,,,,720,,0,,,,
accuracy,Agartala,temperature,7,,,ecmwf,model,1,mae,0.447024,0.447024,,-0.245833,,,,,,168,,1,,,,
accuracy,Agartala,temperature,30,,,weighted_blend,blend,2,mae,0.466019,0.466019,,-0.213656,,,,,,720,,0,,,,
accuracy,Agartala,temperature,45,,,weighted_blend,blend,2,mae,0.467006,0.467006,,-0.204013,,,,,,1080,,0,,,,
accuracy,Agartala,temperature,,,,weighted_blend,blend,2,mae,0.470374,0.470374,,-0.174744,,,,,,1464,,0,,,,
accuracy,Agartala,temperature,7,,,weighted_blend,blend,2,mae,0.502578,0.502578,,-0.311224,,,,,,168,,1,,,,
accuracy,Agartala,temperature,30,,,equal_avg,baseline,3,mae,0.541458,0.541458,,-0.214792,,,,,,720,,0,,,,
accuracy,Agartala,temperature,45,,,equal_avg,baseline,3,mae,0.543079,0.543079,,-0.204468,,,,,,1080,,0,,,,
accuracy,Agartala,temperature,,,,equal_avg,baseline,3,mae,0.54877,0.54877,,-0.171175,,,,,,1464,,0,,,,
accuracy,Agartala,temperature,7,,,equal_avg,baseline,3,mae,0.580952,0.580952,,-0.356548,,,,,,168,,1,,,,
accuracy,Agartala,temperature,7,,,gfs,model,4,mae,0.8375,0.8375,,0.002976,,,,,,168,,1,,,,
accuracy,Agartala,temperature,45,,,gfs,model,4,mae,0.889444,0.889444,,0.293148,,,,,,1080,,0,,,,
accuracy,Agartala,temperature,30,,,gfs,model,4,mae,0.897361,0.897361,,0.260972,,,,,,720,,0,,,,
accuracy,Agartala,temperature,,,,gfs,model,4,mae,0.911612,0.911612,,0.368579,,,,,,1464,,0,,,,
accuracy,Agartala,temperature,30,,,persistence,baseline,5,mae,0.976806,0.976806,,0.048194,,,,,,720,,0,,,,
accuracy,Agartala,temperature,45,,,persistence,baseline,5,mae,1.00287,1.00287,,0.006944,,,,,,1080,,0,,,,
accuracy,Agartala,temperature,,,,persistence,baseline,5,mae,1.021667,1.021667,,-0.003611,,,,,,1440,,0,,,,
accuracy,Agartala,temperature,7,,,persistence,baseline,5,mae,1.024405,1.024405,,0.081548,,,,,,168,,1,,,,
accuracy,Agartala,temperature,,,,gem,model,6,mae,1.025615,1.025615,,0.17821,,,,,,1464,,0,,,,
accuracy,Agartala,temperature,45,,,gem,model,6,mae,1.03,1.03,,0.140741,,,,,,1080,,0,,,,
accuracy,Agartala,temperature,30,,,gem,model,6,mae,1.055833,1.055833,,0.129167,,,,,,720,,0,,,,
accuracy,Agartala,temperature,7,,,gem,model,6,mae,1.193452,1.193452,,-0.11131,,,,,,168,,1,,,,
accuracy,Agartala,temperature,30,,,icon,model,7,mae,1.099167,1.099167,,-0.957778,,,,,,720,,0,,,,
accuracy,Agartala,temperature,,,,icon,model,7,mae,1.110656,1.110656,,-0.957514,,,,,,1464,,0,,,,
accuracy,Agartala,temperature,45,,,icon,model,7,mae,1.115,1.115,,-0.965185,,,,,,1080,,0,,,,
accuracy,Agartala,temperature,7,,,icon,model,7,mae,1.227976,1.227976,,-1.072024,,,,,,168,,1,,,,
accuracy,Agra,temperature,7,,,ecmwf,model,1,mae,0.335714,0.335714,,-0.136905,,,,,,168,,1,,,,
accuracy,Agra,temperature,30,,,ecmwf,model,1,mae,0.362361,0.362361,,-0.15375,,,,,,720,,0,,,,
accuracy,Agra,temperature,45,,,ecmwf,model,1,mae,0.364259,0.364259,,-0.125556,,,,,,1080,,0,,,,
accuracy,Agra,temperature,,,,ecmwf,model,1,mae,0.369604,0.369604,,-0.113866,,,,,,1464,,0,,,,
accuracy,Agra,temperature,7,,,weighted_blend,blend,2,mae,0.383664,0.383664,,-0.09846,,,,,,168,,1,,,,
accuracy,Agra,temperature,30,,,weighted_blend,blend,2,mae,0.439229,0.439229,,-0.099545,,,,,,720,,0,,,,
accuracy,Agra,temperature,45,,,weighted_blend,blend,2,mae,0.45225,0.45225,,-0.116357,,,,,,1080,,0,,,,
accuracy,Agra,temperature,,,,weighted_blend,blend,2,mae,0.463841,0.463841,,-0.118,,,,,,1464,,0,,,,
accuracy,Agra,temperature,7,,,equal_avg,baseline,3,mae,0.532143,0.532143,,-0.073512,,,,,,168,,1,,,,
accuracy,Agra,temperature,30,,,equal_avg,baseline,3,mae,0.608854,0.608854,,-0.086007,,,,,,720,,0,,,,
accuracy,Agra,temperature,45,,,equal_avg,baseline,3,mae,0.645116,0.645116,,-0.151597,,,,,,1080,,0,,,,
accuracy,Agra,temperature,,,,equal_avg,baseline,3,mae,0.657292,0.657292,,-0.187449,,,,,,1464,,0,,,,
accuracy,Agra,temperature,30,,,icon,model,4,mae,0.759861,0.759861,,-0.285417,,,,,,720,,0,,,,
accuracy,Agra,temperature,45,,,icon,model,4,mae,0.79787,0.79787,,-0.26287,,,,,,1080,,0,,,,
accuracy,Agra,temperature,7,,,icon,model,4,mae,0.801786,0.801786,,-0.327976,,,,,,168,,1,,,,
accuracy,Agra,temperature,,,,icon,model,4,mae,0.834699,0.834699,,-0.201093,,,,,,1464,,0,,,,
accuracy,Agra,temperature,30,,,persistence,baseline,5,mae,1.047778,1.047778,,-0.009167,,,,,,720,,0,,,,
accuracy,Agra,temperature,45,,,persistence,baseline,5,mae,1.126852,1.126852,,-0.011481,,,,,,1080,,0,,,,
accuracy,Agra,temperature,7,,,persistence,baseline,5,mae,1.160119,1.160119,,-0.0125,,,,,,168,,1,,,,
accuracy,Agra,temperature,,,,persistence,baseline,5,mae,1.216667,1.216667,,-0.069722,,,,,,1440,,0,,,,
accuracy,Agra,temperature,7,,,gfs,model,6,mae,1.270238,1.270238,,-1.082143,,,,,,168,,1,,,,
accuracy,Agra,temperature,,,,gem,model,6,mae,1.601161,1.601161,,1.164413,,,,,,1464,,0,,,,
accuracy,Agra,temperature,45,,,gem,model,6,mae,1.605556,1.605556,,1.207778,,,,,,1080,,0,,,,
accuracy,Agra,temperature,30,,,gfs,model,6,mae,1.620694,1.620694,,-1.350417,,,,,,720,,0,,,,
accuracy,Agra,temperature,7,,,gem,model,7,mae,1.531548,1.531548,,1.252976,,,,,,168,,1,,,,
accuracy,Agra,temperature,30,,,gem,model,7,mae,1.686389,1.686389,,1.445556,,,,,,720,,0,,,,
accuracy,Agra,temperature,45,,,gfs,model,7,mae,1.776852,1.776852,,-1.425741,,,,,,1080,,0,,,,
accuracy,Agra,temperature,,,,gfs,model,7,mae,1.885041,1.885041,,-1.599249,,,,,,1464,,0,,,,
accuracy,Ahmedabad,temperature,45,,,equal_avg,baseline,1,mae,0.46456,0.46456,,0.108773,,,,,,1080,,0,,,,
accuracy,Ahmedabad,temperature,,,,weighted_blend,blend,1,mae,0.464601,0.464601,,0.187877,,,,,,1464,,0,,,,
accuracy,Ahmedabad,temperature,30,,,equal_avg,baseline,1,mae,0.479722,0.479722,,0.240833,,,,,,720,,0,,,,
accuracy,Ahmedabad,temperature,7,,,weighted_blend,blend,1,mae,0.551703,0.551703,,0.342178,,,,,,168,,1,,,,
accuracy,Ahmedabad,temperature,45,,,weighted_blend,blend,2,mae,0.471866,0.471866,,0.256489,,,,,,1080,,0,,,,
accuracy,Ahmedabad,temperature,,,,equal_avg,baseline,2,mae,0.489464,0.489464,,0.064839,,,,,,1464,,0,,,,
accuracy,Ahmedabad,temperature,30,,,weighted_blend,blend,2,mae,0.538808,0.538808,,0.413834,,,,,,720,,0,,,,
accuracy,Ahmedabad,temperature,7,,,equal_avg,baseline,2,mae,0.582589,0.582589,,0.263542,,,,,,168,,1,,,,
accuracy,Ahmedabad,temperature,,,,ecmwf,model,3,mae,0.567077,0.567077,,0.42582,,,,,,1464,,0,,,,
accuracy,Ahmedabad,temperature,45,,,ecmwf,model,3,mae,0.634722,0.634722,,0.559352,,,,,,1080,,0,,,,
accuracy,Ahmedabad,temperature,7,,,ecmwf,model,3,mae,0.642262,0.642262,,0.58631,,,,,,168,,1,,,,
accuracy,Ahmedabad,temperature,30,,,icon,model,3,mae,0.691806,0.691806,,0.270417,,,,,,720,,0,,,,
accuracy,Ahmedabad,temperature,45,,,icon,model,4,mae,0.661944,0.661944,,0.090833,,,,,,1080,,0,,,,
accuracy,Ahmedabad,temperature,,,,icon,model,4,mae,0.67862,0.67862,,0.027527,,,,,,1464,,0,,,,
accuracy,Ahmedabad,temperature,30,,,persistence,baseline,4,mae,0.725139,0.725139,,-0.01625,,,,,,720,,0,,,,
accuracy,Ahmedabad,temperature,7,,,icon,model,4,mae,0.861905,0.861905,,0.027381,,,,,,168,,1,,,,
accuracy,Ahmedabad,temperature,45,,,persistence,baseline,5,mae,0.76037,0.76037,,-0.006296,,,,,,1080,,0,,,,
accuracy,Ahmedabad,temperature,30,,,ecmwf,model,5,mae,0.805417,0.805417,,0.774028,,,,,,720,,0,,,,
accuracy,Ahmedabad,temperature,,,,persistence,baseline,5,mae,0.865139,0.865139,,-0.052361,,,,,,1440,,0,,,,
accuracy,Ahmedabad,temperature,7,,,gfs,model,5,mae,0.935119,0.935119,,-0.493452,,,,,,168,,1,,,,
accuracy,Ahmedabad,temperature,30,,,gem,model,6,mae,0.889444,0.889444,,0.596944,,,,,,720,,0,,,,
accuracy,Ahmedabad,temperature,45,,,gem,model,6,mae,0.983981,0.983981,,0.694907,,,,,,1080,,0,,,,
accuracy,Ahmedabad,temperature,,,,gem,model,6,mae,1.114481,1.114481,,0.823224,,,,,,1464,,0,,,,
accuracy,Ahmedabad,temperature,7,,,gem,model,6,mae,1.247024,1.247024,,0.933929,,,,,,168,,1,,,,
accuracy,Ahmedabad,temperature,30,,,gfs,model,7,mae,1.015,1.015,,-0.678056,,,,,,720,,0,,,,
accuracy,Ahmedabad,temperature,45,,,gfs,model,7,mae,1.17963,1.17963,,-0.91,,,,,,1080,,0,,,,
accuracy,Ahmedabad,temperature,,,,gfs,model,7,mae,1.271175,1.271175,,-1.017213,,,,,,1464,,0,,,,
accuracy,Ahmedabad,temperature,7,,,persistence,baseline,7,mae,1.485119,1.485119,,-0.356548,,,,,,168,,1,,,,
accuracy,Amritsar,temperature,,,,ecmwf,model,1,mae,0.457855,0.457855,,0.194604,,,,,,1464,,0,,,,
accuracy,Amritsar,temperature,45,,,ecmwf,model,1,mae,0.479444,0.479444,,0.257407,,,,,,1080,,0,,,,
accuracy,Amritsar,temperature,30,,,ecmwf,model,1,mae,0.517083,0.517083,,0.31375,,,,,,720,,0,,,,
accuracy,Amritsar,temperature,7,,,ecmwf,model,1,mae,0.535714,0.535714,,0.328571,,,,,,168,,1,,,,
accuracy,Amritsar,temperature,45,,,weighted_blend,blend,2,mae,0.518914,0.518914,,-0.131408,,,,,,1080,,0,,,,
accuracy,Amritsar,temperature,,,,weighted_blend,blend,2,mae,0.537576,0.537576,,-0.16338,,,,,,1464,,0,,,,
accuracy,Amritsar,temperature,30,,,weighted_blend,blend,2,mae,0.550946,0.550946,,-0.163865,,,,,,720,,0,,,,
accuracy,Amritsar,temperature,7,,,weighted_blend,blend,2,mae,0.635171,0.635171,,-0.240507,,,,,,168,,1,,,,
accuracy,Amritsar,temperature,45,,,equal_avg,baseline,3,mae,0.814167,0.814167,,-0.393935,,,,,,1080,,0,,,,
accuracy,Amritsar,temperature,,,,equal_avg,baseline,3,mae,0.849795,0.849795,,-0.430772,,,,,,1464,,0,,,,
accuracy,Amritsar,temperature,30,,,persistence,baseline,3,mae,0.878611,0.878611,,-0.041111,,,,,,720,,0,,,,
accuracy,Amritsar,temperature,7,,,persistence,baseline,3,mae,0.966667,0.966667,,-0.322619,,,,,,168,,1,,,,
accuracy,Amritsar,temperature,30,,,equal_avg,baseline,4,mae,0.882396,0.882396,,-0.459618,,,,,,720,,0,,,,
accuracy,Amritsar,temperature,45,,,persistence,baseline,4,mae,1.018056,1.018056,,-0.050278,,,,,,1080,,0,,,,
accuracy,Amritsar,temperature,7,,,equal_avg,baseline,4,mae,1.024107,1.024107,,-0.630952,,,,,,168,,1,,,,
accuracy,Amritsar,temperature,,,,icon,model,4,mae,1.065437,1.065437,,-0.783333,,,,,,1464,,0,,,,
accuracy,Amritsar,temperature,45,,,icon,model,5,mae,1.092685,1.092685,,-0.8175,,,,,,1080,,0,,,,
accuracy,Amritsar,temperature,7,,,icon,model,5,mae,1.15119,1.15119,,-0.978571,,,,,,168,,1,,,,
accuracy,Amritsar,temperature,30,,,icon,model,5,mae,1.171806,1.171806,,-0.965694,,,,,,720,,0,,,,
accuracy,Amritsar,temperature,,,,persistence,baseline,5,mae,1.185972,1.185972,,-0.075972,,,,,,1440,,0,,,,
accuracy,Amritsar,temperature,45,,,gem,model,6,mae,1.400093,1.400093,,0.205278,,,,,,1080,,0,,,,
accuracy,Amritsar,temperature,30,,,gem,model,6,mae,1.409167,1.409167,,-0.023611,,,,,,720,,0,,,,
accuracy,Amritsar,temperature,,,,gem,model,6,mae,1.413115,1.413115,,0.305464,,,,,,1464,,0,,,,
accuracy,Amritsar,temperature,7,,,gem,model,6,mae,1.675,1.675,,-0.244048,,,,,,168,,1,,,,
accuracy,Amritsar,temperature,30,,,gfs,model,7,mae,1.967361,1.967361,,-1.162917,,,,,,720,,0,,,,
accuracy,Amritsar,temperature,45,,,gfs,model,7,mae,1.975556,1.975556,,-1.220926,,,,,,1080,,0,,,,
accuracy,Amritsar,temperature,,,,gfs,model,7,mae,2.134495,2.134495,,-1.439822,,,,,,1464,,0,,,,
accuracy,Amritsar,temperature,7,,,gfs,model,7,mae,2.267857,2.267857,,-1.629762,,,,,,168,,1,,,,
accuracy,Bengaluru,temperature,45,,,ecmwf,model,1,mae,0.471574,0.471574,,-0.00213,,,,,,1080,,0,,,,
accuracy,Bengaluru,temperature,,,,ecmwf,model,1,mae,0.482514,0.482514,,-0.108333,,,,,,1464,,0,,,,
accuracy,Bengaluru,temperature,30,,,weighted_blend,blend,1,mae,0.500335,0.500335,,-0.115099,,,,,,720,,0,,,,
accuracy,Bengaluru,temperature,7,,,weighted_blend,blend,1,mae,0.588261,0.588261,,0.060178,,,,,,168,,1,,,,
accuracy,Bengaluru,temperature,45,,,weighted_blend,blend,2,mae,0.48872,0.48872,,-0.166924,,,,,,1080,,0,,,,
accuracy,Bengaluru,temperature,,,,weighted_blend,blend,2,mae,0.496075,0.496075,,-0.212722,,,,,,1464,,0,,,,
accuracy,Bengaluru,temperature,30,,,ecmwf,model,2,mae,0.501806,0.501806,,0.095139,,,,,,720,,0,,,,
accuracy,Bengaluru,temperature,7,,,ecmwf,model,2,mae,0.619643,0.619643,,0.31131,,,,,,168,,1,,,,
accuracy,Bengaluru,temperature,45,,,equal_avg,baseline,3,mae,0.559468,0.559468,,-0.241412,,,,,,1080,,0,,,,
accuracy,Bengaluru,temperature,,,,equal_avg,baseline,3,mae,0.566803,0.566803,,-0.261749,,,,,,1464,,0,,,,
accuracy,Bengaluru,temperature,30,,,equal_avg,baseline,3,mae,0.569271,0.569271,,-0.208368,,,,,,720,,0,,,,
accuracy,Bengaluru,temperature,7,,,equal_avg,baseline,3,mae,0.624405,0.624405,,-0.050298,,,,,,168,,1,,,,
accuracy,Bengaluru,temperature,,,,icon,model,4,mae,0.803893,0.803893,,-0.29556,,,,,,1464,,0,,,,
accuracy,Bengaluru,temperature,45,,,icon,model,4,mae,0.8075,0.8075,,-0.231019,,,,,,1080,,0,,,,
accuracy,Bengaluru,temperature,30,,,persistence,baseline,4,mae,0.838333,0.838333,,0.041111,,,,,,720,,0,,,,
accuracy,Bengaluru,temperature,7,,,icon,model,4,mae,0.9125,0.9125,,-0.102976,,,,,,168,,1,,,,
accuracy,Bengaluru,temperature,45,,,persistence,baseline,5,mae,0.813426,0.813426,,0.026019,,,,,,1080,,0,,,,
accuracy,Bengaluru,temperature,30,,,icon,model,5,mae,0.846944,0.846944,,-0.191111,,,,,,720,,0,,,,
accuracy,Bengaluru,temperature,,,,persistence,baseline,5,mae,0.869167,0.869167,,0.044167,,,,,,1440,,0,,,,
accuracy,Bengaluru,temperature,7,,,persistence,baseline,5,mae,1.072024,1.072024,,-0.008929,,,,,,168,,1,,,,
accuracy,Bengaluru,temperature,,,,gem,model,6,mae,1.083607,1.083607,,0.41735,,,,,,1464,,0,,,,
accuracy,Bengaluru,temperature,45,,,gem,model,6,mae,1.109444,1.109444,,0.42963,,,,,,1080,,0,,,,
accuracy,Bengaluru,temperature,30,,,gem,model,6,mae,1.122639,1.122639,,0.554583,,,,,,720,,0,,,,
accuracy,Bengaluru,temperature,7,,,gem,model,6,mae,1.414881,1.414881,,1.1375,,,,,,168,,1,,,,
accuracy,Bengaluru,temperature,,,,gfs,model,7,mae,1.266598,1.266598,,-1.060451,,,,,,1464,,0,,,,
accuracy,Bengaluru,temperature,45,,,gfs,model,7,mae,1.304722,1.304722,,-1.16213,,,,,,1080,,0,,,,
accuracy,Bengaluru,temperature,30,,,gfs,model,7,mae,1.420694,1.420694,,-1.292083,,,,,,720,,0,,,,
accuracy,Bengaluru,temperature,7,,,gfs,model,7,mae,1.691071,1.691071,,-1.547024,,,,,,168,,1,,,,
accuracy,Bhopal,temperature,30,,,ecmwf,model,1,mae,0.267083,0.267083,,0.099583,,,,,,720,,0,,,,
accuracy,Bhopal,temperature,45,,,ecmwf,model,1,mae,0.279074,0.279074,,0.110926,,,,,,1080,,0,,,,
accuracy,Bhopal,temperature,7,,,ecmwf,model,1,mae,0.282738,0.282738,,0.0625,,,,,,168,,1,,,,
accuracy,Bhopal,temperature,,,,ecmwf,model,1,mae,0.296448,0.296448,,0.113251,,,,,,1464,,0,,,,
accuracy,Bhopal,temperature,7,,,weighted_blend,blend,2,mae,0.317819,0.317819,,0.075992,,,,,,168,,1,,,,
accuracy,Bhopal,temperature,45,,,weighted_blend,blend,2,mae,0.377941,0.377941,,0.184152,,,,,,1080,,0,,,,
accuracy,Bhopal,temperature,30,,,weighted_blend,blend,2,mae,0.383684,0.383684,,0.222359,,,,,,720,,0,,,,
accuracy,Bhopal,temperature,,,,weighted_blend,blend,2,mae,0.4082,0.4082,,0.186193,,,,,,1464,,0,,,,
accuracy,Bhopal,temperature,7,,,equal_avg,baseline,3,mae,0.392262,0.392262,,0.108929,,,,,,168,,1,,,,
accuracy,Bhopal,temperature,45,,,equal_avg,baseline,3,mae,0.484398,0.484398,,0.2325,,,,,,1080,,0,,,,
accuracy,Bhopal,temperature,30,,,equal_avg,baseline,3,mae,0.497326,0.497326,,0.297118,,,,,,720,,0,,,,
accuracy,Bhopal,temperature,,,,equal_avg,baseline,3,mae,0.523463,0.523463,,0.232343,,,,,,1464,,0,,,,
accuracy,Bhopal,temperature,45,,,icon,model,4,mae,0.6825,0.6825,,-0.038426,,,,,,1080,,0,,,,
accuracy,Bhopal,temperature,30,,,icon,model,4,mae,0.706667,0.706667,,-0.026111,,,,,,720,,0,,,,
accuracy,Bhopal,temperature,7,,,icon,model,4,mae,0.740476,0.740476,,-0.411905,,,,,,168,,1,,,,
accuracy,Bhopal,temperature,,,,icon,model,4,mae,0.752732,0.752732,,-0.019126,,,,,,1464,,0,,,,
accuracy,Bhopal,temperature,45,,,persistence,baseline,5,mae,0.765093,0.765093,,0.003056,,,,,,1080,,0,,,,
accuracy,Bhopal,temperature,30,,,persistence,baseline,5,mae,0.784583,0.784583,,0.054306,,,,,,720,,0,,,,
accuracy,Bhopal,temperature,,,,persistence,baseline,5,mae,0.804653,0.804653,,-0.039792,,,,,,1440,,0,,,,
accuracy,Bhopal,temperature,7,,,gem,model,5,mae,0.809524,0.809524,,0.22619,,,,,,168,,1,,,,
accuracy,Bhopal,temperature,45,,,gem,model,6,mae,0.834537,0.834537,,0.315278,,,,,,1080,,0,,,,
accuracy,Bhopal,temperature,7,,,gfs,model,6,mae,0.842262,0.842262,,0.558929,,,,,,168,,1,,,,
accuracy,Bhopal,temperature,30,,,gem,model,6,mae,0.857778,0.857778,,0.376944,,,,,,720,,0,,,,
accuracy,Bhopal,temperature,,,,gem,model,6,mae,0.878689,0.878689,,0.396995,,,,,,1464,,0,,,,
accuracy,Bhopal,temperature,45,,,gfs,model,7,mae,0.917593,0.917593,,0.542222,,,,,,1080,,0,,,,
accuracy,Bhopal,temperature,7,,,persistence,baseline,7,mae,0.933929,0.933929,,0.004167,,,,,,168,,1,,,,
accuracy,Bhopal,temperature,,,,gfs,model,7,mae,0.949454,0.949454,,0.438251,,,,,,1464,,0,,,,
accuracy,Bhopal,temperature,30,,,gfs,model,7,mae,0.957778,0.957778,,0.738056,,,,,,720,,0,,,,
accuracy,Bhubaneswar,temperature,,,,ecmwf,model,1,mae,0.353005,0.353005,,0.025546,,,,,,1464,,0,,,,
accuracy,Bhubaneswar,temperature,45,,,ecmwf,model,1,mae,0.363426,0.363426,,0.033241,,,,,,1080,,0,,,,
accuracy,Bhubaneswar,temperature,30,,,ecmwf,model,1,mae,0.363611,0.363611,,0.033333,,,,,,720,,0,,,,
accuracy,Bhubaneswar,temperature,7,,,ecmwf,model,1,mae,0.424405,0.424405,,0.123214,,,,,,168,,1,,,,
accuracy,Bhubaneswar,temperature,,,,weighted_blend,blend,2,mae,0.462616,0.462616,,-0.11932,,,,,,1464,,0,,,,
accuracy,Bhubaneswar,temperature,45,,,weighted_blend,blend,2,mae,0.470199,0.470199,,-0.123788,,,,,,1080,,0,,,,
accuracy,Bhubaneswar,temperature,30,,,weighted_blend,blend,2,mae,0.476776,0.476776,,-0.113844,,,,,,720,,0,,,,
accuracy,Bhubaneswar,temperature,7,,,weighted_blend,blend,2,mae,0.493128,0.493128,,-0.047291,,,,,,168,,1,,,,
accuracy,Bhubaneswar,temperature,,,,equal_avg,baseline,3,mae,0.612483,0.612483,,-0.158794,,,,,,1464,,0,,,,
accuracy,Bhubaneswar,temperature,45,,,equal_avg,baseline,3,mae,0.620301,0.620301,,-0.164931,,,,,,1080,,0,,,,
accuracy,Bhubaneswar,temperature,30,,,equal_avg,baseline,3,mae,0.629722,0.629722,,-0.151181,,,,,,720,,0,,,,
accuracy,Bhubaneswar,temperature,7,,,equal_avg,baseline,3,mae,0.641815,0.641815,,-0.097173,,,,,,168,,1,,,,
accuracy,Bhubaneswar,temperature,7,,,icon,model,4,mae,0.768452,0.768452,,-0.470833,,,,,,168,,1,,,,
accuracy,Bhubaneswar,temperature,,,,icon,model,4,mae,0.812227,0.812227,,-0.490232,,,,,,1464,,0,,,,
accuracy,Bhubaneswar,temperature,30,,,icon,model,4,mae,0.821389,0.821389,,-0.547222,,,,,,720,,0,,,,
accuracy,Bhubaneswar,temperature,45,,,icon,model,4,mae,0.825648,0.825648,,-0.5575,,,,,,1080,,0,,,,
accuracy,Bhubaneswar,temperature,7,,,gfs,model,5,mae,0.980357,0.980357,,-0.606548,,,,,,168,,1,,,,
accuracy,Bhubaneswar,temperature,30,,,gfs,model,5,mae,1.00625,1.00625,,-0.451806,,,,,,720,,0,,,,
accuracy,Bhubaneswar,temperature,45,,,persistence,baseline,5,mae,1.043796,1.043796,,-0.003611,,,,,,1080,,0,,,,
accuracy,Bhubaneswar,temperature,,,,persistence,baseline,5,mae,1.081389,1.081389,,0.024722,,,,,,1440,,0,,,,
accuracy,Bhubaneswar,temperature,7,,,persistence,baseline,6,mae,1.054762,1.054762,,0.147619,,,,,,168,,1,,,,
accuracy,Bhubaneswar,temperature,30,,,persistence,baseline,6,mae,1.070972,1.070972,,0.045694,,,,,,720,,0,,,,
accuracy,Bhubaneswar,temperature,45,,,gfs,model,6,mae,1.108704,1.108704,,-0.605,,,,,,1080,,0,,,,
accuracy,Bhubaneswar,temperature,,,,gfs,model,6,mae,1.128825,1.128825,,-0.676093,,,,,,1464,,0,,,,
accuracy,Bhubaneswar,temperature,,,,gem,model,7,mae,1.257787,1.257787,,0.505601,,,,,,1464,,0,,,,
accuracy,Bhubaneswar,temperature,30,,,gem,model,7,mae,1.271528,1.271528,,0.360972,,,,,,720,,0,,,,
accuracy,Bhubaneswar,temperature,45,,,gem,model,7,mae,1.301759,1.301759,,0.469537,,,,,,1080,,0,,,,
accuracy,Bhubaneswar,temperature,7,,,gem,model,7,mae,1.395238,1.395238,,0.565476,,,,,,168,,1,,,,
accuracy,Chandigarh,temperature,,,,ecmwf,model,1,mae,0.392418,0.392418,,-0.172883,,,,,,1464,,0,,,,
accuracy,Chandigarh,temperature,30,,,ecmwf,model,1,mae,0.400278,0.400278,,-0.200278,,,,,,720,,0,,,,
accuracy,Chandigarh,temperature,45,,,ecmwf,model,1,mae,0.401204,0.401204,,-0.188056,,,,,,1080,,0,,,,
accuracy,Chandigarh,temperature,7,,,ecmwf,model,1,mae,0.506548,0.506548,,-0.255357,,,,,,168,,1,,,,
accuracy,Chandigarh,temperature,30,,,weighted_blend,blend,2,mae,0.500526,0.500526,,-0.288059,,,,,,720,,0,,,,
accuracy,Chandigarh,temperature,45,,,weighted_blend,blend,2,mae,0.500975,0.500975,,-0.285326,,,,,,1080,,0,,,,
accuracy,Chandigarh,temperature,,,,weighted_blend,blend,2,mae,0.519101,0.519101,,-0.321831,,,,,,1464,,0,,,,
accuracy,Chandigarh,temperature,7,,,weighted_blend,blend,2,mae,0.54978,0.54978,,-0.365226,,,,,,168,,1,,,,
accuracy,Chandigarh,temperature,30,,,equal_avg,baseline,3,mae,0.702917,0.702917,,-0.413681,,,,,,720,,0,,,,
accuracy,Chandigarh,temperature,45,,,equal_avg,baseline,3,mae,0.706458,0.706458,,-0.412292,,,,,,1080,,0,,,,
accuracy,Chandigarh,temperature,,,,equal_avg,baseline,3,mae,0.74556,0.74556,,-0.484768,,,,,,1464,,0,,,,
accuracy,Chandigarh,temperature,7,,,equal_avg,baseline,3,mae,0.768155,0.768155,,-0.491964,,,,,,168,,1,,,,
accuracy,Chandigarh,temperature,7,,,persistence,baseline,4,mae,0.990476,0.990476,,-0.239286,,,,,,168,,1,,,,
accuracy,Chandigarh,temperature,30,,,persistence,baseline,4,mae,1.048333,1.048333,,-0.03,,,,,,720,,0,,,,
accuracy,Chandigarh,temperature,45,,,persistence,baseline,4,mae,1.254167,1.254167,,-0.044167,,,,,,1080,,0,,,,
accuracy,Chandigarh,temperature,,,,gem,model,4,mae,1.273087,1.273087,,0.493852,,,,,,1464,,0,,,,
accuracy,Chandigarh,temperature,,,,persistence,baseline,5,mae,1.287431,1.287431,,-0.066042,,,,,,1440,,0,,,,
accuracy,Chandigarh,temperature,30,,,gfs,model,5,mae,1.331944,1.331944,,-0.813611,,,,,,720,,0,,,,
accuracy,Chandigarh,temperature,45,,,gem,model,5,mae,1.333333,1.333333,,0.600556,,,,,,1080,,0,,,,
accuracy,Chandigarh,temperature,7,,,gfs,model,5,mae,1.345833,1.345833,,-0.823214,,,,,,168,,1,,,,
accuracy,Chandigarh,temperature,7,,,gem,model,6,mae,1.355357,1.355357,,0.354167,,,,,,168,,1,,,,
accuracy,Chandigarh,temperature,45,,,gfs,model,6,mae,1.377685,1.377685,,-0.7875,,,,,,1080,,0,,,,
accuracy,Chandigarh,temperature,30,,,gem,model,6,mae,1.408194,1.408194,,0.697639,,,,,,720,,0,,,,
accuracy,Chandigarh,temperature,,,,icon,model,6,mae,1.472746,1.472746,,-1.269331,,,,,,1464,,0,,,,
accuracy,Chandigarh,temperature,7,,,icon,model,7,mae,1.455357,1.455357,,-1.243452,,,,,,168,,1,,,,
accuracy,Chandigarh,temperature,45,,,icon,model,7,mae,1.47213,1.47213,,-1.274167,,,,,,1080,,0,,,,
accuracy,Chandigarh,temperature,30,,,icon,model,7,mae,1.476528,1.476528,,-1.338472,,,,,,720,,0,,,,
accuracy,Chandigarh,temperature,,,,gfs,model,7,mae,1.480738,1.480738,,-0.99071,,,,,,1464,,0,,,,
accuracy,Chennai,temperature,7,,,ecmwf,model,1,mae,0.469048,0.469048,,-0.270238,,,,,,168,,1,,,,
accuracy,Chennai,temperature,30,,,ecmwf,model,1,mae,0.524722,0.524722,,-0.235556,,,,,,720,,0,,,,
accuracy,Chennai,temperature,45,,,ecmwf,model,1,mae,0.528519,0.528519,,-0.23963,,,,,,1080,,0,,,,
accuracy,Chennai,temperature,,,,ecmwf,model,1,mae,0.539344,0.539344,,-0.18265,,,,,,1464,,0,,,,
accuracy,Chennai,temperature,30,,,weighted_blend,blend,2,mae,0.601207,0.601207,,-0.346497,,,,,,720,,0,,,,
accuracy,Chennai,temperature,45,,,weighted_blend,blend,2,mae,0.612198,0.612198,,-0.355786,,,,,,1080,,0,,,,
accuracy,Chennai,temperature,7,,,weighted_blend,blend,2,mae,0.620953,0.620953,,-0.558194,,,,,,168,,1,,,,
accuracy,Chennai,temperature,,,,weighted_blend,blend,2,mae,0.626389,0.626389,,-0.281147,,,,,,1464,,0,,,,
accuracy,Chennai,temperature,30,,,equal_avg,baseline,3,mae,0.734062,0.734062,,-0.455937,,,,,,720,,0,,,,
accuracy,Chennai,temperature,45,,,equal_avg,baseline,3,mae,0.751273,0.751273,,-0.471921,,,,,,1080,,0,,,,
accuracy,Chennai,temperature,,,,equal_avg,baseline,3,mae,0.767708,0.767708,,-0.396226,,,,,,1464,,0,,,,
accuracy,Chennai,temperature,7,,,equal_avg,baseline,3,mae,0.79881,0.79881,,-0.728274,,,,,,168,,1,,,,
accuracy,Chennai,temperature,7,,,gem,model,4,mae,0.816071,0.816071,,0.030357,,,,,,168,,1,,,,
accuracy,Chennai,temperature,30,,,persistence,baseline,4,mae,1.024444,1.024444,,-0.031111,,,,,,720,,0,,,,
accuracy,Chennai,temperature,45,,,persistence,baseline,4,mae,1.028519,1.028519,,0.004444,,,,,,1080,,0,,,,
accuracy,Chennai,temperature,,,,persistence,baseline,4,mae,1.031875,1.031875,,0.016736,,,,,,1440,,0,,,,
accuracy,Chennai,temperature,7,,,persistence,baseline,5,mae,0.964881,0.964881,,-0.144643,,,,,,168,,1,,,,
accuracy,Chennai,temperature,,,,icon,model,5,mae,1.07903,1.07903,,-0.498566,,,,,,1464,,0,,,,
accuracy,Chennai,temperature,30,,,icon,model,5,mae,1.092639,1.092639,,-0.602083,,,,,,720,,0,,,,
accuracy,Chennai,temperature,45,,,icon,model,5,mae,1.096574,1.096574,,-0.613981,,,,,,1080,,0,,,,
accuracy,Chennai,temperature,7,,,icon,model,6,mae,1.030357,1.030357,,-0.855357,,,,,,168,,1,,,,
accuracy,Chennai,temperature,30,,,gem,model,6,mae,1.219583,1.219583,,0.797639,,,,,,720,,0,,,,
accuracy,Chennai,temperature,45,,,gem,model,6,mae,1.247315,1.247315,,0.838611,,,,,,1080,,0,,,,
accuracy,Chennai,temperature,,,,gem,model,6,mae,1.338456,1.338456,,0.941462,,,,,,1464,,0,,,,
accuracy,Chennai,temperature,7,,,gfs,model,7,mae,1.82381,1.82381,,-1.817857,,,,,,168,,1,,,,
accuracy,Chennai,temperature,30,,,gfs,model,7,mae,1.829583,1.829583,,-1.78375,,,,,,720,,0,,,,
accuracy,Chennai,temperature,45,,,gfs,model,7,mae,1.911759,1.911759,,-1.872685,,,,,,1080,,0,,,,
accuracy,Chennai,temperature,,,,gfs,model,7,mae,1.915642,1.915642,,-1.84515,,,,,,1464,,0,,,,
accuracy,Coimbatore,temperature,45,,,ecmwf,model,1,mae,0.323519,0.323519,,0.117037,,,,,,1080,,0,,,,
accuracy,Coimbatore,temperature,,,,ecmwf,model,1,mae,0.330328,0.330328,,0.118033,,,,,,1464,,0,,,,
accuracy,Coimbatore,temperature,30,,,ecmwf,model,1,mae,0.331389,0.331389,,0.090833,,,,,,720,,0,,,,
accuracy,Coimbatore,temperature,7,,,ecmwf,model,1,mae,0.422024,0.422024,,0.025595,,,,,,168,,1,,,,
accuracy,Coimbatore,temperature,,,,weighted_blend,blend,2,mae,0.397484,0.397484,,-0.227415,,,,,,1464,,0,,,,
accuracy,Coimbatore,temperature,30,,,weighted_blend,blend,2,mae,0.398408,0.398408,,-0.225646,,,,,,720,,0,,,,
accuracy,Coimbatore,temperature,45,,,weighted_blend,blend,2,mae,0.403194,0.403194,,-0.265444,,,,,,1080,,0,,,,
accuracy,Coimbatore,temperature,7,,,weighted_blend,blend,2,mae,0.463632,0.463632,,-0.13299,,,,,,168,,1,,,,
accuracy,Coimbatore,temperature,7,,,equal_avg,baseline,3,mae,0.522024,0.522024,,-0.223512,,,,,,168,,1,,,,
accuracy,Coimbatore,temperature,30,,,equal_avg,baseline,3,mae,0.533056,0.533056,,-0.38875,,,,,,720,,0,,,,
accuracy,Coimbatore,temperature,,,,equal_avg,baseline,3,mae,0.540591,0.540591,,-0.401383,,,,,,1464,,0,,,,
accuracy,Coimbatore,temperature,45,,,equal_avg,baseline,3,mae,0.563611,0.563611,,-0.454861,,,,,,1080,,0,,,,
accuracy,Coimbatore,temperature,30,,,persistence,baseline,4,mae,0.673333,0.673333,,0.045278,,,,,,720,,0,,,,
accuracy,Coimbatore,temperature,45,,,persistence,baseline,4,mae,0.688333,0.688333,,0.057963,,,,,,1080,,0,,,,
accuracy,Coimbatore,temperature,,,,persistence,baseline,4,mae,0.746597,0.746597,,0.020764,,,,,,1440,,0,,,,
accuracy,Coimbatore,temperature,7,,,icon,model,4,mae,0.747619,0.747619,,-0.60119,,,,,,168,,1,,,,
accuracy,Coimbatore,temperature,30,,,gem,model,5,mae,0.739306,0.739306,,-0.234028,,,,,,720,,0,,,,
accuracy,Coimbatore,temperature,7,,,persistence,baseline,5,mae,0.753571,0.753571,,-0.033333,,,,,,168,,1,,,,
accuracy,Coimbatore,temperature,45,,,gem,model,5,mae,0.763889,0.763889,,-0.365926,,,,,,1080,,0,,,,
accuracy,Coimbatore,temperature,,,,gem,model,5,mae,0.785587,0.785587,,-0.293921,,,,,,1464,,0,,,,
accuracy,Coimbatore,temperature,,,,gfs,model,6,mae,0.819194,0.819194,,-0.505943,,,,,,1464,,0,,,,
accuracy,Coimbatore,temperature,7,,,gem,model,6,mae,0.82381,0.82381,,0.020238,,,,,,168,,1,,,,
accuracy,Coimbatore,temperature,45,,,gfs,model,6,mae,0.869444,0.869444,,-0.582407,,,,,,1080,,0,,,,
accuracy,Coimbatore,temperature,30,,,gfs,model,6,mae,0.872639,0.872639,,-0.494861,,,,,,720,,0,,,,
accuracy,Coimbatore,temperature,7,,,gfs,model,7,mae,0.868452,0.868452,,-0.33869,,,,,,168,,1,,,,
accuracy,Coimbatore,temperature,30,,,icon,model,7,mae,0.978056,0.978056,,-0.916944,,,,,,720,,0,,,,
accuracy,Coimbatore,temperature,,,,icon,model,7,mae,1.01373,1.01373,,-0.923702,,,,,,1464,,0,,,,
accuracy,Coimbatore,temperature,45,,,icon,model,7,mae,1.055185,1.055185,,-0.988148,,,,,,1080,,0,,,,
accuracy,Dehradun,temperature,45,,,ecmwf,model,1,mae,0.449537,0.449537,,0.134722,,,,,,1080,,0,,,,
accuracy,Dehradun,temperature,,,,ecmwf,model,1,mae,0.45526,0.45526,,0.126434,,,,,,1464,,0,,,,
accuracy,Dehradun,temperature,30,,,ecmwf,model,1,mae,0.465833,0.465833,,0.145,,,,,,720,,0,,,,
accuracy,Dehradun,temperature,7,,,ecmwf,model,1,mae,0.501786,0.501786,,0.145833,,,,,,168,,1,,,,
accuracy,Dehradun,temperature,45,,,weighted_blend,blend,2,mae,0.509927,0.509927,,-0.250673,,,,,,1080,,0,,,,
accuracy,Dehradun,temperature,,,,weighted_blend,blend,2,mae,0.518936,0.518936,,-0.226884,,,,,,1464,,0,,,,
accuracy,Dehradun,temperature,30,,,weighted_blend,blend,2,mae,0.55643,0.55643,,-0.263235,,,,,,720,,0,,,,
accuracy,Dehradun,temperature,7,,,weighted_blend,blend,2,mae,0.631778,0.631778,,-0.341979,,,,,,168,,1,,,,
accuracy,Dehradun,temperature,45,,,equal_avg,baseline,3,mae,0.632616,0.632616,,-0.370764,,,,,,1080,,0,,,,
accuracy,Dehradun,temperature,,,,equal_avg,baseline,3,mae,0.63499,0.63499,,-0.336492,,,,,,1464,,0,,,,
accuracy,Dehradun,temperature,30,,,equal_avg,baseline,3,mae,0.69441,0.69441,,-0.39059,,,,,,720,,0,,,,
accuracy,Dehradun,temperature,7,,,equal_avg,baseline,3,mae,0.779167,0.779167,,-0.489286,,,,,,168,,1,,,,
accuracy,Dehradun,temperature,7,,,persistence,baseline,4,mae,0.847619,0.847619,,-0.191667,,,,,,168,,1,,,,
accuracy,Dehradun,temperature,30,,,persistence,baseline,4,mae,0.855556,0.855556,,-0.011944,,,,,,720,,0,,,,
accuracy,Dehradun,temperature,45,,,persistence,baseline,4,mae,0.982778,0.982778,,-0.040556,,,,,,1080,,0,,,,
accuracy,Dehradun,temperature,,,,icon,model,4,mae,1.039549,1.039549,,-0.698019,,,,,,1464,,0,,,,
accuracy,Dehradun,temperature,,,,persistence,baseline,5,mae,1.040833,1.040833,,-0.035278,,,,,,1440,,0,,,,
accuracy,Dehradun,temperature,45,,,icon,model,5,mae,1.067593,1.067593,,-0.738519,,,,,,1080,,0,,,,
accuracy,Dehradun,temperature,7,,,gfs,model,5,mae,1.097619,1.097619,,-0.17381,,,,,,168,,1,,,,
accuracy,Dehradun,temperature,30,,,icon,model,5,mae,1.119444,1.119444,,-0.771111,,,,,,720,,0,,,,
accuracy,Dehradun,temperature,,,,gem,model,6,mae,1.062158,1.062158,,-0.498907,,,,,,1464,,0,,,,
accuracy,Dehradun,temperature,45,,,gem,model,6,mae,1.090833,1.090833,,-0.536574,,,,,,1080,,0,,,,
accuracy,Dehradun,temperature,7,,,icon,model,6,mae,1.163095,1.163095,,-0.838095,,,,,,168,,1,,,,
accuracy,Dehradun,temperature,30,,,gem,model,6,mae,1.2025,1.2025,,-0.564444,,,,,,720,,0,,,,
accuracy,Dehradun,temperature,45,,,gfs,model,7,mae,1.108796,1.108796,,-0.342685,,,,,,1080,,0,,,,
accuracy,Dehradun,temperature,,,,gfs,model,7,mae,1.124385,1.124385,,-0.275478,,,,,,1464,,0,,,,
accuracy,Dehradun,temperature,30,,,gfs,model,7,mae,1.207361,1.207361,,-0.371806,,,,,,720,,0,,,,
accuracy,Dehradun,temperature,7,,,gem,model,7,mae,1.416071,1.416071,,-1.091071,,,,,,168,,1,,,,
accuracy,Delhi,temperature,7,,,ecmwf,model,1,mae,0.385119,0.385119,,-0.030357,,,,,,168,,1,,,,
accuracy,Delhi,temperature,,,,ecmwf,model,1,mae,0.398634,0.398634,,0.02623,,,,,,1464,,0,,,,
accuracy,Delhi,temperature,30,,,ecmwf,model,1,mae,0.405833,0.405833,,0.051667,,,,,,720,,0,,,,
accuracy,Delhi,temperature,45,,,ecmwf,model,1,mae,0.410463,0.410463,,0.038796,,,,,,1080,,0,,,,
accuracy,Delhi,temperature,7,,,weighted_blend,blend,2,mae,0.513478,0.513478,,-0.270849,,,,,,168,,1,,,,
accuracy,Delhi,temperature,,,,weighted_blend,blend,2,mae,0.543892,0.543892,,-0.288748,,,,,,1464,,0,,,,
accuracy,Delhi,temperature,30,,,weighted_blend,blend,2,mae,0.553667,0.553667,,-0.262403,,,,,,720,,0,,,,
accuracy,Delhi,temperature,45,,,weighted_blend,blend,2,mae,0.557294,0.557294,,-0.278176,,,,,,1080,,0,,,,
accuracy,Delhi,temperature,7,,,equal_avg,baseline,3,mae,0.90119,0.90119,,-0.808036,,,,,,168,,1,,,,
accuracy,Delhi,temperature,30,,,equal_avg,baseline,3,mae,1.069236,1.069236,,-0.913056,,,,,,720,,0,,,,
accuracy,Delhi,temperature,,,,equal_avg,baseline,3,mae,1.080311,1.080311,,-0.9618,,,,,,1464,,0,,,,
accuracy,Delhi,temperature,45,,,equal_avg,baseline,3,mae,1.084583,1.084583,,-0.945741,,,,,,1080,,0,,,,
accuracy,Delhi,temperature,7,,,icon,model,4,mae,0.975595,0.975595,,-0.760119,,,,,,168,,1,,,,
accuracy,Delhi,temperature,,,,icon,model,4,mae,1.147268,1.147268,,-0.919262,,,,,,1464,,0,,,,
accuracy,Delhi,temperature,30,,,persistence,baseline,4,mae,1.149444,1.149444,,0.068056,,,,,,720,,0,,,,
accuracy,Delhi,temperature,45,,,icon,model,4,mae,1.189722,1.189722,,-1.001759,,,,,,1080,,0,,,,
accuracy,Delhi,temperature,30,,,icon,model,5,mae,1.208472,1.208472,,-1.030972,,,,,,720,,0,,,,
accuracy,Delhi,temperature,,,,gem,model,5,mae,1.233538,1.233538,,0.41291,,,,,,1464,,0,,,,
accuracy,Delhi,temperature,7,,,persistence,baseline,5,mae,1.257143,1.257143,,0.192857,,,,,,168,,1,,,,
accuracy,Delhi,temperature,45,,,persistence,baseline,5,mae,1.260463,1.260463,,0.048241,,,,,,1080,,0,,,,
accuracy,Delhi,temperature,45,,,gem,model,6,mae,1.270463,1.270463,,0.500463,,,,,,1080,,0,,,,
accuracy,Delhi,temperature,7,,,gem,model,6,mae,1.289286,1.289286,,0.320238,,,,,,168,,1,,,,
accuracy,Delhi,temperature,30,,,gem,model,6,mae,1.290694,1.290694,,0.540694,,,,,,720,,0,,,,
accuracy,Delhi,temperature,,,,persistence,baseline,6,mae,1.351944,1.351944,,-0.040417,,,,,,1440,,0,,,,
accuracy,Delhi,temperature,7,,,gfs,model,7,mae,2.761905,2.761905,,-2.761905,,,,,,168,,1,,,,
accuracy,Delhi,temperature,30,,,gfs,model,7,mae,3.298056,3.298056,,-3.213611,,,,,,720,,0,,,,
accuracy,Delhi,temperature,45,,,gfs,model,7,mae,3.386019,3.386019,,-3.320463,,,,,,1080,,0,,,,
accuracy,Delhi,temperature,,,,gfs,model,7,mae,3.427322,3.427322,,-3.367077,,,,,,1464,,0,,,,
accuracy,Ghaziabad,temperature,7,,,weighted_blend,blend,1,mae,0.384266,0.384266,,-0.197972,,,,,,168,,1,,,,
accuracy,Ghaziabad,temperature,30,,,ecmwf,model,1,mae,0.405417,0.405417,,0.130417,,,,,,720,,0,,,,
accuracy,Ghaziabad,temperature,45,,,ecmwf,model,1,mae,0.411204,0.411204,,0.101019,,,,,,1080,,0,,,,
accuracy,Ghaziabad,temperature,,,,ecmwf,model,1,mae,0.413525,0.413525,,0.100273,,,,,,1464,,0,,,,
accuracy,Ghaziabad,temperature,7,,,ecmwf,model,2,mae,0.42619,0.42619,,0.167857,,,,,,168,,1,,,,
accuracy,Ghaziabad,temperature,30,,,weighted_blend,blend,2,mae,0.518599,0.518599,,-0.223203,,,,,,720,,0,,,,
accuracy,Ghaziabad,temperature,,,,weighted_blend,blend,2,mae,0.52134,0.52134,,-0.211063,,,,,,1464,,0,,,,
accuracy,Ghaziabad,temperature,45,,,weighted_blend,blend,2,mae,0.526291,0.526291,,-0.210315,,,,,,1080,,0,,,,
accuracy,Ghaziabad,temperature,7,,,equal_avg,baseline,3,mae,0.682738,0.682738,,-0.571726,,,,,,168,,1,,,,
accuracy,Ghaziabad,temperature,,,,equal_avg,baseline,3,mae,0.862961,0.862961,,-0.622592,,,,,,1464,,0,,,,
accuracy,Ghaziabad,temperature,45,,,equal_avg,baseline,3,mae,0.873079,0.873079,,-0.609005,,,,,,1080,,0,,,,
accuracy,Ghaziabad,temperature,30,,,equal_avg,baseline,3,mae,0.88625,0.88625,,-0.628056,,,,,,720,,0,,,,
accuracy,Ghaziabad,temperature,7,,,icon,model,4,mae,0.945238,0.945238,,-0.654762,,,,,,168,,1,,,,
accuracy,Ghaziabad,temperature,,,,icon,model,4,mae,0.967828,0.967828,,-0.640096,,,,,,1464,,0,,,,
accuracy,Ghaziabad,temperature,45,,,icon,model,4,mae,0.99287,0.99287,,-0.691759,,,,,,1080,,0,,,,
accuracy,Ghaziabad,temperature,30,,,icon,model,4,mae,1.063194,1.063194,,-0.826806,,,,,,720,,0,,,,
accuracy,Ghaziabad,temperature,7,,,persistence,baseline,5,mae,1.104167,1.104167,,0.033929,,,,,,168,,1,,,,
accuracy,Ghaziabad,temperature,30,,,persistence,baseline,5,mae,1.106806,1.106806,,0.029583,,,,,,720,,0,,,,
accuracy,Ghaziabad,temperature,45,,,persistence,baseline,5,mae,1.197315,1.197315,,0.030648,,,,,,1080,,0,,,,
accuracy,Ghaziabad,temperature,,,,persistence,baseline,5,mae,1.262639,1.262639,,-0.039722,,,,,,1440,,0,,,,
accuracy,Ghaziabad,temperature,7,,,gem,model,6,mae,1.125595,1.125595,,0.158929,,,,,,168,,1,,,,
accuracy,Ghaziabad,temperature,,,,gem,model,6,mae,1.273634,1.273634,,0.509836,,,,,,1464,,0,,,,
accuracy,Ghaziabad,temperature,45,,,gem,model,6,mae,1.290185,1.290185,,0.553704,,,,,,1080,,0,,,,
accuracy,Ghaziabad,temperature,30,,,gem,model,6,mae,1.299306,1.299306,,0.564583,,,,,,720,,0,,,,
accuracy,Ghaziabad,temperature,7,,,gfs,model,7,mae,1.977976,1.977976,,-1.958929,,,,,,168,,1,,,,
accuracy,Ghaziabad,temperature,30,,,gfs,model,7,mae,2.562361,2.562361,,-2.380417,,,,,,720,,0,,,,
accuracy,Ghaziabad,temperature,45,,,gfs,model,7,mae,2.568241,2.568241,,-2.398981,,,,,,1080,,0,,,,
accuracy,Ghaziabad,temperature,,,,gfs,model,7,mae,2.613388,2.613388,,-2.460383,,,,,,1464,,0,,,,
accuracy,Goa,temperature,7,,,persistence,baseline,1,mae,0.508929,0.508929,,0.174405,,,,,,168,,1,,,,
accuracy,Goa,temperature,30,,,ecmwf,model,1,mae,0.567361,0.567361,,0.242083,,,,,,720,,0,,,,
accuracy,Goa,temperature,45,,,ecmwf,model,1,mae,0.580741,0.580741,,0.188333,,,,,,1080,,0,,,,
accuracy,Goa,temperature,,,,weighted_blend,blend,1,mae,0.626789,0.626789,,0.092417,,,,,,1464,,0,,,,
accuracy,Goa,temperature,7,,,icon,model,2,mae,0.551786,0.551786,,-0.204167,,,,,,168,,1,,,,
accuracy,Goa,temperature,45,,,weighted_blend,blend,2,mae,0.582115,0.582115,,0.251729,,,,,,1080,,0,,,,
accuracy,Goa,temperature,30,,,equal_avg,baseline,2,mae,0.608368,0.608368,,0.368299,,,,,,720,,0,,,,
accuracy,Goa,temperature,,,,equal_avg,baseline,2,mae,0.633128,0.633128,,0.064617,,,,,,1464,,0,,,,
accuracy,Goa,temperature,45,,,equal_avg,baseline,3,mae,0.582384,0.582384,,0.223819,,,,,,1080,,0,,,,
accuracy,Goa,temperature,7,,,ecmwf,model,3,mae,0.590476,0.590476,,0.314286,,,,,,168,,1,,,,
accuracy,Goa,temperature,30,,,weighted_blend,blend,3,mae,0.616692,0.616692,,0.395699,,,,,,720,,0,,,,
accuracy,Goa,temperature,,,,ecmwf,model,3,mae,0.65321,0.65321,,-0.000342,,,,,,1464,,0,,,,
accuracy,Goa,temperature,30,,,persistence,baseline,4,mae,0.631806,0.631806,,0.080972,,,,,,720,,0,,,,
accuracy,Goa,temperature,45,,,persistence,baseline,4,mae,0.639167,0.639167,,0.068611,,,,,,1080,,0,,,,
accuracy,Goa,temperature,7,,,equal_avg,baseline,4,mae,0.665476,0.665476,,0.650595,,,,,,168,,1,,,,
accuracy,Goa,temperature,,,,persistence,baseline,4,mae,0.692014,0.692014,,0.048125,,,,,,1440,,0,,,,
accuracy,Goa,temperature,30,,,icon,model,5,mae,0.7075,0.7075,,-0.190556,,,,,,720,,0,,,,
accuracy,Goa,temperature,7,,,weighted_blend,blend,5,mae,0.730692,0.730692,,0.723619,,,,,,168,,1,,,,
accuracy,Goa,temperature,45,,,icon,model,5,mae,0.79287,0.79287,,-0.370833,,,,,,1080,,0,,,,
accuracy,Goa,temperature,,,,gfs,model,5,mae,0.828005,0.828005,,0.184836,,,,,,1464,,0,,,,
accuracy,Goa,temperature,45,,,gfs,model,6,mae,0.82213,0.82213,,0.351204,,,,,,1080,,0,,,,
accuracy,Goa,temperature,,,,gem,model,6,mae,0.935929,0.935929,,0.674317,,,,,,1464,,0,,,,
accuracy,Goa,temperature,7,,,gem,model,6,mae,0.94881,0.94881,,0.902381,,,,,,168,,1,,,,
accuracy,Goa,temperature,30,,,gfs,model,6,mae,0.952083,0.952083,,0.599583,,,,,,720,,0,,,,
accuracy,Goa,temperature,45,,,gem,model,7,mae,0.928241,0.928241,,0.726574,,,,,,1080,,0,,,,
accuracy,Goa,temperature,,,,icon,model,7,mae,0.952117,0.952117,,-0.600342,,,,,,1464,,0,,,,
accuracy,Goa,temperature,30,,,gem,model,7,mae,1.000139,1.000139,,0.822083,,,,,,720,,0,,,,
accuracy,Goa,temperature,7,,,gfs,model,7,mae,1.594643,1.594643,,1.589881,,,,,,168,,1,,,,
accuracy,Guwahati,temperature,45,,,weighted_blend,blend,1,mae,0.661529,0.661529,,-0.430534,,,,,,1080,,0,,,,
accuracy,Guwahati,temperature,,,,weighted_blend,blend,1,mae,0.671769,0.671769,,-0.446196,,,,,,1464,,0,,,,
accuracy,Guwahati,temperature,7,,,weighted_blend,blend,1,mae,0.698087,0.698087,,-0.389511,,,,,,168,,1,,,,
accuracy,Guwahati,temperature,30,,,weighted_blend,blend,1,mae,0.711435,0.711435,,-0.492574,,,,,,720,,0,,,,
accuracy,Guwahati,temperature,45,,,equal_avg,baseline,2,mae,0.687894,0.687894,,-0.462523,,,,,,1080,,0,,,,
accuracy,Guwahati,temperature,,,,equal_avg,baseline,2,mae,0.699812,0.699812,,-0.475495,,,,,,1464,,0,,,,
accuracy,Guwahati,temperature,7,,,equal_avg,baseline,2,mae,0.713393,0.713393,,-0.399107,,,,,,168,,1,,,,
accuracy,Guwahati,temperature,30,,,equal_avg,baseline,2,mae,0.737326,0.737326,,-0.524896,,,,,,720,,0,,,,
accuracy,Guwahati,temperature,45,,,ecmwf,model,3,mae,0.780093,0.780093,,-0.641759,,,,,,1080,,0,,,,
accuracy,Guwahati,temperature,7,,,ecmwf,model,3,mae,0.783333,0.783333,,-0.603571,,,,,,168,,1,,,,
accuracy,Guwahati,temperature,30,,,ecmwf,model,3,mae,0.791111,0.791111,,-0.644722,,,,,,720,,0,,,,
accuracy,Guwahati,temperature,,,,ecmwf,model,3,mae,0.810519,0.810519,,-0.687705,,,,,,1464,,0,,,,
accuracy,Guwahati,temperature,,,,gfs,model,4,mae,0.940437,0.940437,,-0.039208,,,,,,1464,,0,,,,
accuracy,Guwahati,temperature,45,,,gfs,model,4,mae,0.960556,0.960556,,0.015926,,,,,,1080,,0,,,,
accuracy,Guwahati,temperature,30,,,gfs,model,4,mae,0.995972,0.995972,,-0.059306,,,,,,720,,0,,,,
accuracy,Guwahati,temperature,7,,,gfs,model,4,mae,1.025595,1.025595,,-0.368452,,,,,,168,,1,,,,
accuracy,Guwahati,temperature,,,,gem,model,5,mae,1.021243,1.021243,,-0.151844,,,,,,1464,,0,,,,
accuracy,Guwahati,temperature,45,,,gem,model,5,mae,1.078981,1.078981,,-0.2125,,,,,,1080,,0,,,,
accuracy,Guwahati,temperature,7,,,icon,model,5,mae,1.120238,1.120238,,-0.74881,,,,,,168,,1,,,,
accuracy,Guwahati,temperature,30,,,persistence,baseline,5,mae,1.131528,1.131528,,-0.010417,,,,,,720,,0,,,,
accuracy,Guwahati,temperature,,,,persistence,baseline,6,mae,1.126667,1.126667,,0.012083,,,,,,1440,,0,,,,
accuracy,Guwahati,temperature,30,,,gem,model,6,mae,1.174444,1.174444,,-0.364167,,,,,,720,,0,,,,
accuracy,Guwahati,temperature,7,,,gem,model,6,mae,1.1875,1.1875,,0.124405,,,,,,168,,1,,,,
accuracy,Guwahati,temperature,45,,,icon,model,6,mae,1.19787,1.19787,,-1.011759,,,,,,1080,,0,,,,
accuracy,Guwahati,temperature,45,,,persistence,baseline,7,mae,1.199259,1.199259,,-0.006667,,,,,,1080,,0,,,,
accuracy,Guwahati,temperature,30,,,icon,model,7,mae,1.214444,1.214444,,-1.031389,,,,,,720,,0,,,,
accuracy,Guwahati,temperature,,,,icon,model,7,mae,1.23265,1.23265,,-1.023224,,,,,,1464,,0,,,,
accuracy,Guwahati,temperature,7,,,persistence,baseline,7,mae,1.266667,1.266667,,-0.180952,,,,,,168,,1,,,,
accuracy,Hyderabad,temperature,,,,ecmwf,model,1,mae,0.368374,0.368374,,0.03709,,,,,,1464,,0,,,,
accuracy,Hyderabad,temperature,45,,,ecmwf,model,1,mae,0.375278,0.375278,,0.104352,,,,,,1080,,0,,,,
accuracy,Hyderabad,temperature,30,,,ecmwf,model,1,mae,0.4125,0.4125,,0.227778,,,,,,720,,0,,,,
accuracy,Hyderabad,temperature,7,,,ecmwf,model,1,mae,0.55119,0.55119,,0.434524,,,,,,168,,1,,,,
accuracy,Hyderabad,temperature,30,,,weighted_blend,blend,2,mae,0.475066,0.475066,,0.108595,,,,,,720,,0,,,,
accuracy,Hyderabad,temperature,45,,,weighted_blend,blend,2,mae,0.478824,0.478824,,-0.077648,,,,,,1080,,0,,,,
accuracy,Hyderabad,temperature,,,,weighted_blend,blend,2,mae,0.497614,0.497614,,-0.163249,,,,,,1464,,0,,,,
accuracy,Hyderabad,temperature,7,,,weighted_blend,blend,2,mae,0.672662,0.672662,,0.343715,,,,,,168,,1,,,,
accuracy,Hyderabad,temperature,30,,,equal_avg,baseline,3,mae,0.607396,0.607396,,0.052535,,,,,,720,,0,,,,
accuracy,Hyderabad,temperature,45,,,equal_avg,baseline,3,mae,0.622269,0.622269,,-0.168565,,,,,,1080,,0,,,,
accuracy,Hyderabad,temperature,,,,equal_avg,baseline,3,mae,0.65415,0.65415,,-0.264293,,,,,,1464,,0,,,,
accuracy,Hyderabad,temperature,7,,,equal_avg,baseline,3,mae,0.869792,0.869792,,0.309375,,,,,,168,,1,,,,
accuracy,Hyderabad,temperature,30,,,icon,model,4,mae,0.758056,0.758056,,-0.125,,,,,,720,,0,,,,
accuracy,Hyderabad,temperature,45,,,icon,model,4,mae,0.806296,0.806296,,-0.367963,,,,,,1080,,0,,,,
accuracy,Hyderabad,temperature,,,,icon,model,4,mae,0.871311,0.871311,,-0.500546,,,,,,1464,,0,,,,
accuracy,Hyderabad,temperature,7,,,icon,model,4,mae,0.978571,0.978571,,0.077381,,,,,,168,,1,,,,
accuracy,Hyderabad,temperature,45,,,persistence,baseline,5,mae,0.942778,0.942778,,0.057963,,,,,,1080,,0,,,,
accuracy,Hyderabad,temperature,,,,persistence,baseline,5,mae,0.961389,0.961389,,0.061528,,,,,,1440,,0,,,,
accuracy,Hyderabad,temperature,30,,,gfs,model,5,mae,0.970833,0.970833,,-0.212778,,,,,,720,,0,,,,
accuracy,Hyderabad,temperature,7,,,gfs,model,5,mae,1.222024,1.222024,,0.030357,,,,,,168,,1,,,,
accuracy,Hyderabad,temperature,30,,,persistence,baseline,6,mae,1.076944,1.076944,,0.076667,,,,,,720,,0,,,,
accuracy,Hyderabad,temperature,,,,gfs,model,6,mae,1.083197,1.083197,,-0.559016,,,,,,1464,,0,,,,
accuracy,Hyderabad,temperature,45,,,gfs,model,6,mae,1.094074,1.094074,,-0.580741,,,,,,1080,,0,,,,
accuracy,Hyderabad,temperature,7,,,persistence,baseline,6,mae,1.34881,1.34881,,0.159524,,,,,,168,,1,,,,
accuracy,Hyderabad,temperature,45,,,gem,model,7,mae,1.156204,1.156204,,0.170093,,,,,,1080,,0,,,,
accuracy,Hyderabad,temperature,30,,,gem,model,7,mae,1.194583,1.194583,,0.320139,,,,,,720,,0,,,,
accuracy,Hyderabad,temperature,,,,gem,model,7,mae,1.19959,1.19959,,-0.034699,,,,,,1464,,0,,,,
accuracy,Hyderabad,temperature,7,,,gem,model,7,mae,1.540476,1.540476,,0.695238,,,,,,168,,1,,,,
accuracy,IN,temperature,,,,ecmwf,model,1,mae,0.454356,0.454356,,0.061251,,,,,,65880,,0,0.411604,0.50684,1,1
accuracy,IN,temperature,45,,,ecmwf,model,1,mae,0.455039,0.455039,,0.082204,,,,,,48600,,0,0.40672,0.512051,1,1
accuracy,IN,temperature,30,,,ecmwf,model,1,mae,0.468954,0.468954,,0.110028,,,,,,32400,,0,0.416847,0.532111,1,1
accuracy,IN,temperature,7,,,ecmwf,model,1,mae,0.477897,0.477897,,0.126204,,,,,,7560,,0,0.427342,0.532297,1,1
accuracy,IN,temperature,45,,,weighted_blend,blend,2,mae,0.512194,0.512194,,-0.003775,,,,,,48600,,0,0.473617,0.56308,2,2
accuracy,IN,temperature,30,,,weighted_blend,blend,2,mae,0.517454,0.517454,,0.023648,,,,,,32400,,0,0.475409,0.572452,2,2
accuracy,IN,temperature,,,,weighted_blend,blend,2,mae,0.520353,0.520353,,-0.024666,,,,,,65880,,0,0.482906,0.569186,2,2
accuracy,IN,temperature,7,,,weighted_blend,blend,2,mae,0.540762,0.540762,,0.037698,,,,,,7560,,0,0.500308,0.597771,2,2
accuracy,IN,temperature,45,,,equal_avg,baseline,3,mae,0.664939,0.664939,,-0.075657,,,,,,48600,,0,0.614064,0.721977,3,3
accuracy,IN,temperature,30,,,equal_avg,baseline,3,mae,0.667562,0.667562,,-0.039829,,,,,,32400,,0,0.61277,0.726721,3,3
accuracy,IN,temperature,,,,equal_avg,baseline,3,mae,0.676289,0.676289,,-0.104742,,,,,,65880,,0,0.628268,0.729962,3,3
accuracy,IN,temperature,7,,,equal_avg,baseline,3,mae,0.691409,0.691409,,-0.01244,,,,,,7560,,0,0.638005,0.75089,3,3
accuracy,IN,temperature,30,,,icon,model,4,mae,0.864923,0.864923,,-0.317262,,,,,,32400,,0,0.785073,0.937471,4,5
accuracy,IN,temperature,45,,,icon,model,4,mae,0.866944,0.866944,,-0.321562,,,,,,48600,,0,0.7939,0.938333,4,5
accuracy,IN,temperature,,,,icon,model,4,mae,0.885733,0.885733,,-0.317961,,,,,,65880,,0,0.816449,0.956828,4,4
accuracy,IN,temperature,7,,,icon,model,4,mae,0.889074,0.889074,,-0.352672,,,,,,7560,,0,0.821618,0.958605,4,4
accuracy,IN,temperature,30,,,persistence,baseline,5,mae,0.869296,0.869296,,0.017056,,,,,,32400,,0,0.804801,0.932706,4,5
accuracy,IN,temperature,45,,,persistence,baseline,5,mae,0.9048,0.9048,,-0.000525,,,,,,48600,,0,0.838258,0.971326,4,5
accuracy,IN,temperature,,,,persistence,baseline,5,mae,0.953599,0.953599,,-0.01537,,,,,,64800,,0,0.887308,1.018991,5,5
accuracy,IN,temperature,7,,,persistence,baseline,5,mae,0.987884,0.987884,,-0.053492,,,,,,7560,,0,0.912273,1.070785,5,5
accuracy,IN,temperature,45,,,gem,model,6,mae,1.17316,1.17316,,0.415045,,,,,,48600,,0,1.083093,1.281767,6,6
accuracy,IN,temperature,30,,,gem,model,6,mae,1.177824,1.177824,,0.41704,,,,,,32400,,0,1.084397,1.288882,6,6
accuracy,IN,temperature,,,,gem,model,6,mae,1.179287,1.179287,,0.416321,,,,,,65880,,0,1.09418,1.291828,6,6
accuracy,IN,temperature,7,,,gem,model,6,mae,1.270026,1.270026,,0.410159,,,,,,7560,,0,1.161031,1.403334,6,7
accuracy,IN,temperature,7,,,gfs,model,7,mae,1.313505,1.313505,,-0.233452,,,,,,7560,,0,1.14717,1.509557,6,7
accuracy,IN,temperature,30,,,gfs,model,7,mae,1.380201,1.380201,,-0.36912,,,,,,32400,,0,1.220488,1.562956,7,7
accuracy,IN,temperature,45,,,gfs,model,7,mae,1.405097,1.405097,,-0.478315,,,,,,48600,,0,1.246478,1.588692,7,7
accuracy,IN,temperature,,,,gfs,model,7,mae,1.440311,1.440311,,-0.578578,,,,,,65880,,0,1.281708,1.625296,7,7
accuracy,Imphal,temperature,45,,,ecmwf,model,1,mae,0.268611,0.268611,,0.011574,,,,,,1080,,0,,,,
accuracy,Imphal,temperature,30,,,ecmwf,model,1,mae,0.271806,0.271806,,0.02625,,,,,,720,,0,,,,
accuracy,Imphal,temperature,,,,ecmwf,model,1,mae,0.277869,0.277869,,0.018306,,,,,,1464,,0,,,,
accuracy,Imphal,temperature,7,,,ecmwf,model,1,mae,0.284524,0.284524,,0.004762,,,,,,168,,1,,,,
accuracy,Imphal,temperature,,,,weighted_blend,blend,2,mae,0.403943,0.403943,,0.147344,,,,,,1464,,0,,,,
accuracy,Imphal,temperature,45,,,weighted_blend,blend,2,mae,0.418245,0.418245,,0.152099,,,,,,1080,,0,,,,
accuracy,Imphal,temperature,30,,,weighted_blend,blend,2,mae,0.437958,0.437958,,0.164849,,,,,,720,,0,,,,
accuracy,Imphal,temperature,7,,,weighted_blend,blend,2,mae,0.475241,0.475241,,0.216511,,,,,,168,,1,,,,
accuracy,Imphal,temperature,,,,equal_avg,baseline,3,mae,0.678911,0.678911,,0.409512,,,,,,1464,,0,,,,
accuracy,Imphal,temperature,45,,,equal_avg,baseline,3,mae,0.714884,0.714884,,0.426319,,,,,,1080,,0,,,,
accuracy,Imphal,temperature,30,,,icon,model,3,mae,0.751389,0.751389,,-0.263333,,,,,,720,,0,,,,
accuracy,Imphal,temperature,7,,,persistence,baseline,3,mae,0.784524,0.784524,,-0.05119,,,,,,168,,1,,,,
accuracy,Imphal,temperature,30,,,equal_avg,baseline,4,mae,0.75434,0.75434,,0.441771,,,,,,720,,0,,,,
accuracy,Imphal,temperature,,,,icon,model,4,mae,0.764549,0.764549,,-0.297883,,,,,,1464,,0,,,,
accuracy,Imphal,temperature,45,,,icon,model,4,mae,0.769444,0.769444,,-0.293704,,,,,,1080,,0,,,,
accuracy,Imphal,temperature,7,,,icon,model,4,mae,0.791667,0.791667,,-0.134524,,,,,,168,,1,,,,
accuracy,Imphal,temperature,30,,,persistence,baseline,5,mae,0.842917,0.842917,,0.009583,,,,,,720,,0,,,,
accuracy,Imphal,temperature,45,,,persistence,baseline,5,mae,0.855926,0.855926,,-0.013704,,,,,,1080,,0,,,,
accuracy,Imphal,temperature,,,,persistence,baseline,5,mae,0.865278,0.865278,,-0.005556,,,,,,1440,,0,,,,
accuracy,Imphal,temperature,7,,,equal_avg,baseline,5,mae,0.866815,0.866815,,0.505506,,,,,,168,,1,,,,
accuracy,Imphal,temperature,,,,gem,model,6,mae,1.082104,1.082104,,0.341257,,,,,,1464,,0,,,,
accuracy,Imphal,temperature,45,,,gem,model,6,mae,1.166481,1.166481,,0.360741,,,,,,1080,,0,,,,
accuracy,Imphal,temperature,30,,,gem,model,6,mae,1.247639,1.247639,,0.314861,,,,,,720,,0,,,,
accuracy,Imphal,temperature,7,,,gem,model,6,mae,1.456548,1.456548,,0.6875,,,,,,168,,1,,,,
accuracy,Imphal,temperature,,,,gfs,model,7,mae,1.761475,1.761475,,1.576366,,,,,,1464,,0,,,,
accuracy,Imphal,temperature,45,,,gfs,model,7,mae,1.808704,1.808704,,1.626667,,,,,,1080,,0,,,,
accuracy,Imphal,temperature,7,,,gfs,model,7,mae,1.866667,1.866667,,1.464286,,,,,,168,,1,,,,
accuracy,Imphal,temperature,30,,,gfs,model,7,mae,1.890139,1.890139,,1.689306,,,,,,720,,0,,,,
accuracy,Indore,temperature,45,,,ecmwf,model,1,mae,0.280648,0.280648,,0.099722,,,,,,1080,,0,,,,
accuracy,Indore,temperature,30,,,ecmwf,model,1,mae,0.295417,0.295417,,0.124861,,,,,,720,,0,,,,
accuracy,Indore,temperature,,,,ecmwf,model,1,mae,0.316598,0.316598,,0.117555,,,,,,1464,,0,,,,
accuracy,Indore,temperature,7,,,ecmwf,model,1,mae,0.381548,0.381548,,0.191071,,,,,,168,,1,,,,
accuracy,Indore,temperature,30,,,weighted_blend,blend,2,mae,0.357103,0.357103,,0.164458,,,,,,720,,0,,,,
accuracy,Indore,temperature,45,,,weighted_blend,blend,2,mae,0.362642,0.362642,,0.204339,,,,,,1080,,0,,,,
accuracy,Indore,temperature,,,,weighted_blend,blend,2,mae,0.38573,0.38573,,0.184407,,,,,,1464,,0,,,,
accuracy,Indore,temperature,7,,,weighted_blend,blend,2,mae,0.421541,0.421541,,0.159669,,,,,,168,,1,,,,
accuracy,Indore,temperature,30,,,equal_avg,baseline,3,mae,0.448576,0.448576,,0.228507,,,,,,720,,0,,,,
accuracy,Indore,temperature,45,,,equal_avg,baseline,3,mae,0.464282,0.464282,,0.294792,,,,,,1080,,0,,,,
accuracy,Indore,temperature,,,,equal_avg,baseline,3,mae,0.489703,0.489703,,0.255413,,,,,,1464,,0,,,,
accuracy,Indore,temperature,7,,,equal_avg,baseline,3,mae,0.520387,0.520387,,0.201042,,,,,,168,,1,,,,
accuracy,Indore,temperature,45,,,icon,model,4,mae,0.676852,0.676852,,-0.269815,,,,,,1080,,0,,,,
accuracy,Indore,temperature,30,,,icon,model,4,mae,0.692917,0.692917,,-0.391528,,,,,,720,,0,,,,
accuracy,Indore,temperature,7,,,persistence,baseline,4,mae,0.739286,0.739286,,0.057143,,,,,,168,,1,,,,
accuracy,Indore,temperature,,,,icon,model,4,mae,0.742691,0.742691,,-0.287363,,,,,,1464,,0,,,,
accuracy,Indore,temperature,30,,,persistence,baseline,5,mae,0.699167,0.699167,,0.030278,,,,,,720,,0,,,,
accuracy,Indore,temperature,45,,,persistence,baseline,5,mae,0.726296,0.726296,,-0.000556,,,,,,1080,,0,,,,
accuracy,Indore,temperature,,,,persistence,baseline,5,mae,0.772569,0.772569,,-0.031319,,,,,,1440,,0,,,,
accuracy,Indore,temperature,7,,,icon,model,5,mae,0.814881,0.814881,,-0.566071,,,,,,168,,1,,,,
accuracy,Indore,temperature,30,,,gem,model,6,mae,0.805,0.805,,0.236111,,,,,,720,,0,,,,
accuracy,Indore,temperature,45,,,gem,model,6,mae,0.839722,0.839722,,0.438241,,,,,,1080,,0,,,,
accuracy,Indore,temperature,,,,gem,model,6,mae,0.913525,0.913525,,0.548907,,,,,,1464,,0,,,,
accuracy,Indore,temperature,7,,,gem,model,6,mae,0.998214,0.998214,,0.343452,,,,,,168,,1,,,,
accuracy,Indore,temperature,,,,gfs,model,7,mae,1.005533,1.005533,,0.642555,,,,,,1464,,0,,,,
accuracy,Indore,temperature,45,,,gfs,model,7,mae,1.025463,1.025463,,0.911019,,,,,,1080,,0,,,,
accuracy,Indore,temperature,7,,,gfs,model,7,mae,1.069048,1.069048,,0.835714,,,,,,168,,1,,,,
accuracy,Indore,temperature,30,,,gfs,model,7,mae,1.087083,1.087083,,0.944583,,,,,,720,,0,,,,
accuracy,Jabalpur,temperature,30,,,ecmwf,model,1,mae,0.304167,0.304167,,-0.0625,,,,,,720,,0,,,,
accuracy,Jabalpur,temperature,45,,,ecmwf,model,1,mae,0.311759,0.311759,,-0.073981,,,,,,1080,,0,,,,
accuracy,Jabalpur,temperature,,,,ecmwf,model,1,mae,0.312773,0.312773,,-0.084085,,,,,,1464,,0,,,,
accuracy,Jabalpur,temperature,7,,,ecmwf,model,1,mae,0.351786,0.351786,,-0.093452,,,,,,168,,1,,,,
accuracy,Jabalpur,temperature,30,,,weighted_blend,blend,2,mae,0.429155,0.429155,,0.221978,,,,,,720,,0,,,,
accuracy,Jabalpur,temperature,45,,,weighted_blend,blend,2,mae,0.429666,0.429666,,0.186787,,,,,,1080,,0,,,,
accuracy,Jabalpur,temperature,,,,weighted_blend,blend,2,mae,0.441796,0.441796,,0.173634,,,,,,1464,,0,,,,
accuracy,Jabalpur,temperature,7,,,weighted_blend,blend,2,mae,0.540949,0.540949,,0.254626,,,,,,168,,1,,,,
accuracy,Jabalpur,temperature,45,,,equal_avg,baseline,3,mae,0.582569,0.582569,,0.34831,,,,,,1080,,0,,,,
accuracy,Jabalpur,temperature,30,,,equal_avg,baseline,3,mae,0.58441,0.58441,,0.397049,,,,,,720,,0,,,,
accuracy,Jabalpur,temperature,,,,equal_avg,baseline,3,mae,0.59696,0.59696,,0.331045,,,,,,1464,,0,,,,
accuracy,Jabalpur,temperature,7,,,icon,model,3,mae,0.635714,0.635714,,-0.035714,,,,,,168,,1,,,,
accuracy,Jabalpur,temperature,30,,,icon,model,4,mae,0.642639,0.642639,,-0.03375,,,,,,720,,0,,,,
accuracy,Jabalpur,temperature,45,,,icon,model,4,mae,0.693519,0.693519,,-0.043889,,,,,,1080,,0,,,,
accuracy,Jabalpur,temperature,,,,icon,model,4,mae,0.73388,0.73388,,-0.007923,,,,,,1464,,0,,,,
accuracy,Jabalpur,temperature,7,,,equal_avg,baseline,4,mae,0.741071,0.741071,,0.469345,,,,,,168,,1,,,,
accuracy,Jabalpur,temperature,30,,,persistence,baseline,5,mae,0.829861,0.829861,,0.037917,,,,,,720,,0,,,,
accuracy,Jabalpur,temperature,45,,,persistence,baseline,5,mae,0.866111,0.866111,,-0.037593,,,,,,1080,,0,,,,
accuracy,Jabalpur,temperature,,,,persistence,baseline,5,mae,0.89125,0.89125,,-0.010139,,,,,,1440,,0,,,,
accuracy,Jabalpur,temperature,7,,,persistence,baseline,5,mae,1.02381,1.02381,,-0.05,,,,,,168,,1,,,,
accuracy,Jabalpur,temperature,30,,,gem,model,6,mae,0.997083,0.997083,,0.721806,,,,,,720,,0,,,,
accuracy,Jabalpur,temperature,45,,,gem,model,6,mae,1.045093,1.045093,,0.696389,,,,,,1080,,0,,,,
accuracy,Jabalpur,temperature,,,,gfs,model,6,mae,1.063183,1.063183,,0.711544,,,,,,1464,,0,,,,
accuracy,Jabalpur,temperature,7,,,gem,model,6,mae,1.256548,1.256548,,0.943452,,,,,,168,,1,,,,
accuracy,Jabalpur,temperature,,,,gem,model,7,mae,1.079372,1.079372,,0.704645,,,,,,1464,,0,,,,
accuracy,Jabalpur,temperature,45,,,gfs,model,7,mae,1.085278,1.085278,,0.814722,,,,,,1080,,0,,,,
accuracy,Jabalpur,temperature,30,,,gfs,model,7,mae,1.179028,1.179028,,0.962639,,,,,,720,,0,,,,
accuracy,Jabalpur,temperature,7,,,gfs,model,7,mae,1.34881,1.34881,,1.063095,,,,,,168,,1,,,,
accuracy,Jaipur,temperature,7,,,ecmwf,model,1,mae,0.4,0.4,,0.263095,,,,,,168,,1,,,,
accuracy,Jaipur,temperature,30,,,weighted_blend,blend,1,mae,0.417343,0.417343,,0.09002,,,,,,720,,0,,,,
accuracy,Jaipur,temperature,45,,,weighted_blend,blend,1,mae,0.458313,0.458313,,0.109257,,,,,,1080,,0,,,,
accuracy,Jaipur,temperature,,,,weighted_blend,blend,1,mae,0.494414,0.494414,,0.114822,,,,,,1464,,0,,,,
accuracy,Jaipur,temperature,7,,,weighted_blend,blend,2,mae,0.412638,0.412638,,0.216173,,,,,,168,,1,,,,
accuracy,Jaipur,temperature,30,,,ecmwf,model,2,mae,0.455556,0.455556,,0.324167,,,,,,720,,0,,,,
accuracy,Jaipur,temperature,45,,,ecmwf,model,2,mae,0.49287,0.49287,,0.347685,,,,,,1080,,0,,,,
accuracy,Jaipur,temperature,,,,ecmwf,model,2,mae,0.504098,0.504098,,0.337158,,,,,,1464,,0,,,,
accuracy,Jaipur,temperature,7,,,equal_avg,baseline,3,mae,0.43497,0.43497,,0.132589,,,,,,168,,1,,,,
accuracy,Jaipur,temperature,30,,,icon,model,3,mae,0.564444,0.564444,,0.046667,,,,,,720,,0,,,,
accuracy,Jaipur,temperature,45,,,equal_avg,baseline,3,mae,0.600185,0.600185,,-0.152546,,,,,,1080,,0,,,,
accuracy,Jaipur,temperature,,,,equal_avg,baseline,3,mae,0.625495,0.625495,,-0.147217,,,,,,1464,,0,,,,
accuracy,Jaipur,temperature,7,,,icon,model,4,mae,0.560119,0.560119,,0.107738,,,,,,168,,1,,,,
accuracy,Jaipur,temperature,30,,,equal_avg,baseline,4,mae,0.581875,0.581875,,-0.150278,,,,,,720,,0,,,,
accuracy,Jaipur,temperature,45,,,icon,model,4,mae,0.654444,0.654444,,0.078148,,,,,,1080,,0,,,,
accuracy,Jaipur,temperature,,,,icon,model,4,mae,0.714003,0.714003,,0.100615,,,,,,1464,,0,,,,
accuracy,Jaipur,temperature,7,,,gfs,model,5,mae,0.914286,0.914286,,-0.72619,,,,,,168,,1,,,,
accuracy,Jaipur,temperature,45,,,persistence,baseline,5,mae,0.947315,0.947315,,0.031019,,,,,,1080,,0,,,,
accuracy,Jaipur,temperature,30,,,persistence,baseline,5,mae,0.976528,0.976528,,0.043472,,,,,,720,,0,,,,
accuracy,Jaipur,temperature,,,,persistence,baseline,5,mae,1.044514,1.044514,,-0.062014,,,,,,1440,,0,,,,
accuracy,Jaipur,temperature,7,,,gem,model,6,mae,1.138095,1.138095,,0.885714,,,,,,168,,1,,,,
accuracy,Jaipur,temperature,30,,,gem,model,6,mae,1.332778,1.332778,,0.618889,,,,,,720,,0,,,,
accuracy,Jaipur,temperature,45,,,gem,model,6,mae,1.378981,1.378981,,0.724907,,,,,,1080,,0,,,,
accuracy,Jaipur,temperature,,,,gem,model,6,mae,1.401844,1.401844,,0.765915,,,,,,1464,,0,,,,
accuracy,Jaipur,temperature,7,,,persistence,baseline,7,mae,1.13869,1.13869,,0.177976,,,,,,168,,1,,,,
accuracy,Jaipur,temperature,30,,,gfs,model,7,mae,1.857778,1.857778,,-1.590833,,,,,,720,,0,,,,
accuracy,Jaipur,temperature,45,,,gfs,model,7,mae,1.996481,1.996481,,-1.760926,,,,,,1080,,0,,,,
accuracy,Jaipur,temperature,,,,gfs,model,7,mae,2.001161,2.001161,,-1.792555,,,,,,1464,,0,,,,
accuracy,Jodhpur,temperature,30,,,ecmwf,model,1,mae,0.22375,0.22375,,-0.155139,,,,,,720,,0,,,,
accuracy,Jodhpur,temperature,45,,,ecmwf,model,1,mae,0.244352,0.244352,,-0.171759,,,,,,1080,,0,,,,
accuracy,Jodhpur,temperature,,,,ecmwf,model,1,mae,0.277527,0.277527,,-0.159768,,,,,,1464,,0,,,,
accuracy,Jodhpur,temperature,7,,,ecmwf,model,1,mae,0.335119,0.335119,,-0.195833,,,,,,168,,1,,,,
accuracy,Jodhpur,temperature,30,,,weighted_blend,blend,2,mae,0.368211,0.368211,,-0.190171,,,,,,720,,0,,,,
accuracy,Jodhpur,temperature,45,,,weighted_blend,blend,2,mae,0.407369,0.407369,,-0.257887,,,,,,1080,,0,,,,
accuracy,Jodhpur,temperature,,,,weighted_blend,blend,2,mae,0.4353,0.4353,,-0.261605,,,,,,1464,,0,,,,
accuracy,Jodhpur,temperature,7,,,weighted_blend,blend,2,mae,0.540849,0.540849,,-0.045815,,,,,,168,,1,,,,
accuracy,Jodhpur,temperature,30,,,icon,model,3,mae,0.583333,0.583333,,0.039444,,,,,,720,,0,,,,
accuracy,Jodhpur,temperature,45,,,icon,model,3,mae,0.599167,0.599167,,-0.039537,,,,,,1080,,0,,,,
accuracy,Jodhpur,temperature,,,,icon,model,3,mae,0.69959,0.69959,,-0.020628,,,,,,1464,,0,,,,
accuracy,Jodhpur,temperature,7,,,equal_avg,baseline,3,mae,0.935565,0.935565,,0.036161,,,,,,168,,1,,,,
accuracy,Jodhpur,temperature,30,,,equal_avg,baseline,4,mae,0.692569,0.692569,,-0.398611,,,,,,720,,0,,,,
accuracy,Jodhpur,temperature,45,,,equal_avg,baseline,4,mae,0.76037,0.76037,,-0.529398,,,,,,1080,,0,,,,
accuracy,Jodhpur,temperature,,,,equal_avg,baseline,4,mae,0.788678,0.788678,,-0.573241,,,,,,1464,,0,,,,
accuracy,Jodhpur,temperature,7,,,icon,model,4,mae,0.992262,0.992262,,-0.070833,,,,,,168,,1,,,,
accuracy,Jodhpur,temperature,30,,,persistence,baseline,5,mae,0.809444,0.809444,,0.021389,,,,,,720,,0,,,,
accuracy,Jodhpur,temperature,45,,,persistence,baseline,5,mae,0.836481,0.836481,,0.028333,,,,,,1080,,0,,,,
accuracy,Jodhpur,temperature,,,,persistence,baseline,5,mae,0.983611,0.983611,,-0.059167,,,,,,1440,,0,,,,
accuracy,Jodhpur,temperature,7,,,gfs,model,5,mae,1.103571,1.103571,,-0.42619,,,,,,168,,1,,,,
accuracy,Jodhpur,temperature,30,,,gem,model,6,mae,1.143889,1.143889,,-0.101944,,,,,,720,,0,,,,
accuracy,Jodhpur,temperature,45,,,gem,model,6,mae,1.211667,1.211667,,-0.257593,,,,,,1080,,0,,,,
accuracy,Jodhpur,temperature,,,,gem,model,6,mae,1.241735,1.241735,,-0.260178,,,,,,1464,,0,,,,
accuracy,Jodhpur,temperature,7,,,persistence,baseline,6,mae,1.666071,1.666071,,-0.166071,,,,,,168,,1,,,,
accuracy,Jodhpur,temperature,30,,,gfs,model,7,mae,1.564861,1.564861,,-1.376806,,,,,,720,,0,,,,
accuracy,Jodhpur,temperature,45,,,gfs,model,7,mae,1.793704,1.793704,,-1.648704,,,,,,1080,,0,,,,
accuracy,Jodhpur,temperature,7,,,gem,model,7,mae,1.945833,1.945833,,0.8375,,,,,,168,,1,,,,
accuracy,Jodhpur,temperature,,,,gfs,model,7,mae,1.984221,1.984221,,-1.852391,,,,,,1464,,0,,,,
accuracy,Kanpur,temperature,,,,ecmwf,model,1,mae,0.307309,0.307309,,0.057582,,,,,,1464,,0,,,,
accuracy,Kanpur,temperature,45,,,ecmwf,model,1,mae,0.321944,0.321944,,0.041574,,,,,,1080,,0,,,,
accuracy,Kanpur,temperature,30,,,ecmwf,model,1,mae,0.347917,0.347917,,0.047917,,,,,,720,,0,,,,
accuracy,Kanpur,temperature,7,,,ecmwf,model,1,mae,0.378571,0.378571,,0.252381,,,,,,168,,1,,,,
accuracy,Kanpur,temperature,,,,weighted_blend,blend,2,mae,0.425247,0.425247,,0.044205,,,,,,1464,,0,,,,
accuracy,Kanpur,temperature,7,,,weighted_blend,blend,2,mae,0.427601,0.427601,,0.078269,,,,,,168,,1,,,,
accuracy,Kanpur,temperature,45,,,weighted_blend,blend,2,mae,0.458998,0.458998,,0.068456,,,,,,1080,,0,,,,
accuracy,Kanpur,temperature,30,,,weighted_blend,blend,2,mae,0.479995,0.479995,,0.087249,,,,,,720,,0,,,,
accuracy,Kanpur,temperature,,,,equal_avg,baseline,3,mae,0.630533,0.630533,,0.06349,,,,,,1464,,0,,,,
accuracy,Kanpur,temperature,7,,,equal_avg,baseline,3,mae,0.636756,0.636756,,-0.068006,,,,,,168,,1,,,,
accuracy,Kanpur,temperature,45,,,equal_avg,baseline,3,mae,0.673218,0.673218,,0.137431,,,,,,1080,,0,,,,
accuracy,Kanpur,temperature,30,,,equal_avg,baseline,3,mae,0.693264,0.693264,,0.168611,,,,,,720,,0,,,,
accuracy,Kanpur,temperature,7,,,icon,model,4,mae,0.741667,0.741667,,-0.072619,,,,,,168,,1,,,,
accuracy,Kanpur,temperature,,,,icon,model,4,mae,0.789003,0.789003,,-0.027117,,,,,,1464,,0,,,,
accuracy,Kanpur,temperature,45,,,icon,model,4,mae,0.819167,0.819167,,-0.056019,,,,,,1080,,0,,,,
accuracy,Kanpur,temperature,30,,,icon,model,4,mae,0.833194,0.833194,,-0.050417,,,,,,720,,0,,,,
accuracy,Kanpur,temperature,7,,,persistence,baseline,5,mae,0.820833,0.820833,,0.014881,,,,,,168,,1,,,,
accuracy,Kanpur,temperature,30,,,persistence,baseline,5,mae,0.994722,0.994722,,0.064722,,,,,,720,,0,,,,
accuracy,Kanpur,temperature,45,,,persistence,baseline,5,mae,1.066944,1.066944,,-0.027685,,,,,,1080,,0,,,,
accuracy,Kanpur,temperature,,,,persistence,baseline,5,mae,1.071597,1.071597,,-0.025625,,,,,,1440,,0,,,,
accuracy,Kanpur,temperature,7,,,gfs,model,6,mae,1.059524,1.059524,,-0.016667,,,,,,168,,1,,,,
accuracy,Kanpur,temperature,30,,,gfs,model,6,mae,1.16,1.16,,-0.243056,,,,,,720,,0,,,,
accuracy,Kanpur,temperature,45,,,gfs,model,6,mae,1.182778,1.182778,,-0.454815,,,,,,1080,,0,,,,
accuracy,Kanpur,temperature,,,,gfs,model,6,mae,1.321585,1.321585,,-0.755328,,,,,,1464,,0,,,,
accuracy,Kanpur,temperature,7,,,gem,model,7,mae,1.335119,1.335119,,-0.435119,,,,,,168,,1,,,,
accuracy,Kanpur,temperature,,,,gem,model,7,mae,1.500546,1.500546,,0.978825,,,,,,1464,,0,,,,
accuracy,Kanpur,temperature,30,,,gem,model,7,mae,1.504167,1.504167,,0.92,,,,,,720,,0,,,,
accuracy,Kanpur,temperature,45,,,gem,model,7,mae,1.521019,1.521019,,1.018981,,,,,,1080,,0,,,,
accuracy,Kochi,temperature,7,,,persistence,baseline,1,mae,0.347024,0.347024,,0.1375,,,,,,168,,1,,,,
accuracy,Kochi,temperature,30,,,persistence,baseline,1,mae,0.415417,0.415417,,0.074028,,,,,,720,,0,,,,
accuracy,Kochi,temperature,45,,,weighted_blend,blend,1,mae,0.448446,0.448446,,0.319814,,,,,,1080,,0,,,,
accuracy,Kochi,temperature,,,,weighted_blend,blend,1,mae,0.460262,0.460262,,0.275934,,,,,,1464,,0,,,,
accuracy,Kochi,temperature,30,,,weighted_blend,blend,2,mae,0.449439,0.449439,,0.337175,,,,,,720,,0,,,,
accuracy,Kochi,temperature,45,,,persistence,baseline,2,mae,0.479907,0.479907,,0.075278,,,,,,1080,,0,,,,
accuracy,Kochi,temperature,,,,icon,model,2,mae,0.527664,0.527664,,-0.023566,,,,,,1464,,0,,,,
accuracy,Kochi,temperature,7,,,icon,model,2,mae,0.594048,0.594048,,0.465476,,,,,,168,,1,,,,
accuracy,Kochi,temperature,45,,,icon,model,3,mae,0.504537,0.504537,,-0.003796,,,,,,1080,,0,,,,
accuracy,Kochi,temperature,30,,,icon,model,3,mae,0.508194,0.508194,,-0.02625,,,,,,720,,0,,,,
accuracy,Kochi,temperature,,,,equal_avg,baseline,3,mae,0.540198,0.540198,,0.350956,,,,,,1464,,0,,,,
accuracy,Kochi,temperature,7,,,gem,model,3,mae,0.650595,0.650595,,0.36369,,,,,,168,,1,,,,
accuracy,Kochi,temperature,45,,,equal_avg,baseline,4,mae,0.54169,0.54169,,0.396736,,,,,,1080,,0,,,,
accuracy,Kochi,temperature,30,,,equal_avg,baseline,4,mae,0.565035,0.565035,,0.424826,,,,,,720,,0,,,,
accuracy,Kochi,temperature,,,,persistence,baseline,4,mae,0.575347,0.575347,,0.040347,,,,,,1440,,0,,,,
accuracy,Kochi,temperature,7,,,weighted_blend,blend,4,mae,0.70034,0.70034,,0.689876,,,,,,168,,1,,,,
accuracy,Kochi,temperature,,,,ecmwf,model,5,mae,0.597814,0.597814,,0.327186,,,,,,1464,,0,,,,
accuracy,Kochi,temperature,45,,,ecmwf,model,5,mae,0.59963,0.59963,,0.406852,,,,,,1080,,0,,,,
accuracy,Kochi,temperature,30,,,ecmwf,model,5,mae,0.625417,0.625417,,0.474028,,,,,,720,,0,,,,
accuracy,Kochi,temperature,7,,,equal_avg,baseline,5,mae,0.825595,0.825595,,0.805952,,,,,,168,,1,,,,
accuracy,Kochi,temperature,30,,,gem,model,6,mae,0.698889,0.698889,,0.252778,,,,,,720,,0,,,,
accuracy,Kochi,temperature,45,,,gem,model,6,mae,0.709074,0.709074,,0.326111,,,,,,1080,,0,,,,
accuracy,Kochi,temperature,,,,gem,model,6,mae,0.746858,0.746858,,0.31776,,,,,,1464,,0,,,,
accuracy,Kochi,temperature,7,,,ecmwf,model,6,mae,0.828571,0.828571,,0.704762,,,,,,168,,1,,,,
accuracy,Kochi,temperature,,,,gfs,model,7,mae,1.353893,1.353893,,0.782445,,,,,,1464,,0,,,,
accuracy,Kochi,temperature,45,,,gfs,model,7,mae,1.42463,1.42463,,0.857778,,,,,,1080,,0,,,,
accuracy,Kochi,temperature,30,,,gfs,model,7,mae,1.534028,1.534028,,0.99875,,,,,,720,,0,,,,
accuracy,Kochi,temperature,7,,,gfs,model,7,mae,1.822024,1.822024,,1.689881,,,,,,168,,1,,,,
accuracy,Kolkata,temperature,7,,,ecmwf,model,1,mae,0.424405,0.424405,,0.227976,,,,,,168,,1,,,,
accuracy,Kolkata,temperature,,,,ecmwf,model,1,mae,0.436544,0.436544,,0.165642,,,,,,1464,,0,,,,
accuracy,Kolkata,temperature,30,,,ecmwf,model,1,mae,0.445972,0.445972,,0.182361,,,,,,720,,0,,,,
accuracy,Kolkata,temperature,45,,,ecmwf,model,1,mae,0.446667,0.446667,,0.195556,,,,,,1080,,0,,,,
accuracy,Kolkata,temperature,7,,,weighted_blend,blend,2,mae,0.455573,0.455573,,0.028557,,,,,,168,,1,,,,
accuracy,Kolkata,temperature,,,,weighted_blend,blend,2,mae,0.500999,0.500999,,-0.067061,,,,,,1464,,0,,,,
accuracy,Kolkata,temperature,30,,,weighted_blend,blend,2,mae,0.505043,0.505043,,-0.048792,,,,,,720,,0,,,,
accuracy,Kolkata,temperature,45,,,weighted_blend,blend,2,mae,0.508054,0.508054,,-0.055251,,,,,,1080,,0,,,,
accuracy,Kolkata,temperature,7,,,equal_avg,baseline,3,mae,0.536458,0.536458,,0.017708,,,,,,168,,1,,,,
accuracy,Kolkata,temperature,,,,equal_avg,baseline,3,mae,0.591189,0.591189,,-0.119262,,,,,,1464,,0,,,,
accuracy,Kolkata,temperature,30,,,equal_avg,baseline,3,mae,0.591875,0.591875,,-0.096111,,,,,,720,,0,,,,
accuracy,Kolkata,temperature,45,,,equal_avg,baseline,3,mae,0.598079,0.598079,,-0.112106,,,,,,1080,,0,,,,
accuracy,Kolkata,temperature,,,,icon,model,4,mae,0.735246,0.735246,,-0.319399,,,,,,1464,,0,,,,
accuracy,Kolkata,temperature,7,,,icon,model,4,mae,0.755357,0.755357,,-0.427976,,,,,,168,,1,,,,
accuracy,Kolkata,temperature,45,,,icon,model,4,mae,0.759259,0.759259,,-0.322593,,,,,,1080,,0,,,,
accuracy,Kolkata,temperature,30,,,icon,model,4,mae,0.761528,0.761528,,-0.331806,,,,,,720,,0,,,,
accuracy,Kolkata,temperature,45,,,persistence,baseline,5,mae,0.900556,0.900556,,0.02963,,,,,,1080,,0,,,,
accuracy,Kolkata,temperature,7,,,persistence,baseline,5,mae,0.904762,0.904762,,0.265476,,,,,,168,,1,,,,
accuracy,Kolkata,temperature,,,,persistence,baseline,5,mae,0.907222,0.907222,,0.015694,,,,,,1440,,0,,,,
accuracy,Kolkata,temperature,30,,,persistence,baseline,5,mae,0.912778,0.912778,,0.114722,,,,,,720,,0,,,,
accuracy,Kolkata,temperature,7,,,gfs,model,6,mae,0.909524,0.909524,,-0.514286,,,,,,168,,1,,,,
accuracy,Kolkata,temperature,30,,,gfs,model,6,mae,1.0625,1.0625,,-0.813056,,,,,,720,,0,,,,
accuracy,Kolkata,temperature,,,,gfs,model,6,mae,1.098566,1.098566,,-0.858675,,,,,,1464,,0,,,,
accuracy,Kolkata,temperature,45,,,gfs,model,6,mae,1.141481,1.141481,,-0.919074,,,,,,1080,,0,,,,
accuracy,Kolkata,temperature,,,,gem,model,7,mae,1.149863,1.149863,,0.535383,,,,,,1464,,0,,,,
accuracy,Kolkata,temperature,30,,,gem,model,7,mae,1.176667,1.176667,,0.578056,,,,,,720,,0,,,,
accuracy,Kolkata,temperature,7,,,gem,model,7,mae,1.177976,1.177976,,0.785119,,,,,,168,,1,,,,
accuracy,Kolkata,temperature,45,,,gem,model,7,mae,1.189167,1.189167,,0.597685,,,,,,1080,,0,,,,
accuracy,Kota,temperature,30,,,ecmwf,model,1,mae,0.35125,0.35125,,-0.234306,,,,,,720,,0,,,,
accuracy,Kota,temperature,7,,,ecmwf,model,1,mae,0.359524,0.359524,,-0.058333,,,,,,168,,1,,,,
accuracy,Kota,temperature,45,,,ecmwf,model,1,mae,0.39213,0.39213,,-0.256574,,,,,,1080,,0,,,,
accuracy,Kota,temperature,,,,ecmwf,model,1,mae,0.418579,0.418579,,-0.196038,,,,,,1464,,0,,,,
accuracy,Kota,temperature,30,,,weighted_blend,blend,2,mae,0.451527,0.451527,,-0.24206,,,,,,720,,0,,,,
accuracy,Kota,temperature,45,,,weighted_blend,blend,2,mae,0.495869,0.495869,,-0.255513,,,,,,1080,,0,,,,
accuracy,Kota,temperature,7,,,weighted_blend,blend,2,mae,0.499369,0.499369,,-0.287389,,,,,,168,,1,,,,
accuracy,Kota,temperature,,,,weighted_blend,blend,2,mae,0.510577,0.510577,,-0.206653,,,,,,1464,,0,,,,
accuracy,Kota,temperature,30,,,equal_avg,baseline,3,mae,0.593576,0.593576,,-0.221424,,,,,,720,,0,,,,
accuracy,Kota,temperature,45,,,equal_avg,baseline,3,mae,0.639537,0.639537,,-0.249537,,,,,,1080,,0,,,,
accuracy,Kota,temperature,,,,equal_avg,baseline,3,mae,0.651383,0.651383,,-0.230072,,,,,,1464,,0,,,,
accuracy,Kota,temperature,7,,,equal_avg,baseline,3,mae,0.660863,0.660863,,-0.351935,,,,,,168,,1,,,,
accuracy,Kota,temperature,30,,,icon,model,4,mae,0.763194,0.763194,,-0.506528,,,,,,720,,0,,,,
accuracy,Kota,temperature,45,,,icon,model,4,mae,0.835185,0.835185,,-0.482407,,,,,,1080,,0,,,,
accuracy,Kota,temperature,,,,icon,model,4,mae,0.856352,0.856352,,-0.322746,,,,,,1464,,0,,,,
accuracy,Kota,temperature,7,,,icon,model,4,mae,0.946429,0.946429,,-0.803571,,,,,,168,,1,,,,
accuracy,Kota,temperature,30,,,persistence,baseline,5,mae,0.896528,0.896528,,-0.009583,,,,,,720,,0,,,,
accuracy,Kota,temperature,45,,,persistence,baseline,5,mae,0.918704,0.918704,,-0.021667,,,,,,1080,,0,,,,
accuracy,Kota,temperature,7,,,persistence,baseline,5,mae,0.992262,0.992262,,-0.056548,,,,,,168,,1,,,,
accuracy,Kota,temperature,,,,persistence,baseline,5,mae,1.024792,1.024792,,-0.086597,,,,,,1440,,0,,,,
accuracy,Kota,temperature,30,,,gem,model,6,mae,1.043333,1.043333,,0.187778,,,,,,720,,0,,,,
accuracy,Kota,temperature,45,,,gem,model,6,mae,1.151019,1.151019,,0.368056,,,,,,1080,,0,,,,
accuracy,Kota,temperature,7,,,gem,model,6,mae,1.185714,1.185714,,0.022619,,,,,,168,,1,,,,
accuracy,Kota,temperature,,,,gem,model,6,mae,1.198429,1.198429,,0.404167,,,,,,1464,,0,,,,
accuracy,Kota,temperature,30,,,gfs,model,7,mae,1.134583,1.134583,,-0.332639,,,,,,720,,0,,,,
accuracy,Kota,temperature,7,,,gfs,model,7,mae,1.239881,1.239881,,-0.568452,,,,,,168,,1,,,,
accuracy,Kota,temperature,45,,,gfs,model,7,mae,1.300741,1.300741,,-0.627222,,,,,,1080,,0,,,,
accuracy,Kota,temperature,,,,gfs,model,7,mae,1.418921,1.418921,,-0.805669,,,,,,1464,,0,,,,
accuracy,Lucknow,temperature,7,,,ecmwf,model,1,mae,0.280952,0.280952,,0.045238,,,,,,168,,1,,,,
accuracy,Lucknow,temperature,,,,ecmwf,model,1,mae,0.338661,0.338661,,0.002732,,,,,,1464,,0,,,,
accuracy,Lucknow,temperature,45,,,ecmwf,model,1,mae,0.355556,0.355556,,0.018148,,,,,,1080,,0,,,,
accuracy,Lucknow,temperature,30,,,ecmwf,model,1,mae,0.360694,0.360694,,0.030694,,,,,,720,,0,,,,
accuracy,Lucknow,temperature,7,,,weighted_blend,blend,2,mae,0.393526,0.393526,,-0.041958,,,,,,168,,1,,,,
accuracy,Lucknow,temperature,,,,weighted_blend,blend,2,mae,0.456557,0.456557,,-0.102904,,,,,,1464,,0,,,,
accuracy,Lucknow,temperature,30,,,weighted_blend,blend,2,mae,0.462007,0.462007,,-0.040569,,,,,,720,,0,,,,
accuracy,Lucknow,temperature,45,,,weighted_blend,blend,2,mae,0.464375,0.464375,,-0.057558,,,,,,1080,,0,,,,
accuracy,Lucknow,temperature,7,,,equal_avg,baseline,3,mae,0.611458,0.611458,,-0.184673,,,,,,168,,1,,,,
accuracy,Lucknow,temperature,30,,,equal_avg,baseline,3,mae,0.640312,0.640312,,-0.192674,,,,,,720,,0,,,,
accuracy,Lucknow,temperature,45,,,equal_avg,baseline,3,mae,0.67,0.67,,-0.232083,,,,,,1080,,0,,,,
accuracy,Lucknow,temperature,,,,equal_avg,baseline,3,mae,0.69638,0.69638,,-0.336646,,,,,,1464,,0,,,,
accuracy,Lucknow,temperature,7,,,persistence,baseline,4,mae,0.822024,0.822024,,-0.022024,,,,,,168,,1,,,,
accuracy,Lucknow,temperature,,,,icon,model,4,mae,0.831967,0.831967,,-0.304781,,,,,,1464,,0,,,,
accuracy,Lucknow,temperature,45,,,icon,model,4,mae,0.853704,0.853704,,-0.295185,,,,,,1080,,0,,,,
accuracy,Lucknow,temperature,30,,,icon,model,4,mae,0.877917,0.877917,,-0.389583,,,,,,720,,0,,,,
accuracy,Lucknow,temperature,7,,,icon,model,5,mae,0.890476,0.890476,,-0.446429,,,,,,168,,1,,,,
accuracy,Lucknow,temperature,30,,,persistence,baseline,5,mae,0.909444,0.909444,,0.04,,,,,,720,,0,,,,
accuracy,Lucknow,temperature,45,,,persistence,baseline,5,mae,1.035463,1.035463,,-0.021389,,,,,,1080,,0,,,,
accuracy,Lucknow,temperature,,,,persistence,baseline,5,mae,1.046597,1.046597,,-0.024653,,,,,,1440,,0,,,,
accuracy,Lucknow,temperature,7,,,gem,model,6,mae,1.22619,1.22619,,0.902381,,,,,,168,,1,,,,
accuracy,Lucknow,temperature,,,,gem,model,6,mae,1.247951,1.247951,,0.740164,,,,,,1464,,0,,,,
accuracy,Lucknow,temperature,45,,,gem,model,6,mae,1.285556,1.285556,,0.77537,,,,,,1080,,0,,,,
accuracy,Lucknow,temperature,30,,,gem,model,6,mae,1.305,1.305,,0.945,,,,,,720,,0,,,,
accuracy,Lucknow,temperature,7,,,gfs,model,7,mae,1.449405,1.449405,,-1.239881,,,,,,168,,1,,,,
accuracy,Lucknow,temperature,30,,,gfs,model,7,mae,1.609028,1.609028,,-1.356806,,,,,,720,,0,,,,
accuracy,Lucknow,temperature,45,,,gfs,model,7,mae,1.671852,1.671852,,-1.426667,,,,,,1080,,0,,,,
accuracy,Lucknow,temperature,,,,gfs,model,7,mae,1.975,1.975,,-1.784699,,,,,,1464,,0,,,,
accuracy,Ludhiana,temperature,,,,weighted_blend,blend,1,mae,0.713331,0.713331,,0.155447,,,,,,1464,,0,,,,
accuracy,Ludhiana,temperature,45,,,weighted_blend,blend,1,mae,0.739089,0.739089,,0.265207,,,,,,1080,,0,,,,
accuracy,Ludhiana,temperature,30,,,weighted_blend,blend,1,mae,0.799273,0.799273,,0.304037,,,,,,720,,0,,,,
accuracy,Ludhiana,temperature,7,,,ecmwf,model,1,mae,0.85119,0.85119,,0.763095,,,,,,168,,1,,,,
accuracy,Ludhiana,temperature,,,,ecmwf,model,2,mae,0.75765,0.75765,,0.560519,,,,,,1464,,0,,,,
accuracy,Ludhiana,temperature,45,,,ecmwf,model,2,mae,0.79963,0.79963,,0.623519,,,,,,1080,,0,,,,
accuracy,Ludhiana,temperature,30,,,icon,model,2,mae,0.869861,0.869861,,-0.195972,,,,,,720,,0,,,,
accuracy,Ludhiana,temperature,7,,,weighted_blend,blend,2,mae,0.935699,0.935699,,0.116552,,,,,,168,,1,,,,
accuracy,Ludhiana,temperature,45,,,icon,model,3,mae,0.853056,0.853056,,-0.133241,,,,,,1080,,0,,,,
accuracy,Ludhiana,temperature,,,,equal_avg,baseline,3,mae,0.881865,0.881865,,0.029884,,,,,,1464,,0,,,,
accuracy,Ludhiana,temperature,30,,,ecmwf,model,3,mae,0.895972,0.895972,,0.743472,,,,,,720,,0,,,,
accuracy,Ludhiana,temperature,7,,,icon,model,3,mae,1.008929,1.008929,,-0.298214,,,,,,168,,1,,,,
accuracy,Ludhiana,temperature,,,,icon,model,4,mae,0.889071,0.889071,,-0.188388,,,,,,1464,,0,,,,
accuracy,Ludhiana,temperature,45,,,equal_avg,baseline,4,mae,0.916273,0.916273,,0.181829,,,,,,1080,,0,,,,
accuracy,Ludhiana,temperature,30,,,equal_avg,baseline,4,mae,1.008056,1.008056,,0.215625,,,,,,720,,0,,,,
accuracy,Ludhiana,temperature,7,,,equal_avg,baseline,4,mae,1.225744,1.225744,,-0.04747,,,,,,168,,1,,,,
accuracy,Ludhiana,temperature,30,,,persistence,baseline,5,mae,1.158056,1.158056,,-0.006111,,,,,,720,,0,,,,
accuracy,Ludhiana,temperature,7,,,persistence,baseline,5,mae,1.249405,1.249405,,-0.241071,,,,,,168,,1,,,,
accuracy,Ludhiana,temperature,45,,,persistence,baseline,5,mae,1.293519,1.293519,,-0.040185,,,,,,1080,,0,,,,
accuracy,Ludhiana,temperature,,,,persistence,baseline,5,mae,1.402847,1.402847,,-0.062847,,,,,,1440,,0,,,,
accuracy,Ludhiana,temperature,,,,gem,model,6,mae,1.501298,1.501298,,0.592008,,,,,,1464,,0,,,,
accuracy,Ludhiana,temperature,30,,,gem,model,6,mae,1.566806,1.566806,,0.701528,,,,,,720,,0,,,,
accuracy,Ludhiana,temperature,7,,,gem,model,6,mae,1.575595,1.575595,,0.064881,,,,,,168,,1,,,,
accuracy,Ludhiana,temperature,45,,,gem,model,6,mae,1.577315,1.577315,,0.669352,,,,,,1080,,0,,,,
accuracy,Ludhiana,temperature,45,,,gfs,model,7,mae,2.121574,2.121574,,-0.432315,,,,,,1080,,0,,,,
accuracy,Ludhiana,temperature,,,,gfs,model,7,mae,2.151161,2.151161,,-0.844604,,,,,,1464,,0,,,,
accuracy,Ludhiana,temperature,30,,,gfs,model,7,mae,2.279028,2.279028,,-0.386528,,,,,,720,,0,,,,
accuracy,Ludhiana,temperature,7,,,gfs,model,7,mae,2.693452,2.693452,,-0.719643,,,,,,168,,1,,,,
accuracy,Madurai,temperature,7,,,ecmwf,model,1,mae,0.757738,0.757738,,0.597024,,,,,,168,,1,,,,
accuracy,Madurai,temperature,,,,ecmwf,model,1,mae,0.893852,0.893852,,0.703962,,,,,,1464,,0,,,,
accuracy,Madurai,temperature,30,,,persistence,baseline,1,mae,0.945556,0.945556,,-0.068889,,,,,,720,,0,,,,
accuracy,Madurai,temperature,45,,,ecmwf,model,1,mae,0.979537,0.979537,,0.785463,,,,,,1080,,0,,,,
accuracy,Madurai,temperature,,,,persistence,baseline,2,mae,1.070347,1.070347,,-0.028958,,,,,,1440,,0,,,,
accuracy,Madurai,temperature,30,,,ecmwf,model,2,mae,1.083194,1.083194,,0.95375,,,,,,720,,0,,,,
accuracy,Madurai,temperature,7,,,weighted_blend,blend,2,mae,1.091079,1.091079,,0.863059,,,,,,168,,1,,,,
accuracy,Madurai,temperature,45,,,persistence,baseline,2,mae,1.12287,1.12287,,-0.023056,,,,,,1080,,0,,,,
accuracy,Madurai,temperature,,,,weighted_blend,blend,3,mae,1.14398,1.14398,,0.941118,,,,,,1464,,0,,,,
accuracy,Madurai,temperature,45,,,icon,model,3,mae,1.187222,1.187222,,0.714074,,,,,,1080,,0,,,,
accuracy,Madurai,temperature,30,,,icon,model,3,mae,1.189444,1.189444,,0.801111,,,,,,720,,0,,,,
accuracy,Madurai,temperature,7,,,persistence,baseline,3,mae,1.218452,1.218452,,-0.345833,,,,,,168,,1,,,,
accuracy,Madurai,temperature,45,,,weighted_blend,blend,4,mae,1.189268,1.189268,,0.971433,,,,,,1080,,0,,,,
accuracy,Madurai,temperature,,,,icon,model,4,mae,1.197131,1.197131,,0.750956,,,,,,1464,,0,,,,
accuracy,Madurai,temperature,30,,,weighted_blend,blend,4,mae,1.217368,1.217368,,1.081394,,,,,,720,,0,,,,
accuracy,Madurai,temperature,7,,,equal_avg,baseline,4,mae,1.265476,1.265476,,1.050298,,,,,,168,,1,,,,
accuracy,Madurai,temperature,,,,equal_avg,baseline,5,mae,1.314259,1.314259,,1.095816,,,,,,1464,,0,,,,
accuracy,Madurai,temperature,30,,,gfs,model,5,mae,1.325833,1.325833,,0.9275,,,,,,720,,0,,,,
accuracy,Madurai,temperature,7,,,gfs,model,5,mae,1.35,1.35,,0.4,,,,,,168,,1,,,,
accuracy,Madurai,temperature,45,,,equal_avg,baseline,5,mae,1.356759,1.356759,,1.11838,,,,,,1080,,0,,,,
accuracy,Madurai,temperature,,,,gfs,model,6,mae,1.355874,1.355874,,0.889481,,,,,,1464,,0,,,,
accuracy,Madurai,temperature,30,,,equal_avg,baseline,6,mae,1.367014,1.367014,,1.227361,,,,,,720,,0,,,,
accuracy,Madurai,temperature,7,,,icon,model,6,mae,1.382738,1.382738,,0.889881,,,,,,168,,1,,,,
accuracy,Madurai,temperature,45,,,gfs,model,6,mae,1.436852,1.436852,,0.927407,,,,,,1080,,0,,,,
accuracy,Madurai,temperature,,,,gem,model,7,mae,2.347473,2.347473,,2.038866,,,,,,1464,,0,,,,
accuracy,Madurai,temperature,45,,,gem,model,7,mae,2.40213,2.40213,,2.046574,,,,,,1080,,0,,,,
accuracy,Madurai,temperature,30,,,gem,model,7,mae,2.407917,2.407917,,2.227083,,,,,,720,,0,,,,
accuracy,Madurai,temperature,7,,,gem,model,7,mae,2.522619,2.522619,,2.314286,,,,,,168,,1,,,,
accuracy,Mumbai,temperature,7,,,ecmwf,model,1,mae,0.376786,0.376786,,0.042262,,,,,,168,,1,,,,
accuracy,Mumbai,temperature,45,,,weighted_blend,blend,1,mae,0.433055,0.433055,,-0.290918,,,,,,1080,,0,,,,
accuracy,Mumbai,temperature,30,,,weighted_blend,blend,1,mae,0.440215,0.440215,,-0.330102,,,,,,720,,0,,,,
accuracy,Mumbai,temperature,,,,weighted_blend,blend,1,mae,0.444807,0.444807,,-0.250985,,,,,,1464,,0,,,,
accuracy,Mumbai,temperature,30,,,ecmwf,model,2,mae,0.451806,0.451806,,0.164583,,,,,,720,,0,,,,
accuracy,Mumbai,temperature,7,,,weighted_blend,blend,2,mae,0.455541,0.455541,,-0.354196,,,,,,168,,1,,,,
accuracy,Mumbai,temperature,45,,,ecmwf,model,2,mae,0.456574,0.456574,,0.166759,,,,,,1080,,0,,,,
accuracy,Mumbai,temperature,,,,ecmwf,model,2,mae,0.490574,0.490574,,0.219945,,,,,,1464,,0,,,,
accuracy,Mumbai,temperature,30,,,persistence,baseline,3,mae,0.5425,0.5425,,0.000278,,,,,,720,,0,,,,
accuracy,Mumbai,temperature,7,,,equal_avg,baseline,3,mae,0.58378,0.58378,,-0.497173,,,,,,168,,1,,,,
accuracy,Mumbai,temperature,,,,equal_avg,baseline,3,mae,0.604474,0.604474,,-0.504611,,,,,,1464,,0,,,,
accuracy,Mumbai,temperature,45,,,persistence,baseline,3,mae,0.606852,0.606852,,-0.000556,,,,,,1080,,0,,,,
accuracy,Mumbai,temperature,45,,,equal_avg,baseline,4,mae,0.609792,0.609792,,-0.547384,,,,,,1080,,0,,,,
accuracy,Mumbai,temperature,30,,,equal_avg,baseline,4,mae,0.626215,0.626215,,-0.572604,,,,,,720,,0,,,,
accuracy,Mumbai,temperature,,,,persistence,baseline,4,mae,0.652083,0.652083,,0.000417,,,,,,1440,,0,,,,
accuracy,Mumbai,temperature,7,,,gem,model,4,mae,0.659524,0.659524,,-0.357143,,,,,,168,,1,,,,
accuracy,Mumbai,temperature,45,,,icon,model,5,mae,0.676944,0.676944,,-0.583056,,,,,,1080,,0,,,,
accuracy,Mumbai,temperature,30,,,gem,model,5,mae,0.699722,0.699722,,-0.174167,,,,,,720,,0,,,,
accuracy,Mumbai,temperature,,,,icon,model,5,mae,0.708743,0.708743,,-0.603279,,,,,,1464,,0,,,,
accuracy,Mumbai,temperature,7,,,icon,model,5,mae,0.742857,0.742857,,-0.602381,,,,,,168,,1,,,,
accuracy,Mumbai,temperature,30,,,icon,model,6,mae,0.703194,0.703194,,-0.625694,,,,,,720,,0,,,,
accuracy,Mumbai,temperature,45,,,gem,model,6,mae,0.708333,0.708333,,-0.03963,,,,,,1080,,0,,,,
accuracy,Mumbai,temperature,,,,gem,model,6,mae,0.714139,0.714139,,0.034085,,,,,,1464,,0,,,,
accuracy,Mumbai,temperature,7,,,persistence,baseline,6,mae,0.754762,0.754762,,0.035714,,,,,,168,,1,,,,
accuracy,Mumbai,temperature,7,,,gfs,model,7,mae,1.215476,1.215476,,-1.071429,,,,,,168,,1,,,,
accuracy,Mumbai,temperature,30,,,gfs,model,7,mae,1.692639,1.692639,,-1.655139,,,,,,720,,0,,,,
accuracy,Mumbai,temperature,,,,gfs,model,7,mae,1.711954,1.711954,,-1.669194,,,,,,1464,,0,,,,
accuracy,Mumbai,temperature,45,,,gfs,model,7,mae,1.759167,1.759167,,-1.733611,,,,,,1080,,0,,,,
accuracy,Nagpur,temperature,,,,ecmwf,model,1,mae,0.375478,0.375478,,0.059358,,,,,,1464,,0,,,,
accuracy,Nagpur,temperature,45,,,ecmwf,model,1,mae,0.383796,0.383796,,0.113056,,,,,,1080,,0,,,,
accuracy,Nagpur,temperature,30,,,ecmwf,model,1,mae,0.395278,0.395278,,0.146111,,,,,,720,,0,,,,
accuracy,Nagpur,temperature,7,,,ecmwf,model,1,mae,0.538095,0.538095,,0.25,,,,,,168,,1,,,,
accuracy,Nagpur,temperature,,,,weighted_blend,blend,2,mae,0.448315,0.448315,,0.220257,,,,,,1464,,0,,,,
accuracy,Nagpur,temperature,30,,,weighted_blend,blend,2,mae,0.449856,0.449856,,0.2691,,,,,,720,,0,,,,
accuracy,Nagpur,temperature,45,,,weighted_blend,blend,2,mae,0.459444,0.459444,,0.276619,,,,,,1080,,0,,,,
accuracy,Nagpur,temperature,7,,,weighted_blend,blend,2,mae,0.581328,0.581328,,0.286233,,,,,,168,,1,,,,
accuracy,Nagpur,temperature,30,,,equal_avg,baseline,3,mae,0.569583,0.569583,,0.382083,,,,,,720,,0,,,,
accuracy,Nagpur,temperature,,,,equal_avg,baseline,3,mae,0.580601,0.580601,,0.345355,,,,,,1464,,0,,,,
accuracy,Nagpur,temperature,45,,,equal_avg,baseline,3,mae,0.588958,0.588958,,0.405532,,,,,,1080,,0,,,,
accuracy,Nagpur,temperature,7,,,icon,model,3,mae,0.679762,0.679762,,-0.244048,,,,,,168,,1,,,,
accuracy,Nagpur,temperature,30,,,icon,model,4,mae,0.621944,0.621944,,-0.050556,,,,,,720,,0,,,,
accuracy,Nagpur,temperature,45,,,icon,model,4,mae,0.63213,0.63213,,-0.006759,,,,,,1080,,0,,,,
accuracy,Nagpur,temperature,,,,icon,model,4,mae,0.640915,0.640915,,-0.014686,,,,,,1464,,0,,,,
accuracy,Nagpur,temperature,7,,,equal_avg,baseline,4,mae,0.700595,0.700595,,0.398512,,,,,,168,,1,,,,
accuracy,Nagpur,temperature,7,,,gfs,model,5,mae,0.916071,0.916071,,0.66369,,,,,,168,,1,,,,
accuracy,Nagpur,temperature,45,,,persistence,baseline,5,mae,0.944259,0.944259,,0.000926,,,,,,1080,,0,,,,
accuracy,Nagpur,temperature,,,,persistence,baseline,5,mae,0.988472,0.988472,,0.030694,,,,,,1440,,0,,,,
accuracy,Nagpur,temperature,30,,,gem,model,5,mae,1.006944,1.006944,,0.586667,,,,,,720,,0,,,,
accuracy,Nagpur,temperature,,,,gfs,model,6,mae,1.038183,1.038183,,0.564959,,,,,,1464,,0,,,,
accuracy,Nagpur,temperature,45,,,gem,model,6,mae,1.039352,1.039352,,0.672685,,,,,,1080,,0,,,,
accuracy,Nagpur,temperature,30,,,persistence,baseline,6,mae,1.045694,1.045694,,0.054583,,,,,,720,,0,,,,
accuracy,Nagpur,temperature,7,,,persistence,baseline,6,mae,1.35,1.35,,-0.071429,,,,,,168,,1,,,,
accuracy,Nagpur,temperature,45,,,gfs,model,7,mae,1.042407,1.042407,,0.843148,,,,,,1080,,0,,,,
accuracy,Nagpur,temperature,30,,,gfs,model,7,mae,1.055833,1.055833,,0.846111,,,,,,720,,0,,,,
accuracy,Nagpur,temperature,,,,gem,model,7,mae,1.124658,1.124658,,0.77179,,,,,,1464,,0,,,,
accuracy,Nagpur,temperature,7,,,gem,model,7,mae,1.379167,1.379167,,0.924405,,,,,,168,,1,,,,
accuracy,Nashik,temperature,45,,,ecmwf,model,1,mae,0.248426,0.248426,,0.047315,,,,,,1080,,0,,,,
accuracy,Nashik,temperature,7,,,ecmwf,model,1,mae,0.250595,0.250595,,-0.026786,,,,,,168,,1,,,,
accuracy,Nashik,temperature,,,,ecmwf,model,1,mae,0.251434,0.251434,,0.027664,,,,,,1464,,0,,,,
accuracy,Nashik,temperature,30,,,ecmwf,model,1,mae,0.258889,0.258889,,0.048889,,,,,,720,,0,,,,
accuracy,Nashik,temperature,30,,,weighted_blend,blend,2,mae,0.278675,0.278675,,0.098294,,,,,,720,,0,,,,
accuracy,Nashik,temperature,7,,,weighted_blend,blend,2,mae,0.282977,0.282977,,0.011405,,,,,,168,,1,,,,
accuracy,Nashik,temperature,45,,,weighted_blend,blend,2,mae,0.288344,0.288344,,0.118362,,,,,,1080,,0,,,,
accuracy,Nashik,temperature,,,,weighted_blend,blend,2,mae,0.306896,0.306896,,0.076717,,,,,,1464,,0,,,,
accuracy,Nashik,temperature,30,,,equal_avg,baseline,3,mae,0.320486,0.320486,,0.117986,,,,,,720,,0,,,,
accuracy,Nashik,temperature,45,,,equal_avg,baseline,3,mae,0.334699,0.334699,,0.146968,,,,,,1080,,0,,,,
accuracy,Nashik,temperature,7,,,equal_avg,baseline,3,mae,0.33631,0.33631,,0.010119,,,,,,168,,1,,,,
accuracy,Nashik,temperature,,,,equal_avg,baseline,3,mae,0.355721,0.355721,,0.096704,,,,,,1464,,0,,,,
accuracy,Nashik,temperature,45,,,gfs,model,4,mae,0.486667,0.486667,,0.15963,,,,,,1080,,0,,,,
accuracy,Nashik,temperature,30,,,gfs,model,4,mae,0.522778,0.522778,,0.173333,,,,,,720,,0,,,,
accuracy,Nashik,temperature,,,,persistence,baseline,4,mae,0.532153,0.532153,,0.003819,,,,,,1440,,0,,,,
accuracy,Nashik,temperature,7,,,gfs,model,4,mae,0.559524,0.559524,,0.371429,,,,,,168,,1,,,,
accuracy,Nashik,temperature,45,,,persistence,baseline,5,mae,0.52213,0.52213,,0.008796,,,,,,1080,,0,,,,
accuracy,Nashik,temperature,,,,gfs,model,5,mae,0.53224,0.53224,,0.122678,,,,,,1464,,0,,,,
accuracy,Nashik,temperature,30,,,persistence,baseline,5,mae,0.546806,0.546806,,0.035139,,,,,,720,,0,,,,
accuracy,Nashik,temperature,7,,,icon,model,5,mae,0.640476,0.640476,,-0.378571,,,,,,168,,1,,,,
accuracy,Nashik,temperature,30,,,icon,model,6,mae,0.557222,0.557222,,-0.211389,,,,,,720,,0,,,,
accuracy,Nashik,temperature,45,,,icon,model,6,mae,0.558241,0.558241,,-0.09287,,,,,,1080,,0,,,,
accuracy,Nashik,temperature,,,,icon,model,6,mae,0.58873,0.58873,,-0.149112,,,,,,1464,,0,,,,
accuracy,Nashik,temperature,7,,,gem,model,6,mae,0.676786,0.676786,,0.074405,,,,,,168,,1,,,,
accuracy,Nashik,temperature,,,,gem,model,7,mae,0.65321,0.65321,,0.385587,,,,,,1464,,0,,,,
accuracy,Nashik,temperature,45,,,gem,model,7,mae,0.700648,0.700648,,0.473796,,,,,,1080,,0,,,,
accuracy,Nashik,temperature,30,,,gem,model,7,mae,0.726667,0.726667,,0.461111,,,,,,720,,0,,,,
accuracy,Nashik,temperature,7,,,persistence,baseline,7,mae,0.865476,0.865476,,0.053571,,,,,,168,,1,,,,
accuracy,Patna,temperature,7,,,ecmwf,model,1,mae,0.336905,0.336905,,-0.121429,,,,,,168,,1,,,,
accuracy,Patna,temperature,30,,,ecmwf,model,1,mae,0.388472,0.388472,,-0.16125,,,,,,720,,0,,,,
accuracy,Patna,temperature,45,,,ecmwf,model,1,mae,0.389444,0.389444,,-0.192778,,,,,,1080,,0,,,,
accuracy,Patna,temperature,,,,ecmwf,model,1,mae,0.404781,0.404781,,-0.219262,,,,,,1464,,0,,,,
accuracy,Patna,temperature,7,,,weighted_blend,blend,2,mae,0.447867,0.447867,,-0.146824,,,,,,168,,1,,,,
accuracy,Patna,temperature,30,,,weighted_blend,blend,2,mae,0.49746,0.49746,,-0.154226,,,,,,720,,0,,,,
accuracy,Patna,temperature,45,,,weighted_blend,blend,2,mae,0.499516,0.499516,,-0.204585,,,,,,1080,,0,,,,
accuracy,Patna,temperature,,,,weighted_blend,blend,2,mae,0.502173,0.502173,,-0.229616,,,,,,1464,,0,,,,
accuracy,Patna,temperature,7,,,persistence,baseline,3,mae,0.571429,0.571429,,-0.016667,,,,,,168,,1,,,,
accuracy,Patna,temperature,30,,,equal_avg,baseline,3,mae,0.73184,0.73184,,-0.486771,,,,,,720,,0,,,,
accuracy,Patna,temperature,45,,,equal_avg,baseline,3,mae,0.766481,0.766481,,-0.556852,,,,,,1080,,0,,,,
accuracy,Patna,temperature,,,,equal_avg,baseline,3,mae,0.774146,0.774146,,-0.578381,,,,,,1464,,0,,,,
accuracy,Patna,temperature,7,,,equal_avg,baseline,4,mae,0.719196,0.719196,,-0.454613,,,,,,168,,1,,,,
accuracy,Patna,temperature,,,,icon,model,4,mae,0.800546,0.800546,,-0.290437,,,,,,1464,,0,,,,
accuracy,Patna,temperature,45,,,icon,model,4,mae,0.831944,0.831944,,-0.275278,,,,,,1080,,0,,,,
accuracy,Patna,temperature,30,,,persistence,baseline,4,mae,0.848056,0.848056,,0.016667,,,,,,720,,0,,,,
accuracy,Patna,temperature,7,,,icon,model,5,mae,0.847619,0.847619,,-0.413095,,,,,,168,,1,,,,
accuracy,Patna,temperature,30,,,icon,model,5,mae,0.865556,0.865556,,-0.248889,,,,,,720,,0,,,,
accuracy,Patna,temperature,45,,,persistence,baseline,5,mae,0.923241,0.923241,,-0.019722,,,,,,1080,,0,,,,
accuracy,Patna,temperature,,,,persistence,baseline,5,mae,0.930764,0.930764,,0.005069,,,,,,1440,,0,,,,
accuracy,Patna,temperature,,,,gem,model,6,mae,1.626639,1.626639,,1.198634,,,,,,1464,,0,,,,
accuracy,Patna,temperature,45,,,gem,model,6,mae,1.6625,1.6625,,1.255463,,,,,,1080,,0,,,,
accuracy,Patna,temperature,30,,,gem,model,6,mae,1.72875,1.72875,,1.407917,,,,,,720,,0,,,,
accuracy,Patna,temperature,7,,,gem,model,6,mae,2.045238,2.045238,,1.60119,,,,,,168,,1,,,,
accuracy,Patna,temperature,7,,,gfs,model,7,mae,2.885119,2.885119,,-2.885119,,,,,,168,,1,,,,
accuracy,Patna,temperature,30,,,gfs,model,7,mae,2.962361,2.962361,,-2.944861,,,,,,720,,0,,,,
accuracy,Patna,temperature,,,,gfs,model,7,mae,3.014754,3.014754,,-3.002459,,,,,,1464,,0,,,,
accuracy,Patna,temperature,45,,,gfs,model,7,mae,3.029444,3.029444,,-3.014815,,,,,,1080,,0,,,,
accuracy,Pune,temperature,30,,,weighted_blend,blend,1,mae,0.287833,0.287833,,0.03366,,,,,,720,,0,,,,
accuracy,Pune,temperature,45,,,weighted_blend,blend,1,mae,0.29205,0.29205,,-0.008514,,,,,,1080,,0,,,,
accuracy,Pune,temperature,,,,weighted_blend,blend,1,mae,0.310915,0.310915,,0.009915,,,,,,1464,,0,,,,
accuracy,Pune,temperature,7,,,weighted_blend,blend,1,mae,0.333344,0.333344,,0.08452,,,,,,168,,1,,,,
accuracy,Pune,temperature,30,,,equal_avg,baseline,2,mae,0.315069,0.315069,,0.058264,,,,,,720,,0,,,,
accuracy,Pune,temperature,,,,ecmwf,model,2,mae,0.315164,0.315164,,0.070765,,,,,,1464,,0,,,,
accuracy,Pune,temperature,45,,,equal_avg,baseline,2,mae,0.319954,0.319954,,0.021574,,,,,,1080,,0,,,,
accuracy,Pune,temperature,7,,,equal_avg,baseline,2,mae,0.367708,0.367708,,0.050744,,,,,,168,,1,,,,
accuracy,Pune,temperature,45,,,ecmwf,model,3,mae,0.327778,0.327778,,0.052037,,,,,,1080,,0,,,,
accuracy,Pune,temperature,,,,equal_avg,baseline,3,mae,0.346192,0.346192,,0.039839,,,,,,1464,,0,,,,
accuracy,Pune,temperature,30,,,ecmwf,model,3,mae,0.361528,0.361528,,0.110139,,,,,,720,,0,,,,
accuracy,Pune,temperature,7,,,ecmwf,model,3,mae,0.460119,0.460119,,0.254167,,,,,,168,,1,,,,
accuracy,Pune,temperature,30,,,persistence,baseline,4,mae,0.484306,0.484306,,0.039861,,,,,,720,,0,,,,
accuracy,Pune,temperature,45,,,persistence,baseline,4,mae,0.492963,0.492963,,0.015,,,,,,1080,,0,,,,
accuracy,Pune,temperature,7,,,icon,model,4,mae,0.496429,0.496429,,-0.202381,,,,,,168,,1,,,,
accuracy,Pune,temperature,,,,persistence,baseline,4,mae,0.514653,0.514653,,0.011458,,,,,,1440,,0,,,,
accuracy,Pune,temperature,30,,,icon,model,5,mae,0.518056,0.518056,,-0.287778,,,,,,720,,0,,,,
accuracy,Pune,temperature,45,,,icon,model,5,mae,0.549074,0.549074,,-0.322778,,,,,,1080,,0,,,,
accuracy,Pune,temperature,,,,icon,model,5,mae,0.587705,0.587705,,-0.335109,,,,,,1464,,0,,,,
accuracy,Pune,temperature,7,,,gfs,model,5,mae,0.727976,0.727976,,-0.431548,,,,,,168,,1,,,,
accuracy,Pune,temperature,45,,,gfs,model,6,mae,0.689259,0.689259,,-0.51463,,,,,,1080,,0,,,,
accuracy,Pune,temperature,,,,gfs,model,6,mae,0.700956,0.700956,,-0.44235,,,,,,1464,,0,,,,
accuracy,Pune,temperature,30,,,gfs,model,6,mae,0.713889,0.713889,,-0.5175,,,,,,720,,0,,,,
accuracy,Pune,temperature,7,,,gem,model,6,mae,0.792262,0.792262,,0.582738,,,,,,168,,1,,,,
accuracy,Pune,temperature,7,,,persistence,baseline,7,mae,0.810119,0.810119,,0.104167,,,,,,168,,1,,,,
accuracy,Pune,temperature,,,,gem,model,7,mae,0.931352,0.931352,,0.866052,,,,,,1464,,0,,,,
accuracy,Pune,temperature,45,,,gem,model,7,mae,0.938704,0.938704,,0.871667,,,,,,1080,,0,,,,
accuracy,Pune,temperature,30,,,gem,model,7,mae,0.989583,0.989583,,0.928194,,,,,,720,,0,,,,
accuracy,Raipur,temperature,30,,,ecmwf,model,1,mae,0.304583,0.304583,,0.094028,,,,,,720,,0,,,,
accuracy,Raipur,temperature,45,,,ecmwf,model,1,mae,0.321204,0.321204,,0.076204,,,,,,1080,,0,,,,
accuracy,Raipur,temperature,7,,,ecmwf,model,1,mae,0.325,0.325,,0.086905,,,,,,168,,1,,,,
accuracy,Raipur,temperature,,,,ecmwf,model,1,mae,0.331079,0.331079,,0.058538,,,,,,1464,,0,,,,
accuracy,Raipur,temperature,45,,,weighted_blend,blend,2,mae,0.462505,0.462505,,0.219459,,,,,,1080,,0,,,,
accuracy,Raipur,temperature,,,,weighted_blend,blend,2,mae,0.46422,0.46422,,0.225575,,,,,,1464,,0,,,,
accuracy,Raipur,temperature,30,,,weighted_blend,blend,2,mae,0.46658,0.46658,,0.3023,,,,,,720,,0,,,,
accuracy,Raipur,temperature,7,,,weighted_blend,blend,2,mae,0.473333,0.473333,,0.22104,,,,,,168,,1,,,,
accuracy,Raipur,temperature,45,,,equal_avg,baseline,3,mae,0.629815,0.629815,,0.34,,,,,,1080,,0,,,,
accuracy,Raipur,temperature,,,,equal_avg,baseline,3,mae,0.630003,0.630003,,0.346704,,,,,,1464,,0,,,,
accuracy,Raipur,temperature,30,,,equal_avg,baseline,3,mae,0.643542,0.643542,,0.461458,,,,,,720,,0,,,,
accuracy,Raipur,temperature,7,,,equal_avg,baseline,3,mae,0.665476,0.665476,,0.379167,,,,,,168,,1,,,,
accuracy,Raipur,temperature,30,,,icon,model,4,mae,0.732361,0.732361,,-0.049306,,,,,,720,,0,,,,
accuracy,Raipur,temperature,45,,,icon,model,4,mae,0.755648,0.755648,,-0.105648,,,,,,1080,,0,,,,
accuracy,Raipur,temperature,,,,icon,model,4,mae,0.765847,0.765847,,0.022951,,,,,,1464,,0,,,,
accuracy,Raipur,temperature,7,,,icon,model,4,mae,0.832143,0.832143,,-0.433333,,,,,,168,,1,,,,
accuracy,Raipur,temperature,45,,,persistence,baseline,5,mae,1.038148,1.038148,,-0.020926,,,,,,1080,,0,,,,
accuracy,Raipur,temperature,,,,persistence,baseline,5,mae,1.060278,1.060278,,0.032778,,,,,,1440,,0,,,,
accuracy,Raipur,temperature,30,,,persistence,baseline,5,mae,1.064167,1.064167,,0.083056,,,,,,720,,0,,,,
accuracy,Raipur,temperature,7,,,persistence,baseline,5,mae,1.131548,1.131548,,-0.093452,,,,,,168,,1,,,,
accuracy,Raipur,temperature,45,,,gem,model,6,mae,1.133333,1.133333,,0.724815,,,,,,1080,,0,,,,
accuracy,Raipur,temperature,7,,,gfs,model,6,mae,1.144048,1.144048,,0.671429,,,,,,168,,1,,,,
accuracy,Raipur,temperature,30,,,gem,model,6,mae,1.157917,1.157917,,0.830417,,,,,,720,,0,,,,
accuracy,Raipur,temperature,,,,gfs,model,6,mae,1.168716,1.168716,,0.471038,,,,,,1464,,0,,,,
accuracy,Raipur,temperature,,,,gem,model,7,mae,1.182104,1.182104,,0.83429,,,,,,1464,,0,,,,
accuracy,Raipur,temperature,45,,,gfs,model,7,mae,1.203704,1.203704,,0.66463,,,,,,1080,,0,,,,
accuracy,Raipur,temperature,30,,,gfs,model,7,mae,1.240139,1.240139,,0.970694,,,,,,720,,0,,,,
accuracy,Raipur,temperature,7,,,gem,model,7,mae,1.47619,1.47619,,1.191667,,,,,,168,,1,,,,
accuracy,Ranchi,temperature,7,,,ecmwf,model,1,mae,0.336905,0.336905,,-0.190476,,,,,,168,,1,,,,
accuracy,Ranchi,temperature,30,,,ecmwf,model,1,mae,0.382361,0.382361,,-0.218194,,,,,,720,,0,,,,
accuracy,Ranchi,temperature,45,,,ecmwf,model,1,mae,0.387407,0.387407,,-0.234444,,,,,,1080,,0,,,,
accuracy,Ranchi,temperature,,,,ecmwf,model,1,mae,0.400683,0.400683,,-0.228689,,,,,,1464,,0,,,,
accuracy,Ranchi,temperature,7,,,weighted_blend,blend,2,mae,0.406091,0.406091,,-0.173005,,,,,,168,,1,,,,
accuracy,Ranchi,temperature,30,,,weighted_blend,blend,2,mae,0.440376,0.440376,,-0.083254,,,,,,720,,0,,,,
accuracy,Ranchi,temperature,45,,,weighted_blend,blend,2,mae,0.449435,0.449435,,-0.107945,,,,,,1080,,0,,,,
accuracy,Ranchi,temperature,,,,weighted_blend,blend,2,mae,0.472239,0.472239,,-0.117821,,,,,,1464,,0,,,,
accuracy,Ranchi,temperature,7,,,equal_avg,baseline,3,mae,0.456101,0.456101,,-0.148661,,,,,,168,,1,,,,
accuracy,Ranchi,temperature,30,,,equal_avg,baseline,3,mae,0.49434,0.49434,,-0.033368,,,,,,720,,0,,,,
accuracy,Ranchi,temperature,45,,,equal_avg,baseline,3,mae,0.503611,0.503611,,-0.056806,,,,,,1080,,0,,,,
accuracy,Ranchi,temperature,,,,equal_avg,baseline,3,mae,0.524846,0.524846,,-0.073412,,,,,,1464,,0,,,,
accuracy,Ranchi,temperature,7,,,gfs,model,4,mae,0.643452,0.643452,,-0.193452,,,,,,168,,1,,,,
accuracy,Ranchi,temperature,30,,,icon,model,4,mae,0.69,0.69,,-0.149444,,,,,,720,,0,,,,
accuracy,Ranchi,temperature,45,,,icon,model,4,mae,0.698241,0.698241,,-0.212315,,,,,,1080,,0,,,,
accuracy,Ranchi,temperature,,,,icon,model,4,mae,0.717486,0.717486,,-0.181148,,,,,,1464,,0,,,,
accuracy,Ranchi,temperature,7,,,icon,model,5,mae,0.669643,0.669643,,-0.408929,,,,,,168,,1,,,,
accuracy,Ranchi,temperature,30,,,gfs,model,5,mae,0.750972,0.750972,,-0.146528,,,,,,720,,0,,,,
accuracy,Ranchi,temperature,45,,,gfs,model,5,mae,0.780556,0.780556,,-0.220741,,,,,,1080,,0,,,,
accuracy,Ranchi,temperature,,,,gfs,model,5,mae,0.833402,0.833402,,-0.303484,,,,,,1464,,0,,,,
accuracy,Ranchi,temperature,7,,,persistence,baseline,6,mae,0.796429,0.796429,,0.020238,,,,,,168,,1,,,,
accuracy,Ranchi,temperature,30,,,persistence,baseline,6,mae,0.807222,0.807222,,0.004444,,,,,,720,,0,,,,
accuracy,Ranchi,temperature,45,,,persistence,baseline,6,mae,0.843333,0.843333,,-0.029815,,,,,,1080,,0,,,,
accuracy,Ranchi,temperature,,,,persistence,baseline,6,mae,0.860139,0.860139,,-0.014167,,,,,,1440,,0,,,,
accuracy,Ranchi,temperature,,,,gem,model,7,mae,0.944809,0.944809,,0.419672,,,,,,1464,,0,,,,
accuracy,Ranchi,temperature,30,,,gem,model,7,mae,0.947361,0.947361,,0.380694,,,,,,720,,0,,,,
accuracy,Ranchi,temperature,45,,,gem,model,7,mae,0.965278,0.965278,,0.440278,,,,,,1080,,0,,,,
accuracy,Ranchi,temperature,7,,,gem,model,7,mae,1.052976,1.052976,,0.198214,,,,,,168,,1,,,,
accuracy,Shillong,temperature,7,,,ecmwf,model,1,mae,0.499405,0.499405,,0.224405,,,,,,168,,1,,,,
accuracy,Shillong,temperature,30,,,ecmwf,model,1,mae,0.545972,0.545972,,0.349583,,,,,,720,,0,,,,
accuracy,Shillong,temperature,45,,,ecmwf,model,1,mae,0.551852,0.551852,,0.370556,,,,,,1080,,0,,,,
accuracy,Shillong,temperature,,,,ecmwf,model,1,mae,0.606011,0.606011,,0.448087,,,,,,1464,,0,,,,
accuracy,Shillong,temperature,7,,,weighted_blend,blend,2,mae,0.622031,0.622031,,0.402157,,,,,,168,,1,,,,
accuracy,Shillong,temperature,30,,,weighted_blend,blend,2,mae,0.8008,0.8008,,0.670502,,,,,,720,,0,,,,
accuracy,Shillong,temperature,45,,,weighted_blend,blend,2,mae,0.829212,0.829212,,0.724668,,,,,,1080,,0,,,,
accuracy,Shillong,temperature,,,,persistence,baseline,2,mae,0.879375,0.879375,,-0.014931,,,,,,1440,,0,,,,
accuracy,Shillong,temperature,7,,,equal_avg,baseline,3,mae,0.697768,0.697768,,0.458482,,,,,,168,,1,,,,
accuracy,Shillong,temperature,30,,,persistence,baseline,3,mae,0.864722,0.864722,,-0.009722,,,,,,720,,0,,,,
accuracy,Shillong,temperature,45,,,persistence,baseline,3,mae,0.897593,0.897593,,-0.030741,,,,,,1080,,0,,,,
accuracy,Shillong,temperature,,,,weighted_blend,blend,3,mae,0.907641,0.907641,,0.818634,,,,,,1464,,0,,,,
accuracy,Shillong,temperature,30,,,equal_avg,baseline,4,mae,0.922326,0.922326,,0.791979,,,,,,720,,0,,,,
accuracy,Shillong,temperature,7,,,gem,model,4,mae,0.955357,0.955357,,0.429167,,,,,,168,,1,,,,
accuracy,Shillong,temperature,45,,,equal_avg,baseline,4,mae,0.95669,0.95669,,0.855579,,,,,,1080,,0,,,,
accuracy,Shillong,temperature,,,,equal_avg,baseline,4,mae,1.044809,1.044809,,0.959426,,,,,,1464,,0,,,,
accuracy,Shillong,temperature,7,,,icon,model,5,mae,1.007143,1.007143,,0.497619,,,,,,168,,1,,,,
accuracy,Shillong,temperature,30,,,gem,model,5,mae,1.02875,1.02875,,0.607361,,,,,,720,,0,,,,
accuracy,Shillong,temperature,45,,,gem,model,5,mae,1.060463,1.060463,,0.710648,,,,,,1080,,0,,,,
accuracy,Shillong,temperature,,,,gem,model,5,mae,1.086407,1.086407,,0.775751,,,,,,1464,,0,,,,
accuracy,Shillong,temperature,7,,,gfs,model,6,mae,1.081548,1.081548,,0.682738,,,,,,168,,1,,,,
accuracy,Shillong,temperature,45,,,gfs,model,6,mae,1.28213,1.28213,,1.07287,,,,,,1080,,0,,,,
accuracy,Shillong,temperature,30,,,gfs,model,6,mae,1.296667,1.296667,,1.060278,,,,,,720,,0,,,,
accuracy,Shillong,temperature,,,,gfs,model,6,mae,1.361134,1.361134,,1.17821,,,,,,1464,,0,,,,
accuracy,Shillong,temperature,7,,,persistence,baseline,7,mae,1.097619,1.097619,,-0.040476,,,,,,168,,1,,,,
accuracy,Shillong,temperature,30,,,icon,model,7,mae,1.326806,1.326806,,1.150694,,,,,,720,,0,,,,
accuracy,Shillong,temperature,45,,,icon,model,7,mae,1.410463,1.410463,,1.268241,,,,,,1080,,0,,,,
accuracy,Shillong,temperature,,,,icon,model,7,mae,1.543716,1.543716,,1.435656,,,,,,1464,,0,,,,
accuracy,Shimla,temperature,45,,,weighted_blend,blend,1,mae,0.593855,0.593855,,-0.121863,,,,,,1080,,0,,,,
accuracy,Shimla,temperature,,,,weighted_blend,blend,1,mae,0.599486,0.599486,,-0.119413,,,,,,1464,,0,,,,
accuracy,Shimla,temperature,30,,,weighted_blend,blend,1,mae,0.606619,0.606619,,-0.137825,,,,,,720,,0,,,,
accuracy,Shimla,temperature,7,,,weighted_blend,blend,1,mae,0.719625,0.719625,,-0.42481,,,,,,168,,1,,,,
accuracy,Shimla,temperature,45,,,equal_avg,baseline,2,mae,0.642454,0.642454,,-0.197593,,,,,,1080,,0,,,,
accuracy,Shimla,temperature,,,,equal_avg,baseline,2,mae,0.652681,0.652681,,-0.188849,,,,,,1464,,0,,,,
accuracy,Shimla,temperature,30,,,equal_avg,baseline,2,mae,0.654896,0.654896,,-0.218229,,,,,,720,,0,,,,
accuracy,Shimla,temperature,7,,,gfs,model,2,mae,0.767262,0.767262,,-0.344643,,,,,,168,,1,,,,
accuracy,Shimla,temperature,,,,ecmwf,model,3,mae,0.678689,0.678689,,0.219536,,,,,,1464,,0,,,,
accuracy,Shimla,temperature,45,,,ecmwf,model,3,mae,0.702037,0.702037,,0.263519,,,,,,1080,,0,,,,
accuracy,Shimla,temperature,30,,,ecmwf,model,3,mae,0.738611,0.738611,,0.288611,,,,,,720,,0,,,,
accuracy,Shimla,temperature,7,,,persistence,baseline,3,mae,0.819048,0.819048,,-0.204762,,,,,,168,,1,,,,
accuracy,Shimla,temperature,30,,,persistence,baseline,4,mae,0.819722,0.819722,,-0.086111,,,,,,720,,0,,,,
accuracy,Shimla,temperature,7,,,ecmwf,model,4,mae,0.826786,0.826786,,0.377976,,,,,,168,,1,,,,
accuracy,Shimla,temperature,,,,gfs,model,4,mae,0.906148,0.906148,,0.272814,,,,,,1464,,0,,,,
accuracy,Shimla,temperature,45,,,persistence,baseline,4,mae,0.908796,0.908796,,-0.058426,,,,,,1080,,0,,,,
accuracy,Shimla,temperature,7,,,equal_avg,baseline,5,mae,0.831548,0.831548,,-0.555655,,,,,,168,,1,,,,
accuracy,Shimla,temperature,30,,,gfs,model,5,mae,0.890556,0.890556,,0.185833,,,,,,720,,0,,,,
accuracy,Shimla,temperature,,,,persistence,baseline,5,mae,0.913681,0.913681,,-0.072708,,,,,,1440,,0,,,,
accuracy,Shimla,temperature,45,,,gfs,model,5,mae,0.940741,0.940741,,0.243333,,,,,,1080,,0,,,,
accuracy,Shimla,temperature,45,,,icon,model,6,mae,1.102778,1.102778,,-0.8,,,,,,1080,,0,,,,
accuracy,Shimla,temperature,,,,icon,model,6,mae,1.110041,1.110041,,-0.771243,,,,,,1464,,0,,,,
accuracy,Shimla,temperature,30,,,icon,model,6,mae,1.167639,1.167639,,-0.842917,,,,,,720,,0,,,,
accuracy,Shimla,temperature,7,,,icon,model,6,mae,1.475,1.475,,-1.285714,,,,,,168,,1,,,,
accuracy,Shimla,temperature,,,,gem,model,7,mae,1.170219,1.170219,,-0.476503,,,,,,1464,,0,,,,
accuracy,Shimla,temperature,45,,,gem,model,7,mae,1.181111,1.181111,,-0.497222,,,,,,1080,,0,,,,
accuracy,Shimla,temperature,30,,,gem,model,7,mae,1.241944,1.241944,,-0.504444,,,,,,720,,0,,,,
accuracy,Shimla,temperature,7,,,gem,model,7,mae,1.491667,1.491667,,-0.970238,,,,,,168,,1,,,,
accuracy,Srinagar,temperature,,,,weighted_blend,blend,1,mae,0.794176,0.794176,,0.279165,,,,,,1464,,0,,,,
accuracy,Srinagar,temperature,45,,,weighted_blend,blend,1,mae,0.817095,0.817095,,0.432258,,,,,,1080,,0,,,,
accuracy,Srinagar,temperature,7,,,weighted_blend,blend,1,mae,0.872127,0.872127,,0.556501,,,,,,168,,1,,,,
accuracy,Srinagar,temperature,30,,,weighted_blend,blend,1,mae,0.887249,0.887249,,0.570566,,,,,,720,,0,,,,
accuracy,Srinagar,temperature,,,,ecmwf,model,2,mae,0.869945,0.869945,,0.622268,,,,,,1464,,0,,,,
accuracy,Srinagar,temperature,45,,,equal_avg,baseline,2,mae,0.928704,0.928704,,0.393565,,,,,,1080,,0,,,,
accuracy,Srinagar,temperature,7,,,ecmwf,model,2,mae,0.929762,0.929762,,0.645238,,,,,,168,,1,,,,
accuracy,Srinagar,temperature,30,,,ecmwf,model,2,mae,0.983611,0.983611,,0.641389,,,,,,720,,0,,,,
accuracy,Srinagar,temperature,,,,equal_avg,baseline,3,mae,0.939208,0.939208,,0.189822,,,,,,1464,,0,,,,
accuracy,Srinagar,temperature,45,,,ecmwf,model,3,mae,0.955556,0.955556,,0.658704,,,,,,1080,,0,,,,
accuracy,Srinagar,temperature,30,,,equal_avg,baseline,3,mae,1.000382,1.000382,,0.577049,,,,,,720,,0,,,,
accuracy,Srinagar,temperature,7,,,persistence,baseline,3,mae,1.032143,1.032143,,-0.192857,,,,,,168,,1,,,,
accuracy,Srinagar,temperature,7,,,equal_avg,baseline,4,mae,1.043452,1.043452,,0.524405,,,,,,168,,1,,,,
accuracy,Srinagar,temperature,,,,icon,model,4,mae,1.089413,1.089413,,0.260587,,,,,,1464,,0,,,,
accuracy,Srinagar,temperature,45,,,icon,model,4,mae,1.115,1.115,,0.355741,,,,,,1080,,0,,,,
accuracy,Srinagar,temperature,30,,,icon,model,4,mae,1.185972,1.185972,,0.503194,,,,,,720,,0,,,,
accuracy,Srinagar,temperature,7,,,icon,model,5,mae,1.134524,1.134524,,0.658333,,,,,,168,,1,,,,
accuracy,Srinagar,temperature,30,,,persistence,baseline,5,mae,1.237222,1.237222,,-0.161389,,,,,,720,,0,,,,
accuracy,Srinagar,temperature,45,,,persistence,baseline,5,mae,1.237593,1.237593,,-0.060926,,,,,,1080,,0,,,,
accuracy,Srinagar,temperature,,,,persistence,baseline,5,mae,1.432222,1.432222,,-0.134444,,,,,,1440,,0,,,,
accuracy,Srinagar,temperature,30,,,gem,model,6,mae,1.620556,1.620556,,-0.567778,,,,,,720,,0,,,,
accuracy,Srinagar,temperature,7,,,gem,model,6,mae,1.681548,1.681548,,-1.085119,,,,,,168,,1,,,,
accuracy,Srinagar,temperature,45,,,gem,model,6,mae,1.74287,1.74287,,-0.916944,,,,,,1080,,0,,,,
accuracy,Srinagar,temperature,,,,gem,model,6,mae,1.78347,1.78347,,-1.070355,,,,,,1464,,0,,,,
accuracy,Srinagar,temperature,45,,,gfs,model,7,mae,2.023611,2.023611,,1.476759,,,,,,1080,,0,,,,
accuracy,Srinagar,temperature,,,,gfs,model,7,mae,2.048019,2.048019,,0.94679,,,,,,1464,,0,,,,
accuracy,Srinagar,temperature,30,,,gfs,model,7,mae,2.150278,2.150278,,1.731389,,,,,,720,,0,,,,
accuracy,Srinagar,temperature,7,,,gfs,model,7,mae,2.476786,2.476786,,1.879167,,,,,,168,,1,,,,
accuracy,Surat,temperature,,,,ecmwf,model,1,mae,0.346243,0.346243,,0.124522,,,,,,1464,,0,,,,
accuracy,Surat,temperature,45,,,ecmwf,model,1,mae,0.351296,0.351296,,0.18463,,,,,,1080,,0,,,,
accuracy,Surat,temperature,30,,,ecmwf,model,1,mae,0.396944,0.396944,,0.273611,,,,,,720,,0,,,,
accuracy,Surat,temperature,7,,,ecmwf,model,1,mae,0.449405,0.449405,,0.281548,,,,,,168,,1,,,,
accuracy,Surat,temperature,45,,,weighted_blend,blend,2,mae,0.434874,0.434874,,0.203913,,,,,,1080,,0,,,,
accuracy,Surat,temperature,,,,weighted_blend,blend,2,mae,0.438797,0.438797,,0.130417,,,,,,1464,,0,,,,
accuracy,Surat,temperature,30,,,weighted_blend,blend,2,mae,0.450268,0.450268,,0.309412,,,,,,720,,0,,,,
accuracy,Surat,temperature,7,,,weighted_blend,blend,2,mae,0.631025,0.631025,,0.446502,,,,,,168,,1,,,,
accuracy,Surat,temperature,30,,,equal_avg,baseline,3,mae,0.486111,0.486111,,0.322847,,,,,,720,,0,,,,
accuracy,Surat,temperature,45,,,equal_avg,baseline,3,mae,0.487222,0.487222,,0.20875,,,,,,1080,,0,,,,
accuracy,Surat,temperature,,,,equal_avg,baseline,3,mae,0.49474,0.49474,,0.134665,,,,,,1464,,0,,,,
accuracy,Surat,temperature,7,,,equal_avg,baseline,3,mae,0.702232,0.702232,,0.495089,,,,,,168,,1,,,,
accuracy,Surat,temperature,30,,,persistence,baseline,4,mae,0.500139,0.500139,,0.020694,,,,,,720,,0,,,,
accuracy,Surat,temperature,45,,,persistence,baseline,4,mae,0.518056,0.518056,,9.3e-05,,,,,,1080,,0,,,,
accuracy,Surat,temperature,,,,icon,model,4,mae,0.581148,0.581148,,0.141257,,,,,,1464,,0,,,,
accuracy,Surat,temperature,7,,,icon,model,4,mae,0.844643,0.844643,,0.618452,,,,,,168,,1,,,,
accuracy,Surat,temperature,30,,,icon,model,5,mae,0.522361,0.522361,,0.319861,,,,,,720,,0,,,,
accuracy,Surat,temperature,45,,,icon,model,5,mae,0.535093,0.535093,,0.265648,,,,,,1080,,0,,,,
accuracy,Surat,temperature,,,,persistence,baseline,5,mae,0.605417,0.605417,,-0.012778,,,,,,1440,,0,,,,
accuracy,Surat,temperature,7,,,gem,model,5,mae,0.883929,0.883929,,0.517262,,,,,,168,,1,,,,
accuracy,Surat,temperature,30,,,gfs,model,6,mae,0.647778,0.647778,,0.309444,,,,,,720,,0,,,,
accuracy,Surat,temperature,45,,,gfs,model,6,mae,0.673056,0.673056,,0.103796,,,,,,1080,,0,,,,
accuracy,Surat,temperature,,,,gfs,model,6,mae,0.701708,0.701708,,0.01209,,,,,,1464,,0,,,,
accuracy,Surat,temperature,7,,,persistence,baseline,6,mae,0.908929,0.908929,,-0.2375,,,,,,168,,1,,,,
accuracy,Surat,temperature,30,,,gem,model,7,mae,0.664583,0.664583,,0.388472,,,,,,720,,0,,,,
accuracy,Surat,temperature,45,,,gem,model,7,mae,0.717778,0.717778,,0.280926,,,,,,1080,,0,,,,
accuracy,Surat,temperature,,,,gem,model,7,mae,0.730055,0.730055,,0.260792,,,,,,1464,,0,,,,
accuracy,Surat,temperature,7,,,gfs,model,7,mae,0.952381,0.952381,,0.563095,,,,,,168,,1,,,,
accuracy,Thane,temperature,30,,,ecmwf,model,1,mae,0.259167,0.259167,,-0.165278,,,,,,720,,0,,,,
accuracy,Thane,temperature,7,,,ecmwf,model,1,mae,0.264286,0.264286,,-0.178571,,,,,,168,,1,,,,
accuracy,Thane,temperature,45,,,ecmwf,model,1,mae,0.279907,0.279907,,-0.159537,,,,,,1080,,0,,,,
accuracy,Thane,temperature,,,,ecmwf,model,1,mae,0.29474,0.29474,,-0.157309,,,,,,1464,,0,,,,
accuracy,Thane,temperature,7,,,weighted_blend,blend,2,mae,0.454681,0.454681,,-0.424382,,,,,,168,,1,,,,
accuracy,Thane,temperature,30,,,weighted_blend,blend,2,mae,0.53711,0.53711,,-0.477682,,,,,,720,,0,,,,
accuracy,Thane,temperature,45,,,weighted_blend,blend,2,mae,0.540697,0.540697,,-0.453624,,,,,,1080,,0,,,,
accuracy,Thane,temperature,,,,weighted_blend,blend,2,mae,0.558208,0.558208,,-0.463751,,,,,,1464,,0,,,,
accuracy,Thane,temperature,30,,,persistence,baseline,3,mae,0.602639,0.602639,,0.025417,,,,,,720,,0,,,,
accuracy,Thane,temperature,45,,,persistence,baseline,3,mae,0.650463,0.650463,,0.016389,,,,,,1080,,0,,,,
accuracy,Thane,temperature,7,,,equal_avg,baseline,3,mae,0.653423,0.653423,,-0.62872,,,,,,168,,1,,,,
accuracy,Thane,temperature,,,,persistence,baseline,3,mae,0.708889,0.708889,,0.013889,,,,,,1440,,0,,,,
accuracy,Thane,temperature,7,,,gem,model,4,mae,0.782738,0.782738,,-0.370833,,,,,,168,,1,,,,
accuracy,Thane,temperature,30,,,equal_avg,baseline,4,mae,0.841181,0.841181,,-0.801667,,,,,,720,,0,,,,
accuracy,Thane,temperature,45,,,equal_avg,baseline,4,mae,0.841181,0.841181,,-0.788171,,,,,,1080,,0,,,,
accuracy,Thane,temperature,,,,gem,model,4,mae,0.867418,0.867418,,-0.207309,,,,,,1464,,0,,,,
accuracy,Thane,temperature,7,,,gfs,model,5,mae,0.796429,0.796429,,-0.683333,,,,,,168,,1,,,,
accuracy,Thane,temperature,30,,,gem,model,5,mae,0.849861,0.849861,,-0.29375,,,,,,720,,0,,,,
accuracy,Thane,temperature,45,,,gem,model,5,mae,0.863333,0.863333,,-0.190926,,,,,,1080,,0,,,,
accuracy,Thane,temperature,,,,equal_avg,baseline,5,mae,0.868118,0.868118,,-0.810536,,,,,,1464,,0,,,,
accuracy,Thane,temperature,7,,,persistence,baseline,6,mae,0.871429,0.871429,,0.053571,,,,,,168,,1,,,,
accuracy,Thane,temperature,45,,,icon,model,6,mae,1.251389,1.251389,,-1.206759,,,,,,1080,,0,,,,
accuracy,Thane,temperature,,,,icon,model,6,mae,1.278005,1.278005,,-1.22582,,,,,,1464,,0,,,,
accuracy,Thane,temperature,30,,,icon,model,6,mae,1.330972,1.330972,,-1.317917,,,,,,720,,0,,,,
accuracy,Thane,temperature,7,,,icon,model,7,mae,1.282143,1.282143,,-1.282143,,,,,,168,,1,,,,
accuracy,Thane,temperature,30,,,gfs,model,7,mae,1.465556,1.465556,,-1.429722,,,,,,720,,0,,,,
accuracy,Thane,temperature,45,,,gfs,model,7,mae,1.621759,1.621759,,-1.595463,,,,,,1080,,0,,,,
accuracy,Thane,temperature,,,,gfs,model,7,mae,1.688046,1.688046,,-1.651708,,,,,,1464,,0,,,,
accuracy,Thiruvananthapuram,temperature,30,,,persistence,baseline,1,mae,0.434167,0.434167,,0.073333,,,,,,720,,0,,,,
accuracy,Thiruvananthapuram,temperature,7,,,persistence,baseline,1,mae,0.446429,0.446429,,0.095238,,,,,,168,,1,,,,
accuracy,Thiruvananthapuram,temperature,45,,,persistence,baseline,1,mae,0.518981,0.518981,,0.076759,,,,,,1080,,0,,,,
accuracy,Thiruvananthapuram,temperature,,,,persistence,baseline,1,mae,0.535764,0.535764,,0.032014,,,,,,1440,,0,,,,
accuracy,Thiruvananthapuram,temperature,7,,,weighted_blend,blend,2,mae,0.5155,0.5155,,-0.401781,,,,,,168,,1,,,,
accuracy,Thiruvananthapuram,temperature,30,,,weighted_blend,blend,2,mae,0.596067,0.596067,,-0.541804,,,,,,720,,0,,,,
accuracy,Thiruvananthapuram,temperature,45,,,weighted_blend,blend,2,mae,0.596939,0.596939,,-0.549588,,,,,,1080,,0,,,,
accuracy,Thiruvananthapuram,temperature,,,,ecmwf,model,2,mae,0.619467,0.619467,,-0.582719,,,,,,1464,,0,,,,
accuracy,Thiruvananthapuram,temperature,7,,,equal_avg,baseline,3,mae,0.533929,0.533929,,-0.383631,,,,,,168,,1,,,,
accuracy,Thiruvananthapuram,temperature,45,,,ecmwf,model,3,mae,0.607037,0.607037,,-0.577593,,,,,,1080,,0,,,,
accuracy,Thiruvananthapuram,temperature,30,,,equal_avg,baseline,3,mae,0.620417,0.620417,,-0.544167,,,,,,720,,0,,,,
accuracy,Thiruvananthapuram,temperature,,,,weighted_blend,blend,3,mae,0.631844,0.631844,,-0.583168,,,,,,1464,,0,,,,
accuracy,Thiruvananthapuram,temperature,45,,,equal_avg,baseline,4,mae,0.61912,0.61912,,-0.551806,,,,,,1080,,0,,,,
accuracy,Thiruvananthapuram,temperature,30,,,icon,model,4,mae,0.638194,0.638194,,-0.43625,,,,,,720,,0,,,,
accuracy,Thiruvananthapuram,temperature,7,,,icon,model,4,mae,0.645238,0.645238,,-0.257143,,,,,,168,,1,,,,
accuracy,Thiruvananthapuram,temperature,,,,equal_avg,baseline,4,mae,0.660161,0.660161,,-0.593904,,,,,,1464,,0,,,,
accuracy,Thiruvananthapuram,temperature,30,,,ecmwf,model,5,mae,0.647361,0.647361,,-0.620694,,,,,,720,,0,,,,
accuracy,Thiruvananthapuram,temperature,7,,,ecmwf,model,5,mae,0.654762,0.654762,,-0.620238,,,,,,168,,1,,,,
accuracy,Thiruvananthapuram,temperature,45,,,icon,model,5,mae,0.683981,0.683981,,-0.529722,,,,,,1080,,0,,,,
accuracy,Thiruvananthapuram,temperature,,,,icon,model,5,mae,0.69515,0.69515,,-0.544877,,,,,,1464,,0,,,,
accuracy,Thiruvananthapuram,temperature,45,,,gem,model,6,mae,1.031667,1.031667,,-0.791481,,,,,,1080,,0,,,,
accuracy,Thiruvananthapuram,temperature,7,,,gem,model,6,mae,1.047024,1.047024,,-0.833929,,,,,,168,,1,,,,
accuracy,Thiruvananthapuram,temperature,,,,gfs,model,6,mae,1.060451,1.060451,,-0.357855,,,,,,1464,,0,,,,
accuracy,Thiruvananthapuram,temperature,30,,,gem,model,6,mae,1.082917,1.082917,,-0.87625,,,,,,720,,0,,,,
accuracy,Thiruvananthapuram,temperature,45,,,gfs,model,7,mae,1.047315,1.047315,,-0.308426,,,,,,1080,,0,,,,
accuracy,Thiruvananthapuram,temperature,,,,gem,model,7,mae,1.103005,1.103005,,-0.890164,,,,,,1464,,0,,,,
accuracy,Thiruvananthapuram,temperature,30,,,gfs,model,7,mae,1.123194,1.123194,,-0.243472,,,,,,720,,0,,,,
accuracy,Thiruvananthapuram,temperature,7,,,gfs,model,7,mae,1.124405,1.124405,,0.176786,,,,,,168,,1,,,,
accuracy,Vadodara,temperature,30,,,weighted_blend,blend,1,mae,0.324402,0.324402,,0.092035,,,,,,720,,0,,,,
accuracy,Vadodara,temperature,45,,,weighted_blend,blend,1,mae,0.326886,0.326886,,-0.00384,,,,,,1080,,0,,,,
accuracy,Vadodara,temperature,,,,weighted_blend,blend,1,mae,0.349682,0.349682,,-0.003918,,,,,,1464,,0,,,,
accuracy,Vadodara,temperature,7,,,ecmwf,model,1,mae,0.404167,0.404167,,0.224405,,,,,,168,,1,,,,
accuracy,Vadodara,temperature,,,,ecmwf,model,2,mae,0.361749,0.361749,,0.144262,,,,,,1464,,0,,,,
accuracy,Vadodara,temperature,45,,,ecmwf,model,2,mae,0.363333,0.363333,,0.187222,,,,,,1080,,0,,,,
accuracy,Vadodara,temperature,30,,,ecmwf,model,2,mae,0.408056,0.408056,,0.295833,,,,,,720,,0,,,,
accuracy,Vadodara,temperature,7,,,weighted_blend,blend,2,mae,0.44113,0.44113,,0.211665,,,,,,168,,1,,,,
accuracy,Vadodara,temperature,30,,,equal_avg,baseline,3,mae,0.426701,0.426701,,-0.156354,,,,,,720,,0,,,,
accuracy,Vadodara,temperature,45,,,equal_avg,baseline,3,mae,0.472662,0.472662,,-0.264653,,,,,,1080,,0,,,,
accuracy,Vadodara,temperature,7,,,equal_avg,baseline,3,mae,0.484375,0.484375,,0.137054,,,,,,168,,1,,,,
accuracy,Vadodara,temperature,,,,equal_avg,baseline,3,mae,0.50193,0.50193,,-0.227783,,,,,,1464,,0,,,,
accuracy,Vadodara,temperature,30,,,icon,model,4,mae,0.499861,0.499861,,0.04125,,,,,,720,,0,,,,
accuracy,Vadodara,temperature,45,,,icon,model,4,mae,0.527685,0.527685,,-0.089167,,,,,,1080,,0,,,,
accuracy,Vadodara,temperature,,,,icon,model,4,mae,0.594467,0.594467,,-0.132445,,,,,,1464,,0,,,,
accuracy,Vadodara,temperature,7,,,icon,model,4,mae,0.688095,0.688095,,0.036905,,,,,,168,,1,,,,
accuracy,Vadodara,temperature,45,,,persistence,baseline,5,mae,0.579815,0.579815,,-0.003148,,,,,,1080,,0,,,,
accuracy,Vadodara,temperature,30,,,persistence,baseline,5,mae,0.596389,0.596389,,0.010556,,,,,,720,,0,,,,
accuracy,Vadodara,temperature,,,,persistence,baseline,5,mae,0.724931,0.724931,,-0.042569,,,,,,1440,,0,,,,
accuracy,Vadodara,temperature,7,,,gfs,model,5,mae,0.915476,0.915476,,-0.584524,,,,,,168,,1,,,,
accuracy,Vadodara,temperature,30,,,gem,model,6,mae,0.84375,0.84375,,0.215139,,,,,,720,,0,,,,
accuracy,Vadodara,temperature,45,,,gem,model,6,mae,0.87,0.87,,0.324074,,,,,,1080,,0,,,,
accuracy,Vadodara,temperature,,,,gem,model,6,mae,0.951025,0.951025,,0.48791,,,,,,1464,,0,,,,
accuracy,Vadodara,temperature,7,,,persistence,baseline,6,mae,1.141071,1.141071,,-0.356548,,,,,,168,,1,,,,
accuracy,Vadodara,temperature,7,,,gem,model,7,mae,1.255952,1.255952,,0.871429,,,,,,168,,1,,,,
accuracy,Vadodara,temperature,30,,,gfs,model,7,mae,1.342083,1.342083,,-1.177639,,,,,,720,,0,,,,
accuracy,Vadodara,temperature,45,,,gfs,model,7,mae,1.598333,1.598333,,-1.480741,,,,,,1080,,0,,,,
accuracy,Vadodara,temperature,,,,gfs,model,7,mae,1.615369,1.615369,,-1.410861,,,,,,1464,,0,,,,
accuracy,Varanasi,temperature,7,,,ecmwf,model,1,mae,0.3125,0.3125,,0.107738,,,,,,168,,1,,,,
accuracy,Varanasi,temperature,30,,,ecmwf,model,1,mae,0.341111,0.341111,,0.021944,,,,,,720,,0,,,,
accuracy,Varanasi,temperature,45,,,ecmwf,model,1,mae,0.342963,0.342963,,0.006481,,,,,,1080,,0,,,,
accuracy,Varanasi,temperature,,,,ecmwf,model,1,mae,0.350068,0.350068,,-0.025615,,,,,,1464,,0,,,,
accuracy,Varanasi,temperature,45,,,weighted_blend,blend,2,mae,0.430767,0.430767,,0.117936,,,,,,1080,,0,,,,
accuracy,Varanasi,temperature,,,,weighted_blend,blend,2,mae,0.441777,0.441777,,0.045012,,,,,,1464,,0,,,,
accuracy,Varanasi,temperature,7,,,weighted_blend,blend,2,mae,0.443007,0.443007,,0.237366,,,,,,168,,1,,,,
accuracy,Varanasi,temperature,30,,,weighted_blend,blend,2,mae,0.44992,0.44992,,0.200439,,,,,,720,,0,,,,
accuracy,Varanasi,temperature,45,,,equal_avg,baseline,3,mae,0.601991,0.601991,,0.206481,,,,,,1080,,0,,,,
accuracy,Varanasi,temperature,,,,equal_avg,baseline,3,mae,0.609033,0.609033,,0.075017,,,,,,1464,,0,,,,
accuracy,Varanasi,temperature,7,,,icon,model,3,mae,0.610714,0.610714,,-0.314286,,,,,,168,,1,,,,
accuracy,Varanasi,temperature,30,,,equal_avg,baseline,3,mae,0.634826,0.634826,,0.364479,,,,,,720,,0,,,,
accuracy,Varanasi,temperature,7,,,persistence,baseline,4,mae,0.614881,0.614881,,-0.077976,,,,,,168,,1,,,,
accuracy,Varanasi,temperature,30,,,icon,model,4,mae,0.637361,0.637361,,0.024028,,,,,,720,,0,,,,
accuracy,Varanasi,temperature,45,,,icon,model,4,mae,0.667963,0.667963,,0.000926,,,,,,1080,,0,,,,
accuracy,Varanasi,temperature,,,,icon,model,4,mae,0.696175,0.696175,,-0.020492,,,,,,1464,,0,,,,
accuracy,Varanasi,temperature,7,,,equal_avg,baseline,5,mae,0.722917,0.722917,,0.465179,,,,,,168,,1,,,,
accuracy,Varanasi,temperature,30,,,persistence,baseline,5,mae,0.739444,0.739444,,0.038333,,,,,,720,,0,,,,
accuracy,Varanasi,temperature,45,,,persistence,baseline,5,mae,0.856111,0.856111,,-0.036296,,,,,,1080,,0,,,,
accuracy,Varanasi,temperature,,,,persistence,baseline,5,mae,0.882222,0.882222,,-0.015972,,,,,,1440,,0,,,,
accuracy,Varanasi,temperature,7,,,gfs,model,6,mae,0.860714,0.860714,,0.280952,,,,,,168,,1,,,,
accuracy,Varanasi,temperature,30,,,gfs,model,6,mae,0.953333,0.953333,,-0.097778,,,,,,720,,0,,,,
accuracy,Varanasi,temperature,45,,,gfs,model,6,mae,1.130833,1.130833,,-0.479537,,,,,,1080,,0,,,,
accuracy,Varanasi,temperature,,,,gfs,model,6,mae,1.460587,1.460587,,-0.973292,,,,,,1464,,0,,,,
accuracy,Varanasi,temperature,45,,,gem,model,7,mae,1.559722,1.559722,,1.298056,,,,,,1080,,0,,,,
accuracy,Varanasi,temperature,,,,gem,model,7,mae,1.565642,1.565642,,1.319467,,,,,,1464,,0,,,,
accuracy,Varanasi,temperature,30,,,gem,model,7,mae,1.704722,1.704722,,1.509722,,,,,,720,,0,,,,
accuracy,Varanasi,temperature,7,,,gem,model,7,mae,2.183929,2.183929,,1.78631,,,,,,168,,1,,,,
accuracy,Vijayawada,temperature,,,,ecmwf,model,1,mae,0.592964,0.592964,,0.465915,,,,,,1464,,0,,,,
accuracy,Vijayawada,temperature,30,,,weighted_blend,blend,1,mae,0.607848,0.607848,,0.189955,,,,,,720,,0,,,,
accuracy,Vijayawada,temperature,45,,,weighted_blend,blend,1,mae,0.60892,0.60892,,0.247443,,,,,,1080,,0,,,,
accuracy,Vijayawada,temperature,7,,,weighted_blend,blend,1,mae,0.625084,0.625084,,0.376392,,,,,,168,,1,,,,
accuracy,Vijayawada,temperature,,,,weighted_blend,blend,2,mae,0.613387,0.613387,,0.160816,,,,,,1464,,0,,,,
accuracy,Vijayawada,temperature,45,,,ecmwf,model,2,mae,0.631111,0.631111,,0.52537,,,,,,1080,,0,,,,
accuracy,Vijayawada,temperature,30,,,ecmwf,model,2,mae,0.6375,0.6375,,0.524444,,,,,,720,,0,,,,
accuracy,Vijayawada,temperature,7,,,ecmwf,model,2,mae,0.654167,0.654167,,0.589881,,,,,,168,,1,,,,
accuracy,Vijayawada,temperature,45,,,equal_avg,baseline,3,mae,0.733657,0.733657,,0.208889,,,,,,1080,,0,,,,
accuracy,Vijayawada,temperature,30,,,equal_avg,baseline,3,mae,0.742118,0.742118,,0.129132,,,,,,720,,0,,,,
accuracy,Vijayawada,temperature,7,,,equal_avg,baseline,3,mae,0.744494,0.744494,,0.345982,,,,,,168,,1,,,,
accuracy,Vijayawada,temperature,,,,equal_avg,baseline,3,mae,0.748805,0.748805,,0.114413,,,,,,1464,,0,,,,
accuracy,Vijayawada,temperature,7,,,icon,model,4,mae,0.898214,0.898214,,-0.543452,,,,,,168,,1,,,,
accuracy,Vijayawada,temperature,45,,,icon,model,4,mae,1.001944,1.001944,,-0.459537,,,,,,1080,,0,,,,
accuracy,Vijayawada,temperature,,,,icon,model,4,mae,1.016325,1.016325,,-0.483265,,,,,,1464,,0,,,,
accuracy,Vijayawada,temperature,30,,,icon,model,4,mae,1.065417,1.065417,,-0.620972,,,,,,720,,0,,,,
accuracy,Vijayawada,temperature,45,,,persistence,baseline,5,mae,1.158241,1.158241,,0.004352,,,,,,1080,,0,,,,
accuracy,Vijayawada,temperature,,,,persistence,baseline,5,mae,1.199722,1.199722,,0.034583,,,,,,1440,,0,,,,
accuracy,Vijayawada,temperature,30,,,persistence,baseline,5,mae,1.280139,1.280139,,-0.027083,,,,,,720,,0,,,,
accuracy,Vijayawada,temperature,7,,,persistence,baseline,5,mae,1.400595,1.400595,,-0.18869,,,,,,168,,1,,,,
accuracy,Vijayawada,temperature,45,,,gfs,model,6,mae,1.221019,1.221019,,0.325463,,,,,,1080,,0,,,,
accuracy,Vijayawada,temperature,,,,gfs,model,6,mae,1.243852,1.243852,,0.081421,,,,,,1464,,0,,,,
accuracy,Vijayawada,temperature,30,,,gfs,model,6,mae,1.324167,1.324167,,0.378889,,,,,,720,,0,,,,
accuracy,Vijayawada,temperature,7,,,gem,model,6,mae,1.583929,1.583929,,0.293452,,,,,,168,,1,,,,
accuracy,Vijayawada,temperature,30,,,gem,model,7,mae,1.583056,1.583056,,0.234167,,,,,,720,,0,,,,
accuracy,Vijayawada,temperature,7,,,gfs,model,7,mae,1.584524,1.584524,,1.044048,,,,,,168,,1,,,,
accuracy,Vijayawada,temperature,45,,,gem,model,7,mae,1.59,1.59,,0.444259,,,,,,1080,,0,,,,
accuracy,Vijayawada,temperature,,,,gem,model,7,mae,1.608197,1.608197,,0.393579,,,,,,1464,,0,,,,
accuracy,Visakhapatnam,temperature,7,,,ecmwf,model,1,mae,0.328571,0.328571,,0.072619,,,,,,168,,1,,,,
accuracy,Visakhapatnam,temperature,30,,,ecmwf,model,1,mae,0.392222,0.392222,,0.024167,,,,,,720,,0,,,,
accuracy,Visakhapatnam,temperature,,,,ecmwf,model,1,mae,0.403552,0.403552,,0.030738,,,,,,1464,,0,,,,
accuracy,Visakhapatnam,temperature,45,,,ecmwf,model,1,mae,0.407963,0.407963,,0.022407,,,,,,1080,,0,,,,
accuracy,Visakhapatnam,temperature,7,,,weighted_blend,blend,2,mae,0.397548,0.397548,,-0.051981,,,,,,168,,1,,,,
accuracy,Visakhapatnam,temperature,30,,,weighted_blend,blend,2,mae,0.501899,0.501899,,-0.209644,,,,,,720,,0,,,,
accuracy,Visakhapatnam,temperature,45,,,weighted_blend,blend,2,mae,0.525573,0.525573,,-0.216807,,,,,,1080,,0,,,,
accuracy,Visakhapatnam,temperature,,,,weighted_blend,blend,2,mae,0.532567,0.532567,,-0.21828,,,,,,1464,,0,,,,
accuracy,Visakhapatnam,temperature,7,,,equal_avg,baseline,3,mae,0.529911,0.529911,,-0.134673,,,,,,168,,1,,,,
accuracy,Visakhapatnam,temperature,30,,,equal_avg,baseline,3,mae,0.707569,0.707569,,-0.352917,,,,,,720,,0,,,,
accuracy,Visakhapatnam,temperature,45,,,equal_avg,baseline,3,mae,0.732153,0.732153,,-0.369838,,,,,,1080,,0,,,,
accuracy,Visakhapatnam,temperature,,,,equal_avg,baseline,3,mae,0.744689,0.744689,,-0.376349,,,,,,1464,,0,,,,
accuracy,Visakhapatnam,temperature,7,,,gem,model,4,mae,0.964286,0.964286,,0.613095,,,,,,168,,1,,,,
accuracy,Visakhapatnam,temperature,30,,,gem,model,4,mae,1.074306,1.074306,,0.010694,,,,,,720,,0,,,,
accuracy,Visakhapatnam,temperature,,,,gem,model,4,mae,1.116872,1.116872,,0.079167,,,,,,1464,,0,,,,
accuracy,Visakhapatnam,temperature,45,,,gem,model,4,mae,1.125093,1.125093,,0.113611,,,,,,1080,,0,,,,
accuracy,Visakhapatnam,temperature,7,,,icon,model,5,mae,0.967262,0.967262,,-0.757738,,,,,,168,,1,,,,
accuracy,Visakhapatnam,temperature,30,,,icon,model,5,mae,1.104583,1.104583,,-0.636528,,,,,,720,,0,,,,
accuracy,Visakhapatnam,temperature,,,,icon,model,5,mae,1.127937,1.127937,,-0.676161,,,,,,1464,,0,,,,
accuracy,Visakhapatnam,temperature,45,,,icon,model,5,mae,1.154167,1.154167,,-0.688426,,,,,,1080,,0,,,,
accuracy,Visakhapatnam,temperature,7,,,gfs,model,6,mae,1.088095,1.088095,,-0.466667,,,,,,168,,1,,,,
accuracy,Visakhapatnam,temperature,45,,,persistence,baseline,6,mae,1.246111,1.246111,,-0.00463,,,,,,1080,,0,,,,
accuracy,Visakhapatnam,temperature,,,,persistence,baseline,6,mae,1.289167,1.289167,,-0.013194,,,,,,1440,,0,,,,
accuracy,Visakhapatnam,temperature,30,,,persistence,baseline,6,mae,1.294167,1.294167,,-0.041944,,,,,,720,,0,,,,
accuracy,Visakhapatnam,temperature,30,,,gfs,model,7,mae,1.386944,1.386944,,-0.81,,,,,,720,,0,,,,
accuracy,Visakhapatnam,temperature,7,,,persistence,baseline,7,mae,1.396429,1.396429,,-0.313095,,,,,,168,,1,,,,
accuracy,Visakhapatnam,temperature,,,,gfs,model,7,mae,1.458402,1.458402,,-0.939139,,,,,,1464,,0,,,,
accuracy,Visakhapatnam,temperature,45,,,gfs,model,7,mae,1.458611,1.458611,,-0.926944,,,,,,1080,,0,,,,
accuracy,Agartala,wind_speed,45,,,ecmwf,model,1,mae,1.136296,1.136296,,0.039815,,,,,,1080,,0,,,,
accuracy,Agartala,wind_speed,,,,ecmwf,model,1,mae,1.144331,1.144331,,0.044467,,,,,,1464,,0,,,,
accuracy,Agartala,wind_speed,30,,,ecmwf,model,1,mae,1.148333,1.148333,,0.121111,,,,,,720,,0,,,,
accuracy,Agartala,wind_speed,7,,,ecmwf,model,1,mae,1.216667,1.216667,,0.080952,,,,,,168,,1,,,,
accuracy,Agartala,wind_speed,7,,,weighted_blend,blend,2,mae,1.250023,1.250023,,0.355797,,,,,,168,,1,,,,
accuracy,Agartala,wind_speed,,,,weighted_blend,blend,2,mae,1.391197,1.391197,,0.635021,,,,,,1464,,0,,,,
accuracy,Agartala,wind_speed,45,,,weighted_blend,blend,2,mae,1.395021,1.395021,,0.546728,,,,,,1080,,0,,,,
accuracy,Agartala,wind_speed,30,,,weighted_blend,blend,2,mae,1.4028,1.4028,,0.545055,,,,,,720,,0,,,,
accuracy,Agartala,wind_speed,7,,,equal_avg,baseline,3,mae,1.494494,1.494494,,0.700744,,,,,,168,,1,,,,
accuracy,Agartala,wind_speed,30,,,equal_avg,baseline,3,mae,1.878472,1.878472,,1.174653,,,,,,720,,0,,,,
accuracy,Agartala,wind_speed,45,,,equal_avg,baseline,3,mae,1.915926,1.915926,,1.22787,,,,,,1080,,0,,,,
accuracy,Agartala,wind_speed,,,,equal_avg,baseline,3,mae,1.972814,1.972814,,1.389822,,,,,,1464,,0,,,,
accuracy,Agartala,wind_speed,7,,,gfs,model,4,mae,1.735119,1.735119,,0.03869,,,,,,168,,1,,,,
accuracy,Agartala,wind_speed,30,,,gfs,model,4,mae,2.256528,2.256528,,-1.055972,,,,,,720,,0,,,,
accuracy,Agartala,wind_speed,45,,,gfs,model,4,mae,2.29463,2.29463,,-1.055,,,,,,1080,,0,,,,
accuracy,Agartala,wind_speed,,,,gfs,model,4,mae,2.380464,2.380464,,-1.057514,,,,,,1464,,0,,,,
accuracy,Agartala,wind_speed,7,,,gem,model,5,mae,2.307143,2.307143,,0.204762,,,,,,168,,1,,,,
accuracy,Agartala,wind_speed,30,,,gem,model,5,mae,2.998056,2.998056,,1.632222,,,,,,720,,0,,,,
accuracy,Agartala,wind_speed,45,,,gem,model,5,mae,3.028611,3.028611,,1.781759,,,,,,1080,,0,,,,
accuracy,Agartala,wind_speed,,,,gem,model,5,mae,3.096995,3.096995,,2.030601,,,,,,1464,,0,,,,
accuracy,Agartala,wind_speed,7,,,persistence,baseline,6,mae,2.582738,2.582738,,0.174405,,,,,,168,,1,,,,
accuracy,Agartala,wind_speed,,,,persistence,baseline,6,mae,3.437292,3.437292,,-0.190069,,,,,,1440,,0,,,,
accuracy,Agartala,wind_speed,30,,,persistence,baseline,6,mae,3.438611,3.438611,,-0.429722,,,,,,720,,0,,,,
accuracy,Agartala,wind_speed,45,,,persistence,baseline,6,mae,3.485278,3.485278,,-0.104907,,,,,,1080,,0,,,,
accuracy,Agartala,wind_speed,7,,,icon,model,7,mae,2.863095,2.863095,,2.478571,,,,,,168,,1,,,,
accuracy,Agartala,wind_speed,30,,,icon,model,7,mae,4.196806,4.196806,,4.00125,,,,,,720,,0,,,,
accuracy,Agartala,wind_speed,45,,,icon,model,7,mae,4.333611,4.333611,,4.144907,,,,,,1080,,0,,,,
accuracy,Agartala,wind_speed,,,,icon,model,7,mae,4.682719,4.682719,,4.541735,,,,,,1464,,0,,,,
accuracy,Agra,wind_speed,7,,,ecmwf,model,1,mae,1.18869,1.18869,,-0.055357,,,,,,168,,1,,,,
accuracy,Agra,wind_speed,45,,,ecmwf,model,1,mae,1.406111,1.406111,,-0.01037,,,,,,1080,,0,,,,
accuracy,Agra,wind_speed,,,,ecmwf,model,1,mae,1.407992,1.407992,,-0.017828,,,,,,1464,,0,,,,
accuracy,Agra,wind_speed,30,,,ecmwf,model,1,mae,1.413889,1.413889,,0.016944,,,,,,720,,0,,,,
accuracy,Agra,wind_speed,7,,,weighted_blend,blend,2,mae,1.3309,1.3309,,-0.049846,,,,,,168,,1,,,,
accuracy,Agra,wind_speed,30,,,weighted_blend,blend,2,mae,1.543133,1.543133,,-0.203372,,,,,,720,,0,,,,
accuracy,Agra,wind_speed,45,,,weighted_blend,blend,2,mae,1.58569,1.58569,,-0.299118,,,,,,1080,,0,,,,
accuracy,Agra,wind_speed,,,,weighted_blend,blend,2,mae,1.606017,1.606017,,-0.364797,,,,,,1464,,0,,,,
accuracy,Agra,wind_speed,7,,,equal_avg,baseline,3,mae,1.588988,1.588988,,-0.479167,,,,,,168,,1,,,,
accuracy,Agra,wind_speed,30,,,equal_avg,baseline,3,mae,1.868611,1.868611,,-0.647292,,,,,,720,,0,,,,
accuracy,Agra,wind_speed,45,,,equal_avg,baseline,3,mae,1.947639,1.947639,,-0.764444,,,,,,1080,,0,,,,
accuracy,Agra,wind_speed,,,,equal_avg,baseline,3,mae,2.012346,2.012346,,-0.882394,,,,,,1464,,0,,,,
accuracy,Agra,wind_speed,45,,,icon,model,4,mae,2.558241,2.558241,,1.714907,,,,,,1080,,0,,,,
accuracy,Agra,wind_speed,,,,icon,model,4,mae,2.618033,2.618033,,1.737978,,,,,,1464,,0,,,,
accuracy,Agra,wind_speed,30,,,icon,model,4,mae,2.659028,2.659028,,1.880417,,,,,,720,,0,,,,
accuracy,Agra,wind_speed,7,,,icon,model,4,mae,2.780952,2.780952,,2.578571,,,,,,168,,1,,,,
accuracy,Agra,wind_speed,7,,,persistence,baseline,5,mae,3.08869,3.08869,,-0.51131,,,,,,168,,1,,,,
accuracy,Agra,wind_speed,30,,,persistence,baseline,5,mae,3.112778,3.112778,,-0.098056,,,,,,720,,0,,,,
accuracy,Agra,wind_speed,45,,,persistence,baseline,5,mae,3.164444,3.164444,,-0.004815,,,,,,1080,,0,,,,
accuracy,Agra,wind_speed,,,,persistence,baseline,5,mae,3.305833,3.305833,,-0.050278,,,,,,1440,,0,,,,
accuracy,Agra,wind_speed,7,,,gem,model,6,mae,3.333929,3.333929,,-1.666071,,,,,,168,,1,,,,
accuracy,Agra,wind_speed,30,,,gem,model,6,mae,3.465833,3.465833,,-1.810833,,,,,,720,,0,,,,
accuracy,Agra,wind_speed,45,,,gem,model,6,mae,3.528889,3.528889,,-1.937222,,,,,,1080,,0,,,,
accuracy,Agra,wind_speed,,,,gem,model,6,mae,3.594877,3.594877,,-1.933402,,,,,,1464,,0,,,,
accuracy,Agra,wind_speed,7,,,gfs,model,7,mae,3.378571,3.378571,,-2.77381,,,,,,168,,1,,,,
accuracy,Agra,wind_speed,30,,,gfs,model,7,mae,3.624861,3.624861,,-2.675694,,,,,,720,,0,,,,
accuracy,Agra,wind_speed,45,,,gfs,model,7,mae,3.918241,3.918241,,-2.825093,,,,,,1080,,0,,,,
accuracy,Agra,wind_speed,,,,gfs,model,7,mae,4.26127,4.26127,,-3.316325,,,,,,1464,,0,,,,
accuracy,Ahmedabad,wind_speed,7,,,ecmwf,model,1,mae,0.985119,0.985119,,-0.13631,,,,,,168,,1,,,,
accuracy,Ahmedabad,wind_speed,30,,,ecmwf,model,1,mae,1.130694,1.130694,,-0.383194,,,,,,720,,0,,,,
accuracy,Ahmedabad,wind_speed,45,,,ecmwf,model,1,mae,1.206944,1.206944,,-0.556204,,,,,,1080,,0,,,,
accuracy,Ahmedabad,wind_speed,,,,ecmwf,model,1,mae,1.350888,1.350888,,-0.718374,,,,,,1464,,0,,,,
accuracy,Ahmedabad,wind_speed,30,,,weighted_blend,blend,2,mae,1.160366,1.160366,,-0.62343,,,,,,720,,0,,,,
accuracy,Ahmedabad,wind_speed,7,,,weighted_blend,blend,2,mae,1.235134,1.235134,,-0.491286,,,,,,168,,1,,,,
accuracy,Ahmedabad,wind_speed,45,,,weighted_blend,blend,2,mae,1.238653,1.238653,,-0.806182,,,,,,1080,,0,,,,
accuracy,Ahmedabad,wind_speed,,,,weighted_blend,blend,2,mae,1.387263,1.387263,,-0.906915,,,,,,1464,,0,,,,
accuracy,Ahmedabad,wind_speed,7,,,equal_avg,baseline,3,mae,1.824405,1.824405,,-1.240179,,,,,,168,,1,,,,
accuracy,Ahmedabad,wind_speed,30,,,equal_avg,baseline,3,mae,1.876285,1.876285,,-1.578576,,,,,,720,,0,,,,
accuracy,Ahmedabad,wind_speed,45,,,persistence,baseline,3,mae,1.995463,1.995463,,-0.068426,,,,,,1080,,0,,,,
accuracy,Ahmedabad,wind_speed,,,,icon,model,3,mae,2.155669,2.155669,,1.567691,,,,,,1464,,0,,,,
accuracy,Ahmedabad,wind_speed,30,,,persistence,baseline,4,mae,1.94375,1.94375,,-0.060972,,,,,,720,,0,,,,
accuracy,Ahmedabad,wind_speed,45,,,icon,model,4,mae,1.998796,1.998796,,1.459722,,,,,,1080,,0,,,,
accuracy,Ahmedabad,wind_speed,7,,,icon,model,4,mae,2.0875,2.0875,,0.889881,,,,,,168,,1,,,,
accuracy,Ahmedabad,wind_speed,,,,persistence,baseline,4,mae,2.191667,2.191667,,-0.040833,,,,,,1440,,0,,,,
accuracy,Ahmedabad,wind_speed,45,,,equal_avg,baseline,5,mae,2.047245,2.047245,,-1.824282,,,,,,1080,,0,,,,
accuracy,Ahmedabad,wind_speed,30,,,icon,model,5,mae,2.076944,2.076944,,1.626389,,,,,,720,,0,,,,
accuracy,Ahmedabad,wind_speed,,,,equal_avg,baseline,5,mae,2.25152,2.25152,,-2.007872,,,,,,1464,,0,,,,
accuracy,Ahmedabad,wind_speed,7,,,persistence,baseline,5,mae,2.655952,2.655952,,-0.159524,,,,,,168,,1,,,,
accuracy,Ahmedabad,wind_speed,7,,,gem,model,6,mae,3.340476,3.340476,,-1.952381,,,,,,168,,1,,,,
accuracy,Ahmedabad,wind_speed,45,,,gem,model,6,mae,3.485926,3.485926,,-2.797407,,,,,,1080,,0,,,,
accuracy,Ahmedabad,wind_speed,30,,,gem,model,6,mae,3.530972,3.530972,,-2.799583,,,,,,720,,0,,,,
accuracy,Ahmedabad,wind_speed,,,,gem,model,6,mae,3.612978,3.612978,,-2.803005,,,,,,1464,,0,,,,
accuracy,Ahmedabad,wind_speed,7,,,gfs,model,7,mae,4.235714,4.235714,,-3.761905,,,,,,168,,1,,,,
accuracy,Ahmedabad,wind_speed,30,,,gfs,model,7,mae,5.09625,5.09625,,-4.757917,,,,,,720,,0,,,,
accuracy,Ahmedabad,wind_speed,45,,,gfs,model,7,mae,5.64713,5.64713,,-5.403241,,,,,,1080,,0,,,,
accuracy,Ahmedabad,wind_speed,,,,gfs,model,7,mae,6.284085,6.284085,,-6.077801,,,,,,1464,,0,,,,
accuracy,Amritsar,wind_speed,30,,,ecmwf,model,1,mae,1.407083,1.407083,,0.157917,,,,,,720,,0,,,,
accuracy,Amritsar,wind_speed,45,,,ecmwf,model,1,mae,1.480278,1.480278,,0.1625,,,,,,1080,,0,,,,
accuracy,Amritsar,wind_speed,,,,ecmwf,model,1,mae,1.481352,1.481352,,0.042281,,,,,,1464,,0,,,,
accuracy,Amritsar,wind_speed,7,,,ecmwf,model,1,mae,1.508929,1.508929,,0.522024,,,,,,168,,1,,,,
accuracy,Amritsar,wind_speed,7,,,weighted_blend,blend,2,mae,1.608817,1.608817,,-0.064375,,,,,,168,,1,,,,
accuracy,Amritsar,wind_speed,45,,,weighted_blend,blend,2,mae,1.655892,1.655892,,-0.573361,,,,,,1080,,0,,,,
accuracy,Amritsar,wind_speed,,,,weighted_blend,blend,2,mae,1.673838,1.673838,,-0.600413,,,,,,1464,,0,,,,
accuracy,Amritsar,wind_speed,30,,,weighted_blend,blend,2,mae,1.689688,1.689688,,-0.544279,,,,,,720,,0,,,,
accuracy,Amritsar,wind_speed,7,,,equal_avg,baseline,3,mae,2.003571,2.003571,,-0.629167,,,,,,168,,1,,,,
accuracy,Amritsar,wind_speed,45,,,equal_avg,baseline,3,mae,2.066968,2.066968,,-1.122569,,,,,,1080,,0,,,,
accuracy,Amritsar,wind_speed,,,,equal_avg,baseline,3,mae,2.098941,2.098941,,-1.145458,,,,,,1464,,0,,,,
accuracy,Amritsar,wind_speed,30,,,equal_avg,baseline,3,mae,2.134618,2.134618,,-1.074618,,,,,,720,,0,,,,
accuracy,Amritsar,wind_speed,45,,,icon,model,4,mae,2.350093,2.350093,,0.743981,,,,,,1080,,0,,,,
accuracy,Amritsar,wind_speed,30,,,icon,model,4,mae,2.380278,2.380278,,0.736944,,,,,,720,,0,,,,
accuracy,Amritsar,wind_speed,,,,icon,model,4,mae,2.408743,2.408743,,0.94877,,,,,,1464,,0,,,,
accuracy,Amritsar,wind_speed,7,,,icon,model,4,mae,2.605357,2.605357,,1.7125,,,,,,168,,1,,,,
accuracy,Amritsar,wind_speed,30,,,persistence,baseline,5,mae,2.882917,2.882917,,-0.017083,,,,,,720,,0,,,,
accuracy,Amritsar,wind_speed,45,,,persistence,baseline,5,mae,2.898611,2.898611,,-0.036574,,,,,,1080,,0,,,,
accuracy,Amritsar,wind_speed,7,,,persistence,baseline,5,mae,3.011905,3.011905,,0.035714,,,,,,168,,1,,,,
accuracy,Amritsar,wind_speed,,,,persistence,baseline,5,mae,3.064792,3.064792,,0.005208,,,,,,1440,,0,,,,
accuracy,Amritsar,wind_speed,7,,,gem,model,6,mae,3.433333,3.433333,,-1.345238,,,,,,168,,1,,,,
accuracy,Amritsar,wind_speed,30,,,gem,model,6,mae,3.582917,3.582917,,-1.729861,,,,,,720,,0,,,,
accuracy,Amritsar,wind_speed,45,,,gem,model,6,mae,3.639815,3.639815,,-1.955926,,,,,,1080,,0,,,,
accuracy,Amritsar,wind_speed,,,,gem,model,6,mae,3.860519,3.860519,,-2.203552,,,,,,1464,,0,,,,
accuracy,Amritsar,wind_speed,,,,gfs,model,7,mae,4.231489,4.231489,,-3.369331,,,,,,1464,,0,,,,
accuracy,Amritsar,wind_speed,45,,,gfs,model,7,mae,4.277315,4.277315,,-3.440833,,,,,,1080,,0,,,,
accuracy,Amritsar,wind_speed,7,,,gfs,model,7,mae,4.365476,4.365476,,-3.405952,,,,,,168,,1,,,,
accuracy,Amritsar,wind_speed,30,,,gfs,model,7,mae,4.415139,4.415139,,-3.463472,,,,,,720,,0,,,,
accuracy,Bengaluru,wind_speed,30,,,weighted_blend,blend,1,mae,1.306497,1.306497,,-0.372032,,,,,,720,,0,,,,
accuracy,Bengaluru,wind_speed,45,,,weighted_blend,blend,1,mae,1.31828,1.31828,,-0.525895,,,,,,1080,,0,,,,
accuracy,Bengaluru,wind_speed,,,,weighted_blend,blend,1,mae,1.385284,1.385284,,-0.724441,,,,,,1464,,0,,,,
accuracy,Bengaluru,wind_speed,7,,,weighted_blend,blend,1,mae,1.455116,1.455116,,0.005063,,,,,,168,,1,,,,
accuracy,Bengaluru,wind_speed,45,,,ecmwf,model,2,mae,1.456204,1.456204,,-0.2175,,,,,,1080,,0,,,,
accuracy,Bengaluru,wind_speed,,,,ecmwf,model,2,mae,1.477732,1.477732,,-0.393033,,,,,,1464,,0,,,,
accuracy,Bengaluru,wind_speed,30,,,ecmwf,model,2,mae,1.501111,1.501111,,-0.121389,,,,,,720,,0,,,,
accuracy,Bengaluru,wind_speed,7,,,ecmwf,model,2,mae,1.533333,1.533333,,0.284524,,,,,,168,,1,,,,
accuracy,Bengaluru,wind_speed,7,,,equal_avg,baseline,3,mae,1.651637,1.651637,,-0.672768,,,,,,168,,1,,,,
accuracy,Bengaluru,wind_speed,30,,,equal_avg,baseline,3,mae,1.815243,1.815243,,-1.359826,,,,,,720,,0,,,,
accuracy,Bengaluru,wind_speed,45,,,persistence,baseline,3,mae,1.904722,1.904722,,-0.203611,,,,,,1080,,0,,,,
accuracy,Bengaluru,wind_speed,,,,persistence,baseline,3,mae,1.934167,1.934167,,-0.127917,,,,,,1440,,0,,,,
accuracy,Bengaluru,wind_speed,30,,,persistence,baseline,4,mae,1.911528,1.911528,,-0.264583,,,,,,720,,0,,,,
accuracy,Bengaluru,wind_speed,45,,,equal_avg,baseline,4,mae,1.953032,1.953032,,-1.610671,,,,,,1080,,0,,,,
accuracy,Bengaluru,wind_speed,,,,equal_avg,baseline,4,mae,2.156626,2.156626,,-1.88429,,,,,,1464,,0,,,,
accuracy,Bengaluru,wind_speed,7,,,persistence,baseline,4,mae,2.161905,2.161905,,-0.67381,,,,,,168,,1,,,,
accuracy,Bengaluru,wind_speed,7,,,icon,model,5,mae,2.201786,2.201786,,1.399405,,,,,,168,,1,,,,
accuracy,Bengaluru,wind_speed,,,,icon,model,5,mae,2.415232,2.415232,,2.067691,,,,,,1464,,0,,,,
accuracy,Bengaluru,wind_speed,30,,,icon,model,5,mae,2.4375,2.4375,,2.073611,,,,,,720,,0,,,,
accuracy,Bengaluru,wind_speed,45,,,icon,model,5,mae,2.440093,2.440093,,2.096204,,,,,,1080,,0,,,,
accuracy,Bengaluru,wind_speed,7,,,gem,model,6,mae,2.984524,2.984524,,-1.328571,,,,,,168,,1,,,,
accuracy,Bengaluru,wind_speed,30,,,gem,model,6,mae,3.502639,3.502639,,-2.62625,,,,,,720,,0,,,,
accuracy,Bengaluru,wind_speed,45,,,gem,model,6,mae,3.763889,3.763889,,-3.013889,,,,,,1080,,0,,,,
accuracy,Bengaluru,wind_speed,,,,gem,model,6,mae,4.041257,4.041257,,-3.358333,,,,,,1464,,0,,,,
accuracy,Bengaluru,wind_speed,7,,,gfs,model,7,mae,3.608333,3.608333,,-3.046429,,,,,,168,,1,,,,
accuracy,Bengaluru,wind_speed,30,,,gfs,model,7,mae,4.976944,4.976944,,-4.765278,,,,,,720,,0,,,,
accuracy,Bengaluru,wind_speed,45,,,gfs,model,7,mae,5.470648,5.470648,,-5.3075,,,,,,1080,,0,,,,
accuracy,Bengaluru,wind_speed,,,,gfs,model,7,mae,5.973839,5.973839,,-5.853484,,,,,,1464,,0,,,,
accuracy,Bhopal,wind_speed,30,,,ecmwf,model,1,mae,0.985417,0.985417,,0.20625,,,,,,720,,0,,,,
accuracy,Bhopal,wind_speed,45,,,ecmwf,model,1,mae,0.993148,0.993148,,0.165926,,,,,,1080,,0,,,,
accuracy,Bhopal,wind_speed,7,,,ecmwf,model,1,mae,1.016071,1.016071,,0.248214,,,,,,168,,1,,,,
accuracy,Bhopal,wind_speed,,,,ecmwf,model,1,mae,1.037705,1.037705,,0.060519,,,,,,1464,,0,,,,
accuracy,Bhopal,wind_speed,30,,,weighted_blend,blend,2,mae,1.129903,1.129903,,-0.125305,,,,,,720,,0,,,,
accuracy,Bhopal,wind_speed,45,,,weighted_blend,blend,2,mae,1.180757,1.180757,,-0.313773,,,,,,1080,,0,,,,
accuracy,Bhopal,wind_speed,,,,weighted_blend,blend,2,mae,1.23784,1.23784,,-0.402319,,,,,,1464,,0,,,,
accuracy,Bhopal,wind_speed,7,,,weighted_blend,blend,2,mae,1.404179,1.404179,,-0.246417,,,,,,168,,1,,,,
accuracy,Bhopal,wind_speed,30,,,equal_avg,baseline,3,mae,1.602049,1.602049,,-0.867257,,,,,,720,,0,,,,
accuracy,Bhopal,wind_speed,45,,,equal_avg,baseline,3,mae,1.749514,1.749514,,-1.144745,,,,,,1080,,0,,,,
accuracy,Bhopal,wind_speed,,,,equal_avg,baseline,3,mae,1.813764,1.813764,,-1.195458,,,,,,1464,,0,,,,
accuracy,Bhopal,wind_speed,7,,,equal_avg,baseline,3,mae,2.040179,2.040179,,-0.958631,,,,,,168,,1,,,,
accuracy,Bhopal,wind_speed,30,,,persistence,baseline,4,mae,2.311667,2.311667,,-0.109167,,,,,,720,,0,,,,
accuracy,Bhopal,wind_speed,7,,,persistence,baseline,4,mae,2.442262,2.442262,,-0.266071,,,,,,168,,1,,,,
accuracy,Bhopal,wind_speed,45,,,persistence,baseline,4,mae,2.54713,2.54713,,-0.107685,,,,,,1080,,0,,,,
accuracy,Bhopal,wind_speed,,,,persistence,baseline,4,mae,2.636458,2.636458,,-0.054097,,,,,,1440,,0,,,,
accuracy,Bhopal,wind_speed,7,,,icon,model,5,mae,2.474405,2.474405,,1.727976,,,,,,168,,1,,,,
accuracy,Bhopal,wind_speed,,,,icon,model,5,mae,2.652937,2.652937,,2.174658,,,,,,1464,,0,,,,
accuracy,Bhopal,wind_speed,45,,,icon,model,5,mae,2.808426,2.808426,,2.41213,,,,,,1080,,0,,,,
accuracy,Bhopal,wind_speed,30,,,icon,model,5,mae,3.012222,3.012222,,2.709722,,,,,,720,,0,,,,
accuracy,Bhopal,wind_speed,30,,,gfs,model,6,mae,3.784583,3.784583,,-3.245417,,,,,,720,,0,,,,
accuracy,Bhopal,wind_speed,7,,,gem,model,6,mae,3.921429,3.921429,,-2.638095,,,,,,168,,1,,,,
accuracy,Bhopal,wind_speed,45,,,gfs,model,6,mae,4.046111,4.046111,,-3.646296,,,,,,1080,,0,,,,
accuracy,Bhopal,wind_speed,,,,gem,model,6,mae,4.053689,4.053689,,-3.389891,,,,,,1464,,0,,,,
accuracy,Bhopal,wind_speed,30,,,gem,model,7,mae,3.864306,3.864306,,-3.139583,,,,,,720,,0,,,,
accuracy,Bhopal,wind_speed,7,,,gfs,model,7,mae,4.015476,4.015476,,-3.172619,,,,,,168,,1,,,,
accuracy,Bhopal,wind_speed,45,,,gem,model,7,mae,4.117037,4.117037,,-3.510741,,,,,,1080,,0,,,,
accuracy,Bhopal,wind_speed,,,,gfs,model,7,mae,4.137363,4.137363,,-3.627117,,,,,,1464,,0,,,,
accuracy,Bhubaneswar,wind_speed,7,,,ecmwf,model,1,mae,1.427976,1.427976,,0.064881,,,,,,168,,1,,,,
accuracy,Bhubaneswar,wind_speed,30,,,ecmwf,model,1,mae,1.495556,1.495556,,0.138889,,,,,,720,,0,,,,
accuracy,Bhubaneswar,wind_speed,,,,ecmwf,model,1,mae,1.515915,1.515915,,0.149932,,,,,,1464,,0,,,,
accuracy,Bhubaneswar,wind_speed,45,,,ecmwf,model,1,mae,1.538889,1.538889,,0.110926,,,,,,1080,,0,,,,
accuracy,Bhubaneswar,wind_speed,7,,,weighted_blend,blend,2,mae,1.776291,1.776291,,-0.149196,,,,,,168,,1,,,,
accuracy,Bhubaneswar,wind_speed,30,,,weighted_blend,blend,2,mae,1.792058,1.792058,,0.04719,,,,,,720,,0,,,,
accuracy,Bhubaneswar,wind_speed,45,,,weighted_blend,blend,2,mae,1.82602,1.82602,,-0.038403,,,,,,1080,,0,,,,
accuracy,Bhubaneswar,wind_speed,,,,weighted_blend,blend,2,mae,1.843788,1.843788,,0.140837,,,,,,1464,,0,,,,
accuracy,Bhubaneswar,wind_speed,7,,,equal_avg,baseline,3,mae,2.046131,2.046131,,-0.063393,,,,,,168,,1,,,,
accuracy,Bhubaneswar,wind_speed,30,,,equal_avg,baseline,3,mae,2.092917,2.092917,,0.176736,,,,,,720,,0,,,,
accuracy,Bhubaneswar,wind_speed,45,,,equal_avg,baseline,3,mae,2.129815,2.129815,,0.050093,,,,,,1080,,0,,,,
accuracy,Bhubaneswar,wind_speed,,,,equal_avg,baseline,3,mae,2.18598,2.18598,,0.297558,,,,,,1464,,0,,,,
accuracy,Bhubaneswar,wind_speed,30,,,gfs,model,4,mae,3.207639,3.207639,,-1.647639,,,,,,720,,0,,,,
accuracy,Bhubaneswar,wind_speed,45,,,gfs,model,4,mae,3.210926,3.210926,,-1.566667,,,,,,1080,,0,,,,
accuracy,Bhubaneswar,wind_speed,,,,gfs,model,4,mae,3.289549,3.289549,,-1.386817,,,,,,1464,,0,,,,
accuracy,Bhubaneswar,wind_speed,7,,,gfs,model,4,mae,3.439286,3.439286,,-2.088095,,,,,,168,,1,,,,
accuracy,Bhubaneswar,wind_speed,45,,,persistence,baseline,5,mae,3.306019,3.306019,,-0.041759,,,,,,1080,,0,,,,
accuracy,Bhubaneswar,wind_speed,30,,,persistence,baseline,5,mae,3.414167,3.414167,,-0.236667,,,,,,720,,0,,,,
accuracy,Bhubaneswar,wind_speed,,,,persistence,baseline,5,mae,3.44125,3.44125,,-0.072639,,,,,,1440,,0,,,,
accuracy,Bhubaneswar,wind_speed,7,,,gem,model,5,mae,3.646429,3.646429,,-1.346429,,,,,,168,,1,,,,
accuracy,Bhubaneswar,wind_speed,7,,,icon,model,6,mae,3.648214,3.648214,,3.116071,,,,,,168,,1,,,,
accuracy,Bhubaneswar,wind_speed,45,,,icon,model,6,mae,3.831759,3.831759,,3.32787,,,,,,1080,,0,,,,
accuracy,Bhubaneswar,wind_speed,30,,,gem,model,6,mae,3.892222,3.892222,,-1.470556,,,,,,720,,0,,,,
accuracy,Bhubaneswar,wind_speed,,,,gem,model,6,mae,4.097268,4.097268,,-1.463388,,,,,,1464,,0,,,,
accuracy,Bhubaneswar,wind_speed,45,,,gem,model,7,mae,4.001389,4.001389,,-1.671759,,,,,,1080,,0,,,,
accuracy,Bhubaneswar,wind_speed,30,,,icon,model,7,mae,4.04625,4.04625,,3.68625,,,,,,720,,0,,,,
accuracy,Bhubaneswar,wind_speed,,,,icon,model,7,mae,4.318648,4.318648,,3.890505,,,,,,1464,,0,,,,
accuracy,Bhubaneswar,wind_speed,7,,,persistence,baseline,7,mae,4.451786,4.451786,,-0.055357,,,,,,168,,1,,,,
accuracy,Chandigarh,wind_speed,45,,,ecmwf,model,1,mae,1.5075,1.5075,,-0.361944,,,,,,1080,,0,,,,
accuracy,Chandigarh,wind_speed,30,,,ecmwf,model,1,mae,1.543056,1.543056,,-0.456389,,,,,,720,,0,,,,
accuracy,Chandigarh,wind_speed,,,,ecmwf,model,1,mae,1.565164,1.565164,,-0.477049,,,,,,1464,,0,,,,
accuracy,Chandigarh,wind_speed,7,,,weighted_blend,blend,1,mae,1.677485,1.677485,,-0.868802,,,,,,168,,1,,,,
accuracy,Chandigarh,wind_speed,7,,,ecmwf,model,2,mae,1.689881,1.689881,,-0.689881,,,,,,168,,1,,,,
accuracy,Chandigarh,wind_speed,30,,,weighted_blend,blend,2,mae,1.741942,1.741942,,-0.842272,,,,,,720,,0,,,,
accuracy,Chandigarh,wind_speed,45,,,weighted_blend,blend,2,mae,1.742698,1.742698,,-0.703419,,,,,,1080,,0,,,,
accuracy,Chandigarh,wind_speed,,,,weighted_blend,blend,2,mae,1.784275,1.784275,,-0.651837,,,,,,1464,,0,,,,
accuracy,Chandigarh,wind_speed,7,,,equal_avg,baseline,3,mae,1.925893,1.925893,,-1.021429,,,,,,168,,1,,,,
accuracy,Chandigarh,wind_speed,30,,,equal_avg,baseline,3,mae,2.0525,2.0525,,-1.092639,,,,,,720,,0,,,,
accuracy,Chandigarh,wind_speed,45,,,equal_avg,baseline,3,mae,2.065116,2.065116,,-0.956458,,,,,,1080,,0,,,,
accuracy,Chandigarh,wind_speed,,,,equal_avg,baseline,3,mae,2.108931,2.108931,,-0.90736,,,,,,1464,,0,,,,
accuracy,Chandigarh,wind_speed,7,,,icon,model,4,mae,2.195833,2.195833,,1.145833,,,,,,168,,1,,,,
accuracy,Chandigarh,wind_speed,30,,,icon,model,4,mae,2.205278,2.205278,,0.709722,,,,,,720,,0,,,,
accuracy,Chandigarh,wind_speed,45,,,icon,model,4,mae,2.375926,2.375926,,0.948704,,,,,,1080,,0,,,,
accuracy,Chandigarh,wind_speed,,,,icon,model,4,mae,2.732309,2.732309,,1.505669,,,,,,1464,,0,,,,
accuracy,Chandigarh,wind_speed,30,,,persistence,baseline,5,mae,2.846528,2.846528,,-0.011806,,,,,,720,,0,,,,
accuracy,Chandigarh,wind_speed,7,,,persistence,baseline,5,mae,3.082143,3.082143,,-0.808333,,,,,,168,,1,,,,
accuracy,Chandigarh,wind_speed,45,,,persistence,baseline,5,mae,3.127963,3.127963,,-0.017593,,,,,,1080,,0,,,,
accuracy,Chandigarh,wind_speed,,,,gem,model,5,mae,3.419331,3.419331,,-1.65362,,,,,,1464,,0,,,,
accuracy,Chandigarh,wind_speed,7,,,gfs,model,6,mae,3.251786,3.251786,,-1.501786,,,,,,168,,1,,,,
accuracy,Chandigarh,wind_speed,45,,,gem,model,6,mae,3.358704,3.358704,,-1.934815,,,,,,1080,,0,,,,
accuracy,Chandigarh,wind_speed,30,,,gem,model,6,mae,3.449861,3.449861,,-2.215417,,,,,,720,,0,,,,
accuracy,Chandigarh,wind_speed,,,,persistence,baseline,6,mae,3.576806,3.576806,,-0.016528,,,,,,1440,,0,,,,
accuracy,Chandigarh,wind_speed,30,,,gfs,model,7,mae,3.708194,3.708194,,-2.408472,,,,,,720,,0,,,,
accuracy,Chandigarh,wind_speed,7,,,gem,model,7,mae,3.868452,3.868452,,-3.039881,,,,,,168,,1,,,,
accuracy,Chandigarh,wind_speed,45,,,gfs,model,7,mae,3.869444,3.869444,,-2.477778,,,,,,1080,,0,,,,
accuracy,Chandigarh,wind_speed,,,,gfs,model,7,mae,4.17056,4.17056,,-3.00444,,,,,,1464,,0,,,,
accuracy,Chennai,wind_speed,7,,,ecmwf,model,1,mae,2.03631,2.03631,,-1.441071,,,,,,168,,1,,,,
accuracy,Chennai,wind_speed,,,,weighted_blend,blend,1,mae,2.121316,2.121316,,-1.223616,,,,,,1464,,0,,,,
accuracy,Chennai,wind_speed,45,,,weighted_blend,blend,1,mae,2.12188,2.12188,,-1.28167,,,,,,1080,,0,,,,
accuracy,Chennai,wind_speed,30,,,weighted_blend,blend,1,mae,2.148805,2.148805,,-1.321296,,,,,,720,,0,,,,
accuracy,Chennai,wind_speed,45,,,ecmwf,model,2,mae,2.129074,2.129074,,-0.945,,,,,,1080,,0,,,,
accuracy,Chennai,wind_speed,30,,,ecmwf,model,2,mae,2.168194,2.168194,,-1.002639,,,,,,720,,0,,,,
accuracy,Chennai,wind_speed,,,,ecmwf,model,2,mae,2.172609,2.172609,,-0.935451,,,,,,1464,,0,,,,
accuracy,Chennai,wind_speed,7,,,weighted_blend,blend,2,mae,2.236521,2.236521,,-1.745476,,,,,,168,,1,,,,
accuracy,Chennai,wind_speed,,,,equal_avg,baseline,3,mae,2.601247,2.601247,,-1.940044,,,,,,1464,,0,,,,
accuracy,Chennai,wind_speed,45,,,equal_avg,baseline,3,mae,2.607222,2.607222,,-1.983704,,,,,,1080,,0,,,,
accuracy,Chennai,wind_speed,30,,,equal_avg,baseline,3,mae,2.615868,2.615868,,-2.006493,,,,,,720,,0,,,,
accuracy,Chennai,wind_speed,7,,,equal_avg,baseline,3,mae,2.734673,2.734673,,-2.329613,,,,,,168,,1,,,,
accuracy,Chennai,wind_speed,45,,,persistence,baseline,4,mae,2.877963,2.877963,,-0.046667,,,,,,1080,,0,,,,
accuracy,Chennai,wind_speed,30,,,persistence,baseline,4,mae,2.891944,2.891944,,-0.087222,,,,,,720,,0,,,,
accuracy,Chennai,wind_speed,7,,,icon,model,4,mae,2.953571,2.953571,,2.478571,,,,,,168,,1,,,,
accuracy,Chennai,wind_speed,,,,persistence,baseline,4,mae,3.077222,3.077222,,0.00375,,,,,,1440,,0,,,,
accuracy,Chennai,wind_speed,7,,,persistence,baseline,5,mae,2.969048,2.969048,,-0.135714,,,,,,168,,1,,,,
accuracy,Chennai,wind_speed,30,,,icon,model,5,mae,3.653056,3.653056,,3.183611,,,,,,720,,0,,,,
accuracy,Chennai,wind_speed,45,,,icon,model,5,mae,3.678241,3.678241,,3.144352,,,,,,1080,,0,,,,
accuracy,Chennai,wind_speed,,,,icon,model,5,mae,3.848224,3.848224,,3.323087,,,,,,1464,,0,,,,
accuracy,Chennai,wind_speed,,,,gem,model,6,mae,4.941803,4.941803,,-3.693579,,,,,,1464,,0,,,,
accuracy,Chennai,wind_speed,45,,,gem,model,6,mae,5.103704,5.103704,,-3.907222,,,,,,1080,,0,,,,
accuracy,Chennai,wind_speed,30,,,gem,model,6,mae,5.275417,5.275417,,-4.119306,,,,,,720,,0,,,,
accuracy,Chennai,wind_speed,7,,,gem,model,6,mae,5.447619,5.447619,,-4.864286,,,,,,168,,1,,,,
accuracy,Chennai,wind_speed,7,,,gfs,model,7,mae,5.747619,5.747619,,-5.491667,,,,,,168,,1,,,,
accuracy,Chennai,wind_speed,30,,,gfs,model,7,mae,6.375694,6.375694,,-6.087639,,,,,,720,,0,,,,
accuracy,Chennai,wind_speed,45,,,gfs,model,7,mae,6.509907,6.509907,,-6.226944,,,,,,1080,,0,,,,
accuracy,Chennai,wind_speed,,,,gfs,model,7,mae,6.751639,6.751639,,-6.454235,,,,,,1464,,0,,,,
accuracy,Coimbatore,wind_speed,45,,,ecmwf,model,1,mae,1.007407,1.007407,,-0.60963,,,,,,1080,,0,,,,
accuracy,Coimbatore,wind_speed,30,,,ecmwf,model,1,mae,1.012917,1.012917,,-0.558194,,,,,,720,,0,,,,
accuracy,Coimbatore,wind_speed,,,,ecmwf,model,1,mae,1.018033,1.018033,,-0.669945,,,,,,1464,,0,,,,
accuracy,Coimbatore,wind_speed,7,,,ecmwf,model,1,mae,1.266667,1.266667,,-0.305952,,,,,,168,,1,,,,
accuracy,Coimbatore,wind_speed,30,,,weighted_blend,blend,2,mae,1.347264,1.347264,,-0.952133,,,,,,720,,0,,,,
accuracy,Coimbatore,wind_speed,,,,weighted_blend,blend,2,mae,1.431503,1.431503,,-1.172941,,,,,,1464,,0,,,,
accuracy,Coimbatore,wind_speed,45,,,weighted_blend,blend,2,mae,1.444936,1.444936,,-1.157564,,,,,,1080,,0,,,,
accuracy,Coimbatore,wind_speed,7,,,weighted_blend,blend,2,mae,1.448762,1.448762,,-0.580166,,,,,,168,,1,,,,
accuracy,Coimbatore,wind_speed,30,,,persistence,baseline,3,mae,1.965139,1.965139,,-0.247639,,,,,,720,,0,,,,
accuracy,Coimbatore,wind_speed,45,,,persistence,baseline,3,mae,2.026574,2.026574,,-0.174537,,,,,,1080,,0,,,,
accuracy,Coimbatore,wind_speed,7,,,equal_avg,baseline,3,mae,2.05119,2.05119,,-1.213095,,,,,,168,,1,,,,
accuracy,Coimbatore,wind_speed,,,,persistence,baseline,3,mae,2.158542,2.158542,,-0.102569,,,,,,1440,,0,,,,
accuracy,Coimbatore,wind_speed,30,,,equal_avg,baseline,4,mae,2.258264,2.258264,,-1.960278,,,,,,720,,0,,,,
accuracy,Coimbatore,wind_speed,7,,,persistence,baseline,4,mae,2.273214,2.273214,,-0.816071,,,,,,168,,1,,,,
accuracy,Coimbatore,wind_speed,45,,,icon,model,4,mae,2.4725,2.4725,,0.781574,,,,,,1080,,0,,,,
accuracy,Coimbatore,wind_speed,,,,equal_avg,baseline,4,mae,2.479969,2.479969,,-2.298958,,,,,,1464,,0,,,,
accuracy,Coimbatore,wind_speed,7,,,icon,model,5,mae,2.323214,2.323214,,0.91131,,,,,,168,,1,,,,
accuracy,Coimbatore,wind_speed,45,,,equal_avg,baseline,5,mae,2.487153,2.487153,,-2.282292,,,,,,1080,,0,,,,
accuracy,Coimbatore,wind_speed,,,,icon,model,5,mae,2.531762,2.531762,,0.751571,,,,,,1464,,0,,,,
accuracy,Coimbatore,wind_speed,30,,,icon,model,5,mae,2.564583,2.564583,,1.220694,,,,,,720,,0,,,,
accuracy,Coimbatore,wind_speed,7,,,gfs,model,6,mae,3.392262,3.392262,,-2.274405,,,,,,168,,1,,,,
accuracy,Coimbatore,wind_speed,,,,gfs,model,6,mae,3.479986,3.479986,,-3.036134,,,,,,1464,,0,,,,
accuracy,Coimbatore,wind_speed,30,,,gfs,model,6,mae,3.580139,3.580139,,-3.048194,,,,,,720,,0,,,,
accuracy,Coimbatore,wind_speed,45,,,gfs,model,6,mae,3.716667,3.716667,,-3.32037,,,,,,1080,,0,,,,
accuracy,Coimbatore,wind_speed,7,,,gem,model,7,mae,4.5,4.5,,-3.183333,,,,,,168,,1,,,,
accuracy,Coimbatore,wind_speed,30,,,gem,model,7,mae,5.875694,5.875694,,-5.455417,,,,,,720,,0,,,,
accuracy,Coimbatore,wind_speed,45,,,gem,model,7,mae,6.272778,6.272778,,-5.980741,,,,,,1080,,0,,,,
accuracy,Coimbatore,wind_speed,,,,gem,model,7,mae,6.460997,6.460997,,-6.241325,,,,,,1464,,0,,,,
accuracy,Dehradun,wind_speed,7,,,ecmwf,model,1,mae,1.297024,1.297024,,0.2875,,,,,,168,,1,,,,
accuracy,Dehradun,wind_speed,45,,,ecmwf,model,1,mae,1.336111,1.336111,,0.436852,,,,,,1080,,0,,,,
accuracy,Dehradun,wind_speed,,,,ecmwf,model,1,mae,1.345423,1.345423,,0.363593,,,,,,1464,,0,,,,
accuracy,Dehradun,wind_speed,30,,,ecmwf,model,1,mae,1.362639,1.362639,,0.512917,,,,,,720,,0,,,,
accuracy,Dehradun,wind_speed,45,,,weighted_blend,blend,2,mae,1.522905,1.522905,,-0.356367,,,,,,1080,,0,,,,
accuracy,Dehradun,wind_speed,30,,,weighted_blend,blend,2,mae,1.531552,1.531552,,-0.548428,,,,,,720,,0,,,,
accuracy,Dehradun,wind_speed,,,,weighted_blend,blend,2,mae,1.543768,1.543768,,-0.354146,,,,,,1464,,0,,,,
accuracy,Dehradun,wind_speed,7,,,weighted_blend,blend,2,mae,1.966886,1.966886,,-0.97259,,,,,,168,,1,,,,
accuracy,Dehradun,wind_speed,45,,,equal_avg,baseline,3,mae,1.652361,1.652361,,-0.527176,,,,,,1080,,0,,,,
accuracy,Dehradun,wind_speed,30,,,equal_avg,baseline,3,mae,1.671354,1.671354,,-0.76316,,,,,,720,,0,,,,
accuracy,Dehradun,wind_speed,,,,equal_avg,baseline,3,mae,1.67196,1.67196,,-0.510724,,,,,,1464,,0,,,,
accuracy,Dehradun,wind_speed,7,,,equal_avg,baseline,3,mae,2.171875,2.171875,,-1.209375,,,,,,168,,1,,,,
accuracy,Dehradun,wind_speed,30,,,icon,model,4,mae,1.837639,1.837639,,-0.450694,,,,,,720,,0,,,,
accuracy,Dehradun,wind_speed,,,,icon,model,4,mae,1.899454,1.899454,,-0.133197,,,,,,1464,,0,,,,
accuracy,Dehradun,wind_speed,45,,,icon,model,4,mae,1.908056,1.908056,,-0.1525,,,,,,1080,,0,,,,
accuracy,Dehradun,wind_speed,7,,,persistence,baseline,4,mae,2.266667,2.266667,,-0.030952,,,,,,168,,1,,,,
accuracy,Dehradun,wind_speed,30,,,persistence,baseline,5,mae,1.972361,1.972361,,0.004583,,,,,,720,,0,,,,
accuracy,Dehradun,wind_speed,45,,,persistence,baseline,5,mae,2.073148,2.073148,,0.031667,,,,,,1080,,0,,,,
accuracy,Dehradun,wind_speed,,,,persistence,baseline,5,mae,2.159375,2.159375,,0.009792,,,,,,1440,,0,,,,
accuracy,Dehradun,wind_speed,7,,,icon,model,5,mae,2.379762,2.379762,,-1.055952,,,,,,168,,1,,,,
accuracy,Dehradun,wind_speed,45,,,gem,model,6,mae,2.286574,2.286574,,-0.698241,,,,,,1080,,0,,,,
accuracy,Dehradun,wind_speed,30,,,gem,model,6,mae,2.332917,2.332917,,-1.025694,,,,,,720,,0,,,,
accuracy,Dehradun,wind_speed,,,,gem,model,6,mae,2.336544,2.336544,,-0.707992,,,,,,1464,,0,,,,
accuracy,Dehradun,wind_speed,7,,,gem,model,6,mae,2.808929,2.808929,,-1.699405,,,,,,168,,1,,,,
accuracy,Dehradun,wind_speed,,,,gfs,model,7,mae,2.585792,2.585792,,-1.565301,,,,,,1464,,0,,,,
accuracy,Dehradun,wind_speed,45,,,gfs,model,7,mae,2.635741,2.635741,,-1.694815,,,,,,1080,,0,,,,
accuracy,Dehradun,wind_speed,30,,,gfs,model,7,mae,2.793056,2.793056,,-2.089167,,,,,,720,,0,,,,
accuracy,Dehradun,wind_speed,7,,,gfs,model,7,mae,3.329167,3.329167,,-2.369643,,,,,,168,,1,,,,
accuracy,Delhi,wind_speed,7,,,ecmwf,model,1,mae,1.030357,1.030357,,-0.36131,,,,,,168,,1,,,,
accuracy,Delhi,wind_speed,30,,,ecmwf,model,1,mae,1.335417,1.335417,,-0.508472,,,,,,720,,0,,,,
accuracy,Delhi,wind_speed,45,,,ecmwf,model,1,mae,1.370278,1.370278,,-0.451389,,,,,,1080,,0,,,,
accuracy,Delhi,wind_speed,,,,ecmwf,model,1,mae,1.375683,1.375683,,-0.426366,,,,,,1464,,0,,,,
accuracy,Delhi,wind_speed,7,,,weighted_blend,blend,2,mae,1.19836,1.19836,,-0.665327,,,,,,168,,1,,,,
accuracy,Delhi,wind_speed,30,,,weighted_blend,blend,2,mae,1.467891,1.467891,,-0.776689,,,,,,720,,0,,,,
accuracy,Delhi,wind_speed,45,,,weighted_blend,blend,2,mae,1.519547,1.519547,,-0.739853,,,,,,1080,,0,,,,
accuracy,Delhi,wind_speed,,,,weighted_blend,blend,2,mae,1.555851,1.555851,,-0.8138,,,,,,1464,,0,,,,
accuracy,Delhi,wind_speed,7,,,equal_avg,baseline,3,mae,1.660268,1.660268,,-1.231101,,,,,,168,,1,,,,
accuracy,Delhi,wind_speed,30,,,equal_avg,baseline,3,mae,1.886944,1.886944,,-1.242083,,,,,,720,,0,,,,
accuracy,Delhi,wind_speed,45,,,equal_avg,baseline,3,mae,1.922153,1.922153,,-1.226273,,,,,,1080,,0,,,,
accuracy,Delhi,wind_speed,,,,equal_avg,baseline,3,mae,2.010417,2.010417,,-1.38487,,,,,,1464,,0,,,,
accuracy,Delhi,wind_speed,7,,,icon,model,4,mae,1.766667,1.766667,,0.957143,,,,,,168,,1,,,,
accuracy,Delhi,wind_speed,30,,,icon,model,4,mae,1.939028,1.939028,,0.619028,,,,,,720,,0,,,,
accuracy,Delhi,wind_speed,45,,,icon,model,4,mae,1.988981,1.988981,,0.656759,,,,,,1080,,0,,,,
accuracy,Delhi,wind_speed,,,,icon,model,4,mae,2.074112,2.074112,,0.77056,,,,,,1464,,0,,,,
accuracy,Delhi,wind_speed,7,,,persistence,baseline,5,mae,2.474405,2.474405,,-0.732738,,,,,,168,,1,,,,
accuracy,Delhi,wind_speed,30,,,persistence,baseline,5,mae,2.510694,2.510694,,-0.120972,,,,,,720,,0,,,,
accuracy,Delhi,wind_speed,45,,,persistence,baseline,5,mae,2.642222,2.642222,,-0.100926,,,,,,1080,,0,,,,
accuracy,Delhi,wind_speed,,,,persistence,baseline,5,mae,2.908333,2.908333,,-0.078333,,,,,,1440,,0,,,,
accuracy,Delhi,wind_speed,7,,,gem,model,6,mae,2.83869,2.83869,,-1.333929,,,,,,168,,1,,,,
accuracy,Delhi,wind_speed,45,,,gem,model,6,mae,3.088889,3.088889,,-1.460556,,,,,,1080,,0,,,,
accuracy,Delhi,wind_speed,30,,,gem,model,6,mae,3.175972,3.175972,,-1.584028,,,,,,720,,0,,,,
accuracy,Delhi,wind_speed,,,,gem,model,6,mae,3.235041,3.235041,,-1.767145,,,,,,1464,,0,,,,
accuracy,Delhi,wind_speed,30,,,gfs,model,7,mae,4.157083,4.157083,,-3.494861,,,,,,720,,0,,,,
accuracy,Delhi,wind_speed,45,,,gfs,model,7,mae,4.233241,4.233241,,-3.649907,,,,,,1080,,0,,,,
accuracy,Delhi,wind_speed,7,,,gfs,model,7,mae,4.431548,4.431548,,-4.18631,,,,,,168,,1,,,,
accuracy,Delhi,wind_speed,,,,gfs,model,7,mae,4.605055,4.605055,,-4.11653,,,,,,1464,,0,,,,
accuracy,Ghaziabad,wind_speed,7,,,ecmwf,model,1,mae,1.022024,1.022024,,0.056548,,,,,,168,,1,,,,
accuracy,Ghaziabad,wind_speed,30,,,ecmwf,model,1,mae,1.334028,1.334028,,-0.003472,,,,,,720,,0,,,,
accuracy,Ghaziabad,wind_speed,45,,,ecmwf,model,1,mae,1.362407,1.362407,,-0.059444,,,,,,1080,,0,,,,
accuracy,Ghaziabad,wind_speed,,,,ecmwf,model,1,mae,1.412227,1.412227,,-0.053757,,,,,,1464,,0,,,,
accuracy,Ghaziabad,wind_speed,7,,,weighted_blend,blend,2,mae,1.478636,1.478636,,-0.360268,,,,,,168,,1,,,,
accuracy,Ghaziabad,wind_speed,30,,,weighted_blend,blend,2,mae,1.6124,1.6124,,-0.440684,,,,,,720,,0,,,,
accuracy,Ghaziabad,wind_speed,45,,,weighted_blend,blend,2,mae,1.661405,1.661405,,-0.475714,,,,,,1080,,0,,,,
accuracy,Ghaziabad,wind_speed,,,,weighted_blend,blend,2,mae,1.680606,1.680606,,-0.493023,,,,,,1464,,0,,,,
accuracy,Ghaziabad,wind_speed,7,,,equal_avg,baseline,3,mae,1.762054,1.762054,,-0.635268,,,,,,168,,1,,,,
accuracy,Ghaziabad,wind_speed,30,,,equal_avg,baseline,3,mae,1.917014,1.917014,,-0.717847,,,,,,720,,0,,,,
accuracy,Ghaziabad,wind_speed,45,,,equal_avg,baseline,3,mae,1.962153,1.962153,,-0.745856,,,,,,1080,,0,,,,
accuracy,Ghaziabad,wind_speed,,,,equal_avg,baseline,3,mae,1.985109,1.985109,,-0.791667,,,,,,1464,,0,,,,
accuracy,Ghaziabad,wind_speed,7,,,icon,model,4,mae,2.282738,2.282738,,1.110119,,,,,,168,,1,,,,
accuracy,Ghaziabad,wind_speed,30,,,icon,model,4,mae,2.303611,2.303611,,0.845,,,,,,720,,0,,,,
accuracy,Ghaziabad,wind_speed,45,,,icon,model,4,mae,2.33463,2.33463,,0.871296,,,,,,1080,,0,,,,
accuracy,Ghaziabad,wind_speed,,,,icon,model,4,mae,2.53668,2.53668,,1.091735,,,,,,1464,,0,,,,
accuracy,Ghaziabad,wind_speed,7,,,persistence,baseline,5,mae,2.569048,2.569048,,-0.847619,,,,,,168,,1,,,,
accuracy,Ghaziabad,wind_speed,30,,,persistence,baseline,5,mae,2.902778,2.902778,,-0.150278,,,,,,720,,0,,,,
accuracy,Ghaziabad,wind_speed,45,,,persistence,baseline,5,mae,3.075833,3.075833,,-0.107685,,,,,,1080,,0,,,,
accuracy,Ghaziabad,wind_speed,,,,gfs,model,5,mae,3.318989,3.318989,,-2.127459,,,,,,1464,,0,,,,
accuracy,Ghaziabad,wind_speed,7,,,gfs,model,6,mae,2.8375,2.8375,,-2.042262,,,,,,168,,1,,,,
accuracy,Ghaziabad,wind_speed,30,,,gfs,model,6,mae,3.158194,3.158194,,-1.670972,,,,,,720,,0,,,,
accuracy,Ghaziabad,wind_speed,45,,,gfs,model,6,mae,3.26713,3.26713,,-1.878241,,,,,,1080,,0,,,,
accuracy,Ghaziabad,wind_speed,,,,persistence,baseline,6,mae,3.338958,3.338958,,-0.090486,,,,,,1440,,0,,,,
accuracy,Ghaziabad,wind_speed,7,,,gem,model,7,mae,3.44881,3.44881,,-1.665476,,,,,,168,,1,,,,
accuracy,Ghaziabad,wind_speed,45,,,gem,model,7,mae,3.642037,3.642037,,-1.917037,,,,,,1080,,0,,,,
accuracy,Ghaziabad,wind_speed,30,,,gem,model,7,mae,3.713611,3.713611,,-2.041944,,,,,,720,,0,,,,
accuracy,Ghaziabad,wind_speed,,,,gem,model,7,mae,3.760656,3.760656,,-2.077186,,,,,,1464,,0,,,,
accuracy,Goa,wind_speed,7,,,gfs,model,1,mae,1.739881,1.739881,,0.235119,,,,,,168,,1,,,,
accuracy,Goa,wind_speed,30,,,persistence,baseline,1,mae,2.197917,2.197917,,-0.012917,,,,,,720,,0,,,,
accuracy,Goa,wind_speed,45,,,persistence,baseline,1,mae,2.310185,2.310185,,-0.021296,,,,,,1080,,0,,,,
accuracy,Goa,wind_speed,,,,persistence,baseline,1,mae,2.593472,2.593472,,-0.009583,,,,,,1440,,0,,,,
accuracy,Goa,wind_speed,7,,,persistence,baseline,2,mae,1.850595,1.850595,,0.0375,,,,,,168,,1,,,,
accuracy,Goa,wind_speed,30,,,weighted_blend,blend,2,mae,2.309407,2.309407,,-1.397259,,,,,,720,,0,,,,
accuracy,Goa,wind_speed,45,,,weighted_blend,blend,2,mae,2.794971,2.794971,,-1.938224,,,,,,1080,,0,,,,
accuracy,Goa,wind_speed,,,,weighted_blend,blend,2,mae,3.169744,3.169744,,-2.255764,,,,,,1464,,0,,,,
accuracy,Goa,wind_speed,7,,,weighted_blend,blend,3,mae,2.091221,2.091221,,-1.33119,,,,,,168,,1,,,,
accuracy,Goa,wind_speed,30,,,equal_avg,baseline,3,mae,2.320972,2.320972,,-1.415208,,,,,,720,,0,,,,
accuracy,Goa,wind_speed,45,,,equal_avg,baseline,3,mae,2.79838,2.79838,,-1.944306,,,,,,1080,,0,,,,
accuracy,Goa,wind_speed,,,,equal_avg,baseline,3,mae,3.181574,3.181574,,-2.273105,,,,,,1464,,0,,,,
accuracy,Goa,wind_speed,7,,,equal_avg,baseline,4,mae,2.100298,2.100298,,-1.351786,,,,,,168,,1,,,,
accuracy,Goa,wind_speed,30,,,icon,model,4,mae,2.386667,2.386667,,-0.535,,,,,,720,,0,,,,
accuracy,Goa,wind_speed,45,,,icon,model,4,mae,3.011481,3.011481,,-1.373889,,,,,,1080,,0,,,,
accuracy,Goa,wind_speed,,,,icon,model,4,mae,3.40888,3.40888,,-1.639754,,,,,,1464,,0,,,,
accuracy,Goa,wind_speed,30,,,gfs,model,5,mae,2.572778,2.572778,,-1.346111,,,,,,720,,0,,,,
accuracy,Goa,wind_speed,7,,,gem,model,5,mae,2.597024,2.597024,,-1.691071,,,,,,168,,1,,,,
accuracy,Goa,wind_speed,45,,,gfs,model,5,mae,3.06287,3.06287,,-2.00713,,,,,,1080,,0,,,,
accuracy,Goa,wind_speed,,,,gem,model,5,mae,3.484495,3.484495,,-2.162363,,,,,,1464,,0,,,,
accuracy,Goa,wind_speed,7,,,icon,model,6,mae,2.616071,2.616071,,-1.208929,,,,,,168,,1,,,,
accuracy,Goa,wind_speed,30,,,gem,model,6,mae,2.935972,2.935972,,-1.702083,,,,,,720,,0,,,,
accuracy,Goa,wind_speed,45,,,gem,model,6,mae,3.349167,3.349167,,-2.221389,,,,,,1080,,0,,,,
accuracy,Goa,wind_speed,,,,gfs,model,6,mae,3.564071,3.564071,,-2.654508,,,,,,1464,,0,,,,
accuracy,Goa,wind_speed,30,,,ecmwf,model,7,mae,3.260139,3.260139,,-2.077639,,,,,,720,,0,,,,
accuracy,Goa,wind_speed,7,,,ecmwf,model,7,mae,3.319643,3.319643,,-2.742262,,,,,,168,,1,,,,
accuracy,Goa,wind_speed,45,,,ecmwf,model,7,mae,3.440926,3.440926,,-2.174815,,,,,,1080,,0,,,,
accuracy,Goa,wind_speed,,,,ecmwf,model,7,mae,4.037295,4.037295,,-2.635792,,,,,,1464,,0,,,,
accuracy,Guwahati,wind_speed,7,,,weighted_blend,blend,1,mae,1.557848,1.557848,,-0.129994,,,,,,168,,1,,,,
accuracy,Guwahati,wind_speed,45,,,weighted_blend,blend,1,mae,1.560723,1.560723,,-0.03021,,,,,,1080,,0,,,,
accuracy,Guwahati,wind_speed,,,,weighted_blend,blend,1,mae,1.603797,1.603797,,-0.060569,,,,,,1464,,0,,,,
accuracy,Guwahati,wind_speed,30,,,weighted_blend,blend,1,mae,1.606738,1.606738,,-0.026196,,,,,,720,,0,,,,
accuracy,Guwahati,wind_speed,7,,,equal_avg,baseline,2,mae,1.570387,1.570387,,-0.143601,,,,,,168,,1,,,,
accuracy,Guwahati,wind_speed,45,,,equal_avg,baseline,2,mae,1.570972,1.570972,,-0.041713,,,,,,1080,,0,,,,
accuracy,Guwahati,wind_speed,,,,equal_avg,baseline,2,mae,1.614208,1.614208,,-0.072541,,,,,,1464,,0,,,,
accuracy,Guwahati,wind_speed,30,,,equal_avg,baseline,2,mae,1.619236,1.619236,,-0.042708,,,,,,720,,0,,,,
accuracy,Guwahati,wind_speed,7,,,icon,model,3,mae,1.813095,1.813095,,0.316667,,,,,,168,,1,,,,
accuracy,Guwahati,wind_speed,,,,icon,model,3,mae,2.076913,2.076913,,0.690984,,,,,,1464,,0,,,,
accuracy,Guwahati,wind_speed,45,,,ecmwf,model,3,mae,2.083333,2.083333,,-0.802407,,,,,,1080,,0,,,,
accuracy,Guwahati,wind_speed,30,,,ecmwf,model,3,mae,2.095556,2.095556,,-0.746944,,,,,,720,,0,,,,
accuracy,Guwahati,wind_speed,7,,,ecmwf,model,4,mae,1.979762,1.979762,,-0.430952,,,,,,168,,1,,,,
accuracy,Guwahati,wind_speed,45,,,icon,model,4,mae,2.091296,2.091296,,0.751852,,,,,,1080,,0,,,,
accuracy,Guwahati,wind_speed,30,,,icon,model,4,mae,2.099583,2.099583,,0.849583,,,,,,720,,0,,,,
accuracy,Guwahati,wind_speed,,,,ecmwf,model,4,mae,2.149658,2.149658,,-0.808128,,,,,,1464,,0,,,,
accuracy,Guwahati,wind_speed,7,,,gem,model,5,mae,2.218452,2.218452,,0.235119,,,,,,168,,1,,,,
accuracy,Guwahati,wind_speed,,,,gem,model,5,mae,2.278142,2.278142,,0.087568,,,,,,1464,,0,,,,
accuracy,Guwahati,wind_speed,45,,,gem,model,5,mae,2.283426,2.283426,,0.01213,,,,,,1080,,0,,,,
accuracy,Guwahati,wind_speed,30,,,gem,model,5,mae,2.385417,2.385417,,0.007083,,,,,,720,,0,,,,
accuracy,Guwahati,wind_speed,7,,,persistence,baseline,6,mae,2.381548,2.381548,,0.260119,,,,,,168,,1,,,,
accuracy,Guwahati,wind_speed,45,,,gfs,model,6,mae,2.390833,2.390833,,-0.128426,,,,,,1080,,0,,,,
accuracy,Guwahati,wind_speed,,,,gfs,model,6,mae,2.393101,2.393101,,-0.260587,,,,,,1464,,0,,,,
accuracy,Guwahati,wind_speed,30,,,gfs,model,6,mae,2.496667,2.496667,,-0.280556,,,,,,720,,0,,,,
accuracy,Guwahati,wind_speed,7,,,gfs,model,7,mae,2.503571,2.503571,,-0.695238,,,,,,168,,1,,,,
accuracy,Guwahati,wind_speed,,,,persistence,baseline,7,mae,2.670625,2.670625,,0.040347,,,,,,1440,,0,,,,
accuracy,Guwahati,wind_speed,45,,,persistence,baseline,7,mae,2.693981,2.693981,,0.045093,,,,,,1080,,0,,,,
accuracy,Guwahati,wind_speed,30,,,persistence,baseline,7,mae,2.80125,2.80125,,-0.077361,,,,,,720,,0,,,,
accuracy,Hyderabad,wind_speed,7,,,weighted_blend,blend,1,mae,1.259133,1.259133,,-0.378763,,,,,,168,,1,,,,
accuracy,Hyderabad,wind_speed,30,,,weighted_blend,blend,1,mae,1.436073,1.436073,,-0.707305,,,,,,720,,0,,,,
accuracy,Hyderabad,wind_speed,45,,,weighted_blend,blend,1,mae,1.597595,1.597595,,-1.025062,,,,,,1080,,0,,,,
accuracy,Hyderabad,wind_speed,,,,weighted_blend,blend,1,mae,1.712992,1.712992,,-1.230128,,,,,,1464,,0,,,,
accuracy,Hyderabad,wind_speed,7,,,ecmwf,model,2,mae,1.328571,1.328571,,-0.42619,,,,,,168,,1,,,,
accuracy,Hyderabad,wind_speed,30,,,ecmwf,model,2,mae,1.544306,1.544306,,-0.839861,,,,,,720,,0,,,,
accuracy,Hyderabad,wind_speed,45,,,ecmwf,model,2,mae,1.647037,1.647037,,-1.050741,,,,,,1080,,0,,,,
accuracy,Hyderabad,wind_speed,,,,ecmwf,model,2,mae,1.747336,1.747336,,-1.255806,,,,,,1464,,0,,,,
accuracy,Hyderabad,wind_speed,7,,,equal_avg,baseline,3,mae,1.781994,1.781994,,-1.05253,,,,,,168,,1,,,,
accuracy,Hyderabad,wind_speed,30,,,persistence,baseline,3,mae,2.1575,2.1575,,-0.310556,,,,,,720,,0,,,,
accuracy,Hyderabad,wind_speed,45,,,persistence,baseline,3,mae,2.167685,2.167685,,-0.149537,,,,,,1080,,0,,,,
accuracy,Hyderabad,wind_speed,,,,persistence,baseline,3,mae,2.340139,2.340139,,-0.115556,,,,,,1440,,0,,,,
accuracy,Hyderabad,wind_speed,30,,,equal_avg,baseline,4,mae,2.226875,2.226875,,-1.655625,,,,,,720,,0,,,,
accuracy,Hyderabad,wind_speed,7,,,icon,model,4,mae,2.313095,2.313095,,1.642857,,,,,,168,,1,,,,
accuracy,Hyderabad,wind_speed,45,,,icon,model,4,mae,2.498241,2.498241,,2.239352,,,,,,1080,,0,,,,
accuracy,Hyderabad,wind_speed,,,,icon,model,4,mae,2.763046,2.763046,,2.495423,,,,,,1464,,0,,,,
accuracy,Hyderabad,wind_speed,7,,,persistence,baseline,5,mae,2.417262,2.417262,,-0.525595,,,,,,168,,1,,,,
accuracy,Hyderabad,wind_speed,45,,,equal_avg,baseline,5,mae,2.555903,2.555903,,-2.12794,,,,,,1080,,0,,,,
accuracy,Hyderabad,wind_speed,30,,,icon,model,5,mae,2.592222,2.592222,,2.3425,,,,,,720,,0,,,,
accuracy,Hyderabad,wind_speed,,,,equal_avg,baseline,5,mae,2.83943,2.83943,,-2.494758,,,,,,1464,,0,,,,
accuracy,Hyderabad,wind_speed,7,,,gem,model,6,mae,3.414286,3.414286,,-2.233333,,,,,,168,,1,,,,
accuracy,Hyderabad,wind_speed,30,,,gfs,model,6,mae,4.686944,4.686944,,-4.092222,,,,,,720,,0,,,,
accuracy,Hyderabad,wind_speed,45,,,gem,model,6,mae,5.160648,5.160648,,-4.517315,,,,,,1080,,0,,,,
accuracy,Hyderabad,wind_speed,,,,gem,model,6,mae,5.697951,5.697951,,-5.141667,,,,,,1464,,0,,,,
accuracy,Hyderabad,wind_speed,7,,,gfs,model,7,mae,4.005357,4.005357,,-3.193452,,,,,,168,,1,,,,
accuracy,Hyderabad,wind_speed,30,,,gem,model,7,mae,4.76875,4.76875,,-4.032917,,,,,,720,,0,,,,
accuracy,Hyderabad,wind_speed,45,,,gfs,model,7,mae,5.606019,5.606019,,-5.183056,,,,,,1080,,0,,,,
accuracy,Hyderabad,wind_speed,,,,gfs,model,7,mae,6.414003,6.414003,,-6.076981,,,,,,1464,,0,,,,
accuracy,IN,wind_speed,7,,,ecmwf,model,1,mae,1.413995,1.413995,,-0.120873,,,,,,7560,,0,1.291918,1.538022,1,1
accuracy,IN,wind_speed,30,,,ecmwf,model,1,mae,1.508404,1.508404,,-0.165855,,,,,,32400,,0,1.377015,1.655132,1,2
accuracy,IN,wind_speed,45,,,ecmwf,model,1,mae,1.533677,1.533677,,-0.210484,,,,,,48600,,0,1.396552,1.687626,1,2
accuracy,IN,wind_speed,,,,ecmwf,model,1,mae,1.592998,1.592998,,-0.258405,,,,,,65880,,0,1.442151,1.760348,1,2
accuracy,IN,wind_speed,7,,,weighted_blend,blend,2,mae,1.495583,1.495583,,-0.395395,,,,,,7560,,0,1.411907,1.580558,2,2
accuracy,IN,wind_speed,30,,,weighted_blend,blend,2,mae,1.543739,1.543739,,-0.4446,,,,,,32400,,0,1.46774,1.626916,1,2
accuracy,IN,wind_speed,45,,,weighted_blend,blend,2,mae,1.58163,1.58163,,-0.49695,,,,,,48600,,0,1.499384,1.67172,1,2
accuracy,IN,wind_speed,,,,weighted_blend,blend,2,mae,1.633596,1.633596,,-0.527645,,,,,,65880,,0,1.543778,1.735177,1,2
accuracy,IN,wind_speed,7,,,equal_avg,baseline,3,mae,1.8683,1.8683,,-0.81494,,,,,,7560,,0,1.776773,1.964254,3,3
accuracy,IN,wind_speed,30,,,equal_avg,baseline,3,mae,1.995217,1.995217,,-0.948902,,,,,,32400,,0,1.887126,2.109198,3,3
accuracy,IN,wind_speed,45,,,equal_avg,baseline,3,mae,2.063449,2.063449,,-1.027465,,,,,,48600,,0,1.938507,2.19467,3,3
accuracy,IN,wind_speed,,,,equal_avg,baseline,3,mae,2.139463,2.139463,,-1.082187,,,,,,65880,,0,2.007233,2.277099,3,3
accuracy,IN,wind_speed,7,,,icon,model,4,mae,2.509021,2.509021,,1.332143,,,,,,7560,,0,2.367175,2.649379,4,4
accuracy,IN,wind_speed,30,,,persistence,baseline,4,mae,2.592377,2.592377,,-0.124154,,,,,,32400,,0,2.41765,2.747364,4,5
accuracy,IN,wind_speed,45,,,persistence,baseline,4,mae,2.63399,2.63399,,-0.064685,,,,,,48600,,0,2.470746,2.779983,4,5
accuracy,IN,wind_speed,,,,icon,model,4,mae,2.792518,2.792518,,1.669728,,,,,,65880,,0,2.560639,3.035527,4,5
accuracy,IN,wind_speed,30,,,icon,model,5,mae,2.656238,2.656238,,1.586256,,,,,,32400,,0,2.439035,2.882778,4,5
accuracy,IN,wind_speed,45,,,icon,model,5,mae,2.67206,2.67206,,1.56757,,,,,,48600,,0,2.454736,2.898235,4,5
accuracy,IN,wind_speed,,,,persistence,baseline,5,mae,2.836295,2.836295,,-0.046918,,,,,,64800,,0,2.670716,2.979514,4,5
accuracy,IN,wind_speed,7,,,persistence,baseline,5,mae,2.859378,2.859378,,-0.217024,,,,,,7560,,0,2.634435,3.064498,5,5
accuracy,IN,wind_speed,7,,,gem,model,6,mae,3.378796,3.378796,,-1.865251,,,,,,7560,,0,3.099898,3.663205,6,7
accuracy,IN,wind_speed,30,,,gem,model,6,mae,3.644358,3.644358,,-2.055019,,,,,,32400,,0,3.337342,3.975853,6,6
accuracy,IN,wind_speed,45,,,gem,model,6,mae,3.705356,3.705356,,-2.094743,,,,,,48600,,0,3.396113,4.05079,6,6
accuracy,IN,wind_speed,,,,gem,model,6,mae,3.796114,3.796114,,-2.125012,,,,,,65880,,0,3.484707,4.135206,6,6
accuracy,IN,wind_speed,7,,,gfs,model,7,mae,3.576098,3.576098,,-2.60578,,,,,,7560,,0,3.306414,3.882194,6,7
accuracy,IN,wind_speed,30,,,gfs,model,7,mae,4.10238,4.10238,,-3.160991,,,,,,32400,,0,3.754491,4.516121,7,7
accuracy,IN,wind_speed,45,,,gfs,model,7,mae,4.317171,4.317171,,-3.372204,,,,,,48600,,0,3.920147,4.759162,7,7
accuracy,IN,wind_speed,,,,gfs,model,7,mae,4.550914,4.550914,,-3.615061,,,,,,65880,,0,4.114663,5.049483,7,7
accuracy,Imphal,wind_speed,45,,,weighted_blend,blend,1,mae,1.311354,1.311354,,-0.354355,,,,,,1080,,0,,,,
accuracy,Imphal,wind_speed,,,,weighted_blend,blend,1,mae,1.341972,1.341972,,-0.178722,,,,,,1464,,0,,,,
accuracy,Imphal,wind_speed,30,,,weighted_blend,blend,1,mae,1.369115,1.369115,,-0.38661,,,,,,720,,0,,,,
accuracy,Imphal,wind_speed,7,,,ecmwf,model,1,mae,1.476786,1.476786,,-0.116071,,,,,,168,,1,,,,
accuracy,Imphal,wind_speed,45,,,equal_avg,baseline,2,mae,1.34588,1.34588,,-0.356111,,,,,,1080,,0,,,,
accuracy,Imphal,wind_speed,,,,equal_avg,baseline,2,mae,1.370919,1.370919,,-0.181096,,,,,,1464,,0,,,,
accuracy,Imphal,wind_speed,30,,,equal_avg,baseline,2,mae,1.402535,1.402535,,-0.388646,,,,,,720,,0,,,,
accuracy,Imphal,wind_speed,7,,,weighted_blend,blend,2,mae,1.506954,1.506954,,-0.213193,,,,,,168,,1,,,,
accuracy,Imphal,wind_speed,45,,,ecmwf,model,3,mae,1.429444,1.429444,,-0.386296,,,,,,1080,,0,,,,
accuracy,Imphal,wind_speed,,,,ecmwf,model,3,mae,1.46373,1.46373,,-0.204577,,,,,,1464,,0,,,,
accuracy,Imphal,wind_speed,30,,,ecmwf,model,3,mae,1.501667,1.501667,,-0.421389,,,,,,720,,0,,,,
accuracy,Imphal,wind_speed,7,,,equal_avg,baseline,3,mae,1.540625,1.540625,,-0.222768,,,,,,168,,1,,,,
accuracy,Imphal,wind_speed,45,,,gfs,model,4,mae,1.889074,1.889074,,0.445,,,,,,1080,,0,,,,
accuracy,Imphal,wind_speed,30,,,gfs,model,4,mae,1.908889,1.908889,,0.503056,,,,,,720,,0,,,,
accuracy,Imphal,wind_speed,7,,,icon,model,4,mae,1.922024,1.922024,,-0.375595,,,,,,168,,1,,,,
accuracy,Imphal,wind_speed,,,,gfs,model,4,mae,1.932855,1.932855,,0.608675,,,,,,1464,,0,,,,
accuracy,Imphal,wind_speed,7,,,gem,model,5,mae,1.926786,1.926786,,-0.169643,,,,,,168,,1,,,,
accuracy,Imphal,wind_speed,45,,,gem,model,5,mae,1.935926,1.935926,,-0.806481,,,,,,1080,,0,,,,
accuracy,Imphal,wind_speed,,,,icon,model,5,mae,1.937363,1.937363,,-0.581762,,,,,,1464,,0,,,,
accuracy,Imphal,wind_speed,30,,,icon,model,5,mae,2.004444,2.004444,,-0.750278,,,,,,720,,0,,,,
accuracy,Imphal,wind_speed,,,,gem,model,6,mae,1.953415,1.953415,,-0.546721,,,,,,1464,,0,,,,
accuracy,Imphal,wind_speed,45,,,icon,model,6,mae,1.958333,1.958333,,-0.676667,,,,,,1080,,0,,,,
accuracy,Imphal,wind_speed,7,,,persistence,baseline,6,mae,2.005357,2.005357,,0.11131,,,,,,168,,1,,,,
accuracy,Imphal,wind_speed,30,,,gem,model,6,mae,2.021806,2.021806,,-0.885972,,,,,,720,,0,,,,
accuracy,Imphal,wind_speed,45,,,persistence,baseline,7,mae,2.052222,2.052222,,0.018889,,,,,,1080,,0,,,,
accuracy,Imphal,wind_speed,30,,,persistence,baseline,7,mae,2.056944,2.056944,,0.052222,,,,,,720,,0,,,,
accuracy,Imphal,wind_speed,,,,persistence,baseline,7,mae,2.12625,2.12625,,0.001111,,,,,,1440,,0,,,,
accuracy,Imphal,wind_speed,7,,,gfs,model,7,mae,2.327381,2.327381,,-0.229762,,,,,,168,,1,,,,
accuracy,Indore,wind_speed,30,,,ecmwf,model,1,mae,1.2125,1.2125,,-0.483611,,,,,,720,,0,,,,
accuracy,Indore,wind_speed,45,,,ecmwf,model,1,mae,1.21287,1.21287,,-0.616389,,,,,,1080,,0,,,,
accuracy,Indore,wind_speed,7,,,ecmwf,model,1,mae,1.233333,1.233333,,-0.089286,,,,,,168,,1,,,,
accuracy,Indore,wind_speed,,,,ecmwf,model,1,mae,1.297473,1.297473,,-0.700615,,,,,,1464,,0,,,,
accuracy,Indore,wind_speed,7,,,weighted_blend,blend,2,mae,1.245246,1.245246,,-0.438497,,,,,,168,,1,,,,
accuracy,Indore,wind_speed,30,,,weighted_blend,blend,2,mae,1.392702,1.392702,,-0.989774,,,,,,720,,0,,,,
accuracy,Indore,wind_speed,45,,,weighted_blend,blend,2,mae,1.398353,1.398353,,-1.020285,,,,,,1080,,0,,,,
accuracy,Indore,wind_speed,,,,weighted_blend,blend,2,mae,1.420865,1.420865,,-0.948836,,,,,,1464,,0,,,,
accuracy,Indore,wind_speed,7,,,equal_avg,baseline,3,mae,1.739137,1.739137,,-1.045089,,,,,,168,,1,,,,
accuracy,Indore,wind_speed,30,,,persistence,baseline,3,mae,2.098611,2.098611,,-0.202222,,,,,,720,,0,,,,
accuracy,Indore,wind_speed,45,,,persistence,baseline,3,mae,2.126481,2.126481,,-0.17,,,,,,1080,,0,,,,
accuracy,Indore,wind_speed,,,,equal_avg,baseline,3,mae,2.18306,2.18306,,-1.828074,,,,,,1464,,0,,,,
accuracy,Indore,wind_speed,7,,,icon,model,4,mae,2.12381,2.12381,,1.639286,,,,,,168,,1,,,,
accuracy,Indore,wind_speed,45,,,equal_avg,baseline,4,mae,2.205764,2.205764,,-1.962523,,,,,,1080,,0,,,,
accuracy,Indore,wind_speed,30,,,equal_avg,baseline,4,mae,2.213229,2.213229,,-1.954965,,,,,,720,,0,,,,
accuracy,Indore,wind_speed,,,,persistence,baseline,4,mae,2.301736,2.301736,,-0.104097,,,,,,1440,,0,,,,
accuracy,Indore,wind_speed,30,,,icon,model,5,mae,2.262083,2.262083,,1.967361,,,,,,720,,0,,,,
accuracy,Indore,wind_speed,45,,,icon,model,5,mae,2.414907,2.414907,,2.146019,,,,,,1080,,0,,,,
accuracy,Indore,wind_speed,,,,icon,model,5,mae,2.689822,2.689822,,2.387637,,,,,,1464,,0,,,,
accuracy,Indore,wind_speed,7,,,persistence,baseline,5,mae,2.851786,2.851786,,-0.405357,,,,,,168,,1,,,,
accuracy,Indore,wind_speed,7,,,gfs,model,6,mae,3.481548,3.481548,,-2.776786,,,,,,168,,1,,,,
accuracy,Indore,wind_speed,,,,gem,model,6,mae,4.091735,4.091735,,-3.466872,,,,,,1464,,0,,,,
accuracy,Indore,wind_speed,30,,,gem,model,6,mae,4.221111,4.221111,,-3.834444,,,,,,720,,0,,,,
accuracy,Indore,wind_speed,45,,,gem,model,6,mae,4.230926,4.230926,,-3.782407,,,,,,1080,,0,,,,
accuracy,Indore,wind_speed,7,,,gem,model,7,mae,3.813095,3.813095,,-2.953571,,,,,,168,,1,,,,
accuracy,Indore,wind_speed,30,,,gfs,model,7,mae,5.735,5.735,,-5.469167,,,,,,720,,0,,,,
accuracy,Indore,wind_speed,45,,,gfs,model,7,mae,5.789907,5.789907,,-5.597315,,,,,,1080,,0,,,,
accuracy,Indore,wind_speed,,,,gfs,model,7,mae,5.79556,5.79556,,-5.532445,,,,,,1464,,0,,,,
accuracy,Jabalpur,wind_speed,7,,,weighted_blend,blend,1,mae,1.113199,1.113199,,-0.010369,,,,,,168,,1,,,,
accuracy,Jabalpur,wind_speed,30,,,ecmwf,model,1,mae,1.195972,1.195972,,0.027917,,,,,,720,,0,,,,
accuracy,Jabalpur,wind_speed,45,,,ecmwf,model,1,mae,1.280926,1.280926,,0.066296,,,,,,1080,,0,,,,
accuracy,Jabalpur,wind_speed,,,,ecmwf,model,1,mae,1.299112,1.299112,,0.024795,,,,,,1464,,0,,,,
accuracy,Jabalpur,wind_speed,7,,,ecmwf,model,2,mae,1.16369,1.16369,,-0.2125,,,,,,168,,1,,,,
accuracy,Jabalpur,wind_speed,30,,,weighted_blend,blend,2,mae,1.273182,1.273182,,0.110621,,,,,,720,,0,,,,
accuracy,Jabalpur,wind_speed,45,,,weighted_blend,blend,2,mae,1.375616,1.375616,,-0.101046,,,,,,1080,,0,,,,
accuracy,Jabalpur,wind_speed,,,,weighted_blend,blend,2,mae,1.39885,1.39885,,-0.179005,,,,,,1464,,0,,,,
accuracy,Jabalpur,wind_speed,7,,,equal_avg,baseline,3,mae,1.304762,1.304762,,-0.013988,,,,,,168,,1,,,,
accuracy,Jabalpur,wind_speed,30,,,equal_avg,baseline,3,mae,1.499757,1.499757,,0.053576,,,,,,720,,0,,,,
accuracy,Jabalpur,wind_speed,45,,,equal_avg,baseline,3,mae,1.632546,1.632546,,-0.258704,,,,,,1080,,0,,,,
accuracy,Jabalpur,wind_speed,,,,equal_avg,baseline,3,mae,1.654235,1.654235,,-0.351708,,,,,,1464,,0,,,,
accuracy,Jabalpur,wind_speed,7,,,gem,model,4,mae,2.669048,2.669048,,-0.945238,,,,,,168,,1,,,,
accuracy,Jabalpur,wind_speed,45,,,persistence,baseline,4,mae,2.976019,2.976019,,-0.075648,,,,,,1080,,0,,,,
accuracy,Jabalpur,wind_speed,30,,,gfs,model,4,mae,3.059583,3.059583,,-1.882917,,,,,,720,,0,,,,
accuracy,Jabalpur,wind_speed,,,,persistence,baseline,4,mae,3.130278,3.130278,,-0.056667,,,,,,1440,,0,,,,
accuracy,Jabalpur,wind_speed,7,,,gfs,model,5,mae,2.7875,2.7875,,-2.199405,,,,,,168,,1,,,,
accuracy,Jabalpur,wind_speed,30,,,persistence,baseline,5,mae,3.1075,3.1075,,-0.179444,,,,,,720,,0,,,,
accuracy,Jabalpur,wind_speed,45,,,gfs,model,5,mae,3.403241,3.403241,,-2.380093,,,,,,1080,,0,,,,
accuracy,Jabalpur,wind_speed,,,,gem,model,5,mae,3.445219,3.445219,,-2.180328,,,,,,1464,,0,,,,
accuracy,Jabalpur,wind_speed,30,,,gem,model,6,mae,3.305694,3.305694,,-1.87375,,,,,,720,,0,,,,
accuracy,Jabalpur,wind_speed,45,,,gem,model,6,mae,3.520648,3.520648,,-2.191759,,,,,,1080,,0,,,,
accuracy,Jabalpur,wind_speed,,,,gfs,model,6,mae,3.524112,3.524112,,-2.567145,,,,,,1464,,0,,,,
accuracy,Jabalpur,wind_speed,7,,,icon,model,6,mae,3.545238,3.545238,,3.30119,,,,,,168,,1,,,,
accuracy,Jabalpur,wind_speed,,,,icon,model,7,mae,3.626639,3.626639,,3.315847,,,,,,1464,,0,,,,
accuracy,Jabalpur,wind_speed,45,,,icon,model,7,mae,3.714444,3.714444,,3.470741,,,,,,1080,,0,,,,
accuracy,Jabalpur,wind_speed,30,,,icon,model,7,mae,4.090833,4.090833,,3.943056,,,,,,720,,0,,,,
accuracy,Jabalpur,wind_speed,7,,,persistence,baseline,7,mae,4.342857,4.342857,,-0.494048,,,,,,168,,1,,,,
accuracy,Jaipur,wind_speed,7,,,ecmwf,model,1,mae,1.279167,1.279167,,-0.489881,,,,,,168,,1,,,,
accuracy,Jaipur,wind_speed,30,,,ecmwf,model,1,mae,1.349028,1.349028,,-0.599861,,,,,,720,,0,,,,
accuracy,Jaipur,wind_speed,45,,,ecmwf,model,1,mae,1.432593,1.432593,,-0.650926,,,,,,1080,,0,,,,
accuracy,Jaipur,wind_speed,,,,ecmwf,model,1,mae,1.463798,1.463798,,-0.68347,,,,,,1464,,0,,,,
accuracy,Jaipur,wind_speed,7,,,weighted_blend,blend,2,mae,1.361361,1.361361,,-0.531929,,,,,,168,,1,,,,
accuracy,Jaipur,wind_speed,30,,,weighted_blend,blend,2,mae,1.506324,1.506324,,-0.480259,,,,,,720,,0,,,,
accuracy,Jaipur,wind_speed,45,,,weighted_blend,blend,2,mae,1.557528,1.557528,,-0.556786,,,,,,1080,,0,,,,
accuracy,Jaipur,wind_speed,,,,weighted_blend,blend,2,mae,1.617985,1.617985,,-0.718914,,,,,,1464,,0,,,,
accuracy,Jaipur,wind_speed,7,,,equal_avg,baseline,3,mae,1.840476,1.840476,,-1.4,,,,,,168,,1,,,,
accuracy,Jaipur,wind_speed,30,,,equal_avg,baseline,3,mae,2.01941,2.01941,,-1.260382,,,,,,720,,0,,,,
accuracy,Jaipur,wind_speed,45,,,equal_avg,baseline,3,mae,2.046968,2.046968,,-1.282245,,,,,,1080,,0,,,,
accuracy,Jaipur,wind_speed,,,,equal_avg,baseline,3,mae,2.178125,2.178125,,-1.480516,,,,,,1464,,0,,,,
accuracy,Jaipur,wind_speed,30,,,persistence,baseline,4,mae,2.481528,2.481528,,-0.097917,,,,,,720,,0,,,,
accuracy,Jaipur,wind_speed,,,,icon,model,4,mae,2.573975,2.573975,,1.798156,,,,,,1464,,0,,,,
accuracy,Jaipur,wind_speed,45,,,persistence,baseline,4,mae,2.666019,2.666019,,-0.022315,,,,,,1080,,0,,,,
accuracy,Jaipur,wind_speed,7,,,icon,model,4,mae,2.809524,2.809524,,2.447619,,,,,,168,,1,,,,
accuracy,Jaipur,wind_speed,45,,,icon,model,5,mae,2.765463,2.765463,,2.158426,,,,,,1080,,0,,,,
accuracy,Jaipur,wind_speed,,,,persistence,baseline,5,mae,2.857361,2.857361,,-0.060833,,,,,,1440,,0,,,,
accuracy,Jaipur,wind_speed,7,,,persistence,baseline,5,mae,2.911905,2.911905,,-0.515476,,,,,,168,,1,,,,
accuracy,Jaipur,wind_speed,30,,,icon,model,5,mae,2.939861,2.939861,,2.467361,,,,,,720,,0,,,,
accuracy,Jaipur,wind_speed,7,,,gem,model,6,mae,3.115476,3.115476,,-1.972619,,,,,,168,,1,,,,
accuracy,Jaipur,wind_speed,45,,,gem,model,6,mae,3.170741,3.170741,,-1.727222,,,,,,1080,,0,,,,
accuracy,Jaipur,wind_speed,30,,,gem,model,6,mae,3.208889,3.208889,,-1.726111,,,,,,720,,0,,,,
accuracy,Jaipur,wind_speed,,,,gem,model,6,mae,3.234563,3.234563,,-1.79153,,,,,,1464,,0,,,,
accuracy,Jaipur,wind_speed,45,,,gfs,model,7,mae,5.497778,5.497778,,-4.909259,,,,,,1080,,0,,,,
accuracy,Jaipur,wind_speed,30,,,gfs,model,7,mae,5.690417,5.690417,,-5.182917,,,,,,720,,0,,,,
accuracy,Jaipur,wind_speed,7,,,gfs,model,7,mae,5.720833,5.720833,,-5.585119,,,,,,168,,1,,,,
accuracy,Jaipur,wind_speed,,,,gfs,model,7,mae,5.812568,5.812568,,-5.245219,,,,,,1464,,0,,,,
accuracy,Jodhpur,wind_speed,30,,,ecmwf,model,1,mae,0.653611,0.653611,,-0.096667,,,,,,720,,0,,,,
accuracy,Jodhpur,wind_speed,45,,,ecmwf,model,1,mae,0.742685,0.742685,,-0.168056,,,,,,1080,,0,,,,
accuracy,Jodhpur,wind_speed,,,,ecmwf,model,1,mae,0.824044,0.824044,,-0.175956,,,,,,1464,,0,,,,
accuracy,Jodhpur,wind_speed,7,,,ecmwf,model,1,mae,0.859524,0.859524,,-0.107143,,,,,,168,,1,,,,
accuracy,Jodhpur,wind_speed,30,,,weighted_blend,blend,2,mae,1.070637,1.070637,,-0.454871,,,,,,720,,0,,,,
accuracy,Jodhpur,wind_speed,45,,,weighted_blend,blend,2,mae,1.121348,1.121348,,-0.549477,,,,,,1080,,0,,,,
accuracy,Jodhpur,wind_speed,,,,weighted_blend,blend,2,mae,1.197868,1.197868,,-0.589918,,,,,,1464,,0,,,,
accuracy,Jodhpur,wind_speed,7,,,weighted_blend,blend,2,mae,1.27797,1.27797,,-0.128224,,,,,,168,,1,,,,
accuracy,Jodhpur,wind_speed,30,,,persistence,baseline,3,mae,2.067639,2.067639,,-0.124583,,,,,,720,,0,,,,
accuracy,Jodhpur,wind_speed,7,,,equal_avg,baseline,3,mae,2.124405,2.124405,,-0.900298,,,,,,168,,1,,,,
accuracy,Jodhpur,wind_speed,45,,,persistence,baseline,3,mae,2.254722,2.254722,,0.053241,,,,,,1080,,0,,,,
accuracy,Jodhpur,wind_speed,,,,icon,model,3,mae,2.457104,2.457104,,1.570082,,,,,,1464,,0,,,,
accuracy,Jodhpur,wind_speed,45,,,icon,model,4,mae,2.489352,2.489352,,1.726204,,,,,,1080,,0,,,,
accuracy,Jodhpur,wind_speed,,,,persistence,baseline,4,mae,2.520694,2.520694,,-0.08625,,,,,,1440,,0,,,,
accuracy,Jodhpur,wind_speed,30,,,equal_avg,baseline,4,mae,2.536181,2.536181,,-2.109306,,,,,,720,,0,,,,
accuracy,Jodhpur,wind_speed,7,,,icon,model,4,mae,2.5625,2.5625,,1.53869,,,,,,168,,1,,,,
accuracy,Jodhpur,wind_speed,45,,,equal_avg,baseline,5,mae,2.55331,2.55331,,-2.188773,,,,,,1080,,0,,,,
accuracy,Jodhpur,wind_speed,,,,equal_avg,baseline,5,mae,2.565881,2.565881,,-2.175717,,,,,,1464,,0,,,,
accuracy,Jodhpur,wind_speed,30,,,icon,model,5,mae,2.603889,2.603889,,1.96,,,,,,720,,0,,,,
accuracy,Jodhpur,wind_speed,7,,,persistence,baseline,5,mae,2.622024,2.622024,,-0.348214,,,,,,168,,1,,,,
accuracy,Jodhpur,wind_speed,45,,,gem,model,6,mae,3.476944,3.476944,,-2.320463,,,,,,1080,,0,,,,
accuracy,Jodhpur,wind_speed,30,,,gem,model,6,mae,3.478611,3.478611,,-2.306389,,,,,,720,,0,,,,
accuracy,Jodhpur,wind_speed,7,,,gem,model,6,mae,3.597619,3.597619,,-1.120238,,,,,,168,,1,,,,
accuracy,Jodhpur,wind_speed,,,,gem,model,6,mae,3.667964,3.667964,,-2.526844,,,,,,1464,,0,,,,
accuracy,Jodhpur,wind_speed,7,,,gfs,model,7,mae,4.781548,4.781548,,-3.9125,,,,,,168,,1,,,,
accuracy,Jodhpur,wind_speed,,,,gfs,model,7,mae,7.82097,7.82097,,-7.57015,,,,,,1464,,0,,,,
accuracy,Jodhpur,wind_speed,45,,,gfs,model,7,mae,8.217407,8.217407,,-7.992778,,,,,,1080,,0,,,,
accuracy,Jodhpur,wind_speed,30,,,gfs,model,7,mae,8.263611,8.263611,,-7.994167,,,,,,720,,0,,,,
accuracy,Kanpur,wind_speed,7,,,ecmwf,model,1,mae,1.088095,1.088095,,-0.292857,,,,,,168,,1,,,,
accuracy,Kanpur,wind_speed,,,,ecmwf,model,1,mae,1.211407,1.211407,,-0.138046,,,,,,1464,,0,,,,
accuracy,Kanpur,wind_speed,45,,,ecmwf,model,1,mae,1.241481,1.241481,,-0.024444,,,,,,1080,,0,,,,
accuracy,Kanpur,wind_speed,30,,,ecmwf,model,1,mae,1.257361,1.257361,,0.022361,,,,,,720,,0,,,,
accuracy,Kanpur,wind_speed,7,,,weighted_blend,blend,2,mae,1.330964,1.330964,,-0.507183,,,,,,168,,1,,,,
accuracy,Kanpur,wind_speed,45,,,weighted_blend,blend,2,mae,1.538247,1.538247,,-0.549189,,,,,,1080,,0,,,,
accuracy,Kanpur,wind_speed,,,,weighted_blend,blend,2,mae,1.543504,1.543504,,-0.645186,,,,,,1464,,0,,,,
accuracy,Kanpur,wind_speed,30,,,weighted_blend,blend,2,mae,1.557456,1.557456,,-0.528602,,,,,,720,,0,,,,
accuracy,Kanpur,wind_speed,7,,,equal_avg,baseline,3,mae,1.897619,1.897619,,-1.26994,,,,,,168,,1,,,,
accuracy,Kanpur,wind_speed,45,,,equal_avg,baseline,3,mae,2.116088,2.116088,,-1.315856,,,,,,1080,,0,,,,
accuracy,Kanpur,wind_speed,30,,,equal_avg,baseline,3,mae,2.145764,2.145764,,-1.331042,,,,,,720,,0,,,,
accuracy,Kanpur,wind_speed,,,,equal_avg,baseline,3,mae,2.167725,2.167725,,-1.422541,,,,,,1464,,0,,,,
accuracy,Kanpur,wind_speed,,,,icon,model,4,mae,2.468101,2.468101,,1.422199,,,,,,1464,,0,,,,
accuracy,Kanpur,wind_speed,45,,,icon,model,4,mae,2.485185,2.485185,,1.417778,,,,,,1080,,0,,,,
accuracy,Kanpur,wind_speed,30,,,icon,model,4,mae,2.632222,2.632222,,1.528889,,,,,,720,,0,,,,
accuracy,Kanpur,wind_speed,7,,,icon,model,4,mae,2.859524,2.859524,,2.361905,,,,,,168,,1,,,,
accuracy,Kanpur,wind_speed,45,,,persistence,baseline,5,mae,2.936944,2.936944,,0.013241,,,,,,1080,,0,,,,
accuracy,Kanpur,wind_speed,30,,,persistence,baseline,5,mae,3.090972,3.090972,,0.014861,,,,,,720,,0,,,,
accuracy,Kanpur,wind_speed,,,,persistence,baseline,5,mae,3.108472,3.108472,,0.017361,,,,,,1440,,0,,,,
accuracy,Kanpur,wind_speed,7,,,persistence,baseline,5,mae,3.493452,3.493452,,-0.2375,,,,,,168,,1,,,,
accuracy,Kanpur,wind_speed,45,,,gem,model,6,mae,4.049352,4.049352,,-2.91787,,,,,,1080,,0,,,,
accuracy,Kanpur,wind_speed,7,,,gem,model,6,mae,4.146429,4.146429,,-3.177381,,,,,,168,,1,,,,
accuracy,Kanpur,wind_speed,,,,gem,model,6,mae,4.172951,4.172951,,-3.060656,,,,,,1464,,0,,,,
accuracy,Kanpur,wind_speed,30,,,gem,model,6,mae,4.180139,4.180139,,-3.058194,,,,,,720,,0,,,,
accuracy,Kanpur,wind_speed,7,,,gfs,model,7,mae,4.166667,4.166667,,-3.971429,,,,,,168,,1,,,,
accuracy,Kanpur,wind_speed,45,,,gfs,model,7,mae,4.359259,4.359259,,-3.738889,,,,,,1080,,0,,,,
accuracy,Kanpur,wind_speed,30,,,gfs,model,7,mae,4.359722,4.359722,,-3.817222,,,,,,720,,0,,,,
accuracy,Kanpur,wind_speed,,,,gfs,model,7,mae,4.506011,4.506011,,-3.913661,,,,,,1464,,0,,,,
accuracy,Kochi,wind_speed,7,,,weighted_blend,blend,1,mae,1.331666,1.331666,,-0.953969,,,,,,168,,1,,,,
accuracy,Kochi,wind_speed,30,,,weighted_blend,blend,1,mae,1.66779,1.66779,,-0.934946,,,,,,720,,0,,,,
accuracy,Kochi,wind_speed,45,,,weighted_blend,blend,1,mae,1.751183,1.751183,,-0.854248,,,,,,1080,,0,,,,
accuracy,Kochi,wind_speed,,,,weighted_blend,blend,1,mae,1.888661,1.888661,,-0.867333,,,,,,1464,,0,,,,
accuracy,Kochi,wind_speed,7,,,equal_avg,baseline,2,mae,1.365327,1.365327,,-0.972173,,,,,,168,,1,,,,
accuracy,Kochi,wind_speed,30,,,equal_avg,baseline,2,mae,1.706944,1.706944,,-0.941181,,,,,,720,,0,,,,
accuracy,Kochi,wind_speed,45,,,equal_avg,baseline,2,mae,1.795648,1.795648,,-0.858333,,,,,,1080,,0,,,,
accuracy,Kochi,wind_speed,,,,equal_avg,baseline,2,mae,1.928552,1.928552,,-0.863832,,,,,,1464,,0,,,,
accuracy,Kochi,wind_speed,7,,,ecmwf,model,3,mae,1.544048,1.544048,,-0.984524,,,,,,168,,1,,,,
accuracy,Kochi,wind_speed,30,,,ecmwf,model,3,mae,1.904583,1.904583,,-1.072083,,,,,,720,,0,,,,
accuracy,Kochi,wind_speed,45,,,ecmwf,model,3,mae,2.076574,2.076574,,-1.245648,,,,,,1080,,0,,,,
accuracy,Kochi,wind_speed,,,,ecmwf,model,3,mae,2.26776,2.26776,,-1.349044,,,,,,1464,,0,,,,
accuracy,Kochi,wind_speed,7,,,icon,model,4,mae,1.764881,1.764881,,-0.177976,,,,,,168,,1,,,,
accuracy,Kochi,wind_speed,30,,,icon,model,4,mae,2.028472,2.028472,,-0.46875,,,,,,720,,0,,,,
accuracy,Kochi,wind_speed,45,,,icon,model,4,mae,2.342315,2.342315,,0.055833,,,,,,1080,,0,,,,
accuracy,Kochi,wind_speed,,,,icon,model,4,mae,2.52623,2.52623,,0.086066,,,,,,1464,,0,,,,
accuracy,Kochi,wind_speed,7,,,persistence,baseline,5,mae,1.858333,1.858333,,-0.145238,,,,,,168,,1,,,,
accuracy,Kochi,wind_speed,30,,,gfs,model,5,mae,2.435833,2.435833,,-1.048056,,,,,,720,,0,,,,
accuracy,Kochi,wind_speed,45,,,gfs,model,5,mae,2.601204,2.601204,,-1.048611,,,,,,1080,,0,,,,
accuracy,Kochi,wind_speed,,,,gfs,model,5,mae,2.723224,2.723224,,-1.138798,,,,,,1464,,0,,,,
accuracy,Kochi,wind_speed,7,,,gfs,model,6,mae,2.027381,2.027381,,-1.321429,,,,,,168,,1,,,,
accuracy,Kochi,wind_speed,30,,,persistence,baseline,6,mae,2.516944,2.516944,,0.079722,,,,,,720,,0,,,,
accuracy,Kochi,wind_speed,45,,,persistence,baseline,6,mae,2.842593,2.842593,,-0.035185,,,,,,1080,,0,,,,
accuracy,Kochi,wind_speed,,,,gem,model,6,mae,3.027869,3.027869,,-1.053552,,,,,,1464,,0,,,,
accuracy,Kochi,wind_speed,7,,,gem,model,7,mae,2.267857,2.267857,,-1.404762,,,,,,168,,1,,,,
accuracy,Kochi,wind_speed,30,,,gem,model,7,mae,2.605278,2.605278,,-1.175833,,,,,,720,,0,,,,
accuracy,Kochi,wind_speed,45,,,gem,model,7,mae,2.945278,2.945278,,-1.194907,,,,,,1080,,0,,,,
accuracy,Kochi,wind_speed,,,,persistence,baseline,7,mae,3.114306,3.114306,,0.011111,,,,,,1440,,0,,,,
accuracy,Kolkata,wind_speed,7,,,ecmwf,model,1,mae,1.204167,1.204167,,-0.635119,,,,,,168,,1,,,,
accuracy,Kolkata,wind_speed,30,,,ecmwf,model,1,mae,1.298056,1.298056,,-0.373611,,,,,,720,,0,,,,
accuracy,Kolkata,wind_speed,45,,,ecmwf,model,1,mae,1.346852,1.346852,,-0.34537,,,,,,1080,,0,,,,
accuracy,Kolkata,wind_speed,,,,ecmwf,model,1,mae,1.374249,1.374249,,-0.45526,,,,,,1464,,0,,,,
accuracy,Kolkata,wind_speed,7,,,weighted_blend,blend,2,mae,1.348792,1.348792,,-0.861669,,,,,,168,,1,,,,
accuracy,Kolkata,wind_speed,45,,,weighted_blend,blend,2,mae,1.479387,1.479387,,-0.615475,,,,,,1080,,0,,,,
accuracy,Kolkata,wind_speed,30,,,weighted_blend,blend,2,mae,1.483506,1.483506,,-0.68489,,,,,,720,,0,,,,
accuracy,Kolkata,wind_speed,,,,weighted_blend,blend,2,mae,1.498109,1.498109,,-0.670534,,,,,,1464,,0,,,,
accuracy,Kolkata,wind_speed,7,,,equal_avg,baseline,3,mae,1.961161,1.961161,,-1.589137,,,,,,168,,1,,,,
accuracy,Kolkata,wind_speed,45,,,equal_avg,baseline,3,mae,2.040787,2.040787,,-1.404907,,,,,,1080,,0,,,,
accuracy,Kolkata,wind_speed,30,,,equal_avg,baseline,3,mae,2.059792,2.059792,,-1.468403,,,,,,720,,0,,,,
accuracy,Kolkata,wind_speed,,,,equal_avg,baseline,3,mae,2.087534,2.087534,,-1.48791,,,,,,1464,,0,,,,
accuracy,Kolkata,wind_speed,7,,,icon,model,4,mae,2.0875,2.0875,,1.33631,,,,,,168,,1,,,,
accuracy,Kolkata,wind_speed,30,,,icon,model,4,mae,2.1875,2.1875,,1.489444,,,,,,720,,0,,,,
accuracy,Kolkata,wind_speed,45,,,icon,model,4,mae,2.294907,2.294907,,1.567685,,,,,,1080,,0,,,,
accuracy,Kolkata,wind_speed,,,,icon,model,4,mae,2.384904,2.384904,,1.757719,,,,,,1464,,0,,,,
accuracy,Kolkata,wind_speed,30,,,persistence,baseline,5,mae,2.962778,2.962778,,-0.271111,,,,,,720,,0,,,,
accuracy,Kolkata,wind_speed,45,,,persistence,baseline,5,mae,3.036759,3.036759,,-0.0325,,,,,,1080,,0,,,,
accuracy,Kolkata,wind_speed,7,,,persistence,baseline,5,mae,3.044048,3.044048,,0.272619,,,,,,168,,1,,,,
accuracy,Kolkata,wind_speed,,,,persistence,baseline,5,mae,3.094722,3.094722,,-0.090139,,,,,,1440,,0,,,,
accuracy,Kolkata,wind_speed,7,,,gem,model,6,mae,3.111905,3.111905,,-1.978571,,,,,,168,,1,,,,
accuracy,Kolkata,wind_speed,45,,,gem,model,6,mae,3.122037,3.122037,,-1.598519,,,,,,1080,,0,,,,
accuracy,Kolkata,wind_speed,,,,gem,model,6,mae,3.180123,3.180123,,-1.721653,,,,,,1464,,0,,,,
accuracy,Kolkata,wind_speed,30,,,gem,model,6,mae,3.233056,3.233056,,-1.825556,,,,,,720,,0,,,,
accuracy,Kolkata,wind_speed,7,,,gfs,model,7,mae,5.260119,5.260119,,-5.079167,,,,,,168,,1,,,,
accuracy,Kolkata,wind_speed,30,,,gfs,model,7,mae,5.418889,5.418889,,-5.163889,,,,,,720,,0,,,,
accuracy,Kolkata,wind_speed,45,,,gfs,model,7,mae,5.598981,5.598981,,-5.243426,,,,,,1080,,0,,,,
accuracy,Kolkata,wind_speed,,,,gfs,model,7,mae,5.841735,5.841735,,-5.532445,,,,,,1464,,0,,,,
accuracy,Kota,wind_speed,7,,,ecmwf,model,1,mae,1.441071,1.441071,,-0.258929,,,,,,168,,1,,,,
accuracy,Kota,wind_speed,30,,,ecmwf,model,1,mae,1.612917,1.612917,,-0.76375,,,,,,720,,0,,,,
accuracy,Kota,wind_speed,45,,,weighted_blend,blend,1,mae,1.6312,1.6312,,-0.792648,,,,,,1080,,0,,,,
accuracy,Kota,wind_speed,,,,weighted_blend,blend,1,mae,1.681457,1.681457,,-0.831914,,,,,,1464,,0,,,,
accuracy,Kota,wind_speed,30,,,weighted_blend,blend,2,mae,1.627366,1.627366,,-0.82525,,,,,,720,,0,,,,
accuracy,Kota,wind_speed,45,,,ecmwf,model,2,mae,1.65787,1.65787,,-0.823426,,,,,,1080,,0,,,,
accuracy,Kota,wind_speed,,,,ecmwf,model,2,mae,1.698019,1.698019,,-0.730806,,,,,,1464,,0,,,,
accuracy,Kota,wind_speed,7,,,weighted_blend,blend,2,mae,1.92173,1.92173,,-1.173008,,,,,,168,,1,,,,
accuracy,Kota,wind_speed,45,,,equal_avg,baseline,3,mae,2.055509,2.055509,,-1.303194,,,,,,1080,,0,,,,
accuracy,Kota,wind_speed,30,,,equal_avg,baseline,3,mae,2.082604,2.082604,,-1.367674,,,,,,720,,0,,,,
accuracy,Kota,wind_speed,,,,equal_avg,baseline,3,mae,2.116786,2.116786,,-1.370577,,,,,,1464,,0,,,,
accuracy,Kota,wind_speed,7,,,persistence,baseline,3,mae,2.430357,2.430357,,-0.239881,,,,,,168,,1,,,,
accuracy,Kota,wind_speed,7,,,equal_avg,baseline,4,mae,2.508333,2.508333,,-1.879464,,,,,,168,,1,,,,
accuracy,Kota,wind_speed,45,,,persistence,baseline,4,mae,2.565463,2.565463,,-0.048611,,,,,,1080,,0,,,,
accuracy,Kota,wind_speed,30,,,persistence,baseline,4,mae,2.599167,2.599167,,-0.115,,,,,,720,,0,,,,
accuracy,Kota,wind_speed,,,,persistence,baseline,4,mae,2.841111,2.841111,,-0.069306,,,,,,1440,,0,,,,
accuracy,Kota,wind_speed,7,,,icon,model,5,mae,2.546429,2.546429,,1.263095,,,,,,168,,1,,,,
accuracy,Kota,wind_speed,,,,icon,model,5,mae,3.027186,3.027186,,2.403825,,,,,,1464,,0,,,,
accuracy,Kota,wind_speed,30,,,icon,model,5,mae,3.119306,3.119306,,2.449306,,,,,,720,,0,,,,
accuracy,Kota,wind_speed,45,,,icon,model,5,mae,3.137593,3.137593,,2.551667,,,,,,1080,,0,,,,
accuracy,Kota,wind_speed,30,,,gem,model,6,mae,3.482778,3.482778,,-2.114444,,,,,,720,,0,,,,
accuracy,Kota,wind_speed,45,,,gem,model,6,mae,3.646389,3.646389,,-2.056759,,,,,,1080,,0,,,,
accuracy,Kota,wind_speed,,,,gem,model,6,mae,3.68709,3.68709,,-2.270833,,,,,,1464,,0,,,,
accuracy,Kota,wind_speed,7,,,gem,model,6,mae,4.479762,4.479762,,-3.507143,,,,,,168,,1,,,,
accuracy,Kota,wind_speed,45,,,gfs,model,7,mae,5.377963,5.377963,,-4.884259,,,,,,1080,,0,,,,
accuracy,Kota,wind_speed,7,,,gfs,model,7,mae,5.398214,5.398214,,-5.014881,,,,,,168,,1,,,,
accuracy,Kota,wind_speed,,,,gfs,model,7,mae,5.400342,5.400342,,-4.884495,,,,,,1464,,0,,,,
accuracy,Kota,wind_speed,30,,,gfs,model,7,mae,5.56375,5.56375,,-5.041806,,,,,,720,,0,,,,
accuracy,Lucknow,wind_speed,7,,,weighted_blend,blend,1,mae,1.296591,1.296591,,-0.08866,,,,,,168,,1,,,,
accuracy,Lucknow,wind_speed,,,,ecmwf,model,1,mae,1.347746,1.347746,,-0.25444,,,,,,1464,,0,,,,
accuracy,Lucknow,wind_speed,45,,,ecmwf,model,1,mae,1.348981,1.348981,,-0.161019,,,,,,1080,,0,,,,
accuracy,Lucknow,wind_speed,30,,,ecmwf,model,1,mae,1.368056,1.368056,,-0.130278,,,,,,720,,0,,,,
accuracy,Lucknow,wind_speed,7,,,ecmwf,model,2,mae,1.326786,1.326786,,-0.139881,,,,,,168,,1,,,,
accuracy,Lucknow,wind_speed,45,,,weighted_blend,blend,2,mae,1.565497,1.565497,,-0.600451,,,,,,1080,,0,,,,
accuracy,Lucknow,wind_speed,,,,weighted_blend,blend,2,mae,1.587209,1.587209,,-0.737395,,,,,,1464,,0,,,,
accuracy,Lucknow,wind_speed,30,,,weighted_blend,blend,2,mae,1.60872,1.60872,,-0.559302,,,,,,720,,0,,,,
accuracy,Lucknow,wind_speed,7,,,equal_avg,baseline,3,mae,1.715625,1.715625,,-0.632292,,,,,,168,,1,,,,
accuracy,Lucknow,wind_speed,45,,,equal_avg,baseline,3,mae,2.103241,2.103241,,-1.310972,,,,,,1080,,0,,,,
accuracy,Lucknow,wind_speed,30,,,equal_avg,baseline,3,mae,2.128889,2.128889,,-1.252847,,,,,,720,,0,,,,
accuracy,Lucknow,wind_speed,,,,equal_avg,baseline,3,mae,2.187534,2.187534,,-1.510109,,,,,,1464,,0,,,,
accuracy,Lucknow,wind_speed,45,,,icon,model,4,mae,2.402593,2.402593,,1.343519,,,,,,1080,,0,,,,
accuracy,Lucknow,wind_speed,,,,icon,model,4,mae,2.44597,2.44597,,1.364139,,,,,,1464,,0,,,,
accuracy,Lucknow,wind_speed,30,,,icon,model,4,mae,2.504722,2.504722,,1.338611,,,,,,720,,0,,,,
accuracy,Lucknow,wind_speed,7,,,icon,model,4,mae,2.88631,2.88631,,2.33869,,,,,,168,,1,,,,
accuracy,Lucknow,wind_speed,45,,,persistence,baseline,5,mae,2.851667,2.851667,,-0.02537,,,,,,1080,,0,,,,
accuracy,Lucknow,wind_speed,30,,,persistence,baseline,5,mae,2.947361,2.947361,,-0.012083,,,,,,720,,0,,,,
accuracy,Lucknow,wind_speed,,,,persistence,baseline,5,mae,3.132569,3.132569,,0.016597,,,,,,1440,,0,,,,
accuracy,Lucknow,wind_speed,7,,,persistence,baseline,5,mae,3.18631,3.18631,,-0.024405,,,,,,168,,1,,,,
accuracy,Lucknow,wind_speed,7,,,gfs,model,6,mae,3.220833,3.220833,,-2.351786,,,,,,168,,1,,,,
accuracy,Lucknow,wind_speed,30,,,gfs,model,6,mae,3.878611,3.878611,,-3.22,,,,,,720,,0,,,,
accuracy,Lucknow,wind_speed,45,,,gfs,model,6,mae,4.028426,4.028426,,-3.351204,,,,,,1080,,0,,,,
accuracy,Lucknow,wind_speed,,,,gfs,model,6,mae,4.327732,4.327732,,-3.739481,,,,,,1464,,0,,,,
accuracy,Lucknow,wind_speed,7,,,gem,model,7,mae,3.67381,3.67381,,-2.37619,,,,,,168,,1,,,,
accuracy,Lucknow,wind_speed,45,,,gem,model,7,mae,4.189074,4.189074,,-3.075185,,,,,,1080,,0,,,,
accuracy,Lucknow,wind_speed,30,,,gem,model,7,mae,4.209722,4.209722,,-2.999722,,,,,,720,,0,,,,
accuracy,Lucknow,wind_speed,,,,gem,model,7,mae,4.391257,4.391257,,-3.410656,,,,,,1464,,0,,,,
accuracy,Ludhiana,wind_speed,7,,,weighted_blend,blend,1,mae,1.404715,1.404715,,0.052661,,,,,,168,,1,,,,
accuracy,Ludhiana,wind_speed,45,,,ecmwf,model,1,mae,1.525833,1.525833,,0.32713,,,,,,1080,,0,,,,
accuracy,Ludhiana,wind_speed,,,,ecmwf,model,1,mae,1.528484,1.528484,,0.21974,,,,,,1464,,0,,,,
accuracy,Ludhiana,wind_speed,30,,,ecmwf,model,1,mae,1.541667,1.541667,,0.364444,,,,,,720,,0,,,,
accuracy,Ludhiana,wind_speed,45,,,weighted_blend,blend,2,mae,1.620038,1.620038,,-0.409181,,,,,,1080,,0,,,,
accuracy,Ludhiana,wind_speed,30,,,weighted_blend,blend,2,mae,1.623414,1.623414,,-0.379097,,,,,,720,,0,,,,
accuracy,Ludhiana,wind_speed,,,,weighted_blend,blend,2,mae,1.628524,1.628524,,-0.51369,,,,,,1464,,0,,,,
accuracy,Ludhiana,wind_speed,7,,,ecmwf,model,2,mae,1.630952,1.630952,,0.32381,,,,,,168,,1,,,,
accuracy,Ludhiana,wind_speed,7,,,equal_avg,baseline,3,mae,1.675149,1.675149,,-0.541815,,,,,,168,,1,,,,
accuracy,Ludhiana,wind_speed,30,,,equal_avg,baseline,3,mae,2.031146,2.031146,,-1.047257,,,,,,720,,0,,,,
accuracy,Ludhiana,wind_speed,45,,,equal_avg,baseline,3,mae,2.039931,2.039931,,-1.085394,,,,,,1080,,0,,,,
accuracy,Ludhiana,wind_speed,,,,equal_avg,baseline,3,mae,2.089276,2.089276,,-1.24498,,,,,,1464,,0,,,,
accuracy,Ludhiana,wind_speed,45,,,icon,model,4,mae,2.185463,2.185463,,0.916574,,,,,,1080,,0,,,,
accuracy,Ludhiana,wind_speed,,,,icon,model,4,mae,2.268716,2.268716,,1.026913,,,,,,1464,,0,,,,
accuracy,Ludhiana,wind_speed,30,,,icon,model,4,mae,2.27875,2.27875,,0.960417,,,,,,720,,0,,,,
accuracy,Ludhiana,wind_speed,7,,,persistence,baseline,4,mae,2.547619,2.547619,,-0.045238,,,,,,168,,1,,,,
accuracy,Ludhiana,wind_speed,7,,,icon,model,5,mae,2.603571,2.603571,,2.058333,,,,,,168,,1,,,,
accuracy,Ludhiana,wind_speed,30,,,persistence,baseline,5,mae,2.846944,2.846944,,-0.025278,,,,,,720,,0,,,,
accuracy,Ludhiana,wind_speed,45,,,persistence,baseline,5,mae,2.87,2.87,,-0.038704,,,,,,1080,,0,,,,
accuracy,Ludhiana,wind_speed,,,,persistence,baseline,5,mae,3.098819,3.098819,,-0.006319,,,,,,1440,,0,,,,
accuracy,Ludhiana,wind_speed,7,,,gfs,model,6,mae,3.617857,3.617857,,-2.541667,,,,,,168,,1,,,,
accuracy,Ludhiana,wind_speed,45,,,gem,model,6,mae,3.668704,3.668704,,-2.116481,,,,,,1080,,0,,,,
accuracy,Ludhiana,wind_speed,,,,gem,model,6,mae,3.800068,3.800068,,-2.310451,,,,,,1464,,0,,,,
accuracy,Ludhiana,wind_speed,30,,,gem,model,6,mae,3.805417,3.805417,,-2.320972,,,,,,720,,0,,,,
accuracy,Ludhiana,wind_speed,7,,,gem,model,7,mae,3.770833,3.770833,,-2.007738,,,,,,168,,1,,,,
accuracy,Ludhiana,wind_speed,30,,,gfs,model,7,mae,4.05625,4.05625,,-3.192917,,,,,,720,,0,,,,
accuracy,Ludhiana,wind_speed,45,,,gfs,model,7,mae,4.268241,4.268241,,-3.468796,,,,,,1080,,0,,,,
accuracy,Ludhiana,wind_speed,,,,gfs,model,7,mae,4.607104,4.607104,,-3.91612,,,,,,1464,,0,,,,
accuracy,Madurai,wind_speed,7,,,ecmwf,model,1,mae,2.164881,2.164881,,-0.098214,,,,,,168,,1,,,,
accuracy,Madurai,wind_speed,30,,,weighted_blend,blend,1,mae,2.317766,2.317766,,0.448855,,,,,,720,,0,,,,
accuracy,Madurai,wind_speed,45,,,weighted_blend,blend,1,mae,2.491357,2.491357,,0.291009,,,,,,1080,,0,,,,
accuracy,Madurai,wind_speed,,,,weighted_blend,blend,1,mae,2.58634,2.58634,,0.130902,,,,,,1464,,0,,,,
accuracy,Madurai,wind_speed,7,,,weighted_blend,blend,2,mae,2.224907,2.224907,,-1.020416,,,,,,168,,1,,,,
accuracy,Madurai,wind_speed,30,,,equal_avg,baseline,2,mae,2.379826,2.379826,,0.070799,,,,,,720,,0,,,,
accuracy,Madurai,wind_speed,45,,,equal_avg,baseline,2,mae,2.561111,2.561111,,-0.102176,,,,,,1080,,0,,,,
accuracy,Madurai,wind_speed,,,,ecmwf,model,2,mae,2.67903,2.67903,,1.264549,,,,,,1464,,0,,,,
accuracy,Madurai,wind_speed,7,,,equal_avg,baseline,3,mae,2.481399,2.481399,,-1.301042,,,,,,168,,1,,,,
accuracy,Madurai,wind_speed,30,,,ecmwf,model,3,mae,2.57,2.57,,1.38,,,,,,720,,0,,,,
accuracy,Madurai,wind_speed,45,,,ecmwf,model,3,mae,2.654259,2.654259,,1.158889,,,,,,1080,,0,,,,
accuracy,Madurai,wind_speed,,,,equal_avg,baseline,3,mae,2.697712,2.697712,,-0.324898,,,,,,1464,,0,,,,
accuracy,Madurai,wind_speed,7,,,persistence,baseline,4,mae,2.657143,2.657143,,-0.672619,,,,,,168,,1,,,,
accuracy,Madurai,wind_speed,30,,,persistence,baseline,4,mae,3.179167,3.179167,,-0.113056,,,,,,720,,0,,,,
accuracy,Madurai,wind_speed,45,,,persistence,baseline,4,mae,3.276667,3.276667,,-0.140185,,,,,,1080,,0,,,,
accuracy,Madurai,wind_speed,,,,persistence,baseline,4,mae,3.710417,3.710417,,-0.037361,,,,,,1440,,0,,,,
accuracy,Madurai,wind_speed,7,,,icon,model,5,mae,3.030952,3.030952,,-0.090476,,,,,,168,,1,,,,
accuracy,Madurai,wind_speed,30,,,icon,model,5,mae,3.784583,3.784583,,1.911806,,,,,,720,,0,,,,
accuracy,Madurai,wind_speed,45,,,gem,model,5,mae,3.984352,3.984352,,0.579537,,,,,,1080,,0,,,,
accuracy,Madurai,wind_speed,,,,icon,model,5,mae,4.172131,4.172131,,1.661066,,,,,,1464,,0,,,,
accuracy,Madurai,wind_speed,7,,,gem,model,6,mae,3.457738,3.457738,,-1.643452,,,,,,168,,1,,,,
accuracy,Madurai,wind_speed,30,,,gem,model,6,mae,3.853611,3.853611,,0.385556,,,,,,720,,0,,,,
accuracy,Madurai,wind_speed,45,,,icon,model,6,mae,4.038611,4.038611,,1.775463,,,,,,1080,,0,,,,
accuracy,Madurai,wind_speed,,,,gem,model,6,mae,4.175683,4.175683,,0.250683,,,,,,1464,,0,,,,
accuracy,Madurai,wind_speed,7,,,gfs,model,7,mae,4.733929,4.733929,,-3.372024,,,,,,168,,1,,,,
accuracy,Madurai,wind_speed,30,,,gfs,model,7,mae,4.902222,4.902222,,-3.394167,,,,,,720,,0,,,,
accuracy,Madurai,wind_speed,45,,,gfs,model,7,mae,5.258333,5.258333,,-3.922593,,,,,,1080,,0,,,,
accuracy,Madurai,wind_speed,,,,gfs,model,7,mae,5.645697,5.645697,,-4.475888,,,,,,1464,,0,,,,
accuracy,Mumbai,wind_speed,7,,,weighted_blend,blend,1,mae,1.585437,1.585437,,-0.678034,,,,,,168,,1,,,,
accuracy,Mumbai,wind_speed,45,,,weighted_blend,blend,1,mae,1.660231,1.660231,,-0.423684,,,,,,1080,,0,,,,
accuracy,Mumbai,wind_speed,30,,,weighted_blend,blend,1,mae,1.710606,1.710606,,-0.616896,,,,,,720,,0,,,,
accuracy,Mumbai,wind_speed,,,,weighted_blend,blend,1,mae,1.837251,1.837251,,-0.239639,,,,,,1464,,0,,,,
accuracy,Mumbai,wind_speed,7,,,equal_avg,baseline,2,mae,1.784821,1.784821,,-1.144048,,,,,,168,,1,,,,
accuracy,Mumbai,wind_speed,45,,,equal_avg,baseline,2,mae,1.884028,1.884028,,-1.373148,,,,,,1080,,0,,,,
accuracy,Mumbai,wind_speed,30,,,equal_avg,baseline,2,mae,1.887292,1.887292,,-1.411389,,,,,,720,,0,,,,
accuracy,Mumbai,wind_speed,,,,equal_avg,baseline,2,mae,1.978774,1.978774,,-1.278125,,,,,,1464,,0,,,,
accuracy,Mumbai,wind_speed,7,,,icon,model,3,mae,1.9875,1.9875,,0.897024,,,,,,168,,1,,,,
accuracy,Mumbai,wind_speed,30,,,persistence,baseline,3,mae,2.398472,2.398472,,-0.239306,,,,,,720,,0,,,,
accuracy,Mumbai,wind_speed,45,,,persistence,baseline,3,mae,2.563333,2.563333,,-0.21037,,,,,,1080,,0,,,,
accuracy,Mumbai,wind_speed,,,,persistence,baseline,3,mae,3.022708,3.022708,,-0.037292,,,,,,1440,,0,,,,
accuracy,Mumbai,wind_speed,7,,,ecmwf,model,4,mae,2.032738,2.032738,,1.48869,,,,,,168,,1,,,,
accuracy,Mumbai,wind_speed,30,,,icon,model,4,mae,2.569861,2.569861,,1.625972,,,,,,720,,0,,,,
accuracy,Mumbai,wind_speed,45,,,icon,model,4,mae,2.762407,2.762407,,2.042963,,,,,,1080,,0,,,,
accuracy,Mumbai,wind_speed,,,,ecmwf,model,4,mae,3.182923,3.182923,,2.628142,,,,,,1464,,0,,,,
accuracy,Mumbai,wind_speed,30,,,ecmwf,model,5,mae,2.8475,2.8475,,2.091944,,,,,,720,,0,,,,
accuracy,Mumbai,wind_speed,7,,,persistence,baseline,5,mae,2.948214,2.948214,,0.322024,,,,,,168,,1,,,,
accuracy,Mumbai,wind_speed,45,,,ecmwf,model,5,mae,2.982593,2.982593,,2.426111,,,,,,1080,,0,,,,
accuracy,Mumbai,wind_speed,,,,icon,model,5,mae,3.285109,3.285109,,2.58429,,,,,,1464,,0,,,,
accuracy,Mumbai,wind_speed,7,,,gem,model,6,mae,3.735714,3.735714,,-3.266667,,,,,,168,,1,,,,
accuracy,Mumbai,wind_speed,45,,,gem,model,6,mae,3.776852,3.776852,,-3.160185,,,,,,1080,,0,,,,
accuracy,Mumbai,wind_speed,,,,gem,model,6,mae,3.811475,3.811475,,-3.071311,,,,,,1464,,0,,,,
accuracy,Mumbai,wind_speed,30,,,gem,model,6,mae,3.920694,3.920694,,-3.457361,,,,,,720,,0,,,,
accuracy,Mumbai,wind_speed,7,,,gfs,model,7,mae,3.995238,3.995238,,-3.695238,,,,,,168,,1,,,,
accuracy,Mumbai,wind_speed,30,,,gfs,model,7,mae,6.008056,6.008056,,-5.906111,,,,,,720,,0,,,,
accuracy,Mumbai,wind_speed,45,,,gfs,model,7,mae,6.879074,6.879074,,-6.801481,,,,,,1080,,0,,,,
accuracy,Mumbai,wind_speed,,,,gfs,model,7,mae,7.313456,7.313456,,-7.25362,,,,,,1464,,0,,,,
accuracy,Nagpur,wind_speed,30,,,weighted_blend,blend,1,mae,1.519132,1.519132,,-0.444611,,,,,,720,,0,,,,
accuracy,Nagpur,wind_speed,45,,,weighted_blend,blend,1,mae,1.548754,1.548754,,-0.589461,,,,,,1080,,0,,,,
accuracy,Nagpur,wind_speed,7,,,ecmwf,model,1,mae,1.572024,1.572024,,0.072024,,,,,,168,,1,,,,
accuracy,Nagpur,wind_speed,,,,weighted_blend,blend,1,mae,1.628438,1.628438,,-0.697455,,,,,,1464,,0,,,,
accuracy,Nagpur,wind_speed,7,,,weighted_blend,blend,2,mae,1.615577,1.615577,,0.127552,,,,,,168,,1,,,,
accuracy,Nagpur,wind_speed,45,,,equal_avg,baseline,2,mae,1.634282,1.634282,,-0.301042,,,,,,1080,,0,,,,
accuracy,Nagpur,wind_speed,30,,,equal_avg,baseline,2,mae,1.657361,1.657361,,-0.153264,,,,,,720,,0,,,,
accuracy,Nagpur,wind_speed,,,,equal_avg,baseline,2,mae,1.726622,1.726622,,-0.42529,,,,,,1464,,0,,,,
accuracy,Nagpur,wind_speed,30,,,ecmwf,model,3,mae,1.734722,1.734722,,-1.002778,,,,,,720,,0,,,,
accuracy,Nagpur,wind_speed,,,,ecmwf,model,3,mae,1.814139,1.814139,,-1.112637,,,,,,1464,,0,,,,
accuracy,Nagpur,wind_speed,45,,,ecmwf,model,3,mae,1.817315,1.817315,,-1.118796,,,,,,1080,,0,,,,
accuracy,Nagpur,wind_speed,7,,,equal_avg,baseline,3,mae,1.85,1.85,,0.257143,,,,,,168,,1,,,,
accuracy,Nagpur,wind_speed,45,,,persistence,baseline,4,mae,2.541944,2.541944,,-0.1375,,,,,,1080,,0,,,,
accuracy,Nagpur,wind_speed,30,,,persistence,baseline,4,mae,2.682361,2.682361,,-0.227917,,,,,,720,,0,,,,
accuracy,Nagpur,wind_speed,,,,persistence,baseline,4,mae,2.922292,2.922292,,-0.084792,,,,,,1440,,0,,,,
accuracy,Nagpur,wind_speed,7,,,gfs,model,4,mae,2.985119,2.985119,,-1.18631,,,,,,168,,1,,,,
accuracy,Nagpur,wind_speed,45,,,gfs,model,5,mae,2.959907,2.959907,,-1.82213,,,,,,1080,,0,,,,
accuracy,Nagpur,wind_speed,30,,,gfs,model,5,mae,2.974583,2.974583,,-1.624028,,,,,,720,,0,,,,
accuracy,Nagpur,wind_speed,,,,gfs,model,5,mae,3.270219,3.270219,,-2.256284,,,,,,1464,,0,,,,
accuracy,Nagpur,wind_speed,7,,,gem,model,5,mae,3.521429,3.521429,,-1.277381,,,,,,168,,1,,,,
accuracy,Nagpur,wind_speed,30,,,gem,model,6,mae,3.673611,3.673611,,-2.062222,,,,,,720,,0,,,,
accuracy,Nagpur,wind_speed,45,,,gem,model,6,mae,3.80713,3.80713,,-2.421204,,,,,,1080,,0,,,,
accuracy,Nagpur,wind_speed,7,,,persistence,baseline,6,mae,3.867857,3.867857,,-0.803571,,,,,,168,,1,,,,
accuracy,Nagpur,wind_speed,,,,gem,model,6,mae,3.976913,3.976913,,-2.477732,,,,,,1464,,0,,,,
accuracy,Nagpur,wind_speed,7,,,icon,model,7,mae,3.885714,3.885714,,3.420238,,,,,,168,,1,,,,
accuracy,Nagpur,wind_speed,30,,,icon,model,7,mae,4.262917,4.262917,,4.075972,,,,,,720,,0,,,,
accuracy,Nagpur,wind_speed,45,,,icon,model,7,mae,4.285741,4.285741,,4.157963,,,,,,1080,,0,,,,
accuracy,Nagpur,wind_speed,,,,icon,model,7,mae,4.318989,4.318989,,4.145492,,,,,,1464,,0,,,,
accuracy,Nashik,wind_speed,7,,,ecmwf,model,1,mae,0.935119,0.935119,,-0.639881,,,,,,168,,1,,,,
accuracy,Nashik,wind_speed,30,,,ecmwf,model,1,mae,1.156944,1.156944,,-0.953889,,,,,,720,,0,,,,
accuracy,Nashik,wind_speed,45,,,ecmwf,model,1,mae,1.202315,1.202315,,-0.986019,,,,,,1080,,0,,,,
accuracy,Nashik,wind_speed,,,,ecmwf,model,1,mae,1.293374,1.293374,,-0.945423,,,,,,1464,,0,,,,
accuracy,Nashik,wind_speed,7,,,weighted_blend,blend,2,mae,1.191137,1.191137,,-0.468059,,,,,,168,,1,,,,
accuracy,Nashik,wind_speed,30,,,weighted_blend,blend,2,mae,1.410507,1.410507,,-1.157441,,,,,,720,,0,,,,
accuracy,Nashik,wind_speed,45,,,weighted_blend,blend,2,mae,1.462529,1.462529,,-1.243238,,,,,,1080,,0,,,,
accuracy,Nashik,wind_speed,,,,weighted_blend,blend,2,mae,1.515297,1.515297,,-1.117411,,,,,,1464,,0,,,,
accuracy,Nashik,wind_speed,30,,,persistence,baseline,3,mae,1.791944,1.791944,,-0.202778,,,,,,720,,0,,,,
accuracy,Nashik,wind_speed,7,,,equal_avg,baseline,3,mae,1.795238,1.795238,,-0.991964,,,,,,168,,1,,,,
accuracy,Nashik,wind_speed,45,,,persistence,baseline,3,mae,1.892778,1.892778,,-0.169259,,,,,,1080,,0,,,,
accuracy,Nashik,wind_speed,,,,icon,model,3,mae,2.309768,2.309768,,1.556079,,,,,,1464,,0,,,,
accuracy,Nashik,wind_speed,30,,,icon,model,4,mae,1.900417,1.900417,,0.946806,,,,,,720,,0,,,,
accuracy,Nashik,wind_speed,45,,,icon,model,4,mae,1.960093,1.960093,,1.120093,,,,,,1080,,0,,,,
accuracy,Nashik,wind_speed,,,,persistence,baseline,4,mae,2.315625,2.315625,,-0.071181,,,,,,1440,,0,,,,
accuracy,Nashik,wind_speed,7,,,persistence,baseline,4,mae,2.41131,2.41131,,0.070833,,,,,,168,,1,,,,
accuracy,Nashik,wind_speed,30,,,equal_avg,baseline,5,mae,2.422222,2.422222,,-2.182014,,,,,,720,,0,,,,
accuracy,Nashik,wind_speed,7,,,icon,model,5,mae,2.599405,2.599405,,1.380357,,,,,,168,,1,,,,
accuracy,Nashik,wind_speed,45,,,equal_avg,baseline,5,mae,2.627176,2.627176,,-2.440602,,,,,,1080,,0,,,,
accuracy,Nashik,wind_speed,,,,equal_avg,baseline,5,mae,2.681831,2.681831,,-2.403415,,,,,,1464,,0,,,,
accuracy,Nashik,wind_speed,7,,,gem,model,6,mae,2.997024,2.997024,,-2.055357,,,,,,168,,1,,,,
accuracy,Nashik,wind_speed,30,,,gem,model,6,mae,3.63875,3.63875,,-3.233472,,,,,,720,,0,,,,
accuracy,Nashik,wind_speed,45,,,gem,model,6,mae,3.859907,3.859907,,-3.522685,,,,,,1080,,0,,,,
accuracy,Nashik,wind_speed,,,,gem,model,6,mae,4.041803,4.041803,,-3.350956,,,,,,1464,,0,,,,
accuracy,Nashik,wind_speed,7,,,gfs,model,7,mae,3.452976,3.452976,,-2.652976,,,,,,168,,1,,,,
accuracy,Nashik,wind_speed,30,,,gfs,model,7,mae,5.754722,5.754722,,-5.4875,,,,,,720,,0,,,,
accuracy,Nashik,wind_speed,45,,,gfs,model,7,mae,6.593981,6.593981,,-6.373796,,,,,,1080,,0,,,,
accuracy,Nashik,wind_speed,,,,gfs,model,7,mae,7.075683,7.075683,,-6.873361,,,,,,1464,,0,,,,
accuracy,Patna,wind_speed,7,,,ecmwf,model,1,mae,1.284524,1.284524,,-0.238095,,,,,,168,,1,,,,
accuracy,Patna,wind_speed,30,,,weighted_blend,blend,1,mae,1.455863,1.455863,,-0.617393,,,,,,720,,0,,,,
accuracy,Patna,wind_speed,45,,,ecmwf,model,1,mae,1.491389,1.491389,,-0.411019,,,,,,1080,,0,,,,
accuracy,Patna,wind_speed,,,,weighted_blend,blend,1,mae,1.533929,1.533929,,-0.792168,,,,,,1464,,0,,,,
accuracy,Patna,wind_speed,7,,,weighted_blend,blend,2,mae,1.319013,1.319013,,-0.580073,,,,,,168,,1,,,,
accuracy,Patna,wind_speed,30,,,ecmwf,model,2,mae,1.489167,1.489167,,-0.327778,,,,,,720,,0,,,,
accuracy,Patna,wind_speed,45,,,weighted_blend,blend,2,mae,1.516495,1.516495,,-0.724914,,,,,,1080,,0,,,,
accuracy,Patna,wind_speed,,,,ecmwf,model,2,mae,1.549044,1.549044,,-0.49877,,,,,,1464,,0,,,,
accuracy,Patna,wind_speed,7,,,equal_avg,baseline,3,mae,1.744048,1.744048,,-1.280655,,,,,,168,,1,,,,
accuracy,Patna,wind_speed,30,,,equal_avg,baseline,3,mae,1.924167,1.924167,,-1.308472,,,,,,720,,0,,,,
accuracy,Patna,wind_speed,45,,,equal_avg,baseline,3,mae,2.02875,2.02875,,-1.446157,,,,,,1080,,0,,,,
accuracy,Patna,wind_speed,,,,equal_avg,baseline,3,mae,2.082155,2.082155,,-1.55333,,,,,,1464,,0,,,,
accuracy,Patna,wind_speed,7,,,icon,model,4,mae,2.45,2.45,,1.763095,,,,,,168,,1,,,,
accuracy,Patna,wind_speed,45,,,icon,model,4,mae,2.467037,2.467037,,1.783889,,,,,,1080,,0,,,,
accuracy,Patna,wind_speed,30,,,icon,model,4,mae,2.55625,2.55625,,1.849306,,,,,,720,,0,,,,
accuracy,Patna,wind_speed,,,,icon,model,4,mae,2.598907,2.598907,,1.951913,,,,,,1464,,0,,,,
accuracy,Patna,wind_speed,7,,,persistence,baseline,5,mae,3.650595,3.650595,,0.383929,,,,,,168,,1,,,,
accuracy,Patna,wind_speed,45,,,persistence,baseline,5,mae,3.686944,3.686944,,0.032315,,,,,,1080,,0,,,,
accuracy,Patna,wind_speed,,,,persistence,baseline,5,mae,3.831042,3.831042,,-0.004653,,,,,,1440,,0,,,,
accuracy,Patna,wind_speed,30,,,persistence,baseline,5,mae,3.848889,3.848889,,-0.028333,,,,,,720,,0,,,,
accuracy,Patna,wind_speed,7,,,gem,model,6,mae,3.688095,3.688095,,-2.628571,,,,,,168,,1,,,,
accuracy,Patna,wind_speed,30,,,gem,model,6,mae,4.027917,4.027917,,-2.855417,,,,,,720,,0,,,,
accuracy,Patna,wind_speed,45,,,gem,model,6,mae,4.16287,4.16287,,-2.879352,,,,,,1080,,0,,,,
accuracy,Patna,wind_speed,,,,gem,model,6,mae,4.288183,4.288183,,-3.114003,,,,,,1464,,0,,,,
accuracy,Patna,wind_speed,7,,,gfs,model,7,mae,4.116667,4.116667,,-4.019048,,,,,,168,,1,,,,
accuracy,Patna,wind_speed,30,,,gfs,model,7,mae,4.243611,4.243611,,-3.9,,,,,,720,,0,,,,
accuracy,Patna,wind_speed,45,,,gfs,model,7,mae,4.622222,4.622222,,-4.278148,,,,,,1080,,0,,,,
accuracy,Patna,wind_speed,,,,gfs,model,7,mae,4.86653,4.86653,,-4.552459,,,,,,1464,,0,,,,
accuracy,Pune,wind_speed,45,,,ecmwf,model,1,mae,1.257315,1.257315,,0.380093,,,,,,1080,,0,,,,
accuracy,Pune,wind_speed,30,,,weighted_blend,blend,1,mae,1.330107,1.330107,,0.336937,,,,,,720,,0,,,,
accuracy,Pune,wind_speed,,,,ecmwf,model,1,mae,1.338866,1.338866,,0.247473,,,,,,1464,,0,,,,
accuracy,Pune,wind_speed,7,,,weighted_blend,blend,1,mae,1.456788,1.456788,,0.023531,,,,,,168,,1,,,,
accuracy,Pune,wind_speed,45,,,weighted_blend,blend,2,mae,1.282287,1.282287,,0.370803,,,,,,1080,,0,,,,
accuracy,Pune,wind_speed,30,,,ecmwf,model,2,mae,1.345833,1.345833,,0.518889,,,,,,720,,0,,,,
accuracy,Pune,wind_speed,,,,weighted_blend,blend,2,mae,1.366155,1.366155,,0.450211,,,,,,1464,,0,,,,
accuracy,Pune,wind_speed,7,,,equal_avg,baseline,2,mae,1.566964,1.566964,,-0.3375,,,,,,168,,1,,,,
accuracy,Pune,wind_speed,45,,,equal_avg,baseline,3,mae,1.395833,1.395833,,0.258102,,,,,,1080,,0,,,,
accuracy,Pune,wind_speed,30,,,equal_avg,baseline,3,mae,1.443299,1.443299,,0.181146,,,,,,720,,0,,,,
accuracy,Pune,wind_speed,,,,equal_avg,baseline,3,mae,1.503415,1.503415,,0.377527,,,,,,1464,,0,,,,
accuracy,Pune,wind_speed,7,,,ecmwf,model,3,mae,1.607143,1.607143,,0.977381,,,,,,168,,1,,,,
accuracy,Pune,wind_speed,30,,,persistence,baseline,4,mae,1.5075,1.5075,,-0.218889,,,,,,720,,0,,,,
accuracy,Pune,wind_speed,7,,,persistence,baseline,4,mae,1.625595,1.625595,,-0.176786,,,,,,168,,1,,,,
accuracy,Pune,wind_speed,45,,,persistence,baseline,4,mae,1.644259,1.644259,,-0.195926,,,,,,1080,,0,,,,
accuracy,Pune,wind_speed,,,,persistence,baseline,4,mae,1.96625,1.96625,,-0.098056,,,,,,1440,,0,,,,
accuracy,Pune,wind_speed,7,,,gem,model,5,mae,1.929762,1.929762,,-0.429762,,,,,,168,,1,,,,
accuracy,Pune,wind_speed,45,,,icon,model,5,mae,2.174074,2.174074,,0.822963,,,,,,1080,,0,,,,
accuracy,Pune,wind_speed,30,,,icon,model,5,mae,2.194722,2.194722,,0.606389,,,,,,720,,0,,,,
accuracy,Pune,wind_speed,,,,icon,model,5,mae,2.379167,2.379167,,1.26291,,,,,,1464,,0,,,,
accuracy,Pune,wind_speed,7,,,icon,model,6,mae,2.168452,2.168452,,0.142262,,,,,,168,,1,,,,
accuracy,Pune,wind_speed,30,,,gem,model,6,mae,2.243194,2.243194,,1.341806,,,,,,720,,0,,,,
accuracy,Pune,wind_speed,45,,,gem,model,6,mae,2.319722,2.319722,,1.526204,,,,,,1080,,0,,,,
accuracy,Pune,wind_speed,,,,gem,model,6,mae,2.541052,2.541052,,1.803347,,,,,,1464,,0,,,,
accuracy,Pune,wind_speed,7,,,gfs,model,7,mae,2.81369,2.81369,,-2.039881,,,,,,168,,1,,,,
accuracy,Pune,wind_speed,30,,,gfs,model,7,mae,2.922222,2.922222,,-1.7425,,,,,,720,,0,,,,
accuracy,Pune,wind_speed,45,,,gfs,model,7,mae,2.934815,2.934815,,-1.696852,,,,,,1080,,0,,,,
accuracy,Pune,wind_speed,,,,gfs,model,7,mae,3.162773,3.162773,,-1.80362,,,,,,1464,,0,,,,
accuracy,Raipur,wind_speed,7,,,ecmwf,model,1,mae,1.313095,1.313095,,-0.117857,,,,,,168,,1,,,,
accuracy,Raipur,wind_speed,30,,,weighted_blend,blend,1,mae,1.440684,1.440684,,-0.678643,,,,,,720,,0,,,,
accuracy,Raipur,wind_speed,45,,,weighted_blend,blend,1,mae,1.554223,1.554223,,-0.911294,,,,,,1080,,0,,,,
accuracy,Raipur,wind_speed,,,,weighted_blend,blend,1,mae,1.598162,1.598162,,-0.949281,,,,,,1464,,0,,,,
accuracy,Raipur,wind_speed,30,,,ecmwf,model,2,mae,1.494306,1.494306,,-0.976528,,,,,,720,,0,,,,
accuracy,Raipur,wind_speed,7,,,weighted_blend,blend,2,mae,1.512834,1.512834,,-0.342881,,,,,,168,,1,,,,
accuracy,Raipur,wind_speed,45,,,ecmwf,model,2,mae,1.557037,1.557037,,-1.067778,,,,,,1080,,0,,,,
accuracy,Raipur,wind_speed,,,,ecmwf,model,2,mae,1.61332,1.61332,,-1.075205,,,,,,1464,,0,,,,
accuracy,Raipur,wind_speed,30,,,equal_avg,baseline,3,mae,1.755764,1.755764,,-0.831181,,,,,,720,,0,,,,
accuracy,Raipur,wind_speed,7,,,equal_avg,baseline,3,mae,1.825298,1.825298,,-0.638988,,,,,,168,,1,,,,
accuracy,Raipur,wind_speed,45,,,equal_avg,baseline,3,mae,1.893819,1.893819,,-1.136227,,,,,,1080,,0,,,,
accuracy,Raipur,wind_speed,,,,equal_avg,baseline,3,mae,1.950102,1.950102,,-1.19375,,,,,,1464,,0,,,,
accuracy,Raipur,wind_speed,30,,,persistence,baseline,4,mae,2.743194,2.743194,,-0.267639,,,,,,720,,0,,,,
accuracy,Raipur,wind_speed,45,,,persistence,baseline,4,mae,2.743889,2.743889,,-0.109259,,,,,,1080,,0,,,,
accuracy,Raipur,wind_speed,7,,,icon,model,4,mae,2.953571,2.953571,,2.295238,,,,,,168,,1,,,,
accuracy,Raipur,wind_speed,,,,persistence,baseline,4,mae,2.984514,2.984514,,-0.101736,,,,,,1440,,0,,,,
accuracy,Raipur,wind_speed,7,,,gem,model,5,mae,3.41131,3.41131,,-1.36369,,,,,,168,,1,,,,
accuracy,Raipur,wind_speed,45,,,icon,model,5,mae,3.681296,3.681296,,3.427963,,,,,,1080,,0,,,,
accuracy,Raipur,wind_speed,30,,,gfs,model,5,mae,3.745694,3.745694,,-3.362639,,,,,,720,,0,,,,
accuracy,Raipur,wind_speed,,,,icon,model,5,mae,3.779645,3.779645,,3.466803,,,,,,1464,,0,,,,
accuracy,Raipur,wind_speed,7,,,persistence,baseline,6,mae,3.513095,3.513095,,-0.457143,,,,,,168,,1,,,,
accuracy,Raipur,wind_speed,30,,,icon,model,6,mae,3.820694,3.820694,,3.577083,,,,,,720,,0,,,,
accuracy,Raipur,wind_speed,45,,,gem,model,6,mae,4.151944,4.151944,,-2.8675,,,,,,1080,,0,,,,
accuracy,Raipur,wind_speed,,,,gem,model,6,mae,4.179781,4.179781,,-2.952596,,,,,,1464,,0,,,,
accuracy,Raipur,wind_speed,7,,,gfs,model,7,mae,3.766071,3.766071,,-3.369643,,,,,,168,,1,,,,
accuracy,Raipur,wind_speed,30,,,gem,model,7,mae,3.936528,3.936528,,-2.562639,,,,,,720,,0,,,,
accuracy,Raipur,wind_speed,45,,,gfs,model,7,mae,4.308889,4.308889,,-4.037593,,,,,,1080,,0,,,,
accuracy,Raipur,wind_speed,,,,gfs,model,7,mae,4.547063,4.547063,,-4.214003,,,,,,1464,,0,,,,
accuracy,Ranchi,wind_speed,7,,,ecmwf,model,1,mae,1.358929,1.358929,,0.576786,,,,,,168,,1,,,,
accuracy,Ranchi,wind_speed,30,,,ecmwf,model,1,mae,1.570278,1.570278,,0.183056,,,,,,720,,0,,,,
accuracy,Ranchi,wind_speed,45,,,ecmwf,model,1,mae,1.636852,1.636852,,0.277593,,,,,,1080,,0,,,,
accuracy,Ranchi,wind_speed,,,,ecmwf,model,1,mae,1.65403,1.65403,,0.248292,,,,,,1464,,0,,,,
accuracy,Ranchi,wind_speed,7,,,weighted_blend,blend,2,mae,1.761377,1.761377,,0.791315,,,,,,168,,1,,,,
accuracy,Ranchi,wind_speed,30,,,weighted_blend,blend,2,mae,1.834764,1.834764,,-0.052354,,,,,,720,,0,,,,
accuracy,Ranchi,wind_speed,,,,weighted_blend,blend,2,mae,1.858414,1.858414,,0.082294,,,,,,1464,,0,,,,
accuracy,Ranchi,wind_speed,45,,,weighted_blend,blend,2,mae,1.875096,1.875096,,-0.034512,,,,,,1080,,0,,,,
accuracy,Ranchi,wind_speed,7,,,equal_avg,baseline,3,mae,1.900595,1.900595,,0.724405,,,,,,168,,1,,,,
accuracy,Ranchi,wind_speed,30,,,equal_avg,baseline,3,mae,2.003229,2.003229,,-0.194687,,,,,,720,,0,,,,
accuracy,Ranchi,wind_speed,,,,equal_avg,baseline,3,mae,2.008641,2.008641,,-0.041803,,,,,,1464,,0,,,,
accuracy,Ranchi,wind_speed,45,,,equal_avg,baseline,3,mae,2.040463,2.040463,,-0.19037,,,,,,1080,,0,,,,
accuracy,Ranchi,wind_speed,7,,,gfs,model,4,mae,2.459524,2.459524,,-0.347619,,,,,,168,,1,,,,
accuracy,Ranchi,wind_speed,45,,,icon,model,4,mae,2.658611,2.658611,,1.644352,,,,,,1080,,0,,,,
accuracy,Ranchi,wind_speed,30,,,icon,model,4,mae,2.66,2.66,,1.695556,,,,,,720,,0,,,,
accuracy,Ranchi,wind_speed,,,,icon,model,4,mae,2.780396,2.780396,,1.782992,,,,,,1464,,0,,,,
accuracy,Ranchi,wind_speed,30,,,gfs,model,5,mae,3.192917,3.192917,,-1.618194,,,,,,720,,0,,,,
accuracy,Ranchi,wind_speed,,,,gfs,model,5,mae,3.209973,3.209973,,-1.434699,,,,,,1464,,0,,,,
accuracy,Ranchi,wind_speed,45,,,gfs,model,5,mae,3.258889,3.258889,,-1.610185,,,,,,1080,,0,,,,
accuracy,Ranchi,wind_speed,7,,,icon,model,5,mae,3.336905,3.336905,,2.963095,,,,,,168,,1,,,,
accuracy,Ranchi,wind_speed,,,,gem,model,6,mae,3.391667,3.391667,,-0.763798,,,,,,1464,,0,,,,
accuracy,Ranchi,wind_speed,7,,,gem,model,6,mae,3.450595,3.450595,,-0.294643,,,,,,168,,1,,,,
accuracy,Ranchi,wind_speed,30,,,gem,model,6,mae,3.534167,3.534167,,-1.039167,,,,,,720,,0,,,,
accuracy,Ranchi,wind_speed,45,,,gem,model,6,mae,3.541574,3.541574,,-1.073241,,,,,,1080,,0,,,,
accuracy,Ranchi,wind_speed,45,,,persistence,baseline,7,mae,4.231019,4.231019,,-0.055463,,,,,,1080,,0,,,,
accuracy,Ranchi,wind_speed,30,,,persistence,baseline,7,mae,4.341667,4.341667,,-0.335,,,,,,720,,0,,,,
accuracy,Ranchi,wind_speed,,,,persistence,baseline,7,mae,4.361736,4.361736,,-0.032153,,,,,,1440,,0,,,,
accuracy,Ranchi,wind_speed,7,,,persistence,baseline,7,mae,5.160119,5.160119,,-0.474405,,,,,,168,,1,,,,
accuracy,Shillong,wind_speed,7,,,weighted_blend,blend,1,mae,1.281302,1.281302,,-0.170433,,,,,,168,,1,,,,
accuracy,Shillong,wind_speed,45,,,weighted_blend,blend,1,mae,1.370404,1.370404,,-0.044099,,,,,,1080,,0,,,,
accuracy,Shillong,wind_speed,,,,weighted_blend,blend,1,mae,1.381495,1.381495,,-0.033017,,,,,,1464,,0,,,,
accuracy,Shillong,wind_speed,30,,,weighted_blend,blend,1,mae,1.398024,1.398024,,-0.038278,,,,,,720,,0,,,,
accuracy,Shillong,wind_speed,7,,,equal_avg,baseline,2,mae,1.317857,1.317857,,-0.245833,,,,,,168,,1,,,,
accuracy,Shillong,wind_speed,45,,,equal_avg,baseline,2,mae,1.419792,1.419792,,0.025856,,,,,,1080,,0,,,,
accuracy,Shillong,wind_speed,30,,,equal_avg,baseline,2,mae,1.432674,1.432674,,0.000451,,,,,,720,,0,,,,
accuracy,Shillong,wind_speed,,,,equal_avg,baseline,2,mae,1.434443,1.434443,,0.067913,,,,,,1464,,0,,,,
accuracy,Shillong,wind_speed,7,,,ecmwf,model,3,mae,1.385119,1.385119,,0.564881,,,,,,168,,1,,,,
accuracy,Shillong,wind_speed,45,,,ecmwf,model,3,mae,1.548704,1.548704,,-0.466481,,,,,,1080,,0,,,,
accuracy,Shillong,wind_speed,30,,,ecmwf,model,3,mae,1.560972,1.560972,,-0.257083,,,,,,720,,0,,,,
accuracy,Shillong,wind_speed,,,,ecmwf,model,3,mae,1.654508,1.654508,,-0.741257,,,,,,1464,,0,,,,
accuracy,Shillong,wind_speed,7,,,gem,model,4,mae,1.798214,1.798214,,-0.316071,,,,,,168,,1,,,,
accuracy,Shillong,wind_speed,,,,icon,model,4,mae,1.96776,1.96776,,-0.520765,,,,,,1464,,0,,,,
accuracy,Shillong,wind_speed,45,,,icon,model,4,mae,1.997963,1.997963,,-0.519074,,,,,,1080,,0,,,,
accuracy,Shillong,wind_speed,30,,,icon,model,4,mae,2.004583,2.004583,,-0.407361,,,,,,720,,0,,,,
accuracy,Shillong,wind_speed,7,,,icon,model,5,mae,1.894643,1.894643,,-0.366071,,,,,,168,,1,,,,
accuracy,Shillong,wind_speed,30,,,gem,model,5,mae,2.061944,2.061944,,0.881944,,,,,,720,,0,,,,
accuracy,Shillong,wind_speed,45,,,gem,model,5,mae,2.115926,2.115926,,1.074815,,,,,,1080,,0,,,,
accuracy,Shillong,wind_speed,,,,gem,model,5,mae,2.301503,2.301503,,1.393852,,,,,,1464,,0,,,,
accuracy,Shillong,wind_speed,7,,,persistence,baseline,6,mae,1.945238,1.945238,,0.125,,,,,,168,,1,,,,
accuracy,Shillong,wind_speed,30,,,persistence,baseline,6,mae,2.331111,2.331111,,-0.136389,,,,,,720,,0,,,,
accuracy,Shillong,wind_speed,,,,persistence,baseline,6,mae,2.375625,2.375625,,-0.079236,,,,,,1440,,0,,,,
accuracy,Shillong,wind_speed,45,,,persistence,baseline,6,mae,2.3925,2.3925,,0.007685,,,,,,1080,,0,,,,
accuracy,Shillong,wind_speed,7,,,gfs,model,7,mae,2.143452,2.143452,,-0.866071,,,,,,168,,1,,,,
accuracy,Shillong,wind_speed,30,,,gfs,model,7,mae,2.354306,2.354306,,-0.215694,,,,,,720,,0,,,,
accuracy,Shillong,wind_speed,45,,,gfs,model,7,mae,2.48213,2.48213,,0.014167,,,,,,1080,,0,,,,
accuracy,Shillong,wind_speed,,,,gfs,model,7,mae,2.529167,2.529167,,0.139822,,,,,,1464,,0,,,,
accuracy,Shimla,wind_speed,,,,weighted_blend,blend,1,mae,1.703137,1.703137,,0.415205,,,,,,1464,,0,,,,
accuracy,Shimla,wind_speed,45,,,weighted_blend,blend,1,mae,1.740545,1.740545,,0.264219,,,,,,1080,,0,,,,
accuracy,Shimla,wind_speed,7,,,icon,model,1,mae,1.766071,1.766071,,-0.329167,,,,,,168,,1,,,,
accuracy,Shimla,wind_speed,30,,,icon,model,1,mae,1.782917,1.782917,,-0.250139,,,,,,720,,0,,,,
accuracy,Shimla,wind_speed,,,,equal_avg,baseline,2,mae,1.742777,1.742777,,0.483145,,,,,,1464,,0,,,,
accuracy,Shimla,wind_speed,45,,,ecmwf,model,2,mae,1.760556,1.760556,,0.774815,,,,,,1080,,0,,,,
accuracy,Shimla,wind_speed,30,,,weighted_blend,blend,2,mae,1.820176,1.820176,,0.263517,,,,,,720,,0,,,,
accuracy,Shimla,wind_speed,7,,,weighted_blend,blend,2,mae,1.92925,1.92925,,0.037411,,,,,,168,,1,,,,
accuracy,Shimla,wind_speed,,,,icon,model,3,mae,1.761749,1.761749,,-0.125,,,,,,1464,,0,,,,
accuracy,Shimla,wind_speed,45,,,equal_avg,baseline,3,mae,1.778935,1.778935,,0.330648,,,,,,1080,,0,,,,
accuracy,Shimla,wind_speed,30,,,persistence,baseline,3,mae,1.847917,1.847917,,0.020139,,,,,,720,,0,,,,
accuracy,Shimla,wind_speed,7,,,ecmwf,model,3,mae,1.948214,1.948214,,0.348214,,,,,,168,,1,,,,
accuracy,Shimla,wind_speed,45,,,icon,model,4,mae,1.78287,1.78287,,-0.295093,,,,,,1080,,0,,,,
accuracy,Shimla,wind_speed,,,,ecmwf,model,4,mae,1.785997,1.785997,,0.846107,,,,,,1464,,0,,,,
accuracy,Shimla,wind_speed,30,,,ecmwf,model,4,mae,1.8525,1.8525,,0.728333,,,,,,720,,0,,,,
accuracy,Shimla,wind_speed,7,,,equal_avg,baseline,4,mae,1.966964,1.966964,,0.109226,,,,,,168,,1,,,,
accuracy,Shimla,wind_speed,30,,,equal_avg,baseline,5,mae,1.858889,1.858889,,0.332292,,,,,,720,,0,,,,
accuracy,Shimla,wind_speed,45,,,persistence,baseline,5,mae,1.919907,1.919907,,0.034907,,,,,,1080,,0,,,,
accuracy,Shimla,wind_speed,,,,persistence,baseline,5,mae,1.940069,1.940069,,-0.041458,,,,,,1440,,0,,,,
accuracy,Shimla,wind_speed,7,,,persistence,baseline,5,mae,2.466667,2.466667,,-0.154762,,,,,,168,,1,,,,
accuracy,Shimla,wind_speed,,,,gfs,model,6,mae,2.267964,2.267964,,-0.891325,,,,,,1464,,0,,,,
accuracy,Shimla,wind_speed,45,,,gfs,model,6,mae,2.355,2.355,,-1.163519,,,,,,1080,,0,,,,
accuracy,Shimla,wind_speed,30,,,gfs,model,6,mae,2.460139,2.460139,,-1.225972,,,,,,720,,0,,,,
accuracy,Shimla,wind_speed,7,,,gfs,model,6,mae,2.634524,2.634524,,-1.52381,,,,,,168,,1,,,,
accuracy,Shimla,wind_speed,45,,,gem,model,7,mae,2.542315,2.542315,,2.006389,,,,,,1080,,0,,,,
accuracy,Shimla,wind_speed,,,,gem,model,7,mae,2.564276,2.564276,,2.102801,,,,,,1464,,0,,,,
accuracy,Shimla,wind_speed,30,,,gem,model,7,mae,2.612778,2.612778,,2.076944,,,,,,720,,0,,,,
accuracy,Shimla,wind_speed,7,,,gem,model,7,mae,2.666667,2.666667,,1.941667,,,,,,168,,1,,,,
accuracy,Srinagar,wind_speed,7,,,weighted_blend,blend,1,mae,1.196145,1.196145,,-0.28712,,,,,,168,,1,,,,
accuracy,Srinagar,wind_speed,30,,,ecmwf,model,1,mae,1.315556,1.315556,,0.425278,,,,,,720,,0,,,,
accuracy,Srinagar,wind_speed,45,,,ecmwf,model,1,mae,1.359444,1.359444,,0.441481,,,,,,1080,,0,,,,
accuracy,Srinagar,wind_speed,,,,ecmwf,model,1,mae,1.379645,1.379645,,0.439617,,,,,,1464,,0,,,,
accuracy,Srinagar,wind_speed,7,,,equal_avg,baseline,2,mae,1.251339,1.251339,,-0.453423,,,,,,168,,1,,,,
accuracy,Srinagar,wind_speed,30,,,weighted_blend,blend,2,mae,1.319817,1.319817,,-0.238169,,,,,,720,,0,,,,
accuracy,Srinagar,wind_speed,45,,,weighted_blend,blend,2,mae,1.365766,1.365766,,-0.181489,,,,,,1080,,0,,,,
accuracy,Srinagar,wind_speed,,,,weighted_blend,blend,2,mae,1.415005,1.415005,,-0.222828,,,,,,1464,,0,,,,
accuracy,Srinagar,wind_speed,7,,,ecmwf,model,3,mae,1.275595,1.275595,,0.389881,,,,,,168,,1,,,,
accuracy,Srinagar,wind_speed,30,,,equal_avg,baseline,3,mae,1.401111,1.401111,,-0.404444,,,,,,720,,0,,,,
accuracy,Srinagar,wind_speed,45,,,equal_avg,baseline,3,mae,1.440417,1.440417,,-0.330093,,,,,,1080,,0,,,,
accuracy,Srinagar,wind_speed,,,,equal_avg,baseline,3,mae,1.500171,1.500171,,-0.377152,,,,,,1464,,0,,,,
accuracy,Srinagar,wind_speed,7,,,persistence,baseline,4,mae,1.371429,1.371429,,0.070238,,,,,,168,,1,,,,
accuracy,Srinagar,wind_speed,30,,,persistence,baseline,4,mae,1.67125,1.67125,,0.005139,,,,,,720,,0,,,,
accuracy,Srinagar,wind_speed,45,,,persistence,baseline,4,mae,1.792593,1.792593,,-0.007037,,,,,,1080,,0,,,,
accuracy,Srinagar,wind_speed,,,,persistence,baseline,4,mae,1.866806,1.866806,,0.000833,,,,,,1440,,0,,,,
accuracy,Srinagar,wind_speed,7,,,gem,model,5,mae,1.763095,1.763095,,-0.333333,,,,,,168,,1,,,,
accuracy,Srinagar,wind_speed,30,,,icon,model,5,mae,1.905694,1.905694,,-0.090694,,,,,,720,,0,,,,
accuracy,Srinagar,wind_speed,45,,,icon,model,5,mae,1.97213,1.97213,,-0.136389,,,,,,1080,,0,,,,
accuracy,Srinagar,wind_speed,,,,icon,model,5,mae,1.986475,1.986475,,-0.164344,,,,,,1464,,0,,,,
accuracy,Srinagar,wind_speed,7,,,icon,model,6,mae,1.857143,1.857143,,0.065476,,,,,,168,,1,,,,
accuracy,Srinagar,wind_speed,30,,,gem,model,6,mae,1.937083,1.937083,,-0.037639,,,,,,720,,0,,,,
accuracy,Srinagar,wind_speed,,,,gem,model,6,mae,1.98668,1.98668,,-0.09597,,,,,,1464,,0,,,,
accuracy,Srinagar,wind_speed,45,,,gem,model,6,mae,1.9875,1.9875,,-0.003796,,,,,,1080,,0,,,,
accuracy,Srinagar,wind_speed,7,,,gfs,model,7,mae,2.47619,2.47619,,-1.935714,,,,,,168,,1,,,,
accuracy,Srinagar,wind_speed,45,,,gfs,model,7,mae,2.549815,2.549815,,-1.621667,,,,,,1080,,0,,,,
accuracy,Srinagar,wind_speed,,,,gfs,model,7,mae,2.685041,2.685041,,-1.68791,,,,,,1464,,0,,,,
accuracy,Srinagar,wind_speed,30,,,gfs,model,7,mae,2.721111,2.721111,,-1.914722,,,,,,720,,0,,,,
accuracy,Surat,wind_speed,7,,,ecmwf,model,1,mae,1.234524,1.234524,,-0.867857,,,,,,168,,1,,,,
accuracy,Surat,wind_speed,30,,,ecmwf,model,1,mae,1.488889,1.488889,,-1.333056,,,,,,720,,0,,,,
accuracy,Surat,wind_speed,45,,,ecmwf,model,1,mae,1.536296,1.536296,,-1.387963,,,,,,1080,,0,,,,
accuracy,Surat,wind_speed,,,,ecmwf,model,1,mae,1.706831,1.706831,,-1.388934,,,,,,1464,,0,,,,
accuracy,Surat,wind_speed,7,,,weighted_blend,blend,2,mae,1.384507,1.384507,,-1.067917,,,,,,168,,1,,,,
accuracy,Surat,wind_speed,30,,,weighted_blend,blend,2,mae,1.640119,1.640119,,-1.532915,,,,,,720,,0,,,,
accuracy,Surat,wind_speed,45,,,weighted_blend,blend,2,mae,1.76277,1.76277,,-1.673784,,,,,,1080,,0,,,,
accuracy,Surat,wind_speed,,,,weighted_blend,blend,2,mae,1.851832,1.851832,,-1.660985,,,,,,1464,,0,,,,
accuracy,Surat,wind_speed,30,,,persistence,baseline,3,mae,1.958611,1.958611,,-0.1225,,,,,,720,,0,,,,
accuracy,Surat,wind_speed,45,,,persistence,baseline,3,mae,2.130093,2.130093,,-0.100648,,,,,,1080,,0,,,,
accuracy,Surat,wind_speed,,,,icon,model,3,mae,2.597268,2.597268,,1.929781,,,,,,1464,,0,,,,
accuracy,Surat,wind_speed,7,,,icon,model,3,mae,2.675,2.675,,1.538095,,,,,,168,,1,,,,
accuracy,Surat,wind_speed,30,,,icon,model,4,mae,2.233889,2.233889,,1.640556,,,,,,720,,0,,,,
accuracy,Surat,wind_speed,45,,,icon,model,4,mae,2.294167,2.294167,,1.744352,,,,,,1080,,0,,,,
accuracy,Surat,wind_speed,,,,persistence,baseline,4,mae,2.657569,2.657569,,-0.027014,,,,,,1440,,0,,,,
accuracy,Surat,wind_speed,7,,,equal_avg,baseline,4,mae,2.868155,2.868155,,-2.81875,,,,,,168,,1,,,,
accuracy,Surat,wind_speed,7,,,persistence,baseline,5,mae,3.107738,3.107738,,-0.068452,,,,,,168,,1,,,,
accuracy,Surat,wind_speed,30,,,equal_avg,baseline,5,mae,3.647569,3.647569,,-3.629931,,,,,,720,,0,,,,
accuracy,Surat,wind_speed,45,,,equal_avg,baseline,5,mae,4.020764,4.020764,,-4.009005,,,,,,1080,,0,,,,
accuracy,Surat,wind_speed,,,,equal_avg,baseline,5,mae,4.163917,4.163917,,-4.093016,,,,,,1464,,0,,,,
accuracy,Surat,wind_speed,7,,,gfs,model,6,mae,4.645833,4.645833,,-4.373214,,,,,,168,,1,,,,
accuracy,Surat,wind_speed,30,,,gfs,model,6,mae,6.186667,6.186667,,-6.095,,,,,,720,,0,,,,
accuracy,Surat,wind_speed,45,,,gfs,model,6,mae,7.401019,7.401019,,-7.339537,,,,,,1080,,0,,,,
accuracy,Surat,wind_speed,,,,gfs,model,6,mae,8.214891,8.214891,,-8.077732,,,,,,1464,,0,,,,
accuracy,Surat,wind_speed,7,,,gem,model,7,mae,7.600595,7.600595,,-7.572024,,,,,,168,,1,,,,
accuracy,Surat,wind_speed,30,,,gem,model,7,mae,8.772778,8.772778,,-8.732222,,,,,,720,,0,,,,
accuracy,Surat,wind_speed,,,,gem,model,7,mae,8.967828,8.967828,,-8.835178,,,,,,1464,,0,,,,
accuracy,Surat,wind_speed,45,,,gem,model,7,mae,9.079907,9.079907,,-9.05287,,,,,,1080,,0,,,,
accuracy,Thane,wind_speed,7,,,ecmwf,model,1,mae,0.734524,0.734524,,0.130952,,,,,,168,,1,,,,
accuracy,Thane,wind_speed,30,,,ecmwf,model,1,mae,0.867222,0.867222,,-0.105556,,,,,,720,,0,,,,
accuracy,Thane,wind_speed,45,,,ecmwf,model,1,mae,0.905926,0.905926,,-0.151852,,,,,,1080,,0,,,,
accuracy,Thane,wind_speed,,,,ecmwf,model,1,mae,1.005533,1.005533,,-0.151434,,,,,,1464,,0,,,,
accuracy,Thane,wind_speed,7,,,weighted_blend,blend,2,mae,0.939557,0.939557,,-0.165549,,,,,,168,,1,,,,
accuracy,Thane,wind_speed,30,,,weighted_blend,blend,2,mae,1.149974,1.149974,,-0.523478,,,,,,720,,0,,,,
accuracy,Thane,wind_speed,45,,,weighted_blend,blend,2,mae,1.20279,1.20279,,-0.568544,,,,,,1080,,0,,,,
accuracy,Thane,wind_speed,,,,weighted_blend,blend,2,mae,1.276067,1.276067,,-0.592876,,,,,,1464,,0,,,,
accuracy,Thane,wind_speed,7,,,equal_avg,baseline,3,mae,1.434375,1.434375,,-0.703423,,,,,,168,,1,,,,
accuracy,Thane,wind_speed,30,,,equal_avg,baseline,3,mae,1.982882,1.982882,,-1.576771,,,,,,720,,0,,,,
accuracy,Thane,wind_speed,45,,,equal_avg,baseline,3,mae,2.147639,2.147639,,-1.817176,,,,,,1080,,0,,,,
accuracy,Thane,wind_speed,,,,equal_avg,baseline,3,mae,2.319348,2.319348,,-2.028227,,,,,,1464,,0,,,,
accuracy,Thane,wind_speed,7,,,icon,model,4,mae,1.726786,1.726786,,0.9125,,,,,,168,,1,,,,
accuracy,Thane,wind_speed,30,,,icon,model,4,mae,2.095694,2.095694,,1.117361,,,,,,720,,0,,,,
accuracy,Thane,wind_speed,45,,,persistence,baseline,4,mae,2.188704,2.188704,,-0.111667,,,,,,1080,,0,,,,
accuracy,Thane,wind_speed,,,,persistence,baseline,4,mae,2.546736,2.546736,,-0.005069,,,,,,1440,,0,,,,
accuracy,Thane,wind_speed,30,,,persistence,baseline,5,mae,2.154722,2.154722,,-0.075,,,,,,720,,0,,,,
accuracy,Thane,wind_speed,45,,,icon,model,5,mae,2.252315,2.252315,,1.423796,,,,,,1080,,0,,,,
accuracy,Thane,wind_speed,7,,,gem,model,5,mae,2.449405,2.449405,,-1.677976,,,,,,168,,1,,,,
accuracy,Thane,wind_speed,,,,icon,model,5,mae,2.61612,2.61612,,1.827049,,,,,,1464,,0,,,,
accuracy,Thane,wind_speed,7,,,persistence,baseline,6,mae,2.529762,2.529762,,0.294048,,,,,,168,,1,,,,
accuracy,Thane,wind_speed,30,,,gem,model,6,mae,3.006667,3.006667,,-2.085278,,,,,,720,,0,,,,
accuracy,Thane,wind_speed,45,,,gem,model,6,mae,3.111574,3.111574,,-2.115833,,,,,,1080,,0,,,,
accuracy,Thane,wind_speed,,,,gem,model,6,mae,3.296995,3.296995,,-2.371995,,,,,,1464,,0,,,,
accuracy,Thane,wind_speed,7,,,gfs,model,7,mae,3.022024,3.022024,,-2.179167,,,,,,168,,1,,,,
accuracy,Thane,wind_speed,30,,,gfs,model,7,mae,5.579722,5.579722,,-5.233611,,,,,,720,,0,,,,
accuracy,Thane,wind_speed,45,,,gfs,model,7,mae,6.667593,6.667593,,-6.424815,,,,,,1080,,0,,,,
accuracy,Thane,wind_speed,,,,gfs,model,7,mae,7.598497,7.598497,,-7.41653,,,,,,1464,,0,,,,
accuracy,Thiruvananthapuram,wind_speed,30,,,ecmwf,model,1,mae,1.029167,1.029167,,0.039722,,,,,,720,,0,,,,
accuracy,Thiruvananthapuram,wind_speed,45,,,ecmwf,model,1,mae,1.085926,1.085926,,0.093519,,,,,,1080,,0,,,,
accuracy,Thiruvananthapuram,wind_speed,7,,,ecmwf,model,1,mae,1.108333,1.108333,,0.071429,,,,,,168,,1,,,,
accuracy,Thiruvananthapuram,wind_speed,,,,ecmwf,model,1,mae,1.134768,1.134768,,0.143921,,,,,,1464,,0,,,,
accuracy,Thiruvananthapuram,wind_speed,30,,,weighted_blend,blend,2,mae,1.244992,1.244992,,0.394934,,,,,,720,,0,,,,
accuracy,Thiruvananthapuram,wind_speed,7,,,weighted_blend,blend,2,mae,1.287945,1.287945,,0.547182,,,,,,168,,1,,,,
accuracy,Thiruvananthapuram,wind_speed,45,,,weighted_blend,blend,2,mae,1.328741,1.328741,,0.484725,,,,,,1080,,0,,,,
accuracy,Thiruvananthapuram,wind_speed,,,,weighted_blend,blend,2,mae,1.35381,1.35381,,0.41907,,,,,,1464,,0,,,,
accuracy,Thiruvananthapuram,wind_speed,30,,,equal_avg,baseline,3,mae,1.413646,1.413646,,0.482396,,,,,,720,,0,,,,
accuracy,Thiruvananthapuram,wind_speed,45,,,equal_avg,baseline,3,mae,1.495486,1.495486,,0.578403,,,,,,1080,,0,,,,
accuracy,Thiruvananthapuram,wind_speed,,,,equal_avg,baseline,3,mae,1.519638,1.519638,,0.483367,,,,,,1464,,0,,,,
accuracy,Thiruvananthapuram,wind_speed,7,,,equal_avg,baseline,3,mae,1.520536,1.520536,,0.65119,,,,,,168,,1,,,,
accuracy,Thiruvananthapuram,wind_speed,7,,,persistence,baseline,4,mae,2.053571,2.053571,,-0.440476,,,,,,168,,1,,,,
accuracy,Thiruvananthapuram,wind_speed,30,,,gfs,model,4,mae,2.122083,2.122083,,0.869306,,,,,,720,,0,,,,
accuracy,Thiruvananthapuram,wind_speed,45,,,gfs,model,4,mae,2.210556,2.210556,,1.067407,,,,,,1080,,0,,,,
accuracy,Thiruvananthapuram,wind_speed,,,,gfs,model,4,mae,2.226571,2.226571,,0.852254,,,,,,1464,,0,,,,
accuracy,Thiruvananthapuram,wind_speed,30,,,persistence,baseline,5,mae,2.21375,2.21375,,-0.03625,,,,,,720,,0,,,,
accuracy,Thiruvananthapuram,wind_speed,45,,,persistence,baseline,5,mae,2.365093,2.365093,,-0.097685,,,,,,1080,,0,,,,
accuracy,Thiruvananthapuram,wind_speed,7,,,gem,model,5,mae,2.470833,2.470833,,-1.28631,,,,,,168,,1,,,,
accuracy,Thiruvananthapuram,wind_speed,,,,persistence,baseline,5,mae,2.490069,2.490069,,-0.019236,,,,,,1440,,0,,,,
accuracy,Thiruvananthapuram,wind_speed,7,,,gfs,model,6,mae,2.491071,2.491071,,1.472024,,,,,,168,,1,,,,
accuracy,Thiruvananthapuram,wind_speed,30,,,gem,model,6,mae,2.505556,2.505556,,-1.196111,,,,,,720,,0,,,,
accuracy,Thiruvananthapuram,wind_speed,45,,,gem,model,6,mae,2.549815,2.549815,,-1.126111,,,,,,1080,,0,,,,
accuracy,Thiruvananthapuram,wind_speed,,,,gem,model,6,mae,2.589549,2.589549,,-1.179303,,,,,,1464,,0,,,,
accuracy,Thiruvananthapuram,wind_speed,30,,,icon,model,7,mae,2.571111,2.571111,,2.216667,,,,,,720,,0,,,,
accuracy,Thiruvananthapuram,wind_speed,,,,icon,model,7,mae,2.658538,2.658538,,2.116598,,,,,,1464,,0,,,,
accuracy,Thiruvananthapuram,wind_speed,45,,,icon,model,7,mae,2.678981,2.678981,,2.278796,,,,,,1080,,0,,,,
accuracy,Thiruvananthapuram,wind_speed,7,,,icon,model,7,mae,2.75119,2.75119,,2.347619,,,,,,168,,1,,,,
accuracy,Vadodara,wind_speed,45,,,ecmwf,model,1,mae,1.221481,1.221481,,-0.527593,,,,,,1080,,0,,,,
accuracy,Vadodara,wind_speed,30,,,ecmwf,model,1,mae,1.270278,1.270278,,-0.463333,,,,,,720,,0,,,,
accuracy,Vadodara,wind_speed,,,,ecmwf,model,1,mae,1.301298,1.301298,,-0.630396,,,,,,1464,,0,,,,
accuracy,Vadodara,wind_speed,7,,,ecmwf,model,1,mae,1.619643,1.619643,,-0.417262,,,,,,168,,1,,,,
accuracy,Vadodara,wind_speed,45,,,weighted_blend,blend,2,mae,1.483439,1.483439,,-1.146788,,,,,,1080,,0,,,,
accuracy,Vadodara,wind_speed,30,,,weighted_blend,blend,2,mae,1.522293,1.522293,,-1.129495,,,,,,720,,0,,,,
accuracy,Vadodara,wind_speed,,,,weighted_blend,blend,2,mae,1.571595,1.571595,,-1.135163,,,,,,1464,,0,,,,
accuracy,Vadodara,wind_speed,7,,,weighted_blend,blend,2,mae,1.650992,1.650992,,-0.953475,,,,,,168,,1,,,,
accuracy,Vadodara,wind_speed,45,,,icon,model,3,mae,1.818704,1.818704,,0.624815,,,,,,1080,,0,,,,
accuracy,Vadodara,wind_speed,30,,,icon,model,3,mae,1.893472,1.893472,,0.549028,,,,,,720,,0,,,,
accuracy,Vadodara,wind_speed,,,,icon,model,3,mae,2.026776,2.026776,,0.75888,,,,,,1464,,0,,,,
accuracy,Vadodara,wind_speed,7,,,equal_avg,baseline,3,mae,2.255506,2.255506,,-1.897768,,,,,,168,,1,,,,
accuracy,Vadodara,wind_speed,45,,,persistence,baseline,4,mae,2.139537,2.139537,,-0.095648,,,,,,1080,,0,,,,
accuracy,Vadodara,wind_speed,30,,,persistence,baseline,4,mae,2.227361,2.227361,,-0.084306,,,,,,720,,0,,,,
accuracy,Vadodara,wind_speed,7,,,icon,model,4,mae,2.367262,2.367262,,0.019643,,,,,,168,,1,,,,
accuracy,Vadodara,wind_speed,,,,persistence,baseline,4,mae,2.493611,2.493611,,-0.043194,,,,,,1440,,0,,,,
accuracy,Vadodara,wind_speed,30,,,equal_avg,baseline,5,mae,2.50809,2.50809,,-2.372951,,,,,,720,,0,,,,
accuracy,Vadodara,wind_speed,45,,,equal_avg,baseline,5,mae,2.52794,2.52794,,-2.411782,,,,,,1080,,0,,,,
accuracy,Vadodara,wind_speed,,,,equal_avg,baseline,5,mae,2.615796,2.615796,,-2.376417,,,,,,1464,,0,,,,
accuracy,Vadodara,wind_speed,7,,,gem,model,5,mae,3.395238,3.395238,,-2.036905,,,,,,168,,1,,,,
accuracy,Vadodara,wind_speed,7,,,persistence,baseline,6,mae,3.841071,3.841071,,-0.01369,,,,,,168,,1,,,,
accuracy,Vadodara,wind_speed,45,,,gem,model,6,mae,4.194722,4.194722,,-3.707685,,,,,,1080,,0,,,,
accuracy,Vadodara,wind_speed,,,,gem,model,6,mae,4.22418,4.22418,,-3.518989,,,,,,1464,,0,,,,
accuracy,Vadodara,wind_speed,30,,,gem,model,6,mae,4.349444,4.349444,,-3.812778,,,,,,720,,0,,,,
accuracy,Vadodara,wind_speed,7,,,gfs,model,7,mae,5.483929,5.483929,,-5.156548,,,,,,168,,1,,,,
accuracy,Vadodara,wind_speed,30,,,gfs,model,7,mae,5.856111,5.856111,,-5.764722,,,,,,720,,0,,,,
accuracy,Vadodara,wind_speed,45,,,gfs,model,7,mae,6.107963,6.107963,,-6.036667,,,,,,1080,,0,,,,
accuracy,Vadodara,wind_speed,,,,gfs,model,7,mae,6.281694,6.281694,,-6.115164,,,,,,1464,,0,,,,
accuracy,Varanasi,wind_speed,7,,,ecmwf,model,1,mae,1.082143,1.082143,,-0.025,,,,,,168,,1,,,,
accuracy,Varanasi,wind_speed,,,,ecmwf,model,1,mae,1.318443,1.318443,,0.029508,,,,,,1464,,0,,,,
accuracy,Varanasi,wind_speed,45,,,ecmwf,model,1,mae,1.33537,1.33537,,0.082593,,,,,,1080,,0,,,,
accuracy,Varanasi,wind_speed,30,,,ecmwf,model,1,mae,1.376944,1.376944,,0.153889,,,,,,720,,0,,,,
accuracy,Varanasi,wind_speed,7,,,weighted_blend,blend,2,mae,1.348226,1.348226,,-0.024493,,,,,,168,,1,,,,
accuracy,Varanasi,wind_speed,30,,,weighted_blend,blend,2,mae,1.517854,1.517854,,-0.394304,,,,,,720,,0,,,,
accuracy,Varanasi,wind_speed,,,,weighted_blend,blend,2,mae,1.517916,1.517916,,-0.546097,,,,,,1464,,0,,,,
accuracy,Varanasi,wind_speed,45,,,weighted_blend,blend,2,mae,1.520037,1.520037,,-0.472362,,,,,,1080,,0,,,,
accuracy,Varanasi,wind_speed,7,,,equal_avg,baseline,3,mae,1.753274,1.753274,,-0.564583,,,,,,168,,1,,,,
accuracy,Varanasi,wind_speed,30,,,equal_avg,baseline,3,mae,2.04934,2.04934,,-1.136215,,,,,,720,,0,,,,
accuracy,Varanasi,wind_speed,45,,,equal_avg,baseline,3,mae,2.057431,2.057431,,-1.212014,,,,,,1080,,0,,,,
accuracy,Varanasi,wind_speed,,,,equal_avg,baseline,3,mae,2.086851,2.086851,,-1.322814,,,,,,1464,,0,,,,
accuracy,Varanasi,wind_speed,45,,,icon,model,4,mae,2.182315,2.182315,,1.073426,,,,,,1080,,0,,,,
accuracy,Varanasi,wind_speed,,,,icon,model,4,mae,2.224727,2.224727,,1.076503,,,,,,1464,,0,,,,
accuracy,Varanasi,wind_speed,30,,,icon,model,4,mae,2.254306,2.254306,,1.147917,,,,,,720,,0,,,,
accuracy,Varanasi,wind_speed,7,,,icon,model,4,mae,2.829167,2.829167,,2.027976,,,,,,168,,1,,,,
accuracy,Varanasi,wind_speed,7,,,gfs,model,5,mae,2.835714,2.835714,,-2.309524,,,,,,168,,1,,,,
accuracy,Varanasi,wind_speed,45,,,persistence,baseline,5,mae,3.225,3.225,,0.05963,,,,,,1080,,0,,,,
accuracy,Varanasi,wind_speed,30,,,persistence,baseline,5,mae,3.356667,3.356667,,0.074167,,,,,,720,,0,,,,
accuracy,Varanasi,wind_speed,,,,persistence,baseline,5,mae,3.408958,3.408958,,0.052292,,,,,,1440,,0,,,,
accuracy,Varanasi,wind_speed,7,,,gem,model,6,mae,3.96131,3.96131,,-1.951786,,,,,,168,,1,,,,
accuracy,Varanasi,wind_speed,30,,,gem,model,6,mae,3.984028,3.984028,,-2.127083,,,,,,720,,0,,,,
accuracy,Varanasi,wind_speed,,,,gem,model,6,mae,4.027801,4.027801,,-2.47015,,,,,,1464,,0,,,,
accuracy,Varanasi,wind_speed,45,,,gfs,model,6,mae,4.047778,4.047778,,-3.555556,,,,,,1080,,0,,,,
accuracy,Varanasi,wind_speed,45,,,gem,model,7,mae,4.062593,4.062593,,-2.448519,,,,,,1080,,0,,,,
accuracy,Varanasi,wind_speed,30,,,gfs,model,7,mae,4.18875,4.18875,,-3.719583,,,,,,720,,0,,,,
accuracy,Varanasi,wind_speed,7,,,persistence,baseline,7,mae,4.320833,4.320833,,0.332738,,,,,,168,,1,,,,
accuracy,Varanasi,wind_speed,,,,gfs,model,7,mae,4.381079,4.381079,,-3.927117,,,,,,1464,,0,,,,
accuracy,Vijayawada,wind_speed,7,,,ecmwf,model,1,mae,1.325,1.325,,0.40119,,,,,,168,,1,,,,
accuracy,Vijayawada,wind_speed,,,,ecmwf,model,1,mae,1.534973,1.534973,,0.539344,,,,,,1464,,0,,,,
accuracy,Vijayawada,wind_speed,45,,,ecmwf,model,1,mae,1.540648,1.540648,,0.587685,,,,,,1080,,0,,,,
accuracy,Vijayawada,wind_speed,30,,,ecmwf,model,1,mae,1.545694,1.545694,,0.590139,,,,,,720,,0,,,,
accuracy,Vijayawada,wind_speed,7,,,weighted_blend,blend,2,mae,1.683013,1.683013,,-0.230594,,,,,,168,,1,,,,
accuracy,Vijayawada,wind_speed,30,,,weighted_blend,blend,2,mae,1.70744,1.70744,,0.231047,,,,,,720,,0,,,,
accuracy,Vijayawada,wind_speed,45,,,weighted_blend,blend,2,mae,1.726979,1.726979,,0.406096,,,,,,1080,,0,,,,
accuracy,Vijayawada,wind_speed,,,,weighted_blend,blend,2,mae,1.762732,1.762732,,0.324731,,,,,,1464,,0,,,,
accuracy,Vijayawada,wind_speed,30,,,equal_avg,baseline,3,mae,2.113368,2.113368,,0.412812,,,,,,720,,0,,,,
accuracy,Vijayawada,wind_speed,7,,,equal_avg,baseline,3,mae,2.159077,2.159077,,-0.326042,,,,,,168,,1,,,,
accuracy,Vijayawada,wind_speed,45,,,equal_avg,baseline,3,mae,2.159977,2.159977,,0.708171,,,,,,1080,,0,,,,
accuracy,Vijayawada,wind_speed,,,,equal_avg,baseline,3,mae,2.194826,2.194826,,0.638986,,,,,,1464,,0,,,,
accuracy,Vijayawada,wind_speed,7,,,icon,model,4,mae,3.1,3.1,,1.936905,,,,,,168,,1,,,,
accuracy,Vijayawada,wind_speed,45,,,persistence,baseline,4,mae,3.253241,3.253241,,-0.073611,,,,,,1080,,0,,,,
accuracy,Vijayawada,wind_speed,,,,persistence,baseline,4,mae,3.31375,3.31375,,-0.078889,,,,,,1440,,0,,,,
accuracy,Vijayawada,wind_speed,30,,,persistence,baseline,4,mae,3.365694,3.365694,,-0.199583,,,,,,720,,0,,,,
accuracy,Vijayawada,wind_speed,7,,,gfs,model,5,mae,3.382738,3.382738,,-1.149405,,,,,,168,,1,,,,
accuracy,Vijayawada,wind_speed,30,,,gfs,model,5,mae,3.869861,3.869861,,-1.400972,,,,,,720,,0,,,,
accuracy,Vijayawada,wind_speed,45,,,gfs,model,5,mae,3.929167,3.929167,,-1.15213,,,,,,1080,,0,,,,
accuracy,Vijayawada,wind_speed,,,,gem,model,5,mae,4.142486,4.142486,,-1.837022,,,,,,1464,,0,,,,
accuracy,Vijayawada,wind_speed,7,,,persistence,baseline,6,mae,3.442857,3.442857,,-0.771429,,,,,,168,,1,,,,
accuracy,Vijayawada,wind_speed,45,,,gem,model,6,mae,4.031296,4.031296,,-1.701296,,,,,,1080,,0,,,,
accuracy,Vijayawada,wind_speed,30,,,gem,model,6,mae,4.165833,4.165833,,-1.951389,,,,,,720,,0,,,,
accuracy,Vijayawada,wind_speed,,,,gfs,model,6,mae,4.193511,4.193511,,-1.522746,,,,,,1464,,0,,,,
accuracy,Vijayawada,wind_speed,7,,,gem,model,7,mae,4.169048,4.169048,,-2.492857,,,,,,168,,1,,,,
accuracy,Vijayawada,wind_speed,30,,,icon,model,7,mae,4.886528,4.886528,,4.413472,,,,,,720,,0,,,,
accuracy,Vijayawada,wind_speed,45,,,icon,model,7,mae,5.421389,5.421389,,5.098426,,,,,,1080,,0,,,,
accuracy,Vijayawada,wind_speed,,,,icon,model,7,mae,5.663115,5.663115,,5.376366,,,,,,1464,,0,,,,
accuracy,Visakhapatnam,wind_speed,7,,,ecmwf,model,1,mae,1.553571,1.553571,,-0.009524,,,,,,168,,1,,,,
accuracy,Visakhapatnam,wind_speed,30,,,weighted_blend,blend,1,mae,1.721422,1.721422,,0.143096,,,,,,720,,0,,,,
accuracy,Visakhapatnam,wind_speed,,,,ecmwf,model,1,mae,1.723019,1.723019,,0.707309,,,,,,1464,,0,,,,
accuracy,Visakhapatnam,wind_speed,45,,,ecmwf,model,1,mae,1.723981,1.723981,,0.774537,,,,,,1080,,0,,,,
accuracy,Visakhapatnam,wind_speed,30,,,ecmwf,model,2,mae,1.728472,1.728472,,0.915972,,,,,,720,,0,,,,
accuracy,Visakhapatnam,wind_speed,45,,,weighted_blend,blend,2,mae,1.764181,1.764181,,-0.044189,,,,,,1080,,0,,,,
accuracy,Visakhapatnam,wind_speed,7,,,weighted_blend,blend,2,mae,1.818737,1.818737,,-0.803833,,,,,,168,,1,,,,
accuracy,Visakhapatnam,wind_speed,,,,weighted_blend,blend,2,mae,1.820141,1.820141,,-0.219208,,,,,,1464,,0,,,,
accuracy,Visakhapatnam,wind_speed,30,,,equal_avg,baseline,3,mae,2.240556,2.240556,,-0.838819,,,,,,720,,0,,,,
accuracy,Visakhapatnam,wind_speed,45,,,equal_avg,baseline,3,mae,2.37412,2.37412,,-1.015833,,,,,,1080,,0,,,,
accuracy,Visakhapatnam,wind_speed,7,,,icon,model,3,mae,2.509524,2.509524,,1.090476,,,,,,168,,1,,,,
accuracy,Visakhapatnam,wind_speed,,,,equal_avg,baseline,3,mae,2.554372,2.554372,,-1.311954,,,,,,1464,,0,,,,
accuracy,Visakhapatnam,wind_speed,7,,,equal_avg,baseline,4,mae,2.517411,2.517411,,-1.712946,,,,,,168,,1,,,,
accuracy,Visakhapatnam,wind_speed,45,,,icon,model,4,mae,2.943056,2.943056,,2.026944,,,,,,1080,,0,,,,
accuracy,Visakhapatnam,wind_speed,30,,,persistence,baseline,4,mae,2.99875,2.99875,,-0.288194,,,,,,720,,0,,,,
accuracy,Visakhapatnam,wind_speed,,,,icon,model,4,mae,3.007309,3.007309,,2.115232,,,,,,1464,,0,,,,
accuracy,Visakhapatnam,wind_speed,45,,,persistence,baseline,5,mae,3.065926,3.065926,,-0.068889,,,,,,1080,,0,,,,
accuracy,Visakhapatnam,wind_speed,30,,,icon,model,5,mae,3.110278,3.110278,,2.371389,,,,,,720,,0,,,,
accuracy,Visakhapatnam,wind_speed,,,,persistence,baseline,5,mae,3.264236,3.264236,,-0.085903,,,,,,1440,,0,,,,
accuracy,Visakhapatnam,wind_speed,7,,,persistence,baseline,5,mae,3.785714,3.785714,,-0.204762,,,,,,168,,1,,,,
accuracy,Visakhapatnam,wind_speed,30,,,gfs,model,6,mae,4.263056,4.263056,,-2.868889,,,,,,720,,0,,,,
accuracy,Visakhapatnam,wind_speed,45,,,gfs,model,6,mae,4.517222,4.517222,,-3.013148,,,,,,1080,,0,,,,
accuracy,Visakhapatnam,wind_speed,7,,,gfs,model,6,mae,4.679167,4.679167,,-3.842262,,,,,,168,,1,,,,
accuracy,Visakhapatnam,wind_speed,,,,gfs,model,6,mae,5.187842,5.187842,,-3.751503,,,,,,1464,,0,,,,
accuracy,Visakhapatnam,wind_speed,7,,,gem,model,7,mae,4.897619,4.897619,,-4.090476,,,,,,168,,1,,,,
accuracy,Visakhapatnam,wind_speed,30,,,gem,model,7,mae,5.268472,5.268472,,-3.77375,,,,,,720,,0,,,,
accuracy,Visakhapatnam,wind_speed,45,,,gem,model,7,mae,5.393519,5.393519,,-3.851667,,,,,,1080,,0,,,,
accuracy,Visakhapatnam,wind_speed,,,,gem,model,7,mae,5.692486,5.692486,,-4.318852,,,,,,1464,,0,,,,
extreme,Agartala,rainfall,,,4.0,ecmwf,model,1,csi,0.117647,,,,0.2,0.777778,0.117647,0.111219,-0.520776,1464,20.0,1,,,,
extreme,Agartala,rainfall,,,8.0,ecmwf,model,1,csi,0.333333,,,,1.0,0.666667,0.333333,0.332878,-1.001367,1464,1.0,1,,,,
extreme,Agartala,rainfall,,,8.0,equal_avg,baseline,2,csi,0.0,,,,0.0,,0.0,0.0,-0.000684,1464,1.0,1,,,,
extreme,Agartala,rainfall,,,8.0,gem,model,2,csi,0.0,,,,0.0,1.0,0.0,-0.000643,-16.01162,1464,1.0,1,,,,
extreme,Agartala,rainfall,,,8.0,gfs,model,2,csi,0.0,,,,0.0,,0.0,0.0,-0.000684,1464,1.0,1,,,,
extreme,Agartala,rainfall,,,8.0,icon,model,2,csi,0.0,,,,0.0,,0.0,0.0,-0.000684,1464,1.0,1,,,,
extreme,Agartala,rainfall,,,8.0,weighted_blend,blend,2,csi,0.0,,,,0.0,,0.0,0.0,-0.000684,1464,1.0,1,,,,
extreme,Agartala,rainfall,,,4.0,equal_avg,baseline,2,csi,0.043478,,,,0.05,0.75,0.043478,0.0412,-0.115235,1464,20.0,1,,,,
extreme,Agartala,rainfall,,,4.0,gem,model,3,csi,0.038961,,,,0.15,0.95,0.038961,0.028621,-2.751247,1464,20.0,1,,,,
extreme,Agartala,rainfall,,,4.0,gfs,model,4,csi,0.0,,,,0.0,1.0,0.0,-0.001785,-0.165928,1464,20.0,1,,,,
extreme,Agartala,rainfall,,,4.0,icon,model,4,csi,0.0,,,,0.0,1.0,0.0,-0.003163,-0.318006,1464,20.0,1,,,,
extreme,Agartala,rainfall,,,4.0,weighted_blend,blend,4,csi,0.0,,,,0.0,1.0,0.0,-0.000651,-0.064543,1464,20.0,1,,,,
extreme,Agra,rainfall,,,8.0,equal_avg,baseline,1,csi,0.0,,,,,1.0,0.0,0.0,,1464,0.0,1,,,,
extreme,Agra,rainfall,,,8.0,gem,model,1,csi,0.0,,,,,1.0,0.0,0.0,,1464,0.0,1,,,,
extreme,Agra,rainfall,,,8.0,icon,model,1,csi,0.0,,,,,1.0,0.0,0.0,,1464,0.0,1,,,,
extreme,Agra,rainfall,,,4.0,ecmwf,model,1,csi,0.05,,,,0.055556,0.666667,0.05,0.048245,-0.068695,1464,18.0,1,,,,
extreme,Agra,rainfall,,,4.0,equal_avg,baseline,2,csi,0.0,,,,0.0,1.0,0.0,-0.00268,-0.293684,1464,18.0,1,,,,
extreme,Agra,rainfall,,,4.0,gem,model,2,csi,0.0,,,,0.0,1.0,0.0,-0.00784,-1.756109,1464,18.0,1,,,,
extreme,Agra,rainfall,,,4.0,gfs,model,2,csi,0.0,,,,0.0,1.0,0.0,-0.00176,-0.181189,1464,18.0,1,,,,
extreme,Agra,rainfall,,,4.0,icon,model,2,csi,0.0,,,,0.0,1.0,0.0,-0.006354,-1.081143,1464,18.0,1,,,,
extreme,Agra,rainfall,,,4.0,weighted_blend,blend,2,csi,0.0,,,,0.0,1.0,0.0,-0.00224,-0.237437,1464,18.0,1,,,,
extreme,Ahmedabad,rainfall,,,8.0,ecmwf,model,1,csi,0.25,,,,0.5,0.666667,0.25,0.246914,-0.508242,1464,8.0,1,,,,
extreme,Ahmedabad,rainfall,,,4.0,ecmwf,model,1,csi,0.480769,,,,0.714286,0.404762,0.480769,0.470546,0.209677,1464,35.0,0,,,,
extreme,Ahmedabad,rainfall,,,8.0,gem,model,2,csi,0.076923,,,,0.25,0.9,0.076923,0.073027,-2.016484,1464,8.0,1,,,,
extreme,Ahmedabad,rainfall,,,4.0,weighted_blend,blend,2,csi,0.345455,,,,0.542857,0.512821,0.345455,0.334167,-0.053764,1464,35.0,0,,,,
extreme,Ahmedabad,rainfall,,,8.0,equal_avg,baseline,3,csi,0.0,,,,0.0,1.0,0.0,-0.002901,-1.136676,1464,8.0,1,,,,
extreme,Ahmedabad,rainfall,,,8.0,gfs,model,3,csi,0.0,,,,0.0,1.0,0.0,-0.003174,-1.388049,1464,8.0,1,,,,
extreme,Ahmedabad,rainfall,,,8.0,icon,model,3,csi,0.0,,,,0.0,1.0,0.0,-0.00349,-1.76511,1464,8.0,1,,,,
extreme,Ahmedabad,rainfall,,,8.0,weighted_blend,blend,3,csi,0.0,,,,0.0,1.0,0.0,-0.002557,-0.885302,1464,8.0,1,,,,
extreme,Ahmedabad,rainfall,,,4.0,equal_avg,baseline,3,csi,0.298246,,,,0.485714,0.564103,0.298246,0.286576,-0.170849,1464,35.0,0,,,,
extreme,Ahmedabad,rainfall,,,4.0,icon,model,4,csi,0.208955,,,,0.4,0.695652,0.208955,0.195754,-0.551375,1464,35.0,0,,,,
extreme,Ahmedabad,rainfall,,,4.0,gem,model,5,csi,0.186441,,,,0.314286,0.685714,0.186441,0.174737,-0.405018,1464,35.0,0,,,,
extreme,Ahmedabad,rainfall,,,4.0,gfs,model,6,csi,0.166667,,,,0.228571,0.619048,0.166667,0.157858,-0.170849,1464,35.0,0,,,,
extreme,Amritsar,rainfall,,,4.0,ecmwf,model,1,csi,0.318182,,,,0.35,0.222222,0.318182,0.31435,0.239612,1464,20.0,1,,,,
extreme,Amritsar,rainfall,,,8.0,ecmwf,model,1,csi,0.428571,,,,0.428571,0.0,0.428571,0.427398,0.425826,1464,7.0,1,,,,
extreme,Amritsar,rainfall,,,8.0,equal_avg,baseline,2,csi,0.0,,,,0.0,1.0,0.0,-0.001436,-0.435435,1464,7.0,1,,,,
extreme,Amritsar,rainfall,,,8.0,gem,model,2,csi,0.0,,,,0.0,1.0,0.0,-0.003337,-2.3015,1464,7.0,1,,,,
extreme,Amritsar,rainfall,,,8.0,gfs,model,2,csi,0.0,,,,0.0,,0.0,0.0,-0.004804,1464,7.0,1,,,,
extreme,Amritsar,rainfall,,,8.0,icon,model,2,csi,0.0,,,,0.0,,0.0,0.0,-0.004804,1464,7.0,1,,,,
extreme,Amritsar,rainfall,,,8.0,weighted_blend,blend,2,csi,0.0,,,,0.0,,0.0,0.0,-0.004804,1464,7.0,1,,,,
extreme,Amritsar,rainfall,,,4.0,weighted_blend,blend,2,csi,0.25,,,,0.3,0.4,0.25,0.245706,0.087535,1464,20.0,1,,,,
extreme,Amritsar,rainfall,,,4.0,icon,model,3,csi,0.129032,,,,0.2,0.733333,0.129032,0.123237,-0.368698,1464,20.0,1,,,,
extreme,Amritsar,rainfall,,,4.0,equal_avg,baseline,4,csi,0.107143,,,,0.15,0.727273,0.107143,0.102325,-0.267313,1464,20.0,1,,,,
extreme,Amritsar,rainfall,,,4.0,gem,model,5,csi,0.098039,,,,0.25,0.861111,0.098039,0.089257,-1.331856,1464,20.0,1,,,,
extreme,Amritsar,rainfall,,,4.0,gfs,model,6,csi,0.0,,,,0.0,1.0,0.0,-0.002282,-0.21662,1464,20.0,1,,,,
extreme,Bengaluru,rainfall,,,8.0,ecmwf,model,1,csi,0.0,,,,0.0,,0.0,0.0,-0.000684,1464,1.0,1,,,,
extreme,Bengaluru,rainfall,,,8.0,equal_avg,baseline,1,csi,0.0,,,,0.0,,0.0,0.0,-0.000684,1464,1.0,1,,,,
extreme,Bengaluru,rainfall,,,8.0,gem,model,1,csi,0.0,,,,0.0,,0.0,0.0,-0.000684,1464,1.0,1,,,,
extreme,Bengaluru,rainfall,,,8.0,gfs,model,1,csi,0.0,,,,0.0,,0.0,0.0,-0.000684,1464,1.0,1,,,,
extreme,Bengaluru,rainfall,,,8.0,icon,model,1,csi,0.0,,,,0.0,1.0,0.0,-0.000342,-1.001367,1464,1.0,1,,,,
extreme,Bengaluru,rainfall,,,8.0,weighted_blend,blend,1,csi,0.0,,,,0.0,,0.0,0.0,-0.000684,1464,1.0,1,,,,
extreme,Bengaluru,rainfall,,,4.0,ecmwf,model,1,csi,0.166667,,,,0.181818,0.333333,0.166667,0.165098,0.084027,1464,11.0,1,,,,
extreme,Bengaluru,rainfall,,,4.0,equal_avg,baseline,2,csi,0.0,,,,0.0,,0.0,0.0,-0.007571,1464,11.0,1,,,,
extreme,Bengaluru,rainfall,,,4.0,gem,model,2,csi,0.0,,,,0.0,1.0,0.0,-0.001157,-0.190765,1464,11.0,1,,,,
extreme,Bengaluru,rainfall,,,4.0,gfs,model,2,csi,0.0,,,,0.0,,0.0,0.0,-0.007571,1464,11.0,1,,,,
extreme,Bengaluru,rainfall,,,4.0,icon,model,2,csi,0.0,,,,0.0,1.0,0.0,-0.002008,-0.37396,1464,11.0,1,,,,
extreme,Bengaluru,rainfall,,,4.0,weighted_blend,blend,2,csi,0.0,,,,0.0,,0.0,0.0,-0.007571,1464,11.0,1,,,,
extreme,Bhopal,rainfall,,,4.0,ecmwf,model,1,csi,0.53125,,,,0.68,0.291667,0.53125,0.525169,0.389576,1464,25.0,1,,,,
extreme,Bhopal,rainfall,,,8.0,ecmwf,model,1,csi,0.571429,,,,0.8,0.333333,0.571429,0.57017,0.397944,1464,5.0,1,,,,
extreme,Bhopal,rainfall,,,8.0,equal_avg,baseline,2,csi,0.0,,,,0.0,1.0,0.0,-0.000977,-0.404798,1464,5.0,1,,,,
extreme,Bhopal,rainfall,,,8.0,gem,model,2,csi,0.0,,,,0.0,1.0,0.0,-0.002282,-2.010281,1464,5.0,1,,,,
extreme,Bhopal,rainfall,,,8.0,gfs,model,2,csi,0.0,,,,0.0,1.0,0.0,-0.001711,-1.006854,1464,5.0,1,,,,
extreme,Bhopal,rainfall,,,8.0,icon,model,2,csi,0.0,,,,0.0,1.0,0.0,-0.002417,-2.411652,1464,5.0,1,,,,
extreme,Bhopal,rainfall,,,8.0,weighted_blend,blend,2,csi,0.0,,,,0.0,1.0,0.0,-0.000977,-0.404798,1464,5.0,1,,,,
extreme,Bhopal,rainfall,,,4.0,weighted_blend,blend,2,csi,0.275862,,,,0.32,0.333333,0.275862,0.270709,0.145407,1464,25.0,1,,,,
extreme,Bhopal,rainfall,,,4.0,gfs,model,3,csi,0.157895,,,,0.24,0.684211,0.157895,0.150643,-0.302238,1464,25.0,1,,,,
extreme,Bhopal,rainfall,,,4.0,equal_avg,baseline,4,csi,0.15625,,,,0.2,0.583333,0.15625,0.150812,-0.098763,1464,25.0,1,,,,
extreme,Bhopal,rainfall,,,4.0,icon,model,5,csi,0.05,,,,0.12,0.921053,0.05,0.039613,-1.319611,1464,25.0,1,,,,
extreme,Bhopal,rainfall,,,4.0,gem,model,6,csi,0.018868,,,,0.04,0.965517,0.018868,0.009614,-1.116136,1464,25.0,1,,,,
extreme,Bhubaneswar,rainfall,,,8.0,ecmwf,model,1,csi,0.15,,,,0.214286,0.666667,0.15,0.146326,-0.22601,1464,14.0,1,,,,
extreme,Bhubaneswar,rainfall,,,4.0,ecmwf,model,1,csi,0.292453,,,,0.373494,0.425926,0.292453,0.27141,0.042077,1464,83.0,0,,,,
extreme,Bhubaneswar,rainfall,,,8.0,icon,model,2,csi,0.111111,,,,0.142857,0.666667,0.111111,0.108269,-0.153892,1464,14.0,1,,,,
extreme,Bhubaneswar,rainfall,,,4.0,weighted_blend,blend,2,csi,0.114943,,,,0.120482,0.285714,0.114943,0.106794,0.016532,1464,83.0,0,,,,
extreme,Bhubaneswar,rainfall,,,8.0,equal_avg,baseline,3,csi,0.0,,,,0.0,,0.0,0.0,-0.009655,1464,14.0,1,,,,
extreme,Bhubaneswar,rainfall,,,8.0,gem,model,3,csi,0.0,,,,0.0,1.0,0.0,-0.006255,-1.884729,1464,14.0,1,,,,
extreme,Bhubaneswar,rainfall,,,8.0,gfs,model,3,csi,0.0,,,,0.0,1.0,0.0,-0.001197,-0.153892,1464,14.0,1,,,,
extreme,Bhubaneswar,rainfall,,,8.0,weighted_blend,blend,3,csi,0.0,,,,0.0,,0.0,0.0,-0.009655,1464,14.0,1,,,,
extreme,Bhubaneswar,rainfall,,,4.0,icon,model,3,csi,0.083333,,,,0.120482,0.787234,0.083333,0.062516,-0.404954,1464,83.0,0,,,,
extreme,Bhubaneswar,rainfall,,,4.0,equal_avg,baseline,4,csi,0.0625,,,,0.072289,0.684211,0.0625,0.051861,-0.149508,1464,83.0,0,,,,
extreme,Bhubaneswar,rainfall,,,4.0,gfs,model,5,csi,0.031579,,,,0.036145,0.8,0.031579,0.022832,-0.175052,1464,83.0,0,,,,
extreme,Bhubaneswar,rainfall,,,4.0,gem,model,6,csi,0.013514,,,,0.024096,0.970149,0.013514,-0.012472,-0.864757,1464,83.0,0,,,,
extreme,Chandigarh,rainfall,,,8.0,ecmwf,model,1,csi,0.0,,,,0.0,,0.0,0.0,-0.001368,1464,2.0,1,,,,
extreme,Chandigarh,rainfall,,,8.0,equal_avg,baseline,1,csi,0.0,,,,0.0,1.0,0.0,-0.000456,-0.502052,1464,2.0,1,,,,
extreme,Chandigarh,rainfall,,,8.0,gem,model,1,csi,0.0,,,,0.0,1.0,0.0,-0.00082,-1.50342,1464,2.0,1,,,,
extreme,Chandigarh,rainfall,,,8.0,gfs,model,1,csi,0.0,,,,0.0,,0.0,0.0,-0.001368,1464,2.0,1,,,,
extreme,Chandigarh,rainfall,,,8.0,icon,model,1,csi,0.0,,,,0.0,,0.0,0.0,-0.001368,1464,2.0,1,,,,
extreme,Chandigarh,rainfall,,,8.0,weighted_blend,blend,1,csi,0.0,,,,0.0,,0.0,0.0,-0.001368,1464,2.0,1,,,,
extreme,Chandigarh,rainfall,,,4.0,ecmwf,model,1,csi,0.25,,,,0.333333,0.5,0.25,0.247688,-0.006186,1464,9.0,1,,,,
extreme,Chandigarh,rainfall,,,4.0,equal_avg,baseline,2,csi,0.0,,,,0.0,1.0,0.0,-0.001119,-0.229782,1464,9.0,1,,,,
extreme,Chandigarh,rainfall,,,4.0,gem,model,2,csi,0.0,,,,0.0,1.0,0.0,-0.003857,-1.683162,1464,9.0,1,,,,
extreme,Chandigarh,rainfall,,,4.0,gfs,model,2,csi,0.0,,,,0.0,1.0,0.0,-0.001119,-0.229782,1464,9.0,1,,,,
extreme,Chandigarh,rainfall,,,4.0,icon,model,2,csi,0.0,,,,0.0,1.0,0.0,-0.0022,-0.565178,1464,9.0,1,,,,
extreme,Chandigarh,rainfall,,,4.0,weighted_blend,blend,2,csi,0.0,,,,0.0,1.0,0.0,-0.001119,-0.229782,1464,9.0,1,,,,
extreme,Chennai,rainfall,,,8.0,ecmwf,model,1,csi,0.0,,,,0.0,,0.0,0.0,-0.000684,1464,1.0,1,,,,
extreme,Chennai,rainfall,,,8.0,equal_avg,baseline,1,csi,0.0,,,,0.0,,0.0,0.0,-0.000684,1464,1.0,1,,,,
extreme,Chennai,rainfall,,,8.0,gem,model,1,csi,0.0,,,,0.0,,0.0,0.0,-0.000684,1464,1.0,1,,,,
extreme,Chennai,rainfall,,,8.0,gfs,model,1,csi,0.0,,,,0.0,,0.0,0.0,-0.000684,1464,1.0,1,,,,
extreme,Chennai,rainfall,,,8.0,icon,model,1,csi,0.0,,,,0.0,1.0,0.0,-0.000342,-1.001367,1464,1.0,1,,,,
extreme,Chennai,rainfall,,,8.0,weighted_blend,blend,1,csi,0.0,,,,0.0,,0.0,0.0,-0.000684,1464,1.0,1,,,,
extreme,Chennai,rainfall,,,4.0,ecmwf,model,1,csi,0.125,,,,0.222222,0.777778,0.125,0.121964,-0.565178,1464,9.0,1,,,,
extreme,Chennai,rainfall,,,4.0,icon,model,2,csi,0.058824,,,,0.111111,0.888889,0.058824,0.05575,-0.788774,1464,9.0,1,,,,
extreme,Chennai,rainfall,,,4.0,equal_avg,baseline,3,csi,0.0,,,,0.0,,0.0,0.0,-0.006186,1464,9.0,1,,,,
extreme,Chennai,rainfall,,,4.0,gem,model,3,csi,0.0,,,,0.0,,0.0,0.0,-0.006186,1464,9.0,1,,,,
extreme,Chennai,rainfall,,,4.0,gfs,model,3,csi,0.0,,,,0.0,1.0,0.0,-0.000615,-0.117984,1464,9.0,1,,,,
extreme,Chennai,rainfall,,,4.0,weighted_blend,blend,3,csi,0.0,,,,0.0,,0.0,0.0,-0.006186,1464,9.0,1,,,,
extreme,Coimbatore,rainfall,,,8.0,ecmwf,model,1,csi,0.0,,,,0.0,,0.0,0.0,-0.001368,1464,2.0,1,,,,
extreme,Coimbatore,rainfall,,,8.0,equal_avg,baseline,1,csi,0.0,,,,0.0,,0.0,0.0,-0.001368,1464,2.0,1,,,,
extreme,Coimbatore,rainfall,,,8.0,gem,model,1,csi,0.0,,,,0.0,,0.0,0.0,-0.001368,1464,2.0,1,,,,
extreme,Coimbatore,rainfall,,,8.0,gfs,model,1,csi,0.0,,,,0.0,,0.0,0.0,-0.001368,1464,2.0,1,,,,
extreme,Coimbatore,rainfall,,,8.0,icon,model,1,csi,0.0,,,,0.0,,0.0,0.0,-0.001368,1464,2.0,1,,,,
extreme,Coimbatore,rainfall,,,8.0,weighted_blend,blend,1,csi,0.0,,,,0.0,,0.0,0.0,-0.001368,1464,2.0,1,,,,
extreme,Coimbatore,rainfall,,,4.0,ecmwf,model,1,csi,0.4,,,,0.5,0.333333,0.4,0.398026,0.245879,1464,8.0,1,,,,
extreme,Coimbatore,rainfall,,,4.0,equal_avg,baseline,2,csi,0.0,,,,0.0,,0.0,0.0,-0.005495,1464,8.0,1,,,,
extreme,Coimbatore,rainfall,,,4.0,gem,model,2,csi,0.0,,,,0.0,,0.0,0.0,-0.005495,1464,8.0,1,,,,
extreme,Coimbatore,rainfall,,,4.0,gfs,model,2,csi,0.0,,,,0.0,,0.0,0.0,-0.005495,1464,8.0,1,,,,
extreme,Coimbatore,rainfall,,,4.0,icon,model,2,csi,0.0,,,,0.0,,0.0,0.0,-0.005495,1464,8.0,1,,,,
extreme,Coimbatore,rainfall,,,4.0,weighted_blend,blend,2,csi,0.0,,,,0.0,,0.0,0.0,-0.005495,1464,8.0,1,,,,
extreme,Dehradun,rainfall,,,8.0,ecmwf,model,1,csi,0.083333,,,,0.142857,0.833333,0.083333,0.081137,-0.578978,1464,7.0,1,,,,
extreme,Dehradun,rainfall,,,4.0,ecmwf,model,1,csi,0.346154,,,,0.529412,0.5,0.346154,0.335469,-0.023776,1464,34.0,0,,,,
extreme,Dehradun,rainfall,,,8.0,icon,model,2,csi,0.076923,,,,0.142857,0.857143,0.076923,0.07454,-0.722522,1464,7.0,1,,,,
extreme,Dehradun,rainfall,,,4.0,weighted_blend,blend,2,csi,0.102564,,,,0.117647,0.555556,0.102564,0.097728,-0.053887,1464,34.0,0,,,,
extreme,Dehradun,rainfall,,,8.0,equal_avg,baseline,3,csi,0.0,,,,0.0,,0.0,0.0,-0.004804,1464,7.0,1,,,,
extreme,Dehradun,rainfall,,,8.0,gem,model,3,csi,0.0,,,,0.0,1.0,0.0,-0.003271,-2.157957,1464,7.0,1,,,,
extreme,Dehradun,rainfall,,,8.0,gfs,model,3,csi,0.0,,,,0.0,,0.0,0.0,-0.004804,1464,7.0,1,,,,
extreme,Dehradun,rainfall,,,8.0,weighted_blend,blend,3,csi,0.0,,,,0.0,,0.0,0.0,-0.004804,1464,7.0,1,,,,
extreme,Dehradun,rainfall,,,4.0,equal_avg,baseline,3,csi,0.073171,,,,0.088235,0.7,0.073171,0.067891,-0.14422,1464,34.0,0,,,,
extreme,Dehradun,rainfall,,,4.0,gem,model,4,csi,0.052632,,,,0.147059,0.924242,0.052632,0.037096,-1.709996,1464,34.0,0,,,,
extreme,Dehradun,rainfall,,,4.0,icon,model,4,csi,0.052632,,,,0.088235,0.884615,0.052632,0.042488,-0.625998,1464,34.0,0,,,,
extreme,Dehradun,rainfall,,,4.0,gfs,model,6,csi,0.0,,,,0.0,1.0,0.0,-0.002986,-0.174332,1464,34.0,0,,,,
extreme,Delhi,rainfall,,,8.0,ecmwf,model,1,csi,0.0,,,,0.0,,0.0,0.0,-0.00274,1464,4.0,1,,,,
extreme,Delhi,rainfall,,,8.0,equal_avg,baseline,1,csi,0.0,,,,0.0,,0.0,0.0,-0.00274,1464,4.0,1,,,,
extreme,Delhi,rainfall,,,8.0,gem,model,1,csi,0.0,,,,0.0,1.0,0.0,-0.001895,-2.258904,1464,4.0,1,,,,
extreme,Delhi,rainfall,,,8.0,gfs,model,1,csi,0.0,,,,0.0,1.0,0.0,-0.000547,-0.253425,1464,4.0,1,,,,
extreme,Delhi,rainfall,,,8.0,icon,model,1,csi,0.0,,,,0.0,1.0,0.0,-0.000547,-0.253425,1464,4.0,1,,,,
extreme,Delhi,rainfall,,,8.0,weighted_blend,blend,1,csi,0.0,,,,0.0,,0.0,0.0,-0.00274,1464,4.0,1,,,,
extreme,Delhi,rainfall,,,4.0,ecmwf,model,1,csi,0.103448,,,,0.130435,0.666667,0.103448,0.099056,-0.148478,1464,23.0,1,,,,
extreme,Delhi,rainfall,,,4.0,gem,model,2,csi,0.019231,,,,0.043478,0.966667,0.019231,0.01026,-1.252783,1464,23.0,1,,,,
extreme,Delhi,rainfall,,,4.0,equal_avg,baseline,3,csi,0.0,,,,0.0,1.0,0.0,-0.000655,-0.060133,1464,23.0,1,,,,
extreme,Delhi,rainfall,,,4.0,gfs,model,3,csi,0.0,,,,0.0,1.0,0.0,-0.002813,-0.236822,1464,23.0,1,,,,
extreme,Delhi,rainfall,,,4.0,icon,model,3,csi,0.0,,,,0.0,1.0,0.0,-0.006722,-0.766889,1464,23.0,1,,,,
extreme,Delhi,rainfall,,,4.0,weighted_blend,blend,3,csi,0.0,,,,0.0,1.0,0.0,-0.000655,-0.060133,1464,23.0,1,,,,
extreme,Ghaziabad,rainfall,,,8.0,ecmwf,model,1,csi,0.0,,,,0.0,,0.0,0.0,-0.002053,1464,3.0,1,,,,
extreme,Ghaziabad,rainfall,,,8.0,equal_avg,baseline,1,csi,0.0,,,,0.0,,0.0,0.0,-0.002053,1464,3.0,1,,,,
extreme,Ghaziabad,rainfall,,,8.0,gem,model,1,csi,0.0,,,,0.0,1.0,0.0,-0.001579,-3.342231,1464,3.0,1,,,,
extreme,Ghaziabad,rainfall,,,8.0,gfs,model,1,csi,0.0,,,,0.0,1.0,0.0,-0.000513,-0.336071,1464,3.0,1,,,,
extreme,Ghaziabad,rainfall,,,8.0,icon,model,1,csi,0.0,,,,0.0,1.0,0.0,-0.000513,-0.336071,1464,3.0,1,,,,
extreme,Ghaziabad,rainfall,,,8.0,weighted_blend,blend,1,csi,0.0,,,,0.0,,0.0,0.0,-0.002053,1464,3.0,1,,,,
extreme,Ghaziabad,rainfall,,,4.0,ecmwf,model,1,csi,0.142857,,,,0.153846,0.333333,0.142857,0.141223,0.068653,1464,13.0,1,,,,
extreme,Ghaziabad,rainfall,,,4.0,icon,model,2,csi,0.064516,,,,0.153846,0.9,0.064516,0.059126,-1.250755,1464,13.0,1,,,,
extreme,Ghaziabad,rainfall,,,4.0,equal_avg,baseline,3,csi,0.0,,,,0.0,1.0,0.0,-0.002812,-0.474633,1464,13.0,1,,,,
extreme,Ghaziabad,rainfall,,,4.0,gem,model,3,csi,0.0,,,,0.0,1.0,0.0,-0.006101,-2.182103,1464,13.0,1,,,,
extreme,Ghaziabad,rainfall,,,4.0,gfs,model,3,csi,0.0,,,,0.0,1.0,0.0,-0.003118,-0.552245,1464,13.0,1,,,,
extreme,Ghaziabad,rainfall,,,4.0,weighted_blend,blend,3,csi,0.0,,,,0.0,1.0,0.0,-0.002473,-0.397021,1464,13.0,1,,,,
extreme,Goa,rainfall,,,8.0,ecmwf,model,1,csi,0.0,,,,0.0,,0.0,0.0,-0.001368,1464,2.0,1,,,,
extreme,Goa,rainfall,,,8.0,equal_avg,baseline,1,csi,0.0,,,,0.0,,0.0,0.0,-0.001368,1464,2.0,1,,,,
extreme,Goa,rainfall,,,8.0,gem,model,1,csi,0.0,,,,0.0,1.0,0.0,-0.000456,-0.502052,1464,2.0,1,,,,
extreme,Goa,rainfall,,,8.0,gfs,model,1,csi,0.0,,,,0.0,,0.0,0.0,-0.001368,1464,2.0,1,,,,
extreme,Goa,rainfall,,,8.0,icon,model,1,csi,0.0,,,,0.0,,0.0,0.0,-0.001368,1464,2.0,1,,,,
extreme,Goa,rainfall,,,8.0,weighted_blend,blend,1,csi,0.0,,,,0.0,,0.0,0.0,-0.001368,1464,2.0,1,,,,
extreme,Goa,rainfall,,,4.0,gem,model,1,csi,0.050847,,,,0.073171,0.857143,0.050847,0.041291,-0.405207,1464,41.0,0,,,,
extreme,Goa,rainfall,,,4.0,gfs,model,2,csi,0.045455,,,,0.04878,0.6,0.045455,0.042407,-0.053905,1464,41.0,0,,,,
extreme,Goa,rainfall,,,4.0,ecmwf,model,3,csi,0.0,,,,0.0,1.0,0.0,-0.001913,-0.104091,1464,41.0,0,,,,
extreme,Goa,rainfall,,,4.0,equal_avg,baseline,3,csi,0.0,,,,0.0,,0.0,0.0,-0.028812,1464,41.0,0,,,,
extreme,Goa,rainfall,,,4.0,icon,model,3,csi,0.0,,,,0.0,1.0,0.0,-0.000667,-0.053905,1464,41.0,0,,,,
extreme,Goa,rainfall,,,4.0,weighted_blend,blend,3,csi,0.0,,,,0.0,,0.0,0.0,-0.028812,1464,41.0,0,,,,
extreme,Guwahati,rainfall,,,8.0,ecmwf,model,1,csi,0.0,,,,0.0,,0.0,0.0,-0.00274,1464,4.0,1,,,,
extreme,Guwahati,rainfall,,,8.0,equal_avg,baseline,1,csi,0.0,,,,0.0,1.0,0.0,-0.000547,-0.253425,1464,4.0,1,,,,
extreme,Guwahati,rainfall,,,8.0,gem,model,1,csi,0.0,,,,0.0,1.0,0.0,-0.001825,-2.008219,1464,4.0,1,,,,
extreme,Guwahati,rainfall,,,8.0,gfs,model,1,csi,0.0,,,,0.0,1.0,0.0,-0.00152,-1.256164,1464,4.0,1,,,,
extreme,Guwahati,rainfall,,,8.0,icon,model,1,csi,0.0,,,,0.0,1.0,0.0,-0.001368,-1.005479,1464,4.0,1,,,,
extreme,Guwahati,rainfall,,,8.0,weighted_blend,blend,1,csi,0.0,,,,0.0,,0.0,0.0,-0.00274,1464,4.0,1,,,,
extreme,Guwahati,rainfall,,,4.0,ecmwf,model,1,csi,0.15873,,,,0.204082,0.583333,0.15873,0.147865,-0.119088,1464,49.0,0,,,,
extreme,Guwahati,rainfall,,,4.0,icon,model,2,csi,0.076087,,,,0.142857,0.86,0.076087,0.058969,-0.794765,1464,49.0,0,,,,
extreme,Guwahati,rainfall,,,4.0,weighted_blend,blend,3,csi,0.074074,,,,0.081633,0.555556,0.074074,0.06888,-0.055744,1464,49.0,0,,,,
extreme,Guwahati,rainfall,,,4.0,gem,model,4,csi,0.063158,,,,0.122449,0.884615,0.063158,0.045674,-0.879224,1464,49.0,0,,,,
extreme,Guwahati,rainfall,,,4.0,equal_avg,baseline,5,csi,0.054545,,,,0.061224,0.666667,0.054545,0.049339,-0.097974,1464,49.0,0,,,,
extreme,Guwahati,rainfall,,,4.0,gfs,model,6,csi,0.0,,,,0.0,1.0,0.0,-0.01314,-0.68919,1464,49.0,0,,,,
extreme,Hyderabad,rainfall,,,8.0,gem,model,1,csi,0.0,,,,,1.0,0.0,0.0,,1464,0.0,1,,,,
extreme,Hyderabad,rainfall,,,4.0,gem,model,1,csi,0.142857,,,,0.666667,0.846154,0.142857,0.141223,-3.008214,1464,3.0,1,,,,
extreme,Hyderabad,rainfall,,,4.0,ecmwf,model,2,csi,0.0,,,,0.0,,0.0,0.0,-0.002053,1464,3.0,1,,,,
extreme,Hyderabad,rainfall,,,4.0,equal_avg,baseline,2,csi,0.0,,,,0.0,1.0,0.0,-0.000513,-0.336071,1464,3.0,1,,,,
extreme,Hyderabad,rainfall,,,4.0,gfs,model,2,csi,0.0,,,,0.0,1.0,0.0,-0.00082,-0.670089,1464,3.0,1,,,,
extreme,Hyderabad,rainfall,,,4.0,icon,model,2,csi,0.0,,,,0.0,1.0,0.0,-0.00082,-0.670089,1464,3.0,1,,,,
extreme,Hyderabad,rainfall,,,4.0,weighted_blend,blend,2,csi,0.0,,,,0.0,,0.0,0.0,-0.002053,1464,3.0,1,,,,
extreme,IN,rainfall,,,8.0,ecmwf,model,1,csi,0.221154,,,,0.280488,0.488889,0.221154,0.220314,0.00973,65880,164.0,0,0.137294,0.307884,1,1
extreme,IN,rainfall,,,4.0,ecmwf,model,1,csi,0.274322,,,,0.357588,0.459119,0.274322,0.268908,0.040036,65880,962.0,0,0.216896,0.337312,1,1
extreme,IN,rainfall,,,8.0,icon,model,2,csi,0.035484,,,,0.067073,0.929936,0.035484,0.034266,-0.827721,65880,164.0,0,0.009965,0.062706,2,5
extreme,IN,rainfall,,,4.0,weighted_blend,blend,2,csi,0.126013,,,,0.14553,0.515571,0.126013,0.12268,-0.024313,65880,962.0,0,0.078613,0.180632,2,2
extreme,IN,rainfall,,,8.0,weighted_blend,blend,3,csi,0.032967,,,,0.036585,0.75,0.032967,0.032649,-0.075849,65880,164.0,0,0.0,0.078634,2,4
extreme,IN,rainfall,,,4.0,equal_avg,baseline,3,csi,0.089226,,,,0.110187,0.680723,0.089226,0.085494,-0.141407,65880,962.0,0,0.052714,0.13284,3,3
extreme,IN,rainfall,,,8.0,equal_avg,baseline,4,csi,0.029268,,,,0.036585,0.87234,0.029268,0.028714,-0.216443,65880,164.0,0,0.0,0.070421,3,5
extreme,IN,rainfall,,,4.0,icon,model,4,csi,0.071867,,,,0.121622,0.850575,0.071867,0.065303,-0.593962,65880,962.0,0,0.049837,0.097948,4,4
extreme,IN,rainfall,,,8.0,gfs,model,5,csi,0.020492,,,,0.030488,0.941176,0.020492,0.019642,-0.460954,65880,164.0,0,0.0,0.051116,4,6
extreme,IN,rainfall,,,4.0,gem,model,5,csi,0.055426,,,,0.123701,0.908742,0.055426,0.046974,-1.139348,65880,962.0,0,0.038019,0.077809,5,6
extreme,IN,rainfall,,,8.0,gem,model,6,csi,0.01378,,,,0.042683,0.980057,0.01378,0.01208,-2.062502,65880,164.0,0,0.001841,0.031198,3,6
extreme,IN,rainfall,,,4.0,gfs,model,6,csi,0.041767,,,,0.054054,0.844776,0.041767,0.037987,-0.258502,65880,962.0,0,0.021019,0.066029,5,6
extreme,Imphal,rainfall,,,4.0,ecmwf,model,1,csi,0.375,,,,0.375,0.0,0.375,0.373717,0.371566,1464,8.0,1,,,,
extreme,Imphal,rainfall,,,8.0,ecmwf,model,1,csi,0.5,,,,0.666667,0.333333,0.5,0.49923,0.331964,1464,3.0,1,,,,
extreme,Imphal,rainfall,,,8.0,equal_avg,baseline,2,csi,0.0,,,,0.0,,0.0,0.0,-0.002053,1464,3.0,1,,,,
extreme,Imphal,rainfall,,,8.0,gem,model,2,csi,0.0,,,,0.0,1.0,0.0,-0.001172,-1.338125,1464,3.0,1,,,,
extreme,Imphal,rainfall,,,8.0,gfs,model,2,csi,0.0,,,,0.0,1.0,0.0,-0.00082,-0.670089,1464,3.0,1,,,,
extreme,Imphal,rainfall,,,8.0,icon,model,2,csi,0.0,,,,0.0,1.0,0.0,-0.000513,-0.336071,1464,3.0,1,,,,
extreme,Imphal,rainfall,,,8.0,weighted_blend,blend,2,csi,0.0,,,,0.0,,0.0,0.0,-0.002053,1464,3.0,1,,,,
extreme,Imphal,rainfall,,,4.0,weighted_blend,blend,2,csi,0.3,,,,0.375,0.4,0.3,0.298082,0.120192,1464,8.0,1,,,,
extreme,Imphal,rainfall,,,4.0,gem,model,3,csi,0.08,,,,0.25,0.894737,0.08,0.076163,-1.890797,1464,8.0,1,,,,
extreme,Imphal,rainfall,,,4.0,equal_avg,baseline,4,csi,0.0,,,,0.0,1.0,0.0,-0.001825,-0.508242,1464,8.0,1,,,,
extreme,Imphal,rainfall,,,4.0,gfs,model,4,csi,0.0,,,,0.0,1.0,0.0,-0.002347,-0.759615,1464,8.0,1,,,,
extreme,Imphal,rainfall,,,4.0,icon,model,4,csi,0.0,,,,0.0,1.0,0.0,-0.00349,-1.76511,1464,8.0,1,,,,
extreme,Indore,rainfall,,,8.0,ecmwf,model,1,csi,0.0,,,,0.0,,0.0,0.0,-0.001368,1464,2.0,1,,,,
extreme,Indore,rainfall,,,8.0,equal_avg,baseline,1,csi,0.0,,,,0.0,,0.0,0.0,-0.001368,1464,2.0,1,,,,
extreme,Indore,rainfall,,,8.0,gem,model,1,csi,0.0,,,,0.0,1.0,0.0,-0.001026,-3.005472,1464,2.0,1,,,,
extreme,Indore,rainfall,,,8.0,gfs,model,1,csi,0.0,,,,0.0,1.0,0.0,-0.000456,-0.502052,1464,2.0,1,,,,
extreme,Indore,rainfall,,,8.0,icon,model,1,csi,0.0,,,,0.0,1.0,0.0,-0.00082,-1.50342,1464,2.0,1,,,,
extreme,Indore,rainfall,,,8.0,weighted_blend,blend,1,csi,0.0,,,,0.0,,0.0,0.0,-0.001368,1464,2.0,1,,,,
extreme,Indore,rainfall,,,4.0,ecmwf,model,1,csi,0.125,,,,0.142857,0.5,0.125,0.121851,-0.014553,1464,21.0,1,,,,
extreme,Indore,rainfall,,,4.0,gfs,model,2,csi,0.068966,,,,0.095238,0.8,0.068966,0.064337,-0.304425,1464,21.0,1,,,,
extreme,Indore,rainfall,,,4.0,equal_avg,baseline,3,csi,0.041667,,,,0.047619,0.75,0.041667,0.03937,-0.111177,1464,21.0,1,,,,
extreme,Indore,rainfall,,,4.0,weighted_blend,blend,3,csi,0.041667,,,,0.047619,0.75,0.041667,0.03937,-0.111177,1464,21.0,1,,,,
extreme,Indore,rainfall,,,4.0,gem,model,5,csi,0.02381,,,,0.047619,0.954545,0.02381,0.016419,-0.980794,1464,21.0,1,,,,
extreme,Indore,rainfall,,,4.0,icon,model,6,csi,0.0,,,,0.0,1.0,0.0,-0.004955,-0.545986,1464,21.0,1,,,,
extreme,Jabalpur,rainfall,,,8.0,ecmwf,model,1,csi,0.0,,,,0.0,,0.0,0.0,-0.00274,1464,4.0,1,,,,
extreme,Jabalpur,rainfall,,,8.0,equal_avg,baseline,1,csi,0.0,,,,0.0,,0.0,0.0,-0.00274,1464,4.0,1,,,,
extreme,Jabalpur,rainfall,,,8.0,gem,model,1,csi,0.0,,,,0.0,1.0,0.0,-0.002217,-4.264384,1464,4.0,1,,,,
extreme,Jabalpur,rainfall,,,8.0,gfs,model,1,csi,0.0,,,,0.0,,0.0,0.0,-0.00274,1464,4.0,1,,,,
extreme,Jabalpur,rainfall,,,8.0,icon,model,1,csi,0.0,,,,0.0,1.0,0.0,-0.001642,-1.506849,1464,4.0,1,,,,
extreme,Jabalpur,rainfall,,,8.0,weighted_blend,blend,1,csi,0.0,,,,0.0,,0.0,0.0,-0.00274,1464,4.0,1,,,,
extreme,Jabalpur,rainfall,,,4.0,ecmwf,model,1,csi,0.2,,,,0.291667,0.611111,0.2,0.193198,-0.186111,1464,24.0,1,,,,
extreme,Jabalpur,rainfall,,,4.0,gfs,model,2,csi,0.071429,,,,0.083333,0.666667,0.071429,0.068155,-0.101389,1464,24.0,1,,,,
extreme,Jabalpur,rainfall,,,4.0,equal_avg,baseline,3,csi,0.0,,,,0.0,1.0,0.0,-0.005179,-0.482639,1464,24.0,1,,,,
extreme,Jabalpur,rainfall,,,4.0,gem,model,3,csi,0.0,,,,0.0,1.0,0.0,-0.011791,-2.515972,1464,24.0,1,,,,
extreme,Jabalpur,rainfall,,,4.0,icon,model,3,csi,0.0,,,,0.0,1.0,0.0,-0.008435,-1.075694,1464,24.0,1,,,,
extreme,Jabalpur,rainfall,,,4.0,weighted_blend,blend,3,csi,0.0,,,,0.0,1.0,0.0,-0.003715,-0.313194,1464,24.0,1,,,,
extreme,Jaipur,rainfall,,,8.0,ecmwf,model,1,csi,0.0,,,,0.0,,0.0,0.0,-0.001368,1464,2.0,1,,,,
extreme,Jaipur,rainfall,,,8.0,equal_avg,baseline,1,csi,0.0,,,,0.0,,0.0,0.0,-0.001368,1464,2.0,1,,,,
extreme,Jaipur,rainfall,,,8.0,gem,model,1,csi,0.0,,,,0.0,1.0,0.0,-0.001026,-3.005472,1464,2.0,1,,,,
extreme,Jaipur,rainfall,,,8.0,gfs,model,1,csi,0.0,,,,0.0,1.0,0.0,-0.000456,-0.502052,1464,2.0,1,,,,
extreme,Jaipur,rainfall,,,8.0,icon,model,1,csi,0.0,,,,0.0,,0.0,0.0,-0.001368,1464,2.0,1,,,,
extreme,Jaipur,rainfall,,,8.0,weighted_blend,blend,1,csi,0.0,,,,0.0,,0.0,0.0,-0.001368,1464,2.0,1,,,,
extreme,Jaipur,rainfall,,,4.0,ecmwf,model,1,csi,0.230769,,,,0.3,0.5,0.230769,0.228336,-0.006878,1464,10.0,1,,,,
extreme,Jaipur,rainfall,,,4.0,icon,model,2,csi,0.055556,,,,0.1,0.888889,0.055556,0.052319,-0.711692,1464,10.0,1,,,,
extreme,Jaipur,rainfall,,,4.0,equal_avg,baseline,3,csi,0.0,,,,0.0,1.0,0.0,-0.00114,-0.208253,1464,10.0,1,,,,
extreme,Jaipur,rainfall,,,4.0,gem,model,3,csi,0.0,,,,0.0,1.0,0.0,-0.00441,-1.819257,1464,10.0,1,,,,
extreme,Jaipur,rainfall,,,4.0,gfs,model,3,csi,0.0,,,,0.0,1.0,0.0,-0.002821,-0.711692,1464,10.0,1,,,,
extreme,Jaipur,rainfall,,,4.0,weighted_blend,blend,3,csi,0.0,,,,0.0,1.0,0.0,-0.000621,-0.107565,1464,10.0,1,,,,
extreme,Jodhpur,rainfall,,,8.0,ecmwf,model,1,csi,0.0,,,,0.0,,0.0,0.0,-0.000684,1464,1.0,1,,,,
extreme,Jodhpur,rainfall,,,8.0,equal_avg,baseline,1,csi,0.0,,,,0.0,,0.0,0.0,-0.000684,1464,1.0,1,,,,
extreme,Jodhpur,rainfall,,,8.0,gem,model,1,csi,0.0,,,,0.0,1.0,0.0,-0.000547,-4.003418,1464,1.0,1,,,,
extreme,Jodhpur,rainfall,,,8.0,gfs,model,1,csi,0.0,,,,0.0,,0.0,0.0,-0.000684,1464,1.0,1,,,,
extreme,Jodhpur,rainfall,,,8.0,icon,model,1,csi,0.0,,,,0.0,,0.0,0.0,-0.000684,1464,1.0,1,,,,
extreme,Jodhpur,rainfall,,,8.0,weighted_blend,blend,1,csi,0.0,,,,0.0,,0.0,0.0,-0.000684,1464,1.0,1,,,,
extreme,Jodhpur,rainfall,,,4.0,ecmwf,model,1,csi,0.375,,,,0.6,0.5,0.375,0.373395,-0.003427,1464,5.0,1,,,,
extreme,Jodhpur,rainfall,,,4.0,icon,model,2,csi,0.05,,,,0.2,0.9375,0.05,0.047397,-2.813023,1464,5.0,1,,,,
extreme,Jodhpur,rainfall,,,4.0,equal_avg,baseline,3,csi,0.0,,,,0.0,1.0,0.0,-0.000977,-0.404798,1464,5.0,1,,,,
extreme,Jodhpur,rainfall,,,4.0,gem,model,3,csi,0.0,,,,0.0,1.0,0.0,-0.002282,-2.010281,1464,5.0,1,,,,
extreme,Jodhpur,rainfall,,,4.0,gfs,model,3,csi,0.0,,,,0.0,,0.0,0.0,-0.003427,1464,5.0,1,,,,
extreme,Jodhpur,rainfall,,,4.0,weighted_blend,blend,3,csi,0.0,,,,0.0,,0.0,0.0,-0.003427,1464,5.0,1,,,,
extreme,Kanpur,rainfall,,,8.0,ecmwf,model,1,csi,0.0,,,,0.0,,0.0,0.0,-0.004115,1464,6.0,1,,,,
extreme,Kanpur,rainfall,,,8.0,equal_avg,baseline,1,csi,0.0,,,,0.0,,0.0,0.0,-0.004115,1464,6.0,1,,,,
extreme,Kanpur,rainfall,,,8.0,gem,model,1,csi,0.0,,,,0.0,1.0,0.0,-0.002936,-2.514403,1464,6.0,1,,,,
extreme,Kanpur,rainfall,,,8.0,gfs,model,1,csi,0.0,,,,0.0,1.0,0.0,-0.001642,-0.673525,1464,6.0,1,,,,
extreme,Kanpur,rainfall,,,8.0,icon,model,1,csi,0.0,,,,0.0,1.0,0.0,-0.002053,-1.00823,1464,6.0,1,,,,
extreme,Kanpur,rainfall,,,8.0,weighted_blend,blend,1,csi,0.0,,,,0.0,,0.0,0.0,-0.004115,1464,6.0,1,,,,
extreme,Kanpur,rainfall,,,4.0,ecmwf,model,1,csi,0.291667,,,,0.368421,0.416667,0.291667,0.282353,0.08142,1464,38.0,0,,,,
extreme,Kanpur,rainfall,,,4.0,gem,model,2,csi,0.022472,,,,0.052632,0.962264,0.022472,0.007125,-1.350484,1464,38.0,0,,,,
extreme,Kanpur,rainfall,,,4.0,icon,model,3,csi,0.014493,,,,0.026316,0.96875,0.014493,0.002485,-0.83716,1464,38.0,0,,,,
extreme,Kanpur,rainfall,,,4.0,equal_avg,baseline,4,csi,0.0,,,,0.0,1.0,0.0,-0.005437,-0.296818,1464,38.0,0,,,,
extreme,Kanpur,rainfall,,,4.0,gfs,model,4,csi,0.0,,,,0.0,1.0,0.0,-0.005437,-0.296818,1464,38.0,0,,,,
extreme,Kanpur,rainfall,,,4.0,weighted_blend,blend,4,csi,0.0,,,,0.0,1.0,0.0,-0.0013,-0.080682,1464,38.0,0,,,,
extreme,Kochi,rainfall,,,8.0,ecmwf,model,1,csi,0.142857,,,,0.2,0.666667,0.142857,0.141601,-0.204112,1464,5.0,1,,,,
extreme,Kochi,rainfall,,,4.0,ecmwf,model,1,csi,0.439024,,,,0.473684,0.142857,0.439024,0.431466,0.378608,1464,38.0,0,,,,
extreme,Kochi,rainfall,,,8.0,equal_avg,baseline,2,csi,0.0,,,,0.0,,0.0,0.0,-0.003427,1464,5.0,1,,,,
extreme,Kochi,rainfall,,,8.0,gem,model,2,csi,0.0,,,,0.0,1.0,0.0,-0.00057,-0.204112,1464,5.0,1,,,,
extreme,Kochi,rainfall,,,8.0,gfs,model,2,csi,0.0,,,,0.0,,0.0,0.0,-0.003427,1464,5.0,1,,,,
extreme,Kochi,rainfall,,,8.0,icon,model,2,csi,0.0,,,,0.0,1.0,0.0,-0.00057,-0.204112,1464,5.0,1,,,,
extreme,Kochi,rainfall,,,8.0,weighted_blend,blend,2,csi,0.0,,,,0.0,,0.0,0.0,-0.003427,1464,5.0,1,,,,
extreme,Kochi,rainfall,,,4.0,icon,model,2,csi,0.195122,,,,0.210526,0.272727,0.195122,0.189478,0.108437,1464,38.0,0,,,,
extreme,Kochi,rainfall,,,4.0,weighted_blend,blend,3,csi,0.170732,,,,0.184211,0.3,0.170732,0.165448,0.08142,1464,38.0,0,,,,
extreme,Kochi,rainfall,,,4.0,equal_avg,baseline,4,csi,0.097561,,,,0.105263,0.428571,0.097561,0.093544,0.000369,1464,38.0,0,,,,
extreme,Kochi,rainfall,,,4.0,gem,model,5,csi,0.057692,,,,0.078947,0.823529,0.057692,0.049628,-0.323836,1464,38.0,0,,,,
extreme,Kochi,rainfall,,,4.0,gfs,model,6,csi,0.0,,,,0.0,,0.0,0.0,-0.026648,1464,38.0,0,,,,
extreme,Kolkata,rainfall,,,8.0,ecmwf,model,1,csi,0.166667,,,,0.181818,0.333333,0.166667,0.165098,0.084027,1464,11.0,1,,,,
extreme,Kolkata,rainfall,,,4.0,ecmwf,model,1,csi,0.188406,,,,0.351351,0.711111,0.188406,0.174804,-0.552757,1464,37.0,0,,,,
extreme,Kolkata,rainfall,,,8.0,equal_avg,baseline,2,csi,0.0,,,,0.0,1.0,0.0,-0.002008,-0.37396,1464,11.0,1,,,,
extreme,Kolkata,rainfall,,,8.0,gem,model,2,csi,0.0,,,,0.0,1.0,0.0,-0.003936,-1.106738,1464,11.0,1,,,,
extreme,Kolkata,rainfall,,,8.0,gfs,model,2,csi,0.0,,,,0.0,,0.0,0.0,-0.007571,1464,11.0,1,,,,
extreme,Kolkata,rainfall,,,8.0,icon,model,2,csi,0.0,,,,0.0,1.0,0.0,-0.003393,-0.831946,1464,11.0,1,,,,
extreme,Kolkata,rainfall,,,8.0,weighted_blend,blend,2,csi,0.0,,,,0.0,,0.0,0.0,-0.007571,1464,11.0,1,,,,
extreme,Kolkata,rainfall,,,4.0,icon,model,2,csi,0.051724,,,,0.081081,0.875,0.051724,0.041702,-0.525029,1464,37.0,0,,,,
extreme,Kolkata,rainfall,,,4.0,gem,model,3,csi,0.023256,,,,0.054054,0.960784,0.023256,0.008394,-1.329135,1464,37.0,0,,,,
extreme,Kolkata,rainfall,,,4.0,equal_avg,baseline,4,csi,0.0,,,,0.0,1.0,0.0,-0.006986,-0.414118,1464,37.0,0,,,,
extreme,Kolkata,rainfall,,,4.0,gfs,model,4,csi,0.0,,,,0.0,1.0,0.0,-0.001298,-0.081384,1464,37.0,0,,,,
extreme,Kolkata,rainfall,,,4.0,weighted_blend,blend,4,csi,0.0,,,,0.0,1.0,0.0,-0.006615,-0.38639,1464,37.0,0,,,,
extreme,Kota,rainfall,,,4.0,weighted_blend,blend,1,csi,0.2,,,,0.214286,0.25,0.2,0.197955,0.134581,1464,14.0,1,,,,
extreme,Kota,rainfall,,,8.0,ecmwf,model,1,csi,0.666667,,,,1.0,0.333333,0.666667,0.666211,0.499316,1464,2.0,1,,,,
extreme,Kota,rainfall,,,8.0,equal_avg,baseline,2,csi,0.0,,,,0.0,,0.0,0.0,-0.001368,1464,2.0,1,,,,
extreme,Kota,rainfall,,,8.0,gem,model,2,csi,0.0,,,,0.0,1.0,0.0,-0.001064,-3.506156,1464,2.0,1,,,,
extreme,Kota,rainfall,,,8.0,gfs,model,2,csi,0.0,,,,0.0,,0.0,0.0,-0.001368,1464,2.0,1,,,,
extreme,Kota,rainfall,,,8.0,icon,model,2,csi,0.0,,,,0.0,,0.0,0.0,-0.001368,1464,2.0,1,,,,
extreme,Kota,rainfall,,,8.0,weighted_blend,blend,2,csi,0.0,,,,0.0,,0.0,0.0,-0.001368,1464,2.0,1,,,,
extreme,Kota,rainfall,,,4.0,equal_avg,baseline,2,csi,0.1875,,,,0.214286,0.4,0.1875,0.185065,0.062463,1464,14.0,1,,,,
extreme,Kota,rainfall,,,4.0,ecmwf,model,3,csi,0.181818,,,,0.285714,0.666667,0.181818,0.177528,-0.298128,1464,14.0,1,,,,
extreme,Kota,rainfall,,,4.0,gem,model,4,csi,0.061224,,,,0.214286,0.921053,0.061224,0.05421,-2.317438,1464,14.0,1,,,,
extreme,Kota,rainfall,,,4.0,icon,model,5,csi,0.052632,,,,0.071429,0.833333,0.052632,0.049762,-0.298128,1464,14.0,1,,,,
extreme,Kota,rainfall,,,4.0,gfs,model,6,csi,0.047619,,,,0.071429,0.875,0.047619,0.044137,-0.442365,1464,14.0,1,,,,
extreme,Lucknow,rainfall,,,8.0,ecmwf,model,1,csi,0.0,,,,0.0,,0.0,0.0,-0.002053,1464,3.0,1,,,,
extreme,Lucknow,rainfall,,,8.0,equal_avg,baseline,1,csi,0.0,,,,0.0,1.0,0.0,-0.00082,-0.670089,1464,3.0,1,,,,
extreme,Lucknow,rainfall,,,8.0,gem,model,1,csi,0.0,,,,0.0,1.0,0.0,-0.001711,-5.01232,1464,3.0,1,,,,
extreme,Lucknow,rainfall,,,8.0,gfs,model,1,csi,0.0,,,,0.0,,0.0,0.0,-0.002053,1464,3.0,1,,,,
extreme,Lucknow,rainfall,,,8.0,icon,model,1,csi,0.0,,,,0.0,1.0,0.0,-0.001026,-1.004107,1464,3.0,1,,,,
extreme,Lucknow,rainfall,,,8.0,weighted_blend,blend,1,csi,0.0,,,,0.0,1.0,0.0,-0.00082,-0.670089,1464,3.0,1,,,,
extreme,Lucknow,rainfall,,,4.0,ecmwf,model,1,csi,0.16,,,,0.2,0.555556,0.16,0.155848,-0.064543,1464,20.0,1,,,,
extreme,Lucknow,rainfall,,,4.0,gfs,model,2,csi,0.041667,,,,0.05,0.8,0.041667,0.038931,-0.165928,1464,20.0,1,,,,
extreme,Lucknow,rainfall,,,4.0,gem,model,3,csi,0.028169,,,,0.1,0.962264,0.028169,0.018156,-2.497784,1464,20.0,1,,,,
extreme,Lucknow,rainfall,,,4.0,equal_avg,baseline,4,csi,0.0,,,,0.0,1.0,0.0,-0.003163,-0.318006,1464,20.0,1,,,,
extreme,Lucknow,rainfall,,,4.0,icon,model,4,csi,0.0,,,,0.0,1.0,0.0,-0.007361,-1.179778,1464,20.0,1,,,,
extreme,Lucknow,rainfall,,,4.0,weighted_blend,blend,4,csi,0.0,,,,0.0,1.0,0.0,-0.002282,-0.21662,1464,20.0,1,,,,
extreme,Ludhiana,rainfall,,,8.0,ecmwf,model,1,csi,0.0,,,,0.0,,0.0,0.0,-0.000684,1464,1.0,1,,,,
extreme,Ludhiana,rainfall,,,8.0,equal_avg,baseline,1,csi,0.0,,,,0.0,,0.0,0.0,-0.000684,1464,1.0,1,,,,
extreme,Ludhiana,rainfall,,,8.0,gem,model,1,csi,0.0,,,,0.0,1.0,0.0,-0.000456,-2.002051,1464,1.0,1,,,,
extreme,Ludhiana,rainfall,,,8.0,gfs,model,1,csi,0.0,,,,0.0,,0.0,0.0,-0.000684,1464,1.0,1,,,,
extreme,Ludhiana,rainfall,,,8.0,icon,model,1,csi,0.0,,,,0.0,,0.0,0.0,-0.000684,1464,1.0,1,,,,
extreme,Ludhiana,rainfall,,,8.0,weighted_blend,blend,1,csi,0.0,,,,0.0,,0.0,0.0,-0.000684,1464,1.0,1,,,,
extreme,Ludhiana,rainfall,,,4.0,ecmwf,model,1,csi,0.1,,,,0.125,0.666667,0.1,0.098522,-0.131181,1464,8.0,1,,,,
extreme,Ludhiana,rainfall,,,4.0,equal_avg,baseline,2,csi,0.0,,,,0.0,,0.0,0.0,-0.005495,1464,8.0,1,,,,
extreme,Ludhiana,rainfall,,,4.0,gem,model,2,csi,0.0,,,,0.0,1.0,0.0,-0.003656,-2.016484,1464,8.0,1,,,,
extreme,Ludhiana,rainfall,,,4.0,gfs,model,2,csi,0.0,,,,0.0,1.0,0.0,-0.000608,-0.131181,1464,8.0,1,,,,
extreme,Ludhiana,rainfall,,,4.0,icon,model,2,csi,0.0,,,,0.0,1.0,0.0,-0.001094,-0.256868,1464,8.0,1,,,,
extreme,Ludhiana,rainfall,,,4.0,weighted_blend,blend,2,csi,0.0,,,,0.0,,0.0,0.0,-0.005495,1464,8.0,1,,,,
extreme,Madurai,rainfall,,,4.0,ecmwf,model,1,csi,0.083333,,,,0.142857,0.833333,0.083333,0.081137,-0.578978,1464,7.0,1,,,,
extreme,Madurai,rainfall,,,8.0,ecmwf,model,1,csi,0.25,,,,0.5,0.666667,0.25,0.249231,-0.502052,1464,2.0,1,,,,
extreme,Madurai,rainfall,,,8.0,equal_avg,baseline,2,csi,0.0,,,,0.0,,0.0,0.0,-0.001368,1464,2.0,1,,,,
extreme,Madurai,rainfall,,,8.0,gem,model,2,csi,0.0,,,,0.0,,0.0,0.0,-0.001368,1464,2.0,1,,,,
extreme,Madurai,rainfall,,,8.0,gfs,model,2,csi,0.0,,,,0.0,1.0,0.0,-0.000456,-0.502052,1464,2.0,1,,,,
extreme,Madurai,rainfall,,,8.0,icon,model,2,csi,0.0,,,,0.0,1.0,0.0,-0.000977,-2.504788,1464,2.0,1,,,,
extreme,Madurai,rainfall,,,8.0,weighted_blend,blend,2,csi,0.0,,,,0.0,,0.0,0.0,-0.001368,1464,2.0,1,,,,
extreme,Madurai,rainfall,,,4.0,icon,model,2,csi,0.045455,,,,0.142857,0.9375,0.045455,0.042124,-2.014413,1464,7.0,1,,,,
extreme,Madurai,rainfall,,,4.0,equal_avg,baseline,3,csi,0.0,,,,0.0,1.0,0.0,-0.000598,-0.148348,1464,7.0,1,,,,
extreme,Madurai,rainfall,,,4.0,gem,model,3,csi,0.0,,,,0.0,1.0,0.0,-0.001436,-0.435435,1464,7.0,1,,,,
extreme,Madurai,rainfall,,,4.0,gfs,model,3,csi,0.0,,,,0.0,1.0,0.0,-0.002212,-0.866065,1464,7.0,1,,,,
extreme,Madurai,rainfall,,,4.0,weighted_blend,blend,3,csi,0.0,,,,0.0,1.0,0.0,-0.000598,-0.148348,1464,7.0,1,,,,
extreme,Mumbai,rainfall,,,8.0,ecmwf,model,1,csi,0.0,,,,0.0,,0.0,0.0,-0.002053,1464,3.0,1,,,,
extreme,Mumbai,rainfall,,,8.0,equal_avg,baseline,1,csi,0.0,,,,0.0,,0.0,0.0,-0.002053,1464,3.0,1,,,,
extreme,Mumbai,rainfall,,,8.0,gem,model,1,csi,0.0,,,,0.0,1.0,0.0,-0.001368,-2.00616,1464,3.0,1,,,,
extreme,Mumbai,rainfall,,,8.0,gfs,model,1,csi,0.0,,,,0.0,1.0,0.0,-0.00082,-0.670089,1464,3.0,1,,,,
extreme,Mumbai,rainfall,,,8.0,icon,model,1,csi,0.0,,,,0.0,,0.0,0.0,-0.002053,1464,3.0,1,,,,
extreme,Mumbai,rainfall,,,8.0,weighted_blend,blend,1,csi,0.0,,,,0.0,,0.0,0.0,-0.002053,1464,3.0,1,,,,
extreme,Mumbai,rainfall,,,4.0,ecmwf,model,1,csi,0.44186,,,,0.5,0.208333,0.44186,0.433656,0.351591,1464,38.0,0,,,,
extreme,Mumbai,rainfall,,,4.0,gem,model,2,csi,0.188679,,,,0.263158,0.6,0.188679,0.178623,-0.161733,1464,38.0,0,,,,
extreme,Mumbai,rainfall,,,4.0,icon,model,3,csi,0.098039,,,,0.131579,0.722222,0.098039,0.0897,-0.242784,1464,38.0,0,,,,
extreme,Mumbai,rainfall,,,4.0,weighted_blend,blend,4,csi,0.073171,,,,0.078947,0.5,0.073171,0.069637,-0.026648,1464,38.0,0,,,,
extreme,Mumbai,rainfall,,,4.0,equal_avg,baseline,5,csi,0.071429,,,,0.078947,0.571429,0.071429,0.067394,-0.053665,1464,38.0,0,,,,
extreme,Mumbai,rainfall,,,4.0,gfs,model,6,csi,0.0,,,,0.0,1.0,0.0,-0.004054,-0.215767,1464,38.0,0,,,,
extreme,Nagpur,rainfall,,,8.0,ecmwf,model,1,csi,0.0,,,,0.0,,0.0,0.0,-0.001368,1464,2.0,1,,,,
extreme,Nagpur,rainfall,,,8.0,equal_avg,baseline,1,csi,0.0,,,,0.0,1.0,0.0,-0.000684,-1.002736,1464,2.0,1,,,,
extreme,Nagpur,rainfall,,,8.0,gem,model,1,csi,0.0,,,,0.0,1.0,0.0,-0.001197,-7.010944,1464,2.0,1,,,,
extreme,Nagpur,rainfall,,,8.0,gfs,model,1,csi,0.0,,,,0.0,1.0,0.0,-0.000912,-2.004104,1464,2.0,1,,,,
extreme,Nagpur,rainfall,,,8.0,icon,model,1,csi,0.0,,,,0.0,1.0,0.0,-0.000912,-2.004104,1464,2.0,1,,,,
extreme,Nagpur,rainfall,,,8.0,weighted_blend,blend,1,csi,0.0,,,,0.0,,0.0,0.0,-0.001368,1464,2.0,1,,,,
extreme,Nagpur,rainfall,,,4.0,ecmwf,model,1,csi,0.272727,,,,0.461538,0.6,0.272727,0.268297,-0.241796,1464,13.0,1,,,,
extreme,Nagpur,rainfall,,,4.0,icon,model,2,csi,0.102564,,,,0.307692,0.866667,0.102564,0.096392,-1.716429,1464,13.0,1,,,,
extreme,Nagpur,rainfall,,,4.0,equal_avg,baseline,3,csi,0.1,,,,0.153846,0.777778,0.1,0.096389,-0.397021,1464,13.0,1,,,,
extreme,Nagpur,rainfall,,,4.0,weighted_blend,blend,4,csi,0.055556,,,,0.076923,0.833333,0.055556,0.052752,-0.319408,1464,13.0,1,,,,
extreme,Nagpur,rainfall,,,4.0,gem,model,5,csi,0.046512,,,,0.153846,0.9375,0.046512,0.040169,-2.182103,1464,13.0,1,,,,
extreme,Nagpur,rainfall,,,4.0,gfs,model,6,csi,0.034483,,,,0.076923,0.941176,0.034483,0.029431,-1.173143,1464,13.0,1,,,,
extreme,Nashik,rainfall,,,8.0,ecmwf,model,1,csi,0.571429,,,,0.8,0.333333,0.571429,0.57017,0.397944,1464,5.0,1,,,,
extreme,Nashik,rainfall,,,4.0,ecmwf,model,1,csi,0.681818,,,,0.789474,0.166667,0.681818,0.678403,0.626735,1464,19.0,1,,,,
extreme,Nashik,rainfall,,,8.0,weighted_blend,blend,2,csi,0.333333,,,,0.4,0.333333,0.333333,0.332193,0.197258,1464,5.0,1,,,,
extreme,Nashik,rainfall,,,4.0,weighted_blend,blend,2,csi,0.375,,,,0.473684,0.357143,0.375,0.370232,0.200146,1464,19.0,1,,,,
extreme,Nashik,rainfall,,,4.0,gem,model,3,csi,0.258065,,,,0.421053,0.6,0.258065,0.2518,-0.226443,1464,19.0,1,,,,
extreme,Nashik,rainfall,,,8.0,equal_avg,baseline,3,csi,0.285714,,,,0.4,0.5,0.285714,0.284318,-0.003427,1464,5.0,1,,,,
extreme,Nashik,rainfall,,,4.0,equal_avg,baseline,4,csi,0.25,,,,0.368421,0.5625,0.25,0.244396,-0.119796,1464,19.0,1,,,,
extreme,Nashik,rainfall,,,8.0,gem,model,4,csi,0.272727,,,,0.6,0.666667,0.272727,0.270689,-0.605483,1464,5.0,1,,,,
extreme,Nashik,rainfall,,,8.0,gfs,model,5,csi,0.090909,,,,0.2,0.857143,0.090909,0.088929,-1.006854,1464,5.0,1,,,,
extreme,Nashik,rainfall,,,4.0,gfs,model,5,csi,0.225806,,,,0.368421,0.631579,0.225806,0.219599,-0.279767,1464,19.0,1,,,,
extreme,Nashik,rainfall,,,8.0,icon,model,6,csi,0.0,,,,0.0,1.0,0.0,-0.001866,-1.207539,1464,5.0,1,,,,
extreme,Nashik,rainfall,,,4.0,icon,model,6,csi,0.129032,,,,0.210526,0.75,0.129032,0.123159,-0.439738,1464,19.0,1,,,,
extreme,Patna,rainfall,,,4.0,ecmwf,model,1,csi,0.057143,,,,0.08,0.833333,0.057143,0.05159,-0.342933,1464,25.0,1,,,,
extreme,Patna,rainfall,,,8.0,ecmwf,model,1,csi,0.166667,,,,0.25,0.666667,0.166667,0.165527,-0.253425,1464,4.0,1,,,,
extreme,Patna,rainfall,,,8.0,equal_avg,baseline,2,csi,0.0,,,,0.0,,0.0,0.0,-0.00274,1464,4.0,1,,,,
extreme,Patna,rainfall,,,8.0,gem,model,2,csi,0.0,,,,0.0,1.0,0.0,-0.002053,-3.010959,1464,4.0,1,,,,
extreme,Patna,rainfall,,,8.0,gfs,model,2,csi,0.0,,,,0.0,,0.0,0.0,-0.00274,1464,4.0,1,,,,
extreme,Patna,rainfall,,,8.0,icon,model,2,csi,0.0,,,,0.0,,0.0,0.0,-0.00274,1464,4.0,1,,,,
extreme,Patna,rainfall,,,8.0,weighted_blend,blend,2,csi,0.0,,,,0.0,,0.0,0.0,-0.00274,1464,4.0,1,,,,
extreme,Patna,rainfall,,,4.0,gem,model,2,csi,0.0375,,,,0.12,0.948276,0.0375,0.025434,-2.133509,1464,25.0,1,,,,
extreme,Patna,rainfall,,,4.0,equal_avg,baseline,3,csi,0.037037,,,,0.04,0.666667,0.037037,0.035206,-0.058068,1464,25.0,1,,,,
extreme,Patna,rainfall,,,4.0,weighted_blend,blend,3,csi,0.037037,,,,0.04,0.666667,0.037037,0.035206,-0.058068,1464,25.0,1,,,,
extreme,Patna,rainfall,,,4.0,gfs,model,5,csi,0.0,,,,0.0,1.0,0.0,-0.000657,-0.058068,1464,25.0,1,,,,
extreme,Patna,rainfall,,,4.0,icon,model,5,csi,0.0,,,,0.0,1.0,0.0,-0.00825,-0.953356,1464,25.0,1,,,,
extreme,Pune,rainfall,,,4.0,ecmwf,model,1,csi,0.0,,,,0.0,1.0,0.0,-0.000513,-3.002734,1464,1.0,1,,,,
extreme,Pune,rainfall,,,4.0,equal_avg,baseline,1,csi,0.0,,,,0.0,,0.0,0.0,-0.000684,1464,1.0,1,,,,
extreme,Pune,rainfall,,,4.0,gem,model,1,csi,0.0,,,,0.0,1.0,0.0,-0.000342,-1.001367,1464,1.0,1,,,,
extreme,Pune,rainfall,,,4.0,gfs,model,1,csi,0.0,,,,0.0,1.0,0.0,-0.000456,-2.002051,1464,1.0,1,,,,
extreme,Pune,rainfall,,,4.0,icon,model,1,csi,0.0,,,,0.0,,0.0,0.0,-0.000684,1464,1.0,1,,,,
extreme,Pune,rainfall,,,4.0,weighted_blend,blend,1,csi,0.0,,,,0.0,,0.0,0.0,-0.000684,1464,1.0,1,,,,
extreme,Raipur,rainfall,,,8.0,icon,model,1,csi,0.111111,,,,0.25,0.833333,0.111111,0.109489,-1.005479,1464,4.0,1,,,,
extreme,Raipur,rainfall,,,4.0,weighted_blend,blend,1,csi,0.193548,,,,0.25,0.538462,0.193548,0.187966,-0.059028,1464,24.0,1,,,,
extreme,Raipur,rainfall,,,8.0,gem,model,2,csi,0.071429,,,,0.25,0.909091,0.071429,0.069431,-2.258904,1464,4.0,1,,,,
extreme,Raipur,rainfall,,,4.0,equal_avg,baseline,2,csi,0.181818,,,,0.25,0.6,0.181818,0.175676,-0.14375,1464,24.0,1,,,,
extreme,Raipur,rainfall,,,8.0,ecmwf,model,3,csi,0.0,,,,0.0,,0.0,0.0,-0.00274,1464,4.0,1,,,,
extreme,Raipur,rainfall,,,8.0,equal_avg,baseline,3,csi,0.0,,,,0.0,1.0,0.0,-0.000547,-0.253425,1464,4.0,1,,,,
extreme,Raipur,rainfall,,,8.0,gfs,model,3,csi,0.0,,,,0.0,1.0,0.0,-0.00152,-1.256164,1464,4.0,1,,,,
extreme,Raipur,rainfall,,,8.0,weighted_blend,blend,3,csi,0.0,,,,0.0,1.0,0.0,-0.000547,-0.253425,1464,4.0,1,,,,
extreme,Raipur,rainfall,,,4.0,ecmwf,model,3,csi,0.137931,,,,0.166667,0.555556,0.137931,0.133523,-0.059028,1464,24.0,1,,,,
extreme,Raipur,rainfall,,,4.0,icon,model,4,csi,0.111111,,,,0.208333,0.807692,0.111111,0.102611,-0.694444,1464,24.0,1,,,,
extreme,Raipur,rainfall,,,4.0,gem,model,5,csi,0.063492,,,,0.166667,0.906977,0.063492,0.052895,-1.499306,1464,24.0,1,,,,
extreme,Raipur,rainfall,,,4.0,gfs,model,6,csi,0.029412,,,,0.041667,0.909091,0.029412,0.024237,-0.397917,1464,24.0,1,,,,
extreme,Ranchi,rainfall,,,8.0,ecmwf,model,1,csi,0.0,,,,0.0,,0.0,0.0,-0.002053,1464,3.0,1,,,,
extreme,Ranchi,rainfall,,,8.0,equal_avg,baseline,1,csi,0.0,,,,0.0,1.0,0.0,-0.000513,-0.336071,1464,3.0,1,,,,
extreme,Ranchi,rainfall,,,8.0,gem,model,1,csi,0.0,,,,0.0,1.0,0.0,-0.001825,-8.01848,1464,3.0,1,,,,
extreme,Ranchi,rainfall,,,8.0,gfs,model,1,csi,0.0,,,,0.0,1.0,0.0,-0.000513,-0.336071,1464,3.0,1,,,,
extreme,Ranchi,rainfall,,,8.0,icon,model,1,csi,0.0,,,,0.0,1.0,0.0,-0.000513,-0.336071,1464,3.0,1,,,,
extreme,Ranchi,rainfall,,,8.0,weighted_blend,blend,1,csi,0.0,,,,0.0,,0.0,0.0,-0.002053,1464,3.0,1,,,,
extreme,Ranchi,rainfall,,,4.0,ecmwf,model,1,csi,0.210526,,,,0.285714,0.555556,0.210526,0.203309,-0.09232,1464,28.0,1,,,,
extreme,Ranchi,rainfall,,,4.0,icon,model,2,csi,0.081081,,,,0.107143,0.75,0.081081,0.075346,-0.237963,1464,28.0,1,,,,
extreme,Ranchi,rainfall,,,4.0,gem,model,3,csi,0.028571,,,,0.107143,0.9625,0.028571,0.014206,-2.713888,1464,28.0,1,,,,
extreme,Ranchi,rainfall,,,4.0,equal_avg,baseline,4,csi,0.0,,,,0.0,1.0,0.0,-0.00384,-0.274373,1464,28.0,1,,,,
extreme,Ranchi,rainfall,,,4.0,gfs,model,4,csi,0.0,,,,0.0,1.0,0.0,-0.002396,-0.165141,1464,28.0,1,,,,
extreme,Ranchi,rainfall,,,4.0,weighted_blend,blend,4,csi,0.0,,,,0.0,1.0,0.0,-0.00066,-0.055909,1464,28.0,1,,,,
extreme,Shillong,rainfall,,,8.0,ecmwf,model,1,csi,0.0,,,,0.0,,0.0,0.0,-0.001368,1464,2.0,1,,,,
extreme,Shillong,rainfall,,,8.0,equal_avg,baseline,1,csi,0.0,,,,0.0,,0.0,0.0,-0.001368,1464,2.0,1,,,,
extreme,Shillong,rainfall,,,8.0,gem,model,1,csi,0.0,,,,0.0,,0.0,0.0,-0.001368,1464,2.0,1,,,,
extreme,Shillong,rainfall,,,8.0,gfs,model,1,csi,0.0,,,,0.0,1.0,0.0,-0.000684,-1.002736,1464,2.0,1,,,,
extreme,Shillong,rainfall,,,8.0,icon,model,1,csi,0.0,,,,0.0,1.0,0.0,-0.001207,-7.511628,1464,2.0,1,,,,
extreme,Shillong,rainfall,,,8.0,weighted_blend,blend,1,csi,0.0,,,,0.0,,0.0,0.0,-0.001368,1464,2.0,1,,,,
extreme,Shillong,rainfall,,,4.0,ecmwf,model,1,csi,0.3,,,,0.428571,0.5,0.3,0.297986,-0.004804,1464,7.0,1,,,,
extreme,Shillong,rainfall,,,4.0,weighted_blend,blend,2,csi,0.25,,,,0.285714,0.333333,0.25,0.248653,0.138739,1464,7.0,1,,,,
extreme,Shillong,rainfall,,,4.0,icon,model,3,csi,0.02439,,,,0.142857,0.971429,0.02439,0.020392,-4.741739,1464,7.0,1,,,,
extreme,Shillong,rainfall,,,4.0,equal_avg,baseline,4,csi,0.0,,,,0.0,1.0,0.0,-0.002396,-1.009609,1464,7.0,1,,,,
extreme,Shillong,rainfall,,,4.0,gem,model,4,csi,0.0,,,,0.0,1.0,0.0,-0.003198,-2.014413,1464,7.0,1,,,,
extreme,Shillong,rainfall,,,4.0,gfs,model,4,csi,0.0,,,,0.0,1.0,0.0,-0.001742,-0.578978,1464,7.0,1,,,,
extreme,Shimla,rainfall,,,4.0,ecmwf,model,1,csi,0.0,,,,0.0,1.0,0.0,-0.001172,-0.754795,1464,4.0,1,,,,
extreme,Shimla,rainfall,,,4.0,equal_avg,baseline,1,csi,0.0,,,,0.0,1.0,0.0,-0.001172,-0.754795,1464,4.0,1,,,,
extreme,Shimla,rainfall,,,4.0,gem,model,1,csi,0.0,,,,0.0,1.0,0.0,-0.002385,-6.771233,1464,4.0,1,,,,
extreme,Shimla,rainfall,,,4.0,gfs,model,1,csi,0.0,,,,0.0,1.0,0.0,-0.001172,-0.754795,1464,4.0,1,,,,
extreme,Shimla,rainfall,,,4.0,icon,model,1,csi,0.0,,,,0.0,1.0,0.0,-0.001955,-2.509589,1464,4.0,1,,,,
extreme,Shimla,rainfall,,,4.0,weighted_blend,blend,1,csi,0.0,,,,0.0,1.0,0.0,-0.000912,-0.50411,1464,4.0,1,,,,
extreme,Shimla,rainfall,,,8.0,gfs,model,1,csi,0.0,,,,,1.0,0.0,0.0,,1464,0.0,1,,,,
extreme,Shimla,rainfall,,,8.0,icon,model,1,csi,0.0,,,,,1.0,0.0,0.0,,1464,0.0,1,,,,
extreme,Srinagar,rainfall,,,8.0,ecmwf,model,1,csi,0.0,,,,0.0,,0.0,0.0,-0.000684,1464,1.0,1,,,,
extreme,Srinagar,rainfall,,,8.0,equal_avg,baseline,1,csi,0.0,,,,0.0,,0.0,0.0,-0.000684,1464,1.0,1,,,,
extreme,Srinagar,rainfall,,,8.0,gem,model,1,csi,0.0,,,,0.0,,0.0,0.0,-0.000684,1464,1.0,1,,,,
extreme,Srinagar,rainfall,,,8.0,gfs,model,1,csi,0.0,,,,0.0,,0.0,0.0,-0.000684,1464,1.0,1,,,,
extreme,Srinagar,rainfall,,,8.0,icon,model,1,csi,0.0,,,,0.0,,0.0,0.0,-0.000684,1464,1.0,1,,,,
extreme,Srinagar,rainfall,,,8.0,weighted_blend,blend,1,csi,0.0,,,,0.0,,0.0,0.0,-0.000684,1464,1.0,1,,,,
extreme,Srinagar,rainfall,,,4.0,ecmwf,model,1,csi,0.333333,,,,1.0,0.666667,0.333333,0.332878,-1.001367,1464,1.0,1,,,,
extreme,Srinagar,rainfall,,,4.0,equal_avg,baseline,2,csi,0.0,,,,0.0,,0.0,0.0,-0.000684,1464,1.0,1,,,,
extreme,Srinagar,rainfall,,,4.0,gem,model,2,csi,0.0,,,,0.0,1.0,0.0,-0.000547,-4.003418,1464,1.0,1,,,,
extreme,Srinagar,rainfall,,,4.0,gfs,model,2,csi,0.0,,,,0.0,1.0,0.0,-0.000342,-1.001367,1464,1.0,1,,,,
extreme,Srinagar,rainfall,,,4.0,icon,model,2,csi,0.0,,,,0.0,1.0,0.0,-0.000547,-4.003418,1464,1.0,1,,,,
extreme,Srinagar,rainfall,,,4.0,weighted_blend,blend,2,csi,0.0,,,,0.0,,0.0,0.0,-0.000684,1464,1.0,1,,,,
extreme,Surat,rainfall,,,4.0,ecmwf,model,1,csi,0.508772,,,,0.617021,0.25641,0.508772,0.497739,0.384495,1464,47.0,0,,,,
extreme,Surat,rainfall,,,8.0,ecmwf,model,1,csi,0.52381,,,,0.785714,0.388889,0.52381,0.519874,0.278818,1464,14.0,1,,,,
extreme,Surat,rainfall,,,8.0,icon,model,2,csi,0.235294,,,,0.285714,0.428571,0.235294,0.232271,0.062463,1464,14.0,1,,,,
extreme,Surat,rainfall,,,4.0,weighted_blend,blend,2,csi,0.396226,,,,0.446809,0.222222,0.396226,0.386188,0.296566,1464,47.0,0,,,,
extreme,Surat,rainfall,,,8.0,weighted_blend,blend,3,csi,0.210526,,,,0.285714,0.555556,0.210526,0.206934,-0.081773,1464,14.0,1,,,,
extreme,Surat,rainfall,,,4.0,equal_avg,baseline,3,csi,0.259259,,,,0.297872,0.333333,0.259259,0.249894,0.120708,1464,47.0,0,,,,
extreme,Surat,rainfall,,,4.0,gfs,model,4,csi,0.185714,,,,0.276596,0.638889,0.185714,0.172044,-0.252992,1464,47.0,0,,,,
extreme,Surat,rainfall,,,8.0,equal_avg,baseline,4,csi,0.190476,,,,0.285714,0.636364,0.190476,0.186401,-0.22601,1464,14.0,1,,,,
extreme,Surat,rainfall,,,8.0,gfs,model,5,csi,0.153846,,,,0.285714,0.75,0.153846,0.148837,-0.586601,1464,14.0,1,,,,
extreme,Surat,rainfall,,,4.0,gem,model,5,csi,0.163934,,,,0.212766,0.583333,0.163934,0.153239,-0.121098,1464,47.0,0,,,,
extreme,Surat,rainfall,,,8.0,gem,model,6,csi,0.0,,,,0.0,1.0,0.0,-0.002523,-0.370246,1464,14.0,1,,,,
extreme,Surat,rainfall,,,4.0,icon,model,6,csi,0.142857,,,,0.170213,0.529412,0.142857,0.134421,-0.055151,1464,47.0,0,,,,
extreme,Thane,rainfall,,,4.0,ecmwf,model,1,csi,0.658537,,,,0.710526,0.1,0.658537,0.651926,0.621761,1464,38.0,0,,,,
extreme,Thane,rainfall,,,8.0,ecmwf,model,1,csi,0.714286,,,,0.833333,0.166667,0.714286,0.713278,0.665295,1464,6.0,1,,,,
extreme,Thane,rainfall,,,8.0,equal_avg,baseline,2,csi,0.0,,,,0.0,,0.0,0.0,-0.004115,1464,6.0,1,,,,
extreme,Thane,rainfall,,,8.0,gem,model,2,csi,0.0,,,,0.0,1.0,0.0,-0.002465,-1.510288,1464,6.0,1,,,,
extreme,Thane,rainfall,,,8.0,gfs,model,2,csi,0.0,,,,0.0,1.0,0.0,-0.001368,-0.506173,1464,6.0,1,,,,
extreme,Thane,rainfall,,,8.0,icon,model,2,csi,0.0,,,,0.0,1.0,0.0,-0.001026,-0.33882,1464,6.0,1,,,,
extreme,Thane,rainfall,,,8.0,weighted_blend,blend,2,csi,0.0,,,,0.0,,0.0,0.0,-0.004115,1464,6.0,1,,,,
extreme,Thane,rainfall,,,4.0,weighted_blend,blend,2,csi,0.333333,,,,0.368421,0.222222,0.333333,0.325834,0.243523,1464,38.0,0,,,,
extreme,Thane,rainfall,,,4.0,equal_avg,baseline,3,csi,0.204545,,,,0.236842,0.4,0.204545,0.197444,0.054403,1464,38.0,0,,,,
extreme,Thane,rainfall,,,4.0,gem,model,4,csi,0.175439,,,,0.263158,0.655172,0.175439,0.164404,-0.269801,1464,38.0,0,,,,
extreme,Thane,rainfall,,,4.0,icon,model,5,csi,0.173913,,,,0.210526,0.5,0.173913,0.166387,-0.026648,1464,38.0,0,,,,
extreme,Thane,rainfall,,,4.0,gfs,model,6,csi,0.047619,,,,0.052632,0.666667,0.047619,0.044074,-0.080682,1464,38.0,0,,,,
extreme,Thiruvananthapuram,rainfall,,,8.0,ecmwf,model,1,csi,0.0,,,,0.0,,0.0,0.0,-0.000684,1464,1.0,1,,,,
extreme,Thiruvananthapuram,rainfall,,,8.0,equal_avg,baseline,1,csi,0.0,,,,0.0,,0.0,0.0,-0.000684,1464,1.0,1,,,,
extreme,Thiruvananthapuram,rainfall,,,8.0,gem,model,1,csi,0.0,,,,0.0,1.0,0.0,-0.000513,-3.002734,1464,1.0,1,,,,
extreme,Thiruvananthapuram,rainfall,,,8.0,gfs,model,1,csi,0.0,,,,0.0,,0.0,0.0,-0.000684,1464,1.0,1,,,,
extreme,Thiruvananthapuram,rainfall,,,8.0,icon,model,1,csi,0.0,,,,0.0,1.0,0.0,-0.000513,-3.002734,1464,1.0,1,,,,
extreme,Thiruvananthapuram,rainfall,,,8.0,weighted_blend,blend,1,csi,0.0,,,,0.0,,0.0,0.0,-0.000684,1464,1.0,1,,,,
extreme,Thiruvananthapuram,rainfall,,,4.0,weighted_blend,blend,1,csi,0.142857,,,,0.25,0.75,0.142857,0.141517,-0.50411,1464,4.0,1,,,,
extreme,Thiruvananthapuram,rainfall,,,4.0,icon,model,2,csi,0.125,,,,0.25,0.8,0.125,0.123503,-0.754795,1464,4.0,1,,,,
extreme,Thiruvananthapuram,rainfall,,,4.0,ecmwf,model,3,csi,0.111111,,,,0.25,0.833333,0.111111,0.109489,-1.005479,1464,4.0,1,,,,
extreme,Thiruvananthapuram,rainfall,,,4.0,equal_avg,baseline,3,csi,0.111111,,,,0.25,0.833333,0.111111,0.109489,-1.005479,1464,4.0,1,,,,
extreme,Thiruvananthapuram,rainfall,,,4.0,gem,model,5,csi,0.071429,,,,0.25,0.909091,0.071429,0.069431,-2.258904,1464,4.0,1,,,,
extreme,Thiruvananthapuram,rainfall,,,4.0,gfs,model,6,csi,0.0,,,,0.0,1.0,0.0,-0.000547,-0.253425,1464,4.0,1,,,,
extreme,Vadodara,rainfall,,,8.0,icon,model,1,csi,0.074074,,,,0.5,0.92,0.074074,0.071726,-5.267123,1464,4.0,1,,,,
extreme,Vadodara,rainfall,,,4.0,ecmwf,model,1,csi,0.485714,,,,0.607143,0.291667,0.485714,0.47888,0.344608,1464,28.0,1,,,,
extreme,Vadodara,rainfall,,,8.0,ecmwf,model,2,csi,0.0,,,,0.0,,0.0,0.0,-0.00274,1464,4.0,1,,,,
extreme,Vadodara,rainfall,,,8.0,equal_avg,baseline,2,csi,0.0,,,,0.0,1.0,0.0,-0.00152,-1.256164,1464,4.0,1,,,,
extreme,Vadodara,rainfall,,,8.0,gem,model,2,csi,0.0,,,,0.0,1.0,0.0,-0.001742,-1.757534,1464,4.0,1,,,,
extreme,Vadodara,rainfall,,,8.0,gfs,model,2,csi,0.0,,,,0.0,1.0,0.0,-0.001642,-1.506849,1464,4.0,1,,,,
extreme,Vadodara,rainfall,,,8.0,weighted_blend,blend,2,csi,0.0,,,,0.0,,0.0,0.0,-0.00274,1464,4.0,1,,,,
extreme,Vadodara,rainfall,,,4.0,weighted_blend,blend,2,csi,0.390244,,,,0.571429,0.448276,0.390244,0.381882,0.089733,1464,28.0,1,,,,
extreme,Vadodara,rainfall,,,4.0,equal_avg,baseline,3,csi,0.363636,,,,0.571429,0.5,0.363636,0.35466,-0.019499,1464,28.0,1,,,,
extreme,Vadodara,rainfall,,,4.0,icon,model,4,csi,0.264151,,,,0.5,0.641026,0.264151,0.253647,-0.420016,1464,28.0,1,,,,
extreme,Vadodara,rainfall,,,4.0,gem,model,5,csi,0.22,,,,0.392857,0.666667,0.22,0.210028,-0.420016,1464,28.0,1,,,,
extreme,Vadodara,rainfall,,,4.0,gfs,model,6,csi,0.043478,,,,0.071429,0.9,0.043478,0.035458,-0.602069,1464,28.0,1,,,,
extreme,Varanasi,rainfall,,,8.0,ecmwf,model,1,csi,0.111111,,,,0.142857,0.666667,0.111111,0.109692,-0.148348,1464,7.0,1,,,,
extreme,Varanasi,rainfall,,,8.0,icon,model,1,csi,0.111111,,,,0.142857,0.666667,0.111111,0.109692,-0.148348,1464,7.0,1,,,,
extreme,Varanasi,rainfall,,,4.0,ecmwf,model,1,csi,0.166667,,,,0.192308,0.444444,0.166667,0.162203,0.021076,1464,26.0,1,,,,
extreme,Varanasi,rainfall,,,4.0,icon,model,2,csi,0.0625,,,,0.115385,0.88,0.0625,0.053747,-0.762063,1464,26.0,1,,,,
extreme,Varanasi,rainfall,,,8.0,equal_avg,baseline,3,csi,0.0,,,,0.0,,0.0,0.0,-0.004804,1464,7.0,1,,,,
extreme,Varanasi,rainfall,,,8.0,gem,model,3,csi,0.0,,,,0.0,1.0,0.0,-0.002821,-1.440239,1464,7.0,1,,,,
extreme,Varanasi,rainfall,,,8.0,gfs,model,3,csi,0.0,,,,0.0,1.0,0.0,-0.001064,-0.291891,1464,7.0,1,,,,
extreme,Varanasi,rainfall,,,8.0,weighted_blend,blend,3,csi,0.0,,,,0.0,,0.0,0.0,-0.004804,1464,7.0,1,,,,
extreme,Varanasi,rainfall,,,4.0,equal_avg,baseline,3,csi,0.035714,,,,0.038462,0.666667,0.035714,0.033876,-0.057238,1464,26.0,1,,,,
extreme,Varanasi,rainfall,,,4.0,weighted_blend,blend,3,csi,0.035714,,,,0.038462,0.666667,0.035714,0.033876,-0.057238,1464,26.0,1,,,,
extreme,Varanasi,rainfall,,,4.0,gfs,model,5,csi,0.027027,,,,0.038462,0.916667,0.027027,0.02139,-0.40965,1464,26.0,1,,,,
extreme,Varanasi,rainfall,,,4.0,gem,model,6,csi,0.014706,,,,0.038462,0.976744,0.014706,0.003515,-1.623516,1464,26.0,1,,,,
extreme,Vijayawada,rainfall,,,8.0,ecmwf,model,1,csi,0.0,,,,0.0,,0.0,0.0,-0.001368,1464,2.0,1,,,,
extreme,Vijayawada,rainfall,,,8.0,equal_avg,baseline,1,csi,0.0,,,,0.0,,0.0,0.0,-0.001368,1464,2.0,1,,,,
extreme,Vijayawada,rainfall,,,8.0,gem,model,1,csi,0.0,,,,0.0,,0.0,0.0,-0.001368,1464,2.0,1,,,,
extreme,Vijayawada,rainfall,,,8.0,gfs,model,1,csi,0.0,,,,0.0,,0.0,0.0,-0.001368,1464,2.0,1,,,,
extreme,Vijayawada,rainfall,,,8.0,icon,model,1,csi,0.0,,,,0.0,,0.0,0.0,-0.001368,1464,2.0,1,,,,
extreme,Vijayawada,rainfall,,,8.0,weighted_blend,blend,1,csi,0.0,,,,0.0,,0.0,0.0,-0.001368,1464,2.0,1,,,,
extreme,Vijayawada,rainfall,,,4.0,ecmwf,model,1,csi,0.272727,,,,0.375,0.5,0.272727,0.270553,-0.005495,1464,8.0,1,,,,
extreme,Vijayawada,rainfall,,,4.0,equal_avg,baseline,2,csi,0.0,,,,0.0,,0.0,0.0,-0.005495,1464,8.0,1,,,,
extreme,Vijayawada,rainfall,,,4.0,gem,model,2,csi,0.0,,,,0.0,1.0,0.0,-0.001094,-0.256868,1464,8.0,1,,,,
extreme,Vijayawada,rainfall,,,4.0,gfs,model,2,csi,0.0,,,,0.0,1.0,0.0,-0.001825,-0.508242,1464,8.0,1,,,,
extreme,Vijayawada,rainfall,,,4.0,icon,model,2,csi,0.0,,,,0.0,1.0,0.0,-0.002106,-0.633929,1464,8.0,1,,,,
extreme,Vijayawada,rainfall,,,4.0,weighted_blend,blend,2,csi,0.0,,,,0.0,,0.0,0.0,-0.005495,1464,8.0,1,,,,
extreme,Visakhapatnam,rainfall,,,4.0,gem,model,1,csi,0.0625,,,,0.1,0.857143,0.0625,0.056863,-0.520776,1464,20.0,1,,,,
extreme,Visakhapatnam,rainfall,,,8.0,gem,model,1,csi,0.142857,,,,0.333333,0.8,0.142857,0.141601,-1.004107,1464,3.0,1,,,,
extreme,Visakhapatnam,rainfall,,,8.0,ecmwf,model,2,csi,0.0,,,,0.0,,0.0,0.0,-0.002053,1464,3.0,1,,,,
extreme,Visakhapatnam,rainfall,,,8.0,equal_avg,baseline,2,csi,0.0,,,,0.0,,0.0,0.0,-0.002053,1464,3.0,1,,,,
extreme,Visakhapatnam,rainfall,,,8.0,gfs,model,2,csi,0.0,,,,0.0,,0.0,0.0,-0.002053,1464,3.0,1,,,,
extreme,Visakhapatnam,rainfall,,,8.0,icon,model,2,csi,0.0,,,,0.0,1.0,0.0,-0.000513,-0.336071,1464,3.0,1,,,,
extreme,Visakhapatnam,rainfall,,,8.0,weighted_blend,blend,2,csi,0.0,,,,0.0,,0.0,0.0,-0.002053,1464,3.0,1,,,,
extreme,Visakhapatnam,rainfall,,,4.0,ecmwf,model,2,csi,0.045455,,,,0.05,0.666667,0.045455,0.043673,-0.064543,1464,20.0,1,,,,
extreme,Visakhapatnam,rainfall,,,4.0,icon,model,3,csi,0.037037,,,,0.05,0.875,0.037037,0.033123,-0.318006,1464,20.0,1,,,,
extreme,Visakhapatnam,rainfall,,,4.0,equal_avg,baseline,4,csi,0.0,,,,0.0,1.0,0.0,-0.001785,-0.165928,1464,20.0,1,,,,
extreme,Visakhapatnam,rainfall,,,4.0,gfs,model,4,csi,0.0,,,,0.0,1.0,0.0,-0.001785,-0.165928,1464,20.0,1,,,,
extreme,Visakhapatnam,rainfall,,,4.0,weighted_blend,blend,4,csi,0.0,,,,0.0,1.0,0.0,-0.001785,-0.165928,1464,20.0,1,,,,
extreme,Agartala,temperature,,,35.0,gem,model,1,csi,0.0,,,,,1.0,0.0,0.0,,1464,0.0,1,,,,
extreme,Agartala,temperature,,,35.0,icon,model,1,csi,0.0,,,,,1.0,0.0,0.0,,1464,0.0,1,,,,
extreme,Agra,temperature,,,37.0,gfs,model,1,csi,0.043478,,,,0.5,0.954545,0.043478,0.042227,-10.015048,1464,2.0,1,,,,
extreme,Agra,temperature,,,35.0,ecmwf,model,1,csi,0.769231,,,,0.769231,0.0,0.769231,0.767644,0.767163,1464,13.0,1,,,,
extreme,Agra,temperature,,,37.0,ecmwf,model,2,csi,0.0,,,,0.0,,0.0,0.0,-0.001368,1464,2.0,1,,,,
extreme,Agra,temperature,,,37.0,equal_avg,baseline,2,csi,0.0,,,,0.0,1.0,0.0,-0.000912,-2.004104,1464,2.0,1,,,,
extreme,Agra,temperature,,,37.0,gem,model,2,csi,0.0,,,,0.0,,0.0,0.0,-0.001368,1464,2.0,1,,,,
extreme,Agra,temperature,,,37.0,icon,model,2,csi,0.0,,,,0.0,1.0,0.0,-0.000684,-1.002736,1464,2.0,1,,,,
extreme,Agra,temperature,,,37.0,weighted_blend,blend,2,csi,0.0,,,,0.0,,0.0,0.0,-0.001368,1464,2.0,1,,,,
extreme,Agra,temperature,,,35.0,weighted_blend,blend,2,csi,0.538462,,,,0.538462,0.0,0.538462,0.536244,0.534326,1464,13.0,1,,,,
extreme,Agra,temperature,,,35.0,equal_avg,baseline,3,csi,0.5,,,,0.615385,0.272727,0.5,0.496929,0.379102,1464,13.0,1,,,,
extreme,Agra,temperature,,,35.0,gem,model,4,csi,0.352941,,,,0.461538,0.4,0.352941,0.349544,0.146265,1464,13.0,1,,,,
extreme,Agra,temperature,,,35.0,icon,model,5,csi,0.333333,,,,0.615385,0.578947,0.333333,0.328614,-0.241796,1464,13.0,1,,,,
extreme,Agra,temperature,,,35.0,gfs,model,6,csi,0.073446,,,,1.0,0.926554,0.073446,0.065145,-11.72841,1464,13.0,1,,,,
extreme,Ahmedabad,temperature,,,37.0,gem,model,1,csi,0.0,,,,,1.0,0.0,0.0,,1464,0.0,1,,,,
extreme,Ahmedabad,temperature,,,37.0,gfs,model,1,csi,0.0,,,,,1.0,0.0,0.0,,1464,0.0,1,,,,
extreme,Ahmedabad,temperature,,,35.0,gem,model,1,csi,0.277778,,,,0.555556,0.642857,0.277778,0.274308,-0.453379,1464,9.0,1,,,,
extreme,Ahmedabad,temperature,,,35.0,equal_avg,baseline,2,csi,0.2,,,,0.222222,0.333333,0.2,0.198522,0.105613,1464,9.0,1,,,,
extreme,Ahmedabad,temperature,,,35.0,icon,model,2,csi,0.2,,,,0.333333,0.666667,0.2,0.197038,-0.341581,1464,9.0,1,,,,
extreme,Ahmedabad,temperature,,,35.0,weighted_blend,blend,4,csi,0.1,,,,0.111111,0.5,0.1,0.098892,-0.006186,1464,9.0,1,,,,
extreme,Ahmedabad,temperature,,,35.0,gfs,model,5,csi,0.070175,,,,0.444444,0.923077,0.070175,0.064931,-4.925315,1464,9.0,1,,,,
extreme,Ahmedabad,temperature,,,35.0,ecmwf,model,6,csi,0.0,,,,0.0,,0.0,0.0,-0.006186,1464,9.0,1,,,,
extreme,Amritsar,temperature,,,37.0,equal_avg,baseline,1,csi,0.0,,,,,1.0,0.0,0.0,,1464,0.0,1,,,,
extreme,Amritsar,temperature,,,37.0,gem,model,1,csi,0.0,,,,,1.0,0.0,0.0,,1464,0.0,1,,,,
extreme,Amritsar,temperature,,,37.0,gfs,model,1,csi,0.0,,,,,1.0,0.0,0.0,,1464,0.0,1,,,,
extreme,Amritsar,temperature,,,37.0,icon,model,1,csi,0.0,,,,,1.0,0.0,0.0,,1464,0.0,1,,,,
extreme,Amritsar,temperature,,,37.0,weighted_blend,blend,1,csi,0.0,,,,,1.0,0.0,0.0,,1464,0.0,1,,,,
extreme,Amritsar,temperature,,,35.0,weighted_blend,blend,1,csi,0.323077,,,,0.913043,0.666667,0.323077,0.31261,-0.943578,1464,23.0,1,,,,
extreme,Amritsar,temperature,,,35.0,ecmwf,model,2,csi,0.26087,,,,0.26087,0.0,0.26087,0.257828,0.249072,1464,23.0,1,,,,
extreme,Amritsar,temperature,,,35.0,equal_avg,baseline,3,csi,0.184211,,,,0.913043,0.8125,0.184211,0.171422,-3.108017,1464,23.0,1,,,,
extreme,Amritsar,temperature,,,35.0,icon,model,4,csi,0.184,,,,1.0,0.816,0.184,0.170976,-3.505567,1464,23.0,1,,,,
extreme,Amritsar,temperature,,,35.0,gem,model,5,csi,0.166667,,,,0.869565,0.82906,0.166667,0.153703,-3.417222,1464,23.0,1,,,,
extreme,Amritsar,temperature,,,35.0,gfs,model,6,csi,0.071651,,,,1.0,0.928349,0.071651,0.056834,-12.163323,1464,23.0,1,,,,
extreme,Bhubaneswar,temperature,,,35.0,gem,model,1,csi,0.0,,,,,1.0,0.0,0.0,,1464,0.0,1,,,,
extreme,Bhubaneswar,temperature,,,35.0,gfs,model,1,csi,0.0,,,,,1.0,0.0,0.0,,1464,0.0,1,,,,
extreme,Bhubaneswar,temperature,,,35.0,icon,model,1,csi,0.0,,,,,1.0,0.0,0.0,,1464,0.0,1,,,,
extreme,Chandigarh,temperature,,,35.0,equal_avg,baseline,1,csi,0.0,,,,,1.0,0.0,0.0,,1464,0.0,1,,,,
extreme,Chandigarh,temperature,,,35.0,gem,model,1,csi,0.0,,,,,1.0,0.0,0.0,,1464,0.0,1,,,,
extreme,Chandigarh,temperature,,,35.0,gfs,model,1,csi,0.0,,,,,1.0,0.0,0.0,,1464,0.0,1,,,,
extreme,Chandigarh,temperature,,,35.0,icon,model,1,csi,0.0,,,,,1.0,0.0,0.0,,1464,0.0,1,,,,
extreme,Chandigarh,temperature,,,35.0,weighted_blend,blend,1,csi,0.0,,,,,1.0,0.0,0.0,,1464,0.0,1,,,,
extreme,Chandigarh,temperature,,,37.0,gfs,model,1,csi,0.0,,,,,1.0,0.0,0.0,,1464,0.0,1,,,,
extreme,Chennai,temperature,,,37.0,icon,model,1,csi,0.05,,,,0.5,0.947368,0.05,0.047528,-8.526027,1464,4.0,1,,,,
extreme,Chennai,temperature,,,35.0,weighted_blend,blend,1,csi,0.507576,,,,0.8375,0.436975,0.507576,0.48206,0.140535,1464,80.0,0,,,,
extreme,Chennai,temperature,,,37.0,gfs,model,2,csi,0.021583,,,,0.75,0.978261,0.021583,0.018921,-33.093151,1464,4.0,1,,,,
extreme,Chennai,temperature,,,35.0,ecmwf,model,2,csi,0.453846,,,,0.7375,0.458716,0.453846,0.427621,0.061199,1464,80.0,0,,,,
extreme,Chennai,temperature,,,37.0,ecmwf,model,3,csi,0.0,,,,0.0,1.0,0.0,-0.001825,-2.008219,1464,4.0,1,,,,
extreme,Chennai,temperature,,,37.0,equal_avg,baseline,3,csi,0.0,,,,0.0,1.0,0.0,-0.001368,-1.005479,1464,4.0,1,,,,
extreme,Chennai,temperature,,,37.0,gem,model,3,csi,0.0,,,,0.0,,0.0,0.0,-0.00274,1464,4.0,1,,,,
extreme,Chennai,temperature,,,37.0,weighted_blend,blend,3,csi,0.0,,,,0.0,1.0,0.0,-0.000912,-0.50411,1464,4.0,1,,,,
extreme,Chennai,temperature,,,35.0,equal_avg,baseline,3,csi,0.448052,,,,0.8625,0.517483,0.448052,0.418548,-0.123916,1464,80.0,0,,,,
extreme,Chennai,temperature,,,35.0,icon,model,4,csi,0.288703,,,,0.8625,0.697368,0.288703,0.249584,-1.247832,1464,80.0,0,,,,
extreme,Chennai,temperature,,,35.0,gfs,model,5,csi,0.261905,,,,0.9625,0.735395,0.261905,0.219701,-1.869292,1464,80.0,0,,,,
extreme,Chennai,temperature,,,35.0,gem,model,6,csi,0.1,,,,0.1,0.0,0.1,0.095055,0.047977,1464,80.0,0,,,,
extreme,Coimbatore,temperature,,,35.0,gfs,model,1,csi,0.0,,,,,1.0,0.0,0.0,,1464,0.0,1,,,,
extreme,Delhi,temperature,,,37.0,equal_avg,baseline,1,csi,0.0,,,,,1.0,0.0,0.0,,1464,0.0,1,,,,
extreme,Delhi,temperature,,,37.0,gem,model,1,csi,0.0,,,,,1.0,0.0,0.0,,1464,0.0,1,,,,
extreme,Delhi,temperature,,,37.0,gfs,model,1,csi,0.0,,,,,1.0,0.0,0.0,,1464,0.0,1,,,,
extreme,Delhi,temperature,,,37.0,icon,model,1,csi,0.0,,,,,1.0,0.0,0.0,,1464,0.0,1,,,,
extreme,Delhi,temperature,,,37.0,weighted_blend,blend,1,csi,0.0,,,,,1.0,0.0,0.0,,1464,0.0,1,,,,
extreme,Delhi,temperature,,,35.0,ecmwf,model,1,csi,0.75,,,,0.882353,0.166667,0.75,0.74736,0.702427,1464,17.0,1,,,,
extreme,Delhi,temperature,,,35.0,weighted_blend,blend,2,csi,0.592593,,,,0.941176,0.384615,0.592593,0.587985,0.345339,1464,17.0,1,,,,
extreme,Delhi,temperature,,,35.0,gem,model,3,csi,0.382353,,,,0.764706,0.566667,0.382353,0.375959,-0.249807,1464,17.0,1,,,,
extreme,Delhi,temperature,,,35.0,equal_avg,baseline,4,csi,0.253731,,,,1.0,0.746269,0.253731,0.244964,-1.975731,1464,17.0,1,,,,
extreme,Delhi,temperature,,,35.0,icon,model,5,csi,0.207792,,,,0.941176,0.789474,0.207792,0.198607,-2.630391,1464,17.0,1,,,,
extreme,Delhi,temperature,,,35.0,gfs,model,6,csi,0.047887,,,,1.0,0.952113,0.047887,0.036701,-19.11594,1464,17.0,1,,,,
extreme,Ghaziabad,temperature,,,37.0,equal_avg,baseline,1,csi,0.0,,,,,1.0,0.0,0.0,,1464,0.0,1,,,,
extreme,Ghaziabad,temperature,,,37.0,gfs,model,1,csi,0.0,,,,,1.0,0.0,0.0,,1464,0.0,1,,,,
extreme,Ghaziabad,temperature,,,35.0,weighted_blend,blend,1,csi,0.5,,,,0.8,0.428571,0.5,0.498501,0.197258,1464,5.0,1,,,,
extreme,Ghaziabad,temperature,,,35.0,gem,model,2,csi,0.125,,,,0.6,0.863636,0.125,0.122252,-3.214393,1464,5.0,1,,,,
extreme,Ghaziabad,temperature,,,35.0,equal_avg,baseline,3,csi,0.114286,,,,0.8,0.882353,0.114286,0.111337,-5.221247,1464,5.0,1,,,,
extreme,Ghaziabad,temperature,,,35.0,icon,model,4,csi,0.111111,,,,0.8,0.885714,0.111111,0.10815,-5.421933,1464,5.0,1,,,,
extreme,Ghaziabad,temperature,,,35.0,gfs,model,5,csi,0.022026,,,,1.0,0.977974,0.022026,0.018675,-43.552159,1464,5.0,1,,,,
extreme,Ghaziabad,temperature,,,35.0,ecmwf,model,6,csi,0.0,,,,0.0,,0.0,0.0,-0.003427,1464,5.0,1,,,,
extreme,Guwahati,temperature,,,35.0,weighted_blend,blend,1,csi,0.2,,,,1.0,0.8,0.2,0.199453,-3.002734,1464,1.0,1,,,,
extreme,Guwahati,temperature,,,35.0,equal_avg,baseline,2,csi,0.142857,,,,1.0,0.857143,0.142857,0.142271,-5.004101,1464,1.0,1,,,,
extreme,Guwahati,temperature,,,35.0,icon,model,3,csi,0.0625,,,,1.0,0.9375,0.0625,0.061859,-14.010253,1464,1.0,1,,,,
extreme,Guwahati,temperature,,,35.0,gem,model,4,csi,0.035714,,,,1.0,0.964286,0.035714,0.035055,-26.018455,1464,1.0,1,,,,
extreme,Guwahati,temperature,,,35.0,ecmwf,model,5,csi,0.0,,,,0.0,,0.0,0.0,-0.000684,1464,1.0,1,,,,
extreme,Guwahati,temperature,,,35.0,gfs,model,5,csi,0.0,,,,0.0,1.0,0.0,-0.000608,-8.006152,1464,1.0,1,,,,
extreme,IN,temperature,,,37.0,icon,model,1,csi,0.364,,,,0.602649,0.521053,0.364,0.36289,-0.055399,65880,151.0,0,0.033073,0.510801,1,4
extreme,IN,temperature,,,35.0,weighted_blend,blend,1,csi,0.567787,,,,0.735736,0.286754,0.567787,0.56428,0.43422,65880,666.0,0,0.416957,0.643228,1,2
extreme,IN,temperature,,,37.0,weighted_blend,blend,2,csi,0.339506,,,,0.364238,0.166667,0.339506,0.338889,0.289763,65880,151.0,0,0.0,0.5,1,2
extreme,IN,temperature,,,35.0,ecmwf,model,2,csi,0.520694,,,,0.585586,0.175476,0.520694,0.517615,0.455456,65880,666.0,0,0.282232,0.637078,1,4
extreme,IN,temperature,,,37.0,ecmwf,model,3,csi,0.285714,,,,0.304636,0.178571,0.285714,0.285144,0.236661,65880,151.0,0,0.0,0.666667,1,6
extreme,IN,temperature,,,35.0,equal_avg,baseline,3,csi,0.441921,,,,0.75976,0.486294,0.441921,0.437025,0.030742,65880,666.0,0,0.275583,0.561519,2,3
extreme,IN,temperature,,,37.0,equal_avg,baseline,4,csi,0.260664,,,,0.364238,0.521739,0.260664,0.259739,-0.035486,65880,151.0,0,0.0,0.314702,2,4
extreme,IN,temperature,,,35.0,icon,model,4,csi,0.38964,,,,0.779279,0.562025,0.38964,0.3841,-0.233187,65880,666.0,0,0.206103,0.548646,3,4
extreme,IN,temperature,,,37.0,gem,model,5,csi,0.208178,,,,0.370861,0.678161,0.208178,0.207003,-0.413837,65880,151.0,0,0.0,0.280492,3,5
extreme,IN,temperature,,,35.0,gem,model,5,csi,0.329795,,,,0.653153,0.600184,0.329795,0.32416,-0.340883,65880,666.0,0,0.141279,0.481973,5,5
extreme,IN,temperature,,,37.0,gfs,model,6,csi,0.048826,,,,0.344371,0.94617,0.048826,0.046845,-5.724021,65880,151.0,0,0.00543,0.105266,5,6
extreme,IN,temperature,,,35.0,gfs,model,6,csi,0.152522,,,,0.758258,0.839683,0.152522,0.144292,-3.256241,65880,666.0,0,0.065926,0.258837,6,6
extreme,Jaipur,temperature,,,37.0,gfs,model,1,csi,0.0,,,,,1.0,0.0,0.0,,1464,0.0,1,,,,
extreme,Jaipur,temperature,,,37.0,icon,model,1,csi,0.0,,,,,1.0,0.0,0.0,,1464,0.0,1,,,,
extreme,Jaipur,temperature,,,35.0,equal_avg,baseline,1,csi,0.769231,,,,0.833333,0.090909,0.769231,0.767619,0.747934,1464,12.0,1,,,,
extreme,Jaipur,temperature,,,35.0,icon,model,2,csi,0.733333,,,,0.916667,0.214286,0.733333,0.731278,0.663912,1464,12.0,1,,,,
extreme,Jaipur,temperature,,,35.0,weighted_blend,blend,3,csi,0.666667,,,,0.666667,0.0,0.666667,0.664835,0.663912,1464,12.0,1,,,,
extreme,Jaipur,temperature,,,35.0,ecmwf,model,4,csi,0.25,,,,0.25,0.0,0.25,0.24846,0.243802,1464,12.0,1,,,,
extreme,Jaipur,temperature,,,35.0,gem,model,4,csi,0.25,,,,0.416667,0.615385,0.25,0.245983,-0.260331,1464,12.0,1,,,,
extreme,Jaipur,temperature,,,35.0,gfs,model,6,csi,0.133333,,,,1.0,0.866667,0.133333,0.126171,-5.553719,1464,12.0,1,,,,
extreme,Jodhpur,temperature,,,35.0,ecmwf,model,1,csi,0.761194,,,,0.944444,0.203125,0.761194,0.752473,0.692356,1464,54.0,0,,,,
extreme,Jodhpur,temperature,,,37.0,ecmwf,model,1,csi,1.0,,,,1.0,0.0,1.0,1.0,1.0,1464,4.0,1,,,,
extreme,Jodhpur,temperature,,,37.0,icon,model,1,csi,1.0,,,,1.0,0.0,1.0,1.0,1.0,1464,4.0,1,,,,
extreme,Jodhpur,temperature,,,37.0,weighted_blend,blend,1,csi,1.0,,,,1.0,0.0,1.0,1.0,1.0,1464,4.0,1,,,,
extreme,Jodhpur,temperature,,,35.0,weighted_blend,blend,2,csi,0.632911,,,,0.925926,0.333333,0.632911,0.61959,0.442396,1464,54.0,0,,,,
extreme,Jodhpur,temperature,,,35.0,icon,model,3,csi,0.46988,,,,0.722222,0.426471,0.46988,0.45336,0.15398,1464,54.0,0,,,,
extreme,Jodhpur,temperature,,,35.0,equal_avg,baseline,4,csi,0.462963,,,,0.925926,0.519231,0.462963,0.443185,-0.115209,1464,54.0,0,,,,
extreme,Jodhpur,temperature,,,37.0,equal_avg,baseline,4,csi,0.5,,,,1.0,0.5,0.5,0.49863,-0.00274,1464,4.0,1,,,,
extreme,Jodhpur,temperature,,,37.0,gfs,model,5,csi,0.074074,,,,1.0,0.925926,0.074074,0.071537,-11.534247,1464,4.0,1,,,,
extreme,Jodhpur,temperature,,,35.0,gem,model,5,csi,0.324324,,,,0.888889,0.661972,0.324324,0.299535,-0.922774,1464,54.0,0,,,,
extreme,Jodhpur,temperature,,,37.0,gem,model,6,csi,0.052632,,,,0.25,0.9375,0.052632,0.050447,-3.512329,1464,4.0,1,,,,
extreme,Jodhpur,temperature,,,35.0,gfs,model,6,csi,0.201581,,,,0.944444,0.796,0.201581,0.17138,-2.884003,1464,54.0,0,,,,
extreme,Kanpur,temperature,,,37.0,gfs,model,1,csi,0.0,,,,,1.0,0.0,0.0,,1464,0.0,1,,,,
extreme,Kanpur,temperature,,,35.0,equal_avg,baseline,1,csi,0.142857,,,,1.0,0.857143,0.142857,0.142271,-5.004101,1464,1.0,1,,,,
extreme,Kanpur,temperature,,,35.0,gfs,model,2,csi,0.017241,,,,1.0,0.982759,0.017241,0.01657,-56.038961,1464,1.0,1,,,,
extreme,Kanpur,temperature,,,35.0,ecmwf,model,3,csi,0.0,,,,0.0,,0.0,0.0,-0.000684,1464,1.0,1,,,,
extreme,Kanpur,temperature,,,35.0,gem,model,3,csi,0.0,,,,0.0,1.0,0.0,-0.000659,-27.019139,1464,1.0,1,,,,
extreme,Kanpur,temperature,,,35.0,icon,model,3,csi,0.0,,,,0.0,1.0,0.0,-0.000631,-12.008886,1464,1.0,1,,,,
extreme,Kanpur,temperature,,,35.0,weighted_blend,blend,3,csi,0.0,,,,0.0,1.0,0.0,-0.000342,-1.001367,1464,1.0,1,,,,
extreme,Kolkata,temperature,,,35.0,gfs,model,1,csi,0.0,,,,,1.0,0.0,0.0,,1464,0.0,1,,,,
extreme,Kota,temperature,,,37.0,equal_avg,baseline,1,csi,0.0,,,,,1.0,0.0,0.0,,1464,0.0,1,,,,
extreme,Kota,temperature,,,37.0,gem,model,1,csi,0.0,,,,,1.0,0.0,0.0,,1464,0.0,1,,,,
extreme,Kota,temperature,,,37.0,gfs,model,1,csi,0.0,,,,,1.0,0.0,0.0,,1464,0.0,1,,,,
extreme,Kota,temperature,,,35.0,weighted_blend,blend,1,csi,0.875,,,,0.875,0.0,0.875,0.874399,0.874313,1464,8.0,1,,,,
extreme,Kota,temperature,,,35.0,ecmwf,model,2,csi,0.75,,,,0.75,0.0,0.75,0.748971,0.748626,1464,8.0,1,,,,
extreme,Kota,temperature,,,35.0,equal_avg,baseline,3,csi,0.727273,,,,1.0,0.272727,0.727273,0.725774,0.62294,1464,8.0,1,,,,
extreme,Kota,temperature,,,35.0,gem,model,4,csi,0.666667,,,,1.0,0.333333,0.666667,0.664835,0.497253,1464,8.0,1,,,,
extreme,Kota,temperature,,,35.0,icon,model,5,csi,0.583333,,,,0.875,0.363636,0.583333,0.581236,0.371566,1464,8.0,1,,,,
extreme,Kota,temperature,,,35.0,gfs,model,6,csi,0.195122,,,,1.0,0.804878,0.195122,0.1907,-3.147665,1464,8.0,1,,,,
extreme,Lucknow,temperature,,,35.0,equal_avg,baseline,1,csi,0.0,,,,,1.0,0.0,0.0,,1464,0.0,1,,,,
extreme,Lucknow,temperature,,,35.0,gem,model,1,csi,0.0,,,,,1.0,0.0,0.0,,1464,0.0,1,,,,
extreme,Lucknow,temperature,,,35.0,gfs,model,1,csi,0.0,,,,,1.0,0.0,0.0,,1464,0.0,1,,,,
extreme,Lucknow,temperature,,,35.0,icon,model,1,csi,0.0,,,,,1.0,0.0,0.0,,1464,0.0,1,,,,
extreme,Lucknow,temperature,,,35.0,weighted_blend,blend,1,csi,0.0,,,,,1.0,0.0,0.0,,1464,0.0,1,,,,
extreme,Lucknow,temperature,,,37.0,gfs,model,1,csi,0.0,,,,,1.0,0.0,0.0,,1464,0.0,1,,,,
extreme,Ludhiana,temperature,,,37.0,weighted_blend,blend,1,csi,0.333333,,,,0.333333,0.0,0.333333,0.331507,0.327824,1464,12.0,1,,,,
extreme,Ludhiana,temperature,,,35.0,weighted_blend,blend,1,csi,0.647619,,,,0.781609,0.209302,0.647619,0.62959,0.547843,1464,87.0,0,,,,
extreme,Ludhiana,temperature,,,37.0,equal_avg,baseline,2,csi,0.296296,,,,0.666667,0.652174,0.296296,0.291348,-0.596419,1464,12.0,1,,,,
extreme,Ludhiana,temperature,,,35.0,equal_avg,baseline,2,csi,0.558824,,,,0.873563,0.392,0.558824,0.533334,0.266772,1464,87.0,0,,,,
extreme,Ludhiana,temperature,,,37.0,gem,model,3,csi,0.232558,,,,0.833333,0.756098,0.232558,0.226513,-1.772727,1464,12.0,1,,,,
extreme,Ludhiana,temperature,,,35.0,icon,model,3,csi,0.552846,,,,0.781609,0.346154,0.552846,0.529189,0.327874,1464,87.0,0,,,,
extreme,Ludhiana,temperature,,,37.0,icon,model,4,csi,0.15,,,,0.25,0.727273,0.15,0.146151,-0.428375,1464,12.0,1,,,,
extreme,Ludhiana,temperature,,,35.0,gem,model,4,csi,0.454545,,,,0.804598,0.489051,0.454545,0.4241,-0.026519,1464,87.0,0,,,,
extreme,Ludhiana,temperature,,,37.0,gfs,model,5,csi,0.057143,,,,0.833333,0.942197,0.057143,0.04944,-12.863636,1464,12.0,1,,,,
extreme,Ludhiana,temperature,,,35.0,gfs,model,5,csi,0.231405,,,,0.965517,0.766667,0.231405,0.183271,-2.409511,1464,87.0,0,,,,
extreme,Ludhiana,temperature,,,37.0,ecmwf,model,6,csi,0.0,,,,0.0,,0.0,0.0,-0.008264,1464,12.0,1,,,,
extreme,Ludhiana,temperature,,,35.0,ecmwf,model,6,csi,0.172414,,,,0.172414,0.0,0.172414,0.163847,0.120126,1464,87.0,0,,,,
extreme,Madurai,temperature,,,37.0,icon,model,1,csi,0.539474,,,,0.635659,0.219048,0.539474,0.509625,0.40493,1464,129.0,0,,,,
extreme,Madurai,temperature,,,35.0,icon,model,1,csi,0.707602,,,,0.809365,0.150877,0.707602,0.647631,0.579715,1464,299.0,0,,,,
extreme,Madurai,temperature,,,37.0,weighted_blend,blend,2,csi,0.358779,,,,0.364341,0.040816,0.358779,0.336924,0.285916,1464,129.0,0,,,,
extreme,Madurai,temperature,,,35.0,weighted_blend,blend,2,csi,0.692557,,,,0.715719,0.044643,0.692557,0.639128,0.600729,1464,299.0,0,,,,
extreme,Madurai,temperature,,,37.0,equal_avg,baseline,3,csi,0.328244,,,,0.333333,0.044444,0.328244,0.307277,0.251912,1464,129.0,0,,,,
extreme,Madurai,temperature,,,35.0,ecmwf,model,3,csi,0.667752,,,,0.685619,0.037559,0.667752,0.6129,0.571309,1464,299.0,0,,,,
extreme,Madurai,temperature,,,37.0,ecmwf,model,4,csi,0.320611,,,,0.325581,0.045455,0.320611,0.29989,0.243411,1464,129.0,0,,,,
extreme,Madurai,temperature,,,35.0,equal_avg,baseline,4,csi,0.662461,,,,0.702341,0.078947,0.662461,0.60434,0.550295,1464,299.0,0,,,,
extreme,Madurai,temperature,,,37.0,gem,model,5,csi,0.3125,,,,0.348837,0.25,0.3125,0.286297,0.158401,1464,129.0,0,,,,
extreme,Madurai,temperature,,,35.0,gem,model,5,csi,0.635569,,,,0.729097,0.167939,0.635569,0.568207,0.474644,1464,299.0,0,,,,
extreme,Madurai,temperature,,,37.0,gfs,model,6,csi,0.248175,,,,0.263566,0.190476,0.248175,0.227302,0.124397,1464,129.0,0,,,,
extreme,Madurai,temperature,,,35.0,gfs,model,6,csi,0.534125,,,,0.602007,0.174312,0.534125,0.463205,0.340152,1464,299.0,0,,,,
extreme,Patna,temperature,,,37.0,equal_avg,baseline,1,csi,0.0,,,,,1.0,0.0,0.0,,1464,0.0,1,,,,
extreme,Patna,temperature,,,37.0,gem,model,1,csi,0.0,,,,,1.0,0.0,0.0,,1464,0.0,1,,,,
extreme,Patna,temperature,,,37.0,gfs,model,1,csi,0.0,,,,,1.0,0.0,0.0,,1464,0.0,1,,,,
extreme,Patna,temperature,,,35.0,ecmwf,model,1,csi,0.5,,,,1.0,0.5,0.5,0.49863,-0.00274,1464,4.0,1,,,,
extreme,Patna,temperature,,,35.0,weighted_blend,blend,2,csi,0.214286,,,,0.75,0.769231,0.214286,0.212287,-1.757534,1464,4.0,1,,,,
extreme,Patna,temperature,,,35.0,icon,model,3,csi,0.2,,,,0.75,0.785714,0.2,0.197955,-2.008219,1464,4.0,1,,,,
extreme,Patna,temperature,,,35.0,equal_avg,baseline,4,csi,0.130435,,,,0.75,0.863636,0.130435,0.128156,-4.013699,1464,4.0,1,,,,
extreme,Patna,temperature,,,35.0,gem,model,5,csi,0.125,,,,0.75,0.869565,0.125,0.122703,-4.264384,1464,4.0,1,,,,
extreme,Patna,temperature,,,35.0,gfs,model,6,csi,0.015267,,,,1.0,0.984733,0.015267,0.012569,-63.676712,1464,4.0,1,,,,
extreme,Srinagar,temperature,,,35.0,equal_avg,baseline,1,csi,0.0,,,,,1.0,0.0,0.0,,1464,0.0,1,,,,
extreme,Srinagar,temperature,,,35.0,gem,model,1,csi,0.0,,,,,1.0,0.0,0.0,,1464,0.0,1,,,,
extreme,Srinagar,temperature,,,35.0,gfs,model,1,csi,0.0,,,,,1.0,0.0,0.0,,1464,0.0,1,,,,
extreme,Srinagar,temperature,,,35.0,icon,model,1,csi,0.0,,,,,1.0,0.0,0.0,,1464,0.0,1,,,,
extreme,Srinagar,temperature,,,35.0,weighted_blend,blend,1,csi,0.0,,,,,1.0,0.0,0.0,,1464,0.0,1,,,,
extreme,Srinagar,temperature,,,37.0,gem,model,1,csi,0.0,,,,,1.0,0.0,0.0,,1464,0.0,1,,,,
extreme,Vadodara,temperature,,,35.0,gfs,model,1,csi,0.047619,,,,1.0,0.952381,0.047619,0.046968,-19.013671,1464,1.0,1,,,,
extreme,Vadodara,temperature,,,35.0,ecmwf,model,2,csi,0.0,,,,0.0,,0.0,0.0,-0.000684,1464,1.0,1,,,,
extreme,Vadodara,temperature,,,35.0,equal_avg,baseline,2,csi,0.0,,,,0.0,,0.0,0.0,-0.000684,1464,1.0,1,,,,
extreme,Vadodara,temperature,,,35.0,gem,model,2,csi,0.0,,,,0.0,1.0,0.0,-0.000456,-2.002051,1464,1.0,1,,,,
extreme,Vadodara,temperature,,,35.0,icon,model,2,csi,0.0,,,,0.0,1.0,0.0,-0.000513,-3.002734,1464,1.0,1,,,,
extreme,Vadodara,temperature,,,35.0,weighted_blend,blend,2,csi,0.0,,,,0.0,,0.0,0.0,-0.000684,1464,1.0,1,,,,
extreme,Varanasi,temperature,,,35.0,equal_avg,baseline,1,csi,0.0,,,,,1.0,0.0,0.0,,1464,0.0,1,,,,
extreme,Varanasi,temperature,,,35.0,gem,model,1,csi,0.0,,,,,1.0,0.0,0.0,,1464,0.0,1,,,,
extreme,Varanasi,temperature,,,35.0,gfs,model,1,csi,0.0,,,,,1.0,0.0,0.0,,1464,0.0,1,,,,
extreme,Varanasi,temperature,,,35.0,icon,model,1,csi,0.0,,,,,1.0,0.0,0.0,,1464,0.0,1,,,,
extreme,Varanasi,temperature,,,35.0,weighted_blend,blend,1,csi,0.0,,,,,1.0,0.0,0.0,,1464,0.0,1,,,,
extreme,Varanasi,temperature,,,37.0,gfs,model,1,csi,0.0,,,,,1.0,0.0,0.0,,1464,0.0,1,,,,
extreme,Vijayawada,temperature,,,37.0,gem,model,1,csi,0.0,,,,,1.0,0.0,0.0,,1464,0.0,1,,,,
extreme,Vijayawada,temperature,,,37.0,gfs,model,1,csi,0.0,,,,,1.0,0.0,0.0,,1464,0.0,1,,,,
extreme,Vijayawada,temperature,,,37.0,icon,model,1,csi,0.0,,,,,1.0,0.0,0.0,,1464,0.0,1,,,,
extreme,Vijayawada,temperature,,,35.0,weighted_blend,blend,1,csi,0.458333,,,,0.578947,0.3125,0.458333,0.448795,0.297557,1464,38.0,0,,,,
extreme,Vijayawada,temperature,,,35.0,equal_avg,baseline,2,csi,0.356164,,,,0.684211,0.57377,0.356164,0.34189,-0.269801,1464,38.0,0,,,,
extreme,Vijayawada,temperature,,,35.0,icon,model,3,csi,0.245098,,,,0.657895,0.719101,0.245098,0.227605,-1.080313,1464,38.0,0,,,,
extreme,Vijayawada,temperature,,,35.0,gfs,model,4,csi,0.238095,,,,0.657895,0.728261,0.238095,0.220364,-1.161364,1464,38.0,0,,,,
extreme,Vijayawada,temperature,,,35.0,gem,model,5,csi,0.152047,,,,0.684211,0.836478,0.152047,0.131075,-2.917473,1464,38.0,0,,,,
extreme,Vijayawada,temperature,,,35.0,ecmwf,model,6,csi,0.131579,,,,0.131579,0.0,0.131579,0.128603,0.108437,1464,38.0,0,,,,
extreme,Visakhapatnam,temperature,,,35.0,ecmwf,model,1,csi,0.578947,,,,0.785714,0.3125,0.578947,0.575529,0.423054,1464,14.0,1,,,,
extreme,Visakhapatnam,temperature,,,35.0,gem,model,2,csi,0.071429,,,,0.071429,0.0,0.071429,0.070794,0.062463,1464,14.0,1,,,,
extreme,Visakhapatnam,temperature,,,35.0,weighted_blend,blend,2,csi,0.071429,,,,0.071429,0.0,0.071429,0.070794,0.062463,1464,14.0,1,,,,
extreme,Visakhapatnam,temperature,,,35.0,equal_avg,baseline,4,csi,0.0,,,,0.0,,0.0,0.0,-0.009655,1464,14.0,1,,,,
extreme,Visakhapatnam,temperature,,,35.0,gfs,model,4,csi,0.0,,,,0.0,,0.0,0.0,-0.009655,1464,14.0,1,,,,
extreme,Visakhapatnam,temperature,,,35.0,icon,model,4,csi,0.0,,,,0.0,1.0,0.0,-0.00169,-0.22601,1464,14.0,1,,,,
extreme,Agartala,wind_speed,,,25.0,ecmwf,model,1,csi,0.0,,,,0.0,,0.0,0.0,-0.000684,1464,1.0,1,,,,
extreme,Agartala,wind_speed,,,25.0,equal_avg,baseline,1,csi,0.0,,,,0.0,,0.0,0.0,-0.000684,1464,1.0,1,,,,
extreme,Agartala,wind_speed,,,25.0,gem,model,1,csi,0.0,,,,0.0,,0.0,0.0,-0.000684,1464,1.0,1,,,,
extreme,Agartala,wind_speed,,,25.0,gfs,model,1,csi,0.0,,,,0.0,1.0,0.0,-0.00057,-5.004101,1464,1.0,1,,,,
extreme,Agartala,wind_speed,,,25.0,icon,model,1,csi,0.0,,,,0.0,,0.0,0.0,-0.000684,1464,1.0,1,,,,
extreme,Agartala,wind_speed,,,25.0,weighted_blend,blend,1,csi,0.0,,,,0.0,,0.0,0.0,-0.000684,1464,1.0,1,,,,
extreme,Agra,wind_speed,,,25.0,gem,model,1,csi,0.0,,,,,1.0,0.0,0.0,,1464,0.0,1,,,,
extreme,Ahmedabad,wind_speed,,,25.0,gem,model,1,csi,0.0,,,,,1.0,0.0,0.0,,1464,0.0,1,,,,
extreme,Ahmedabad,wind_speed,,,25.0,gfs,model,1,csi,0.0,,,,,1.0,0.0,0.0,,1464,0.0,1,,,,
extreme,Ahmedabad,wind_speed,,,32.0,gfs,model,1,csi,0.0,,,,,1.0,0.0,0.0,,1464,0.0,1,,,,
extreme,Amritsar,wind_speed,,,25.0,gfs,model,1,csi,0.0,,,,,1.0,0.0,0.0,,1464,0.0,1,,,,
extreme,Bengaluru,wind_speed,,,32.0,gem,model,1,csi,0.0,,,,,1.0,0.0,0.0,,1464,0.0,1,,,,
extreme,Bengaluru,wind_speed,,,32.0,gfs,model,1,csi,0.0,,,,,1.0,0.0,0.0,,1464,0.0,1,,,,
extreme,Bengaluru,wind_speed,,,25.0,weighted_blend,blend,1,csi,0.083333,,,,1.0,0.916667,0.083333,0.082707,-10.007519,1464,1.0,1,,,,
extreme,Bengaluru,wind_speed,,,25.0,ecmwf,model,2,csi,0.066667,,,,1.0,0.933333,0.066667,0.066029,-13.009569,1464,1.0,1,,,,
extreme,Bengaluru,wind_speed,,,25.0,equal_avg,baseline,3,csi,0.037037,,,,1.0,0.962963,0.037037,0.036379,-25.017772,1464,1.0,1,,,,
extreme,Bengaluru,wind_speed,,,25.0,gem,model,4,csi,0.008772,,,,1.0,0.991228,0.008772,0.008094,-112.077239,1464,1.0,1,,,,
extreme,Bengaluru,wind_speed,,,25.0,gfs,model,5,csi,0.006897,,,,1.0,0.993103,0.006897,0.006218,-143.098428,1464,1.0,1,,,,
extreme,Bengaluru,wind_speed,,,25.0,icon,model,6,csi,0.0,,,,0.0,,0.0,0.0,-0.000684,1464,1.0,1,,,,
extreme,Bhopal,wind_speed,,,25.0,gem,model,1,csi,0.0,,,,,1.0,0.0,0.0,,1464,0.0,1,,,,
extreme,Bhopal,wind_speed,,,25.0,gfs,model,1,csi,0.0,,,,,1.0,0.0,0.0,,1464,0.0,1,,,,
extreme,Bhubaneswar,wind_speed,,,32.0,gfs,model,1,csi,0.0,,,,,1.0,0.0,0.0,,1464,0.0,1,,,,
extreme,Bhubaneswar,wind_speed,,,25.0,equal_avg,baseline,1,csi,1.0,,,,1.0,0.0,1.0,1.0,1.0,1464,2.0,1,,,,
extreme,Bhubaneswar,wind_speed,,,25.0,ecmwf,model,2,csi,0.666667,,,,1.0,0.333333,0.666667,0.666211,0.499316,1464,2.0,1,,,,
extreme,Bhubaneswar,wind_speed,,,25.0,weighted_blend,blend,3,csi,0.5,,,,1.0,0.5,0.5,0.499316,-0.001368,1464,2.0,1,,,,
extreme,Bhubaneswar,wind_speed,,,25.0,gem,model,4,csi,0.083333,,,,1.0,0.916667,0.083333,0.082079,-10.015048,1464,2.0,1,,,,
extreme,Bhubaneswar,wind_speed,,,25.0,gfs,model,5,csi,0.054054,,,,1.0,0.945946,0.054054,0.05276,-16.52394,1464,2.0,1,,,,
extreme,Bhubaneswar,wind_speed,,,25.0,icon,model,6,csi,0.0,,,,0.0,,0.0,0.0,-0.001368,1464,2.0,1,,,,
extreme,Chandigarh,wind_speed,,,25.0,gem,model,1,csi,0.0,,,,,1.0,0.0,0.0,,1464,0.0,1,,,,
extreme,Chandigarh,wind_speed,,,25.0,gfs,model,1,csi,0.0,,,,,1.0,0.0,0.0,,1464,0.0,1,,,,
extreme,Chennai,wind_speed,,,25.0,gem,model,1,csi,0.0,,,,,1.0,0.0,0.0,,1464,0.0,1,,,,
extreme,Chennai,wind_speed,,,25.0,gfs,model,1,csi,0.0,,,,,1.0,0.0,0.0,,1464,0.0,1,,,,
extreme,Chennai,wind_speed,,,32.0,gfs,model,1,csi,0.0,,,,,1.0,0.0,0.0,,1464,0.0,1,,,,
extreme,Coimbatore,wind_speed,,,32.0,gem,model,1,csi,0.0,,,,,1.0,0.0,0.0,,1464,0.0,1,,,,
extreme,Coimbatore,wind_speed,,,25.0,ecmwf,model,1,csi,0.5,,,,0.785714,0.421053,0.5,0.495836,0.2067,1464,14.0,1,,,,
extreme,Coimbatore,wind_speed,,,25.0,weighted_blend,blend,2,csi,0.448276,,,,0.928571,0.535714,0.448276,0.443134,-0.153892,1464,14.0,1,,,,
extreme,Coimbatore,wind_speed,,,25.0,icon,model,3,csi,0.202899,,,,1.0,0.797101,0.202899,0.195202,-2.966502,1464,14.0,1,,,,
extreme,Coimbatore,wind_speed,,,25.0,equal_avg,baseline,4,csi,0.155556,,,,1.0,0.844444,0.155556,0.147402,-4.480985,1464,14.0,1,,,,
extreme,Coimbatore,wind_speed,,,25.0,gfs,model,5,csi,0.12766,,,,0.857143,0.869565,0.12766,0.119418,-4.913695,1464,14.0,1,,,,
extreme,Coimbatore,wind_speed,,,25.0,gem,model,6,csi,0.039326,,,,1.0,0.960674,0.039326,0.03005,-23.664433,1464,14.0,1,,,,
extreme,Delhi,wind_speed,,,25.0,gfs,model,1,csi,0.0,,,,,1.0,0.0,0.0,,1464,0.0,1,,,,
extreme,Ghaziabad,wind_speed,,,25.0,gem,model,1,csi,0.0,,,,,1.0,0.0,0.0,,1464,0.0,1,,,,
extreme,Ghaziabad,wind_speed,,,32.0,gem,model,1,csi,0.0,,,,,1.0,0.0,0.0,,1464,0.0,1,,,,
extreme,Goa,wind_speed,,,25.0,ecmwf,model,1,csi,0.0,,,,,1.0,0.0,0.0,,1464,0.0,1,,,,
extreme,Hyderabad,wind_speed,,,32.0,gem,model,1,csi,0.0,,,,,1.0,0.0,0.0,,1464,0.0,1,,,,
extreme,Hyderabad,wind_speed,,,32.0,gfs,model,1,csi,0.0,,,,,1.0,0.0,0.0,,1464,0.0,1,,,,
extreme,Hyderabad,wind_speed,,,25.0,weighted_blend,blend,1,csi,0.166667,,,,1.0,0.833333,0.166667,0.166097,-4.003418,1464,1.0,1,,,,
extreme,Hyderabad,wind_speed,,,25.0,ecmwf,model,2,csi,0.111111,,,,1.0,0.888889,0.111111,0.110504,-7.005468,1464,1.0,1,,,,
extreme,Hyderabad,wind_speed,,,25.0,equal_avg,baseline,3,csi,0.041667,,,,1.0,0.958333,0.041667,0.041012,-22.015721,1464,1.0,1,,,,
extreme,Hyderabad,wind_speed,,,25.0,gem,model,4,csi,0.005556,,,,1.0,0.994444,0.005556,0.004876,-178.122351,1464,1.0,1,,,,
extreme,Hyderabad,wind_speed,,,25.0,gfs,model,5,csi,0.003584,,,,1.0,0.996416,0.003584,0.002903,-277.190021,1464,1.0,1,,,,
extreme,Hyderabad,wind_speed,,,25.0,icon,model,6,csi,0.0,,,,0.0,,0.0,0.0,-0.000684,1464,1.0,1,,,,
extreme,IN,wind_speed,,,32.0,ecmwf,model,1,csi,0.214286,,,,0.230769,0.25,0.214286,0.214241,0.153679,65880,13.0,1,0.0,0.375,1,2
extreme,IN,wind_speed,,,25.0,weighted_blend,blend,1,csi,0.423077,,,,0.639535,0.444444,0.423077,0.421928,0.125624,65880,172.0,0,0.234375,0.524406,1,2
extreme,IN,wind_speed,,,32.0,weighted_blend,blend,2,csi,0.076923,,,,0.076923,0.0,0.076923,0.076909,0.076741,65880,13.0,1,0.0,0.142857,1,2
extreme,IN,wind_speed,,,25.0,ecmwf,model,2,csi,0.392226,,,,0.645349,0.5,0.392226,0.390979,-0.002618,65880,172.0,0,0.233543,0.508545,1,3
extreme,IN,wind_speed,,,32.0,gfs,model,3,csi,0.027431,,,,0.846154,0.972431,0.027431,0.02724,-29.005921,65880,13.0,1,0.0,0.042,1,3
extreme,IN,wind_speed,,,25.0,equal_avg,baseline,3,csi,0.259336,,,,0.726744,0.712644,0.259336,0.257587,-1.081015,65880,172.0,0,0.145822,0.3676,2,4
extreme,IN,wind_speed,,,32.0,equal_avg,baseline,4,csi,0.0,,,,0.0,1.0,0.0,-1.4e-05,-0.077136,65880,13.0,1,0.0,0.0,1,4
extreme,IN,wind_speed,,,32.0,gem,model,4,csi,0.0,,,,0.0,1.0,0.0,-0.000181,-11.156245,65880,13.0,1,0.0,0.0,1,4
extreme,IN,wind_speed,,,32.0,icon,model,4,csi,0.0,,,,0.0,1.0,0.0,-3.7e-05,-0.231012,65880,13.0,1,0.0,0.0,1,4
extreme,IN,wind_speed,,,25.0,icon,model,4,csi,0.159259,,,,0.25,0.695035,0.159259,0.158111,-0.323222,65880,172.0,0,0.028439,0.249794,3,5
extreme,IN,wind_speed,,,25.0,gem,model,5,csi,0.049875,,,,0.581395,0.948267,0.049875,0.047478,-10.104573,65880,172.0,0,0.016516,0.104256,4,6
extreme,IN,wind_speed,,,25.0,gfs,model,6,csi,0.044917,,,,0.860465,0.954754,0.044917,0.042435,-17.344405,65880,172.0,0,0.016282,0.068283,5,6
extreme,Indore,wind_speed,,,25.0,gem,model,1,csi,0.0,,,,,1.0,0.0,0.0,,1464,0.0,1,,,,
extreme,Indore,wind_speed,,,25.0,gfs,model,1,csi,0.0,,,,,1.0,0.0,0.0,,1464,0.0,1,,,,
extreme,Jabalpur,wind_speed,,,25.0,gfs,model,1,csi,0.0,,,,,1.0,0.0,0.0,,1464,0.0,1,,,,
extreme,Jaipur,wind_speed,,,25.0,gem,model,1,csi,0.0,,,,,1.0,0.0,0.0,,1464,0.0,1,,,,
extreme,Jaipur,wind_speed,,,25.0,gfs,model,1,csi,0.0,,,,,1.0,0.0,0.0,,1464,0.0,1,,,,
extreme,Jodhpur,wind_speed,,,25.0,gem,model,1,csi,0.0,,,,,1.0,0.0,0.0,,1464,0.0,1,,,,
extreme,Jodhpur,wind_speed,,,25.0,gfs,model,1,csi,0.0,,,,,1.0,0.0,0.0,,1464,0.0,1,,,,
extreme,Jodhpur,wind_speed,,,32.0,gfs,model,1,csi,0.0,,,,,1.0,0.0,0.0,,1464,0.0,1,,,,
extreme,Kanpur,wind_speed,,,25.0,gem,model,1,csi,0.0,,,,,1.0,0.0,0.0,,1464,0.0,1,,,,
extreme,Kanpur,wind_speed,,,25.0,gfs,model,1,csi,0.0,,,,,1.0,0.0,0.0,,1464,0.0,1,,,,
extreme,Kanpur,wind_speed,,,32.0,gem,model,1,csi,0.0,,,,,1.0,0.0,0.0,,1464,0.0,1,,,,
extreme,Kochi,wind_speed,,,25.0,ecmwf,model,1,csi,0.0,,,,0.0,1.0,0.0,-0.00057,-5.004101,1464,1.0,1,,,,
extreme,Kochi,wind_speed,,,25.0,equal_avg,baseline,1,csi,0.0,,,,0.0,1.0,0.0,-0.000342,-1.001367,1464,1.0,1,,,,
extreme,Kochi,wind_speed,,,25.0,gem,model,1,csi,0.0,,,,0.0,1.0,0.0,-0.000342,-1.001367,1464,1.0,1,,,,
extreme,Kochi,wind_speed,,,25.0,gfs,model,1,csi,0.0,,,,0.0,,0.0,0.0,-0.000684,1464,1.0,1,,,,
extreme,Kochi,wind_speed,,,25.0,icon,model,1,csi,0.0,,,,0.0,1.0,0.0,-0.000586,-6.004785,1464,1.0,1,,,,
extreme,Kochi,wind_speed,,,25.0,weighted_blend,blend,1,csi,0.0,,,,0.0,1.0,0.0,-0.000342,-1.001367,1464,1.0,1,,,,
extreme,Kochi,wind_speed,,,32.0,icon,model,1,csi,0.0,,,,,1.0,0.0,0.0,,1464,0.0,1,,,,
extreme,Kolkata,wind_speed,,,25.0,gem,model,1,csi,0.0,,,,,1.0,0.0,0.0,,1464,0.0,1,,,,
extreme,Kolkata,wind_speed,,,25.0,gfs,model,1,csi,0.0,,,,,1.0,0.0,0.0,,1464,0.0,1,,,,
extreme,Kolkata,wind_speed,,,32.0,gfs,model,1,csi,0.0,,,,,1.0,0.0,0.0,,1464,0.0,1,,,,
extreme,Kota,wind_speed,,,25.0,gem,model,1,csi,0.0,,,,,1.0,0.0,0.0,,1464,0.0,1,,,,
extreme,Kota,wind_speed,,,25.0,gfs,model,1,csi,0.0,,,,,1.0,0.0,0.0,,1464,0.0,1,,,,
extreme,Lucknow,wind_speed,,,25.0,gem,model,1,csi,0.0,,,,,1.0,0.0,0.0,,1464,0.0,1,,,,
extreme,Lucknow,wind_speed,,,25.0,gfs,model,1,csi,0.0,,,,,1.0,0.0,0.0,,1464,0.0,1,,,,
extreme,Lucknow,wind_speed,,,32.0,gfs,model,1,csi,0.0,,,,,1.0,0.0,0.0,,1464,0.0,1,,,,
extreme,Ludhiana,wind_speed,,,25.0,gem,model,1,csi,0.0,,,,,1.0,0.0,0.0,,1464,0.0,1,,,,
extreme,Ludhiana,wind_speed,,,25.0,gfs,model,1,csi,0.0,,,,,1.0,0.0,0.0,,1464,0.0,1,,,,
extreme,Madurai,wind_speed,,,32.0,gem,model,1,csi,0.0,,,,,1.0,0.0,0.0,,1464,0.0,1,,,,
extreme,Madurai,wind_speed,,,32.0,gfs,model,1,csi,0.0,,,,,1.0,0.0,0.0,,1464,0.0,1,,,,
extreme,Madurai,wind_speed,,,25.0,equal_avg,baseline,1,csi,0.428571,,,,1.0,0.571429,0.428571,0.427398,-0.336071,1464,3.0,1,,,,
extreme,Madurai,wind_speed,,,25.0,icon,model,2,csi,0.333333,,,,0.666667,0.6,0.333333,0.332193,-0.336071,1464,3.0,1,,,,
extreme,Madurai,wind_speed,,,25.0,weighted_blend,blend,3,csi,0.2,,,,0.333333,0.666667,0.2,0.199015,-0.336071,1464,3.0,1,,,,
extreme,Madurai,wind_speed,,,25.0,gem,model,4,csi,0.15,,,,1.0,0.85,0.15,0.148255,-4.678303,1464,3.0,1,,,,
extreme,Madurai,wind_speed,,,25.0,gfs,model,5,csi,0.042857,,,,1.0,0.957143,0.042857,0.040892,-21.379192,1464,3.0,1,,,,
extreme,Madurai,wind_speed,,,25.0,ecmwf,model,6,csi,0.0,,,,0.0,,0.0,0.0,-0.002053,1464,3.0,1,,,,
extreme,Mumbai,wind_speed,,,32.0,gfs,model,1,csi,0.0625,,,,1.0,0.9375,0.0625,0.059287,-14.051405,1464,5.0,1,,,,
extreme,Mumbai,wind_speed,,,25.0,equal_avg,baseline,1,csi,0.576271,,,,0.809524,0.333333,0.576271,0.565496,0.387181,1464,42.0,0,,,,
extreme,Mumbai,wind_speed,,,32.0,ecmwf,model,2,csi,0.0,,,,0.0,,0.0,0.0,-0.003427,1464,5.0,1,,,,
extreme,Mumbai,wind_speed,,,32.0,equal_avg,baseline,2,csi,0.0,,,,0.0,,0.0,0.0,-0.003427,1464,5.0,1,,,,
extreme,Mumbai,wind_speed,,,32.0,gem,model,2,csi,0.0,,,,0.0,1.0,0.0,-0.0022,-1.809596,1464,5.0,1,,,,
extreme,Mumbai,wind_speed,,,32.0,icon,model,2,csi,0.0,,,,0.0,,0.0,0.0,-0.003427,1464,5.0,1,,,,
extreme,Mumbai,wind_speed,,,32.0,weighted_blend,blend,2,csi,0.0,,,,0.0,,0.0,0.0,-0.003427,1464,5.0,1,,,,
extreme,Mumbai,wind_speed,,,25.0,weighted_blend,blend,2,csi,0.52,,,,0.619048,0.235294,0.52,0.51045,0.411694,1464,42.0,0,,,,
extreme,Mumbai,wind_speed,,,25.0,gem,model,3,csi,0.384615,,,,0.833333,0.583333,0.384615,0.367876,-0.372714,1464,42.0,0,,,,
extreme,Mumbai,wind_speed,,,25.0,ecmwf,model,4,csi,0.325581,,,,0.333333,0.066667,0.325581,0.318764,0.28913,1464,42.0,0,,,,
extreme,Mumbai,wind_speed,,,25.0,gfs,model,5,csi,0.115385,,,,1.0,0.884615,0.115385,0.089257,-6.893108,1464,42.0,0,,,,
extreme,Mumbai,wind_speed,,,25.0,icon,model,6,csi,0.0,,,,0.0,,0.0,0.0,-0.029536,1464,42.0,0,,,,
extreme,Nagpur,wind_speed,,,25.0,gem,model,1,csi,0.0,,,,,1.0,0.0,0.0,,1464,0.0,1,,,,
extreme,Nagpur,wind_speed,,,25.0,gfs,model,1,csi,0.0,,,,,1.0,0.0,0.0,,1464,0.0,1,,,,
extreme,Nagpur,wind_speed,,,32.0,gem,model,1,csi,0.0,,,,,1.0,0.0,0.0,,1464,0.0,1,,,,
extreme,Nashik,wind_speed,,,32.0,ecmwf,model,1,csi,0.375,,,,0.428571,0.25,0.375,0.373502,0.282283,1464,7.0,1,,,,
extreme,Nashik,wind_speed,,,25.0,ecmwf,model,1,csi,0.628571,,,,0.88,0.3125,0.628571,0.6166,0.461612,1464,50.0,0,,,,
extreme,Nashik,wind_speed,,,32.0,weighted_blend,blend,2,csi,0.142857,,,,0.142857,0.0,0.142857,0.142271,0.138739,1464,7.0,1,,,,
extreme,Nashik,wind_speed,,,25.0,weighted_blend,blend,2,csi,0.60274,,,,0.88,0.343284,0.60274,0.589884,0.399491,1464,50.0,0,,,,
extreme,Nashik,wind_speed,,,32.0,gfs,model,3,csi,0.037267,,,,0.857143,0.9625,0.037267,0.032671,-21.24924,1464,7.0,1,,,,
extreme,Nashik,wind_speed,,,25.0,icon,model,3,csi,0.333333,,,,0.4,0.333333,0.333333,0.321751,0.171711,1464,50.0,0,,,,
extreme,Nashik,wind_speed,,,32.0,equal_avg,baseline,4,csi,0.0,,,,0.0,1.0,0.0,-0.000598,-0.148348,1464,7.0,1,,,,
extreme,Nashik,wind_speed,,,32.0,gem,model,4,csi,0.0,,,,0.0,1.0,0.0,-0.001436,-0.435435,1464,7.0,1,,,,
extreme,Nashik,wind_speed,,,32.0,icon,model,4,csi,0.0,,,,0.0,,0.0,0.0,-0.004804,1464,7.0,1,,,,
extreme,Nashik,wind_speed,,,25.0,equal_avg,baseline,4,csi,0.295597,,,,0.94,0.698718,0.295597,0.271176,-1.319208,1464,50.0,0,,,,
extreme,Nashik,wind_speed,,,25.0,gem,model,5,csi,0.109649,,,,0.5,0.876847,0.109649,0.081726,-3.203564,1464,50.0,0,,,,
extreme,Nashik,wind_speed,,,25.0,gfs,model,6,csi,0.090416,,,,1.0,0.909584,0.090416,0.058252,-9.415728,1464,50.0,0,,,,
extreme,Patna,wind_speed,,,25.0,gem,model,1,csi,0.0,,,,,1.0,0.0,0.0,,1464,0.0,1,,,,
extreme,Patna,wind_speed,,,25.0,gfs,model,1,csi,0.0,,,,,1.0,0.0,0.0,,1464,0.0,1,,,,
extreme,Patna,wind_speed,,,32.0,gem,model,1,csi,0.0,,,,,1.0,0.0,0.0,,1464,0.0,1,,,,
extreme,Pune,wind_speed,,,32.0,gfs,model,1,csi,0.0,,,,,1.0,0.0,0.0,,1464,0.0,1,,,,
extreme,Pune,wind_speed,,,25.0,ecmwf,model,1,csi,0.340909,,,,0.6,0.558824,0.340909,0.332096,-0.180153,1464,25.0,1,,,,
extreme,Pune,wind_speed,,,25.0,equal_avg,baseline,2,csi,0.25,,,,0.44,0.633333,0.25,0.241165,-0.342933,1464,25.0,1,,,,
extreme,Pune,wind_speed,,,25.0,weighted_blend,blend,3,csi,0.225,,,,0.36,0.625,0.225,0.216977,-0.261543,1464,25.0,1,,,,
extreme,Pune,wind_speed,,,25.0,icon,model,4,csi,0.139535,,,,0.24,0.75,0.139535,0.131255,-0.505712,1464,25.0,1,,,,
extreme,Pune,wind_speed,,,25.0,gfs,model,5,csi,0.109453,,,,0.88,0.888889,0.109453,0.094216,-6.284392,1464,25.0,1,,,,
extreme,Pune,wind_speed,,,25.0,gem,model,6,csi,0.0,,,,0.0,1.0,0.0,-0.002854,-0.220848,1464,25.0,1,,,,
extreme,Raipur,wind_speed,,,25.0,ecmwf,model,1,csi,0.0,,,,,1.0,0.0,0.0,,1464,0.0,1,,,,
extreme,Raipur,wind_speed,,,25.0,gem,model,1,csi,0.0,,,,,1.0,0.0,0.0,,1464,0.0,1,,,,
extreme,Raipur,wind_speed,,,25.0,gfs,model,1,csi,0.0,,,,,1.0,0.0,0.0,,1464,0.0,1,,,,
extreme,Ranchi,wind_speed,,,32.0,gem,model,1,csi,0.0,,,,,1.0,0.0,0.0,,1464,0.0,1,,,,
extreme,Ranchi,wind_speed,,,25.0,ecmwf,model,1,csi,0.416667,,,,0.666667,0.473684,0.416667,0.411896,0.057005,1464,15.0,1,,,,
extreme,Ranchi,wind_speed,,,25.0,equal_avg,baseline,2,csi,0.277778,,,,0.333333,0.375,0.277778,0.274474,0.124362,1464,15.0,1,,,,
extreme,Ranchi,wind_speed,,,25.0,weighted_blend,blend,2,csi,0.277778,,,,0.333333,0.375,0.277778,0.274474,0.124362,1464,15.0,1,,,,
extreme,Ranchi,wind_speed,,,25.0,gem,model,4,csi,0.259259,,,,0.466667,0.631579,0.259259,0.25388,-0.347136,1464,15.0,1,,,,
extreme,Ranchi,wind_speed,,,25.0,gfs,model,5,csi,0.095238,,,,0.266667,0.870968,0.095238,0.088344,-1.559558,1464,15.0,1,,,,
extreme,Ranchi,wind_speed,,,25.0,icon,model,6,csi,0.0625,,,,0.066667,0.5,0.0625,0.061298,-0.010352,1464,15.0,1,,,,
extreme,Surat,wind_speed,,,32.0,ecmwf,model,1,csi,0.0,,,,0.0,,0.0,0.0,-0.000684,1464,1.0,1,,,,
extreme,Surat,wind_speed,,,32.0,equal_avg,baseline,1,csi,0.0,,,,0.0,,0.0,0.0,-0.000684,1464,1.0,1,,,,
extreme,Surat,wind_speed,,,32.0,gem,model,1,csi,0.0,,,,0.0,1.0,0.0,-0.000662,-31.021873,1464,1.0,1,,,,
extreme,Surat,wind_speed,,,32.0,gfs,model,1,csi,0.0,,,,0.0,1.0,0.0,-0.000663,-33.02324,1464,1.0,1,,,,
extreme,Surat,wind_speed,,,32.0,icon,model,1,csi,0.0,,,,0.0,,0.0,0.0,-0.000684,1464,1.0,1,,,,
extreme,Surat,wind_speed,,,32.0,weighted_blend,blend,1,csi,0.0,,,,0.0,,0.0,0.0,-0.000684,1464,1.0,1,,,,
extreme,Surat,wind_speed,,,25.0,weighted_blend,blend,1,csi,0.4,,,,0.4,0.0,0.4,0.399179,0.397944,1464,5.0,1,,,,
extreme,Surat,wind_speed,,,25.0,ecmwf,model,2,csi,0.166667,,,,0.4,0.777778,0.166667,0.164527,-1.006854,1464,5.0,1,,,,
extreme,Surat,wind_speed,,,25.0,equal_avg,baseline,3,csi,0.105263,,,,0.4,0.875,0.105263,0.102682,-2.411652,1464,5.0,1,,,,
extreme,Surat,wind_speed,,,25.0,gfs,model,4,csi,0.013736,,,,1.0,0.986264,0.013736,0.010356,-71.046059,1464,5.0,1,,,,
extreme,Surat,wind_speed,,,25.0,gem,model,5,csi,0.007264,,,,0.6,0.992701,0.007264,0.003878,-81.281014,1464,5.0,1,,,,
extreme,Surat,wind_speed,,,25.0,icon,model,6,csi,0.0,,,,0.0,,0.0,0.0,-0.003427,1464,5.0,1,,,,
extreme,Thane,wind_speed,,,25.0,equal_avg,baseline,1,csi,0.0,,,,,1.0,0.0,0.0,,1464,0.0,1,,,,
extreme,Thane,wind_speed,,,25.0,gem,model,1,csi,0.0,,,,,1.0,0.0,0.0,,1464,0.0,1,,,,
extreme,Thane,wind_speed,,,25.0,gfs,model,1,csi,0.0,,,,,1.0,0.0,0.0,,1464,0.0,1,,,,
extreme,Thane,wind_speed,,,32.0,gfs,model,1,csi,0.0,,,,,1.0,0.0,0.0,,1464,0.0,1,,,,
extreme,Thiruvananthapuram,wind_speed,,,32.0,gem,model,1,csi,0.0,,,,,1.0,0.0,0.0,,1464,0.0,1,,,,
extreme,Thiruvananthapuram,wind_speed,,,25.0,ecmwf,model,1,csi,0.25,,,,0.75,0.727273,0.25,0.248117,-1.256164,1464,4.0,1,,,,
extreme,Thiruvananthapuram,wind_speed,,,25.0,weighted_blend,blend,2,csi,0.2,,,,0.25,0.5,0.2,0.199125,-0.00274,1464,4.0,1,,,,
extreme,Thiruvananthapuram,wind_speed,,,25.0,gem,model,3,csi,0.052632,,,,0.5,0.944444,0.052632,0.050173,-8.024658,1464,4.0,1,,,,
extreme,Thiruvananthapuram,wind_speed,,,25.0,equal_avg,baseline,4,csi,0.0,,,,0.0,1.0,0.0,-0.000547,-0.253425,1464,4.0,1,,,,
extreme,Thiruvananthapuram,wind_speed,,,25.0,gfs,model,4,csi,0.0,,,,0.0,1.0,0.0,-0.001172,-0.754795,1464,4.0,1,,,,
extreme,Thiruvananthapuram,wind_speed,,,25.0,icon,model,4,csi,0.0,,,,0.0,1.0,0.0,-0.00152,-1.256164,1464,4.0,1,,,,
extreme,Vadodara,wind_speed,,,25.0,gem,model,1,csi,0.0,,,,,1.0,0.0,0.0,,1464,0.0,1,,,,
extreme,Vadodara,wind_speed,,,25.0,gfs,model,1,csi,0.0,,,,,1.0,0.0,0.0,,1464,0.0,1,,,,
extreme,Vadodara,wind_speed,,,32.0,gfs,model,1,csi,0.0,,,,,1.0,0.0,0.0,,1464,0.0,1,,,,
extreme,Varanasi,wind_speed,,,25.0,gem,model,1,csi,0.0,,,,,1.0,0.0,0.0,,1464,0.0,1,,,,
extreme,Varanasi,wind_speed,,,25.0,gfs,model,1,csi,0.0,,,,,1.0,0.0,0.0,,1464,0.0,1,,,,
extreme,Varanasi,wind_speed,,,32.0,gem,model,1,csi,0.0,,,,,1.0,0.0,0.0,,1464,0.0,1,,,,
extreme,Vijayawada,wind_speed,,,32.0,gem,model,1,csi,0.0,,,,,1.0,0.0,0.0,,1464,0.0,1,,,,
extreme,Vijayawada,wind_speed,,,32.0,gfs,model,1,csi,0.0,,,,,1.0,0.0,0.0,,1464,0.0,1,,,,
extreme,Vijayawada,wind_speed,,,25.0,ecmwf,model,1,csi,0.75,,,,1.0,0.25,0.75,0.749487,0.665982,1464,3.0,1,,,,
extreme,Vijayawada,wind_speed,,,25.0,gem,model,2,csi,0.028571,,,,0.666667,0.971014,0.028571,0.026605,-21.71321,1464,3.0,1,,,,
extreme,Vijayawada,wind_speed,,,25.0,gfs,model,3,csi,0.007874,,,,0.333333,0.992,0.007874,0.005869,-41.086242,1464,3.0,1,,,,
extreme,Vijayawada,wind_speed,,,25.0,equal_avg,baseline,4,csi,0.0,,,,0.0,,0.0,0.0,-0.002053,1464,3.0,1,,,,
extreme,Vijayawada,wind_speed,,,25.0,icon,model,4,csi,0.0,,,,0.0,,0.0,0.0,-0.002053,1464,3.0,1,,,,
extreme,Vijayawada,wind_speed,,,25.0,weighted_blend,blend,4,csi,0.0,,,,0.0,,0.0,0.0,-0.002053,1464,3.0,1,,,,
extreme,Visakhapatnam,wind_speed,,,32.0,gem,model,1,csi,0.0,,,,,1.0,0.0,0.0,,1464,0.0,1,,,,
extreme,Visakhapatnam,wind_speed,,,32.0,gfs,model,1,csi,0.0,,,,,1.0,0.0,0.0,,1464,0.0,1,,,,
extreme,Visakhapatnam,wind_speed,,,25.0,ecmwf,model,1,csi,0.714286,,,,1.0,0.285714,0.714286,0.713307,0.598629,1464,5.0,1,,,,
extreme,Visakhapatnam,wind_speed,,,25.0,weighted_blend,blend,1,csi,0.714286,,,,1.0,0.285714,0.714286,0.713307,0.598629,1464,5.0,1,,,,
extreme,Visakhapatnam,wind_speed,,,25.0,equal_avg,baseline,3,csi,0.238095,,,,1.0,0.761905,0.238095,0.235484,-2.210966,1464,5.0,1,,,,
extreme,Visakhapatnam,wind_speed,,,25.0,gfs,model,4,csi,0.038462,,,,1.0,0.961538,0.038462,0.035166,-24.085675,1464,5.0,1,,,,
extreme,Visakhapatnam,wind_speed,,,25.0,gem,model,5,csi,0.033113,,,,1.0,0.966887,0.033113,0.029799,-28.300069,1464,5.0,1,,,,
extreme,Visakhapatnam,wind_speed,,,25.0,icon,model,6,csi,0.0,,,,0.0,,0.0,0.0,-0.003427,1464,5.0,1,,,,
lead,Agartala,rainfall,,1.0,,icon,model,1,mae,0.4241,0.4241,1.0254,0.2842,,,,,,1008,,0,,,,
lead,Agartala,rainfall,,3.0,,gfs,model,1,mae,0.4361,0.4361,1.0235,0.2988,,,,,,1008,,0,,,,
lead,Agartala,rainfall,,3.0,,icon,model,1,mae,0.4361,0.4361,1.0283,0.2923,,,,,,1008,,0,,,,
lead,Agartala,rainfall,,2.0,,icon,model,1,mae,0.4479,0.4479,1.0334,0.2703,,,,,,1008,,0,,,,
lead,Agartala,rainfall,,2.0,,ecmwf,model,2,mae,0.4532,0.4532,1.0311,0.1411,,,,,,1008,,0,,,,
lead,Agartala,rainfall,,1.0,,ecmwf,model,2,mae,0.4714,0.4714,1.0037,0.0577,,,,,,1008,,0,,,,
lead,Agartala,rainfall,,3.0,,ecmwf,model,3,mae,0.4391,0.4391,0.984,0.1607,,,,,,1008,,0,,,,
lead,Agartala,rainfall,,2.0,,gfs,model,3,mae,0.4545,0.4545,1.0575,0.2997,,,,,,1008,,0,,,,
lead,Agartala,rainfall,,1.0,,gfs,model,3,mae,0.5581,0.5581,2.2383,0.1218,,,,,,1008,,0,,,,
lead,Agartala,rainfall,,1.0,,gem,model,4,mae,0.6655,0.6655,1.5374,0.0222,,,,,,1008,,0,,,,
lead,Agartala,rainfall,,2.0,,gem,model,4,mae,0.8282,0.8282,2.2353,-0.1232,,,,,,1008,,0,,,,
lead,Agartala,rainfall,,3.0,,gem,model,4,mae,0.8623,0.8623,1.9048,-0.2083,,,,,,1008,,0,,,,
lead,Agra,rainfall,,1.0,,gfs,model,1,mae,0.457,0.457,1.2754,0.1045,,,,,,1008,,0,,,,
lead,Agra,rainfall,,2.0,,gem,model,1,mae,0.4657,0.4657,1.1774,0.0446,,,,,,1008,,0,,,,
lead,Agra,rainfall,,3.0,,gfs,model,1,mae,0.5422,0.5422,1.2546,-0.0687,,,,,,1008,,0,,,,
lead,Agra,rainfall,,1.0,,ecmwf,model,2,mae,0.4812,0.4812,1.1944,-0.0667,,,,,,1008,,0,,,,
lead,Agra,rainfall,,2.0,,ecmwf,model,2,mae,0.5249,0.5249,1.0247,-0.1283,,,,,,1008,,0,,,,
lead,Agra,rainfall,,3.0,,gem,model,2,mae,0.5585,0.5585,1.4696,-0.006,,,,,,1008,,0,,,,
lead,Agra,rainfall,,1.0,,gem,model,3,mae,0.5135,0.5135,1.3444,-0.0135,,,,,,1008,,0,,,,
lead,Agra,rainfall,,2.0,,gfs,model,3,mae,0.5304,0.5304,1.2138,-0.0264,,,,,,1008,,0,,,,
lead,Agra,rainfall,,3.0,,ecmwf,model,3,mae,0.6493,0.6493,1.4447,-0.2265,,,,,,1008,,0,,,,
lead,Agra,rainfall,,1.0,,icon,model,4,mae,0.5646,0.5646,1.1643,-0.1725,,,,,,1008,,0,,,,
lead,Agra,rainfall,,3.0,,icon,model,4,mae,0.7191,0.7191,1.8133,-0.2453,,,,,,1008,,0,,,,
lead,Agra,rainfall,,2.0,,icon,model,4,mae,0.7222,0.7222,2.2451,-0.3262,,,,,,1008,,0,,,,
lead,Ahmedabad,rainfall,,2.0,,gfs,model,1,mae,0.4163,0.4163,1.5948,0.3042,,,,,,1008,,0,,,,
lead,Ahmedabad,rainfall,,3.0,,gfs,model,1,mae,0.4245,0.4245,1.6535,0.3281,,,,,,1008,,0,,,,
lead,Ahmedabad,rainfall,,1.0,,gfs,model,1,mae,0.5387,0.5387,2.3139,0.0478,,,,,,1008,,0,,,,
lead,Ahmedabad,rainfall,,1.0,,gem,model,2,mae,0.5491,0.5491,1.7403,-0.016,,,,,,1008,,0,,,,
lead,Ahmedabad,rainfall,,2.0,,gem,model,2,mae,0.5812,0.5812,1.8986,-0.0434,,,,,,1008,,0,,,,
lead,Ahmedabad,rainfall,,3.0,,ecmwf,model,2,mae,0.5996,0.5996,1.9956,-0.0577,,,,,,1008,,0,,,,
lead,Ahmedabad,rainfall,,1.0,,ecmwf,model,3,mae,0.6408,0.6408,1.9946,-0.2461,,,,,,1008,,0,,,,
lead,Ahmedabad,rainfall,,3.0,,gem,model,3,mae,0.6506,0.6506,1.8009,-0.0466,,,,,,1008,,0,,,,
lead,Ahmedabad,rainfall,,2.0,,ecmwf,model,3,mae,0.6774,0.6774,1.8919,-0.3012,,,,,,1008,,0,,,,
lead,Ahmedabad,rainfall,,2.0,,icon,model,4,mae,0.6838,0.6838,2.8691,-0.19,,,,,,1008,,0,,,,
lead,Ahmedabad,rainfall,,3.0,,icon,model,4,mae,0.7238,0.7238,2.3251,-0.1563,,,,,,1008,,0,,,,
lead,Ahmedabad,rainfall,,1.0,,icon,model,4,mae,0.7434,0.7434,3.3968,-0.3699,,,,,,1008,,0,,,,
lead,Amritsar,rainfall,,1.0,,ecmwf,model,1,mae,0.4143,0.4143,1.182,-0.0593,,,,,,1008,,0,,,,
lead,Amritsar,rainfall,,3.0,,icon,model,1,mae,0.4181,0.4181,1.2126,0.0399,,,,,,1008,,0,,,,
lead,Amritsar,rainfall,,2.0,,ecmwf,model,1,mae,0.4346,0.4346,1.1773,-0.084,,,,,,1008,,0,,,,
lead,Amritsar,rainfall,,2.0,,icon,model,2,mae,0.4393,0.4393,1.3492,0.0185,,,,,,1008,,0,,,,
lead,Amritsar,rainfall,,1.0,,gfs,model,2,mae,0.4456,0.4456,2.0572,0.0563,,,,,,1008,,0,,,,
lead,Amritsar,rainfall,,3.0,,ecmwf,model,2,mae,0.4575,0.4575,1.2677,-0.0772,,,,,,1008,,0,,,,
lead,Amritsar,rainfall,,2.0,,gfs,model,3,mae,0.4678,0.4678,1.6666,0.0412,,,,,,1008,,0,,,,
lead,Amritsar,rainfall,,3.0,,gfs,model,3,mae,0.4778,0.4778,1.7562,0.0063,,,,,,1008,,0,,,,
lead,Amritsar,rainfall,,1.0,,icon,model,3,mae,0.4779,0.4779,1.3495,-0.0398,,,,,,1008,,0,,,,
lead,Amritsar,rainfall,,2.0,,gem,model,4,mae,0.5675,0.5675,1.7437,-0.169,,,,,,1008,,0,,,,
lead,Amritsar,rainfall,,1.0,,gem,model,4,mae,0.6883,0.6883,2.5607,-0.3077,,,,,,1008,,0,,,,
lead,Amritsar,rainfall,,3.0,,gem,model,4,mae,0.7845,0.7845,3.0248,-0.3643,,,,,,1008,,0,,,,
lead,Bengaluru,rainfall,,2.0,,ecmwf,model,1,mae,0.1983,0.1983,0.6083,0.1057,,,,,,1008,,0,,,,
lead,Bengaluru,rainfall,,1.0,,ecmwf,model,1,mae,0.2007,0.2007,0.6058,0.0652,,,,,,1008,,0,,,,
lead,Bengaluru,rainfall,,3.0,,ecmwf,model,1,mae,0.2137,0.2137,0.6262,0.0863,,,,,,1008,,0,,,,
lead,Bengaluru,rainfall,,1.0,,icon,model,2,mae,0.2153,0.2153,0.6529,0.18,,,,,,1008,,0,,,,
lead,Bengaluru,rainfall,,3.0,,gfs,model,2,mae,0.2223,0.2223,0.6891,0.2106,,,,,,1008,,0,,,,
lead,Bengaluru,rainfall,,2.0,,icon,model,2,mae,0.2238,0.2238,0.6718,0.1683,,,,,,1008,,0,,,,
lead,Bengaluru,rainfall,,3.0,,icon,model,3,mae,0.2239,0.2239,0.649,0.1678,,,,,,1008,,0,,,,
lead,Bengaluru,rainfall,,2.0,,gfs,model,3,mae,0.2248,0.2248,0.6991,0.2141,,,,,,1008,,0,,,,
lead,Bengaluru,rainfall,,1.0,,gfs,model,3,mae,0.228,0.228,0.6941,0.2048,,,,,,1008,,0,,,,
lead,Bengaluru,rainfall,,1.0,,gem,model,4,mae,0.2493,0.2493,0.7201,0.1529,,,,,,1008,,0,,,,
lead,Bengaluru,rainfall,,2.0,,gem,model,4,mae,0.264,0.264,0.7608,0.1493,,,,,,1008,,0,,,,
lead,Bengaluru,rainfall,,3.0,,gem,model,4,mae,0.2726,0.2726,0.7708,0.1361,,,,,,1008,,0,,,,
lead,Bhopal,rainfall,,3.0,,gfs,model,1,mae,0.5018,0.5018,1.2726,0.2123,,,,,,1008,,0,,,,
lead,Bhopal,rainfall,,1.0,,ecmwf,model,1,mae,0.5457,0.5457,1.1176,-0.1301,,,,,,1008,,0,,,,
lead,Bhopal,rainfall,,2.0,,gfs,model,1,mae,0.643,0.643,1.5559,0.0743,,,,,,1008,,0,,,,
lead,Bhopal,rainfall,,1.0,,icon,model,2,mae,0.6182,0.6182,1.4284,-0.0229,,,,,,1008,,0,,,,
lead,Bhopal,rainfall,,2.0,,icon,model,2,mae,0.6481,0.6481,1.4233,0.0257,,,,,,1008,,0,,,,
lead,Bhopal,rainfall,,3.0,,gem,model,2,mae,0.7514,0.7514,1.8509,-0.0587,,,,,,1008,,0,,,,
lead,Bhopal,rainfall,,1.0,,gem,model,3,mae,0.6402,0.6402,1.6584,0.0539,,,,,,1008,,0,,,,
lead,Bhopal,rainfall,,2.0,,ecmwf,model,3,mae,0.6765,0.6765,1.2986,-0.1634,,,,,,1008,,0,,,,
lead,Bhopal,rainfall,,3.0,,ecmwf,model,3,mae,0.8688,0.8688,1.9495,-0.2247,,,,,,1008,,0,,,,
lead,Bhopal,rainfall,,1.0,,gfs,model,4,mae,0.778,0.778,1.8684,-0.154,,,,,,1008,,0,,,,
lead,Bhopal,rainfall,,2.0,,gem,model,4,mae,0.8259,0.8259,2.0565,-0.0949,,,,,,1008,,0,,,,
lead,Bhopal,rainfall,,3.0,,icon,model,4,mae,0.9397,0.9397,2.0255,-0.2183,,,,,,1008,,0,,,,
lead,Bhubaneswar,rainfall,,1.0,,ecmwf,model,1,mae,1.027,1.027,2.2635,0.3813,,,,,,1008,,0,,,,
lead,Bhubaneswar,rainfall,,2.0,,ecmwf,model,1,mae,1.0529,1.0529,2.0035,0.4578,,,,,,1008,,0,,,,
lead,Bhubaneswar,rainfall,,3.0,,ecmwf,model,1,mae,1.086,1.086,2.3534,0.6412,,,,,,1008,,0,,,,
lead,Bhubaneswar,rainfall,,3.0,,gfs,model,2,mae,1.1233,1.1233,2.4728,0.8658,,,,,,1008,,0,,,,
lead,Bhubaneswar,rainfall,,1.0,,icon,model,2,mae,1.1434,1.1434,2.2373,0.4307,,,,,,1008,,0,,,,
lead,Bhubaneswar,rainfall,,2.0,,gfs,model,2,mae,1.1475,1.1475,2.443,0.7138,,,,,,1008,,0,,,,
lead,Bhubaneswar,rainfall,,3.0,,icon,model,3,mae,1.1287,1.1287,2.402,0.7503,,,,,,1008,,0,,,,
lead,Bhubaneswar,rainfall,,1.0,,gfs,model,3,mae,1.1685,1.1685,2.664,0.569,,,,,,1008,,0,,,,
lead,Bhubaneswar,rainfall,,2.0,,icon,model,3,mae,1.1785,1.1785,2.586,0.558,,,,,,1008,,0,,,,
lead,Bhubaneswar,rainfall,,2.0,,gem,model,4,mae,1.2643,1.2643,2.6815,0.6492,,,,,,1008,,0,,,,
lead,Bhubaneswar,rainfall,,3.0,,gem,model,4,mae,1.429,1.429,3.2333,0.5349,,,,,,1008,,0,,,,
lead,Bhubaneswar,rainfall,,1.0,,gem,model,4,mae,1.5004,1.5004,3.2069,0.3304,,,,,,1008,,0,,,,
lead,Chandigarh,rainfall,,1.0,,ecmwf,model,1,mae,0.3315,0.3315,0.8092,-0.0907,,,,,,1008,,0,,,,
lead,Chandigarh,rainfall,,3.0,,icon,model,1,mae,0.3626,0.3626,0.8814,-0.0562,,,,,,1008,,0,,,,
lead,Chandigarh,rainfall,,2.0,,ecmwf,model,1,mae,0.3841,0.3841,0.9366,-0.1431,,,,,,1008,,0,,,,
lead,Chandigarh,rainfall,,1.0,,gfs,model,2,mae,0.3418,0.3418,0.8642,-0.0392,,,,,,1008,,0,,,,
lead,Chandigarh,rainfall,,2.0,,icon,model,2,mae,0.3974,0.3974,1.011,-0.1002,,,,,,1008,,0,,,,
lead,Chandigarh,rainfall,,3.0,,ecmwf,model,2,mae,0.4604,0.4604,1.1028,-0.2243,,,,,,1008,,0,,,,
lead,Chandigarh,rainfall,,1.0,,icon,model,3,mae,0.3804,0.3804,1.2335,-0.0877,,,,,,1008,,0,,,,
lead,Chandigarh,rainfall,,2.0,,gfs,model,3,mae,0.4014,0.4014,0.9221,-0.1095,,,,,,1008,,0,,,,
lead,Chandigarh,rainfall,,3.0,,gem,model,3,mae,0.4708,0.4708,1.4096,-0.1496,,,,,,1008,,0,,,,
lead,Chandigarh,rainfall,,2.0,,gem,model,4,mae,0.4171,0.4171,1.1792,-0.1046,,,,,,1008,,0,,,,
lead,Chandigarh,rainfall,,3.0,,gfs,model,4,mae,0.5079,0.5079,1.2599,-0.2169,,,,,,1008,,0,,,,
lead,Chandigarh,rainfall,,1.0,,gem,model,4,mae,0.6344,0.6344,2.2039,-0.3531,,,,,,1008,,0,,,,
lead,Chennai,rainfall,,3.0,,gfs,model,1,mae,0.1693,0.1693,0.6093,0.1517,,,,,,1008,,0,,,,
lead,Chennai,rainfall,,1.0,,gfs,model,1,mae,0.1698,0.1698,0.6094,0.154,,,,,,1008,,0,,,,
lead,Chennai,rainfall,,2.0,,gfs,model,1,mae,0.1727,0.1727,0.6195,0.1443,,,,,,1008,,0,,,,
lead,Chennai,rainfall,,1.0,,icon,model,2,mae,0.1703,0.1703,0.5985,0.1324,,,,,,1008,,0,,,,
lead,Chennai,rainfall,,3.0,,icon,model,2,mae,0.1903,0.1903,0.6329,0.1141,,,,,,1008,,0,,,,
lead,Chennai,rainfall,,2.0,,icon,model,2,mae,0.1937,0.1937,0.6567,0.1153,,,,,,1008,,0,,,,
lead,Chennai,rainfall,,2.0,,gem,model,3,mae,0.1956,0.1956,0.6107,0.0833,,,,,,1008,,0,,,,
lead,Chennai,rainfall,,3.0,,gem,model,3,mae,0.204,0.204,0.6932,0.0718,,,,,,1008,,0,,,,
lead,Chennai,rainfall,,1.0,,gem,model,3,mae,0.2078,0.2078,0.6136,0.0612,,,,,,1008,,0,,,,
lead,Chennai,rainfall,,2.0,,ecmwf,model,4,mae,0.2448,0.2448,0.7235,0.0002,,,,,,1008,,0,,,,
lead,Chennai,rainfall,,3.0,,ecmwf,model,4,mae,0.2513,0.2513,0.6664,-0.0096,,,,,,1008,,0,,,,
lead,Chennai,rainfall,,1.0,,ecmwf,model,4,mae,0.2697,0.2697,0.6926,-0.0566,,,,,,1008,,0,,,,
lead,Coimbatore,rainfall,,1.0,,ecmwf,model,1,mae,0.1717,0.1717,0.585,0.0693,,,,,,1008,,0,,,,
lead,Coimbatore,rainfall,,3.0,,icon,model,1,mae,0.1825,0.1825,0.6537,0.176,,,,,,1008,,0,,,,
lead,Coimbatore,rainfall,,2.0,,icon,model,1,mae,0.1868,0.1868,0.6575,0.1662,,,,,,1008,,0,,,,
lead,Coimbatore,rainfall,,1.0,,icon,model,2,mae,0.1838,0.1838,0.6544,0.1773,,,,,,1008,,0,,,,
lead,Coimbatore,rainfall,,3.0,,gfs,model,2,mae,0.1844,0.1844,0.6465,0.1632,,,,,,1008,,0,,,,
lead,Coimbatore,rainfall,,2.0,,gfs,model,2,mae,0.1965,0.1965,0.6595,0.1616,,,,,,1008,,0,,,,
lead,Coimbatore,rainfall,,3.0,,ecmwf,model,3,mae,0.1863,0.1863,0.6065,0.0661,,,,,,1008,,0,,,,
lead,Coimbatore,rainfall,,1.0,,gfs,model,3,mae,0.1948,0.1948,0.6565,0.1573,,,,,,1008,,0,,,,
lead,Coimbatore,rainfall,,2.0,,ecmwf,model,3,mae,0.2077,0.2077,0.6792,0.0411,,,,,,1008,,0,,,,
lead,Coimbatore,rainfall,,1.0,,gem,model,4,mae,0.2051,0.2051,0.6531,0.1422,,,,,,1008,,0,,,,
lead,Coimbatore,rainfall,,2.0,,gem,model,4,mae,0.2099,0.2099,0.6507,0.1371,,,,,,1008,,0,,,,
lead,Coimbatore,rainfall,,3.0,,gem,model,4,mae,0.218,0.218,0.6548,0.1295,,,,,,1008,,0,,,,
lead,Dehradun,rainfall,,1.0,,ecmwf,model,1,mae,0.6468,0.6468,1.283,-0.0375,,,,,,1008,,0,,,,
lead,Dehradun,rainfall,,2.0,,icon,model,1,mae,0.6574,0.6574,1.3956,0.0316,,,,,,1008,,0,,,,
lead,Dehradun,rainfall,,3.0,,icon,model,1,mae,0.6598,0.6598,1.3645,0.0735,,,,,,1008,,0,,,,
lead,Dehradun,rainfall,,2.0,,ecmwf,model,2,mae,0.6918,0.6918,1.3118,-0.1217,,,,,,1008,,0,,,,
lead,Dehradun,rainfall,,1.0,,icon,model,2,mae,0.7446,0.7446,1.9479,-0.0333,,,,,,1008,,0,,,,
lead,Dehradun,rainfall,,3.0,,ecmwf,model,2,mae,0.7905,0.7905,1.5539,-0.1833,,,,,,1008,,0,,,,
lead,Dehradun,rainfall,,3.0,,gem,model,3,mae,0.796,0.796,1.5786,-0.0696,,,,,,1008,,0,,,,
lead,Dehradun,rainfall,,2.0,,gfs,model,3,mae,0.7997,0.7997,1.3463,-0.237,,,,,,1008,,0,,,,
lead,Dehradun,rainfall,,1.0,,gfs,model,3,mae,0.8056,0.8056,1.3802,-0.1891,,,,,,1008,,0,,,,
lead,Dehradun,rainfall,,3.0,,gfs,model,4,mae,0.8501,0.8501,1.5142,-0.2695,,,,,,1008,,0,,,,
lead,Dehradun,rainfall,,2.0,,gem,model,4,mae,0.997,0.997,2.0276,-0.3833,,,,,,1008,,0,,,,
lead,Dehradun,rainfall,,1.0,,gem,model,4,mae,1.032,1.032,2.0444,-0.4624,,,,,,1008,,0,,,,
lead,Delhi,rainfall,,1.0,,gfs,model,1,mae,0.4102,0.4102,1.1245,0.1908,,,,,,1008,,0,,,,
lead,Delhi,rainfall,,2.0,,gem,model,1,mae,0.446,0.446,1.2021,0.204,,,,,,1008,,0,,,,
lead,Delhi,rainfall,,3.0,,ecmwf,model,1,mae,0.4986,0.4986,1.1167,-0.0147,,,,,,1008,,0,,,,
lead,Delhi,rainfall,,1.0,,ecmwf,model,2,mae,0.4463,0.4463,1.0677,0.0606,,,,,,1008,,0,,,,
lead,Delhi,rainfall,,2.0,,gfs,model,2,mae,0.461,0.461,1.1638,0.1811,,,,,,1008,,0,,,,
lead,Delhi,rainfall,,3.0,,icon,model,2,mae,0.528,0.528,1.2328,0.0429,,,,,,1008,,0,,,,
lead,Delhi,rainfall,,2.0,,ecmwf,model,3,mae,0.516,0.516,1.131,-0.059,,,,,,1008,,0,,,,
lead,Delhi,rainfall,,1.0,,gem,model,3,mae,0.5371,0.5371,1.9561,0.1044,,,,,,1008,,0,,,,
lead,Delhi,rainfall,,3.0,,gfs,model,3,mae,0.5433,0.5433,1.8336,0.0704,,,,,,1008,,0,,,,
lead,Delhi,rainfall,,3.0,,gem,model,4,mae,0.5576,0.5576,1.421,0.0727,,,,,,1008,,0,,,,
lead,Delhi,rainfall,,2.0,,icon,model,4,mae,0.5686,0.5686,1.2673,-0.0398,,,,,,1008,,0,,,,
lead,Delhi,rainfall,,1.0,,icon,model,4,mae,0.6254,0.6254,1.4347,-0.1192,,,,,,1008,,0,,,,
lead,Ghaziabad,rainfall,,1.0,,ecmwf,model,1,mae,0.402,0.402,0.8708,-0.0264,,,,,,1008,,0,,,,
lead,Ghaziabad,rainfall,,2.0,,gem,model,1,mae,0.4088,0.4088,1.1154,0.1312,,,,,,1008,,0,,,,
lead,Ghaziabad,rainfall,,3.0,,ecmwf,model,1,mae,0.4728,0.4728,0.9922,-0.0544,,,,,,1008,,0,,,,
lead,Ghaziabad,rainfall,,3.0,,icon,model,2,mae,0.4743,0.4743,1.0455,-0.0297,,,,,,1008,,0,,,,
lead,Ghaziabad,rainfall,,1.0,,gfs,model,2,mae,0.4782,0.4782,2.4639,0.0268,,,,,,1008,,0,,,,
lead,Ghaziabad,rainfall,,2.0,,gfs,model,2,mae,0.4874,0.4874,1.425,0.0223,,,,,,1008,,0,,,,
lead,Ghaziabad,rainfall,,1.0,,gem,model,3,mae,0.5002,0.5002,2.051,0.0212,,,,,,1008,,0,,,,
lead,Ghaziabad,rainfall,,3.0,,gem,model,3,mae,0.523,0.523,1.4052,-0.0145,,,,,,1008,,0,,,,
lead,Ghaziabad,rainfall,,2.0,,icon,model,3,mae,0.5541,0.5541,1.3503,-0.1503,,,,,,1008,,0,,,,
lead,Ghaziabad,rainfall,,3.0,,gfs,model,4,mae,0.5418,0.5418,1.6195,-0.0122,,,,,,1008,,0,,,,
lead,Ghaziabad,rainfall,,1.0,,icon,model,4,mae,0.5753,0.5753,1.3103,-0.2176,,,,,,1008,,0,,,,
lead,Ghaziabad,rainfall,,2.0,,ecmwf,model,4,mae,0.5812,0.5812,1.4669,-0.1957,,,,,,1008,,0,,,,
lead,Goa,rainfall,,1.0,,gfs,model,1,mae,0.7244,0.7244,1.2624,0.3107,,,,,,1008,,0,,,,
lead,Goa,rainfall,,3.0,,gfs,model,1,mae,0.7275,0.7275,1.1948,0.168,,,,,,1008,,0,,,,
lead,Goa,rainfall,,2.0,,gfs,model,1,mae,0.7391,0.7391,1.2266,0.1944,,,,,,1008,,0,,,,
lead,Goa,rainfall,,2.0,,icon,model,2,mae,0.7439,0.7439,1.2954,0.4122,,,,,,1008,,0,,,,
lead,Goa,rainfall,,1.0,,ecmwf,model,2,mae,0.7475,0.7475,1.2305,0.1217,,,,,,1008,,0,,,,
lead,Goa,rainfall,,3.0,,icon,model,2,mae,0.7669,0.7669,1.3193,0.3478,,,,,,1008,,0,,,,
lead,Goa,rainfall,,2.0,,ecmwf,model,3,mae,0.7535,0.7535,1.269,0.1747,,,,,,1008,,0,,,,
lead,Goa,rainfall,,1.0,,icon,model,3,mae,0.7626,0.7626,1.3051,0.4445,,,,,,1008,,0,,,,
lead,Goa,rainfall,,3.0,,ecmwf,model,3,mae,0.812,0.812,1.3028,0.1753,,,,,,1008,,0,,,,
lead,Goa,rainfall,,3.0,,gem,model,4,mae,0.9548,0.9548,1.4875,0.2075,,,,,,1008,,0,,,,
lead,Goa,rainfall,,1.0,,gem,model,4,mae,0.9833,0.9833,1.4971,0.0827,,,,,,1008,,0,,,,
lead,Goa,rainfall,,2.0,,gem,model,4,mae,1.0083,1.0083,1.5287,0.1877,,,,,,1008,,0,,,,
lead,Guwahati,rainfall,,1.0,,ecmwf,model,1,mae,0.8496,0.8496,1.4776,-0.0901,,,,,,1008,,0,,,,
lead,Guwahati,rainfall,,2.0,,ecmwf,model,1,mae,0.8992,0.8992,1.5353,-0.1234,,,,,,1008,,0,,,,
lead,Guwahati,rainfall,,3.0,,ecmwf,model,1,mae,0.9235,0.9235,1.5702,-0.1463,,,,,,1008,,0,,,,
lead,Guwahati,rainfall,,2.0,,gem,model,2,mae,0.9324,0.9324,1.7689,0.2328,,,,,,1008,,0,,,,
lead,Guwahati,rainfall,,1.0,,gfs,model,2,mae,0.9433,0.9433,1.5836,-0.0397,,,,,,1008,,0,,,,
lead,Guwahati,rainfall,,3.0,,gfs,model,2,mae,1.0059,1.0059,1.8962,-0.0812,,,,,,1008,,0,,,,
lead,Guwahati,rainfall,,2.0,,gfs,model,3,mae,0.9512,0.9512,1.6235,0.0181,,,,,,1008,,0,,,,
lead,Guwahati,rainfall,,3.0,,icon,model,3,mae,1.0279,1.0279,1.7978,-0.1243,,,,,,1008,,0,,,,
lead,Guwahati,rainfall,,1.0,,icon,model,3,mae,1.0907,1.0907,2.1296,-0.2218,,,,,,1008,,0,,,,
lead,Guwahati,rainfall,,2.0,,icon,model,4,mae,0.9729,0.9729,1.7967,-0.0551,,,,,,1008,,0,,,,
lead,Guwahati,rainfall,,3.0,,gem,model,4,mae,1.0539,1.0539,2.0535,0.1102,,,,,,1008,,0,,,,
lead,Guwahati,rainfall,,1.0,,gem,model,4,mae,1.178,1.178,2.3904,-0.0685,,,,,,1008,,0,,,,
lead,Hyderabad,rainfall,,2.0,,gfs,model,1,mae,0.1758,0.1758,0.4602,0.1587,,,,,,1008,,0,,,,
lead,Hyderabad,rainfall,,1.0,,icon,model,1,mae,0.1866,0.1866,0.4717,0.1336,,,,,,1008,,0,,,,
lead,Hyderabad,rainfall,,3.0,,gfs,model,1,mae,0.1874,0.1874,0.4758,0.1574,,,,,,1008,,0,,,,
lead,Hyderabad,rainfall,,3.0,,icon,model,2,mae,0.189,0.189,0.4688,0.1213,,,,,,1008,,0,,,,
lead,Hyderabad,rainfall,,1.0,,gfs,model,2,mae,0.1904,0.1904,0.4791,0.1354,,,,,,1008,,0,,,,
lead,Hyderabad,rainfall,,2.0,,ecmwf,model,2,mae,0.1925,0.1925,0.4556,0.0821,,,,,,1008,,0,,,,
lead,Hyderabad,rainfall,,2.0,,icon,model,3,mae,0.1966,0.1966,0.4839,0.1194,,,,,,1008,,0,,,,
lead,Hyderabad,rainfall,,1.0,,ecmwf,model,3,mae,0.203,0.203,0.4621,0.0167,,,,,,1008,,0,,,,
lead,Hyderabad,rainfall,,3.0,,ecmwf,model,3,mae,0.2051,0.2051,0.4766,0.0574,,,,,,1008,,0,,,,
lead,Hyderabad,rainfall,,1.0,,gem,model,4,mae,0.2402,0.2402,0.6234,0.0543,,,,,,1008,,0,,,,
lead,Hyderabad,rainfall,,3.0,,gem,model,4,mae,0.2684,0.2684,0.6853,0.0499,,,,,,1008,,0,,,,
lead,Hyderabad,rainfall,,2.0,,gem,model,4,mae,0.2811,0.2811,0.7859,0.038,,,,,,1008,,0,,,,
lead,IN,rainfall,,1.0,,ecmwf,model,1,mae,0.463798,0.463798,1.125976,-0.026502,,,,,,45360,,0,0.406918,0.520897,1,1
lead,IN,rainfall,,2.0,,gfs,model,1,mae,0.505207,0.505207,1.334462,0.088236,,,,,,45360,,0,0.442944,0.565931,1,2
lead,IN,rainfall,,3.0,,gfs,model,1,mae,0.513451,0.513451,1.385601,0.087773,,,,,,45360,,0,0.440346,0.584373,1,2
lead,IN,rainfall,,1.0,,gfs,model,2,mae,0.49306,0.49306,1.390633,0.085111,,,,,,45360,,0,0.42718,0.555085,2,2
lead,IN,rainfall,,2.0,,ecmwf,model,2,mae,0.513753,0.513753,1.265045,-0.051716,,,,,,45360,,0,0.44703,0.574014,1,2
lead,IN,rainfall,,3.0,,ecmwf,model,2,mae,0.541,0.541,1.333646,-0.035491,,,,,,45360,,0,0.469581,0.615313,2,3
lead,IN,rainfall,,1.0,,icon,model,3,mae,0.535518,0.535518,1.476482,-0.006804,,,,,,45360,,0,0.465163,0.597511,3,3
lead,IN,rainfall,,2.0,,icon,model,3,mae,0.541433,0.541433,1.497196,0.008564,,,,,,45360,,0,0.469422,0.60392,3,3
lead,IN,rainfall,,3.0,,icon,model,3,mae,0.553638,0.553638,1.504871,0.016273,,,,,,45360,,0,0.472733,0.630045,1,4
lead,IN,rainfall,,2.0,,gem,model,4,mae,0.580607,0.580607,1.492289,0.027536,,,,,,45360,,0,0.508369,0.65593,4,4
lead,IN,rainfall,,1.0,,gem,model,4,mae,0.591736,0.591736,1.63956,-0.006456,,,,,,45360,,0,0.514813,0.673591,4,4
lead,IN,rainfall,,3.0,,gem,model,4,mae,0.597169,0.597169,1.566237,0.026353,,,,,,45360,,0,0.51793,0.681449,3,4
lead,Imphal,rainfall,,1.0,,ecmwf,model,1,mae,0.3729,0.3729,0.7268,-0.0539,,,,,,1008,,0,,,,
lead,Imphal,rainfall,,3.0,,icon,model,1,mae,0.3807,0.3807,0.871,0.109,,,,,,1008,,0,,,,
lead,Imphal,rainfall,,2.0,,ecmwf,model,1,mae,0.4594,0.4594,0.8538,-0.1568,,,,,,1008,,0,,,,
lead,Imphal,rainfall,,1.0,,gem,model,2,mae,0.4267,0.4267,0.9529,0.0217,,,,,,1008,,0,,,,
lead,Imphal,rainfall,,2.0,,icon,model,2,mae,0.5076,0.5076,1.3656,-0.0555,,,,,,1008,,0,,,,
lead,Imphal,rainfall,,3.0,,gem,model,2,mae,0.5234,0.5234,1.226,-0.0325,,,,,,1008,,0,,,,
lead,Imphal,rainfall,,1.0,,gfs,model,3,mae,0.4853,0.4853,0.9142,-0.1284,,,,,,1008,,0,,,,
lead,Imphal,rainfall,,2.0,,gem,model,3,mae,0.515,0.515,1.1974,-0.0368,,,,,,1008,,0,,,,
lead,Imphal,rainfall,,3.0,,ecmwf,model,3,mae,0.5473,0.5473,1.1414,-0.1997,,,,,,1008,,0,,,,
lead,Imphal,rainfall,,1.0,,icon,model,4,mae,0.5215,0.5215,1.4611,-0.0745,,,,,,1008,,0,,,,
lead,Imphal,rainfall,,2.0,,gfs,model,4,mae,0.55,0.55,1.3185,-0.2224,,,,,,1008,,0,,,,
lead,Imphal,rainfall,,3.0,,gfs,model,4,mae,0.651,0.651,1.2687,-0.2589,,,,,,1008,,0,,,,
lead,Indore,rainfall,,2.0,,gfs,model,1,mae,0.4203,0.4203,1.051,0.2642,,,,,,1008,,0,,,,
lead,Indore,rainfall,,1.0,,ecmwf,model,1,mae,0.4297,0.4297,0.9606,-0.0382,,,,,,1008,,0,,,,
lead,Indore,rainfall,,3.0,,gfs,model,1,mae,0.432,0.432,1.1272,0.2529,,,,,,1008,,0,,,,
lead,Indore,rainfall,,1.0,,gfs,model,2,mae,0.4347,0.4347,1.0965,0.154,,,,,,1008,,0,,,,
lead,Indore,rainfall,,2.0,,ecmwf,model,2,mae,0.4815,0.4815,1.0785,-0.0069,,,,,,1008,,0,,,,
lead,Indore,rainfall,,3.0,,gem,model,2,mae,0.4984,0.4984,1.3541,0.1659,,,,,,1008,,0,,,,
lead,Indore,rainfall,,1.0,,gem,model,3,mae,0.4795,0.4795,1.1308,0.1118,,,,,,1008,,0,,,,
lead,Indore,rainfall,,2.0,,gem,model,3,mae,0.5044,0.5044,1.2422,0.1438,,,,,,1008,,0,,,,
lead,Indore,rainfall,,3.0,,ecmwf,model,3,mae,0.6464,0.6464,2.0916,-0.095,,,,,,1008,,0,,,,
lead,Indore,rainfall,,1.0,,icon,model,4,mae,0.5735,0.5735,1.5019,-0.0237,,,,,,1008,,0,,,,
lead,Indore,rainfall,,2.0,,icon,model,4,mae,0.5927,0.5927,1.4351,-0.0085,,,,,,1008,,0,,,,
lead,Indore,rainfall,,3.0,,icon,model,4,mae,0.6807,0.6807,1.6965,-0.0755,,,,,,1008,,0,,,,
lead,Jabalpur,rainfall,,3.0,,gfs,model,1,mae,0.7268,0.7268,1.5201,0.2542,,,,,,1008,,0,,,,
lead,Jabalpur,rainfall,,2.0,,gfs,model,1,mae,0.7534,0.7534,1.6269,0.0994,,,,,,1008,,0,,,,
lead,Jabalpur,rainfall,,1.0,,gfs,model,1,mae,0.7928,0.7928,1.6156,0.0741,,,,,,1008,,0,,,,
lead,Jabalpur,rainfall,,1.0,,ecmwf,model,2,mae,0.7983,0.7983,1.6963,-0.161,,,,,,1008,,0,,,,
lead,Jabalpur,rainfall,,2.0,,gem,model,2,mae,0.9006,0.9006,1.829,-0.0022,,,,,,1008,,0,,,,
lead,Jabalpur,rainfall,,3.0,,ecmwf,model,2,mae,0.9681,0.9681,1.8394,-0.3494,,,,,,1008,,0,,,,
lead,Jabalpur,rainfall,,1.0,,icon,model,3,mae,0.8489,0.8489,1.8197,-0.0838,,,,,,1008,,0,,,,
lead,Jabalpur,rainfall,,3.0,,gem,model,3,mae,0.9952,0.9952,1.9399,-0.148,,,,,,1008,,0,,,,
lead,Jabalpur,rainfall,,2.0,,ecmwf,model,3,mae,1.0497,1.0497,2.964,-0.5062,,,,,,1008,,0,,,,
lead,Jabalpur,rainfall,,1.0,,gem,model,4,mae,0.9356,0.9356,2.0633,-0.0574,,,,,,1008,,0,,,,
lead,Jabalpur,rainfall,,3.0,,icon,model,4,mae,1.0062,1.0062,2.9544,-0.1438,,,,,,1008,,0,,,,
lead,Jabalpur,rainfall,,2.0,,icon,model,4,mae,1.0586,1.0586,2.5437,-0.3467,,,,,,1008,,0,,,,
lead,Jaipur,rainfall,,1.0,,ecmwf,model,1,mae,0.3208,0.3208,0.8846,-0.0431,,,,,,1008,,0,,,,
lead,Jaipur,rainfall,,2.0,,gfs,model,1,mae,0.3589,0.3589,1.019,-0.0004,,,,,,1008,,0,,,,
lead,Jaipur,rainfall,,3.0,,gem,model,1,mae,0.3857,0.3857,1.1187,-0.0266,,,,,,1008,,0,,,,
lead,Jaipur,rainfall,,1.0,,gem,model,2,mae,0.3951,0.3951,1.1817,-0.0509,,,,,,1008,,0,,,,
lead,Jaipur,rainfall,,2.0,,ecmwf,model,2,mae,0.3955,0.3955,1.1023,-0.1124,,,,,,1008,,0,,,,
lead,Jaipur,rainfall,,3.0,,ecmwf,model,2,mae,0.4165,0.4165,0.9923,-0.0996,,,,,,1008,,0,,,,
lead,Jaipur,rainfall,,1.0,,icon,model,3,mae,0.407,0.407,1.0549,-0.1037,,,,,,1008,,0,,,,
lead,Jaipur,rainfall,,3.0,,gfs,model,3,mae,0.4502,0.4502,1.6765,-0.0813,,,,,,1008,,0,,,,
lead,Jaipur,rainfall,,2.0,,gem,model,3,mae,0.4924,0.4924,1.4742,-0.1366,,,,,,1008,,0,,,,
lead,Jaipur,rainfall,,1.0,,gfs,model,4,mae,0.4099,0.4099,1.6267,-0.0712,,,,,,1008,,0,,,,
lead,Jaipur,rainfall,,3.0,,icon,model,4,mae,0.5914,0.5914,1.8056,-0.2749,,,,,,1008,,0,,,,
lead,Jaipur,rainfall,,2.0,,icon,model,4,mae,0.6558,0.6558,1.8996,-0.3754,,,,,,1008,,0,,,,
lead,Jodhpur,rainfall,,3.0,,gfs,model,1,mae,0.2233,0.2233,0.78,0.0969,,,,,,1008,,0,,,,
lead,Jodhpur,rainfall,,1.0,,ecmwf,model,1,mae,0.2286,0.2286,0.7225,-0.0091,,,,,,1008,,0,,,,
lead,Jodhpur,rainfall,,2.0,,gem,model,1,mae,0.2747,0.2747,1.0685,0.0027,,,,,,1008,,0,,,,
lead,Jodhpur,rainfall,,1.0,,gfs,model,2,mae,0.2347,0.2347,0.7604,0.024,,,,,,1008,,0,,,,
lead,Jodhpur,rainfall,,2.0,,gfs,model,2,mae,0.2921,0.2921,1.3061,0.0183,,,,,,1008,,0,,,,
lead,Jodhpur,rainfall,,3.0,,ecmwf,model,2,mae,0.3199,0.3199,0.8747,-0.0636,,,,,,1008,,0,,,,
lead,Jodhpur,rainfall,,1.0,,gem,model,3,mae,0.2481,0.2481,0.901,0.0336,,,,,,1008,,0,,,,
lead,Jodhpur,rainfall,,2.0,,ecmwf,model,3,mae,0.2926,0.2926,0.8748,-0.0416,,,,,,1008,,0,,,,
lead,Jodhpur,rainfall,,3.0,,gem,model,3,mae,0.3952,0.3952,1.2331,-0.0671,,,,,,1008,,0,,,,
lead,Jodhpur,rainfall,,1.0,,icon,model,4,mae,0.2862,0.2862,0.8604,-0.0531,,,,,,1008,,0,,,,
lead,Jodhpur,rainfall,,2.0,,icon,model,4,mae,0.2981,0.2981,0.8685,-0.0366,,,,,,1008,,0,,,,
lead,Jodhpur,rainfall,,3.0,,icon,model,4,mae,0.4168,0.4168,1.2326,-0.1449,,,,,,1008,,0,,,,
lead,Kanpur,rainfall,,1.0,,ecmwf,model,1,mae,0.6007,0.6007,1.2184,-0.0213,,,,,,1008,,0,,,,
lead,Kanpur,rainfall,,3.0,,icon,model,1,mae,0.731,0.731,1.5211,0.0085,,,,,,1008,,0,,,,
lead,Kanpur,rainfall,,2.0,,gem,model,1,mae,0.752,0.752,1.6776,0.07,,,,,,1008,,0,,,,
lead,Kanpur,rainfall,,1.0,,gfs,model,2,mae,0.6053,0.6053,1.3554,0.1455,,,,,,1008,,0,,,,
lead,Kanpur,rainfall,,3.0,,ecmwf,model,2,mae,0.7491,0.7491,1.3662,-0.0636,,,,,,1008,,0,,,,
lead,Kanpur,rainfall,,2.0,,icon,model,2,mae,0.7529,0.7529,1.8845,-0.0219,,,,,,1008,,0,,,,
lead,Kanpur,rainfall,,1.0,,gem,model,3,mae,0.7284,0.7284,1.7799,0.1034,,,,,,1008,,0,,,,
lead,Kanpur,rainfall,,2.0,,gfs,model,3,mae,0.7663,0.7663,1.4968,0.0417,,,,,,1008,,0,,,,
lead,Kanpur,rainfall,,3.0,,gem,model,3,mae,0.8616,0.8616,2.0816,0.0082,,,,,,1008,,0,,,,
lead,Kanpur,rainfall,,2.0,,ecmwf,model,4,mae,0.7981,0.7981,1.723,-0.2017,,,,,,1008,,0,,,,
lead,Kanpur,rainfall,,1.0,,icon,model,4,mae,0.8522,0.8522,1.8465,-0.1988,,,,,,1008,,0,,,,
lead,Kanpur,rainfall,,3.0,,gfs,model,4,mae,0.946,0.946,2.4798,-0.1724,,,,,,1008,,0,,,,
lead,Kochi,rainfall,,2.0,,icon,model,1,mae,0.5444,0.5444,1.2281,0.324,,,,,,1008,,0,,,,
lead,Kochi,rainfall,,3.0,,icon,model,1,mae,0.5472,0.5472,1.2506,0.381,,,,,,1008,,0,,,,
lead,Kochi,rainfall,,1.0,,ecmwf,model,1,mae,0.5537,0.5537,1.1986,0.1451,,,,,,1008,,0,,,,
lead,Kochi,rainfall,,1.0,,icon,model,2,mae,0.5628,0.5628,1.2322,0.3281,,,,,,1008,,0,,,,
lead,Kochi,rainfall,,2.0,,ecmwf,model,2,mae,0.5703,0.5703,1.2469,0.2344,,,,,,1008,,0,,,,
lead,Kochi,rainfall,,3.0,,gfs,model,2,mae,0.5976,0.5976,1.3832,0.4645,,,,,,1008,,0,,,,
lead,Kochi,rainfall,,2.0,,gfs,model,3,mae,0.5869,0.5869,1.3443,0.4258,,,,,,1008,,0,,,,
lead,Kochi,rainfall,,1.0,,gfs,model,3,mae,0.5886,0.5886,1.3398,0.393,,,,,,1008,,0,,,,
lead,Kochi,rainfall,,3.0,,ecmwf,model,3,mae,0.6067,0.6067,1.2631,0.2133,,,,,,1008,,0,,,,
lead,Kochi,rainfall,,3.0,,gem,model,4,mae,0.6498,0.6498,1.3547,0.3065,,,,,,1008,,0,,,,
lead,Kochi,rainfall,,1.0,,gem,model,4,mae,0.655,0.655,1.3477,0.2825,,,,,,1008,,0,,,,
lead,Kochi,rainfall,,2.0,,gem,model,4,mae,0.6952,0.6952,1.5176,0.2417,,,,,,1008,,0,,,,
lead,Kolkata,rainfall,,1.0,,icon,model,1,mae,0.6566,0.6566,1.4305,0.2348,,,,,,1008,,0,,,,
lead,Kolkata,rainfall,,2.0,,icon,model,1,mae,0.6852,0.6852,1.5834,0.2164,,,,,,1008,,0,,,,
lead,Kolkata,rainfall,,3.0,,gfs,model,1,mae,0.6902,0.6902,1.4825,0.3005,,,,,,1008,,0,,,,
lead,Kolkata,rainfall,,1.0,,gfs,model,2,mae,0.6866,0.6866,1.7859,0.2926,,,,,,1008,,0,,,,
lead,Kolkata,rainfall,,2.0,,gfs,model,2,mae,0.7164,0.7164,1.5518,0.2874,,,,,,1008,,0,,,,
lead,Kolkata,rainfall,,3.0,,ecmwf,model,2,mae,0.7366,0.7366,1.4599,0.0366,,,,,,1008,,0,,,,
lead,Kolkata,rainfall,,1.0,,ecmwf,model,3,mae,0.7665,0.7665,1.6004,-0.0018,,,,,,1008,,0,,,,
lead,Kolkata,rainfall,,2.0,,ecmwf,model,3,mae,0.7999,0.7999,1.7148,-0.0092,,,,,,1008,,0,,,,
lead,Kolkata,rainfall,,3.0,,icon,model,3,mae,0.8102,0.8102,1.8611,0.084,,,,,,1008,,0,,,,
lead,Kolkata,rainfall,,1.0,,gem,model,4,mae,0.823,0.823,1.7378,0.178,,,,,,1008,,0,,,,
lead,Kolkata,rainfall,,3.0,,gem,model,4,mae,0.8896,0.8896,1.8649,0.1777,,,,,,1008,,0,,,,
lead,Kolkata,rainfall,,2.0,,gem,model,4,mae,0.8956,0.8956,2.0098,0.1333,,,,,,1008,,0,,,,
lead,Kota,rainfall,,1.0,,ecmwf,model,1,mae,0.3834,0.3834,0.9386,-0.0182,,,,,,1008,,0,,,,
lead,Kota,rainfall,,2.0,,gfs,model,1,mae,0.4737,0.4737,1.4076,-0.008,,,,,,1008,,0,,,,
lead,Kota,rainfall,,3.0,,gfs,model,1,mae,0.4743,0.4743,1.3439,-0.0209,,,,,,1008,,0,,,,
lead,Kota,rainfall,,1.0,,gem,model,2,mae,0.4168,0.4168,1.1485,0.0368,,,,,,1008,,0,,,,
lead,Kota,rainfall,,2.0,,ecmwf,model,2,mae,0.4838,0.4838,1.0611,-0.1384,,,,,,1008,,0,,,,
lead,Kota,rainfall,,3.0,,gem,model,2,mae,0.5845,0.5845,1.6325,-0.0754,,,,,,1008,,0,,,,
lead,Kota,rainfall,,1.0,,icon,model,3,mae,0.4238,0.4238,1.0022,-0.05,,,,,,1008,,0,,,,
lead,Kota,rainfall,,2.0,,gem,model,3,mae,0.487,0.487,1.2514,0.0144,,,,,,1008,,0,,,,
lead,Kota,rainfall,,3.0,,ecmwf,model,3,mae,0.5874,0.5874,1.6047,-0.2086,,,,,,1008,,0,,,,
lead,Kota,rainfall,,1.0,,gfs,model,4,mae,0.4516,0.4516,1.0723,-0.0349,,,,,,1008,,0,,,,
lead,Kota,rainfall,,2.0,,icon,model,4,mae,0.5512,0.5512,1.339,-0.1883,,,,,,1008,,0,,,,
lead,Kota,rainfall,,3.0,,icon,model,4,mae,0.6584,0.6584,1.6862,-0.2596,,,,,,1008,,0,,,,
lead,Lucknow,rainfall,,3.0,,gem,model,1,mae,0.5481,0.5481,1.3296,0.2154,,,,,,1008,,0,,,,
lead,Lucknow,rainfall,,1.0,,gfs,model,1,mae,0.5563,0.5563,1.1787,0.0798,,,,,,1008,,0,,,,
lead,Lucknow,rainfall,,2.0,,icon,model,1,mae,0.6369,0.6369,1.2681,-0.0603,,,,,,1008,,0,,,,
lead,Lucknow,rainfall,,1.0,,gem,model,2,mae,0.6009,0.6009,1.7488,0.0783,,,,,,1008,,0,,,,
lead,Lucknow,rainfall,,3.0,,icon,model,2,mae,0.6242,0.6242,1.2142,-0.003,,,,,,1008,,0,,,,
lead,Lucknow,rainfall,,2.0,,gfs,model,2,mae,0.6531,0.6531,1.3411,-0.0316,,,,,,1008,,0,,,,
lead,Lucknow,rainfall,,1.0,,ecmwf,model,3,mae,0.6048,0.6048,1.1657,-0.094,,,,,,1008,,0,,,,
lead,Lucknow,rainfall,,3.0,,ecmwf,model,3,mae,0.6739,0.6739,1.2345,-0.1527,,,,,,1008,,0,,,,
lead,Lucknow,rainfall,,2.0,,ecmwf,model,3,mae,0.6805,0.6805,1.2248,-0.1652,,,,,,1008,,0,,,,
lead,Lucknow,rainfall,,1.0,,icon,model,4,mae,0.6864,0.6864,1.402,-0.1116,,,,,,1008,,0,,,,
lead,Lucknow,rainfall,,3.0,,gfs,model,4,mae,0.7247,0.7247,1.8756,-0.0747,,,,,,1008,,0,,,,
lead,Lucknow,rainfall,,2.0,,gem,model,4,mae,0.7886,0.7886,1.8567,-0.0707,,,,,,1008,,0,,,,
lead,Ludhiana,rainfall,,1.0,,gfs,model,1,mae,0.2796,0.2796,0.7846,0.0687,,,,,,1008,,0,,,,
lead,Ludhiana,rainfall,,2.0,,ecmwf,model,1,mae,0.3408,0.3408,0.8238,-0.0803,,,,,,1008,,0,,,,
lead,Ludhiana,rainfall,,3.0,,ecmwf,model,1,mae,0.3494,0.3494,0.8293,-0.096,,,,,,1008,,0,,,,
lead,Ludhiana,rainfall,,1.0,,ecmwf,model,2,mae,0.3205,0.3205,0.7799,-0.0594,,,,,,1008,,0,,,,
lead,Ludhiana,rainfall,,2.0,,gfs,model,2,mae,0.3525,0.3525,0.9225,-0.0049,,,,,,1008,,0,,,,
lead,Ludhiana,rainfall,,3.0,,icon,model,2,mae,0.3784,0.3784,0.9593,-0.0782,,,,,,1008,,0,,,,
lead,Ludhiana,rainfall,,1.0,,icon,model,3,mae,0.383,0.383,1.0966,-0.086,,,,,,1008,,0,,,,
lead,Ludhiana,rainfall,,2.0,,icon,model,3,mae,0.3845,0.3845,0.9412,-0.0694,,,,,,1008,,0,,,,
lead,Ludhiana,rainfall,,3.0,,gfs,model,3,mae,0.3938,0.3938,1.0203,-0.0629,,,,,,1008,,0,,,,
lead,Ludhiana,rainfall,,2.0,,gem,model,4,mae,0.4568,0.4568,1.2409,-0.1491,,,,,,1008,,0,,,,
lead,Ludhiana,rainfall,,1.0,,gem,model,4,mae,0.5477,0.5477,1.8317,-0.2422,,,,,,1008,,0,,,,
lead,Ludhiana,rainfall,,3.0,,gem,model,4,mae,0.6982,0.6982,2.0859,-0.3841,,,,,,1008,,0,,,,
lead,Madurai,rainfall,,3.0,,icon,model,1,mae,0.1014,0.1014,0.5928,0.0954,,,,,,1008,,0,,,,
lead,Madurai,rainfall,,1.0,,icon,model,1,mae,0.1041,0.1041,0.5962,0.0864,,,,,,1008,,0,,,,
lead,Madurai,rainfall,,2.0,,icon,model,1,mae,0.1055,0.1055,0.6067,0.093,,,,,,1008,,0,,,,
lead,Madurai,rainfall,,3.0,,gfs,model,2,mae,0.1075,0.1075,0.5971,0.0897,,,,,,1008,,0,,,,
lead,Madurai,rainfall,,2.0,,gem,model,2,mae,0.1082,0.1082,0.5844,0.0624,,,,,,1008,,0,,,,
lead,Madurai,rainfall,,1.0,,gem,model,2,mae,0.1185,0.1185,0.6012,0.0524,,,,,,1008,,0,,,,
lead,Madurai,rainfall,,2.0,,gfs,model,3,mae,0.1159,0.1159,0.6109,0.0833,,,,,,1008,,0,,,,
lead,Madurai,rainfall,,3.0,,gem,model,3,mae,0.1232,0.1232,0.601,0.0425,,,,,,1008,,0,,,,
lead,Madurai,rainfall,,1.0,,gfs,model,3,mae,0.1243,0.1243,0.6049,0.0715,,,,,,1008,,0,,,,
lead,Madurai,rainfall,,3.0,,ecmwf,model,4,mae,0.1385,0.1385,0.6322,0.0105,,,,,,1008,,0,,,,
lead,Madurai,rainfall,,2.0,,ecmwf,model,4,mae,0.1399,0.1399,0.6106,0.0117,,,,,,1008,,0,,,,
lead,Madurai,rainfall,,1.0,,ecmwf,model,4,mae,0.1468,0.1468,0.6061,-0.0115,,,,,,1008,,0,,,,
lead,Mumbai,rainfall,,1.0,,ecmwf,model,1,mae,0.5719,0.5719,1.0605,0.0326,,,,,,1008,,0,,,,
lead,Mumbai,rainfall,,3.0,,icon,model,1,mae,0.6014,0.6014,1.218,0.1784,,,,,,1008,,0,,,,
lead,Mumbai,rainfall,,2.0,,ecmwf,model,1,mae,0.6092,0.6092,1.1782,0.11,,,,,,1008,,0,,,,
lead,Mumbai,rainfall,,3.0,,ecmwf,model,2,mae,0.6129,0.6129,1.2512,0.1323,,,,,,1008,,0,,,,
lead,Mumbai,rainfall,,2.0,,icon,model,2,mae,0.6374,0.6374,1.2983,0.1945,,,,,,1008,,0,,,,
lead,Mumbai,rainfall,,1.0,,gfs,model,2,mae,0.6623,0.6623,1.3207,0.2901,,,,,,1008,,0,,,,
lead,Mumbai,rainfall,,2.0,,gfs,model,3,mae,0.6549,0.6549,1.2402,0.2049,,,,,,1008,,0,,,,
lead,Mumbai,rainfall,,1.0,,icon,model,3,mae,0.6731,0.6731,1.36,0.1487,,,,,,1008,,0,,,,
lead,Mumbai,rainfall,,3.0,,gfs,model,3,mae,0.6783,0.6783,1.3066,0.2219,,,,,,1008,,0,,,,
lead,Mumbai,rainfall,,3.0,,gem,model,4,mae,0.6888,0.6888,1.2955,0.3457,,,,,,1008,,0,,,,
lead,Mumbai,rainfall,,2.0,,gem,model,4,mae,0.7149,0.7149,1.314,0.1913,,,,,,1008,,0,,,,
lead,Mumbai,rainfall,,1.0,,gem,model,4,mae,0.8011,0.8011,1.6763,0.1348,,,,,,1008,,0,,,,
lead,Nagpur,rainfall,,3.0,,gfs,model,1,mae,0.4387,0.4387,1.0015,0.0107,,,,,,1008,,0,,,,
lead,Nagpur,rainfall,,2.0,,gfs,model,1,mae,0.4408,0.4408,0.9148,0.0199,,,,,,1008,,0,,,,
lead,Nagpur,rainfall,,1.0,,gem,model,1,mae,0.5239,0.5239,1.5976,-0.0031,,,,,,1008,,0,,,,
lead,Nagpur,rainfall,,3.0,,gem,model,2,mae,0.4445,0.4445,1.0658,0.1132,,,,,,1008,,0,,,,
lead,Nagpur,rainfall,,1.0,,ecmwf,model,2,mae,0.5262,0.5262,0.9364,-0.2617,,,,,,1008,,0,,,,
lead,Nagpur,rainfall,,2.0,,gem,model,2,mae,0.5315,0.5315,1.4104,0.0016,,,,,,1008,,0,,,,
lead,Nagpur,rainfall,,1.0,,gfs,model,3,mae,0.5691,0.5691,1.0821,-0.1953,,,,,,1008,,0,,,,
lead,Nagpur,rainfall,,2.0,,ecmwf,model,3,mae,0.6812,0.6812,1.1599,-0.3799,,,,,,1008,,0,,,,
lead,Nagpur,rainfall,,3.0,,ecmwf,model,3,mae,0.7673,0.7673,1.526,-0.3849,,,,,,1008,,0,,,,
lead,Nagpur,rainfall,,1.0,,icon,model,4,mae,0.7572,0.7572,2.0202,-0.368,,,,,,1008,,0,,,,
lead,Nagpur,rainfall,,2.0,,icon,model,4,mae,0.8534,0.8534,2.0037,-0.4413,,,,,,1008,,0,,,,
lead,Nagpur,rainfall,,3.0,,icon,model,4,mae,0.8685,0.8685,2.0758,-0.4054,,,,,,1008,,0,,,,
lead,Nashik,rainfall,,2.0,,ecmwf,model,1,mae,0.3012,0.3012,0.8434,0.0937,,,,,,1008,,0,,,,
lead,Nashik,rainfall,,1.0,,ecmwf,model,1,mae,0.32,0.32,0.9194,0.0121,,,,,,1008,,0,,,,
lead,Nashik,rainfall,,3.0,,ecmwf,model,1,mae,0.3266,0.3266,0.9749,0.1651,,,,,,1008,,0,,,,
lead,Nashik,rainfall,,1.0,,gfs,model,2,mae,0.3553,0.3553,1.0424,0.216,,,,,,1008,,0,,,,
lead,Nashik,rainfall,,3.0,,gfs,model,2,mae,0.3655,0.3655,1.0941,0.2571,,,,,,1008,,0,,,,
lead,Nashik,rainfall,,2.0,,icon,model,2,mae,0.3734,0.3734,1.0235,0.1956,,,,,,1008,,0,,,,
lead,Nashik,rainfall,,2.0,,gfs,model,3,mae,0.4103,0.4103,1.3158,0.2181,,,,,,1008,,0,,,,
lead,Nashik,rainfall,,3.0,,gem,model,3,mae,0.4534,0.4534,1.17,0.0776,,,,,,1008,,0,,,,
lead,Nashik,rainfall,,1.0,,icon,model,3,mae,0.4536,0.4536,1.7277,0.051,,,,,,1008,,0,,,,
lead,Nashik,rainfall,,2.0,,gem,model,4,mae,0.423,0.423,1.0482,0.1151,,,,,,1008,,0,,,,
lead,Nashik,rainfall,,1.0,,gem,model,4,mae,0.5342,0.5342,1.5765,-0.141,,,,,,1008,,0,,,,
lead,Nashik,rainfall,,3.0,,icon,model,4,mae,0.5687,0.5687,2.1297,-0.0278,,,,,,1008,,0,,,,
lead,Patna,rainfall,,1.0,,gfs,model,1,mae,0.3684,0.3684,1.0032,0.2477,,,,,,1008,,0,,,,
lead,Patna,rainfall,,2.0,,gfs,model,1,mae,0.4931,0.4931,1.1769,0.0425,,,,,,1008,,0,,,,
lead,Patna,rainfall,,3.0,,icon,model,1,mae,0.4963,0.4963,1.0494,-0.0059,,,,,,1008,,0,,,,
lead,Patna,rainfall,,1.0,,ecmwf,model,2,mae,0.524,0.524,1.1416,-0.106,,,,,,1008,,0,,,,
lead,Patna,rainfall,,3.0,,gem,model,2,mae,0.5246,0.5246,1.5003,0.1026,,,,,,1008,,0,,,,
lead,Patna,rainfall,,2.0,,icon,model,2,mae,0.5255,0.5255,1.2095,-0.0201,,,,,,1008,,0,,,,
lead,Patna,rainfall,,1.0,,icon,model,3,mae,0.5486,0.5486,1.3003,-0.1196,,,,,,1008,,0,,,,
lead,Patna,rainfall,,2.0,,ecmwf,model,3,mae,0.5539,0.5539,1.0757,-0.1646,,,,,,1008,,0,,,,
lead,Patna,rainfall,,3.0,,ecmwf,model,3,mae,0.6067,0.6067,1.2098,-0.1607,,,,,,1008,,0,,,,
lead,Patna,rainfall,,2.0,,gem,model,4,mae,0.5929,0.5929,1.551,-0.0022,,,,,,1008,,0,,,,
lead,Patna,rainfall,,3.0,,gfs,model,4,mae,0.6407,0.6407,1.6667,-0.146,,,,,,1008,,0,,,,
lead,Patna,rainfall,,1.0,,gem,model,4,mae,0.717,0.717,2.0506,-0.1215,,,,,,1008,,0,,,,
lead,Pune,rainfall,,3.0,,icon,model,1,mae,0.1911,0.1911,0.4586,0.1405,,,,,,1008,,0,,,,
lead,Pune,rainfall,,2.0,,ecmwf,model,1,mae,0.1987,0.1987,0.4561,0.0346,,,,,,1008,,0,,,,
lead,Pune,rainfall,,1.0,,gfs,model,1,mae,0.1993,0.1993,0.4854,0.1634,,,,,,1008,,0,,,,
lead,Pune,rainfall,,3.0,,ecmwf,model,2,mae,0.1972,0.1972,0.4397,0.0528,,,,,,1008,,0,,,,
lead,Pune,rainfall,,2.0,,icon,model,2,mae,0.2035,0.2035,0.4788,0.1176,,,,,,1008,,0,,,,
lead,Pune,rainfall,,1.0,,ecmwf,model,2,mae,0.2062,0.2062,0.4547,-0.0076,,,,,,1008,,0,,,,
lead,Pune,rainfall,,3.0,,gfs,model,3,mae,0.1993,0.1993,0.4851,0.158,,,,,,1008,,0,,,,
lead,Pune,rainfall,,1.0,,icon,model,3,mae,0.2122,0.2122,0.5159,0.1184,,,,,,1008,,0,,,,
lead,Pune,rainfall,,2.0,,gfs,model,3,mae,0.221,0.221,0.5612,0.1458,,,,,,1008,,0,,,,
lead,Pune,rainfall,,3.0,,gem,model,4,mae,0.2897,0.2897,0.5831,0.0071,,,,,,1008,,0,,,,
lead,Pune,rainfall,,1.0,,gem,model,4,mae,0.2967,0.2967,0.6015,-0.0144,,,,,,1008,,0,,,,
lead,Pune,rainfall,,2.0,,gem,model,4,mae,0.3495,0.3495,0.8813,-0.0686,,,,,,1008,,0,,,,
lead,Raipur,rainfall,,2.0,,gfs,model,1,mae,0.651,0.651,1.3094,0.1567,,,,,,1008,,0,,,,
lead,Raipur,rainfall,,1.0,,ecmwf,model,1,mae,0.6664,0.6664,1.1798,-0.1576,,,,,,1008,,0,,,,
lead,Raipur,rainfall,,3.0,,gfs,model,1,mae,0.6761,0.6761,1.5785,0.2318,,,,,,1008,,0,,,,
lead,Raipur,rainfall,,3.0,,icon,model,2,mae,0.698,0.698,1.4688,0.0625,,,,,,1008,,0,,,,
lead,Raipur,rainfall,,2.0,,ecmwf,model,2,mae,0.7394,0.7394,1.342,-0.1654,,,,,,1008,,0,,,,
lead,Raipur,rainfall,,1.0,,gfs,model,2,mae,0.7591,0.7591,1.6643,-0.0778,,,,,,1008,,0,,,,
lead,Raipur,rainfall,,2.0,,icon,model,3,mae,0.7496,0.7496,1.5167,-0.002,,,,,,1008,,0,,,,
lead,Raipur,rainfall,,3.0,,ecmwf,model,3,mae,0.8188,0.8188,1.4814,-0.1014,,,,,,1008,,0,,,,
lead,Raipur,rainfall,,1.0,,icon,model,3,mae,0.8341,0.8341,1.8802,-0.2236,,,,,,1008,,0,,,,
lead,Raipur,rainfall,,1.0,,gem,model,4,mae,0.8811,0.8811,2.0953,-0.0025,,,,,,1008,,0,,,,
lead,Raipur,rainfall,,2.0,,gem,model,4,mae,0.8957,0.8957,2.0866,-0.0314,,,,,,1008,,0,,,,
lead,Raipur,rainfall,,3.0,,gem,model,4,mae,0.9501,0.9501,2.1342,-0.0281,,,,,,1008,,0,,,,
lead,Ranchi,rainfall,,1.0,,ecmwf,model,1,mae,0.5522,0.5522,1.085,-0.1448,,,,,,1008,,0,,,,
lead,Ranchi,rainfall,,3.0,,icon,model,1,mae,0.5618,0.5618,1.1699,0.0517,,,,,,1008,,0,,,,
lead,Ranchi,rainfall,,2.0,,ecmwf,model,1,mae,0.5699,0.5699,1.0996,-0.0648,,,,,,1008,,0,,,,
lead,Ranchi,rainfall,,2.0,,icon,model,2,mae,0.585,0.585,1.2995,-0.0043,,,,,,1008,,0,,,,
lead,Ranchi,rainfall,,3.0,,ecmwf,model,2,mae,0.6094,0.6094,1.1504,-0.0779,,,,,,1008,,0,,,,
lead,Ranchi,rainfall,,1.0,,gfs,model,2,mae,0.6437,0.6437,1.1989,-0.1248,,,,,,1008,,0,,,,
lead,Ranchi,rainfall,,2.0,,gfs,model,3,mae,0.7163,0.7163,1.3636,-0.2188,,,,,,1008,,0,,,,
lead,Ranchi,rainfall,,1.0,,icon,model,3,mae,0.7513,0.7513,2.0774,-0.2475,,,,,,1008,,0,,,,
lead,Ranchi,rainfall,,3.0,,gfs,model,3,mae,0.8408,0.8408,1.9903,-0.3412,,,,,,1008,,0,,,,
lead,Ranchi,rainfall,,1.0,,gem,model,4,mae,0.7937,0.7937,1.9976,-0.1825,,,,,,1008,,0,,,,
lead,Ranchi,rainfall,,3.0,,gem,model,4,mae,0.9039,0.9039,1.8658,-0.2892,,,,,,1008,,0,,,,
lead,Ranchi,rainfall,,2.0,,gem,model,4,mae,0.9131,0.9131,2.0563,-0.2921,,,,,,1008,,0,,,,
lead,Shillong,rainfall,,1.0,,ecmwf,model,1,mae,0.4397,0.4397,1.4467,-0.2899,,,,,,1008,,0,,,,
lead,Shillong,rainfall,,3.0,,gem,model,1,mae,0.4459,0.4459,0.9196,-0.1195,,,,,,1008,,0,,,,
lead,Shillong,rainfall,,2.0,,ecmwf,model,1,mae,0.4855,0.4855,1.661,-0.2667,,,,,,1008,,0,,,,
lead,Shillong,rainfall,,1.0,,gfs,model,2,mae,0.4827,0.4827,1.0267,-0.2218,,,,,,1008,,0,,,,
lead,Shillong,rainfall,,3.0,,gfs,model,2,mae,0.5177,0.5177,1.2726,-0.2984,,,,,,1008,,0,,,,
lead,Shillong,rainfall,,2.0,,gem,model,2,mae,0.518,0.518,1.2207,-0.1971,,,,,,1008,,0,,,,
lead,Shillong,rainfall,,1.0,,gem,model,3,mae,0.5296,0.5296,1.3252,-0.2357,,,,,,1008,,0,,,,
lead,Shillong,rainfall,,2.0,,icon,model,3,mae,0.5839,0.5839,2.0759,-0.3371,,,,,,1008,,0,,,,
lead,Shillong,rainfall,,3.0,,icon,model,3,mae,0.6088,0.6088,2.0369,-0.3747,,,,,,1008,,0,,,,
lead,Shillong,rainfall,,1.0,,icon,model,4,mae,0.5795,0.5795,1.9393,-0.3578,,,,,,1008,,0,,,,
lead,Shillong,rainfall,,2.0,,gfs,model,4,mae,0.5842,0.5842,1.2313,-0.3695,,,,,,1008,,0,,,,
lead,Shillong,rainfall,,3.0,,ecmwf,model,4,mae,0.6091,0.6091,1.8941,-0.3643,,,,,,1008,,0,,,,
lead,Shimla,rainfall,,1.0,,ecmwf,model,1,mae,0.3049,0.3049,0.6364,-0.036,,,,,,1008,,0,,,,
lead,Shimla,rainfall,,3.0,,icon,model,1,mae,0.3728,0.3728,0.864,-0.0911,,,,,,1008,,0,,,,
lead,Shimla,rainfall,,2.0,,icon,model,1,mae,0.4092,0.4092,0.8265,-0.1138,,,,,,1008,,0,,,,
lead,Shimla,rainfall,,1.0,,gfs,model,2,mae,0.4127,0.4127,1.3401,-0.1456,,,,,,1008,,0,,,,
lead,Shimla,rainfall,,2.0,,ecmwf,model,2,mae,0.4256,0.4256,0.9376,-0.1708,,,,,,1008,,0,,,,
lead,Shimla,rainfall,,3.0,,ecmwf,model,2,mae,0.4734,0.4734,1.109,-0.1929,,,,,,1008,,0,,,,
lead,Shimla,rainfall,,1.0,,icon,model,3,mae,0.4384,0.4384,1.1582,-0.133,,,,,,1008,,0,,,,
lead,Shimla,rainfall,,2.0,,gfs,model,3,mae,0.4887,0.4887,1.646,-0.1919,,,,,,1008,,0,,,,
lead,Shimla,rainfall,,3.0,,gfs,model,3,mae,0.5087,0.5087,1.2416,-0.2177,,,,,,1008,,0,,,,
lead,Shimla,rainfall,,2.0,,gem,model,4,mae,0.59,0.59,1.2639,-0.2858,,,,,,1008,,0,,,,
lead,Shimla,rainfall,,3.0,,gem,model,4,mae,0.7065,0.7065,1.4306,-0.3915,,,,,,1008,,0,,,,
lead,Shimla,rainfall,,1.0,,gem,model,4,mae,0.7686,0.7686,1.9791,-0.4505,,,,,,1008,,0,,,,
lead,Srinagar,rainfall,,1.0,,ecmwf,model,1,mae,0.204,0.204,0.5348,0.0562,,,,,,1008,,0,,,,
lead,Srinagar,rainfall,,2.0,,ecmwf,model,1,mae,0.2197,0.2197,0.5638,0.0434,,,,,,1008,,0,,,,
lead,Srinagar,rainfall,,3.0,,gem,model,1,mae,0.2392,0.2392,0.6701,0.04,,,,,,1008,,0,,,,
lead,Srinagar,rainfall,,3.0,,ecmwf,model,2,mae,0.2555,0.2555,0.6629,0.0267,,,,,,1008,,0,,,,
lead,Srinagar,rainfall,,2.0,,gem,model,2,mae,0.2827,0.2827,0.7602,0.0198,,,,,,1008,,0,,,,
lead,Srinagar,rainfall,,1.0,,icon,model,2,mae,0.3338,0.3338,0.7748,-0.0739,,,,,,1008,,0,,,,
lead,Srinagar,rainfall,,3.0,,gfs,model,3,mae,0.3571,0.3571,0.8301,-0.0363,,,,,,1008,,0,,,,
lead,Srinagar,rainfall,,1.0,,gem,model,3,mae,0.3609,0.3609,0.9509,-0.0813,,,,,,1008,,0,,,,
lead,Srinagar,rainfall,,2.0,,icon,model,3,mae,0.3841,0.3841,0.9747,-0.1363,,,,,,1008,,0,,,,
lead,Srinagar,rainfall,,2.0,,gfs,model,4,mae,0.3897,0.3897,0.8711,-0.0486,,,,,,1008,,0,,,,
lead,Srinagar,rainfall,,3.0,,icon,model,4,mae,0.4047,0.4047,0.9115,-0.139,,,,,,1008,,0,,,,
lead,Srinagar,rainfall,,1.0,,gfs,model,4,mae,0.4293,0.4293,0.924,-0.1245,,,,,,1008,,0,,,,
lead,Surat,rainfall,,2.0,,ecmwf,model,1,mae,0.5673,0.5673,1.6971,0.3409,,,,,,1008,,0,,,,
lead,Surat,rainfall,,1.0,,gfs,model,1,mae,0.6286,0.6286,1.8063,0.3308,,,,,,1008,,0,,,,
lead,Surat,rainfall,,3.0,,gfs,model,1,mae,0.631,0.631,1.7856,0.3288,,,,,,1008,,0,,,,
lead,Surat,rainfall,,1.0,,ecmwf,model,2,mae,0.6427,0.6427,1.9121,0.1885,,,,,,1008,,0,,,,
lead,Surat,rainfall,,2.0,,gfs,model,2,mae,0.69,0.69,2.0781,0.1914,,,,,,1008,,0,,,,
lead,Surat,rainfall,,3.0,,ecmwf,model,2,mae,0.7009,0.7009,1.945,0.3191,,,,,,1008,,0,,,,
lead,Surat,rainfall,,1.0,,icon,model,3,mae,0.6635,0.6635,1.8267,0.1988,,,,,,1008,,0,,,,
lead,Surat,rainfall,,2.0,,gem,model,3,mae,0.7071,0.7071,1.9013,0.3651,,,,,,1008,,0,,,,
lead,Surat,rainfall,,3.0,,gem,model,3,mae,0.7232,0.7232,2.1429,0.305,,,,,,1008,,0,,,,
lead,Surat,rainfall,,3.0,,icon,model,4,mae,0.7263,0.7263,1.866,0.0916,,,,,,1008,,0,,,,
lead,Surat,rainfall,,1.0,,gem,model,4,mae,0.765,0.765,2.0775,0.2003,,,,,,1008,,0,,,,
lead,Surat,rainfall,,2.0,,icon,model,4,mae,0.837,0.837,2.8277,-0.0156,,,,,,1008,,0,,,,
lead,Thane,rainfall,,1.0,,ecmwf,model,1,mae,0.5156,0.5156,1.0278,0.1356,,,,,,1008,,0,,,,
lead,Thane,rainfall,,2.0,,ecmwf,model,1,mae,0.547,0.547,1.1361,0.1835,,,,,,1008,,0,,,,
lead,Thane,rainfall,,3.0,,ecmwf,model,1,mae,0.5652,0.5652,1.1994,0.2279,,,,,,1008,,0,,,,
lead,Thane,rainfall,,2.0,,icon,model,2,mae,0.5665,0.5665,1.1803,0.2813,,,,,,1008,,0,,,,
lead,Thane,rainfall,,1.0,,icon,model,2,mae,0.5798,0.5798,1.2229,0.247,,,,,,1008,,0,,,,
lead,Thane,rainfall,,3.0,,icon,model,2,mae,0.5822,0.5822,1.169,0.2453,,,,,,1008,,0,,,,
lead,Thane,rainfall,,1.0,,gfs,model,3,mae,0.5981,0.5981,1.2052,0.2747,,,,,,1008,,0,,,,
lead,Thane,rainfall,,2.0,,gfs,model,3,mae,0.6308,0.6308,1.2113,0.203,,,,,,1008,,0,,,,
lead,Thane,rainfall,,3.0,,gfs,model,3,mae,0.6342,0.6342,1.252,0.2257,,,,,,1008,,0,,,,
lead,Thane,rainfall,,3.0,,gem,model,4,mae,0.7347,0.7347,1.2861,0.2714,,,,,,1008,,0,,,,
lead,Thane,rainfall,,2.0,,gem,model,4,mae,0.7944,0.7944,1.4371,0.1161,,,,,,1008,,0,,,,
lead,Thane,rainfall,,1.0,,gem,model,4,mae,0.8727,0.8727,1.9708,0.0368,,,,,,1008,,0,,,,
lead,Thiruvananthapuram,rainfall,,1.0,,icon,model,1,mae,0.2359,0.2359,0.5817,0.156,,,,,,1008,,0,,,,
lead,Thiruvananthapuram,rainfall,,3.0,,icon,model,1,mae,0.2397,0.2397,0.6063,0.1813,,,,,,1008,,0,,,,
lead,Thiruvananthapuram,rainfall,,2.0,,icon,model,1,mae,0.2477,0.2477,0.6066,0.1672,,,,,,1008,,0,,,,
lead,Thiruvananthapuram,rainfall,,2.0,,gfs,model,2,mae,0.2478,0.2478,0.6535,0.2312,,,,,,1008,,0,,,,
lead,Thiruvananthapuram,rainfall,,3.0,,gfs,model,2,mae,0.2496,0.2496,0.6601,0.2405,,,,,,1008,,0,,,,
lead,Thiruvananthapuram,rainfall,,1.0,,gfs,model,2,mae,0.2511,0.2511,0.6683,0.2184,,,,,,1008,,0,,,,
lead,Thiruvananthapuram,rainfall,,3.0,,ecmwf,model,3,mae,0.2544,0.2544,0.5873,0.0405,,,,,,1008,,0,,,,
lead,Thiruvananthapuram,rainfall,,1.0,,ecmwf,model,3,mae,0.2659,0.2659,0.5966,0.0494,,,,,,1008,,0,,,,
lead,Thiruvananthapuram,rainfall,,2.0,,ecmwf,model,3,mae,0.2667,0.2667,0.6141,0.0399,,,,,,1008,,0,,,,
lead,Thiruvananthapuram,rainfall,,3.0,,gem,model,4,mae,0.3238,0.3238,0.677,-0.003,,,,,,1008,,0,,,,
lead,Thiruvananthapuram,rainfall,,1.0,,gem,model,4,mae,0.3254,0.3254,0.6663,-0.0252,,,,,,1008,,0,,,,
lead,Thiruvananthapuram,rainfall,,2.0,,gem,model,4,mae,0.3385,0.3385,0.7028,-0.0095,,,,,,1008,,0,,,,
lead,Vadodara,rainfall,,3.0,,gfs,model,1,mae,0.3413,0.3413,0.8853,0.1494,,,,,,1008,,0,,,,
lead,Vadodara,rainfall,,1.0,,ecmwf,model,1,mae,0.4168,0.4168,1.0401,-0.1205,,,,,,1008,,0,,,,
lead,Vadodara,rainfall,,2.0,,gfs,model,1,mae,0.4182,0.4182,1.4343,0.1064,,,,,,1008,,0,,,,
lead,Vadodara,rainfall,,1.0,,gfs,model,2,mae,0.5412,0.5412,1.8291,-0.086,,,,,,1008,,0,,,,
lead,Vadodara,rainfall,,3.0,,gem,model,2,mae,0.5906,0.5906,1.6556,-0.0896,,,,,,1008,,0,,,,
lead,Vadodara,rainfall,,2.0,,icon,model,2,mae,0.5966,0.5966,2.1257,-0.202,,,,,,1008,,0,,,,
lead,Vadodara,rainfall,,1.0,,gem,model,3,mae,0.5881,0.5881,1.6812,-0.219,,,,,,1008,,0,,,,
lead,Vadodara,rainfall,,3.0,,ecmwf,model,3,mae,0.6283,0.6283,2.2467,-0.2241,,,,,,1008,,0,,,,
lead,Vadodara,rainfall,,2.0,,ecmwf,model,3,mae,0.6356,0.6356,2.0375,-0.3378,,,,,,1008,,0,,,,
lead,Vadodara,rainfall,,1.0,,icon,model,4,mae,0.6163,0.6163,2.1324,-0.221,,,,,,1008,,0,,,,
lead,Vadodara,rainfall,,2.0,,gem,model,4,mae,0.6807,0.6807,1.9475,-0.2144,,,,,,1008,,0,,,,
lead,Vadodara,rainfall,,3.0,,icon,model,4,mae,0.8625,0.8625,3.0475,-0.4446,,,,,,1008,,0,,,,
lead,Varanasi,rainfall,,1.0,,gem,model,1,mae,0.6313,0.6313,1.499,0.1577,,,,,,1008,,0,,,,
lead,Varanasi,rainfall,,2.0,,gem,model,1,mae,0.659,0.659,1.6662,0.0471,,,,,,1008,,0,,,,
lead,Varanasi,rainfall,,3.0,,ecmwf,model,1,mae,0.6846,0.6846,1.3107,-0.0977,,,,,,1008,,0,,,,
lead,Varanasi,rainfall,,1.0,,icon,model,2,mae,0.6878,0.6878,1.3699,-0.1253,,,,,,1008,,0,,,,
lead,Varanasi,rainfall,,3.0,,gfs,model,2,mae,0.7068,0.7068,1.9438,-0.0201,,,,,,1008,,0,,,,
lead,Varanasi,rainfall,,2.0,,ecmwf,model,2,mae,0.7147,0.7147,1.3676,-0.2129,,,,,,1008,,0,,,,
lead,Varanasi,rainfall,,1.0,,ecmwf,model,3,mae,0.7036,0.7036,1.3746,-0.1516,,,,,,1008,,0,,,,
lead,Varanasi,rainfall,,2.0,,icon,model,3,mae,0.7221,0.7221,1.4926,-0.1176,,,,,,1008,,0,,,,
lead,Varanasi,rainfall,,3.0,,icon,model,3,mae,0.7364,0.7364,1.5344,-0.0642,,,,,,1008,,0,,,,
lead,Varanasi,rainfall,,1.0,,gfs,model,4,mae,0.7198,0.7198,1.8385,-0.0333,,,,,,1008,,0,,,,
lead,Varanasi,rainfall,,3.0,,gem,model,4,mae,0.769,0.769,1.913,-0.0129,,,,,,1008,,0,,,,
lead,Varanasi,rainfall,,2.0,,gfs,model,4,mae,0.908,0.908,2.9135,-0.2189,,,,,,1008,,0,,,,
lead,Vijayawada,rainfall,,3.0,,gfs,model,1,mae,0.1438,0.1438,0.6245,0.1246,,,,,,1008,,0,,,,
lead,Vijayawada,rainfall,,2.0,,gfs,model,1,mae,0.1572,0.1572,0.63,0.1059,,,,,,1008,,0,,,,
lead,Vijayawada,rainfall,,1.0,,gfs,model,1,mae,0.1586,0.1586,0.6463,0.1059,,,,,,1008,,0,,,,
lead,Vijayawada,rainfall,,2.0,,icon,model,2,mae,0.1653,0.1653,0.6351,0.0964,,,,,,1008,,0,,,,
lead,Vijayawada,rainfall,,3.0,,icon,model,2,mae,0.1686,0.1686,0.6232,0.0941,,,,,,1008,,0,,,,
lead,Vijayawada,rainfall,,1.0,,icon,model,2,mae,0.1702,0.1702,0.6979,0.0734,,,,,,1008,,0,,,,
lead,Vijayawada,rainfall,,1.0,,gem,model,3,mae,0.2162,0.2162,0.8378,0.0408,,,,,,1008,,0,,,,
lead,Vijayawada,rainfall,,3.0,,ecmwf,model,3,mae,0.2253,0.2253,0.685,-0.0126,,,,,,1008,,0,,,,
lead,Vijayawada,rainfall,,2.0,,gem,model,3,mae,0.2365,0.2365,0.7285,0.0067,,,,,,1008,,0,,,,
lead,Vijayawada,rainfall,,3.0,,gem,model,4,mae,0.2403,0.2403,0.7495,0.0157,,,,,,1008,,0,,,,
lead,Vijayawada,rainfall,,2.0,,ecmwf,model,4,mae,0.2675,0.2675,0.8025,-0.0504,,,,,,1008,,0,,,,
lead,Vijayawada,rainfall,,1.0,,ecmwf,model,4,mae,0.287,0.287,0.8236,-0.09,,,,,,1008,,0,,,,
lead,Visakhapatnam,rainfall,,3.0,,gfs,model,1,mae,0.3127,0.3127,0.9398,0.2893,,,,,,1008,,0,,,,
lead,Visakhapatnam,rainfall,,1.0,,gem,model,1,mae,0.3229,0.3229,0.9479,0.2636,,,,,,1008,,0,,,,
lead,Visakhapatnam,rainfall,,2.0,,gfs,model,1,mae,0.3237,0.3237,0.9554,0.2848,,,,,,1008,,0,,,,
lead,Visakhapatnam,rainfall,,1.0,,gfs,model,2,mae,0.3263,0.3263,0.9674,0.2662,,,,,,1008,,0,,,,
lead,Visakhapatnam,rainfall,,3.0,,icon,model,2,mae,0.3286,0.3286,0.9528,0.2458,,,,,,1008,,0,,,,
lead,Visakhapatnam,rainfall,,2.0,,icon,model,2,mae,0.3359,0.3359,0.9413,0.2282,,,,,,1008,,0,,,,
lead,Visakhapatnam,rainfall,,3.0,,gem,model,3,mae,0.3361,0.3361,0.986,0.2639,,,,,,1008,,0,,,,
lead,Visakhapatnam,rainfall,,2.0,,gem,model,3,mae,0.3363,0.3363,0.9527,0.2657,,,,,,1008,,0,,,,
lead,Visakhapatnam,rainfall,,1.0,,ecmwf,model,3,mae,0.3479,0.3479,0.9012,0.0961,,,,,,1008,,0,,,,
lead,Visakhapatnam,rainfall,,1.0,,icon,model,4,mae,0.3504,0.3504,0.9789,0.2081,,,,,,1008,,0,,,,
lead,Visakhapatnam,rainfall,,3.0,,ecmwf,model,4,mae,0.3551,0.3551,0.9639,0.1545,,,,,,1008,,0,,,,
lead,Visakhapatnam,rainfall,,2.0,,ecmwf,model,4,mae,0.3552,0.3552,0.9426,0.1298,,,,,,1008,,0,,,,
lead,Agartala,temperature,,1.0,,ecmwf,model,1,mae,0.7129,0.7129,0.9912,0.2821,,,,,,1008,,0,,,,
lead,Agartala,temperature,,2.0,,ecmwf,model,1,mae,0.8056,0.8056,1.101,0.3472,,,,,,1008,,0,,,,
lead,Agartala,temperature,,3.0,,ecmwf,model,1,mae,0.8675,0.8675,1.1627,0.2345,,,,,,1008,,0,,,,
lead,Agartala,temperature,,2.0,,icon,model,2,mae,0.9279,0.9279,1.2279,-0.557,,,,,,1008,,0,,,,
lead,Agartala,temperature,,1.0,,icon,model,2,mae,0.932,0.932,1.2183,-0.618,,,,,,1008,,0,,,,
lead,Agartala,temperature,,3.0,,icon,model,2,mae,1.0054,1.0054,1.331,-0.5937,,,,,,1008,,0,,,,
lead,Agartala,temperature,,1.0,,gfs,model,3,mae,1.064,1.064,1.3278,0.6979,,,,,,1008,,0,,,,
lead,Agartala,temperature,,3.0,,gfs,model,3,mae,1.1548,1.1548,1.446,0.7187,,,,,,1008,,0,,,,
lead,Agartala,temperature,,2.0,,gfs,model,3,mae,1.1889,1.1889,1.5176,0.8179,,,,,,1008,,0,,,,
lead,Agartala,temperature,,1.0,,gem,model,4,mae,1.1029,1.1029,1.4587,0.5688,,,,,,1008,,0,,,,
lead,Agartala,temperature,,2.0,,gem,model,4,mae,1.2117,1.2117,1.6152,0.7629,,,,,,1008,,0,,,,
lead,Agartala,temperature,,3.0,,gem,model,4,mae,1.2691,1.2691,1.6824,0.8519,,,,,,1008,,0,,,,
lead,Agra,temperature,,1.0,,ecmwf,model,1,mae,0.9713,0.9713,1.2922,0.3182,,,,,,1008,,0,,,,
lead,Agra,temperature,,2.0,,ecmwf,model,1,mae,1.1426,1.1426,1.431,0.6537,,,,,,1008,,0,,,,
lead,Agra,temperature,,3.0,,ecmwf,model,1,mae,1.2965,1.2965,1.613,0.739,,,,,,1008,,0,,,,
lead,Agra,temperature,,1.0,,icon,model,2,mae,1.0643,1.0643,1.3934,0.4274,,,,,,1008,,0,,,,
lead,Agra,temperature,,2.0,,icon,model,2,mae,1.2828,1.2828,1.7194,0.7743,,,,,,1008,,0,,,,
lead,Agra,temperature,,3.0,,icon,model,2,mae,1.357,1.357,1.8747,0.8934,,,,,,1008,,0,,,,
lead,Agra,temperature,,1.0,,gem,model,3,mae,1.7805,1.7805,2.0926,1.3549,,,,,,1008,,0,,,,
lead,Agra,temperature,,2.0,,gem,model,3,mae,1.7942,1.7942,2.157,1.2462,,,,,,1008,,0,,,,
lead,Agra,temperature,,3.0,,gem,model,3,mae,1.8147,1.8147,2.2508,1.3454,,,,,,1008,,0,,,,
lead,Agra,temperature,,3.0,,gfs,model,4,mae,2.1784,2.1784,2.7166,-1.1272,,,,,,1008,,0,,,,
lead,Agra,temperature,,2.0,,gfs,model,4,mae,2.4755,2.4755,3.0427,-1.584,,,,,,1008,,0,,,,
lead,Agra,temperature,,1.0,,gfs,model,4,mae,2.5758,2.5758,3.1281,-2.1948,,,,,,1008,,0,,,,
lead,Ahmedabad,temperature,,1.0,,icon,model,1,mae,0.7393,0.7393,1.0071,0.2242,,,,,,1008,,0,,,,
lead,Ahmedabad,temperature,,2.0,,icon,model,1,mae,0.8872,0.8872,1.1976,0.3652,,,,,,1008,,0,,,,
lead,Ahmedabad,temperature,,3.0,,icon,model,1,mae,0.9627,0.9627,1.3059,0.4371,,,,,,1008,,0,,,,
lead,Ahmedabad,temperature,,1.0,,ecmwf,model,2,mae,0.8365,0.8365,1.0998,0.552,,,,,,1008,,0,,,,
lead,Ahmedabad,temperature,,2.0,,ecmwf,model,2,mae,0.9278,0.9278,1.1707,0.555,,,,,,1008,,0,,,,
lead,Ahmedabad,temperature,,3.0,,ecmwf,model,2,mae,0.9901,0.9901,1.2781,0.5127,,,,,,1008,,0,,,,
lead,Ahmedabad,temperature,,2.0,,gfs,model,3,mae,1.2019,1.2019,1.5743,-0.5765,,,,,,1008,,0,,,,
lead,Ahmedabad,temperature,,3.0,,gfs,model,3,mae,1.2567,1.2567,1.6493,-0.6101,,,,,,1008,,0,,,,
lead,Ahmedabad,temperature,,1.0,,gfs,model,3,mae,1.2577,1.2577,1.5789,-0.8466,,,,,,1008,,0,,,,
lead,Ahmedabad,temperature,,1.0,,gem,model,4,mae,1.4093,1.4093,1.7009,1.177,,,,,,1008,,0,,,,
lead,Ahmedabad,temperature,,2.0,,gem,model,4,mae,1.5247,1.5247,1.8233,1.3253,,,,,,1008,,0,,,,
lead,Ahmedabad,temperature,,3.0,,gem,model,4,mae,1.6509,1.6509,1.9754,1.336,,,,,,1008,,0,,,,
lead,Amritsar,temperature,,1.0,,ecmwf,model,1,mae,1.0069,1.0069,1.2975,0.6411,,,,,,1008,,0,,,,
lead,Amritsar,temperature,,2.0,,icon,model,1,mae,1.0183,1.0183,1.3812,-0.0851,,,,,,1008,,0,,,,
lead,Amritsar,temperature,,3.0,,icon,model,1,mae,1.0766,1.0766,1.435,-0.1429,,,,,,1008,,0,,,,
lead,Amritsar,temperature,,1.0,,icon,model,2,mae,1.0111,1.0111,1.3259,-0.277,,,,,,1008,,0,,,,
lead,Amritsar,temperature,,2.0,,ecmwf,model,2,mae,1.1161,1.1161,1.3842,0.7587,,,,,,1008,,0,,,,
lead,Amritsar,temperature,,3.0,,ecmwf,model,2,mae,1.2093,1.2093,1.492,0.8173,,,,,,1008,,0,,,,
lead,Amritsar,temperature,,2.0,,gem,model,3,mae,1.8452,1.8452,2.2956,1.1685,,,,,,1008,,0,,,,
lead,Amritsar,temperature,,1.0,,gem,model,3,mae,1.8617,1.8617,2.3216,1.1431,,,,,,1008,,0,,,,
lead,Amritsar,temperature,,3.0,,gem,model,3,mae,2.0812,2.0812,2.5374,1.3504,,,,,,1008,,0,,,,
lead,Amritsar,temperature,,3.0,,gfs,model,4,mae,2.2609,2.2609,3.0684,-1.5111,,,,,,1008,,0,,,,
lead,Amritsar,temperature,,2.0,,gfs,model,4,mae,2.3801,2.3801,3.192,-1.6307,,,,,,1008,,0,,,,
lead,Amritsar,temperature,,1.0,,gfs,model,4,mae,2.4102,2.4102,3.118,-1.789,,,,,,1008,,0,,,,
lead,Bengaluru,temperature,,1.0,,ecmwf,model,1,mae,0.748,0.748,1.0596,0.155,,,,,,1008,,0,,,,
lead,Bengaluru,temperature,,2.0,,ecmwf,model,1,mae,0.7734,0.7734,1.1267,0.0272,,,,,,1008,,0,,,,
lead,Bengaluru,temperature,,3.0,,ecmwf,model,1,mae,0.8452,0.8452,1.1978,0.0254,,,,,,1008,,0,,,,
lead,Bengaluru,temperature,,1.0,,icon,model,2,mae,0.8697,0.8697,1.2361,-0.1737,,,,,,1008,,0,,,,
lead,Bengaluru,temperature,,2.0,,icon,model,2,mae,0.8972,0.8972,1.2855,-0.174,,,,,,1008,,0,,,,
lead,Bengaluru,temperature,,3.0,,icon,model,2,mae,0.9273,0.9273,1.3052,-0.2057,,,,,,1008,,0,,,,
lead,Bengaluru,temperature,,1.0,,gfs,model,3,mae,1.1349,1.1349,1.6188,-0.7141,,,,,,1008,,0,,,,
lead,Bengaluru,temperature,,2.0,,gem,model,3,mae,1.2632,1.2632,1.6839,0.1582,,,,,,1008,,0,,,,
lead,Bengaluru,temperature,,3.0,,gem,model,3,mae,1.3,1.3,1.7838,0.0069,,,,,,1008,,0,,,,
lead,Bengaluru,temperature,,1.0,,gem,model,4,mae,1.1826,1.1826,1.553,0.2566,,,,,,1008,,0,,,,
lead,Bengaluru,temperature,,2.0,,gfs,model,4,mae,1.2736,1.2736,1.7676,-0.8962,,,,,,1008,,0,,,,
lead,Bengaluru,temperature,,3.0,,gfs,model,4,mae,1.3425,1.3425,1.8519,-0.9708,,,,,,1008,,0,,,,
lead,Bhopal,temperature,,1.0,,ecmwf,model,1,mae,0.7251,0.7251,1.0123,0.2904,,,,,,1008,,0,,,,
lead,Bhopal,temperature,,2.0,,ecmwf,model,1,mae,0.7746,0.7746,1.0609,0.4187,,,,,,1008,,0,,,,
lead,Bhopal,temperature,,3.0,,ecmwf,model,1,mae,0.8525,0.8525,1.1646,0.4189,,,,,,1008,,0,,,,
lead,Bhopal,temperature,,1.0,,icon,model,2,mae,0.8687,0.8687,1.2143,0.5512,,,,,,1008,,0,,,,
lead,Bhopal,temperature,,2.0,,icon,model,2,mae,1.1054,1.1054,1.553,0.9034,,,,,,1008,,0,,,,
lead,Bhopal,temperature,,3.0,,gem,model,2,mae,1.2469,1.2469,1.5935,1.0263,,,,,,1008,,0,,,,
lead,Bhopal,temperature,,1.0,,gem,model,3,mae,1.0474,1.0474,1.381,0.8008,,,,,,1008,,0,,,,
lead,Bhopal,temperature,,2.0,,gem,model,3,mae,1.1111,1.1111,1.4187,0.9079,,,,,,1008,,0,,,,
lead,Bhopal,temperature,,3.0,,icon,model,3,mae,1.3375,1.3375,1.8651,1.0552,,,,,,1008,,0,,,,
lead,Bhopal,temperature,,1.0,,gfs,model,4,mae,1.3546,1.3546,1.7564,1.0446,,,,,,1008,,0,,,,
lead,Bhopal,temperature,,2.0,,gfs,model,4,mae,1.737,1.737,2.154,1.559,,,,,,1008,,0,,,,
lead,Bhopal,temperature,,3.0,,gfs,model,4,mae,1.7497,1.7497,2.1704,1.5705,,,,,,1008,,0,,,,
lead,Bhubaneswar,temperature,,1.0,,ecmwf,model,1,mae,0.8544,0.8544,1.1091,0.3895,,,,,,1008,,0,,,,
lead,Bhubaneswar,temperature,,2.0,,icon,model,1,mae,0.9936,0.9936,1.3095,-0.1406,,,,,,1008,,0,,,,
lead,Bhubaneswar,temperature,,3.0,,ecmwf,model,1,mae,1.0087,1.0087,1.3272,-0.0056,,,,,,1008,,0,,,,
lead,Bhubaneswar,temperature,,1.0,,icon,model,2,mae,0.8991,0.8991,1.1894,-0.2547,,,,,,1008,,0,,,,
lead,Bhubaneswar,temperature,,2.0,,ecmwf,model,2,mae,1.0187,1.0187,1.3766,0.2345,,,,,,1008,,0,,,,
lead,Bhubaneswar,temperature,,3.0,,icon,model,2,mae,1.041,1.041,1.389,-0.2757,,,,,,1008,,0,,,,
lead,Bhubaneswar,temperature,,2.0,,gfs,model,3,mae,1.1991,1.1991,1.642,-0.4646,,,,,,1008,,0,,,,
lead,Bhubaneswar,temperature,,1.0,,gfs,model,3,mae,1.244,1.244,1.6898,-0.7204,,,,,,1008,,0,,,,
lead,Bhubaneswar,temperature,,3.0,,gfs,model,3,mae,1.3605,1.3605,1.8337,-0.5857,,,,,,1008,,0,,,,
lead,Bhubaneswar,temperature,,3.0,,gem,model,4,mae,1.5483,1.5483,1.9277,1.0892,,,,,,1008,,0,,,,
lead,Bhubaneswar,temperature,,2.0,,gem,model,4,mae,1.5622,1.5622,1.8857,1.0592,,,,,,1008,,0,,,,
lead,Bhubaneswar,temperature,,1.0,,gem,model,4,mae,1.5813,1.5813,1.9376,1.0681,,,,,,1008,,0,,,,
lead,Chandigarh,temperature,,1.0,,ecmwf,model,1,mae,0.971,0.971,1.2854,0.4704,,,,,,1008,,0,,,,
lead,Chandigarh,temperature,,2.0,,ecmwf,model,1,mae,1.0524,1.0524,1.3575,0.6419,,,,,,1008,,0,,,,
lead,Chandigarh,temperature,,3.0,,ecmwf,model,1,mae,1.1266,1.1266,1.4782,0.7002,,,,,,1008,,0,,,,
lead,Chandigarh,temperature,,2.0,,icon,model,2,mae,1.1392,1.1392,1.4653,-0.4874,,,,,,1008,,0,,,,
lead,Chandigarh,temperature,,3.0,,icon,model,2,mae,1.2003,1.2003,1.5696,-0.5364,,,,,,1008,,0,,,,
lead,Chandigarh,temperature,,1.0,,icon,model,2,mae,1.3757,1.3757,1.7099,-0.9229,,,,,,1008,,0,,,,
lead,Chandigarh,temperature,,3.0,,gfs,model,3,mae,1.6516,1.6516,2.2173,-0.5099,,,,,,1008,,0,,,,
lead,Chandigarh,temperature,,1.0,,gem,model,3,mae,1.7705,1.7705,2.2506,1.2009,,,,,,1008,,0,,,,
lead,Chandigarh,temperature,,2.0,,gfs,model,3,mae,1.7883,1.7883,2.4101,-0.9946,,,,,,1008,,0,,,,
lead,Chandigarh,temperature,,1.0,,gfs,model,4,mae,1.8044,1.8044,2.309,-1.2835,,,,,,1008,,0,,,,
lead,Chandigarh,temperature,,2.0,,gem,model,4,mae,1.8529,1.8529,2.3318,1.1453,,,,,,1008,,0,,,,
lead,Chandigarh,temperature,,3.0,,gem,model,4,mae,2.1013,2.1013,2.5683,1.491,,,,,,1008,,0,,,,
lead,Chennai,temperature,,1.0,,icon,model,1,mae,1.1961,1.1961,1.696,-0.4729,,,,,,1008,,0,,,,
lead,Chennai,temperature,,2.0,,ecmwf,model,1,mae,1.2369,1.2369,1.6137,0.6212,,,,,,1008,,0,,,,
lead,Chennai,temperature,,3.0,,ecmwf,model,1,mae,1.3831,1.3831,1.7637,0.7907,,,,,,1008,,0,,,,
lead,Chennai,temperature,,1.0,,ecmwf,model,2,mae,1.249,1.249,1.6003,0.7512,,,,,,1008,,0,,,,
lead,Chennai,temperature,,2.0,,icon,model,2,mae,1.2819,1.2819,1.8045,-0.5595,,,,,,1008,,0,,,,
lead,Chennai,temperature,,3.0,,icon,model,2,mae,1.4067,1.4067,1.9543,-0.6639,,,,,,1008,,0,,,,
lead,Chennai,temperature,,3.0,,gem,model,3,mae,1.4567,1.4567,1.9805,0.9381,,,,,,1008,,0,,,,
lead,Chennai,temperature,,2.0,,gem,model,3,mae,1.5019,1.5019,1.9994,0.9938,,,,,,1008,,0,,,,
lead,Chennai,temperature,,1.0,,gem,model,3,mae,1.5575,1.5575,1.9949,1.1869,,,,,,1008,,0,,,,
lead,Chennai,temperature,,3.0,,gfs,model,4,mae,2.0698,2.0698,2.5096,-1.9698,,,,,,1008,,0,,,,
lead,Chennai,temperature,,2.0,,gfs,model,4,mae,2.1403,2.1403,2.5762,-2.0216,,,,,,1008,,0,,,,
lead,Chennai,temperature,,1.0,,gfs,model,4,mae,2.1564,2.1564,2.5804,-2.0844,,,,,,1008,,0,,,,
lead,Coimbatore,temperature,,2.0,,gem,model,1,mae,0.7644,0.7644,1.058,0.0265,,,,,,1008,,0,,,,
lead,Coimbatore,temperature,,1.0,,gem,model,1,mae,0.7874,0.7874,1.109,-0.0783,,,,,,1008,,0,,,,
lead,Coimbatore,temperature,,3.0,,gem,model,1,mae,0.7919,0.7919,1.117,0.0224,,,,,,1008,,0,,,,
lead,Coimbatore,temperature,,1.0,,ecmwf,model,2,mae,0.8085,0.8085,1.0142,0.551,,,,,,1008,,0,,,,
lead,Coimbatore,temperature,,2.0,,ecmwf,model,2,mae,0.8213,0.8213,1.0459,0.4511,,,,,,1008,,0,,,,
lead,Coimbatore,temperature,,3.0,,ecmwf,model,2,mae,0.875,0.875,1.0872,0.5542,,,,,,1008,,0,,,,
lead,Coimbatore,temperature,,1.0,,gfs,model,3,mae,0.9123,0.9123,1.3154,-0.4077,,,,,,1008,,0,,,,
lead,Coimbatore,temperature,,3.0,,icon,model,3,mae,0.9397,0.9397,1.1875,-0.823,,,,,,1008,,0,,,,
lead,Coimbatore,temperature,,2.0,,icon,model,3,mae,0.9603,0.9603,1.2054,-0.8097,,,,,,1008,,0,,,,
lead,Coimbatore,temperature,,1.0,,icon,model,4,mae,0.9447,0.9447,1.1674,-0.768,,,,,,1008,,0,,,,
lead,Coimbatore,temperature,,2.0,,gfs,model,4,mae,1.0707,1.0707,1.5343,-0.4495,,,,,,1008,,0,,,,
lead,Coimbatore,temperature,,3.0,,gfs,model,4,mae,1.1684,1.1684,1.6148,-0.4936,,,,,,1008,,0,,,,
lead,Dehradun,temperature,,1.0,,gem,model,1,mae,0.8678,0.8678,1.176,-0.1543,,,,,,1008,,0,,,,
lead,Dehradun,temperature,,2.0,,icon,model,1,mae,0.9163,0.9163,1.155,-0.2421,,,,,,1008,,0,,,,
lead,Dehradun,temperature,,3.0,,icon,model,1,mae,0.9835,0.9835,1.2406,-0.3681,,,,,,1008,,0,,,,
lead,Dehradun,temperature,,1.0,,ecmwf,model,2,mae,0.9035,0.9035,1.1588,0.4053,,,,,,1008,,0,,,,
lead,Dehradun,temperature,,2.0,,ecmwf,model,2,mae,1.001,1.001,1.2639,0.62,,,,,,1008,,0,,,,
lead,Dehradun,temperature,,3.0,,ecmwf,model,2,mae,1.041,1.041,1.3458,0.5791,,,,,,1008,,0,,,,
lead,Dehradun,temperature,,1.0,,icon,model,3,mae,0.9472,0.9472,1.2205,-0.4589,,,,,,1008,,0,,,,
lead,Dehradun,temperature,,2.0,,gem,model,3,mae,1.0266,1.0266,1.3615,-0.0409,,,,,,1008,,0,,,,
lead,Dehradun,temperature,,3.0,,gem,model,3,mae,1.0683,1.0683,1.4585,-0.0524,,,,,,1008,,0,,,,
lead,Dehradun,temperature,,1.0,,gfs,model,4,mae,1.1483,1.1483,1.5795,-0.308,,,,,,1008,,0,,,,
lead,Dehradun,temperature,,3.0,,gfs,model,4,mae,1.2355,1.2355,1.6922,0.127,,,,,,1008,,0,,,,
lead,Dehradun,temperature,,2.0,,gfs,model,4,mae,1.3003,1.3003,1.8014,-0.2211,,,,,,1008,,0,,,,
lead,Delhi,temperature,,1.0,,ecmwf,model,1,mae,0.986,0.986,1.3248,0.2031,,,,,,1008,,0,,,,
lead,Delhi,temperature,,2.0,,icon,model,1,mae,1.0812,1.0812,1.429,0.0409,,,,,,1008,,0,,,,
lead,Delhi,temperature,,3.0,,ecmwf,model,1,mae,1.1732,1.1732,1.4716,0.6327,,,,,,1008,,0,,,,
lead,Delhi,temperature,,1.0,,icon,model,2,mae,1.0104,1.0104,1.3034,-0.339,,,,,,1008,,0,,,,
lead,Delhi,temperature,,2.0,,ecmwf,model,2,mae,1.1641,1.1641,1.5154,0.6268,,,,,,1008,,0,,,,
lead,Delhi,temperature,,3.0,,icon,model,2,mae,1.2801,1.2801,1.7431,0.0285,,,,,,1008,,0,,,,
lead,Delhi,temperature,,2.0,,gem,model,3,mae,1.5113,1.5113,1.8845,0.7139,,,,,,1008,,0,,,,
lead,Delhi,temperature,,1.0,,gem,model,3,mae,1.538,1.538,1.9194,0.9205,,,,,,1008,,0,,,,
lead,Delhi,temperature,,3.0,,gem,model,3,mae,1.7865,1.7865,2.2457,1.124,,,,,,1008,,0,,,,
lead,Delhi,temperature,,3.0,,gfs,model,4,mae,3.8213,3.8213,4.4268,-3.5336,,,,,,1008,,0,,,,
lead,Delhi,temperature,,2.0,,gfs,model,4,mae,4.0608,4.0608,4.5368,-3.9334,,,,,,1008,,0,,,,
lead,Delhi,temperature,,1.0,,gfs,model,4,mae,4.3218,4.3218,4.6704,-4.297,,,,,,1008,,0,,,,
lead,Ghaziabad,temperature,,1.0,,icon,model,1,mae,0.9278,0.9278,1.2222,-0.0131,,,,,,1008,,0,,,,
lead,Ghaziabad,temperature,,2.0,,icon,model,1,mae,0.9975,0.9975,1.3191,0.3233,,,,,,1008,,0,,,,
lead,Ghaziabad,temperature,,3.0,,icon,model,1,mae,1.1094,1.1094,1.5239,0.3049,,,,,,1008,,0,,,,
lead,Ghaziabad,temperature,,1.0,,ecmwf,model,2,mae,0.9489,0.9489,1.2184,0.4108,,,,,,1008,,0,,,,
lead,Ghaziabad,temperature,,3.0,,ecmwf,model,2,mae,1.1136,1.1136,1.3965,0.6949,,,,,,1008,,0,,,,
lead,Ghaziabad,temperature,,2.0,,ecmwf,model,2,mae,1.152,1.152,1.4721,0.779,,,,,,1008,,0,,,,
lead,Ghaziabad,temperature,,2.0,,gem,model,3,mae,1.4446,1.4446,1.8014,0.7296,,,,,,1008,,0,,,,
lead,Ghaziabad,temperature,,1.0,,gem,model,3,mae,1.538,1.538,1.9189,1.007,,,,,,1008,,0,,,,
lead,Ghaziabad,temperature,,3.0,,gem,model,3,mae,1.7204,1.7204,2.1577,1.1764,,,,,,1008,,0,,,,
lead,Ghaziabad,temperature,,3.0,,gfs,model,4,mae,3.0842,3.0842,3.7104,-2.5201,,,,,,1008,,0,,,,
lead,Ghaziabad,temperature,,2.0,,gfs,model,4,mae,3.2021,3.2021,3.7876,-2.8852,,,,,,1008,,0,,,,
lead,Ghaziabad,temperature,,1.0,,gfs,model,4,mae,3.3624,3.3624,3.8873,-3.2878,,,,,,1008,,0,,,,
lead,Goa,temperature,,3.0,,gfs,model,1,mae,0.7494,0.7494,0.9789,0.2508,,,,,,1008,,0,,,,
lead,Goa,temperature,,1.0,,gfs,model,1,mae,0.7543,0.7543,0.9678,0.0955,,,,,,1008,,0,,,,
lead,Goa,temperature,,2.0,,gfs,model,1,mae,0.7718,0.7718,1.0346,0.1637,,,,,,1008,,0,,,,
lead,Goa,temperature,,2.0,,ecmwf,model,2,mae,0.8007,0.8007,1.0754,0.3561,,,,,,1008,,0,,,,
lead,Goa,temperature,,1.0,,ecmwf,model,2,mae,0.8177,0.8177,1.0963,0.4036,,,,,,1008,,0,,,,
lead,Goa,temperature,,3.0,,ecmwf,model,2,mae,0.8539,0.8539,1.1516,0.3231,,,,,,1008,,0,,,,
lead,Goa,temperature,,2.0,,icon,model,3,mae,0.8541,0.8541,1.1202,-0.0916,,,,,,1008,,0,,,,
lead,Goa,temperature,,3.0,,icon,model,3,mae,0.8557,0.8557,1.1273,-0.0404,,,,,,1008,,0,,,,
lead,Goa,temperature,,1.0,,icon,model,3,mae,0.8575,0.8575,1.1226,-0.1859,,,,,,1008,,0,,,,
lead,Goa,temperature,,3.0,,gem,model,4,mae,0.9629,0.9629,1.3672,0.6804,,,,,,1008,,0,,,,
lead,Goa,temperature,,1.0,,gem,model,4,mae,0.9654,0.9654,1.3664,0.7358,,,,,,1008,,0,,,,
lead,Goa,temperature,,2.0,,gem,model,4,mae,0.9668,0.9668,1.3452,0.692,,,,,,1008,,0,,,,
lead,Guwahati,temperature,,1.0,,ecmwf,model,1,mae,0.8248,0.8248,1.054,0.0194,,,,,,1008,,0,,,,
lead,Guwahati,temperature,,2.0,,ecmwf,model,1,mae,0.9489,0.9489,1.2246,0.2445,,,,,,1008,,0,,,,
lead,Guwahati,temperature,,3.0,,ecmwf,model,1,mae,0.9746,0.9746,1.2492,0.2087,,,,,,1008,,0,,,,
lead,Guwahati,temperature,,2.0,,icon,model,2,mae,1.0174,1.0174,1.2702,-0.3586,,,,,,1008,,0,,,,
lead,Guwahati,temperature,,1.0,,gfs,model,2,mae,1.0743,1.0743,1.4489,0.4118,,,,,,1008,,0,,,,
lead,Guwahati,temperature,,3.0,,icon,model,2,mae,1.0945,1.0945,1.3841,-0.4027,,,,,,1008,,0,,,,
lead,Guwahati,temperature,,2.0,,gem,model,3,mae,1.0908,1.0908,1.4561,0.3009,,,,,,1008,,0,,,,
lead,Guwahati,temperature,,1.0,,icon,model,3,mae,1.1125,1.1125,1.3812,-0.3325,,,,,,1008,,0,,,,
lead,Guwahati,temperature,,3.0,,gfs,model,3,mae,1.2324,1.2324,1.6346,0.7201,,,,,,1008,,0,,,,
lead,Guwahati,temperature,,2.0,,gfs,model,4,mae,1.1438,1.1438,1.5467,0.6346,,,,,,1008,,0,,,,
lead,Guwahati,temperature,,1.0,,gem,model,4,mae,1.1822,1.1822,1.5728,0.3195,,,,,,1008,,0,,,,
lead,Guwahati,temperature,,3.0,,gem,model,4,mae,1.2683,1.2683,1.6799,0.4944,,,,,,1008,,0,,,,
lead,Hyderabad,temperature,,1.0,,ecmwf,model,1,mae,0.68,0.68,0.9563,-0.1187,,,,,,1008,,0,,,,
lead,Hyderabad,temperature,,2.0,,ecmwf,model,1,mae,0.8032,0.8032,1.1233,-0.2976,,,,,,1008,,0,,,,
lead,Hyderabad,temperature,,3.0,,ecmwf,model,1,mae,0.9312,0.9312,1.2774,-0.3831,,,,,,1008,,0,,,,
lead,Hyderabad,temperature,,1.0,,icon,model,2,mae,0.7903,0.7903,1.054,-0.503,,,,,,1008,,0,,,,
lead,Hyderabad,temperature,,2.0,,icon,model,2,mae,0.856,0.856,1.1784,-0.4421,,,,,,1008,,0,,,,
lead,Hyderabad,temperature,,3.0,,icon,model,2,mae,0.9957,0.9957,1.3478,-0.4247,,,,,,1008,,0,,,,
lead,Hyderabad,temperature,,1.0,,gfs,model,3,mae,1.1034,1.1034,1.4261,-0.6883,,,,,,1008,,0,,,,
lead,Hyderabad,temperature,,2.0,,gfs,model,3,mae,1.2032,1.2032,1.5779,-0.801,,,,,,1008,,0,,,,
lead,Hyderabad,temperature,,3.0,,gfs,model,3,mae,1.3878,1.3878,1.8252,-0.9574,,,,,,1008,,0,,,,
lead,Hyderabad,temperature,,1.0,,gem,model,4,mae,1.3141,1.3141,1.7173,-0.5694,,,,,,1008,,0,,,,
lead,Hyderabad,temperature,,2.0,,gem,model,4,mae,1.4596,1.4596,1.9769,-0.6249,,,,,,1008,,0,,,,
lead,Hyderabad,temperature,,3.0,,gem,model,4,mae,1.6596,1.6596,2.2171,-0.9348,,,,,,1008,,0,,,,
lead,IN,temperature,,1.0,,ecmwf,model,1,mae,0.869782,0.869782,1.171907,0.447902,,,,,,45360,,0,0.803834,0.948373,1,1
lead,IN,temperature,,2.0,,ecmwf,model,1,mae,0.977653,0.977653,1.299145,0.516058,,,,,,45360,,0,0.898534,1.050234,1,2
lead,IN,temperature,,3.0,,ecmwf,model,1,mae,1.039678,1.039678,1.378302,0.506358,,,,,,45360,,0,0.968628,1.106813,1,1
lead,IN,temperature,,1.0,,icon,model,2,mae,0.954953,0.954953,1.285731,0.027531,,,,,,45360,,0,0.890354,1.032011,2,2
lead,IN,temperature,,2.0,,icon,model,2,mae,1.033736,1.033736,1.399946,0.153573,,,,,,45360,,0,0.957018,1.120867,1,2
lead,IN,temperature,,3.0,,icon,model,2,mae,1.114802,1.114802,1.516605,0.151849,,,,,,45360,,0,1.042178,1.197328,2,2
lead,IN,temperature,,1.0,,gem,model,3,mae,1.337889,1.337889,1.752276,0.662616,,,,,,45360,,0,1.220925,1.460411,3,3
lead,IN,temperature,,2.0,,gem,model,3,mae,1.372771,1.372771,1.808858,0.637438,,,,,,45360,,0,1.250513,1.483171,3,3
lead,IN,temperature,,3.0,,gem,model,3,mae,1.443151,1.443151,1.909337,0.673816,,,,,,45360,,0,1.311168,1.56678,3,3
lead,IN,temperature,,3.0,,gfs,model,4,mae,1.60766,1.60766,2.141334,-0.301818,,,,,,45360,,0,1.453339,1.776324,4,4
lead,IN,temperature,,1.0,,gfs,model,4,mae,1.627311,1.627311,2.169096,-0.637938,,,,,,45360,,0,1.422695,1.840209,4,4
lead,IN,temperature,,2.0,,gfs,model,4,mae,1.634567,1.634567,2.176655,-0.417627,,,,,,45360,,0,1.446605,1.820609,4,4
lead,Imphal,temperature,,1.0,,ecmwf,model,1,mae,0.6267,0.6267,0.8134,0.3816,,,,,,1008,,0,,,,
lead,Imphal,temperature,,3.0,,icon,model,1,mae,0.818,0.818,1.1078,0.1689,,,,,,1008,,0,,,,
lead,Imphal,temperature,,2.0,,icon,model,1,mae,0.8312,0.8312,1.1227,0.2981,,,,,,1008,,0,,,,
lead,Imphal,temperature,,1.0,,icon,model,2,mae,0.7791,0.7791,1.11,0.1811,,,,,,1008,,0,,,,
lead,Imphal,temperature,,2.0,,ecmwf,model,2,mae,0.892,0.892,1.1502,0.6648,,,,,,1008,,0,,,,
lead,Imphal,temperature,,3.0,,ecmwf,model,2,mae,0.9469,0.9469,1.2382,0.6096,,,,,,1008,,0,,,,
lead,Imphal,temperature,,1.0,,gem,model,3,mae,1.2086,1.2086,1.5403,0.4672,,,,,,1008,,0,,,,
lead,Imphal,temperature,,2.0,,gem,model,3,mae,1.2114,1.2114,1.5755,0.3529,,,,,,1008,,0,,,,
lead,Imphal,temperature,,3.0,,gem,model,3,mae,1.2825,1.2825,1.6831,0.4133,,,,,,1008,,0,,,,
lead,Imphal,temperature,,1.0,,gfs,model,4,mae,1.8154,1.8154,2.0741,1.7174,,,,,,1008,,0,,,,
lead,Imphal,temperature,,2.0,,gfs,model,4,mae,1.9616,1.9616,2.2335,1.8811,,,,,,1008,,0,,,,
lead,Imphal,temperature,,3.0,,gfs,model,4,mae,1.997,1.997,2.2328,1.8875,,,,,,1008,,0,,,,
lead,Indore,temperature,,1.0,,ecmwf,model,1,mae,0.5878,0.5878,0.8128,0.3061,,,,,,1008,,0,,,,
lead,Indore,temperature,,2.0,,ecmwf,model,1,mae,0.7364,0.7364,0.9969,0.3687,,,,,,1008,,0,,,,
lead,Indore,temperature,,3.0,,ecmwf,model,1,mae,0.8435,0.8435,1.1963,0.4365,,,,,,1008,,0,,,,
lead,Indore,temperature,,1.0,,icon,model,2,mae,0.886,0.886,1.2837,0.4128,,,,,,1008,,0,,,,
lead,Indore,temperature,,2.0,,icon,model,2,mae,0.9605,0.9605,1.3763,0.5216,,,,,,1008,,0,,,,
lead,Indore,temperature,,3.0,,icon,model,2,mae,1.1307,1.1307,1.6045,0.7041,,,,,,1008,,0,,,,
lead,Indore,temperature,,1.0,,gem,model,3,mae,1.0126,1.0126,1.315,0.7785,,,,,,1008,,0,,,,
lead,Indore,temperature,,2.0,,gem,model,3,mae,1.0743,1.0743,1.432,0.787,,,,,,1008,,0,,,,
lead,Indore,temperature,,3.0,,gem,model,3,mae,1.1691,1.1691,1.545,0.8021,,,,,,1008,,0,,,,
lead,Indore,temperature,,1.0,,gfs,model,4,mae,1.4789,1.4789,1.8885,1.1217,,,,,,1008,,0,,,,
lead,Indore,temperature,,3.0,,gfs,model,4,mae,1.5243,1.5243,1.9099,1.2451,,,,,,1008,,0,,,,
lead,Indore,temperature,,2.0,,gfs,model,4,mae,1.5888,1.5888,1.9788,1.2043,,,,,,1008,,0,,,,
lead,Jabalpur,temperature,,1.0,,ecmwf,model,1,mae,0.8339,0.8339,1.1771,0.3681,,,,,,1008,,0,,,,
lead,Jabalpur,temperature,,3.0,,ecmwf,model,1,mae,0.9804,0.9804,1.3032,0.6087,,,,,,1008,,0,,,,
lead,Jabalpur,temperature,,2.0,,ecmwf,model,1,mae,0.9829,0.9829,1.3371,0.7153,,,,,,1008,,0,,,,
lead,Jabalpur,temperature,,1.0,,icon,model,2,mae,0.9574,0.9574,1.3324,0.6549,,,,,,1008,,0,,,,
lead,Jabalpur,temperature,,2.0,,icon,model,2,mae,1.2068,1.2068,1.6813,1.0332,,,,,,1008,,0,,,,
lead,Jabalpur,temperature,,3.0,,icon,model,2,mae,1.2849,1.2849,1.7235,1.0196,,,,,,1008,,0,,,,
lead,Jabalpur,temperature,,1.0,,gfs,model,3,mae,1.2736,1.2736,1.6798,1.0744,,,,,,1008,,0,,,,
lead,Jabalpur,temperature,,2.0,,gem,model,3,mae,1.4074,1.4074,1.7653,1.1249,,,,,,1008,,0,,,,
lead,Jabalpur,temperature,,3.0,,gem,model,3,mae,1.572,1.572,1.9808,1.3685,,,,,,1008,,0,,,,
lead,Jabalpur,temperature,,1.0,,gem,model,4,mae,1.3821,1.3821,1.7732,1.246,,,,,,1008,,0,,,,
lead,Jabalpur,temperature,,2.0,,gfs,model,4,mae,2.0243,2.0243,2.4737,1.9299,,,,,,1008,,0,,,,
lead,Jabalpur,temperature,,3.0,,gfs,model,4,mae,2.0256,2.0256,2.4748,1.8839,,,,,,1008,,0,,,,
lead,Jaipur,temperature,,1.0,,icon,model,1,mae,0.9987,0.9987,1.3812,0.5201,,,,,,1008,,0,,,,
lead,Jaipur,temperature,,2.0,,ecmwf,model,1,mae,1.2003,1.2003,1.4816,0.8697,,,,,,1008,,0,,,,
lead,Jaipur,temperature,,3.0,,ecmwf,model,1,mae,1.3772,1.3772,1.6421,1.0137,,,,,,1008,,0,,,,
lead,Jaipur,temperature,,1.0,,ecmwf,model,2,mae,1.0601,1.0601,1.3823,0.7339,,,,,,1008,,0,,,,
lead,Jaipur,temperature,,2.0,,icon,model,2,mae,1.2321,1.2321,1.7489,0.8659,,,,,,1008,,0,,,,
lead,Jaipur,temperature,,3.0,,icon,model,2,mae,1.4775,1.4775,2.1534,1.1436,,,,,,1008,,0,,,,
lead,Jaipur,temperature,,1.0,,gem,model,3,mae,1.6003,1.6003,1.9699,0.9926,,,,,,1008,,0,,,,
lead,Jaipur,temperature,,3.0,,gem,model,3,mae,1.7152,1.7152,2.1326,1.0146,,,,,,1008,,0,,,,
lead,Jaipur,temperature,,2.0,,gem,model,3,mae,1.7961,1.7961,2.2396,1.0545,,,,,,1008,,0,,,,
lead,Jaipur,temperature,,3.0,,gfs,model,4,mae,2.0295,2.0295,2.547,-1.3144,,,,,,1008,,0,,,,
lead,Jaipur,temperature,,2.0,,gfs,model,4,mae,2.0774,2.0774,2.566,-1.7206,,,,,,1008,,0,,,,
lead,Jaipur,temperature,,1.0,,gfs,model,4,mae,2.4045,2.4045,2.854,-2.1803,,,,,,1008,,0,,,,
lead,Jodhpur,temperature,,1.0,,ecmwf,model,1,mae,0.7637,0.7637,1.0398,0.3008,,,,,,1008,,0,,,,
lead,Jodhpur,temperature,,2.0,,icon,model,1,mae,1.0249,1.0249,1.3886,0.4949,,,,,,1008,,0,,,,
lead,Jodhpur,temperature,,3.0,,ecmwf,model,1,mae,1.174,1.174,1.5472,0.7048,,,,,,1008,,0,,,,
lead,Jodhpur,temperature,,1.0,,icon,model,2,mae,0.8361,0.8361,1.1207,0.4169,,,,,,1008,,0,,,,
lead,Jodhpur,temperature,,2.0,,ecmwf,model,2,mae,1.0481,1.0481,1.3542,0.4686,,,,,,1008,,0,,,,
lead,Jodhpur,temperature,,3.0,,icon,model,2,mae,1.228,1.228,1.7229,0.7464,,,,,,1008,,0,,,,
lead,Jodhpur,temperature,,1.0,,gem,model,3,mae,1.4744,1.4744,1.8821,-0.2937,,,,,,1008,,0,,,,
lead,Jodhpur,temperature,,3.0,,gfs,model,3,mae,1.5395,1.5395,2.0655,-0.971,,,,,,1008,,0,,,,
lead,Jodhpur,temperature,,2.0,,gfs,model,3,mae,1.6577,1.6577,2.0847,-1.3097,,,,,,1008,,0,,,,
lead,Jodhpur,temperature,,2.0,,gem,model,4,mae,1.6652,1.6652,2.1331,-0.367,,,,,,1008,,0,,,,
lead,Jodhpur,temperature,,3.0,,gem,model,4,mae,1.7761,1.7761,2.2799,0.0299,,,,,,1008,,0,,,,
lead,Jodhpur,temperature,,1.0,,gfs,model,4,mae,1.9562,1.9562,2.4291,-1.8432,,,,,,1008,,0,,,,
lead,Kanpur,temperature,,1.0,,ecmwf,model,1,mae,0.9838,0.9838,1.2514,0.6436,,,,,,1008,,0,,,,
lead,Kanpur,temperature,,2.0,,icon,model,1,mae,1.1322,1.1322,1.4268,0.6477,,,,,,1008,,0,,,,
lead,Kanpur,temperature,,3.0,,icon,model,1,mae,1.2278,1.2278,1.5498,0.5464,,,,,,1008,,0,,,,
lead,Kanpur,temperature,,1.0,,icon,model,2,mae,1.0463,1.0463,1.3535,0.514,,,,,,1008,,0,,,,
lead,Kanpur,temperature,,2.0,,ecmwf,model,2,mae,1.234,1.234,1.5156,0.8987,,,,,,1008,,0,,,,
lead,Kanpur,temperature,,3.0,,ecmwf,model,2,mae,1.2871,1.2871,1.6029,0.8746,,,,,,1008,,0,,,,
lead,Kanpur,temperature,,2.0,,gfs,model,3,mae,1.469,1.469,1.9412,-0.727,,,,,,1008,,0,,,,
lead,Kanpur,temperature,,3.0,,gfs,model,3,mae,1.4852,1.4852,1.9972,0.0352,,,,,,1008,,0,,,,
lead,Kanpur,temperature,,1.0,,gfs,model,3,mae,1.842,1.842,2.3541,-1.4709,,,,,,1008,,0,,,,
lead,Kanpur,temperature,,1.0,,gem,model,4,mae,1.8703,1.8703,2.2432,1.6182,,,,,,1008,,0,,,,
lead,Kanpur,temperature,,2.0,,gem,model,4,mae,1.8852,1.8852,2.3085,1.5418,,,,,,1008,,0,,,,
lead,Kanpur,temperature,,3.0,,gem,model,4,mae,1.9345,1.9345,2.362,1.5026,,,,,,1008,,0,,,,
lead,Kochi,temperature,,1.0,,icon,model,1,mae,0.6007,0.6007,0.76,0.1662,,,,,,1008,,0,,,,
lead,Kochi,temperature,,2.0,,icon,model,1,mae,0.6134,0.6134,0.7937,0.1451,,,,,,1008,,0,,,,
lead,Kochi,temperature,,3.0,,icon,model,1,mae,0.6472,0.6472,0.8427,0.128,,,,,,1008,,0,,,,
lead,Kochi,temperature,,1.0,,gem,model,2,mae,0.8597,0.8597,1.0917,0.6044,,,,,,1008,,0,,,,
lead,Kochi,temperature,,3.0,,gem,model,2,mae,0.9894,0.9894,1.2327,0.6676,,,,,,1008,,0,,,,
lead,Kochi,temperature,,2.0,,gem,model,2,mae,0.997,0.997,1.2336,0.7089,,,,,,1008,,0,,,,
lead,Kochi,temperature,,1.0,,ecmwf,model,3,mae,0.956,0.956,1.1817,0.8653,,,,,,1008,,0,,,,
lead,Kochi,temperature,,2.0,,ecmwf,model,3,mae,1.0014,1.0014,1.2269,0.8512,,,,,,1008,,0,,,,
lead,Kochi,temperature,,3.0,,ecmwf,model,3,mae,1.0475,1.0475,1.2944,0.9118,,,,,,1008,,0,,,,
lead,Kochi,temperature,,1.0,,gfs,model,4,mae,1.3553,1.3553,1.5582,0.6112,,,,,,1008,,0,,,,
lead,Kochi,temperature,,2.0,,gfs,model,4,mae,1.3835,1.3835,1.5985,0.549,,,,,,1008,,0,,,,
lead,Kochi,temperature,,3.0,,gfs,model,4,mae,1.385,1.385,1.6006,0.4989,,,,,,1008,,0,,,,
lead,Kolkata,temperature,,2.0,,icon,model,1,mae,0.8169,0.8169,1.0861,-0.0962,,,,,,1008,,0,,,,
lead,Kolkata,temperature,,1.0,,icon,model,1,mae,0.8416,0.8416,1.1395,-0.1445,,,,,,1008,,0,,,,
lead,Kolkata,temperature,,3.0,,icon,model,1,mae,0.9274,0.9274,1.2415,-0.1181,,,,,,1008,,0,,,,
lead,Kolkata,temperature,,1.0,,ecmwf,model,2,mae,0.9467,0.9467,1.1966,0.5977,,,,,,1008,,0,,,,
lead,Kolkata,temperature,,2.0,,ecmwf,model,2,mae,0.9875,0.9875,1.252,0.5474,,,,,,1008,,0,,,,
lead,Kolkata,temperature,,3.0,,ecmwf,model,2,mae,1.0042,1.0042,1.3015,0.52,,,,,,1008,,0,,,,
lead,Kolkata,temperature,,1.0,,gfs,model,3,mae,1.1601,1.1601,1.574,-0.8173,,,,,,1008,,0,,,,
lead,Kolkata,temperature,,3.0,,gem,model,3,mae,1.2014,1.2014,1.5246,0.7032,,,,,,1008,,0,,,,
lead,Kolkata,temperature,,2.0,,gem,model,3,mae,1.2133,1.2133,1.534,0.7153,,,,,,1008,,0,,,,
lead,Kolkata,temperature,,1.0,,gem,model,4,mae,1.2501,1.2501,1.5929,0.857,,,,,,1008,,0,,,,
lead,Kolkata,temperature,,2.0,,gfs,model,4,mae,1.3198,1.3198,1.7659,-1.0536,,,,,,1008,,0,,,,
lead,Kolkata,temperature,,3.0,,gfs,model,4,mae,1.429,1.429,1.8745,-1.1853,,,,,,1008,,0,,,,
lead,Kota,temperature,,1.0,,ecmwf,model,1,mae,0.8582,0.8582,1.1616,0.0826,,,,,,1008,,0,,,,
lead,Kota,temperature,,2.0,,ecmwf,model,1,mae,1.0241,1.0241,1.3859,0.1747,,,,,,1008,,0,,,,
lead,Kota,temperature,,3.0,,ecmwf,model,1,mae,1.1175,1.1175,1.4757,0.3532,,,,,,1008,,0,,,,
lead,Kota,temperature,,1.0,,icon,model,2,mae,0.9765,0.9765,1.3564,0.2598,,,,,,1008,,0,,,,
lead,Kota,temperature,,2.0,,icon,model,2,mae,1.1669,1.1669,1.5907,0.5758,,,,,,1008,,0,,,,
lead,Kota,temperature,,3.0,,icon,model,2,mae,1.3593,1.3593,1.789,0.8442,,,,,,1008,,0,,,,
lead,Kota,temperature,,1.0,,gem,model,3,mae,1.4507,1.4507,1.8205,0.7356,,,,,,1008,,0,,,,
lead,Kota,temperature,,2.0,,gfs,model,3,mae,1.4542,1.4542,1.9886,0.0173,,,,,,1008,,0,,,,
lead,Kota,temperature,,3.0,,gfs,model,3,mae,1.5147,1.5147,2.0597,0.2802,,,,,,1008,,0,,,,
lead,Kota,temperature,,1.0,,gfs,model,4,mae,1.485,1.485,1.9906,-0.611,,,,,,1008,,0,,,,
lead,Kota,temperature,,2.0,,gem,model,4,mae,1.6533,1.6533,2.0896,0.8257,,,,,,1008,,0,,,,
lead,Kota,temperature,,3.0,,gem,model,4,mae,1.6685,1.6685,2.141,0.8774,,,,,,1008,,0,,,,
lead,Lucknow,temperature,,1.0,,ecmwf,model,1,mae,0.9129,0.9129,1.1663,0.5365,,,,,,1008,,0,,,,
lead,Lucknow,temperature,,2.0,,icon,model,1,mae,0.9845,0.9845,1.2886,0.4339,,,,,,1008,,0,,,,
lead,Lucknow,temperature,,3.0,,icon,model,1,mae,1.0715,1.0715,1.4027,0.3418,,,,,,1008,,0,,,,
lead,Lucknow,temperature,,1.0,,icon,model,2,mae,0.9192,0.9192,1.2301,0.2895,,,,,,1008,,0,,,,
lead,Lucknow,temperature,,2.0,,ecmwf,model,2,mae,1.1378,1.1378,1.3901,0.7908,,,,,,1008,,0,,,,
lead,Lucknow,temperature,,3.0,,ecmwf,model,2,mae,1.1985,1.1985,1.4683,0.8572,,,,,,1008,,0,,,,
lead,Lucknow,temperature,,3.0,,gem,model,3,mae,1.5007,1.5007,1.9038,0.9473,,,,,,1008,,0,,,,
lead,Lucknow,temperature,,1.0,,gem,model,3,mae,1.6365,1.6365,1.9863,1.2024,,,,,,1008,,0,,,,
lead,Lucknow,temperature,,2.0,,gem,model,3,mae,1.6762,1.6762,2.1067,1.0569,,,,,,1008,,0,,,,
lead,Lucknow,temperature,,3.0,,gfs,model,4,mae,1.7938,1.7938,2.2539,-1.0882,,,,,,1008,,0,,,,
lead,Lucknow,temperature,,2.0,,gfs,model,4,mae,1.9772,1.9772,2.4356,-1.7216,,,,,,1008,,0,,,,
lead,Lucknow,temperature,,1.0,,gfs,model,4,mae,2.5,2.5,3.0058,-2.3427,,,,,,1008,,0,,,,
lead,Ludhiana,temperature,,1.0,,icon,model,1,mae,1.0295,1.0295,1.3706,0.2197,,,,,,1008,,0,,,,
lead,Ludhiana,temperature,,2.0,,icon,model,1,mae,1.2848,1.2848,1.6644,0.5666,,,,,,1008,,0,,,,
lead,Ludhiana,temperature,,3.0,,icon,model,1,mae,1.2927,1.2927,1.6751,0.5367,,,,,,1008,,0,,,,
lead,Ludhiana,temperature,,1.0,,ecmwf,model,2,mae,1.3684,1.3684,1.6386,1.0743,,,,,,1008,,0,,,,
lead,Ludhiana,temperature,,3.0,,ecmwf,model,2,mae,1.5589,1.5589,1.8725,1.2744,,,,,,1008,,0,,,,
lead,Ludhiana,temperature,,2.0,,ecmwf,model,2,mae,1.5638,1.5638,1.8878,1.2749,,,,,,1008,,0,,,,
lead,Ludhiana,temperature,,1.0,,gem,model,3,mae,1.8296,1.8296,2.282,1.2794,,,,,,1008,,0,,,,
lead,Ludhiana,temperature,,2.0,,gem,model,3,mae,2.0032,2.0032,2.494,1.5692,,,,,,1008,,0,,,,
lead,Ludhiana,temperature,,3.0,,gfs,model,3,mae,2.076,2.076,2.7222,-0.605,,,,,,1008,,0,,,,
lead,Ludhiana,temperature,,2.0,,gfs,model,4,mae,2.1988,2.1988,2.8761,-1.0103,,,,,,1008,,0,,,,
lead,Ludhiana,temperature,,1.0,,gfs,model,4,mae,2.2707,2.2707,2.852,-1.1449,,,,,,1008,,0,,,,
lead,Ludhiana,temperature,,3.0,,gem,model,4,mae,2.397,2.397,2.9008,1.9262,,,,,,1008,,0,,,,
lead,Madurai,temperature,,1.0,,icon,model,1,mae,1.2976,1.2976,1.6474,0.6744,,,,,,1008,,0,,,,
lead,Madurai,temperature,,2.0,,icon,model,1,mae,1.3422,1.3422,1.7442,0.5416,,,,,,1008,,0,,,,
lead,Madurai,temperature,,3.0,,gfs,model,1,mae,1.3663,1.3663,1.813,0.7087,,,,,,1008,,0,,,,
lead,Madurai,temperature,,3.0,,icon,model,2,mae,1.4149,1.4149,1.8713,0.3952,,,,,,1008,,0,,,,
lead,Madurai,temperature,,1.0,,gfs,model,2,mae,1.4602,1.4602,1.8563,0.9529,,,,,,1008,,0,,,,
lead,Madurai,temperature,,2.0,,gfs,model,2,mae,1.4627,1.4627,1.8811,0.8998,,,,,,1008,,0,,,,
lead,Madurai,temperature,,3.0,,ecmwf,model,3,mae,1.6359,1.6359,1.9524,1.3567,,,,,,1008,,0,,,,
lead,Madurai,temperature,,1.0,,ecmwf,model,3,mae,1.6557,1.6557,2.0305,1.4418,,,,,,1008,,0,,,,
lead,Madurai,temperature,,2.0,,ecmwf,model,3,mae,1.6857,1.6857,2.0277,1.3986,,,,,,1008,,0,,,,
lead,Madurai,temperature,,2.0,,gem,model,4,mae,2.3327,2.3327,2.861,1.8056,,,,,,1008,,0,,,,
lead,Madurai,temperature,,3.0,,gem,model,4,mae,2.4778,2.4778,3.0219,1.928,,,,,,1008,,0,,,,
lead,Madurai,temperature,,1.0,,gem,model,4,mae,2.4959,2.4959,2.9659,2.0426,,,,,,1008,,0,,,,
lead,Mumbai,temperature,,1.0,,icon,model,1,mae,0.6185,0.6185,0.7753,-0.32,,,,,,1008,,0,,,,
lead,Mumbai,temperature,,2.0,,icon,model,1,mae,0.681,0.681,0.8623,-0.3488,,,,,,1008,,0,,,,
lead,Mumbai,temperature,,3.0,,icon,model,1,mae,0.6953,0.6953,0.8853,-0.2572,,,,,,1008,,0,,,,
lead,Mumbai,temperature,,1.0,,ecmwf,model,2,mae,0.6858,0.6858,0.9175,0.4705,,,,,,1008,,0,,,,
lead,Mumbai,temperature,,2.0,,ecmwf,model,2,mae,0.6866,0.6866,0.9372,0.3485,,,,,,1008,,0,,,,
lead,Mumbai,temperature,,3.0,,ecmwf,model,2,mae,0.6974,0.6974,0.9675,0.3065,,,,,,1008,,0,,,,
lead,Mumbai,temperature,,3.0,,gem,model,3,mae,0.7104,0.7104,0.9052,0.2826,,,,,,1008,,0,,,,
lead,Mumbai,temperature,,2.0,,gem,model,3,mae,0.7252,0.7252,0.9326,0.4044,,,,,,1008,,0,,,,
lead,Mumbai,temperature,,1.0,,gem,model,3,mae,0.7389,0.7389,0.9411,0.4044,,,,,,1008,,0,,,,
lead,Mumbai,temperature,,3.0,,gfs,model,4,mae,1.459,1.459,1.667,-1.3511,,,,,,1008,,0,,,,
lead,Mumbai,temperature,,2.0,,gfs,model,4,mae,1.5678,1.5678,1.778,-1.4019,,,,,,1008,,0,,,,
lead,Mumbai,temperature,,1.0,,gfs,model,4,mae,1.6391,1.6391,1.844,-1.5226,,,,,,1008,,0,,,,
lead,Nagpur,temperature,,1.0,,ecmwf,model,1,mae,0.7952,0.7952,1.084,0.3137,,,,,,1008,,0,,,,
lead,Nagpur,temperature,,2.0,,ecmwf,model,1,mae,0.9755,0.9755,1.329,0.6013,,,,,,1008,,0,,,,
lead,Nagpur,temperature,,3.0,,ecmwf,model,1,mae,1.0995,1.0995,1.4737,0.5469,,,,,,1008,,0,,,,
lead,Nagpur,temperature,,1.0,,icon,model,2,mae,1.0288,1.0288,1.411,0.795,,,,,,1008,,0,,,,
lead,Nagpur,temperature,,2.0,,icon,model,2,mae,1.4417,1.4417,1.909,1.201,,,,,,1008,,0,,,,
lead,Nagpur,temperature,,3.0,,gem,model,2,mae,1.4921,1.4921,1.8461,0.8629,,,,,,1008,,0,,,,
lead,Nagpur,temperature,,1.0,,gem,model,3,mae,1.3446,1.3446,1.6586,1.0105,,,,,,1008,,0,,,,
lead,Nagpur,temperature,,2.0,,gem,model,3,mae,1.4873,1.4873,1.843,1.0601,,,,,,1008,,0,,,,
lead,Nagpur,temperature,,3.0,,icon,model,3,mae,1.5135,1.5135,1.9966,1.1355,,,,,,1008,,0,,,,
lead,Nagpur,temperature,,1.0,,gfs,model,4,mae,1.5004,1.5004,1.9594,1.2575,,,,,,1008,,0,,,,
lead,Nagpur,temperature,,3.0,,gfs,model,4,mae,1.5751,1.5751,2.0785,1.2453,,,,,,1008,,0,,,,
lead,Nagpur,temperature,,2.0,,gfs,model,4,mae,1.8487,1.8487,2.3671,1.6144,,,,,,1008,,0,,,,
lead,Nashik,temperature,,1.0,,ecmwf,model,1,mae,0.4062,0.4062,0.5684,0.1652,,,,,,1008,,0,,,,
lead,Nashik,temperature,,2.0,,ecmwf,model,1,mae,0.4254,0.4254,0.5957,0.148,,,,,,1008,,0,,,,
lead,Nashik,temperature,,3.0,,ecmwf,model,1,mae,0.4956,0.4956,0.7411,0.2032,,,,,,1008,,0,,,,
lead,Nashik,temperature,,2.0,,gem,model,2,mae,0.5948,0.5948,0.8738,0.2893,,,,,,1008,,0,,,,
lead,Nashik,temperature,,1.0,,gem,model,2,mae,0.6068,0.6068,0.8575,0.3525,,,,,,1008,,0,,,,
lead,Nashik,temperature,,3.0,,gem,model,2,mae,0.6431,0.6431,0.9265,0.2442,,,,,,1008,,0,,,,
lead,Nashik,temperature,,1.0,,gfs,model,3,mae,0.6456,0.6456,0.9162,0.3117,,,,,,1008,,0,,,,
lead,Nashik,temperature,,2.0,,icon,model,3,mae,0.6962,0.6962,0.9697,0.2123,,,,,,1008,,0,,,,
lead,Nashik,temperature,,3.0,,gfs,model,3,mae,0.7478,0.7478,1.0587,0.4772,,,,,,1008,,0,,,,
lead,Nashik,temperature,,1.0,,icon,model,4,mae,0.6545,0.6545,0.8633,0.1346,,,,,,1008,,0,,,,
lead,Nashik,temperature,,2.0,,gfs,model,4,mae,0.7317,0.7317,1.0343,0.4379,,,,,,1008,,0,,,,
lead,Nashik,temperature,,3.0,,icon,model,4,mae,0.7755,0.7755,1.0648,0.2902,,,,,,1008,,0,,,,
lead,Patna,temperature,,1.0,,icon,model,1,mae,0.8432,0.8432,1.1307,0.1878,,,,,,1008,,0,,,,
lead,Patna,temperature,,2.0,,icon,model,1,mae,0.9658,0.9658,1.2705,0.3809,,,,,,1008,,0,,,,
lead,Patna,temperature,,3.0,,icon,model,1,mae,1.0634,1.0634,1.3782,0.2689,,,,,,1008,,0,,,,
lead,Patna,temperature,,1.0,,ecmwf,model,2,mae,0.9563,0.9563,1.2322,0.6397,,,,,,1008,,0,,,,
lead,Patna,temperature,,2.0,,ecmwf,model,2,mae,1.1949,1.1949,1.471,0.8769,,,,,,1008,,0,,,,
lead,Patna,temperature,,3.0,,ecmwf,model,2,mae,1.2506,1.2506,1.5433,0.9,,,,,,1008,,0,,,,
lead,Patna,temperature,,2.0,,gem,model,3,mae,1.6729,1.6729,2.0508,1.2886,,,,,,1008,,0,,,,
lead,Patna,temperature,,3.0,,gem,model,3,mae,1.7393,1.7393,2.0821,1.301,,,,,,1008,,0,,,,
lead,Patna,temperature,,1.0,,gem,model,3,mae,1.8624,1.8624,2.2593,1.4773,,,,,,1008,,0,,,,
lead,Patna,temperature,,3.0,,gfs,model,4,mae,2.6238,2.6238,3.0172,-2.3109,,,,,,1008,,0,,,,
lead,Patna,temperature,,2.0,,gfs,model,4,mae,2.7687,2.7687,3.1719,-2.6367,,,,,,1008,,0,,,,
lead,Patna,temperature,,1.0,,gfs,model,4,mae,3.1652,3.1652,3.4837,-3.1184,,,,,,1008,,0,,,,
lead,Pune,temperature,,2.0,,ecmwf,model,1,mae,0.4359,0.4359,0.6034,0.1653,,,,,,1008,,0,,,,
lead,Pune,temperature,,1.0,,ecmwf,model,1,mae,0.4366,0.4366,0.6057,0.1906,,,,,,1008,,0,,,,
lead,Pune,temperature,,3.0,,ecmwf,model,1,mae,0.4941,0.4941,0.6937,0.1975,,,,,,1008,,0,,,,
lead,Pune,temperature,,1.0,,icon,model,2,mae,0.5756,0.5756,0.7252,-0.126,,,,,,1008,,0,,,,
lead,Pune,temperature,,2.0,,icon,model,2,mae,0.6339,0.6339,0.843,-0.0206,,,,,,1008,,0,,,,
lead,Pune,temperature,,3.0,,gem,model,2,mae,0.6631,0.6631,0.8883,0.5069,,,,,,1008,,0,,,,
lead,Pune,temperature,,1.0,,gfs,model,3,mae,0.6357,0.6357,0.873,-0.2937,,,,,,1008,,0,,,,
lead,Pune,temperature,,3.0,,gfs,model,3,mae,0.6668,0.6668,0.9682,0.0144,,,,,,1008,,0,,,,
lead,Pune,temperature,,2.0,,gfs,model,3,mae,0.6726,0.6726,0.944,-0.1224,,,,,,1008,,0,,,,
lead,Pune,temperature,,3.0,,icon,model,4,mae,0.7058,0.7058,0.9464,0.0554,,,,,,1008,,0,,,,
lead,Pune,temperature,,2.0,,gem,model,4,mae,0.7423,0.7423,0.954,0.6306,,,,,,1008,,0,,,,
lead,Pune,temperature,,1.0,,gem,model,4,mae,0.7621,0.7621,0.9654,0.6869,,,,,,1008,,0,,,,
lead,Raipur,temperature,,1.0,,ecmwf,model,1,mae,0.8793,0.8793,1.1657,0.4743,,,,,,1008,,0,,,,
lead,Raipur,temperature,,2.0,,ecmwf,model,1,mae,1.0395,1.0395,1.3636,0.6444,,,,,,1008,,0,,,,
lead,Raipur,temperature,,3.0,,ecmwf,model,1,mae,1.1613,1.1613,1.5394,0.5694,,,,,,1008,,0,,,,
lead,Raipur,temperature,,1.0,,icon,model,2,mae,1.0296,1.0296,1.3589,0.6488,,,,,,1008,,0,,,,
lead,Raipur,temperature,,2.0,,icon,model,2,mae,1.2231,1.2231,1.6229,0.9229,,,,,,1008,,0,,,,
lead,Raipur,temperature,,3.0,,icon,model,2,mae,1.2509,1.2509,1.6672,0.838,,,,,,1008,,0,,,,
lead,Raipur,temperature,,1.0,,gfs,model,3,mae,1.3965,1.3965,1.823,0.6777,,,,,,1008,,0,,,,
lead,Raipur,temperature,,3.0,,gem,model,3,mae,1.6669,1.6669,2.0277,1.4415,,,,,,1008,,0,,,,
lead,Raipur,temperature,,2.0,,gem,model,3,mae,1.6876,1.6876,2.0256,1.4896,,,,,,1008,,0,,,,
lead,Raipur,temperature,,1.0,,gem,model,4,mae,1.6012,1.6012,1.9559,1.4609,,,,,,1008,,0,,,,
lead,Raipur,temperature,,3.0,,gfs,model,4,mae,1.7183,1.7183,2.1978,1.3143,,,,,,1008,,0,,,,
lead,Raipur,temperature,,2.0,,gfs,model,4,mae,1.8638,1.8638,2.3323,1.5273,,,,,,1008,,0,,,,
lead,Ranchi,temperature,,1.0,,ecmwf,model,1,mae,0.683,0.683,0.9436,0.3122,,,,,,1008,,0,,,,
lead,Ranchi,temperature,,2.0,,ecmwf,model,1,mae,0.7371,0.7371,1.0033,0.2647,,,,,,1008,,0,,,,
lead,Ranchi,temperature,,3.0,,ecmwf,model,1,mae,0.8165,0.8165,1.0887,0.2093,,,,,,1008,,0,,,,
lead,Ranchi,temperature,,1.0,,icon,model,2,mae,0.7747,0.7747,1.0751,0.2436,,,,,,1008,,0,,,,
lead,Ranchi,temperature,,3.0,,icon,model,2,mae,0.9073,0.9073,1.2834,0.4226,,,,,,1008,,0,,,,
lead,Ranchi,temperature,,2.0,,icon,model,2,mae,0.9164,0.9164,1.2807,0.4539,,,,,,1008,,0,,,,
lead,Ranchi,temperature,,2.0,,gfs,model,3,mae,0.9621,0.9621,1.3657,-0.0786,,,,,,1008,,0,,,,
lead,Ranchi,temperature,,1.0,,gfs,model,3,mae,0.9843,0.9843,1.3468,-0.3587,,,,,,1008,,0,,,,
lead,Ranchi,temperature,,3.0,,gem,model,3,mae,1.006,1.006,1.3597,0.4093,,,,,,1008,,0,,,,
lead,Ranchi,temperature,,1.0,,gem,model,4,mae,1.0336,1.0336,1.3663,0.608,,,,,,1008,,0,,,,
lead,Ranchi,temperature,,3.0,,gfs,model,4,mae,1.0837,1.0837,1.5163,0.1802,,,,,,1008,,0,,,,
lead,Ranchi,temperature,,2.0,,gem,model,4,mae,1.0932,1.0932,1.4411,0.6372,,,,,,1008,,0,,,,
lead,Shillong,temperature,,1.0,,ecmwf,model,1,mae,0.8955,0.8955,1.1615,0.7588,,,,,,1008,,0,,,,
lead,Shillong,temperature,,3.0,,ecmwf,model,1,mae,0.9602,0.9602,1.3104,0.7686,,,,,,1008,,0,,,,
lead,Shillong,temperature,,2.0,,ecmwf,model,1,mae,0.9938,0.9938,1.3069,0.8354,,,,,,1008,,0,,,,
lead,Shillong,temperature,,2.0,,gem,model,2,mae,1.2301,1.2301,1.5508,0.9938,,,,,,1008,,0,,,,
lead,Shillong,temperature,,1.0,,gem,model,2,mae,1.2674,1.2674,1.5258,1.0584,,,,,,1008,,0,,,,
lead,Shillong,temperature,,3.0,,gem,model,2,mae,1.4202,1.4202,1.7227,1.2024,,,,,,1008,,0,,,,
lead,Shillong,temperature,,1.0,,gfs,model,3,mae,1.6719,1.6719,1.9308,1.6184,,,,,,1008,,0,,,,
lead,Shillong,temperature,,2.0,,gfs,model,3,mae,1.8396,1.8396,2.127,1.7985,,,,,,1008,,0,,,,
lead,Shillong,temperature,,3.0,,gfs,model,3,mae,1.9088,1.9088,2.2275,1.8811,,,,,,1008,,0,,,,
lead,Shillong,temperature,,3.0,,icon,model,4,mae,2.0068,2.0068,2.3856,1.9912,,,,,,1008,,0,,,,
lead,Shillong,temperature,,1.0,,icon,model,4,mae,2.0687,2.0687,2.4493,2.0601,,,,,,1008,,0,,,,
lead,Shillong,temperature,,2.0,,icon,model,4,mae,2.0794,2.0794,2.4679,2.071,,,,,,1008,,0,,,,
lead,Shimla,temperature,,1.0,,gfs,model,1,mae,0.9,0.9,1.2455,0.1063,,,,,,1008,,0,,,,
lead,Shimla,temperature,,2.0,,gfs,model,1,mae,0.9694,0.9694,1.3675,0.0437,,,,,,1008,,0,,,,
lead,Shimla,temperature,,3.0,,icon,model,1,mae,1.0787,1.0787,1.3135,-0.4642,,,,,,1008,,0,,,,
lead,Shimla,temperature,,2.0,,icon,model,2,mae,1.0706,1.0706,1.2851,-0.5157,,,,,,1008,,0,,,,
lead,Shimla,temperature,,1.0,,icon,model,2,mae,1.0775,1.0775,1.3005,-0.6428,,,,,,1008,,0,,,,
lead,Shimla,temperature,,3.0,,gfs,model,2,mae,1.0948,1.0948,1.5175,0.1308,,,,,,1008,,0,,,,
lead,Shimla,temperature,,1.0,,gem,model,3,mae,1.0926,1.0926,1.4399,-0.2247,,,,,,1008,,0,,,,
lead,Shimla,temperature,,2.0,,gem,model,3,mae,1.0979,1.0979,1.44,-0.2422,,,,,,1008,,0,,,,
lead,Shimla,temperature,,3.0,,gem,model,3,mae,1.106,1.106,1.4599,-0.1379,,,,,,1008,,0,,,,
lead,Shimla,temperature,,1.0,,ecmwf,model,4,mae,1.099,1.099,1.4143,0.5833,,,,,,1008,,0,,,,
lead,Shimla,temperature,,2.0,,ecmwf,model,4,mae,1.1603,1.1603,1.5131,0.6958,,,,,,1008,,0,,,,
lead,Shimla,temperature,,3.0,,ecmwf,model,4,mae,1.2062,1.2062,1.5559,0.7339,,,,,,1008,,0,,,,
lead,Srinagar,temperature,,2.0,,icon,model,1,mae,1.13,1.13,1.4595,0.1192,,,,,,1008,,0,,,,
lead,Srinagar,temperature,,1.0,,icon,model,1,mae,1.1805,1.1805,1.5473,0.0757,,,,,,1008,,0,,,,
lead,Srinagar,temperature,,3.0,,icon,model,1,mae,1.2652,1.2652,1.6571,0.0436,,,,,,1008,,0,,,,
lead,Srinagar,temperature,,1.0,,ecmwf,model,2,mae,1.2352,1.2352,1.5049,0.7106,,,,,,1008,,0,,,,
lead,Srinagar,temperature,,2.0,,ecmwf,model,2,mae,1.236,1.236,1.5925,0.5479,,,,,,1008,,0,,,,
lead,Srinagar,temperature,,3.0,,ecmwf,model,2,mae,1.342,1.342,1.7918,0.4559,,,,,,1008,,0,,,,
lead,Srinagar,temperature,,1.0,,gem,model,3,mae,1.9868,1.9868,2.6099,-1.3041,,,,,,1008,,0,,,,
lead,Srinagar,temperature,,3.0,,gfs,model,3,mae,1.9916,1.9916,2.569,0.1406,,,,,,1008,,0,,,,
lead,Srinagar,temperature,,2.0,,gem,model,3,mae,2.0124,2.0124,2.6752,-1.4114,,,,,,1008,,0,,,,
lead,Srinagar,temperature,,1.0,,gfs,model,4,mae,2.0644,2.0644,2.683,0.2602,,,,,,1008,,0,,,,
lead,Srinagar,temperature,,2.0,,gfs,model,4,mae,2.0707,2.0707,2.6831,0.2632,,,,,,1008,,0,,,,
lead,Srinagar,temperature,,3.0,,gem,model,4,mae,2.1064,2.1064,2.8222,-1.4062,,,,,,1008,,0,,,,
lead,Surat,temperature,,1.0,,ecmwf,model,1,mae,0.5466,0.5466,0.7155,0.0587,,,,,,1008,,0,,,,
lead,Surat,temperature,,2.0,,ecmwf,model,1,mae,0.6019,0.6019,0.798,0.0158,,,,,,1008,,0,,,,
lead,Surat,temperature,,3.0,,ecmwf,model,1,mae,0.6859,0.6859,0.8981,-0.0179,,,,,,1008,,0,,,,
lead,Surat,temperature,,1.0,,icon,model,2,mae,0.6707,0.6707,0.8853,0.142,,,,,,1008,,0,,,,
lead,Surat,temperature,,2.0,,icon,model,2,mae,0.6815,0.6815,0.9132,0.1891,,,,,,1008,,0,,,,
lead,Surat,temperature,,3.0,,gfs,model,2,mae,0.7069,0.7069,0.952,-0.0091,,,,,,1008,,0,,,,
lead,Surat,temperature,,1.0,,gfs,model,3,mae,0.6882,0.6882,0.9012,-0.0852,,,,,,1008,,0,,,,
lead,Surat,temperature,,2.0,,gfs,model,3,mae,0.7336,0.7336,0.9575,-0.0118,,,,,,1008,,0,,,,
lead,Surat,temperature,,3.0,,icon,model,3,mae,0.7398,0.7398,1.0326,0.208,,,,,,1008,,0,,,,
lead,Surat,temperature,,1.0,,gem,model,4,mae,0.7339,0.7339,0.9771,0.2649,,,,,,1008,,0,,,,
lead,Surat,temperature,,2.0,,gem,model,4,mae,0.7467,0.7467,1.0215,0.2513,,,,,,1008,,0,,,,
lead,Surat,temperature,,3.0,,gem,model,4,mae,0.7763,0.7763,1.0282,0.2449,,,,,,1008,,0,,,,
lead,Thane,temperature,,1.0,,ecmwf,model,1,mae,0.5596,0.5596,0.7628,0.0884,,,,,,1008,,0,,,,
lead,Thane,temperature,,2.0,,ecmwf,model,1,mae,0.6471,0.6471,0.8783,-0.0436,,,,,,1008,,0,,,,
lead,Thane,temperature,,3.0,,ecmwf,model,1,mae,0.6839,0.6839,0.9526,-0.0478,,,,,,1008,,0,,,,
lead,Thane,temperature,,2.0,,gem,model,2,mae,0.8105,0.8105,1.0485,0.0488,,,,,,1008,,0,,,,
lead,Thane,temperature,,3.0,,gem,model,2,mae,0.8119,0.8119,1.0425,-0.0647,,,,,,1008,,0,,,,
lead,Thane,temperature,,1.0,,gem,model,2,mae,0.8421,0.8421,1.0809,0.0661,,,,,,1008,,0,,,,
lead,Thane,temperature,,1.0,,icon,model,3,mae,0.9926,0.9926,1.1723,-0.7632,,,,,,1008,,0,,,,
lead,Thane,temperature,,2.0,,icon,model,3,mae,1.044,1.044,1.2418,-0.7498,,,,,,1008,,0,,,,
lead,Thane,temperature,,3.0,,icon,model,3,mae,1.0714,1.0714,1.2848,-0.629,,,,,,1008,,0,,,,
lead,Thane,temperature,,3.0,,gfs,model,4,mae,1.6221,1.6221,1.8289,-1.4568,,,,,,1008,,0,,,,
lead,Thane,temperature,,2.0,,gfs,model,4,mae,1.7019,1.7019,1.9246,-1.543,,,,,,1008,,0,,,,
lead,Thane,temperature,,1.0,,gfs,model,4,mae,1.7347,1.7347,1.945,-1.6226,,,,,,1008,,0,,,,
lead,Thiruvananthapuram,temperature,,1.0,,ecmwf,model,1,mae,0.5779,0.5779,0.7945,0.2281,,,,,,1008,,0,,,,
lead,Thiruvananthapuram,temperature,,2.0,,ecmwf,model,1,mae,0.6459,0.6459,0.8318,0.2574,,,,,,1008,,0,,,,
lead,Thiruvananthapuram,temperature,,3.0,,ecmwf,model,1,mae,0.6746,0.6746,0.8755,0.2651,,,,,,1008,,0,,,,
lead,Thiruvananthapuram,temperature,,2.0,,icon,model,2,mae,0.6866,0.6866,0.8723,-0.436,,,,,,1008,,0,,,,
lead,Thiruvananthapuram,temperature,,1.0,,icon,model,2,mae,0.704,0.704,0.8938,-0.4252,,,,,,1008,,0,,,,
lead,Thiruvananthapuram,temperature,,3.0,,icon,model,2,mae,0.7727,0.7727,0.9646,-0.511,,,,,,1008,,0,,,,
lead,Thiruvananthapuram,temperature,,1.0,,gem,model,3,mae,0.8925,0.8925,1.0982,-0.5746,,,,,,1008,,0,,,,
lead,Thiruvananthapuram,temperature,,2.0,,gem,model,3,mae,0.91,0.91,1.1503,-0.6362,,,,,,1008,,0,,,,
lead,Thiruvananthapuram,temperature,,3.0,,gem,model,3,mae,0.9107,0.9107,1.1598,-0.679,,,,,,1008,,0,,,,
lead,Thiruvananthapuram,temperature,,1.0,,gfs,model,4,mae,1.0737,1.0737,1.4,-0.46,,,,,,1008,,0,,,,
lead,Thiruvananthapuram,temperature,,2.0,,gfs,model,4,mae,1.0892,1.0892,1.4206,-0.4918,,,,,,1008,,0,,,,
lead,Thiruvananthapuram,temperature,,3.0,,gfs,model,4,mae,1.1537,1.1537,1.518,-0.5281,,,,,,1008,,0,,,,
lead,Vadodara,temperature,,1.0,,ecmwf,model,1,mae,0.6415,0.6415,0.8667,0.2813,,,,,,1008,,0,,,,
lead,Vadodara,temperature,,2.0,,ecmwf,model,1,mae,0.7118,0.7118,0.9453,0.3062,,,,,,1008,,0,,,,
lead,Vadodara,temperature,,3.0,,icon,model,1,mae,0.7813,0.7813,1.1283,0.2433,,,,,,1008,,0,,,,
lead,Vadodara,temperature,,1.0,,icon,model,2,mae,0.6811,0.6811,0.9118,0.0795,,,,,,1008,,0,,,,
lead,Vadodara,temperature,,2.0,,icon,model,2,mae,0.7622,0.7622,1.0366,0.2037,,,,,,1008,,0,,,,
lead,Vadodara,temperature,,3.0,,ecmwf,model,2,mae,0.8437,0.8437,1.1299,0.2442,,,,,,1008,,0,,,,
lead,Vadodara,temperature,,1.0,,gem,model,3,mae,1.1533,1.1533,1.4923,0.8273,,,,,,1008,,0,,,,
lead,Vadodara,temperature,,2.0,,gem,model,3,mae,1.2294,1.2294,1.5501,0.9286,,,,,,1008,,0,,,,
lead,Vadodara,temperature,,3.0,,gem,model,3,mae,1.3663,1.3663,1.726,0.9339,,,,,,1008,,0,,,,
lead,Vadodara,temperature,,2.0,,gfs,model,4,mae,1.3594,1.3594,1.6654,-1.0936,,,,,,1008,,0,,,,
lead,Vadodara,temperature,,3.0,,gfs,model,4,mae,1.4065,1.4065,1.725,-1.098,,,,,,1008,,0,,,,
lead,Vadodara,temperature,,1.0,,gfs,model,4,mae,1.5145,1.5145,1.8301,-1.149,,,,,,1008,,0,,,,
lead,Varanasi,temperature,,1.0,,icon,model,1,mae,0.894,0.894,1.1561,0.398,,,,,,1008,,0,,,,
lead,Varanasi,temperature,,2.0,,icon,model,1,mae,0.9982,0.9982,1.2726,0.5085,,,,,,1008,,0,,,,
lead,Varanasi,temperature,,3.0,,icon,model,1,mae,1.1451,1.1451,1.4419,0.4781,,,,,,1008,,0,,,,
lead,Varanasi,temperature,,1.0,,ecmwf,model,2,mae,1.0145,1.0145,1.319,0.7407,,,,,,1008,,0,,,,
lead,Varanasi,temperature,,3.0,,ecmwf,model,2,mae,1.2149,1.2149,1.5334,0.9282,,,,,,1008,,0,,,,
lead,Varanasi,temperature,,2.0,,ecmwf,model,2,mae,1.22,1.22,1.4989,1.025,,,,,,1008,,0,,,,
lead,Varanasi,temperature,,3.0,,gfs,model,3,mae,1.4923,1.4923,1.9136,0.0248,,,,,,1008,,0,,,,
lead,Varanasi,temperature,,2.0,,gfs,model,3,mae,1.5038,1.5038,1.9508,-0.8546,,,,,,1008,,0,,,,
lead,Varanasi,temperature,,1.0,,gem,model,3,mae,1.6743,1.6743,1.9929,1.3991,,,,,,1008,,0,,,,
lead,Varanasi,temperature,,2.0,,gem,model,4,mae,1.5731,1.5731,1.9192,1.2767,,,,,,1008,,0,,,,
lead,Varanasi,temperature,,3.0,,gem,model,4,mae,1.7562,1.7562,2.0892,1.4175,,,,,,1008,,0,,,,
lead,Varanasi,temperature,,1.0,,gfs,model,4,mae,1.8343,1.8343,2.3046,-1.6137,,,,,,1008,,0,,,,
lead,Vijayawada,temperature,,1.0,,icon,model,1,mae,1.156,1.156,1.4696,-0.453,,,,,,1008,,0,,,,
lead,Vijayawada,temperature,,2.0,,ecmwf,model,1,mae,1.1989,1.1989,1.5302,0.7211,,,,,,1008,,0,,,,
lead,Vijayawada,temperature,,3.0,,ecmwf,model,1,mae,1.2589,1.2589,1.6285,0.6827,,,,,,1008,,0,,,,
lead,Vijayawada,temperature,,1.0,,ecmwf,model,2,mae,1.2126,1.2126,1.5536,0.8906,,,,,,1008,,0,,,,
lead,Vijayawada,temperature,,2.0,,icon,model,2,mae,1.2214,1.2214,1.5988,-0.7069,,,,,,1008,,0,,,,
lead,Vijayawada,temperature,,3.0,,icon,model,2,mae,1.3308,1.3308,1.7029,-0.7734,,,,,,1008,,0,,,,
lead,Vijayawada,temperature,,1.0,,gfs,model,3,mae,1.4019,1.4019,1.774,-0.2553,,,,,,1008,,0,,,,
lead,Vijayawada,temperature,,2.0,,gfs,model,3,mae,1.4394,1.4394,1.7989,-0.5668,,,,,,1008,,0,,,,
lead,Vijayawada,temperature,,3.0,,gfs,model,3,mae,1.4635,1.4635,1.9132,-0.8425,,,,,,1008,,0,,,,
lead,Vijayawada,temperature,,1.0,,gem,model,4,mae,1.6839,1.6839,2.1014,0.146,,,,,,1008,,0,,,,
lead,Vijayawada,temperature,,2.0,,gem,model,4,mae,1.8624,1.8624,2.2795,0.2257,,,,,,1008,,0,,,,
lead,Vijayawada,temperature,,3.0,,gem,model,4,mae,1.9203,1.9203,2.346,0.1013,,,,,,1008,,0,,,,
lead,Visakhapatnam,temperature,,1.0,,ecmwf,model,1,mae,0.917,0.917,1.2237,0.1922,,,,,,1008,,0,,,,
lead,Visakhapatnam,temperature,,2.0,,ecmwf,model,1,mae,1.0505,1.0505,1.4329,-0.2489,,,,,,1008,,0,,,,
lead,Visakhapatnam,temperature,,3.0,,ecmwf,model,1,mae,1.1866,1.1866,1.6343,-0.5235,,,,,,1008,,0,,,,
lead,Visakhapatnam,temperature,,1.0,,icon,model,2,mae,1.3078,1.3078,1.6324,-0.8441,,,,,,1008,,0,,,,
lead,Visakhapatnam,temperature,,3.0,,gem,model,2,mae,1.4354,1.4354,1.8812,-0.4652,,,,,,1008,,0,,,,
lead,Visakhapatnam,temperature,,2.0,,gem,model,2,mae,1.4524,1.4524,1.8969,-0.2903,,,,,,1008,,0,,,,
lead,Visakhapatnam,temperature,,1.0,,gem,model,3,mae,1.3712,1.3712,1.7446,-0.3093,,,,,,1008,,0,,,,
lead,Visakhapatnam,temperature,,2.0,,icon,model,3,mae,1.4734,1.4734,1.8373,-1.0615,,,,,,1008,,0,,,,
lead,Visakhapatnam,temperature,,3.0,,icon,model,3,mae,1.6096,1.6096,2.0129,-1.2055,,,,,,1008,,0,,,,
lead,Visakhapatnam,temperature,,1.0,,gfs,model,4,mae,1.6979,1.6979,2.1158,-1.1553,,,,,,1008,,0,,,,
lead,Visakhapatnam,temperature,,2.0,,gfs,model,4,mae,1.7207,1.7207,2.0873,-1.3324,,,,,,1008,,0,,,,
lead,Visakhapatnam,temperature,,3.0,,gfs,model,4,mae,1.7602,1.7602,2.1251,-1.3674,,,,,,1008,,0,,,,
lead,Agartala,wind_speed,,1.0,,ecmwf,model,1,mae,2.2905,2.2905,2.9111,-1.3534,,,,,,1008,,0,,,,
lead,Agartala,wind_speed,,2.0,,ecmwf,model,1,mae,2.5457,2.5457,3.219,-1.2628,,,,,,1008,,0,,,,
lead,Agartala,wind_speed,,3.0,,ecmwf,model,1,mae,2.8378,2.8378,3.6312,-0.6934,,,,,,1008,,0,,,,
lead,Agartala,wind_speed,,1.0,,gfs,model,2,mae,3.1068,3.1068,4.0426,-1.8814,,,,,,1008,,0,,,,
lead,Agartala,wind_speed,,2.0,,gfs,model,2,mae,3.15,3.15,4.0509,-1.6006,,,,,,1008,,0,,,,
lead,Agartala,wind_speed,,3.0,,gfs,model,2,mae,3.2035,3.2035,4.0499,-1.0517,,,,,,1008,,0,,,,
lead,Agartala,wind_speed,,1.0,,gem,model,3,mae,3.6216,3.6216,4.4409,2.649,,,,,,1008,,0,,,,
lead,Agartala,wind_speed,,2.0,,gem,model,3,mae,3.7811,3.7811,4.8237,2.6348,,,,,,1008,,0,,,,
lead,Agartala,wind_speed,,3.0,,gem,model,3,mae,4.1114,4.1114,5.1101,3.1112,,,,,,1008,,0,,,,
lead,Agartala,wind_speed,,1.0,,icon,model,4,mae,4.8593,4.8593,5.5765,4.4875,,,,,,1008,,0,,,,
lead,Agartala,wind_speed,,2.0,,icon,model,4,mae,5.1914,5.1914,5.9522,4.7684,,,,,,1008,,0,,,,
lead,Agartala,wind_speed,,3.0,,icon,model,4,mae,5.3083,5.3083,6.114,4.803,,,,,,1008,,0,,,,
lead,Agra,wind_speed,,1.0,,ecmwf,model,1,mae,2.652,2.652,3.3679,0.6671,,,,,,1008,,0,,,,
lead,Agra,wind_speed,,2.0,,ecmwf,model,1,mae,2.8209,2.8209,3.5954,0.6481,,,,,,1008,,0,,,,
lead,Agra,wind_speed,,3.0,,ecmwf,model,1,mae,2.9299,2.9299,3.6454,0.6297,,,,,,1008,,0,,,,
lead,Agra,wind_speed,,1.0,,icon,model,2,mae,2.901,2.901,3.6686,1.7952,,,,,,1008,,0,,,,
lead,Agra,wind_speed,,2.0,,icon,model,2,mae,3.1726,3.1726,3.9998,1.2036,,,,,,1008,,0,,,,
lead,Agra,wind_speed,,3.0,,icon,model,2,mae,3.4248,3.4248,4.3227,1.3585,,,,,,1008,,0,,,,
lead,Agra,wind_speed,,3.0,,gem,model,3,mae,3.5958,3.5958,4.5403,-0.7744,,,,,,1008,,0,,,,
lead,Agra,wind_speed,,2.0,,gem,model,3,mae,3.633,3.633,4.6626,-0.9801,,,,,,1008,,0,,,,
lead,Agra,wind_speed,,1.0,,gem,model,3,mae,3.8133,3.8133,4.8138,-1.4885,,,,,,1008,,0,,,,
lead,Agra,wind_speed,,1.0,,gfs,model,4,mae,5.0534,5.0534,6.3018,-4.2675,,,,,,1008,,0,,,,
lead,Agra,wind_speed,,2.0,,gfs,model,4,mae,5.8585,5.8585,7.1298,-5.0431,,,,,,1008,,0,,,,
lead,Agra,wind_speed,,3.0,,gfs,model,4,mae,6.5012,6.5012,7.8901,-5.1651,,,,,,1008,,0,,,,
lead,Ahmedabad,wind_speed,,1.0,,icon,model,1,mae,2.118,2.118,2.7755,1.2144,,,,,,1008,,0,,,,
lead,Ahmedabad,wind_speed,,2.0,,icon,model,1,mae,2.1949,2.1949,2.8231,0.9668,,,,,,1008,,0,,,,
lead,Ahmedabad,wind_speed,,3.0,,icon,model,1,mae,2.1966,2.1966,2.8023,0.8861,,,,,,1008,,0,,,,
lead,Ahmedabad,wind_speed,,1.0,,ecmwf,model,2,mae,2.5397,2.5397,3.2851,-1.8754,,,,,,1008,,0,,,,
lead,Ahmedabad,wind_speed,,2.0,,ecmwf,model,2,mae,2.7637,2.7637,3.5751,-2.07,,,,,,1008,,0,,,,
lead,Ahmedabad,wind_speed,,3.0,,ecmwf,model,2,mae,3.1946,3.1946,4.1583,-2.3915,,,,,,1008,,0,,,,
lead,Ahmedabad,wind_speed,,3.0,,gem,model,3,mae,3.5463,3.5463,4.4648,-1.712,,,,,,1008,,0,,,,
lead,Ahmedabad,wind_speed,,2.0,,gem,model,3,mae,3.7107,3.7107,4.6854,-2.2853,,,,,,1008,,0,,,,
lead,Ahmedabad,wind_speed,,1.0,,gem,model,3,mae,3.7457,3.7457,4.707,-2.6225,,,,,,1008,,0,,,,
lead,Ahmedabad,wind_speed,,1.0,,gfs,model,4,mae,7.6731,7.6731,8.5068,-7.5348,,,,,,1008,,0,,,,
lead,Ahmedabad,wind_speed,,2.0,,gfs,model,4,mae,8.0077,8.0077,8.9093,-7.7194,,,,,,1008,,0,,,,
lead,Ahmedabad,wind_speed,,3.0,,gfs,model,4,mae,8.0664,8.0664,8.9362,-7.8596,,,,,,1008,,0,,,,
lead,Amritsar,wind_speed,,1.0,,ecmwf,model,1,mae,2.3849,2.3849,3.0397,0.3599,,,,,,1008,,0,,,,
lead,Amritsar,wind_speed,,2.0,,ecmwf,model,1,mae,2.4632,2.4632,3.1913,0.0118,,,,,,1008,,0,,,,
lead,Amritsar,wind_speed,,3.0,,ecmwf,model,1,mae,2.6358,2.6358,3.3568,0.3074,,,,,,1008,,0,,,,
lead,Amritsar,wind_speed,,1.0,,icon,model,2,mae,2.4786,2.4786,3.163,0.9752,,,,,,1008,,0,,,,
lead,Amritsar,wind_speed,,2.0,,icon,model,2,mae,2.6737,2.6737,3.349,0.5374,,,,,,1008,,0,,,,
lead,Amritsar,wind_speed,,3.0,,icon,model,2,mae,2.6799,2.6799,3.3939,0.4118,,,,,,1008,,0,,,,
lead,Amritsar,wind_speed,,2.0,,gem,model,3,mae,4.0294,4.0294,5.1784,-2.3641,,,,,,1008,,0,,,,
lead,Amritsar,wind_speed,,1.0,,gem,model,3,mae,4.0502,4.0502,5.0559,-2.3714,,,,,,1008,,0,,,,
lead,Amritsar,wind_speed,,3.0,,gem,model,3,mae,4.2083,4.2083,5.2543,-2.3339,,,,,,1008,,0,,,,
lead,Amritsar,wind_speed,,1.0,,gfs,model,4,mae,5.4815,5.4815,6.6243,-4.8236,,,,,,1008,,0,,,,
lead,Amritsar,wind_speed,,2.0,,gfs,model,4,mae,5.6761,5.6761,6.9643,-5.0898,,,,,,1008,,0,,,,
lead,Amritsar,wind_speed,,3.0,,gfs,model,4,mae,6.074,6.074,7.4375,-5.5641,,,,,,1008,,0,,,,
lead,Bengaluru,wind_speed,,1.0,,icon,model,1,mae,2.0796,2.0796,2.5506,1.2891,,,,,,1008,,0,,,,
lead,Bengaluru,wind_speed,,2.0,,icon,model,1,mae,2.1794,2.1794,2.6406,1.3065,,,,,,1008,,0,,,,
lead,Bengaluru,wind_speed,,3.0,,icon,model,1,mae,2.1826,2.1826,2.6611,1.2509,,,,,,1008,,0,,,,
lead,Bengaluru,wind_speed,,1.0,,ecmwf,model,2,mae,2.4669,2.4669,3.1199,-1.9069,,,,,,1008,,0,,,,
lead,Bengaluru,wind_speed,,2.0,,ecmwf,model,2,mae,2.7242,2.7242,3.4688,-2.245,,,,,,1008,,0,,,,
lead,Bengaluru,wind_speed,,3.0,,ecmwf,model,2,mae,2.9755,2.9755,3.7346,-2.4894,,,,,,1008,,0,,,,
lead,Bengaluru,wind_speed,,1.0,,gem,model,3,mae,4.8098,4.8098,5.9067,-4.3301,,,,,,1008,,0,,,,
lead,Bengaluru,wind_speed,,3.0,,gem,model,3,mae,4.8967,4.8967,5.9821,-4.4352,,,,,,1008,,0,,,,
lead,Bengaluru,wind_speed,,2.0,,gem,model,3,mae,4.9689,4.9689,6.096,-4.582,,,,,,1008,,0,,,,
lead,Bengaluru,wind_speed,,3.0,,gfs,model,4,mae,7.3312,7.3312,7.9636,-7.2874,,,,,,1008,,0,,,,
lead,Bengaluru,wind_speed,,1.0,,gfs,model,4,mae,7.5125,7.5125,8.0414,-7.5028,,,,,,1008,,0,,,,
lead,Bengaluru,wind_speed,,2.0,,gfs,model,4,mae,7.5348,7.5348,8.1119,-7.4926,,,,,,1008,,0,,,,
lead,Bhopal,wind_speed,,1.0,,ecmwf,model,1,mae,2.1627,2.1627,2.8748,0.2026,,,,,,1008,,0,,,,
lead,Bhopal,wind_speed,,2.0,,ecmwf,model,1,mae,2.2,2.2,2.846,-0.4651,,,,,,1008,,0,,,,
lead,Bhopal,wind_speed,,3.0,,ecmwf,model,1,mae,2.5743,2.5743,3.3716,-1.0634,,,,,,1008,,0,,,,
lead,Bhopal,wind_speed,,2.0,,icon,model,2,mae,2.3716,2.3716,3.0174,0.9933,,,,,,1008,,0,,,,
lead,Bhopal,wind_speed,,1.0,,icon,model,2,mae,2.4315,2.4315,3.0237,1.4448,,,,,,1008,,0,,,,
lead,Bhopal,wind_speed,,3.0,,icon,model,2,mae,2.6048,2.6048,3.3522,0.878,,,,,,1008,,0,,,,
lead,Bhopal,wind_speed,,1.0,,gem,model,3,mae,3.9534,3.9534,4.786,-2.7694,,,,,,1008,,0,,,,
lead,Bhopal,wind_speed,,2.0,,gem,model,3,mae,4.2741,4.2741,5.2049,-2.5543,,,,,,1008,,0,,,,
lead,Bhopal,wind_speed,,3.0,,gem,model,3,mae,4.2875,4.2875,5.2476,-2.4605,,,,,,1008,,0,,,,
lead,Bhopal,wind_speed,,3.0,,gfs,model,4,mae,5.2917,5.2917,6.3718,-4.6839,,,,,,1008,,0,,,,
lead,Bhopal,wind_speed,,1.0,,gfs,model,4,mae,5.5675,5.5675,6.5806,-5.1829,,,,,,1008,,0,,,,
lead,Bhopal,wind_speed,,2.0,,gfs,model,4,mae,5.58,5.58,6.592,-4.9905,,,,,,1008,,0,,,,
lead,Bhubaneswar,wind_speed,,1.0,,ecmwf,model,1,mae,2.7314,2.7314,3.513,0.5334,,,,,,1008,,0,,,,
lead,Bhubaneswar,wind_speed,,2.0,,ecmwf,model,1,mae,3.2295,3.2295,4.1071,1.0122,,,,,,1008,,0,,,,
lead,Bhubaneswar,wind_speed,,3.0,,ecmwf,model,1,mae,3.8016,3.8016,4.9387,1.5046,,,,,,1008,,0,,,,
lead,Bhubaneswar,wind_speed,,1.0,,gem,model,2,mae,3.8541,3.8541,4.8838,-0.9199,,,,,,1008,,0,,,,
lead,Bhubaneswar,wind_speed,,3.0,,gem,model,2,mae,4.2294,4.2294,5.4345,-0.9016,,,,,,1008,,0,,,,
lead,Bhubaneswar,wind_speed,,2.0,,gfs,model,2,mae,4.4113,4.4113,5.5489,-2.2452,,,,,,1008,,0,,,,
lead,Bhubaneswar,wind_speed,,1.0,,gfs,model,3,mae,3.8832,3.8832,4.8409,-1.5485,,,,,,1008,,0,,,,
lead,Bhubaneswar,wind_speed,,3.0,,gfs,model,3,mae,4.3587,4.3587,5.478,-1.6907,,,,,,1008,,0,,,,
lead,Bhubaneswar,wind_speed,,2.0,,gem,model,3,mae,4.4588,4.4588,5.7298,-0.9434,,,,,,1008,,0,,,,
lead,Bhubaneswar,wind_speed,,1.0,,icon,model,4,mae,4.8251,4.8251,5.7277,4.4312,,,,,,1008,,0,,,,
lead,Bhubaneswar,wind_speed,,2.0,,icon,model,4,mae,4.9572,4.9572,5.9482,4.5239,,,,,,1008,,0,,,,
lead,Bhubaneswar,wind_speed,,3.0,,icon,model,4,mae,5.0776,5.0776,6.1893,4.4669,,,,,,1008,,0,,,,
lead,Chandigarh,wind_speed,,1.0,,ecmwf,model,1,mae,2.9091,2.9091,3.6805,-0.0101,,,,,,1008,,0,,,,
lead,Chandigarh,wind_speed,,2.0,,ecmwf,model,1,mae,3.1878,3.1878,4.0747,-0.2973,,,,,,1008,,0,,,,
lead,Chandigarh,wind_speed,,3.0,,ecmwf,model,1,mae,3.3974,3.3974,4.3147,-0.144,,,,,,1008,,0,,,,
lead,Chandigarh,wind_speed,,1.0,,icon,model,2,mae,3.3129,3.3129,4.1316,1.8085,,,,,,1008,,0,,,,
lead,Chandigarh,wind_speed,,2.0,,icon,model,2,mae,3.368,3.368,4.2702,1.683,,,,,,1008,,0,,,,
lead,Chandigarh,wind_speed,,3.0,,icon,model,2,mae,3.4178,3.4178,4.3782,1.7509,,,,,,1008,,0,,,,
lead,Chandigarh,wind_speed,,1.0,,gem,model,3,mae,3.8931,3.8931,4.9498,-1.5554,,,,,,1008,,0,,,,
lead,Chandigarh,wind_speed,,2.0,,gem,model,3,mae,4.1067,4.1067,5.2629,-1.8667,,,,,,1008,,0,,,,
lead,Chandigarh,wind_speed,,3.0,,gem,model,3,mae,4.5045,4.5045,5.7391,-2.0412,,,,,,1008,,0,,,,
lead,Chandigarh,wind_speed,,1.0,,gfs,model,4,mae,4.6829,4.6829,5.9392,-3.3395,,,,,,1008,,0,,,,
lead,Chandigarh,wind_speed,,2.0,,gfs,model,4,mae,5.3721,5.3721,7.0196,-3.866,,,,,,1008,,0,,,,
lead,Chandigarh,wind_speed,,3.0,,gfs,model,4,mae,5.74,5.74,7.4952,-4.0707,,,,,,1008,,0,,,,
lead,Chennai,wind_speed,,1.0,,ecmwf,model,1,mae,3.2298,3.2298,4.2072,-1.0216,,,,,,1008,,0,,,,
lead,Chennai,wind_speed,,2.0,,ecmwf,model,1,mae,3.3479,3.3479,4.3316,-1.6051,,,,,,1008,,0,,,,
lead,Chennai,wind_speed,,3.0,,ecmwf,model,1,mae,3.5703,3.5703,4.5899,-1.6088,,,,,,1008,,0,,,,
lead,Chennai,wind_speed,,1.0,,icon,model,2,mae,3.9947,3.9947,4.9139,3.1059,,,,,,1008,,0,,,,
lead,Chennai,wind_speed,,2.0,,icon,model,2,mae,4.1057,4.1057,5.0692,3.1438,,,,,,1008,,0,,,,
lead,Chennai,wind_speed,,3.0,,icon,model,2,mae,4.1701,4.1701,5.1124,3.1995,,,,,,1008,,0,,,,
lead,Chennai,wind_speed,,1.0,,gem,model,3,mae,5.5653,5.5653,6.8822,-4.1288,,,,,,1008,,0,,,,
lead,Chennai,wind_speed,,2.0,,gem,model,3,mae,6.1104,6.1104,7.5069,-4.4848,,,,,,1008,,0,,,,
lead,Chennai,wind_speed,,3.0,,gem,model,3,mae,6.1602,6.1602,7.6038,-4.6249,,,,,,1008,,0,,,,
lead,Chennai,wind_speed,,3.0,,gfs,model,4,mae,7.3938,7.3938,8.7071,-6.7726,,,,,,1008,,0,,,,
lead,Chennai,wind_speed,,2.0,,gfs,model,4,mae,7.6475,7.6475,8.9868,-7.1854,,,,,,1008,,0,,,,
lead,Chennai,wind_speed,,1.0,,gfs,model,4,mae,7.9706,7.9706,9.1489,-7.4032,,,,,,1008,,0,,,,
lead,Coimbatore,wind_speed,,1.0,,ecmwf,model,1,mae,1.7224,1.7224,2.2067,-1.0133,,,,,,1008,,0,,,,
lead,Coimbatore,wind_speed,,2.0,,ecmwf,model,1,mae,1.9512,1.9512,2.5237,-1.0446,,,,,,1008,,0,,,,
lead,Coimbatore,wind_speed,,3.0,,ecmwf,model,1,mae,2.1031,2.1031,2.6745,-1.2574,,,,,,1008,,0,,,,
lead,Coimbatore,wind_speed,,1.0,,icon,model,2,mae,2.8539,2.8539,3.4285,0.3832,,,,,,1008,,0,,,,
lead,Coimbatore,wind_speed,,2.0,,icon,model,2,mae,3.0071,3.0071,3.6226,0.456,,,,,,1008,,0,,,,
lead,Coimbatore,wind_speed,,3.0,,icon,model,2,mae,3.1245,3.1245,3.7363,0.5303,,,,,,1008,,0,,,,
lead,Coimbatore,wind_speed,,3.0,,gfs,model,3,mae,3.3996,3.3996,4.013,-2.6448,,,,,,1008,,0,,,,
lead,Coimbatore,wind_speed,,1.0,,gfs,model,3,mae,3.5526,3.5526,4.1917,-3.1254,,,,,,1008,,0,,,,
lead,Coimbatore,wind_speed,,2.0,,gfs,model,3,mae,3.6391,3.6391,4.2781,-3.1724,,,,,,1008,,0,,,,
lead,Coimbatore,wind_speed,,1.0,,gem,model,4,mae,7.8406,7.8406,8.3436,-7.8314,,,,,,1008,,0,,,,
lead,Coimbatore,wind_speed,,3.0,,gem,model,4,mae,8.275,8.275,8.8262,-8.2585,,,,,,1008,,0,,,,
lead,Coimbatore,wind_speed,,2.0,,gem,model,4,mae,8.315,8.315,8.8116,-8.3112,,,,,,1008,,0,,,,
lead,Dehradun,wind_speed,,1.0,,icon,model,1,mae,1.881,1.881,2.417,0.1988,,,,,,1008,,0,,,,
lead,Dehradun,wind_speed,,3.0,,icon,model,1,mae,1.8902,1.8902,2.4626,0.4225,,,,,,1008,,0,,,,
lead,Dehradun,wind_speed,,2.0,,icon,model,1,mae,1.9117,1.9117,2.5035,0.479,,,,,,1008,,0,,,,
lead,Dehradun,wind_speed,,1.0,,ecmwf,model,2,mae,1.897,1.897,2.4577,0.7817,,,,,,1008,,0,,,,
lead,Dehradun,wind_speed,,3.0,,ecmwf,model,2,mae,1.9162,1.9162,2.4607,0.7209,,,,,,1008,,0,,,,
lead,Dehradun,wind_speed,,2.0,,ecmwf,model,2,mae,1.9514,1.9514,2.5227,0.7038,,,,,,1008,,0,,,,
lead,Dehradun,wind_speed,,3.0,,gem,model,3,mae,2.1076,2.1076,2.6375,-0.4172,,,,,,1008,,0,,,,
lead,Dehradun,wind_speed,,1.0,,gem,model,3,mae,2.2584,2.2584,2.8251,-0.4245,,,,,,1008,,0,,,,
lead,Dehradun,wind_speed,,2.0,,gem,model,3,mae,2.2723,2.2723,2.8591,-0.2279,,,,,,1008,,0,,,,
lead,Dehradun,wind_speed,,3.0,,gfs,model,4,mae,2.6422,2.6422,3.2,-1.3973,,,,,,1008,,0,,,,
lead,Dehradun,wind_speed,,2.0,,gfs,model,4,mae,2.694,2.694,3.2469,-1.6381,,,,,,1008,,0,,,,
lead,Dehradun,wind_speed,,1.0,,gfs,model,4,mae,2.7593,2.7593,3.2821,-1.573,,,,,,1008,,0,,,,
lead,Delhi,wind_speed,,1.0,,ecmwf,model,1,mae,2.2437,2.2437,2.8553,0.4147,,,,,,1008,,0,,,,
lead,Delhi,wind_speed,,2.0,,ecmwf,model,1,mae,2.3812,2.3812,3.0162,0.3452,,,,,,1008,,0,,,,
lead,Delhi,wind_speed,,3.0,,ecmwf,model,1,mae,2.5801,2.5801,3.2709,0.559,,,,,,1008,,0,,,,
lead,Delhi,wind_speed,,1.0,,icon,model,2,mae,2.323,2.323,2.9792,0.7657,,,,,,1008,,0,,,,
lead,Delhi,wind_speed,,2.0,,icon,model,2,mae,2.5406,2.5406,3.1858,0.0614,,,,,,1008,,0,,,,
lead,Delhi,wind_speed,,3.0,,icon,model,2,mae,2.7646,2.7646,3.467,-0.0818,,,,,,1008,,0,,,,
lead,Delhi,wind_speed,,1.0,,gem,model,3,mae,3.4318,3.4318,4.4017,-1.7642,,,,,,1008,,0,,,,
lead,Delhi,wind_speed,,2.0,,gem,model,3,mae,3.5199,3.5199,4.4524,-1.7426,,,,,,1008,,0,,,,
lead,Delhi,wind_speed,,3.0,,gem,model,3,mae,3.666,3.666,4.5988,-1.4434,,,,,,1008,,0,,,,
lead,Delhi,wind_speed,,1.0,,gfs,model,4,mae,5.7145,5.7145,6.7698,-5.2903,,,,,,1008,,0,,,,
lead,Delhi,wind_speed,,2.0,,gfs,model,4,mae,5.8056,5.8056,6.9182,-5.221,,,,,,1008,,0,,,,
lead,Delhi,wind_speed,,3.0,,gfs,model,4,mae,6.0159,6.0159,7.236,-5.4329,,,,,,1008,,0,,,,
lead,Ghaziabad,wind_speed,,1.0,,ecmwf,model,1,mae,2.5057,2.5057,3.2533,0.6854,,,,,,1008,,0,,,,
lead,Ghaziabad,wind_speed,,2.0,,ecmwf,model,1,mae,2.7888,2.7888,3.576,0.6374,,,,,,1008,,0,,,,
lead,Ghaziabad,wind_speed,,3.0,,ecmwf,model,1,mae,2.9539,2.9539,3.7884,0.7959,,,,,,1008,,0,,,,
lead,Ghaziabad,wind_speed,,1.0,,icon,model,2,mae,2.7924,2.7924,3.5582,1.1477,,,,,,1008,,0,,,,
lead,Ghaziabad,wind_speed,,2.0,,icon,model,2,mae,2.8093,2.8093,3.5512,0.2125,,,,,,1008,,0,,,,
lead,Ghaziabad,wind_speed,,3.0,,icon,model,2,mae,2.9946,2.9946,3.8237,0.0419,,,,,,1008,,0,,,,
lead,Ghaziabad,wind_speed,,2.0,,gem,model,3,mae,4.1156,4.1156,5.2032,-2.1142,,,,,,1008,,0,,,,
lead,Ghaziabad,wind_speed,,1.0,,gem,model,3,mae,4.117,4.117,5.2384,-2.2713,,,,,,1008,,0,,,,
lead,Ghaziabad,wind_speed,,3.0,,gem,model,3,mae,4.2729,4.2729,5.4124,-1.6763,,,,,,1008,,0,,,,
lead,Ghaziabad,wind_speed,,1.0,,gfs,model,4,mae,4.2208,4.2208,5.3216,-3.0827,,,,,,1008,,0,,,,
lead,Ghaziabad,wind_speed,,2.0,,gfs,model,4,mae,4.2622,4.2622,5.3748,-2.9642,,,,,,1008,,0,,,,
lead,Ghaziabad,wind_speed,,3.0,,gfs,model,4,mae,4.4995,4.4995,5.7591,-3.2983,,,,,,1008,,0,,,,
lead,Goa,wind_speed,,2.0,,icon,model,1,mae,3.4387,3.4387,4.388,-1.3087,,,,,,1008,,0,,,,
lead,Goa,wind_speed,,3.0,,icon,model,1,mae,3.5307,3.5307,4.5253,-1.5537,,,,,,1008,,0,,,,
lead,Goa,wind_speed,,1.0,,icon,model,1,mae,3.6278,3.6278,4.64,-1.6448,,,,,,1008,,0,,,,
lead,Goa,wind_speed,,2.0,,gem,model,2,mae,3.6205,3.6205,4.6139,-2.3713,,,,,,1008,,0,,,,
lead,Goa,wind_speed,,3.0,,gem,model,2,mae,3.625,3.625,4.4969,-2.2351,,,,,,1008,,0,,,,
lead,Goa,wind_speed,,1.0,,gem,model,2,mae,3.8503,3.8503,4.8098,-2.7176,,,,,,1008,,0,,,,
lead,Goa,wind_speed,,1.0,,ecmwf,model,3,mae,4.3344,4.3344,5.5632,-2.8221,,,,,,1008,,0,,,,
lead,Goa,wind_speed,,2.0,,ecmwf,model,3,mae,4.364,4.364,5.6466,-2.7243,,,,,,1008,,0,,,,
lead,Goa,wind_speed,,3.0,,gfs,model,3,mae,4.398,4.398,5.5927,-3.6756,,,,,,1008,,0,,,,
lead,Goa,wind_speed,,1.0,,gfs,model,4,mae,4.4906,4.4906,5.6912,-3.7263,,,,,,1008,,0,,,,
lead,Goa,wind_speed,,2.0,,gfs,model,4,mae,4.6606,4.6606,5.9214,-3.9039,,,,,,1008,,0,,,,
lead,Goa,wind_speed,,3.0,,ecmwf,model,4,mae,4.8944,4.8944,6.3387,-3.4421,,,,,,1008,,0,,,,
lead,Guwahati,wind_speed,,2.0,,icon,model,1,mae,2.1551,2.1551,2.7672,1.0737,,,,,,1008,,0,,,,
lead,Guwahati,wind_speed,,1.0,,icon,model,1,mae,2.241,2.241,2.8927,1.1092,,,,,,1008,,0,,,,
lead,Guwahati,wind_speed,,3.0,,icon,model,1,mae,2.3872,2.3872,3.1123,1.1989,,,,,,1008,,0,,,,
lead,Guwahati,wind_speed,,1.0,,ecmwf,model,2,mae,2.3459,2.3459,2.9947,-0.3888,,,,,,1008,,0,,,,
lead,Guwahati,wind_speed,,2.0,,gfs,model,2,mae,2.4194,2.4194,3.147,-0.0516,,,,,,1008,,0,,,,
lead,Guwahati,wind_speed,,3.0,,gem,model,2,mae,2.5161,2.5161,3.2086,0.2375,,,,,,1008,,0,,,,
lead,Guwahati,wind_speed,,1.0,,gfs,model,3,mae,2.3631,2.3631,3.0381,-0.0589,,,,,,1008,,0,,,,
lead,Guwahati,wind_speed,,2.0,,gem,model,3,mae,2.4621,2.4621,3.2316,0.1758,,,,,,1008,,0,,,,
lead,Guwahati,wind_speed,,3.0,,gfs,model,3,mae,2.5416,2.5416,3.2356,-0.1521,,,,,,1008,,0,,,,
lead,Guwahati,wind_speed,,1.0,,gem,model,4,mae,2.4346,2.4346,3.2244,-0.016,,,,,,1008,,0,,,,
lead,Guwahati,wind_speed,,2.0,,ecmwf,model,4,mae,2.5304,2.5304,3.2999,-0.2167,,,,,,1008,,0,,,,
lead,Guwahati,wind_speed,,3.0,,ecmwf,model,4,mae,2.5866,2.5866,3.2482,-0.0725,,,,,,1008,,0,,,,
lead,Hyderabad,wind_speed,,1.0,,icon,model,1,mae,2.3982,2.3982,3.0158,1.8371,,,,,,1008,,0,,,,
lead,Hyderabad,wind_speed,,2.0,,icon,model,1,mae,2.4872,2.4872,3.174,1.8255,,,,,,1008,,0,,,,
lead,Hyderabad,wind_speed,,3.0,,icon,model,1,mae,2.5803,2.5803,3.2633,1.7602,,,,,,1008,,0,,,,
lead,Hyderabad,wind_speed,,1.0,,ecmwf,model,2,mae,2.9053,2.9053,3.4656,-2.5682,,,,,,1008,,0,,,,
lead,Hyderabad,wind_speed,,2.0,,ecmwf,model,2,mae,3.1712,3.1712,3.7947,-2.7506,,,,,,1008,,0,,,,
lead,Hyderabad,wind_speed,,3.0,,ecmwf,model,2,mae,3.5405,3.5405,4.2177,-3.2272,,,,,,1008,,0,,,,
lead,Hyderabad,wind_speed,,3.0,,gem,model,3,mae,6.2151,6.2151,7.1462,-5.6567,,,,,,1008,,0,,,,
lead,Hyderabad,wind_speed,,2.0,,gem,model,3,mae,6.4678,6.4678,7.4775,-5.9598,,,,,,1008,,0,,,,
lead,Hyderabad,wind_speed,,1.0,,gem,model,3,mae,6.5902,6.5902,7.5278,-6.1646,,,,,,1008,,0,,,,
lead,Hyderabad,wind_speed,,3.0,,gfs,model,4,mae,7.7452,7.7452,8.5987,-7.5194,,,,,,1008,,0,,,,
lead,Hyderabad,wind_speed,,2.0,,gfs,model,4,mae,8.0448,8.0448,8.8492,-7.845,,,,,,1008,,0,,,,
lead,Hyderabad,wind_speed,,1.0,,gfs,model,4,mae,8.2979,8.2979,9.059,-8.187,,,,,,1008,,0,,,,
lead,IN,wind_speed,,1.0,,ecmwf,model,1,mae,2.550242,2.550242,3.346589,-0.416244,,,,,,45360,,0,2.392831,2.734102,1,1
lead,IN,wind_speed,,2.0,,ecmwf,model,1,mae,2.843344,2.843344,3.708242,-0.631098,,,,,,45360,,0,2.657157,3.060935,1,2
lead,IN,wind_speed,,3.0,,icon,model,1,mae,3.150664,3.150664,4.053914,1.339444,,,,,,45360,,0,2.930039,3.377569,1,2
lead,IN,wind_speed,,1.0,,icon,model,2,mae,2.870493,2.870493,3.692317,1.479858,,,,,,45360,,0,2.643719,3.139929,2,2
lead,IN,wind_speed,,2.0,,icon,model,2,mae,2.990971,2.990971,3.852797,1.322607,,,,,,45360,,0,2.764015,3.258298,1,2
lead,IN,wind_speed,,3.0,,ecmwf,model,2,mae,3.153702,3.153702,4.087002,-0.719722,,,,,,45360,,0,2.939554,3.417152,1,2
lead,IN,wind_speed,,1.0,,gem,model,3,mae,4.056796,4.056796,5.20674,-2.115824,,,,,,45360,,0,3.698227,4.485314,3,3
lead,IN,wind_speed,,2.0,,gem,model,3,mae,4.147602,4.147602,5.342919,-1.967747,,,,,,45360,,0,3.730946,4.599875,3,3
lead,IN,wind_speed,,3.0,,gem,model,3,mae,4.274487,4.274487,5.481266,-1.88788,,,,,,45360,,0,3.886126,4.732922,3,3
lead,IN,wind_speed,,1.0,,gfs,model,4,mae,5.638658,5.638658,6.995463,-4.718836,,,,,,45360,,0,4.990716,6.323547,4,4
lead,IN,wind_speed,,3.0,,gfs,model,4,mae,5.735522,5.735522,7.220689,-4.521829,,,,,,45360,,0,5.148742,6.489865,4,4
lead,IN,wind_speed,,2.0,,gfs,model,4,mae,5.825398,5.825398,7.260082,-4.782756,,,,,,45360,,0,5.128214,6.529341,4,4
lead,Imphal,wind_speed,,1.0,,ecmwf,model,1,mae,1.7807,1.7807,2.2573,0.3856,,,,,,1008,,0,,,,
lead,Imphal,wind_speed,,2.0,,ecmwf,model,1,mae,1.8411,1.8411,2.4136,0.556,,,,,,1008,,0,,,,
lead,Imphal,wind_speed,,3.0,,icon,model,1,mae,1.9539,1.9539,2.5005,0.0775,,,,,,1008,,0,,,,
lead,Imphal,wind_speed,,1.0,,icon,model,2,mae,1.8854,1.8854,2.4349,-0.0721,,,,,,1008,,0,,,,
lead,Imphal,wind_speed,,2.0,,icon,model,2,mae,1.9599,1.9599,2.5171,0.1456,,,,,,1008,,0,,,,
lead,Imphal,wind_speed,,3.0,,ecmwf,model,2,mae,2.0706,2.0706,2.6709,0.5069,,,,,,1008,,0,,,,
lead,Imphal,wind_speed,,1.0,,gfs,model,3,mae,1.9065,1.9065,2.4471,0.9343,,,,,,1008,,0,,,,
lead,Imphal,wind_speed,,2.0,,gfs,model,3,mae,2.1084,2.1084,2.7568,1.1257,,,,,,1008,,0,,,,
lead,Imphal,wind_speed,,3.0,,gfs,model,3,mae,2.1273,2.1273,2.7833,1.2602,,,,,,1008,,0,,,,
lead,Imphal,wind_speed,,1.0,,gem,model,4,mae,2.1986,2.1986,2.8593,-0.3058,,,,,,1008,,0,,,,
lead,Imphal,wind_speed,,2.0,,gem,model,4,mae,2.2335,2.2335,2.8689,-0.5575,,,,,,1008,,0,,,,
lead,Imphal,wind_speed,,3.0,,gem,model,4,mae,2.3803,2.3803,3.0753,-0.4215,,,,,,1008,,0,,,,
lead,Indore,wind_speed,,1.0,,icon,model,1,mae,2.5822,2.5822,3.1334,1.9787,,,,,,1008,,0,,,,
lead,Indore,wind_speed,,2.0,,icon,model,1,mae,2.6487,2.6487,3.2811,1.6322,,,,,,1008,,0,,,,
lead,Indore,wind_speed,,3.0,,icon,model,1,mae,2.7078,2.7078,3.4232,1.6824,,,,,,1008,,0,,,,
lead,Indore,wind_speed,,1.0,,ecmwf,model,2,mae,2.5843,2.5843,3.3552,-1.8663,,,,,,1008,,0,,,,
lead,Indore,wind_speed,,2.0,,ecmwf,model,2,mae,3.2573,3.2573,3.9742,-2.7206,,,,,,1008,,0,,,,
lead,Indore,wind_speed,,3.0,,ecmwf,model,2,mae,4.0251,4.0251,4.8743,-3.5809,,,,,,1008,,0,,,,
lead,Indore,wind_speed,,1.0,,gem,model,3,mae,4.1392,4.1392,4.9745,-3.3834,,,,,,1008,,0,,,,
lead,Indore,wind_speed,,3.0,,gem,model,3,mae,4.3933,4.3933,5.2866,-3.4105,,,,,,1008,,0,,,,
lead,Indore,wind_speed,,2.0,,gem,model,3,mae,4.5178,4.5178,5.315,-3.7078,,,,,,1008,,0,,,,
lead,Indore,wind_speed,,2.0,,gfs,model,4,mae,7.1447,7.1447,8.1762,-6.7997,,,,,,1008,,0,,,,
lead,Indore,wind_speed,,3.0,,gfs,model,4,mae,7.1477,7.1477,8.2008,-6.9164,,,,,,1008,,0,,,,
lead,Indore,wind_speed,,1.0,,gfs,model,4,mae,7.5835,7.5835,8.4389,-7.4504,,,,,,1008,,0,,,,
lead,Jabalpur,wind_speed,,1.0,,ecmwf,model,1,mae,2.2688,2.2688,2.9265,0.5464,,,,,,1008,,0,,,,
lead,Jabalpur,wind_speed,,2.0,,ecmwf,model,1,mae,2.8345,2.8345,3.6577,-0.37,,,,,,1008,,0,,,,
lead,Jabalpur,wind_speed,,3.0,,ecmwf,model,1,mae,2.9683,2.9683,3.8319,-0.373,,,,,,1008,,0,,,,
lead,Jabalpur,wind_speed,,1.0,,icon,model,2,mae,2.9083,2.9083,3.5216,1.97,,,,,,1008,,0,,,,
lead,Jabalpur,wind_speed,,2.0,,icon,model,2,mae,2.9305,2.9305,3.6047,1.6557,,,,,,1008,,0,,,,
lead,Jabalpur,wind_speed,,3.0,,icon,model,2,mae,3.3699,3.3699,4.1848,1.8888,,,,,,1008,,0,,,,
lead,Jabalpur,wind_speed,,1.0,,gem,model,3,mae,3.7133,3.7133,4.7079,-2.1821,,,,,,1008,,0,,,,
lead,Jabalpur,wind_speed,,2.0,,gem,model,3,mae,4.0772,4.0772,5.0784,-2.0317,,,,,,1008,,0,,,,
lead,Jabalpur,wind_speed,,3.0,,gem,model,3,mae,4.51,4.51,5.539,-1.8491,,,,,,1008,,0,,,,
lead,Jabalpur,wind_speed,,3.0,,gfs,model,4,mae,5.0811,5.0811,6.2957,-4.287,,,,,,1008,,0,,,,
lead,Jabalpur,wind_speed,,1.0,,gfs,model,4,mae,5.4413,5.4413,6.4967,-5.08,,,,,,1008,,0,,,,
lead,Jabalpur,wind_speed,,2.0,,gfs,model,4,mae,5.8437,5.8437,7.0929,-5.4153,,,,,,1008,,0,,,,
lead,Jaipur,wind_speed,,1.0,,ecmwf,model,1,mae,2.2377,2.2377,2.9566,-0.5438,,,,,,1008,,0,,,,
lead,Jaipur,wind_speed,,2.0,,ecmwf,model,1,mae,2.4524,2.4524,3.0966,-0.9641,,,,,,1008,,0,,,,
lead,Jaipur,wind_speed,,3.0,,ecmwf,model,1,mae,2.653,2.653,3.3402,-1.1155,,,,,,1008,,0,,,,
lead,Jaipur,wind_speed,,1.0,,icon,model,2,mae,2.3938,2.3938,3.026,0.8,,,,,,1008,,0,,,,
lead,Jaipur,wind_speed,,2.0,,icon,model,2,mae,2.5705,2.5705,3.2278,0.7872,,,,,,1008,,0,,,,
lead,Jaipur,wind_speed,,3.0,,icon,model,2,mae,2.7948,2.7948,3.4421,0.6613,,,,,,1008,,0,,,,
lead,Jaipur,wind_speed,,1.0,,gem,model,3,mae,3.5397,3.5397,4.4245,-1.7883,,,,,,1008,,0,,,,
lead,Jaipur,wind_speed,,3.0,,gem,model,3,mae,3.604,3.604,4.5525,-1.2516,,,,,,1008,,0,,,,
lead,Jaipur,wind_speed,,2.0,,gem,model,3,mae,3.6362,3.6362,4.5777,-1.4132,,,,,,1008,,0,,,,
lead,Jaipur,wind_speed,,1.0,,gfs,model,4,mae,7.7729,7.7729,8.9557,-7.5267,,,,,,1008,,0,,,,
lead,Jaipur,wind_speed,,2.0,,gfs,model,4,mae,8.5617,8.5617,9.8819,-8.3153,,,,,,1008,,0,,,,
lead,Jaipur,wind_speed,,3.0,,gfs,model,4,mae,8.77,8.77,10.2011,-8.3464,,,,,,1008,,0,,,,
lead,Jodhpur,wind_speed,,1.0,,ecmwf,model,1,mae,1.9312,1.9312,2.6136,-0.3484,,,,,,1008,,0,,,,
lead,Jodhpur,wind_speed,,2.0,,ecmwf,model,1,mae,2.299,2.299,3.0412,-0.7359,,,,,,1008,,0,,,,
lead,Jodhpur,wind_speed,,3.0,,ecmwf,model,1,mae,2.7433,2.7433,3.5858,-0.9677,,,,,,1008,,0,,,,
lead,Jodhpur,wind_speed,,1.0,,icon,model,2,mae,2.2951,2.2951,2.911,1.0386,,,,,,1008,,0,,,,
lead,Jodhpur,wind_speed,,2.0,,icon,model,2,mae,2.5918,2.5918,3.3015,0.9745,,,,,,1008,,0,,,,
lead,Jodhpur,wind_speed,,3.0,,icon,model,2,mae,2.8885,2.8885,3.6241,0.9597,,,,,,1008,,0,,,,
lead,Jodhpur,wind_speed,,1.0,,gem,model,3,mae,4.2824,4.2824,5.1238,-3.3971,,,,,,1008,,0,,,,
lead,Jodhpur,wind_speed,,2.0,,gem,model,3,mae,4.3096,4.3096,5.23,-3.1715,,,,,,1008,,0,,,,
lead,Jodhpur,wind_speed,,3.0,,gem,model,3,mae,4.7689,4.7689,5.6646,-3.2943,,,,,,1008,,0,,,,
lead,Jodhpur,wind_speed,,1.0,,gfs,model,4,mae,11.355,11.355,12.1742,-11.2954,,,,,,1008,,0,,,,
lead,Jodhpur,wind_speed,,2.0,,gfs,model,4,mae,12.0936,12.0936,12.8879,-12.0531,,,,,,1008,,0,,,,
lead,Jodhpur,wind_speed,,3.0,,gfs,model,4,mae,12.2327,12.2327,13.0791,-11.998,,,,,,1008,,0,,,,
lead,Kanpur,wind_speed,,2.0,,ecmwf,model,1,mae,2.2994,2.2994,2.9156,0.4381,,,,,,1008,,0,,,,
lead,Kanpur,wind_speed,,1.0,,ecmwf,model,1,mae,2.4777,2.4777,3.1766,0.1896,,,,,,1008,,0,,,,
lead,Kanpur,wind_speed,,3.0,,ecmwf,model,1,mae,2.7269,2.7269,3.4709,0.513,,,,,,1008,,0,,,,
lead,Kanpur,wind_speed,,1.0,,icon,model,2,mae,2.5092,2.5092,3.1157,0.7781,,,,,,1008,,0,,,,
lead,Kanpur,wind_speed,,2.0,,icon,model,2,mae,2.6603,2.6603,3.4279,0.1147,,,,,,1008,,0,,,,
lead,Kanpur,wind_speed,,3.0,,icon,model,2,mae,2.8968,2.8968,3.6036,0.5181,,,,,,1008,,0,,,,
lead,Kanpur,wind_speed,,2.0,,gem,model,3,mae,3.4137,3.4137,4.3623,-1.7456,,,,,,1008,,0,,,,
lead,Kanpur,wind_speed,,3.0,,gem,model,3,mae,3.8503,3.8503,4.9225,-1.7614,,,,,,1008,,0,,,,
lead,Kanpur,wind_speed,,1.0,,gem,model,3,mae,3.8896,3.8896,4.8834,-2.2053,,,,,,1008,,0,,,,
lead,Kanpur,wind_speed,,1.0,,gfs,model,4,mae,4.9073,4.9073,6.013,-4.0062,,,,,,1008,,0,,,,
lead,Kanpur,wind_speed,,2.0,,gfs,model,4,mae,5.7816,5.7816,7.1125,-4.7193,,,,,,1008,,0,,,,
lead,Kanpur,wind_speed,,3.0,,gfs,model,4,mae,6.094,6.094,7.4261,-5.2736,,,,,,1008,,0,,,,
lead,Kochi,wind_speed,,1.0,,icon,model,1,mae,2.9353,2.9353,3.9082,0.5619,,,,,,1008,,0,,,,
lead,Kochi,wind_speed,,2.0,,icon,model,1,mae,3.0447,3.0447,3.9944,0.7322,,,,,,1008,,0,,,,
lead,Kochi,wind_speed,,3.0,,icon,model,1,mae,3.1062,3.1062,4.072,0.4352,,,,,,1008,,0,,,,
lead,Kochi,wind_speed,,1.0,,gfs,model,2,mae,3.1156,3.1156,4.1552,-0.8342,,,,,,1008,,0,,,,
lead,Kochi,wind_speed,,2.0,,gfs,model,2,mae,3.2531,3.2531,4.2012,-0.7719,,,,,,1008,,0,,,,
lead,Kochi,wind_speed,,3.0,,gfs,model,2,mae,3.2959,3.2959,4.2845,-0.7362,,,,,,1008,,0,,,,
lead,Kochi,wind_speed,,3.0,,gem,model,3,mae,3.4788,3.4788,4.4912,0.0444,,,,,,1008,,0,,,,
lead,Kochi,wind_speed,,1.0,,gem,model,3,mae,3.5289,3.5289,4.5069,-1.164,,,,,,1008,,0,,,,
lead,Kochi,wind_speed,,2.0,,gem,model,3,mae,3.557,3.557,4.6437,-0.4203,,,,,,1008,,0,,,,
lead,Kochi,wind_speed,,3.0,,ecmwf,model,4,mae,3.8147,3.8147,4.8973,-0.8589,,,,,,1008,,0,,,,
lead,Kochi,wind_speed,,1.0,,ecmwf,model,4,mae,3.8533,3.8533,4.9424,-1.466,,,,,,1008,,0,,,,
lead,Kochi,wind_speed,,2.0,,ecmwf,model,4,mae,3.8585,3.8585,4.9087,-1.0565,,,,,,1008,,0,,,,
lead,Kolkata,wind_speed,,1.0,,ecmwf,model,1,mae,2.5813,2.5813,3.3843,0.1592,,,,,,1008,,0,,,,
lead,Kolkata,wind_speed,,2.0,,ecmwf,model,1,mae,3.032,3.032,3.796,0.4273,,,,,,1008,,0,,,,
lead,Kolkata,wind_speed,,3.0,,ecmwf,model,1,mae,3.2947,3.2947,4.1654,1.1727,,,,,,1008,,0,,,,
lead,Kolkata,wind_speed,,1.0,,icon,model,2,mae,2.6408,2.6408,3.3371,1.7235,,,,,,1008,,0,,,,
lead,Kolkata,wind_speed,,2.0,,icon,model,2,mae,3.3183,3.3183,4.0787,2.3921,,,,,,1008,,0,,,,
lead,Kolkata,wind_speed,,3.0,,icon,model,2,mae,3.6115,3.6115,4.4466,2.925,,,,,,1008,,0,,,,
lead,Kolkata,wind_speed,,1.0,,gem,model,3,mae,3.3915,3.3915,4.2442,-0.6883,,,,,,1008,,0,,,,
lead,Kolkata,wind_speed,,2.0,,gem,model,3,mae,3.6313,3.6313,4.5144,-0.1704,,,,,,1008,,0,,,,
lead,Kolkata,wind_speed,,3.0,,gem,model,3,mae,4.0059,4.0059,5.0976,0.1434,,,,,,1008,,0,,,,
lead,Kolkata,wind_speed,,3.0,,gfs,model,4,mae,5.3253,5.3253,6.5792,-3.7467,,,,,,1008,,0,,,,
lead,Kolkata,wind_speed,,2.0,,gfs,model,4,mae,6.0641,6.0641,7.2585,-5.2,,,,,,1008,,0,,,,
lead,Kolkata,wind_speed,,1.0,,gfs,model,4,mae,6.3574,6.3574,7.474,-6.0182,,,,,,1008,,0,,,,
lead,Kota,wind_speed,,1.0,,ecmwf,model,1,mae,2.5747,2.5747,3.313,-0.6225,,,,,,1008,,0,,,,
lead,Kota,wind_speed,,2.0,,ecmwf,model,1,mae,2.9212,2.9212,3.7432,-0.7313,,,,,,1008,,0,,,,
lead,Kota,wind_speed,,3.0,,icon,model,1,mae,3.3884,3.3884,4.2295,1.9604,,,,,,1008,,0,,,,
lead,Kota,wind_speed,,1.0,,icon,model,2,mae,2.8612,2.8612,3.5857,1.9215,,,,,,1008,,0,,,,
lead,Kota,wind_speed,,2.0,,icon,model,2,mae,2.9705,2.9705,3.7278,1.836,,,,,,1008,,0,,,,
lead,Kota,wind_speed,,3.0,,ecmwf,model,2,mae,3.4014,3.4014,4.3406,-1.3097,,,,,,1008,,0,,,,
lead,Kota,wind_speed,,2.0,,gem,model,3,mae,3.9125,3.9125,4.8747,-1.8484,,,,,,1008,,0,,,,
lead,Kota,wind_speed,,1.0,,gem,model,3,mae,4.0501,4.0501,4.9669,-2.2547,,,,,,1008,,0,,,,
lead,Kota,wind_speed,,3.0,,gem,model,3,mae,4.1824,4.1824,5.2042,-2.3277,,,,,,1008,,0,,,,
lead,Kota,wind_speed,,1.0,,gfs,model,4,mae,8.081,8.081,9.2077,-7.8468,,,,,,1008,,0,,,,
lead,Kota,wind_speed,,2.0,,gfs,model,4,mae,8.4347,8.4347,9.581,-8.1972,,,,,,1008,,0,,,,
lead,Kota,wind_speed,,3.0,,gfs,model,4,mae,8.4419,8.4419,9.7096,-8.1508,,,,,,1008,,0,,,,
lead,Lucknow,wind_speed,,2.0,,ecmwf,model,1,mae,2.2762,2.2762,2.9341,0.0633,,,,,,1008,,0,,,,
lead,Lucknow,wind_speed,,1.0,,ecmwf,model,1,mae,2.3711,2.3711,2.9563,0.1352,,,,,,1008,,0,,,,
lead,Lucknow,wind_speed,,3.0,,ecmwf,model,1,mae,2.6992,2.6992,3.4195,-0.0458,,,,,,1008,,0,,,,
lead,Lucknow,wind_speed,,1.0,,icon,model,2,mae,2.5698,2.5698,3.2082,0.4442,,,,,,1008,,0,,,,
lead,Lucknow,wind_speed,,2.0,,icon,model,2,mae,2.8267,2.8267,3.5689,-0.0811,,,,,,1008,,0,,,,
lead,Lucknow,wind_speed,,3.0,,icon,model,2,mae,3.1077,3.1077,3.9427,0.073,,,,,,1008,,0,,,,
lead,Lucknow,wind_speed,,2.0,,gem,model,3,mae,3.7947,3.7947,4.8898,-2.2477,,,,,,1008,,0,,,,
lead,Lucknow,wind_speed,,1.0,,gem,model,3,mae,4.116,4.116,5.2917,-2.7872,,,,,,1008,,0,,,,
lead,Lucknow,wind_speed,,3.0,,gem,model,3,mae,4.3474,4.3474,5.415,-2.8677,,,,,,1008,,0,,,,
lead,Lucknow,wind_speed,,1.0,,gfs,model,4,mae,4.5641,4.5641,5.5906,-3.8663,,,,,,1008,,0,,,,
lead,Lucknow,wind_speed,,3.0,,gfs,model,4,mae,4.9312,4.9312,6.1293,-4.027,,,,,,1008,,0,,,,
lead,Lucknow,wind_speed,,2.0,,gfs,model,4,mae,4.9529,4.9529,6.1088,-4.1801,,,,,,1008,,0,,,,
lead,Ludhiana,wind_speed,,1.0,,ecmwf,model,1,mae,2.3858,2.3858,3.0973,0.1057,,,,,,1008,,0,,,,
lead,Ludhiana,wind_speed,,2.0,,ecmwf,model,1,mae,2.5813,2.5813,3.2758,0.0386,,,,,,1008,,0,,,,
lead,Ludhiana,wind_speed,,3.0,,ecmwf,model,1,mae,2.7404,2.7404,3.4353,0.0957,,,,,,1008,,0,,,,
lead,Ludhiana,wind_speed,,1.0,,icon,model,2,mae,2.535,2.535,3.1277,0.8382,,,,,,1008,,0,,,,
lead,Ludhiana,wind_speed,,2.0,,icon,model,2,mae,2.8791,2.8791,3.5897,0.2104,,,,,,1008,,0,,,,
lead,Ludhiana,wind_speed,,3.0,,icon,model,2,mae,2.9244,2.9244,3.6591,0.2204,,,,,,1008,,0,,,,
lead,Ludhiana,wind_speed,,2.0,,gem,model,3,mae,4.5451,4.5451,5.8664,-3.058,,,,,,1008,,0,,,,
lead,Ludhiana,wind_speed,,1.0,,gem,model,3,mae,4.6831,4.6831,6.0437,-3.3387,,,,,,1008,,0,,,,
lead,Ludhiana,wind_speed,,3.0,,gem,model,3,mae,5.0939,5.0939,6.4736,-3.6616,,,,,,1008,,0,,,,
lead,Ludhiana,wind_speed,,1.0,,gfs,model,4,mae,5.7954,5.7954,7.0508,-5.2377,,,,,,1008,,0,,,,
lead,Ludhiana,wind_speed,,2.0,,gfs,model,4,mae,6.2532,6.2532,7.5011,-5.5563,,,,,,1008,,0,,,,
lead,Ludhiana,wind_speed,,3.0,,gfs,model,4,mae,6.4835,6.4835,8.0548,-5.8823,,,,,,1008,,0,,,,
lead,Madurai,wind_speed,,1.0,,ecmwf,model,1,mae,3.7731,3.7731,4.9323,2.2719,,,,,,1008,,0,,,,
lead,Madurai,wind_speed,,3.0,,ecmwf,model,1,mae,3.8559,3.8559,5.1789,1.962,,,,,,1008,,0,,,,
lead,Madurai,wind_speed,,2.0,,ecmwf,model,1,mae,4.0033,4.0033,5.3102,2.2051,,,,,,1008,,0,,,,
lead,Madurai,wind_speed,,1.0,,gem,model,2,mae,4.578,4.578,6.0473,0.2448,,,,,,1008,,0,,,,
lead,Madurai,wind_speed,,3.0,,icon,model,2,mae,4.6126,4.6126,5.6863,1.4664,,,,,,1008,,0,,,,
lead,Madurai,wind_speed,,2.0,,icon,model,2,mae,4.6198,4.6198,5.705,1.6502,,,,,,1008,,0,,,,
lead,Madurai,wind_speed,,2.0,,gem,model,3,mae,4.6787,4.6787,6.0581,-0.2055,,,,,,1008,,0,,,,
lead,Madurai,wind_speed,,1.0,,icon,model,3,mae,4.6853,4.6853,5.8224,1.872,,,,,,1008,,0,,,,
lead,Madurai,wind_speed,,3.0,,gem,model,3,mae,4.7154,4.7154,6.1153,0.2775,,,,,,1008,,0,,,,
lead,Madurai,wind_speed,,3.0,,gfs,model,4,mae,5.7703,5.7703,7.222,-3.8715,,,,,,1008,,0,,,,
lead,Madurai,wind_speed,,1.0,,gfs,model,4,mae,5.7884,5.7884,7.2684,-4.4279,,,,,,1008,,0,,,,
lead,Madurai,wind_speed,,2.0,,gfs,model,4,mae,5.8502,5.8502,7.3008,-4.5698,,,,,,1008,,0,,,,
lead,Mumbai,wind_speed,,2.0,,ecmwf,model,1,mae,2.9081,2.9081,3.9965,1.3367,,,,,,1008,,0,,,,
lead,Mumbai,wind_speed,,3.0,,ecmwf,model,1,mae,3.1574,3.1574,4.368,0.7507,,,,,,1008,,0,,,,
lead,Mumbai,wind_speed,,1.0,,ecmwf,model,1,mae,3.1654,3.1654,4.1949,2.6638,,,,,,1008,,0,,,,
lead,Mumbai,wind_speed,,2.0,,icon,model,2,mae,3.4516,3.4516,4.3787,2.3542,,,,,,1008,,0,,,,
lead,Mumbai,wind_speed,,1.0,,gem,model,2,mae,3.484,3.484,4.4043,-2.114,,,,,,1008,,0,,,,
lead,Mumbai,wind_speed,,3.0,,icon,model,2,mae,3.501,3.501,4.4387,2.3006,,,,,,1008,,0,,,,
lead,Mumbai,wind_speed,,1.0,,icon,model,3,mae,3.691,3.691,4.5283,2.9983,,,,,,1008,,0,,,,
lead,Mumbai,wind_speed,,2.0,,gem,model,3,mae,3.7312,3.7312,4.7691,-1.5571,,,,,,1008,,0,,,,
lead,Mumbai,wind_speed,,3.0,,gem,model,3,mae,3.7648,3.7648,4.7632,-1.6102,,,,,,1008,,0,,,,
lead,Mumbai,wind_speed,,1.0,,gfs,model,4,mae,8.9724,8.9724,9.6145,-8.9633,,,,,,1008,,0,,,,
lead,Mumbai,wind_speed,,3.0,,gfs,model,4,mae,9.299,9.299,9.966,-8.97,,,,,,1008,,0,,,,
lead,Mumbai,wind_speed,,2.0,,gfs,model,4,mae,9.5011,9.5011,10.1308,-9.4441,,,,,,1008,,0,,,,
lead,Nagpur,wind_speed,,1.0,,ecmwf,model,1,mae,2.5011,2.5011,3.1083,-1.4592,,,,,,1008,,0,,,,
lead,Nagpur,wind_speed,,2.0,,ecmwf,model,1,mae,3.0159,3.0159,3.7632,-1.9155,,,,,,1008,,0,,,,
lead,Nagpur,wind_speed,,3.0,,ecmwf,model,1,mae,3.4311,3.4311,4.2966,-2.2737,,,,,,1008,,0,,,,
lead,Nagpur,wind_speed,,3.0,,gfs,model,2,mae,3.6968,3.6968,4.6912,-2.2448,,,,,,1008,,0,,,,
lead,Nagpur,wind_speed,,2.0,,gfs,model,2,mae,3.7028,3.7028,4.668,-2.6498,,,,,,1008,,0,,,,
lead,Nagpur,wind_speed,,1.0,,icon,model,2,mae,3.907,3.907,4.5286,3.5654,,,,,,1008,,0,,,,
lead,Nagpur,wind_speed,,2.0,,icon,model,3,mae,4.0777,4.0777,4.6968,3.8154,,,,,,1008,,0,,,,
lead,Nagpur,wind_speed,,1.0,,gfs,model,3,mae,4.1519,4.1519,5.0532,-3.5104,,,,,,1008,,0,,,,
lead,Nagpur,wind_speed,,3.0,,icon,model,3,mae,4.1791,4.1791,4.8974,3.7747,,,,,,1008,,0,,,,
lead,Nagpur,wind_speed,,1.0,,gem,model,4,mae,4.2541,4.2541,5.2404,-3.2084,,,,,,1008,,0,,,,
lead,Nagpur,wind_speed,,3.0,,gem,model,4,mae,4.3304,4.3304,5.444,-2.7702,,,,,,1008,,0,,,,
lead,Nagpur,wind_speed,,2.0,,gem,model,4,mae,4.344,4.344,5.3042,-2.5821,,,,,,1008,,0,,,,
lead,Nashik,wind_speed,,2.0,,icon,model,1,mae,2.3758,2.3758,3.1966,0.4464,,,,,,1008,,0,,,,
lead,Nashik,wind_speed,,1.0,,icon,model,1,mae,2.4812,2.4812,3.3893,1.1693,,,,,,1008,,0,,,,
lead,Nashik,wind_speed,,3.0,,icon,model,1,mae,2.8864,2.8864,3.6295,0.2338,,,,,,1008,,0,,,,
lead,Nashik,wind_speed,,1.0,,ecmwf,model,2,mae,2.6943,2.6943,3.351,-1.8513,,,,,,1008,,0,,,,
lead,Nashik,wind_speed,,2.0,,ecmwf,model,2,mae,3.3405,3.3405,4.0248,-2.6103,,,,,,1008,,0,,,,
lead,Nashik,wind_speed,,3.0,,ecmwf,model,2,mae,4.1393,4.1393,4.7715,-3.4024,,,,,,1008,,0,,,,
lead,Nashik,wind_speed,,1.0,,gem,model,3,mae,4.0379,4.0379,4.9007,-2.9175,,,,,,1008,,0,,,,
lead,Nashik,wind_speed,,3.0,,gem,model,3,mae,4.1776,4.1776,5.0107,-2.8752,,,,,,1008,,0,,,,
lead,Nashik,wind_speed,,2.0,,gem,model,3,mae,4.3232,4.3232,5.1718,-3.0667,,,,,,1008,,0,,,,
lead,Nashik,wind_speed,,3.0,,gfs,model,4,mae,8.9538,8.9538,9.638,-8.8442,,,,,,1008,,0,,,,
lead,Nashik,wind_speed,,1.0,,gfs,model,4,mae,9.2118,9.2118,9.829,-9.0779,,,,,,1008,,0,,,,
lead,Nashik,wind_speed,,2.0,,gfs,model,4,mae,9.36,9.36,10.0654,-9.2632,,,,,,1008,,0,,,,
lead,Patna,wind_speed,,1.0,,ecmwf,model,1,mae,2.2247,2.2247,2.8867,-0.3146,,,,,,1008,,0,,,,
lead,Patna,wind_speed,,2.0,,ecmwf,model,1,mae,2.7106,2.7106,3.5458,-0.8846,,,,,,1008,,0,,,,
lead,Patna,wind_speed,,3.0,,ecmwf,model,1,mae,3.1266,3.1266,4.0092,0.1399,,,,,,1008,,0,,,,
lead,Patna,wind_speed,,1.0,,icon,model,2,mae,2.4481,2.4481,3.0232,0.9205,,,,,,1008,,0,,,,
lead,Patna,wind_speed,,2.0,,icon,model,2,mae,2.7553,2.7553,3.4306,0.5749,,,,,,1008,,0,,,,
lead,Patna,wind_speed,,3.0,,icon,model,2,mae,3.3917,3.3917,4.2754,1.2103,,,,,,1008,,0,,,,
lead,Patna,wind_speed,,1.0,,gem,model,3,mae,4.5127,4.5127,5.6754,-2.9026,,,,,,1008,,0,,,,
lead,Patna,wind_speed,,3.0,,gfs,model,3,mae,4.856,4.856,6.1213,-3.2639,,,,,,1008,,0,,,,
lead,Patna,wind_speed,,2.0,,gem,model,3,mae,4.8629,4.8629,6.1012,-2.9423,,,,,,1008,,0,,,,
lead,Patna,wind_speed,,3.0,,gem,model,4,mae,5.4047,5.4047,6.6122,-3.3019,,,,,,1008,,0,,,,
lead,Patna,wind_speed,,1.0,,gfs,model,4,mae,6.2656,6.2656,7.2143,-5.9914,,,,,,1008,,0,,,,
lead,Patna,wind_speed,,2.0,,gfs,model,4,mae,6.4386,6.4386,7.6245,-5.9352,,,,,,1008,,0,,,,
lead,Pune,wind_speed,,1.0,,ecmwf,model,1,mae,1.6235,1.6235,2.0769,-0.5035,,,,,,1008,,0,,,,
lead,Pune,wind_speed,,2.0,,ecmwf,model,1,mae,2.0902,2.0902,2.6025,-0.9874,,,,,,1008,,0,,,,
lead,Pune,wind_speed,,3.0,,ecmwf,model,1,mae,2.6625,2.6625,3.2394,-1.5772,,,,,,1008,,0,,,,
lead,Pune,wind_speed,,1.0,,gem,model,2,mae,2.6252,2.6252,3.2979,2.03,,,,,,1008,,0,,,,
lead,Pune,wind_speed,,2.0,,icon,model,2,mae,2.7374,2.7374,3.575,1.5412,,,,,,1008,,0,,,,
lead,Pune,wind_speed,,3.0,,icon,model,2,mae,2.7858,2.7858,3.5428,1.4378,,,,,,1008,,0,,,,
lead,Pune,wind_speed,,1.0,,icon,model,3,mae,2.6678,2.6678,3.2427,1.616,,,,,,1008,,0,,,,
lead,Pune,wind_speed,,2.0,,gem,model,3,mae,2.7689,2.7689,3.6253,2.1211,,,,,,1008,,0,,,,
lead,Pune,wind_speed,,3.0,,gem,model,3,mae,2.9287,2.9287,3.6813,2.2785,,,,,,1008,,0,,,,
lead,Pune,wind_speed,,3.0,,gfs,model,4,mae,3.7036,3.7036,4.5968,-2.3188,,,,,,1008,,0,,,,
lead,Pune,wind_speed,,1.0,,gfs,model,4,mae,3.9819,3.9819,4.9935,-3.2143,,,,,,1008,,0,,,,
lead,Pune,wind_speed,,2.0,,gfs,model,4,mae,4.0146,4.0146,5.062,-3.0866,,,,,,1008,,0,,,,
lead,Raipur,wind_speed,,1.0,,ecmwf,model,1,mae,2.2994,2.2994,3.0255,-1.1702,,,,,,1008,,0,,,,
lead,Raipur,wind_speed,,2.0,,icon,model,1,mae,2.9688,2.9688,3.7299,2.3227,,,,,,1008,,0,,,,
lead,Raipur,wind_speed,,3.0,,icon,model,1,mae,3.5146,3.5146,4.3883,2.7066,,,,,,1008,,0,,,,
lead,Raipur,wind_speed,,1.0,,icon,model,2,mae,3.0462,3.0462,3.7465,2.5712,,,,,,1008,,0,,,,
lead,Raipur,wind_speed,,2.0,,ecmwf,model,2,mae,3.1296,3.1296,3.9582,-1.9052,,,,,,1008,,0,,,,
lead,Raipur,wind_speed,,3.0,,ecmwf,model,2,mae,3.6632,3.6632,4.4547,-2.5061,,,,,,1008,,0,,,,
lead,Raipur,wind_speed,,2.0,,gem,model,3,mae,4.6746,4.6746,5.7298,-3.4198,,,,,,1008,,0,,,,
lead,Raipur,wind_speed,,1.0,,gem,model,3,mae,4.8752,4.8752,5.834,-3.4425,,,,,,1008,,0,,,,
lead,Raipur,wind_speed,,3.0,,gem,model,3,mae,5.0779,5.0779,6.1979,-3.9882,,,,,,1008,,0,,,,
lead,Raipur,wind_speed,,3.0,,gfs,model,4,mae,5.2615,5.2615,6.4132,-4.6159,,,,,,1008,,0,,,,
lead,Raipur,wind_speed,,2.0,,gfs,model,4,mae,6.5668,6.5668,7.5763,-6.2932,,,,,,1008,,0,,,,
lead,Raipur,wind_speed,,1.0,,gfs,model,4,mae,6.902,6.902,7.854,-6.7298,,,,,,1008,,0,,,,
lead,Ranchi,wind_speed,,1.0,,ecmwf,model,1,mae,3.0381,3.0381,3.824,0.2052,,,,,,1008,,0,,,,
lead,Ranchi,wind_speed,,2.0,,ecmwf,model,1,mae,3.7243,3.7243,4.711,0.5416,,,,,,1008,,0,,,,
lead,Ranchi,wind_speed,,3.0,,ecmwf,model,1,mae,4.3474,4.3474,5.2948,1.4865,,,,,,1008,,0,,,,
lead,Ranchi,wind_speed,,1.0,,icon,model,2,mae,3.161,3.161,3.9876,1.0753,,,,,,1008,,0,,,,
lead,Ranchi,wind_speed,,2.0,,icon,model,2,mae,3.7864,3.7864,4.8245,1.208,,,,,,1008,,0,,,,
lead,Ranchi,wind_speed,,3.0,,icon,model,2,mae,4.4952,4.4952,5.6044,1.695,,,,,,1008,,0,,,,
lead,Ranchi,wind_speed,,1.0,,gem,model,3,mae,3.6997,3.6997,4.6325,0.0555,,,,,,1008,,0,,,,
lead,Ranchi,wind_speed,,2.0,,gem,model,3,mae,4.0351,4.0351,5.1133,0.4379,,,,,,1008,,0,,,,
lead,Ranchi,wind_speed,,3.0,,gem,model,3,mae,4.5265,4.5265,5.593,1.7043,,,,,,1008,,0,,,,
lead,Ranchi,wind_speed,,1.0,,gfs,model,4,mae,4.2244,4.2244,5.1877,-2.0718,,,,,,1008,,0,,,,
lead,Ranchi,wind_speed,,2.0,,gfs,model,4,mae,4.8605,4.8605,6.0848,-2.3911,,,,,,1008,,0,,,,
lead,Ranchi,wind_speed,,3.0,,gfs,model,4,mae,4.9752,4.9752,6.2532,-1.7978,,,,,,1008,,0,,,,
lead,Shillong,wind_speed,,1.0,,icon,model,1,mae,2.1638,2.1638,2.6906,-0.9178,,,,,,1008,,0,,,,
lead,Shillong,wind_speed,,2.0,,icon,model,1,mae,2.2139,2.2139,2.7329,-0.5306,,,,,,1008,,0,,,,
lead,Shillong,wind_speed,,3.0,,icon,model,1,mae,2.2229,2.2229,2.7155,-0.1057,,,,,,1008,,0,,,,
lead,Shillong,wind_speed,,1.0,,ecmwf,model,2,mae,2.3805,2.3805,2.9775,-1.359,,,,,,1008,,0,,,,
lead,Shillong,wind_speed,,3.0,,ecmwf,model,2,mae,2.5242,2.5242,3.1732,-0.7879,,,,,,1008,,0,,,,
lead,Shillong,wind_speed,,2.0,,ecmwf,model,2,mae,2.643,2.643,3.2883,-1.4769,,,,,,1008,,0,,,,
lead,Shillong,wind_speed,,3.0,,gem,model,3,mae,2.6239,2.6239,3.453,1.7699,,,,,,1008,,0,,,,
lead,Shillong,wind_speed,,2.0,,gem,model,3,mae,2.6676,2.6676,3.372,1.8695,,,,,,1008,,0,,,,
lead,Shillong,wind_speed,,1.0,,gem,model,3,mae,2.676,2.676,3.3889,2.0075,,,,,,1008,,0,,,,
lead,Shillong,wind_speed,,3.0,,gfs,model,4,mae,2.8195,2.8195,3.6112,0.5283,,,,,,1008,,0,,,,
lead,Shillong,wind_speed,,2.0,,gfs,model,4,mae,2.8349,2.8349,3.5468,0.3764,,,,,,1008,,0,,,,
lead,Shillong,wind_speed,,1.0,,gfs,model,4,mae,2.8668,2.8668,3.5614,0.0707,,,,,,1008,,0,,,,
lead,Shimla,wind_speed,,1.0,,icon,model,1,mae,1.7604,1.7604,2.3477,0.3612,,,,,,1008,,0,,,,
lead,Shimla,wind_speed,,2.0,,icon,model,1,mae,1.8062,1.8062,2.4223,0.6019,,,,,,1008,,0,,,,
lead,Shimla,wind_speed,,3.0,,icon,model,1,mae,1.9841,1.9841,2.6736,0.6058,,,,,,1008,,0,,,,
lead,Shimla,wind_speed,,1.0,,ecmwf,model,2,mae,2.0807,2.0807,2.6851,0.664,,,,,,1008,,0,,,,
lead,Shimla,wind_speed,,2.0,,ecmwf,model,2,mae,2.2045,2.2045,2.9411,0.8396,,,,,,1008,,0,,,,
lead,Shimla,wind_speed,,3.0,,ecmwf,model,2,mae,2.3532,2.3532,3.1497,1.0907,,,,,,1008,,0,,,,
lead,Shimla,wind_speed,,1.0,,gfs,model,3,mae,2.5626,2.5626,3.1831,-1.16,,,,,,1008,,0,,,,
lead,Shimla,wind_speed,,3.0,,gfs,model,3,mae,2.6173,2.6173,3.2975,-1.004,,,,,,1008,,0,,,,
lead,Shimla,wind_speed,,2.0,,gfs,model,3,mae,2.6247,2.6247,3.2145,-1.1529,,,,,,1008,,0,,,,
lead,Shimla,wind_speed,,1.0,,gem,model,4,mae,2.6442,2.6442,3.6901,2.1593,,,,,,1008,,0,,,,
lead,Shimla,wind_speed,,2.0,,gem,model,4,mae,2.6468,2.6468,3.6609,2.1625,,,,,,1008,,0,,,,
lead,Shimla,wind_speed,,3.0,,gem,model,4,mae,2.7335,2.7335,3.8114,2.2323,,,,,,1008,,0,,,,
lead,Srinagar,wind_speed,,1.0,,ecmwf,model,1,mae,1.7701,1.7701,2.3963,0.6511,,,,,,1008,,0,,,,
lead,Srinagar,wind_speed,,3.0,,ecmwf,model,1,mae,1.8034,1.8034,2.4167,0.8371,,,,,,1008,,0,,,,
lead,Srinagar,wind_speed,,2.0,,ecmwf,model,1,mae,1.8168,1.8168,2.4015,0.5765,,,,,,1008,,0,,,,
lead,Srinagar,wind_speed,,1.0,,icon,model,2,mae,1.8832,1.8832,2.462,0.2723,,,,,,1008,,0,,,,
lead,Srinagar,wind_speed,,2.0,,gem,model,2,mae,1.9114,1.9114,2.5695,0.3709,,,,,,1008,,0,,,,
lead,Srinagar,wind_speed,,3.0,,gem,model,2,mae,1.912,1.912,2.5195,0.3832,,,,,,1008,,0,,,,
lead,Srinagar,wind_speed,,1.0,,gem,model,3,mae,1.9535,1.9535,2.619,0.2686,,,,,,1008,,0,,,,
lead,Srinagar,wind_speed,,2.0,,icon,model,3,mae,1.9965,1.9965,2.6216,0.1263,,,,,,1008,,0,,,,
lead,Srinagar,wind_speed,,3.0,,icon,model,3,mae,2.0076,2.0076,2.6377,0.0424,,,,,,1008,,0,,,,
lead,Srinagar,wind_speed,,1.0,,gfs,model,4,mae,2.7246,2.7246,3.9118,-1.5655,,,,,,1008,,0,,,,
lead,Srinagar,wind_speed,,2.0,,gfs,model,4,mae,2.742,2.742,3.8855,-1.4805,,,,,,1008,,0,,,,
lead,Srinagar,wind_speed,,3.0,,gfs,model,4,mae,2.7473,2.7473,3.8749,-1.5791,,,,,,1008,,0,,,,
lead,Surat,wind_speed,,1.0,,icon,model,1,mae,2.7717,2.7717,3.5756,1.6184,,,,,,1008,,0,,,,
lead,Surat,wind_speed,,2.0,,icon,model,1,mae,2.808,2.808,3.6607,0.9983,,,,,,1008,,0,,,,
lead,Surat,wind_speed,,3.0,,icon,model,1,mae,2.9181,2.9181,3.9551,0.6665,,,,,,1008,,0,,,,
lead,Surat,wind_speed,,1.0,,ecmwf,model,2,mae,4.1879,4.1879,5.0044,-4.0425,,,,,,1008,,0,,,,
lead,Surat,wind_speed,,2.0,,ecmwf,model,2,mae,5.5835,5.5835,6.3475,-5.5062,,,,,,1008,,0,,,,
lead,Surat,wind_speed,,3.0,,ecmwf,model,2,mae,6.7035,6.7035,7.4806,-6.5511,,,,,,1008,,0,,,,
lead,Surat,wind_speed,,3.0,,gem,model,3,mae,9.0391,9.0391,9.9166,-8.3617,,,,,,1008,,0,,,,
lead,Surat,wind_speed,,2.0,,gem,model,3,mae,9.1431,9.1431,9.9856,-8.7004,,,,,,1008,,0,,,,
lead,Surat,wind_speed,,1.0,,gem,model,3,mae,9.1785,9.1785,9.95,-8.8144,,,,,,1008,,0,,,,
lead,Surat,wind_speed,,1.0,,gfs,model,4,mae,10.6829,10.6829,11.4894,-10.6504,,,,,,1008,,0,,,,
lead,Surat,wind_speed,,2.0,,gfs,model,4,mae,11.0807,11.0807,11.8835,-10.9884,,,,,,1008,,0,,,,
lead,Surat,wind_speed,,3.0,,gfs,model,4,mae,11.3752,11.3752,12.1772,-11.3262,,,,,,1008,,0,,,,
lead,Thane,wind_speed,,1.0,,ecmwf,model,1,mae,2.1325,2.1325,2.752,-0.7206,,,,,,1008,,0,,,,
lead,Thane,wind_speed,,2.0,,ecmwf,model,1,mae,2.6782,2.6782,3.3252,-1.7127,,,,,,1008,,0,,,,
lead,Thane,wind_speed,,3.0,,icon,model,1,mae,3.0779,3.0779,3.919,1.837,,,,,,1008,,0,,,,
lead,Thane,wind_speed,,2.0,,icon,model,2,mae,2.9112,2.9112,3.8356,1.8775,,,,,,1008,,0,,,,
lead,Thane,wind_speed,,1.0,,icon,model,2,mae,2.9133,2.9133,3.7057,2.1746,,,,,,1008,,0,,,,
lead,Thane,wind_speed,,3.0,,gem,model,2,mae,3.311,3.311,4.2692,-2.0358,,,,,,1008,,0,,,,
lead,Thane,wind_speed,,1.0,,gem,model,3,mae,3.258,3.258,4.2117,-2.2856,,,,,,1008,,0,,,,
lead,Thane,wind_speed,,3.0,,ecmwf,model,3,mae,3.4287,3.4287,4.1412,-2.1789,,,,,,1008,,0,,,,
lead,Thane,wind_speed,,2.0,,gem,model,3,mae,3.4905,3.4905,4.3918,-1.9946,,,,,,1008,,0,,,,
lead,Thane,wind_speed,,1.0,,gfs,model,4,mae,9.7999,9.7999,10.3481,-9.7753,,,,,,1008,,0,,,,
lead,Thane,wind_speed,,3.0,,gfs,model,4,mae,9.8577,9.8577,10.4814,-9.6514,,,,,,1008,,0,,,,
lead,Thane,wind_speed,,2.0,,gfs,model,4,mae,10.1502,10.1502,10.7158,-10.1375,,,,,,1008,,0,,,,
lead,Thiruvananthapuram,wind_speed,,1.0,,ecmwf,model,1,mae,2.1522,2.1522,2.7096,0.7407,,,,,,1008,,0,,,,
lead,Thiruvananthapuram,wind_speed,,2.0,,gfs,model,1,mae,2.4404,2.4404,3.1308,0.6082,,,,,,1008,,0,,,,
lead,Thiruvananthapuram,wind_speed,,3.0,,ecmwf,model,1,mae,2.4416,2.4416,3.1314,0.9408,,,,,,1008,,0,,,,
lead,Thiruvananthapuram,wind_speed,,1.0,,gfs,model,2,mae,2.383,2.383,3.0827,0.6443,,,,,,1008,,0,,,,
lead,Thiruvananthapuram,wind_speed,,2.0,,ecmwf,model,2,mae,2.4784,2.4784,3.13,1.0379,,,,,,1008,,0,,,,
lead,Thiruvananthapuram,wind_speed,,3.0,,gfs,model,2,mae,2.5331,2.5331,3.2535,0.1704,,,,,,1008,,0,,,,
lead,Thiruvananthapuram,wind_speed,,2.0,,gem,model,3,mae,2.4949,2.4949,3.1713,-0.8031,,,,,,1008,,0,,,,
lead,Thiruvananthapuram,wind_speed,,3.0,,gem,model,3,mae,2.5555,2.5555,3.2514,-0.3725,,,,,,1008,,0,,,,
lead,Thiruvananthapuram,wind_speed,,1.0,,icon,model,3,mae,2.7532,2.7532,3.4092,2.0302,,,,,,1008,,0,,,,
lead,Thiruvananthapuram,wind_speed,,3.0,,icon,model,4,mae,2.6796,2.6796,3.3667,1.8853,,,,,,1008,,0,,,,
lead,Thiruvananthapuram,wind_speed,,1.0,,gem,model,4,mae,2.7728,2.7728,3.4699,-1.374,,,,,,1008,,0,,,,
lead,Thiruvananthapuram,wind_speed,,2.0,,icon,model,4,mae,2.9398,2.9398,3.5724,2.166,,,,,,1008,,0,,,,
lead,Vadodara,wind_speed,,1.0,,icon,model,1,mae,2.3172,2.3172,3.0088,0.4939,,,,,,1008,,0,,,,
lead,Vadodara,wind_speed,,3.0,,icon,model,1,mae,2.5517,2.5517,3.2896,-0.2269,,,,,,1008,,0,,,,
lead,Vadodara,wind_speed,,2.0,,icon,model,1,mae,2.5549,2.5549,3.351,0.141,,,,,,1008,,0,,,,
lead,Vadodara,wind_speed,,1.0,,ecmwf,model,2,mae,2.7919,2.7919,3.5037,-2.3335,,,,,,1008,,0,,,,
lead,Vadodara,wind_speed,,2.0,,ecmwf,model,2,mae,3.3048,3.3048,4.2494,-2.8889,,,,,,1008,,0,,,,
lead,Vadodara,wind_speed,,3.0,,ecmwf,model,2,mae,3.794,3.794,4.6306,-3.3121,,,,,,1008,,0,,,,
lead,Vadodara,wind_speed,,1.0,,gem,model,3,mae,4.2669,4.2669,5.2155,-3.3429,,,,,,1008,,0,,,,
lead,Vadodara,wind_speed,,2.0,,gem,model,3,mae,4.4961,4.4961,5.4818,-3.0693,,,,,,1008,,0,,,,
lead,Vadodara,wind_speed,,3.0,,gem,model,3,mae,4.8091,4.8091,5.8223,-3.2123,,,,,,1008,,0,,,,
lead,Vadodara,wind_speed,,1.0,,gfs,model,4,mae,7.6593,7.6593,8.3764,-7.5891,,,,,,1008,,0,,,,
lead,Vadodara,wind_speed,,2.0,,gfs,model,4,mae,7.8011,7.8011,8.5403,-7.4358,,,,,,1008,,0,,,,
lead,Vadodara,wind_speed,,3.0,,gfs,model,4,mae,7.8435,7.8435,8.6943,-7.5885,,,,,,1008,,0,,,,
lead,Varanasi,wind_speed,,1.0,,icon,model,1,mae,2.2755,2.2755,2.8463,0.5594,,,,,,1008,,0,,,,
lead,Varanasi,wind_speed,,2.0,,ecmwf,model,1,mae,2.508,2.508,3.2248,0.5501,,,,,,1008,,0,,,,
lead,Varanasi,wind_speed,,3.0,,ecmwf,model,1,mae,2.93,2.93,3.852,0.6464,,,,,,1008,,0,,,,
lead,Varanasi,wind_speed,,1.0,,ecmwf,model,2,mae,2.4319,2.4319,3.1249,0.4851,,,,,,1008,,0,,,,
lead,Varanasi,wind_speed,,2.0,,icon,model,2,mae,2.6944,2.6944,3.3424,0.4121,,,,,,1008,,0,,,,
lead,Varanasi,wind_speed,,3.0,,icon,model,2,mae,3.0134,3.0134,3.849,0.6487,,,,,,1008,,0,,,,
lead,Varanasi,wind_speed,,1.0,,gem,model,3,mae,3.7094,3.7094,4.6551,-2.4146,,,,,,1008,,0,,,,
lead,Varanasi,wind_speed,,2.0,,gem,model,3,mae,3.9066,3.9066,4.9142,-1.9314,,,,,,1008,,0,,,,
lead,Varanasi,wind_speed,,3.0,,gem,model,3,mae,4.2243,4.2243,5.3461,-1.8715,,,,,,1008,,0,,,,
lead,Varanasi,wind_speed,,1.0,,gfs,model,4,mae,4.9703,4.9703,6.1734,-4.3505,,,,,,1008,,0,,,,
lead,Varanasi,wind_speed,,2.0,,gfs,model,4,mae,5.8826,5.8826,7.2182,-5.0261,,,,,,1008,,0,,,,
lead,Varanasi,wind_speed,,3.0,,gfs,model,4,mae,6.104,6.104,7.5773,-5.1042,,,,,,1008,,0,,,,
lead,Vijayawada,wind_speed,,1.0,,ecmwf,model,1,mae,2.6118,2.6118,3.3476,0.4334,,,,,,1008,,0,,,,
lead,Vijayawada,wind_speed,,2.0,,ecmwf,model,1,mae,2.9719,2.9719,3.8194,0.7559,,,,,,1008,,0,,,,
lead,Vijayawada,wind_speed,,3.0,,ecmwf,model,1,mae,3.0776,3.0776,3.9609,0.3155,,,,,,1008,,0,,,,
lead,Vijayawada,wind_speed,,2.0,,gem,model,2,mae,3.8878,3.8878,4.9996,-1.1876,,,,,,1008,,0,,,,
lead,Vijayawada,wind_speed,,1.0,,gem,model,2,mae,3.9424,3.9424,5.2083,-1.4086,,,,,,1008,,0,,,,
lead,Vijayawada,wind_speed,,3.0,,gem,model,2,mae,4.1255,4.1255,5.3724,-0.9711,,,,,,1008,,0,,,,
lead,Vijayawada,wind_speed,,3.0,,gfs,model,3,mae,5.1154,5.1154,6.3412,-2.5352,,,,,,1008,,0,,,,
lead,Vijayawada,wind_speed,,1.0,,gfs,model,3,mae,5.3833,5.3833,6.562,-2.6891,,,,,,1008,,0,,,,
lead,Vijayawada,wind_speed,,2.0,,gfs,model,3,mae,5.4382,5.4382,6.7219,-2.5307,,,,,,1008,,0,,,,
lead,Vijayawada,wind_speed,,3.0,,icon,model,4,mae,5.5454,5.5454,6.3498,5.2929,,,,,,1008,,0,,,,
lead,Vijayawada,wind_speed,,2.0,,icon,model,4,mae,5.6568,5.6568,6.475,5.5164,,,,,,1008,,0,,,,
lead,Vijayawada,wind_speed,,1.0,,icon,model,4,mae,5.7928,5.7928,6.5646,5.6783,,,,,,1008,,0,,,,
lead,Visakhapatnam,wind_speed,,1.0,,ecmwf,model,1,mae,2.5338,2.5338,3.3079,-0.4515,,,,,,1008,,0,,,,
lead,Visakhapatnam,wind_speed,,2.0,,ecmwf,model,1,mae,2.7649,2.7649,3.6104,0.023,,,,,,1008,,0,,,,
lead,Visakhapatnam,wind_speed,,3.0,,ecmwf,model,1,mae,2.8474,2.8474,3.5866,-0.1323,,,,,,1008,,0,,,,
lead,Visakhapatnam,wind_speed,,1.0,,icon,model,2,mae,3.2194,3.2194,3.9256,2.2038,,,,,,1008,,0,,,,
lead,Visakhapatnam,wind_speed,,2.0,,icon,model,2,mae,3.274,3.274,4.0523,1.9698,,,,,,1008,,0,,,,
lead,Visakhapatnam,wind_speed,,3.0,,icon,model,2,mae,3.3283,3.3283,4.1954,2.0781,,,,,,1008,,0,,,,
lead,Visakhapatnam,wind_speed,,3.0,,gfs,model,3,mae,5.4362,5.4362,7.033,-3.0951,,,,,,1008,,0,,,,
lead,Visakhapatnam,wind_speed,,2.0,,gfs,model,3,mae,5.5981,5.5981,7.1908,-3.7124,,,,,,1008,,0,,,,
lead,Visakhapatnam,wind_speed,,1.0,,gfs,model,3,mae,5.9982,5.9982,7.7064,-4.5405,,,,,,1008,,0,,,,
lead,Visakhapatnam,wind_speed,,1.0,,gem,model,4,mae,6.7255,6.7255,8.1343,-5.5312,,,,,,1008,,0,,,,
lead,Visakhapatnam,wind_speed,,2.0,,gem,model,4,mae,7.1038,7.1038,8.5086,-5.7014,,,,,,1008,,0,,,,
lead,Visakhapatnam,wind_speed,,3.0,,gem,model,4,mae,7.259,7.259,8.6342,-5.9499,,,,,,1008,,0,,,,
