city,variable,lead_days,model,mae,rmse,bias,n
Agartala,rainfall,1,ecmwf,0.4572,1.0063,0.1061,720
Agartala,rainfall,1,gem,0.6685,1.5382,0.0221,720
Agartala,rainfall,1,gfs,0.6093,2.5644,0.0679,720
Agartala,rainfall,1,icon,0.4268,1.0112,0.2932,720
Agartala,rainfall,1,jma,0.4193,0.962,0.2457,720
Agartala,rainfall,1,ukmo,0.4544,1.0295,0.2317,720
Agartala,rainfall,2,ecmwf,0.4465,0.9894,0.1724,720
Agartala,rainfall,2,gem,0.8675,2.3923,-0.1683,720
Agartala,rainfall,2,gfs,0.4678,1.0551,0.3219,720
Agartala,rainfall,2,icon,0.4582,1.021,0.2888,720
Agartala,rainfall,2,jma,0.4543,0.9989,0.2407,720
Agartala,rainfall,2,ukmo,0.4839,1.0246,0.1631,720
Agartala,rainfall,3,ecmwf,0.4383,0.9561,0.1611,720
Agartala,rainfall,3,gem,0.9825,2.1138,-0.3517,720
Agartala,rainfall,3,gfs,0.4436,1.0386,0.3258,720
Agartala,rainfall,3,icon,0.4383,1.0201,0.3069,720
Agartala,rainfall,3,jma,0.4004,0.9785,0.3082,720
Agartala,rainfall,3,ukmo,0.4376,0.9898,0.2201,720
Agartala,temperature,1,ecmwf,0.7208,1.0131,0.2614,720
Agartala,temperature,1,gem,1.1319,1.4939,0.6486,720
Agartala,temperature,1,gfs,1.0178,1.2863,0.5936,720
Agartala,temperature,1,icon,0.921,1.216,-0.6585,720
Agartala,temperature,1,jma,1.2267,1.4577,-0.5583,720
Agartala,temperature,1,ukmo,0.8451,1.1462,-0.3865,720
Agartala,temperature,2,ecmwf,0.8356,1.1433,0.3567,720
Agartala,temperature,2,gem,1.2885,1.696,0.9112,720
Agartala,temperature,2,gfs,1.1881,1.552,0.82,720
Agartala,temperature,2,icon,0.9282,1.2323,-0.6265,720
Agartala,temperature,2,jma,1.2969,1.5123,-0.6292,720
Agartala,temperature,2,ukmo,0.7662,1.0609,-0.2051,720
Agartala,temperature,3,ecmwf,0.8694,1.1612,0.3025,720
Agartala,temperature,3,gem,1.3496,1.7824,1.0096,720
Agartala,temperature,3,gfs,1.1447,1.4559,0.7083,720
Agartala,temperature,3,icon,1.0449,1.3855,-0.6643,720
Agartala,temperature,3,jma,1.4064,1.613,-0.8656,720
Agartala,temperature,3,ukmo,0.7808,1.0864,-0.1861,720
Agartala,wind_speed,1,ecmwf,2.34,2.956,-1.5517,720
Agartala,wind_speed,1,gem,3.4822,4.3093,2.2617,720
Agartala,wind_speed,1,gfs,3.2136,4.2214,-2.2061,720
Agartala,wind_speed,1,icon,4.4243,5.1807,3.9282,720
Agartala,wind_speed,1,jma,2.9986,3.8273,-1.9714,720
Agartala,wind_speed,1,ukmo,2.4675,3.1247,1.4533,720
Agartala,wind_speed,2,ecmwf,2.6832,3.3665,-1.7518,720
Agartala,wind_speed,2,gem,3.5353,4.6598,2.1092,720
Agartala,wind_speed,2,gfs,3.3779,4.3094,-1.9363,720
Agartala,wind_speed,2,icon,4.7215,5.5373,4.1579,720
Agartala,wind_speed,2,jma,3.5631,4.3925,-2.5289,720
Agartala,wind_speed,2,ukmo,2.4222,3.1273,1.0825,720
Agartala,wind_speed,3,ecmwf,2.931,3.7525,-1.136,720
Agartala,wind_speed,3,gem,4.0018,5.0631,2.7949,720
Agartala,wind_speed,3,gfs,3.3914,4.2779,-1.4203,720
Agartala,wind_speed,3,icon,4.9672,5.8511,4.2833,720
Agartala,wind_speed,3,jma,3.2862,4.2308,-1.8204,720
Agartala,wind_speed,3,ukmo,2.5378,3.3168,0.8508,720
Agra,rainfall,1,ecmwf,0.4597,1.0062,-0.0742,720
Agra,rainfall,1,gem,0.4817,1.2299,-0.0136,720
Agra,rainfall,1,gfs,0.4772,1.3725,0.0575,720
Agra,rainfall,1,icon,0.5706,1.1244,-0.1978,720
Agra,rainfall,1,jma,0.6407,0.9681,-0.3338,720
Agra,rainfall,1,ukmo,0.5522,1.358,-0.1328,720
Agra,rainfall,2,ecmwf,0.5281,1.0366,-0.1383,720
Agra,rainfall,2,gem,0.4717,1.2268,0.04,720
Agra,rainfall,2,gfs,0.5539,1.2159,-0.0792,720
Agra,rainfall,2,icon,0.655,1.7748,-0.2756,720
Agra,rainfall,2,jma,0.7521,1.0844,-0.4762,720
Agra,rainfall,2,ukmo,0.5712,1.3657,-0.1651,720
Agra,rainfall,3,ecmwf,0.6296,1.1506,-0.2312,720
Agra,rainfall,3,gem,0.5289,1.4093,-0.0036,720
Agra,rainfall,3,gfs,0.524,1.1732,-0.054,720
Agra,rainfall,3,icon,0.7136,1.9631,-0.2778,720
Agra,rainfall,3,jma,0.669,0.9969,-0.3838,720
Agra,rainfall,3,ukmo,0.4771,1.117,0.0104,720
Agra,temperature,1,ecmwf,0.9944,1.293,0.3814,720
Agra,temperature,1,gem,1.6988,1.975,1.234,720
Agra,temperature,1,gfs,2.4596,2.9824,-1.964,720
Agra,temperature,1,icon,0.9738,1.288,0.3415,720
Agra,temperature,1,jma,1.091,1.3978,-0.3074,720
Agra,temperature,1,ukmo,0.9781,1.3346,-0.3808,720
Agra,temperature,2,ecmwf,1.0581,1.3471,0.5569,720
Agra,temperature,2,gem,1.6093,1.9588,0.9771,720
Agra,temperature,2,gfs,2.3458,2.8812,-1.2536,720
Agra,temperature,2,icon,1.0671,1.3931,0.5462,720
Agra,temperature,2,jma,1.0935,1.3946,-0.1207,720
Agra,temperature,2,ukmo,1.0243,1.3635,-0.3946,720
Agra,temperature,3,ecmwf,1.2846,1.6008,0.7107,720
Agra,temperature,3,gem,1.7192,2.1834,1.1753,720
Agra,temperature,3,gfs,2.1835,2.7263,-1.0515,720
Agra,temperature,3,icon,1.0746,1.4596,0.5754,720
Agra,temperature,3,jma,1.239,1.5906,-0.3365,720
Agra,temperature,3,ukmo,1.1881,1.6617,-0.4386,720
Agra,wind_speed,1,ecmwf,2.7594,3.4825,1.0058,720
Agra,wind_speed,1,gem,3.9217,4.9711,-1.4167,720
Agra,wind_speed,1,gfs,4.8914,6.1661,-3.9875,720
Agra,wind_speed,1,icon,2.8425,3.4948,1.9325,720
Agra,wind_speed,1,jma,3.2733,4.0949,2.7339,720
Agra,wind_speed,1,ukmo,2.5919,3.3264,-0.3722,720
Agra,wind_speed,2,ecmwf,2.8417,3.5515,0.8708,720
Agra,wind_speed,2,gem,3.5535,4.648,-0.8843,720
Agra,wind_speed,2,gfs,6.0207,7.3085,-5.651,720
Agra,wind_speed,2,icon,3.1711,3.93,1.485,720
Agra,wind_speed,2,jma,3.5908,4.5251,2.9892,720
Agra,wind_speed,2,ukmo,2.7964,3.4715,-0.5283,720
Agra,wind_speed,3,ecmwf,2.9406,3.6366,0.9725,720
Agra,wind_speed,3,gem,3.556,4.5469,-0.8418,720
Agra,wind_speed,3,gfs,6.8801,8.1891,-6.0079,720
Agra,wind_speed,3,icon,3.346,4.1452,1.6496,720
Agra,wind_speed,3,jma,3.5201,4.4251,2.7415,720
Agra,wind_speed,3,ukmo,3.1076,3.8503,-0.7579,720
Ahmedabad,rainfall,1,ecmwf,0.3386,0.948,-0.1258,720
Ahmedabad,rainfall,1,gem,0.2982,1.0592,-0.044,720
Ahmedabad,rainfall,1,gfs,0.2921,1.0418,0.0324,720
Ahmedabad,rainfall,1,icon,0.3108,1.1988,-0.095,720
Ahmedabad,rainfall,1,jma,0.2453,0.7377,-0.0158,720
Ahmedabad,rainfall,1,ukmo,0.3767,1.0816,-0.0936,720
Ahmedabad,rainfall,2,ecmwf,0.3721,1.1466,-0.1971,720
Ahmedabad,rainfall,2,gem,0.3403,1.2845,-0.0697,720
Ahmedabad,rainfall,2,gfs,0.2293,0.801,0.134,720
Ahmedabad,rainfall,2,icon,0.2539,0.7444,-0.0164,720
Ahmedabad,rainfall,2,jma,0.2656,0.7418,-0.0175,720
Ahmedabad,rainfall,2,ukmo,0.3192,0.9224,-0.0897,720
Ahmedabad,rainfall,3,ecmwf,0.3793,1.4884,-0.1888,720
Ahmedabad,rainfall,3,gem,0.3242,0.9607,0.0286,720
Ahmedabad,rainfall,3,gfs,0.2283,0.8695,0.1322,720
Ahmedabad,rainfall,3,icon,0.4465,1.566,-0.201,720
Ahmedabad,rainfall,3,jma,0.2944,0.7926,-0.0458,720
Ahmedabad,rainfall,3,ukmo,0.4332,1.4513,-0.2426,720
Ahmedabad,temperature,1,ecmwf,0.8133,1.0594,0.5906,720
Ahmedabad,temperature,1,gem,1.3118,1.6056,1.1426,720
Ahmedabad,temperature,1,gfs,1.1907,1.47,-0.7835,720
Ahmedabad,temperature,1,icon,0.7111,0.9756,0.2403,720
Ahmedabad,temperature,1,jma,1.0394,1.2365,-0.2764,720
Ahmedabad,temperature,1,ukmo,0.9307,1.2278,-0.2801,720
Ahmedabad,temperature,2,ecmwf,0.9488,1.1746,0.6599,720
Ahmedabad,temperature,2,gem,1.419,1.7116,1.2179,720
Ahmedabad,temperature,2,gfs,1.115,1.464,-0.3447,720
Ahmedabad,temperature,2,icon,0.8697,1.1677,0.4236,720
Ahmedabad,temperature,2,jma,1.0212,1.302,-0.1676,720
Ahmedabad,temperature,2,ukmo,0.9604,1.2375,-0.1632,720
Ahmedabad,temperature,3,ecmwf,0.9622,1.2331,0.7356,720
Ahmedabad,temperature,3,gem,1.4356,1.736,1.2117,720
Ahmedabad,temperature,3,gfs,1.0843,1.4465,-0.279,720
Ahmedabad,temperature,3,icon,0.8942,1.2205,0.5669,720
Ahmedabad,temperature,3,jma,1.1315,1.4962,-0.0704,720
Ahmedabad,temperature,3,ukmo,1.0176,1.3321,-0.1137,720
Ahmedabad,wind_speed,1,ecmwf,2.2654,2.891,-1.5993,720
Ahmedabad,wind_speed,1,gem,3.495,4.3653,-2.3406,720
Ahmedabad,wind_speed,1,gfs,7.3251,8.0838,-7.1521,720
Ahmedabad,wind_speed,1,icon,1.9407,2.4962,1.2599,720
Ahmedabad,wind_speed,1,jma,2.2242,2.8106,-1.0664,720
Ahmedabad,wind_speed,1,ukmo,2.6851,3.2854,-2.2635,720
Ahmedabad,wind_speed,2,ecmwf,2.4799,3.214,-1.814,720
Ahmedabad,wind_speed,2,gem,3.461,4.299,-2.291,720
Ahmedabad,wind_speed,2,gfs,7.8657,8.7006,-7.7521,720
Ahmedabad,wind_speed,2,icon,1.9665,2.5444,0.9624,720
Ahmedabad,wind_speed,2,jma,2.4024,2.9921,-0.7971,720
Ahmedabad,wind_speed,2,ukmo,3.249,3.8696,-2.8438,720
Ahmedabad,wind_speed,3,ecmwf,2.8963,3.8784,-2.2124,720
Ahmedabad,wind_speed,3,gem,3.3819,4.17,-1.8583,720
Ahmedabad,wind_speed,3,gfs,7.8665,8.6175,-7.7751,720
Ahmedabad,wind_speed,3,icon,1.9829,2.5479,0.9468,720
Ahmedabad,wind_speed,3,jma,2.5819,3.2417,-0.4528,720
Ahmedabad,wind_speed,3,ukmo,3.5732,4.1957,-3.1624,720
Amritsar,rainfall,1,ecmwf,0.3481,0.9924,-0.1231,720
Amritsar,rainfall,1,gem,0.4942,1.465,-0.2311,720
Amritsar,rainfall,1,gfs,0.3782,2.1318,-0.044,720
Amritsar,rainfall,1,icon,0.3979,1.0569,-0.1354,720
Amritsar,rainfall,1,jma,0.4358,1.7673,-0.0964,720
Amritsar,rainfall,1,ukmo,0.3693,1.0729,-0.0588,720
Amritsar,rainfall,2,ecmwf,0.3601,0.9858,-0.1118,720
Amritsar,rainfall,2,gem,0.4728,1.625,-0.1708,720
Amritsar,rainfall,2,gfs,0.3681,1.478,-0.0206,720
Amritsar,rainfall,2,icon,0.3468,0.9814,-0.0562,720
Amritsar,rainfall,2,jma,0.3836,0.9789,-0.0814,720
Amritsar,rainfall,2,ukmo,0.2632,0.9204,0.0668,720
Amritsar,rainfall,3,ecmwf,0.3531,0.9591,-0.1039,720
Amritsar,rainfall,3,gem,0.4715,2.0437,-0.1749,720
Amritsar,rainfall,3,gfs,0.3412,1.0904,-0.0438,720
Amritsar,rainfall,3,icon,0.3558,0.9726,-0.0542,720
Amritsar,rainfall,3,jma,0.4828,1.0066,-0.2331,720
Amritsar,rainfall,3,ukmo,0.2586,0.9311,0.0872,720
Amritsar,temperature,1,ecmwf,1.0276,1.2995,0.8201,720
Amritsar,temperature,1,gem,1.9788,2.4521,1.3246,720
Amritsar,temperature,1,gfs,2.0965,2.6756,-1.3885,720
Amritsar,temperature,1,icon,0.9903,1.2644,-0.21,720
Amritsar,temperature,1,jma,2.3915,2.9062,-1.974,720
Amritsar,temperature,1,ukmo,1.8557,2.2098,-1.434,720
Amritsar,temperature,2,ecmwf,1.0944,1.3546,0.9108,720
Amritsar,temperature,2,gem,1.8685,2.3612,1.2171,720
Amritsar,temperature,2,gfs,1.9162,2.4396,-1.0401,720
Amritsar,temperature,2,icon,0.9849,1.298,0.0082,720
Amritsar,temperature,2,jma,1.9476,2.4225,-1.5196,720
Amritsar,temperature,2,ukmo,2.2025,2.6939,-1.9892,720
Amritsar,temperature,3,ecmwf,1.2182,1.4931,0.9837,720
Amritsar,temperature,3,gem,2.1019,2.5503,1.3944,720
Amritsar,temperature,3,gfs,1.7918,2.318,-1.0888,720
Amritsar,temperature,3,icon,1.0212,1.3647,-0.0526,720
Amritsar,temperature,3,jma,1.639,2.0498,-0.8554,720
Amritsar,temperature,3,ukmo,2.4869,3.088,-2.3547,720
Amritsar,wind_speed,1,ecmwf,2.3908,3.0643,0.4969,720
Amritsar,wind_speed,1,gem,3.7769,4.7659,-2.2472,720
Amritsar,wind_speed,1,gfs,5.4922,6.5673,-4.8297,720
Amritsar,wind_speed,1,icon,2.3835,3.1067,0.8457,720
Amritsar,wind_speed,1,jma,2.4476,3.1541,1.0382,720
Amritsar,wind_speed,1,ukmo,2.8629,3.6362,-1.3135,720
Amritsar,wind_speed,2,ecmwf,2.3075,3.0713,0.0969,720
Amritsar,wind_speed,2,gem,3.5403,4.5766,-2.0772,720
Amritsar,wind_speed,2,gfs,5.376,6.5896,-4.756,720
Amritsar,wind_speed,2,icon,2.5135,3.1961,0.471,720
Amritsar,wind_speed,2,jma,2.3203,2.996,0.4858,720
Amritsar,wind_speed,2,ukmo,2.9708,3.8465,-1.3317,720
Amritsar,wind_speed,3,ecmwf,2.4774,3.2035,0.3576,720
Amritsar,wind_speed,3,gem,3.9186,4.9957,-1.9986,720
Amritsar,wind_speed,3,gfs,5.9022,7.1847,-5.43,720
Amritsar,wind_speed,3,icon,2.5757,3.276,0.354,720
Amritsar,wind_speed,3,jma,2.4539,3.1875,0.4611,720
Amritsar,wind_speed,3,ukmo,3.279,4.3195,-1.969,720
Bengaluru,rainfall,1,ecmwf,0.2156,0.6459,0.0711,720
Bengaluru,rainfall,1,gem,0.2736,0.7609,0.1703,720
Bengaluru,rainfall,1,gfs,0.2547,0.7503,0.2306,720
Bengaluru,rainfall,1,icon,0.2421,0.7011,0.1954,720
Bengaluru,rainfall,1,jma,0.2499,0.7583,0.249,720
Bengaluru,rainfall,1,ukmo,0.2672,0.6756,0.0525,720
Bengaluru,rainfall,2,ecmwf,0.2179,0.6476,0.1199,720
Bengaluru,rainfall,2,gem,0.2807,0.7883,0.1774,720
Bengaluru,rainfall,2,gfs,0.2524,0.7556,0.2388,720
Bengaluru,rainfall,2,icon,0.2454,0.7155,0.191,720
Bengaluru,rainfall,2,jma,0.2557,0.7622,0.2432,720
Bengaluru,rainfall,2,ukmo,0.305,0.7396,-0.0275,720
Bengaluru,rainfall,3,ecmwf,0.231,0.6677,0.1007,720
Bengaluru,rainfall,3,gem,0.2975,0.8231,0.1561,720
Bengaluru,rainfall,3,gfs,0.2482,0.7454,0.2365,720
Bengaluru,rainfall,3,icon,0.2486,0.6887,0.1814,720
Bengaluru,rainfall,3,jma,0.2607,0.7653,0.2382,720
Bengaluru,rainfall,3,ukmo,0.2793,0.6657,-0.0146,720
Bengaluru,temperature,1,ecmwf,0.7408,1.0427,0.2083,720
Bengaluru,temperature,1,gem,1.1796,1.5145,0.2868,720
Bengaluru,temperature,1,gfs,1.0667,1.5129,-0.6456,720
Bengaluru,temperature,1,icon,0.8524,1.1858,-0.1518,720
Bengaluru,temperature,1,jma,1.1468,1.396,-0.6999,720
Bengaluru,temperature,1,ukmo,0.7846,1.0687,-0.021,720
Bengaluru,temperature,2,ecmwf,0.7697,1.1008,0.0333,720
Bengaluru,temperature,2,gem,1.2707,1.6822,0.1307,720
Bengaluru,temperature,2,gfs,1.1468,1.581,-0.7254,720
Bengaluru,temperature,2,icon,0.8889,1.2178,-0.1133,720
Bengaluru,temperature,2,jma,1.0475,1.3343,-0.3897,720
Bengaluru,temperature,2,ukmo,0.804,1.1111,0.176,720
Bengaluru,temperature,3,ecmwf,0.8261,1.1581,0.1064,720
Bengaluru,temperature,3,gem,1.3151,1.7834,0.0213,720
Bengaluru,temperature,3,gfs,1.2032,1.6542,-0.7729,720
Bengaluru,temperature,3,icon,0.8922,1.2143,-0.1364,720
Bengaluru,temperature,3,jma,1.0294,1.3357,-0.2819,720
Bengaluru,temperature,3,ukmo,0.7922,1.0723,0.1097,720
Bengaluru,wind_speed,1,ecmwf,2.5846,3.2172,-2.0321,720
Bengaluru,wind_speed,1,gem,4.9469,6.08,-4.4486,720
Bengaluru,wind_speed,1,gfs,7.7312,8.177,-7.7251,720
Bengaluru,wind_speed,1,icon,2.1476,2.6304,1.3804,720
Bengaluru,wind_speed,1,jma,1.7669,2.3019,-0.8353,720
Bengaluru,wind_speed,1,ukmo,3.0232,3.6621,-2.8899,720
Bengaluru,wind_speed,2,ecmwf,2.8699,3.5602,-2.4879,720
Bengaluru,wind_speed,2,gem,5.2735,6.4132,-4.8726,720
Bengaluru,wind_speed,2,gfs,7.9769,8.4197,-7.9628,720
Bengaluru,wind_speed,2,icon,2.16,2.6263,1.2881,720
Bengaluru,wind_speed,2,jma,1.8017,2.4101,-0.9794,720
Bengaluru,wind_speed,2,ukmo,3.0569,3.6572,-2.9019,720
Bengaluru,wind_speed,3,ecmwf,3.1983,3.9683,-2.7722,720
Bengaluru,wind_speed,3,gem,5.0807,6.1639,-4.6451,720
Bengaluru,wind_speed,3,gfs,7.7804,8.2906,-7.7804,720
Bengaluru,wind_speed,3,icon,2.1806,2.6401,1.2169,720
Bengaluru,wind_speed,3,jma,2.0251,2.6468,-1.4004,720
Bengaluru,wind_speed,3,ukmo,3.6989,4.3357,-3.6419,720
Bhopal,rainfall,1,ecmwf,0.5076,0.9877,-0.1285,720
Bhopal,rainfall,1,gem,0.5974,1.6143,0.0179,720
Bhopal,rainfall,1,gfs,0.8279,2.0349,-0.2471,720
Bhopal,rainfall,1,icon,0.5922,1.3882,-0.0572,720
Bhopal,rainfall,1,jma,0.5571,1.2269,0.0207,720
Bhopal,rainfall,1,ukmo,0.5635,1.1661,-0.0985,720
Bhopal,rainfall,2,ecmwf,0.6578,1.2833,-0.2189,720
Bhopal,rainfall,2,gem,0.8749,2.1956,-0.166,720
Bhopal,rainfall,2,gfs,0.6365,1.6239,0.0174,720
Bhopal,rainfall,2,icon,0.6404,1.4732,-0.0243,720
Bhopal,rainfall,2,jma,0.6257,1.3062,-0.0385,720
Bhopal,rainfall,2,ukmo,0.6633,1.3726,-0.2619,720
Bhopal,rainfall,3,ecmwf,0.9518,2.152,-0.3443,720
Bhopal,rainfall,3,gem,0.7972,1.9953,-0.1728,720
Bhopal,rainfall,3,gfs,0.4796,1.2938,0.2463,720
Bhopal,rainfall,3,icon,0.9529,2.1346,-0.2812,720
Bhopal,rainfall,3,jma,0.6415,1.3119,-0.0343,720
Bhopal,rainfall,3,ukmo,0.724,1.4541,-0.1335,720
Bhopal,temperature,1,ecmwf,0.6982,0.9486,0.1893,720
Bhopal,temperature,1,gem,0.9239,1.2064,0.6811,720
Bhopal,temperature,1,gfs,1.3404,1.6982,1.1693,720
Bhopal,temperature,1,icon,0.7943,1.0826,0.5062,720
Bhopal,temperature,1,jma,1.1206,1.3202,-0.6581,720
Bhopal,temperature,1,ukmo,0.866,1.1486,-0.4649,720
Bhopal,temperature,2,ecmwf,0.7061,0.9795,0.3308,720
Bhopal,temperature,2,gem,1.0025,1.2998,0.8064,720
Bhopal,temperature,2,gfs,1.8474,2.1994,1.7793,720
Bhopal,temperature,2,icon,1.0289,1.3863,0.8503,720
Bhopal,temperature,2,jma,0.9618,1.1365,-0.5654,720
Bhopal,temperature,2,ukmo,0.8849,1.1429,-0.2351,720
Bhopal,temperature,3,ecmwf,0.8335,1.1477,0.3668,720
Bhopal,temperature,3,gem,1.2582,1.6369,1.0293,720
Bhopal,temperature,3,gfs,1.8204,2.1912,1.6774,720
Bhopal,temperature,3,icon,1.2449,1.7012,0.9582,720
Bhopal,temperature,3,jma,0.9579,1.1649,-0.4524,720
Bhopal,temperature,3,ukmo,0.9318,1.2216,-0.2315,720
Bhopal,wind_speed,1,ecmwf,2.0949,2.7384,0.2871,720
Bhopal,wind_speed,1,gem,3.7221,4.5121,-2.5332,720
Bhopal,wind_speed,1,gfs,5.4664,6.4885,-5.0908,720
Bhopal,wind_speed,1,icon,2.5011,3.1203,1.5761,720
Bhopal,wind_speed,1,jma,3.5206,4.2056,3.1953,720
Bhopal,wind_speed,1,ukmo,2.1526,2.7154,-0.9382,720
Bhopal,wind_speed,2,ecmwf,2.2447,2.9319,-0.3564,720
Bhopal,wind_speed,2,gem,4.446,5.4308,-2.7157,720
Bhopal,wind_speed,2,gfs,5.449,6.5676,-4.8562,720
Bhopal,wind_speed,2,icon,2.4108,3.0858,0.9408,720
Bhopal,wind_speed,2,jma,3.4964,4.3378,3.1103,720
Bhopal,wind_speed,2,ukmo,2.5714,3.2045,-1.3608,720
Bhopal,wind_speed,3,ecmwf,2.4957,3.2829,-0.869,720
Bhopal,wind_speed,3,gem,4.5325,5.4941,-2.6436,720
Bhopal,wind_speed,3,gfs,5.0265,6.152,-4.2893,720
Bhopal,wind_speed,3,icon,2.7168,3.447,0.869,720
Bhopal,wind_speed,3,jma,3.634,4.4515,3.3468,720
Bhopal,wind_speed,3,ukmo,3.0219,3.7411,-2.25,720
Bhubaneswar,rainfall,1,ecmwf,0.9436,1.9126,0.2869,720
Bhubaneswar,rainfall,1,gem,1.3056,2.6934,0.2786,720
Bhubaneswar,rainfall,1,gfs,0.9997,2.1173,0.4828,720
Bhubaneswar,rainfall,1,icon,1.0176,1.9347,0.4357,720
Bhubaneswar,rainfall,1,jma,0.9392,1.7852,0.2628,720
Bhubaneswar,rainfall,1,ukmo,1.0596,2.0042,0.2418,720
Bhubaneswar,rainfall,2,ecmwf,0.9588,1.8707,0.3765,720
Bhubaneswar,rainfall,2,gem,1.1218,2.2766,0.5099,720
Bhubaneswar,rainfall,2,gfs,0.9824,1.9564,0.6326,720
Bhubaneswar,rainfall,2,icon,1.0697,2.2866,0.4306,720
Bhubaneswar,rainfall,2,jma,0.9458,1.8054,0.3228,720
Bhubaneswar,rainfall,2,ukmo,1.0379,2.0293,0.2715,720
Bhubaneswar,rainfall,3,ecmwf,0.9624,1.9813,0.519,720
Bhubaneswar,rainfall,3,gem,1.2678,2.9925,0.4364,720
Bhubaneswar,rainfall,3,gfs,0.9574,1.9889,0.7265,720
Bhubaneswar,rainfall,3,icon,1.0126,2.0147,0.614,720
Bhubaneswar,rainfall,3,jma,0.9061,1.8144,0.3561,720
Bhubaneswar,rainfall,3,ukmo,1.1331,2.2351,0.1719,720
Bhubaneswar,temperature,1,ecmwf,0.8907,1.134,0.4901,720
Bhubaneswar,temperature,1,gem,1.5968,1.9661,1.1021,720
Bhubaneswar,temperature,1,gfs,1.2894,1.7331,-0.7508,720
Bhubaneswar,temperature,1,icon,0.9039,1.2053,-0.2639,720
Bhubaneswar,temperature,1,jma,1.0564,1.3458,-0.5242,720
Bhubaneswar,temperature,1,ukmo,1.0083,1.2724,-0.4989,720
Bhubaneswar,temperature,2,ecmwf,1.0172,1.3648,0.3664,720
Bhubaneswar,temperature,2,gem,1.5526,1.84,1.0743,720
Bhubaneswar,temperature,2,gfs,1.2411,1.6914,-0.5725,720
Bhubaneswar,temperature,2,icon,0.9465,1.2528,-0.1418,720
Bhubaneswar,temperature,2,jma,1.0682,1.3221,-0.4629,720
Bhubaneswar,temperature,2,ukmo,1.0642,1.3654,-0.2919,720
Bhubaneswar,temperature,3,ecmwf,1.0311,1.3443,0.0386,720
Bhubaneswar,temperature,3,gem,1.5158,1.8523,1.0378,720
Bhubaneswar,temperature,3,gfs,1.3179,1.7713,-0.6004,720
Bhubaneswar,temperature,3,icon,1.0781,1.4443,-0.2431,720
Bhubaneswar,temperature,3,jma,1.0453,1.2768,-0.3758,720
Bhubaneswar,temperature,3,ukmo,1.1072,1.4643,-0.3814,720
Bhubaneswar,wind_speed,1,ecmwf,2.4458,3.1728,0.3836,720
Bhubaneswar,wind_speed,1,gem,3.8122,4.781,-1.4222,720
Bhubaneswar,wind_speed,1,gfs,3.7514,4.6513,-1.9608,720
Bhubaneswar,wind_speed,1,icon,4.4414,5.3013,3.9803,720
Bhubaneswar,wind_speed,1,jma,3.9546,4.9864,3.2782,720
Bhubaneswar,wind_speed,1,ukmo,2.4329,3.1303,0.3901,720
Bhubaneswar,wind_speed,2,ecmwf,2.9346,3.7059,0.7629,720
Bhubaneswar,wind_speed,2,gem,4.2446,5.5107,-1.7001,720
Bhubaneswar,wind_speed,2,gfs,4.3226,5.3931,-2.7029,720
Bhubaneswar,wind_speed,2,icon,4.4104,5.2585,3.889,720
Bhubaneswar,wind_speed,2,jma,4.5146,5.5883,3.694,720
Bhubaneswar,wind_speed,2,ukmo,2.8838,3.638,-0.614,720
Bhubaneswar,wind_speed,3,ecmwf,3.5003,4.5283,1.0169,720
Bhubaneswar,wind_speed,3,gem,4.0804,5.3146,-1.3524,720
Bhubaneswar,wind_speed,3,gfs,4.2251,5.3318,-2.2762,720
Bhubaneswar,wind_speed,3,icon,4.4475,5.4437,3.7683,720
Bhubaneswar,wind_speed,3,jma,4.7385,5.8618,3.9679,720
Bhubaneswar,wind_speed,3,ukmo,2.8276,3.5558,-0.7646,720
Chandigarh,rainfall,1,ecmwf,0.361,0.8332,-0.111,720
Chandigarh,rainfall,1,gem,0.4481,1.4525,-0.1319,720
Chandigarh,rainfall,1,gfs,0.3086,0.7941,-0.0106,720
Chandigarh,rainfall,1,icon,0.3546,0.9027,-0.0579,720
Chandigarh,rainfall,1,jma,0.2801,0.6933,0.0157,720
Chandigarh,rainfall,1,ukmo,0.3281,0.9226,-0.0667,720
Chandigarh,rainfall,2,ecmwf,0.3768,0.8659,-0.1243,720
Chandigarh,rainfall,2,gem,0.3372,0.9801,-0.0206,720
Chandigarh,rainfall,2,gfs,0.384,0.8615,-0.1082,720
Chandigarh,rainfall,2,icon,0.3964,0.93,-0.1075,720
Chandigarh,rainfall,2,jma,0.3168,0.7442,-0.0326,720
Chandigarh,rainfall,2,ukmo,0.4029,0.9239,-0.1446,720
Chandigarh,rainfall,3,ecmwf,0.3767,0.8857,-0.1414,720
Chandigarh,rainfall,3,gem,0.4403,1.375,-0.1178,720
Chandigarh,rainfall,3,gfs,0.4604,1.0004,-0.1812,720
Chandigarh,rainfall,3,icon,0.3567,0.8391,-0.0631,720
Chandigarh,rainfall,3,jma,0.2846,0.7334,0.0232,720
Chandigarh,rainfall,3,ukmo,0.3475,0.8792,-0.0844,720
Chandigarh,temperature,1,ecmwf,1.0331,1.359,0.5197,720
Chandigarh,temperature,1,gem,1.7354,2.2217,1.1726,720
Chandigarh,temperature,1,gfs,1.6083,2.0938,-1.0692,720
Chandigarh,temperature,1,icon,1.381,1.7314,-0.9735,720
Chandigarh,temperature,1,jma,1.4793,1.8241,-0.6518,720
Chandigarh,temperature,1,ukmo,1.026,1.3397,-0.1529,720
Chandigarh,temperature,2,ecmwf,1.0708,1.3911,0.6594,720
Chandigarh,temperature,2,gem,1.7619,2.1963,1.0467,720
Chandigarh,temperature,2,gfs,1.4887,1.9553,-0.781,720
Chandigarh,temperature,2,icon,1.1611,1.4936,-0.5781,720
Chandigarh,temperature,2,jma,1.3789,1.7478,-0.5819,720
Chandigarh,temperature,2,ukmo,1.1461,1.4785,-0.3139,720
Chandigarh,temperature,3,ecmwf,1.1154,1.461,0.6688,720
Chandigarh,temperature,3,gem,2.0413,2.501,1.4776,720
Chandigarh,temperature,3,gfs,1.4004,1.8701,-0.4776,720
Chandigarh,temperature,3,icon,1.1758,1.531,-0.6283,720
Chandigarh,temperature,3,jma,1.3325,1.6845,-0.5308,720
Chandigarh,temperature,3,ukmo,1.1976,1.5622,-0.5088,720
Chandigarh,wind_speed,1,ecmwf,2.8344,3.574,0.305,720
Chandigarh,wind_speed,1,gem,3.7853,4.7623,-1.6083,720
Chandigarh,wind_speed,1,gfs,4.6228,5.8167,-3.2958,720
Chandigarh,wind_speed,1,icon,3.1978,3.9261,1.6256,720
Chandigarh,wind_speed,1,jma,3.0699,3.838,1.2118,720
Chandigarh,wind_speed,1,ukmo,2.7849,3.5709,0.0457,720
Chandigarh,wind_speed,2,ecmwf,3.0249,3.8423,0.1074,720
Chandigarh,wind_speed,2,gem,3.7271,4.7674,-1.5493,720
Chandigarh,wind_speed,2,gfs,4.9393,6.4823,-3.546,720
Chandigarh,wind_speed,2,icon,3.1886,3.9622,1.7011,720
Chandigarh,wind_speed,2,jma,2.9767,3.7022,0.9397,720
Chandigarh,wind_speed,2,ukmo,3.0143,3.7186,-0.2279,720
Chandigarh,wind_speed,3,ecmwf,3.1376,3.9866,0.091,720
Chandigarh,wind_speed,3,gem,4.0094,5.1078,-1.6917,720
Chandigarh,wind_speed,3,gfs,5.3118,7.1126,-3.8251,720
Chandigarh,wind_speed,3,icon,3.3335,4.2057,1.6815,720
Chandigarh,wind_speed,3,jma,3.1029,3.8828,0.589,720
Chandigarh,wind_speed,3,ukmo,3.0179,3.7961,-0.4929,720
Chennai,rainfall,1,ecmwf,0.2811,0.6832,-0.0989,720
Chennai,rainfall,1,gem,0.1947,0.5731,0.0603,720
Chennai,rainfall,1,gfs,0.1621,0.5779,0.1462,720
Chennai,rainfall,1,icon,0.1589,0.556,0.1217,720
Chennai,rainfall,1,jma,0.2812,0.6475,-0.0301,720
Chennai,rainfall,1,ukmo,0.2088,0.6167,0.049,720
Chennai,rainfall,2,ecmwf,0.2535,0.7407,-0.036,720
Chennai,rainfall,2,gem,0.1739,0.5553,0.0886,720
Chennai,rainfall,2,gfs,0.1585,0.5747,0.1521,720
Chennai,rainfall,2,icon,0.1947,0.6461,0.0972,720
Chennai,rainfall,2,jma,0.3015,0.6911,-0.0426,720
Chennai,rainfall,2,ukmo,0.2444,0.6445,-0.0094,720
Chennai,rainfall,3,ecmwf,0.2486,0.658,-0.0272,720
Chennai,rainfall,3,gem,0.1638,0.5402,0.0962,720
Chennai,rainfall,3,gfs,0.1607,0.5777,0.1482,720
Chennai,rainfall,3,icon,0.1844,0.5968,0.1039,720
Chennai,rainfall,3,jma,0.304,0.8198,-0.0235,720
Chennai,rainfall,3,ukmo,0.2267,0.6091,0.0206,720
Chennai,temperature,1,ecmwf,1.2889,1.6354,0.8567,720
Chennai,temperature,1,gem,1.4444,1.8001,1.1072,720
Chennai,temperature,1,gfs,2.1857,2.6075,-2.1085,720
Chennai,temperature,1,icon,1.2357,1.7725,-0.5885,720
Chennai,temperature,1,jma,1.8379,2.2691,0.6407,720
Chennai,temperature,1,ukmo,1.3535,1.6976,-0.7218,720
Chennai,temperature,2,ecmwf,1.2961,1.6866,0.7386,720
Chennai,temperature,2,gem,1.3821,1.7847,0.9596,720
Chennai,temperature,2,gfs,2.0911,2.5306,-1.9847,720
Chennai,temperature,2,icon,1.2931,1.8514,-0.6417,720
Chennai,temperature,2,jma,1.9258,2.329,0.4511,720
Chennai,temperature,2,ukmo,1.3188,1.7143,-0.6943,720
Chennai,temperature,3,ecmwf,1.4093,1.7738,0.8182,720
Chennai,temperature,3,gem,1.3158,1.7058,0.8828,720
Chennai,temperature,3,gfs,2.0288,2.4771,-1.9385,720
Chennai,temperature,3,icon,1.3951,1.9515,-0.7168,720
Chennai,temperature,3,jma,1.9868,2.4178,0.3754,720
Chennai,temperature,3,ukmo,1.4265,1.8125,-0.8315,720
Chennai,wind_speed,1,ecmwf,3.0818,4.0069,-0.9918,720
Chennai,wind_speed,1,gem,5.7147,6.9943,-4.1597,720
Chennai,wind_speed,1,gfs,7.9247,9.0151,-7.3686,720
Chennai,wind_speed,1,icon,4.0171,4.8717,3.1654,720
Chennai,wind_speed,1,jma,11.4858,13.1094,-10.8914,720
Chennai,wind_speed,1,ukmo,5.5586,6.6603,-4.7111,720
Chennai,wind_speed,2,ecmwf,3.1512,4.1422,-1.4996,720
Chennai,wind_speed,2,gem,6.1814,7.5308,-4.5219,720
Chennai,wind_speed,2,gfs,7.7446,9.0215,-7.3785,720
Chennai,wind_speed,2,icon,4.1861,5.1173,3.2581,720
Chennai,wind_speed,2,jma,11.5628,13.1709,-11.2828,720
Chennai,wind_speed,2,ukmo,5.944,7.1056,-5.5538,720
Chennai,wind_speed,3,ecmwf,3.3685,4.3891,-1.4721,720
Chennai,wind_speed,3,gem,6.3017,7.7614,-5.0353,720
Chennai,wind_speed,3,gfs,7.7157,8.973,-7.2474,720
Chennai,wind_speed,3,icon,4.1615,5.0998,3.2443,720
Chennai,wind_speed,3,jma,12.3019,13.8721,-11.8575,720
Chennai,wind_speed,3,ukmo,5.5726,6.6609,-5.1674,720
Coimbatore,rainfall,1,ecmwf,0.2037,0.6699,0.0968,720
Coimbatore,rainfall,1,gem,0.2414,0.7451,0.1781,720
Coimbatore,rainfall,1,gfs,0.2375,0.7519,0.19,720
Coimbatore,rainfall,1,icon,0.2238,0.7497,0.2146,720
Coimbatore,rainfall,1,jma,0.2274,0.7365,0.1885,720
Coimbatore,rainfall,1,ukmo,0.2215,0.7234,0.1685,720
Coimbatore,rainfall,2,ecmwf,0.2378,0.774,0.0714,720
Coimbatore,rainfall,2,gem,0.2433,0.7416,0.1769,720
Coimbatore,rainfall,2,gfs,0.2412,0.7561,0.1932,720
Coimbatore,rainfall,2,icon,0.2279,0.7536,0.199,720
Coimbatore,rainfall,2,jma,0.2218,0.7449,0.2101,720
Coimbatore,rainfall,2,ukmo,0.2229,0.7594,0.1171,720
Coimbatore,rainfall,3,ecmwf,0.2179,0.6979,0.1035,720
Coimbatore,rainfall,3,gem,0.2528,0.7448,0.1692,720
Coimbatore,rainfall,3,gfs,0.2254,0.7416,0.196,720
Coimbatore,rainfall,3,icon,0.2219,0.7489,0.2128,720
Coimbatore,rainfall,3,jma,0.2218,0.7486,0.2168,720
Coimbatore,rainfall,3,ukmo,0.2311,0.7485,0.1458,720
Coimbatore,temperature,1,ecmwf,0.8167,1.0274,0.5325,720
Coimbatore,temperature,1,gem,0.805,1.1606,-0.2386,720
Coimbatore,temperature,1,gfs,0.9381,1.3808,-0.4583,720
Coimbatore,temperature,1,icon,1.0562,1.2767,-0.9301,720
Coimbatore,temperature,1,jma,0.8457,1.1481,0.0601,720
Coimbatore,temperature,1,ukmo,1.4411,1.8984,-1.3039,720
Coimbatore,temperature,2,ecmwf,0.856,1.1041,0.4621,720
Coimbatore,temperature,2,gem,0.7821,1.085,-0.1363,720
Coimbatore,temperature,2,gfs,1.1499,1.6524,-0.5024,720
Coimbatore,temperature,2,icon,1.0818,1.3271,-0.9576,720
Coimbatore,temperature,2,jma,0.8932,1.2359,0.351,720
Coimbatore,temperature,2,ukmo,1.4122,1.8467,-1.3072,720
Coimbatore,temperature,3,ecmwf,0.8714,1.1021,0.4961,720
Coimbatore,temperature,3,gem,0.7811,1.0935,-0.1764,720
Coimbatore,temperature,3,gfs,1.2292,1.7201,-0.5281,720
Coimbatore,temperature,3,icon,1.0315,1.2914,-0.9504,720
Coimbatore,temperature,3,jma,0.9408,1.3031,0.5114,720
Coimbatore,temperature,3,ukmo,1.614,2.0416,-1.5024,720
Coimbatore,wind_speed,1,ecmwf,1.7554,2.2608,-1.1346,720
Coimbatore,wind_speed,1,gem,8.1717,8.6347,-8.1653,720
Coimbatore,wind_speed,1,gfs,3.7817,4.3618,-3.5183,720
Coimbatore,wind_speed,1,icon,2.8579,3.4244,0.4007,720
Coimbatore,wind_speed,1,jma,2.1724,2.7296,-1.1471,720
Coimbatore,wind_speed,1,ukmo,5.5725,6.6422,1.5033,720
Coimbatore,wind_speed,2,ecmwf,2.0156,2.5897,-1.3186,720
Coimbatore,wind_speed,2,gem,8.7061,9.1647,-8.7008,720
Coimbatore,wind_speed,2,gfs,3.9067,4.5052,-3.6325,720
Coimbatore,wind_speed,2,icon,2.9568,3.5629,0.3335,720
Coimbatore,wind_speed,2,jma,2.7003,3.4267,-1.9942,720
Coimbatore,wind_speed,2,ukmo,5.3996,6.4555,1.1479,720
Coimbatore,wind_speed,3,ecmwf,2.2235,2.812,-1.5335,720
Coimbatore,wind_speed,3,gem,8.6317,9.1437,-8.6086,720
Coimbatore,wind_speed,3,gfs,3.5386,4.12,-3.0436,720
Coimbatore,wind_speed,3,icon,3.0803,3.7078,0.4072,720
Coimbatore,wind_speed,3,jma,2.8599,3.5439,-2.3176,720
Coimbatore,wind_speed,3,ukmo,5.7269,6.7137,1.2456,720
Dehradun,rainfall,1,ecmwf,0.5407,0.957,-0.0443,720
Dehradun,rainfall,1,gem,0.8164,1.6594,-0.3144,720
Dehradun,rainfall,1,gfs,0.7093,1.1222,-0.2418,720
Dehradun,rainfall,1,icon,0.6132,1.5049,-0.0007,720
Dehradun,rainfall,1,jma,0.8093,1.9049,-0.4035,720
Dehradun,rainfall,1,ukmo,0.7985,1.6336,-0.3188,720
Dehradun,rainfall,2,ecmwf,0.5907,1.0243,-0.0993,720
Dehradun,rainfall,2,gem,0.8021,1.7422,-0.2943,720
Dehradun,rainfall,2,gfs,0.6526,1.0623,-0.2176,720
Dehradun,rainfall,2,icon,0.5404,0.982,0.0604,720
Dehradun,rainfall,2,jma,0.9704,2.9756,-0.506,720
Dehradun,rainfall,2,ukmo,0.9135,2.0812,-0.4454,720
Dehradun,rainfall,3,ecmwf,0.5801,1.0221,-0.1126,720
Dehradun,rainfall,3,gem,0.7003,1.4241,-0.1247,720
Dehradun,rainfall,3,gfs,0.7186,1.1681,-0.2275,720
Dehradun,rainfall,3,icon,0.5386,1.0002,0.0481,720
Dehradun,rainfall,3,jma,0.6854,1.1707,-0.1068,720
Dehradun,rainfall,3,ukmo,0.9821,2.0674,-0.5588,720
Dehradun,temperature,1,ecmwf,0.8906,1.1431,0.4092,720
Dehradun,temperature,1,gem,0.8179,1.0996,-0.1965,720
Dehradun,temperature,1,gfs,0.9993,1.3541,-0.2449,720
Dehradun,temperature,1,icon,0.9736,1.2438,-0.4767,720
Dehradun,temperature,1,jma,1.2578,1.4861,-0.9592,720
Dehradun,temperature,1,ukmo,0.8904,1.2373,0.1068,720
Dehradun,temperature,2,ecmwf,0.9836,1.2498,0.6011,720
Dehradun,temperature,2,gem,0.9831,1.2899,-0.1742,720
Dehradun,temperature,2,gfs,1.0538,1.4544,-0.2029,720
Dehradun,temperature,2,icon,0.9431,1.1781,-0.2781,720
Dehradun,temperature,2,jma,1.2515,1.4881,-0.9551,720
Dehradun,temperature,2,ukmo,0.9728,1.3991,0.0439,720
Dehradun,temperature,3,ecmwf,1.0003,1.3149,0.575,720
Dehradun,temperature,3,gem,0.9683,1.3236,-0.1625,720
Dehradun,temperature,3,gfs,0.9951,1.3707,-0.0265,720
Dehradun,temperature,3,icon,0.9872,1.2207,-0.4033,720
Dehradun,temperature,3,jma,1.3121,1.5758,-1.001,720
Dehradun,temperature,3,ukmo,1.0192,1.4054,-0.0425,720
Dehradun,wind_speed,1,ecmwf,1.8989,2.4869,0.9675,720
Dehradun,wind_speed,1,gem,2.2132,2.7496,-0.3946,720
Dehradun,wind_speed,1,gfs,2.7207,3.2454,-1.6421,720
Dehradun,wind_speed,1,icon,1.7896,2.2898,0.151,720
Dehradun,wind_speed,1,jma,2.1362,2.7094,0.0682,720
Dehradun,wind_speed,1,ukmo,2.5339,3.1206,-1.4367,720
Dehradun,wind_speed,2,ecmwf,1.9843,2.5525,0.7812,720
Dehradun,wind_speed,2,gem,2.2283,2.8149,-0.1922,720
Dehradun,wind_speed,2,gfs,2.6307,3.1682,-1.6579,720
Dehradun,wind_speed,2,icon,1.8375,2.4048,0.4622,720
Dehradun,wind_speed,2,jma,2.1099,2.6984,-0.1888,720
Dehradun,wind_speed,2,ukmo,2.5362,3.0965,-1.2901,720
Dehradun,wind_speed,3,ecmwf,1.9799,2.5477,0.8726,720
Dehradun,wind_speed,3,gem,2.0837,2.6304,-0.3838,720
Dehradun,wind_speed,3,gfs,2.6361,3.1537,-1.4175,720
Dehradun,wind_speed,3,icon,1.8319,2.3937,0.4239,720
Dehradun,wind_speed,3,jma,2.254,2.8973,-0.1499,720
Dehradun,wind_speed,3,ukmo,2.6506,3.3201,-1.2108,720
Delhi,rainfall,1,ecmwf,0.444,1.0996,0.0718,720
Delhi,rainfall,1,gem,0.5825,2.2261,0.0811,720
Delhi,rainfall,1,gfs,0.3744,1.044,0.2228,720
Delhi,rainfall,1,icon,0.6832,1.5755,-0.1776,720
Delhi,rainfall,1,jma,0.495,1.1157,0.0447,720
Delhi,rainfall,1,ukmo,0.5329,1.3057,0.0315,720
Delhi,rainfall,2,ecmwf,0.5135,1.1593,-0.0532,720
Delhi,rainfall,2,gem,0.4672,1.2827,0.2061,720
Delhi,rainfall,2,gfs,0.4639,1.1869,0.1833,720
Delhi,rainfall,2,icon,0.5603,1.2225,-0.025,720
Delhi,rainfall,2,jma,0.5828,1.1398,-0.1303,720
Delhi,rainfall,2,ukmo,0.5139,1.2818,0.0794,720
Delhi,rainfall,3,ecmwf,0.5236,1.1817,-0.0211,720
Delhi,rainfall,3,gem,0.4968,1.3321,0.1899,720
Delhi,rainfall,3,gfs,0.4732,1.2623,0.1432,720
Delhi,rainfall,3,icon,0.5533,1.3149,0.0203,720
Delhi,rainfall,3,jma,0.6836,1.2279,-0.2244,720
Delhi,rainfall,3,ukmo,0.4928,1.2357,0.1525,720
Delhi,temperature,1,ecmwf,0.9786,1.2816,0.1778,720
Delhi,temperature,1,gem,1.6158,2.0197,0.9631,720
Delhi,temperature,1,gfs,4.3129,4.6845,-4.3112,720
Delhi,temperature,1,icon,1.0343,1.3435,-0.4251,720
Delhi,temperature,1,jma,1.926,2.3976,-1.671,720
Delhi,temperature,1,ukmo,2.0569,2.5745,-1.8036,720
Delhi,temperature,2,ecmwf,1.0915,1.4046,0.6301,720
Delhi,temperature,2,gem,1.4808,1.8555,0.6072,720
Delhi,temperature,2,gfs,4.0674,4.5599,-3.9496,720
Delhi,temperature,2,icon,1.0183,1.3371,-0.1661,720
Delhi,temperature,2,jma,1.7061,2.0964,-1.2789,720
Delhi,temperature,2,ukmo,2.3997,2.9777,-2.2319,720
Delhi,temperature,3,ecmwf,1.124,1.3954,0.5599,720
Delhi,temperature,3,gem,1.6456,2.0845,0.935,720
Delhi,temperature,3,gfs,4.0603,4.6931,-3.7972,720
Delhi,temperature,3,icon,1.1958,1.6066,-0.26,720
Delhi,temperature,3,jma,1.6892,2.0454,-1.1317,720
Delhi,temperature,3,ukmo,2.6068,3.1964,-2.3815,720
Delhi,wind_speed,1,ecmwf,2.3007,2.9189,0.5468,720
Delhi,wind_speed,1,gem,3.2064,4.1497,-1.3286,720
Delhi,wind_speed,1,gfs,5.8067,6.845,-5.3403,720
Delhi,wind_speed,1,icon,2.2532,2.9131,0.8679,720
Delhi,wind_speed,1,jma,2.6801,3.3696,0.1829,720
Delhi,wind_speed,1,ukmo,2.6164,3.3019,-0.8706,720
Delhi,wind_speed,2,ecmwf,2.3522,2.9642,0.51,720
Delhi,wind_speed,2,gem,3.1667,4.0185,-1.3586,720
Delhi,wind_speed,2,gfs,5.7626,6.8604,-5.2582,720
Delhi,wind_speed,2,icon,2.5386,3.1684,0.2481,720
Delhi,wind_speed,2,jma,2.6331,3.2684,0.3058,720
Delhi,wind_speed,2,ukmo,2.8713,3.6007,-1.3726,720
Delhi,wind_speed,3,ecmwf,2.5367,3.2421,0.6978,720
Delhi,wind_speed,3,gem,3.3614,4.1922,-1.2706,720
Delhi,wind_speed,3,gfs,6.035,7.2213,-5.4769,720
Delhi,wind_speed,3,icon,2.8243,3.5347,0.1629,720
Delhi,wind_speed,3,jma,2.576,3.2429,0.0943,720
Delhi,wind_speed,3,ukmo,3.0921,3.9213,-1.5112,720
Ghaziabad,rainfall,1,ecmwf,0.4065,0.8789,-0.0026,720
Ghaziabad,rainfall,1,gem,0.5632,2.3671,-0.0085,720
Ghaziabad,rainfall,1,gfs,0.3465,0.9027,0.1846,720
Ghaziabad,rainfall,1,icon,0.6168,1.4083,-0.2582,720
Ghaziabad,rainfall,1,jma,0.4378,0.877,0.0019,720
Ghaziabad,rainfall,1,ukmo,0.4764,1.1179,0.0208,720
Ghaziabad,rainfall,2,ecmwf,0.6117,1.6071,-0.1914,720
Ghaziabad,rainfall,2,gem,0.4364,1.2215,0.1453,720
Ghaziabad,rainfall,2,gfs,0.4715,1.0895,0.0629,720
Ghaziabad,rainfall,2,icon,0.5625,1.3373,-0.1139,720
Ghaziabad,rainfall,2,jma,0.5672,1.0129,-0.1631,720
Ghaziabad,rainfall,2,ukmo,0.4126,1.0251,0.1329,720
Ghaziabad,rainfall,3,ecmwf,0.4814,0.9952,-0.0231,720
Ghaziabad,rainfall,3,gem,0.4574,1.2801,0.1135,720
Ghaziabad,rainfall,3,gfs,0.5067,1.1656,0.0506,720
Ghaziabad,rainfall,3,icon,0.5133,1.1351,-0.0428,720
Ghaziabad,rainfall,3,jma,0.5447,0.9799,-0.1439,720
Ghaziabad,rainfall,3,ukmo,0.3818,0.9628,0.1796,720
Ghaziabad,temperature,1,ecmwf,0.9671,1.2366,0.4063,720
Ghaziabad,temperature,1,gem,1.5849,1.9837,1.0638,720
Ghaziabad,temperature,1,gfs,3.1882,3.718,-3.1282,720
Ghaziabad,temperature,1,icon,0.9399,1.237,-0.0135,720
Ghaziabad,temperature,1,jma,1.4953,1.9881,-1.13,720
Ghaziabad,temperature,1,ukmo,0.9331,1.293,-0.2447,720
Ghaziabad,temperature,2,ecmwf,1.1221,1.4147,0.7629,720
Ghaziabad,temperature,2,gem,1.3974,1.7491,0.6693,720
Ghaziabad,temperature,2,gfs,3.0785,3.6168,-2.7685,720
Ghaziabad,temperature,2,icon,0.9767,1.3021,0.2206,720
Ghaziabad,temperature,2,jma,1.4429,1.825,-0.8679,720
Ghaziabad,temperature,2,ukmo,1.1668,1.5765,-0.5588,720
Ghaziabad,temperature,3,ecmwf,1.0414,1.3036,0.6217,720
Ghaziabad,temperature,3,gem,1.5668,1.9782,1.0038,720
Ghaziabad,temperature,3,gfs,3.1347,3.8055,-2.6372,720
Ghaziabad,temperature,3,icon,1.0335,1.4101,0.1304,720
Ghaziabad,temperature,3,jma,1.4328,1.8147,-0.8578,720
Ghaziabad,temperature,3,ukmo,1.2881,1.7901,-0.72,720
Ghaziabad,wind_speed,1,ecmwf,2.6246,3.4072,0.6826,720
Ghaziabad,wind_speed,1,gem,3.8074,4.9512,-1.8882,720
Ghaziabad,wind_speed,1,gfs,4.346,5.4197,-3.3774,720
Ghaziabad,wind_speed,1,icon,2.6932,3.4969,1.1399,720
Ghaziabad,wind_speed,1,jma,2.8299,3.6572,1.5587,720
Ghaziabad,wind_speed,1,ukmo,2.8326,3.6154,-0.6524,720
Ghaziabad,wind_speed,2,ecmwf,2.7778,3.5799,0.7569,720
Ghaziabad,wind_speed,2,gem,3.7676,4.7858,-1.7176,720
Ghaziabad,wind_speed,2,gfs,4.2085,5.2161,-2.9799,720
Ghaziabad,wind_speed,2,icon,2.7967,3.5142,0.2469,720
Ghaziabad,wind_speed,2,jma,2.889,3.717,1.5318,720
Ghaziabad,wind_speed,2,ukmo,3.1762,3.9411,-1.2854,720
Ghaziabad,wind_speed,3,ecmwf,2.9853,3.8496,0.9786,720
Ghaziabad,wind_speed,3,gem,3.9383,4.9908,-1.6036,720
Ghaziabad,wind_speed,3,gfs,4.6047,5.7426,-3.4322,720
Ghaziabad,wind_speed,3,icon,3.0885,3.9239,0.1254,720
Ghaziabad,wind_speed,3,jma,2.7974,3.6365,1.4574,720
Ghaziabad,wind_speed,3,ukmo,3.1053,3.9822,-1.2589,720
Goa,rainfall,1,ecmwf,0.6847,1.1629,0.0903,720
Goa,rainfall,1,gem,0.9242,1.4135,0.0117,720
Goa,rainfall,1,gfs,0.6239,1.1301,0.2636,720
Goa,rainfall,1,icon,0.6351,1.1487,0.3771,720
Goa,rainfall,1,jma,0.6467,1.0364,-0.0206,720
Goa,rainfall,1,ukmo,1.4285,2.0617,-1.031,720
Goa,rainfall,2,ecmwf,0.6612,1.1516,0.0882,720
Goa,rainfall,2,gem,0.9251,1.429,0.1957,720
Goa,rainfall,2,gfs,0.6425,1.1123,0.1494,720
Goa,rainfall,2,icon,0.6404,1.1657,0.339,720
Goa,rainfall,2,jma,0.6794,1.0791,0.0003,720
Goa,rainfall,2,ukmo,1.456,2.0679,-1.0879,720
Goa,rainfall,3,ecmwf,0.7182,1.1974,0.1299,720
Goa,rainfall,3,gem,0.855,1.3485,0.1917,720
Goa,rainfall,3,gfs,0.6378,1.0974,0.1283,720
Goa,rainfall,3,icon,0.6551,1.1543,0.301,720
Goa,rainfall,3,jma,0.8078,1.1645,-0.2197,720
Goa,rainfall,3,ukmo,1.2658,1.8803,-0.8219,720
Goa,temperature,1,ecmwf,0.8031,1.0783,0.5692,720
Goa,temperature,1,gem,0.9628,1.3889,0.7836,720
Goa,temperature,1,gfs,0.7094,0.9026,0.2006,720
Goa,temperature,1,icon,0.7793,1.017,-0.0307,720
Goa,temperature,1,jma,0.7768,1.0228,-0.0168,720
Goa,temperature,1,ukmo,0.8846,1.1048,-0.0885,720
Goa,temperature,2,ecmwf,0.7856,1.0604,0.5372,720
Goa,temperature,2,gem,0.955,1.349,0.7297,720
Goa,temperature,2,gfs,0.7272,0.9533,0.2847,720
Goa,temperature,2,icon,0.7847,1.0477,0.1069,720
Goa,temperature,2,jma,0.8094,1.0616,-0.0158,720
Goa,temperature,2,ukmo,0.9201,1.1132,-0.1835,720
Goa,temperature,3,ecmwf,0.8093,1.0965,0.4982,720
Goa,temperature,3,gem,0.9524,1.3876,0.7457,720
Goa,temperature,3,gfs,0.7438,0.9836,0.3593,720
Goa,temperature,3,icon,0.7974,1.0702,0.1479,720
Goa,temperature,3,jma,0.8232,1.0982,0.1032,720
Goa,temperature,3,ukmo,0.9804,1.1929,-0.1779,720
Goa,wind_speed,1,ecmwf,4.2444,5.4335,-3.0933,720
Goa,wind_speed,1,gem,3.9286,4.9176,-3.0122,720
Goa,wind_speed,1,gfs,4.2767,5.4404,-3.7572,720
Goa,wind_speed,1,icon,3.5322,4.5283,-1.9697,720
Goa,wind_speed,1,jma,3.2781,4.1267,2.6494,720
Goa,wind_speed,1,ukmo,3.0408,3.862,-1.9142,720
Goa,wind_speed,2,ecmwf,4.2472,5.4635,-2.8408,720
Goa,wind_speed,2,gem,3.6643,4.6254,-2.6129,720
Goa,wind_speed,2,gfs,4.401,5.649,-3.889,720
Goa,wind_speed,2,icon,3.2642,4.2382,-1.5119,720
Goa,wind_speed,2,jma,3.2694,4.1221,2.5783,720
Goa,wind_speed,2,ukmo,3.5585,4.3477,-2.8932,720
Goa,wind_speed,3,ecmwf,4.7324,6.0783,-3.294,720
Goa,wind_speed,3,gem,3.6243,4.4932,-2.3629,720
Goa,wind_speed,3,gfs,4.3915,5.6119,-3.8312,720
Goa,wind_speed,3,icon,3.3765,4.3758,-1.7207,720
Goa,wind_speed,3,jma,3.315,4.1574,2.7061,720
Goa,wind_speed,3,ukmo,3.9757,4.7598,-3.5699,720
Guwahati,rainfall,1,ecmwf,0.7889,1.3874,-0.0544,720
Guwahati,rainfall,1,gem,1.1546,2.3434,-0.0424,720
Guwahati,rainfall,1,gfs,0.9489,1.5957,-0.0294,720
Guwahati,rainfall,1,icon,1.0408,1.7171,-0.2383,720
Guwahati,rainfall,1,jma,0.9828,1.59,-0.2411,720
Guwahati,rainfall,1,ukmo,0.7994,1.5726,0.3094,720
Guwahati,rainfall,2,ecmwf,0.8175,1.4097,-0.0736,720
Guwahati,rainfall,2,gem,0.9378,1.7714,0.1722,720
Guwahati,rainfall,2,gfs,0.9371,1.6309,-0.0071,720
Guwahati,rainfall,2,icon,0.9397,1.8153,-0.0483,720
Guwahati,rainfall,2,jma,0.9075,1.5382,-0.2986,720
Guwahati,rainfall,2,ukmo,0.799,1.5693,0.3196,720
Guwahati,rainfall,3,ecmwf,0.8454,1.4243,-0.1065,720
Guwahati,rainfall,3,gem,1.0475,2.0747,0.1094,720
Guwahati,rainfall,3,gfs,0.9474,1.8156,-0.0738,720
Guwahati,rainfall,3,icon,0.9339,1.6899,-0.1003,720
Guwahati,rainfall,3,jma,0.7853,1.3514,-0.0436,720
Guwahati,rainfall,3,ukmo,0.9588,1.8035,0.1407,720
Guwahati,temperature,1,ecmwf,0.8328,1.0684,0.0892,720
Guwahati,temperature,1,gem,1.19,1.5701,0.1906,720
Guwahati,temperature,1,gfs,1.0794,1.4384,0.4092,720
Guwahati,temperature,1,icon,1.0838,1.3283,-0.2888,720
Guwahati,temperature,1,jma,0.9718,1.2333,0.0232,720
Guwahati,temperature,1,ukmo,2.1828,2.6148,-2.0614,720
Guwahati,temperature,2,ecmwf,0.9176,1.1734,0.3165,720
Guwahati,temperature,2,gem,1.1511,1.54,0.3617,720
Guwahati,temperature,2,gfs,1.1336,1.4982,0.6917,720
Guwahati,temperature,2,icon,0.9883,1.2412,-0.28,720
Guwahati,temperature,2,jma,0.9975,1.2706,0.0381,720
Guwahati,temperature,2,ukmo,2.209,2.6103,-1.9776,720
Guwahati,temperature,3,ecmwf,0.9728,1.2239,0.3158,720
Guwahati,temperature,3,gem,1.2721,1.6849,0.586,720
Guwahati,temperature,3,gfs,1.3028,1.7318,0.8458,720
Guwahati,temperature,3,icon,1.0219,1.2852,-0.2833,720
Guwahati,temperature,3,jma,1.0318,1.2685,-0.231,720
Guwahati,temperature,3,ukmo,2.1915,2.5478,-1.9985,720
Guwahati,wind_speed,1,ecmwf,2.3492,3.0216,-0.3458,720
Guwahati,wind_speed,1,gem,2.4885,3.3393,-0.1251,720
Guwahati,wind_speed,1,gfs,2.4335,3.1322,0.0368,720
Guwahati,wind_speed,1,icon,2.1954,2.8787,1.1482,720
Guwahati,wind_speed,1,jma,2.4838,3.1713,1.1026,720
Guwahati,wind_speed,1,ukmo,2.9719,3.7627,-1.7578,720
Guwahati,wind_speed,2,ecmwf,2.5322,3.2566,-0.0633,720
Guwahati,wind_speed,2,gem,2.5053,3.3148,0.1628,720
Guwahati,wind_speed,2,gfs,2.4406,3.2003,0.0158,720
Guwahati,wind_speed,2,icon,2.1482,2.7875,1.0626,720
Guwahati,wind_speed,2,jma,2.3911,3.1387,0.9881,720
Guwahati,wind_speed,2,ukmo,3.2596,4.379,-2.1404,720
Guwahati,wind_speed,3,ecmwf,2.519,3.1738,-0.0535,720
Guwahati,wind_speed,3,gem,2.5201,3.2378,0.2349,720
Guwahati,wind_speed,3,gfs,2.5743,3.2899,-0.1271,720
Guwahati,wind_speed,3,icon,2.3799,3.1729,1.4282,720
Guwahati,wind_speed,3,jma,2.4956,3.2699,1.2122,720
Guwahati,wind_speed,3,ukmo,3.0846,4.0316,-1.8212,720
Hyderabad,rainfall,1,ecmwf,0.1447,0.3367,-0.0331,720
Hyderabad,rainfall,1,gem,0.1807,0.5442,0.0099,720
Hyderabad,rainfall,1,gfs,0.1346,0.3636,0.0699,720
Hyderabad,rainfall,1,icon,0.1285,0.3475,0.0665,720
Hyderabad,rainfall,1,jma,0.1279,0.3734,0.054,720
Hyderabad,rainfall,1,ukmo,0.1481,0.3981,0.0031,720
Hyderabad,rainfall,2,ecmwf,0.1353,0.318,0.0244,720
Hyderabad,rainfall,2,gem,0.2464,0.7949,-0.0528,720
Hyderabad,rainfall,2,gfs,0.1156,0.3229,0.0939,720
Hyderabad,rainfall,2,icon,0.1356,0.3551,0.0569,720
Hyderabad,rainfall,2,jma,0.1146,0.32,0.0749,720
Hyderabad,rainfall,2,ukmo,0.1378,0.3623,0.0119,720
Hyderabad,rainfall,3,ecmwf,0.1444,0.339,0.0178,720
Hyderabad,rainfall,3,gem,0.1843,0.5152,0.0193,720
Hyderabad,rainfall,3,gfs,0.1269,0.3364,0.0883,720
Hyderabad,rainfall,3,icon,0.1242,0.3277,0.0733,720
Hyderabad,rainfall,3,jma,0.1157,0.3216,0.089,720
Hyderabad,rainfall,3,ukmo,0.1467,0.3545,-0.0117,720
Hyderabad,temperature,1,ecmwf,0.5865,0.8193,0.0082,720
Hyderabad,temperature,1,gem,1.1924,1.5117,-0.3618,720
Hyderabad,temperature,1,gfs,1.0712,1.3764,-0.6129,720
Hyderabad,temperature,1,icon,0.6529,0.8745,-0.3468,720
Hyderabad,temperature,1,jma,1.4114,1.6318,-1.2297,720
Hyderabad,temperature,1,ukmo,1.3218,1.645,-1.2326,720
Hyderabad,temperature,2,ecmwf,0.6762,0.9584,-0.0785,720
Hyderabad,temperature,2,gem,1.3085,1.7047,-0.2543,720
Hyderabad,temperature,2,gfs,1.0492,1.4011,-0.6361,720
Hyderabad,temperature,2,icon,0.6739,0.9094,-0.2075,720
Hyderabad,temperature,2,jma,1.4393,1.7122,-1.0507,720
Hyderabad,temperature,2,ukmo,1.3522,1.7425,-1.23,720
Hyderabad,temperature,3,ecmwf,0.8683,1.2156,-0.1986,720
Hyderabad,temperature,3,gem,1.4054,1.8626,-0.6326,720
Hyderabad,temperature,3,gfs,1.1586,1.5238,-0.7139,720
Hyderabad,temperature,3,icon,0.8551,1.1586,-0.194,720
Hyderabad,temperature,3,jma,1.5243,1.82,-1.0021,720
Hyderabad,temperature,3,ukmo,1.4781,1.9108,-1.3228,720
Hyderabad,wind_speed,1,ecmwf,2.9035,3.4411,-2.6699,720
Hyderabad,wind_speed,1,gem,6.2118,7.0882,-5.8076,720
Hyderabad,wind_speed,1,gfs,7.8588,8.596,-7.7221,720
Hyderabad,wind_speed,1,icon,2.2508,2.7938,1.8192,720
Hyderabad,wind_speed,1,jma,3.6289,4.3679,-3.5236,720
Hyderabad,wind_speed,1,ukmo,3.234,3.8227,-3.0163,720
Hyderabad,wind_speed,2,ecmwf,3.2089,3.7643,-2.8764,720
Hyderabad,wind_speed,2,gem,6.3078,7.2315,-5.7225,720
Hyderabad,wind_speed,2,gfs,7.6289,8.4289,-7.4331,720
Hyderabad,wind_speed,2,icon,2.1969,2.8107,1.6653,720
Hyderabad,wind_speed,2,jma,3.8047,4.5162,-3.6072,720
Hyderabad,wind_speed,2,ukmo,3.8103,4.4296,-3.6953,720
Hyderabad,wind_speed,3,ecmwf,3.6435,4.299,-3.4304,720
Hyderabad,wind_speed,3,gem,6.0857,6.9629,-5.5812,720
Hyderabad,wind_speed,3,gfs,7.6142,8.4354,-7.4236,720
Hyderabad,wind_speed,3,icon,2.2768,2.8891,1.5351,720
Hyderabad,wind_speed,3,jma,4.3625,5.1429,-4.0992,720
Hyderabad,wind_speed,3,ukmo,4.1572,4.7363,-4.1036,720
Imphal,rainfall,1,ecmwf,0.365,0.7435,-0.0408,720
Imphal,rainfall,1,gem,0.4081,0.9292,0.0467,720
Imphal,rainfall,1,gfs,0.5179,0.9868,-0.141,720
Imphal,rainfall,1,icon,0.5158,1.5526,-0.0753,720
Imphal,rainfall,1,jma,0.375,0.7847,0.0092,720
Imphal,rainfall,1,ukmo,0.3206,0.7165,0.1067,720
Imphal,rainfall,2,ecmwf,0.4512,0.8775,-0.1354,720
Imphal,rainfall,2,gem,0.5046,1.205,-0.0496,720
Imphal,rainfall,2,gfs,0.5724,1.4759,-0.2546,720
Imphal,rainfall,2,icon,0.5282,1.5084,-0.0826,720
Imphal,rainfall,2,jma,0.39,0.764,-0.0292,720
Imphal,rainfall,2,ukmo,0.4786,1.1604,-0.0728,720
Imphal,rainfall,3,ecmwf,0.5588,1.2342,-0.2229,720
Imphal,rainfall,3,gem,0.5454,1.3088,-0.0804,720
Imphal,rainfall,3,gfs,0.6329,1.1409,-0.2321,720
Imphal,rainfall,3,icon,0.3644,0.9091,0.1178,720
Imphal,rainfall,3,jma,0.4478,0.8284,0.0242,720
Imphal,rainfall,3,ukmo,0.3793,0.824,0.031,720
Imphal,temperature,1,ecmwf,0.6103,0.7982,0.4094,720
Imphal,temperature,1,gem,1.2501,1.5753,0.5212,720
Imphal,temperature,1,gfs,1.8292,2.1054,1.7364,720
Imphal,temperature,1,icon,0.7467,1.0543,0.1486,720
Imphal,temperature,1,jma,0.7622,0.9755,0.1,720
Imphal,temperature,1,ukmo,0.8647,1.1259,0.0908,720
Imphal,temperature,2,ecmwf,0.8253,1.0894,0.6608,720
Imphal,temperature,2,gem,1.2346,1.6002,0.3565,720
Imphal,temperature,2,gfs,1.9897,2.2825,1.8997,720
Imphal,temperature,2,icon,0.8218,1.1194,0.2826,720
Imphal,temperature,2,jma,0.8101,1.046,0.0938,720
Imphal,temperature,2,ukmo,0.8447,1.0929,0.0978,720
Imphal,temperature,3,ecmwf,0.9156,1.1957,0.6494,720
Imphal,temperature,3,gem,1.3507,1.7722,0.3924,720
Imphal,temperature,3,gfs,2.0518,2.2679,1.951,720
Imphal,temperature,3,icon,0.7754,1.041,0.0915,720
Imphal,temperature,3,jma,0.7939,1.0207,0.0083,720
Imphal,temperature,3,ukmo,0.8182,1.0867,-0.0043,720
Imphal,wind_speed,1,ecmwf,1.7667,2.2464,0.2494,720
Imphal,wind_speed,1,gem,2.2008,2.8537,-0.3233,720
Imphal,wind_speed,1,gfs,1.8549,2.3785,0.856,720
Imphal,wind_speed,1,icon,1.8842,2.4414,-0.1903,720
Imphal,wind_speed,1,jma,1.8938,2.3762,-0.3607,720
Imphal,wind_speed,1,ukmo,2.4972,3.2587,-1.4544,720
Imphal,wind_speed,2,ecmwf,1.7862,2.3441,0.4401,720
Imphal,wind_speed,2,gem,2.1511,2.7703,-0.565,720
Imphal,wind_speed,2,gfs,2.1038,2.7552,1.0674,720
Imphal,wind_speed,2,icon,1.9096,2.4903,0.1843,720
Imphal,wind_speed,2,jma,1.939,2.4022,-0.2346,720
Imphal,wind_speed,2,ukmo,2.311,3.0954,-1.3574,720
Imphal,wind_speed,3,ecmwf,1.9499,2.522,0.4674,720
Imphal,wind_speed,3,gem,2.3903,3.1045,-0.4419,720
Imphal,wind_speed,3,gfs,2.1212,2.7718,1.179,720
Imphal,wind_speed,3,icon,1.9099,2.4481,0.0671,720
Imphal,wind_speed,3,jma,1.971,2.4425,-0.2621,720
Imphal,wind_speed,3,ukmo,2.6267,3.5743,-1.6556,720
Indore,rainfall,1,ecmwf,0.4353,1.02,-0.0542,720
Indore,rainfall,1,gem,0.4793,1.1919,0.1196,720
Indore,rainfall,1,gfs,0.4074,1.0688,0.1674,720
Indore,rainfall,1,icon,0.5754,1.6127,-0.0304,720
Indore,rainfall,1,jma,0.5219,1.1888,0.0592,720
Indore,rainfall,1,ukmo,0.4894,1.1297,-0.0231,720
Indore,rainfall,2,ecmwf,0.4562,1.1017,-0.0162,720
Indore,rainfall,2,gem,0.53,1.3596,0.1528,720
Indore,rainfall,2,gfs,0.434,1.1187,0.2635,720
Indore,rainfall,2,icon,0.5569,1.351,0.0217,720
Indore,rainfall,2,jma,0.4939,1.1315,0.0483,720
Indore,rainfall,2,ukmo,0.5025,1.2283,-0.0133,720
Indore,rainfall,3,ecmwf,0.4936,1.1564,0.0475,720
Indore,rainfall,3,gem,0.5035,1.4647,0.1621,720
Indore,rainfall,3,gfs,0.4314,1.2017,0.2564,720
Indore,rainfall,3,icon,0.6065,1.4934,0.0182,720
Indore,rainfall,3,jma,0.4747,1.0694,0.1117,720
Indore,rainfall,3,ukmo,0.6368,1.4006,-0.1274,720
Indore,temperature,1,ecmwf,0.584,0.8153,0.2924,720
Indore,temperature,1,gem,0.9479,1.2266,0.7915,720
Indore,temperature,1,gfs,1.4822,1.8474,1.3806,720
Indore,temperature,1,icon,0.8594,1.2425,0.4792,720
Indore,temperature,1,jma,0.959,1.2209,0.0257,720
Indore,temperature,1,ukmo,0.7747,0.9989,-0.2908,720
Indore,temperature,2,ecmwf,0.6876,0.9416,0.3501,720
Indore,temperature,2,gem,0.965,1.3018,0.7178,720
Indore,temperature,2,gfs,1.7088,2.0669,1.5874,720
Indore,temperature,2,icon,0.9681,1.3755,0.5533,720
Indore,temperature,2,jma,0.9428,1.2397,0.1147,720
Indore,temperature,2,ukmo,0.8007,1.0341,-0.1749,720
Indore,temperature,3,ecmwf,0.8071,1.1585,0.4165,720
Indore,temperature,3,gem,1.1286,1.5039,0.7831,720
Indore,temperature,3,gfs,1.6444,2.0245,1.5056,720
Indore,temperature,3,icon,1.0981,1.5476,0.6772,720
Indore,temperature,3,jma,0.9938,1.2853,0.0832,720
Indore,temperature,3,ukmo,0.9219,1.2184,-0.0347,720
Indore,wind_speed,1,ecmwf,2.3806,2.9947,-1.6083,720
Indore,wind_speed,1,gem,4.31,5.13,-3.6844,720
Indore,wind_speed,1,gfs,7.3262,8.1416,-7.2046,720
Indore,wind_speed,1,icon,2.5529,3.0766,1.9251,720
Indore,wind_speed,1,jma,5.9185,6.4953,5.8929,720
Indore,wind_speed,1,ukmo,2.3189,2.9569,-1.4744,720
Indore,wind_speed,2,ecmwf,3.1404,3.7788,-2.6296,720
Indore,wind_speed,2,gem,4.7624,5.5101,-4.1938,720
Indore,wind_speed,2,gfs,6.8447,7.8372,-6.6214,720
Indore,wind_speed,2,icon,2.5162,3.1492,1.3268,720
Indore,wind_speed,2,jma,5.6083,6.2916,5.5869,720
Indore,wind_speed,2,ukmo,2.8267,3.4601,-2.1278,720
Indore,wind_speed,3,ecmwf,3.8243,4.5278,-3.4624,720
Indore,wind_speed,3,gem,4.7653,5.5756,-3.8383,720
Indore,wind_speed,3,gfs,7.0539,8.1176,-6.8247,720
Indore,wind_speed,3,icon,2.5626,3.2342,1.3899,720
Indore,wind_speed,3,jma,5.6858,6.3353,5.6544,720
Indore,wind_speed,3,ukmo,3.3454,3.9914,-2.9899,720
Jabalpur,rainfall,1,ecmwf,0.8162,1.8581,-0.161,720
Jabalpur,rainfall,1,gem,0.9476,2.134,-0.0801,720
Jabalpur,rainfall,1,gfs,0.8082,1.6694,0.0388,720
Jabalpur,rainfall,1,icon,0.8971,1.9844,-0.0943,720
Jabalpur,rainfall,1,jma,0.7096,1.2895,0.0074,720
Jabalpur,rainfall,1,ukmo,0.8144,1.5375,-0.3025,720
Jabalpur,rainfall,2,ecmwf,1.1292,3.3647,-0.5997,720
Jabalpur,rainfall,2,gem,0.9319,1.9214,-0.04,720
Jabalpur,rainfall,2,gfs,0.7825,1.7471,0.0656,720
Jabalpur,rainfall,2,icon,1.0821,2.7417,-0.3424,720
Jabalpur,rainfall,2,jma,0.7096,1.3064,0.034,720
Jabalpur,rainfall,2,ukmo,0.7981,1.4019,-0.27,720
Jabalpur,rainfall,3,ecmwf,1.0097,1.9782,-0.4156,720
Jabalpur,rainfall,3,gem,1.0183,2.0145,-0.1561,720
Jabalpur,rainfall,3,gfs,0.6912,1.4551,0.3385,720
Jabalpur,rainfall,3,icon,0.8743,2.5887,0.0379,720
Jabalpur,rainfall,3,jma,0.6812,1.28,0.0799,720
Jabalpur,rainfall,3,ukmo,0.7956,1.5063,-0.0989,720
Jabalpur,temperature,1,ecmwf,0.7446,1.07,0.301,720
Jabalpur,temperature,1,gem,1.2656,1.6424,1.1392,720
Jabalpur,temperature,1,gfs,1.2649,1.6324,1.1151,720
Jabalpur,temperature,1,icon,0.8899,1.2418,0.6185,720
Jabalpur,temperature,1,jma,0.849,1.0709,-0.0835,720
Jabalpur,temperature,1,ukmo,0.666,0.9055,0.0585,720
Jabalpur,temperature,2,ecmwf,0.9294,1.2475,0.6397,720
Jabalpur,temperature,2,gem,1.325,1.6908,1.0506,720
Jabalpur,temperature,2,gfs,2.0417,2.4051,2.0156,720
Jabalpur,temperature,2,icon,1.0826,1.498,0.9238,720
Jabalpur,temperature,2,jma,0.85,1.0987,-0.1489,720
Jabalpur,temperature,2,ukmo,0.7419,1.0125,0.2031,720
Jabalpur,temperature,3,ecmwf,0.876,1.1587,0.5104,720
Jabalpur,temperature,3,gem,1.3932,1.7567,1.1654,720
Jabalpur,temperature,3,gfs,1.996,2.4052,1.8957,720
Jabalpur,temperature,3,icon,1.1254,1.5034,0.8988,720
Jabalpur,temperature,3,jma,0.8836,1.1452,-0.1386,720
Jabalpur,temperature,3,ukmo,0.8263,1.1046,0.1532,720
Jabalpur,wind_speed,1,ecmwf,2.2212,2.8814,0.7701,720
Jabalpur,wind_speed,1,gem,3.5321,4.4637,-2.0974,720
Jabalpur,wind_speed,1,gfs,5.3325,6.3734,-5.0467,720
Jabalpur,wind_speed,1,icon,3.0529,3.6845,2.4521,720
Jabalpur,wind_speed,1,jma,4.681,5.3936,4.5304,720
Jabalpur,wind_speed,1,ukmo,2.0789,2.6411,-0.205,720
Jabalpur,wind_speed,2,ecmwf,2.6582,3.4453,0.2838,720
Jabalpur,wind_speed,2,gem,3.7965,4.7613,-1.7843,720
Jabalpur,wind_speed,2,gfs,5.7472,6.9576,-5.3025,720
Jabalpur,wind_speed,2,icon,3.0214,3.6804,2.0208,720
Jabalpur,wind_speed,2,jma,4.8436,5.5883,4.6878,720
Jabalpur,wind_speed,2,ukmo,2.2774,2.8697,-0.6657,720
Jabalpur,wind_speed,3,ecmwf,2.926,3.8453,0.0946,720
Jabalpur,wind_speed,3,gem,4.5076,5.4697,-1.5968,720
Jabalpur,wind_speed,3,gfs,4.7332,5.9219,-3.8188,720
Jabalpur,wind_speed,3,icon,3.4011,4.1728,2.2703,720
Jabalpur,wind_speed,3,jma,5.2107,5.9159,5.1346,720
Jabalpur,wind_speed,3,ukmo,2.4393,3.1055,-0.5607,720
Jaipur,rainfall,1,ecmwf,0.276,0.642,-0.0765,720
Jaipur,rainfall,1,gem,0.3403,0.9827,-0.0664,720
Jaipur,rainfall,1,gfs,0.2996,0.754,-0.0346,720
Jaipur,rainfall,1,icon,0.3562,0.8264,-0.1279,720
Jaipur,rainfall,1,jma,0.361,0.7738,-0.154,720
Jaipur,rainfall,1,ukmo,0.3089,0.8962,-0.0878,720
Jaipur,rainfall,2,ecmwf,0.3182,0.7318,-0.119,720
Jaipur,rainfall,2,gem,0.4622,1.3877,-0.1894,720
Jaipur,rainfall,2,gfs,0.3262,0.8535,-0.0601,720
Jaipur,rainfall,2,icon,0.5932,1.7843,-0.3699,720
Jaipur,rainfall,2,jma,0.4482,0.7695,-0.2565,720
Jaipur,rainfall,2,ukmo,0.3447,0.9329,-0.0886,720
Jaipur,rainfall,3,ecmwf,0.3725,0.8015,-0.1344,720
Jaipur,rainfall,3,gem,0.3508,0.956,-0.0797,720
Jaipur,rainfall,3,gfs,0.4149,1.6596,-0.1424,720
Jaipur,rainfall,3,icon,0.5557,1.867,-0.3213,720
Jaipur,rainfall,3,jma,0.5054,0.787,-0.319,720
Jaipur,rainfall,3,ukmo,0.4124,1.0628,-0.154,720
Jaipur,temperature,1,ecmwf,1.0112,1.3246,0.7435,720
Jaipur,temperature,1,gem,1.555,1.893,0.8178,720
Jaipur,temperature,1,gfs,2.4189,2.8319,-2.2075,720
Jaipur,temperature,1,icon,0.9535,1.3652,0.4307,720
Jaipur,temperature,1,jma,1.2886,1.646,-0.5781,720
Jaipur,temperature,1,ukmo,1.2104,1.6114,-0.6485,720
Jaipur,temperature,2,ecmwf,1.1443,1.4017,0.8579,720
Jaipur,temperature,2,gem,1.7506,2.2276,0.8925,720
Jaipur,temperature,2,gfs,2.0399,2.4788,-1.6443,720
Jaipur,temperature,2,icon,1.0496,1.4577,0.6382,720
Jaipur,temperature,2,jma,1.2568,1.6694,-0.2846,720
Jaipur,temperature,2,ukmo,1.4564,1.9159,-0.7419,720
Jaipur,temperature,3,ecmwf,1.3189,1.5519,0.9942,720
Jaipur,temperature,3,gem,1.6514,2.0924,0.8044,720
Jaipur,temperature,3,gfs,1.9188,2.381,-1.2215,720
Jaipur,temperature,3,icon,1.1867,1.6014,0.8767,720
Jaipur,temperature,3,jma,1.181,1.5695,0.024,720
Jaipur,temperature,3,ukmo,1.4083,1.8772,-0.6142,720
Jaipur,wind_speed,1,ecmwf,2.131,2.8253,-0.4101,720
Jaipur,wind_speed,1,gem,3.5869,4.5013,-1.8186,720
Jaipur,wind_speed,1,gfs,7.4064,8.4921,-7.0989,720
Jaipur,wind_speed,1,icon,2.3789,3.0102,1.0967,720
Jaipur,wind_speed,1,jma,2.7469,3.6361,1.7003,720
Jaipur,wind_speed,1,ukmo,2.5171,3.1334,-1.0001,720
Jaipur,wind_speed,2,ecmwf,2.4193,3.0512,-0.8638,720
Jaipur,wind_speed,2,gem,3.8986,4.8719,-1.6075,720
Jaipur,wind_speed,2,gfs,8.6035,9.838,-8.3604,720
Jaipur,wind_speed,2,icon,2.4658,3.0986,0.9614,720
Jaipur,wind_speed,2,jma,3.0926,3.9381,2.0279,720
Jaipur,wind_speed,2,ukmo,2.9588,3.7477,-1.4513,720
Jaipur,wind_speed,3,ecmwf,2.6421,3.3179,-1.0407,720
Jaipur,wind_speed,3,gem,3.68,4.6749,-1.3342,720
Jaipur,wind_speed,3,gfs,9.0676,10.3786,-8.699,720
Jaipur,wind_speed,3,icon,2.7542,3.4137,1.0131,720
Jaipur,wind_speed,3,jma,3.1797,4.0604,2.1922,720
Jaipur,wind_speed,3,ukmo,3.379,4.1721,-1.5082,720
Jodhpur,rainfall,1,ecmwf,0.1453,0.5881,-0.0097,720
Jodhpur,rainfall,1,gem,0.1721,0.7001,0.0163,720
Jodhpur,rainfall,1,gfs,0.1674,0.6751,0.0085,720
Jodhpur,rainfall,1,icon,0.196,0.7661,-0.0074,720
Jodhpur,rainfall,1,jma,0.2606,0.771,-0.1264,720
Jodhpur,rainfall,1,ukmo,0.1856,0.749,-0.0125,720
Jodhpur,rainfall,2,ecmwf,0.2293,0.8249,-0.066,720
Jodhpur,rainfall,2,gem,0.2308,1.0872,-0.0447,720
Jodhpur,rainfall,2,gfs,0.1617,0.6303,0.0706,720
Jodhpur,rainfall,2,icon,0.2164,0.7508,-0.0314,720
Jodhpur,rainfall,2,jma,0.2367,0.647,-0.0947,720
Jodhpur,rainfall,2,ukmo,0.1971,0.7061,0.0004,720
Jodhpur,rainfall,3,ecmwf,0.234,0.7254,-0.0643,720
Jodhpur,rainfall,3,gem,0.3365,1.1044,-0.1079,720
Jodhpur,rainfall,3,gfs,0.1604,0.6617,0.0771,720
Jodhpur,rainfall,3,icon,0.3283,1.1241,-0.1308,720
Jodhpur,rainfall,3,jma,0.2442,0.6528,-0.1081,720
Jodhpur,rainfall,3,ukmo,0.1874,0.639,-0.0079,720
Jodhpur,temperature,1,ecmwf,0.6853,0.882,0.42,720
Jodhpur,temperature,1,gem,1.4989,1.8861,-0.5406,720
Jodhpur,temperature,1,gfs,1.9549,2.3251,-1.8638,720
Jodhpur,temperature,1,icon,0.7039,0.9814,0.3353,720
Jodhpur,temperature,1,jma,1.8144,2.1629,-1.2489,720
Jodhpur,temperature,1,ukmo,1.6199,2.1082,-1.4076,720
Jodhpur,temperature,2,ecmwf,0.9274,1.1609,0.6279,720
Jodhpur,temperature,2,gem,1.6875,2.0909,-0.5214,720
Jodhpur,temperature,2,gfs,1.5697,1.9203,-1.3228,720
Jodhpur,temperature,2,icon,0.9262,1.3257,0.5485,720
Jodhpur,temperature,2,jma,1.664,1.9495,-1.1776,720
Jodhpur,temperature,2,ukmo,1.8674,2.4066,-1.5685,720
Jodhpur,temperature,3,ecmwf,1.0736,1.3536,0.8744,720
Jodhpur,temperature,3,gem,1.8386,2.3116,-0.0458,720
Jodhpur,temperature,3,gfs,1.3883,1.7921,-0.9317,720
Jodhpur,temperature,3,icon,1.0022,1.4161,0.6644,720
Jodhpur,temperature,3,jma,1.6107,1.9179,-0.999,720
Jodhpur,temperature,3,ukmo,1.7924,2.3836,-1.3429,720
Jodhpur,wind_speed,1,ecmwf,1.7436,2.3293,-0.0778,720
Jodhpur,wind_speed,1,gem,4.0014,4.7906,-2.9381,720
Jodhpur,wind_speed,1,gfs,11.4788,12.2227,-11.434,720
Jodhpur,wind_speed,1,icon,2.2622,2.8891,1.2264,720
Jodhpur,wind_speed,1,jma,2.3658,2.997,1.2647,720
Jodhpur,wind_speed,1,ukmo,2.3781,3.0137,-1.3369,720
Jodhpur,wind_speed,2,ecmwf,2.0385,2.6376,-0.3854,720
Jodhpur,wind_speed,2,gem,4.1478,5.0951,-2.8144,720
Jodhpur,wind_speed,2,gfs,11.8129,12.6207,-11.7871,720
Jodhpur,wind_speed,2,icon,2.47,3.1751,1.2239,720
Jodhpur,wind_speed,2,jma,2.3349,2.9489,1.1326,720
Jodhpur,wind_speed,2,ukmo,2.8347,3.4353,-1.5375,720
Jodhpur,wind_speed,3,ecmwf,2.3781,2.9922,-0.4728,720
Jodhpur,wind_speed,3,gem,4.7306,5.557,-2.9919,720
Jodhpur,wind_speed,3,gfs,11.9072,12.8271,-11.5786,720
Jodhpur,wind_speed,3,icon,2.569,3.2712,1.0718,720
Jodhpur,wind_speed,3,jma,2.3957,2.9899,1.1888,720
Jodhpur,wind_speed,3,ukmo,3.2765,3.9931,-2.1768,720
Kanpur,rainfall,1,ecmwf,0.6539,1.3014,0.0072,720
Kanpur,rainfall,1,gem,0.765,1.6662,0.2128,720
Kanpur,rainfall,1,gfs,0.6643,1.3726,0.2229,720
Kanpur,rainfall,1,icon,0.9382,2.0492,-0.191,720
Kanpur,rainfall,1,jma,0.7564,1.3386,-0.0603,720
Kanpur,rainfall,1,ukmo,0.8075,1.7029,-0.0036,720
Kanpur,rainfall,2,ecmwf,0.7624,1.3841,-0.0632,720
Kanpur,rainfall,2,gem,0.811,1.7704,0.1468,720
Kanpur,rainfall,2,gfs,0.8329,1.6168,0.1151,720
Kanpur,rainfall,2,icon,0.8207,2.1224,0.0418,720
Kanpur,rainfall,2,jma,0.7194,1.2973,0.0081,720
Kanpur,rainfall,2,ukmo,0.8347,1.7678,-0.0136,720
Kanpur,rainfall,3,ecmwf,0.8097,1.4518,-0.0211,720
Kanpur,rainfall,3,gem,0.9883,2.3102,0.0144,720
Kanpur,rainfall,3,gfs,1.0554,2.8167,-0.1724,720
Kanpur,rainfall,3,icon,0.7621,1.5039,0.1104,720
Kanpur,rainfall,3,jma,0.7675,1.3505,0.0072,720
Kanpur,rainfall,3,ukmo,0.8332,1.7103,-0.0029,720
Kanpur,temperature,1,ecmwf,0.994,1.2472,0.621,720
Kanpur,temperature,1,gem,1.7238,2.09,1.4118,720
Kanpur,temperature,1,gfs,1.6021,2.0225,-1.1549,720
Kanpur,temperature,1,icon,1.0564,1.3735,0.4933,720
Kanpur,temperature,1,jma,1.0129,1.2686,-0.451,720
Kanpur,temperature,1,ukmo,1.2182,1.6082,-0.7051,720
Kanpur,temperature,2,ecmwf,1.2293,1.5061,0.8743,720
Kanpur,temperature,2,gem,1.7485,2.1605,1.3396,720
Kanpur,temperature,2,gfs,1.3499,1.7605,-0.5032,720
Kanpur,temperature,2,icon,1.0867,1.3616,0.5406,720
Kanpur,temperature,2,jma,1.105,1.3786,-0.4939,720
Kanpur,temperature,2,ukmo,1.3721,1.7528,-0.8726,720
Kanpur,temperature,3,ecmwf,1.2311,1.5173,0.8178,720
Kanpur,temperature,3,gem,1.8081,2.1996,1.3897,720
Kanpur,temperature,3,gfs,1.4153,1.8564,0.1936,720
Kanpur,temperature,3,icon,1.2118,1.5369,0.4207,720
Kanpur,temperature,3,jma,1.2294,1.5728,-0.6028,720
Kanpur,temperature,3,ukmo,1.5201,1.8518,-0.7951,720
Kanpur,wind_speed,1,ecmwf,2.5092,3.2199,0.4672,720
Kanpur,wind_speed,1,gem,3.9939,5.0113,-2.2469,720
Kanpur,wind_speed,1,gfs,4.6885,5.6814,-3.6729,720
Kanpur,wind_speed,1,icon,2.6344,3.2579,0.9672,720
Kanpur,wind_speed,1,jma,2.7638,3.4363,1.8468,720
Kanpur,wind_speed,1,ukmo,2.5822,3.243,-0.8383,720
Kanpur,wind_speed,2,ecmwf,2.3904,3.0257,0.5179,720
Kanpur,wind_speed,2,gem,3.4346,4.426,-1.7718,720
Kanpur,wind_speed,2,gfs,5.7236,6.9579,-4.9342,720
Kanpur,wind_speed,2,icon,2.77,3.6087,0.2881,720
Kanpur,wind_speed,2,jma,2.7118,3.3597,1.6435,720
Kanpur,wind_speed,2,ukmo,2.8193,3.5055,-1.1226,720
Kanpur,wind_speed,3,ecmwf,2.6386,3.3846,0.4553,720
Kanpur,wind_speed,3,gem,4.1667,5.2605,-2.0583,720
Kanpur,wind_speed,3,gfs,6.1044,7.3756,-5.5356,720
Kanpur,wind_speed,3,icon,3.0651,3.7846,0.8268,720
Kanpur,wind_speed,3,jma,2.4832,3.1192,1.179,720
Kanpur,wind_speed,3,ukmo,2.9242,3.6734,-0.9181,720
Kochi,rainfall,1,ecmwf,0.665,1.381,0.2236,720
Kochi,rainfall,1,gem,0.8069,1.5501,0.34,720
Kochi,rainfall,1,gfs,0.7333,1.5525,0.4969,720
Kochi,rainfall,1,icon,0.6981,1.4252,0.4161,720
Kochi,rainfall,1,jma,0.805,1.4237,0.1094,720
Kochi,rainfall,1,ukmo,1.5625,2.5488,-0.9483,720
Kochi,rainfall,2,ecmwf,0.6796,1.4294,0.3265,720
Kochi,rainfall,2,gem,0.865,1.7589,0.3044,720
Kochi,rainfall,2,gfs,0.731,1.5579,0.5451,720
Kochi,rainfall,2,icon,0.6644,1.4188,0.4264,720
Kochi,rainfall,2,jma,0.8761,1.4613,0.0711,720
Kochi,rainfall,2,ukmo,2.0622,3.0635,-1.6142,720
Kochi,rainfall,3,ecmwf,0.7294,1.4565,0.3403,720
Kochi,rainfall,3,gem,0.8001,1.5624,0.3976,720
Kochi,rainfall,3,gfs,0.7393,1.6001,0.5938,720
Kochi,rainfall,3,icon,0.675,1.4463,0.4994,720
Kochi,rainfall,3,jma,0.8333,1.4252,0.1019,720
Kochi,rainfall,3,ukmo,2.1053,3.1311,-1.6344,720
Kochi,temperature,1,ecmwf,0.9131,1.1223,0.8147,720
Kochi,temperature,1,gem,0.8689,1.1016,0.6175,720
Kochi,temperature,1,gfs,1.4032,1.5968,0.5887,720
Kochi,temperature,1,icon,0.5739,0.7228,0.1258,720
Kochi,temperature,1,jma,1.0685,1.2628,0.9512,720
Kochi,temperature,1,ukmo,1.0917,1.3882,-0.5244,720
Kochi,temperature,2,ecmwf,0.9408,1.1326,0.8208,720
Kochi,temperature,2,gem,1.0174,1.2566,0.6929,720
Kochi,temperature,2,gfs,1.4485,1.6502,0.4935,720
Kochi,temperature,2,icon,0.5825,0.7382,0.0872,720
Kochi,temperature,2,jma,1.289,1.4585,1.2112,720
Kochi,temperature,2,ukmo,1.0057,1.2387,-0.2054,720
Kochi,temperature,3,ecmwf,0.9683,1.1853,0.8306,720
Kochi,temperature,3,gem,1.0115,1.254,0.6549,720
Kochi,temperature,3,gfs,1.4239,1.6407,0.4519,720
Kochi,temperature,3,icon,0.6217,0.7833,0.0725,720
Kochi,temperature,3,jma,1.3565,1.5309,1.2643,720
Kochi,temperature,3,ukmo,1.0976,1.3125,-0.2496,720
Kochi,wind_speed,1,ecmwf,4.0303,5.1781,-1.5817,720
Kochi,wind_speed,1,gem,3.8042,4.8137,-1.5594,720
Kochi,wind_speed,1,gfs,3.2728,4.423,-0.7036,720
Kochi,wind_speed,1,icon,2.9772,4.0284,0.5847,720
Kochi,wind_speed,1,jma,6.8421,8.15,6.8174,720
Kochi,wind_speed,1,ukmo,3.5979,4.8714,1.251,720
Kochi,wind_speed,2,ecmwf,3.96,5.0496,-0.8478,720
Kochi,wind_speed,2,gem,3.911,5.0424,-0.7168,720
Kochi,wind_speed,2,gfs,3.3635,4.3671,-0.629,720
Kochi,wind_speed,2,icon,3.1665,4.1559,0.7343,720
Kochi,wind_speed,2,jma,6.8739,8.2022,6.8411,720
Kochi,wind_speed,2,ukmo,3.4144,4.6294,1.3414,720
Kochi,wind_speed,3,ecmwf,3.7396,4.8078,-0.6024,720
Kochi,wind_speed,3,gem,3.6499,4.7183,-0.0782,720
Kochi,wind_speed,3,gfs,3.3925,4.4459,-0.5608,720
Kochi,wind_speed,3,icon,3.1935,4.1391,0.4974,720
Kochi,wind_speed,3,jma,6.8446,8.1851,6.8096,720
Kochi,wind_speed,3,ukmo,3.7831,4.9618,1.0633,720
Kolkata,rainfall,1,ecmwf,0.7394,1.5925,-0.1208,720
Kolkata,rainfall,1,gem,0.7403,1.6803,0.1022,720
Kolkata,rainfall,1,gfs,0.6247,1.868,0.225,720
Kolkata,rainfall,1,icon,0.5982,1.3345,0.1235,720
Kolkata,rainfall,1,jma,0.5596,1.2323,0.1546,720
Kolkata,rainfall,1,ukmo,0.8018,1.6579,-0.0507,720
Kolkata,rainfall,2,ecmwf,0.7904,1.7401,-0.1596,720
Kolkata,rainfall,2,gem,0.8131,1.9954,0.0547,720
Kolkata,rainfall,2,gfs,0.6686,1.4938,0.1747,720
Kolkata,rainfall,2,icon,0.6475,1.5768,0.1089,720
Kolkata,rainfall,2,jma,0.5521,1.3046,0.2662,720
Kolkata,rainfall,2,ukmo,0.8138,1.623,-0.1338,720
Kolkata,rainfall,3,ecmwf,0.68,1.3629,-0.0342,720
Kolkata,rainfall,3,gem,0.8565,1.8838,0.0612,720
Kolkata,rainfall,3,gfs,0.619,1.3828,0.1993,720
Kolkata,rainfall,3,icon,0.7201,1.5259,0.0371,720
Kolkata,rainfall,3,jma,0.5204,1.3185,0.3762,720
Kolkata,rainfall,3,ukmo,0.8164,1.624,-0.1644,720
Kolkata,temperature,1,ecmwf,0.9735,1.2182,0.719,720
Kolkata,temperature,1,gem,1.3712,1.7127,1.019,720
Kolkata,temperature,1,gfs,1.2167,1.6583,-0.9475,720
Kolkata,temperature,1,icon,0.8229,1.1201,-0.0854,720
Kolkata,temperature,1,jma,0.7294,0.9859,-0.1278,720
Kolkata,temperature,1,ukmo,1.0324,1.4328,-0.7238,720
Kolkata,temperature,2,ecmwf,1.0496,1.3115,0.791,720
Kolkata,temperature,2,gem,1.2879,1.608,0.8351,720
Kolkata,temperature,2,gfs,1.3222,1.7967,-1.0331,720
Kolkata,temperature,2,icon,0.7999,1.0725,0.0126,720
Kolkata,temperature,2,jma,0.7696,1.0136,-0.3465,720
Kolkata,temperature,2,ukmo,1.0786,1.4443,-0.6539,720
Kolkata,temperature,3,ecmwf,1.0668,1.3831,0.7385,720
Kolkata,temperature,3,gem,1.2753,1.5909,0.8647,720
Kolkata,temperature,3,gfs,1.3411,1.7948,-1.0453,720
Kolkata,temperature,3,icon,0.915,1.2368,0.0167,720
Kolkata,temperature,3,jma,0.8682,1.1498,-0.5993,720
Kolkata,temperature,3,ukmo,1.0576,1.3958,-0.5551,720
Kolkata,wind_speed,1,ecmwf,2.5721,3.3921,0.0424,720
Kolkata,wind_speed,1,gem,3.3794,4.2109,-0.8842,720
Kolkata,wind_speed,1,gfs,6.2285,7.253,-5.8974,720
Kolkata,wind_speed,1,icon,2.565,3.2403,1.4317,720
Kolkata,wind_speed,1,jma,2.4408,3.0622,-0.1189,720
Kolkata,wind_speed,1,ukmo,2.599,3.4299,-0.3762,720
Kolkata,wind_speed,2,ecmwf,3.0674,3.8718,0.0974,720
Kolkata,wind_speed,2,gem,3.769,4.6607,-0.6407,720
Kolkata,wind_speed,2,gfs,6.1635,7.3498,-5.3196,720
Kolkata,wind_speed,2,icon,3.2303,3.958,2.0289,720
Kolkata,wind_speed,2,jma,2.8792,3.6583,-0.0247,720
Kolkata,wind_speed,2,ukmo,2.9551,3.7979,-0.0815,720
Kolkata,wind_speed,3,ecmwf,3.02,3.7336,0.6103,720
Kolkata,wind_speed,3,gem,3.9231,5.0236,-0.5697,720
Kolkata,wind_speed,3,gfs,5.4508,6.7721,-4.2442,720
Kolkata,wind_speed,3,icon,3.3296,4.1302,2.456,720
Kolkata,wind_speed,3,jma,2.8035,3.6126,-0.1782,720
Kolkata,wind_speed,3,ukmo,2.7572,3.4741,-0.0569,720
Kota,rainfall,1,ecmwf,0.4035,1.0052,-0.0021,720
Kota,rainfall,1,gem,0.4033,1.16,0.0492,720
Kota,rainfall,1,gfs,0.4642,1.1121,-0.0289,720
Kota,rainfall,1,icon,0.4178,0.9475,-0.0181,720
Kota,rainfall,1,jma,0.4518,0.9415,-0.1021,720
Kota,rainfall,1,ukmo,0.4212,1.0379,-0.0074,720
Kota,rainfall,2,ecmwf,0.4882,1.0923,-0.1279,720
Kota,rainfall,2,gem,0.5353,1.3571,-0.0264,720
Kota,rainfall,2,gfs,0.4996,1.5172,-0.0307,720
Kota,rainfall,2,icon,0.5082,1.1171,-0.116,720
Kota,rainfall,2,jma,0.5074,0.9447,-0.1921,720
Kota,rainfall,2,ukmo,0.4997,1.2568,-0.0925,720
Kota,rainfall,3,ecmwf,0.5983,1.7229,-0.2233,720
Kota,rainfall,3,gem,0.6107,1.7451,-0.101,720
Kota,rainfall,3,gfs,0.4467,1.172,0.0006,720
Kota,rainfall,3,icon,0.5772,1.2709,-0.1578,720
Kota,rainfall,3,jma,0.5868,0.983,-0.2662,720
Kota,rainfall,3,ukmo,0.5925,1.285,-0.1914,720
Kota,temperature,1,ecmwf,0.8229,1.1332,0.0349,720
Kota,temperature,1,gem,1.3376,1.6581,0.8307,720
Kota,temperature,1,gfs,1.4146,1.8681,-0.3871,720
Kota,temperature,1,icon,0.904,1.2652,0.0962,720
Kota,temperature,1,jma,1.114,1.4178,-0.341,720
Kota,temperature,1,ukmo,0.9738,1.3594,-0.3024,720
Kota,temperature,2,ecmwf,0.9846,1.3209,0.1176,720
Kota,temperature,2,gem,1.5243,1.9368,0.8562,720
Kota,temperature,2,gfs,1.329,1.8173,0.3899,720
Kota,temperature,2,icon,1.1043,1.507,0.4065,720
Kota,temperature,2,jma,1.0717,1.3624,0.0053,720
Kota,temperature,2,ukmo,1.1317,1.5515,-0.1444,720
Kota,temperature,3,ecmwf,1.054,1.403,0.424,720
Kota,temperature,3,gem,1.6436,2.1088,0.9956,720
Kota,temperature,3,gfs,1.4414,1.9154,0.6544,720
Kota,temperature,3,icon,1.1833,1.5325,0.6547,720
Kota,temperature,3,jma,1.1464,1.4567,0.2022,720
Kota,temperature,3,ukmo,1.199,1.662,-0.0115,720
Kota,wind_speed,1,ecmwf,2.5126,3.2861,-0.4629,720
Kota,wind_speed,1,gem,4.0108,4.9028,-2.0964,720
Kota,wind_speed,1,gfs,7.9158,9.0012,-7.7017,720
Kota,wind_speed,1,icon,3.0029,3.7123,2.306,720
Kota,wind_speed,1,jma,2.9392,3.672,2.2064,720
Kota,wind_speed,1,ukmo,2.894,3.6794,-1.6888,720
Kota,wind_speed,2,ecmwf,2.6585,3.3051,-0.3624,720
Kota,wind_speed,2,gem,3.8772,4.7418,-1.7608,720
Kota,wind_speed,2,gfs,7.8965,9.0239,-7.6115,720
Kota,wind_speed,2,icon,2.865,3.6389,1.9744,720
Kota,wind_speed,2,jma,3.0632,3.8248,2.2899,720
Kota,wind_speed,2,ukmo,3.0714,3.8396,-2.0931,720
Kota,wind_speed,3,ecmwf,2.9288,3.6146,-1.0887,720
Kota,wind_speed,3,gem,4.1621,5.1802,-2.6362,720
Kota,wind_speed,3,gfs,7.9783,9.2003,-7.6619,720
Kota,wind_speed,3,icon,3.2493,4.0384,2.1832,720
Kota,wind_speed,3,jma,3.261,4.1888,2.5149,720
Kota,wind_speed,3,ukmo,3.2136,4.1231,-2.2222,720
Lucknow,rainfall,1,ecmwf,0.6356,1.2435,-0.0603,720
Lucknow,rainfall,1,gem,0.6897,1.9938,0.0464,720
Lucknow,rainfall,1,gfs,0.5926,1.2191,0.104,720
Lucknow,rainfall,1,icon,0.7169,1.5172,-0.0828,720
Lucknow,rainfall,1,jma,0.5806,1.0888,-0.0278,720
Lucknow,rainfall,1,ukmo,0.7622,1.9516,-0.0997,720
Lucknow,rainfall,2,ecmwf,0.7083,1.2948,-0.1269,720
Lucknow,rainfall,2,gem,0.6571,1.5464,0.1532,720
Lucknow,rainfall,2,gfs,0.7132,1.4491,-0.0318,720
Lucknow,rainfall,2,icon,0.6414,1.2766,-0.0031,720
Lucknow,rainfall,2,jma,0.5811,1.1108,-0.0253,720
Lucknow,rainfall,2,ukmo,0.694,1.5712,0.0249,720
Lucknow,rainfall,3,ecmwf,0.7,1.2882,-0.0969,720
Lucknow,rainfall,3,gem,0.5893,1.4256,0.2618,720
Lucknow,rainfall,3,gfs,0.7396,1.5162,-0.0265,720
Lucknow,rainfall,3,icon,0.6494,1.2573,0.0536,720
Lucknow,rainfall,3,jma,0.5919,1.1263,0.0231,720
Lucknow,rainfall,3,ukmo,0.8617,2.8206,-0.2342,720
Lucknow,temperature,1,ecmwf,0.9361,1.1884,0.5675,720
Lucknow,temperature,1,gem,1.5938,1.9581,1.0521,720
Lucknow,temperature,1,gfs,2.1792,2.6623,-1.9906,720
Lucknow,temperature,1,icon,0.9422,1.2594,0.3103,720
Lucknow,temperature,1,jma,1.0179,1.2866,-0.5535,720
Lucknow,temperature,1,ukmo,1.01,1.3385,-0.27,720
Lucknow,temperature,2,ecmwf,1.1496,1.4106,0.8213,720
Lucknow,temperature,2,gem,1.545,1.9229,0.7794,720
Lucknow,temperature,2,gfs,1.8174,2.2672,-1.5054,720
Lucknow,temperature,2,icon,1.0049,1.2905,0.4121,720
Lucknow,temperature,2,jma,1.0324,1.3403,-0.6962,720
Lucknow,temperature,2,ukmo,1.0771,1.415,-0.4124,720
Lucknow,temperature,3,ecmwf,1.2229,1.4957,0.8765,720
Lucknow,temperature,3,gem,1.4167,1.8206,0.8039,720
Lucknow,temperature,3,gfs,1.6439,2.1144,-0.9014,720
Lucknow,temperature,3,icon,1.0714,1.4128,0.2769,720
Lucknow,temperature,3,jma,1.1935,1.5741,-0.8496,720
Lucknow,temperature,3,ukmo,1.1031,1.4153,-0.4264,720
Lucknow,wind_speed,1,ecmwf,2.456,3.0327,0.2954,720
Lucknow,wind_speed,1,gem,4.1338,5.276,-2.7296,720
Lucknow,wind_speed,1,gfs,4.3394,5.2817,-3.5369,720
Lucknow,wind_speed,1,icon,2.5936,3.1988,0.7194,720
Lucknow,wind_speed,1,jma,2.6114,3.2316,1.7172,720
Lucknow,wind_speed,1,ukmo,2.5504,3.1792,-1.3315,720
Lucknow,wind_speed,2,ecmwf,2.3133,2.9749,0.2386,720
Lucknow,wind_speed,2,gem,3.7903,4.8656,-2.1461,720
Lucknow,wind_speed,2,gfs,4.8475,5.9043,-3.9775,720
Lucknow,wind_speed,2,icon,2.7522,3.4127,0.2575,720
Lucknow,wind_speed,2,jma,2.4869,3.0702,1.1583,720
Lucknow,wind_speed,2,ukmo,2.8488,3.5416,-1.4462,720
Lucknow,wind_speed,3,ecmwf,2.5717,3.2889,-0.1086,720
Lucknow,wind_speed,3,gem,4.5047,5.5869,-3.0422,720
Lucknow,wind_speed,3,gfs,4.7676,5.8928,-3.8396,720
Lucknow,wind_speed,3,icon,3.1097,3.9032,0.5083,720
Lucknow,wind_speed,3,jma,2.5493,3.1784,0.9965,720
Lucknow,wind_speed,3,ukmo,3.2882,4.2837,-1.564,720
Ludhiana,rainfall,1,ecmwf,0.3186,0.7396,-0.1186,720
Ludhiana,rainfall,1,gem,0.5171,1.9435,-0.2665,720
Ludhiana,rainfall,1,gfs,0.2654,0.7341,0.0313,720
Ludhiana,rainfall,1,icon,0.4022,1.1481,-0.1686,720
Ludhiana,rainfall,1,jma,0.2664,0.6508,-0.0111,720
Ludhiana,rainfall,1,ukmo,0.3346,0.9276,-0.0815,720
Ludhiana,rainfall,2,ecmwf,0.3143,0.761,-0.099,720
Ludhiana,rainfall,2,gem,0.4088,1.2257,-0.1438,720
Ludhiana,rainfall,2,gfs,0.3124,0.8452,-0.009,720
Ludhiana,rainfall,2,icon,0.3707,0.8568,-0.1085,720
Ludhiana,rainfall,2,jma,0.3919,0.7416,-0.1628,720
Ludhiana,rainfall,2,ukmo,0.2568,0.7462,0.0165,720
Ludhiana,rainfall,3,ecmwf,0.3028,0.7136,-0.0894,720
Ludhiana,rainfall,3,gem,0.6294,2.0516,-0.3611,720
Ludhiana,rainfall,3,gfs,0.3399,0.8663,-0.0643,720
Ludhiana,rainfall,3,icon,0.3639,0.8549,-0.0961,720
Ludhiana,rainfall,3,jma,0.4286,0.796,-0.2236,720
Ludhiana,rainfall,3,ukmo,0.2436,0.6924,0.0375,720
Ludhiana,temperature,1,ecmwf,1.4525,1.7103,1.2372,720
Ludhiana,temperature,1,gem,1.8394,2.2777,1.3336,720
Ludhiana,temperature,1,gfs,2.0704,2.6228,-0.7285,720
Ludhiana,temperature,1,icon,0.9631,1.2572,0.2906,720
Ludhiana,temperature,1,jma,1.8531,2.2655,-0.9242,720
Ludhiana,temperature,1,ukmo,1.0914,1.4108,-0.2294,720
Ludhiana,temperature,2,ecmwf,1.6429,1.9487,1.4004,720
Ludhiana,temperature,2,gem,1.96,2.4277,1.5011,720
Ludhiana,temperature,2,gfs,1.9888,2.575,-0.7196,720
Ludhiana,temperature,2,icon,1.259,1.6141,0.6479,720
Ludhiana,temperature,2,jma,1.5449,1.9285,-0.3496,720
Ludhiana,temperature,2,ukmo,1.2904,1.6918,-0.6712,720
Ludhiana,temperature,3,ecmwf,1.6362,1.9443,1.3665,720
Ludhiana,temperature,3,gem,2.3893,2.9305,1.8688,720
Ludhiana,temperature,3,gfs,1.8275,2.4644,-0.4239,720
Ludhiana,temperature,3,icon,1.2753,1.628,0.5908,720
Ludhiana,temperature,3,jma,1.5299,1.9334,-0.0757,720
Ludhiana,temperature,3,ukmo,1.4485,1.9339,-0.8399,720
Ludhiana,wind_speed,1,ecmwf,2.3158,2.9873,0.3144,720
Ludhiana,wind_speed,1,gem,4.3367,5.4665,-2.9256,720
Ludhiana,wind_speed,1,gfs,5.4849,6.5417,-4.9246,720
Ludhiana,wind_speed,1,icon,2.4167,3.0087,0.8411,720
Ludhiana,wind_speed,1,jma,2.6997,3.3617,1.1689,720
Ludhiana,wind_speed,1,ukmo,3.0881,3.85,-1.4928,720
Ludhiana,wind_speed,2,ecmwf,2.441,3.1091,0.2829,720
Ludhiana,wind_speed,2,gem,4.1971,5.3681,-2.7329,720
Ludhiana,wind_speed,2,gfs,5.7639,6.8498,-5.0425,720
Ludhiana,wind_speed,2,icon,2.6957,3.3836,0.3807,720
Ludhiana,wind_speed,2,jma,2.6307,3.3101,0.829,720
Ludhiana,wind_speed,2,ukmo,3.5975,4.5469,-1.9044,720
Ludhiana,wind_speed,3,ecmwf,2.5443,3.2418,0.264,720
Ludhiana,wind_speed,3,gem,4.5025,5.6936,-3.2342,720
Ludhiana,wind_speed,3,gfs,5.9822,7.4591,-5.3175,720
Ludhiana,wind_speed,3,icon,2.6821,3.3044,0.2876,720
Ludhiana,wind_speed,3,jma,2.6647,3.3739,0.6517,720
Ludhiana,wind_speed,3,ukmo,3.8486,4.923,-2.3581,720
Madurai,rainfall,1,ecmwf,0.1783,0.7053,-0.0175,720
Madurai,rainfall,1,gem,0.1368,0.6917,0.0807,720
Madurai,rainfall,1,gfs,0.1547,0.7039,0.0814,720
Madurai,rainfall,1,icon,0.1276,0.6958,0.1054,720
Madurai,rainfall,1,jma,0.134,0.6392,0.0871,720
Madurai,rainfall,1,ukmo,0.2214,0.7641,-0.0392,720
Madurai,rainfall,2,ecmwf,0.1725,0.7117,0.0133,720
Madurai,rainfall,2,gem,0.1268,0.6764,0.0882,720
Madurai,rainfall,2,gfs,0.1419,0.7106,0.0975,720
Madurai,rainfall,2,icon,0.1276,0.7059,0.1129,720
Madurai,rainfall,2,jma,0.1382,0.6934,0.1021,720
Madurai,rainfall,2,ukmo,0.2554,0.7684,-0.0971,720
Madurai,rainfall,3,ecmwf,0.1593,0.7289,0.0238,720
Madurai,rainfall,3,gem,0.1371,0.6891,0.0696,720
Madurai,rainfall,3,gfs,0.1296,0.6943,0.1079,720
Madurai,rainfall,3,icon,0.1218,0.689,0.1162,720
Madurai,rainfall,3,jma,0.1312,0.6951,0.1129,720
Madurai,rainfall,3,ukmo,0.2332,0.7513,-0.0738,720
Madurai,temperature,1,ecmwf,1.811,2.1986,1.5579,720
Madurai,temperature,1,gem,2.3947,2.8845,1.8119,720
Madurai,temperature,1,gfs,1.6229,2.041,1.026,720
Madurai,temperature,1,icon,1.2747,1.6787,0.5394,720
Madurai,temperature,1,jma,1.1932,1.5474,0.4112,720
Madurai,temperature,1,ukmo,2.0012,2.2983,1.6593,720
Madurai,temperature,2,ecmwf,1.8349,2.2,1.4918,720
Madurai,temperature,2,gem,2.1982,2.7676,1.5346,720
Madurai,temperature,2,gfs,1.5976,2.0453,0.9426,720
Madurai,temperature,2,icon,1.3212,1.8091,0.3374,720
Madurai,temperature,2,jma,1.3029,1.6969,0.6487,720
Madurai,temperature,2,ukmo,2.151,2.4115,1.8688,720
Madurai,temperature,3,ecmwf,1.6831,1.9951,1.3503,720
Madurai,temperature,3,gem,2.3686,2.957,1.6589,720
Madurai,temperature,3,gfs,1.484,1.967,0.6921,720
Madurai,temperature,3,icon,1.4257,1.9701,0.1749,720
Madurai,temperature,3,jma,1.3899,1.8163,0.7374,720
Madurai,temperature,3,ukmo,2.1561,2.4138,1.8772,720
Madurai,wind_speed,1,ecmwf,3.7517,4.897,2.1869,720
Madurai,wind_speed,1,gem,4.8124,6.3843,0.0735,720
Madurai,wind_speed,1,gfs,6.0596,7.5166,-4.5549,720
Madurai,wind_speed,1,icon,4.63,5.8027,1.9056,720
Madurai,wind_speed,1,jma,4.0921,4.8761,2.2476,720
Madurai,wind_speed,1,ukmo,4.1278,5.2313,2.1614,720
Madurai,wind_speed,2,ecmwf,3.8617,5.1334,2.0392,720
Madurai,wind_speed,2,gem,4.939,6.3421,-0.3674,720
Madurai,wind_speed,2,gfs,6.1976,7.5778,-4.969,720
Madurai,wind_speed,2,icon,4.5304,5.6382,1.6643,720
Madurai,wind_speed,2,jma,4.0318,4.8594,1.4351,720
Madurai,wind_speed,2,ukmo,4.3269,5.6331,1.8111,720
Madurai,wind_speed,3,ecmwf,3.8076,5.1744,1.8776,720
Madurai,wind_speed,3,gem,4.9668,6.411,0.1988,720
Madurai,wind_speed,3,gfs,5.9442,7.2606,-4.1633,720
Madurai,wind_speed,3,icon,4.599,5.7063,1.4429,720
Madurai,wind_speed,3,jma,3.9289,4.698,1.1419,720
Madurai,wind_speed,3,ukmo,4.2301,5.4898,2.3929,720
Mumbai,rainfall,1,ecmwf,0.36,0.6232,-0.0322,720
Mumbai,rainfall,1,gem,0.471,0.8091,0.086,720
Mumbai,rainfall,1,gfs,0.4607,0.9466,0.1435,720
Mumbai,rainfall,1,icon,0.3657,0.6069,0.0754,720
Mumbai,rainfall,1,jma,0.5718,0.9354,-0.2576,720
Mumbai,rainfall,1,ukmo,0.4812,0.9708,-0.0735,720
Mumbai,rainfall,2,ecmwf,0.3164,0.5492,0.0828,720
Mumbai,rainfall,2,gem,0.446,0.7198,0.0724,720
Mumbai,rainfall,2,gfs,0.4419,0.7438,0.0761,720
Mumbai,rainfall,2,icon,0.3521,0.5962,0.0901,720
Mumbai,rainfall,2,jma,0.5699,0.8413,-0.2793,720
Mumbai,rainfall,2,ukmo,0.5664,1.1855,-0.1256,720
Mumbai,rainfall,3,ecmwf,0.3353,0.5889,0.0711,720
Mumbai,rainfall,3,gem,0.4268,0.6704,0.1271,720
Mumbai,rainfall,3,gfs,0.4544,0.7757,0.0647,720
Mumbai,rainfall,3,icon,0.3532,0.5856,0.0546,720
Mumbai,rainfall,3,jma,0.726,1.026,-0.4943,720
Mumbai,rainfall,3,ukmo,0.4344,0.8533,0.0506,720
Mumbai,temperature,1,ecmwf,0.5475,0.725,0.3011,720
Mumbai,temperature,1,gem,0.6815,0.8609,0.3418,720
Mumbai,temperature,1,gfs,1.6408,1.8204,-1.5331,720
Mumbai,temperature,1,icon,0.5749,0.724,-0.3415,720
Mumbai,temperature,1,jma,0.6783,0.8399,-0.2989,720
Mumbai,temperature,1,ukmo,0.8218,1.0011,-0.7057,720
Mumbai,temperature,2,ecmwf,0.5304,0.7211,0.1657,720
Mumbai,temperature,2,gem,0.684,0.8876,0.3637,720
Mumbai,temperature,2,gfs,1.5501,1.7329,-1.4221,720
Mumbai,temperature,2,icon,0.6443,0.8181,-0.3771,720
Mumbai,temperature,2,jma,0.6608,0.8081,-0.1761,720
Mumbai,temperature,2,ukmo,0.8515,1.0348,-0.7118,720
Mumbai,temperature,3,ecmwf,0.5424,0.7663,0.1376,720
Mumbai,temperature,3,gem,0.6792,0.8698,0.2753,720
Mumbai,temperature,3,gfs,1.4578,1.6621,-1.3675,720
Mumbai,temperature,3,icon,0.6593,0.8447,-0.2596,720
Mumbai,temperature,3,jma,0.6686,0.8177,-0.1325,720
Mumbai,temperature,3,ukmo,0.8924,1.1045,-0.7882,720
Mumbai,wind_speed,1,ecmwf,2.5283,3.2492,2.0578,720
Mumbai,wind_speed,1,gem,3.2751,4.1835,-2.1635,720
Mumbai,wind_speed,1,gfs,8.6094,9.1569,-8.5967,720
Mumbai,wind_speed,1,icon,3.2708,3.9433,2.7019,720
Mumbai,wind_speed,1,jma,3.8983,4.6542,-2.7869,720
Mumbai,wind_speed,1,ukmo,2.3685,2.8904,-0.7176,720
Mumbai,wind_speed,2,ecmwf,2.206,2.955,0.5154,720
Mumbai,wind_speed,2,gem,3.2944,4.1595,-1.7625,720
Mumbai,wind_speed,2,gfs,9.3072,9.813,-9.2897,720
Mumbai,wind_speed,2,icon,2.9089,3.5909,1.9225,720
Mumbai,wind_speed,2,jma,4.4269,5.2126,-3.4867,720
Mumbai,wind_speed,2,ukmo,2.6383,3.1921,-1.4639,720
Mumbai,wind_speed,3,ecmwf,2.4261,3.1668,-0.3028,720
Mumbai,wind_speed,3,gem,3.4894,4.3995,-1.8086,720
Mumbai,wind_speed,3,gfs,9.194,9.7506,-9.0149,720
Mumbai,wind_speed,3,icon,2.9921,3.7668,1.8932,720
Mumbai,wind_speed,3,jma,4.7358,5.6016,-3.5569,720
Mumbai,wind_speed,3,ukmo,2.9797,3.6058,-1.8769,720
Nagpur,rainfall,1,ecmwf,0.4854,0.9081,-0.311,720
Nagpur,rainfall,1,gem,0.3822,1.3238,0.0117,720
Nagpur,rainfall,1,gfs,0.4901,1.0,-0.1999,720
Nagpur,rainfall,1,icon,0.6104,1.7876,-0.3371,720
Nagpur,rainfall,1,jma,0.5015,1.009,-0.2818,720
Nagpur,rainfall,1,ukmo,0.4285,0.8516,-0.1843,720
Nagpur,rainfall,2,ecmwf,0.6747,1.1924,-0.4906,720
Nagpur,rainfall,2,gem,0.4656,1.456,-0.1006,720
Nagpur,rainfall,2,gfs,0.35,0.7777,0.0053,720
Nagpur,rainfall,2,icon,0.8364,2.1678,-0.5619,720
Nagpur,rainfall,2,jma,0.7485,1.4811,-0.5351,720
Nagpur,rainfall,2,ukmo,0.566,1.2149,-0.339,720
Nagpur,rainfall,3,ecmwf,0.83,1.6966,-0.5839,720
Nagpur,rainfall,3,gem,0.3414,0.831,0.0614,720
Nagpur,rainfall,3,gfs,0.3221,0.7689,0.0346,720
Nagpur,rainfall,3,icon,0.8424,2.2102,-0.5368,720
Nagpur,rainfall,3,jma,0.5024,0.7558,-0.2735,720
Nagpur,rainfall,3,ukmo,0.5197,1.1188,-0.28,720
Nagpur,temperature,1,ecmwf,0.8451,1.1469,0.3612,720
Nagpur,temperature,1,gem,1.2618,1.5826,0.9549,720
Nagpur,temperature,1,gfs,1.5822,2.0437,1.515,720
Nagpur,temperature,1,icon,1.0593,1.4274,0.8715,720
Nagpur,temperature,1,jma,1.0085,1.3823,0.429,720
Nagpur,temperature,1,ukmo,0.7612,1.0593,-0.1929,720
Nagpur,temperature,2,ecmwf,1.0224,1.4004,0.7249,720
Nagpur,temperature,2,gem,1.5206,1.8725,1.1403,720
Nagpur,temperature,2,gfs,1.9306,2.4317,1.8839,720
Nagpur,temperature,2,icon,1.5429,2.0169,1.3901,720
Nagpur,temperature,2,jma,1.1878,1.6058,0.7494,720
Nagpur,temperature,2,ukmo,0.8372,1.1448,0.1489,720
Nagpur,temperature,3,ecmwf,1.1603,1.5348,0.7169,720
Nagpur,temperature,3,gem,1.5164,1.8683,1.0958,720
Nagpur,temperature,3,gfs,1.5842,2.0926,1.3853,720
Nagpur,temperature,3,icon,1.6501,2.144,1.3976,720
Nagpur,temperature,3,jma,1.1403,1.5539,0.8211,720
Nagpur,temperature,3,ukmo,0.944,1.2812,0.1182,720
Nagpur,wind_speed,1,ecmwf,2.5212,3.1081,-1.5071,720
Nagpur,wind_speed,1,gem,4.2017,5.2235,-3.2394,720
Nagpur,wind_speed,1,gfs,3.8215,4.6571,-3.1654,720
Nagpur,wind_speed,1,icon,3.8618,4.463,3.5332,720
Nagpur,wind_speed,1,jma,3.8867,4.4939,3.7942,720
Nagpur,wind_speed,1,ukmo,2.1331,2.7294,-0.7756,720
Nagpur,wind_speed,2,ecmwf,2.9679,3.6813,-1.9704,720
Nagpur,wind_speed,2,gem,4.1726,5.0477,-2.6976,720
Nagpur,wind_speed,2,gfs,3.2785,4.208,-2.0079,720
Nagpur,wind_speed,2,icon,3.9561,4.5327,3.7094,720
Nagpur,wind_speed,2,jma,3.4138,4.1633,3.0715,720
Nagpur,wind_speed,2,ukmo,2.3158,2.9991,-1.3486,720
Nagpur,wind_speed,3,ecmwf,3.3929,4.2089,-2.256,720
Nagpur,wind_speed,3,gem,4.0853,5.128,-2.7494,720
Nagpur,wind_speed,3,gfs,3.2812,4.1716,-1.5465,720
Nagpur,wind_speed,3,icon,4.0108,4.6587,3.7481,720
Nagpur,wind_speed,3,jma,3.6693,4.4741,3.4071,720
Nagpur,wind_speed,3,ukmo,2.4839,3.2188,-1.7181,720
Nashik,rainfall,1,ecmwf,0.2058,0.5964,-0.1,720
Nashik,rainfall,1,gem,0.3238,1.1335,-0.1362,720
Nashik,rainfall,1,gfs,0.1992,0.5831,0.0253,720
Nashik,rainfall,1,icon,0.3704,1.7864,-0.1135,720
Nashik,rainfall,1,jma,0.1865,0.4173,0.0821,720
Nashik,rainfall,1,ukmo,0.2478,0.8349,-0.1189,720
Nashik,rainfall,2,ecmwf,0.165,0.3773,-0.0233,720
Nashik,rainfall,2,gem,0.236,0.4371,-0.0151,720
Nashik,rainfall,2,gfs,0.2061,0.653,0.0586,720
Nashik,rainfall,2,icon,0.1781,0.4119,0.0786,720
Nashik,rainfall,2,jma,0.1888,0.4001,0.0762,720
Nashik,rainfall,2,ukmo,0.2553,0.5796,-0.1433,720
Nashik,rainfall,3,ecmwf,0.17,0.3803,0.0033,720
Nashik,rainfall,3,gem,0.2807,0.7534,-0.0374,720
Nashik,rainfall,3,gfs,0.1918,0.5999,0.0596,720
Nashik,rainfall,3,icon,0.3735,2.1139,-0.1304,720
Nashik,rainfall,3,jma,0.1796,0.3891,0.0321,720
Nashik,rainfall,3,ukmo,0.2928,0.934,-0.1631,720
Nashik,temperature,1,ecmwf,0.3971,0.5657,0.1651,720
Nashik,temperature,1,gem,0.6424,0.9081,0.431,720
Nashik,temperature,1,gfs,0.61,0.8228,0.4511,720
Nashik,temperature,1,icon,0.6243,0.8457,0.2057,720
Nashik,temperature,1,jma,0.7278,0.9172,-0.0853,720
Nashik,temperature,1,ukmo,0.5538,0.7009,-0.2901,720
Nashik,temperature,2,ecmwf,0.4117,0.5912,0.1333,720
Nashik,temperature,2,gem,0.6136,0.9143,0.3725,720
Nashik,temperature,2,gfs,0.7232,1.0106,0.5435,720
Nashik,temperature,2,icon,0.6801,0.9694,0.2674,720
Nashik,temperature,2,jma,0.7682,0.9473,-0.1171,720
Nashik,temperature,2,ukmo,0.6111,0.7572,-0.3131,720
Nashik,temperature,3,ecmwf,0.5074,0.784,0.1971,720
Nashik,temperature,3,gem,0.6539,0.9698,0.3578,720
Nashik,temperature,3,gfs,0.7782,1.1113,0.6004,720
Nashik,temperature,3,icon,0.7615,1.0738,0.3482,720
Nashik,temperature,3,jma,0.7643,0.9312,-0.1196,720
Nashik,temperature,3,ukmo,0.7135,0.8775,-0.3521,720
Nashik,wind_speed,1,ecmwf,2.7349,3.3381,-2.3588,720
Nashik,wind_speed,1,gem,3.9826,4.689,-3.464,720
Nashik,wind_speed,1,gfs,9.0381,9.6116,-9.0244,720
Nashik,wind_speed,1,icon,1.8731,2.4771,0.2494,720
Nashik,wind_speed,1,jma,6.0364,6.6139,6.0361,720
Nashik,wind_speed,1,ukmo,1.9006,2.5052,-0.0425,720
Nashik,wind_speed,2,ecmwf,3.3433,3.9316,-3.1725,720
Nashik,wind_speed,2,gem,4.4257,5.1287,-3.8282,720
Nashik,wind_speed,2,gfs,9.3365,9.9909,-9.3154,720
Nashik,wind_speed,2,icon,1.964,2.5336,-0.4965,720
Nashik,wind_speed,2,jma,5.8243,6.4717,5.816,720
Nashik,wind_speed,2,ukmo,2.2288,2.8703,-1.0354,720
Nashik,wind_speed,3,ecmwf,4.1771,4.726,-4.0287,720
Nashik,wind_speed,3,gem,4.1201,4.8702,-3.4665,720
Nashik,wind_speed,3,gfs,9.01,9.6378,-8.9981,720
Nashik,wind_speed,3,icon,2.6839,3.2807,-0.6122,720
Nashik,wind_speed,3,jma,5.9133,6.6311,5.875,720
Nashik,wind_speed,3,ukmo,2.8728,3.5363,-2.2672,720
Patna,rainfall,1,ecmwf,0.4931,1.1199,-0.1328,720
Patna,rainfall,1,gem,0.5564,1.4241,0.0044,720
Patna,rainfall,1,gfs,0.3446,0.9866,0.2176,720
Patna,rainfall,1,icon,0.5418,1.1022,-0.1371,720
Patna,rainfall,1,jma,0.4189,0.9632,-0.0078,720
Patna,rainfall,1,ukmo,0.4264,1.1006,0.0742,720
Patna,rainfall,2,ecmwf,0.5139,1.0444,-0.1753,720
Patna,rainfall,2,gem,0.5971,1.6288,-0.0521,720
Patna,rainfall,2,gfs,0.4985,1.2164,0.0162,720
Patna,rainfall,2,icon,0.5192,1.2334,-0.0797,720
Patna,rainfall,2,jma,0.4331,0.9782,-0.0211,720
Patna,rainfall,2,ukmo,0.5308,1.3433,-0.0775,720
Patna,rainfall,3,ecmwf,0.5994,1.2229,-0.1886,720
Patna,rainfall,3,gem,0.4897,1.3051,0.095,720
Patna,rainfall,3,gfs,0.6111,1.6247,-0.12,720
Patna,rainfall,3,icon,0.4657,0.9968,-0.0235,720
Patna,rainfall,3,jma,0.4172,0.9552,0.0131,720
Patna,rainfall,3,ukmo,0.5057,1.3206,-0.034,720
Patna,temperature,1,ecmwf,0.9582,1.2419,0.7151,720
Patna,temperature,1,gem,1.864,2.3073,1.4762,720
Patna,temperature,1,gfs,3.2269,3.5552,-3.1836,720
Patna,temperature,1,icon,0.8564,1.1456,0.2083,720
Patna,temperature,1,jma,0.96,1.2383,-0.3697,720
Patna,temperature,1,ukmo,1.3635,1.7651,-0.879,720
Patna,temperature,2,ecmwf,1.1793,1.4354,0.9101,720
Patna,temperature,2,gem,1.7106,2.0918,1.3014,720
Patna,temperature,2,gfs,2.9167,3.3176,-2.7594,720
Patna,temperature,2,icon,0.97,1.2745,0.4883,720
Patna,temperature,2,jma,1.1399,1.4747,-0.6012,720
Patna,temperature,2,ukmo,1.3836,1.7956,-0.7994,720
Patna,temperature,3,ecmwf,1.2229,1.4997,0.9226,720
Patna,temperature,3,gem,1.8301,2.1863,1.479,720
Patna,temperature,3,gfs,2.6232,3.0328,-2.284,720
Patna,temperature,3,icon,1.0524,1.3673,0.3551,720
Patna,temperature,3,jma,1.1668,1.5077,-0.7954,720
Patna,temperature,3,ukmo,1.4018,1.7876,-0.914,720
Patna,wind_speed,1,ecmwf,2.1429,2.8106,-0.196,720
Patna,wind_speed,1,gem,4.1699,5.1192,-2.6499,720
Patna,wind_speed,1,gfs,5.7669,6.6714,-5.5489,720
Patna,wind_speed,1,icon,2.4276,3.0004,0.9968,720
Patna,wind_speed,1,jma,2.5151,3.1422,1.4904,720
Patna,wind_speed,1,ukmo,2.5499,3.2114,-1.6438,720
Patna,wind_speed,2,ecmwf,2.4785,3.1757,-0.7388,720
Patna,wind_speed,2,gem,4.6411,5.8338,-2.8447,720
Patna,wind_speed,2,gfs,5.9918,7.287,-5.4432,720
Patna,wind_speed,2,icon,2.5882,3.2171,0.6176,720
Patna,wind_speed,2,jma,2.6069,3.2039,0.7675,720
Patna,wind_speed,2,ukmo,3.0244,3.9052,-1.6697,720
Patna,wind_speed,3,ecmwf,2.8801,3.7099,0.1218,720
Patna,wind_speed,3,gem,5.4506,6.5671,-3.3189,720
Patna,wind_speed,3,gfs,4.7351,6.0556,-2.856,720
Patna,wind_speed,3,icon,3.1062,3.9372,1.3026,720
Patna,wind_speed,3,jma,3.0746,3.7575,1.1146,720
Patna,wind_speed,3,ukmo,3.1336,3.9875,-1.7322,720
Pune,rainfall,1,ecmwf,0.1768,0.446,0.0024,720
Pune,rainfall,1,gem,0.2567,0.4953,0.0003,720
Pune,rainfall,1,gfs,0.164,0.4708,0.1238,720
Pune,rainfall,1,icon,0.1582,0.4421,0.1374,720
Pune,rainfall,1,jma,0.1962,0.473,0.1024,720
Pune,rainfall,1,ukmo,0.2793,0.6522,-0.1424,720
Pune,rainfall,2,ecmwf,0.1733,0.4293,0.0319,720
Pune,rainfall,2,gem,0.2594,0.5102,0.0028,720
Pune,rainfall,2,gfs,0.1765,0.5058,0.1238,720
Pune,rainfall,2,icon,0.1672,0.4672,0.1111,720
Pune,rainfall,2,jma,0.2024,0.4745,0.0849,720
Pune,rainfall,2,ukmo,0.3149,0.9166,-0.1626,720
Pune,rainfall,3,ecmwf,0.1747,0.4353,0.0369,720
Pune,rainfall,3,gem,0.261,0.517,0.0046,720
Pune,rainfall,3,gfs,0.1601,0.4643,0.1324,720
Pune,rainfall,3,icon,0.1603,0.4486,0.1297,720
Pune,rainfall,3,jma,0.2021,0.4743,0.0824,720
Pune,rainfall,3,ukmo,0.2393,0.5341,-0.0696,720
Pune,temperature,1,ecmwf,0.4044,0.5641,0.1192,720
Pune,temperature,1,gem,0.7586,0.9631,0.6847,720
Pune,temperature,1,gfs,0.5872,0.8094,-0.3231,720
Pune,temperature,1,icon,0.5369,0.6747,-0.1578,720
Pune,temperature,1,jma,0.6681,0.8653,-0.1631,720
Pune,temperature,1,ukmo,0.6347,0.7998,-0.4592,720
Pune,temperature,2,ecmwf,0.4196,0.5833,0.1274,720
Pune,temperature,2,gem,0.7586,0.9758,0.6422,720
Pune,temperature,2,gfs,0.6529,0.9331,-0.1315,720
Pune,temperature,2,icon,0.5961,0.7912,-0.0728,720
Pune,temperature,2,jma,0.7056,0.9275,-0.1161,720
Pune,temperature,2,ukmo,0.6731,0.8299,-0.4803,720
Pune,temperature,3,ecmwf,0.5004,0.716,0.1665,720
Pune,temperature,3,gem,0.6892,0.925,0.5436,720
Pune,temperature,3,gfs,0.6267,0.9258,-0.0489,720
Pune,temperature,3,icon,0.6731,0.9157,0.055,720
Pune,temperature,3,jma,0.6917,0.8902,-0.1217,720
Pune,temperature,3,ukmo,0.7492,0.9119,-0.5481,720
Pune,wind_speed,1,ecmwf,1.6062,2.0326,-0.6771,720
Pune,wind_speed,1,gem,2.4329,3.017,1.8757,720
Pune,wind_speed,1,gfs,3.6665,4.6093,-2.7818,720
Pune,wind_speed,1,icon,2.3585,2.8595,1.0493,720
Pune,wind_speed,1,jma,3.6829,4.4306,3.5818,720
Pune,wind_speed,1,ukmo,1.9436,2.4235,-0.4194,720
Pune,wind_speed,2,ecmwf,1.9936,2.4505,-1.2603,720
Pune,wind_speed,2,gem,2.4576,3.129,1.796,720
Pune,wind_speed,2,gfs,4.0124,5.1358,-3.0788,720
Pune,wind_speed,2,icon,2.2499,2.8128,0.6935,720
Pune,wind_speed,2,jma,3.519,4.3332,3.3546,720
Pune,wind_speed,2,ukmo,2.3899,2.9652,-1.604,720
Pune,wind_speed,3,ecmwf,2.6535,3.1807,-1.9846,720
Pune,wind_speed,3,gem,2.7582,3.4232,2.0215,720
Pune,wind_speed,3,gfs,3.7768,4.7001,-2.7143,720
Pune,wind_speed,3,icon,2.456,3.0845,0.8385,720
Pune,wind_speed,3,jma,3.5321,4.3398,3.1965,720
Pune,wind_speed,3,ukmo,3.0136,3.6153,-2.6186,720
Raipur,rainfall,1,ecmwf,0.6038,1.0347,-0.1635,720
Raipur,rainfall,1,gem,0.784,1.9285,-0.0318,720
Raipur,rainfall,1,gfs,0.6818,1.4586,-0.064,720
Raipur,rainfall,1,icon,0.6031,1.1497,-0.0014,720
Raipur,rainfall,1,jma,0.7461,1.0884,-0.3914,720
Raipur,rainfall,1,ukmo,0.6115,1.146,-0.0871,720
Raipur,rainfall,2,ecmwf,0.6567,1.2287,-0.2072,720
Raipur,rainfall,2,gem,0.6776,1.3884,0.0557,720
Raipur,rainfall,2,gfs,0.5396,1.0532,0.171,720
Raipur,rainfall,2,icon,0.5925,1.1448,0.0931,720
Raipur,rainfall,2,jma,0.8719,1.2085,-0.5064,720
Raipur,rainfall,2,ukmo,0.614,1.2122,-0.0901,720
Raipur,rainfall,3,ecmwf,0.6822,1.1946,-0.0931,720
Raipur,rainfall,3,gem,0.8278,1.9836,-0.0783,720
Raipur,rainfall,3,gfs,0.5149,1.0085,0.2415,720
Raipur,rainfall,3,icon,0.5354,1.0942,0.1254,720
Raipur,rainfall,3,jma,0.8386,1.1454,-0.4181,720
Raipur,rainfall,3,ukmo,0.6336,1.1369,-0.0508,720
Raipur,temperature,1,ecmwf,0.8301,1.1084,0.4149,720
Raipur,temperature,1,gem,1.5372,1.8882,1.3986,720
Raipur,temperature,1,gfs,1.4261,1.8521,0.8031,720
Raipur,temperature,1,icon,0.9678,1.2837,0.5597,720
Raipur,temperature,1,jma,0.9533,1.3055,0.2114,720
Raipur,temperature,1,ukmo,0.8449,1.1316,-0.0579,720
Raipur,temperature,2,ecmwf,1.0385,1.3577,0.6032,720
Raipur,temperature,2,gem,1.6315,1.977,1.4732,720
Raipur,temperature,2,gfs,1.8856,2.3697,1.5767,720
Raipur,temperature,2,icon,1.1596,1.5636,0.8674,720
Raipur,temperature,2,jma,1.1093,1.4899,0.4496,720
Raipur,temperature,2,ukmo,0.8428,1.1243,0.0767,720
Raipur,temperature,3,ecmwf,1.106,1.4915,0.5074,720
Raipur,temperature,3,gem,1.6519,2.017,1.4181,720
Raipur,temperature,3,gfs,1.6939,2.1815,1.2219,720
Raipur,temperature,3,icon,1.2707,1.6875,0.926,720
Raipur,temperature,3,jma,1.0018,1.3146,0.3524,720
Raipur,temperature,3,ukmo,0.8335,1.0969,0.074,720
Raipur,wind_speed,1,ecmwf,2.0133,2.5938,-1.0494,720
Raipur,wind_speed,1,gem,4.9356,5.89,-3.5089,720
Raipur,wind_speed,1,gfs,6.7236,7.6557,-6.6008,720
Raipur,wind_speed,1,icon,2.9564,3.5109,2.5836,720
Raipur,wind_speed,1,jma,5.4767,5.9969,5.4058,720
Raipur,wind_speed,1,ukmo,2.1881,2.8585,-1.1453,720
Raipur,wind_speed,2,ecmwf,2.9318,3.6979,-1.7488,720
Raipur,wind_speed,2,gem,4.7832,5.7797,-3.5365,720
Raipur,wind_speed,2,gfs,6.4801,7.4075,-6.2754,720
Raipur,wind_speed,2,icon,2.6707,3.2854,2.1574,720
Raipur,wind_speed,2,jma,5.4263,6.0371,5.2638,720
Raipur,wind_speed,2,ukmo,2.7978,3.6193,-1.7231,720
Raipur,wind_speed,3,ecmwf,3.5553,4.3205,-2.5653,720
Raipur,wind_speed,3,gem,5.0825,6.1969,-4.2403,720
Raipur,wind_speed,3,gfs,5.0133,6.0686,-4.3272,720
Raipur,wind_speed,3,icon,3.274,4.0324,2.4365,720
Raipur,wind_speed,3,jma,5.705,6.3762,5.6436,720
Raipur,wind_speed,3,ukmo,3.0036,3.8184,-1.4583,720
Ranchi,rainfall,1,ecmwf,0.5618,1.1605,-0.1496,720
Ranchi,rainfall,1,gem,0.7308,1.7772,-0.1514,720
Ranchi,rainfall,1,gfs,0.6214,1.2217,-0.1631,720
Ranchi,rainfall,1,icon,0.845,2.3785,-0.4083,720
Ranchi,rainfall,1,jma,0.5387,1.0539,0.0204,720
Ranchi,rainfall,1,ukmo,0.4779,1.0995,0.0585,720
Ranchi,rainfall,2,ecmwf,0.5878,1.1777,-0.1133,720
Ranchi,rainfall,2,gem,0.9951,2.2659,-0.3921,720
Ranchi,rainfall,2,gfs,0.6992,1.3907,-0.2281,720
Ranchi,rainfall,2,icon,0.6015,1.4034,-0.0921,720
Ranchi,rainfall,2,jma,0.4862,1.0488,0.0996,720
Ranchi,rainfall,2,ukmo,0.6021,1.2093,-0.0376,720
Ranchi,rainfall,3,ecmwf,0.6064,1.1977,-0.0933,720
Ranchi,rainfall,3,gem,0.8589,1.7556,-0.2514,720
Ranchi,rainfall,3,gfs,0.7644,1.8331,-0.2597,720
Ranchi,rainfall,3,icon,0.5539,1.1991,-0.0069,720
Ranchi,rainfall,3,jma,0.4526,1.063,0.2204,720
Ranchi,rainfall,3,ukmo,0.6183,1.447,-0.0639,720
Ranchi,temperature,1,ecmwf,0.6533,0.9244,0.2872,720
Ranchi,temperature,1,gem,1.0632,1.3612,0.6288,720
Ranchi,temperature,1,gfs,0.9562,1.3303,-0.3885,720
Ranchi,temperature,1,icon,0.7369,0.9907,0.1858,720
Ranchi,temperature,1,jma,0.9079,1.1244,-0.1832,720
Ranchi,temperature,1,ukmo,0.7471,1.023,-0.176,720
Ranchi,temperature,2,ecmwf,0.7169,0.9935,0.2772,720
Ranchi,temperature,2,gem,1.1594,1.4927,0.6686,720
Ranchi,temperature,2,gfs,0.9571,1.368,-0.0857,720
Ranchi,temperature,2,icon,0.8754,1.2275,0.429,720
Ranchi,temperature,2,jma,0.9796,1.2381,-0.154,720
Ranchi,temperature,2,ukmo,0.8285,1.1805,-0.2068,720
Ranchi,temperature,3,ecmwf,0.8044,1.0845,0.2725,720
Ranchi,temperature,3,gem,1.0579,1.4104,0.4782,720
Ranchi,temperature,3,gfs,1.0811,1.5431,0.2292,720
Ranchi,temperature,3,icon,0.8428,1.1655,0.3247,720
Ranchi,temperature,3,jma,1.0069,1.2492,-0.3047,720
Ranchi,temperature,3,ukmo,0.8153,1.105,-0.2819,720
Ranchi,wind_speed,1,ecmwf,3.0828,3.8923,0.0331,720
Ranchi,wind_speed,1,gem,3.6965,4.6022,-0.3543,720
Ranchi,wind_speed,1,gfs,4.1142,5.0606,-1.9469,720
Ranchi,wind_speed,1,icon,3.0661,3.8595,1.4033,720
Ranchi,wind_speed,1,jma,4.4471,5.3867,3.7004,720
Ranchi,wind_speed,1,ukmo,2.8057,3.5993,0.711,720
Ranchi,wind_speed,2,ecmwf,3.5049,4.3667,0.2793,720
Ranchi,wind_speed,2,gem,3.9889,5.0609,-0.1056,720
Ranchi,wind_speed,2,gfs,4.7936,5.9683,-2.5025,720
Ranchi,wind_speed,2,icon,3.3461,4.3656,1.2411,720
Ranchi,wind_speed,2,jma,4.5781,5.8081,3.5408,720
Ranchi,wind_speed,2,ukmo,3.1274,3.9358,0.3635,720
Ranchi,wind_speed,3,ecmwf,4.0714,4.9932,0.8506,720
Ranchi,wind_speed,3,gem,4.1315,5.0837,0.914,720
Ranchi,wind_speed,3,gfs,4.8285,5.9347,-2.4851,720
Ranchi,wind_speed,3,icon,3.9858,5.0432,1.6403,720
Ranchi,wind_speed,3,jma,4.5081,5.7803,3.5569,720
Ranchi,wind_speed,3,ukmo,3.5775,4.4819,0.2622,720
Shillong,rainfall,1,ecmwf,0.3996,1.2912,-0.239,720
Shillong,rainfall,1,gem,0.4754,0.9957,-0.1751,720
Shillong,rainfall,1,gfs,0.4686,1.0415,-0.2017,720
Shillong,rainfall,1,icon,0.4904,1.4879,-0.2407,720
Shillong,rainfall,1,jma,0.2518,0.6381,0.0935,720
Shillong,rainfall,1,ukmo,0.701,2.146,-0.4012,720
Shillong,rainfall,2,ecmwf,0.4062,1.104,-0.1565,720
Shillong,rainfall,2,gem,0.4342,0.9195,-0.0658,720
Shillong,rainfall,2,gfs,0.6622,1.3811,-0.4261,720
Shillong,rainfall,2,icon,0.4371,1.4909,-0.1565,720
Shillong,rainfall,2,jma,0.2399,0.5657,0.0726,720
Shillong,rainfall,2,ukmo,0.5665,1.2762,-0.2635,720
Shillong,rainfall,3,ecmwf,0.6203,1.9979,-0.3553,720
Shillong,rainfall,3,gem,0.4796,0.9711,-0.1562,720
Shillong,rainfall,3,gfs,0.5624,1.3927,-0.3229,720
Shillong,rainfall,3,icon,0.5904,2.0943,-0.3326,720
Shillong,rainfall,3,jma,0.2696,0.6591,0.1001,720
Shillong,rainfall,3,ukmo,0.5593,1.7833,-0.2535,720
Shillong,temperature,1,ecmwf,0.826,1.0795,0.6701,720
Shillong,temperature,1,gem,1.2399,1.4787,1.0671,720
Shillong,temperature,1,gfs,1.5949,1.8454,1.5293,720
Shillong,temperature,1,icon,2.0722,2.4402,2.0653,720
Shillong,temperature,1,jma,1.1589,1.504,0.8947,720
Shillong,temperature,1,ukmo,1.0524,1.3447,0.5913,720
Shillong,temperature,2,ecmwf,0.9408,1.2565,0.7997,720
Shillong,temperature,2,gem,1.2422,1.5509,0.9969,720
Shillong,temperature,2,gfs,1.8317,2.1446,1.7958,720
Shillong,temperature,2,icon,2.0644,2.4238,2.0592,720
Shillong,temperature,2,jma,1.2014,1.6496,0.9783,720
Shillong,temperature,2,ukmo,1.0589,1.316,0.6269,720
Shillong,temperature,3,ecmwf,0.9162,1.2561,0.7629,720
Shillong,temperature,3,gem,1.4975,1.7964,1.3478,720
Shillong,temperature,3,gfs,1.914,2.2469,1.8804,720
Shillong,temperature,3,icon,1.9903,2.3588,1.9769,720
Shillong,temperature,3,jma,1.2056,1.6279,0.9364,720
Shillong,temperature,3,ukmo,1.0763,1.3594,0.6396,720
Shillong,wind_speed,1,ecmwf,2.3012,2.8727,-1.2738,720
Shillong,wind_speed,1,gem,2.424,3.1056,1.7012,720
Shillong,wind_speed,1,gfs,2.8357,3.4955,-0.3726,720
Shillong,wind_speed,1,icon,2.2482,2.8038,-1.1507,720
Shillong,wind_speed,1,jma,1.9939,2.4635,-0.4111,720
Shillong,wind_speed,1,ukmo,2.6529,3.3521,0.9607,720
Shillong,wind_speed,2,ecmwf,2.6517,3.2517,-1.5194,720
Shillong,wind_speed,2,gem,2.4894,3.111,1.5631,720
Shillong,wind_speed,2,gfs,2.7422,3.4357,0.0019,720
Shillong,wind_speed,2,icon,2.2501,2.7873,-0.776,720
Shillong,wind_speed,2,jma,2.3667,2.9057,-0.6619,720
Shillong,wind_speed,2,ukmo,2.7364,3.501,0.6958,720
Shillong,wind_speed,3,ecmwf,2.5996,3.2286,-0.989,720
Shillong,wind_speed,3,gem,2.4703,3.2465,1.5803,720
Shillong,wind_speed,3,gfs,2.6693,3.4708,0.1585,720
Shillong,wind_speed,3,icon,2.2742,2.7892,-0.3017,720
Shillong,wind_speed,3,jma,2.5739,3.1568,-0.3881,720
Shillong,wind_speed,3,ukmo,2.6762,3.3728,0.911,720
Shimla,rainfall,1,ecmwf,0.2469,0.5001,0.0214,720
Shimla,rainfall,1,gem,0.5658,1.2187,-0.2817,720
Shimla,rainfall,1,gfs,0.2567,0.5031,-0.0333,720
Shimla,rainfall,1,icon,0.289,0.5888,-0.0151,720
Shimla,rainfall,1,jma,0.3501,0.6685,-0.0082,720
Shimla,rainfall,1,ukmo,0.4728,1.4073,-0.1736,720
Shimla,rainfall,2,ecmwf,0.3292,0.7275,-0.0811,720
Shimla,rainfall,2,gem,0.4601,1.0095,-0.1582,720
Shimla,rainfall,2,gfs,0.3074,0.5993,-0.036,720
Shimla,rainfall,2,icon,0.3544,0.7419,-0.1111,720
Shimla,rainfall,2,jma,0.4351,0.9072,-0.1124,720
Shimla,rainfall,2,ukmo,0.5679,1.9846,-0.2879,720
Shimla,rainfall,3,ecmwf,0.2776,0.5502,-0.0074,720
Shimla,rainfall,3,gem,0.6207,1.2791,-0.3351,720
Shimla,rainfall,3,gfs,0.4097,0.9968,-0.1411,720
Shimla,rainfall,3,icon,0.2944,0.5541,-0.0642,720
Shimla,rainfall,3,jma,0.4096,0.7816,-0.1115,720
Shimla,rainfall,3,ukmo,0.5925,1.2547,-0.3386,720
Shimla,temperature,1,ecmwf,1.1611,1.4646,0.6122,720
Shimla,temperature,1,gem,1.105,1.435,-0.3369,720
Shimla,temperature,1,gfs,0.8638,1.2005,0.0649,720
Shimla,temperature,1,icon,1.0781,1.3129,-0.6719,720
Shimla,temperature,1,jma,1.0883,1.3998,0.0331,720
Shimla,temperature,1,ukmo,1.1646,1.4986,-0.7571,720
Shimla,temperature,2,ecmwf,1.2175,1.5533,0.7536,720
Shimla,temperature,2,gem,1.0912,1.4122,-0.3349,720
Shimla,temperature,2,gfs,0.9535,1.3755,0.0571,720
Shimla,temperature,2,icon,1.0658,1.2796,-0.525,720
Shimla,temperature,2,jma,1.091,1.4333,0.0713,720
Shimla,temperature,2,ukmo,1.33,1.7271,-0.8533,720
Shimla,temperature,3,ecmwf,1.2614,1.5943,0.7075,720
Shimla,temperature,3,gem,1.1046,1.4477,-0.2343,720
Shimla,temperature,3,gfs,1.0492,1.4912,0.0683,720
Shimla,temperature,3,icon,1.0597,1.2806,-0.4828,720
Shimla,temperature,3,jma,1.0403,1.3674,0.1594,720
Shimla,temperature,3,ukmo,1.3961,1.7301,-0.9078,720
Shimla,wind_speed,1,ecmwf,2.074,2.6676,0.4385,720
Shimla,wind_speed,1,gem,2.5943,3.5822,2.0418,720
Shimla,wind_speed,1,gfs,2.659,3.2451,-1.4774,720
Shimla,wind_speed,1,icon,1.7219,2.2661,0.2856,720
Shimla,wind_speed,1,jma,2.2446,2.9062,0.2193,720
Shimla,wind_speed,1,ukmo,2.2953,2.8676,-0.7967,720
Shimla,wind_speed,2,ecmwf,2.2203,2.9102,0.6822,720
Shimla,wind_speed,2,gem,2.6046,3.5614,2.0624,720
Shimla,wind_speed,2,gfs,2.7029,3.2957,-1.404,720
Shimla,wind_speed,2,icon,1.7735,2.3595,0.561,720
Shimla,wind_speed,2,jma,2.1606,2.8467,0.4242,720
Shimla,wind_speed,2,ukmo,2.4457,3.0963,-1.0146,720
Shimla,wind_speed,3,ecmwf,2.3514,3.1092,0.8669,720
Shimla,wind_speed,3,gem,2.6985,3.7174,2.1499,720
Shimla,wind_speed,3,gfs,2.694,3.3689,-1.2907,720
Shimla,wind_speed,3,icon,1.9128,2.4981,0.4817,720
Shimla,wind_speed,3,jma,2.1894,2.8497,0.4725,720
Shimla,wind_speed,3,ukmo,2.4785,3.1168,-0.8957,720
Srinagar,rainfall,1,ecmwf,0.1292,0.352,-0.0028,720
Srinagar,rainfall,1,gem,0.2568,0.8672,-0.1285,720
Srinagar,rainfall,1,gfs,0.3746,0.8457,-0.2521,720
Srinagar,rainfall,1,icon,0.2524,0.6563,-0.1218,720
Srinagar,rainfall,1,jma,0.081,0.3052,0.081,720
Srinagar,rainfall,1,ukmo,0.2372,0.6053,-0.1272,720
Srinagar,rainfall,2,ecmwf,0.1293,0.349,-0.0065,720
Srinagar,rainfall,2,gem,0.1876,0.5678,-0.0532,720
Srinagar,rainfall,2,gfs,0.3033,0.7195,-0.1661,720
Srinagar,rainfall,2,icon,0.2467,0.6542,-0.1253,720
Srinagar,rainfall,2,jma,0.081,0.3052,0.081,720
Srinagar,rainfall,2,ukmo,0.2596,0.6733,-0.1349,720
Srinagar,rainfall,3,ecmwf,0.1454,0.4062,-0.0174,720
Srinagar,rainfall,3,gem,0.1251,0.4227,0.0118,720
Srinagar,rainfall,3,gfs,0.2762,0.6658,-0.1499,720
Srinagar,rainfall,3,icon,0.3035,0.7432,-0.1696,720
Srinagar,rainfall,3,jma,0.0846,0.3067,0.076,720
Srinagar,rainfall,3,ukmo,0.2183,0.5921,-0.0908,720
Srinagar,temperature,1,ecmwf,1.2162,1.4736,0.9565,720
Srinagar,temperature,1,gem,1.8432,2.3678,-1.0221,720
Srinagar,temperature,1,gfs,1.7957,2.1819,1.0457,720
Srinagar,temperature,1,icon,1.1303,1.5016,0.2278,720
Srinagar,temperature,1,jma,1.1461,1.4735,-0.0411,720
Srinagar,temperature,1,ukmo,1.5411,1.948,1.2931,720
Srinagar,temperature,2,ecmwf,1.1529,1.5069,0.8657,720
Srinagar,temperature,2,gem,2.0193,2.6794,-1.3318,720
Srinagar,temperature,2,gfs,1.7703,2.1161,0.9372,720
Srinagar,temperature,2,icon,1.1057,1.4301,0.136,720
Srinagar,temperature,2,jma,1.1044,1.4147,0.1031,720
Srinagar,temperature,2,ukmo,1.3764,1.7642,1.0197,720
Srinagar,temperature,3,ecmwf,1.2215,1.6435,0.7479,720
Srinagar,temperature,3,gem,2.164,2.856,-1.489,720
Srinagar,temperature,3,gfs,1.7626,2.1183,0.8782,720
Srinagar,temperature,3,icon,1.2332,1.6179,0.1271,720
Srinagar,temperature,3,jma,1.1212,1.4239,0.034,720
Srinagar,temperature,3,ukmo,1.3725,1.7483,0.9069,720
Srinagar,wind_speed,1,ecmwf,1.7731,2.3944,0.7739,720
Srinagar,wind_speed,1,gem,1.901,2.5618,0.4321,720
Srinagar,wind_speed,1,gfs,2.3943,3.3218,-1.2854,720
Srinagar,wind_speed,1,icon,1.9333,2.5486,0.3711,720
Srinagar,wind_speed,1,jma,6.1,7.2799,-5.585,720
Srinagar,wind_speed,1,ukmo,4.0475,4.9227,-3.3911,720
Srinagar,wind_speed,2,ecmwf,1.7962,2.3769,0.6193,720
Srinagar,wind_speed,2,gem,1.8776,2.5319,0.6318,720
Srinagar,wind_speed,2,gfs,2.4526,3.3338,-1.2001,720
Srinagar,wind_speed,2,icon,1.9693,2.612,0.3179,720
Srinagar,wind_speed,2,jma,5.8689,7.0582,-5.3397,720
Srinagar,wind_speed,2,ukmo,4.359,5.1418,-3.7429,720
Srinagar,wind_speed,3,ecmwf,1.8315,2.4557,0.8226,720
Srinagar,wind_speed,3,gem,1.8919,2.4974,0.5006,720
Srinagar,wind_speed,3,gfs,2.4804,3.3995,-1.2776,720
Srinagar,wind_speed,3,icon,2.0032,2.6422,0.3301,720
Srinagar,wind_speed,3,jma,5.6314,6.8531,-5.0347,720
Srinagar,wind_speed,3,ukmo,4.135,5.0161,-3.61,720
Surat,rainfall,1,ecmwf,0.4486,1.5984,0.0011,720
Surat,rainfall,1,gem,0.4364,1.4532,0.2308,720
Surat,rainfall,1,gfs,0.3731,1.4515,0.2819,720
Surat,rainfall,1,icon,0.4225,1.4897,0.1661,720
Surat,rainfall,1,jma,0.4857,1.3236,-0.0543,720
Surat,rainfall,1,ukmo,0.5907,1.8569,-0.1737,720
Surat,rainfall,2,ecmwf,0.3525,1.2496,0.1311,720
Surat,rainfall,2,gem,0.4365,1.4663,0.299,720
Surat,rainfall,2,gfs,0.4836,1.9464,0.0958,720
Surat,rainfall,2,icon,0.3797,1.1843,0.2256,720
Surat,rainfall,2,jma,0.5221,1.3764,-0.0585,720
Surat,rainfall,2,ukmo,0.4871,1.5589,-0.0868,720
Surat,rainfall,3,ecmwf,0.3919,1.377,0.1578,720
Surat,rainfall,3,gem,0.4146,1.4562,0.2901,720
Surat,rainfall,3,gfs,0.4131,1.4532,0.2239,720
Surat,rainfall,3,icon,0.4439,1.4459,0.1369,720
Surat,rainfall,3,jma,0.581,1.4997,-0.0851,720
Surat,rainfall,3,ukmo,0.3885,1.13,0.0812,720
Surat,temperature,1,ecmwf,0.4928,0.6298,0.1617,720
Surat,temperature,1,gem,0.6794,0.9363,0.2719,720
Surat,temperature,1,gfs,0.626,0.8339,0.046,720
Surat,temperature,1,icon,0.5715,0.7823,0.2101,720
Surat,temperature,1,jma,0.6807,0.8786,0.1032,720
Surat,temperature,1,ukmo,0.6085,0.7808,-0.3799,720
Surat,temperature,2,ecmwf,0.5049,0.6546,0.1396,720
Surat,temperature,2,gem,0.6554,0.8929,0.1851,720
Surat,temperature,2,gfs,0.6858,0.8979,0.1256,720
Surat,temperature,2,icon,0.5718,0.8007,0.2076,720
Surat,temperature,2,jma,0.7056,0.9278,0.1964,720
Surat,temperature,2,ukmo,0.5915,0.7703,-0.2804,720
Surat,temperature,3,ecmwf,0.5499,0.7147,0.1471,720
Surat,temperature,3,gem,0.6819,0.9048,0.2003,720
Surat,temperature,3,gfs,0.6807,0.9235,0.1457,720
Surat,temperature,3,icon,0.5985,0.872,0.249,720
Surat,temperature,3,jma,0.6832,0.8955,0.1679,720
Surat,temperature,3,ukmo,0.6322,0.8176,-0.2972,720
Surat,wind_speed,1,ecmwf,3.9611,4.6929,-3.8597,720
Surat,wind_speed,1,gem,9.2718,9.9941,-8.9593,720
Surat,wind_speed,1,gfs,10.1907,10.6609,-10.1907,720
Surat,wind_speed,1,icon,2.3976,3.1807,1.4574,720
Surat,wind_speed,1,jma,2.6256,3.3673,1.6136,720
Surat,wind_speed,1,ukmo,2.4193,3.197,-1.489,720
Surat,wind_speed,2,ecmwf,5.3251,5.8795,-5.254,720
Surat,wind_speed,2,gem,9.3454,10.037,-8.9993,720
Surat,wind_speed,2,gfs,10.6971,11.1924,-10.6293,720
Surat,wind_speed,2,icon,2.4231,3.1211,0.9217,720
Surat,wind_speed,2,jma,2.7078,3.6235,1.7114,720
Surat,wind_speed,2,ukmo,2.8088,3.4813,-2.1682,720
Surat,wind_speed,3,ecmwf,6.4993,7.0932,-6.3032,720
Surat,wind_speed,3,gem,9.3906,10.1532,-8.8214,720
Surat,wind_speed,3,gfs,11.0708,11.6134,-11.0269,720
Surat,wind_speed,3,icon,2.3729,3.1687,0.5396,720
Surat,wind_speed,3,jma,2.8361,3.7015,1.6458,720
Surat,wind_speed,3,ukmo,3.6392,4.5982,-3.1114,720
Thane,rainfall,1,ecmwf,0.3078,0.5813,0.0294,720
Thane,rainfall,1,gem,0.509,1.1114,0.0068,720
Thane,rainfall,1,gfs,0.4149,0.8886,0.0996,720
Thane,rainfall,1,icon,0.3028,0.5378,0.1267,720
Thane,rainfall,1,jma,0.5342,0.8847,-0.2989,720
Thane,rainfall,1,ukmo,0.4951,1.0701,-0.1851,720
Thane,rainfall,2,ecmwf,0.2764,0.4953,0.1061,720
Thane,rainfall,2,gem,0.4976,0.8328,0.0065,720
Thane,rainfall,2,gfs,0.4099,0.7584,0.0235,720
Thane,rainfall,2,icon,0.2994,0.5329,0.1319,720
Thane,rainfall,2,jma,0.5394,0.8117,-0.3206,720
Thane,rainfall,2,ukmo,0.5432,1.1023,-0.1732,720
Thane,rainfall,3,ecmwf,0.2901,0.5105,0.1015,720
Thane,rainfall,3,gem,0.4714,0.7364,0.0436,720
Thane,rainfall,3,gfs,0.3808,0.6757,0.0581,720
Thane,rainfall,3,icon,0.3046,0.5254,0.1238,720
Thane,rainfall,3,jma,0.7094,1.0067,-0.5356,720
Thane,rainfall,3,ukmo,0.4057,0.8014,0.0018,720
Thane,temperature,1,ecmwf,0.5208,0.6964,0.0286,720
Thane,temperature,1,gem,0.8088,1.0494,0.0957,720
Thane,temperature,1,gfs,1.6408,1.8208,-1.5125,720
Thane,temperature,1,icon,0.9507,1.1145,-0.7268,720
Thane,temperature,1,jma,1.371,1.5627,-0.9026,720
Thane,temperature,1,ukmo,1.1142,1.2846,-1.0292,720
Thane,temperature,2,ecmwf,0.5644,0.7615,-0.1111,720
Thane,temperature,2,gem,0.7796,1.0233,0.1007,720
Thane,temperature,2,gfs,1.6172,1.8019,-1.4486,720
Thane,temperature,2,icon,0.9851,1.1719,-0.7224,720
Thane,temperature,2,jma,1.3135,1.5041,-0.7799,720
Thane,temperature,2,ukmo,1.1724,1.3477,-1.0526,720
Thane,temperature,3,ecmwf,0.6104,0.8739,-0.0782,720
Thane,temperature,3,gem,0.7822,1.0115,0.0186,720
Thane,temperature,3,gfs,1.5663,1.7474,-1.3765,720
Thane,temperature,3,icon,1.0124,1.2167,-0.5507,720
Thane,temperature,3,jma,1.3124,1.5055,-0.7363,720
Thane,temperature,3,ukmo,1.2415,1.4373,-1.1243,720
Thane,wind_speed,1,ecmwf,1.9724,2.4929,-1.139,720
Thane,wind_speed,1,gem,3.0728,3.9802,-2.1122,720
Thane,wind_speed,1,gfs,9.0781,9.5215,-9.0522,720
Thane,wind_speed,1,icon,2.679,3.3952,2.0465,720
Thane,wind_speed,1,jma,7.2725,8.0906,-7.105,720
Thane,wind_speed,1,ukmo,3.0689,3.659,-2.7786,720
Thane,wind_speed,2,ecmwf,2.6875,3.2902,-2.2733,720
Thane,wind_speed,2,gem,3.1651,3.991,-1.9549,720
Thane,wind_speed,2,gfs,9.7137,10.1645,-9.7076,720
Thane,wind_speed,2,icon,2.6147,3.3308,1.6339,720
Thane,wind_speed,2,jma,7.9181,8.7623,-7.8047,720
Thane,wind_speed,2,ukmo,3.8693,4.4468,-3.7082,720
Thane,wind_speed,3,ecmwf,3.4372,4.1077,-3.0181,720
Thane,wind_speed,3,gem,3.0807,3.9986,-1.969,720
Thane,wind_speed,3,gfs,9.6238,10.1213,-9.4446,720
Thane,wind_speed,3,icon,2.8668,3.613,1.6815,720
Thane,wind_speed,3,jma,8.0878,8.9828,-7.875,720
Thane,wind_speed,3,ukmo,4.3021,4.8985,-4.226,720
Thiruvananthapuram,rainfall,1,ecmwf,0.325,0.6877,0.0783,720
Thiruvananthapuram,rainfall,1,gem,0.399,0.763,-0.0399,720
Thiruvananthapuram,rainfall,1,gfs,0.3081,0.7716,0.2753,720
Thiruvananthapuram,rainfall,1,icon,0.2871,0.6676,0.1932,720
Thiruvananthapuram,rainfall,1,jma,0.3224,0.6793,0.0479,720
Thiruvananthapuram,rainfall,1,ukmo,0.871,1.6974,-0.5579,720
Thiruvananthapuram,rainfall,2,ecmwf,0.3189,0.7046,0.0625,720
Thiruvananthapuram,rainfall,2,gem,0.4101,0.8049,-0.0107,720
Thiruvananthapuram,rainfall,2,gfs,0.3053,0.7538,0.2825,720
Thiruvananthapuram,rainfall,2,icon,0.301,0.6952,0.2121,720
Thiruvananthapuram,rainfall,2,jma,0.3621,0.7063,0.0046,720
Thiruvananthapuram,rainfall,2,ukmo,1.3429,2.2323,-1.1262,720
Thiruvananthapuram,rainfall,3,ecmwf,0.3039,0.6743,0.0708,720
Thiruvananthapuram,rainfall,3,gem,0.3914,0.774,0.0069,720
Thiruvananthapuram,rainfall,3,gfs,0.3076,0.7616,0.2951,720
Thiruvananthapuram,rainfall,3,icon,0.2904,0.6946,0.2282,720
Thiruvananthapuram,rainfall,3,jma,0.354,0.7004,0.0321,720
Thiruvananthapuram,rainfall,3,ukmo,1.2719,2.0095,-1.0572,720
Thiruvananthapuram,temperature,1,ecmwf,0.5681,0.8082,0.1567,720
Thiruvananthapuram,temperature,1,gem,0.9044,1.1149,-0.5319,720
Thiruvananthapuram,temperature,1,gfs,1.085,1.4345,-0.5361,720
Thiruvananthapuram,temperature,1,icon,0.7456,0.9318,-0.5675,720
Thiruvananthapuram,temperature,1,jma,0.639,0.82,-0.1588,720
Thiruvananthapuram,temperature,1,ukmo,1.1524,1.4335,-0.7918,720
Thiruvananthapuram,temperature,2,ecmwf,0.6424,0.8373,0.1479,720
Thiruvananthapuram,temperature,2,gem,0.9589,1.2253,-0.635,720
Thiruvananthapuram,temperature,2,gfs,1.0786,1.4368,-0.5728,720
Thiruvananthapuram,temperature,2,icon,0.7254,0.9091,-0.5757,720
Thiruvananthapuram,temperature,2,jma,0.6654,0.8551,0.0115,720
Thiruvananthapuram,temperature,2,ukmo,0.9529,1.1955,-0.4174,720
Thiruvananthapuram,temperature,3,ecmwf,0.6372,0.8336,0.1089,720
Thiruvananthapuram,temperature,3,gem,0.9624,1.2273,-0.7274,720
Thiruvananthapuram,temperature,3,gfs,1.1476,1.5513,-0.6296,720
Thiruvananthapuram,temperature,3,icon,0.8322,1.0295,-0.6647,720
Thiruvananthapuram,temperature,3,jma,0.6674,0.8591,0.0429,720
Thiruvananthapuram,temperature,3,ukmo,0.9826,1.1789,-0.4093,720
Thiruvananthapuram,wind_speed,1,ecmwf,2.2311,2.8307,0.735,720
Thiruvananthapuram,wind_speed,1,gem,2.8582,3.5735,-1.344,720
Thiruvananthapuram,wind_speed,1,gfs,2.4425,3.2069,0.9353,720
Thiruvananthapuram,wind_speed,1,icon,2.8117,3.519,2.0183,720
Thiruvananthapuram,wind_speed,1,jma,5.9499,6.8058,5.9026,720
Thiruvananthapuram,wind_speed,1,ukmo,3.8575,4.8152,3.3519,720
Thiruvananthapuram,wind_speed,2,ecmwf,2.4908,3.2057,0.9503,720
Thiruvananthapuram,wind_speed,2,gem,2.6435,3.3149,-0.8079,720
Thiruvananthapuram,wind_speed,2,gfs,2.3971,3.1178,0.9496,720
Thiruvananthapuram,wind_speed,2,icon,2.8918,3.5671,2.1182,720
Thiruvananthapuram,wind_speed,2,jma,6.1435,7.0211,6.0588,720
Thiruvananthapuram,wind_speed,2,ukmo,4.2593,5.1236,3.9493,720
Thiruvananthapuram,wind_speed,3,ecmwf,2.4022,3.1375,0.8717,720
Thiruvananthapuram,wind_speed,3,gem,2.4974,3.2146,-0.2746,720
Thiruvananthapuram,wind_speed,3,gfs,2.4117,3.1884,0.3886,720
Thiruvananthapuram,wind_speed,3,icon,2.6365,3.3281,1.8826,720
Thiruvananthapuram,wind_speed,3,jma,6.1756,7.0308,6.1233,720
Thiruvananthapuram,wind_speed,3,ukmo,4.0204,4.8984,3.4282,720
Vadodara,rainfall,1,ecmwf,0.3374,1.0387,-0.1282,720
Vadodara,rainfall,1,gem,0.4733,1.6412,-0.1603,720
Vadodara,rainfall,1,gfs,0.3438,1.2033,0.044,720
Vadodara,rainfall,1,icon,0.5767,2.3547,-0.3194,720
Vadodara,rainfall,1,jma,0.3149,0.7616,-0.0465,720
Vadodara,rainfall,1,ukmo,0.4385,1.267,-0.1924,720
Vadodara,rainfall,2,ecmwf,0.4825,1.9359,-0.2769,720
Vadodara,rainfall,2,gem,0.3992,1.2069,0.0047,720
Vadodara,rainfall,2,gfs,0.2694,0.8704,0.1261,720
Vadodara,rainfall,2,icon,0.4212,1.8494,-0.129,720
Vadodara,rainfall,2,jma,0.3801,0.8828,-0.0649,720
Vadodara,rainfall,2,ukmo,0.3689,0.9622,-0.2031,720
Vadodara,rainfall,3,ecmwf,0.4864,2.3127,-0.2461,720
Vadodara,rainfall,3,gem,0.3492,1.0341,0.0278,720
Vadodara,rainfall,3,gfs,0.2268,0.6904,0.1021,720
Vadodara,rainfall,3,icon,0.5429,2.1557,-0.2371,720
Vadodara,rainfall,3,jma,0.4112,0.9732,-0.0649,720
Vadodara,rainfall,3,ukmo,0.4464,1.277,-0.2533,720
Vadodara,temperature,1,ecmwf,0.6156,0.829,0.3131,720
Vadodara,temperature,1,gem,1.0176,1.3323,0.6912,720
Vadodara,temperature,1,gfs,1.4364,1.6956,-1.0714,720
Vadodara,temperature,1,icon,0.6082,0.8262,0.1374,720
Vadodara,temperature,1,jma,0.8924,1.0818,-0.2762,720
Vadodara,temperature,1,ukmo,0.6697,0.8733,-0.255,720
Vadodara,temperature,2,ecmwf,0.6688,0.8673,0.314,720
Vadodara,temperature,2,gem,1.0963,1.3796,0.7396,720
Vadodara,temperature,2,gfs,1.2003,1.4543,-0.945,720
Vadodara,temperature,2,icon,0.6894,0.9459,0.2286,720
Vadodara,temperature,2,jma,0.9169,1.1351,-0.1864,720
Vadodara,temperature,2,ukmo,0.7504,0.9672,-0.0776,720
Vadodara,temperature,3,ecmwf,0.7542,1.0035,0.3547,720
Vadodara,temperature,3,gem,1.1935,1.5058,0.6988,720
Vadodara,temperature,3,gfs,1.2856,1.5985,-0.8928,720
Vadodara,temperature,3,icon,0.6876,1.0123,0.2896,720
Vadodara,temperature,3,jma,0.9978,1.3239,-0.1586,720
Vadodara,temperature,3,ukmo,0.7956,1.046,-0.0122,720
Vadodara,wind_speed,1,ecmwf,2.4393,3.0511,-2.0451,720
Vadodara,wind_speed,1,gem,4.1396,5.0315,-3.4732,720
Vadodara,wind_speed,1,gfs,7.6264,8.175,-7.6064,720
Vadodara,wind_speed,1,icon,2.0021,2.6182,0.3874,720
Vadodara,wind_speed,1,jma,3.1839,3.788,2.9997,720
Vadodara,wind_speed,1,ukmo,2.3528,2.89,-1.6506,720
Vadodara,wind_speed,2,ecmwf,3.1354,4.056,-2.8621,720
Vadodara,wind_speed,2,gem,4.4026,5.2816,-3.4779,720
Vadodara,wind_speed,2,gfs,7.5686,8.238,-7.5142,720
Vadodara,wind_speed,2,icon,2.1803,2.8607,0.0311,720
Vadodara,wind_speed,2,jma,3.2744,3.9579,3.0678,720
Vadodara,wind_speed,2,ukmo,2.7906,3.357,-2.2489,720
Vadodara,wind_speed,3,ecmwf,3.6821,4.4939,-3.2962,720
Vadodara,wind_speed,3,gem,4.8483,5.7848,-3.8028,720
Vadodara,wind_speed,3,gfs,7.7081,8.4987,-7.6261,720
Vadodara,wind_speed,3,icon,2.2014,2.8178,-0.2111,720
Vadodara,wind_speed,3,jma,3.3368,4.1487,3.0965,720
Vadodara,wind_speed,3,ukmo,3.5151,4.2272,-3.0743,720
Varanasi,rainfall,1,ecmwf,0.7121,1.4141,-0.1507,720
Varanasi,rainfall,1,gem,0.6524,1.5886,0.1879,720
Varanasi,rainfall,1,gfs,0.685,1.4375,0.0756,720
Varanasi,rainfall,1,icon,0.7351,1.4717,-0.1607,720
Varanasi,rainfall,1,jma,0.6346,1.2001,-0.1115,720
Varanasi,rainfall,1,ukmo,0.7393,1.682,-0.0668,720
Varanasi,rainfall,2,ecmwf,0.714,1.456,-0.1765,720
Varanasi,rainfall,2,gem,0.6246,1.5928,0.0826,720
Varanasi,rainfall,2,gfs,0.8603,2.1171,-0.1497,720
Varanasi,rainfall,2,icon,0.7608,1.5955,-0.1297,720
Varanasi,rainfall,2,jma,0.7174,1.3385,-0.099,720
Varanasi,rainfall,2,ukmo,0.761,1.6974,-0.0407,720
Varanasi,rainfall,3,ecmwf,0.6818,1.3835,-0.059,720
Varanasi,rainfall,3,gem,0.6314,1.4863,0.1789,720
Varanasi,rainfall,3,gfs,0.7746,2.1786,-0.0962,720
Varanasi,rainfall,3,icon,0.7812,1.6309,-0.0904,720
Varanasi,rainfall,3,jma,0.7018,1.3758,-0.024,720
Varanasi,rainfall,3,ukmo,0.6861,1.4758,0.0703,720
Varanasi,temperature,1,ecmwf,1.0193,1.3241,0.8001,720
Varanasi,temperature,1,gem,1.5871,1.9086,1.2593,720
Varanasi,temperature,1,gfs,1.5819,2.0188,-1.3458,720
Varanasi,temperature,1,icon,0.9026,1.1632,0.4368,720
Varanasi,temperature,1,jma,1.0301,1.3053,-0.4301,720
Varanasi,temperature,1,ukmo,1.1633,1.4856,-0.7925,720
Varanasi,temperature,2,ecmwf,1.1422,1.394,0.9511,720
Varanasi,temperature,2,gem,1.4082,1.6846,1.0307,720
Varanasi,temperature,2,gfs,1.3843,1.7624,-0.7101,720
Varanasi,temperature,2,icon,0.9668,1.2263,0.4904,720
Varanasi,temperature,2,jma,1.1794,1.5679,-0.75,720
Varanasi,temperature,2,ukmo,1.1317,1.5255,-0.6597,720
Varanasi,temperature,3,ecmwf,1.0928,1.3573,0.8639,720
Varanasi,temperature,3,gem,1.6764,2.0173,1.2778,720
Varanasi,temperature,3,gfs,1.4282,1.8209,0.2585,720
Varanasi,temperature,3,icon,1.0917,1.3865,0.4514,720
Varanasi,temperature,3,jma,1.3244,1.6748,-0.9056,720
Varanasi,temperature,3,ukmo,1.2588,1.6005,-0.7749,720
Varanasi,wind_speed,1,ecmwf,2.3768,3.0628,0.6474,720
Varanasi,wind_speed,1,gem,3.6525,4.4899,-2.4408,720
Varanasi,wind_speed,1,gfs,4.61,5.7175,-4.0919,720
Varanasi,wind_speed,1,icon,2.3562,2.9209,0.8032,720
Varanasi,wind_speed,1,jma,2.6882,3.332,1.5615,720
Varanasi,wind_speed,1,ukmo,2.7693,3.4315,-1.3649,720
Varanasi,wind_speed,2,ecmwf,2.4774,3.1141,0.4921,720
Varanasi,wind_speed,2,gem,3.9024,4.879,-1.9401,720
Varanasi,wind_speed,2,gfs,5.4046,6.6882,-4.4954,720
Varanasi,wind_speed,2,icon,2.671,3.2839,0.5762,720
Varanasi,wind_speed,2,jma,2.7308,3.4032,0.8431,720
Varanasi,wind_speed,2,ukmo,3.1268,3.8978,-1.9035,720
Varanasi,wind_speed,3,ecmwf,2.7303,3.4669,0.3497,720
Varanasi,wind_speed,3,gem,4.4586,5.6133,-2.2114,720
Varanasi,wind_speed,3,gfs,5.7103,7.1769,-4.5786,720
Varanasi,wind_speed,3,icon,2.8929,3.5921,0.7404,720
Varanasi,wind_speed,3,jma,2.6524,3.2991,0.9185,720
Varanasi,wind_speed,3,ukmo,2.9306,3.7811,-1.4392,720
Vijayawada,rainfall,1,ecmwf,0.3047,0.8941,-0.1075,720
Vijayawada,rainfall,1,gem,0.2069,0.9077,0.0389,720
Vijayawada,rainfall,1,gfs,0.1547,0.6988,0.0986,720
Vijayawada,rainfall,1,icon,0.176,0.7698,0.0485,720
Vijayawada,rainfall,1,jma,0.2315,0.7356,-0.0121,720
Vijayawada,rainfall,1,ukmo,0.1979,0.7133,0.0165,720
Vijayawada,rainfall,2,ecmwf,0.2669,0.8501,-0.0642,720
Vijayawada,rainfall,2,gem,0.2264,0.7802,0.005,720
Vijayawada,rainfall,2,gfs,0.1553,0.678,0.0953,720
Vijayawada,rainfall,2,icon,0.1626,0.6799,0.0832,720
Vijayawada,rainfall,2,jma,0.2382,0.7479,-0.0038,720
Vijayawada,rainfall,2,ukmo,0.1842,0.6715,0.0294,720
Vijayawada,rainfall,3,ecmwf,0.2129,0.7074,-0.0054,720
Vijayawada,rainfall,3,gem,0.2369,0.8034,0.0025,720
Vijayawada,rainfall,3,gfs,0.1357,0.6705,0.1221,720
Vijayawada,rainfall,3,icon,0.1675,0.6675,0.0794,720
Vijayawada,rainfall,3,jma,0.2274,0.7165,0.0029,720
Vijayawada,rainfall,3,ukmo,0.2283,0.7139,-0.0061,720
Vijayawada,temperature,1,ecmwf,1.2508,1.5767,0.9719,720
Vijayawada,temperature,1,gem,1.5806,1.9763,0.2878,720
Vijayawada,temperature,1,gfs,1.3267,1.668,-0.0417,720
Vijayawada,temperature,1,icon,1.0935,1.3998,-0.3065,720
Vijayawada,temperature,1,jma,2.2464,2.6205,-1.6428,720
Vijayawada,temperature,1,ukmo,0.9589,1.2248,-0.1969,720
Vijayawada,temperature,2,ecmwf,1.2211,1.5229,0.8911,720
Vijayawada,temperature,2,gem,1.6954,2.0681,0.396,720
Vijayawada,temperature,2,gfs,1.3107,1.6339,-0.3199,720
Vijayawada,temperature,2,icon,1.0642,1.3694,-0.4456,720
Vijayawada,temperature,2,jma,2.2476,2.7022,-1.4968,720
Vijayawada,temperature,2,ukmo,1.0864,1.3759,-0.5228,720
Vijayawada,temperature,3,ecmwf,1.2574,1.6308,0.7538,720
Vijayawada,temperature,3,gem,1.8054,2.1925,0.2779,720
Vijayawada,temperature,3,gfs,1.2604,1.6552,-0.5188,720
Vijayawada,temperature,3,icon,1.1851,1.5233,-0.5476,720
Vijayawada,temperature,3,jma,2.0662,2.5986,-1.4449,720
Vijayawada,temperature,3,ukmo,1.1708,1.4673,-0.5036,720
Vijayawada,wind_speed,1,ecmwf,2.6575,3.4192,0.2158,720
Vijayawada,wind_speed,1,gem,3.7786,4.9898,-1.3594,720
Vijayawada,wind_speed,1,gfs,5.0935,6.2301,-2.1749,720
Vijayawada,wind_speed,1,icon,5.7321,6.5052,5.631,720
Vijayawada,wind_speed,1,jma,5.4304,6.4305,4.7007,720
Vijayawada,wind_speed,1,ukmo,2.6792,3.4348,-0.4142,720
Vijayawada,wind_speed,2,ecmwf,2.9,3.7574,0.6311,720
Vijayawada,wind_speed,2,gem,3.765,4.854,-1.4169,720
Vijayawada,wind_speed,2,gfs,5.0497,6.2558,-1.9603,720
Vijayawada,wind_speed,2,icon,5.6514,6.4879,5.5372,720
Vijayawada,wind_speed,2,jma,5.1878,6.388,4.3069,720
Vijayawada,wind_speed,2,ukmo,2.7369,3.5001,-0.5919,720
Vijayawada,wind_speed,3,ecmwf,3.1222,4.0252,-0.0231,720
Vijayawada,wind_speed,3,gem,3.9182,5.1529,-1.3535,720
Vijayawada,wind_speed,3,gfs,4.7115,5.8494,-2.0732,720
Vijayawada,wind_speed,3,icon,5.3779,6.2062,5.1274,720
Vijayawada,wind_speed,3,jma,5.3307,6.4944,4.4801,720
Vijayawada,wind_speed,3,ukmo,2.8894,3.692,-1.0728,720
Visakhapatnam,rainfall,1,ecmwf,0.3538,0.9216,0.0682,720
Visakhapatnam,rainfall,1,gem,0.3232,0.973,0.2465,720
Visakhapatnam,rainfall,1,gfs,0.3112,0.9651,0.2654,720
Visakhapatnam,rainfall,1,icon,0.3679,1.0418,0.1876,720
Visakhapatnam,rainfall,1,jma,0.4169,0.9892,0.1011,720
Visakhapatnam,rainfall,1,ukmo,0.4462,1.1611,-0.0012,720
Visakhapatnam,rainfall,2,ecmwf,0.3525,0.958,0.1136,720
Visakhapatnam,rainfall,2,gem,0.3192,0.9379,0.2608,720
Visakhapatnam,rainfall,2,gfs,0.3197,0.9674,0.2758,720
Visakhapatnam,rainfall,2,icon,0.3453,0.9627,0.2006,720
Visakhapatnam,rainfall,2,jma,0.3931,0.9469,0.1019,720
Visakhapatnam,rainfall,2,ukmo,0.4092,1.0986,0.0858,720
Visakhapatnam,rainfall,3,ecmwf,0.3524,0.9796,0.1432,720
Visakhapatnam,rainfall,3,gem,0.3249,0.9832,0.2551,720
Visakhapatnam,rainfall,3,gfs,0.3079,0.9501,0.2821,720
Visakhapatnam,rainfall,3,icon,0.3268,0.956,0.2251,720
Visakhapatnam,rainfall,3,jma,0.3944,0.9553,0.1311,720
Visakhapatnam,rainfall,3,ukmo,0.3785,1.0179,0.0993,720
Visakhapatnam,temperature,1,ecmwf,0.8946,1.171,0.2351,720
Visakhapatnam,temperature,1,gem,1.3668,1.7243,-0.2465,720
Visakhapatnam,temperature,1,gfs,1.6774,2.0507,-1.2765,720
Visakhapatnam,temperature,1,icon,1.3351,1.6687,-0.8585,720
Visakhapatnam,temperature,1,jma,1.3097,1.6192,-0.4203,720
Visakhapatnam,temperature,1,ukmo,1.5714,2.0556,-1.3378,720
Visakhapatnam,temperature,2,ecmwf,1.0515,1.407,-0.1315,720
Visakhapatnam,temperature,2,gem,1.4886,1.9091,-0.4119,720
Visakhapatnam,temperature,2,gfs,1.7244,2.0825,-1.4297,720
Visakhapatnam,temperature,2,icon,1.4538,1.8181,-1.0868,720
Visakhapatnam,temperature,2,jma,1.2443,1.5327,-0.3135,720
Visakhapatnam,temperature,2,ukmo,1.7165,2.2187,-1.5715,720
Visakhapatnam,temperature,3,ecmwf,1.2256,1.6681,-0.5083,720
Visakhapatnam,temperature,3,gem,1.3767,1.7908,-0.5792,720
Visakhapatnam,temperature,3,gfs,1.781,2.1762,-1.5107,720
Visakhapatnam,temperature,3,icon,1.5876,1.9935,-1.2476,720
Visakhapatnam,temperature,3,jma,1.3097,1.7029,-0.1917,720
Visakhapatnam,temperature,3,ukmo,1.8357,2.3456,-1.6099,720
Visakhapatnam,wind_speed,1,ecmwf,2.5724,3.3303,-0.3179,720
Visakhapatnam,wind_speed,1,gem,6.505,7.8851,-5.3769,720
Visakhapatnam,wind_speed,1,gfs,5.591,7.2606,-4.0554,720
Visakhapatnam,wind_speed,1,icon,3.179,3.9199,2.2746,720
Visakhapatnam,wind_speed,1,jma,3.1431,3.9133,-1.5119,720
Visakhapatnam,wind_speed,1,ukmo,3.2846,4.1823,-2.1596,720
Visakhapatnam,wind_speed,2,ecmwf,2.6865,3.5342,0.0732,720
Visakhapatnam,wind_speed,2,gem,6.7374,8.0787,-5.2354,720
Visakhapatnam,wind_speed,2,gfs,5.3579,6.9529,-3.7007,720
Visakhapatnam,wind_speed,2,icon,3.1268,3.8581,1.7721,720
Visakhapatnam,wind_speed,2,jma,3.2068,4.0477,-1.7085,720
Visakhapatnam,wind_speed,2,ukmo,3.8783,4.8715,-3.0458,720
Visakhapatnam,wind_speed,3,ecmwf,2.6982,3.3656,-0.0024,720
Visakhapatnam,wind_speed,3,gem,6.5947,7.9091,-5.1703,720
Visakhapatnam,wind_speed,3,gfs,5.3476,6.9638,-3.2749,720
Visakhapatnam,wind_speed,3,icon,3.1957,4.0652,2.0201,720
Visakhapatnam,wind_speed,3,jma,3.5193,4.3794,-1.3885,720
Visakhapatnam,wind_speed,3,ukmo,4.189,5.1617,-3.2826,720
