city,model,variable,n_test,train_bias,bias_raw,mae_raw,rmse_raw,bias_corrected,mae_corrected,rmse_corrected,bias_reduction_pct
Agartala,ecmwf,temperature,744,-0.3063,-0.2809139784946236,0.4112903225806452,0.5744328666428914,0.025336021505374964,0.3142977150537631,0.5016994807169057,90.98
Agra,ecmwf,temperature,744,-0.0925,-0.0724462365591397,0.3705645161290322,0.5395512870875664,0.020053763440861416,0.3695698924731183,0.5350413887115731,
Ahmedabad,ecmwf,temperature,744,0.3078,0.7775537634408604,0.8353494623655914,0.9907705809550572,0.4697759856630817,0.6223416965352445,0.7731273929636022,39.58
Amritsar,ecmwf,temperature,744,0.1625,0.3193548387096775,0.5430107526881721,0.6826773667676219,0.15685483870967606,0.4788306451612899,0.6234294783823817,50.88
Bengaluru,ecmwf,temperature,744,-0.2236,0.22379032258064524,0.4995967741935484,0.6831792378049425,0.4474014336917567,0.5994436977299883,0.7853787655370065,-99.92
Bhopal,ecmwf,temperature,744,0.1201,0.09032258064516126,0.30860215053763435,0.48067492871666834,-0.029816308243727316,0.2844216696535245,0.47305309507459886,
Bhubaneswar,ecmwf,temperature,744,0.0196,0.08400537634408603,0.38776881720430106,0.6150552908094428,0.06442204301075256,0.383978494623656,0.6126877729509999,
Chandigarh,ecmwf,temperature,744,-0.1411,-0.35551075268817206,0.5146505376344086,0.7182060236959296,-0.21439964157706048,0.4670519713261649,0.6598478639084767,39.69
Chennai,ecmwf,temperature,744,-0.1518,-0.3131720430107527,0.5454301075268817,0.7317492666530742,-0.1613664874551978,0.5005055256869774,0.680749149097824,48.47
Coimbatore,ecmwf,temperature,744,0.1331,0.06344086021505377,0.3362903225806452,0.5599059060734348,-0.06961469534050067,0.2960655615292713,0.5606389985707726,
Dehradun,ecmwf,temperature,744,0.1203,0.11491935483870966,0.4614247311827957,0.6241230406678423,-0.005358422939066493,0.4531645758661887,0.6134752028177844,95.34
Delhi,ecmwf,temperature,744,0.0276,0.025672043010752495,0.39771505376344085,0.6049637863506367,-0.0019668458781349468,0.3992753136200716,0.6044220359037725,
Ghaziabad,ecmwf,temperature,744,0.1036,0.17379032258064514,0.4130376344086021,0.5549508357571209,0.07017921146953432,0.38861111111111096,0.5316883256263275,59.62
Goa,ecmwf,temperature,744,0.025,0.30940860215053756,0.6155913978494623,0.810648220644694,0.284408602150539,0.6084677419354843,0.8014393972889544,8.08
Guwahati,ecmwf,temperature,744,-0.6611,-0.6764784946236561,0.8130376344086021,0.976780150476857,-0.01536738351254455,0.5477150537634409,0.7047783092244861,97.73
Hyderabad,ecmwf,temperature,744,-0.0315,0.20739247311827957,0.4737903225806452,0.633464191348201,0.23892025089605826,0.4843843339307051,0.6444750810563192,-15.2
Imphal,ecmwf,temperature,744,-0.0035,0.06639784946236561,0.2666666666666668,0.35714669736798677,0.06987007168458705,0.2677774044205494,0.357808490599151,
Indore,ecmwf,temperature,744,0.0764,0.3763440860215054,0.5059139784946237,0.6904689072130309,0.29995519713261604,0.4695676523297489,0.6519858595333654,20.3
Jabalpur,ecmwf,temperature,744,-0.0813,-0.010887096774193479,0.3068548387096775,0.49702069362600304,0.07036290322580724,0.32236223118279594,0.5018585250513006,
Jaipur,ecmwf,temperature,744,0.3275,0.4044354838709677,0.5412634408602149,0.7223114778042377,0.07693548387096713,0.4277486559139784,0.6033944638727288,80.98
Jodhpur,ecmwf,temperature,744,-0.1849,-0.1521505376344087,0.28360215053763443,0.5277768345586742,0.03271057347670244,0.2839557198327359,0.50642727277617,78.5
Kanpur,ecmwf,temperature,744,0.0118,0.263978494623656,0.4728494623655915,0.7093083106589775,0.25217293906810173,0.4685334528076469,0.7049998759889007,4.47
Kochi,ecmwf,temperature,744,0.1818,0.4716397849462367,0.672983870967742,0.8952758330281798,0.2898342293906806,0.6218623058542413,0.8142963901348566,38.55
Kolkata,ecmwf,temperature,744,0.1901,0.19865591397849466,0.46774193548387105,0.679242937204308,0.008517025089605805,0.4194422043010753,0.6495993652241983,95.71
Kota,ecmwf,temperature,744,-0.2499,-0.18239247311827964,0.34341397849462363,0.5167490395660868,0.06746863799283262,0.34390755675029905,0.48817473588345267,63.01
Lucknow,ecmwf,temperature,744,-0.0253,0.07755376344086018,0.38669354838709674,0.5803803906486351,0.10283154121863756,0.39355660095579437,0.5842954197108016,
Ludhiana,ecmwf,temperature,744,0.5199,0.6736559139784946,0.8333333333333331,1.0228833377177697,0.15379480286738267,0.5845911738351253,0.7849400445457355,77.17
Madurai,ecmwf,temperature,744,0.751,0.5845430107526881,0.8391129032258066,1.1150787136495828,-0.1664292114695355,0.7068955346475511,0.9640584466955117,71.53
Mumbai,ecmwf,temperature,744,0.1651,0.18185483870967745,0.49556451612903224,0.6500930454495999,0.016715949820787175,0.48861969832735963,0.6243630421143006,90.81
Nagpur,ecmwf,temperature,744,0.0253,0.43978494623655906,0.6053763440860214,0.8244255086754889,0.4145071684587817,0.5955234468339308,0.8112230353745277,5.75
Nashik,ecmwf,temperature,744,0.041,0.030510752688172077,0.266263440860215,0.3796751582688174,-0.010461469534050779,0.27199074074074076,0.3785918146522249,
Patna,ecmwf,temperature,744,-0.2481,-0.07607526881720425,0.34704301075268823,0.5410314720637247,0.1719802867383517,0.3956586021505378,0.5625876165224726,
Pune,ecmwf,temperature,744,-0.0271,0.2583333333333334,0.4717741935483871,0.6914415361037132,0.285416666666667,0.48284050179211485,0.7020099431984298,-10.48
Raipur,ecmwf,temperature,744,0.0421,0.17997311827957002,0.36357526881720437,0.5359019128675078,0.1378897849462359,0.34773745519713234,0.5232725195386252,23.38
Ranchi,ecmwf,temperature,744,-0.2525,-0.22567204301075267,0.3592741935483872,0.5150033928273248,0.026827956989248582,0.30592069892473117,0.46370288213814864,88.11
Shillong,ecmwf,temperature,744,0.4339,0.2669354838709677,0.4946236559139785,0.6739787176372537,-0.16695340501791975,0.4586170848267617,0.640988454440177,37.46
Shimla,ecmwf,temperature,744,0.2104,0.4762096774193548,0.8576612903225805,1.1272349365374272,0.2657930107526878,0.7989359318996414,1.05571249393368,44.19
Srinagar,ecmwf,temperature,744,0.7133,0.38870967741935475,0.8704301075268818,1.0614708804802546,-0.3246236559139797,0.7715591397849465,1.0397142563065227,16.49
Surat,ecmwf,temperature,744,0.0199,0.3211021505376345,0.43750000000000006,0.6056743331605381,0.3012410394265225,0.4291177568697727,0.5953830452778618,6.19
Thane,ecmwf,temperature,744,-0.146,-0.18185483870967756,0.27110215053763453,0.40826475175660437,-0.035882616487454264,0.2246553912783751,0.3672825715042094,80.27
Thiruvananthapuram,ecmwf,temperature,744,-0.5013,-0.5782258064516129,0.6236559139784946,0.8158378502186955,-0.07697580645161411,0.4531518817204299,0.5806647822812406,86.69
Vadodara,ecmwf,temperature,744,0.0376,0.28400537634408596,0.43239247311827955,0.5486665164164468,0.24636648745519743,0.4157989844683395,0.5301625586414277,13.25
Varanasi,ecmwf,temperature,744,0.0019,0.04005376344086016,0.31344086021505385,0.46347796922506385,0.038109318996416196,0.3133885902031064,0.4633139801318146,
Vijayawada,ecmwf,temperature,744,0.4422,0.5907258064516129,0.6942204301075269,0.8605683918139495,0.14850358422938967,0.44963859020310637,0.64317516518466,74.86
Visakhapatnam,ecmwf,temperature,744,0.0151,0.0060483870967742315,0.3455645161290323,0.5311404852332041,-0.009090501792114365,0.3454424283154123,0.5311838375648527,
Agartala,gfs,temperature,744,0.3618,0.24422043010752698,0.951747311827957,1.2398783759291774,-0.11758512544802865,0.8749645310633213,1.221262064563334,51.85
Agra,gfs,temperature,744,-1.734,-0.979032258064516,1.4190860215053767,1.9016404915597966,0.7549955197132626,1.4323140681003592,1.7965941755432642,22.88
Ahmedabad,gfs,temperature,744,-1.2017,-0.5688172043010752,0.9833333333333332,1.30464430945509,0.6328494623655928,1.026966845878137,1.333807408999169,-11.26
Amritsar,gfs,temperature,744,-1.3308,-1.0047043010752688,2.3216397849462367,2.969389079486948,0.32612903225806444,2.3843906810035853,2.8132189602764286,67.54
Bengaluru,gfs,temperature,744,-0.9153,-1.1573924731182796,1.340994623655914,1.7517771314523918,-0.2421146953405017,1.003778375149343,1.3370808902787243,79.08
Bhopal,gfs,temperature,744,0.4638,0.7041666666666666,1.0318548387096773,1.2794435534448612,0.24041666666666567,0.8072580645161286,1.094954467372173,65.86
Bhubaneswar,gfs,temperature,744,-0.775,-0.27728494623655925,0.9600806451612905,1.3817308375826611,0.49771505376343933,1.1525537634408594,1.4422251699579416,-79.5
Chandigarh,gfs,temperature,744,-0.8478,-0.3177419354838709,1.3776881720430108,1.82892676678963,0.5300358422939079,1.5135065710872166,1.8774853327871155,-66.81
Chennai,gfs,temperature,744,-1.8383,-1.4857526881720429,1.6814516129032258,2.0381641011522618,0.352580645161291,1.1222804659498216,1.4390847661474666,76.27
Coimbatore,gfs,temperature,744,-0.6714,-0.29583333333333334,0.8716397849462365,1.2726073903181896,0.3755555555555552,0.9936275388291511,1.2934659578396341,-26.95
Dehradun,gfs,temperature,744,-0.2078,-0.24569892473118277,1.2645161290322582,1.6371772849528519,-0.03792114695340451,1.2774910394265233,1.619079835628186,84.57
Delhi,gfs,temperature,744,-3.7336,-2.557258064516129,2.7174731182795697,3.1149612952599814,1.1763530465949803,1.6548080943847066,2.1324215232144548,54.0
Ghaziabad,gfs,temperature,744,-2.6206,-2.0579301075268814,2.358467741935484,2.7770783169537414,0.5626254480286731,1.5004375746714458,1.9477256084465506,72.66
Goa,gfs,temperature,744,-0.0396,1.056048387096774,1.308198924731183,1.5302900491111486,1.095631720430107,1.3348006272401431,1.5578697972974314,-3.75
Guwahati,gfs,temperature,744,0.0143,0.05577956989247306,1.012231182795699,1.405629044503808,0.04147401433691704,1.0123080943847076,1.405134066272866,
Hyderabad,gfs,temperature,744,-0.8226,-0.16370967741935477,0.9524193548387099,1.2687200391080802,0.6589292114695343,1.100876269414576,1.4202244135634066,-302.5
Imphal,gfs,temperature,744,1.5474,1.8904569892473118,2.17755376344086,2.4799871010764103,0.3430958781362,1.377711693548387,1.641408899362196,81.85
Indore,gfs,temperature,744,0.8343,1.271774193548387,1.3954301075268816,1.6782847746870124,0.4374686379928311,0.8787421594982078,1.1792408552954265,65.6
Jabalpur,gfs,temperature,744,0.6621,1.0181451612903225,1.2313172043010754,1.482963285967283,0.3560618279569889,0.840989023297491,1.135491331272968,65.03
Jaipur,gfs,temperature,744,-2.1404,-1.180510752688172,1.5157258064516126,1.9306003579030757,0.9599059139784949,1.4476019265232976,1.804170576307567,18.69
Jodhpur,gfs,temperature,744,-2.32,-0.6982526881720433,1.2498655913978494,1.6642630517368173,1.6217473118279573,1.8927688172043013,2.2163661773854213,-132.26
Kanpur,gfs,temperature,744,-0.8289,0.1591397849462366,1.0811827956989246,1.4576918712121054,0.9880286738351258,1.4819653524492236,1.7537789999214588,-520.86
Kochi,gfs,temperature,744,0.6412,1.228225806451613,1.685483870967742,1.9392590869844113,0.5869758064516135,1.422147177419355,1.6114365554304086,52.21
Kolkata,gfs,temperature,744,-1.0208,-0.7408602150537635,1.0672043010752688,1.5110969454322325,0.27997311827956906,1.0929211469534046,1.346449058525535,62.21
Kota,gfs,temperature,744,-0.8678,-0.43104838709677423,0.994489247311828,1.3371199590710763,0.4367293906810038,1.0236618876941461,1.3389621479385099,-1.32
Lucknow,gfs,temperature,744,-1.8036,-1.0880376344086022,1.4434139784946238,1.9594374604182505,0.7155734767025076,1.4419519115890078,1.7797793874413115,34.23
Ludhiana,gfs,temperature,744,-0.6667,-0.25591397849462366,2.7091397849462364,3.1729112170683016,0.4107526881720429,2.7910394265232985,3.1891364658555257,-60.5
Madurai,gfs,temperature,744,1.0351,0.770295698924731,1.287231182795699,1.6647152554477387,-0.2648431899641566,1.022788231780167,1.4993543054291338,65.62
Mumbai,gfs,temperature,744,-1.7294,-1.4344086021505378,1.4873655913978494,1.7303194434392992,0.29503584229390534,0.7816039426523292,1.0116933758104285,79.43
Nagpur,gfs,temperature,744,0.7153,1.0821236559139784,1.2616935483870966,1.5959163276096848,0.3668458781361999,0.9166778673835124,1.2290375162492264,66.1
Nashik,gfs,temperature,744,0.1293,0.39865591397849465,0.6758064516129032,0.8325049646272582,0.26935035842294064,0.6153475955794511,0.77890153033716,32.44
Patna,gfs,temperature,744,-3.1757,-2.4141129032258064,2.6009408602150534,2.9706878932563385,0.7615815412186392,1.4293757467144566,1.8913095710494914,68.45
Pune,gfs,temperature,744,-0.5238,-0.3123655913978495,0.689247311827957,0.9210501253098734,0.2113844086021503,0.6822681451612903,0.8918769191116486,32.33
Raipur,gfs,temperature,744,0.3819,0.9063172043010753,1.1866935483870968,1.4919181922857294,0.5243727598566325,0.9423648446833941,1.295907330383104,42.14
Ranchi,gfs,temperature,744,-0.3175,-0.13091397849462358,0.6491935483870968,0.9653680561687172,0.18658602150537543,0.6824731182795696,0.9744800447042932,-42.53
Shillong,gfs,temperature,744,1.2417,0.919758064516129,1.183736559139785,1.408819188319191,-0.3219086021505381,0.8116935483870968,1.1146487142918176,65.0
Shimla,gfs,temperature,744,0.355,0.07634408602150536,0.9478494623655914,1.2705620634149468,-0.2786559139784951,0.9354838709677419,1.298517868923635,
Srinagar,gfs,temperature,744,1.1429,1.2259408602150539,2.1461021505376348,2.584676203176873,0.08302419354838611,1.8284307795698926,2.2769525904678716,93.23
Surat,gfs,temperature,744,-0.1096,0.272983870967742,0.7288978494623657,0.970609773973729,0.3825672043010751,0.7728192204301074,1.006936346216354,-40.14
Thane,gfs,temperature,744,-1.7164,-1.0809139784946238,1.175268817204301,1.4480335200777699,0.6354749103942663,0.9244511648745524,1.1542332555009591,41.21
Thiruvananthapuram,gfs,temperature,744,-0.5269,-0.08857526881720428,1.194220430107527,1.4674011479592952,0.4383691756272418,1.3291017025089609,1.5289172917219314,
Vadodara,gfs,temperature,744,-1.7362,-1.205241935483871,1.37997311827957,1.7168323857791752,0.5310080645161274,1.0781149193548378,1.3329947045628017,55.94
Varanasi,gfs,temperature,744,-1.1038,0.18951612903225806,0.946236559139785,1.1716062863959806,1.2932661290322593,1.4774932795698938,1.7347282806426183,-582.4
Vijayawada,gfs,temperature,744,-0.0121,0.9108870967741937,1.4869623655913977,1.793600481760652,0.9229704301075272,1.4937836021505373,1.7997671515935598,-1.33
Visakhapatnam,gfs,temperature,744,-1.2701,-0.3251344086021505,1.1095430107526882,1.3798131788768182,0.9450044802867401,1.23557347670251,1.6404894064598807,-190.65
Agartala,icon,temperature,744,-0.9139,-1.0279569892473117,1.1717741935483872,1.5060362416921853,-0.11406810035842356,0.8094982078853048,1.1065537135933816,88.9
Agra,icon,temperature,744,-0.23,-0.23024193548387098,0.7829301075268819,1.0830375940416506,-0.00024193548387101032,0.7646774193548388,1.0582812196127014,99.89
Ahmedabad,icon,temperature,744,-0.1011,0.11948924731182799,0.8490591397849463,1.0908773720543548,0.2206003584229399,0.8738888888888893,1.106526221457674,-84.62
Amritsar,icon,temperature,744,-0.6774,-0.745564516129032,1.1114247311827956,1.4213757911913887,-0.06820340501792128,0.9497793458781361,1.2120620431851938,90.85
Bengaluru,icon,temperature,744,-0.3981,-0.16545698924731178,0.8184139784946236,1.100042765542097,0.23259856630824294,0.8535162783751493,1.1121241674288758,-40.58
Bhopal,icon,temperature,744,0.0432,-0.3948924731182795,0.860752688172043,1.166132750332418,-0.43808691756272494,0.876195863201912,1.1814591289638368,-10.94
Bhubaneswar,icon,temperature,744,-0.5178,-0.426747311827957,0.7581989247311827,1.1193015775497577,0.09103046594982028,0.7425657108721622,1.0387537239808238,78.67
Chandigarh,icon,temperature,744,-1.29,-0.8795698924731181,1.1631720430107526,1.478701842761057,0.4104301075268809,0.9835483870967741,1.257524877369947,53.34
Chennai,icon,temperature,744,-0.5099,-0.6231182795698925,1.006720430107527,1.3335013335020003,-0.11325716845878098,0.9207179659498201,1.184388704068377,81.82
Coimbatore,icon,temperature,744,-1.1658,-0.7705645161290322,0.9033602150537635,1.2269761326560216,0.39526881720429946,0.8057818100358414,1.033410951385964,48.7
Dehradun,icon,temperature,744,-0.6881,-0.7165322580645161,1.0213709677419356,1.292061160708251,-0.028476702508962275,0.8223902329749104,1.0755531082887086,96.03
Delhi,icon,temperature,744,-1.1099,-0.42849462365591423,0.9669354838709678,1.2599816520254812,0.681366487455197,1.0794761798088413,1.3668234747639765,-59.01
Ghaziabad,icon,temperature,744,-0.6554,-0.47311827956989233,0.9456989247311828,1.228700248667375,0.18229838709677504,0.8928707437275988,1.1485190884570355,61.47
Goa,icon,temperature,744,-0.5762,-0.18212365591397853,0.6815860215053763,0.8670723822894096,0.3941263440860218,0.7108702956989249,0.9348695444756838,-116.41
Guwahati,icon,temperature,744,-1.1196,-0.8911290322580645,1.1118279569892473,1.4083277661021223,0.22845430107526993,0.8571102150537638,1.1142116102073203,74.36
Hyderabad,icon,temperature,744,-0.6593,-0.1384408602150537,0.8790322580645161,1.1349766706900861,0.5208646953405015,1.003005152329749,1.2410907308032808,-276.24
Imphal,icon,temperature,744,-0.3919,0.10053763440860213,0.8537634408602152,1.1175530104575782,0.49248207885304657,0.9354435483870968,1.2171094910655065,-389.85
Indore,icon,temperature,744,-0.0647,-0.45524193548387104,0.7106182795698925,0.9409086777073248,-0.39051971326164836,0.6812149044205494,0.9113558944823945,14.22
Jabalpur,icon,temperature,744,0.0575,-0.20510752688172038,0.6725806451612905,0.9321901601195197,-0.2626075268817214,0.6905107526881724,0.9465052087627698,-28.03
Jaipur,icon,temperature,744,0.0749,-0.0002688172043011698,0.6706989247311828,0.8805545662172343,-0.07512992831541289,0.6717051224611709,0.8837537993989114,
Jodhpur,icon,temperature,744,-0.1014,-0.05806451612903244,0.8252688172043011,1.2142744193926667,0.04332437275985665,0.8403860513739544,1.2136588807540334,
Kanpur,icon,temperature,744,-0.0576,0.12204301075268822,0.853494623655914,1.1682746215671422,0.1796818996415768,0.8621714456391876,1.175694126881254,-47.23
Kochi,icon,temperature,744,-0.0658,0.15833333333333335,0.5723118279569893,0.757826546954392,0.2241666666666672,0.5859386200716846,0.7742624395312079,-41.58
Kolkata,icon,temperature,744,-0.3525,-0.3552419354838709,0.7823924731182796,1.140546699698679,-0.0027419354838717496,0.7879032258064517,1.0838161558481305,99.23
Kota,icon,temperature,744,-0.3197,-0.7635752688172043,0.9950268817204301,1.2978942830186413,-0.4438530465949823,0.8582623954599758,1.1395121349572606,41.87
Lucknow,icon,temperature,744,-0.2803,-0.38131720430107524,0.8831989247311828,1.2439261033267348,-0.10103942652329896,0.8331727897252093,1.1883426719401284,73.5
Ludhiana,icon,temperature,744,-0.1121,-0.15752688172043008,0.8483870967741937,1.1058009309657553,-0.045443548387096605,0.8399238351254484,1.0954661549085758,71.15
Madurai,icon,temperature,744,0.7167,0.5845430107526881,1.1952956989247312,1.5517723131400294,-0.13212365591397796,1.0243279569892478,1.4435246589027209,77.4
Mumbai,icon,temperature,744,-0.5349,-0.6231182795698924,0.74005376344086,0.943170129124708,-0.08825716845877986,0.5394298835125447,0.713500406393253,85.84
Nagpur,icon,temperature,744,0.0932,-0.15846774193548402,0.6361559139784947,0.8442006462819107,-0.2516621863799299,0.6582019115890086,0.8665428794942526,-58.81
Nashik,icon,temperature,744,0.0128,-0.2857526881720429,0.6198924731182796,0.738404994216501,-0.2985304659498209,0.6256974313022701,0.7434431893470672,-4.47
Patna,icon,temperature,744,-0.2869,-0.3293010752688172,0.7994623655913979,1.0517778088264578,-0.04235663082437315,0.7418548387096775,0.9997957017017917,87.14
Pune,icon,temperature,744,-0.3782,-0.35241935483870956,0.6413978494623657,0.8246211251235321,0.025775089605733117,0.5311182048984471,0.7459657857966753,92.69
Raipur,icon,temperature,744,-0.0283,-0.2080645161290322,0.7760752688172045,1.0997922579981587,-0.1797311827956996,0.769296594982079,1.0947855798967305,13.62
Ranchi,icon,temperature,744,-0.2692,-0.33978494623655914,0.7362903225806453,0.9493914292964233,-0.07061827956989208,0.653176523297491,0.8893127783530018,79.22
Shillong,icon,temperature,744,1.6371,0.7088709677419355,1.0443548387096775,1.3616778865306827,-0.9282123655913976,1.2581518817204298,1.4876984954607089,-30.94
Shimla,icon,temperature,744,-0.6957,-0.8573924731182797,1.230241935483871,1.4545396123416399,-0.16169802867383476,0.9471669653524492,1.1860480105746534,81.14
Srinagar,icon,temperature,744,0.1281,0.8473118279569892,1.4400537634408601,1.8899564767134103,0.7192562724014342,1.4104629629629628,1.8361175712529845,15.11
Surat,icon,temperature,744,0.0796,0.29771505376344104,0.5783602150537633,0.8018040813978417,0.21813172043010898,0.5576086469534054,0.7757815279875303,26.73
Thane,icon,temperature,744,-1.0422,-1.3826612903225808,1.4280913978494623,1.6119721775127724,-0.340439068100359,0.6530316606929513,0.8958799118228995,75.38
Thiruvananthapuram,icon,temperature,744,-0.721,-0.43413978494623656,0.6763440860215055,0.8635230413896047,0.286832437275986,0.628747759856631,0.7996671415103104,33.93
Vadodara,icon,temperature,744,-0.2294,-0.07567204301075267,0.6095430107526881,0.8275092176987179,0.15377240143369092,0.6402135603345276,0.8382667825493305,
Varanasi,icon,temperature,744,0.0581,-0.0688172043010753,0.6142473118279569,0.8697113598558809,-0.12687275985663016,0.6259520609318994,0.8762184311278711,
Vijayawada,icon,temperature,744,-0.3182,-0.5514784946236558,1.0356182795698925,1.3566096656541395,-0.2332840501792119,0.9551668906810037,1.2612227015804465,57.7
Visakhapatnam,icon,temperature,744,-0.7032,-0.6143817204301075,1.037231182795699,1.2773302551200927,0.08881272401433789,0.8453643966547191,1.123385678292789,85.54
Agartala,gem,temperature,744,0.3449,-0.08494623655913978,1.1801075268817205,1.5532916834141104,-0.4298073476702506,1.1869713261648742,1.6094202517581333,
Agra,gem,temperature,744,0.9517,1.3258064516129031,1.5922043010752687,1.9138501980680622,0.3741397849462353,1.0715770609318993,1.4300490943273165,71.78
Ahmedabad,gem,temperature,744,0.8399,0.7115591397849463,1.1505376344086022,1.5079270824617168,-0.12830197132616603,0.9981559886499404,1.3356605378823592,81.97
Amritsar,gem,temperature,744,0.6211,-0.03185483870967729,1.5619623655913977,2.0013738560868526,-0.6529659498207895,1.6697759856630827,2.1049577460614506,
Bengaluru,gem,temperature,744,0.2579,0.4740591397849463,1.04744623655914,1.35016426718644,0.21614247311827972,0.98006832437276,1.2825478739833225,54.41
Bhopal,gem,temperature,744,0.4132,-0.03387096774193551,1.0618279569892473,1.470151041907431,-0.44706541218637835,1.0994231630824367,1.536250085871147,
Bhubaneswar,gem,temperature,744,0.6875,0.16438172043010757,1.2318548387096775,1.6570515660271765,-0.5231182795698924,1.24502688172043,1.7298703063760936,-218.23
Chandigarh,gem,temperature,744,0.4544,1.025537634408602,1.5387096774193545,1.8982306419116917,0.5710931899641575,1.3296804062126644,1.6963783663816039,44.31
Chennai,gem,temperature,744,1.1289,0.642741935483871,1.074462365591398,1.3630590990587612,-0.4861469534050169,0.9904778972520905,1.296592369329046,24.36
Coimbatore,gem,temperature,744,-0.5107,-0.18091397849462362,0.8349462365591397,1.2041706198543585,0.32978046594981963,0.9061178315412179,1.2353348411777902,-82.29
Dehradun,gem,temperature,744,-0.4226,-0.7270161290322582,1.1533602150537636,1.450792330796098,-0.30437724014336753,0.9844575119474309,1.2918558122101007,58.13
Delhi,gem,temperature,744,0.4272,0.716263440860215,1.3576612903225809,1.7594331015158486,0.2890412186379924,1.2489665471923532,1.6328246531910573,59.65
Ghaziabad,gem,temperature,744,0.5738,0.471505376344086,1.163978494623656,1.5085598059646301,-0.10224462365591372,1.1147479838709673,1.4366242832825855,78.32
Goa,gem,temperature,744,0.6485,0.7723118279569892,1.014516129032258,1.3216253434264555,0.12383960573476815,0.8019392174432498,1.0796130032254028,83.97
Guwahati,gem,temperature,744,-0.3242,0.08938172043010753,1.0815860215053763,1.4458924021896224,0.4135483870967737,1.1444422043010756,1.501212181949299,
Hyderabad,gem,temperature,744,0.0224,0.4491935483870969,1.2645161290322582,1.6550265566527345,0.4268324372759872,1.2593466248506573,1.6490979318476435,4.98
Imphal,gem,temperature,744,0.1989,0.5512096774193549,1.4256720430107528,1.702208401124908,0.3523207885304669,1.3625597371565117,1.6485785605818717,36.08
Indore,gem,temperature,744,0.7592,0.039650537634408546,0.8754032258064516,1.146353498745488,-0.7195161290322569,1.078093637992831,1.3528701485689183,
Jabalpur,gem,temperature,744,0.6467,0.49825268817204316,1.1686827956989247,1.5350694355771048,-0.14841397849462518,1.073808243727599,1.4595236002836496,70.21
Jaipur,gem,temperature,744,0.5271,1.1143817204301074,1.5213709677419356,1.9730952431927045,0.5872983870967744,1.301892921146953,1.730947028469497,47.3
Jodhpur,gem,temperature,744,-0.6847,0.5663978494623656,1.4897849462365593,2.0055232873028372,1.251120071684588,1.7521654719235373,2.294911450538002,-120.89
Kanpur,gem,temperature,744,1.1111,0.673521505376344,1.4041666666666663,1.7359690981343587,-0.43758960573476724,1.2509408602150542,1.6587471641332545,35.03
Kochi,gem,temperature,744,0.4686,0.17338709677419362,0.7120967741935484,0.8765002499554938,-0.29522401433691886,0.7354540023894868,0.9084860051126075,-70.27
Kolkata,gem,temperature,744,0.5586,0.1803763440860215,1.272043010752688,1.6608554603622356,-0.3782347670250908,1.2788269115890085,1.6938024600571753,-109.69
Kota,gem,temperature,744,0.6297,0.185752688172043,1.1018817204301075,1.3995486983809406,-0.4439695340501803,1.1215979689366786,1.4564825591614123,-139.01
Lucknow,gem,temperature,744,0.5993,0.7623655913978495,1.2298387096774193,1.6201685827589485,0.16306003584229328,1.0525126941457583,1.4388653574607444,78.61
Ludhiana,gem,temperature,744,0.5671,0.5184139784946236,1.6799731182795696,2.12715103022243,-0.048669354838710106,1.6141061827956997,2.063585994907443,90.61
Madurai,gem,temperature,744,1.7901,1.887768817204301,2.30255376344086,2.8382776278005504,0.09762992831541091,1.6570101553166068,2.1217163778806687,94.83
Mumbai,gem,temperature,744,0.23,-0.19811827956989236,0.7983870967741935,1.015471710929913,-0.42811827956989285,0.8778225806451615,1.0840743536774013,-116.09
Nagpur,gem,temperature,744,0.8038,0.6080645161290321,1.1580645161290322,1.5182580567484965,-0.19568548387096862,1.0872849462365592,1.404869346133049,67.82
Nashik,gem,temperature,744,0.4865,0.289247311827957,0.707795698924731,1.0527358111948328,-0.19728046594982,0.7568720131421741,1.0312653698334495,31.8
Patna,gem,temperature,744,1.0432,1.3620967741935484,1.7201612903225807,2.0714845852906496,0.318902329749103,1.2188937425328554,1.592934229887634,76.59
Pune,gem,temperature,744,0.8053,0.9393817204301077,1.1393817204301078,1.5006853273131258,0.13410394265232914,0.8459184587813621,1.1779653230760123,85.72
Raipur,gem,temperature,744,0.7203,0.7408602150537635,1.175,1.533496952467075,0.020582437275985757,1.0046938470728795,1.3428189310925425,97.22
Ranchi,gem,temperature,744,0.475,0.0666666666666667,0.8846774193548386,1.2563387667242438,-0.4083333333333347,0.958131720430108,1.3193478553591778,
Shillong,gem,temperature,744,0.8829,0.6365591397849464,1.049731182795699,1.3502289730152781,-0.2463575268817203,0.8904390681003584,1.2159781133628267,61.3
Shimla,gem,temperature,744,-0.4389,-0.9004032258064517,1.4786290322580644,1.8316328868684533,-0.4615143369175626,1.2763291517323776,1.6604663641266144,48.74
Srinagar,gem,temperature,744,-1.1314,-0.6580645161290324,1.5516129032258064,2.0099818112909453,0.4733243727598566,1.5025552568697726,1.9572976105285582,28.07
Surat,gem,temperature,744,0.1957,0.3012096774193549,0.7686827956989247,1.1216047930657023,0.10551523297490974,0.7336734617682196,1.0855429546759696,64.97
Thane,gem,temperature,744,0.0082,-0.31586021505376344,0.9782258064516128,1.2711754783562312,-0.3240546594982086,0.9808691756272403,1.2732363659835053,-2.59
Thiruvananthapuram,gem,temperature,744,-0.6769,-1.1694892473118281,1.237231182795699,1.4761317873968574,-0.4925448028673834,0.7760961768219832,1.0265770000429215,57.88
Vadodara,gem,temperature,744,0.4394,0.451747311827957,1.0974462365591398,1.442187891357605,0.012302867383512358,1.0483856033452814,1.369664791392612,97.28
Varanasi,gem,temperature,744,1.015,1.303763440860215,1.5876344086021503,1.9546264390233323,0.28876344086021455,1.0798655913978492,1.4846379124833082,77.85
Vijayawada,gem,temperature,744,0.489,0.43575268817204305,1.6190860215053762,1.9692324251052797,-0.05327508960573519,1.5550089605734767,1.921154385781986,87.77
Visakhapatnam,gem,temperature,744,-0.0521,0.42889784946236564,1.0038978494623656,1.2892702361939037,0.4809811827956981,1.0248991935483867,1.3075195122313052,-12.14
Agartala,jma,temperature,744,-0.4403,-0.7543010752688171,1.2314516129032258,1.522810432359598,-0.3140232974910406,1.0754181600955797,1.3596294098461825,58.37
Agra,jma,temperature,744,-0.3742,-0.7780913978494624,1.423521505376344,1.7588677015051044,-0.4039247311827949,1.3081362007168458,1.6282949844704468,48.09
Ahmedabad,jma,temperature,744,-0.4049,0.16357526881720436,1.2111559139784944,1.5468186220311562,0.5684363799283144,1.2205215800477895,1.6398203861764102,-247.51
Amritsar,jma,temperature,744,-1.7776,-2.454301075268817,2.5473118279569893,2.9556443177982925,-0.6766621863799299,1.4399137544802871,1.7804806316677886,72.43
Bengaluru,jma,temperature,744,-0.6035,-0.6665322580645161,1.3474462365591398,1.5965225988385352,-0.06306003584229332,1.1537821087216247,1.4521004530272688,90.54
Bhopal,jma,temperature,744,-0.5726,-0.7256720430107528,1.1224462365591397,1.393094528591437,-0.15303315412186358,0.9138089904420549,1.1989710579678245,78.91
Bhubaneswar,jma,temperature,744,-0.7458,-0.5846774193548387,0.9306451612903226,1.2025175204947218,0.16115591397849466,0.8030353942652328,1.0630954477390937,72.44
Chandigarh,jma,temperature,744,-0.7024,-0.4706989247311828,1.331451612903226,1.6964780088196258,0.23166218637992794,1.2763672341696535,1.6462525703135102,50.78
Chennai,jma,temperature,744,1.0781,0.7926075268817205,1.8831989247311829,2.3635988370206973,-0.2854480286738342,1.8768794802867383,2.244961769779123,63.99
Coimbatore,jma,temperature,744,-0.0279,0.3470430107526882,0.9365591397849462,1.2868963247043774,0.37495967741935426,0.9405365143369174,1.2947038498883714,-8.04
Dehradun,jma,temperature,744,-1.0432,-0.6076612903225806,1.1638440860215054,1.4574475036194106,0.43553315412186483,1.0601997461170851,1.3944856078100225,28.33
Delhi,jma,temperature,744,-1.6288,-1.1452956989247312,1.4331989247311827,1.7289478744855706,0.4834543010752687,1.094700940860215,1.3824928845895954,57.79
Ghaziabad,jma,temperature,744,-0.9511,-0.8505376344086021,1.2293010752688172,1.4952703211571254,0.10057347670250841,0.9829629629629629,1.2339100818147093,88.18
Goa,jma,temperature,744,-0.0818,0.7475806451612902,1.106989247311828,1.3146711433106621,0.8293862007168449,1.1498711917562718,1.3628517395423152,-10.94
Guwahati,jma,temperature,744,0.3003,0.1826612903225806,1.0291666666666666,1.3761554285184723,-0.11761648745519877,1.0380854241338116,1.3690406329177556,35.61
Hyderabad,jma,temperature,744,-1.3387,-0.11491935483870958,1.0883064516129033,1.356906863627397,1.2238306451612913,1.4816028225806457,1.8236642307394464,-964.95
Imphal,jma,temperature,744,0.2483,0.5141129032258065,0.8740591397849462,1.1317687650904706,0.26577956989247153,0.8030152329749102,1.04270189418806,48.3
Indore,jma,temperature,744,-0.0774,-0.21021505376344088,0.8279569892473119,0.9983454053518234,-0.1328539426523314,0.8104883512544807,0.9849636285856445,36.8
Jabalpur,jma,temperature,744,-0.1862,-0.37325268817204293,0.8853494623655914,1.1325285725940584,-0.18700268817204174,0.8376579301075266,1.0854830279179168,49.9
Jaipur,jma,temperature,744,-0.4672,-0.5301075268817204,1.3774193548387097,1.689467689915619,-0.06288530465949835,1.3099148745519713,1.6053789729388763,88.14
Jodhpur,jma,temperature,744,-1.2572,-0.9063172043010752,1.450672043010753,1.8304069998080306,0.3509050179211473,1.2347819593787337,1.6285310072996337,61.28
Kanpur,jma,temperature,744,-0.0586,0.34865591397849466,0.9873655913978493,1.3128091033868876,0.40726702508960694,1.0039090501792118,1.3295763330131305,-16.81
Kochi,jma,temperature,744,0.8319,1.3956989247311828,1.5263440860215056,1.8386092219304628,0.563754480286737,1.1056190262843486,1.3229994317894966,59.61
Kolkata,jma,temperature,744,-0.0235,-0.2056451612903226,0.8024193548387096,1.0582497215299798,-0.1821729390681013,0.8002109468339308,1.0539399985221485,11.41
Kota,jma,temperature,744,-0.3489,-0.5360215053763441,1.022043010752688,1.323099164027195,-0.18713261648745405,0.9154002389486259,1.224046959792385,65.09
Lucknow,jma,temperature,744,0.0786,0.17446236559139786,0.9102150537634409,1.2336130168204358,0.09585125448028607,0.8996490442054957,1.224969967487577,45.06
Ludhiana,jma,temperature,744,-0.7475,-0.7821236559139785,1.3971774193548387,1.7877307355403664,-0.03462365591397896,1.255954301075269,1.6079373642043093,95.57
Madurai,jma,temperature,744,0.5267,0.24099462365591398,1.0528225806451612,1.4008589914686256,-0.28567204301075194,1.0657078853046595,1.4092324228122828,-18.54
Mumbai,jma,temperature,744,-0.3203,-0.523521505376344,0.8221774193548386,1.022627072315347,-0.20324372759856504,0.7209445937873356,0.9016647798649475,61.18
Nagpur,jma,temperature,744,0.1912,0.17190860215053758,0.9724462365591398,1.298308452837644,-0.019341397849462576,0.9836256720430108,1.2870222845339923,88.75
Nashik,jma,temperature,744,-0.1096,-0.3723118279569892,0.8454301075268815,1.0115861068702472,-0.26272849462365605,0.8048846326164872,0.9765841572867342,29.43
Patna,jma,temperature,744,0.0231,0.030510752688172105,0.8778225806451612,1.0718853353055122,0.007455197132617271,0.877078853046595,1.071476946078495,
Pune,jma,temperature,744,-0.2461,-0.11747311827956987,0.9225806451612903,1.170056519175256,0.1286379928315424,0.8749417562724013,1.1712301472152764,-9.5
Raipur,jma,temperature,744,-0.0847,-0.0626344086021504,0.9241935483870967,1.1896055187845174,0.02208781362007175,0.9221438172043012,1.1881608025398558,
Ranchi,jma,temperature,744,-0.2108,-0.4137096774193548,0.832258064516129,1.050383954377114,-0.20287634408602143,0.7619108422939067,0.9865645267351681,50.96
Shillong,jma,temperature,744,0.9778,0.4879032258064517,1.0129032258064516,1.344392975702521,-0.48987455197132623,1.1554958183990442,1.3451096579963457,-0.4
Shimla,jma,temperature,744,0.0599,0.33064516129032256,1.1586021505376345,1.4743141288536965,0.2707840501792114,1.1516827210274792,1.4620533265528957,18.1
Srinagar,jma,temperature,744,0.2371,0.6122311827956989,1.4240591397849462,1.7950237366268345,0.3751478494623649,1.3854939516129035,1.7285887604698178,38.72
Surat,jma,temperature,744,0.0468,0.4118279569892473,0.8841397849462365,1.1520668663389853,0.3650224014336928,0.8759613948626047,1.1361765496200895,11.37
Thane,jma,temperature,744,-0.924,-1.0563172043010753,1.4168010752688174,1.6306333290361268,-0.13228942652329828,1.0538713410991638,1.2492635870907567,87.48
Thiruvananthapuram,jma,temperature,744,-0.299,0.4369623655913979,0.7358870967741937,0.9507849049516252,0.7359901433691749,0.9107870370370365,1.1201505781265388,-68.43
Vadodara,jma,temperature,744,-0.3949,-0.18467741935483875,1.1137096774193547,1.4613478827468163,0.21018369175627327,1.0681966845878135,1.4647897697175987,-13.81
Varanasi,jma,temperature,744,-0.314,-0.18158602150537637,0.8197580645161292,1.069311656793677,0.13244175627240126,0.8302359617682198,1.0620709745366388,27.06
Vijayawada,jma,temperature,744,-1.9564,-0.5063172043010753,1.5423387096774193,1.9555717201596499,1.4500716845878132,1.8826560633213856,2.3813045860956663,-186.4
Visakhapatnam,jma,temperature,744,-0.7171,-0.1952956989247312,1.1544354838709676,1.4766598096881987,0.5217876344086037,1.1629155465949825,1.553913163259651,-167.18
Agartala,ukmo,temperature,744,-0.6065,-0.8678763440860214,1.0439516129032256,1.4068333616768125,-0.2613485663082434,0.7996606182795699,1.1376615630380318,69.89
Agra,ukmo,temperature,744,-0.2328,-0.12997311827956992,0.8810483870967742,1.1838008314755275,0.10280465949820694,0.8959199522102745,1.181126663462212,20.9
Ahmedabad,ukmo,temperature,744,-0.4106,-0.25134408602150526,0.8505376344086021,1.118755068469326,0.15921146953404866,0.8654420549581836,1.101720175761074,36.66
Amritsar,ukmo,temperature,744,-1.6032,-1.3581989247311828,1.69502688172043,2.024742782017838,0.24499551971326192,1.2089512395459978,1.5214801408076164,81.96
Bengaluru,ukmo,temperature,744,-0.1685,-0.502016129032258,1.1791666666666667,1.4948253035629424,-0.3335439068100374,1.1259688620071686,1.44697409518402,33.56
Bhopal,ukmo,temperature,744,-0.4368,-0.8591397849462367,1.1064516129032258,1.4412975784609572,-0.42233422939068166,0.9112716547192353,1.2319024883954794,50.84
Bhubaneswar,ukmo,temperature,744,-0.506,-0.5599462365591398,0.9435483870967742,1.2764197240045914,-0.05397401433691718,0.8577998058542412,1.1483121170722073,90.36
Chandigarh,ukmo,temperature,744,-0.255,0.3567204301075269,0.8567204301075269,1.099339977939843,0.6117204301075261,0.9665053763440856,1.2064413812745367,-71.48
Chennai,ukmo,temperature,744,-0.6444,-0.7766129032258063,1.2459677419354838,1.5505635465300858,-0.13216845878136066,1.0339008363201911,1.3485504113186801,82.98
Coimbatore,ukmo,temperature,744,-1.2349,-0.15846774193548385,0.7584677419354838,1.102934745922641,1.076393369175628,1.298066756272402,1.5329630503487581,-579.25
Dehradun,ukmo,temperature,744,-0.0258,0.0025537634408602846,0.7202956989247313,0.9786772398420974,0.028387096774194986,0.7207818100358424,0.9790855148251872,
Delhi,ukmo,temperature,744,-1.6554,-1.1653225806451617,1.6064516129032262,1.975011909587067,0.490094086021506,1.333364695340502,1.6681988907808654,57.94
Ghaziabad,ukmo,temperature,744,-0.3664,0.16250000000000003,0.7525537634408603,0.9836499399181984,0.5288888888888889,0.8985588410991634,1.1049363832778782,-225.47
Goa,ukmo,temperature,744,-0.3031,0.4583333333333333,0.8956989247311826,1.1227845569343757,0.7613888888888892,1.0450784050179212,1.2768276144293462,-66.12
Guwahati,ukmo,temperature,744,-1.8447,-1.8348118279569892,1.9512096774193546,2.3193465199426093,0.009910394265234533,1.1349036738351255,1.4187783658745001,99.46
Hyderabad,ukmo,temperature,744,-1.1871,-0.9004032258064516,1.3353494623655915,1.6608271355543143,0.2866801075268822,1.0884520609318997,1.424712704092481,68.16
Imphal,ukmo,temperature,744,0.2308,0.582258064516129,1.1153225806451612,1.3675384054287398,0.35142473118279605,1.0358602150537635,1.2863266219414928,39.64
Indore,ukmo,temperature,744,-0.3424,-0.7693548387096774,1.1072580645161292,1.388334656442592,-0.4269937275985674,0.9736820489844686,1.2320267423404803,44.5
Jabalpur,ukmo,temperature,744,-0.1149,-0.012231182795698816,0.626747311827957,0.896236155994517,0.10262992831541204,0.6307571684587813,0.9020102813523097,
Jaipur,ukmo,temperature,744,-0.5475,-0.4549731182795699,1.0103494623655913,1.3071196685678743,0.09252688172042954,0.9860147849462366,1.2288704217454582,79.66
Jodhpur,ukmo,temperature,744,-1.2096,-0.6932795698924731,1.25752688172043,1.7597501044487898,0.5163037634408614,1.3546818996415775,1.6978378733614206,25.53
Kanpur,ukmo,temperature,744,-0.8885,-0.5366935483870967,1.1506720430107527,1.5320895493073419,0.3517786738351262,1.1248267622461174,1.477500137929483,34.45
Kochi,ukmo,temperature,744,-0.9879,-0.8262096774193547,1.1756720430107528,1.496802146800527,0.16170698924731203,1.015038082437276,1.2585481262060274,80.43
Kolkata,ukmo,temperature,744,-0.7739,-0.8729838709677419,1.1635752688172043,1.500721152811082,-0.09909498207885438,0.9262216248506568,1.224697087037447,88.65
Kota,ukmo,temperature,744,-0.2697,-0.4973118279569892,0.8381720430107528,1.1448341195519647,-0.2275896057347683,0.7666793608124254,1.0559939089326735,54.24
Lucknow,ukmo,temperature,744,-0.5424,-0.451747311827957,0.9571236559139785,1.3303781094029226,0.09061379928315452,0.9092629928315411,1.2546079630128437,79.94
Ludhiana,ukmo,temperature,744,-0.4604,0.23575268817204306,0.9760752688172042,1.2365404393162869,0.6961693548387102,1.1583221326164876,1.399322942962316,-195.3
Madurai,ukmo,temperature,744,1.2818,0.9553763440860216,1.3916666666666668,1.6879395086750697,-0.32642921146953374,1.0012694145758665,1.4293186685297603,65.83
Mumbai,ukmo,temperature,744,-0.8124,-1.1879032258064515,1.3185483870967738,1.5727347594734191,-0.3755421146953391,0.8768208632019111,1.0970015632096373,68.39
Nagpur,ukmo,temperature,744,-0.2671,-0.15309139784946244,0.7845430107526883,1.058268772901726,0.1139919354838696,0.7947334229390679,1.0533233031499782,25.54
Nashik,ukmo,temperature,744,-0.2664,-0.7294354838709677,0.8998655913978495,1.1564742953040177,-0.46304659498207706,0.7644959677419346,1.009836036044143,36.52
Patna,ukmo,temperature,744,-0.8142,-1.2009408602150535,1.455241935483871,1.7793959649274245,-0.3867741935483886,1.0860618279569896,1.368789730769826,67.79
Pune,ukmo,temperature,744,-0.4383,-0.3713709677419355,0.7982526881720431,1.0380593452693712,0.06696236559139708,0.7412903225806451,0.9716659750269583,81.97
Raipur,ukmo,temperature,744,-0.2087,-0.15134408602150526,0.7491935483870968,1.0517266908555971,0.05740591397849322,0.7570228494623653,1.0423624316158397,62.07
Ranchi,ukmo,temperature,744,-0.2479,-0.2702956989247312,0.6649193548387097,0.9065250324224932,-0.022379032258066204,0.6190636200716846,0.8655799735646619,91.72
Shillong,ukmo,temperature,744,0.6813,0.47553763440860214,1.039516129032258,1.3433928320023405,-0.20571236559139644,0.9665490591397846,1.2731401480958595,56.74
Shimla,ukmo,temperature,744,-1.0257,-0.9056451612903225,1.310752688172043,1.5819376984320306,0.12004928315412132,0.989807347670251,1.3025918600765454,86.74
Srinagar,ukmo,temperature,744,1.0649,1.5408602150537636,1.7663978494623656,2.218737410989577,0.475999103942653,1.2795415173237756,1.6658693356753436,69.11
Surat,ukmo,temperature,744,-0.4953,-0.43844086021505385,0.807795698924731,1.048001169661992,0.05683691756272256,0.7288545400238946,0.9535756387958002,87.04
Thane,ukmo,temperature,744,-1.1553,-1.4591397849462366,1.5491935483870969,1.8082695345764745,-0.30386200716846035,0.8767435782556753,1.1104422168960055,79.18
Thiruvananthapuram,ukmo,temperature,744,-1.1272,-0.7598118279569893,0.9700268817204301,1.3686633067748357,0.36741039426523325,0.994075567502987,1.196208857692761,51.64
Vadodara,ukmo,temperature,744,-0.3332,-0.2502688172043011,0.7758064516129033,1.0361347734813287,0.08292562724014349,0.7761398596176823,1.0088693907565713,66.87
Varanasi,ukmo,temperature,744,-0.7935,-0.6533602150537635,0.9108870967741937,1.2168894331339715,0.14011200716845718,0.8149824522102745,1.0361330495697898,78.56
Vijayawada,ukmo,temperature,744,-0.119,-0.7396505376344086,1.2366935483870967,1.6219553777190752,-0.6206227598566304,1.1899260752688168,1.5712507564170075,16.09
Visakhapatnam,ukmo,temperature,744,-1.2365,-0.9037634408602152,1.1991935483870968,1.4917425042294437,0.33276433691756235,0.9535898297491038,1.2325743165478584,63.18
Agartala,ecmwf,rainfall,744,0.0019,-0.03696236559139785,0.2361559139784946,0.6171931783119762,-0.03890681003584229,0.237410394265233,0.6173126782691991,
Agra,ecmwf,rainfall,744,0.0058,-0.013709677419354837,0.15268817204301072,0.4308343992416256,-0.019543010752688182,0.1572983870967742,0.43105945481363633,
Ahmedabad,ecmwf,rainfall,744,-0.0029,-0.001478494623655911,0.12271505376344086,0.5579219315642917,-0.0008434139784946186,0.12271505376344086,0.5579004036412454,
Amritsar,ecmwf,rainfall,744,0.0169,-0.006048387096774193,0.05255376344086022,0.24155076939134013,-0.022992831541218638,0.06822281959378733,0.24256723090590537,
Bengaluru,ecmwf,rainfall,744,0.0082,0.00900537634408602,0.10147849462365591,0.3387397580088791,0.0008109318996415886,0.10731593488649938,0.33862100416743374,
Bhopal,ecmwf,rainfall,744,-0.0106,0.0030913978494623625,0.13212365591397848,0.3402837209633869,0.007773297491039424,0.1320385304659498,0.34037717076668317,
Bhubaneswar,ecmwf,rainfall,744,-0.0001,-0.0032258064516129015,0.38118279569892477,0.820552528247219,-0.003141241039426517,0.38117364844683393,0.8205516708901592,
Chandigarh,ecmwf,rainfall,744,-0.0081,-0.021236559139784946,0.0827956989247312,0.3048884865771612,-0.019157706093189966,0.08218936678614099,0.30429034244447867,
Chennai,ecmwf,rainfall,744,-0.0093,-0.0009408602150537625,0.13723118279569893,0.538479040835718,0.0017232302867383515,0.1366183169056153,0.5383580366902047,
Coimbatore,ecmwf,rainfall,744,0.0081,0.006048387096774191,0.09825268817204302,0.35874257700911355,-0.0020071684587813585,0.10442428315412186,0.3586972014079414,
Dehradun,ecmwf,rainfall,744,-0.0039,0.028763440860215053,0.22607526881720427,0.7253845846852033,0.030472670250896054,0.22591323178016726,0.7255102135340715,
Delhi,ecmwf,rainfall,744,0.0085,0.0043010752688172026,0.11693548387096772,0.4328264198006163,-0.004171146953405015,0.12347184886499402,0.43282514817863604,
Ghaziabad,ecmwf,rainfall,744,-0.0047,-0.01451612903225806,0.12715053763440862,0.40663185114497785,-0.013202284946236556,0.12678875448028673,0.4064240241642482,
Goa,ecmwf,rainfall,744,-0.0085,0.04086021505376345,0.24166666666666667,0.5969906611182167,0.04577956989247312,0.24168944145758664,0.5973764169120475,
Guwahati,ecmwf,rainfall,744,0.0789,0.023387096774193553,0.25618279569892477,0.6667405872996545,-0.05550179211469532,0.29923237753882914,0.6686377968564936,
Hyderabad,ecmwf,rainfall,744,-0.0081,-0.00551075268817204,0.09180107526881721,0.3214341184023847,-0.003009632616487458,0.09185521206690563,0.3211958944801816,
Imphal,ecmwf,rainfall,744,0.0,0.01801075268817205,0.16908602150537633,0.5512449253661529,0.01801075268817205,0.16908602150537633,0.5512449253661529,
Indore,ecmwf,rainfall,744,-0.0025,0.0002688172043010761,0.07661290322580645,0.21670801921340577,0.001024865591397845,0.07669018817204301,0.21665965533527465,
Jabalpur,ecmwf,rainfall,744,-0.0197,-0.015994623655913975,0.24314516129032254,0.596033032930295,-0.005258736559139782,0.24306563620071686,0.5954632070007155,
Jaipur,ecmwf,rainfall,744,-0.0061,0.012096774193548387,0.05537634408602151,0.18657928062083756,0.013254928315412185,0.05531884707287933,0.18678743199981743,
Jodhpur,ecmwf,rainfall,744,0.0011,-0.0008064516129032256,0.027956989247311825,0.1895098374613404,-0.0019175627240143435,0.028975507765830348,0.18951782284845986,
Kanpur,ecmwf,rainfall,744,0.0035,-0.004973118279569888,0.2944892473118279,0.8953659070608405,-0.008445340501792114,0.2967013888888889,0.8953919250237018,
Kochi,ecmwf,rainfall,744,0.0299,0.006182795698924729,0.06370967741935485,0.1830887909631392,-0.02367831541218638,0.08385790023894864,0.1845100025322433,
Kolkata,ecmwf,rainfall,744,-0.1329,-0.10645161290322581,0.4596774193548387,1.0122767907421708,-0.02790658602150538,0.440165770609319,1.002808154608087,73.78
Kota,ecmwf,rainfall,744,-0.0063,-0.011155913978494624,0.14502688172043013,0.4381504381506572,-0.009341397849462363,0.14485887096774192,0.4379696979440522,
Lucknow,ecmwf,rainfall,744,-0.0286,0.00040322580645161626,0.25497311827956987,0.6275164394025308,0.015400985663082442,0.2532041517323775,0.6276806040383769,
Ludhiana,ecmwf,rainfall,744,-0.0015,-0.0033602150537634396,0.05954301075268817,0.25158102224271245,-0.003119959677419356,0.05949578106332138,0.25151644553275615,
Madurai,ecmwf,rainfall,744,-0.0312,-0.023924731182795696,0.15080645161290324,0.7214456812316101,-0.016742271505376338,0.14782426075268817,0.7204244680953796,
Mumbai,ecmwf,rainfall,744,-0.0493,-0.009811827956989245,0.19663978494623657,0.3677342717556469,0.029155465949820793,0.19491674133811235,0.3681477808474624,
Nagpur,ecmwf,rainfall,744,-0.016,0.004704301075268814,0.20228494623655913,0.5743743674455665,0.010693884408602153,0.20157650089605733,0.5742857084768848,
Nashik,ecmwf,rainfall,744,-0.0363,-0.008064516129032261,0.07768817204301076,0.2155263624321299,0.0069909274193548365,0.07734711021505376,0.21525505411778997,
Patna,ecmwf,rainfall,744,-0.0278,-0.003494623655913978,0.30591397849462365,0.7439721927974956,0.012522401433691746,0.3027404420549582,0.7436538726034795,
Pune,ecmwf,rainfall,744,-0.0251,0.011290322580645159,0.08629032258064516,0.22965612442055833,0.02071740591397849,0.08625653375149343,0.23080187567487148,
Raipur,ecmwf,rainfall,744,0.0394,0.028629032258064513,0.23104838709677417,0.6469012156393733,-0.01081541218637991,0.256284348864994,0.6463578996565501,
Ranchi,ecmwf,rainfall,744,-0.0258,-0.01115591397849462,0.2625,0.6341639996835391,0.0029065860215053895,0.2617013888888889,0.6337658906797273,
Shillong,ecmwf,rainfall,744,-0.0553,-0.020564516129032262,0.16626344086021505,0.42881745370512914,0.007965949820788534,0.16284572879330944,0.4275009461283812,
Shimla,ecmwf,rainfall,744,0.0347,0.028763440860215053,0.15080645161290324,0.4087418408642774,-0.005958781362007178,0.17134109916367984,0.40777207361259965,
Srinagar,ecmwf,rainfall,744,0.0139,0.02056451612903226,0.030510752688172046,0.18733415604610223,0.006675627240143368,0.04275686977299881,0.18632163239123228,
Surat,ecmwf,rainfall,744,0.0115,-0.0051075268817204296,0.10591397849462367,0.2813657169355689,-0.016635304659498217,0.11415695937873359,0.28181077551600736,
Thane,ecmwf,rainfall,744,-0.0064,-0.0053763440860215075,0.13978494623655913,0.2698565927398501,-0.0008165322580645142,0.14041181302270014,0.2697164228185829,
Thiruvananthapuram,ecmwf,rainfall,744,-0.02,-0.01397849462365591,0.09274193548387097,0.24185661797005673,-0.005430107526881718,0.09161290322580645,0.24069567632624925,
Vadodara,ecmwf,rainfall,744,-0.0215,0.008870967741935484,0.0879032258064516,0.41074283611446566,0.014686939964157712,0.08741132765830346,0.4110782715492021,
Varanasi,ecmwf,rainfall,744,0.0051,-0.008064516129032261,0.20725806451612902,0.4816805259009939,-0.013203405017921143,0.21029719235364397,0.48179396272258324,
Vijayawada,ecmwf,rainfall,744,0.0033,-0.02701612903225806,0.13991935483870968,0.4193729317850384,-0.030349462365591395,0.1425089605734767,0.4196008514671667,
Visakhapatnam,ecmwf,rainfall,744,0.0032,-0.008736559139784945,0.2606182795698925,0.6550158005153244,-0.011931003584229423,0.2627479091995221,0.6550661953617017,
Agartala,gfs,rainfall,744,0.1804,0.09516129032258067,0.3817204301075269,0.9147095431813843,-0.08525537634408599,0.4641140232974911,0.9137321031937151,
Agra,gfs,rainfall,744,0.0818,0.001075268817204302,0.25053763440860216,0.7212034446688054,-0.08073028673835127,0.30045661589008366,0.7257069874239724,
Ahmedabad,gfs,rainfall,744,-0.104,0.05779569892473118,0.2451612903225806,1.0659691940110865,0.07026601702508961,0.24513422192353643,1.0664836994789728,
Amritsar,gfs,rainfall,744,0.1167,0.046908602150537645,0.05846774193548386,0.3478234937374112,-0.06975806451612904,0.1582437275985663,0.3516346874314562,
Bengaluru,gfs,rainfall,744,0.169,-0.019220430107526876,0.24422043010752686,1.113015616889925,-0.18824820788530466,0.3404435483870968,1.128659260485365,
Bhopal,gfs,rainfall,744,-0.0108,-0.017069892473118284,0.2584677419354839,0.576290044208438,-0.01341509856630825,0.2569388440860215,0.5748799441896382,
Bhubaneswar,gfs,rainfall,744,0.5194,0.15806451612903225,0.6516129032258063,1.8484663797292196,-0.3613799283154122,0.9071609916367981,1.8768161919376638,-128.63
Chandigarh,gfs,rainfall,744,0.0385,0.06008064516129032,0.10577956989247313,0.4227883631321941,0.021608422939068103,0.13235849761051374,0.419055175387343,
Chennai,gfs,rainfall,744,0.1279,0.03911290322580646,0.2127688172043011,1.0708315028644244,-0.0888037634408602,0.2951344086021505,1.0737953234808721,
Coimbatore,gfs,rainfall,744,0.1729,0.09018817204301074,0.18965053763440864,0.6371032393846452,-0.08272849462365589,0.30100246415770604,0.636090115534462,
Dehradun,gfs,rainfall,744,-0.1314,0.15806451612903225,0.4196236559139785,1.2215691477749833,0.18921632317801673,0.4082134856630824,1.2167030753135837,-19.71
Delhi,gfs,rainfall,744,0.2056,0.09690860215053762,0.1627688172043011,0.6370821422030117,-0.10864695340501794,0.30300179211469536,0.6389730348202491,
Ghaziabad,gfs,rainfall,744,0.1517,0.06908602150537635,0.2013440860215054,0.6982697509997768,-0.08258064516129031,0.29852150537634403,0.6997337563310091,
Goa,gfs,rainfall,744,0.1753,0.12741935483870967,0.28763440860215056,0.7258291513774073,-0.047858422939068064,0.3574738649940262,0.7161582881234769,62.44
Guwahati,gfs,rainfall,744,-0.0793,-0.03642473118279568,0.4490591397849462,0.9538898856673629,-0.01169504181600955,0.4356283602150537,0.9390915965570561,
Hyderabad,gfs,rainfall,744,0.0103,-0.007258064516129035,0.19946236559139782,0.5560034037182116,-0.017535842293906805,0.20515382317801675,0.556232515420191,
Imphal,gfs,rainfall,744,-0.1663,0.05174731182795698,0.35309139784946236,1.0598932285442617,0.1006989247311828,0.32998319892473116,1.0542492423776093,
Indore,gfs,rainfall,744,0.1281,-0.0971774193548387,0.2060483870967742,0.6641855712963657,-0.22523297491039426,0.29334080047789723,0.694571029681486,
Jabalpur,gfs,rainfall,744,0.1768,0.0254032258064516,0.46061827956989254,0.9983790626250993,-0.15140232974910392,0.5438859020310632,1.009474167207985,
Jaipur,gfs,rainfall,744,-0.0328,0.01505376344086022,0.10134408602150538,0.33895792234181454,0.018005525686977303,0.09980212066905615,0.3362040037466411,
Jodhpur,gfs,rainfall,744,0.0832,0.018010752688172045,0.04005376344086022,0.2603760721048138,-0.06518369175627241,0.11139523596176823,0.2678063206560171,
Kanpur,gfs,rainfall,744,0.1201,0.21236559139784947,0.47822580645161283,1.3899118096878222,0.09222670250896062,0.5175421893667861,1.3766849526872862,56.57
Kochi,gfs,rainfall,744,0.2622,0.02110215053763441,0.14126344086021506,0.4028961017647159,-0.24112007168458788,0.3281511350059738,0.4690616772121467,
Kolkata,gfs,rainfall,744,0.2094,0.24919354838709679,0.5631720430107527,1.3694536230944265,0.0397491039426523,0.6350985663082438,1.3471769714899906,84.05
Kota,gfs,rainfall,744,-0.0239,0.04852150537634409,0.20954301075268814,0.6457782668164617,0.05243876941457588,0.20935035842293906,0.6452040934584844,
Lucknow,gfs,rainfall,744,0.1418,0.008064516129032263,0.5330645161290323,1.4695292202036196,-0.1337410394265233,0.5936533004778973,1.475580481789709,
Ludhiana,gfs,rainfall,744,0.0649,0.04838709677419355,0.0696236559139785,0.3484990859431712,-0.016474014336917555,0.11966435185185184,0.34551656243567197,
Madurai,gfs,rainfall,744,-0.0132,-0.0711021505376344,0.3025537634408602,1.2311208722747486,-0.06911589008363202,0.3011350059737157,1.2295401738635592,
Mumbai,gfs,rainfall,744,0.1146,0.020564516129032265,0.28615591397849466,0.6612040987585102,-0.09401881720430107,0.3155745967741935,0.6675383875702792,
Nagpur,gfs,rainfall,744,-0.2639,-0.04381720430107527,0.33870967741935487,0.8179110554477521,0.03945639187574672,0.2934662485065711,0.7883844850345525,
Nashik,gfs,rainfall,744,-0.0307,-0.004704301075268822,0.1713709677419355,0.4816107606056812,0.0030518219832735838,0.17062836021505376,0.4786277733229556,
Patna,gfs,rainfall,744,0.2142,0.013172043010752692,0.510752688172043,1.2338200144093097,-0.200994623655914,0.6057213261648745,1.2500148655030046,
Pune,gfs,rainfall,744,0.1246,-0.002688172043010753,0.18978494623655912,0.547354340618167,-0.12727150537634407,0.2570374103942652,0.5619498055924358,
Raipur,gfs,rainfall,744,0.1383,-0.1067204301075269,0.6760752688172043,2.1516872599232744,-0.24505376344086013,0.7443817204301074,2.162965594106925,-129.62
Ranchi,gfs,rainfall,744,0.0056,-0.10134408602150537,0.5948924731182796,2.0998975909489297,-0.10689964157706089,0.5966248506571088,2.1001730409827872,-5.48
Shillong,gfs,rainfall,744,-0.1762,-0.1592741935483871,0.36626344086021506,0.6799450483805322,-0.0783366935483871,0.3213575268817205,0.6353231697915043,50.82
Shimla,gfs,rainfall,744,-0.0442,0.07983870967741935,0.19005376344086022,0.496276457814236,0.08909946236559141,0.18922267025089606,0.4970945714779347,
Srinagar,gfs,rainfall,744,-0.1592,-0.03803763440860215,0.09637096774193549,0.3148860520989325,-0.013840725806451612,0.07554771505376344,0.28993278308117754,
Surat,gfs,rainfall,744,0.0958,0.035483870967741936,0.22150537634408604,0.5555197121053712,-0.060349462365591404,0.2714829749103943,0.5576603832500521,
Thane,gfs,rainfall,744,0.0849,-0.022043010752688157,0.31559139784946233,0.8379602731364051,-0.10690412186379927,0.34250970728793306,0.8444643369043275,
Thiruvananthapuram,gfs,rainfall,744,0.1772,0.05268817204301075,0.16370967741935485,0.4646365211368921,-0.12453405017921147,0.2537440262843489,0.47814201128430245,
Vadodara,gfs,rainfall,744,0.0519,-0.002284946236559134,0.17459677419354835,0.697277732728602,-0.05422939068100358,0.20922640382317803,0.6993796125091641,
Varanasi,gfs,rainfall,744,0.0493,-0.028225806451612916,0.3602150537634409,0.7894975944313594,-0.07753136200716844,0.3812892025089606,0.7927930799128773,
Vijayawada,gfs,rainfall,744,0.0221,-0.08185483870967741,0.3431451612903226,0.953199197270654,-0.10393817204301072,0.3576299283154122,0.9553489617228222,
Visakhapatnam,gfs,rainfall,744,0.2519,-0.0448924731182796,0.7491935483870967,2.684904035048432,-0.29683691756272396,0.878611111111111,2.7008899457224866,
Agartala,icon,rainfall,744,0.1869,-0.020564516129032255,0.4487903225806451,0.9838548826465856,-0.20750896057347668,0.5510498805256869,1.0052897589760825,
Agra,icon,rainfall,744,-0.2694,-0.07997311827956989,0.2754032258064516,0.7912067141500564,-0.025832586618876947,0.24547117682198324,0.7500144709099992,
Ahmedabad,icon,rainfall,744,-0.0112,-0.021774193548387086,0.2881720430107527,1.3141905395312918,-0.020246975806451607,0.2878847446236559,1.3136481321383457,
Amritsar,icon,rainfall,744,-0.0428,0.00443548387096774,0.08696236559139785,0.568683161025899,0.007022849462365586,0.08540994623655915,0.566501415526307,
Bengaluru,icon,rainfall,744,0.0436,0.05846774193548387,0.16411290322580646,0.4920742797324338,0.014856630824372764,0.18591845878136204,0.488814217680512,
Bhopal,icon,rainfall,744,-0.0932,-0.18494623655913978,0.4091397849462366,1.3661912364759394,-0.15726347819593783,0.39623786589008364,1.3498185844133155,14.97
Bhubaneswar,icon,rainfall,744,0.339,0.034677419354838694,0.6134408602150537,1.2523740895655155,-0.30435035842293917,0.7905477150537634,1.2883584429319792,
Chandigarh,icon,rainfall,744,-0.0811,0.0057795698924731215,0.14368279569892473,0.5310645628287328,0.01493727598566309,0.14063022700119476,0.5241853401311819,
Chennai,icon,rainfall,744,-0.049,-0.025,0.21908602150537634,0.8142877354651931,-0.01722408900836321,0.2144731929510155,0.8085861301318576,
Coimbatore,icon,rainfall,744,0.1807,0.0961021505376344,0.17029569892473118,0.5975195142357052,-0.08459229390681004,0.28864545997610513,0.5957766382990618,
Dehradun,icon,rainfall,744,-0.125,0.12661290322580648,0.3685483870967742,1.1280871620408108,0.15957661290322583,0.36085349462365596,1.1284702302160527,-26.04
Delhi,icon,rainfall,744,-0.1401,0.05094086021505377,0.17405913978494625,0.6292917165481595,0.06762059438470729,0.1687850955794504,0.6275999996659984,
Ghaziabad,icon,rainfall,744,-0.2075,0.04448924731182795,0.198252688172043,0.6024925823841794,0.06988575268817204,0.18961693548387096,0.5940308051323909,
Goa,icon,rainfall,744,0.2968,0.1443548387096774,0.2610215053763441,0.6985776640346956,-0.1524507168458781,0.39391539725209085,0.7002954050228355,-5.61
Guwahati,icon,rainfall,744,0.0989,-0.05483870967741936,0.43494623655913983,1.1477888982032844,-0.15372759856630824,0.47030167264038236,1.1567386244612865,
Hyderabad,icon,rainfall,744,0.0003,-0.05456989247311826,0.1989247311827957,0.5751811308912466,-0.05484767025089606,0.19908975507765833,0.5752075513245255,
Imphal,icon,rainfall,744,0.0753,0.11129032258064518,0.2922043010752688,1.040057897478562,0.03601254480286737,0.31972520908004776,1.0347133891037659,67.64
Indore,icon,rainfall,744,0.0801,0.004569892473118281,0.1521505376344086,0.42194506088897654,-0.07556899641577063,0.1991136499402628,0.4286343706595086,
Jabalpur,icon,rainfall,744,0.0143,-0.020967741935483883,0.48951612903225805,1.0388165309361594,-0.03527329749103945,0.49489994026284345,1.0392037068160673,
Jaipur,icon,rainfall,744,-0.1632,-0.019086021505376343,0.12526881720430108,0.4290524694083188,-0.0017015755675029813,0.11597875597371565,0.40900310867523393,
Jodhpur,icon,rainfall,744,-0.0012,0.006989247311827958,0.050806451612903224,0.3442304804283229,0.007044690860215052,0.05078797043010752,0.3441666371732524,
Kanpur,icon,rainfall,744,-0.2976,-0.10443548387096775,0.5735215053763442,1.4821836187091977,0.008765494324970112,0.5249173013739546,1.4542899164442742,91.61
Kochi,icon,rainfall,744,0.0954,-0.05981182795698926,0.1592741935483871,0.4016598625221225,-0.1552284946236559,0.22237231182795697,0.42643765774244213,
Kolkata,icon,rainfall,744,-0.3361,-0.033870967741935494,0.6669354838709677,1.4138713725316445,0.1413157108721625,0.6094160692951016,1.3954911252738849,
Kota,icon,rainfall,744,-0.1288,-0.03696236559139785,0.2391129032258065,0.6913929371554117,-0.008933131720430103,0.2324983198924731,0.6801872027584546,
Lucknow,icon,rainfall,744,-0.3226,-0.19596774193548386,0.61747311827957,1.339003400864569,-0.058851553166069284,0.5611081242532855,1.2848466001822685,69.97
Ludhiana,icon,rainfall,744,-0.0993,0.019354838709677424,0.08790322580645162,0.5179571120203613,0.023892995818399043,0.08550067204301075,0.5145412256318901,
Madurai,icon,rainfall,744,0.0097,-0.11612903225806452,0.3223118279569892,1.3974342849111587,-0.12585125448028678,0.33030913978494625,1.398275783515623,-8.37
Mumbai,icon,rainfall,744,0.104,0.04677419354838709,0.22634408602150538,0.43822712233804995,-0.0572535842293907,0.25189665471923534,0.43946917807475205,
Nagpur,icon,rainfall,744,-0.1031,-0.09408602150537634,0.36451612903225805,0.9570199040637523,-0.05844870071684589,0.3500377090800478,0.9428091120379756,
Nashik,icon,rainfall,744,0.0158,0.052956989247311834,0.15107526881720432,0.5049752469181039,0.03712365591397848,0.15831093189964157,0.5035610420974598,
Patna,icon,rainfall,744,-0.2757,-0.1681451612903226,0.6146505376344086,1.2313937815180367,-0.032707959976105136,0.5571964605734767,1.189023779979085,80.55
Pune,icon,rainfall,744,0.1372,0.02056451612903226,0.17647849462365592,0.5653407954975153,-0.11665770609318996,0.2519310035842294,0.5768850285118061,
Raipur,icon,rainfall,744,-0.0908,-0.12083333333333333,0.6399193548387097,1.5224352662050844,-0.07798051075268816,0.6263676075268817,1.513801423458169,35.46
Ranchi,icon,rainfall,744,-0.0354,0.0013440860215053738,0.4395161290322581,0.933141301289383,0.017814740143369184,0.4367551523297491,0.9312430402444539,
Shillong,icon,rainfall,744,-0.3604,-0.06344086021505375,0.3548387096774194,0.9701319054533227,0.015199372759856621,0.31811155913978495,0.9162200183637541,
Shimla,icon,rainfall,744,-0.0247,0.06182795698924731,0.1975806451612903,0.5015567164189372,0.06634707287933095,0.19698252688172044,0.5008460724595479,
Srinagar,icon,rainfall,744,-0.1572,-0.034139784946236554,0.08010752688172045,0.3271331976920992,-0.01765830346475508,0.06835125448028674,0.3059856970200258,
Surat,icon,rainfall,744,0.2311,0.03521505376344086,0.1717741935483871,0.448234289735428,-0.19589605734767027,0.32089008363201915,0.4879028015572603,
Thane,icon,rainfall,744,0.135,0.11599462365591398,0.2211021505376344,0.45281378355858953,-0.01900537634408599,0.25224462365591394,0.43811730643007973,83.62
Thiruvananthapuram,icon,rainfall,744,0.0993,0.029704301075268818,0.13776881720430106,0.3661959343924935,-0.06960125448028673,0.1860868428912784,0.3715662141374681,
Vadodara,icon,rainfall,744,-0.0558,0.03293010752688172,0.16438172043010754,0.6463399851038817,0.041785394265232985,0.16168010752688172,0.6451888202104961,
Varanasi,icon,rainfall,744,-0.3914,-0.24744623655913975,0.5219086021505376,0.9922617262261673,-0.07412746415770607,0.43187836021505377,0.9013541592668325,70.04
Vijayawada,icon,rainfall,744,-0.0213,-0.09784946236559139,0.3263440860215054,0.9251852473615669,-0.0917086693548387,0.3233450940860215,0.9215316302845601,
Visakhapatnam,icon,rainfall,744,0.185,-0.04032258064516128,0.6518817204301075,2.0836795411261124,-0.2253225806451613,0.7495430107526881,2.0954390434813983,
Agartala,gem,rainfall,744,-0.1446,-0.017204301075268835,0.5344086021505375,1.6626914959645065,0.004348678315412172,0.5222709453405018,1.6417402127212255,
Agra,gem,rainfall,744,-0.1908,0.016129032258064523,0.2760752688172043,0.885622920316117,0.04237903225806452,0.2651433691756272,0.8682309020033485,
Ahmedabad,gem,rainfall,744,-0.0581,0.0016129032258064555,0.296505376344086,1.432307710076325,0.006138739545997608,0.2946326164874552,1.4289087002735026,
Amritsar,gem,rainfall,744,-0.0135,-0.05147849462365592,0.12943548387096776,0.7182808777594172,-0.05050067204301075,0.1286387395459976,0.7167076610946573,
Bengaluru,gem,rainfall,744,0.1575,0.06814516129032258,0.17217741935483874,0.6631729692144985,-0.0893548387096774,0.26143817204301073,0.6656867966922001,
Bhopal,gem,rainfall,744,0.1362,0.015456989247311814,0.294758064516129,0.8349151653511471,-0.12079301075268818,0.3575907258064516,0.8434662804543173,
Bhubaneswar,gem,rainfall,744,0.3786,0.09086021505376342,0.8776881720430108,2.0086974862825535,-0.28775089605734766,1.0049357825567502,2.0271681210250025,
Chandigarh,gem,rainfall,744,-0.0767,-0.07137096774193548,0.21706989247311828,0.7148106749869287,-0.06189068100358423,0.21006272401433687,0.700750451118749,
Chennai,gem,rainfall,744,0.0231,-0.001747311827956989,0.2353494623655914,1.0814976175536373,-0.024802867383512513,0.24997610513739538,1.0817805812206158,
Coimbatore,gem,rainfall,744,0.1839,0.1288978494623656,0.1495967741935484,0.5716063951424458,-0.05499103942652323,0.26651881720430104,0.559592020841013,57.34
Dehradun,gem,rainfall,744,-0.2953,-0.13615591397849464,0.6627688172043011,1.9759406362159422,-0.05279980585424133,0.6226332885304658,1.9325105439990309,61.22
Delhi,gem,rainfall,744,0.0147,0.0700268817204301,0.20201612903225805,0.767633214945896,0.0553046594982079,0.2108415471923536,0.766430423382904,
Ghaziabad,gem,rainfall,744,-0.0725,0.056317204301075265,0.22163978494623657,0.7484661735197028,0.062261424731182805,0.21900873655913977,0.741876825893886,
Goa,gem,rainfall,744,0.1236,0.07190860215053764,0.36518817204301074,0.8865709585341317,-0.05170250896057347,0.3915882616487455,0.8851612095464322,
Guwahati,gem,rainfall,744,0.3678,-0.2086021505376344,0.6588709677419354,1.9107716731982327,-0.5763799283154123,0.8552718040621266,1.9848796819083843,-176.31
Hyderabad,gem,rainfall,744,-0.036,-0.006989247311827956,0.1922043010752688,0.6245428435590791,-0.00287951762246117,0.18915826612903225,0.6194535749914074,
Imphal,gem,rainfall,744,-0.0108,0.042876344086021485,0.3544354838709678,1.118244351699362,0.045089605734767016,0.3539986559139785,1.1175582255057048,
Indore,gem,rainfall,744,0.0457,0.010483870967741934,0.16478494623655915,0.49241559508160365,-0.035210573476702506,0.19107153524492235,0.493561537413178,
Jabalpur,gem,rainfall,744,-0.1797,-0.05537634408602151,0.5897849462365591,1.5331375517833266,-0.002168832138590185,0.571907482078853,1.5097158822459613,
Jaipur,gem,rainfall,744,-0.0742,-0.07715053763440861,0.1986559139784946,0.8352933938224586,-0.07017249103942652,0.19466845878136202,0.8239136014687373,
Jodhpur,gem,rainfall,744,-0.0489,0.019086021505376343,0.04220430107526882,0.274938898392829,0.020137395459976108,0.041415770609318996,0.27306618254636494,
Kanpur,gem,rainfall,744,0.0399,0.09704301075268819,0.560752688172043,1.7104988896847912,0.057181899641577015,0.5722181152927122,1.7087009320895148,
Kochi,gem,rainfall,744,0.3029,0.013306451612903227,0.14690860215053764,0.46128327312456946,-0.28961021505376333,0.36405129928315405,0.544499102913381,
Kolkata,gem,rainfall,744,0.0426,0.10618279569892475,0.7766129032258063,1.9189140634212098,0.06354390681003579,0.7846363500597372,1.9170274449746258,40.16
Kota,gem,rainfall,744,-0.1201,-0.017607526881720435,0.2920698924731183,0.8369411150777137,0.0008512544802867413,0.28297304360812425,0.8222100754091626,
Lucknow,gem,rainfall,744,-0.0393,-0.14448924731182797,0.6084677419354838,1.6126390912754403,-0.1329194668458781,0.6047168085424134,1.6057514654811893,8.01
Ludhiana,gem,rainfall,744,-0.0451,-0.07809139784946237,0.180241935483871,0.7289796227073709,-0.07202434289127839,0.17538829151732377,0.7219427120447155,
Madurai,gem,rainfall,744,0.0696,-0.07862903225806452,0.2966397849462366,1.3218033055241705,-0.14821236559139783,0.3544388440860215,1.327760655801708,
Mumbai,gem,rainfall,744,0.0993,0.04381720430107527,0.3467741935483871,0.7559619663869711,-0.055488351254480275,0.34543944145758665,0.7567281575016449,
Nagpur,gem,rainfall,744,-0.0386,0.10725806451612903,0.2768817204301075,0.8237731183630809,0.11234393667861409,0.27511723416965356,0.8212993465813033,-4.74
Nashik,gem,rainfall,744,-0.0283,-0.12540322580645163,0.28293010752688175,0.9541293954311472,-0.11675851254480288,0.27748431899641574,0.9491357820805026,6.89
Patna,gem,rainfall,744,0.0615,-0.28091397849462363,0.7661290322580645,2.070394227693005,-0.3424417562724014,0.7844881272401434,2.0796360141115473,-21.9
Pune,gem,rainfall,744,-0.0729,-0.14059139784946237,0.33252688172043016,1.1877058395454334,-0.11824596774193549,0.3166498655913979,1.174605138173148,15.89
Raipur,gem,rainfall,744,0.0226,0.058198924731182794,0.5880376344086021,1.5574439702378085,0.035560035842293905,0.5947927867383513,1.5567623844824061,
Ranchi,gem,rainfall,744,-0.24,-0.48723118279569894,0.9616935483870968,2.9689137617538144,-0.4029032258064516,0.9322043010752687,2.9221736643689034,17.31
Shillong,gem,rainfall,744,-0.1025,-0.06935483870967742,0.375,0.7767280422470295,-0.03347782258064515,0.3530947580645161,0.7563558921242535,
Shimla,gem,rainfall,744,-0.2557,-0.05954301075268819,0.30067204301075273,0.8986324735845267,0.010303166069295088,0.2721214157706093,0.864490790247112,
Srinagar,gem,rainfall,744,-0.1156,-0.018145161290322582,0.07110215053763441,0.28381521324414094,-0.0030884109916367967,0.06126045400238948,0.2731302000866791,
Surat,gem,rainfall,744,0.249,0.08064516129032258,0.23655913978494625,0.6880703889974148,-0.16838261648745517,0.3899914127837515,0.7037683736220839,
Thane,gem,rainfall,744,0.0189,-0.03575268817204301,0.3744623655913979,0.8789350839057627,-0.0546415770609319,0.3761887694145759,0.8799058636880472,
Thiruvananthapuram,gem,rainfall,744,-0.1392,0.025268817204301068,0.15967741935483873,0.41591329741635086,0.05236671146953405,0.1493201164874552,0.40578100053202565,
Vadodara,gem,rainfall,744,0.0233,-0.01478494623655913,0.2397849462365591,0.9757820133792221,-0.03811827956989249,0.2548387096774194,0.9764143312326786,
Varanasi,gem,rainfall,744,0.1419,-0.21827956989247313,0.5779569892473119,1.5271996299362502,-0.36022401433691753,0.6400851254480288,1.5538513698388208,-65.03
Vijayawada,gem,rainfall,744,0.0186,-0.1071236559139785,0.39422043010752683,1.244379838632762,-0.1257347670250896,0.40532706093189963,1.2461199528047755,-17.37
Visakhapatnam,gem,rainfall,744,0.1947,0.135752688172043,0.6459677419354839,1.715183616616506,-0.05896953405017916,0.728912037037037,1.7108195265164108,56.56
Agartala,jma,rainfall,744,0.1407,0.027956989247311825,0.3620967741935484,0.7727899462824739,-0.11273745519713266,0.4361006571087217,0.7804693726417584,
Agra,jma,rainfall,744,-0.1688,-0.075,0.2556451612903226,0.5940792098086598,-0.016582661290322584,0.22068212365591397,0.5716570035175804,
Ahmedabad,jma,rainfall,744,-0.0808,0.016263440860215056,0.22163978494623654,0.8956510817361043,0.03321236559139785,0.21512096774193554,0.8963671015464406,
Amritsar,jma,rainfall,744,0.0728,0.027016129032258068,0.06706989247311827,0.3111071108293768,-0.045761648745519724,0.13026135005973716,0.3132920230018997,
Bengaluru,jma,rainfall,744,0.2157,-0.012365591397849476,0.21182795698924733,0.5408078385892441,-0.22806003584229392,0.3534748357228196,0.5867977423076368,
Bhopal,jma,rainfall,744,-0.1651,-0.0739247311827957,0.2782258064516129,0.5987217566912729,-0.0029491487455197097,0.24759035244922345,0.5767716809554371,
Bhubaneswar,jma,rainfall,744,0.3361,0.0754032258064516,0.6001344086021505,1.1700048249142312,-0.26070788530465944,0.7829077060931899,1.1963253091532378,
Chandigarh,jma,rainfall,744,0.0482,0.07069892473118279,0.10725806451612903,0.41672042663936526,0.02250448028673835,0.14029457885304658,0.41129554781607514,
Chennai,jma,rainfall,744,-0.1793,-0.046908602150537645,0.2606182795698925,0.7053463268921268,0.011432571684587828,0.21588448327359616,0.6906800746964445,
Coimbatore,jma,rainfall,744,0.1535,0.10161290322580645,0.1774193548387097,0.5862675817571315,-0.051859318996415785,0.2749010603345281,0.579718797594273,48.96
Dehradun,jma,rainfall,744,-0.1543,0.09973118279569892,0.39731182795698927,1.1413889859308706,0.15487455197132619,0.37104241338112304,1.139916265562094,
Delhi,jma,rainfall,744,0.1172,0.08534946236559139,0.16760752688172043,0.6259508895504761,-0.03187275985663085,0.24571684587813625,0.6209233915901504,
Ghaziabad,jma,rainfall,744,0.0286,0.07177419354838709,0.1774193548387097,0.5689076497802562,0.04316308243727598,0.19580122461170849,0.5660100977937235,
Goa,jma,rainfall,744,-0.0347,0.1493279569892473,0.25981182795698926,0.7180001347829867,0.16360887096774196,0.2599051672640383,0.7212047712390325,-9.56
Guwahati,jma,rainfall,744,-0.7378,-0.3254032258064516,0.5977150537634408,1.088509141228329,-0.007894265232974875,0.4195191158900836,0.8979505959682199,97.57
Hyderabad,jma,rainfall,744,0.0807,0.015053763440860214,0.15107526881720432,0.42442244120940464,-0.06564068100358424,0.19814702807646356,0.4292044871748564,
Imphal,jma,rainfall,744,-0.0558,0.16034946236559142,0.2383064516129032,0.9386632568058789,0.17655913978494625,0.23755600358422932,0.9438638962580878,-10.11
Indore,jma,rainfall,744,0.115,-0.0009408602150537637,0.13696236559139785,0.3731765703901734,-0.11594086021505379,0.2134677419354839,0.39077122531941166,
Jabalpur,jma,rainfall,744,0.219,0.01868279569892474,0.40174731182795703,0.9235785358202934,-0.200344982078853,0.5123842592592592,0.9448737359123732,
Jaipur,jma,rainfall,744,-0.074,-0.01774193548387096,0.11908602150537634,0.4273574716816713,-0.006995967741935484,0.11490703405017923,0.42090548527117344,
Jodhpur,jma,rainfall,744,-0.0622,-0.06370967741935482,0.10376344086021506,0.4244541086178583,-0.05568100358422939,0.09807646356033452,0.4144624612917218,
Kanpur,jma,rainfall,744,-0.1653,-0.13763440860215054,0.6091397849462366,1.4016407436263931,-0.02956989247311827,0.5478083930704899,1.3863347033804259,78.52
Kochi,jma,rainfall,744,0.0586,-0.07163978494623656,0.19422043010752688,0.4473187745014794,-0.13025089605734766,0.23329450418160097,0.4603554313333387,
Kolkata,jma,rainfall,744,0.0254,0.05241935483870968,0.610752688172043,1.3758575038744898,0.027002688172043026,0.6222311827956989,1.3751237134798278,
Kota,jma,rainfall,744,-0.1512,-0.07244623655913979,0.25739247311827956,0.6044303280820513,-0.020057123655913986,0.23212029569892473,0.5847807659173034,
Lucknow,jma,rainfall,744,-0.1486,-0.24153225806451611,0.6288978494623656,1.258780985673232,-0.14353718637992832,0.5763291517323775,1.2316457077089988,40.57
Ludhiana,jma,rainfall,744,0.0564,0.053897849462365595,0.06384408602150538,0.32727696994100186,-0.0024910394265232954,0.10674208482676224,0.3228179706189235,
Madurai,jma,rainfall,744,0.0837,-0.03723118279569891,0.2490591397849462,0.9575885371346156,-0.12098118279569894,0.32200268817204303,0.964482292253151,
Mumbai,jma,rainfall,744,-0.3701,0.03010752688172043,0.27177419354838706,0.553289284423677,0.18755600358422939,0.28153188470728796,0.5591781880404377,
Nagpur,jma,rainfall,744,-0.1793,0.006317204301075277,0.29180107526881716,0.7235757237200466,0.07770049283154122,0.259645683990442,0.7182258470286029,
Nashik,jma,rainfall,744,0.0721,0.048790322580645154,0.13319892473118278,0.416672042976067,-0.02329301075268819,0.16710909498207888,0.4144606859163495,
Patna,jma,rainfall,744,-0.1661,-0.10349462365591398,0.5013440860215054,0.9000746683482156,0.01175179211469533,0.44468936678614096,0.8849640290070552,88.65
Pune,jma,rainfall,744,0.1007,0.06290322580645161,0.15779569892473116,0.4077871044805674,-0.037791218637992834,0.20366450119474314,0.40467478667435197,
Raipur,jma,rainfall,744,-0.1231,-0.07903225806451611,0.5717741935483871,1.2408807139433504,-0.01558019713261649,0.5379487753882916,1.2317822228862851,
Ranchi,jma,rainfall,744,-0.1846,-0.058736559139784934,0.4676075268817204,0.8850384233199643,0.04224126344086021,0.4433142921146953,0.8738455269578937,
Shillong,jma,rainfall,744,-0.0049,0.07540322580645162,0.2541666666666667,0.6135455745443942,0.0771673387096774,0.25376157407407407,0.6134119794660188,
Shimla,jma,rainfall,744,0.0976,0.08521505376344087,0.23844086021505373,0.6094241950089982,-0.012423835125448032,0.27807385005973717,0.6035649059990845,
Srinagar,jma,rainfall,744,0.081,0.0375,0.0375,0.22839434864861183,-0.043472222222222225,0.10497685185185185,0.22945056678849574,
Surat,jma,rainfall,744,-0.0868,-0.005913978494623669,0.2241935483870968,0.5226329125594011,0.03188844086021505,0.20739247311827957,0.5188604435050232,
Thane,jma,rainfall,744,-0.4114,0.013575268817204302,0.273252688172043,0.5028547536076461,0.1789381720430108,0.24098790322580646,0.4997062421113207,
Thiruvananthapuram,jma,rainfall,744,0.0146,0.00013440860215053476,0.16357526881720427,0.39497856209689286,-0.014448924731182776,0.17188620071684588,0.3952427328570939,
Vadodara,jma,rainfall,744,-0.0782,-0.04758064516129032,0.17150537634408602,0.5780947572734912,-0.026770833333333334,0.1618361708482676,0.5706733691801011,
Varanasi,jma,rainfall,744,-0.0524,-0.14153225806451614,0.40362903225806446,0.7120034583702404,-0.10521729390681006,0.3842047491039427,0.700384254022786,25.66
Vijayawada,jma,rainfall,744,0.0796,-0.09354838709677421,0.346505376344086,0.7622123994894624,-0.17313172043010752,0.40448140681003586,0.7760096866832042,
Visakhapatnam,jma,rainfall,744,0.1728,0.27029569892473115,0.6004032258064516,1.4843131353831536,0.09751792114695337,0.6781660692951015,1.4627492826723867,63.92
Agartala,ukmo,rainfall,744,0.0143,0.1403225806451613,0.34543010752688175,0.8941115611997016,0.12601702508960572,0.35062163978494615,0.891978333730413,10.19
Agra,ukmo,rainfall,744,-0.1093,0.035349462365591396,0.21948924731182798,0.6442153683825116,0.05689590800477897,0.21255301672640384,0.6389446972696643,
Ahmedabad,ukmo,rainfall,744,-0.0114,-0.07540322580645162,0.2974462365591398,1.351626857268796,-0.073290770609319,0.29683393070489844,1.3506908989090212,
Amritsar,ukmo,rainfall,744,-0.0407,-0.03978494623655915,0.12284946236559141,0.7586951163477279,-0.037159498207885305,0.12077098267622463,0.7545656688559912,
Bengaluru,ukmo,rainfall,744,0.0614,-0.002956989247311827,0.2061827956989247,0.740785691587125,-0.06434587813620071,0.23935259856630822,0.743569155565187,
Bhopal,ukmo,rainfall,744,-0.1153,-0.022446236559139777,0.26465053763440866,0.621468517528901,0.012733348267622461,0.2525332287933094,0.6077847260560009,
Bhubaneswar,ukmo,rainfall,744,0.3007,-0.19448924731182798,0.7866935483870967,1.75061817038857,-0.4951836917562725,0.9527815113500598,1.8088794320672879,-154.61
Chandigarh,ukmo,rainfall,744,-0.1947,-0.030645161290322576,0.13870967741935483,0.6150225102970159,-0.0033971774193548433,0.12330309139784948,0.5994379967311297,
Chennai,ukmo,rainfall,744,0.0419,0.03333333333333334,0.19569892473118278,0.8160684664508756,-0.008611111111111094,0.22332362604540024,0.8154328801679146,
Coimbatore,ukmo,rainfall,744,0.1857,0.11102150537634407,0.15053763440860216,0.5871381292299955,-0.07467293906810035,0.27275836320191155,0.5813617255794687,32.74
Dehradun,ukmo,rainfall,744,-0.5815,-0.1174731182795699,0.589247311827957,1.4940833130172357,0.05224537037037033,0.517852449223417,1.4230693599038684,55.53
Delhi,ukmo,rainfall,744,-0.0243,0.017069892473118277,0.19072580645161288,0.6613057302165196,0.021088149641577056,0.18925571236559144,0.6601732344056764,
Ghaziabad,ukmo,rainfall,744,0.0622,0.016263440860215053,0.1961021505376344,0.6780050591367691,-0.04595878136200713,0.23658004778972516,0.6793663005262484,
Goa,ukmo,rainfall,744,-0.4936,-0.15443548387096773,0.4092741935483871,0.8523134235966313,0.034043832138590184,0.34192166965352455,0.7713686366487189,77.96
Guwahati,ukmo,rainfall,744,0.1504,0.04543010752688174,0.3631720430107527,0.9594185066839923,-0.10498655913978493,0.4228024193548388,0.9640758029832767,
Hyderabad,ukmo,rainfall,744,-0.0158,0.0026881720430107477,0.15591397849462366,0.4989774490131352,0.005880376344086012,0.15442428315412185,0.49751614790709603,
Imphal,ukmo,rainfall,744,-0.0303,0.1163978494623656,0.28225806451612906,0.9586056181677611,0.12408938172043008,0.28148484169653526,0.9601014063428245,-6.61
Indore,ukmo,rainfall,744,0.0433,-0.07365591397849462,0.19086021505376344,0.7064411792817193,-0.11698924731182798,0.21939964157706096,0.7122642979312713,
Jabalpur,ukmo,rainfall,744,-0.1165,-0.09341397849462366,0.4533602150537634,1.039611952005501,-0.039324410095579444,0.43632933841099164,1.023548404084531,
Jaipur,ukmo,rainfall,744,-0.0654,-0.03830645161290322,0.13346774193548386,0.5020790110464023,-0.028986335125448036,0.12924731182795698,0.4935778556172318,
Jodhpur,ukmo,rainfall,744,-0.0197,0.004704301075268817,0.044758064516129036,0.28659570264432355,0.005658602150537634,0.0442278972520908,0.28600822653406544,
Kanpur,ukmo,rainfall,744,-0.1432,0.028629032258064513,0.5466397849462366,1.6049947241396556,0.0790176971326165,0.5309617682198328,1.6007456091329917,
Kochi,ukmo,rainfall,744,-0.3178,-0.04663978494623655,0.17647849462365592,0.6308702813003295,0.0022401433691756263,0.14945639187574675,0.5934643378927313,
Kolkata,ukmo,rainfall,744,-0.1969,-0.11061827956989245,0.7477150537634408,1.738243922895711,-0.031094310035842284,0.7150981929510155,1.7109762072506087,71.89
Kota,ukmo,rainfall,744,-0.0788,-0.01021505376344086,0.22849462365591397,0.676288097927096,0.007778897849462362,0.22320228494623656,0.6699974077395286,
Lucknow,ukmo,rainfall,744,-0.0893,-0.05819892473118281,0.5262096774193549,1.3880102955832718,-0.027230062724014327,0.5161267921146954,1.3777348613708333,
Ludhiana,ukmo,rainfall,744,0.004,0.016801075268817203,0.07674731182795701,0.3200092404579821,0.012773297491039417,0.07987641875746715,0.31982306823789425,
Madurai,ukmo,rainfall,744,-0.0169,0.04220430107526882,0.19301075268817203,0.9888355267306749,0.04473230286738351,0.19189478793309442,0.9889078539432786,
Mumbai,ukmo,rainfall,744,-0.0442,-0.13360215053763438,0.40940860215053765,1.052110015098691,-0.10760080645161295,0.4070340501792115,1.044628308582243,19.46
Nagpur,ukmo,rainfall,744,-0.0549,-0.026747311827956987,0.29717741935483877,0.7664241084272432,-0.00905017921146952,0.28891875746714457,0.7611028331640466,
Nashik,ukmo,rainfall,744,-0.1583,-0.008602150537634402,0.16881720430107527,0.5763250277702753,0.029973118279569888,0.16202956989247314,0.5678050314706985,
Patna,ukmo,rainfall,744,-0.096,-0.0041666666666666735,0.5165322580645161,1.308691992480582,0.028727038530465942,0.5076316084229391,1.3004292314643724,
Pune,ukmo,rainfall,744,-0.1114,-0.02217741935483871,0.16330645161290322,0.4203013511832333,0.017155764635603345,0.14926523297491037,0.41388710854740457,
Raipur,ukmo,rainfall,744,0.079,0.013172043010752685,0.43602150537634404,1.072981976820042,-0.0658557347670251,0.4710741487455197,1.0749203680576866,
Ranchi,ukmo,rainfall,744,-0.2529,-0.18346774193548387,0.5791666666666666,1.350781335025682,-0.0858159722222222,0.5535523073476704,1.3079789903556718,53.23
Shillong,ukmo,rainfall,744,-0.2983,-0.20403225806451614,0.5021505376344086,1.7731040154098026,-0.11944220430107529,0.4657728494623655,1.7264387181135141,41.46
Shimla,ukmo,rainfall,744,-0.0886,-0.25497311827956987,0.45981182795698927,1.7708701767198236,-0.22841360513739542,0.44825903524492233,1.7562951002949811,10.42
Srinagar,ukmo,rainfall,744,-0.044,-0.004973118279569894,0.06411290322580646,0.3328154579226423,-0.0021917936081242576,0.06263347520908005,0.3294439788100427,
Surat,ukmo,rainfall,744,-0.084,-0.015860215053763442,0.20698924731182797,0.608541354917775,0.010116114097968941,0.20089045698924732,0.6042320853962369,
Thane,ukmo,rainfall,744,-0.1328,-0.14341397849462367,0.40954301075268823,1.103970108290981,-0.0808004778972521,0.3901717443249702,1.0808714383197915,43.66
Thiruvananthapuram,ukmo,rainfall,744,-0.0943,-0.11142473118279567,0.2842741935483871,1.037916906778353,-0.09469310035842292,0.2784434737156511,1.0231724370113364,15.02
Vadodara,ukmo,rainfall,744,-0.0581,-0.03024193548387097,0.17620967741935484,0.6862806880538741,-0.016586394862604537,0.17098155615292715,0.6815205054523436,
Varanasi,ukmo,rainfall,744,-0.0093,-0.06881720430107527,0.3505376344086021,0.828945437067126,-0.06507747162485066,0.3493744399641577,0.8274396220075271,
Vijayawada,ukmo,rainfall,744,-0.0322,-0.006451612903225798,0.27419354838709675,0.8704991770267798,0.0012141577060931935,0.2703390083632019,0.867116987936817,
Visakhapatnam,ukmo,rainfall,744,0.0967,0.19677419354838707,0.5083333333333332,1.4387307727852143,0.10010752688172044,0.5517293906810036,1.4287223908971594,49.13
Agartala,ecmwf,wind_speed,744,0.0351,0.04663978494623657,1.1818548387096774,1.7561680853739547,0.011500896057347592,1.1822326762246118,1.7555863251792299,
Agra,ecmwf,wind_speed,744,0.015,0.0466397849462366,1.3331989247311828,1.8651623642893105,0.031639784946236336,1.3331989247311828,1.864847567929589,
Ahmedabad,ecmwf,wind_speed,744,-0.7717,-0.23830645161290323,1.0743279569892472,1.4106021363576526,0.5329950716845877,1.1255667562724014,1.4886463071554794,-123.66
Amritsar,ecmwf,wind_speed,744,0.0799,0.2650537634408603,1.471236559139785,2.170073830566031,0.18519265232974932,1.4684457138590201,2.1617731729000362,30.13
Bengaluru,ecmwf,wind_speed,744,-0.5532,0.1508064516129032,1.410215053763441,1.8351115520867254,0.7040008960573478,1.487864023297491,1.9597216854450594,-366.82
Bhopal,ecmwf,wind_speed,744,0.1219,0.06774193548387096,1.0271505376344086,1.5022742615745126,-0.05420250896057388,1.0208169056152927,1.501724641585057,
Bhubaneswar,ecmwf,wind_speed,744,0.1689,0.035887096774193515,1.5254032258064514,2.0882190024397675,-0.13300179211469548,1.5302658303464756,2.0921424892060716,
Chandigarh,ecmwf,wind_speed,744,-0.4228,-0.38884408602150533,1.5794354838709677,2.2101093487276446,0.033811230585424346,1.5408378136200716,2.175709499519093,91.3
Chennai,ecmwf,wind_speed,744,-0.9101,-1.1549731182795697,2.177284946236559,2.7995607374337577,-0.24538549133811208,1.8916672267025092,2.559654053977678,78.75
Coimbatore,ecmwf,wind_speed,744,-0.7393,-0.5013440860215054,1.067741935483871,1.5686529389928012,0.2379614695340502,0.999594160692951,1.5053078792741432,52.54
Dehradun,ecmwf,wind_speed,744,0.4008,0.45215053763440854,1.3088709677419352,1.8383240965267709,0.05131720430107523,1.263763440860215,1.782590483157913,88.65
Delhi,ecmwf,wind_speed,744,-0.3386,-0.5139784946236559,1.2188172043010752,1.6278077480206712,-0.17536738351254477,1.131143219832736,1.554457426493426,65.88
Ghaziabad,ecmwf,wind_speed,744,-0.0182,-0.17298387096774193,1.233467741935484,1.770741142445272,-0.1547894265232974,1.2321471774193549,1.7690563983369252,10.52
Goa,ecmwf,wind_speed,744,-2.9272,-2.1682795698924733,3.003763440860215,3.8147316313673807,0.5335864695340498,2.378811977299881,2.9280487496856407,75.39
Guwahati,ecmwf,wind_speed,744,-0.774,-1.0073924731182795,2.1173387096774197,2.6845961431122007,-0.23852635902031047,1.9229260005973716,2.4943403115990974,76.32
Hyderabad,ecmwf,wind_speed,744,-1.4292,-0.7139784946236558,1.5129032258064519,1.947868976185795,0.7060763888888892,1.424064740143369,1.936784099778861,1.11
Imphal,ecmwf,wind_speed,744,-0.235,-0.508736559139785,1.5038978494623658,1.8863936977194604,-0.2746841397849462,1.4629771505376343,1.8356921744695114,46.01
Indore,ecmwf,wind_speed,744,-0.8036,-0.07405913978494623,1.2869623655913978,1.61631882966814,0.7287261051373953,1.395741487455197,1.770979926347394,
Jabalpur,ecmwf,wind_speed,744,0.1521,-0.09166666666666669,1.1233870967741935,1.5749637305945088,-0.24375000000000022,1.1478438620071685,1.5910757484828917,
Jaipur,ecmwf,wind_speed,744,-0.7915,-0.4053763440860215,1.400268817204301,1.8593052812898312,0.3851217144563922,1.3624843189964158,1.852596765827124,5.0
Jodhpur,ecmwf,wind_speed,744,-0.2453,-0.0260752688172043,0.8032258064516129,1.423912526007279,0.21920250896057353,0.849790173237754,1.440450173387178,
Kanpur,ecmwf,wind_speed,744,-0.0285,0.04650537634408605,1.2798387096774193,1.8391647239223652,0.07497759856630806,1.2789967891278375,1.8401048263559048,
Kochi,ecmwf,wind_speed,744,-1.8081,-1.006720430107527,1.6524193548387094,2.193649191232169,0.790209826762246,1.6492637395459977,2.0954965960075587,21.51
Kolkata,ecmwf,wind_speed,744,-0.4374,-0.44999999999999996,1.3973118279569892,1.9955932634478097,-0.012789538530466112,1.3167258437873357,1.944143788499781,97.16
Kota,ecmwf,wind_speed,744,-0.8146,-0.3030913978494624,1.5278225806451613,2.034715509426582,0.5048583109318997,1.5101114471326162,2.066638349942674,-66.57
Lucknow,ecmwf,wind_speed,744,-0.3454,-0.08427419354838708,1.2541666666666667,1.8357742792350795,0.2611424731182796,1.262861783154122,1.8523391848873618,
Ludhiana,ecmwf,wind_speed,744,0.4069,0.31465053763440853,1.6280913978494622,2.239914672914012,-0.09229390681003585,1.6252874850657109,2.2196240551805437,70.67
Madurai,ecmwf,wind_speed,744,1.4432,1.0653225806451612,2.5841397849462364,3.716430389326521,-0.3778718637992828,2.6604566158900833,3.5804650233354263,64.53
Mumbai,ecmwf,wind_speed,744,3.131,1.4013440860215052,2.6016129032258064,3.2204946858371586,-1.729628136200717,2.609239097968937,3.3763048238592286,-23.43
Nagpur,ecmwf,wind_speed,744,-1.3635,-0.5083333333333332,1.6435483870967742,2.0686796474734717,0.8502044130824374,1.7221111484468339,2.1696963929695094,-67.25
Nashik,ecmwf,wind_speed,744,-1.1074,-0.7120967741935483,1.0338709677419353,1.360789223880009,0.39485121714456345,0.8808204525089605,1.2243855340559744,44.55
Patna,ecmwf,wind_speed,744,-0.5369,-0.2786290322580645,1.4315860215053762,1.9808322080779937,0.258032034050179,1.3875369623655913,1.9778919764077139,7.39
Pune,ecmwf,wind_speed,744,0.0535,1.0879032258064516,1.6352150537634407,1.9882585453131474,1.0344310035842295,1.608622685185185,1.9595117033248222,4.92
Raipur,ecmwf,wind_speed,744,-1.2657,-0.5758064516129032,1.4260752688172043,1.89389937396623,0.6886361260454001,1.4263836618876942,1.931265884720687,-19.6
Ranchi,ecmwf,wind_speed,744,0.4854,0.20147849462365597,1.5192204301075267,2.0599385365086866,-0.2839381720430108,1.5486335125448032,2.069631386489116,-40.93
Shillong,ecmwf,wind_speed,744,-1.0268,0.28830645161290325,1.4461021505376346,1.8358987427274924,1.2953192204301074,1.8138836618876941,2.2193442179497893,-349.29
Shimla,ecmwf,wind_speed,744,0.8517,0.46088709677419354,1.8716397849462365,2.360013554726884,-0.39077956989247303,1.9262634408602148,2.3473294900305377,15.21
Srinagar,ecmwf,wind_speed,744,0.4929,0.5166666666666666,1.343279569892473,1.7581071810942168,0.02375000000000005,1.2846583781362007,1.6806428764822732,95.4
Surat,ecmwf,wind_speed,744,-1.5954,-0.9528225806451611,1.2146505376344086,1.5245085582199995,0.6336441532258065,1.0696387768817206,1.3385733843675296,33.5
Thane,ecmwf,wind_speed,744,-0.2996,0.0827956989247312,0.8776881720430108,1.327885375283753,0.3819763664874551,0.9389801747311829,1.3792010012584774,
Thiruvananthapuram,ecmwf,wind_speed,744,0.2547,0.22930107526881713,1.1655913978494625,1.559931760294082,-0.02542114695340543,1.164846176821983,1.5431961470814992,88.91
Vadodara,ecmwf,wind_speed,744,-0.7274,-0.17231182795698924,1.2198924731182794,1.6660509615409769,0.5543036887694148,1.2876986260454002,1.7466143262074372,-221.69
Varanasi,ecmwf,wind_speed,744,0.0811,0.06908602150537636,1.218010752688172,1.6729665879213114,-0.012025089605734732,1.213431899641577,1.6715827615507586,
Vijayawada,ecmwf,wind_speed,744,0.4614,0.7788978494623656,1.5452956989247308,2.3087928000468962,0.3175089605734768,1.4479756571087217,2.1965095660378395,59.24
Visakhapatnam,ecmwf,wind_speed,744,0.6411,0.46559139784946224,1.5948924731182794,2.1638463861364325,-0.17551971326164909,1.5931600955794505,2.1204393419260392,62.3
Agartala,gfs,wind_speed,744,-1.3611,-0.7083333333333334,2.2798387096774193,2.976701645810685,0.6499477299880524,2.3175851254480286,2.9599501768524905,8.24
Agra,gfs,wind_speed,744,-3.5114,-2.6731182795698922,3.431182795698925,4.283482906053392,0.7864366786140974,2.5950007467144562,3.3812457841355803,70.58
Ahmedabad,gfs,wind_speed,744,-6.4587,-4.15994623655914,4.618010752688172,5.5205822117770555,2.0700487231182785,3.1936777553763434,3.895304776350015,50.24
Amritsar,gfs,wind_speed,744,-3.251,-3.904435483870968,4.678629032258065,6.021655588084176,-0.7100330421146946,3.4548392697132613,4.579961844401785,81.81
Bengaluru,gfs,wind_speed,744,-6.6093,-4.017069892473119,4.325672043010753,5.203259679308979,2.4765064964157704,3.320172491039426,4.0276925261919345,38.35
Bhopal,gfs,wind_speed,744,-3.9381,-2.840456989247312,3.5431451612903224,4.474246797909359,1.066167114695342,2.8463799283154128,3.5690490528433414,62.46
Bhubaneswar,gfs,wind_speed,744,-1.5097,-2.2446236559139785,3.521236559139785,4.5994331113993345,-0.7376288082437275,3.1356313470728785,4.0782554350061995,67.14
Chandigarh,gfs,wind_speed,744,-2.7283,-2.385752688172043,3.6526881720430104,4.676045682604743,0.26245519713261667,3.0478449820788525,3.9427630761979433,89.0
Chennai,gfs,wind_speed,744,-6.7218,-4.875940860215054,5.521102150537634,6.8043244076955425,1.7459949970131414,3.974365666069295,4.950550082717325,64.19
Coimbatore,gfs,wind_speed,744,-3.4761,-2.7899193548387093,3.4498655913978493,4.185241928491112,0.6803681302270013,2.5136043906810035,3.182983671470966,75.61
Dehradun,gfs,wind_speed,744,-1.2865,-2.4303763440860218,3.0376344086021505,3.6488766867720837,-1.1520627986857825,2.3424518369175624,2.9462539929730323,52.6
Delhi,gfs,wind_speed,744,-3.7989,-3.9788978494623657,4.374327956989247,5.32192538325616,-0.2588321385902033,2.61784348864994,3.437406492941548,93.49
Ghaziabad,gfs,wind_speed,744,-2.0307,-1.9782258064516132,3.1440860215053763,4.045241463080251,0.03224742383512534,2.722206727897252,3.497672016854665,98.37
Goa,gfs,wind_speed,744,-3.4096,-0.5983870967741935,1.9970430107526882,2.674712324999714,2.3093279569892475,2.8329189068100358,3.30564384972137,-285.93
Guwahati,gfs,wind_speed,744,-0.2839,-0.10497311827956984,2.288575268817204,3.040499481462576,0.178915770609319,2.299771505376344,3.04394950585347,-70.44
Hyderabad,gfs,wind_speed,744,-6.8097,-3.730645161290323,4.366129032258064,5.237524860720631,2.727434289127837,3.5431638291517324,4.342334998715854,26.89
Imphal,gfs,wind_speed,744,0.6568,0.33911290322580645,2.065188172043011,2.6012429824534733,-0.31769265232974914,2.0791715203106333,2.598537302786611,6.32
Indore,gfs,wind_speed,744,-5.9754,-3.801478494623656,4.19260752688172,5.0953476038736625,2.10974350358423,3.23599126344086,3.93637173053651,44.5
Jabalpur,gfs,wind_speed,744,-2.9104,-2.178225806451613,3.1559139784946235,4.033975333247256,0.7132840501792114,2.7744623655913982,3.4530275388728735,67.25
Jaipur,gfs,wind_speed,744,-5.2001,-4.515591397849463,4.993548387096774,5.999269668813012,0.45321161887694117,2.943953853046595,3.658500056655299,89.96
Jodhpur,gfs,wind_speed,744,-8.5842,-5.602553763440859,6.2606182795698935,7.510903364765035,2.5133691756272403,4.155683243727599,5.101858904815729,55.14
Kanpur,gfs,wind_speed,744,-3.6872,-3.604032258064516,4.222043010752688,5.320961793567226,0.07321535244922396,3.03418458781362,3.902209375076656,97.97
Kochi,gfs,wind_speed,744,-0.9118,-0.8767473118279571,2.290456989247312,2.947869195825847,0.0336824223416967,2.118428912783751,2.8122839946385776,96.16
Kolkata,gfs,wind_speed,744,-5.5176,-4.987231182795699,5.247177419354839,6.283021369284185,0.374668458781362,2.9153770908004777,3.6457450878550564,92.49
Kota,gfs,wind_speed,744,-5.0703,-4.202822580645161,4.803897849462366,5.837079058526094,0.6543623058542409,2.9643242234169653,3.9039432639763874,84.43
Lucknow,gfs,wind_speed,744,-3.8103,-2.954301075268817,3.7053763440860212,4.858113156448727,0.8069817801672636,3.000873655913978,3.874311911122302,72.68
Ludhiana,gfs,wind_speed,744,-4.0215,-3.491263440860215,4.271370967741936,5.32124848920542,0.35543514784946256,2.929505488351255,3.816565792393032,89.82
Madurai,gfs,wind_speed,744,-4.7857,-3.394623655913979,4.842204301075269,6.1585743183312,1.2022287559737157,3.817757803166069,5.101716323655477,64.58
Mumbai,gfs,wind_speed,744,-8.1364,-4.502822580645161,4.739112903225807,5.426690064280752,2.934208109318997,3.230293085424134,3.8244504206095833,34.84
Nagpur,gfs,wind_speed,744,-2.2828,-1.7681451612903225,2.9205645161290317,3.7301896086028967,0.5059468339307047,2.6470594384707287,3.3097619476942572,71.39
Nashik,gfs,wind_speed,744,-7.8161,-4.158870967741935,4.48494623655914,5.45632463244478,3.508910543608126,4.168655167264039,4.900212965488871,15.63
Patna,gfs,wind_speed,744,-4.7624,-3.3951612903225805,3.754032258064516,4.600858966085187,1.2514021430704898,2.6009858497610514,3.2352522808078215,63.14
Pune,gfs,wind_speed,744,-1.3653,-1.9993279569892473,2.8759408602150534,3.7187894752580877,-0.6359729689366792,2.511122311827957,3.1965785387087675,68.19
Raipur,gfs,wind_speed,744,-4.8293,-3.150537634408602,3.6172043010752684,4.754273685808369,1.6159552344683399,3.2678813844086023,3.8579566059619728,48.71
Ranchi,gfs,wind_speed,744,-1.8306,-0.837768817204301,3.090725806451613,3.962337815954356,0.9895310633213861,2.951194743130227,3.9921650427715205,-18.12
Shillong,gfs,wind_speed,744,-0.0167,0.02392473118279571,2.179301075268817,2.7212722356730796,0.04056899641577069,2.1794578853046596,2.7214425635391923,
Shimla,gfs,wind_speed,744,-1.0147,-1.739247311827957,2.9268817204301074,3.495384821985047,-0.726217144563919,2.6286103643966547,3.1162506314307596,58.25
Srinagar,gfs,wind_speed,744,-1.2943,-1.867741935483871,2.6741935483870964,3.7958983239836006,-0.6052811379928316,2.3236387395459976,3.324772028004426,67.59
Surat,gfs,wind_speed,744,-8.7451,-4.744354838709677,4.944623655913979,5.60049440981853,3.6063713410991634,3.8575548835125444,4.471304022393259,23.99
Thane,gfs,wind_speed,744,-8.5111,-3.237768817204301,3.781048387096774,4.647477347865692,3.558990442054958,3.7207885304659496,4.363311128457032,-9.92
Thiruvananthapuram,gfs,wind_speed,744,1.1469,1.0091397849462365,2.243010752688172,2.7969597549782055,-0.1378046594982074,2.070457735961768,2.6122042204976665,86.34
Vadodara,gfs,wind_speed,744,-6.5885,-4.674731182795699,4.9927419354838705,5.739616618270874,1.6872304360812425,2.801823476702509,3.467298575761329,63.91
Varanasi,gfs,wind_speed,744,-3.9643,-3.417876344086021,3.996102150537635,5.145703657327369,0.4865877016129032,2.978219646057348,3.8022827803717094,85.76
Vijayawada,gfs,wind_speed,744,-1.3665,-0.471505376344086,3.4263440860215053,4.320341359472141,0.8900509632616491,3.4719778599163678,4.381327028129717,-88.77
Visakhapatnam,gfs,wind_speed,744,-3.5672,-4.380645161290323,5.38252688172043,7.519898334933919,-0.8820489844683395,4.486133512544803,6.109377934551036,79.86
Agartala,icon,wind_speed,744,4.509,3.3811827956989244,3.614516129032258,4.336234554025748,-1.127844982078853,2.3640046296296293,2.9398243677466405,66.64
Agra,icon,wind_speed,744,1.5879,2.1334677419354837,2.750134408602151,3.3950766852789545,0.5455510752688171,2.120915098566308,2.6967549144800684,74.43
Ahmedabad,icon,wind_speed,744,1.4812,1.5448924731182796,2.2126344086021508,2.683066172501436,0.06364247311827984,1.7298723118279569,2.1945846296984315,95.88
Amritsar,icon,wind_speed,744,0.6667,0.6356182795698925,2.2170698924731185,2.939399123001345,-0.031048387096774186,2.2040770609318994,2.8700210119995626,95.12
Bengaluru,icon,wind_speed,744,2.3389,1.744758064516129,2.2573924731182795,2.843822299092755,-0.5941308243727599,1.8368727598566306,2.32295845886081,65.95
Bhopal,icon,wind_speed,744,2.1571,2.313037634408602,2.920295698924731,3.5298325373784354,0.15595430107526936,2.1354312275985663,2.670935489256305,93.26
Bhubaneswar,icon,wind_speed,744,3.591,4.142338709677419,4.562768817204301,5.690745411045317,0.5513664874551971,3.079114396654719,3.9407636761330953,86.69
Chandigarh,icon,wind_speed,744,1.3246,0.7748655913978495,2.2571236559139787,2.9856399144780887,-0.5497177419354838,2.29822020609319,2.9352714712596923,29.06
Chennai,icon,wind_speed,744,3.5022,3.265591397849463,3.7309139784946237,4.555036796234885,-0.23663082437275926,2.5209737156511345,3.1843786182532834,92.75
Coimbatore,icon,wind_speed,744,0.5904,0.868279569892473,2.4572580645161293,3.03996232998732,0.2778629032258069,2.2988720878136206,2.926545634231312,68.0
Dehradun,icon,wind_speed,744,0.1228,-0.619489247311828,2.0286290322580647,2.5537001406982283,-0.7422670250896056,2.0712186379928315,2.5862284929221837,-19.82
Delhi,icon,wind_speed,744,0.7414,0.65,1.8158602150537635,2.4030446637368144,-0.09138888888888877,1.7154988052568698,2.315270088980187,85.94
Ghaziabad,icon,wind_speed,744,0.9526,0.9486559139784947,2.2373655913978494,2.8630290749258847,-0.003982974910394406,2.038695116487455,2.701296596975929,99.58
Goa,icon,wind_speed,744,-2.3506,-0.7314516129032257,2.175,2.880794767876333,1.4017278972520906,2.5389456391875744,2.997839535381293,-91.64
Guwahati,icon,wind_speed,744,0.4529,1.07002688172043,2.0745967741935485,2.729042823259246,0.6171102150537633,1.9579345878136198,2.5852547690899152,42.33
Hyderabad,icon,wind_speed,744,2.4826,2.24005376344086,2.656182795698925,3.2552108763430927,-0.24258512544802882,1.8613631272401432,2.374321909397595,89.17
Imphal,icon,wind_speed,744,-0.8961,-0.29811827956989245,1.821236559139785,2.313547060251855,0.5883116786140979,1.8862149044205498,2.3590491480464286,-97.34
Indore,icon,wind_speed,744,2.391,1.9650537634408598,2.4,2.855648995026472,-0.425918458781362,1.6342928614097971,2.115349007401214,78.33
Jabalpur,icon,wind_speed,744,3.2401,3.531720430107527,3.8763440860215055,4.575842363252184,0.29158154121863766,2.333155615292712,2.9240902742688832,91.74
Jaipur,icon,wind_speed,744,1.6865,1.9748655913978497,2.702016129032258,3.406581627834093,0.28833781362007166,2.26549880525687,2.790670703929935,85.4
Jodhpur,icon,wind_speed,744,1.5215,1.7287634408602148,2.7220430107526883,3.3676632720594992,0.20723566308243752,2.260493204898447,2.897495383874988,88.01
Kanpur,icon,wind_speed,744,1.3239,2.473924731182796,3.098655913978494,3.8819786275192354,1.150035842293907,2.503227299880526,3.2050018607668416,53.51
Kochi,icon,wind_speed,744,0.5278,-0.2408602150537634,1.9271505376344085,2.466659401326121,-0.7686379928315415,2.0445191158900835,2.5723917514598926,-219.12
Kolkata,icon,wind_speed,744,1.6556,1.777284946236559,2.444489247311828,3.046276150826903,0.12172939068100387,1.932631421744325,2.4770697712283467,93.15
Kota,icon,wind_speed,744,2.6903,1.7779569892473122,2.679032258064516,3.2943173620221278,-0.912320788530466,2.360241188769415,2.9195419242223455,48.69
Lucknow,icon,wind_speed,744,1.3331,2.0436827956989245,2.7711021505376343,3.497043682330696,0.7106272401433694,2.232188620071685,2.925348905878928,65.23
Ludhiana,icon,wind_speed,744,0.7178,1.1358870967741936,2.3036290322580646,2.967532645144784,0.4181093189964157,2.1502956989247313,2.7732338354371673,63.19
Madurai,icon,wind_speed,744,1.9763,1.7672043010752687,3.6271505376344084,4.594032477965535,-0.20904569892473146,3.345164650537634,4.245682921639598,88.17
Mumbai,icon,wind_speed,744,3.0574,1.025,2.1247311827956987,2.631396456603975,-2.032361111111111,2.5755462216248506,3.1629280734447227,-98.28
Nagpur,icon,wind_speed,744,4.2749,3.6076612903225804,3.8974462365591394,4.587103532427005,-0.6671998207885302,2.2468171296296298,2.910576305883864,81.51
Nashik,icon,wind_speed,744,1.3065,0.6704301075268818,1.9959677419354838,2.5502055578123057,-0.6360976702508957,1.9540919952210274,2.5413957000272283,5.12
Patna,icon,wind_speed,744,1.85,2.4876344086021507,3.101612903225807,3.984880700039637,0.6376344086021503,2.4661290322580642,3.177660598887243,74.37
Pune,icon,wind_speed,744,1.3665,0.4529569892473118,2.2072580645161293,2.572361368616915,-0.9135707885304666,2.112623207885305,2.69192952402192,-101.69
Raipur,icon,wind_speed,744,3.5058,3.3827956989247316,3.811290322580645,4.517427424722439,-0.12303763440860184,2.3257437275985664,2.996494961859875,96.36
Ranchi,icon,wind_speed,744,1.5274,2.9541666666666666,3.5823924731182797,4.581063465301292,1.4268055555555559,2.845442054958184,3.7808485650761035,51.7
Shillong,icon,wind_speed,744,-0.8931,-0.12540322580645152,1.9821236559139788,2.5166675567897023,0.7646356033452809,2.1089419056152927,2.6252014471387155,-509.74
Shimla,icon,wind_speed,744,-0.2042,-0.27110215053763437,1.9501344086021506,2.32863486244208,-0.0669354838709677,1.908266129032258,2.313768420900319,75.31
Srinagar,icon,wind_speed,744,-0.1586,0.16008064516129036,1.8375,2.4437516328405295,0.31783900836320184,1.8608206391875748,2.458293279159212,-98.55
Surat,icon,wind_speed,744,1.9939,1.1705645161290321,2.075940860215054,2.6383977094286375,-0.8233243727598567,1.9072252090800481,2.503754023357385,29.66
Thane,icon,wind_speed,744,2.145,0.7122311827956989,1.8420698924731183,2.332383639296978,-1.4327688172043012,2.0923521505376343,2.6430222599642756,-101.17
Thiruvananthapuram,icon,wind_speed,744,2.2139,1.763978494623656,2.316666666666667,2.8217139990568,-0.4499103942652327,1.7366412783751495,2.2478587869006086,74.49
Vadodara,icon,wind_speed,744,0.7767,0.409005376344086,1.9057795698924733,2.3462421338254145,-0.367661290322581,1.8683154121863799,2.3393891461364293,10.11
Varanasi,icon,wind_speed,744,1.0471,1.9901881720430108,2.8047043010752684,3.648801172988191,0.9431048387096773,2.463633512544803,3.2003668190783547,52.61
Vijayawada,icon,wind_speed,744,6.1837,3.862231182795699,4.394489247311828,5.365677712258532,-2.3215188172043013,3.574942876344086,4.388976785208843,39.89
Visakhapatnam,icon,wind_speed,744,2.0913,1.79744623655914,3.1829301075268823,4.188683230360238,-0.2938037634408603,2.77760752688172,3.7948089388521886,83.65
Agartala,gem,wind_speed,744,2.2619,0.8938172043010753,2.850537634408602,3.618939130478368,-1.368127240143369,2.924435483870967,3.7642507063989843,-53.07
Agra,gem,wind_speed,744,-2.4383,-1.4149193548387093,3.126209677419355,4.045253092285471,0.9760887096774188,3.1022401433691758,3.8768536813820917,31.01
Ahmedabad,gem,wind_speed,744,-2.611,-2.930779569892473,3.8426075268817206,4.752521967730758,-0.34650537634408574,2.91639486260454,3.7099623928742482,88.18
Amritsar,gem,wind_speed,744,-2.24,-1.7506720430107527,3.5184139784946233,4.5935775057220125,0.4062096774193549,3.3202419354838715,4.1920731007128715,76.8
Bengaluru,gem,wind_speed,744,-3.9449,-2.5400537634408598,3.5411290322580644,4.306168993182857,1.317671557646356,2.801722483572282,3.599473527484254,48.12
Bhopal,gem,wind_speed,744,-3.7072,-3.46505376344086,4.159139784946237,5.023073107258167,0.21458408004778884,2.764467592592593,3.595792113132357,93.81
Bhubaneswar,gem,wind_speed,744,-1.6315,-1.6564516129032258,3.8236559139784947,4.877248585364587,-0.03921221624850723,3.7039740143369175,4.569174871541313,97.63
Chandigarh,gem,wind_speed,744,-1.3762,-2.349731182795699,3.5801075268817204,4.485855907829236,-0.979574932795699,3.036631384408602,3.9375940787638664,58.31
Chennai,gem,wind_speed,744,-3.4586,-4.108333333333333,5.056989247311828,6.033673429492471,-0.666045773596177,3.52121079749104,4.439491403258699,83.79
Coimbatore,gem,wind_speed,744,-7.1549,-4.846370967741936,5.359811827956989,6.270001329080135,2.145936939964157,3.41766446385902,4.294996760351523,55.72
Dehradun,gem,wind_speed,744,-0.4426,-1.26747311827957,2.531451612903226,3.061396827860513,-0.8249488500597368,2.3835846027479093,2.9059987023153226,34.91
Delhi,gem,wind_speed,744,-1.5542,-1.7900537634408602,3.0865591397849466,4.036087214122113,-0.26033266129032245,2.738782482078853,3.5965150944953357,85.46
Ghaziabad,gem,wind_speed,744,-2.0793,-1.9903225806451614,3.471505376344086,4.677686681274414,0.04275593637992809,3.2233775761648746,4.178872472731564,97.85
Goa,gem,wind_speed,744,-2.7568,-1.633736559139785,2.616263440860215,3.381017137152728,0.9367657930107526,2.365183505077658,2.938445461098535,42.66
Guwahati,gem,wind_speed,744,-0.1717,0.4899193548387097,2.2678763440860212,2.9411727783025525,0.6608938172043012,2.2936088709677422,2.973629060872702,-34.9
Hyderabad,gem,wind_speed,744,-5.2197,-3.6091397849462363,4.496774193548387,5.39749543670463,1.3200869922341694,3.167808766427718,3.8843245604159167,63.42
Imphal,gem,wind_speed,744,-0.8458,-0.5993279569892472,1.9283602150537635,2.4528099970687562,0.23623991935483857,1.8522457437275983,2.3812339044273005,60.58
Indore,gem,wind_speed,744,-3.8078,-3.4125,4.1875,5.075837501741562,0.3462156511350058,2.9178046594982088,3.6706660111238265,89.85
Jabalpur,gem,wind_speed,744,-2.3197,-2.100268817204301,3.2881720430107526,4.192812590535718,0.19892286439665421,2.8116028225806455,3.5984623836859684,90.53
Jaipur,gem,wind_speed,744,-2.2332,-1.2197580645161288,3.0463709677419355,3.89487359519929,0.9679248805256873,2.9688410991636793,3.768859035588432,20.65
Jodhpur,gem,wind_speed,744,-2.7022,-1.4009408602150537,3.4538978494623653,4.2312568991065245,1.2776881720430107,3.2041218637992834,4.1523393098740105,8.8
Kanpur,gem,wind_speed,744,-3.1254,-2.480510752688172,3.733467741935484,4.899993142413459,0.5991890681003581,3.351536738351254,4.2168284384388235,75.84
Kochi,gem,wind_speed,744,-1.1874,-1.1456989247311826,2.321505376344086,2.96494301745821,0.04065486857825586,2.0865591397849466,2.7328967403762574,96.45
Kolkata,gem,wind_speed,744,-1.6322,-2.4684139784946235,3.644220430107527,4.681536888075176,-0.8517562724014337,3.1351553166069297,4.048548939623588,65.49
Kota,gem,wind_speed,744,-2.0606,-2.1638440860215056,3.4418010752688177,4.544302529967714,-0.1313172043010754,2.940180704898447,3.9639009890982333,93.93
Lucknow,gem,wind_speed,744,-3.6399,-2.86505376344086,4.050000000000001,5.343401115756795,0.6395282631421741,3.4926988127240146,4.402833083340132,77.68
Ludhiana,gem,wind_speed,744,-1.875,-2.695161290322581,3.9061827956989243,4.9495139329072515,-0.8573252688172043,3.252956989247312,4.192375592052638,68.19
Madurai,gem,wind_speed,744,0.5917,-0.9958333333333335,3.777284946236559,5.041634452931832,-1.5875,3.8775985663082437,5.191006663375752,-59.41
Mumbai,gem,wind_speed,744,-2.604,-3.4388440860215055,3.962231182795699,4.826875088323663,-0.8496824596774198,2.758510864695341,3.4663869323194914,75.29
Nagpur,gem,wind_speed,744,-3.0404,-2.108736559139785,3.7711021505376348,4.795000476526824,0.9004575492831548,3.5309783826164876,4.366952559052036,57.3
Nashik,gem,wind_speed,744,-3.8381,-2.9719086021505374,3.5998655913978497,4.331624456264361,0.8330383811230591,2.536026732377539,3.2110069119098763,71.97
Patna,gem,wind_speed,744,-3.0249,-3.030241935483871,4.325134408602151,5.711207384165474,-0.09169410842293896,3.7082946908602152,4.743679943999886,96.97
Pune,gem,wind_speed,744,2.1399,0.5200268817204301,2.223790322580645,2.780290172061221,-1.6198342293906804,2.480770609318996,3.1754446009738606,-211.49
Raipur,gem,wind_speed,744,-3.5657,-1.9814516129032258,3.681720430107527,4.796237884995111,1.5162830421146956,3.665942913679809,4.555609078233684,23.48
Ranchi,gem,wind_speed,744,-0.8858,-0.966263440860215,3.433198924731183,4.430540696147036,-0.0809296594982077,3.331274641577061,4.324280828072207,91.62
Shillong,gem,wind_speed,744,1.3253,0.5918010752688172,2.0436827956989245,2.566981722040561,-0.7334767025089606,2.095559289127838,2.6032968946557773,-23.94
Shimla,gem,wind_speed,744,1.995,1.6513440860215052,2.610483870967742,3.5263028553935905,-0.34365591397849476,2.615255376344086,3.134640956270938,79.19
Srinagar,gem,wind_speed,744,0.1213,0.20456989247311827,1.8373655913978495,2.5262652531023457,0.08331989247311826,1.8257795698924733,2.5193470369537274,59.27
Surat,gem,wind_speed,744,-8.9929,-7.6295698924731195,7.814784946236559,8.706833615781527,0.9524434363799278,3.012842181899641,3.718068109029606,87.52
Thane,gem,wind_speed,744,-2.1515,-1.9826612903225804,2.9810483870967737,3.9130897645436584,0.13580141129032242,2.6180893443847073,3.3418449027122694,93.15
Thiruvananthapuram,gem,wind_speed,744,-0.9421,-1.688709677419355,2.513978494623656,3.210098313571673,-0.7466263440860221,2.178938172043011,2.830272373088706,55.79
Vadodara,gem,wind_speed,744,-3.5606,-2.946774193548387,3.971505376344086,4.7410782086615235,0.5214583333333334,2.818679062126643,3.6003794338447617,82.3
Varanasi,gem,wind_speed,744,-3.2217,-1.9588709677419356,3.8102150537634403,4.882170766969286,1.1296303763440865,3.662116935483872,4.466684717755613,42.33
Vijayawada,gem,wind_speed,744,-1.2717,-1.9087365591397851,3.8041666666666667,4.953915308291052,-0.6402979390681005,3.527533602150537,4.611007650278399,66.45
Visakhapatnam,gem,wind_speed,744,-4.3549,-3.946774193548387,4.96747311827957,6.5071300844138555,0.3093946012544805,4.00987063172043,5.086496540372621,92.16
Agartala,jma,wind_speed,744,-1.8807,-0.030779569892473088,2.1998655913978493,2.8307760439061034,1.8030421146953401,2.596660319593787,3.319011422637945,
Agra,jma,wind_speed,744,1.9433,1.1524193548387098,2.49247311827957,3.1783795830884563,-0.7909139784946237,2.3729211469534053,3.0658720335599257,31.37
Ahmedabad,jma,wind_speed,744,-0.996,0.24153225806451611,1.7813172043010754,2.2242160634196924,1.2325746714456394,2.0423969534050177,2.523583527813281,-410.31
Amritsar,jma,wind_speed,744,1.2732,1.4411290322580645,2.570161290322581,3.3435703021757144,0.16793458781362,2.2863679808841098,3.0217232672365055,88.35
Bengaluru,jma,wind_speed,744,0.7351,0.4163978494623655,2.070430107526882,2.672213652845074,-0.3187410394265232,2.090315860215054,2.658746788926962,23.45
Bhopal,jma,wind_speed,744,3.7478,3.0702956989247316,3.3329301075268813,4.002027376003264,-0.6774820788530466,2.093915770609319,2.6548991330389393,77.93
Bhubaneswar,jma,wind_speed,744,2.6047,3.455241935483871,3.930510752688172,5.060915223872636,0.850519713261649,2.8804495221027486,3.7944103432741896,75.38
Chandigarh,jma,wind_speed,744,1.5811,0.666263440860215,2.2154569892473117,2.9093356408238193,-0.9148476702508962,2.302431302270012,2.9761171277529286,-37.31
Chennai,jma,wind_speed,744,-8.5896,-7.772177419354839,8.639650537634408,9.961142920346536,0.4288670474910396,4.668881608422939,5.662527968240401,94.48
Coimbatore,jma,wind_speed,744,0.2806,-0.22083333333333346,1.94502688172043,2.5482837361644015,-0.5013888888888886,1.9683169056152923,2.5877351983520502,-127.04
Dehradun,jma,wind_speed,744,0.0465,-1.6920698924731181,3.1256720430107525,4.153795712021031,-1.738597670250896,3.1413063769414573,4.172965391084876,-2.75
Delhi,jma,wind_speed,744,-0.0206,-0.5092741935483871,1.940725806451613,2.5491907845263326,-0.48877389486260486,1.93735513739546,2.5451289556724346,4.03
Ghaziabad,jma,wind_speed,744,1.5697,1.5412634408602148,2.4649193548387096,3.0866104351690744,-0.02845878136200711,2.0303554360812424,2.6744122506821877,98.15
Goa,jma,wind_speed,744,2.7632,1.7602150537634407,2.2521505376344084,2.963786810495066,-1.0029793906810034,2.159281660692951,2.5868209989676365,43.02
Guwahati,jma,wind_speed,744,1.0124,1.6869623655913977,2.4170698924731187,3.0627509772077617,0.6746012544802868,2.03685633213859,2.6438018794931946,60.01
Hyderabad,jma,wind_speed,744,-2.9965,-1.564516129032258,2.7833333333333328,3.4148080441650928,1.345824932795699,2.4401779047192353,3.2160573060929973,13.98
Imphal,jma,wind_speed,744,-0.089,-0.28239247311827953,1.7146505376344083,2.193217183250037,-0.19336469534050166,1.7089068100358424,2.183539788836808,31.53
Indore,jma,wind_speed,744,5.9529,5.035618279569892,5.108198924731183,5.781218432055632,-0.9172983870967744,2.4336973566308244,2.9843711955069674,81.78
Jabalpur,jma,wind_speed,744,4.0143,4.242204301075269,4.38252688172043,5.1715984093437575,0.22789874551971326,2.392934214456392,2.9666598412482057,94.63
Jaipur,jma,wind_speed,744,1.7764,1.5723118279569892,2.448118279569892,3.021513364318068,-0.2040770609318994,1.9951874253285544,2.588247664582708,87.02
Jodhpur,jma,wind_speed,744,1.191,1.7178763440860214,2.538037634408602,3.302046042155701,0.5269041218637994,2.144576986260454,2.8688040861276733,69.33
Kanpur,jma,wind_speed,744,1.6886,2.1739247311827956,2.870967741935484,3.528958541425044,0.48531362007168444,2.143064516129032,2.8219016566981328,77.68
Kochi,jma,wind_speed,744,6.8197,5.823118279569892,5.859408602150537,6.771576427378484,-0.9966039426523292,3.0463926224611706,3.597048822642959,82.89
Kolkata,jma,wind_speed,744,0.2068,0.3862903225806452,1.8215053763440865,2.417815818736682,0.17948476702508942,1.803201911589008,2.3934970026319076,53.54
Kota,jma,wind_speed,744,2.2508,0.8506720430107528,2.4278225806451617,3.0203943878348922,-1.4001612903225797,2.498649193548387,3.2186318478854057,-64.59
Lucknow,jma,wind_speed,744,1.9792,2.321236559139785,2.8094086021505373,3.453722473611796,0.34206989247311825,2.0274081541218636,2.5801301464423543,85.26
Ludhiana,jma,wind_speed,744,1.9967,1.6263440860215055,2.590591397849462,3.282742428132668,-0.37032258064516127,2.279166666666667,2.875507186056215,77.23
Madurai,jma,wind_speed,744,3.1867,3.6350806451612905,4.370295698924731,5.576994074160901,0.4484139784946243,3.4008691756272404,4.253248958444469,87.66
Mumbai,jma,wind_speed,744,-1.1172,-1.3454301075268817,2.5051075268817202,3.1182863366630325,-0.2332131123058542,2.2663806750298687,2.814153598949075,82.67
Nagpur,jma,wind_speed,744,4.1043,3.823252688172043,3.930510752688172,4.6297556195520935,-0.2810528673835134,2.0867230436081248,2.6260934281597703,92.65
Nashik,jma,wind_speed,744,6.5035,4.308736559139785,4.351478494623656,5.255917044483733,-2.1947356630824375,3.2154793906810033,3.725093001957505,49.06
Patna,jma,wind_speed,744,2.2115,2.6048387096774195,2.99005376344086,3.6776314549285076,0.3933109318996417,2.014237977897252,2.6257345456076497,84.9
Pune,jma,wind_speed,744,4.2661,2.202956989247312,2.5806451612903225,3.291157916312666,-2.0631541218637994,2.751892174432497,3.199266457205078,6.35
Raipur,jma,wind_speed,744,5.2433,4.848655913978494,4.9887096774193544,5.676616817667338,-0.3946774193548387,2.2982974910394267,2.978302299601842,91.86
Ranchi,jma,wind_speed,744,4.3463,5.681720430107527,5.950806451612903,7.034802119478206,1.3354704301075264,3.368918010752689,4.357748855086233,76.5
Shillong,jma,wind_speed,744,0.0074,0.835215053763441,1.9120967741935486,2.396940253874752,0.8278539426523298,1.910137768817204,2.3943852123200857,0.88
Shimla,jma,wind_speed,744,-0.0115,-0.9883064516129032,3.0979838709677416,3.9885841803127158,-0.9767786738351257,3.0960935633213857,3.985743431130544,1.17
Srinagar,jma,wind_speed,744,-6.0611,-7.794758064516128,8.139650537634408,9.693103218268131,-2.3400686977299885,4.405540621266428,5.543665846428621,69.98
Surat,jma,wind_speed,744,2.4707,2.981317204301076,3.2780913978494617,3.9180431120595127,0.5106227598566305,2.0707676224611706,2.592979976432331,82.87
Thane,jma,wind_speed,744,-5.4353,-3.2611559139784947,3.6275537634408597,4.483732544084417,1.7285607078853047,2.6865378584229394,3.274580208086231,47.0
Thiruvananthapuram,jma,wind_speed,744,5.7614,5.333602150537635,5.391397849462366,6.111658170365703,-0.42778673835125447,2.5083788829151734,3.0146401418224658,91.98
Vadodara,jma,wind_speed,744,3.2217,3.0943548387096773,3.3940860215053763,3.9346749124504132,-0.12731182795698986,1.8875851254480285,2.4336891955133515,95.89
Varanasi,jma,wind_speed,744,1.6636,2.4892473118279574,3.010483870967742,3.5144976238983427,0.8256362007168458,2.0941681600955793,2.6147689199771618,66.83
Vijayawada,jma,wind_speed,744,4.9287,4.303897849462366,4.629166666666667,5.524460514701379,-0.6248521505376344,2.780426747311828,3.5194555672602763,85.48
Visakhapatnam,jma,wind_speed,744,-1.5697,-0.12782258064516133,2.377016129032258,3.1250698916915427,1.4271751792114693,2.6786096176821985,3.422162781629118,-1016.53
Agartala,ukmo,wind_speed,744,1.6435,1.0856182795698923,2.4030913978494626,3.0207904149713523,-0.5578539426523297,2.2518865740740743,2.8736403225837526,48.61
Agra,ukmo,wind_speed,744,-0.53,-0.5456989247311828,2.2642473118279574,2.9981804517916153,-0.01569892473118288,2.2454032258064514,2.9481426629812746,97.12
Ahmedabad,ukmo,wind_speed,744,-1.9097,-1.5942204301075271,2.311962365591398,3.0300621910648022,0.3077490292712066,2.0260435334528077,2.5798128098916164,80.7
Amritsar,ukmo,wind_speed,744,-0.1431,0.04973118279569891,2.2825268817204303,3.0423887049912053,0.1927867383512546,2.2833370669056157,3.048085065774891,
Bengaluru,ukmo,wind_speed,744,-2.1569,-2.0524193548387095,2.4341397849462365,3.0906857992486745,0.09611708482676276,1.754207735961768,2.2918179143456396,95.32
Bhopal,ukmo,wind_speed,744,-0.9026,-0.9400537634408602,1.9053763440860214,2.532524984220082,-0.03741487455197126,1.7931597222222224,2.3518889409105483,96.02
Bhubaneswar,ukmo,wind_speed,744,0.4117,0.5489247311827957,2.5715053763440863,3.285185875496109,0.13725806451612907,2.5318189964157707,3.2419080265068825,75.0
Chandigarh,ukmo,wind_speed,744,-0.0465,-0.9330645161290323,2.579301075268817,3.2190210894297584,-0.8865367383512547,2.5664183841099164,3.2058438470051724,4.99
Chennai,ukmo,wind_speed,744,-4.1108,-4.49744623655914,4.981317204301075,5.8856954805972235,-0.41683355734766986,2.9810203853046593,3.7699332208288068,90.73
Coimbatore,ukmo,wind_speed,744,2.6869,1.278494623655914,3.467741935483871,4.26967929595685,-1.4084498207885303,3.2489105436081247,4.310376281171372,-10.16
Dehradun,ukmo,wind_speed,744,-1.2696,-2.5875,3.306048387096774,3.9542562477814056,-1.3312354390681003,2.683980734767025,3.256808028152626,48.55
Delhi,ukmo,wind_speed,744,-0.8744,-1.2823924731182794,2.473521505376344,3.1578307683107916,-0.4088201911589009,2.304274193548387,2.9136225617543987,68.12
Ghaziabad,ukmo,wind_speed,744,-0.685,-0.6669354838709677,2.2274193548387093,2.944148561585874,0.017681451612903153,2.190356182795699,2.867411015906123,97.35
Goa,ukmo,wind_speed,744,-1.9647,-0.8635752688172043,1.840725806451613,2.389186548930702,1.0638832885304657,1.9489781212664279,2.4438336894702193,-23.2
Guwahati,ukmo,wind_speed,744,-1.3394,-1.7510752688172042,2.7801075268817206,3.6696481036062676,-0.4198469235364396,2.5001665173237755,3.2413047459589723,76.02
Hyderabad,ukmo,wind_speed,744,-1.7932,-1.021236559139785,2.0836021505376343,2.6602358614810226,0.7567908079450416,1.9886542338709676,2.5538806882907013,25.89
Imphal,ukmo,wind_speed,744,-1.381,-1.2122311827956989,2.2643817204301073,2.8614301071430206,0.14069967144563933,2.045327807646356,2.5658941432975926,88.39
Indore,ukmo,wind_speed,744,-1.2221,-0.9733870967741937,1.845161290322581,2.3690034654585963,0.24853214605734814,1.7070491711469533,2.1737779313532317,74.47
Jabalpur,ukmo,wind_speed,744,-0.3868,0.09932795698924728,1.70497311827957,2.1982611652252864,0.4861335125448028,1.736964232377539,2.249180272792095,
Jaipur,ukmo,wind_speed,744,-1.1429,-0.6083333333333334,2.168548387096774,2.758081965611656,0.5269209229390679,2.134975358422939,2.728236698668997,13.38
Jodhpur,ukmo,wind_speed,744,-1.024,-0.5682795698924731,2.271774193548387,2.9326352419565564,0.4531996714456395,2.251412410394265,2.908267913867629,20.25
Kanpur,ukmo,wind_speed,744,-0.9397,-0.10940860215053769,2.085752688172043,2.7475697961919434,0.8303136200716849,2.206538978494624,2.86820331399262,-658.91
Kochi,ukmo,wind_speed,744,0.9569,0.21370967741935484,2.0795698924731183,2.7303993563508784,-0.7432347670250896,2.2169952210274793,2.8216673683929234,-247.78
Kolkata,ukmo,wind_speed,744,-1.2233,-0.9280913978494624,2.1205645161290323,2.8346383774977006,0.28918906810035805,2.0367159498207883,2.685955604984459,68.84
Kota,ukmo,wind_speed,744,-1.7221,-2.24758064516129,2.9586021505376348,3.7183358516110867,-0.5299171146953401,2.3306619623655913,3.0042775385127927,76.42
Lucknow,ukmo,wind_speed,744,-0.8322,-0.7474462365591398,2.1213709677419352,2.849672212804502,0.08419504181600973,2.081704002389486,2.7499368658502363,88.74
Ludhiana,ukmo,wind_speed,744,-0.2783,-0.46962365591397853,2.1088709677419355,2.709293047494918,-0.19129032258064524,2.0690905017921146,2.6751288616669098,59.27
Madurai,ukmo,wind_speed,744,2.1283,0.8807795698924731,3.312231182795699,4.218133218553246,-1.2475537634408602,3.4130510752688177,4.309671169752729,-41.64
Mumbai,ukmo,wind_speed,744,0.0439,-1.4943548387096777,2.6166666666666667,3.25525216637155,-1.5382437275985663,2.634599761051374,3.2756318548011425,-2.94
Nagpur,ukmo,wind_speed,744,-0.2022,0.21196236559139786,1.940725806451613,2.492685536283247,0.41418458781361983,1.9764545997610512,2.5179559192231573,-95.4
Nashik,ukmo,wind_speed,744,0.6958,-0.30537634408602143,1.7658602150537634,2.2772188753941975,-1.0012096774193544,1.9575828853046595,2.468783488498422,-227.86
Patna,ukmo,wind_speed,744,-1.4533,-1.0975806451612904,2.2916666666666665,2.898071290410413,0.349964157706093,2.103620071684588,2.6951791999702377,68.11
Pune,ukmo,wind_speed,744,0.2029,-0.3786290322580646,1.902822580645161,2.417501709643456,-0.5815456989247314,1.9367909946236557,2.4574682036596545,-53.59
Raipur,ukmo,wind_speed,744,-0.7599,0.05026881720430108,2.060483870967742,2.6379824891199006,0.8099690113500593,2.217000448028674,2.7589534958020088,
Ranchi,ukmo,wind_speed,744,0.6971,1.1254032258064515,2.3348118279569894,3.0060534803761763,0.42831989247311836,2.180372983870968,2.8201565624117997,61.94
Shillong,ukmo,wind_speed,744,1.0271,-0.3295698924731182,2.378763440860215,3.0073163473275013,-1.3566532258064519,2.6050851254480287,3.282657958723317,-311.64
Shimla,ukmo,wind_speed,744,-0.904,-1.1678763440860214,2.491801075268817,3.04458138443557,-0.2703651433691758,2.3073039874551973,2.818534105213664,76.85
Srinagar,ukmo,wind_speed,744,-4.0464,-5.026612903225807,5.466397849462366,6.379025189289615,-1.1728020459976105,3.165301299283154,3.861290969067277,76.67
Surat,ukmo,wind_speed,744,-0.9772,-0.6432795698924731,2.0534946236559137,2.594317611813893,0.33394265232974885,2.0210976702508963,2.5353881282698563,48.09
Thane,ukmo,wind_speed,744,-2.2279,-2.2919354838709682,2.8903225806451616,3.768884350482491,-0.08933187724014396,2.3089398521505378,2.968660377310035,96.1
Thiruvananthapuram,ukmo,wind_speed,744,2.1001,1.809005376344086,2.3073924731182798,2.8749216913131383,-0.29113351254480296,1.7270396505376344,2.25331600128958,83.91
Vadodara,ukmo,wind_speed,744,-1.1443,-0.7530913978494624,1.9681451612903225,2.5889628221787304,0.3890193772401431,1.940508325866189,2.502401247597868,48.34
Varanasi,ukmo,wind_speed,744,-1.516,-0.8540322580645162,2.022043010752688,2.685509703127397,0.6563918757467145,2.051185409199522,2.6213896378978996,23.14
Vijayawada,ukmo,wind_speed,744,0.8718,0.4801075268817205,2.531451612903226,3.2414527806266524,-0.3916980286738353,2.5151306750298685,3.229541799904554,18.41
Visakhapatnam,ukmo,wind_speed,744,-0.6842,-0.5345430107526883,2.7662634408602154,3.568151760960751,0.14962365591397825,2.770631720430108,3.5310562155411556,72.01
