city,model,variable,threshold,lead_days,hits,misses,false_alarms,correct_negatives,pod,far,csi,ets,bss
Agartala,ecmwf,temperature,35.0,,0,0,0,1464,,,,,
Agra,ecmwf,temperature,35.0,,4,1,0,1459,0.8,0.0,0.8,0.7994520547945205,0.7993145990404387
Ahmedabad,ecmwf,temperature,35.0,,0,23,0,1441,0.0,,0.0,0.0,-0.015961138098542715
Amritsar,ecmwf,temperature,35.0,,0,16,0,1448,0.0,,0.0,0.0,-0.011049723756906049
Bengaluru,ecmwf,temperature,35.0,,0,0,0,1464,,,,,
Bhopal,ecmwf,temperature,35.0,,0,0,0,1464,,,,,
Bhubaneswar,ecmwf,temperature,35.0,,0,0,0,1464,,,,,
Chandigarh,ecmwf,temperature,35.0,,0,0,0,1464,,,,,
Chennai,ecmwf,temperature,35.0,,54,20,49,1341,0.7297297297297297,0.47572815533980584,0.43902439024390244,0.41423021165555235,0.017927279797783524
Coimbatore,ecmwf,temperature,35.0,,0,0,0,1464,,,,,
Dehradun,ecmwf,temperature,35.0,,0,0,0,1464,,,,,
Delhi,ecmwf,temperature,35.0,,9,1,4,1450,0.9,0.3076923076923077,0.6428571428571429,0.6405774329765295,0.4965612104539202
Ghaziabad,ecmwf,temperature,35.0,,0,0,0,1464,,,,,
Goa,ecmwf,temperature,35.0,,0,0,0,1464,,,,,
Guwahati,ecmwf,temperature,35.0,,0,1,0,1463,0.0,,0.0,0.0,-0.0006835269993166193
Hyderabad,ecmwf,temperature,35.0,,0,0,0,1464,,,,,
Imphal,ecmwf,temperature,35.0,,0,0,0,1464,,,,,
Indore,ecmwf,temperature,35.0,,0,0,0,1464,,,,,
Jabalpur,ecmwf,temperature,35.0,,0,0,0,1464,,,,,
Jaipur,ecmwf,temperature,35.0,,4,4,0,1456,0.5,0.0,0.5,0.4986301369863014,0.49725274725274726
Jodhpur,ecmwf,temperature,35.0,,87,3,14,1360,0.9666666666666667,0.13861386138613863,0.8365384615384616,0.8261598424206865,0.7987384764677341
Kanpur,ecmwf,temperature,35.0,,0,1,0,1463,0.0,,0.0,0.0,-0.0006835269993166193
Kochi,ecmwf,temperature,35.0,,0,0,0,1464,,,,,
Kolkata,ecmwf,temperature,35.0,,0,0,0,1464,,,,,
Kota,ecmwf,temperature,35.0,,0,0,0,1464,,,,,
Lucknow,ecmwf,temperature,35.0,,0,0,0,1464,,,,,
Ludhiana,ecmwf,temperature,35.0,,8,64,0,1392,0.1111111111111111,0.0,0.1111111111111111,0.10622710622710621,0.06513409961685823
Madurai,ecmwf,temperature,35.0,,147,103,6,1208,0.588,0.0392156862745098,0.57421875,0.5258250280803722,0.47421416803953875
Mumbai,ecmwf,temperature,35.0,,0,0,0,1464,,,,,
Nagpur,ecmwf,temperature,35.0,,0,0,0,1464,,,,,
Nashik,ecmwf,temperature,35.0,,0,0,0,1464,,,,,
Patna,ecmwf,temperature,35.0,,4,0,4,1456,1.0,0.5,0.5,0.4986301369863014,-0.00273972602739736
Pune,ecmwf,temperature,35.0,,0,0,0,1464,,,,,
Raipur,ecmwf,temperature,35.0,,0,0,0,1464,,,,,
Ranchi,ecmwf,temperature,35.0,,0,0,0,1464,,,,,
Shillong,ecmwf,temperature,35.0,,0,0,0,1464,,,,,
Shimla,ecmwf,temperature,35.0,,0,0,0,1464,,,,,
Srinagar,ecmwf,temperature,35.0,,0,0,0,1464,,,,,
Surat,ecmwf,temperature,35.0,,0,0,0,1464,,,,,
Thane,ecmwf,temperature,35.0,,0,0,0,1464,,,,,
Thiruvananthapuram,ecmwf,temperature,35.0,,0,0,0,1464,,,,,
Vadodara,ecmwf,temperature,35.0,,0,1,0,1463,0.0,,0.0,0.0,-0.0006835269993166193
Varanasi,ecmwf,temperature,35.0,,0,0,0,1464,,,,,
Vijayawada,ecmwf,temperature,35.0,,5,39,0,1420,0.11363636363636363,0.0,0.11363636363636363,0.11059879120194406,0.0861715749039692
Visakhapatnam,ecmwf,temperature,35.0,,9,2,4,1449,0.8181818181818182,0.3076923076923077,0.6,0.5973781913186964,0.45041606707126325
Agartala,gfs,temperature,35.0,,0,0,0,1464,,,,,
Agra,gfs,temperature,35.0,,5,0,138,1321,1.0,0.965034965034965,0.03496503496503497,0.0316578555098089,-26.694585332419464
Ahmedabad,gfs,temperature,35.0,,19,4,59,1382,0.8260869565217391,0.7564102564102564,0.23170731707317074,0.22005175300624083,-1.7828500739220954
Amritsar,gfs,temperature,35.0,,16,0,297,1151,1.0,0.9488817891373802,0.051118210862619806,0.04063332921469296,-17.76761049723757
Bengaluru,gfs,temperature,35.0,,0,0,0,1464,,,,,
Bhopal,gfs,temperature,35.0,,0,0,0,1464,,,,,
Bhubaneswar,gfs,temperature,35.0,,0,0,19,1445,,1.0,0.0,0.0,
Chandigarh,gfs,temperature,35.0,,0,0,76,1388,,1.0,0.0,0.0,
Chennai,gfs,temperature,35.0,,71,3,200,1190,0.9594594594594594,0.7380073800738007,0.2591240875912409,0.22013634860738632,-1.889286408710869
Coimbatore,gfs,temperature,35.0,,0,0,1,1463,,1.0,0.0,0.0,
Dehradun,gfs,temperature,35.0,,0,0,0,1464,,,,,
Delhi,gfs,temperature,35.0,,10,0,314,1140,1.0,0.9691358024691358,0.030864197530864196,0.02419888939833919,-30.61595598349381
Ghaziabad,gfs,temperature,35.0,,0,0,208,1256,,1.0,0.0,0.0,
Goa,gfs,temperature,35.0,,0,0,0,1464,,,,,
Guwahati,gfs,temperature,35.0,,0,1,8,1455,0.0,1.0,0.0,-0.0006075334143377885,-8.006151742993849
Hyderabad,gfs,temperature,35.0,,0,0,2,1462,,1.0,0.0,0.0,
Imphal,gfs,temperature,35.0,,0,0,0,1464,,,,,
Indore,gfs,temperature,35.0,,0,0,0,1464,,,,,
Jabalpur,gfs,temperature,35.0,,0,0,0,1464,,,,,
Jaipur,gfs,temperature,35.0,,5,3,66,1390,0.625,0.9295774647887324,0.06756756756756757,0.06265310667359512,-7.6723901098901095
Jodhpur,gfs,temperature,35.0,,79,11,186,1188,0.8777777777777778,0.7018867924528301,0.286231884057971,0.24145875743660147,-1.3322658903444933
Kanpur,gfs,temperature,35.0,,0,1,32,1431,0.0,1.0,0.0,-0.0006628003314001656,-32.02255639097745
Kochi,gfs,temperature,35.0,,0,0,0,1464,,,,,
Kolkata,gfs,temperature,35.0,,0,0,9,1455,,1.0,0.0,0.0,
Kota,gfs,temperature,35.0,,0,0,20,1444,,1.0,0.0,0.0,
Lucknow,gfs,temperature,35.0,,0,0,80,1384,,1.0,0.0,0.0,
Ludhiana,gfs,temperature,35.0,,70,2,286,1106,0.9722222222222222,0.8033707865168539,0.19553072625698323,0.1541646605681271,-3.206896551724138
Madurai,gfs,temperature,35.0,,137,113,37,1177,0.548,0.21264367816091953,0.47735191637630664,0.4169932141833126,0.2764415156507414
Mumbai,gfs,temperature,35.0,,0,0,0,1464,,,,,
Nagpur,gfs,temperature,35.0,,0,0,0,1464,,,,,
Nashik,gfs,temperature,35.0,,0,0,0,1464,,,,,
Patna,gfs,temperature,35.0,,4,0,247,1213,1.0,0.9840637450199203,0.01593625498007968,0.013240189925230584,-60.919178082191785
Pune,gfs,temperature,35.0,,0,0,0,1464,,,,,
Raipur,gfs,temperature,35.0,,0,0,0,1464,,,,,
Ranchi,gfs,temperature,35.0,,0,0,0,1464,,,,,
Shillong,gfs,temperature,35.0,,0,0,0,1464,,,,,
Shimla,gfs,temperature,35.0,,0,0,0,1464,,,,,
Srinagar,gfs,temperature,35.0,,0,0,0,1464,,,,,
Surat,gfs,temperature,35.0,,0,0,0,1464,,,,,
Thane,gfs,temperature,35.0,,0,0,0,1464,,,,,
Thiruvananthapuram,gfs,temperature,35.0,,0,0,0,1464,,,,,
Vadodara,gfs,temperature,35.0,,1,0,53,1410,1.0,0.9814814814814815,0.018518518518518517,0.017847649426596793,-52.03622693096378
Varanasi,gfs,temperature,35.0,,0,0,37,1427,,1.0,0.0,0.0,
Vijayawada,gfs,temperature,35.0,,28,16,54,1366,0.6363636363636364,0.6585365853658537,0.2857142857142857,0.26728822284504944,-0.6402048655569783
Visakhapatnam,gfs,temperature,35.0,,0,11,0,1453,0.0,,0.0,0.0,-0.007570543702684063
Agartala,icon,temperature,35.0,,0,0,4,1460,,1.0,0.0,0.0,
Agra,icon,temperature,35.0,,3,2,7,1452,0.6,0.7,0.25,0.24785934467404955,-0.806168608636052
Ahmedabad,icon,temperature,35.0,,14,9,11,1430,0.6086956521739131,0.44,0.4117647058823529,0.404890144509258,0.11655553208822378
Amritsar,icon,temperature,35.0,,16,0,92,1356,1.0,0.8518518518518519,0.14814814814814814,0.1387354205033763,-4.81353591160221
Bengaluru,icon,temperature,35.0,,0,0,0,1464,,,,,
Bhopal,icon,temperature,35.0,,0,0,0,1464,,,,,
Bhubaneswar,icon,temperature,35.0,,0,0,2,1462,,1.0,0.0,0.0,
Chandigarh,icon,temperature,35.0,,0,0,34,1430,,1.0,0.0,0.0,
Chennai,icon,temperature,35.0,,68,6,154,1236,0.918918918918919,0.6936936936936937,0.2982456140350877,0.2619200665481907,-1.2772700758312268
Coimbatore,icon,temperature,35.0,,0,0,0,1464,,,,,
Dehradun,icon,temperature,35.0,,0,0,0,1464,,,,,
Delhi,icon,temperature,35.0,,4,6,53,1401,0.4,0.9298245614035088,0.06349206349206349,0.05766839039078353,-4.940577716643742
Ghaziabad,icon,temperature,35.0,,0,0,21,1443,,1.0,0.0,0.0,
Goa,icon,temperature,35.0,,0,0,0,1464,,,,,
Guwahati,icon,temperature,35.0,,1,0,13,1450,1.0,0.9285714285714286,0.07142857142857142,0.070793867786349,-12.008885850991115
Hyderabad,icon,temperature,35.0,,0,0,0,1464,,,,,
Imphal,icon,temperature,35.0,,0,0,0,1464,,,,,
Indore,icon,temperature,35.0,,0,0,0,1464,,,,,
Jabalpur,icon,temperature,35.0,,0,0,0,1464,,,,,
Jaipur,icon,temperature,35.0,,7,1,6,1450,0.875,0.46153846153846156,0.5,0.4974499803844645,0.12019230769230771
Jodhpur,icon,temperature,35.0,,78,12,37,1337,0.8666666666666667,0.3217391304347826,0.6141732283464567,0.5914294501589037,0.4198932557011159
Kanpur,icon,temperature,35.0,,0,1,9,1454,0.0,1.0,0.0,-0.0006151322534344885,-9.006835269993166
Kochi,icon,temperature,35.0,,0,0,0,1464,,,,,
Kolkata,icon,temperature,35.0,,0,0,0,1464,,,,,
Kota,icon,temperature,35.0,,0,0,4,1460,,1.0,0.0,0.0,
Lucknow,icon,temperature,35.0,,0,0,11,1453,,1.0,0.0,0.0,
Ludhiana,icon,temperature,35.0,,59,13,29,1363,0.8194444444444444,0.32954545454545453,0.5841584158415841,0.5655418009157198,0.3864942528735632
Madurai,icon,temperature,35.0,,196,54,56,1158,0.784,0.2222222222222222,0.6405228758169934,0.5816969016894209,0.4693904448105437
Mumbai,icon,temperature,35.0,,0,0,0,1464,,,,,
Nagpur,icon,temperature,35.0,,0,0,0,1464,,,,,
Nashik,icon,temperature,35.0,,0,0,0,1464,,,,,
Patna,icon,temperature,35.0,,3,1,14,1446,0.75,0.8235294117647058,0.16666666666666666,0.16451072896058438,-2.76027397260274
Pune,icon,temperature,35.0,,0,0,0,1464,,,,,
Raipur,icon,temperature,35.0,,0,0,0,1464,,,,,
Ranchi,icon,temperature,35.0,,0,0,0,1464,,,,,
Shillong,icon,temperature,35.0,,0,0,0,1464,,,,,
Shimla,icon,temperature,35.0,,0,0,0,1464,,,,,
Srinagar,icon,temperature,35.0,,0,0,0,1464,,,,,
Surat,icon,temperature,35.0,,0,0,0,1464,,,,,
Thane,icon,temperature,35.0,,0,0,0,1464,,,,,
Thiruvananthapuram,icon,temperature,35.0,,0,0,0,1464,,,,,
Vadodara,icon,temperature,35.0,,0,1,10,1453,0.0,1.0,0.0,-0.0006213495712687957,-10.007518796992482
Varanasi,icon,temperature,35.0,,0,0,0,1464,,,,,
Vijayawada,icon,temperature,35.0,,26,18,59,1361,0.5909090909090909,0.6941176470588235,0.2524271844660194,0.23341403041101105,-0.8042253521126763
Visakhapatnam,icon,temperature,35.0,,0,11,1,1452,0.0,1.0,0.0,-0.0006265307284843652,-0.0991678658574735
Agartala,gem,temperature,35.0,,0,0,16,1448,,1.0,0.0,0.0,
Agra,gem,temperature,35.0,,0,5,4,1455,0.0,1.0,0.0,-0.0015202189115232593,-0.806168608636052
Ahmedabad,gem,temperature,35.0,,19,4,20,1421,0.8260869565217391,0.5128205128205128,0.4418604651162791,0.4337926033357506,-0.06013336149413151
Amritsar,gem,temperature,35.0,,14,2,95,1353,0.875,0.8715596330275229,0.12612612612612611,0.11664593182383677,-5.129488950276244
Bengaluru,gem,temperature,35.0,,0,0,0,1464,,,,,
Bhopal,gem,temperature,35.0,,0,0,0,1464,,,,,
Bhubaneswar,gem,temperature,35.0,,0,0,5,1459,,1.0,0.0,0.0,
Chandigarh,gem,temperature,35.0,,0,0,17,1447,,1.0,0.0,0.0,
Chennai,gem,temperature,35.0,,4,70,0,1390,0.05405405405405406,0.0,0.05405405405405406,0.05146242132543502,0.0036943418238383208
Coimbatore,gem,temperature,35.0,,0,0,0,1464,,,,,
Dehradun,gem,temperature,35.0,,0,0,0,1464,,,,,
Delhi,gem,temperature,35.0,,6,4,10,1444,0.6,0.625,0.3,0.29615384615384616,-0.40962861072902346
Ghaziabad,gem,temperature,35.0,,0,0,10,1454,,1.0,0.0,0.0,
Goa,gem,temperature,35.0,,0,0,0,1464,,,,,
Guwahati,gem,temperature,35.0,,1,0,28,1435,1.0,0.9655172413793104,0.034482758620689655,0.03382280151790133,-27.019138755980865
Hyderabad,gem,temperature,35.0,,0,0,0,1464,,,,,
Imphal,gem,temperature,35.0,,0,0,0,1464,,,,,
Indore,gem,temperature,35.0,,0,0,0,1464,,,,,
Jabalpur,gem,temperature,35.0,,0,0,0,1464,,,,,
Jaipur,gem,temperature,35.0,,5,3,12,1444,0.625,0.7058823529411765,0.25,0.2465001372495196,-0.8853021978021975
Jodhpur,gem,temperature,35.0,,71,19,88,1286,0.7888888888888889,0.5534591194968553,0.398876404494382,0.36394864423709405,-0.2667637069383795
Kanpur,gem,temperature,35.0,,1,0,25,1438,1.0,0.9615384615384616,0.038461538461538464,0.0378043009621957,-24.017088174982916
Kochi,gem,temperature,35.0,,0,0,0,1464,,,,,
Kolkata,gem,temperature,35.0,,0,0,0,1464,,,,,
Kota,gem,temperature,35.0,,0,0,1,1463,,1.0,0.0,0.0,
Lucknow,gem,temperature,35.0,,0,0,15,1449,,1.0,0.0,0.0,
Ludhiana,gem,temperature,35.0,,60,12,83,1309,0.8333333333333334,0.5804195804195804,0.3870967741935484,0.3579658763571904,-0.3876915708812261
Madurai,gem,temperature,35.0,,175,75,59,1155,0.7,0.25213675213675213,0.5663430420711975,0.5019346190171526,0.35362108731466224
Mumbai,gem,temperature,35.0,,0,0,0,1464,,,,,
Nagpur,gem,temperature,35.0,,0,0,0,1464,,,,,
Nashik,gem,temperature,35.0,,0,0,0,1464,,,,,
Patna,gem,temperature,35.0,,3,1,16,1444,0.75,0.8421052631578947,0.15,0.14778797425010273,-3.2616438356164386
Pune,gem,temperature,35.0,,0,0,0,1464,,,,,
Raipur,gem,temperature,35.0,,0,0,0,1464,,,,,
Ranchi,gem,temperature,35.0,,0,0,0,1464,,,,,
Shillong,gem,temperature,35.0,,0,0,0,1464,,,,,
Shimla,gem,temperature,35.0,,0,0,0,1464,,,,,
Srinagar,gem,temperature,35.0,,0,0,18,1446,,1.0,0.0,0.0,
Surat,gem,temperature,35.0,,0,0,0,1464,,,,,
Thane,gem,temperature,35.0,,0,0,0,1464,,,,,
Thiruvananthapuram,gem,temperature,35.0,,0,0,0,1464,,,,,
Vadodara,gem,temperature,35.0,,0,1,23,1440,0.0,1.0,0.0,-0.0006550280522883262,-23.0164046479836
Varanasi,gem,temperature,35.0,,0,0,7,1457,,1.0,0.0,0.0,
Vijayawada,gem,temperature,35.0,,32,12,116,1304,0.7272727272727273,0.7837837837837838,0.2,0.17712358603245976,-1.999231754161332
Visakhapatnam,gem,temperature,35.0,,1,10,0,1453,0.09090909090909091,0.0,0.09090909090909091,0.09028770272789412,0.08402677845210538
Agartala,jma,temperature,35.0,,0,0,0,1464,,,,,
Agra,jma,temperature,35.0,,5,0,10,1449,1.0,0.6666666666666666,0.3333333333333333,0.33104866346812883,-1.0068540095956133
Ahmedabad,jma,temperature,35.0,,7,16,6,1435,0.30434782608695654,0.46153846153846156,0.2413793103448276,0.23599876651564392,0.02821108529704619
Amritsar,jma,temperature,35.0,,15,1,137,1311,0.9375,0.9013157894736842,0.09803921568627451,0.08813865318649576,-7.720303867403315
Bengaluru,jma,temperature,35.0,,0,0,0,1464,,,,,
Bhopal,jma,temperature,35.0,,0,0,0,1464,,,,,
Bhubaneswar,jma,temperature,35.0,,0,0,0,1464,,,,,
Chandigarh,jma,temperature,35.0,,0,0,5,1459,,1.0,0.0,0.0,
Chennai,jma,temperature,35.0,,0,74,0,1390,0.0,,0.0,0.0,-0.05323741007194238
Coimbatore,jma,temperature,35.0,,0,0,0,1464,,,,,
Dehradun,jma,temperature,35.0,,0,0,0,1464,,,,,
Delhi,jma,temperature,35.0,,8,2,42,1412,0.8,0.84,0.15384615384615385,0.1482519701697784,-3.4302613480055015
Ghaziabad,jma,temperature,35.0,,0,0,19,1445,,1.0,0.0,0.0,
Goa,jma,temperature,35.0,,0,0,0,1464,,,,,
Guwahati,jma,temperature,35.0,,0,1,0,1463,0.0,,0.0,0.0,-0.0006835269993166193
Hyderabad,jma,temperature,35.0,,0,0,0,1464,,,,,
Imphal,jma,temperature,35.0,,0,0,0,1464,,,,,
Indore,jma,temperature,35.0,,0,0,0,1464,,,,,
Jabalpur,jma,temperature,35.0,,0,0,0,1464,,,,,
Jaipur,jma,temperature,35.0,,3,5,0,1456,0.375,0.0,0.375,0.37371663244353187,0.3715659340659341
Jodhpur,jma,temperature,35.0,,80,10,83,1291,0.8888888888888888,0.50920245398773,0.4624277456647399,0.42937611587497165,-0.10101892285298408
Kanpur,jma,temperature,35.0,,0,1,0,1463,0.0,,0.0,0.0,-0.0006835269993166193
Kochi,jma,temperature,35.0,,0,0,0,1464,,,,,
Kolkata,jma,temperature,35.0,,0,0,0,1464,,,,,
Kota,jma,temperature,35.0,,0,0,0,1464,,,,,
Lucknow,jma,temperature,35.0,,0,0,6,1458,,1.0,0.0,0.0,
Ludhiana,jma,temperature,35.0,,38,34,21,1371,0.5277777777777778,0.3559322033898305,0.40860215053763443,0.38955604075691413,0.19659961685823757
Madurai,jma,temperature,35.0,,123,127,17,1197,0.492,0.12142857142857143,0.4606741573033708,0.4076338623387133,0.30538385502471166
Mumbai,jma,temperature,35.0,,0,0,0,1464,,,,,
Nagpur,jma,temperature,35.0,,0,0,0,1464,,,,,
Nashik,jma,temperature,35.0,,0,0,0,1464,,,,,
Patna,jma,temperature,35.0,,0,4,6,1454,0.0,1.0,0.0,-0.0016420361247947454,-1.5068493150684934
Pune,jma,temperature,35.0,,0,0,0,1464,,,,,
Raipur,jma,temperature,35.0,,0,0,0,1464,,,,,
Ranchi,jma,temperature,35.0,,0,0,0,1464,,,,,
Shillong,jma,temperature,35.0,,0,0,0,1464,,,,,
Shimla,jma,temperature,35.0,,0,0,0,1464,,,,,
Srinagar,jma,temperature,35.0,,0,0,0,1464,,,,,
Surat,jma,temperature,35.0,,0,0,0,1464,,,,,
Thane,jma,temperature,35.0,,0,0,0,1464,,,,,
Thiruvananthapuram,jma,temperature,35.0,,0,0,0,1464,,,,,
Vadodara,jma,temperature,35.0,,0,1,13,1450,0.0,1.0,0.0,-0.0006346726553727481,-13.009569377990433
Varanasi,jma,temperature,35.0,,0,0,3,1461,,1.0,0.0,0.0,
Vijayawada,jma,temperature,35.0,,18,26,118,1302,0.4090909090909091,0.8676470588235294,0.1111111111111111,0.08810298290539137,-2.374135723431498
Visakhapatnam,jma,temperature,35.0,,0,11,0,1453,0.0,,0.0,0.0,-0.007570543702684063
Agartala,ukmo,temperature,35.0,,0,0,5,1459,,1.0,0.0,0.0,
Agra,ukmo,temperature,35.0,,3,2,5,1454,0.6,0.625,0.3,0.29808219178082196,-0.40479780671692955
Ahmedabad,ukmo,temperature,35.0,,18,5,18,1423,0.782608695652174,0.5,0.43902439024390244,0.4311777822825867,-0.015961138098542715
Amritsar,ukmo,temperature,35.0,,15,1,111,1337,0.9375,0.8809523809523809,0.11811023622047244,0.10844316847187785,-6.077348066298343
Bengaluru,ukmo,temperature,35.0,,0,0,0,1464,,,,,
Bhopal,ukmo,temperature,35.0,,0,0,0,1464,,,,,
Bhubaneswar,ukmo,temperature,35.0,,0,0,0,1464,,,,,
Chandigarh,ukmo,temperature,35.0,,0,0,1,1463,,1.0,0.0,0.0,
Chennai,ukmo,temperature,35.0,,32,42,39,1351,0.43243243243243246,0.5492957746478874,0.2831858407079646,0.2596736131054202,-0.15286797588955858
Coimbatore,ukmo,temperature,35.0,,0,0,0,1464,,,,,
Dehradun,ukmo,temperature,35.0,,0,0,0,1464,,,,,
Delhi,ukmo,temperature,35.0,,5,5,106,1348,0.5,0.954954954954955,0.04310344827586207,0.036807852341832925,-10.17634112792297
Ghaziabad,ukmo,temperature,35.0,,0,0,11,1453,,1.0,0.0,0.0,
Goa,ukmo,temperature,35.0,,0,0,0,1464,,,,,
Guwahati,ukmo,temperature,35.0,,1,0,37,1426,1.0,0.9736842105263158,0.02631578947368421,0.02565025002698133,-36.02529049897471
Hyderabad,ukmo,temperature,35.0,,0,0,0,1464,,,,,
Imphal,ukmo,temperature,35.0,,0,0,0,1464,,,,,
Indore,ukmo,temperature,35.0,,0,0,0,1464,,,,,
Jabalpur,ukmo,temperature,35.0,,0,0,0,1464,,,,,
Jaipur,ukmo,temperature,35.0,,6,2,4,1452,0.75,0.4,0.5,0.49771271729185734,0.2458791208791209
Jodhpur,ukmo,temperature,35.0,,82,8,127,1247,0.9111111111111111,0.6076555023923444,0.3778801843317972,0.3387268383755245,-0.5982532751091705
Kanpur,ukmo,temperature,35.0,,0,1,13,1450,0.0,1.0,0.0,-0.0006346726553727481,-13.009569377990433
Kochi,ukmo,temperature,35.0,,0,0,0,1464,,,,,
Kolkata,ukmo,temperature,35.0,,0,0,13,1451,,1.0,0.0,0.0,
Kota,ukmo,temperature,35.0,,0,0,11,1453,,1.0,0.0,0.0,
Lucknow,ukmo,temperature,35.0,,0,0,9,1455,,1.0,0.0,0.0,
Ludhiana,ukmo,temperature,35.0,,48,24,39,1353,0.6666666666666666,0.4482758620689655,0.43243243243243246,0.4096774193548387,0.07974137931034486
Madurai,ukmo,temperature,35.0,,163,87,39,1175,0.652,0.19306930693069307,0.5640138408304498,0.5049222213872397,0.39221087314662273
Mumbai,ukmo,temperature,35.0,,0,0,0,1464,,,,,
Nagpur,ukmo,temperature,35.0,,0,0,0,1464,,,,,
Nashik,ukmo,temperature,35.0,,0,0,0,1464,,,,,
Patna,ukmo,temperature,35.0,,4,0,16,1444,1.0,0.8,0.2,0.1978082191780822,-3.0109589041095894
Pune,ukmo,temperature,35.0,,0,0,0,1464,,,,,
Raipur,ukmo,temperature,35.0,,0,0,0,1464,,,,,
Ranchi,ukmo,temperature,35.0,,0,0,0,1464,,,,,
Shillong,ukmo,temperature,35.0,,0,0,0,1464,,,,,
Shimla,ukmo,temperature,35.0,,0,0,0,1464,,,,,
Srinagar,ukmo,temperature,35.0,,0,0,0,1464,,,,,
Surat,ukmo,temperature,35.0,,0,0,0,1464,,,,,
Thane,ukmo,temperature,35.0,,0,0,0,1464,,,,,
Thiruvananthapuram,ukmo,temperature,35.0,,0,0,4,1460,,1.0,0.0,0.0,
Vadodara,ukmo,temperature,35.0,,0,1,8,1455,0.0,1.0,0.0,-0.0006075334143377885,-8.006151742993849
Varanasi,ukmo,temperature,35.0,,0,0,3,1461,,1.0,0.0,0.0,
Vijayawada,ukmo,temperature,35.0,,20,24,32,1388,0.45454545454545453,0.6153846153846154,0.2631578947368421,0.2476875642343268,-0.31216389244558274
Visakhapatnam,ukmo,temperature,35.0,,9,2,36,1417,0.8181818181818182,0.8,0.19148936170212766,0.18563084625181153,-2.4806982418819996
Agartala,equal_avg,temperature,35.0,,0,0,0,1464,,,,,
Agra,equal_avg,temperature,35.0,,3,2,0,1459,0.6,0.0,0.6,0.5991786447638603,0.5986291980808773
Ahmedabad,equal_avg,temperature,35.0,,14,9,5,1436,0.6086956521739131,0.2631578947368421,0.5,0.4946122549623967,0.38158887246175655
Amritsar,equal_avg,temperature,35.0,,16,0,75,1373,1.0,0.8241758241758241,0.17582417582417584,0.16671726063991255,-3.7392955801104977
Bengaluru,equal_avg,temperature,35.0,,0,0,0,1464,,,,,
Bhopal,equal_avg,temperature,35.0,,0,0,0,1464,,,,,
Bhubaneswar,equal_avg,temperature,35.0,,0,0,0,1464,,,,,
Chandigarh,equal_avg,temperature,35.0,,0,0,2,1462,,1.0,0.0,0.0,
Chennai,equal_avg,temperature,35.0,,31,43,10,1380,0.4189189189189189,0.24390243902439024,0.36904761904761907,0.35308732554067795,0.2456542873809061
Coimbatore,equal_avg,temperature,35.0,,0,0,0,1464,,,,,
Dehradun,equal_avg,temperature,35.0,,0,0,0,1464,,,,,
Delhi,equal_avg,temperature,35.0,,8,2,38,1416,0.8,0.8260869565217391,0.16666666666666666,0.16117572910101416,-3.0275103163686383
Ghaziabad,equal_avg,temperature,35.0,,0,0,11,1453,,1.0,0.0,0.0,
Goa,equal_avg,temperature,35.0,,0,0,0,1464,,,,,
Guwahati,equal_avg,temperature,35.0,,1,0,1,1462,1.0,0.5,0.5,0.4996582365003418,-0.0006835269993166193
Hyderabad,equal_avg,temperature,35.0,,0,0,0,1464,,,,,
Imphal,equal_avg,temperature,35.0,,0,0,0,1464,,,,,
Indore,equal_avg,temperature,35.0,,0,0,0,1464,,,,,
Jabalpur,equal_avg,temperature,35.0,,0,0,0,1464,,,,,
Jaipur,equal_avg,temperature,35.0,,6,2,2,1454,0.75,0.25,0.6,0.5982436882546652,0.49725274725274726
Jodhpur,equal_avg,temperature,35.0,,82,8,63,1311,0.9111111111111111,0.43448275862068964,0.5359477124183006,0.5072389566800353,0.15943716642406602
Kanpur,equal_avg,temperature,35.0,,0,1,2,1461,0.0,1.0,0.0,-0.0004555808656036446,-2.00205058099795
Kochi,equal_avg,temperature,35.0,,0,0,0,1464,,,,,
Kolkata,equal_avg,temperature,35.0,,0,0,0,1464,,,,,
Kota,equal_avg,temperature,35.0,,0,0,3,1461,,1.0,0.0,0.0,
Lucknow,equal_avg,temperature,35.0,,0,0,7,1457,,1.0,0.0,0.0,
Ludhiana,equal_avg,temperature,35.0,,61,11,26,1366,0.8472222222222222,0.2988505747126437,0.6224489795918368,0.6052125240510757,0.45953065134099613
Madurai,equal_avg,temperature,35.0,,154,96,11,1203,0.616,0.06666666666666667,0.5900383141762452,0.5404249326691194,0.48386161449752885
Mumbai,equal_avg,temperature,35.0,,0,0,0,1464,,,,,
Nagpur,equal_avg,temperature,35.0,,0,0,0,1464,,,,,
Nashik,equal_avg,temperature,35.0,,0,0,0,1464,,,,,
Patna,equal_avg,temperature,35.0,,3,1,10,1450,0.75,0.7692307692307693,0.21428571428571427,0.2122872236352964,-1.7575342465753425
Pune,equal_avg,temperature,35.0,,0,0,0,1464,,,,,
Raipur,equal_avg,temperature,35.0,,0,0,0,1464,,,,,
Ranchi,equal_avg,temperature,35.0,,0,0,0,1464,,,,,
Shillong,equal_avg,temperature,35.0,,0,0,0,1464,,,,,
Shimla,equal_avg,temperature,35.0,,0,0,0,1464,,,,,
Srinagar,equal_avg,temperature,35.0,,0,0,0,1464,,,,,
Surat,equal_avg,temperature,35.0,,0,0,0,1464,,,,,
Thane,equal_avg,temperature,35.0,,0,0,0,1464,,,,,
Thiruvananthapuram,equal_avg,temperature,35.0,,0,0,0,1464,,,,,
Vadodara,equal_avg,temperature,35.0,,0,1,11,1452,0.0,1.0,0.0,-0.0006265307284843652,-11.0082023239918
Varanasi,equal_avg,temperature,35.0,,0,0,0,1464,,,,,
Vijayawada,equal_avg,temperature,35.0,,22,22,22,1398,0.5,0.5,0.3333333333333333,0.31970260223048325,-0.030985915492957705
Visakhapatnam,equal_avg,temperature,35.0,,0,11,0,1453,0.0,,0.0,0.0,-0.007570543702684063
Agartala,weighted_blend,temperature,35.0,,0,0,0,1464,,,,,
Agra,weighted_blend,temperature,35.0,,3,2,0,1459,0.6,0.0,0.6,0.5991786447638603,0.5986291980808773
Ahmedabad,weighted_blend,temperature,35.0,,10,13,2,1439,0.43478260869565216,0.16666666666666666,0.4,0.3954410307234886,0.33741664906616786
Amritsar,weighted_blend,temperature,35.0,,14,2,37,1411,0.875,0.7254901960784313,0.2641509433962264,0.25633010315723664,-1.4644337016574585
Bengaluru,weighted_blend,temperature,35.0,,0,0,0,1464,,,,,
Bhopal,weighted_blend,temperature,35.0,,0,0,0,1464,,,,,
Bhubaneswar,weighted_blend,temperature,35.0,,0,0,0,1464,,,,,
Chandigarh,weighted_blend,temperature,35.0,,0,0,0,1464,,,,,
Chennai,weighted_blend,temperature,35.0,,37,37,14,1376,0.5,0.27450980392156865,0.42045454545454547,0.40296502422875785,0.2741201633287965
Coimbatore,weighted_blend,temperature,35.0,,0,0,0,1464,,,,,
Dehradun,weighted_blend,temperature,35.0,,0,0,0,1464,,,,,
Delhi,weighted_blend,temperature,35.0,,8,2,14,1440,0.8,0.6363636363636364,0.3333333333333333,0.32913277580478867,-0.6110041265474553
Ghaziabad,weighted_blend,temperature,35.0,,0,0,0,1464,,,,,
Goa,weighted_blend,temperature,35.0,,0,0,0,1464,,,,,
Guwahati,weighted_blend,temperature,35.0,,1,0,1,1462,1.0,0.5,0.5,0.4996582365003418,-0.0006835269993166193
Hyderabad,weighted_blend,temperature,35.0,,0,0,0,1464,,,,,
Imphal,weighted_blend,temperature,35.0,,0,0,0,1464,,,,,
Indore,weighted_blend,temperature,35.0,,0,0,0,1464,,,,,
Jabalpur,weighted_blend,temperature,35.0,,0,0,0,1464,,,,,
Jaipur,weighted_blend,temperature,35.0,,5,3,0,1456,0.625,0.0,0.625,0.6237148732008224,0.6229395604395604
Jodhpur,weighted_blend,temperature,35.0,,84,6,27,1347,0.9333333333333333,0.24324324324324326,0.717948717948718,0.7004798571587992,0.609315866084425
Kanpur,weighted_blend,temperature,35.0,,0,1,1,1462,0.0,1.0,0.0,-0.00034164673727365904,-1.0013670539986332
Kochi,weighted_blend,temperature,35.0,,0,0,0,1464,,,,,
Kolkata,weighted_blend,temperature,35.0,,0,0,0,1464,,,,,
Kota,weighted_blend,temperature,35.0,,0,0,3,1461,,1.0,0.0,0.0,
Lucknow,weighted_blend,temperature,35.0,,0,0,3,1461,,1.0,0.0,0.0,
Ludhiana,weighted_blend,temperature,35.0,,55,17,16,1376,0.7638888888888888,0.22535211267605634,0.625,0.6095053346265762,0.5179597701149425
Madurai,weighted_blend,temperature,35.0,,154,96,8,1206,0.616,0.04938271604938271,0.5968992248062015,0.5484858190099997,0.498332784184514
Mumbai,weighted_blend,temperature,35.0,,0,0,0,1464,,,,,
Nagpur,weighted_blend,temperature,35.0,,0,0,0,1464,,,,,
Nashik,weighted_blend,temperature,35.0,,0,0,0,1464,,,,,
Patna,weighted_blend,temperature,35.0,,3,1,3,1457,0.75,0.5,0.42857142857142855,0.4272300469483568,-0.00273972602739736
Pune,weighted_blend,temperature,35.0,,0,0,0,1464,,,,,
Raipur,weighted_blend,temperature,35.0,,0,0,0,1464,,,,,
Ranchi,weighted_blend,temperature,35.0,,0,0,0,1464,,,,,
Shillong,weighted_blend,temperature,35.0,,0,0,0,1464,,,,,
Shimla,weighted_blend,temperature,35.0,,0,0,0,1464,,,,,
Srinagar,weighted_blend,temperature,35.0,,0,0,0,1464,,,,,
Surat,weighted_blend,temperature,35.0,,0,0,0,1464,,,,,
Thane,weighted_blend,temperature,35.0,,0,0,0,1464,,,,,
Thiruvananthapuram,weighted_blend,temperature,35.0,,0,0,0,1464,,,,,
Vadodara,weighted_blend,temperature,35.0,,0,1,8,1455,0.0,1.0,0.0,-0.0006075334143377885,-8.006151742993849
Varanasi,weighted_blend,temperature,35.0,,0,0,0,1464,,,,,
Vijayawada,weighted_blend,temperature,35.0,,21,23,4,1416,0.4772727272727273,0.16,0.4375,0.42855490660961076,0.367349551856594
Visakhapatnam,weighted_blend,temperature,35.0,,0,11,0,1453,0.0,,0.0,0.0,-0.007570543702684063
Agartala,ecmwf,temperature,37.0,,0,0,0,1464,,,,,
Agra,ecmwf,temperature,37.0,,0,0,0,1464,,,,,
Ahmedabad,ecmwf,temperature,37.0,,0,0,0,1464,,,,,
Amritsar,ecmwf,temperature,37.0,,0,0,0,1464,,,,,
Bengaluru,ecmwf,temperature,37.0,,0,0,0,1464,,,,,
Bhopal,ecmwf,temperature,37.0,,0,0,0,1464,,,,,
Bhubaneswar,ecmwf,temperature,37.0,,0,0,0,1464,,,,,
Chandigarh,ecmwf,temperature,37.0,,0,0,0,1464,,,,,
Chennai,ecmwf,temperature,37.0,,0,1,12,1451,0.0,1.0,0.0,-0.0006309148264984228,-12.008885850991115
Coimbatore,ecmwf,temperature,37.0,,0,0,0,1464,,,,,
Dehradun,ecmwf,temperature,37.0,,0,0,0,1464,,,,,
Delhi,ecmwf,temperature,37.0,,0,0,0,1464,,,,,
Ghaziabad,ecmwf,temperature,37.0,,0,0,0,1464,,,,,
Goa,ecmwf,temperature,37.0,,0,0,0,1464,,,,,
Guwahati,ecmwf,temperature,37.0,,0,0,0,1464,,,,,
Hyderabad,ecmwf,temperature,37.0,,0,0,0,1464,,,,,
Imphal,ecmwf,temperature,37.0,,0,0,0,1464,,,,,
Indore,ecmwf,temperature,37.0,,0,0,0,1464,,,,,
Jabalpur,ecmwf,temperature,37.0,,0,0,0,1464,,,,,
Jaipur,ecmwf,temperature,37.0,,0,1,0,1463,0.0,,0.0,0.0,-0.0006835269993166193
Jodhpur,ecmwf,temperature,37.0,,36,0,1,1427,1.0,0.02702702702702703,0.972972972972973,0.9722916193504428,0.9715219421101774
Kanpur,ecmwf,temperature,37.0,,0,0,0,1464,,,,,
Kochi,ecmwf,temperature,37.0,,0,0,0,1464,,,,,
Kolkata,ecmwf,temperature,37.0,,0,0,0,1464,,,,,
Kota,ecmwf,temperature,37.0,,0,0,0,1464,,,,,
Lucknow,ecmwf,temperature,37.0,,0,0,0,1464,,,,,
Ludhiana,ecmwf,temperature,37.0,,0,7,0,1457,0.0,,0.0,0.0,-0.0048043925875085325
Madurai,ecmwf,temperature,37.0,,17,73,0,1374,0.18888888888888888,0.0,0.18888888888888888,0.17935959456346465,0.13575934012615232
Mumbai,ecmwf,temperature,37.0,,0,0,0,1464,,,,,
Nagpur,ecmwf,temperature,37.0,,0,0,0,1464,,,,,
Nashik,ecmwf,temperature,37.0,,0,0,0,1464,,,,,
Patna,ecmwf,temperature,37.0,,0,0,0,1464,,,,,
Pune,ecmwf,temperature,37.0,,0,0,0,1464,,,,,
Raipur,ecmwf,temperature,37.0,,0,0,0,1464,,,,,
Ranchi,ecmwf,temperature,37.0,,0,0,0,1464,,,,,
Shillong,ecmwf,temperature,37.0,,0,0,0,1464,,,,,
Shimla,ecmwf,temperature,37.0,,0,0,0,1464,,,,,
Srinagar,ecmwf,temperature,37.0,,0,0,0,1464,,,,,
Surat,ecmwf,temperature,37.0,,0,0,0,1464,,,,,
Thane,ecmwf,temperature,37.0,,0,0,0,1464,,,,,
Thiruvananthapuram,ecmwf,temperature,37.0,,0,0,0,1464,,,,,
Vadodara,ecmwf,temperature,37.0,,0,0,0,1464,,,,,
Varanasi,ecmwf,temperature,37.0,,0,0,0,1464,,,,,
Vijayawada,ecmwf,temperature,37.0,,0,0,0,1464,,,,,
Visakhapatnam,ecmwf,temperature,37.0,,0,0,0,1464,,,,,
Agartala,gfs,temperature,37.0,,0,0,0,1464,,,,,
Agra,gfs,temperature,37.0,,0,0,10,1454,,1.0,0.0,0.0,
Ahmedabad,gfs,temperature,37.0,,0,0,9,1455,,1.0,0.0,0.0,
Amritsar,gfs,temperature,37.0,,0,0,145,1319,,1.0,0.0,0.0,
Bengaluru,gfs,temperature,37.0,,0,0,0,1464,,,,,
Bhopal,gfs,temperature,37.0,,0,0,0,1464,,,,,
Bhubaneswar,gfs,temperature,37.0,,0,0,0,1464,,,,,
Chandigarh,gfs,temperature,37.0,,0,0,1,1463,,1.0,0.0,0.0,
Chennai,gfs,temperature,37.0,,1,0,114,1349,1.0,0.991304347826087,0.008695652173913044,0.008018068887634105,-113.0779220779221
Coimbatore,gfs,temperature,37.0,,0,0,0,1464,,,,,
Dehradun,gfs,temperature,37.0,,0,0,0,1464,,,,,
Delhi,gfs,temperature,37.0,,0,0,127,1337,,1.0,0.0,0.0,
Ghaziabad,gfs,temperature,37.0,,0,0,61,1403,,1.0,0.0,0.0,
Goa,gfs,temperature,37.0,,0,0,0,1464,,,,,
Guwahati,gfs,temperature,37.0,,0,0,0,1464,,,,,
Hyderabad,gfs,temperature,37.0,,0,0,0,1464,,,,,
Imphal,gfs,temperature,37.0,,0,0,0,1464,,,,,
Indore,gfs,temperature,37.0,,0,0,0,1464,,,,,
Jabalpur,gfs,temperature,37.0,,0,0,0,1464,,,,,
Jaipur,gfs,temperature,37.0,,0,1,0,1463,0.0,,0.0,0.0,-0.0006835269993166193
Jodhpur,gfs,temperature,37.0,,27,9,48,1380,0.75,0.64,0.32142857142857145,0.3061957497755163,-0.623249299719888
Kanpur,gfs,temperature,37.0,,0,0,2,1462,,1.0,0.0,0.0,
Kochi,gfs,temperature,37.0,,0,0,0,1464,,,,,
Kolkata,gfs,temperature,37.0,,0,0,0,1464,,,,,
Kota,gfs,temperature,37.0,,0,0,0,1464,,,,,
Lucknow,gfs,temperature,37.0,,0,0,13,1451,,1.0,0.0,0.0,
Ludhiana,gfs,temperature,37.0,,5,2,167,1290,0.7142857142857143,0.9709302325581395,0.028735632183908046,0.024123187605509362,-23.258848906755563
Madurai,gfs,temperature,37.0,,15,75,5,1369,0.16666666666666666,0.25,0.15789473684210525,0.14685314685314685,0.05288694808345462
Mumbai,gfs,temperature,37.0,,0,0,0,1464,,,,,
Nagpur,gfs,temperature,37.0,,0,0,0,1464,,,,,
Nashik,gfs,temperature,37.0,,0,0,0,1464,,,,,
Patna,gfs,temperature,37.0,,0,0,61,1403,,1.0,0.0,0.0,
Pune,gfs,temperature,37.0,,0,0,0,1464,,,,,
Raipur,gfs,temperature,37.0,,0,0,0,1464,,,,,
Ranchi,gfs,temperature,37.0,,0,0,0,1464,,,,,
Shillong,gfs,temperature,37.0,,0,0,0,1464,,,,,
Shimla,gfs,temperature,37.0,,0,0,0,1464,,,,,
Srinagar,gfs,temperature,37.0,,0,0,0,1464,,,,,
Surat,gfs,temperature,37.0,,0,0,0,1464,,,,,
Thane,gfs,temperature,37.0,,0,0,0,1464,,,,,
Thiruvananthapuram,gfs,temperature,37.0,,0,0,0,1464,,,,,
Vadodara,gfs,temperature,37.0,,0,0,7,1457,,1.0,0.0,0.0,
Varanasi,gfs,temperature,37.0,,0,0,2,1462,,1.0,0.0,0.0,
Vijayawada,gfs,temperature,37.0,,0,0,4,1460,,1.0,0.0,0.0,
Visakhapatnam,gfs,temperature,37.0,,0,0,0,1464,,,,,
Agartala,icon,temperature,37.0,,0,0,0,1464,,,,,
Agra,icon,temperature,37.0,,0,0,0,1464,,,,,
Ahmedabad,icon,temperature,37.0,,0,0,0,1464,,,,,
Amritsar,icon,temperature,37.0,,0,0,15,1449,,1.0,0.0,0.0,
Bengaluru,icon,temperature,37.0,,0,0,0,1464,,,,,
Bhopal,icon,temperature,37.0,,0,0,0,1464,,,,,
Bhubaneswar,icon,temperature,37.0,,0,0,0,1464,,,,,
Chandigarh,icon,temperature,37.0,,0,0,0,1464,,,,,
Chennai,icon,temperature,37.0,,1,0,38,1425,1.0,0.9743589743589743,0.02564102564102564,0.024975024975024972,-37.02597402597403
Coimbatore,icon,temperature,37.0,,0,0,0,1464,,,,,
Dehradun,icon,temperature,37.0,,0,0,0,1464,,,,,
Delhi,icon,temperature,37.0,,0,0,0,1464,,,,,
Ghaziabad,icon,temperature,37.0,,0,0,0,1464,,,,,
Goa,icon,temperature,37.0,,0,0,0,1464,,,,,
Guwahati,icon,temperature,37.0,,0,0,0,1464,,,,,
Hyderabad,icon,temperature,37.0,,0,0,0,1464,,,,,
Imphal,icon,temperature,37.0,,0,0,0,1464,,,,,
Indore,icon,temperature,37.0,,0,0,0,1464,,,,,
Jabalpur,icon,temperature,37.0,,0,0,0,1464,,,,,
Jaipur,icon,temperature,37.0,,1,0,1,1462,1.0,0.5,0.5,0.4996582365003418,-0.0006835269993166193
Jodhpur,icon,temperature,37.0,,30,6,6,1422,0.8333333333333334,0.16666666666666666,0.7142857142857143,0.7081339712918661,0.6582633053221288
Kanpur,icon,temperature,37.0,,0,0,0,1464,,,,,
Kochi,icon,temperature,37.0,,0,0,0,1464,,,,,
Kolkata,icon,temperature,37.0,,0,0,0,1464,,,,,
Kota,icon,temperature,37.0,,0,0,0,1464,,,,,
Lucknow,icon,temperature,37.0,,0,0,0,1464,,,,,
Ludhiana,icon,temperature,37.0,,1,6,8,1449,0.14285714285714285,0.8888888888888888,0.06666666666666667,0.06398136731059048,-1.009608785175017
Madurai,icon,temperature,37.0,,51,39,21,1353,0.5666666666666667,0.2916666666666667,0.4594594594594595,0.43700969081679747,0.289665211062591
Mumbai,icon,temperature,37.0,,0,0,0,1464,,,,,
Nagpur,icon,temperature,37.0,,0,0,0,1464,,,,,
Nashik,icon,temperature,37.0,,0,0,0,1464,,,,,
Patna,icon,temperature,37.0,,0,0,0,1464,,,,,
Pune,icon,temperature,37.0,,0,0,0,1464,,,,,
Raipur,icon,temperature,37.0,,0,0,0,1464,,,,,
Ranchi,icon,temperature,37.0,,0,0,0,1464,,,,,
Shillong,icon,temperature,37.0,,0,0,0,1464,,,,,
Shimla,icon,temperature,37.0,,0,0,0,1464,,,,,
Srinagar,icon,temperature,37.0,,0,0,0,1464,,,,,
Surat,icon,temperature,37.0,,0,0,0,1464,,,,,
Thane,icon,temperature,37.0,,0,0,0,1464,,,,,
Thiruvananthapuram,icon,temperature,37.0,,0,0,0,1464,,,,,
Vadodara,icon,temperature,37.0,,0,0,2,1462,,1.0,0.0,0.0,
Varanasi,icon,temperature,37.0,,0,0,0,1464,,,,,
Vijayawada,icon,temperature,37.0,,0,0,1,1463,,1.0,0.0,0.0,
Visakhapatnam,icon,temperature,37.0,,0,0,0,1464,,,,,
Agartala,gem,temperature,37.0,,0,0,0,1464,,,,,
Agra,gem,temperature,37.0,,0,0,0,1464,,,,,
Ahmedabad,gem,temperature,37.0,,0,0,7,1457,,1.0,0.0,0.0,
Amritsar,gem,temperature,37.0,,0,0,16,1448,,1.0,0.0,0.0,
Bengaluru,gem,temperature,37.0,,0,0,0,1464,,,,,
Bhopal,gem,temperature,37.0,,0,0,0,1464,,,,,
Bhubaneswar,gem,temperature,37.0,,0,0,0,1464,,,,,
Chandigarh,gem,temperature,37.0,,0,0,0,1464,,,,,
Chennai,gem,temperature,37.0,,0,1,0,1463,0.0,,0.0,0.0,-0.0006835269993166193
Coimbatore,gem,temperature,37.0,,0,0,0,1464,,,,,
Dehradun,gem,temperature,37.0,,0,0,0,1464,,,,,
Delhi,gem,temperature,37.0,,0,0,0,1464,,,,,
Ghaziabad,gem,temperature,37.0,,0,0,0,1464,,,,,
Goa,gem,temperature,37.0,,0,0,0,1464,,,,,
Guwahati,gem,temperature,37.0,,0,0,0,1464,,,,,
Hyderabad,gem,temperature,37.0,,0,0,0,1464,,,,,
Imphal,gem,temperature,37.0,,0,0,0,1464,,,,,
Indore,gem,temperature,37.0,,0,0,0,1464,,,,,
Jabalpur,gem,temperature,37.0,,0,0,0,1464,,,,,
Jaipur,gem,temperature,37.0,,0,1,0,1463,0.0,,0.0,0.0,-0.0006835269993166193
Jodhpur,gem,temperature,37.0,,25,11,14,1414,0.6944444444444444,0.358974358974359,0.5,0.4902222965067692,0.2880485527544351
Kanpur,gem,temperature,37.0,,0,0,2,1462,,1.0,0.0,0.0,
Kochi,gem,temperature,37.0,,0,0,0,1464,,,,,
Kolkata,gem,temperature,37.0,,0,0,0,1464,,,,,
Kota,gem,temperature,37.0,,0,0,0,1464,,,,,
Lucknow,gem,temperature,37.0,,0,0,0,1464,,,,,
Ludhiana,gem,temperature,37.0,,5,2,31,1426,0.7142857142857143,0.8611111111111112,0.13157894736842105,0.1276273022751896,-3.736934993626826
Madurai,gem,temperature,37.0,,37,53,18,1356,0.4111111111111111,0.32727272727272727,0.3425925925925926,0.3213460257766287,0.15943716642406602
Mumbai,gem,temperature,37.0,,0,0,0,1464,,,,,
Nagpur,gem,temperature,37.0,,0,0,0,1464,,,,,
Nashik,gem,temperature,37.0,,0,0,0,1464,,,,,
Patna,gem,temperature,37.0,,0,0,2,1462,,1.0,0.0,0.0,
Pune,gem,temperature,37.0,,0,0,0,1464,,,,,
Raipur,gem,temperature,37.0,,0,0,0,1464,,,,,
Ranchi,gem,temperature,37.0,,0,0,0,1464,,,,,
Shillong,gem,temperature,37.0,,0,0,0,1464,,,,,
Shimla,gem,temperature,37.0,,0,0,0,1464,,,,,
Srinagar,gem,temperature,37.0,,0,0,0,1464,,,,,
Surat,gem,temperature,37.0,,0,0,0,1464,,,,,
Thane,gem,temperature,37.0,,0,0,0,1464,,,,,
Thiruvananthapuram,gem,temperature,37.0,,0,0,0,1464,,,,,
Vadodara,gem,temperature,37.0,,0,0,3,1461,,1.0,0.0,0.0,
Varanasi,gem,temperature,37.0,,0,0,0,1464,,,,,
Vijayawada,gem,temperature,37.0,,0,0,12,1452,,1.0,0.0,0.0,
Visakhapatnam,gem,temperature,37.0,,0,0,0,1464,,,,,
Agartala,jma,temperature,37.0,,0,0,0,1464,,,,,
Agra,jma,temperature,37.0,,0,0,0,1464,,,,,
Ahmedabad,jma,temperature,37.0,,0,0,0,1464,,,,,
Amritsar,jma,temperature,37.0,,0,0,28,1436,,1.0,0.0,0.0,
Bengaluru,jma,temperature,37.0,,0,0,0,1464,,,,,
Bhopal,jma,temperature,37.0,,0,0,0,1464,,,,,
Bhubaneswar,jma,temperature,37.0,,0,0,0,1464,,,,,
Chandigarh,jma,temperature,37.0,,0,0,0,1464,,,,,
Chennai,jma,temperature,37.0,,0,1,0,1463,0.0,,0.0,0.0,-0.0006835269993166193
Coimbatore,jma,temperature,37.0,,0,0,0,1464,,,,,
Dehradun,jma,temperature,37.0,,0,0,0,1464,,,,,
Delhi,jma,temperature,37.0,,0,0,0,1464,,,,,
Ghaziabad,jma,temperature,37.0,,0,0,0,1464,,,,,
Goa,jma,temperature,37.0,,0,0,0,1464,,,,,
Guwahati,jma,temperature,37.0,,0,0,0,1464,,,,,
Hyderabad,jma,temperature,37.0,,0,0,0,1464,,,,,
Imphal,jma,temperature,37.0,,0,0,0,1464,,,,,
Indore,jma,temperature,37.0,,0,0,0,1464,,,,,
Jabalpur,jma,temperature,37.0,,0,0,0,1464,,,,,
Jaipur,jma,temperature,37.0,,0,1,0,1463,0.0,,0.0,0.0,-0.0006835269993166193
Jodhpur,jma,temperature,37.0,,34,2,10,1418,0.9444444444444444,0.22727272727272727,0.7391304347826086,0.7328467153284671,0.6582633053221288
Kanpur,jma,temperature,37.0,,0,0,0,1464,,,,,
Kochi,jma,temperature,37.0,,0,0,0,1464,,,,,
Kolkata,jma,temperature,37.0,,0,0,0,1464,,,,,
Kota,jma,temperature,37.0,,0,0,0,1464,,,,,
Lucknow,jma,temperature,37.0,,0,0,0,1464,,,,,
Ludhiana,jma,temperature,37.0,,0,7,0,1457,0.0,,0.0,0.0,-0.0048043925875085325
Madurai,jma,temperature,37.0,,14,76,0,1374,0.15555555555555556,0.0,0.15555555555555556,0.1474022988505747,0.10024260067928181
Mumbai,jma,temperature,37.0,,0,0,0,1464,,,,,
Nagpur,jma,temperature,37.0,,0,0,0,1464,,,,,
Nashik,jma,temperature,37.0,,0,0,0,1464,,,,,
Patna,jma,temperature,37.0,,0,0,0,1464,,,,,
Pune,jma,temperature,37.0,,0,0,0,1464,,,,,
Raipur,jma,temperature,37.0,,0,0,0,1464,,,,,
Ranchi,jma,temperature,37.0,,0,0,0,1464,,,,,
Shillong,jma,temperature,37.0,,0,0,0,1464,,,,,
Shimla,jma,temperature,37.0,,0,0,0,1464,,,,,
Srinagar,jma,temperature,37.0,,0,0,0,1464,,,,,
Surat,jma,temperature,37.0,,0,0,0,1464,,,,,
Thane,jma,temperature,37.0,,0,0,0,1464,,,,,
Thiruvananthapuram,jma,temperature,37.0,,0,0,0,1464,,,,,
Vadodara,jma,temperature,37.0,,0,0,0,1464,,,,,
Varanasi,jma,temperature,37.0,,0,0,0,1464,,,,,
Vijayawada,jma,temperature,37.0,,0,0,1,1463,,1.0,0.0,0.0,
Visakhapatnam,jma,temperature,37.0,,0,0,0,1464,,,,,
Agartala,ukmo,temperature,37.0,,0,0,0,1464,,,,,
Agra,ukmo,temperature,37.0,,0,0,0,1464,,,,,
Ahmedabad,ukmo,temperature,37.0,,0,0,8,1456,,1.0,0.0,0.0,
Amritsar,ukmo,temperature,37.0,,0,0,20,1444,,1.0,0.0,0.0,
Bengaluru,ukmo,temperature,37.0,,0,0,0,1464,,,,,
Bhopal,ukmo,temperature,37.0,,0,0,0,1464,,,,,
Bhubaneswar,ukmo,temperature,37.0,,0,0,0,1464,,,,,
Chandigarh,ukmo,temperature,37.0,,0,0,0,1464,,,,,
Chennai,ukmo,temperature,37.0,,0,1,0,1463,0.0,,0.0,0.0,-0.0006835269993166193
Coimbatore,ukmo,temperature,37.0,,0,0,0,1464,,,,,
Dehradun,ukmo,temperature,37.0,,0,0,0,1464,,,,,
Delhi,ukmo,temperature,37.0,,0,0,6,1458,,1.0,0.0,0.0,
Ghaziabad,ukmo,temperature,37.0,,0,0,0,1464,,,,,
Goa,ukmo,temperature,37.0,,0,0,0,1464,,,,,
Guwahati,ukmo,temperature,37.0,,0,0,0,1464,,,,,
Hyderabad,ukmo,temperature,37.0,,0,0,0,1464,,,,,
Imphal,ukmo,temperature,37.0,,0,0,0,1464,,,,,
Indore,ukmo,temperature,37.0,,0,0,0,1464,,,,,
Jabalpur,ukmo,temperature,37.0,,0,0,0,1464,,,,,
Jaipur,ukmo,temperature,37.0,,0,1,0,1463,0.0,,0.0,0.0,-0.0006835269993166193
Jodhpur,ukmo,temperature,37.0,,31,5,32,1396,0.8611111111111112,0.5079365079365079,0.45588235294117646,0.4431972369557173,-0.05368814192343607
Kanpur,ukmo,temperature,37.0,,0,0,0,1464,,,,,
Kochi,ukmo,temperature,37.0,,0,0,0,1464,,,,,
Kolkata,ukmo,temperature,37.0,,0,0,0,1464,,,,,
Kota,ukmo,temperature,37.0,,0,0,1,1463,,1.0,0.0,0.0,
Lucknow,ukmo,temperature,37.0,,0,0,0,1464,,,,,
Ludhiana,ukmo,temperature,37.0,,0,7,3,1454,0.0,1.0,0.0,-0.0014364867638005335,-0.43543484655358355
Madurai,ukmo,temperature,37.0,,24,66,7,1367,0.26666666666666666,0.22580645161290322,0.24742268041237114,0.23234064560617165,0.13575934012615232
Mumbai,ukmo,temperature,37.0,,0,0,0,1464,,,,,
Nagpur,ukmo,temperature,37.0,,0,0,0,1464,,,,,
Nashik,ukmo,temperature,37.0,,0,0,0,1464,,,,,
Patna,ukmo,temperature,37.0,,0,0,0,1464,,,,,
Pune,ukmo,temperature,37.0,,0,0,0,1464,,,,,
Raipur,ukmo,temperature,37.0,,0,0,0,1464,,,,,
Ranchi,ukmo,temperature,37.0,,0,0,0,1464,,,,,
Shillong,ukmo,temperature,37.0,,0,0,0,1464,,,,,
Shimla,ukmo,temperature,37.0,,0,0,0,1464,,,,,
Srinagar,ukmo,temperature,37.0,,0,0,0,1464,,,,,
Surat,ukmo,temperature,37.0,,0,0,0,1464,,,,,
Thane,ukmo,temperature,37.0,,0,0,0,1464,,,,,
Thiruvananthapuram,ukmo,temperature,37.0,,0,0,0,1464,,,,,
Vadodara,ukmo,temperature,37.0,,0,0,0,1464,,,,,
Varanasi,ukmo,temperature,37.0,,0,0,0,1464,,,,,
Vijayawada,ukmo,temperature,37.0,,0,0,2,1462,,1.0,0.0,0.0,
Visakhapatnam,ukmo,temperature,37.0,,0,0,0,1464,,,,,
Agartala,equal_avg,temperature,37.0,,0,0,0,1464,,,,,
Agra,equal_avg,temperature,37.0,,0,0,0,1464,,,,,
Ahmedabad,equal_avg,temperature,37.0,,0,0,0,1464,,,,,
Amritsar,equal_avg,temperature,37.0,,0,0,8,1456,,1.0,0.0,0.0,
Bengaluru,equal_avg,temperature,37.0,,0,0,0,1464,,,,,
Bhopal,equal_avg,temperature,37.0,,0,0,0,1464,,,,,
Bhubaneswar,equal_avg,temperature,37.0,,0,0,0,1464,,,,,
Chandigarh,equal_avg,temperature,37.0,,0,0,0,1464,,,,,
Chennai,equal_avg,temperature,37.0,,0,1,0,1463,0.0,,0.0,0.0,-0.0006835269993166193
Coimbatore,equal_avg,temperature,37.0,,0,0,0,1464,,,,,
Dehradun,equal_avg,temperature,37.0,,0,0,0,1464,,,,,
Delhi,equal_avg,temperature,37.0,,0,0,0,1464,,,,,
Ghaziabad,equal_avg,temperature,37.0,,0,0,0,1464,,,,,
Goa,equal_avg,temperature,37.0,,0,0,0,1464,,,,,
Guwahati,equal_avg,temperature,37.0,,0,0,0,1464,,,,,
Hyderabad,equal_avg,temperature,37.0,,0,0,0,1464,,,,,
Imphal,equal_avg,temperature,37.0,,0,0,0,1464,,,,,
Indore,equal_avg,temperature,37.0,,0,0,0,1464,,,,,
Jabalpur,equal_avg,temperature,37.0,,0,0,0,1464,,,,,
Jaipur,equal_avg,temperature,37.0,,0,1,0,1463,0.0,,0.0,0.0,-0.0006835269993166193
Jodhpur,equal_avg,temperature,37.0,,30,6,6,1422,0.8333333333333334,0.16666666666666666,0.7142857142857143,0.7081339712918661,0.6582633053221288
Kanpur,equal_avg,temperature,37.0,,0,0,0,1464,,,,,
Kochi,equal_avg,temperature,37.0,,0,0,0,1464,,,,,
Kolkata,equal_avg,temperature,37.0,,0,0,0,1464,,,,,
Kota,equal_avg,temperature,37.0,,0,0,0,1464,,,,,
Lucknow,equal_avg,temperature,37.0,,0,0,0,1464,,,,,
Ludhiana,equal_avg,temperature,37.0,,2,5,1,1456,0.2857142857142857,0.3333333333333333,0.25,0.24865280985373364,0.13873909206784985
Madurai,equal_avg,temperature,37.0,,19,71,1,1373,0.2111111111111111,0.05,0.2087912087912088,0.19795471146822496,0.14759825327510911
Mumbai,equal_avg,temperature,37.0,,0,0,0,1464,,,,,
Nagpur,equal_avg,temperature,37.0,,0,0,0,1464,,,,,
Nashik,equal_avg,temperature,37.0,,0,0,0,1464,,,,,
Patna,equal_avg,temperature,37.0,,0,0,0,1464,,,,,
Pune,equal_avg,temperature,37.0,,0,0,0,1464,,,,,
Raipur,equal_avg,temperature,37.0,,0,0,0,1464,,,,,
Ranchi,equal_avg,temperature,37.0,,0,0,0,1464,,,,,
Shillong,equal_avg,temperature,37.0,,0,0,0,1464,,,,,
Shimla,equal_avg,temperature,37.0,,0,0,0,1464,,,,,
Srinagar,equal_avg,temperature,37.0,,0,0,0,1464,,,,,
Surat,equal_avg,temperature,37.0,,0,0,0,1464,,,,,
Thane,equal_avg,temperature,37.0,,0,0,0,1464,,,,,
Thiruvananthapuram,equal_avg,temperature,37.0,,0,0,0,1464,,,,,
Vadodara,equal_avg,temperature,37.0,,0,0,0,1464,,,,,
Varanasi,equal_avg,temperature,37.0,,0,0,0,1464,,,,,
Vijayawada,equal_avg,temperature,37.0,,0,0,0,1464,,,,,
Visakhapatnam,equal_avg,temperature,37.0,,0,0,0,1464,,,,,
Agartala,weighted_blend,temperature,37.0,,0,0,0,1464,,,,,
Agra,weighted_blend,temperature,37.0,,0,0,0,1464,,,,,
Ahmedabad,weighted_blend,temperature,37.0,,0,0,0,1464,,,,,
Amritsar,weighted_blend,temperature,37.0,,0,0,0,1464,,,,,
Bengaluru,weighted_blend,temperature,37.0,,0,0,0,1464,,,,,
Bhopal,weighted_blend,temperature,37.0,,0,0,0,1464,,,,,
Bhubaneswar,weighted_blend,temperature,37.0,,0,0,0,1464,,,,,
Chandigarh,weighted_blend,temperature,37.0,,0,0,0,1464,,,,,
Chennai,weighted_blend,temperature,37.0,,0,1,0,1463,0.0,,0.0,0.0,-0.0006835269993166193
Coimbatore,weighted_blend,temperature,37.0,,0,0,0,1464,,,,,
Dehradun,weighted_blend,temperature,37.0,,0,0,0,1464,,,,,
Delhi,weighted_blend,temperature,37.0,,0,0,0,1464,,,,,
Ghaziabad,weighted_blend,temperature,37.0,,0,0,0,1464,,,,,
Goa,weighted_blend,temperature,37.0,,0,0,0,1464,,,,,
Guwahati,weighted_blend,temperature,37.0,,0,0,0,1464,,,,,
Hyderabad,weighted_blend,temperature,37.0,,0,0,0,1464,,,,,
Imphal,weighted_blend,temperature,37.0,,0,0,0,1464,,,,,
Indore,weighted_blend,temperature,37.0,,0,0,0,1464,,,,,
Jabalpur,weighted_blend,temperature,37.0,,0,0,0,1464,,,,,
Jaipur,weighted_blend,temperature,37.0,,0,1,0,1463,0.0,,0.0,0.0,-0.0006835269993166193
Jodhpur,weighted_blend,temperature,37.0,,31,5,0,1428,0.8611111111111112,0.0,0.8611111111111112,0.8581065364038147,0.8576097105508871
Kanpur,weighted_blend,temperature,37.0,,0,0,0,1464,,,,,
Kochi,weighted_blend,temperature,37.0,,0,0,0,1464,,,,,
Kolkata,weighted_blend,temperature,37.0,,0,0,0,1464,,,,,
Kota,weighted_blend,temperature,37.0,,0,0,0,1464,,,,,
Lucknow,weighted_blend,temperature,37.0,,0,0,0,1464,,,,,
Ludhiana,weighted_blend,temperature,37.0,,0,7,0,1457,0.0,,0.0,0.0,-0.0048043925875085325
Madurai,weighted_blend,temperature,37.0,,17,73,0,1374,0.18888888888888888,0.0,0.18888888888888888,0.17935959456346465,0.13575934012615232
Mumbai,weighted_blend,temperature,37.0,,0,0,0,1464,,,,,
Nagpur,weighted_blend,temperature,37.0,,0,0,0,1464,,,,,
Nashik,weighted_blend,temperature,37.0,,0,0,0,1464,,,,,
Patna,weighted_blend,temperature,37.0,,0,0,0,1464,,,,,
Pune,weighted_blend,temperature,37.0,,0,0,0,1464,,,,,
Raipur,weighted_blend,temperature,37.0,,0,0,0,1464,,,,,
Ranchi,weighted_blend,temperature,37.0,,0,0,0,1464,,,,,
Shillong,weighted_blend,temperature,37.0,,0,0,0,1464,,,,,
Shimla,weighted_blend,temperature,37.0,,0,0,0,1464,,,,,
Srinagar,weighted_blend,temperature,37.0,,0,0,0,1464,,,,,
Surat,weighted_blend,temperature,37.0,,0,0,0,1464,,,,,
Thane,weighted_blend,temperature,37.0,,0,0,0,1464,,,,,
Thiruvananthapuram,weighted_blend,temperature,37.0,,0,0,0,1464,,,,,
Vadodara,weighted_blend,temperature,37.0,,0,0,0,1464,,,,,
Varanasi,weighted_blend,temperature,37.0,,0,0,0,1464,,,,,
Vijayawada,weighted_blend,temperature,37.0,,0,0,0,1464,,,,,
Visakhapatnam,weighted_blend,temperature,37.0,,0,0,0,1464,,,,,
Agartala,ecmwf,rainfall,4.0,,5,12,13,1434,0.29411764705882354,0.7222222222222222,0.16666666666666666,0.16081992020910718,-0.48786536038050343
Agra,ecmwf,rainfall,4.0,,0,13,0,1451,0.0,,0.0,0.0,-0.008959338387319216
Ahmedabad,ecmwf,rainfall,4.0,,15,4,6,1439,0.7894736842105263,0.2857142857142857,0.6,0.5955912820087843,0.46676379530140233
Amritsar,ecmwf,rainfall,4.0,,0,10,0,1454,0.0,,0.0,0.0,-0.00687757909215958
Bengaluru,ecmwf,rainfall,4.0,,2,10,1,1451,0.16666666666666666,0.3333333333333333,0.15384615384615385,0.15224257738471259,0.07575757575757591
Bhopal,ecmwf,rainfall,4.0,,14,5,4,1441,0.7368421052631579,0.2222222222222222,0.6086956521739131,0.6046804680468046,0.520087415771262
Bhubaneswar,ecmwf,rainfall,4.0,,24,44,21,1375,0.35294117647058826,0.4666666666666667,0.2696629213483146,0.2520984626992361,-0.0024439575257038104
Chandigarh,ecmwf,rainfall,4.0,,3,5,6,1450,0.375,0.6666666666666666,0.21428571428571427,0.21151586368977673,-0.38255494505494503
Chennai,ecmwf,rainfall,4.0,,2,7,4,1451,0.2222222222222222,0.6666666666666666,0.15384615384615385,0.15143850774581094,-0.22978235967926697
Coimbatore,ecmwf,rainfall,4.0,,4,7,2,1451,0.36363636363636365,0.3333333333333333,0.3076923076923077,0.30528313824739006,0.17562410060689482
Dehradun,ecmwf,rainfall,4.0,,7,11,11,1435,0.3888888888888889,0.6111111111111112,0.2413793103448276,0.23554542865280548,-0.23743660673121236
Delhi,ecmwf,rainfall,4.0,,3,13,6,1442,0.1875,0.6666666666666666,0.13636363636363635,0.13248502994011974,-0.20062154696132595
Ghaziabad,ecmwf,rainfall,4.0,,2,10,1,1451,0.16666666666666666,0.3333333333333333,0.15384615384615385,0.15224257738471259,0.07575757575757591
Goa,ecmwf,rainfall,4.0,,0,30,3,1431,0.0,1.0,0.0,-0.0018663680477790218,-0.1230125523012553
Guwahati,ecmwf,rainfall,4.0,,6,25,6,1427,0.1935483870967742,0.5,0.16216216216216217,0.1563685032344412,-0.021632937892533066
Hyderabad,ecmwf,rainfall,4.0,,0,1,0,1463,0.0,,0.0,0.0,-0.0006835269993166193
Imphal,ecmwf,rainfall,4.0,,3,7,0,1454,0.3,0.0,0.3,0.2985626283367556,0.29518569463548827
Indore,ecmwf,rainfall,4.0,,3,13,3,1445,0.1875,0.5,0.15789473684210525,0.15497835497835497,-0.011049723756906049
Jabalpur,ecmwf,rainfall,4.0,,7,17,11,1429,0.2916666666666667,0.6111111111111112,0.2,0.19319792158715163,-0.18611111111111112
Jaipur,ecmwf,rainfall,4.0,,0,6,0,1458,0.0,,0.0,0.0,-0.00411522633744843
Jodhpur,ecmwf,rainfall,4.0,,1,2,2,1459,0.3333333333333333,0.6666666666666666,0.2,0.1990151826015593,-0.3360711841204651
Kanpur,ecmwf,rainfall,4.0,,27,25,9,1403,0.5192307692307693,0.25,0.4426229508196721,0.43068899258852594,0.32207452604053166
Kochi,ecmwf,rainfall,4.0,,18,19,3,1424,0.4864864864864865,0.14285714285714285,0.45,0.44260422615648204,0.3899884467508854
Kolkata,ecmwf,rainfall,4.0,,10,23,29,1402,0.30303030303030304,0.7435897435897436,0.16129032258064516,0.1492272102457505,-0.6120958007750461
Kota,ecmwf,rainfall,4.0,,4,9,8,1443,0.3076923076923077,0.6666666666666666,0.19047619047619047,0.186347587289133,-0.3194083655834177
Lucknow,ecmwf,rainfall,4.0,,11,16,7,1430,0.4074074074074074,0.3888888888888889,0.3235294117647059,0.31685940353012776,0.1321425809943556
Ludhiana,ecmwf,rainfall,4.0,,2,4,4,1454,0.3333333333333333,0.6666666666666666,0.2,0.1980279375513558,-0.3388203017832647
Madurai,ecmwf,rainfall,4.0,,4,7,5,1448,0.36363636363636365,0.5555555555555556,0.25,0.24681672025723472,-0.0991678658574735
Mumbai,ecmwf,rainfall,4.0,,0,5,0,1459,0.0,,0.0,0.0,-0.0034270047978066653
Nagpur,ecmwf,rainfall,4.0,,6,2,9,1447,0.75,0.6,0.35294117647058826,0.3498062015503876,-0.38255494505494503
Nashik,ecmwf,rainfall,4.0,,2,2,1,1459,0.5,0.3333333333333333,0.4,0.39901477832512317,0.24794520547945198
Patna,ecmwf,rainfall,4.0,,4,19,5,1436,0.17391304347826086,0.5555555555555556,0.14285714285714285,0.13850680397204856,-0.06013336149413151
Pune,ecmwf,rainfall,4.0,,0,1,3,1460,0.0,1.0,0.0,-0.000512557662737058,-3.0027341079972665
Raipur,ecmwf,rainfall,4.0,,8,21,7,1428,0.27586206896551724,0.4666666666666667,0.2222222222222222,0.2157492969063881,0.014970563498738376
Ranchi,ecmwf,rainfall,4.0,,6,16,9,1433,0.2727272727272727,0.6,0.1935483870967742,0.18764149687042214,-0.15370066826377515
Shillong,ecmwf,rainfall,4.0,,3,4,3,1454,0.42857142857142855,0.5,0.3,0.29798602548294284,-0.0048043925875085325
Shimla,ecmwf,rainfall,4.0,,0,3,0,1461,0.0,,0.0,0.0,-0.002053388090349051
Srinagar,ecmwf,rainfall,4.0,,0,0,0,1464,,,,,
Surat,ecmwf,rainfall,4.0,,14,5,7,1438,0.7368421052631579,0.3333333333333333,0.5384615384615384,0.5335722819593788,0.3601165543616828
Thane,ecmwf,rainfall,4.0,,3,3,0,1458,0.5,0.0,0.5,0.49897330595482553,0.4979423868312758
Thiruvananthapuram,ecmwf,rainfall,4.0,,1,5,5,1453,0.16666666666666666,0.8333333333333334,0.09090909090909091,0.08887229275578791,-0.6735253772290808
Vadodara,ecmwf,rainfall,4.0,,14,3,7,1440,0.8235294117647058,0.3333333333333333,0.5833333333333334,0.5790563270939361,0.40485385584779876
Varanasi,ecmwf,rainfall,4.0,,5,19,4,1436,0.20833333333333334,0.4444444444444444,0.17857142857142858,0.17422012948793408,0.025694444444444464
Vijayawada,ecmwf,rainfall,4.0,,5,5,4,1450,0.5,0.4444444444444444,0.35714285714285715,0.3543075566009997,0.09381017881705644
Visakhapatnam,ecmwf,rainfall,4.0,,21,23,9,1411,0.4772727272727273,0.3,0.39622641509433965,0.38577721837633727,0.250192061459667
Agartala,gfs,rainfall,4.0,,0,17,3,1444,0.0,1.0,0.0,-0.0017448424509904545,-0.19029228830440248
Agra,gfs,rainfall,4.0,,0,13,2,1449,0.0,1.0,0.0,-0.0011853743047323788,-0.16418385198536822
Ahmedabad,gfs,rainfall,4.0,,2,17,10,1435,0.10526315789473684,0.8333333333333334,0.06896551724137931,0.06393861892583119,-0.4397377526862136
Amritsar,gfs,rainfall,4.0,,0,10,0,1454,0.0,,0.0,0.0,-0.00687757909215958
Bengaluru,gfs,rainfall,4.0,,0,12,5,1447,0.0,1.0,0.0,-0.0024166263895601735,-0.42837465564738286
Bhopal,gfs,rainfall,4.0,,6,13,3,1442,0.3157894736842105,0.3333333333333333,0.2727272727272727,0.26884539750913006,0.14682207248224377
Bhubaneswar,gfs,rainfall,4.0,,3,65,9,1387,0.04411764705882353,0.75,0.03896103896103896,0.031953677889770535,-0.14124389010618588
Chandigarh,gfs,rainfall,4.0,,0,8,2,1454,0.0,1.0,0.0,-0.0010940919037199124,-0.25686813186813184
Chennai,gfs,rainfall,4.0,,0,9,3,1452,0.0,1.0,0.0,-0.0015392508978963571,-0.3415807560137458
Coimbatore,gfs,rainfall,4.0,,0,11,0,1453,0.0,,0.0,0.0,-0.007570543702684063
Dehradun,gfs,rainfall,4.0,,0,18,10,1436,0.0,1.0,0.0,-0.004410467509556012,-0.5749193176579068
Delhi,gfs,rainfall,4.0,,0,16,2,1446,0.0,1.0,0.0,-0.0012158054711246201,-0.1374309392265194
Ghaziabad,gfs,rainfall,4.0,,0,12,5,1447,0.0,1.0,0.0,-0.0024166263895601735,-0.42837465564738286
Goa,gfs,rainfall,4.0,,1,29,3,1431,0.03333333333333333,0.75,0.030303030303030304,0.027888446215139442,-0.08898186889818693
Guwahati,gfs,rainfall,4.0,,0,31,21,1412,0.0,1.0,0.0,-0.008625144083628125,-0.7137068635616686
Hyderabad,gfs,rainfall,4.0,,0,1,2,1461,0.0,1.0,0.0,-0.0004555808656036446,-2.00205058099795
Imphal,gfs,rainfall,4.0,,0,10,6,1448,0.0,1.0,0.0,-0.0025680534155110425,-0.6110041265474553
Indore,gfs,rainfall,4.0,,2,14,8,1440,0.125,0.8,0.08333333333333333,0.07913998170173835,-0.39019337016574585
Jabalpur,gfs,rainfall,4.0,,3,21,9,1431,0.125,0.75,0.09090909090909091,0.08545727136431783,-0.27083333333333326
Jaipur,gfs,rainfall,4.0,,0,6,5,1453,0.0,1.0,0.0,-0.0018663680477790218,-0.8408779149519887
Jodhpur,gfs,rainfall,4.0,,0,3,0,1461,0.0,,0.0,0.0,-0.002053388090349051
Kanpur,gfs,rainfall,4.0,,9,43,6,1406,0.17307692307692307,0.4,0.15517241379310345,0.1473398944515761,0.02298975811723669
Kochi,gfs,rainfall,4.0,,0,37,0,1427,0.0,,0.0,0.0,-0.025928521373510982
Kolkata,gfs,rainfall,4.0,,0,33,2,1429,0.0,1.0,0.0,-0.0012897174346347756,-0.08506448129089628
Kota,gfs,rainfall,4.0,,1,12,6,1445,0.07692307692307693,0.8571428571428571,0.05263157894736842,0.049522091974752026,-0.39702062238244196
Lucknow,gfs,rainfall,4.0,,4,23,17,1420,0.14814814814814814,0.8095238095238095,0.09090909090909091,0.08283606634403044,-0.5093172504445989
Ludhiana,gfs,rainfall,4.0,,0,6,1,1457,0.0,1.0,0.0,-0.0005858230814294084,-0.17146776406035658
Madurai,gfs,rainfall,4.0,,0,11,10,1443,0.0,1.0,0.0,-0.0035907814846249265,-0.9235437652505787
Mumbai,gfs,rainfall,4.0,,0,5,6,1453,0.0,1.0,0.0,-0.0018663680477790218,-1.2075394105551749
Nagpur,gfs,rainfall,4.0,,0,8,4,1452,0.0,1.0,0.0,-0.0018248175182481751,-0.5082417582417582
Nashik,gfs,rainfall,4.0,,3,1,10,1450,0.75,0.7692307692307693,0.21428571428571427,0.2122872236352964,-1.7575342465753425
Patna,gfs,rainfall,4.0,,1,22,7,1434,0.043478260869565216,0.875,0.03333333333333333,0.029266508139747575,-0.2809944784720757
Pune,gfs,rainfall,4.0,,0,1,4,1459,0.0,1.0,0.0,-0.0005467468562055768,-4.003417634996583
Raipur,gfs,rainfall,4.0,,3,26,18,1417,0.10344827586206896,0.8571428571428571,0.06382978723404255,0.05547002155456825,-0.5479034002162682
Ranchi,gfs,rainfall,4.0,,0,22,11,1431,0.0,1.0,0.0,-0.005034324942791762,-0.5228848821081831
Shillong,gfs,rainfall,4.0,,0,7,3,1454,0.0,1.0,0.0,-0.0014364867638005335,-0.43543484655358355
Shimla,gfs,rainfall,4.0,,0,3,0,1461,0.0,,0.0,0.0,-0.002053388090349051
Srinagar,gfs,rainfall,4.0,,0,0,1,1463,,1.0,0.0,0.0,
Surat,gfs,rainfall,4.0,,3,16,11,1434,0.15789473684210525,0.7857142857142857,0.1,0.09451596646355433,-0.4397377526862136
Thane,gfs,rainfall,4.0,,1,5,4,1454,0.16666666666666666,0.8,0.1,0.09815195071868583,-0.5061728395061726
Thiruvananthapuram,gfs,rainfall,4.0,,0,6,1,1457,0.0,1.0,0.0,-0.0005858230814294084,-0.17146776406035658
Vadodara,gfs,rainfall,4.0,,1,16,9,1438,0.058823529411764705,0.9,0.038461538461538464,0.034147886208898505,-0.48786536038050343
Varanasi,gfs,rainfall,4.0,,2,22,12,1428,0.08333333333333333,0.8571428571428571,0.05555555555555555,0.04949587534372136,-0.44027777777777777
Vijayawada,gfs,rainfall,4.0,,0,10,13,1441,0.0,1.0,0.0,-0.0038757378808657807,-1.3158184319119668
Visakhapatnam,gfs,rainfall,4.0,,11,33,15,1405,0.25,0.5769230769230769,0.1864406779661017,0.175520931105688,-0.12471190781049946
Agartala,icon,rainfall,4.0,,0,17,6,1441,0.0,1.0,0.0,-0.003038427167113494,-0.368836131550063
Agra,icon,rainfall,4.0,,0,13,13,1438,0.0,1.0,0.0,-0.0044596912521440825,-1.0179186767746384
Ahmedabad,icon,rainfall,4.0,,6,13,15,1430,0.3157894736842105,0.7142857142857143,0.17647058823529413,0.16981590619114165,-0.49306137315607357
Amritsar,icon,rainfall,4.0,,0,10,6,1448,0.0,1.0,0.0,-0.0025680534155110425,-0.6110041265474553
Bengaluru,icon,rainfall,4.0,,0,12,4,1448,0.0,1.0,0.0,-0.002053388090349076,-0.3443526170798896
Bhopal,icon,rainfall,4.0,,3,16,32,1413,0.15789473684210525,0.9142857142857143,0.058823529411764705,0.050365545480344324,-1.559533782553269
Bhubaneswar,icon,rainfall,4.0,,3,65,20,1376,0.04411764705882353,0.8695652173913043,0.03409090909090909,0.022220825344941384,-0.3108882521489973
Chandigarh,icon,rainfall,4.0,,0,8,2,1454,0.0,1.0,0.0,-0.0010940919037199124,-0.25686813186813184
Chennai,icon,rainfall,4.0,,1,8,9,1446,0.1111111111111111,0.9,0.05555555555555555,0.052318939913182545,-0.9005727376861399
Coimbatore,icon,rainfall,4.0,,0,11,0,1453,0.0,,0.0,0.0,-0.007570543702684063
Dehradun,icon,rainfall,4.0,,1,17,11,1435,0.05555555555555555,0.9166666666666666,0.034482758620689655,0.02954545454545455,-0.5749193176579068
Delhi,icon,rainfall,4.0,,0,16,11,1437,0.0,1.0,0.0,-0.00447245375076235,-0.7061464088397789
Ghaziabad,icon,rainfall,4.0,,1,11,11,1441,0.08333333333333333,0.9166666666666666,0.043478260869565216,0.03937007874015748,-0.8484848484848482
Goa,icon,rainfall,4.0,,0,30,1,1433,0.0,1.0,0.0,-0.0006614631565021828,-0.05495118549511857
Guwahati,icon,rainfall,4.0,,3,28,34,1399,0.0967741935483871,0.918918918918919,0.046153846153846156,0.03451650303681406,-1.0432658757850661
Hyderabad,icon,rainfall,4.0,,0,1,4,1459,0.0,1.0,0.0,-0.0005467468562055768,-4.003417634996583
Imphal,icon,rainfall,4.0,,0,10,13,1441,0.0,1.0,0.0,-0.0038757378808657807,-1.3158184319119668
Indore,icon,rainfall,4.0,,0,16,10,1438,0.0,1.0,0.0,-0.004221190375685944,-0.6429558011049723
Jabalpur,icon,rainfall,4.0,,1,23,21,1419,0.041666666666666664,0.9545454545454546,0.022222222222222223,0.014322438486962909,-0.8638888888888887
Jaipur,icon,rainfall,4.0,,1,5,8,1450,0.16666666666666666,0.8888888888888888,0.07142857142857142,0.06897563839154681,-1.175582990397805
Jodhpur,icon,rainfall,4.0,,0,3,3,1458,0.0,1.0,0.0,-0.0010256410256410256,-1.004106776180698
Kanpur,icon,rainfall,4.0,,13,39,28,1384,0.25,0.6829268292682927,0.1625,0.14697185793300171,-0.33591196339071705
Kochi,icon,rainfall,4.0,,8,29,3,1424,0.21621621621621623,0.2727272727272727,0.2,0.19440097673378848,0.11271046800128781
Kolkata,icon,rainfall,4.0,,0,33,20,1411,0.0,1.0,0.0,-0.008579004835439089,-0.6430976430976432
Kota,icon,rainfall,4.0,,1,12,7,1444,0.07692307692307693,0.875,0.05,0.04661365505895256,-0.4746328791814667
Lucknow,icon,rainfall,4.0,,7,20,30,1407,0.25925925925925924,0.8108108108108109,0.12280701754385964,0.11217843757959464,-0.886646563055749
Ludhiana,icon,rainfall,4.0,,0,6,3,1455,0.0,1.0,0.0,-0.0013679890560875513,-0.5061728395061726
Madurai,icon,rainfall,4.0,,1,10,18,1435,0.09090909090909091,0.9473684210526315,0.034482758620689655,0.029706251331455488,-1.5647250203341048
Mumbai,icon,rainfall,4.0,,0,5,1,1458,0.0,1.0,0.0,-0.0005695409499943046,-0.20411240575736822
Nagpur,icon,rainfall,4.0,,3,5,13,1443,0.375,0.8125,0.14285714285714285,0.13927358244055396,-1.2623626373626373
Nashik,icon,rainfall,4.0,,2,2,10,1450,0.5,0.8333333333333334,0.14285714285714285,0.14084507042253522,-2.008219178082192
Patna,icon,rainfall,4.0,,0,23,27,1414,0.0,1.0,0.0,-0.008556193940395982,-1.208611169779441
Pune,icon,rainfall,4.0,,0,1,3,1460,0.0,1.0,0.0,-0.000512557662737058,-3.0027341079972665
Raipur,icon,rainfall,4.0,,4,25,24,1411,0.13793103448275862,0.8571428571428571,0.07547169811320754,0.06569419119562386,-0.723801513877208
Ranchi,icon,rainfall,4.0,,3,19,11,1431,0.13636363636363635,0.7857142857142857,0.09090909090909091,0.0850762436463628,-0.38444080191652996
Shillong,icon,rainfall,4.0,,1,6,28,1429,0.14285714285714285,0.9655172413793104,0.02857142857142857,0.024707565099829538,-3.8804784782821846
Shimla,icon,rainfall,4.0,,0,3,5,1456,0.0,1.0,0.0,-0.0012823800974608873,-1.6721423682409302
Srinagar,icon,rainfall,4.0,,0,0,2,1462,,1.0,0.0,0.0,
Surat,icon,rainfall,4.0,,3,16,0,1445,0.15789473684210525,0.0,0.15789473684210525,0.15616556792391656,0.14682207248224377
Thane,icon,rainfall,4.0,,0,6,4,1454,0.0,1.0,0.0,-0.0016420361247947454,-0.6735253772290808
Thiruvananthapuram,icon,rainfall,4.0,,1,5,4,1454,0.16666666666666666,0.8,0.1,0.09815195071868583,-0.5061728395061726
Vadodara,icon,rainfall,4.0,,9,8,7,1440,0.5294117647058824,0.4375,0.375,0.37012391005048184,0.10728078377169814
Varanasi,icon,rainfall,4.0,,3,21,27,1413,0.125,0.9,0.058823529411764705,0.04965920155793573,-1.0333333333333332
Vijayawada,icon,rainfall,4.0,,1,9,11,1443,0.1,0.9166666666666666,0.047619047619047616,0.0438871473354232,-1.0137551581843192
Visakhapatnam,icon,rainfall,4.0,,6,38,24,1396,0.13636363636363635,0.8,0.08823529411764706,0.07598338626924016,-0.45275288092189503
Agartala,gem,rainfall,4.0,,3,14,53,1394,0.17647058823529413,0.9464285714285714,0.04285714285714286,0.033882278780237966,-2.9874791658197486
Agra,gem,rainfall,4.0,,0,13,26,1425,0.0,1.0,0.0,-0.005955107650022904,-2.0268780151619574
Ahmedabad,gem,rainfall,4.0,,6,13,23,1422,0.3157894736842105,0.7931034482758621,0.14285714285714285,0.1351067495938428,-0.9196503369149516
Amritsar,gem,rainfall,4.0,,2,8,14,1440,0.2,0.875,0.08333333333333333,0.07913998170173835,-1.2151306740027508
Bengaluru,gem,rainfall,4.0,,0,12,5,1447,0.0,1.0,0.0,-0.0024166263895601735,-0.42837465564738286
Bhopal,gem,rainfall,4.0,,0,19,21,1424,0.0,1.0,0.0,-0.006860267189353691,-1.1329448187943907
Bhubaneswar,gem,rainfall,4.0,,1,67,65,1331,0.014705882352941176,0.9848484848484849,0.007518796992481203,-0.015897047691143074,-1.035732344513737
Chandigarh,gem,rainfall,4.0,,0,8,14,1442,0.0,1.0,0.0,-0.0034895314057826524,-1.76510989010989
Chennai,gem,rainfall,4.0,,0,9,5,1450,0.0,1.0,0.0,-0.00220038139944257,-0.5651775486827035
Coimbatore,gem,rainfall,4.0,,0,11,0,1453,0.0,,0.0,0.0,-0.007570543702684063
Dehradun,gem,rainfall,4.0,,0,18,50,1396,0.0,1.0,0.0,-0.009122977739934314,-2.8248040571692026
Delhi,gem,rainfall,4.0,,0,16,26,1422,0.0,1.0,0.0,-0.006811632171862719,-1.6540055248618786
Ghaziabad,gem,rainfall,4.0,,1,11,23,1429,0.08333333333333333,0.9583333333333334,0.02857142857142857,0.023080546396608573,-1.8567493112947657
Goa,gem,rainfall,4.0,,2,28,16,1418,0.06666666666666667,0.8888888888888888,0.043478260869565216,0.03574636249326388,-0.49735006973500684
Guwahati,gem,rainfall,4.0,,2,29,46,1387,0.06451612903225806,0.9583333333333334,0.025974025974025976,0.012944983818770227,-1.4716925916754837
Hyderabad,gem,rainfall,4.0,,0,1,9,1454,0.0,1.0,0.0,-0.0006151322534344885,-9.006835269993166
Imphal,gem,rainfall,4.0,,2,8,13,1441,0.2,0.8666666666666667,0.08695652173913043,0.08287095042061929,-1.1144429160935352
Indore,gem,rainfall,4.0,,1,15,17,1431,0.0625,0.9444444444444444,0.030303030303030304,0.024487756121939028,-1.022099447513812
Jabalpur,gem,rainfall,4.0,,0,24,54,1386,0.0,1.0,0.0,-0.011479591836734694,-2.3041666666666663
Jaipur,gem,rainfall,4.0,,0,6,17,1441,0.0,1.0,0.0,-0.003038427167113494,-2.8491083676268856
Jodhpur,gem,rainfall,4.0,,0,3,8,1453,0.0,1.0,0.0,-0.0014925373134328358,-2.674195756331279
Kanpur,gem,rainfall,4.0,,11,41,48,1364,0.21153846153846154,0.8135593220338984,0.11,0.09094968325286748,-0.7745696230115495
Kochi,gem,rainfall,4.0,,3,34,15,1412,0.08108108108108109,0.8333333333333334,0.057692307692307696,0.04937584479605629,-0.3586620958730282
Kolkata,gem,rainfall,4.0,,2,31,45,1386,0.06060606060606061,0.9574468085106383,0.02564102564102564,0.012224678403068154,-1.3561400165173754
Kota,gem,rainfall,4.0,,3,10,25,1426,0.23076923076923078,0.8928571428571429,0.07894736842105263,0.0728812332633712,-1.7164289879658594
Lucknow,gem,rainfall,4.0,,9,18,57,1380,0.3333333333333333,0.8636363636363636,0.10714285714285714,0.09401455517599881,-1.8299698445836232
Ludhiana,gem,rainfall,4.0,,0,6,12,1446,0.0,1.0,0.0,-0.0027397260273972603,-2.0123456790123453
Madurai,gem,rainfall,4.0,,0,11,10,1443,0.0,1.0,0.0,-0.0035907814846249265,-0.9235437652505787
Mumbai,gem,rainfall,4.0,,2,3,5,1454,0.4,0.7142857142857143,0.2,0.1980828483396097,-0.6054832076764907
Nagpur,gem,rainfall,4.0,,1,7,13,1443,0.125,0.9285714285714286,0.047619047619047616,0.044136850352572476,-1.5137362637362637
Nashik,gem,rainfall,4.0,,0,4,8,1452,0.0,1.0,0.0,-0.0018248175182481751,-2.008219178082192
Patna,gem,rainfall,4.0,,4,19,57,1384,0.17391304347826086,0.9344262295081968,0.05,0.03848181338956246,-2.35708897806475
Pune,gem,rainfall,4.0,,0,1,11,1452,0.0,1.0,0.0,-0.0006265307284843652,-11.0082023239918
Raipur,gem,rainfall,4.0,,6,23,46,1389,0.20689655172413793,0.8846153846153846,0.08,0.0671887120008865,-1.427393968520966
Ranchi,gem,rainfall,4.0,,1,21,79,1363,0.045454545454545456,0.9875,0.009900990099009901,-0.002025954114877074,-3.6148026730551006
Shillong,gem,rainfall,4.0,,0,7,14,1443,0.0,1.0,0.0,-0.003197807217907721,-2.014413177762526
Shimla,gem,rainfall,4.0,,0,3,24,1437,0.0,1.0,0.0,-0.0018248175182481751,-8.01848049281314
Srinagar,gem,rainfall,4.0,,0,0,3,1461,,1.0,0.0,0.0,
Surat,gem,rainfall,4.0,,2,17,5,1440,0.10526315789473684,0.7142857142857143,0.08333333333333333,0.07985029854583893,-0.1731196503369148
Thane,gem,rainfall,4.0,,2,4,15,1443,0.3333333333333333,0.8823529411764706,0.09523809523809523,0.09222635598198552,-2.1796982167352534
Thiruvananthapuram,gem,rainfall,4.0,,1,5,10,1448,0.16666666666666666,0.9090909090909091,0.0625,0.05985101464166453,-1.5102880658436209
Vadodara,gem,rainfall,4.0,,7,10,13,1434,0.4117647058823529,0.65,0.23333333333333334,0.2273519963285911,-0.368836131550063
Varanasi,gem,rainfall,4.0,,1,23,34,1406,0.041666666666666664,0.9714285714285714,0.017241379310344827,0.007422209534684557,-1.4145833333333333
Vijayawada,gem,rainfall,4.0,,2,8,14,1440,0.2,0.875,0.08333333333333333,0.07913998170173835,-1.2151306740027508
Visakhapatnam,gem,rainfall,4.0,,13,31,19,1401,0.29545454545454547,0.59375,0.20634920634920634,0.1940456267065974,-0.17157490396927044
Agartala,jma,rainfall,4.0,,0,17,0,1447,0.0,,0.0,0.0,-0.011748445058742174
Agra,jma,rainfall,4.0,,0,13,6,1445,0.0,1.0,0.0,-0.0028120268224096903,-0.4746328791814667
Ahmedabad,jma,rainfall,4.0,,3,16,9,1436,0.15789473684210525,0.75,0.10714285714285714,0.10214895496025905,-0.3330905117464944
Amritsar,jma,rainfall,4.0,,0,10,0,1454,0.0,,0.0,0.0,-0.00687757909215958
Bengaluru,jma,rainfall,4.0,,0,12,0,1452,0.0,,0.0,0.0,-0.008264462809917328
Bhopal,jma,rainfall,4.0,,10,9,8,1437,0.5263157894736842,0.4444444444444444,0.37037037037037035,0.3648752105343745,0.09349845201238394
Bhubaneswar,jma,rainfall,4.0,,1,67,5,1391,0.014705882352941176,0.8333333333333334,0.0136986301369863,0.009918845807033365,-0.1103994606438563
Chandigarh,jma,rainfall,4.0,,0,8,0,1456,0.0,,0.0,0.0,-0.005494505494505475
Chennai,jma,rainfall,4.0,,0,9,0,1455,0.0,,0.0,0.0,-0.006185567010309256
Coimbatore,jma,rainfall,4.0,,0,11,0,1453,0.0,,0.0,0.0,-0.007570543702684063
Dehradun,jma,rainfall,4.0,,1,17,5,1441,0.05555555555555555,0.8333333333333334,0.043478260869565216,0.04040042903110476,-0.23743660673121236
Delhi,jma,rainfall,4.0,,0,16,6,1442,0.0,1.0,0.0,-0.0029895366218236174,-0.39019337016574585
Ghaziabad,jma,rainfall,4.0,,0,12,0,1452,0.0,,0.0,0.0,-0.008264462809917328
Goa,jma,rainfall,4.0,,0,30,0,1434,0.0,,0.0,0.0,-0.020920502092049986
Guwahati,jma,rainfall,4.0,,1,30,47,1386,0.03225806451612903,0.9791666666666666,0.01282051282051282,-0.00021294718909710417,-1.5376043941201631
Hyderabad,jma,rainfall,4.0,,0,1,0,1463,0.0,,0.0,0.0,-0.0006835269993166193
Imphal,jma,rainfall,4.0,,0,10,0,1454,0.0,,0.0,0.0,-0.00687757909215958
Indore,jma,rainfall,4.0,,0,16,0,1448,0.0,,0.0,0.0,-0.011049723756906049
Jabalpur,jma,rainfall,4.0,,0,24,6,1434,0.0,1.0,0.0,-0.003289473684210526,-0.27083333333333326
Jaipur,jma,rainfall,4.0,,0,6,12,1446,0.0,1.0,0.0,-0.0027397260273972603,-2.0123456790123453
Jodhpur,jma,rainfall,4.0,,0,3,0,1461,0.0,,0.0,0.0,-0.002053388090349051
Kanpur,jma,rainfall,4.0,,9,43,3,1409,0.17307692307692307,0.25,0.16363636363636364,0.157104235506158,0.0828067117018958
Kochi,jma,rainfall,4.0,,0,37,0,1427,0.0,,0.0,0.0,-0.025928521373510982
Kolkata,jma,rainfall,4.0,,0,33,6,1425,0.0,1.0,0.0,-0.003479911420436571,-0.20907185058128452
Kota,jma,rainfall,4.0,,0,13,0,1451,0.0,,0.0,0.0,-0.008959338387319216
Lucknow,jma,rainfall,4.0,,8,19,22,1415,0.2962962962962963,0.7333333333333333,0.16326530612244897,0.1537095000422976,-0.5470501817057138
Ludhiana,jma,rainfall,4.0,,0,6,0,1458,0.0,,0.0,0.0,-0.00411522633744843
Madurai,jma,rainfall,4.0,,0,11,0,1453,0.0,,0.0,0.0,-0.007570543702684063
Mumbai,jma,rainfall,4.0,,0,5,12,1447,0.0,1.0,0.0,-0.0024166263895601735,-2.411651816312543
Nagpur,jma,rainfall,4.0,,0,8,0,1456,0.0,,0.0,0.0,-0.005494505494505475
Nashik,jma,rainfall,4.0,,0,4,0,1460,0.0,,0.0,0.0,-0.00273972602739736
Patna,jma,rainfall,4.0,,2,21,4,1437,0.08695652173913043,0.6666666666666666,0.07407407407407407,0.07083015993907084,-0.10430558488972053
Pune,jma,rainfall,4.0,,0,1,0,1463,0.0,,0.0,0.0,-0.0006835269993166193
Raipur,jma,rainfall,4.0,,3,26,15,1420,0.10344827586206896,0.8333333333333334,0.06818181818181818,0.060569067518076815,-0.4423645320197045
Ranchi,jma,rainfall,4.0,,1,21,11,1431,0.045454545454545456,0.9166666666666666,0.030303030303030304,0.024975024975024976,-0.4767368553776321
Shillong,jma,rainfall,4.0,,0,7,6,1451,0.0,1.0,0.0,-0.0022116903633491313,-0.8660653005196586
Shimla,jma,rainfall,4.0,,0,3,0,1461,0.0,,0.0,0.0,-0.002053388090349051
Srinagar,jma,rainfall,4.0,,0,0,0,1464,,,,,
Surat,jma,rainfall,4.0,,8,11,4,1441,0.42105263157894735,0.3333333333333333,0.34782608695652173,0.3433799784714747,0.2001456929521035
Thane,jma,rainfall,4.0,,0,6,12,1446,0.0,1.0,0.0,-0.0027397260273972603,-2.0123456790123453
Thiruvananthapuram,jma,rainfall,4.0,,1,5,5,1453,0.16666666666666666,0.8333333333333334,0.09090909090909091,0.08887229275578791,-0.6735253772290808
Vadodara,jma,rainfall,4.0,,2,15,10,1437,0.11764705882352941,0.8333333333333334,0.07407407407407407,0.06927067439731462,-0.48786536038050343
Varanasi,jma,rainfall,4.0,,0,24,0,1440,0.0,,0.0,0.0,-0.016666666666666607
Vijayawada,jma,rainfall,4.0,,0,10,0,1454,0.0,,0.0,0.0,-0.00687757909215958
Visakhapatnam,jma,rainfall,4.0,,0,44,6,1414,0.0,1.0,0.0,-0.0036196117143797303,-0.17157490396927044
Agartala,ukmo,rainfall,4.0,,2,15,16,1431,0.11764705882352941,0.8888888888888888,0.06060606060606061,0.05461817272840895,-0.8449530468718238
Agra,ukmo,rainfall,4.0,,0,13,20,1431,0.0,1.0,0.0,-0.005410804961291934,-1.5612044743678104
Ahmedabad,ukmo,rainfall,4.0,,9,10,16,1429,0.47368421052631576,0.64,0.2571428571428571,0.2501920614596671,-0.3864141322163539
Amritsar,ukmo,rainfall,4.0,,1,9,15,1439,0.1,0.9375,0.04,0.03578485181119649,-1.4165061898211833
Bengaluru,ukmo,rainfall,4.0,,0,12,7,1445,0.0,1.0,0.0,-0.003028991778450887,-0.5964187327823689
Bhopal,ukmo,rainfall,4.0,,6,13,7,1438,0.3157894736842105,0.5384615384615384,0.23076923076923078,0.22574503530158394,-0.06647240939719534
Bhubaneswar,ukmo,rainfall,4.0,,12,56,59,1337,0.17647058823529413,0.8309859154929577,0.09448818897637795,0.0703478741027057,-0.7735546940839375
Chandigarh,ukmo,rainfall,4.0,,1,7,14,1442,0.125,0.9333333333333333,0.045454545454545456,0.041884816753926704,-1.639423076923077
Chennai,ukmo,rainfall,4.0,,0,9,4,1451,0.0,1.0,0.0,-0.0018951358180669614,-0.45337915234822446
Coimbatore,ukmo,rainfall,4.0,,0,11,1,1452,0.0,1.0,0.0,-0.0006265307284843652,-0.0991678658574735
Dehradun,ukmo,rainfall,4.0,,0,18,61,1385,0.0,1.0,0.0,-0.009584664536741214,-3.443522360534808
Delhi,ukmo,rainfall,4.0,,1,15,22,1426,0.0625,0.9565217391304348,0.02631578947368421,0.0198320787492762,-1.3380524861878453
Ghaziabad,ukmo,rainfall,4.0,,0,12,9,1443,0.0,1.0,0.0,-0.0035252643948296123,-0.7644628099173552
Goa,ukmo,rainfall,4.0,,9,21,52,1382,0.3,0.8524590163934426,0.10975609756097561,0.09597523219814241,-1.4842398884239887
Guwahati,ukmo,rainfall,4.0,,5,26,35,1398,0.16129032258064516,0.875,0.07575757575757576,0.06374234672481759,-1.0103099745627264
Hyderabad,ukmo,rainfall,4.0,,0,1,2,1461,0.0,1.0,0.0,-0.0004555808656036446,-2.00205058099795
Imphal,ukmo,rainfall,4.0,,0,10,11,1443,0.0,1.0,0.0,-0.0035907814846249265,-1.1144429160935352
Indore,ukmo,rainfall,4.0,,3,13,18,1430,0.1875,0.8571428571428571,0.08823529411764706,0.08203883495145632,-0.9589088397790053
Jabalpur,ukmo,rainfall,4.0,,2,22,34,1406,0.08333333333333333,0.9444444444444444,0.034482758620689655,0.02455739577384352,-1.3722222222222222
Jaipur,ukmo,rainfall,4.0,,0,6,8,1450,0.0,1.0,0.0,-0.002347417840375587,-1.3429355281207132
Jodhpur,ukmo,rainfall,4.0,,0,3,6,1455,0.0,1.0,0.0,-0.0013679890560875513,-2.0061601642710465
Kanpur,ukmo,rainfall,4.0,,17,35,42,1370,0.3269230769230769,0.711864406779661,0.18085106382978725,0.16217260754526266,-0.5353018086729138
Kochi,ukmo,rainfall,4.0,,16,21,46,1381,0.43243243243243246,0.7419354838709677,0.1927710843373494,0.17723833649281148,-0.8577624576223037
Kolkata,ukmo,rainfall,4.0,,2,31,49,1382,0.06060606060606061,0.9607843137254902,0.024390243902439025,0.010518312001013814,-1.4801473858077632
Kota,ukmo,rainfall,4.0,,1,12,13,1438,0.07692307692307693,0.9285714285714286,0.038461538461538464,0.03384193020431868,-0.9403064199756141
Lucknow,ukmo,rainfall,4.0,,9,18,48,1389,0.3333333333333333,0.8421052631578947,0.12,0.1074902319394796,-1.4903734632335883
Ludhiana,ukmo,rainfall,4.0,,0,6,6,1452,0.0,1.0,0.0,-0.002053388090349076,-1.0082304526748969
Madurai,ukmo,rainfall,4.0,,0,11,3,1450,0.0,1.0,0.0,-0.0016126667644040464,-0.2823625101670524
Mumbai,ukmo,rainfall,4.0,,2,3,19,1440,0.4,0.9047619047619048,0.08333333333333333,0.08058576689218122,-3.4150788211103498
Nagpur,ukmo,rainfall,4.0,,2,6,4,1452,0.25,0.6666666666666666,0.16666666666666666,0.1643835616438356,-0.25686813186813184
Nashik,ukmo,rainfall,4.0,,0,4,12,1448,0.0,1.0,0.0,-0.002053388090349076,-3.0109589041095894
Patna,ukmo,rainfall,4.0,,1,22,35,1406,0.043478260869565216,0.9722222222222222,0.017241379310344827,0.00756386470672185,-1.5178167335485626
Pune,ukmo,rainfall,4.0,,0,1,1,1462,0.0,1.0,0.0,-0.00034164673727365904,-1.0013670539986332
Raipur,ukmo,rainfall,4.0,,9,20,21,1414,0.3103448275862069,0.7,0.18,0.1701368726669432,-0.4423645320197045
Ranchi,ukmo,rainfall,4.0,,7,15,36,1406,0.3181818181818182,0.8372093023255814,0.1206896551724138,0.11078293595026557,-1.353549363258101
Shillong,ukmo,rainfall,4.0,,0,7,34,1423,0.0,1.0,0.0,-0.003980865085471515,-4.885282870869693
Shimla,ukmo,rainfall,4.0,,0,3,26,1435,0.0,1.0,0.0,-0.0018405776582188869,-8.686516084873373
Srinagar,ukmo,rainfall,4.0,,0,0,3,1461,,1.0,0.0,0.0,
Surat,ukmo,rainfall,4.0,,12,7,11,1434,0.631578947368421,0.4782608695652174,0.4,0.3939700572637582,0.040174831542524214
Thane,ukmo,rainfall,4.0,,2,4,27,1431,0.3333333333333333,0.9310344827586207,0.06060606060606061,0.057210519755702356,-4.18792866941015
Thiruvananthapuram,ukmo,rainfall,4.0,,2,4,30,1428,0.3333333333333333,0.9375,0.05555555555555555,0.05210237659963437,-4.689986282578875
Vadodara,ukmo,rainfall,4.0,,8,9,6,1441,0.47058823529411764,0.42857142857142855,0.34782608695652173,0.34318358557157386,0.10728078377169814
Varanasi,ukmo,rainfall,4.0,,6,18,21,1419,0.25,0.7777777777777778,0.13333333333333333,0.12472406181015454,-0.6520833333333331
Vijayawada,ukmo,rainfall,4.0,,0,10,10,1444,0.0,1.0,0.0,-0.003427004797806717,-1.0137551581843192
Visakhapatnam,ukmo,rainfall,4.0,,4,40,14,1406,0.09090909090909091,0.7777777777777778,0.06896551724137931,0.06019971469329529,-0.26530089628681197
Agartala,equal_avg,rainfall,4.0,,0,17,2,1445,0.0,1.0,0.0,-0.0012238139802749981,-0.13077767388918238
Agra,equal_avg,rainfall,4.0,,0,13,5,1446,0.0,1.0,0.0,-0.0024727051394225286,-0.39702062238244196
Ahmedabad,equal_avg,rainfall,4.0,,8,11,12,1433,0.42105263157894735,0.6,0.25806451612903225,0.25179984001422095,-0.22644327080677473
Amritsar,equal_avg,rainfall,4.0,,0,10,1,1453,0.0,1.0,0.0,-0.0006213495712687957,-0.10756533700137538
Bengaluru,equal_avg,rainfall,4.0,,0,12,0,1452,0.0,,0.0,0.0,-0.008264462809917328
Bhopal,equal_avg,rainfall,4.0,,7,12,3,1442,0.3684210526315789,0.3,0.3181818181818182,0.31413579861328,0.2001456929521035
Bhubaneswar,equal_avg,rainfall,4.0,,1,67,3,1393,0.014705882352941176,0.75,0.014084507042253521,0.011497800756231191,-0.07955503118152696
Chandigarh,equal_avg,rainfall,4.0,,0,8,4,1452,0.0,1.0,0.0,-0.0018248175182481751,-0.5082417582417582
Chennai,equal_avg,rainfall,4.0,,0,9,1,1454,0.0,1.0,0.0,-0.0006151322534344885,-0.11798396334478811
Coimbatore,equal_avg,rainfall,4.0,,0,11,0,1453,0.0,,0.0,0.0,-0.007570543702684063
Dehradun,equal_avg,rainfall,4.0,,0,18,7,1439,0.0,1.0,0.0,-0.0034545155453199537,-0.4061779621945598
Delhi,equal_avg,rainfall,4.0,,0,16,0,1448,0.0,,0.0,0.0,-0.011049723756906049
Ghaziabad,equal_avg,rainfall,4.0,,0,12,4,1448,0.0,1.0,0.0,-0.002053388090349076,-0.3443526170798896
Goa,equal_avg,rainfall,4.0,,0,30,0,1434,0.0,,0.0,0.0,-0.020920502092049986
Guwahati,equal_avg,rainfall,4.0,,1,30,17,1416,0.03225806451612903,0.9444444444444444,0.020833333333333332,0.012995954901454516,-0.5489273574499698
Hyderabad,equal_avg,rainfall,4.0,,0,1,0,1463,0.0,,0.0,0.0,-0.0006835269993166193
Imphal,equal_avg,rainfall,4.0,,0,10,2,1452,0.0,1.0,0.0,-0.0011397310234784591,-0.20825309491059163
Indore,equal_avg,rainfall,4.0,,1,15,1,1447,0.0625,0.5,0.058823529411764705,0.057611844222722884,-0.011049723756906049
Jabalpur,equal_avg,rainfall,4.0,,0,24,9,1431,0.0,1.0,0.0,-0.004491017964071857,-0.3979166666666667
Jaipur,equal_avg,rainfall,4.0,,0,6,0,1458,0.0,,0.0,0.0,-0.00411522633744843
Jodhpur,equal_avg,rainfall,4.0,,0,3,0,1461,0.0,,0.0,0.0,-0.002053388090349051
Kanpur,equal_avg,rainfall,4.0,,14,38,2,1410,0.2692307692307692,0.125,0.25925925925925924,0.2513806504397627,0.20244061887121378
Kochi,equal_avg,rainfall,4.0,,3,34,3,1424,0.08108108108108109,0.5,0.075,0.0714799958860434,-0.025928521373510982
Kolkata,equal_avg,rainfall,4.0,,0,33,11,1420,0.0,1.0,0.0,-0.005667181865018032,-0.36408106219426983
Kota,equal_avg,rainfall,4.0,,1,12,0,1451,0.07692307692307693,0.0,0.07692307692307693,0.07629212892370786,0.06865291841170529
Lucknow,equal_avg,rainfall,4.0,,9,18,20,1417,0.3333333333333333,0.6896551724137931,0.19148936170212766,0.1821830209481808,-0.4338513879223691
Ludhiana,equal_avg,rainfall,4.0,,0,6,0,1458,0.0,,0.0,0.0,-0.00411522633744843
Madurai,equal_avg,rainfall,4.0,,0,11,2,1451,0.0,1.0,0.0,-0.0011572856391372961,-0.19076518801226294
Mumbai,equal_avg,rainfall,4.0,,2,3,2,1457,0.4,0.5,0.2857142857142857,0.2843175596402034,-0.0034270047978066653
Nagpur,equal_avg,rainfall,4.0,,1,7,0,1456,0.125,0.0,0.125,0.12440191387559808,0.12019230769230771
Nashik,equal_avg,rainfall,4.0,,1,3,5,1455,0.25,0.8333333333333334,0.1111111111111111,0.1094890510948905,-1.0054794520547947
Patna,equal_avg,rainfall,4.0,,1,22,2,1439,0.043478260869565216,0.6666666666666666,0.04,0.038186745503818675,-0.06013336149413151
Pune,equal_avg,rainfall,4.0,,0,1,0,1463,0.0,,0.0,0.0,-0.0006835269993166193
Raipur,equal_avg,rainfall,4.0,,9,20,14,1421,0.3103448275862069,0.6086956521739131,0.20930232558139536,0.20083487195954083,-0.19610717289438928
Ranchi,equal_avg,rainfall,4.0,,2,20,14,1428,0.09090909090909091,0.875,0.05555555555555555,0.04920537897310513,-0.5690329088387343
Shillong,equal_avg,rainfall,4.0,,0,7,7,1450,0.0,1.0,0.0,-0.002396439575487847,-1.009608785175017
Shimla,equal_avg,rainfall,4.0,,0,3,1,1460,0.0,1.0,0.0,-0.000512557662737058,-0.3360711841204651
Srinagar,equal_avg,rainfall,4.0,,0,0,0,1464,,,,,
Surat,equal_avg,rainfall,4.0,,10,9,5,1440,0.5263157894736842,0.3333333333333333,0.4166666666666667,0.4118963587845399,0.2534693134219632
Thane,equal_avg,rainfall,4.0,,2,4,2,1456,0.3333333333333333,0.5,0.25,0.24845995893223818,-0.00411522633744843
Thiruvananthapuram,equal_avg,rainfall,4.0,,1,5,5,1453,0.16666666666666666,0.8333333333333334,0.09090909090909091,0.08887229275578791,-0.6735253772290808
Vadodara,equal_avg,rainfall,4.0,,10,7,2,1445,0.5882352941176471,0.16666666666666666,0.5263157894736842,0.5228161668839636,0.46436847026301886
Varanasi,equal_avg,rainfall,4.0,,1,23,0,1440,0.041666666666666664,0.0,0.041666666666666664,0.04101161995898838,0.025694444444444464
Vijayawada,equal_avg,rainfall,4.0,,1,9,3,1451,0.1,0.75,0.07692307692307693,0.07497893850042123,-0.20825309491059163
Visakhapatnam,equal_avg,rainfall,4.0,,10,34,16,1404,0.22727272727272727,0.6153846153846154,0.16666666666666666,0.15567038848389775,-0.17157490396927044
Agartala,weighted_blend,rainfall,4.0,,0,17,2,1445,0.0,1.0,0.0,-0.0012238139802749981,-0.13077767388918238
Agra,weighted_blend,rainfall,4.0,,0,13,1,1450,0.0,1.0,0.0,-0.0006346726553727481,-0.08657159518634394
Ahmedabad,weighted_blend,rainfall,4.0,,9,10,9,1436,0.47368421052631576,0.5,0.32142857142857145,0.31571955719557193,-0.01314878892733562
Amritsar,weighted_blend,rainfall,4.0,,0,10,0,1454,0.0,,0.0,0.0,-0.00687757909215958
Bengaluru,weighted_blend,rainfall,4.0,,0,12,0,1452,0.0,,0.0,0.0,-0.008264462809917328
Bhopal,weighted_blend,rainfall,4.0,,9,10,2,1443,0.47368421052631576,0.18181818181818182,0.42857142857142855,0.42466022597019815,0.3601165543616828
Bhubaneswar,weighted_blend,rainfall,4.0,,1,67,3,1393,0.014705882352941176,0.75,0.014084507042253521,0.011497800756231191,-0.07955503118152696
Chandigarh,weighted_blend,rainfall,4.0,,0,8,3,1453,0.0,1.0,0.0,-0.0014925373134328358,-0.38255494505494503
Chennai,weighted_blend,rainfall,4.0,,0,9,2,1453,0.0,1.0,0.0,-0.0011189854531891085,-0.22978235967926697
Coimbatore,weighted_blend,rainfall,4.0,,0,11,0,1453,0.0,,0.0,0.0,-0.007570543702684063
Dehradun,weighted_blend,rainfall,4.0,,0,18,3,1443,0.0,1.0,0.0,-0.0017595307917888563,-0.18118948824343017
Delhi,weighted_blend,rainfall,4.0,,0,16,0,1448,0.0,,0.0,0.0,-0.011049723756906049
Ghaziabad,weighted_blend,rainfall,4.0,,0,12,0,1452,0.0,,0.0,0.0,-0.008264462809917328
Goa,weighted_blend,rainfall,4.0,,0,30,0,1434,0.0,,0.0,0.0,-0.020920502092049986
Guwahati,weighted_blend,rainfall,4.0,,1,30,13,1420,0.03225806451612903,0.9285714285714286,0.022727272727272728,0.016098277640586415,-0.4171037525606107
Hyderabad,weighted_blend,rainfall,4.0,,0,1,0,1463,0.0,,0.0,0.0,-0.0006835269993166193
Imphal,weighted_blend,rainfall,4.0,,0,10,2,1452,0.0,1.0,0.0,-0.0011397310234784591,-0.20825309491059163
Indore,weighted_blend,rainfall,4.0,,0,16,1,1447,0.0,1.0,0.0,-0.000643293663557414,-0.07424033149171283
Jabalpur,weighted_blend,rainfall,4.0,,2,22,3,1437,0.08333333333333333,0.6,0.07407407407407407,0.0712545676004872,-0.0590277777777779
Jaipur,weighted_blend,rainfall,4.0,,0,6,0,1458,0.0,,0.0,0.0,-0.00411522633744843
Jodhpur,weighted_blend,rainfall,4.0,,0,3,0,1461,0.0,,0.0,0.0,-0.002053388090349051
Kanpur,weighted_blend,rainfall,4.0,,14,38,1,1411,0.2692307692307692,0.06666666666666667,0.2641509433962264,0.256678643961881,0.2223796033994334
Kochi,weighted_blend,rainfall,4.0,,7,30,3,1424,0.1891891891891892,0.3,0.175,0.16975425330812857,0.08498267012632799
Kolkata,weighted_blend,rainfall,4.0,,0,33,8,1423,0.0,1.0,0.0,-0.004417670682730924,-0.27107553522647865
Kota,weighted_blend,rainfall,4.0,,1,12,1,1450,0.07692307692307693,0.5,0.07142857142857142,0.07024914509037616,-0.008959338387319216
Lucknow,weighted_blend,rainfall,4.0,,9,18,16,1421,0.3333333333333333,0.64,0.20930232558139536,0.20073221253432244,-0.28291966287790915
Ludhiana,weighted_blend,rainfall,4.0,,0,6,0,1458,0.0,,0.0,0.0,-0.00411522633744843
Madurai,weighted_blend,rainfall,4.0,,0,11,2,1451,0.0,1.0,0.0,-0.0011572856391372961,-0.19076518801226294
Mumbai,weighted_blend,rainfall,4.0,,2,3,2,1457,0.4,0.5,0.2857142857142857,0.2843175596402034,-0.0034270047978066653
Nagpur,weighted_blend,rainfall,4.0,,1,7,0,1456,0.125,0.0,0.125,0.12440191387559808,0.12019230769230771
Nashik,weighted_blend,rainfall,4.0,,1,3,2,1458,0.25,0.6666666666666666,0.16666666666666666,0.1655266757865937,-0.2534246575342467
Patna,weighted_blend,rainfall,4.0,,1,22,2,1439,0.043478260869565216,0.6666666666666666,0.04,0.038186745503818675,-0.06013336149413151
Pune,weighted_blend,rainfall,4.0,,0,1,0,1463,0.0,,0.0,0.0,-0.0006835269993166193
Raipur,weighted_blend,rainfall,4.0,,9,20,11,1424,0.3103448275862069,0.55,0.225,0.21724732666436702,-0.0905683046978254
Ranchi,weighted_blend,rainfall,4.0,,2,20,7,1435,0.09090909090909091,0.7777777777777778,0.06896551724137931,0.064603152065881,-0.24599672172487708
Shillong,weighted_blend,rainfall,4.0,,0,7,0,1457,0.0,,0.0,0.0,-0.0048043925875085325
Shimla,weighted_blend,rainfall,4.0,,0,3,1,1460,0.0,1.0,0.0,-0.000512557662737058,-0.3360711841204651
Srinagar,weighted_blend,rainfall,4.0,,0,0,0,1464,,,,,
Surat,weighted_blend,rainfall,4.0,,10,9,5,1440,0.5263157894736842,0.3333333333333333,0.4166666666666667,0.4118963587845399,0.2534693134219632
Thane,weighted_blend,rainfall,4.0,,2,4,1,1457,0.3333333333333333,0.3333333333333333,0.2857142857142857,0.2844574780058651,0.1632373113854596
Thiruvananthapuram,weighted_blend,rainfall,4.0,,1,5,4,1454,0.16666666666666666,0.8,0.1,0.09815195071868583,-0.5061728395061726
Vadodara,weighted_blend,rainfall,4.0,,10,7,2,1445,0.5882352941176471,0.16666666666666666,0.5263157894736842,0.5228161668839636,0.46436847026301886
Varanasi,weighted_blend,rainfall,4.0,,2,22,0,1440,0.08333333333333333,0.0,0.08333333333333333,0.08207934336525308,0.06805555555555565
Vijayawada,weighted_blend,rainfall,4.0,,1,9,2,1452,0.1,0.6666666666666666,0.08333333333333333,0.08176530961341087,-0.10756533700137538
Visakhapatnam,weighted_blend,rainfall,4.0,,10,34,14,1406,0.22727272727272727,0.5833333333333334,0.1724137931034483,0.1619919862621637,-0.12471190781049946
Agartala,ecmwf,rainfall,8.0,,1,0,2,1461,1.0,0.6666666666666666,0.3333333333333333,0.3328776486671224,-1.0013670539986332
Agra,ecmwf,rainfall,8.0,,0,0,0,1464,,,,,
Ahmedabad,ecmwf,rainfall,8.0,,1,3,2,1458,0.25,0.6666666666666666,0.16666666666666666,0.1655266757865937,-0.2534246575342467
Amritsar,ecmwf,rainfall,8.0,,0,1,0,1463,0.0,,0.0,0.0,-0.0006835269993166193
Bengaluru,ecmwf,rainfall,8.0,,0,1,0,1463,0.0,,0.0,0.0,-0.0006835269993166193
Bhopal,ecmwf,rainfall,8.0,,4,0,2,1458,1.0,0.3333333333333333,0.6666666666666666,0.6657534246575343,0.4986301369863013
Bhubaneswar,ecmwf,rainfall,8.0,,1,7,5,1451,0.125,0.8333333333333334,0.07692307692307693,0.07458912768647281,-0.5082417582417582
Chandigarh,ecmwf,rainfall,8.0,,0,1,0,1463,0.0,,0.0,0.0,-0.0006835269993166193
Chennai,ecmwf,rainfall,8.0,,0,1,0,1463,0.0,,0.0,0.0,-0.0006835269993166193
Coimbatore,ecmwf,rainfall,8.0,,0,2,0,1462,0.0,,0.0,0.0,-0.0013679890560873709
Dehradun,ecmwf,rainfall,8.0,,0,4,0,1460,0.0,,0.0,0.0,-0.00273972602739736
Delhi,ecmwf,rainfall,8.0,,0,4,0,1460,0.0,,0.0,0.0,-0.00273972602739736
Ghaziabad,ecmwf,rainfall,8.0,,0,3,0,1461,0.0,,0.0,0.0,-0.002053388090349051
Goa,ecmwf,rainfall,8.0,,0,3,0,1461,0.0,,0.0,0.0,-0.002053388090349051
Guwahati,ecmwf,rainfall,8.0,,0,3,0,1461,0.0,,0.0,0.0,-0.002053388090349051
Hyderabad,ecmwf,rainfall,8.0,,0,0,0,1464,,,,,
Imphal,ecmwf,rainfall,8.0,,2,1,1,1460,0.6666666666666666,0.3333333333333333,0.5,0.49923037455105185,0.33196440793976745
Indore,ecmwf,rainfall,8.0,,0,2,0,1462,0.0,,0.0,0.0,-0.0013679890560873709
Jabalpur,ecmwf,rainfall,8.0,,0,4,0,1460,0.0,,0.0,0.0,-0.00273972602739736
Jaipur,ecmwf,rainfall,8.0,,0,0,0,1464,,,,,
Jodhpur,ecmwf,rainfall,8.0,,0,1,0,1463,0.0,,0.0,0.0,-0.0006835269993166193
Kanpur,ecmwf,rainfall,8.0,,2,10,1,1451,0.16666666666666666,0.3333333333333333,0.15384615384615385,0.15224257738471259,0.07575757575757591
Kochi,ecmwf,rainfall,8.0,,1,4,2,1457,0.2,0.6666666666666666,0.14285714285714285,0.14160070360598065,-0.20411240575736822
Kolkata,ecmwf,rainfall,8.0,,2,8,1,1453,0.2,0.3333333333333333,0.18181818181818182,0.18029115341545351,0.09381017881705644
Kota,ecmwf,rainfall,8.0,,2,1,1,1460,0.6666666666666666,0.3333333333333333,0.5,0.49923037455105185,0.33196440793976745
Lucknow,ecmwf,rainfall,8.0,,3,4,0,1457,0.42857142857142855,0.0,0.42857142857142855,0.42739806394837193,0.4258260613785666
Ludhiana,ecmwf,rainfall,8.0,,0,0,0,1464,,,,,
Madurai,ecmwf,rainfall,8.0,,1,3,2,1458,0.25,0.6666666666666666,0.16666666666666666,0.1655266757865937,-0.2534246575342467
Mumbai,ecmwf,rainfall,8.0,,0,0,0,1464,,,,,
Nagpur,ecmwf,rainfall,8.0,,0,2,0,1462,0.0,,0.0,0.0,-0.0013679890560873709
Nashik,ecmwf,rainfall,8.0,,0,0,0,1464,,,,,
Patna,ecmwf,rainfall,8.0,,1,3,2,1458,0.25,0.6666666666666666,0.16666666666666666,0.1655266757865937,-0.2534246575342467
Pune,ecmwf,rainfall,8.0,,0,0,0,1464,,,,,
Raipur,ecmwf,rainfall,8.0,,3,2,0,1459,0.6,0.0,0.6,0.5991786447638603,0.5986291980808773
Ranchi,ecmwf,rainfall,8.0,,0,3,0,1461,0.0,,0.0,0.0,-0.002053388090349051
Shillong,ecmwf,rainfall,8.0,,0,2,0,1462,0.0,,0.0,0.0,-0.0013679890560873709
Shimla,ecmwf,rainfall,8.0,,0,0,0,1464,,,,,
Srinagar,ecmwf,rainfall,8.0,,0,0,0,1464,,,,,
Surat,ecmwf,rainfall,8.0,,5,1,1,1457,0.8333333333333334,0.16666666666666666,0.7142857142857143,0.7132784958871915,0.6652949245541838
Thane,ecmwf,rainfall,8.0,,0,0,0,1464,,,,,
Thiruvananthapuram,ecmwf,rainfall,8.0,,0,1,0,1463,0.0,,0.0,0.0,-0.0006835269993166193
Vadodara,ecmwf,rainfall,8.0,,0,3,0,1461,0.0,,0.0,0.0,-0.002053388090349051
Varanasi,ecmwf,rainfall,8.0,,1,5,2,1456,0.16666666666666666,0.6666666666666666,0.125,0.12365315546434069,-0.17146776406035658
Vijayawada,ecmwf,rainfall,8.0,,0,2,0,1462,0.0,,0.0,0.0,-0.0013679890560873709
Visakhapatnam,ecmwf,rainfall,8.0,,3,3,3,1455,0.5,0.5,0.3333333333333333,0.3315068493150685,-0.00411522633744843
Agartala,gfs,rainfall,8.0,,0,1,0,1463,0.0,,0.0,0.0,-0.0006835269993166193
Agra,gfs,rainfall,8.0,,0,0,1,1463,,1.0,0.0,0.0,
Ahmedabad,gfs,rainfall,8.0,,0,4,6,1454,0.0,1.0,0.0,-0.0016420361247947454,-1.5068493150684934
Amritsar,gfs,rainfall,8.0,,0,1,0,1463,0.0,,0.0,0.0,-0.0006835269993166193
Bengaluru,gfs,rainfall,8.0,,0,1,4,1459,0.0,1.0,0.0,-0.0005467468562055768,-4.003417634996583
Bhopal,gfs,rainfall,8.0,,0,4,1,1459,0.0,1.0,0.0,-0.0005467468562055768,-0.2534246575342467
Bhubaneswar,gfs,rainfall,8.0,,0,8,5,1451,0.0,1.0,0.0,-0.0021061499578770007,-0.6339285714285714
Chandigarh,gfs,rainfall,8.0,,0,1,0,1463,0.0,,0.0,0.0,-0.0006835269993166193
Chennai,gfs,rainfall,8.0,,0,1,2,1461,0.0,1.0,0.0,-0.0004555808656036446,-2.00205058099795
Coimbatore,gfs,rainfall,8.0,,0,2,0,1462,0.0,,0.0,0.0,-0.0013679890560873709
Dehradun,gfs,rainfall,8.0,,0,4,0,1460,0.0,,0.0,0.0,-0.00273972602739736
Delhi,gfs,rainfall,8.0,,0,4,0,1460,0.0,,0.0,0.0,-0.00273972602739736
Ghaziabad,gfs,rainfall,8.0,,0,3,0,1461,0.0,,0.0,0.0,-0.002053388090349051
Goa,gfs,rainfall,8.0,,0,3,0,1461,0.0,,0.0,0.0,-0.002053388090349051
Guwahati,gfs,rainfall,8.0,,0,3,5,1456,0.0,1.0,0.0,-0.0012823800974608873,-1.6721423682409302
Hyderabad,gfs,rainfall,8.0,,0,0,0,1464,,,,,
Imphal,gfs,rainfall,8.0,,0,3,2,1459,0.0,1.0,0.0,-0.0008203445447087778,-0.6700889801505814
Indore,gfs,rainfall,8.0,,0,2,1,1461,0.0,1.0,0.0,-0.0004555808656036446,-0.5020519835841313
Jabalpur,gfs,rainfall,8.0,,0,4,0,1460,0.0,,0.0,0.0,-0.00273972602739736
Jaipur,gfs,rainfall,8.0,,0,0,0,1464,,,,,
Jodhpur,gfs,rainfall,8.0,,0,1,0,1463,0.0,,0.0,0.0,-0.0006835269993166193
Kanpur,gfs,rainfall,8.0,,2,10,4,1448,0.16666666666666666,0.6666666666666666,0.125,0.12230215827338128,-0.17630853994490336
Kochi,gfs,rainfall,8.0,,0,5,0,1459,0.0,,0.0,0.0,-0.0034270047978066653
Kolkata,gfs,rainfall,8.0,,0,10,0,1454,0.0,,0.0,0.0,-0.00687757909215958
Kota,gfs,rainfall,8.0,,0,3,0,1461,0.0,,0.0,0.0,-0.002053388090349051
Lucknow,gfs,rainfall,8.0,,1,6,5,1452,0.14285714285714285,0.8333333333333334,0.08333333333333333,0.08113659705580281,-0.5789783312089418
Ludhiana,gfs,rainfall,8.0,,0,0,0,1464,,,,,
Madurai,gfs,rainfall,8.0,,0,4,2,1458,0.0,1.0,0.0,-0.000911577028258888,-0.504109589041096
Mumbai,gfs,rainfall,8.0,,0,0,2,1462,,1.0,0.0,0.0,
Nagpur,gfs,rainfall,8.0,,0,2,0,1462,0.0,,0.0,0.0,-0.0013679890560873709
Nashik,gfs,rainfall,8.0,,0,0,4,1460,,1.0,0.0,0.0,
Patna,gfs,rainfall,8.0,,0,4,2,1458,0.0,1.0,0.0,-0.000911577028258888,-0.504109589041096
Pune,gfs,rainfall,8.0,,0,0,0,1464,,,,,
Raipur,gfs,rainfall,8.0,,0,5,9,1450,0.0,1.0,0.0,-0.00220038139944257,-1.809595613433859
Ranchi,gfs,rainfall,8.0,,0,3,5,1456,0.0,1.0,0.0,-0.0012823800974608873,-1.6721423682409302
Shillong,gfs,rainfall,8.0,,0,2,2,1460,0.0,1.0,0.0,-0.000683526999316473,-1.0027359781121747
Shimla,gfs,rainfall,8.0,,0,0,0,1464,,,,,
Srinagar,gfs,rainfall,8.0,,0,0,0,1464,,,,,
Surat,gfs,rainfall,8.0,,1,5,4,1454,0.16666666666666666,0.8,0.1,0.09815195071868583,-0.5061728395061726
Thane,gfs,rainfall,8.0,,0,0,3,1461,,1.0,0.0,0.0,
Thiruvananthapuram,gfs,rainfall,8.0,,0,1,0,1463,0.0,,0.0,0.0,-0.0006835269993166193
Vadodara,gfs,rainfall,8.0,,0,3,2,1459,0.0,1.0,0.0,-0.0008203445447087778,-0.6700889801505814
Varanasi,gfs,rainfall,8.0,,0,6,2,1456,0.0,1.0,0.0,-0.0010256410256410256,-0.3388203017832647
Vijayawada,gfs,rainfall,8.0,,0,2,2,1460,0.0,1.0,0.0,-0.000683526999316473,-1.0027359781121747
Visakhapatnam,gfs,rainfall,8.0,,0,6,15,1443,0.0,1.0,0.0,-0.0029359953024075164,-2.5144032921810697
Agartala,icon,rainfall,8.0,,0,1,0,1463,0.0,,0.0,0.0,-0.0006835269993166193
Agra,icon,rainfall,8.0,,0,0,1,1463,,1.0,0.0,0.0,
Ahmedabad,icon,rainfall,8.0,,0,4,7,1453,0.0,1.0,0.0,-0.0017417267977108733,-1.7575342465753425
Amritsar,icon,rainfall,8.0,,0,1,1,1462,0.0,1.0,0.0,-0.00034164673727365904,-1.0013670539986332
Bengaluru,icon,rainfall,8.0,,0,1,1,1462,0.0,1.0,0.0,-0.00034164673727365904,-1.0013670539986332
Bhopal,icon,rainfall,8.0,,0,4,12,1448,0.0,1.0,0.0,-0.002053388090349076,-3.0109589041095894
Bhubaneswar,icon,rainfall,8.0,,0,8,1,1455,0.0,1.0,0.0,-0.0006075334143377885,-0.13118131868131866
Chandigarh,icon,rainfall,8.0,,0,1,0,1463,0.0,,0.0,0.0,-0.0006835269993166193
Chennai,icon,rainfall,8.0,,0,1,0,1463,0.0,,0.0,0.0,-0.0006835269993166193
Coimbatore,icon,rainfall,8.0,,0,2,0,1462,0.0,,0.0,0.0,-0.0013679890560873709
Dehradun,icon,rainfall,8.0,,0,4,3,1457,0.0,1.0,0.0,-0.001172332942555686,-0.7547945205479454
Delhi,icon,rainfall,8.0,,0,4,1,1459,0.0,1.0,0.0,-0.0005467468562055768,-0.2534246575342467
Ghaziabad,icon,rainfall,8.0,,0,3,0,1461,0.0,,0.0,0.0,-0.002053388090349051
Goa,icon,rainfall,8.0,,0,3,0,1461,0.0,,0.0,0.0,-0.002053388090349051
Guwahati,icon,rainfall,8.0,,0,3,3,1458,0.0,1.0,0.0,-0.0010256410256410256,-1.004106776180698
Hyderabad,icon,rainfall,8.0,,0,0,0,1464,,,,,
Imphal,icon,rainfall,8.0,,0,3,1,1460,0.0,1.0,0.0,-0.000512557662737058,-0.3360711841204651
Indore,icon,rainfall,8.0,,0,2,3,1459,0.0,1.0,0.0,-0.0008203445447087778,-1.5034199726402186
Jabalpur,icon,rainfall,8.0,,0,4,3,1457,0.0,1.0,0.0,-0.001172332942555686,-0.7547945205479454
Jaipur,icon,rainfall,8.0,,0,0,0,1464,,,,,
Jodhpur,icon,rainfall,8.0,,0,1,0,1463,0.0,,0.0,0.0,-0.0006835269993166193
Kanpur,icon,rainfall,8.0,,4,8,6,1446,0.3333333333333333,0.6,0.2222222222222222,0.21866422689844467,-0.17630853994490336
Kochi,icon,rainfall,8.0,,0,5,1,1458,0.0,1.0,0.0,-0.0005695409499943046,-0.20411240575736822
Kolkata,icon,rainfall,8.0,,0,10,9,1445,0.0,1.0,0.0,-0.0032460506383899593,-0.9130674002751031
Kota,icon,rainfall,8.0,,0,3,0,1461,0.0,,0.0,0.0,-0.002053388090349051
Lucknow,icon,rainfall,8.0,,3,4,6,1451,0.42857142857142855,0.6666666666666666,0.23076923076923078,0.2282144551636881,-0.43543484655358355
Ludhiana,icon,rainfall,8.0,,0,0,1,1463,,1.0,0.0,0.0,
Madurai,icon,rainfall,8.0,,0,4,5,1455,0.0,1.0,0.0,-0.0015202189115232593,-1.2561643835616438
Mumbai,icon,rainfall,8.0,,0,0,0,1464,,,,,
Nagpur,icon,rainfall,8.0,,0,2,0,1462,0.0,,0.0,0.0,-0.0013679890560873709
Nashik,icon,rainfall,8.0,,0,0,6,1458,,1.0,0.0,0.0,
Patna,icon,rainfall,8.0,,0,4,2,1458,0.0,1.0,0.0,-0.000911577028258888,-0.504109589041096
Pune,icon,rainfall,8.0,,0,0,0,1464,,,,,
Raipur,icon,rainfall,8.0,,1,4,5,1454,0.2,0.8333333333333334,0.1,0.09815195071868583,-0.806168608636052
Ranchi,icon,rainfall,8.0,,0,3,1,1460,0.0,1.0,0.0,-0.000512557662737058,-0.3360711841204651
Shillong,icon,rainfall,8.0,,0,2,14,1448,0.0,1.0,0.0,-0.001196785775346213,-7.010943912448699
Shimla,icon,rainfall,8.0,,0,0,2,1462,,1.0,0.0,0.0,
Srinagar,icon,rainfall,8.0,,0,0,0,1464,,,,,
Surat,icon,rainfall,8.0,,0,6,0,1458,0.0,,0.0,0.0,-0.00411522633744843
Thane,icon,rainfall,8.0,,0,0,1,1463,,1.0,0.0,0.0,
Thiruvananthapuram,icon,rainfall,8.0,,0,1,3,1460,0.0,1.0,0.0,-0.000512557662737058,-3.0027341079972665
Vadodara,icon,rainfall,8.0,,1,2,6,1455,0.3333333333333333,0.8571428571428571,0.1111111111111111,0.10969213226909919,-1.6721423682409302
Varanasi,icon,rainfall,8.0,,1,5,2,1456,0.16666666666666666,0.6666666666666666,0.125,0.12365315546434069,-0.17146776406035658
Vijayawada,icon,rainfall,8.0,,0,2,1,1461,0.0,1.0,0.0,-0.0004555808656036446,-0.5020519835841313
Visakhapatnam,icon,rainfall,8.0,,0,6,12,1446,0.0,1.0,0.0,-0.0027397260273972603,-2.0123456790123453
Agartala,gem,rainfall,8.0,,0,1,16,1447,0.0,1.0,0.0,-0.000643293663557414,-16.011619958988383
Agra,gem,rainfall,8.0,,0,0,10,1454,,1.0,0.0,0.0,
Ahmedabad,gem,rainfall,8.0,,2,2,9,1451,0.5,0.8181818181818182,0.15384615384615385,0.15188540130608805,-1.7575342465753425
Amritsar,gem,rainfall,8.0,,0,1,3,1460,0.0,1.0,0.0,-0.000512557662737058,-3.0027341079972665
Bengaluru,gem,rainfall,8.0,,0,1,1,1462,0.0,1.0,0.0,-0.00034164673727365904,-1.0013670539986332
Bhopal,gem,rainfall,8.0,,0,4,5,1455,0.0,1.0,0.0,-0.0015202189115232593,-1.2561643835616438
Bhubaneswar,gem,rainfall,8.0,,0,8,22,1434,0.0,1.0,0.0,-0.004023408924652524,-2.770604395604395
Chandigarh,gem,rainfall,8.0,,0,1,3,1460,0.0,1.0,0.0,-0.000512557662737058,-3.0027341079972665
Chennai,gem,rainfall,8.0,,0,1,3,1460,0.0,1.0,0.0,-0.000512557662737058,-3.0027341079972665
Coimbatore,gem,rainfall,8.0,,0,2,0,1462,0.0,,0.0,0.0,-0.0013679890560873709
Dehradun,gem,rainfall,8.0,,0,4,13,1447,0.0,1.0,0.0,-0.002093734900950233,-3.2616438356164386
Delhi,gem,rainfall,8.0,,0,4,9,1451,0.0,1.0,0.0,-0.0018951358180669614,-2.258904109589041
Ghaziabad,gem,rainfall,8.0,,0,3,10,1451,0.0,1.0,0.0,-0.0015787811809283231,-3.342231348391512
Goa,gem,rainfall,8.0,,0,3,0,1461,0.0,,0.0,0.0,-0.002053388090349051
Guwahati,gem,rainfall,8.0,,0,3,12,1449,0.0,1.0,0.0,-0.0016420361247947454,-4.010266940451744
Hyderabad,gem,rainfall,8.0,,0,0,0,1464,,,,,
Imphal,gem,rainfall,8.0,,0,3,4,1457,0.0,1.0,0.0,-0.001172332942555686,-1.338124572210814
Indore,gem,rainfall,8.0,,0,2,6,1456,0.0,1.0,0.0,-0.0010256410256410256,-3.0054719562243495
Jabalpur,gem,rainfall,8.0,,0,4,17,1443,0.0,1.0,0.0,-0.0022167166514539057,-4.264383561643836
Jaipur,gem,rainfall,8.0,,0,0,6,1458,,1.0,0.0,0.0,
Jodhpur,gem,rainfall,8.0,,0,1,3,1460,0.0,1.0,0.0,-0.000512557662737058,-3.0027341079972665
Kanpur,gem,rainfall,8.0,,1,11,12,1440,0.08333333333333333,0.9230769230769231,0.041666666666666664,0.037392795883361925,-0.9325068870523414
Kochi,gem,rainfall,8.0,,0,5,1,1458,0.0,1.0,0.0,-0.0005695409499943046,-0.20411240575736822
Kolkata,gem,rainfall,8.0,,0,10,10,1444,0.0,1.0,0.0,-0.003427004797806717,-1.0137551581843192
Kota,gem,rainfall,8.0,,0,3,6,1455,0.0,1.0,0.0,-0.0013679890560875513,-2.0061601642710465
Lucknow,gem,rainfall,8.0,,3,4,18,1439,0.42857142857142855,0.8571428571428571,0.12,0.11645132087894,-2.1579566624178836
Ludhiana,gem,rainfall,8.0,,0,0,2,1462,,1.0,0.0,0.0,
Madurai,gem,rainfall,8.0,,0,4,3,1457,0.0,1.0,0.0,-0.001172332942555686,-0.7547945205479454
Mumbai,gem,rainfall,8.0,,0,0,3,1461,,1.0,0.0,0.0,
Nagpur,gem,rainfall,8.0,,0,2,1,1461,0.0,1.0,0.0,-0.0004555808656036446,-0.5020519835841313
Nashik,gem,rainfall,8.0,,0,0,4,1460,,1.0,0.0,0.0,
Patna,gem,rainfall,8.0,,0,4,13,1447,0.0,1.0,0.0,-0.002093734900950233,-3.2616438356164386
Pune,gem,rainfall,8.0,,0,0,4,1460,,1.0,0.0,0.0,
Raipur,gem,rainfall,8.0,,1,4,12,1447,0.2,0.9230769230769231,0.058823529411764705,0.05635902187487411,-2.2109664153529813
Ranchi,gem,rainfall,8.0,,0,3,25,1436,0.0,1.0,0.0,-0.001832978957401569,-8.352498288843256
Shillong,gem,rainfall,8.0,,0,2,0,1462,0.0,,0.0,0.0,-0.0013679890560873709
Shimla,gem,rainfall,8.0,,0,0,2,1462,,1.0,0.0,0.0,
Srinagar,gem,rainfall,8.0,,0,0,0,1464,,,,,
Surat,gem,rainfall,8.0,,0,6,3,1455,0.0,1.0,0.0,-0.0013679890560875513,-0.5061728395061726
Thane,gem,rainfall,8.0,,0,0,5,1459,,1.0,0.0,0.0,
Thiruvananthapuram,gem,rainfall,8.0,,0,1,3,1460,0.0,1.0,0.0,-0.000512557662737058,-3.0027341079972665
Vadodara,gem,rainfall,8.0,,0,3,5,1456,0.0,1.0,0.0,-0.0012823800974608873,-1.6721423682409302
Varanasi,gem,rainfall,8.0,,0,6,9,1449,0.0,1.0,0.0,-0.0024650780608052587,-1.5102880658436209
Vijayawada,gem,rainfall,8.0,,0,2,5,1457,0.0,1.0,0.0,-0.0009767532721234617,-2.504787961696306
Visakhapatnam,gem,rainfall,8.0,,3,3,12,1446,0.5,0.8,0.16666666666666666,0.16381082933516108,-1.5102880658436209
Agartala,jma,rainfall,8.0,,0,1,0,1463,0.0,,0.0,0.0,-0.0006835269993166193
Agra,jma,rainfall,8.0,,0,0,0,1464,,,,,
Ahmedabad,jma,rainfall,8.0,,0,4,0,1460,0.0,,0.0,0.0,-0.00273972602739736
Amritsar,jma,rainfall,8.0,,0,1,0,1463,0.0,,0.0,0.0,-0.0006835269993166193
Bengaluru,jma,rainfall,8.0,,0,1,0,1463,0.0,,0.0,0.0,-0.0006835269993166193
Bhopal,jma,rainfall,8.0,,3,1,9,1451,0.75,0.75,0.23076923076923078,0.22882427307206069,-1.5068493150684934
Bhubaneswar,jma,rainfall,8.0,,0,8,0,1456,0.0,,0.0,0.0,-0.005494505494505475
Chandigarh,jma,rainfall,8.0,,0,1,0,1463,0.0,,0.0,0.0,-0.0006835269993166193
Chennai,jma,rainfall,8.0,,0,1,0,1463,0.0,,0.0,0.0,-0.0006835269993166193
Coimbatore,jma,rainfall,8.0,,0,2,0,1462,0.0,,0.0,0.0,-0.0013679890560873709
Dehradun,jma,rainfall,8.0,,0,4,6,1454,0.0,1.0,0.0,-0.0016420361247947454,-1.5068493150684934
Delhi,jma,rainfall,8.0,,0,4,0,1460,0.0,,0.0,0.0,-0.00273972602739736
Ghaziabad,jma,rainfall,8.0,,0,3,0,1461,0.0,,0.0,0.0,-0.002053388090349051
Goa,jma,rainfall,8.0,,0,3,0,1461,0.0,,0.0,0.0,-0.002053388090349051
Guwahati,jma,rainfall,8.0,,0,3,24,1437,0.0,1.0,0.0,-0.0018248175182481751,-8.01848049281314
Hyderabad,jma,rainfall,8.0,,0,0,0,1464,,,,,
Imphal,jma,rainfall,8.0,,0,3,0,1461,0.0,,0.0,0.0,-0.002053388090349051
Indore,jma,rainfall,8.0,,0,2,0,1462,0.0,,0.0,0.0,-0.0013679890560873709
Jabalpur,jma,rainfall,8.0,,0,4,6,1454,0.0,1.0,0.0,-0.0016420361247947454,-1.5068493150684934
Jaipur,jma,rainfall,8.0,,0,0,0,1464,,,,,
Jodhpur,jma,rainfall,8.0,,0,1,0,1463,0.0,,0.0,0.0,-0.0006835269993166193
Kanpur,jma,rainfall,8.0,,0,12,0,1452,0.0,,0.0,0.0,-0.008264462809917328
Kochi,jma,rainfall,8.0,,0,5,0,1459,0.0,,0.0,0.0,-0.0034270047978066653
Kolkata,jma,rainfall,8.0,,0,10,0,1454,0.0,,0.0,0.0,-0.00687757909215958
Kota,jma,rainfall,8.0,,0,3,0,1461,0.0,,0.0,0.0,-0.002053388090349051
Lucknow,jma,rainfall,8.0,,0,7,0,1457,0.0,,0.0,0.0,-0.0048043925875085325
Ludhiana,jma,rainfall,8.0,,0,0,0,1464,,,,,
Madurai,jma,rainfall,8.0,,0,4,0,1460,0.0,,0.0,0.0,-0.00273972602739736
Mumbai,jma,rainfall,8.0,,0,0,0,1464,,,,,
Nagpur,jma,rainfall,8.0,,0,2,0,1462,0.0,,0.0,0.0,-0.0013679890560873709
Nashik,jma,rainfall,8.0,,0,0,0,1464,,,,,
Patna,jma,rainfall,8.0,,0,4,0,1460,0.0,,0.0,0.0,-0.00273972602739736
Pune,jma,rainfall,8.0,,0,0,0,1464,,,,,
Raipur,jma,rainfall,8.0,,0,5,0,1459,0.0,,0.0,0.0,-0.0034270047978066653
Ranchi,jma,rainfall,8.0,,0,3,0,1461,0.0,,0.0,0.0,-0.002053388090349051
Shillong,jma,rainfall,8.0,,0,2,0,1462,0.0,,0.0,0.0,-0.0013679890560873709
Shimla,jma,rainfall,8.0,,0,0,0,1464,,,,,
Srinagar,jma,rainfall,8.0,,0,0,0,1464,,,,,
Surat,jma,rainfall,8.0,,2,4,4,1454,0.3333333333333333,0.6666666666666666,0.2,0.1980279375513558,-0.3388203017832647
Thane,jma,rainfall,8.0,,0,0,0,1464,,,,,
Thiruvananthapuram,jma,rainfall,8.0,,0,1,0,1463,0.0,,0.0,0.0,-0.0006835269993166193
Vadodara,jma,rainfall,8.0,,0,3,0,1461,0.0,,0.0,0.0,-0.002053388090349051
Varanasi,jma,rainfall,8.0,,0,6,0,1458,0.0,,0.0,0.0,-0.00411522633744843
Vijayawada,jma,rainfall,8.0,,0,2,0,1462,0.0,,0.0,0.0,-0.0013679890560873709
Visakhapatnam,jma,rainfall,8.0,,0,6,0,1458,0.0,,0.0,0.0,-0.00411522633744843
Agartala,ukmo,rainfall,8.0,,1,0,5,1458,1.0,0.8333333333333334,0.16666666666666666,0.16609706083390297,-4.003417634996583
Agra,ukmo,rainfall,8.0,,0,0,2,1462,,1.0,0.0,0.0,
Ahmedabad,ukmo,rainfall,8.0,,1,3,11,1449,0.25,0.9166666666666666,0.06666666666666667,0.06462212486308871,-2.5095890410958908
Amritsar,ukmo,rainfall,8.0,,0,1,4,1459,0.0,1.0,0.0,-0.0005467468562055768,-4.003417634996583
Bengaluru,ukmo,rainfall,8.0,,0,1,0,1463,0.0,,0.0,0.0,-0.0006835269993166193
Bhopal,ukmo,rainfall,8.0,,3,1,5,1455,0.75,0.625,0.3333333333333333,0.3317102860620815,-0.504109589041096
Bhubaneswar,ukmo,rainfall,8.0,,0,8,14,1442,0.0,1.0,0.0,-0.0034895314057826524,-1.76510989010989
Chandigarh,ukmo,rainfall,8.0,,1,0,8,1455,1.0,0.8888888888888888,0.1111111111111111,0.11050353155616313,-7.005468215994533
Chennai,ukmo,rainfall,8.0,,0,1,1,1462,0.0,1.0,0.0,-0.00034164673727365904,-1.0013670539986332
Coimbatore,ukmo,rainfall,8.0,,0,2,0,1462,0.0,,0.0,0.0,-0.0013679890560873709
Dehradun,ukmo,rainfall,8.0,,0,4,13,1447,0.0,1.0,0.0,-0.002093734900950233,-3.2616438356164386
Delhi,ukmo,rainfall,8.0,,0,4,1,1459,0.0,1.0,0.0,-0.0005467468562055768,-0.2534246575342467
Ghaziabad,ukmo,rainfall,8.0,,0,3,0,1461,0.0,,0.0,0.0,-0.002053388090349051
Goa,ukmo,rainfall,8.0,,1,2,3,1458,0.3333333333333333,0.75,0.16666666666666666,0.1655266757865937,-0.6700889801505814
Guwahati,ukmo,rainfall,8.0,,0,3,14,1447,0.0,1.0,0.0,-0.0016904129437333975,-4.678302532511977
Hyderabad,ukmo,rainfall,8.0,,0,0,0,1464,,,,,
Imphal,ukmo,rainfall,8.0,,0,3,4,1457,0.0,1.0,0.0,-0.001172332942555686,-1.338124572210814
Indore,ukmo,rainfall,8.0,,0,2,2,1460,0.0,1.0,0.0,-0.000683526999316473,-1.0027359781121747
Jabalpur,ukmo,rainfall,8.0,,0,4,10,1450,0.0,1.0,0.0,-0.0019554165037152915,-2.5095890410958908
Jaipur,ukmo,rainfall,8.0,,0,0,1,1463,,1.0,0.0,0.0,
Jodhpur,ukmo,rainfall,8.0,,0,1,3,1460,0.0,1.0,0.0,-0.000512557662737058,-3.0027341079972665
Kanpur,ukmo,rainfall,8.0,,1,11,15,1437,0.08333333333333333,0.9375,0.037037037037037035,0.032336790726052465,-1.1845730027548207
Kochi,ukmo,rainfall,8.0,,1,4,14,1445,0.2,0.9333333333333333,0.05263157894736842,0.050070293068022055,-2.612337217272104
Kolkata,ukmo,rainfall,8.0,,1,9,11,1443,0.1,0.9166666666666666,0.047619047619047616,0.0438871473354232,-1.0137551581843192
Kota,ukmo,rainfall,8.0,,0,3,1,1460,0.0,1.0,0.0,-0.000512557662737058,-0.3360711841204651
Lucknow,ukmo,rainfall,8.0,,2,5,16,1441,0.2857142857142857,0.8888888888888888,0.08695652173913043,0.08352709712037201,-2.014413177762526
Ludhiana,ukmo,rainfall,8.0,,0,0,0,1464,,,,,
Madurai,ukmo,rainfall,8.0,,0,4,0,1460,0.0,,0.0,0.0,-0.00273972602739736
Mumbai,ukmo,rainfall,8.0,,0,0,3,1461,,1.0,0.0,0.0,
Nagpur,ukmo,rainfall,8.0,,0,2,0,1462,0.0,,0.0,0.0,-0.0013679890560873709
Nashik,ukmo,rainfall,8.0,,0,0,3,1461,,1.0,0.0,0.0,
Patna,ukmo,rainfall,8.0,,0,4,9,1451,0.0,1.0,0.0,-0.0018951358180669614,-2.258904109589041
Pune,ukmo,rainfall,8.0,,0,0,0,1464,,,,,
Raipur,ukmo,rainfall,8.0,,3,2,9,1450,0.6,0.75,0.21428571428571427,0.21197886083382267,-1.2075394105551749
Ranchi,ukmo,rainfall,8.0,,0,3,15,1446,0.0,1.0,0.0,-0.0017105713308244953,-5.012320328542093
Shillong,ukmo,rainfall,8.0,,0,2,8,1454,0.0,1.0,0.0,-0.0010940919037199124,-4.006839945280437
Shimla,ukmo,rainfall,8.0,,0,0,12,1452,,1.0,0.0,0.0,
Srinagar,ukmo,rainfall,8.0,,0,0,0,1464,,,,,
Surat,ukmo,rainfall,8.0,,5,1,5,1453,0.8333333333333334,0.5,0.45454545454545453,0.45250560957367236,-0.00411522633744843
Thane,ukmo,rainfall,8.0,,0,0,2,1462,,1.0,0.0,0.0,
Thiruvananthapuram,ukmo,rainfall,8.0,,1,0,6,1457,1.0,0.8571428571428571,0.14285714285714285,0.14227126257201447,-5.0041011619959
Vadodara,ukmo,rainfall,8.0,,1,2,4,1457,0.3333333333333333,0.8,0.14285714285714285,0.14160070360598065,-1.004106776180698
Varanasi,ukmo,rainfall,8.0,,1,5,3,1455,0.16666666666666666,0.75,0.1111111111111111,0.1094890510948905,-0.3388203017832647
Vijayawada,ukmo,rainfall,8.0,,0,2,1,1461,0.0,1.0,0.0,-0.0004555808656036446,-0.5020519835841313
Visakhapatnam,ukmo,rainfall,8.0,,0,6,3,1455,0.0,1.0,0.0,-0.0013679890560875513,-0.5061728395061726
Agartala,equal_avg,rainfall,8.0,,0,1,0,1463,0.0,,0.0,0.0,-0.0006835269993166193
Agra,equal_avg,rainfall,8.0,,0,0,0,1464,,,,,
Ahmedabad,equal_avg,rainfall,8.0,,0,4,0,1460,0.0,,0.0,0.0,-0.00273972602739736
Amritsar,equal_avg,rainfall,8.0,,0,1,0,1463,0.0,,0.0,0.0,-0.0006835269993166193
Bengaluru,equal_avg,rainfall,8.0,,0,1,0,1463,0.0,,0.0,0.0,-0.0006835269993166193
Bhopal,equal_avg,rainfall,8.0,,0,4,0,1460,0.0,,0.0,0.0,-0.00273972602739736
Bhubaneswar,equal_avg,rainfall,8.0,,0,8,0,1456,0.0,,0.0,0.0,-0.005494505494505475
Chandigarh,equal_avg,rainfall,8.0,,0,1,0,1463,0.0,,0.0,0.0,-0.0006835269993166193
Chennai,equal_avg,rainfall,8.0,,0,1,0,1463,0.0,,0.0,0.0,-0.0006835269993166193
Coimbatore,equal_avg,rainfall,8.0,,0,2,0,1462,0.0,,0.0,0.0,-0.0013679890560873709
Dehradun,equal_avg,rainfall,8.0,,0,4,1,1459,0.0,1.0,0.0,-0.0005467468562055768,-0.2534246575342467
Delhi,equal_avg,rainfall,8.0,,0,4,0,1460,0.0,,0.0,0.0,-0.00273972602739736
Ghaziabad,equal_avg,rainfall,8.0,,0,3,0,1461,0.0,,0.0,0.0,-0.002053388090349051
Goa,equal_avg,rainfall,8.0,,0,3,0,1461,0.0,,0.0,0.0,-0.002053388090349051
Guwahati,equal_avg,rainfall,8.0,,0,3,0,1461,0.0,,0.0,0.0,-0.002053388090349051
Hyderabad,equal_avg,rainfall,8.0,,0,0,0,1464,,,,,
Imphal,equal_avg,rainfall,8.0,,0,3,0,1461,0.0,,0.0,0.0,-0.002053388090349051
Indore,equal_avg,rainfall,8.0,,0,2,0,1462,0.0,,0.0,0.0,-0.0013679890560873709
Jabalpur,equal_avg,rainfall,8.0,,0,4,0,1460,0.0,,0.0,0.0,-0.00273972602739736
Jaipur,equal_avg,rainfall,8.0,,0,0,0,1464,,,,,
Jodhpur,equal_avg,rainfall,8.0,,0,1,0,1463,0.0,,0.0,0.0,-0.0006835269993166193
Kanpur,equal_avg,rainfall,8.0,,2,10,2,1450,0.16666666666666666,0.5,0.14285714285714285,0.14084507042253522,-0.008264462809917328
Kochi,equal_avg,rainfall,8.0,,0,5,0,1459,0.0,,0.0,0.0,-0.0034270047978066653
Kolkata,equal_avg,rainfall,8.0,,0,10,0,1454,0.0,,0.0,0.0,-0.00687757909215958
Kota,equal_avg,rainfall,8.0,,0,3,0,1461,0.0,,0.0,0.0,-0.002053388090349051
Lucknow,equal_avg,rainfall,8.0,,3,4,2,1455,0.42857142857142855,0.4,0.3333333333333333,0.33155772011262463,0.13873909206784985
Ludhiana,equal_avg,rainfall,8.0,,0,0,0,1464,,,,,
Madurai,equal_avg,rainfall,8.0,,0,4,0,1460,0.0,,0.0,0.0,-0.00273972602739736
Mumbai,equal_avg,rainfall,8.0,,0,0,0,1464,,,,,
Nagpur,equal_avg,rainfall,8.0,,0,2,0,1462,0.0,,0.0,0.0,-0.0013679890560873709
Nashik,equal_avg,rainfall,8.0,,0,0,0,1464,,,,,
Patna,equal_avg,rainfall,8.0,,0,4,0,1460,0.0,,0.0,0.0,-0.00273972602739736
Pune,equal_avg,rainfall,8.0,,0,0,0,1464,,,,,
Raipur,equal_avg,rainfall,8.0,,1,4,1,1458,0.2,0.5,0.16666666666666666,0.16571689081376795,-0.0034270047978066653
Ranchi,equal_avg,rainfall,8.0,,0,3,0,1461,0.0,,0.0,0.0,-0.002053388090349051
Shillong,equal_avg,rainfall,8.0,,0,2,0,1462,0.0,,0.0,0.0,-0.0013679890560873709
Shimla,equal_avg,rainfall,8.0,,0,0,0,1464,,,,,
Srinagar,equal_avg,rainfall,8.0,,0,0,0,1464,,,,,
Surat,equal_avg,rainfall,8.0,,2,4,0,1458,0.3333333333333333,0.0,0.3333333333333333,0.332421340629275,0.33058984910836764
Thane,equal_avg,rainfall,8.0,,0,0,0,1464,,,,,
Thiruvananthapuram,equal_avg,rainfall,8.0,,0,1,0,1463,0.0,,0.0,0.0,-0.0006835269993166193
Vadodara,equal_avg,rainfall,8.0,,0,3,0,1461,0.0,,0.0,0.0,-0.002053388090349051
Varanasi,equal_avg,rainfall,8.0,,0,6,0,1458,0.0,,0.0,0.0,-0.00411522633744843
Vijayawada,equal_avg,rainfall,8.0,,0,2,0,1462,0.0,,0.0,0.0,-0.0013679890560873709
Visakhapatnam,equal_avg,rainfall,8.0,,0,6,1,1457,0.0,1.0,0.0,-0.0005858230814294084,-0.17146776406035658
Agartala,weighted_blend,rainfall,8.0,,0,1,0,1463,0.0,,0.0,0.0,-0.0006835269993166193
Agra,weighted_blend,rainfall,8.0,,0,0,0,1464,,,,,
Ahmedabad,weighted_blend,rainfall,8.0,,0,4,0,1460,0.0,,0.0,0.0,-0.00273972602739736
Amritsar,weighted_blend,rainfall,8.0,,0,1,0,1463,0.0,,0.0,0.0,-0.0006835269993166193
Bengaluru,weighted_blend,rainfall,8.0,,0,1,0,1463,0.0,,0.0,0.0,-0.0006835269993166193
Bhopal,weighted_blend,rainfall,8.0,,2,2,0,1460,0.5,0.0,0.5,0.4993160054719562,0.4986301369863013
Bhubaneswar,weighted_blend,rainfall,8.0,,0,8,0,1456,0.0,,0.0,0.0,-0.005494505494505475
Chandigarh,weighted_blend,rainfall,8.0,,0,1,0,1463,0.0,,0.0,0.0,-0.0006835269993166193
Chennai,weighted_blend,rainfall,8.0,,0,1,0,1463,0.0,,0.0,0.0,-0.0006835269993166193
Coimbatore,weighted_blend,rainfall,8.0,,0,2,0,1462,0.0,,0.0,0.0,-0.0013679890560873709
Dehradun,weighted_blend,rainfall,8.0,,0,4,0,1460,0.0,,0.0,0.0,-0.00273972602739736
Delhi,weighted_blend,rainfall,8.0,,0,4,0,1460,0.0,,0.0,0.0,-0.00273972602739736
Ghaziabad,weighted_blend,rainfall,8.0,,0,3,0,1461,0.0,,0.0,0.0,-0.002053388090349051
Goa,weighted_blend,rainfall,8.0,,0,3,0,1461,0.0,,0.0,0.0,-0.002053388090349051
Guwahati,weighted_blend,rainfall,8.0,,0,3,0,1461,0.0,,0.0,0.0,-0.002053388090349051
Hyderabad,weighted_blend,rainfall,8.0,,0,0,0,1464,,,,,
Imphal,weighted_blend,rainfall,8.0,,0,3,0,1461,0.0,,0.0,0.0,-0.002053388090349051
Indore,weighted_blend,rainfall,8.0,,0,2,0,1462,0.0,,0.0,0.0,-0.0013679890560873709
Jabalpur,weighted_blend,rainfall,8.0,,0,4,0,1460,0.0,,0.0,0.0,-0.00273972602739736
Jaipur,weighted_blend,rainfall,8.0,,0,0,0,1464,,,,,
Jodhpur,weighted_blend,rainfall,8.0,,0,1,0,1463,0.0,,0.0,0.0,-0.0006835269993166193
Kanpur,weighted_blend,rainfall,8.0,,3,9,0,1452,0.25,0.0,0.25,0.24845995893223818,0.24380165289256206
Kochi,weighted_blend,rainfall,8.0,,0,5,0,1459,0.0,,0.0,0.0,-0.0034270047978066653
Kolkata,weighted_blend,rainfall,8.0,,0,10,0,1454,0.0,,0.0,0.0,-0.00687757909215958
Kota,weighted_blend,rainfall,8.0,,0,3,0,1461,0.0,,0.0,0.0,-0.002053388090349051
Lucknow,weighted_blend,rainfall,8.0,,3,4,0,1457,0.42857142857142855,0.0,0.42857142857142855,0.42739806394837193,0.4258260613785666
Ludhiana,weighted_blend,rainfall,8.0,,0,0,0,1464,,,,,
Madurai,weighted_blend,rainfall,8.0,,0,4,0,1460,0.0,,0.0,0.0,-0.00273972602739736
Mumbai,weighted_blend,rainfall,8.0,,0,0,0,1464,,,,,
Nagpur,weighted_blend,rainfall,8.0,,0,2,0,1462,0.0,,0.0,0.0,-0.0013679890560873709
Nashik,weighted_blend,rainfall,8.0,,0,0,0,1464,,,,,
Patna,weighted_blend,rainfall,8.0,,0,4,0,1460,0.0,,0.0,0.0,-0.00273972602739736
Pune,weighted_blend,rainfall,8.0,,0,0,0,1464,,,,,
Raipur,weighted_blend,rainfall,8.0,,1,4,0,1459,0.2,0.0,0.2,0.1994531784005468,0.19725839616175467
Ranchi,weighted_blend,rainfall,8.0,,0,3,0,1461,0.0,,0.0,0.0,-0.002053388090349051
Shillong,weighted_blend,rainfall,8.0,,0,2,0,1462,0.0,,0.0,0.0,-0.0013679890560873709
Shimla,weighted_blend,rainfall,8.0,,0,0,0,1464,,,,,
Srinagar,weighted_blend,rainfall,8.0,,0,0,0,1464,,,,,
Surat,weighted_blend,rainfall,8.0,,2,4,0,1458,0.3333333333333333,0.0,0.3333333333333333,0.332421340629275,0.33058984910836764
Thane,weighted_blend,rainfall,8.0,,0,0,0,1464,,,,,
Thiruvananthapuram,weighted_blend,rainfall,8.0,,0,1,0,1463,0.0,,0.0,0.0,-0.0006835269993166193
Vadodara,weighted_blend,rainfall,8.0,,0,3,0,1461,0.0,,0.0,0.0,-0.002053388090349051
Varanasi,weighted_blend,rainfall,8.0,,0,6,0,1458,0.0,,0.0,0.0,-0.00411522633744843
Vijayawada,weighted_blend,rainfall,8.0,,0,2,0,1462,0.0,,0.0,0.0,-0.0013679890560873709
Visakhapatnam,weighted_blend,rainfall,8.0,,0,6,1,1457,0.0,1.0,0.0,-0.0005858230814294084,-0.17146776406035658
Agartala,ecmwf,wind_speed,25.0,,0,1,0,1463,0.0,,0.0,0.0,-0.0006835269993166193
Agra,ecmwf,wind_speed,25.0,,0,0,0,1464,,,,,
Ahmedabad,ecmwf,wind_speed,25.0,,0,0,0,1464,,,,,
Amritsar,ecmwf,wind_speed,25.0,,0,0,0,1464,,,,,
Bengaluru,ecmwf,wind_speed,25.0,,1,0,7,1456,1.0,0.875,0.125,0.12440191387559808,-6.004784688995216
Bhopal,ecmwf,wind_speed,25.0,,1,0,0,1463,1.0,0.0,1.0,1.0,1.0
Bhubaneswar,ecmwf,wind_speed,25.0,,31,14,1,1418,0.6888888888888889,0.03125,0.6739130434782609,0.6667880553532411,0.6560958421423538
Chandigarh,ecmwf,wind_speed,25.0,,0,0,0,1464,,,,,
Chennai,ecmwf,wind_speed,25.0,,0,0,0,1464,,,,,
Coimbatore,ecmwf,wind_speed,25.0,,12,2,5,1445,0.8571428571428571,0.29411764705882354,0.631578947368421,0.6283994488360287,0.4951724137931035
Dehradun,ecmwf,wind_speed,25.0,,0,0,0,1464,,,,,
Delhi,ecmwf,wind_speed,25.0,,0,0,0,1464,,,,,
Ghaziabad,ecmwf,wind_speed,25.0,,0,0,0,1464,,,,,
Goa,ecmwf,wind_speed,25.0,,0,0,1,1463,,1.0,0.0,0.0,
Guwahati,ecmwf,wind_speed,25.0,,0,0,0,1464,,,,,
Hyderabad,ecmwf,wind_speed,25.0,,0,0,3,1461,,1.0,0.0,0.0,
Imphal,ecmwf,wind_speed,25.0,,0,0,0,1464,,,,,
Indore,ecmwf,wind_speed,25.0,,0,0,0,1464,,,,,
Jabalpur,ecmwf,wind_speed,25.0,,0,1,0,1463,0.0,,0.0,0.0,-0.0006835269993166193
Jaipur,ecmwf,wind_speed,25.0,,0,0,0,1464,,,,,
Jodhpur,ecmwf,wind_speed,25.0,,0,0,0,1464,,,,,
Kanpur,ecmwf,wind_speed,25.0,,0,1,0,1463,0.0,,0.0,0.0,-0.0006835269993166193
Kochi,ecmwf,wind_speed,25.0,,0,1,5,1458,0.0,1.0,0.0,-0.0005695409499943046,-5.0041011619959
Kolkata,ecmwf,wind_speed,25.0,,0,0,0,1464,,,,,
Kota,ecmwf,wind_speed,25.0,,0,0,0,1464,,,,,
Lucknow,ecmwf,wind_speed,25.0,,7,1,3,1453,0.875,0.3,0.6363636363636364,0.6345481777334,0.49725274725274726
Ludhiana,ecmwf,wind_speed,25.0,,0,0,0,1464,,,,,
Madurai,ecmwf,wind_speed,25.0,,3,8,0,1453,0.2727272727272727,0.0,0.2727272727272727,0.27123389957065525,0.26722142276168437
Mumbai,ecmwf,wind_speed,25.0,,0,2,0,1462,0.0,,0.0,0.0,-0.0013679890560873709
Nagpur,ecmwf,wind_speed,25.0,,0,0,6,1458,,1.0,0.0,0.0,
Nashik,ecmwf,wind_speed,25.0,,10,1,8,1445,0.9090909090909091,0.4444444444444444,0.5263157894736842,0.5229198348902889,0.17562410060689482
Patna,ecmwf,wind_speed,25.0,,33,2,5,1424,0.9428571428571428,0.13157894736842105,0.825,0.8209330770574873,0.7951014695591323
Pune,ecmwf,wind_speed,25.0,,5,2,0,1457,0.7142857142857143,0.0,0.7142857142857143,0.7133065700577695,0.7129130306892832
Raipur,ecmwf,wind_speed,25.0,,3,0,10,1451,1.0,0.7692307692307693,0.23076923076923078,0.22918970146896225,-2.3401779603011628
Ranchi,ecmwf,wind_speed,25.0,,45,15,3,1401,0.75,0.0625,0.7142857142857143,0.7050765511684126,0.6871794871794872
Shillong,ecmwf,wind_speed,25.0,,0,0,0,1464,,,,,
Shimla,ecmwf,wind_speed,25.0,,0,0,0,1464,,,,,
Srinagar,ecmwf,wind_speed,25.0,,0,0,0,1464,,,,,
Surat,ecmwf,wind_speed,25.0,,0,2,2,1460,0.0,1.0,0.0,-0.000683526999316473,-1.0027359781121747
Thane,ecmwf,wind_speed,25.0,,0,0,0,1464,,,,,
Thiruvananthapuram,ecmwf,wind_speed,25.0,,1,1,6,1456,0.5,0.8571428571428571,0.125,0.12395281244657207,-2.504787961696306
Vadodara,ecmwf,wind_speed,25.0,,0,0,0,1464,,,,,
Varanasi,ecmwf,wind_speed,25.0,,22,3,1,1438,0.88,0.043478260869565216,0.8461538461538461,0.8437941796260237,0.8372202918693536
Vijayawada,ecmwf,wind_speed,25.0,,5,3,3,1453,0.625,0.375,0.45454545454545453,0.45236907730673315,0.2458791208791209
Visakhapatnam,ecmwf,wind_speed,25.0,,27,4,3,1430,0.8709677419354839,0.1,0.7941176470588235,0.7901977644024075,0.7693086914436216
Agartala,gfs,wind_speed,25.0,,0,1,1,1462,0.0,1.0,0.0,-0.00034164673727365904,-1.0013670539986332
Agra,gfs,wind_speed,25.0,,0,0,1,1463,,1.0,0.0,0.0,
Ahmedabad,gfs,wind_speed,25.0,,0,0,9,1455,,1.0,0.0,0.0,
Amritsar,gfs,wind_speed,25.0,,0,0,7,1457,,1.0,0.0,0.0,
Bengaluru,gfs,wind_speed,25.0,,1,0,100,1363,1.0,0.9900990099009901,0.009900990099009901,0.009224230693746066,-99.06835269993167
Bhopal,gfs,wind_speed,25.0,,1,0,18,1445,1.0,0.9473684210526315,0.05263157894736842,0.051984027053279126,-17.012303485987697
Bhubaneswar,gfs,wind_speed,25.0,,44,1,64,1355,0.9777777777777777,0.5925925925925926,0.4036697247706422,0.3849375630186923,-0.49025135071646697
Chandigarh,gfs,wind_speed,25.0,,0,0,4,1460,,1.0,0.0,0.0,
Chennai,gfs,wind_speed,25.0,,0,0,57,1407,,1.0,0.0,0.0,
Coimbatore,gfs,wind_speed,25.0,,12,2,65,1385,0.8571428571428571,0.8441558441558441,0.1518987341772152,0.14391942606783154,-3.8319211822660098
Dehradun,gfs,wind_speed,25.0,,0,0,0,1464,,,,,
Delhi,gfs,wind_speed,25.0,,0,0,0,1464,,,,,
Ghaziabad,gfs,wind_speed,25.0,,0,0,0,1464,,,,,
Goa,gfs,wind_speed,25.0,,0,0,0,1464,,,,,
Guwahati,gfs,wind_speed,25.0,,0,0,0,1464,,,,,
Hyderabad,gfs,wind_speed,25.0,,0,0,201,1263,,1.0,0.0,0.0,
Imphal,gfs,wind_speed,25.0,,0,0,0,1464,,,,,
Indore,gfs,wind_speed,25.0,,0,0,101,1363,,1.0,0.0,0.0,
Jabalpur,gfs,wind_speed,25.0,,1,0,35,1428,1.0,0.9722222222222222,0.027777777777777776,0.02711323763955343,-34.02392344497608
Jaipur,gfs,wind_speed,25.0,,0,0,14,1450,,1.0,0.0,0.0,
Jodhpur,gfs,wind_speed,25.0,,0,0,177,1287,,1.0,0.0,0.0,
Kanpur,gfs,wind_speed,25.0,,1,0,43,1420,1.0,0.9772727272727273,0.022727272727272728,0.022059280432486172,-42.02939166097062
Kochi,gfs,wind_speed,25.0,,0,1,0,1463,0.0,,0.0,0.0,-0.0006835269993166193
Kolkata,gfs,wind_speed,25.0,,0,0,51,1413,,1.0,0.0,0.0,
Kota,gfs,wind_speed,25.0,,0,0,10,1454,,1.0,0.0,0.0,
Lucknow,gfs,wind_speed,25.0,,7,1,28,1428,0.875,0.8,0.19444444444444445,0.19014191973142072,-2.6449175824175826
Ludhiana,gfs,wind_speed,25.0,,0,0,6,1458,,1.0,0.0,0.0,
Madurai,gfs,wind_speed,25.0,,10,1,47,1406,0.9090909090909091,0.8245614035087719,0.1724137931034483,0.16625734116390817,-3.396671463429894
Mumbai,gfs,wind_speed,25.0,,2,0,199,1263,1.0,0.9900497512437811,0.009950248756218905,0.00859587153153521,-98.63611491108071
Nagpur,gfs,wind_speed,25.0,,0,0,17,1447,,1.0,0.0,0.0,
Nashik,gfs,wind_speed,25.0,,11,0,386,1067,1.0,0.9722921914357683,0.027707808564231738,0.02034702803718876,-34.35656635174873
Patna,gfs,wind_speed,25.0,,34,1,41,1388,0.9714285714285714,0.5466666666666666,0.4473684210526316,0.43401540883108275,-0.22939118264520664
Pune,gfs,wind_speed,25.0,,5,2,107,1350,0.7142857142857143,0.9553571428571429,0.043859649122807015,0.039346946638412636,-14.64623982743406
Raipur,gfs,wind_speed,25.0,,3,0,68,1393,1.0,0.9577464788732394,0.04225352112676056,0.040286895913468485,-21.71321013004791
Ranchi,gfs,wind_speed,25.0,,46,14,17,1387,0.7666666666666667,0.2698412698412698,0.5974025974025974,0.5834342989316004,0.4612535612535612
Shillong,gfs,wind_speed,25.0,,0,0,0,1464,,,,,
Shimla,gfs,wind_speed,25.0,,0,0,0,1464,,,,,
Srinagar,gfs,wind_speed,25.0,,0,0,2,1462,,1.0,0.0,0.0,
Surat,gfs,wind_speed,25.0,,2,0,231,1231,1.0,0.9914163090128756,0.008583690987124463,0.007227444326368136,-114.6580027359781
Thane,gfs,wind_speed,25.0,,0,0,74,1390,,1.0,0.0,0.0,
Thiruvananthapuram,gfs,wind_speed,25.0,,0,2,3,1459,0.0,1.0,0.0,-0.0008203445447087778,-1.5034199726402186
Vadodara,gfs,wind_speed,25.0,,0,0,21,1443,,1.0,0.0,0.0,
Varanasi,gfs,wind_speed,25.0,,25,0,45,1394,1.0,0.6428571428571429,0.35714285714285715,0.3459743869750819,-0.8312717164697707
Vijayawada,gfs,wind_speed,25.0,,3,5,96,1360,0.375,0.9696969696969697,0.028846153846153848,0.023768024084931075,-11.694368131868131
Visakhapatnam,gfs,wind_speed,25.0,,31,0,98,1335,1.0,0.7596899224806202,0.24031007751937986,0.22387575260877327,-2.229678319789299
Agartala,icon,wind_speed,25.0,,0,1,0,1463,0.0,,0.0,0.0,-0.0006835269993166193
Agra,icon,wind_speed,25.0,,0,0,0,1464,,,,,
Ahmedabad,icon,wind_speed,25.0,,0,0,0,1464,,,,,
Amritsar,icon,wind_speed,25.0,,0,0,0,1464,,,,,
Bengaluru,icon,wind_speed,25.0,,0,1,0,1463,0.0,,0.0,0.0,-0.0006835269993166193
Bhopal,icon,wind_speed,25.0,,0,1,0,1463,0.0,,0.0,0.0,-0.0006835269993166193
Bhubaneswar,icon,wind_speed,25.0,,0,45,0,1419,0.0,,0.0,0.0,-0.031712473572938604
Chandigarh,icon,wind_speed,25.0,,0,0,0,1464,,,,,
Chennai,icon,wind_speed,25.0,,0,0,0,1464,,,,,
Coimbatore,icon,wind_speed,25.0,,14,0,45,1405,1.0,0.7627118644067796,0.23728813559322035,0.2299240210403273,-2.2453201970443346
Dehradun,icon,wind_speed,25.0,,0,0,0,1464,,,,,
Delhi,icon,wind_speed,25.0,,0,0,0,1464,,,,,
Ghaziabad,icon,wind_speed,25.0,,0,0,0,1464,,,,,
Goa,icon,wind_speed,25.0,,0,0,0,1464,,,,,
Guwahati,icon,wind_speed,25.0,,0,0,0,1464,,,,,
Hyderabad,icon,wind_speed,25.0,,0,0,0,1464,,,,,
Imphal,icon,wind_speed,25.0,,0,0,0,1464,,,,,
Indore,icon,wind_speed,25.0,,0,0,0,1464,,,,,
Jabalpur,icon,wind_speed,25.0,,0,1,0,1463,0.0,,0.0,0.0,-0.0006835269993166193
Jaipur,icon,wind_speed,25.0,,0,0,0,1464,,,,,
Jodhpur,icon,wind_speed,25.0,,0,0,0,1464,,,,,
Kanpur,icon,wind_speed,25.0,,0,1,0,1463,0.0,,0.0,0.0,-0.0006835269993166193
Kochi,icon,wind_speed,25.0,,0,1,6,1457,0.0,1.0,0.0,-0.0005858230814294084,-6.004784688995216
Kolkata,icon,wind_speed,25.0,,0,0,0,1464,,,,,
Kota,icon,wind_speed,25.0,,0,0,0,1464,,,,,
Lucknow,icon,wind_speed,25.0,,0,8,0,1456,0.0,,0.0,0.0,-0.005494505494505475
Ludhiana,icon,wind_speed,25.0,,0,0,0,1464,,,,,
Madurai,icon,wind_speed,25.0,,3,8,0,1453,0.2727272727272727,0.0,0.2727272727272727,0.27123389957065525,0.26722142276168437
Mumbai,icon,wind_speed,25.0,,0,2,0,1462,0.0,,0.0,0.0,-0.0013679890560873709
Nagpur,icon,wind_speed,25.0,,0,0,0,1464,,,,,
Nashik,icon,wind_speed,25.0,,3,8,5,1448,0.2727272727272727,0.625,0.1875,0.18443606444977717,-0.19076518801226294
Patna,icon,wind_speed,25.0,,0,35,0,1429,0.0,,0.0,0.0,-0.024492652204338716
Pune,icon,wind_speed,25.0,,0,7,8,1449,0.0,1.0,0.0,-0.002556610664718773,-1.1531522698303753
Raipur,icon,wind_speed,25.0,,0,3,0,1461,0.0,,0.0,0.0,-0.002053388090349051
Ranchi,icon,wind_speed,25.0,,5,55,0,1404,0.08333333333333333,0.0,0.08333333333333333,0.08019191226867717,0.04415954415954393
Shillong,icon,wind_speed,25.0,,0,0,0,1464,,,,,
Shimla,icon,wind_speed,25.0,,0,0,0,1464,,,,,
Srinagar,icon,wind_speed,25.0,,0,0,0,1464,,,,,
Surat,icon,wind_speed,25.0,,0,2,0,1462,0.0,,0.0,0.0,-0.0013679890560873709
Thane,icon,wind_speed,25.0,,0,0,0,1464,,,,,
Thiruvananthapuram,icon,wind_speed,25.0,,0,2,4,1458,0.0,1.0,0.0,-0.000911577028258888,-2.0041039671682626
Vadodara,icon,wind_speed,25.0,,0,0,0,1464,,,,,
Varanasi,icon,wind_speed,25.0,,0,25,0,1439,0.0,,0.0,0.0,-0.01737317581653941
Vijayawada,icon,wind_speed,25.0,,0,8,0,1456,0.0,,0.0,0.0,-0.005494505494505475
Visakhapatnam,icon,wind_speed,25.0,,2,29,5,1428,0.06451612903225806,0.7142857142857143,0.05555555555555555,0.05165088498104293,-0.12050064155955265
Agartala,gem,wind_speed,25.0,,0,1,0,1463,0.0,,0.0,0.0,-0.0006835269993166193
Agra,gem,wind_speed,25.0,,0,0,6,1458,,1.0,0.0,0.0,
Ahmedabad,gem,wind_speed,25.0,,0,0,0,1464,,,,,
Amritsar,gem,wind_speed,25.0,,0,0,0,1464,,,,,
Bengaluru,gem,wind_speed,25.0,,1,0,96,1367,1.0,0.9896907216494846,0.010309278350515464,0.009632798021295037,-95.0656185919344
Bhopal,gem,wind_speed,25.0,,1,0,33,1430,1.0,0.9705882352941176,0.029411764705882353,0.028748341441839898,-32.02255639097745
Bhubaneswar,gem,wind_speed,25.0,,41,4,41,1378,0.9111111111111111,0.5,0.47674418604651164,0.4609455545191222,-0.031712473572938604
Chandigarh,gem,wind_speed,25.0,,0,0,0,1464,,,,,
Chennai,gem,wind_speed,25.0,,0,0,23,1441,,1.0,0.0,0.0,
Coimbatore,gem,wind_speed,25.0,,14,0,290,1160,1.0,0.9539473684210527,0.046052631578947366,0.0368421052631579,-19.91428571428571
Dehradun,gem,wind_speed,25.0,,0,0,0,1464,,,,,
Delhi,gem,wind_speed,25.0,,0,0,0,1464,,,,,
Ghaziabad,gem,wind_speed,25.0,,0,0,6,1458,,1.0,0.0,0.0,
Goa,gem,wind_speed,25.0,,0,0,0,1464,,,,,
Guwahati,gem,wind_speed,25.0,,0,0,0,1464,,,,,
Hyderabad,gem,wind_speed,25.0,,0,0,100,1364,,1.0,0.0,0.0,
Imphal,gem,wind_speed,25.0,,0,0,0,1464,,,,,
Indore,gem,wind_speed,25.0,,0,0,42,1422,,1.0,0.0,0.0,
Jabalpur,gem,wind_speed,25.0,,1,0,28,1435,1.0,0.9655172413793104,0.034482758620689655,0.03382280151790133,-27.019138755980865
Jaipur,gem,wind_speed,25.0,,0,0,3,1461,,1.0,0.0,0.0,
Jodhpur,gem,wind_speed,25.0,,0,0,1,1463,,1.0,0.0,0.0,
Kanpur,gem,wind_speed,25.0,,1,0,38,1425,1.0,0.9743589743589743,0.02564102564102564,0.024975024975024972,-37.02597402597403
Kochi,gem,wind_speed,25.0,,0,1,1,1462,0.0,1.0,0.0,-0.00034164673727365904,-1.0013670539986332
Kolkata,gem,wind_speed,25.0,,0,0,16,1448,,1.0,0.0,0.0,
Kota,gem,wind_speed,25.0,,0,0,3,1461,,1.0,0.0,0.0,
Lucknow,gem,wind_speed,25.0,,8,0,47,1409,1.0,0.8545454545454545,0.14545454545454545,0.14075924075924076,-4.90728021978022
Ludhiana,gem,wind_speed,25.0,,0,0,0,1464,,,,,
Madurai,gem,wind_speed,25.0,,9,2,9,1444,0.8181818181818182,0.5,0.45,0.4462554157210646,-0.007570543702684063
Mumbai,gem,wind_speed,25.0,,0,2,14,1448,0.0,1.0,0.0,-0.001196785775346213,-7.010943912448699
Nagpur,gem,wind_speed,25.0,,0,0,36,1428,,1.0,0.0,0.0,
Nashik,gem,wind_speed,25.0,,10,1,134,1319,0.9090909090909091,0.9305555555555556,0.06896551724137931,0.06196605535938033,-11.365638490896577
Patna,gem,wind_speed,25.0,,32,3,75,1354,0.9142857142857143,0.7009345794392523,0.2909090909090909,0.27402651069646206,-1.2831550534839549
Pune,gem,wind_speed,25.0,,0,7,0,1457,0.0,,0.0,0.0,-0.0048043925875085325
Raipur,gem,wind_speed,25.0,,3,0,47,1414,1.0,0.94,0.06,0.058069815195071865,-14.698836413415467
Ranchi,gem,wind_speed,25.0,,50,10,18,1386,0.8333333333333334,0.2647058823529412,0.6410256410256411,0.6277244986922407,0.5133903133903133
Shillong,gem,wind_speed,25.0,,0,0,0,1464,,,,,
Shimla,gem,wind_speed,25.0,,0,0,0,1464,,,,,
Srinagar,gem,wind_speed,25.0,,0,0,0,1464,,,,,
Surat,gem,wind_speed,25.0,,0,2,342,1120,0.0,1.0,0.0,-0.0013600248144878433,-171.23529411764704
Thane,gem,wind_speed,25.0,,0,0,0,1464,,,,,
Thiruvananthapuram,gem,wind_speed,25.0,,0,2,30,1432,0.0,1.0,0.0,-0.0012823800974608873,-15.021887824897398
Vadodara,gem,wind_speed,25.0,,0,0,6,1458,,1.0,0.0,0.0,
Varanasi,gem,wind_speed,25.0,,25,0,30,1409,1.0,0.5454545454545454,0.45454545454545453,0.4450691768273422,-0.22084781097984707
Vijayawada,gem,wind_speed,25.0,,5,3,57,1399,0.625,0.9193548387096774,0.07692307692307693,0.07208653764894786,-6.54120879120879
Visakhapatnam,gem,wind_speed,25.0,,31,0,108,1325,1.0,0.7769784172661871,0.22302158273381295,0.20621325688925482,-2.559237332012696
Agartala,jma,wind_speed,25.0,,0,1,15,1448,0.0,1.0,0.0,-0.0006407791874919902,-15.010936431989066
Agra,jma,wind_speed,25.0,,0,0,0,1464,,,,,
Ahmedabad,jma,wind_speed,25.0,,0,0,0,1464,,,,,
Amritsar,jma,wind_speed,25.0,,0,0,0,1464,,,,,
Bengaluru,jma,wind_speed,25.0,,0,1,0,1463,0.0,,0.0,0.0,-0.0006835269993166193
Bhopal,jma,wind_speed,25.0,,0,1,0,1463,0.0,,0.0,0.0,-0.0006835269993166193
Bhubaneswar,jma,wind_speed,25.0,,0,45,0,1419,0.0,,0.0,0.0,-0.031712473572938604
Chandigarh,jma,wind_speed,25.0,,0,0,0,1464,,,,,
Chennai,jma,wind_speed,25.0,,0,0,305,1159,,1.0,0.0,0.0,
Coimbatore,jma,wind_speed,25.0,,0,14,0,1450,0.0,,0.0,0.0,-0.00965517241379299
Dehradun,jma,wind_speed,25.0,,0,0,0,1464,,,,,
Delhi,jma,wind_speed,25.0,,0,0,0,1464,,,,,
Ghaziabad,jma,wind_speed,25.0,,0,0,0,1464,,,,,
Goa,jma,wind_speed,25.0,,0,0,0,1464,,,,,
Guwahati,jma,wind_speed,25.0,,0,0,0,1464,,,,,
Hyderabad,jma,wind_speed,25.0,,0,0,22,1442,,1.0,0.0,0.0,
Imphal,jma,wind_speed,25.0,,0,0,0,1464,,,,,
Indore,jma,wind_speed,25.0,,0,0,0,1464,,,,,
Jabalpur,jma,wind_speed,25.0,,0,1,0,1463,0.0,,0.0,0.0,-0.0006835269993166193
Jaipur,jma,wind_speed,25.0,,0,0,0,1464,,,,,
Jodhpur,jma,wind_speed,25.0,,0,0,0,1464,,,,,
Kanpur,jma,wind_speed,25.0,,0,1,0,1463,0.0,,0.0,0.0,-0.0006835269993166193
Kochi,jma,wind_speed,25.0,,0,1,0,1463,0.0,,0.0,0.0,-0.0006835269993166193
Kolkata,jma,wind_speed,25.0,,0,0,0,1464,,,,,
Kota,jma,wind_speed,25.0,,0,0,0,1464,,,,,
Lucknow,jma,wind_speed,25.0,,0,8,0,1456,0.0,,0.0,0.0,-0.005494505494505475
Ludhiana,jma,wind_speed,25.0,,0,0,0,1464,,,,,
Madurai,jma,wind_speed,25.0,,0,11,0,1453,0.0,,0.0,0.0,-0.007570543702684063
Mumbai,jma,wind_speed,25.0,,1,1,2,1460,0.5,0.6666666666666666,0.25,0.24923076923076923,-0.5020519835841313
Nagpur,jma,wind_speed,25.0,,0,0,0,1464,,,,,
Nashik,jma,wind_speed,25.0,,0,11,0,1453,0.0,,0.0,0.0,-0.007570543702684063
Patna,jma,wind_speed,25.0,,3,32,0,1429,0.08571428571428572,0.0,0.08571428571428572,0.08383690231739512,0.06332100369889027
Pune,jma,wind_speed,25.0,,0,7,0,1457,0.0,,0.0,0.0,-0.0048043925875085325
Raipur,jma,wind_speed,25.0,,0,3,0,1461,0.0,,0.0,0.0,-0.002053388090349051
Ranchi,jma,wind_speed,25.0,,0,60,0,1404,0.0,,0.0,0.0,-0.042735042735042805
Shillong,jma,wind_speed,25.0,,0,0,0,1464,,,,,
Shimla,jma,wind_speed,25.0,,0,0,0,1464,,,,,
Srinagar,jma,wind_speed,25.0,,0,0,0,1464,,,,,
Surat,jma,wind_speed,25.0,,0,2,0,1462,0.0,,0.0,0.0,-0.0013679890560873709
Thane,jma,wind_speed,25.0,,0,0,3,1461,,1.0,0.0,0.0,
Thiruvananthapuram,jma,wind_speed,25.0,,0,2,0,1462,0.0,,0.0,0.0,-0.0013679890560873709
Vadodara,jma,wind_speed,25.0,,0,0,0,1464,,,,,
Varanasi,jma,wind_speed,25.0,,0,25,0,1439,0.0,,0.0,0.0,-0.01737317581653941
Vijayawada,jma,wind_speed,25.0,,0,8,0,1456,0.0,,0.0,0.0,-0.005494505494505475
Visakhapatnam,jma,wind_speed,25.0,,21,10,10,1423,0.6774193548387096,0.3225806451612903,0.5121951219512195,0.5042581650102432,0.34088197555320443
Agartala,ukmo,wind_speed,25.0,,0,1,0,1463,0.0,,0.0,0.0,-0.0006835269993166193
Agra,ukmo,wind_speed,25.0,,0,0,4,1460,,1.0,0.0,0.0,
Ahmedabad,ukmo,wind_speed,25.0,,0,0,0,1464,,,,,
Amritsar,ukmo,wind_speed,25.0,,0,0,0,1464,,,,,
Bengaluru,ukmo,wind_speed,25.0,,1,0,12,1451,1.0,0.9230769230769231,0.07692307692307693,0.07629212892370786,-11.0082023239918
Bhopal,ukmo,wind_speed,25.0,,0,1,0,1463,0.0,,0.0,0.0,-0.0006835269993166193
Bhubaneswar,ukmo,wind_speed,25.0,,20,25,0,1419,0.4444444444444444,0.0,0.4444444444444444,0.43674976915974145,0.42682640357058954
Chandigarh,ukmo,wind_speed,25.0,,0,0,0,1464,,,,,
Chennai,ukmo,wind_speed,25.0,,0,0,6,1458,,1.0,0.0,0.0,
Coimbatore,ukmo,wind_speed,25.0,,14,0,69,1381,1.0,0.8313253012048193,0.1686746987951807,0.1606481096800997,-3.9761576354679793
Dehradun,ukmo,wind_speed,25.0,,0,0,0,1464,,,,,
Delhi,ukmo,wind_speed,25.0,,0,0,0,1464,,,,,
Ghaziabad,ukmo,wind_speed,25.0,,0,0,0,1464,,,,,
Goa,ukmo,wind_speed,25.0,,0,0,0,1464,,,,,
Guwahati,ukmo,wind_speed,25.0,,0,0,0,1464,,,,,
Hyderabad,ukmo,wind_speed,25.0,,0,0,3,1461,,1.0,0.0,0.0,
Imphal,ukmo,wind_speed,25.0,,0,0,0,1464,,,,,
Indore,ukmo,wind_speed,25.0,,0,0,2,1462,,1.0,0.0,0.0,
Jabalpur,ukmo,wind_speed,25.0,,0,1,0,1463,0.0,,0.0,0.0,-0.0006835269993166193
Jaipur,ukmo,wind_speed,25.0,,0,0,0,1464,,,,,
Jodhpur,ukmo,wind_speed,25.0,,0,0,0,1464,,,,,
Kanpur,ukmo,wind_speed,25.0,,0,1,0,1463,0.0,,0.0,0.0,-0.0006835269993166193
Kochi,ukmo,wind_speed,25.0,,0,1,0,1463,0.0,,0.0,0.0,-0.0006835269993166193
Kolkata,ukmo,wind_speed,25.0,,0,0,2,1462,,1.0,0.0,0.0,
Kota,ukmo,wind_speed,25.0,,0,0,0,1464,,,,,
Lucknow,ukmo,wind_speed,25.0,,7,1,6,1450,0.875,0.46153846153846156,0.5,0.4974499803844645,0.12019230769230771
Ludhiana,ukmo,wind_speed,25.0,,0,0,0,1464,,,,,
Madurai,ukmo,wind_speed,25.0,,2,9,0,1453,0.18181818181818182,0.0,0.18181818181818182,0.18069891804501928,0.17562410060689482
Mumbai,ukmo,wind_speed,25.0,,2,0,5,1457,1.0,0.7142857142857143,0.2857142857142857,0.28473715067422317,-1.5034199726402186
Nagpur,ukmo,wind_speed,25.0,,0,0,0,1464,,,,,
Nashik,ukmo,wind_speed,25.0,,3,8,7,1446,0.2727272727272727,0.7,0.16666666666666666,0.16317353860224068,-0.3739598323218418
Patna,ukmo,wind_speed,25.0,,31,4,11,1418,0.8857142857142857,0.2619047619047619,0.6739130434782609,0.6666363056744694,0.5609317204838549
Pune,ukmo,wind_speed,25.0,,5,2,4,1453,0.7142857142857143,0.4444444444444444,0.45454545454545453,0.45240321675705997,0.13873909206784985
Raipur,ukmo,wind_speed,25.0,,1,2,0,1461,0.3333333333333333,0.0,0.3333333333333333,0.3328776486671224,0.33196440793976745
Ranchi,ukmo,wind_speed,25.0,,34,26,1,1403,0.5666666666666667,0.02857142857142857,0.5573770491803278,0.5467180404568598,0.5307692307692307
Shillong,ukmo,wind_speed,25.0,,0,0,0,1464,,,,,
Shimla,ukmo,wind_speed,25.0,,0,0,0,1464,,,,,
Srinagar,ukmo,wind_speed,25.0,,0,0,0,1464,,,,,
Surat,ukmo,wind_speed,25.0,,0,2,0,1462,0.0,,0.0,0.0,-0.0013679890560873709
Thane,ukmo,wind_speed,25.0,,0,0,1,1463,,1.0,0.0,0.0,
Thiruvananthapuram,ukmo,wind_speed,25.0,,0,2,1,1461,0.0,1.0,0.0,-0.0004555808656036446,-0.5020519835841313
Vadodara,ukmo,wind_speed,25.0,,0,0,0,1464,,,,,
Varanasi,ukmo,wind_speed,25.0,,25,0,5,1434,1.0,0.16666666666666666,0.8333333333333334,0.8304378040305768,0.7965253648366921
Vijayawada,ukmo,wind_speed,25.0,,0,8,0,1456,0.0,,0.0,0.0,-0.005494505494505475
Visakhapatnam,ukmo,wind_speed,25.0,,29,2,4,1429,0.9354838709677419,0.12121212121212122,0.8285714285714286,0.8250791564609594,0.8022645926659613
Agartala,equal_avg,wind_speed,25.0,,0,1,0,1463,0.0,,0.0,0.0,-0.0006835269993166193
Agra,equal_avg,wind_speed,25.0,,0,0,0,1464,,,,,
Ahmedabad,equal_avg,wind_speed,25.0,,0,0,0,1464,,,,,
Amritsar,equal_avg,wind_speed,25.0,,0,0,0,1464,,,,,
Bengaluru,equal_avg,wind_speed,25.0,,1,0,7,1456,1.0,0.875,0.125,0.12440191387559808,-6.004784688995216
Bhopal,equal_avg,wind_speed,25.0,,0,1,0,1463,0.0,,0.0,0.0,-0.0006835269993166193
Bhubaneswar,equal_avg,wind_speed,25.0,,22,23,0,1419,0.4888888888888889,0.0,0.4888888888888889,0.4810910772075821,0.4726802912849425
Chandigarh,equal_avg,wind_speed,25.0,,0,0,0,1464,,,,,
Chennai,equal_avg,wind_speed,25.0,,0,0,0,1464,,,,,
Coimbatore,equal_avg,wind_speed,25.0,,14,0,28,1422,1.0,0.6666666666666666,0.3333333333333333,0.32689655172413795,-1.019310344827586
Dehradun,equal_avg,wind_speed,25.0,,0,0,0,1464,,,,,
Delhi,equal_avg,wind_speed,25.0,,0,0,0,1464,,,,,
Ghaziabad,equal_avg,wind_speed,25.0,,0,0,0,1464,,,,,
Goa,equal_avg,wind_speed,25.0,,0,0,0,1464,,,,,
Guwahati,equal_avg,wind_speed,25.0,,0,0,0,1464,,,,,
Hyderabad,equal_avg,wind_speed,25.0,,0,0,13,1451,,1.0,0.0,0.0,
Imphal,equal_avg,wind_speed,25.0,,0,0,0,1464,,,,,
Indore,equal_avg,wind_speed,25.0,,0,0,0,1464,,,,,
Jabalpur,equal_avg,wind_speed,25.0,,0,1,0,1463,0.0,,0.0,0.0,-0.0006835269993166193
Jaipur,equal_avg,wind_speed,25.0,,0,0,0,1464,,,,,
Jodhpur,equal_avg,wind_speed,25.0,,0,0,0,1464,,,,,
Kanpur,equal_avg,wind_speed,25.0,,0,1,0,1463,0.0,,0.0,0.0,-0.0006835269993166193
Kochi,equal_avg,wind_speed,25.0,,0,1,0,1463,0.0,,0.0,0.0,-0.0006835269993166193
Kolkata,equal_avg,wind_speed,25.0,,0,0,0,1464,,,,,
Kota,equal_avg,wind_speed,25.0,,0,0,0,1464,,,,,
Lucknow,equal_avg,wind_speed,25.0,,7,1,5,1451,0.875,0.4166666666666667,0.5384615384615384,0.5361216730038022,0.2458791208791209
Ludhiana,equal_avg,wind_speed,25.0,,0,0,0,1464,,,,,
Madurai,equal_avg,wind_speed,25.0,,3,8,0,1453,0.2727272727272727,0.0,0.2727272727272727,0.27123389957065525,0.26722142276168437
Mumbai,equal_avg,wind_speed,25.0,,0,2,0,1462,0.0,,0.0,0.0,-0.0013679890560873709
Nagpur,equal_avg,wind_speed,25.0,,0,0,0,1464,,,,,
Nashik,equal_avg,wind_speed,25.0,,6,5,4,1449,0.5454545454545454,0.4,0.4,0.39697940503432494,0.17562410060689482
Patna,equal_avg,wind_speed,25.0,,32,3,2,1427,0.9142857142857143,0.058823529411764705,0.8648648648648649,0.8618294386349051,0.8536439068279515
Pune,equal_avg,wind_speed,25.0,,0,7,0,1457,0.0,,0.0,0.0,-0.0048043925875085325
Raipur,equal_avg,wind_speed,25.0,,3,0,0,1461,1.0,0.0,1.0,1.0,1.0
Ranchi,equal_avg,wind_speed,25.0,,35,25,1,1403,0.5833333333333334,0.027777777777777776,0.5737704918032787,0.5632057284494629,0.548148148148148
Shillong,equal_avg,wind_speed,25.0,,0,0,0,1464,,,,,
Shimla,equal_avg,wind_speed,25.0,,0,0,0,1464,,,,,
Srinagar,equal_avg,wind_speed,25.0,,0,0,0,1464,,,,,
Surat,equal_avg,wind_speed,25.0,,0,2,0,1462,0.0,,0.0,0.0,-0.0013679890560873709
Thane,equal_avg,wind_speed,25.0,,0,0,0,1464,,,,,
Thiruvananthapuram,equal_avg,wind_speed,25.0,,0,2,0,1462,0.0,,0.0,0.0,-0.0013679890560873709
Vadodara,equal_avg,wind_speed,25.0,,0,0,0,1464,,,,,
Varanasi,equal_avg,wind_speed,25.0,,25,0,5,1434,1.0,0.16666666666666666,0.8333333333333334,0.8304378040305768,0.7965253648366921
Vijayawada,equal_avg,wind_speed,25.0,,0,8,0,1456,0.0,,0.0,0.0,-0.005494505494505475
Visakhapatnam,equal_avg,wind_speed,25.0,,31,0,13,1420,1.0,0.29545454545454547,0.7045454545454546,0.6981539047135696,0.5715732841095829
Agartala,weighted_blend,wind_speed,25.0,,0,1,0,1463,0.0,,0.0,0.0,-0.0006835269993166193
Agra,weighted_blend,wind_speed,25.0,,0,0,0,1464,,,,,
Ahmedabad,weighted_blend,wind_speed,25.0,,0,0,0,1464,,,,,
Amritsar,weighted_blend,wind_speed,25.0,,0,0,0,1464,,,,,
Bengaluru,weighted_blend,wind_speed,25.0,,1,0,2,1461,1.0,0.6666666666666666,0.3333333333333333,0.3328776486671224,-1.0013670539986332
Bhopal,weighted_blend,wind_speed,25.0,,0,1,0,1463,0.0,,0.0,0.0,-0.0006835269993166193
Bhubaneswar,weighted_blend,wind_speed,25.0,,24,21,0,1419,0.5333333333333333,0.0,0.5333333333333333,0.5255555555555556,0.5185341789992952
Chandigarh,weighted_blend,wind_speed,25.0,,0,0,0,1464,,,,,
Chennai,weighted_blend,wind_speed,25.0,,0,0,0,1464,,,,,
Coimbatore,weighted_blend,wind_speed,25.0,,12,2,4,1446,0.8571428571428571,0.25,0.6666666666666666,0.6638089406001225,0.5672906403940887
Dehradun,weighted_blend,wind_speed,25.0,,0,0,0,1464,,,,,
Delhi,weighted_blend,wind_speed,25.0,,0,0,0,1464,,,,,
Ghaziabad,weighted_blend,wind_speed,25.0,,0,0,0,1464,,,,,
Goa,weighted_blend,wind_speed,25.0,,0,0,0,1464,,,,,
Guwahati,weighted_blend,wind_speed,25.0,,0,0,0,1464,,,,,
Hyderabad,weighted_blend,wind_speed,25.0,,0,0,1,1463,,1.0,0.0,0.0,
Imphal,weighted_blend,wind_speed,25.0,,0,0,0,1464,,,,,
Indore,weighted_blend,wind_speed,25.0,,0,0,0,1464,,,,,
Jabalpur,weighted_blend,wind_speed,25.0,,0,1,0,1463,0.0,,0.0,0.0,-0.0006835269993166193
Jaipur,weighted_blend,wind_speed,25.0,,0,0,0,1464,,,,,
Jodhpur,weighted_blend,wind_speed,25.0,,0,0,0,1464,,,,,
Kanpur,weighted_blend,wind_speed,25.0,,0,1,0,1463,0.0,,0.0,0.0,-0.0006835269993166193
Kochi,weighted_blend,wind_speed,25.0,,0,1,0,1463,0.0,,0.0,0.0,-0.0006835269993166193
Kolkata,weighted_blend,wind_speed,25.0,,0,0,0,1464,,,,,
Kota,weighted_blend,wind_speed,25.0,,0,0,0,1464,,,,,
Lucknow,weighted_blend,wind_speed,25.0,,7,1,3,1453,0.875,0.3,0.6363636363636364,0.6345481777334,0.49725274725274726
Ludhiana,weighted_blend,wind_speed,25.0,,0,0,0,1464,,,,,
Madurai,weighted_blend,wind_speed,25.0,,2,9,0,1453,0.18181818181818182,0.0,0.18181818181818182,0.18069891804501928,0.17562410060689482
Mumbai,weighted_blend,wind_speed,25.0,,0,2,0,1462,0.0,,0.0,0.0,-0.0013679890560873709
Nagpur,weighted_blend,wind_speed,25.0,,0,0,0,1464,,,,,
Nashik,weighted_blend,wind_speed,25.0,,6,5,4,1449,0.5454545454545454,0.4,0.4,0.39697940503432494,0.17562410060689482
Patna,weighted_blend,wind_speed,25.0,,30,5,1,1428,0.8571428571428571,0.03225806451612903,0.8333333333333334,0.8298301013192817,0.8243726881935419
Pune,weighted_blend,wind_speed,25.0,,0,7,0,1457,0.0,,0.0,0.0,-0.0048043925875085325
Raipur,weighted_blend,wind_speed,25.0,,3,0,0,1461,1.0,0.0,1.0,1.0,1.0
Ranchi,weighted_blend,wind_speed,25.0,,35,25,1,1403,0.5833333333333334,0.027777777777777776,0.5737704918032787,0.5632057284494629,0.548148148148148
Shillong,weighted_blend,wind_speed,25.0,,0,0,0,1464,,,,,
Shimla,weighted_blend,wind_speed,25.0,,0,0,0,1464,,,,,
Srinagar,weighted_blend,wind_speed,25.0,,0,0,0,1464,,,,,
Surat,weighted_blend,wind_speed,25.0,,0,2,0,1462,0.0,,0.0,0.0,-0.0013679890560873709
Thane,weighted_blend,wind_speed,25.0,,0,0,0,1464,,,,,
Thiruvananthapuram,weighted_blend,wind_speed,25.0,,0,2,0,1462,0.0,,0.0,0.0,-0.0013679890560873709
Vadodara,weighted_blend,wind_speed,25.0,,0,0,0,1464,,,,,
Varanasi,weighted_blend,wind_speed,25.0,,24,1,1,1438,0.96,0.04,0.9230769230769231,0.9217927829268944,0.9186101459346768
Vijayawada,weighted_blend,wind_speed,25.0,,0,8,0,1456,0.0,,0.0,0.0,-0.005494505494505475
Visakhapatnam,weighted_blend,wind_speed,25.0,,27,4,5,1428,0.8709677419354839,0.15625,0.75,0.7452042079207921,0.7033968889989419
Agartala,ecmwf,wind_speed,32.0,,0,0,0,1464,,,,,
Agra,ecmwf,wind_speed,32.0,,0,0,0,1464,,,,,
Ahmedabad,ecmwf,wind_speed,32.0,,0,0,0,1464,,,,,
Amritsar,ecmwf,wind_speed,32.0,,0,0,0,1464,,,,,
Bengaluru,ecmwf,wind_speed,32.0,,0,0,0,1464,,,,,
Bhopal,ecmwf,wind_speed,32.0,,0,0,0,1464,,,,,
Bhubaneswar,ecmwf,wind_speed,32.0,,0,2,0,1462,0.0,,0.0,0.0,-0.0013679890560873709
Chandigarh,ecmwf,wind_speed,32.0,,0,0,0,1464,,,,,
Chennai,ecmwf,wind_speed,32.0,,0,0,0,1464,,,,,
Coimbatore,ecmwf,wind_speed,32.0,,0,0,0,1464,,,,,
Dehradun,ecmwf,wind_speed,32.0,,0,0,0,1464,,,,,
Delhi,ecmwf,wind_speed,32.0,,0,0,0,1464,,,,,
Ghaziabad,ecmwf,wind_speed,32.0,,0,0,0,1464,,,,,
Goa,ecmwf,wind_speed,32.0,,0,0,0,1464,,,,,
Guwahati,ecmwf,wind_speed,32.0,,0,0,0,1464,,,,,
Hyderabad,ecmwf,wind_speed,32.0,,0,0,0,1464,,,,,
Imphal,ecmwf,wind_speed,32.0,,0,0,0,1464,,,,,
Indore,ecmwf,wind_speed,32.0,,0,0,0,1464,,,,,
Jabalpur,ecmwf,wind_speed,32.0,,0,0,0,1464,,,,,
Jaipur,ecmwf,wind_speed,32.0,,0,0,0,1464,,,,,
Jodhpur,ecmwf,wind_speed,32.0,,0,0,0,1464,,,,,
Kanpur,ecmwf,wind_speed,32.0,,0,0,0,1464,,,,,
Kochi,ecmwf,wind_speed,32.0,,0,0,0,1464,,,,,
Kolkata,ecmwf,wind_speed,32.0,,0,0,0,1464,,,,,
Kota,ecmwf,wind_speed,32.0,,0,0,0,1464,,,,,
Lucknow,ecmwf,wind_speed,32.0,,0,0,0,1464,,,,,
Ludhiana,ecmwf,wind_speed,32.0,,0,0,0,1464,,,,,
Madurai,ecmwf,wind_speed,32.0,,0,0,0,1464,,,,,
Mumbai,ecmwf,wind_speed,32.0,,0,0,0,1464,,,,,
Nagpur,ecmwf,wind_speed,32.0,,0,0,0,1464,,,,,
Nashik,ecmwf,wind_speed,32.0,,0,0,0,1464,,,,,
Patna,ecmwf,wind_speed,32.0,,0,0,2,1462,,1.0,0.0,0.0,
Pune,ecmwf,wind_speed,32.0,,0,0,0,1464,,,,,
Raipur,ecmwf,wind_speed,32.0,,0,0,1,1463,,1.0,0.0,0.0,
Ranchi,ecmwf,wind_speed,32.0,,6,6,2,1450,0.5,0.25,0.42857142857142855,0.42588235294117643,0.3278236914600552
Shillong,ecmwf,wind_speed,32.0,,0,0,0,1464,,,,,
Shimla,ecmwf,wind_speed,32.0,,0,0,0,1464,,,,,
Srinagar,ecmwf,wind_speed,32.0,,0,0,0,1464,,,,,
Surat,ecmwf,wind_speed,32.0,,0,1,0,1463,0.0,,0.0,0.0,-0.0006835269993166193
Thane,ecmwf,wind_speed,32.0,,0,0,0,1464,,,,,
Thiruvananthapuram,ecmwf,wind_speed,32.0,,0,0,0,1464,,,,,
Vadodara,ecmwf,wind_speed,32.0,,0,0,0,1464,,,,,
Varanasi,ecmwf,wind_speed,32.0,,0,0,0,1464,,,,,
Vijayawada,ecmwf,wind_speed,32.0,,0,0,0,1464,,,,,
Visakhapatnam,ecmwf,wind_speed,32.0,,3,4,0,1457,0.42857142857142855,0.0,0.42857142857142855,0.42739806394837193,0.4258260613785666
Agartala,gfs,wind_speed,32.0,,0,0,0,1464,,,,,
Agra,gfs,wind_speed,32.0,,0,0,0,1464,,,,,
Ahmedabad,gfs,wind_speed,32.0,,0,0,0,1464,,,,,
Amritsar,gfs,wind_speed,32.0,,0,0,0,1464,,,,,
Bengaluru,gfs,wind_speed,32.0,,0,0,8,1456,,1.0,0.0,0.0,
Bhopal,gfs,wind_speed,32.0,,0,0,0,1464,,,,,
Bhubaneswar,gfs,wind_speed,32.0,,2,0,33,1429,1.0,0.9428571428571428,0.05714285714285714,0.0558530388899746,-15.522571819425444
Chandigarh,gfs,wind_speed,32.0,,0,0,0,1464,,,,,
Chennai,gfs,wind_speed,32.0,,0,0,1,1463,,1.0,0.0,0.0,
Coimbatore,gfs,wind_speed,32.0,,0,0,0,1464,,,,,
Dehradun,gfs,wind_speed,32.0,,0,0,0,1464,,,,,
Delhi,gfs,wind_speed,32.0,,0,0,0,1464,,,,,
Ghaziabad,gfs,wind_speed,32.0,,0,0,0,1464,,,,,
Goa,gfs,wind_speed,32.0,,0,0,0,1464,,,,,
Guwahati,gfs,wind_speed,32.0,,0,0,0,1464,,,,,
Hyderabad,gfs,wind_speed,32.0,,0,0,9,1455,,1.0,0.0,0.0,
Imphal,gfs,wind_speed,32.0,,0,0,0,1464,,,,,
Indore,gfs,wind_speed,32.0,,0,0,0,1464,,,,,
Jabalpur,gfs,wind_speed,32.0,,0,0,6,1458,,1.0,0.0,0.0,
Jaipur,gfs,wind_speed,32.0,,0,0,0,1464,,,,,
Jodhpur,gfs,wind_speed,32.0,,0,0,3,1461,,1.0,0.0,0.0,
Kanpur,gfs,wind_speed,32.0,,0,0,9,1455,,1.0,0.0,0.0,
Kochi,gfs,wind_speed,32.0,,0,0,0,1464,,,,,
Kolkata,gfs,wind_speed,32.0,,0,0,4,1460,,1.0,0.0,0.0,
Kota,gfs,wind_speed,32.0,,0,0,0,1464,,,,,
Lucknow,gfs,wind_speed,32.0,,0,0,13,1451,,1.0,0.0,0.0,
Ludhiana,gfs,wind_speed,32.0,,0,0,0,1464,,,,,
Madurai,gfs,wind_speed,32.0,,0,0,6,1458,,1.0,0.0,0.0,
Mumbai,gfs,wind_speed,32.0,,0,0,9,1455,,1.0,0.0,0.0,
Nagpur,gfs,wind_speed,32.0,,0,0,0,1464,,,,,
Nashik,gfs,wind_speed,32.0,,0,0,97,1367,,1.0,0.0,0.0,
Patna,gfs,wind_speed,32.0,,0,0,25,1439,,1.0,0.0,0.0,
Pune,gfs,wind_speed,32.0,,0,0,0,1464,,,,,
Raipur,gfs,wind_speed,32.0,,0,0,12,1452,,1.0,0.0,0.0,
Ranchi,gfs,wind_speed,32.0,,10,2,12,1440,0.8333333333333334,0.5454545454545454,0.4166666666666667,0.4122505161734343,-0.17630853994490336
Shillong,gfs,wind_speed,32.0,,0,0,0,1464,,,,,
Shimla,gfs,wind_speed,32.0,,0,0,0,1464,,,,,
Srinagar,gfs,wind_speed,32.0,,0,0,0,1464,,,,,
Surat,gfs,wind_speed,32.0,,0,1,8,1455,0.0,1.0,0.0,-0.0006075334143377885,-8.006151742993849
Thane,gfs,wind_speed,32.0,,0,0,3,1461,,1.0,0.0,0.0,
Thiruvananthapuram,gfs,wind_speed,32.0,,0,0,0,1464,,,,,
Vadodara,gfs,wind_speed,32.0,,0,0,2,1462,,1.0,0.0,0.0,
Varanasi,gfs,wind_speed,32.0,,0,0,37,1427,,1.0,0.0,0.0,
Vijayawada,gfs,wind_speed,32.0,,0,0,4,1460,,1.0,0.0,0.0,
Visakhapatnam,gfs,wind_speed,32.0,,7,0,49,1408,1.0,0.875,0.125,0.12079615648593,-6.03363074811256
Agartala,icon,wind_speed,32.0,,0,0,0,1464,,,,,
Agra,icon,wind_speed,32.0,,0,0,0,1464,,,,,
Ahmedabad,icon,wind_speed,32.0,,0,0,0,1464,,,,,
Amritsar,icon,wind_speed,32.0,,0,0,0,1464,,,,,
Bengaluru,icon,wind_speed,32.0,,0,0,0,1464,,,,,
Bhopal,icon,wind_speed,32.0,,0,0,0,1464,,,,,
Bhubaneswar,icon,wind_speed,32.0,,0,2,0,1462,0.0,,0.0,0.0,-0.0013679890560873709
Chandigarh,icon,wind_speed,32.0,,0,0,0,1464,,,,,
Chennai,icon,wind_speed,32.0,,0,0,0,1464,,,,,
Coimbatore,icon,wind_speed,32.0,,0,0,0,1464,,,,,
Dehradun,icon,wind_speed,32.0,,0,0,0,1464,,,,,
Delhi,icon,wind_speed,32.0,,0,0,0,1464,,,,,
Ghaziabad,icon,wind_speed,32.0,,0,0,0,1464,,,,,
Goa,icon,wind_speed,32.0,,0,0,0,1464,,,,,
Guwahati,icon,wind_speed,32.0,,0,0,0,1464,,,,,
Hyderabad,icon,wind_speed,32.0,,0,0,0,1464,,,,,
Imphal,icon,wind_speed,32.0,,0,0,0,1464,,,,,
Indore,icon,wind_speed,32.0,,0,0,0,1464,,,,,
Jabalpur,icon,wind_speed,32.0,,0,0,0,1464,,,,,
Jaipur,icon,wind_speed,32.0,,0,0,0,1464,,,,,
Jodhpur,icon,wind_speed,32.0,,0,0,0,1464,,,,,
Kanpur,icon,wind_speed,32.0,,0,0,0,1464,,,,,
Kochi,icon,wind_speed,32.0,,0,0,3,1461,,1.0,0.0,0.0,
Kolkata,icon,wind_speed,32.0,,0,0,0,1464,,,,,
Kota,icon,wind_speed,32.0,,0,0,0,1464,,,,,
Lucknow,icon,wind_speed,32.0,,0,0,0,1464,,,,,
Ludhiana,icon,wind_speed,32.0,,0,0,0,1464,,,,,
Madurai,icon,wind_speed,32.0,,0,0,0,1464,,,,,
Mumbai,icon,wind_speed,32.0,,0,0,0,1464,,,,,
Nagpur,icon,wind_speed,32.0,,0,0,0,1464,,,,,
Nashik,icon,wind_speed,32.0,,0,0,0,1464,,,,,
Patna,icon,wind_speed,32.0,,0,0,0,1464,,,,,
Pune,icon,wind_speed,32.0,,0,0,0,1464,,,,,
Raipur,icon,wind_speed,32.0,,0,0,0,1464,,,,,
Ranchi,icon,wind_speed,32.0,,0,12,0,1452,0.0,,0.0,0.0,-0.008264462809917328
Shillong,icon,wind_speed,32.0,,0,0,0,1464,,,,,
Shimla,icon,wind_speed,32.0,,0,0,0,1464,,,,,
Srinagar,icon,wind_speed,32.0,,0,0,0,1464,,,,,
Surat,icon,wind_speed,32.0,,0,1,0,1463,0.0,,0.0,0.0,-0.0006835269993166193
Thane,icon,wind_speed,32.0,,0,0,0,1464,,,,,
Thiruvananthapuram,icon,wind_speed,32.0,,0,0,0,1464,,,,,
Vadodara,icon,wind_speed,32.0,,0,0,0,1464,,,,,
Varanasi,icon,wind_speed,32.0,,0,0,0,1464,,,,,
Vijayawada,icon,wind_speed,32.0,,0,0,0,1464,,,,,
Visakhapatnam,icon,wind_speed,32.0,,0,7,0,1457,0.0,,0.0,0.0,-0.0048043925875085325
Agartala,gem,wind_speed,32.0,,0,0,0,1464,,,,,
Agra,gem,wind_speed,32.0,,0,0,0,1464,,,,,
Ahmedabad,gem,wind_speed,32.0,,0,0,0,1464,,,,,
Amritsar,gem,wind_speed,32.0,,0,0,0,1464,,,,,
Bengaluru,gem,wind_speed,32.0,,0,0,5,1459,,1.0,0.0,0.0,
Bhopal,gem,wind_speed,32.0,,0,0,2,1462,,1.0,0.0,0.0,
Bhubaneswar,gem,wind_speed,32.0,,2,0,21,1441,1.0,0.9130434782608695,0.08695652173913043,0.08570748825313745,-9.514363885088919
Chandigarh,gem,wind_speed,32.0,,0,0,0,1464,,,,,
Chennai,gem,wind_speed,32.0,,0,0,0,1464,,,,,
Coimbatore,gem,wind_speed,32.0,,0,0,31,1433,,1.0,0.0,0.0,
Dehradun,gem,wind_speed,32.0,,0,0,0,1464,,,,,
Delhi,gem,wind_speed,32.0,,0,0,0,1464,,,,,
Ghaziabad,gem,wind_speed,32.0,,0,0,1,1463,,1.0,0.0,0.0,
Goa,gem,wind_speed,32.0,,0,0,0,1464,,,,,
Guwahati,gem,wind_speed,32.0,,0,0,0,1464,,,,,
Hyderabad,gem,wind_speed,32.0,,0,0,2,1462,,1.0,0.0,0.0,
Imphal,gem,wind_speed,32.0,,0,0,0,1464,,,,,
Indore,gem,wind_speed,32.0,,0,0,1,1463,,1.0,0.0,0.0,
Jabalpur,gem,wind_speed,32.0,,0,0,0,1464,,,,,
Jaipur,gem,wind_speed,32.0,,0,0,0,1464,,,,,
Jodhpur,gem,wind_speed,32.0,,0,0,0,1464,,,,,
Kanpur,gem,wind_speed,32.0,,0,0,1,1463,,1.0,0.0,0.0,
Kochi,gem,wind_speed,32.0,,0,0,0,1464,,,,,
Kolkata,gem,wind_speed,32.0,,0,0,2,1462,,1.0,0.0,0.0,
Kota,gem,wind_speed,32.0,,0,0,0,1464,,,,,
Lucknow,gem,wind_speed,32.0,,0,0,16,1448,,1.0,0.0,0.0,
Ludhiana,gem,wind_speed,32.0,,0,0,0,1464,,,,,
Madurai,gem,wind_speed,32.0,,0,0,1,1463,,1.0,0.0,0.0,
Mumbai,gem,wind_speed,32.0,,0,0,0,1464,,,,,
Nagpur,gem,wind_speed,32.0,,0,0,0,1464,,,,,
Nashik,gem,wind_speed,32.0,,0,0,0,1464,,,,,
Patna,gem,wind_speed,32.0,,0,0,36,1428,,1.0,0.0,0.0,
Pune,gem,wind_speed,32.0,,0,0,0,1464,,,,,
Raipur,gem,wind_speed,32.0,,0,0,4,1460,,1.0,0.0,0.0,
Ranchi,gem,wind_speed,32.0,,12,0,20,1432,1.0,0.625,0.375,0.36983471074380164,-0.6804407713498619
Shillong,gem,wind_speed,32.0,,0,0,0,1464,,,,,
Shimla,gem,wind_speed,32.0,,0,0,0,1464,,,,,
Srinagar,gem,wind_speed,32.0,,0,0,0,1464,,,,,
Surat,gem,wind_speed,32.0,,0,1,27,1436,0.0,1.0,0.0,-0.0006590992310508971,-27.019138755980865
Thane,gem,wind_speed,32.0,,0,0,0,1464,,,,,
Thiruvananthapuram,gem,wind_speed,32.0,,0,0,1,1463,,1.0,0.0,0.0,
Vadodara,gem,wind_speed,32.0,,0,0,0,1464,,,,,
Varanasi,gem,wind_speed,32.0,,0,0,32,1432,,1.0,0.0,0.0,
Vijayawada,gem,wind_speed,32.0,,0,0,2,1462,,1.0,0.0,0.0,
Visakhapatnam,gem,wind_speed,32.0,,7,0,40,1417,1.0,0.851063829787234,0.14893617021276595,0.1448473254574395,-4.741739386214334
Agartala,jma,wind_speed,32.0,,0,0,1,1463,,1.0,0.0,0.0,
Agra,jma,wind_speed,32.0,,0,0,0,1464,,,,,
Ahmedabad,jma,wind_speed,32.0,,0,0,0,1464,,,,,
Amritsar,jma,wind_speed,32.0,,0,0,0,1464,,,,,
Bengaluru,jma,wind_speed,32.0,,0,0,0,1464,,,,,
Bhopal,jma,wind_speed,32.0,,0,0,0,1464,,,,,
Bhubaneswar,jma,wind_speed,32.0,,0,2,0,1462,0.0,,0.0,0.0,-0.0013679890560873709
Chandigarh,jma,wind_speed,32.0,,0,0,0,1464,,,,,
Chennai,jma,wind_speed,32.0,,0,0,47,1417,,1.0,0.0,0.0,
Coimbatore,jma,wind_speed,32.0,,0,0,0,1464,,,,,
Dehradun,jma,wind_speed,32.0,,0,0,0,1464,,,,,
Delhi,jma,wind_speed,32.0,,0,0,0,1464,,,,,
Ghaziabad,jma,wind_speed,32.0,,0,0,0,1464,,,,,
Goa,jma,wind_speed,32.0,,0,0,0,1464,,,,,
Guwahati,jma,wind_speed,32.0,,0,0,0,1464,,,,,
Hyderabad,jma,wind_speed,32.0,,0,0,0,1464,,,,,
Imphal,jma,wind_speed,32.0,,0,0,0,1464,,,,,
Indore,jma,wind_speed,32.0,,0,0,0,1464,,,,,
Jabalpur,jma,wind_speed,32.0,,0,0,0,1464,,,,,
Jaipur,jma,wind_speed,32.0,,0,0,0,1464,,,,,
Jodhpur,jma,wind_speed,32.0,,0,0,0,1464,,,,,
Kanpur,jma,wind_speed,32.0,,0,0,0,1464,,,,,
Kochi,jma,wind_speed,32.0,,0,0,0,1464,,,,,
Kolkata,jma,wind_speed,32.0,,0,0,0,1464,,,,,
Kota,jma,wind_speed,32.0,,0,0,0,1464,,,,,
Lucknow,jma,wind_speed,32.0,,0,0,0,1464,,,,,
Ludhiana,jma,wind_speed,32.0,,0,0,0,1464,,,,,
Madurai,jma,wind_speed,32.0,,0,0,0,1464,,,,,
Mumbai,jma,wind_speed,32.0,,0,0,0,1464,,,,,
Nagpur,jma,wind_speed,32.0,,0,0,0,1464,,,,,
Nashik,jma,wind_speed,32.0,,0,0,0,1464,,,,,
Patna,jma,wind_speed,32.0,,0,0,0,1464,,,,,
Pune,jma,wind_speed,32.0,,0,0,0,1464,,,,,
Raipur,jma,wind_speed,32.0,,0,0,0,1464,,,,,
Ranchi,jma,wind_speed,32.0,,0,12,0,1452,0.0,,0.0,0.0,-0.008264462809917328
Shillong,jma,wind_speed,32.0,,0,0,0,1464,,,,,
Shimla,jma,wind_speed,32.0,,0,0,0,1464,,,,,
Srinagar,jma,wind_speed,32.0,,0,0,0,1464,,,,,
Surat,jma,wind_speed,32.0,,0,1,0,1463,0.0,,0.0,0.0,-0.0006835269993166193
Thane,jma,wind_speed,32.0,,0,0,0,1464,,,,,
Thiruvananthapuram,jma,wind_speed,32.0,,0,0,0,1464,,,,,
Vadodara,jma,wind_speed,32.0,,0,0,0,1464,,,,,
Varanasi,jma,wind_speed,32.0,,0,0,0,1464,,,,,
Vijayawada,jma,wind_speed,32.0,,0,0,0,1464,,,,,
Visakhapatnam,jma,wind_speed,32.0,,0,7,0,1457,0.0,,0.0,0.0,-0.0048043925875085325
Agartala,ukmo,wind_speed,32.0,,0,0,0,1464,,,,,
Agra,ukmo,wind_speed,32.0,,0,0,0,1464,,,,,
Ahmedabad,ukmo,wind_speed,32.0,,0,0,0,1464,,,,,
Amritsar,ukmo,wind_speed,32.0,,0,0,0,1464,,,,,
Bengaluru,ukmo,wind_speed,32.0,,0,0,0,1464,,,,,
Bhopal,ukmo,wind_speed,32.0,,0,0,0,1464,,,,,
Bhubaneswar,ukmo,wind_speed,32.0,,0,2,0,1462,0.0,,0.0,0.0,-0.0013679890560873709
Chandigarh,ukmo,wind_speed,32.0,,0,0,0,1464,,,,,
Chennai,ukmo,wind_speed,32.0,,0,0,0,1464,,,,,
Coimbatore,ukmo,wind_speed,32.0,,0,0,16,1448,,1.0,0.0,0.0,
Dehradun,ukmo,wind_speed,32.0,,0,0,0,1464,,,,,
Delhi,ukmo,wind_speed,32.0,,0,0,0,1464,,,,,
Ghaziabad,ukmo,wind_speed,32.0,,0,0,0,1464,,,,,
Goa,ukmo,wind_speed,32.0,,0,0,0,1464,,,,,
Guwahati,ukmo,wind_speed,32.0,,0,0,0,1464,,,,,
Hyderabad,ukmo,wind_speed,32.0,,0,0,0,1464,,,,,
Imphal,ukmo,wind_speed,32.0,,0,0,0,1464,,,,,
Indore,ukmo,wind_speed,32.0,,0,0,0,1464,,,,,
Jabalpur,ukmo,wind_speed,32.0,,0,0,0,1464,,,,,
Jaipur,ukmo,wind_speed,32.0,,0,0,0,1464,,,,,
Jodhpur,ukmo,wind_speed,32.0,,0,0,0,1464,,,,,
Kanpur,ukmo,wind_speed,32.0,,0,0,0,1464,,,,,
Kochi,ukmo,wind_speed,32.0,,0,0,0,1464,,,,,
Kolkata,ukmo,wind_speed,32.0,,0,0,0,1464,,,,,
Kota,ukmo,wind_speed,32.0,,0,0,0,1464,,,,,
Lucknow,ukmo,wind_speed,32.0,,0,0,0,1464,,,,,
Ludhiana,ukmo,wind_speed,32.0,,0,0,0,1464,,,,,
Madurai,ukmo,wind_speed,32.0,,0,0,0,1464,,,,,
Mumbai,ukmo,wind_speed,32.0,,0,0,0,1464,,,,,
Nagpur,ukmo,wind_speed,32.0,,0,0,0,1464,,,,,
Nashik,ukmo,wind_speed,32.0,,0,0,0,1464,,,,,
Patna,ukmo,wind_speed,32.0,,0,0,1,1463,,1.0,0.0,0.0,
Pune,ukmo,wind_speed,32.0,,0,0,0,1464,,,,,
Raipur,ukmo,wind_speed,32.0,,0,0,0,1464,,,,,
Ranchi,ukmo,wind_speed,32.0,,8,4,2,1450,0.6666666666666666,0.2,0.5714285714285714,0.568904593639576,0.49586776859504134
Shillong,ukmo,wind_speed,32.0,,0,0,0,1464,,,,,
Shimla,ukmo,wind_speed,32.0,,0,0,0,1464,,,,,
Srinagar,ukmo,wind_speed,32.0,,0,0,0,1464,,,,,
Surat,ukmo,wind_speed,32.0,,0,1,0,1463,0.0,,0.0,0.0,-0.0006835269993166193
Thane,ukmo,wind_speed,32.0,,0,0,0,1464,,,,,
Thiruvananthapuram,ukmo,wind_speed,32.0,,0,0,0,1464,,,,,
Vadodara,ukmo,wind_speed,32.0,,0,0,0,1464,,,,,
Varanasi,ukmo,wind_speed,32.0,,0,0,5,1459,,1.0,0.0,0.0,
Vijayawada,ukmo,wind_speed,32.0,,0,0,0,1464,,,,,
Visakhapatnam,ukmo,wind_speed,32.0,,1,6,0,1457,0.14285714285714285,0.0,0.14285714285714285,0.14227126257201447,0.13873909206784985
Agartala,equal_avg,wind_speed,32.0,,0,0,0,1464,,,,,
Agra,equal_avg,wind_speed,32.0,,0,0,0,1464,,,,,
Ahmedabad,equal_avg,wind_speed,32.0,,0,0,0,1464,,,,,
Amritsar,equal_avg,wind_speed,32.0,,0,0,0,1464,,,,,
Bengaluru,equal_avg,wind_speed,32.0,,0,0,0,1464,,,,,
Bhopal,equal_avg,wind_speed,32.0,,0,0,0,1464,,,,,
Bhubaneswar,equal_avg,wind_speed,32.0,,0,2,0,1462,0.0,,0.0,0.0,-0.0013679890560873709
Chandigarh,equal_avg,wind_speed,32.0,,0,0,0,1464,,,,,
Chennai,equal_avg,wind_speed,32.0,,0,0,0,1464,,,,,
Coimbatore,equal_avg,wind_speed,32.0,,0,0,0,1464,,,,,
Dehradun,equal_avg,wind_speed,32.0,,0,0,0,1464,,,,,
Delhi,equal_avg,wind_speed,32.0,,0,0,0,1464,,,,,
Ghaziabad,equal_avg,wind_speed,32.0,,0,0,0,1464,,,,,
Goa,equal_avg,wind_speed,32.0,,0,0,0,1464,,,,,
Guwahati,equal_avg,wind_speed,32.0,,0,0,0,1464,,,,,
Hyderabad,equal_avg,wind_speed,32.0,,0,0,0,1464,,,,,
Imphal,equal_avg,wind_speed,32.0,,0,0,0,1464,,,,,
Indore,equal_avg,wind_speed,32.0,,0,0,0,1464,,,,,
Jabalpur,equal_avg,wind_speed,32.0,,0,0,0,1464,,,,,
Jaipur,equal_avg,wind_speed,32.0,,0,0,0,1464,,,,,
Jodhpur,equal_avg,wind_speed,32.0,,0,0,0,1464,,,,,
Kanpur,equal_avg,wind_speed,32.0,,0,0,0,1464,,,,,
Kochi,equal_avg,wind_speed,32.0,,0,0,0,1464,,,,,
Kolkata,equal_avg,wind_speed,32.0,,0,0,0,1464,,,,,
Kota,equal_avg,wind_speed,32.0,,0,0,0,1464,,,,,
Lucknow,equal_avg,wind_speed,32.0,,0,0,0,1464,,,,,
Ludhiana,equal_avg,wind_speed,32.0,,0,0,0,1464,,,,,
Madurai,equal_avg,wind_speed,32.0,,0,0,0,1464,,,,,
Mumbai,equal_avg,wind_speed,32.0,,0,0,0,1464,,,,,
Nagpur,equal_avg,wind_speed,32.0,,0,0,0,1464,,,,,
Nashik,equal_avg,wind_speed,32.0,,0,0,0,1464,,,,,
Patna,equal_avg,wind_speed,32.0,,0,0,0,1464,,,,,
Pune,equal_avg,wind_speed,32.0,,0,0,0,1464,,,,,
Raipur,equal_avg,wind_speed,32.0,,0,0,0,1464,,,,,
Ranchi,equal_avg,wind_speed,32.0,,3,9,1,1451,0.25,0.25,0.23076923076923078,0.22882427307206069,0.15977961432506904
Shillong,equal_avg,wind_speed,32.0,,0,0,0,1464,,,,,
Shimla,equal_avg,wind_speed,32.0,,0,0,0,1464,,,,,
Srinagar,equal_avg,wind_speed,32.0,,0,0,0,1464,,,,,
Surat,equal_avg,wind_speed,32.0,,0,1,0,1463,0.0,,0.0,0.0,-0.0006835269993166193
Thane,equal_avg,wind_speed,32.0,,0,0,0,1464,,,,,
Thiruvananthapuram,equal_avg,wind_speed,32.0,,0,0,0,1464,,,,,
Vadodara,equal_avg,wind_speed,32.0,,0,0,0,1464,,,,,
Varanasi,equal_avg,wind_speed,32.0,,0,0,0,1464,,,,,
Vijayawada,equal_avg,wind_speed,32.0,,0,0,0,1464,,,,,
Visakhapatnam,equal_avg,wind_speed,32.0,,6,1,2,1455,0.8571428571428571,0.25,0.6666666666666666,0.6652439024390244,0.569369546033925
Agartala,weighted_blend,wind_speed,32.0,,0,0,0,1464,,,,,
Agra,weighted_blend,wind_speed,32.0,,0,0,0,1464,,,,,
Ahmedabad,weighted_blend,wind_speed,32.0,,0,0,0,1464,,,,,
Amritsar,weighted_blend,wind_speed,32.0,,0,0,0,1464,,,,,
Bengaluru,weighted_blend,wind_speed,32.0,,0,0,0,1464,,,,,
Bhopal,weighted_blend,wind_speed,32.0,,0,0,0,1464,,,,,
Bhubaneswar,weighted_blend,wind_speed,32.0,,0,2,0,1462,0.0,,0.0,0.0,-0.0013679890560873709
Chandigarh,weighted_blend,wind_speed,32.0,,0,0,0,1464,,,,,
Chennai,weighted_blend,wind_speed,32.0,,0,0,0,1464,,,,,
Coimbatore,weighted_blend,wind_speed,32.0,,0,0,0,1464,,,,,
Dehradun,weighted_blend,wind_speed,32.0,,0,0,0,1464,,,,,
Delhi,weighted_blend,wind_speed,32.0,,0,0,0,1464,,,,,
Ghaziabad,weighted_blend,wind_speed,32.0,,0,0,0,1464,,,,,
Goa,weighted_blend,wind_speed,32.0,,0,0,0,1464,,,,,
Guwahati,weighted_blend,wind_speed,32.0,,0,0,0,1464,,,,,
Hyderabad,weighted_blend,wind_speed,32.0,,0,0,0,1464,,,,,
Imphal,weighted_blend,wind_speed,32.0,,0,0,0,1464,,,,,
Indore,weighted_blend,wind_speed,32.0,,0,0,0,1464,,,,,
Jabalpur,weighted_blend,wind_speed,32.0,,0,0,0,1464,,,,,
Jaipur,weighted_blend,wind_speed,32.0,,0,0,0,1464,,,,,
Jodhpur,weighted_blend,wind_speed,32.0,,0,0,0,1464,,,,,
Kanpur,weighted_blend,wind_speed,32.0,,0,0,0,1464,,,,,
Kochi,weighted_blend,wind_speed,32.0,,0,0,0,1464,,,,,
Kolkata,weighted_blend,wind_speed,32.0,,0,0,0,1464,,,,,
Kota,weighted_blend,wind_speed,32.0,,0,0,0,1464,,,,,
Lucknow,weighted_blend,wind_speed,32.0,,0,0,0,1464,,,,,
Ludhiana,weighted_blend,wind_speed,32.0,,0,0,0,1464,,,,,
Madurai,weighted_blend,wind_speed,32.0,,0,0,0,1464,,,,,
Mumbai,weighted_blend,wind_speed,32.0,,0,0,0,1464,,,,,
Nagpur,weighted_blend,wind_speed,32.0,,0,0,0,1464,,,,,
Nashik,weighted_blend,wind_speed,32.0,,0,0,0,1464,,,,,
Patna,weighted_blend,wind_speed,32.0,,0,0,0,1464,,,,,
Pune,weighted_blend,wind_speed,32.0,,0,0,0,1464,,,,,
Raipur,weighted_blend,wind_speed,32.0,,0,0,0,1464,,,,,
Ranchi,weighted_blend,wind_speed,32.0,,4,8,1,1451,0.3333333333333333,0.2,0.3076923076923077,0.3055028462998103,0.24380165289256206
Shillong,weighted_blend,wind_speed,32.0,,0,0,0,1464,,,,,
Shimla,weighted_blend,wind_speed,32.0,,0,0,0,1464,,,,,
Srinagar,weighted_blend,wind_speed,32.0,,0,0,0,1464,,,,,
Surat,weighted_blend,wind_speed,32.0,,0,1,0,1463,0.0,,0.0,0.0,-0.0006835269993166193
Thane,weighted_blend,wind_speed,32.0,,0,0,0,1464,,,,,
Thiruvananthapuram,weighted_blend,wind_speed,32.0,,0,0,0,1464,,,,,
Vadodara,weighted_blend,wind_speed,32.0,,0,0,0,1464,,,,,
Varanasi,weighted_blend,wind_speed,32.0,,0,0,0,1464,,,,,
Vijayawada,weighted_blend,wind_speed,32.0,,0,0,0,1464,,,,,
Visakhapatnam,weighted_blend,wind_speed,32.0,,2,5,1,1456,0.2857142857142857,0.3333333333333333,0.25,0.24865280985373364,0.13873909206784985
