city,model,datetime,temperature,rainfall,wind_speed
Agartala,ecmwf,2026-09-24 00:00:00,26.8,0.0,4.8
Agartala,ecmwf,2026-09-24 01:00:00,26.4,0.0,5.4
Agartala,ecmwf,2026-09-24 02:00:00,26.1,0.0,6.3
Agartala,ecmwf,2026-09-24 03:00:00,26.0,0.0,7.3
Agartala,ecmwf,2026-09-24 04:00:00,26.0,0.0,8.4
Agartala,ecmwf,2026-09-24 05:00:00,26.5,0.0,9.2
Agartala,ecmwf,2026-09-24 06:00:00,27.7,0.0,9.6
Agartala,ecmwf,2026-09-24 07:00:00,29.3,0.0,9.8
Agartala,ecmwf,2026-09-24 08:00:00,30.5,0.0,10.0
Agartala,ecmwf,2026-09-24 09:00:00,31.1,0.0,9.7
Agartala,ecmwf,2026-09-24 10:00:00,31.2,0.0,10.0
Agartala,ecmwf,2026-09-24 11:00:00,31.0,0.0,10.5
Agartala,ecmwf,2026-09-24 12:00:00,30.0,1.2,9.0
Agartala,ecmwf,2026-09-24 13:00:00,28.6,1.2,7.3
Agartala,ecmwf,2026-09-24 14:00:00,27.6,1.2,6.1
Agartala,ecmwf,2026-09-24 15:00:00,27.5,0.0,5.4
Agartala,ecmwf,2026-09-24 16:00:00,27.8,0.0,4.7
Agartala,ecmwf,2026-09-24 17:00:00,27.9,0.0,4.7
Agartala,ecmwf,2026-09-24 18:00:00,27.8,0.0,5.4
Agartala,ecmwf,2026-09-24 19:00:00,27.5,0.0,6.6
Agartala,ecmwf,2026-09-24 20:00:00,27.2,0.0,8.0
Agartala,ecmwf,2026-09-24 21:00:00,26.9,0.0,9.2
Agartala,ecmwf,2026-09-24 22:00:00,26.6,0.0,10.5
Agartala,ecmwf,2026-09-24 23:00:00,26.3,0.0,10.7
Agartala,ecmwf,2026-09-25 00:00:00,26.0,0.1,9.0
Agartala,ecmwf,2026-09-25 01:00:00,25.7,0.1,7.0
Agartala,ecmwf,2026-09-25 02:00:00,25.4,0.1,6.1
Agartala,ecmwf,2026-09-25 03:00:00,25.2,0.1,7.3
Agartala,ecmwf,2026-09-25 04:00:00,25.0,0.1,9.1
Agartala,ecmwf,2026-09-25 05:00:00,25.2,0.1,10.0
Agartala,ecmwf,2026-09-25 06:00:00,26.2,0.0,9.4
Agartala,ecmwf,2026-09-25 07:00:00,27.6,0.0,9.7
Agartala,ecmwf,2026-09-25 08:00:00,28.9,0.0,11.5
Agartala,ecmwf,2026-09-25 09:00:00,29.9,0.1,12.3
Agartala,ecmwf,2026-09-25 10:00:00,30.8,0.1,12.5
Agartala,ecmwf,2026-09-25 11:00:00,31.2,0.1,12.2
Agartala,ecmwf,2026-09-25 12:00:00,30.9,0.7,11.9
Agartala,ecmwf,2026-09-25 13:00:00,30.1,0.7,12.8
Agartala,ecmwf,2026-09-25 14:00:00,29.3,0.7,13.0
Agartala,ecmwf,2026-09-25 15:00:00,28.5,1.0,10.1
Agartala,ecmwf,2026-09-25 16:00:00,27.6,1.0,6.6
Agartala,ecmwf,2026-09-25 17:00:00,27.0,1.0,6.1
Agartala,ecmwf,2026-09-25 18:00:00,26.6,0.1,7.4
Agartala,ecmwf,2026-09-25 19:00:00,26.4,0.1,8.5
Agartala,ecmwf,2026-09-25 20:00:00,26.2,0.1,9.7
Agartala,ecmwf,2026-09-25 21:00:00,25.8,0.0,9.4
Agartala,ecmwf,2026-09-25 22:00:00,25.4,0.0,8.9
Agartala,ecmwf,2026-09-25 23:00:00,25.0,0.0,8.1
Agartala,ecmwf,2026-09-26 00:00:00,24.8,0.0,7.6
Agartala,ecmwf,2026-09-26 01:00:00,24.7,0.0,7.1
Agartala,ecmwf,2026-09-26 02:00:00,24.7,0.0,6.9
Agartala,ecmwf,2026-09-26 03:00:00,24.5,0.0,6.6
Agartala,ecmwf,2026-09-26 04:00:00,24.3,0.0,6.3
Agartala,ecmwf,2026-09-26 05:00:00,24.6,0.0,6.3
Agartala,ecmwf,2026-09-26 06:00:00,25.9,0.0,6.4
Agartala,ecmwf,2026-09-26 07:00:00,27.6,0.0,6.9
Agartala,ecmwf,2026-09-26 08:00:00,29.1,0.0,7.8
Agartala,ecmwf,2026-09-26 09:00:00,30.3,0.0,7.9
Agartala,ecmwf,2026-09-26 10:00:00,31.2,0.0,7.8
Agartala,ecmwf,2026-09-26 11:00:00,31.6,0.0,7.6
Agartala,ecmwf,2026-09-26 12:00:00,31.1,0.8,8.0
Agartala,ecmwf,2026-09-26 13:00:00,30.0,0.8,8.4
Agartala,ecmwf,2026-09-26 14:00:00,29.1,0.8,8.1
Agartala,ecmwf,2026-09-26 15:00:00,28.7,0.0,6.3
Agartala,ecmwf,2026-09-26 16:00:00,28.5,0.0,4.0
Agartala,ecmwf,2026-09-26 17:00:00,28.3,0.0,2.5
Agartala,ecmwf,2026-09-26 18:00:00,27.9,0.0,3.3
Agartala,ecmwf,2026-09-26 19:00:00,27.5,0.0,5.4
Agartala,ecmwf,2026-09-26 20:00:00,27.1,0.0,6.8
Agartala,ecmwf,2026-09-26 21:00:00,26.8,0.0,7.2
Agartala,ecmwf,2026-09-26 22:00:00,26.5,0.0,7.0
Agartala,ecmwf,2026-09-26 23:00:00,26.3,0.0,6.7
Agartala,gem,2026-09-24 00:00:00,25.4,1.7,14.4
Agartala,gem,2026-09-24 01:00:00,24.5,0.7,13.0
Agartala,gem,2026-09-24 02:00:00,24.7,0.0,1.8
Agartala,gem,2026-09-24 03:00:00,24.7,0.0,3.2
Agartala,gem,2026-09-24 04:00:00,24.7,0.0,7.6
Agartala,gem,2026-09-24 05:00:00,25.4,0.0,7.9
Agartala,gem,2026-09-24 06:00:00,25.9,0.0,8.6
Agartala,gem,2026-09-24 07:00:00,27.1,0.0,5.4
Agartala,gem,2026-09-24 08:00:00,28.2,0.0,2.2
Agartala,gem,2026-09-24 09:00:00,29.3,0.0,1.4
Agartala,gem,2026-09-24 10:00:00,30.6,0.0,0.4
Agartala,gem,2026-09-24 11:00:00,31.8,0.0,4.0
Agartala,gem,2026-09-24 12:00:00,32.6,0.0,5.8
Agartala,gem,2026-09-24 13:00:00,32.8,0.0,5.0
Agartala,gem,2026-09-24 14:00:00,32.8,0.0,3.2
Agartala,gem,2026-09-24 15:00:00,32.5,0.0,3.6
Agartala,gem,2026-09-24 16:00:00,31.7,0.0,3.6
Agartala,gem,2026-09-24 17:00:00,30.1,0.0,4.0
Agartala,gem,2026-09-24 18:00:00,28.0,1.9,8.3
Agartala,gem,2026-09-24 19:00:00,26.3,4.8,11.5
Agartala,gem,2026-09-24 20:00:00,25.6,3.5,11.5
Agartala,gem,2026-09-24 21:00:00,25.4,0.1,14.8
Agartala,gem,2026-09-24 22:00:00,24.6,1.1,11.9
Agartala,gem,2026-09-24 23:00:00,24.4,2.6,9.4
Agartala,gem,2026-09-25 00:00:00,24.7,0.0,9.7
Agartala,gem,2026-09-25 01:00:00,24.9,0.0,7.2
Agartala,gem,2026-09-25 02:00:00,24.9,0.1,6.5
Agartala,gem,2026-09-25 03:00:00,24.9,0.0,6.5
Agartala,gem,2026-09-25 04:00:00,24.9,0.0,5.8
Agartala,gem,2026-09-25 05:00:00,24.9,0.0,6.1
Agartala,gem,2026-09-25 06:00:00,25.9,0.0,7.2
Agartala,gem,2026-09-25 07:00:00,27.7,0.0,9.7
Agartala,gem,2026-09-25 08:00:00,29.2,0.0,10.1
Agartala,gem,2026-09-25 09:00:00,30.4,0.0,10.8
Agartala,gem,2026-09-25 10:00:00,31.4,0.0,11.5
Agartala,gem,2026-09-25 11:00:00,32.2,0.0,12.2
Agartala,gem,2026-09-25 12:00:00,32.6,0.0,13.0
Agartala,gem,2026-09-25 13:00:00,32.7,0.0,13.3
Agartala,gem,2026-09-25 14:00:00,32.3,0.0,13.3
Agartala,gem,2026-09-25 15:00:00,31.6,0.0,11.2
Agartala,gem,2026-09-25 16:00:00,30.5,0.0,8.6
Agartala,gem,2026-09-25 17:00:00,28.9,0.0,9.4
Agartala,gem,2026-09-25 18:00:00,27.9,0.0,8.3
Agartala,gem,2026-09-25 19:00:00,27.2,0.0,7.2
Agartala,gem,2026-09-25 20:00:00,27.0,0.0,7.2
Agartala,gem,2026-09-25 21:00:00,26.4,0.1,9.0
Agartala,gem,2026-09-25 22:00:00,25.9,1.0,10.4
Agartala,gem,2026-09-25 23:00:00,25.5,0.0,11.2
Agartala,gem,2026-09-26 00:00:00,25.1,0.0,9.0
Agartala,gem,2026-09-26 01:00:00,24.8,0.0,6.8
Agartala,gem,2026-09-26 02:00:00,24.5,0.0,8.3
Agartala,gem,2026-09-26 03:00:00,24.3,0.0,7.6
Agartala,gem,2026-09-26 04:00:00,24.2,0.0,6.8
Agartala,gem,2026-09-26 05:00:00,24.1,0.0,8.3
Agartala,gem,2026-09-26 06:00:00,25.0,0.0,10.8
Agartala,gem,2026-09-26 07:00:00,26.7,0.0,11.5
Agartala,gem,2026-09-26 08:00:00,28.5,0.0,11.2
Agartala,gem,2026-09-26 09:00:00,30.1,0.0,11.2
Agartala,gem,2026-09-26 10:00:00,31.4,0.0,10.8
Agartala,gem,2026-09-26 11:00:00,32.3,0.0,10.4
Agartala,gem,2026-09-26 12:00:00,32.8,0.0,10.1
Agartala,gem,2026-09-26 13:00:00,33.1,0.0,10.1
Agartala,gem,2026-09-26 14:00:00,33.0,0.0,10.4
Agartala,gem,2026-09-26 15:00:00,32.4,0.0,10.8
Agartala,gem,2026-09-26 16:00:00,31.2,0.0,9.0
Agartala,gem,2026-09-26 17:00:00,29.6,0.0,8.3
Agartala,gem,2026-09-26 18:00:00,28.5,0.0,7.9
Agartala,gem,2026-09-26 19:00:00,27.7,0.0,7.6
Agartala,gem,2026-09-26 20:00:00,27.1,0.0,7.6
Agartala,gem,2026-09-26 21:00:00,26.7,0.0,7.6
Agartala,gem,2026-09-26 22:00:00,26.3,0.0,7.2
Agartala,gem,2026-09-26 23:00:00,25.9,0.0,6.8
Agartala,gfs,2026-09-24 00:00:00,25.3,0.0,6.2
Agartala,gfs,2026-09-24 01:00:00,24.6,1.5,5.3
Agartala,gfs,2026-09-24 02:00:00,24.7,0.0,4.1
Agartala,gfs,2026-09-24 03:00:00,24.7,0.0,5.6
Agartala,gfs,2026-09-24 04:00:00,24.6,0.0,8.4
Agartala,gfs,2026-09-24 05:00:00,24.5,0.0,6.4
Agartala,gfs,2026-09-24 06:00:00,25.9,0.0,4.7
Agartala,gfs,2026-09-24 07:00:00,27.5,0.0,5.6
Agartala,gfs,2026-09-24 08:00:00,29.1,0.0,6.4
Agartala,gfs,2026-09-24 09:00:00,30.0,0.9,9.3
Agartala,gfs,2026-09-24 10:00:00,29.5,1.3,8.7
Agartala,gfs,2026-09-24 11:00:00,27.6,0.6,8.3
Agartala,gfs,2026-09-24 12:00:00,27.4,0.4,4.6
Agartala,gfs,2026-09-24 13:00:00,30.9,0.1,9.8
Agartala,gfs,2026-09-24 14:00:00,30.9,0.3,11.9
Agartala,gfs,2026-09-24 15:00:00,28.6,1.4,10.0
Agartala,gfs,2026-09-24 16:00:00,28.3,0.1,9.5
Agartala,gfs,2026-09-24 17:00:00,26.9,0.0,7.2
Agartala,gfs,2026-09-24 18:00:00,26.3,0.4,5.6
Agartala,gfs,2026-09-24 19:00:00,26.0,0.0,5.4
Agartala,gfs,2026-09-24 20:00:00,26.0,0.0,3.4
Agartala,gfs,2026-09-24 21:00:00,25.9,0.0,7.4
Agartala,gfs,2026-09-24 22:00:00,25.5,0.0,9.3
Agartala,gfs,2026-09-24 23:00:00,25.2,0.0,9.2
Agartala,gfs,2026-09-25 00:00:00,25.0,0.0,8.7
Agartala,gfs,2026-09-25 01:00:00,25.0,0.0,7.9
Agartala,gfs,2026-09-25 02:00:00,24.7,0.0,8.0
Agartala,gfs,2026-09-25 03:00:00,24.2,0.0,8.6
Agartala,gfs,2026-09-25 04:00:00,24.0,0.0,8.9
Agartala,gfs,2026-09-25 05:00:00,23.9,0.0,8.9
Agartala,gfs,2026-09-25 06:00:00,25.3,0.0,8.3
Agartala,gfs,2026-09-25 07:00:00,27.2,0.0,11.0
Agartala,gfs,2026-09-25 08:00:00,28.7,0.0,12.9
Agartala,gfs,2026-09-25 09:00:00,29.8,0.0,14.4
Agartala,gfs,2026-09-25 10:00:00,30.4,0.0,14.7
Agartala,gfs,2026-09-25 11:00:00,31.0,0.0,15.0
Agartala,gfs,2026-09-25 12:00:00,31.5,0.0,16.0
Agartala,gfs,2026-09-25 13:00:00,31.6,0.0,15.9
Agartala,gfs,2026-09-25 14:00:00,31.3,0.0,16.2
Agartala,gfs,2026-09-25 15:00:00,30.6,0.0,13.8
Agartala,gfs,2026-09-25 16:00:00,29.0,0.0,10.8
Agartala,gfs,2026-09-25 17:00:00,26.9,0.0,9.3
Agartala,gfs,2026-09-25 18:00:00,26.3,0.0,9.6
Agartala,gfs,2026-09-25 19:00:00,26.0,0.0,9.4
Agartala,gfs,2026-09-25 20:00:00,25.7,0.0,9.7
Agartala,gfs,2026-09-25 21:00:00,25.4,0.0,9.5
Agartala,gfs,2026-09-25 22:00:00,25.0,0.0,9.2
Agartala,gfs,2026-09-25 23:00:00,24.9,0.0,8.7
Agartala,gfs,2026-09-26 00:00:00,24.7,0.0,8.4
Agartala,gfs,2026-09-26 01:00:00,24.5,0.0,8.7
Agartala,gfs,2026-09-26 02:00:00,24.3,0.0,8.7
Agartala,gfs,2026-09-26 03:00:00,24.2,0.0,8.8
Agartala,gfs,2026-09-26 04:00:00,24.1,0.0,8.0
Agartala,gfs,2026-09-26 05:00:00,24.0,0.0,7.9
Agartala,gfs,2026-09-26 06:00:00,25.5,0.0,9.0
Agartala,gfs,2026-09-26 07:00:00,27.3,0.0,10.8
Agartala,gfs,2026-09-26 08:00:00,29.0,0.0,10.7
Agartala,gfs,2026-09-26 09:00:00,30.3,0.0,10.2
Agartala,gfs,2026-09-26 10:00:00,31.4,0.0,9.5
Agartala,gfs,2026-09-26 11:00:00,32.1,0.0,8.8
Agartala,gfs,2026-09-26 12:00:00,32.3,0.0,11.2
Agartala,gfs,2026-09-26 13:00:00,32.1,0.0,13.4
Agartala,gfs,2026-09-26 14:00:00,31.5,0.0,14.0
Agartala,gfs,2026-09-26 15:00:00,31.0,0.0,11.6
Agartala,gfs,2026-09-26 16:00:00,29.5,0.0,10.8
Agartala,gfs,2026-09-26 17:00:00,27.6,0.0,9.8
Agartala,gfs,2026-09-26 18:00:00,26.9,0.0,9.0
Agartala,gfs,2026-09-26 19:00:00,26.4,0.0,8.6
Agartala,gfs,2026-09-26 20:00:00,26.1,0.0,8.8
Agartala,gfs,2026-09-26 21:00:00,25.7,0.0,8.7
Agartala,gfs,2026-09-26 22:00:00,25.5,0.0,8.0
Agartala,gfs,2026-09-26 23:00:00,25.2,0.0,7.6
Agartala,icon,2026-09-24 00:00:00,27.4,1.1,1.1
Agartala,icon,2026-09-24 01:00:00,27.1,0.2,1.8
Agartala,icon,2026-09-24 02:00:00,26.9,0.0,2.3
Agartala,icon,2026-09-24 03:00:00,26.5,0.0,2.5
Agartala,icon,2026-09-24 04:00:00,26.2,0.0,2.5
Agartala,icon,2026-09-24 05:00:00,25.8,0.0,3.1
Agartala,icon,2026-09-24 06:00:00,26.5,0.0,3.9
Agartala,icon,2026-09-24 07:00:00,27.9,0.0,6.5
Agartala,icon,2026-09-24 08:00:00,29.4,0.0,7.2
Agartala,icon,2026-09-24 09:00:00,31.0,0.0,6.5
Agartala,icon,2026-09-24 10:00:00,32.1,0.0,5.1
Agartala,icon,2026-09-24 11:00:00,33.0,0.0,5.0
Agartala,icon,2026-09-24 12:00:00,33.6,0.0,6.5
Agartala,icon,2026-09-24 13:00:00,33.7,0.0,6.5
Agartala,icon,2026-09-24 14:00:00,33.3,0.0,5.4
Agartala,icon,2026-09-24 15:00:00,32.7,0.0,5.1
Agartala,icon,2026-09-24 16:00:00,31.5,0.0,8.4
Agartala,icon,2026-09-24 17:00:00,29.1,0.0,12.0
Agartala,icon,2026-09-24 18:00:00,28.0,0.0,8.0
Agartala,icon,2026-09-24 19:00:00,27.6,0.0,7.0
Agartala,icon,2026-09-24 20:00:00,27.3,0.0,6.2
Agartala,icon,2026-09-24 21:00:00,27.0,0.1,6.2
Agartala,icon,2026-09-24 22:00:00,26.8,0.1,6.6
Agartala,icon,2026-09-24 23:00:00,26.5,0.1,5.6
Agartala,icon,2026-09-25 00:00:00,26.3,0.3,5.4
Agartala,icon,2026-09-25 01:00:00,26.2,0.3,5.0
Agartala,icon,2026-09-25 02:00:00,26.1,1.0,3.6
Agartala,icon,2026-09-25 03:00:00,25.9,0.4,4.0
Agartala,icon,2026-09-25 04:00:00,25.7,0.0,5.5
Agartala,icon,2026-09-25 05:00:00,25.4,0.0,6.0
Agartala,icon,2026-09-25 06:00:00,26.1,0.0,7.2
Agartala,icon,2026-09-25 07:00:00,27.3,0.0,7.8
Agartala,icon,2026-09-25 08:00:00,28.9,0.0,7.4
Agartala,icon,2026-09-25 09:00:00,30.6,0.0,7.2
Agartala,icon,2026-09-25 10:00:00,31.9,0.1,7.6
Agartala,icon,2026-09-25 11:00:00,32.3,0.1,6.6
Agartala,icon,2026-09-25 12:00:00,32.3,0.1,6.3
Agartala,icon,2026-09-25 13:00:00,32.1,0.1,5.7
Agartala,icon,2026-09-25 14:00:00,32.2,0.1,5.9
Agartala,icon,2026-09-25 15:00:00,31.9,0.1,4.9
Agartala,icon,2026-09-25 16:00:00,30.8,1.0,4.7
Agartala,icon,2026-09-25 17:00:00,29.0,3.4,4.0
Agartala,icon,2026-09-25 18:00:00,28.1,2.0,4.0
Agartala,icon,2026-09-25 19:00:00,27.6,0.0,5.9
Agartala,icon,2026-09-25 20:00:00,27.3,0.0,4.7
Agartala,icon,2026-09-25 21:00:00,27.0,0.0,3.7
Agartala,icon,2026-09-25 22:00:00,26.8,0.0,4.0
Agartala,icon,2026-09-25 23:00:00,26.6,0.0,3.4
Agartala,icon,2026-09-26 00:00:00,26.4,0.0,3.1
Agartala,icon,2026-09-26 01:00:00,26.3,0.0,2.5
Agartala,icon,2026-09-26 02:00:00,26.2,0.0,2.8
Agartala,icon,2026-09-26 03:00:00,26.1,0.0,3.2
Agartala,icon,2026-09-26 04:00:00,26.1,0.0,2.7
Agartala,icon,2026-09-26 05:00:00,26.1,0.0,2.5
Agartala,icon,2026-09-26 06:00:00,27.0,0.0,2.2
Agartala,icon,2026-09-26 07:00:00,28.7,0.0,4.3
Agartala,icon,2026-09-26 08:00:00,30.1,0.0,6.6
Agartala,icon,2026-09-26 09:00:00,31.1,0.0,9.7
Agartala,icon,2026-09-26 10:00:00,31.9,0.0,9.2
Agartala,icon,2026-09-26 11:00:00,32.7,0.0,8.2
Agartala,icon,2026-09-26 12:00:00,33.5,0.0,7.4
Agartala,icon,2026-09-26 13:00:00,33.5,0.0,7.3
Agartala,icon,2026-09-26 14:00:00,33.5,0.0,6.6
Agartala,icon,2026-09-26 15:00:00,33.0,0.0,5.8
Agartala,icon,2026-09-26 16:00:00,31.7,0.0,5.0
Agartala,icon,2026-09-26 17:00:00,29.9,0.0,4.1
Agartala,icon,2026-09-26 18:00:00,29.0,0.0,3.3
Agartala,icon,2026-09-26 19:00:00,28.5,0.0,2.6
Agartala,icon,2026-09-26 20:00:00,28.2,0.0,2.4
Agartala,icon,2026-09-26 21:00:00,27.9,0.0,2.2
Agartala,icon,2026-09-26 22:00:00,27.5,0.0,2.5
Agartala,icon,2026-09-26 23:00:00,27.1,0.0,2.5
Agra,ecmwf,2026-09-24 00:00:00,27.8,0.0,9.7
Agra,ecmwf,2026-09-24 01:00:00,27.2,0.0,9.7
Agra,ecmwf,2026-09-24 02:00:00,26.8,0.0,9.5
Agra,ecmwf,2026-09-24 03:00:00,26.5,0.0,8.4
Agra,ecmwf,2026-09-24 04:00:00,26.3,0.0,6.9
Agra,ecmwf,2026-09-24 05:00:00,26.3,0.0,6.2
Agra,ecmwf,2026-09-24 06:00:00,26.4,0.1,7.2
Agra,ecmwf,2026-09-24 07:00:00,26.8,0.1,9.0
Agra,ecmwf,2026-09-24 08:00:00,27.5,0.1,10.1
Agra,ecmwf,2026-09-24 09:00:00,28.9,0.0,9.8
Agra,ecmwf,2026-09-24 10:00:00,30.7,0.0,8.8
Agra,ecmwf,2026-09-24 11:00:00,32.0,0.0,8.2
Agra,ecmwf,2026-09-24 12:00:00,32.5,0.1,8.1
Agra,ecmwf,2026-09-24 13:00:00,32.6,0.1,8.7
Agra,ecmwf,2026-09-24 14:00:00,32.4,0.1,9.8
Agra,ecmwf,2026-09-24 15:00:00,31.9,0.1,9.9
Agra,ecmwf,2026-09-24 16:00:00,31.3,0.1,9.1
Agra,ecmwf,2026-09-24 17:00:00,30.5,0.1,9.0
Agra,ecmwf,2026-09-24 18:00:00,29.8,0.0,9.3
Agra,ecmwf,2026-09-24 19:00:00,29.0,0.0,10.1
Agra,ecmwf,2026-09-24 20:00:00,28.2,0.0,10.4
Agra,ecmwf,2026-09-24 21:00:00,27.4,0.0,10.9
Agra,ecmwf,2026-09-24 22:00:00,26.7,0.0,11.2
Agra,ecmwf,2026-09-24 23:00:00,26.0,0.0,10.8
Agra,ecmwf,2026-09-25 00:00:00,25.4,0.0,8.3
Agra,ecmwf,2026-09-25 01:00:00,24.8,0.0,5.6
Agra,ecmwf,2026-09-25 02:00:00,24.4,0.0,5.2
Agra,ecmwf,2026-09-25 03:00:00,24.0,0.0,5.8
Agra,ecmwf,2026-09-25 04:00:00,23.7,0.0,6.2
Agra,ecmwf,2026-09-25 05:00:00,23.8,0.0,6.6
Agra,ecmwf,2026-09-25 06:00:00,24.4,0.0,6.4
Agra,ecmwf,2026-09-25 07:00:00,25.4,0.0,6.2
Agra,ecmwf,2026-09-25 08:00:00,26.4,0.0,7.2
Agra,ecmwf,2026-09-25 09:00:00,27.6,0.0,11.5
Agra,ecmwf,2026-09-25 10:00:00,28.8,0.0,16.9
Agra,ecmwf,2026-09-25 11:00:00,29.4,0.0,20.7
Agra,ecmwf,2026-09-25 12:00:00,29.0,0.1,20.5
Agra,ecmwf,2026-09-25 13:00:00,28.0,0.1,18.4
Agra,ecmwf,2026-09-25 14:00:00,27.3,0.1,16.5
Agra,ecmwf,2026-09-25 15:00:00,27.1,0.0,15.1
Agra,ecmwf,2026-09-25 16:00:00,27.2,0.0,14.1
Agra,ecmwf,2026-09-25 17:00:00,27.2,0.0,13.5
Agra,ecmwf,2026-09-25 18:00:00,26.9,0.0,12.7
Agra,ecmwf,2026-09-25 19:00:00,26.5,0.0,12.0
Agra,ecmwf,2026-09-25 20:00:00,26.0,0.0,11.6
Agra,ecmwf,2026-09-25 21:00:00,25.4,0.0,11.3
Agra,ecmwf,2026-09-25 22:00:00,24.6,0.0,10.4
Agra,ecmwf,2026-09-25 23:00:00,24.0,0.0,9.7
Agra,ecmwf,2026-09-26 00:00:00,23.6,0.3,8.9
Agra,ecmwf,2026-09-26 01:00:00,23.3,0.3,10.3
Agra,ecmwf,2026-09-26 02:00:00,23.1,0.3,13.0
Agra,ecmwf,2026-09-26 03:00:00,23.0,0.1,14.8
Agra,ecmwf,2026-09-26 04:00:00,23.1,0.1,15.9
Agra,ecmwf,2026-09-26 05:00:00,23.0,0.1,16.3
Agra,ecmwf,2026-09-26 06:00:00,22.6,2.1,15.4
Agra,ecmwf,2026-09-26 07:00:00,22.0,2.1,13.9
Agra,ecmwf,2026-09-26 08:00:00,21.7,2.1,12.1
Agra,ecmwf,2026-09-26 09:00:00,21.9,1.0,9.5
Agra,ecmwf,2026-09-26 10:00:00,22.3,1.0,6.9
Agra,ecmwf,2026-09-26 11:00:00,22.9,1.0,6.8
Agra,ecmwf,2026-09-26 12:00:00,23.8,0.6,9.7
Agra,ecmwf,2026-09-26 13:00:00,24.8,0.6,13.2
Agra,ecmwf,2026-09-26 14:00:00,25.7,0.6,15.8
Agra,ecmwf,2026-09-26 15:00:00,26.3,0.0,15.3
Agra,ecmwf,2026-09-26 16:00:00,26.7,0.0,13.5
Agra,ecmwf,2026-09-26 17:00:00,26.7,0.0,11.8
Agra,ecmwf,2026-09-26 18:00:00,26.2,0.0,11.0
Agra,ecmwf,2026-09-26 19:00:00,25.2,0.0,10.0
Agra,ecmwf,2026-09-26 20:00:00,24.3,0.0,9.0
Agra,ecmwf,2026-09-26 21:00:00,23.6,0.0,7.4
Agra,ecmwf,2026-09-26 22:00:00,23.0,0.0,5.4
Agra,ecmwf,2026-09-26 23:00:00,22.5,0.0,3.6
Agra,gem,2026-09-24 00:00:00,24.2,0.0,6.5
Agra,gem,2026-09-24 01:00:00,24.0,0.0,6.5
Agra,gem,2026-09-24 02:00:00,24.1,0.0,5.4
Agra,gem,2026-09-24 03:00:00,24.0,0.0,5.0
Agra,gem,2026-09-24 04:00:00,23.9,0.0,8.3
Agra,gem,2026-09-24 05:00:00,24.6,0.0,6.1
Agra,gem,2026-09-24 06:00:00,24.4,0.0,10.4
Agra,gem,2026-09-24 07:00:00,25.8,0.0,13.3
Agra,gem,2026-09-24 08:00:00,27.4,0.0,15.1
Agra,gem,2026-09-24 09:00:00,28.1,0.0,14.4
Agra,gem,2026-09-24 10:00:00,28.2,0.0,15.1
Agra,gem,2026-09-24 11:00:00,28.9,0.0,14.0
Agra,gem,2026-09-24 12:00:00,29.7,0.0,13.0
Agra,gem,2026-09-24 13:00:00,30.6,0.0,10.8
Agra,gem,2026-09-24 14:00:00,31.0,0.0,10.1
Agra,gem,2026-09-24 15:00:00,31.2,0.0,10.8
Agra,gem,2026-09-24 16:00:00,30.9,0.0,14.0
Agra,gem,2026-09-24 17:00:00,29.8,0.0,16.6
Agra,gem,2026-09-24 18:00:00,28.6,0.0,14.8
Agra,gem,2026-09-24 19:00:00,27.6,0.0,12.6
Agra,gem,2026-09-24 20:00:00,26.7,0.0,13.3
Agra,gem,2026-09-24 21:00:00,25.9,0.0,14.4
Agra,gem,2026-09-24 22:00:00,25.4,0.0,15.5
Agra,gem,2026-09-24 23:00:00,24.9,0.0,14.8
Agra,gem,2026-09-25 00:00:00,24.3,0.0,13.0
Agra,gem,2026-09-25 01:00:00,23.7,0.0,11.5
Agra,gem,2026-09-25 02:00:00,23.3,0.0,11.2
Agra,gem,2026-09-25 03:00:00,22.9,0.0,10.1
Agra,gem,2026-09-25 04:00:00,22.4,0.0,8.3
Agra,gem,2026-09-25 05:00:00,21.8,0.0,6.5
Agra,gem,2026-09-25 06:00:00,21.6,0.0,5.8
Agra,gem,2026-09-25 07:00:00,23.1,0.0,6.8
Agra,gem,2026-09-25 08:00:00,25.0,0.0,9.7
Agra,gem,2026-09-25 09:00:00,26.3,0.0,12.2
Agra,gem,2026-09-25 10:00:00,27.5,0.0,13.7
Agra,gem,2026-09-25 11:00:00,28.4,0.0,14.0
Agra,gem,2026-09-25 12:00:00,28.7,0.0,15.8
Agra,gem,2026-09-25 13:00:00,28.9,0.0,17.3
Agra,gem,2026-09-25 14:00:00,28.8,0.0,18.4
Agra,gem,2026-09-25 15:00:00,28.1,0.0,14.4
Agra,gem,2026-09-25 16:00:00,27.9,0.0,11.2
Agra,gem,2026-09-25 17:00:00,27.4,0.0,10.8
Agra,gem,2026-09-25 18:00:00,26.2,0.0,9.7
Agra,gem,2026-09-25 19:00:00,25.2,0.0,8.3
Agra,gem,2026-09-25 20:00:00,24.2,0.0,5.4
Agra,gem,2026-09-25 21:00:00,23.5,0.0,2.5
Agra,gem,2026-09-25 22:00:00,22.9,0.0,5.0
Agra,gem,2026-09-25 23:00:00,23.5,0.0,11.5
Agra,gem,2026-09-26 00:00:00,23.8,0.0,7.2
Agra,gem,2026-09-26 01:00:00,23.6,0.0,1.1
Agra,gem,2026-09-26 02:00:00,22.7,0.0,6.5
Agra,gem,2026-09-26 03:00:00,22.1,0.0,9.0
Agra,gem,2026-09-26 04:00:00,21.6,0.0,9.7
Agra,gem,2026-09-26 05:00:00,21.2,0.0,6.1
Agra,gem,2026-09-26 06:00:00,20.9,0.0,6.5
Agra,gem,2026-09-26 07:00:00,22.4,0.0,6.1
Agra,gem,2026-09-26 08:00:00,24.3,0.0,9.0
Agra,gem,2026-09-26 09:00:00,25.8,0.0,10.8
Agra,gem,2026-09-26 10:00:00,27.9,0.0,11.5
Agra,gem,2026-09-26 11:00:00,29.4,0.0,12.2
Agra,gem,2026-09-26 12:00:00,30.3,0.0,13.7
Agra,gem,2026-09-26 13:00:00,31.0,0.0,14.8
Agra,gem,2026-09-26 14:00:00,30.4,0.2,20.9
Agra,gem,2026-09-26 15:00:00,27.1,0.4,20.5
Agra,gem,2026-09-26 16:00:00,26.4,0.1,20.9
Agra,gem,2026-09-26 17:00:00,25.5,0.0,18.4
Agra,gem,2026-09-26 18:00:00,24.3,0.0,14.4
Agra,gem,2026-09-26 19:00:00,23.4,0.0,11.5
Agra,gem,2026-09-26 20:00:00,22.9,0.0,9.4
Agra,gem,2026-09-26 21:00:00,22.4,0.0,6.1
Agra,gem,2026-09-26 22:00:00,21.6,0.0,4.0
Agra,gem,2026-09-26 23:00:00,20.9,0.0,2.5
Agra,gfs,2026-09-24 00:00:00,28.1,0.0,11.3
Agra,gfs,2026-09-24 01:00:00,27.6,0.0,11.3
Agra,gfs,2026-09-24 02:00:00,27.3,0.0,11.1
Agra,gfs,2026-09-24 03:00:00,27.1,0.0,10.2
Agra,gfs,2026-09-24 04:00:00,26.8,0.0,9.4
Agra,gfs,2026-09-24 05:00:00,26.8,0.0,9.7
Agra,gfs,2026-09-24 06:00:00,26.7,0.0,9.0
Agra,gfs,2026-09-24 07:00:00,27.8,0.0,10.5
Agra,gfs,2026-09-24 08:00:00,29.3,0.0,13.2
Agra,gfs,2026-09-24 09:00:00,30.6,0.0,13.0
Agra,gfs,2026-09-24 10:00:00,31.9,0.0,11.5
Agra,gfs,2026-09-24 11:00:00,32.7,0.0,14.1
Agra,gfs,2026-09-24 12:00:00,33.2,0.1,14.6
Agra,gfs,2026-09-24 13:00:00,32.5,0.0,14.8
Agra,gfs,2026-09-24 14:00:00,31.9,0.0,14.4
Agra,gfs,2026-09-24 15:00:00,31.5,0.0,13.7
Agra,gfs,2026-09-24 16:00:00,31.2,0.0,13.6
Agra,gfs,2026-09-24 17:00:00,30.5,0.0,13.8
Agra,gfs,2026-09-24 18:00:00,29.7,0.0,14.5
Agra,gfs,2026-09-24 19:00:00,28.9,0.0,19.9
Agra,gfs,2026-09-24 20:00:00,27.8,0.0,23.1
Agra,gfs,2026-09-24 21:00:00,26.6,0.0,24.6
Agra,gfs,2026-09-24 22:00:00,25.6,0.0,23.9
Agra,gfs,2026-09-24 23:00:00,25.3,0.0,23.4
Agra,gfs,2026-09-25 00:00:00,24.7,0.0,20.7
Agra,gfs,2026-09-25 01:00:00,24.1,0.0,19.1
Agra,gfs,2026-09-25 02:00:00,24.3,0.0,18.7
Agra,gfs,2026-09-25 03:00:00,24.6,0.0,18.4
Agra,gfs,2026-09-25 04:00:00,24.1,0.0,16.0
Agra,gfs,2026-09-25 05:00:00,23.6,0.0,14.4
Agra,gfs,2026-09-25 06:00:00,23.5,0.0,14.1
Agra,gfs,2026-09-25 07:00:00,24.4,0.0,15.2
Agra,gfs,2026-09-25 08:00:00,25.9,0.0,17.7
Agra,gfs,2026-09-25 09:00:00,27.1,0.0,19.8
Agra,gfs,2026-09-25 10:00:00,27.2,0.1,22.1
Agra,gfs,2026-09-25 11:00:00,27.7,0.0,19.4
Agra,gfs,2026-09-25 12:00:00,29.2,0.0,21.6
Agra,gfs,2026-09-25 13:00:00,29.1,0.0,21.7
Agra,gfs,2026-09-25 14:00:00,28.1,0.0,22.7
Agra,gfs,2026-09-25 15:00:00,26.3,0.0,18.6
Agra,gfs,2026-09-25 16:00:00,25.7,0.0,16.8
Agra,gfs,2026-09-25 17:00:00,25.4,0.0,16.3
Agra,gfs,2026-09-25 18:00:00,25.1,0.0,18.0
Agra,gfs,2026-09-25 19:00:00,24.5,0.0,14.6
Agra,gfs,2026-09-25 20:00:00,24.5,0.0,15.0
Agra,gfs,2026-09-25 21:00:00,24.1,0.0,15.1
Agra,gfs,2026-09-25 22:00:00,23.8,0.0,15.3
Agra,gfs,2026-09-25 23:00:00,23.8,0.0,14.9
Agra,gfs,2026-09-26 00:00:00,23.5,0.0,12.0
Agra,gfs,2026-09-26 01:00:00,23.6,0.0,6.2
Agra,gfs,2026-09-26 02:00:00,23.4,0.0,9.3
Agra,gfs,2026-09-26 03:00:00,23.0,0.0,8.1
Agra,gfs,2026-09-26 04:00:00,22.9,0.0,10.6
Agra,gfs,2026-09-26 05:00:00,22.8,0.0,10.7
Agra,gfs,2026-09-26 06:00:00,22.8,0.0,13.2
Agra,gfs,2026-09-26 07:00:00,22.9,0.0,12.2
Agra,gfs,2026-09-26 08:00:00,22.9,0.0,13.7
Agra,gfs,2026-09-26 09:00:00,22.8,0.0,11.0
Agra,gfs,2026-09-26 10:00:00,22.9,0.0,14.5
Agra,gfs,2026-09-26 11:00:00,22.7,0.0,14.4
Agra,gfs,2026-09-26 12:00:00,22.2,0.8,13.8
Agra,gfs,2026-09-26 13:00:00,22.0,0.3,14.8
Agra,gfs,2026-09-26 14:00:00,23.2,0.0,14.8
Agra,gfs,2026-09-26 15:00:00,23.2,0.0,16.1
Agra,gfs,2026-09-26 16:00:00,22.2,0.0,12.5
Agra,gfs,2026-09-26 17:00:00,22.1,0.0,11.8
Agra,gfs,2026-09-26 18:00:00,22.1,0.0,14.3
Agra,gfs,2026-09-26 19:00:00,21.8,0.0,14.5
Agra,gfs,2026-09-26 20:00:00,21.8,0.0,16.1
Agra,gfs,2026-09-26 21:00:00,21.6,0.0,15.0
Agra,gfs,2026-09-26 22:00:00,21.4,0.0,16.4
Agra,gfs,2026-09-26 23:00:00,21.5,0.0,13.7
Agra,icon,2026-09-24 00:00:00,27.8,0.0,5.6
Agra,icon,2026-09-24 01:00:00,27.4,0.0,5.0
Agra,icon,2026-09-24 02:00:00,27.0,0.0,5.1
Agra,icon,2026-09-24 03:00:00,26.6,0.0,5.8
Agra,icon,2026-09-24 04:00:00,26.4,0.0,5.4
Agra,icon,2026-09-24 05:00:00,26.4,0.0,5.4
Agra,icon,2026-09-24 06:00:00,26.2,0.0,6.1
Agra,icon,2026-09-24 07:00:00,26.7,0.0,6.5
Agra,icon,2026-09-24 08:00:00,27.8,0.0,9.4
Agra,icon,2026-09-24 09:00:00,28.9,0.0,9.9
Agra,icon,2026-09-24 10:00:00,30.1,0.0,8.8
Agra,icon,2026-09-24 11:00:00,31.6,0.0,6.8
Agra,icon,2026-09-24 12:00:00,32.4,0.0,7.8
Agra,icon,2026-09-24 13:00:00,32.8,0.0,8.7
Agra,icon,2026-09-24 14:00:00,32.8,0.0,9.2
Agra,icon,2026-09-24 15:00:00,32.5,0.0,9.3
Agra,icon,2026-09-24 16:00:00,32.1,0.0,8.7
Agra,icon,2026-09-24 17:00:00,31.4,0.0,7.9
Agra,icon,2026-09-24 18:00:00,30.1,0.0,6.2
Agra,icon,2026-09-24 19:00:00,29.1,0.0,5.1
Agra,icon,2026-09-24 20:00:00,28.3,0.0,6.6
Agra,icon,2026-09-24 21:00:00,27.5,0.0,7.3
Agra,icon,2026-09-24 22:00:00,26.9,0.0,7.3
Agra,icon,2026-09-24 23:00:00,26.4,0.0,6.8
Agra,icon,2026-09-25 00:00:00,26.0,0.0,5.8
Agra,icon,2026-09-25 01:00:00,25.6,0.0,5.8
Agra,icon,2026-09-25 02:00:00,25.3,0.0,6.8
Agra,icon,2026-09-25 03:00:00,25.0,0.0,7.6
Agra,icon,2026-09-25 04:00:00,24.6,0.0,7.4
Agra,icon,2026-09-25 05:00:00,24.3,0.0,6.4
Agra,icon,2026-09-25 06:00:00,24.0,0.0,5.7
Agra,icon,2026-09-25 07:00:00,24.5,0.0,6.1
Agra,icon,2026-09-25 08:00:00,25.6,0.0,10.8
Agra,icon,2026-09-25 09:00:00,26.5,0.0,12.0
Agra,icon,2026-09-25 10:00:00,27.5,0.0,14.5
Agra,icon,2026-09-25 11:00:00,28.2,0.0,14.9
Agra,icon,2026-09-25 12:00:00,28.5,0.0,15.0
Agra,icon,2026-09-25 13:00:00,28.2,0.0,18.1
Agra,icon,2026-09-25 14:00:00,27.3,0.0,16.3
Agra,icon,2026-09-25 15:00:00,26.5,0.0,17.7
Agra,icon,2026-09-25 16:00:00,25.8,0.0,15.8
Agra,icon,2026-09-25 17:00:00,25.1,0.0,15.6
Agra,icon,2026-09-25 18:00:00,24.3,0.0,14.8
Agra,icon,2026-09-25 19:00:00,23.7,0.0,13.7
Agra,icon,2026-09-25 20:00:00,23.7,0.0,14.8
Agra,icon,2026-09-25 21:00:00,23.7,0.0,13.4
Agra,icon,2026-09-25 22:00:00,23.4,0.0,13.7
Agra,icon,2026-09-25 23:00:00,23.1,0.0,15.0
Agra,icon,2026-09-26 00:00:00,22.4,0.1,13.5
Agra,icon,2026-09-26 01:00:00,22.2,0.1,13.0
Agra,icon,2026-09-26 02:00:00,21.9,0.3,11.0
Agra,icon,2026-09-26 03:00:00,22.1,0.2,11.8
Agra,icon,2026-09-26 04:00:00,22.3,0.1,11.8
Agra,icon,2026-09-26 05:00:00,22.5,0.0,13.1
Agra,icon,2026-09-26 06:00:00,22.5,0.0,12.4
Agra,icon,2026-09-26 07:00:00,22.6,0.0,11.6
Agra,icon,2026-09-26 08:00:00,22.9,0.0,12.4
Agra,icon,2026-09-26 09:00:00,23.0,0.0,13.3
Agra,icon,2026-09-26 10:00:00,23.1,0.1,14.2
Agra,icon,2026-09-26 11:00:00,22.9,0.2,13.9
Agra,icon,2026-09-26 12:00:00,22.4,0.5,16.5
Agra,icon,2026-09-26 13:00:00,21.9,0.4,17.0
Agra,icon,2026-09-26 14:00:00,21.7,0.2,16.6
Agra,icon,2026-09-26 15:00:00,21.6,0.1,15.4
Agra,icon,2026-09-26 16:00:00,21.6,0.1,13.9
Agra,icon,2026-09-26 17:00:00,21.7,0.0,12.5
Agra,icon,2026-09-26 18:00:00,22.0,0.0,12.1
Agra,icon,2026-09-26 19:00:00,22.1,0.0,10.8
Agra,icon,2026-09-26 20:00:00,22.2,0.0,10.1
Agra,icon,2026-09-26 21:00:00,22.2,0.0,10.2
Agra,icon,2026-09-26 22:00:00,22.3,0.0,10.4
Agra,icon,2026-09-26 23:00:00,22.3,0.0,10.7
Ahmedabad,ecmwf,2026-09-24 00:00:00,27.9,0.0,10.1
Ahmedabad,ecmwf,2026-09-24 01:00:00,27.5,0.0,9.7
Ahmedabad,ecmwf,2026-09-24 02:00:00,27.2,0.0,9.8
Ahmedabad,ecmwf,2026-09-24 03:00:00,27.0,0.0,9.8
Ahmedabad,ecmwf,2026-09-24 04:00:00,26.9,0.0,10.0
Ahmedabad,ecmwf,2026-09-24 05:00:00,27.0,0.0,9.9
Ahmedabad,ecmwf,2026-09-24 06:00:00,27.3,0.0,9.9
Ahmedabad,ecmwf,2026-09-24 07:00:00,27.9,0.0,9.6
Ahmedabad,ecmwf,2026-09-24 08:00:00,28.8,0.0,9.6
Ahmedabad,ecmwf,2026-09-24 09:00:00,30.0,0.0,9.8
Ahmedabad,ecmwf,2026-09-24 10:00:00,31.5,0.0,10.2
Ahmedabad,ecmwf,2026-09-24 11:00:00,32.7,0.0,10.5
Ahmedabad,ecmwf,2026-09-24 12:00:00,33.7,0.0,10.7
Ahmedabad,ecmwf,2026-09-24 13:00:00,34.4,0.0,11.0
Ahmedabad,ecmwf,2026-09-24 14:00:00,34.8,0.0,10.5
Ahmedabad,ecmwf,2026-09-24 15:00:00,34.7,0.0,9.7
Ahmedabad,ecmwf,2026-09-24 16:00:00,34.2,0.0,8.4
Ahmedabad,ecmwf,2026-09-24 17:00:00,33.6,0.0,6.9
Ahmedabad,ecmwf,2026-09-24 18:00:00,32.7,0.0,4.4
Ahmedabad,ecmwf,2026-09-24 19:00:00,31.6,0.0,2.2
Ahmedabad,ecmwf,2026-09-24 20:00:00,30.7,0.0,2.8
Ahmedabad,ecmwf,2026-09-24 21:00:00,29.9,0.0,5.0
Ahmedabad,ecmwf,2026-09-24 22:00:00,29.3,0.0,9.0
Ahmedabad,ecmwf,2026-09-24 23:00:00,28.7,0.0,11.5
Ahmedabad,ecmwf,2026-09-25 00:00:00,28.2,0.0,11.3
Ahmedabad,ecmwf,2026-09-25 01:00:00,27.7,0.0,10.0
Ahmedabad,ecmwf,2026-09-25 02:00:00,27.3,0.0,8.8
Ahmedabad,ecmwf,2026-09-25 03:00:00,26.7,0.0,8.0
Ahmedabad,ecmwf,2026-09-25 04:00:00,26.0,0.0,7.5
Ahmedabad,ecmwf,2026-09-25 05:00:00,25.7,0.0,7.4
Ahmedabad,ecmwf,2026-09-25 06:00:00,25.9,0.0,8.2
Ahmedabad,ecmwf,2026-09-25 07:00:00,26.5,0.0,9.8
Ahmedabad,ecmwf,2026-09-25 08:00:00,27.3,0.0,11.0
Ahmedabad,ecmwf,2026-09-25 09:00:00,28.4,0.0,11.8
Ahmedabad,ecmwf,2026-09-25 10:00:00,29.8,0.0,12.4
Ahmedabad,ecmwf,2026-09-25 11:00:00,31.0,0.0,12.8
Ahmedabad,ecmwf,2026-09-25 12:00:00,32.1,0.0,13.2
Ahmedabad,ecmwf,2026-09-25 13:00:00,33.0,0.0,13.5
Ahmedabad,ecmwf,2026-09-25 14:00:00,33.5,0.0,13.1
Ahmedabad,ecmwf,2026-09-25 15:00:00,33.5,0.0,11.9
Ahmedabad,ecmwf,2026-09-25 16:00:00,33.1,0.0,10.1
Ahmedabad,ecmwf,2026-09-25 17:00:00,32.5,0.0,9.0
Ahmedabad,ecmwf,2026-09-25 18:00:00,31.6,0.0,8.8
Ahmedabad,ecmwf,2026-09-25 19:00:00,30.4,0.0,9.3
Ahmedabad,ecmwf,2026-09-25 20:00:00,29.4,0.0,9.8
Ahmedabad,ecmwf,2026-09-25 21:00:00,28.7,0.0,10.7
Ahmedabad,ecmwf,2026-09-25 22:00:00,28.0,0.0,12.0
Ahmedabad,ecmwf,2026-09-25 23:00:00,27.3,0.0,13.0
Ahmedabad,ecmwf,2026-09-26 00:00:00,26.6,0.0,14.4
Ahmedabad,ecmwf,2026-09-26 01:00:00,25.8,0.0,15.9
Ahmedabad,ecmwf,2026-09-26 02:00:00,25.2,0.0,16.6
Ahmedabad,ecmwf,2026-09-26 03:00:00,24.6,0.0,15.2
Ahmedabad,ecmwf,2026-09-26 04:00:00,24.2,0.0,13.3
Ahmedabad,ecmwf,2026-09-26 05:00:00,24.2,0.0,11.6
Ahmedabad,ecmwf,2026-09-26 06:00:00,24.6,0.0,10.9
Ahmedabad,ecmwf,2026-09-26 07:00:00,25.4,0.0,11.7
Ahmedabad,ecmwf,2026-09-26 08:00:00,26.4,0.0,12.3
Ahmedabad,ecmwf,2026-09-26 09:00:00,27.5,0.0,12.4
Ahmedabad,ecmwf,2026-09-26 10:00:00,28.7,0.0,12.6
Ahmedabad,ecmwf,2026-09-26 11:00:00,29.8,0.0,13.0
Ahmedabad,ecmwf,2026-09-26 12:00:00,30.7,0.0,13.8
Ahmedabad,ecmwf,2026-09-26 13:00:00,31.6,0.0,14.8
Ahmedabad,ecmwf,2026-09-26 14:00:00,32.1,0.0,15.1
Ahmedabad,ecmwf,2026-09-26 15:00:00,32.2,0.0,14.3
Ahmedabad,ecmwf,2026-09-26 16:00:00,32.0,0.0,13.0
Ahmedabad,ecmwf,2026-09-26 17:00:00,31.6,0.0,11.7
Ahmedabad,ecmwf,2026-09-26 18:00:00,30.8,0.0,11.3
Ahmedabad,ecmwf,2026-09-26 19:00:00,29.7,0.0,11.2
Ahmedabad,ecmwf,2026-09-26 20:00:00,28.8,0.0,11.5
Ahmedabad,ecmwf,2026-09-26 21:00:00,28.1,0.0,12.5
Ahmedabad,ecmwf,2026-09-26 22:00:00,27.5,0.0,14.5
Ahmedabad,ecmwf,2026-09-26 23:00:00,26.8,0.0,15.6
Ahmedabad,gem,2026-09-24 00:00:00,27.6,0.0,3.2
Ahmedabad,gem,2026-09-24 01:00:00,26.9,0.0,5.4
Ahmedabad,gem,2026-09-24 02:00:00,26.4,0.0,9.7
Ahmedabad,gem,2026-09-24 03:00:00,26.4,0.0,11.5
Ahmedabad,gem,2026-09-24 04:00:00,26.5,0.0,13.3
Ahmedabad,gem,2026-09-24 05:00:00,27.7,0.0,13.3
Ahmedabad,gem,2026-09-24 06:00:00,27.2,0.0,14.0
Ahmedabad,gem,2026-09-24 07:00:00,28.1,0.0,14.0
Ahmedabad,gem,2026-09-24 08:00:00,30.4,0.0,16.2
Ahmedabad,gem,2026-09-24 09:00:00,32.0,0.0,16.6
Ahmedabad,gem,2026-09-24 10:00:00,33.3,0.0,16.6
Ahmedabad,gem,2026-09-24 11:00:00,34.7,0.0,16.9
Ahmedabad,gem,2026-09-24 12:00:00,35.9,0.0,17.3
Ahmedabad,gem,2026-09-24 13:00:00,36.7,0.0,17.6
Ahmedabad,gem,2026-09-24 14:00:00,37.1,0.0,18.0
Ahmedabad,gem,2026-09-24 15:00:00,37.3,0.0,17.6
Ahmedabad,gem,2026-09-24 16:00:00,37.2,0.0,17.6
Ahmedabad,gem,2026-09-24 17:00:00,36.6,0.0,16.6
Ahmedabad,gem,2026-09-24 18:00:00,35.1,0.0,11.5
Ahmedabad,gem,2026-09-24 19:00:00,32.8,0.0,8.3
Ahmedabad,gem,2026-09-24 20:00:00,30.9,0.0,5.8
Ahmedabad,gem,2026-09-24 21:00:00,29.4,0.0,4.7
Ahmedabad,gem,2026-09-24 22:00:00,28.1,0.0,9.4
Ahmedabad,gem,2026-09-24 23:00:00,28.1,0.0,15.5
Ahmedabad,gem,2026-09-25 00:00:00,28.6,0.0,20.5
Ahmedabad,gem,2026-09-25 01:00:00,29.0,0.0,20.5
Ahmedabad,gem,2026-09-25 02:00:00,28.7,0.0,19.4
Ahmedabad,gem,2026-09-25 03:00:00,28.0,0.0,17.6
Ahmedabad,gem,2026-09-25 04:00:00,27.4,0.0,15.5
Ahmedabad,gem,2026-09-25 05:00:00,26.7,0.0,13.0
Ahmedabad,gem,2026-09-25 06:00:00,26.3,0.0,11.2
Ahmedabad,gem,2026-09-25 07:00:00,26.8,0.0,11.2
Ahmedabad,gem,2026-09-25 08:00:00,28.2,0.0,14.0
Ahmedabad,gem,2026-09-25 09:00:00,30.1,0.0,17.6
Ahmedabad,gem,2026-09-25 10:00:00,31.7,0.0,18.4
Ahmedabad,gem,2026-09-25 11:00:00,33.2,0.0,19.1
Ahmedabad,gem,2026-09-25 12:00:00,34.4,0.0,19.4
Ahmedabad,gem,2026-09-25 13:00:00,35.4,0.0,19.8
Ahmedabad,gem,2026-09-25 14:00:00,36.0,0.0,19.4
Ahmedabad,gem,2026-09-25 15:00:00,36.4,0.0,19.1
Ahmedabad,gem,2026-09-25 16:00:00,36.5,0.0,18.4
Ahmedabad,gem,2026-09-25 17:00:00,36.1,0.0,17.3
Ahmedabad,gem,2026-09-25 18:00:00,34.7,0.0,11.9
Ahmedabad,gem,2026-09-25 19:00:00,32.6,0.0,7.9
Ahmedabad,gem,2026-09-25 20:00:00,30.8,0.0,6.1
Ahmedabad,gem,2026-09-25 21:00:00,30.0,0.0,13.3
Ahmedabad,gem,2026-09-25 22:00:00,29.9,0.0,17.6
Ahmedabad,gem,2026-09-25 23:00:00,29.4,0.0,18.0
Ahmedabad,gem,2026-09-26 00:00:00,28.8,0.0,18.4
Ahmedabad,gem,2026-09-26 01:00:00,28.0,0.0,19.1
Ahmedabad,gem,2026-09-26 02:00:00,27.2,0.0,19.1
Ahmedabad,gem,2026-09-26 03:00:00,26.3,0.0,18.4
Ahmedabad,gem,2026-09-26 04:00:00,25.5,0.0,16.9
Ahmedabad,gem,2026-09-26 05:00:00,24.9,0.0,14.0
Ahmedabad,gem,2026-09-26 06:00:00,24.2,0.0,11.2
Ahmedabad,gem,2026-09-26 07:00:00,24.6,0.0,11.5
Ahmedabad,gem,2026-09-26 08:00:00,26.4,0.0,15.5
Ahmedabad,gem,2026-09-26 09:00:00,29.3,0.0,18.0
Ahmedabad,gem,2026-09-26 10:00:00,31.3,0.0,18.7
Ahmedabad,gem,2026-09-26 11:00:00,32.9,0.0,17.6
Ahmedabad,gem,2026-09-26 12:00:00,34.3,0.0,17.6
Ahmedabad,gem,2026-09-26 13:00:00,35.5,0.0,18.0
Ahmedabad,gem,2026-09-26 14:00:00,36.3,0.0,18.7
Ahmedabad,gem,2026-09-26 15:00:00,36.7,0.0,19.4
Ahmedabad,gem,2026-09-26 16:00:00,36.5,0.0,19.8
Ahmedabad,gem,2026-09-26 17:00:00,35.8,0.0,18.4
Ahmedabad,gem,2026-09-26 18:00:00,34.0,0.0,13.7
Ahmedabad,gem,2026-09-26 19:00:00,32.1,0.0,10.4
Ahmedabad,gem,2026-09-26 20:00:00,30.3,0.0,6.8
Ahmedabad,gem,2026-09-26 21:00:00,28.8,0.0,6.1
Ahmedabad,gem,2026-09-26 22:00:00,27.6,0.0,4.3
Ahmedabad,gem,2026-09-26 23:00:00,26.8,0.0,8.6
Ahmedabad,gfs,2026-09-24 00:00:00,30.3,0.0,10.0
Ahmedabad,gfs,2026-09-24 01:00:00,29.3,0.0,12.9
Ahmedabad,gfs,2026-09-24 02:00:00,28.3,0.0,11.7
Ahmedabad,gfs,2026-09-24 03:00:00,28.0,0.0,11.7
Ahmedabad,gfs,2026-09-24 04:00:00,27.7,0.0,10.7
Ahmedabad,gfs,2026-09-24 05:00:00,27.5,0.0,10.2
Ahmedabad,gfs,2026-09-24 06:00:00,27.3,0.0,10.2
Ahmedabad,gfs,2026-09-24 07:00:00,27.9,0.0,8.9
Ahmedabad,gfs,2026-09-24 08:00:00,29.8,0.0,11.8
Ahmedabad,gfs,2026-09-24 09:00:00,31.2,0.0,13.2
Ahmedabad,gfs,2026-09-24 10:00:00,32.4,0.0,15.0
Ahmedabad,gfs,2026-09-24 11:00:00,34.0,0.0,15.0
Ahmedabad,gfs,2026-09-24 12:00:00,35.4,0.0,14.5
Ahmedabad,gfs,2026-09-24 13:00:00,36.4,0.0,14.0
Ahmedabad,gfs,2026-09-24 14:00:00,37.1,0.0,14.3
Ahmedabad,gfs,2026-09-24 15:00:00,37.4,0.0,15.5
Ahmedabad,gfs,2026-09-24 16:00:00,37.1,0.0,16.0
Ahmedabad,gfs,2026-09-24 17:00:00,35.9,0.0,16.2
Ahmedabad,gfs,2026-09-24 18:00:00,33.5,0.0,15.0
Ahmedabad,gfs,2026-09-24 19:00:00,32.3,0.0,14.3
Ahmedabad,gfs,2026-09-24 20:00:00,31.9,0.0,13.9
Ahmedabad,gfs,2026-09-24 21:00:00,31.4,0.0,14.0
Ahmedabad,gfs,2026-09-24 22:00:00,31.0,0.0,14.8
Ahmedabad,gfs,2026-09-24 23:00:00,30.1,0.0,17.0
Ahmedabad,gfs,2026-09-25 00:00:00,29.2,0.0,18.0
Ahmedabad,gfs,2026-09-25 01:00:00,28.4,0.0,18.3
Ahmedabad,gfs,2026-09-25 02:00:00,28.3,0.0,16.5
Ahmedabad,gfs,2026-09-25 03:00:00,27.7,0.0,15.8
Ahmedabad,gfs,2026-09-25 04:00:00,27.2,0.0,11.2
Ahmedabad,gfs,2026-09-25 05:00:00,26.9,0.0,7.1
Ahmedabad,gfs,2026-09-25 06:00:00,26.6,0.0,8.2
Ahmedabad,gfs,2026-09-25 07:00:00,26.9,0.0,9.9
Ahmedabad,gfs,2026-09-25 08:00:00,28.3,0.0,15.0
Ahmedabad,gfs,2026-09-25 09:00:00,30.2,0.0,17.4
Ahmedabad,gfs,2026-09-25 10:00:00,31.9,0.0,17.6
Ahmedabad,gfs,2026-09-25 11:00:00,33.3,0.0,17.7
Ahmedabad,gfs,2026-09-25 12:00:00,34.6,0.0,18.5
Ahmedabad,gfs,2026-09-25 13:00:00,35.3,0.0,20.3
Ahmedabad,gfs,2026-09-25 14:00:00,35.3,0.0,22.5
Ahmedabad,gfs,2026-09-25 15:00:00,35.0,0.0,22.2
Ahmedabad,gfs,2026-09-25 16:00:00,34.6,0.0,20.5
Ahmedabad,gfs,2026-09-25 17:00:00,33.7,0.0,16.9
Ahmedabad,gfs,2026-09-25 18:00:00,32.5,0.0,11.6
Ahmedabad,gfs,2026-09-25 19:00:00,32.0,0.0,8.7
Ahmedabad,gfs,2026-09-25 20:00:00,31.3,0.0,9.4
Ahmedabad,gfs,2026-09-25 21:00:00,30.2,0.0,12.5
Ahmedabad,gfs,2026-09-25 22:00:00,29.3,0.0,15.5
Ahmedabad,gfs,2026-09-25 23:00:00,28.5,0.0,18.0
Ahmedabad,gfs,2026-09-26 00:00:00,27.7,0.0,19.3
Ahmedabad,gfs,2026-09-26 01:00:00,27.3,0.0,18.8
Ahmedabad,gfs,2026-09-26 02:00:00,26.9,0.0,18.4
Ahmedabad,gfs,2026-09-26 03:00:00,26.4,0.0,16.3
Ahmedabad,gfs,2026-09-26 04:00:00,25.9,0.0,13.4
Ahmedabad,gfs,2026-09-26 05:00:00,25.6,0.0,11.6
Ahmedabad,gfs,2026-09-26 06:00:00,25.4,0.0,10.7
Ahmedabad,gfs,2026-09-26 07:00:00,25.7,0.0,11.3
Ahmedabad,gfs,2026-09-26 08:00:00,26.9,0.0,17.2
Ahmedabad,gfs,2026-09-26 09:00:00,28.6,0.0,19.4
Ahmedabad,gfs,2026-09-26 10:00:00,30.3,0.0,20.0
Ahmedabad,gfs,2026-09-26 11:00:00,32.0,0.0,18.5
Ahmedabad,gfs,2026-09-26 12:00:00,33.3,0.0,18.7
Ahmedabad,gfs,2026-09-26 13:00:00,34.1,0.0,17.3
Ahmedabad,gfs,2026-09-26 14:00:00,34.9,0.0,17.4
Ahmedabad,gfs,2026-09-26 15:00:00,35.5,0.0,18.5
Ahmedabad,gfs,2026-09-26 16:00:00,35.5,0.0,17.0
Ahmedabad,gfs,2026-09-26 17:00:00,34.7,0.0,12.3
Ahmedabad,gfs,2026-09-26 18:00:00,32.4,0.0,11.1
Ahmedabad,gfs,2026-09-26 19:00:00,31.0,0.0,7.3
Ahmedabad,gfs,2026-09-26 20:00:00,30.4,0.0,7.2
Ahmedabad,gfs,2026-09-26 21:00:00,29.6,0.0,8.2
Ahmedabad,gfs,2026-09-26 22:00:00,28.8,0.0,13.2
Ahmedabad,gfs,2026-09-26 23:00:00,27.6,0.0,13.3
Ahmedabad,icon,2026-09-24 00:00:00,29.3,0.0,5.2
Ahmedabad,icon,2026-09-24 01:00:00,28.6,0.0,4.5
Ahmedabad,icon,2026-09-24 02:00:00,28.0,0.0,4.1
Ahmedabad,icon,2026-09-24 03:00:00,27.7,0.0,3.5
Ahmedabad,icon,2026-09-24 04:00:00,27.5,0.0,3.5
Ahmedabad,icon,2026-09-24 05:00:00,27.7,0.0,5.9
Ahmedabad,icon,2026-09-24 06:00:00,27.6,0.0,4.5
Ahmedabad,icon,2026-09-24 07:00:00,27.7,0.0,2.6
Ahmedabad,icon,2026-09-24 08:00:00,28.3,0.0,5.7
Ahmedabad,icon,2026-09-24 09:00:00,28.6,0.0,7.4
Ahmedabad,icon,2026-09-24 10:00:00,28.8,0.0,7.4
Ahmedabad,icon,2026-09-24 11:00:00,32.4,0.0,8.9
Ahmedabad,icon,2026-09-24 12:00:00,33.6,0.0,9.9
Ahmedabad,icon,2026-09-24 13:00:00,34.9,0.0,10.7
Ahmedabad,icon,2026-09-24 14:00:00,35.8,0.0,11.3
Ahmedabad,icon,2026-09-24 15:00:00,36.0,0.0,11.5
Ahmedabad,icon,2026-09-24 16:00:00,35.8,0.0,11.4
Ahmedabad,icon,2026-09-24 17:00:00,35.1,0.0,10.5
Ahmedabad,icon,2026-09-24 18:00:00,33.6,0.0,8.0
Ahmedabad,icon,2026-09-24 19:00:00,32.0,0.0,7.0
Ahmedabad,icon,2026-09-24 20:00:00,31.0,0.0,5.9
Ahmedabad,icon,2026-09-24 21:00:00,30.4,0.0,4.0
Ahmedabad,icon,2026-09-24 22:00:00,29.8,0.0,4.7
Ahmedabad,icon,2026-09-24 23:00:00,29.0,0.0,5.8
Ahmedabad,icon,2026-09-25 00:00:00,28.2,0.0,5.9
Ahmedabad,icon,2026-09-25 01:00:00,27.8,0.0,5.7
Ahmedabad,icon,2026-09-25 02:00:00,27.4,0.0,5.5
Ahmedabad,icon,2026-09-25 03:00:00,27.0,0.0,5.7
Ahmedabad,icon,2026-09-25 04:00:00,26.8,0.0,6.2
Ahmedabad,icon,2026-09-25 05:00:00,26.6,0.0,6.2
Ahmedabad,icon,2026-09-25 06:00:00,26.4,0.0,6.8
Ahmedabad,icon,2026-09-25 07:00:00,26.3,0.0,7.3
Ahmedabad,icon,2026-09-25 08:00:00,27.1,0.0,9.4
Ahmedabad,icon,2026-09-25 09:00:00,28.4,0.0,10.8
Ahmedabad,icon,2026-09-25 10:00:00,29.8,0.0,12.1
Ahmedabad,icon,2026-09-25 11:00:00,31.2,0.0,11.8
Ahmedabad,icon,2026-09-25 12:00:00,32.7,0.0,12.1
Ahmedabad,icon,2026-09-25 13:00:00,34.1,0.0,12.8
Ahmedabad,icon,2026-09-25 14:00:00,34.8,0.0,13.1
Ahmedabad,icon,2026-09-25 15:00:00,35.1,0.0,13.7
Ahmedabad,icon,2026-09-25 16:00:00,34.9,0.0,13.8
Ahmedabad,icon,2026-09-25 17:00:00,34.0,0.0,12.5
Ahmedabad,icon,2026-09-25 18:00:00,32.3,0.0,10.1
Ahmedabad,icon,2026-09-25 19:00:00,30.8,0.0,7.6
Ahmedabad,icon,2026-09-25 20:00:00,29.8,0.0,7.2
Ahmedabad,icon,2026-09-25 21:00:00,29.1,0.0,8.6
Ahmedabad,icon,2026-09-25 22:00:00,28.4,0.0,8.6
Ahmedabad,icon,2026-09-25 23:00:00,27.8,0.0,8.4
Ahmedabad,icon,2026-09-26 00:00:00,27.3,0.0,8.7
Ahmedabad,icon,2026-09-26 01:00:00,26.8,0.0,6.1
Ahmedabad,icon,2026-09-26 02:00:00,26.5,0.0,4.0
Ahmedabad,icon,2026-09-26 03:00:00,26.2,0.0,6.5
Ahmedabad,icon,2026-09-26 04:00:00,25.9,0.0,8.7
Ahmedabad,icon,2026-09-26 05:00:00,25.5,0.0,10.2
Ahmedabad,icon,2026-09-26 06:00:00,25.1,0.0,11.7
Ahmedabad,icon,2026-09-26 07:00:00,25.4,0.0,11.0
Ahmedabad,icon,2026-09-26 08:00:00,26.2,0.0,10.9
Ahmedabad,icon,2026-09-26 09:00:00,27.3,0.0,11.4
Ahmedabad,icon,2026-09-26 10:00:00,28.7,0.0,11.4
Ahmedabad,icon,2026-09-26 11:00:00,30.2,0.0,10.5
Ahmedabad,icon,2026-09-26 12:00:00,31.2,0.0,10.1
Ahmedabad,icon,2026-09-26 13:00:00,32.2,0.0,10.9
Ahmedabad,icon,2026-09-26 14:00:00,32.8,0.0,10.7
Ahmedabad,icon,2026-09-26 15:00:00,33.2,0.0,10.7
Ahmedabad,icon,2026-09-26 16:00:00,33.4,0.0,10.0
Ahmedabad,icon,2026-09-26 17:00:00,33.2,0.0,9.5
Ahmedabad,icon,2026-09-26 18:00:00,32.2,0.0,7.9
Ahmedabad,icon,2026-09-26 19:00:00,30.8,0.0,7.2
Ahmedabad,icon,2026-09-26 20:00:00,29.6,0.0,6.0
Ahmedabad,icon,2026-09-26 21:00:00,28.5,0.0,4.1
Ahmedabad,icon,2026-09-26 22:00:00,27.7,0.0,4.0
Ahmedabad,icon,2026-09-26 23:00:00,27.0,0.0,4.3
Amritsar,ecmwf,2026-09-24 00:00:00,26.7,0.0,2.3
Amritsar,ecmwf,2026-09-24 01:00:00,25.9,0.0,3.8
Amritsar,ecmwf,2026-09-24 02:00:00,25.4,0.0,4.7
Amritsar,ecmwf,2026-09-24 03:00:00,25.6,0.0,5.4
Amritsar,ecmwf,2026-09-24 04:00:00,26.3,0.0,7.4
Amritsar,ecmwf,2026-09-24 05:00:00,26.5,0.0,8.7
Amritsar,ecmwf,2026-09-24 06:00:00,25.7,0.0,7.2
Amritsar,ecmwf,2026-09-24 07:00:00,24.6,0.0,9.4
Amritsar,ecmwf,2026-09-24 08:00:00,24.3,0.0,12.5
Amritsar,ecmwf,2026-09-24 09:00:00,25.8,0.0,11.6
Amritsar,ecmwf,2026-09-24 10:00:00,28.1,0.0,8.7
Amritsar,ecmwf,2026-09-24 11:00:00,30.1,0.0,6.8
Amritsar,ecmwf,2026-09-24 12:00:00,31.2,0.0,5.4
Amritsar,ecmwf,2026-09-24 13:00:00,31.8,0.0,4.8
Amritsar,ecmwf,2026-09-24 14:00:00,32.1,0.0,5.4
Amritsar,ecmwf,2026-09-24 15:00:00,31.9,0.0,5.5
Amritsar,ecmwf,2026-09-24 16:00:00,31.3,0.0,5.6
Amritsar,ecmwf,2026-09-24 17:00:00,30.4,0.0,5.2
Amritsar,ecmwf,2026-09-24 18:00:00,29.2,0.0,4.2
Amritsar,ecmwf,2026-09-24 19:00:00,27.8,0.0,2.9
Amritsar,ecmwf,2026-09-24 20:00:00,26.6,0.0,2.1
Amritsar,ecmwf,2026-09-24 21:00:00,25.8,0.0,1.8
Amritsar,ecmwf,2026-09-24 22:00:00,25.2,0.0,3.3
Amritsar,ecmwf,2026-09-24 23:00:00,24.7,0.0,4.4
Amritsar,ecmwf,2026-09-25 00:00:00,24.3,0.0,3.8
Amritsar,ecmwf,2026-09-25 01:00:00,24.1,0.0,2.7
Amritsar,ecmwf,2026-09-25 02:00:00,23.8,0.0,2.9
Amritsar,ecmwf,2026-09-25 03:00:00,23.3,0.0,4.3
Amritsar,ecmwf,2026-09-25 04:00:00,22.8,0.0,5.8
Amritsar,ecmwf,2026-09-25 05:00:00,22.8,0.0,6.6
Amritsar,ecmwf,2026-09-25 06:00:00,23.5,0.0,5.8
Amritsar,ecmwf,2026-09-25 07:00:00,24.5,0.0,4.7
Amritsar,ecmwf,2026-09-25 08:00:00,25.8,0.0,3.5
Amritsar,ecmwf,2026-09-25 09:00:00,27.4,0.0,1.1
Amritsar,ecmwf,2026-09-25 10:00:00,29.2,0.0,3.6
Amritsar,ecmwf,2026-09-25 11:00:00,30.7,0.0,6.2
Amritsar,ecmwf,2026-09-25 12:00:00,31.6,0.0,5.9
Amritsar,ecmwf,2026-09-25 13:00:00,32.2,0.0,4.8
Amritsar,ecmwf,2026-09-25 14:00:00,32.4,0.0,4.4
Amritsar,ecmwf,2026-09-25 15:00:00,32.1,0.0,5.5
Amritsar,ecmwf,2026-09-25 16:00:00,31.3,0.0,6.8
Amritsar,ecmwf,2026-09-25 17:00:00,30.4,0.0,7.8
Amritsar,ecmwf,2026-09-25 18:00:00,29.1,0.0,7.4
Amritsar,ecmwf,2026-09-25 19:00:00,27.5,0.0,6.4
Amritsar,ecmwf,2026-09-25 20:00:00,26.2,0.0,5.3
Amritsar,ecmwf,2026-09-25 21:00:00,25.4,0.0,3.9
Amritsar,ecmwf,2026-09-25 22:00:00,24.9,0.0,2.5
Amritsar,ecmwf,2026-09-25 23:00:00,24.5,0.0,1.8
Amritsar,ecmwf,2026-09-26 00:00:00,24.0,0.0,2.3
Amritsar,ecmwf,2026-09-26 01:00:00,23.6,0.0,4.1
Amritsar,ecmwf,2026-09-26 02:00:00,23.2,0.0,5.1
Amritsar,ecmwf,2026-09-26 03:00:00,22.8,0.0,4.1
Amritsar,ecmwf,2026-09-26 04:00:00,22.3,0.0,3.7
Amritsar,ecmwf,2026-09-26 05:00:00,22.4,0.0,4.4
Amritsar,ecmwf,2026-09-26 06:00:00,23.1,0.0,4.1
Amritsar,ecmwf,2026-09-26 07:00:00,24.2,0.0,2.9
Amritsar,ecmwf,2026-09-26 08:00:00,25.6,0.0,2.3
Amritsar,ecmwf,2026-09-26 09:00:00,27.3,0.0,1.8
Amritsar,ecmwf,2026-09-26 10:00:00,29.2,0.0,2.6
Amritsar,ecmwf,2026-09-26 11:00:00,30.7,0.0,4.1
Amritsar,ecmwf,2026-09-26 12:00:00,31.6,0.0,5.4
Amritsar,ecmwf,2026-09-26 13:00:00,32.2,0.0,6.8
Amritsar,ecmwf,2026-09-26 14:00:00,32.3,0.0,7.6
Amritsar,ecmwf,2026-09-26 15:00:00,32.1,0.0,7.6
Amritsar,ecmwf,2026-09-26 16:00:00,31.4,0.0,6.8
Amritsar,ecmwf,2026-09-26 17:00:00,30.5,0.0,6.1
Amritsar,ecmwf,2026-09-26 18:00:00,29.3,0.0,5.8
Amritsar,ecmwf,2026-09-26 19:00:00,27.8,0.0,5.0
Amritsar,ecmwf,2026-09-26 20:00:00,26.6,0.0,4.3
Amritsar,ecmwf,2026-09-26 21:00:00,26.1,0.0,3.0
Amritsar,ecmwf,2026-09-26 22:00:00,25.8,0.0,2.0
Amritsar,ecmwf,2026-09-26 23:00:00,25.5,0.0,1.5
Amritsar,gem,2026-09-24 00:00:00,25.2,0.0,4.0
Amritsar,gem,2026-09-24 01:00:00,24.6,0.0,2.5
Amritsar,gem,2026-09-24 02:00:00,24.2,0.0,1.8
Amritsar,gem,2026-09-24 03:00:00,23.9,0.0,1.8
Amritsar,gem,2026-09-24 04:00:00,23.6,0.0,3.2
Amritsar,gem,2026-09-24 05:00:00,25.9,0.0,5.0
Amritsar,gem,2026-09-24 06:00:00,24.7,0.0,3.6
Amritsar,gem,2026-09-24 07:00:00,26.1,0.0,8.3
Amritsar,gem,2026-09-24 08:00:00,29.2,0.0,10.8
Amritsar,gem,2026-09-24 09:00:00,31.6,0.0,10.8
Amritsar,gem,2026-09-24 10:00:00,33.3,0.0,10.1
Amritsar,gem,2026-09-24 11:00:00,34.0,0.0,4.7
Amritsar,gem,2026-09-24 12:00:00,34.6,0.0,3.6
Amritsar,gem,2026-09-24 13:00:00,33.9,0.1,10.4
Amritsar,gem,2026-09-24 14:00:00,32.3,0.0,18.0
Amritsar,gem,2026-09-24 15:00:00,32.3,0.0,16.2
Amritsar,gem,2026-09-24 16:00:00,32.3,0.0,14.8
Amritsar,gem,2026-09-24 17:00:00,31.8,0.0,14.4
Amritsar,gem,2026-09-24 18:00:00,30.6,0.0,11.9
Amritsar,gem,2026-09-24 19:00:00,29.1,0.0,9.7
Amritsar,gem,2026-09-24 20:00:00,27.9,0.0,8.6
Amritsar,gem,2026-09-24 21:00:00,26.9,0.0,7.2
Amritsar,gem,2026-09-24 22:00:00,25.9,0.0,6.5
Amritsar,gem,2026-09-24 23:00:00,25.3,0.0,4.7
Amritsar,gem,2026-09-25 00:00:00,24.7,0.0,5.0
Amritsar,gem,2026-09-25 01:00:00,24.3,0.0,4.3
Amritsar,gem,2026-09-25 02:00:00,24.1,0.0,4.3
Amritsar,gem,2026-09-25 03:00:00,24.1,0.0,6.1
Amritsar,gem,2026-09-25 04:00:00,24.4,0.0,10.4
Amritsar,gem,2026-09-25 05:00:00,24.8,0.0,14.4
Amritsar,gem,2026-09-25 06:00:00,24.8,0.0,15.5
Amritsar,gem,2026-09-25 07:00:00,25.3,0.0,14.8
Amritsar,gem,2026-09-25 08:00:00,27.0,0.0,15.5
Amritsar,gem,2026-09-25 09:00:00,28.8,0.0,14.4
Amritsar,gem,2026-09-25 10:00:00,30.2,0.0,14.8
Amritsar,gem,2026-09-25 11:00:00,31.5,0.0,12.2
Amritsar,gem,2026-09-25 12:00:00,32.6,0.0,10.1
Amritsar,gem,2026-09-25 13:00:00,33.3,0.0,8.3
Amritsar,gem,2026-09-25 14:00:00,33.8,0.0,8.6
Amritsar,gem,2026-09-25 15:00:00,33.8,0.0,9.4
Amritsar,gem,2026-09-25 16:00:00,33.4,0.0,10.1
Amritsar,gem,2026-09-25 17:00:00,32.5,0.0,11.5
Amritsar,gem,2026-09-25 18:00:00,30.8,0.0,10.4
Amritsar,gem,2026-09-25 19:00:00,29.2,0.0,10.1
Amritsar,gem,2026-09-25 20:00:00,27.9,0.0,10.1
Amritsar,gem,2026-09-25 21:00:00,26.9,0.0,9.7
Amritsar,gem,2026-09-25 22:00:00,26.1,0.0,9.0
Amritsar,gem,2026-09-25 23:00:00,25.3,0.0,7.9
Amritsar,gem,2026-09-26 00:00:00,24.6,0.0,7.2
Amritsar,gem,2026-09-26 01:00:00,24.1,0.0,6.1
Amritsar,gem,2026-09-26 02:00:00,23.8,0.0,5.0
Amritsar,gem,2026-09-26 03:00:00,23.4,0.0,4.0
Amritsar,gem,2026-09-26 04:00:00,22.9,0.0,2.9
Amritsar,gem,2026-09-26 05:00:00,22.4,0.0,3.2
Amritsar,gem,2026-09-26 06:00:00,22.0,0.0,4.3
Amritsar,gem,2026-09-26 07:00:00,23.1,0.0,5.4
Amritsar,gem,2026-09-26 08:00:00,25.9,0.0,4.0
Amritsar,gem,2026-09-26 09:00:00,28.9,0.0,1.1
Amritsar,gem,2026-09-26 10:00:00,31.2,0.0,3.2
Amritsar,gem,2026-09-26 11:00:00,32.7,0.0,7.2
Amritsar,gem,2026-09-26 12:00:00,33.5,0.0,13.0
Amritsar,gem,2026-09-26 13:00:00,33.8,0.0,17.6
Amritsar,gem,2026-09-26 14:00:00,33.6,0.0,20.2
Amritsar,gem,2026-09-26 15:00:00,33.2,0.0,19.8
Amritsar,gem,2026-09-26 16:00:00,32.6,0.0,17.6
Amritsar,gem,2026-09-26 17:00:00,31.7,0.0,15.5
Amritsar,gem,2026-09-26 18:00:00,30.0,0.0,10.4
Amritsar,gem,2026-09-26 19:00:00,28.3,0.0,6.8
Amritsar,gem,2026-09-26 20:00:00,27.0,0.0,5.0
Amritsar,gem,2026-09-26 21:00:00,26.0,0.0,3.6
Amritsar,gem,2026-09-26 22:00:00,25.1,0.0,2.2
Amritsar,gem,2026-09-26 23:00:00,24.4,0.0,1.8
Amritsar,gfs,2026-09-24 00:00:00,25.2,0.0,6.5
Amritsar,gfs,2026-09-24 01:00:00,24.8,0.0,6.4
Amritsar,gfs,2026-09-24 02:00:00,24.5,0.0,6.2
Amritsar,gfs,2026-09-24 03:00:00,24.2,0.0,7.6
Amritsar,gfs,2026-09-24 04:00:00,23.6,0.0,9.5
Amritsar,gfs,2026-09-24 05:00:00,22.9,0.0,10.7
Amritsar,gfs,2026-09-24 06:00:00,22.5,0.0,10.4
Amritsar,gfs,2026-09-24 07:00:00,24.9,0.0,10.8
Amritsar,gfs,2026-09-24 08:00:00,28.4,0.0,11.7
Amritsar,gfs,2026-09-24 09:00:00,31.6,0.0,11.4
Amritsar,gfs,2026-09-24 10:00:00,33.9,0.0,9.7
Amritsar,gfs,2026-09-24 11:00:00,36.1,0.0,8.1
Amritsar,gfs,2026-09-24 12:00:00,37.6,0.0,8.2
Amritsar,gfs,2026-09-24 13:00:00,38.2,0.0,9.2
Amritsar,gfs,2026-09-24 14:00:00,38.5,0.0,11.8
Amritsar,gfs,2026-09-24 15:00:00,38.5,0.0,15.4
Amritsar,gfs,2026-09-24 16:00:00,37.7,0.0,19.9
Amritsar,gfs,2026-09-24 17:00:00,36.0,0.0,20.3
Amritsar,gfs,2026-09-24 18:00:00,31.9,0.0,15.6
Amritsar,gfs,2026-09-24 19:00:00,29.4,0.0,13.6
Amritsar,gfs,2026-09-24 20:00:00,28.3,0.0,12.8
Amritsar,gfs,2026-09-24 21:00:00,27.5,0.0,12.2
Amritsar,gfs,2026-09-24 22:00:00,26.9,0.0,12.0
Amritsar,gfs,2026-09-24 23:00:00,26.6,0.0,11.9
Amritsar,gfs,2026-09-25 00:00:00,25.8,0.0,13.2
Amritsar,gfs,2026-09-25 01:00:00,25.1,0.0,11.8
Amritsar,gfs,2026-09-25 02:00:00,24.5,0.0,11.8
Amritsar,gfs,2026-09-25 03:00:00,24.0,0.0,11.4
Amritsar,gfs,2026-09-25 04:00:00,23.5,0.0,11.8
Amritsar,gfs,2026-09-25 05:00:00,23.1,0.0,12.2
Amritsar,gfs,2026-09-25 06:00:00,22.6,0.0,12.4
Amritsar,gfs,2026-09-25 07:00:00,24.8,0.0,14.8
Amritsar,gfs,2026-09-25 08:00:00,28.0,0.0,16.0
Amritsar,gfs,2026-09-25 09:00:00,30.7,0.0,15.1
Amritsar,gfs,2026-09-25 10:00:00,33.1,0.0,13.1
Amritsar,gfs,2026-09-25 11:00:00,34.8,0.0,11.2
Amritsar,gfs,2026-09-25 12:00:00,37.3,0.0,6.4
Amritsar,gfs,2026-09-25 13:00:00,39.2,0.0,1.6
Amritsar,gfs,2026-09-25 14:00:00,39.1,0.0,5.8
Amritsar,gfs,2026-09-25 15:00:00,38.6,0.0,10.5
Amritsar,gfs,2026-09-25 16:00:00,38.3,0.0,15.9
Amritsar,gfs,2026-09-25 17:00:00,36.2,0.0,22.1
Amritsar,gfs,2026-09-25 18:00:00,32.3,0.0,18.6
Amritsar,gfs,2026-09-25 19:00:00,29.6,0.0,16.5
Amritsar,gfs,2026-09-25 20:00:00,28.0,0.0,15.2
Amritsar,gfs,2026-09-25 21:00:00,27.3,0.0,15.5
Amritsar,gfs,2026-09-25 22:00:00,27.1,0.0,15.9
Amritsar,gfs,2026-09-25 23:00:00,26.9,0.0,15.6
Amritsar,gfs,2026-09-26 00:00:00,26.2,0.0,12.6
Amritsar,gfs,2026-09-26 01:00:00,25.6,0.0,11.6
Amritsar,gfs,2026-09-26 02:00:00,25.0,0.0,11.3
Amritsar,gfs,2026-09-26 03:00:00,24.6,0.0,11.9
Amritsar,gfs,2026-09-26 04:00:00,23.9,0.0,12.2
Amritsar,gfs,2026-09-26 05:00:00,23.3,0.0,12.0
Amritsar,gfs,2026-09-26 06:00:00,22.9,0.0,12.3
Amritsar,gfs,2026-09-26 07:00:00,24.9,0.0,13.8
Amritsar,gfs,2026-09-26 08:00:00,27.9,0.0,15.4
Amritsar,gfs,2026-09-26 09:00:00,30.8,0.0,13.8
Amritsar,gfs,2026-09-26 10:00:00,33.1,0.0,13.2
Amritsar,gfs,2026-09-26 11:00:00,35.0,0.0,10.7
Amritsar,gfs,2026-09-26 12:00:00,37.4,0.0,7.8
Amritsar,gfs,2026-09-26 13:00:00,39.1,0.0,5.5
Amritsar,gfs,2026-09-26 14:00:00,39.5,0.0,6.7
Amritsar,gfs,2026-09-26 15:00:00,39.2,0.0,10.1
Amritsar,gfs,2026-09-26 16:00:00,38.9,0.0,15.6
Amritsar,gfs,2026-09-26 17:00:00,36.7,0.0,22.3
Amritsar,gfs,2026-09-26 18:00:00,32.7,0.0,18.4
Amritsar,gfs,2026-09-26 19:00:00,30.1,0.0,17.2
Amritsar,gfs,2026-09-26 20:00:00,28.4,0.0,16.9
Amritsar,gfs,2026-09-26 21:00:00,27.7,0.0,15.2
Amritsar,gfs,2026-09-26 22:00:00,27.9,0.0,18.2
Amritsar,gfs,2026-09-26 23:00:00,27.9,0.0,17.2
Amritsar,icon,2026-09-24 00:00:00,26.9,0.0,2.6
Amritsar,icon,2026-09-24 01:00:00,26.3,0.0,2.7
Amritsar,icon,2026-09-24 02:00:00,25.9,0.0,3.1
Amritsar,icon,2026-09-24 03:00:00,25.7,0.0,3.6
Amritsar,icon,2026-09-24 04:00:00,25.5,0.0,3.4
Amritsar,icon,2026-09-24 05:00:00,25.6,0.0,5.0
Amritsar,icon,2026-09-24 06:00:00,25.5,0.0,5.0
Amritsar,icon,2026-09-24 07:00:00,26.0,0.0,6.4
Amritsar,icon,2026-09-24 08:00:00,27.4,0.0,6.3
Amritsar,icon,2026-09-24 09:00:00,24.1,2.2,14.9
Amritsar,icon,2026-09-24 10:00:00,24.9,0.0,5.3
Amritsar,icon,2026-09-24 11:00:00,29.9,0.0,8.9
Amritsar,icon,2026-09-24 12:00:00,31.0,0.0,6.8
Amritsar,icon,2026-09-24 13:00:00,30.6,0.0,10.6
Amritsar,icon,2026-09-24 14:00:00,30.1,0.0,10.1
Amritsar,icon,2026-09-24 15:00:00,30.3,0.0,8.1
Amritsar,icon,2026-09-24 16:00:00,30.4,0.0,6.2
Amritsar,icon,2026-09-24 17:00:00,29.9,0.0,5.4
Amritsar,icon,2026-09-24 18:00:00,28.5,0.0,4.0
Amritsar,icon,2026-09-24 19:00:00,27.2,0.0,4.0
Amritsar,icon,2026-09-24 20:00:00,26.4,0.0,4.2
Amritsar,icon,2026-09-24 21:00:00,25.8,0.0,3.9
Amritsar,icon,2026-09-24 22:00:00,25.4,0.0,3.3
Amritsar,icon,2026-09-24 23:00:00,25.0,0.0,3.1
Amritsar,icon,2026-09-25 00:00:00,24.5,0.0,3.3
Amritsar,icon,2026-09-25 01:00:00,24.2,0.0,3.9
Amritsar,icon,2026-09-25 02:00:00,23.8,0.0,3.4
Amritsar,icon,2026-09-25 03:00:00,23.5,0.0,3.9
Amritsar,icon,2026-09-25 04:00:00,23.3,0.0,4.4
Amritsar,icon,2026-09-25 05:00:00,23.1,0.0,4.7
Amritsar,icon,2026-09-25 06:00:00,22.9,0.0,4.8
Amritsar,icon,2026-09-25 07:00:00,23.6,0.0,5.7
Amritsar,icon,2026-09-25 08:00:00,25.4,0.0,5.4
Amritsar,icon,2026-09-25 09:00:00,27.4,0.0,6.8
Amritsar,icon,2026-09-25 10:00:00,29.1,0.0,5.5
Amritsar,icon,2026-09-25 11:00:00,30.7,0.0,4.7
Amritsar,icon,2026-09-25 12:00:00,32.1,0.0,3.8
Amritsar,icon,2026-09-25 13:00:00,32.9,0.0,3.7
Amritsar,icon,2026-09-25 14:00:00,33.3,0.0,3.2
Amritsar,icon,2026-09-25 15:00:00,33.3,0.0,3.7
Amritsar,icon,2026-09-25 16:00:00,32.9,0.0,3.2
Amritsar,icon,2026-09-25 17:00:00,31.9,0.0,2.9
Amritsar,icon,2026-09-25 18:00:00,30.1,0.0,3.3
Amritsar,icon,2026-09-25 19:00:00,28.6,0.0,3.1
Amritsar,icon,2026-09-25 20:00:00,27.5,0.0,3.3
Amritsar,icon,2026-09-25 21:00:00,26.7,0.0,3.1
Amritsar,icon,2026-09-25 22:00:00,26.2,0.0,3.5
Amritsar,icon,2026-09-25 23:00:00,25.8,0.0,3.8
Amritsar,icon,2026-09-26 00:00:00,25.4,0.0,4.1
Amritsar,icon,2026-09-26 01:00:00,25.1,0.0,3.9
Amritsar,icon,2026-09-26 02:00:00,24.8,0.0,3.7
Amritsar,icon,2026-09-26 03:00:00,24.5,0.0,3.7
Amritsar,icon,2026-09-26 04:00:00,24.2,0.0,3.9
Amritsar,icon,2026-09-26 05:00:00,23.9,0.0,3.4
Amritsar,icon,2026-09-26 06:00:00,23.7,0.0,3.6
Amritsar,icon,2026-09-26 07:00:00,24.3,0.0,3.1
Amritsar,icon,2026-09-26 08:00:00,25.8,0.0,2.1
Amritsar,icon,2026-09-26 09:00:00,27.7,0.0,1.8
Amritsar,icon,2026-09-26 10:00:00,29.7,0.0,1.8
Amritsar,icon,2026-09-26 11:00:00,31.4,0.0,6.0
Amritsar,icon,2026-09-26 12:00:00,32.5,0.0,7.1
Amritsar,icon,2026-09-26 13:00:00,33.2,0.0,7.9
Amritsar,icon,2026-09-26 14:00:00,33.4,0.0,8.1
Amritsar,icon,2026-09-26 15:00:00,33.3,0.0,7.9
Amritsar,icon,2026-09-26 16:00:00,32.9,0.0,6.8
Amritsar,icon,2026-09-26 17:00:00,31.8,0.0,3.7
Amritsar,icon,2026-09-26 18:00:00,30.1,0.0,3.2
Amritsar,icon,2026-09-26 19:00:00,28.5,0.0,3.9
Amritsar,icon,2026-09-26 20:00:00,27.4,0.0,3.2
Amritsar,icon,2026-09-26 21:00:00,26.9,0.0,2.6
Amritsar,icon,2026-09-26 22:00:00,26.5,0.0,2.2
Amritsar,icon,2026-09-26 23:00:00,26.0,0.0,2.1
Bengaluru,ecmwf,2026-09-24 00:00:00,20.6,0.2,14.7
Bengaluru,ecmwf,2026-09-24 01:00:00,20.2,0.2,14.7
Bengaluru,ecmwf,2026-09-24 02:00:00,20.0,0.2,14.9
Bengaluru,ecmwf,2026-09-24 03:00:00,19.8,0.1,14.6
Bengaluru,ecmwf,2026-09-24 04:00:00,19.8,0.1,14.7
Bengaluru,ecmwf,2026-09-24 05:00:00,20.1,0.1,15.0
Bengaluru,ecmwf,2026-09-24 06:00:00,20.6,0.3,15.3
Bengaluru,ecmwf,2026-09-24 07:00:00,21.4,0.3,15.6
Bengaluru,ecmwf,2026-09-24 08:00:00,22.3,0.3,16.2
Bengaluru,ecmwf,2026-09-24 09:00:00,23.4,0.0,17.2
Bengaluru,ecmwf,2026-09-24 10:00:00,24.7,0.0,18.2
Bengaluru,ecmwf,2026-09-24 11:00:00,25.8,0.0,18.8
Bengaluru,ecmwf,2026-09-24 12:00:00,26.8,0.0,18.4
Bengaluru,ecmwf,2026-09-24 13:00:00,27.7,0.0,17.6
Bengaluru,ecmwf,2026-09-24 14:00:00,27.9,0.0,16.9
Bengaluru,ecmwf,2026-09-24 15:00:00,26.9,0.1,15.9
Bengaluru,ecmwf,2026-09-24 16:00:00,25.2,0.1,15.4
Bengaluru,ecmwf,2026-09-24 17:00:00,23.8,0.1,15.0
Bengaluru,ecmwf,2026-09-24 18:00:00,22.8,0.1,15.3
Bengaluru,ecmwf,2026-09-24 19:00:00,22.1,0.1,16.2
Bengaluru,ecmwf,2026-09-24 20:00:00,21.6,0.1,16.5
Bengaluru,ecmwf,2026-09-24 21:00:00,21.4,0.0,16.6
Bengaluru,ecmwf,2026-09-24 22:00:00,21.4,0.0,16.7
Bengaluru,ecmwf,2026-09-24 23:00:00,21.3,0.0,16.5
Bengaluru,ecmwf,2026-09-25 00:00:00,21.1,0.0,16.7
Bengaluru,ecmwf,2026-09-25 01:00:00,20.9,0.0,17.0
Bengaluru,ecmwf,2026-09-25 02:00:00,20.7,0.0,17.2
Bengaluru,ecmwf,2026-09-25 03:00:00,20.6,0.0,16.2
Bengaluru,ecmwf,2026-09-25 04:00:00,20.5,0.0,15.1
Bengaluru,ecmwf,2026-09-25 05:00:00,20.7,0.0,14.6
Bengaluru,ecmwf,2026-09-25 06:00:00,21.3,0.0,15.6
Bengaluru,ecmwf,2026-09-25 07:00:00,22.2,0.0,17.1
Bengaluru,ecmwf,2026-09-25 08:00:00,23.2,0.0,18.6
Bengaluru,ecmwf,2026-09-25 09:00:00,24.6,0.1,19.2
Bengaluru,ecmwf,2026-09-25 10:00:00,26.0,0.1,19.8
Bengaluru,ecmwf,2026-09-25 11:00:00,26.9,0.1,19.8
Bengaluru,ecmwf,2026-09-25 12:00:00,26.8,0.3,18.8
Bengaluru,ecmwf,2026-09-25 13:00:00,26.1,0.3,17.6
Bengaluru,ecmwf,2026-09-25 14:00:00,25.3,0.3,16.2
Bengaluru,ecmwf,2026-09-25 15:00:00,24.4,1.2,14.1
Bengaluru,ecmwf,2026-09-25 16:00:00,23.3,1.2,12.1
Bengaluru,ecmwf,2026-09-25 17:00:00,22.4,1.2,10.9
Bengaluru,ecmwf,2026-09-25 18:00:00,21.8,0.1,11.4
Bengaluru,ecmwf,2026-09-25 19:00:00,21.3,0.1,12.5
Bengaluru,ecmwf,2026-09-25 20:00:00,20.9,0.1,13.7
Bengaluru,ecmwf,2026-09-25 21:00:00,20.7,0.0,13.9
Bengaluru,ecmwf,2026-09-25 22:00:00,20.6,0.0,13.8
Bengaluru,ecmwf,2026-09-25 23:00:00,20.5,0.0,13.6
Bengaluru,ecmwf,2026-09-26 00:00:00,20.4,0.0,13.6
Bengaluru,ecmwf,2026-09-26 01:00:00,20.4,0.0,14.1
Bengaluru,ecmwf,2026-09-26 02:00:00,20.3,0.0,14.1
Bengaluru,ecmwf,2026-09-26 03:00:00,20.1,0.0,14.1
Bengaluru,ecmwf,2026-09-26 04:00:00,19.9,0.0,14.3
Bengaluru,ecmwf,2026-09-26 05:00:00,19.9,0.0,14.3
Bengaluru,ecmwf,2026-09-26 06:00:00,20.3,0.0,14.3
Bengaluru,ecmwf,2026-09-26 07:00:00,21.0,0.0,14.4
Bengaluru,ecmwf,2026-09-26 08:00:00,22.0,0.0,14.5
Bengaluru,ecmwf,2026-09-26 09:00:00,23.5,0.0,14.1
Bengaluru,ecmwf,2026-09-26 10:00:00,25.2,0.0,13.6
Bengaluru,ecmwf,2026-09-26 11:00:00,26.7,0.0,13.1
Bengaluru,ecmwf,2026-09-26 12:00:00,27.8,0.0,12.6
Bengaluru,ecmwf,2026-09-26 13:00:00,28.7,0.0,13.0
Bengaluru,ecmwf,2026-09-26 14:00:00,28.9,0.0,13.0
Bengaluru,ecmwf,2026-09-26 15:00:00,28.4,0.2,11.8
Bengaluru,ecmwf,2026-09-26 16:00:00,27.4,0.2,9.4
Bengaluru,ecmwf,2026-09-26 17:00:00,26.1,0.2,8.0
Bengaluru,ecmwf,2026-09-26 18:00:00,24.5,0.2,6.8
Bengaluru,ecmwf,2026-09-26 19:00:00,22.7,0.2,5.8
Bengaluru,ecmwf,2026-09-26 20:00:00,21.3,0.2,5.4
Bengaluru,ecmwf,2026-09-26 21:00:00,20.8,0.0,6.2
Bengaluru,ecmwf,2026-09-26 22:00:00,20.6,0.0,7.4
Bengaluru,ecmwf,2026-09-26 23:00:00,20.4,0.0,8.2
Bengaluru,gem,2026-09-24 00:00:00,21.4,0.0,22.3
Bengaluru,gem,2026-09-24 01:00:00,20.8,0.0,23.0
Bengaluru,gem,2026-09-24 02:00:00,20.6,0.0,23.8
Bengaluru,gem,2026-09-24 03:00:00,20.4,0.0,23.8
Bengaluru,gem,2026-09-24 04:00:00,20.0,0.0,22.0
Bengaluru,gem,2026-09-24 05:00:00,19.6,0.0,20.5
Bengaluru,gem,2026-09-24 06:00:00,19.5,0.0,20.9
Bengaluru,gem,2026-09-24 07:00:00,20.8,0.0,23.8
Bengaluru,gem,2026-09-24 08:00:00,22.7,0.0,25.6
Bengaluru,gem,2026-09-24 09:00:00,24.3,0.0,25.9
Bengaluru,gem,2026-09-24 10:00:00,26.1,0.0,27.0
Bengaluru,gem,2026-09-24 11:00:00,27.8,0.0,27.7
Bengaluru,gem,2026-09-24 12:00:00,29.2,0.0,28.8
Bengaluru,gem,2026-09-24 13:00:00,30.0,0.0,29.2
Bengaluru,gem,2026-09-24 14:00:00,30.0,0.0,29.9
Bengaluru,gem,2026-09-24 15:00:00,29.6,0.2,29.9
Bengaluru,gem,2026-09-24 16:00:00,25.8,0.6,26.3
Bengaluru,gem,2026-09-24 17:00:00,23.5,0.2,20.5
Bengaluru,gem,2026-09-24 18:00:00,22.4,0.1,23.8
Bengaluru,gem,2026-09-24 19:00:00,20.8,0.8,19.4
Bengaluru,gem,2026-09-24 20:00:00,20.8,0.0,15.8
Bengaluru,gem,2026-09-24 21:00:00,21.1,0.0,18.7
Bengaluru,gem,2026-09-24 22:00:00,20.9,0.0,21.2
Bengaluru,gem,2026-09-24 23:00:00,20.7,0.0,22.0
Bengaluru,gem,2026-09-25 00:00:00,20.6,0.1,23.4
Bengaluru,gem,2026-09-25 01:00:00,20.6,0.0,24.5
Bengaluru,gem,2026-09-25 02:00:00,20.2,0.0,22.0
Bengaluru,gem,2026-09-25 03:00:00,20.2,0.0,19.8
Bengaluru,gem,2026-09-25 04:00:00,20.4,0.0,21.2
Bengaluru,gem,2026-09-25 05:00:00,20.2,0.0,20.5
Bengaluru,gem,2026-09-25 06:00:00,20.0,0.0,18.0
Bengaluru,gem,2026-09-25 07:00:00,21.3,0.0,20.5
Bengaluru,gem,2026-09-25 08:00:00,23.2,0.0,22.7
Bengaluru,gem,2026-09-25 09:00:00,25.1,0.0,23.8
Bengaluru,gem,2026-09-25 10:00:00,27.0,0.0,24.5
Bengaluru,gem,2026-09-25 11:00:00,28.0,0.0,24.8
Bengaluru,gem,2026-09-25 12:00:00,27.9,0.0,23.4
Bengaluru,gem,2026-09-25 13:00:00,28.2,0.0,18.7
Bengaluru,gem,2026-09-25 14:00:00,27.6,0.4,28.1
Bengaluru,gem,2026-09-25 15:00:00,21.1,8.5,23.0
Bengaluru,gem,2026-09-25 16:00:00,21.0,5.8,8.6
Bengaluru,gem,2026-09-25 17:00:00,21.3,0.2,12.6
Bengaluru,gem,2026-09-25 18:00:00,21.4,0.0,10.8
Bengaluru,gem,2026-09-25 19:00:00,21.5,0.0,9.7
Bengaluru,gem,2026-09-25 20:00:00,21.5,0.0,9.0
Bengaluru,gem,2026-09-25 21:00:00,21.2,0.0,13.7
Bengaluru,gem,2026-09-25 22:00:00,20.6,0.0,15.1
Bengaluru,gem,2026-09-25 23:00:00,20.3,0.0,16.9
Bengaluru,gem,2026-09-26 00:00:00,20.2,0.0,18.7
Bengaluru,gem,2026-09-26 01:00:00,20.1,0.0,17.6
Bengaluru,gem,2026-09-26 02:00:00,20.0,0.0,16.2
Bengaluru,gem,2026-09-26 03:00:00,20.1,0.0,14.8
Bengaluru,gem,2026-09-26 04:00:00,20.0,0.0,15.1
Bengaluru,gem,2026-09-26 05:00:00,20.0,0.0,14.8
Bengaluru,gem,2026-09-26 06:00:00,20.1,0.0,14.0
Bengaluru,gem,2026-09-26 07:00:00,20.7,0.0,16.6
Bengaluru,gem,2026-09-26 08:00:00,22.3,0.0,18.7
Bengaluru,gem,2026-09-26 09:00:00,24.1,0.0,20.2
Bengaluru,gem,2026-09-26 10:00:00,25.6,0.0,21.6
Bengaluru,gem,2026-09-26 11:00:00,27.1,0.0,20.5
Bengaluru,gem,2026-09-26 12:00:00,28.0,0.0,19.8
Bengaluru,gem,2026-09-26 13:00:00,28.4,0.0,18.4
Bengaluru,gem,2026-09-26 14:00:00,28.9,0.0,17.3
Bengaluru,gem,2026-09-26 15:00:00,28.5,0.0,15.8
Bengaluru,gem,2026-09-26 16:00:00,26.6,0.5,19.4
Bengaluru,gem,2026-09-26 17:00:00,23.0,0.6,13.0
Bengaluru,gem,2026-09-26 18:00:00,22.2,0.0,4.3
Bengaluru,gem,2026-09-26 19:00:00,21.8,0.0,3.6
Bengaluru,gem,2026-09-26 20:00:00,21.8,0.0,9.7
Bengaluru,gem,2026-09-26 21:00:00,21.6,0.0,8.3
Bengaluru,gem,2026-09-26 22:00:00,21.4,0.0,5.4
Bengaluru,gem,2026-09-26 23:00:00,20.4,0.0,9.0
Bengaluru,gfs,2026-09-24 00:00:00,20.7,0.0,21.0
Bengaluru,gfs,2026-09-24 01:00:00,20.4,0.0,18.6
Bengaluru,gfs,2026-09-24 02:00:00,20.0,0.0,18.8
Bengaluru,gfs,2026-09-24 03:00:00,20.0,0.0,18.9
Bengaluru,gfs,2026-09-24 04:00:00,20.1,0.0,19.4
Bengaluru,gfs,2026-09-24 05:00:00,19.7,0.0,20.7
Bengaluru,gfs,2026-09-24 06:00:00,19.4,0.0,21.3
Bengaluru,gfs,2026-09-24 07:00:00,20.2,0.0,21.6
Bengaluru,gfs,2026-09-24 08:00:00,21.8,0.0,23.5
Bengaluru,gfs,2026-09-24 09:00:00,23.3,0.0,24.6
Bengaluru,gfs,2026-09-24 10:00:00,25.5,0.0,25.3
Bengaluru,gfs,2026-09-24 11:00:00,28.0,0.0,26.7
Bengaluru,gfs,2026-09-24 12:00:00,29.2,0.0,27.6
Bengaluru,gfs,2026-09-24 13:00:00,30.1,0.0,27.4
Bengaluru,gfs,2026-09-24 14:00:00,30.1,0.0,27.5
Bengaluru,gfs,2026-09-24 15:00:00,28.6,0.0,23.3
Bengaluru,gfs,2026-09-24 16:00:00,27.8,0.0,22.9
Bengaluru,gfs,2026-09-24 17:00:00,27.2,0.0,22.5
Bengaluru,gfs,2026-09-24 18:00:00,26.2,0.0,24.8
Bengaluru,gfs,2026-09-24 19:00:00,24.8,0.0,24.5
Bengaluru,gfs,2026-09-24 20:00:00,23.9,0.0,24.2
Bengaluru,gfs,2026-09-24 21:00:00,23.0,0.0,24.4
Bengaluru,gfs,2026-09-24 22:00:00,22.3,0.0,23.1
Bengaluru,gfs,2026-09-24 23:00:00,21.8,0.0,21.0
Bengaluru,gfs,2026-09-25 00:00:00,21.4,0.0,21.5
Bengaluru,gfs,2026-09-25 01:00:00,21.1,0.0,21.9
Bengaluru,gfs,2026-09-25 02:00:00,20.8,0.0,21.7
Bengaluru,gfs,2026-09-25 03:00:00,20.6,0.0,20.9
Bengaluru,gfs,2026-09-25 04:00:00,20.4,0.0,20.5
Bengaluru,gfs,2026-09-25 05:00:00,20.3,0.0,18.2
Bengaluru,gfs,2026-09-25 06:00:00,20.3,0.0,18.1
Bengaluru,gfs,2026-09-25 07:00:00,20.7,0.0,19.6
Bengaluru,gfs,2026-09-25 08:00:00,22.0,0.0,22.4
Bengaluru,gfs,2026-09-25 09:00:00,23.9,0.0,23.3
Bengaluru,gfs,2026-09-25 10:00:00,25.2,0.0,22.3
Bengaluru,gfs,2026-09-25 11:00:00,26.1,0.1,21.0
Bengaluru,gfs,2026-09-25 12:00:00,27.3,0.0,22.7
Bengaluru,gfs,2026-09-25 13:00:00,28.2,0.0,23.2
Bengaluru,gfs,2026-09-25 14:00:00,29.2,0.0,23.5
Bengaluru,gfs,2026-09-25 15:00:00,28.5,0.0,23.7
Bengaluru,gfs,2026-09-25 16:00:00,27.2,0.0,18.1
Bengaluru,gfs,2026-09-25 17:00:00,26.9,0.0,18.6
Bengaluru,gfs,2026-09-25 18:00:00,25.9,0.0,19.9
Bengaluru,gfs,2026-09-25 19:00:00,24.6,0.0,22.0
Bengaluru,gfs,2026-09-25 20:00:00,23.7,0.0,20.5
Bengaluru,gfs,2026-09-25 21:00:00,22.9,0.0,20.4
Bengaluru,gfs,2026-09-25 22:00:00,22.2,0.0,20.2
Bengaluru,gfs,2026-09-25 23:00:00,21.5,0.0,19.7
Bengaluru,gfs,2026-09-26 00:00:00,21.0,0.0,20.4
Bengaluru,gfs,2026-09-26 01:00:00,20.6,0.0,20.1
Bengaluru,gfs,2026-09-26 02:00:00,20.5,0.0,19.0
Bengaluru,gfs,2026-09-26 03:00:00,20.2,0.0,18.8
Bengaluru,gfs,2026-09-26 04:00:00,20.0,0.0,18.5
Bengaluru,gfs,2026-09-26 05:00:00,19.5,0.0,17.9
Bengaluru,gfs,2026-09-26 06:00:00,19.3,0.0,17.5
Bengaluru,gfs,2026-09-26 07:00:00,20.2,0.0,19.9
Bengaluru,gfs,2026-09-26 08:00:00,22.2,0.0,22.1
Bengaluru,gfs,2026-09-26 09:00:00,24.0,0.0,22.4
Bengaluru,gfs,2026-09-26 10:00:00,25.9,0.0,23.9
Bengaluru,gfs,2026-09-26 11:00:00,27.5,0.0,23.9
Bengaluru,gfs,2026-09-26 12:00:00,28.4,0.0,22.0
Bengaluru,gfs,2026-09-26 13:00:00,29.1,0.0,21.3
Bengaluru,gfs,2026-09-26 14:00:00,29.6,0.0,19.1
Bengaluru,gfs,2026-09-26 15:00:00,29.5,0.0,23.7
Bengaluru,gfs,2026-09-26 16:00:00,28.6,0.0,24.3
Bengaluru,gfs,2026-09-26 17:00:00,27.4,0.0,21.0
Bengaluru,gfs,2026-09-26 18:00:00,26.0,0.0,18.4
Bengaluru,gfs,2026-09-26 19:00:00,25.2,0.0,17.6
Bengaluru,gfs,2026-09-26 20:00:00,24.1,0.0,18.0
Bengaluru,gfs,2026-09-26 21:00:00,23.2,0.0,16.2
Bengaluru,gfs,2026-09-26 22:00:00,22.4,0.0,15.9
Bengaluru,gfs,2026-09-26 23:00:00,21.7,0.0,14.8
Bengaluru,icon,2026-09-24 00:00:00,21.3,0.0,11.8
Bengaluru,icon,2026-09-24 01:00:00,20.8,0.0,11.6
Bengaluru,icon,2026-09-24 02:00:00,20.4,0.0,11.7
Bengaluru,icon,2026-09-24 03:00:00,20.1,0.0,12.1
Bengaluru,icon,2026-09-24 04:00:00,20.1,0.0,13.0
Bengaluru,icon,2026-09-24 05:00:00,19.9,0.0,13.2
Bengaluru,icon,2026-09-24 06:00:00,19.8,0.0,12.9
Bengaluru,icon,2026-09-24 07:00:00,20.1,0.0,13.0
Bengaluru,icon,2026-09-24 08:00:00,21.1,0.0,15.4
Bengaluru,icon,2026-09-24 09:00:00,22.5,0.0,15.5
Bengaluru,icon,2026-09-24 10:00:00,24.4,0.0,20.2
Bengaluru,icon,2026-09-24 11:00:00,25.3,0.0,17.3
Bengaluru,icon,2026-09-24 12:00:00,27.2,0.0,16.9
Bengaluru,icon,2026-09-24 13:00:00,28.8,0.0,17.7
Bengaluru,icon,2026-09-24 14:00:00,28.7,0.0,18.2
Bengaluru,icon,2026-09-24 15:00:00,28.2,0.0,16.9
Bengaluru,icon,2026-09-24 16:00:00,27.2,0.1,16.6
Bengaluru,icon,2026-09-24 17:00:00,26.5,0.0,14.1
Bengaluru,icon,2026-09-24 18:00:00,25.7,0.0,10.4
Bengaluru,icon,2026-09-24 19:00:00,25.1,0.0,9.8
Bengaluru,icon,2026-09-24 20:00:00,24.3,0.0,13.2
Bengaluru,icon,2026-09-24 21:00:00,23.6,0.0,14.1
Bengaluru,icon,2026-09-24 22:00:00,23.0,0.0,15.2
Bengaluru,icon,2026-09-24 23:00:00,22.3,0.0,14.9
Bengaluru,icon,2026-09-25 00:00:00,21.9,0.0,14.2
Bengaluru,icon,2026-09-25 01:00:00,21.6,0.0,13.3
Bengaluru,icon,2026-09-25 02:00:00,21.5,0.0,13.3
Bengaluru,icon,2026-09-25 03:00:00,21.4,0.0,13.6
Bengaluru,icon,2026-09-25 04:00:00,21.3,0.0,13.4
Bengaluru,icon,2026-09-25 05:00:00,21.2,0.0,12.8
Bengaluru,icon,2026-09-25 06:00:00,21.2,0.0,11.6
Bengaluru,icon,2026-09-25 07:00:00,21.5,0.0,12.8
Bengaluru,icon,2026-09-25 08:00:00,22.4,0.0,14.1
Bengaluru,icon,2026-09-25 09:00:00,24.0,0.0,16.4
Bengaluru,icon,2026-09-25 10:00:00,25.3,0.0,16.6
Bengaluru,icon,2026-09-25 11:00:00,26.8,0.0,17.3
Bengaluru,icon,2026-09-25 12:00:00,27.7,0.0,17.6
Bengaluru,icon,2026-09-25 13:00:00,28.1,0.0,16.9
Bengaluru,icon,2026-09-25 14:00:00,28.1,0.0,16.6
Bengaluru,icon,2026-09-25 15:00:00,28.0,0.0,16.6
Bengaluru,icon,2026-09-25 16:00:00,26.5,0.0,16.2
Bengaluru,icon,2026-09-25 17:00:00,26.2,0.0,13.7
Bengaluru,icon,2026-09-25 18:00:00,25.4,0.0,10.4
Bengaluru,icon,2026-09-25 19:00:00,24.5,0.0,11.1
Bengaluru,icon,2026-09-25 20:00:00,23.8,0.0,11.3
Bengaluru,icon,2026-09-25 21:00:00,23.1,0.0,12.0
Bengaluru,icon,2026-09-25 22:00:00,22.5,0.0,12.3
Bengaluru,icon,2026-09-25 23:00:00,21.9,0.0,11.5
Bengaluru,icon,2026-09-26 00:00:00,21.4,0.0,10.6
Bengaluru,icon,2026-09-26 01:00:00,21.1,0.0,10.5
Bengaluru,icon,2026-09-26 02:00:00,20.9,0.0,10.7
Bengaluru,icon,2026-09-26 03:00:00,20.8,0.0,10.2
Bengaluru,icon,2026-09-26 04:00:00,20.7,0.0,10.5
Bengaluru,icon,2026-09-26 05:00:00,20.7,0.0,11.2
Bengaluru,icon,2026-09-26 06:00:00,20.7,0.0,9.4
Bengaluru,icon,2026-09-26 07:00:00,21.1,0.0,12.6
Bengaluru,icon,2026-09-26 08:00:00,22.2,0.0,14.1
Bengaluru,icon,2026-09-26 09:00:00,23.9,0.0,14.9
Bengaluru,icon,2026-09-26 10:00:00,25.6,0.0,15.2
Bengaluru,icon,2026-09-26 11:00:00,27.2,0.0,14.4
Bengaluru,icon,2026-09-26 12:00:00,28.5,0.0,13.5
Bengaluru,icon,2026-09-26 13:00:00,29.5,0.0,12.8
Bengaluru,icon,2026-09-26 14:00:00,30.0,0.0,11.6
Bengaluru,icon,2026-09-26 15:00:00,30.0,0.0,11.0
Bengaluru,icon,2026-09-26 16:00:00,29.5,0.0,10.9
Bengaluru,icon,2026-09-26 17:00:00,28.7,0.0,8.8
Bengaluru,icon,2026-09-26 18:00:00,27.5,0.0,7.2
Bengaluru,icon,2026-09-26 19:00:00,25.9,0.0,9.0
Bengaluru,icon,2026-09-26 20:00:00,24.7,0.0,7.8
Bengaluru,icon,2026-09-26 21:00:00,24.1,0.0,6.6
Bengaluru,icon,2026-09-26 22:00:00,23.6,0.0,6.6
Bengaluru,icon,2026-09-26 23:00:00,23.0,0.0,6.8
Bhopal,ecmwf,2026-09-24 00:00:00,25.2,0.0,11.6
Bhopal,ecmwf,2026-09-24 01:00:00,24.9,0.0,11.2
Bhopal,ecmwf,2026-09-24 02:00:00,24.5,0.0,10.8
Bhopal,ecmwf,2026-09-24 03:00:00,24.2,0.0,10.9
Bhopal,ecmwf,2026-09-24 04:00:00,23.9,0.0,11.5
Bhopal,ecmwf,2026-09-24 05:00:00,23.9,0.0,12.4
Bhopal,ecmwf,2026-09-24 06:00:00,24.5,0.0,14.0
Bhopal,ecmwf,2026-09-24 07:00:00,25.4,0.0,15.8
Bhopal,ecmwf,2026-09-24 08:00:00,26.2,0.0,17.1
Bhopal,ecmwf,2026-09-24 09:00:00,27.0,0.1,17.1
Bhopal,ecmwf,2026-09-24 10:00:00,27.8,0.1,16.3
Bhopal,ecmwf,2026-09-24 11:00:00,28.4,0.1,16.2
Bhopal,ecmwf,2026-09-24 12:00:00,29.1,0.3,17.2
Bhopal,ecmwf,2026-09-24 13:00:00,29.6,0.3,18.4
Bhopal,ecmwf,2026-09-24 14:00:00,29.8,0.3,19.5
Bhopal,ecmwf,2026-09-24 15:00:00,29.4,0.2,19.3
Bhopal,ecmwf,2026-09-24 16:00:00,28.6,0.2,18.8
Bhopal,ecmwf,2026-09-24 17:00:00,27.8,0.2,18.4
Bhopal,ecmwf,2026-09-24 18:00:00,27.0,0.0,17.3
Bhopal,ecmwf,2026-09-24 19:00:00,26.3,0.0,15.6
Bhopal,ecmwf,2026-09-24 20:00:00,25.6,0.0,14.6
Bhopal,ecmwf,2026-09-24 21:00:00,25.1,0.0,13.8
Bhopal,ecmwf,2026-09-24 22:00:00,24.7,0.0,13.1
Bhopal,ecmwf,2026-09-24 23:00:00,24.3,0.0,12.7
Bhopal,ecmwf,2026-09-25 00:00:00,23.9,0.0,12.7
Bhopal,ecmwf,2026-09-25 01:00:00,23.5,0.0,13.0
Bhopal,ecmwf,2026-09-25 02:00:00,23.2,0.0,13.6
Bhopal,ecmwf,2026-09-25 03:00:00,22.7,0.0,13.7
Bhopal,ecmwf,2026-09-25 04:00:00,22.3,0.0,13.5
Bhopal,ecmwf,2026-09-25 05:00:00,22.2,0.0,13.8
Bhopal,ecmwf,2026-09-25 06:00:00,22.5,0.0,15.1
Bhopal,ecmwf,2026-09-25 07:00:00,23.1,0.0,17.1
Bhopal,ecmwf,2026-09-25 08:00:00,23.9,0.0,18.5
Bhopal,ecmwf,2026-09-25 09:00:00,24.9,0.0,19.4
Bhopal,ecmwf,2026-09-25 10:00:00,26.0,0.0,20.1
Bhopal,ecmwf,2026-09-25 11:00:00,27.0,0.0,20.8
Bhopal,ecmwf,2026-09-25 12:00:00,27.7,0.1,22.3
Bhopal,ecmwf,2026-09-25 13:00:00,28.2,0.1,23.3
Bhopal,ecmwf,2026-09-25 14:00:00,28.4,0.1,24.3
Bhopal,ecmwf,2026-09-25 15:00:00,28.1,0.1,23.5
Bhopal,ecmwf,2026-09-25 16:00:00,27.5,0.1,21.9
Bhopal,ecmwf,2026-09-25 17:00:00,26.8,0.1,20.9
Bhopal,ecmwf,2026-09-25 18:00:00,26.2,0.0,21.1
Bhopal,ecmwf,2026-09-25 19:00:00,25.5,0.0,21.3
Bhopal,ecmwf,2026-09-25 20:00:00,24.8,0.0,21.3
Bhopal,ecmwf,2026-09-25 21:00:00,24.0,0.0,20.3
Bhopal,ecmwf,2026-09-25 22:00:00,23.2,0.0,19.1
Bhopal,ecmwf,2026-09-25 23:00:00,22.5,0.0,17.9
Bhopal,ecmwf,2026-09-26 00:00:00,22.1,0.0,17.9
Bhopal,ecmwf,2026-09-26 01:00:00,21.9,0.0,17.9
Bhopal,ecmwf,2026-09-26 02:00:00,21.6,0.0,17.6
Bhopal,ecmwf,2026-09-26 03:00:00,21.2,0.0,15.9
Bhopal,ecmwf,2026-09-26 04:00:00,20.7,0.0,14.2
Bhopal,ecmwf,2026-09-26 05:00:00,20.7,0.0,13.6
Bhopal,ecmwf,2026-09-26 06:00:00,21.4,0.0,12.7
Bhopal,ecmwf,2026-09-26 07:00:00,22.6,0.0,11.6
Bhopal,ecmwf,2026-09-26 08:00:00,23.9,0.0,10.9
Bhopal,ecmwf,2026-09-26 09:00:00,25.5,0.0,11.4
Bhopal,ecmwf,2026-09-26 10:00:00,27.2,0.0,12.7
Bhopal,ecmwf,2026-09-26 11:00:00,28.6,0.0,14.2
Bhopal,ecmwf,2026-09-26 12:00:00,29.5,0.1,15.5
Bhopal,ecmwf,2026-09-26 13:00:00,30.1,0.1,17.2
Bhopal,ecmwf,2026-09-26 14:00:00,30.3,0.1,18.1
Bhopal,ecmwf,2026-09-26 15:00:00,30.0,0.1,17.3
Bhopal,ecmwf,2026-09-26 16:00:00,29.5,0.1,16.1
Bhopal,ecmwf,2026-09-26 17:00:00,28.7,0.1,15.4
Bhopal,ecmwf,2026-09-26 18:00:00,27.8,0.0,15.5
Bhopal,ecmwf,2026-09-26 19:00:00,26.8,0.0,15.7
Bhopal,ecmwf,2026-09-26 20:00:00,25.8,0.0,15.5
Bhopal,ecmwf,2026-09-26 21:00:00,25.1,0.0,14.6
Bhopal,ecmwf,2026-09-26 22:00:00,24.6,0.0,13.4
Bhopal,ecmwf,2026-09-26 23:00:00,24.1,0.0,12.6
Bhopal,gem,2026-09-24 00:00:00,24.5,0.0,13.7
Bhopal,gem,2026-09-24 01:00:00,24.2,0.0,13.0
Bhopal,gem,2026-09-24 02:00:00,23.8,0.0,12.6
Bhopal,gem,2026-09-24 03:00:00,23.5,0.0,12.6
Bhopal,gem,2026-09-24 04:00:00,23.2,0.0,13.3
Bhopal,gem,2026-09-24 05:00:00,24.2,0.0,17.6
Bhopal,gem,2026-09-24 06:00:00,23.5,0.0,17.3
Bhopal,gem,2026-09-24 07:00:00,24.6,0.0,18.7
Bhopal,gem,2026-09-24 08:00:00,26.6,0.0,20.5
Bhopal,gem,2026-09-24 09:00:00,28.3,0.0,20.2
Bhopal,gem,2026-09-24 10:00:00,29.5,0.0,21.2
Bhopal,gem,2026-09-24 11:00:00,30.4,0.0,22.7
Bhopal,gem,2026-09-24 12:00:00,31.1,0.0,24.8
Bhopal,gem,2026-09-24 13:00:00,31.4,0.0,26.3
Bhopal,gem,2026-09-24 14:00:00,31.4,0.0,26.3
Bhopal,gem,2026-09-24 15:00:00,31.5,0.0,25.2
Bhopal,gem,2026-09-24 16:00:00,31.3,0.0,26.6
Bhopal,gem,2026-09-24 17:00:00,30.5,0.0,27.4
Bhopal,gem,2026-09-24 18:00:00,29.1,0.0,23.0
Bhopal,gem,2026-09-24 19:00:00,27.9,0.0,22.0
Bhopal,gem,2026-09-24 20:00:00,26.5,0.0,24.8
Bhopal,gem,2026-09-24 21:00:00,25.4,0.0,20.9
Bhopal,gem,2026-09-24 22:00:00,24.5,0.0,16.6
Bhopal,gem,2026-09-24 23:00:00,23.9,0.0,17.3
Bhopal,gem,2026-09-25 00:00:00,23.5,0.0,16.2
Bhopal,gem,2026-09-25 01:00:00,23.1,0.0,15.5
Bhopal,gem,2026-09-25 02:00:00,23.1,0.0,15.5
Bhopal,gem,2026-09-25 03:00:00,23.2,0.0,16.9
Bhopal,gem,2026-09-25 04:00:00,23.2,0.0,17.3
Bhopal,gem,2026-09-25 05:00:00,23.2,0.0,15.5
Bhopal,gem,2026-09-25 06:00:00,23.1,0.0,15.1
Bhopal,gem,2026-09-25 07:00:00,23.7,0.0,18.0
Bhopal,gem,2026-09-25 08:00:00,24.9,0.0,20.9
Bhopal,gem,2026-09-25 09:00:00,25.8,0.0,23.0
Bhopal,gem,2026-09-25 10:00:00,26.3,0.0,23.8
Bhopal,gem,2026-09-25 11:00:00,27.1,0.0,24.1
Bhopal,gem,2026-09-25 12:00:00,28.4,0.0,24.5
Bhopal,gem,2026-09-25 13:00:00,29.7,0.0,27.4
Bhopal,gem,2026-09-25 14:00:00,30.2,0.0,30.6
Bhopal,gem,2026-09-25 15:00:00,30.1,0.0,30.6
Bhopal,gem,2026-09-25 16:00:00,29.7,0.0,29.5
Bhopal,gem,2026-09-25 17:00:00,28.5,0.0,28.1
Bhopal,gem,2026-09-25 18:00:00,26.9,0.0,23.8
Bhopal,gem,2026-09-25 19:00:00,25.8,0.0,20.5
Bhopal,gem,2026-09-25 20:00:00,24.9,0.0,17.6
Bhopal,gem,2026-09-25 21:00:00,23.9,0.0,15.5
Bhopal,gem,2026-09-25 22:00:00,22.8,0.0,12.2
Bhopal,gem,2026-09-25 23:00:00,22.1,0.0,9.0
Bhopal,gem,2026-09-26 00:00:00,21.6,0.0,8.6
Bhopal,gem,2026-09-26 01:00:00,21.0,0.0,9.7
Bhopal,gem,2026-09-26 02:00:00,20.5,0.0,9.0
Bhopal,gem,2026-09-26 03:00:00,20.1,0.0,9.4
Bhopal,gem,2026-09-26 04:00:00,19.9,0.0,10.8
Bhopal,gem,2026-09-26 05:00:00,19.8,0.0,10.8
Bhopal,gem,2026-09-26 06:00:00,20.0,0.0,10.4
Bhopal,gem,2026-09-26 07:00:00,21.1,0.0,11.2
Bhopal,gem,2026-09-26 08:00:00,22.9,0.0,12.6
Bhopal,gem,2026-09-26 09:00:00,25.0,0.0,12.2
Bhopal,gem,2026-09-26 10:00:00,26.8,0.0,14.0
Bhopal,gem,2026-09-26 11:00:00,29.1,0.0,17.3
Bhopal,gem,2026-09-26 12:00:00,30.9,0.0,19.4
Bhopal,gem,2026-09-26 13:00:00,32.1,0.0,22.7
Bhopal,gem,2026-09-26 14:00:00,32.5,0.0,22.3
Bhopal,gem,2026-09-26 15:00:00,33.1,0.0,21.2
Bhopal,gem,2026-09-26 16:00:00,33.0,0.0,22.3
Bhopal,gem,2026-09-26 17:00:00,27.3,1.4,20.5
Bhopal,gem,2026-09-26 18:00:00,24.0,2.8,10.8
Bhopal,gem,2026-09-26 19:00:00,23.9,0.6,13.7
Bhopal,gem,2026-09-26 20:00:00,24.0,0.1,9.7
Bhopal,gem,2026-09-26 21:00:00,24.1,0.2,11.2
Bhopal,gem,2026-09-26 22:00:00,24.0,0.0,17.3
Bhopal,gem,2026-09-26 23:00:00,23.8,0.0,18.4
Bhopal,gfs,2026-09-24 00:00:00,23.6,0.1,10.2
Bhopal,gfs,2026-09-24 01:00:00,23.4,0.0,10.7
Bhopal,gfs,2026-09-24 02:00:00,23.2,0.0,9.6
Bhopal,gfs,2026-09-24 03:00:00,23.2,0.0,10.0
Bhopal,gfs,2026-09-24 04:00:00,23.1,0.0,10.4
Bhopal,gfs,2026-09-24 05:00:00,22.7,0.0,10.7
Bhopal,gfs,2026-09-24 06:00:00,22.6,0.0,13.5
Bhopal,gfs,2026-09-24 07:00:00,23.8,0.0,16.1
Bhopal,gfs,2026-09-24 08:00:00,25.1,0.0,19.8
Bhopal,gfs,2026-09-24 09:00:00,26.3,0.0,21.6
Bhopal,gfs,2026-09-24 10:00:00,27.6,0.0,23.1
Bhopal,gfs,2026-09-24 11:00:00,28.4,0.0,23.9
Bhopal,gfs,2026-09-24 12:00:00,28.9,0.0,25.0
Bhopal,gfs,2026-09-24 13:00:00,29.2,0.0,25.7
Bhopal,gfs,2026-09-24 14:00:00,28.2,0.5,23.4
Bhopal,gfs,2026-09-24 15:00:00,28.0,0.5,23.1
Bhopal,gfs,2026-09-24 16:00:00,27.4,0.1,22.7
Bhopal,gfs,2026-09-24 17:00:00,26.1,0.0,21.2
Bhopal,gfs,2026-09-24 18:00:00,24.7,0.0,17.7
Bhopal,gfs,2026-09-24 19:00:00,24.1,0.0,15.9
Bhopal,gfs,2026-09-24 20:00:00,23.9,0.0,18.4
Bhopal,gfs,2026-09-24 21:00:00,23.7,0.0,19.6
Bhopal,gfs,2026-09-24 22:00:00,23.5,0.0,18.4
Bhopal,gfs,2026-09-24 23:00:00,23.0,0.0,16.8
Bhopal,gfs,2026-09-25 00:00:00,22.6,0.0,15.4
Bhopal,gfs,2026-09-25 01:00:00,22.3,0.0,15.4
Bhopal,gfs,2026-09-25 02:00:00,22.0,0.0,15.2
Bhopal,gfs,2026-09-25 03:00:00,21.8,0.0,16.2
Bhopal,gfs,2026-09-25 04:00:00,21.9,0.0,15.5
Bhopal,gfs,2026-09-25 05:00:00,21.9,0.0,15.2
Bhopal,gfs,2026-09-25 06:00:00,21.9,0.0,17.8
Bhopal,gfs,2026-09-25 07:00:00,22.0,0.0,18.4
Bhopal,gfs,2026-09-25 08:00:00,22.5,0.0,18.1
Bhopal,gfs,2026-09-25 09:00:00,23.1,0.0,18.9
Bhopal,gfs,2026-09-25 10:00:00,23.3,0.0,18.4
Bhopal,gfs,2026-09-25 11:00:00,23.4,0.0,17.2
Bhopal,gfs,2026-09-25 12:00:00,25.5,1.0,23.7
Bhopal,gfs,2026-09-25 13:00:00,24.5,1.3,20.7
Bhopal,gfs,2026-09-25 14:00:00,25.3,1.1,26.4
Bhopal,gfs,2026-09-25 15:00:00,25.5,0.1,27.0
Bhopal,gfs,2026-09-25 16:00:00,24.2,0.5,25.1
Bhopal,gfs,2026-09-25 17:00:00,22.3,0.0,19.9
Bhopal,gfs,2026-09-25 18:00:00,22.1,0.0,20.2
Bhopal,gfs,2026-09-25 19:00:00,21.8,0.0,19.9
Bhopal,gfs,2026-09-25 20:00:00,22.0,0.0,20.2
Bhopal,gfs,2026-09-25 21:00:00,21.8,0.0,20.2
Bhopal,gfs,2026-09-25 22:00:00,21.3,0.0,19.6
Bhopal,gfs,2026-09-25 23:00:00,21.5,0.0,19.8
Bhopal,gfs,2026-09-26 00:00:00,21.4,0.0,20.1
Bhopal,gfs,2026-09-26 01:00:00,20.9,0.0,19.3
Bhopal,gfs,2026-09-26 02:00:00,21.3,0.0,17.4
Bhopal,gfs,2026-09-26 03:00:00,20.5,0.0,16.9
Bhopal,gfs,2026-09-26 04:00:00,20.5,0.0,17.9
Bhopal,gfs,2026-09-26 05:00:00,20.8,0.0,19.1
Bhopal,gfs,2026-09-26 06:00:00,20.7,0.0,17.9
Bhopal,gfs,2026-09-26 07:00:00,20.8,0.0,18.4
Bhopal,gfs,2026-09-26 08:00:00,21.2,0.0,20.9
Bhopal,gfs,2026-09-26 09:00:00,21.3,0.0,21.4
Bhopal,gfs,2026-09-26 10:00:00,22.7,0.0,23.2
Bhopal,gfs,2026-09-26 11:00:00,23.7,0.1,21.7
Bhopal,gfs,2026-09-26 12:00:00,23.3,0.0,17.2
Bhopal,gfs,2026-09-26 13:00:00,23.0,1.7,20.1
Bhopal,gfs,2026-09-26 14:00:00,23.5,3.0,20.8
Bhopal,gfs,2026-09-26 15:00:00,23.9,0.9,16.8
Bhopal,gfs,2026-09-26 16:00:00,24.1,0.0,13.7
Bhopal,gfs,2026-09-26 17:00:00,23.8,0.4,17.3
Bhopal,gfs,2026-09-26 18:00:00,22.9,0.0,11.2
Bhopal,gfs,2026-09-26 19:00:00,21.9,0.4,8.0
Bhopal,gfs,2026-09-26 20:00:00,21.9,0.1,4.3
Bhopal,gfs,2026-09-26 21:00:00,21.8,0.0,5.3
Bhopal,gfs,2026-09-26 22:00:00,21.5,0.0,3.3
Bhopal,gfs,2026-09-26 23:00:00,21.2,0.0,5.4
Bhopal,icon,2026-09-24 00:00:00,26.0,0.0,8.0
Bhopal,icon,2026-09-24 01:00:00,25.6,0.0,7.5
Bhopal,icon,2026-09-24 02:00:00,25.2,0.0,7.8
Bhopal,icon,2026-09-24 03:00:00,25.1,0.0,8.5
Bhopal,icon,2026-09-24 04:00:00,25.1,0.0,9.3
Bhopal,icon,2026-09-24 05:00:00,25.1,0.0,9.3
Bhopal,icon,2026-09-24 06:00:00,25.0,0.0,10.5
Bhopal,icon,2026-09-24 07:00:00,25.3,0.0,10.4
Bhopal,icon,2026-09-24 08:00:00,26.1,0.0,13.5
Bhopal,icon,2026-09-24 09:00:00,27.1,0.0,15.0
Bhopal,icon,2026-09-24 10:00:00,28.4,0.0,15.0
Bhopal,icon,2026-09-24 11:00:00,29.6,0.0,14.6
Bhopal,icon,2026-09-24 12:00:00,30.3,0.0,14.5
Bhopal,icon,2026-09-24 13:00:00,30.9,0.0,15.8
Bhopal,icon,2026-09-24 14:00:00,30.7,0.0,16.6
Bhopal,icon,2026-09-24 15:00:00,29.5,0.1,16.3
Bhopal,icon,2026-09-24 16:00:00,29.6,0.0,14.7
Bhopal,icon,2026-09-24 17:00:00,29.1,0.0,13.9
Bhopal,icon,2026-09-24 18:00:00,28.3,0.0,9.8
Bhopal,icon,2026-09-24 19:00:00,27.6,0.0,8.9
Bhopal,icon,2026-09-24 20:00:00,26.8,0.0,10.5
Bhopal,icon,2026-09-24 21:00:00,26.2,0.0,12.9
Bhopal,icon,2026-09-24 22:00:00,25.5,0.0,13.4
Bhopal,icon,2026-09-24 23:00:00,25.0,0.0,12.8
Bhopal,icon,2026-09-25 00:00:00,24.4,0.0,11.4
Bhopal,icon,2026-09-25 01:00:00,24.1,0.0,11.3
Bhopal,icon,2026-09-25 02:00:00,23.8,0.0,10.5
Bhopal,icon,2026-09-25 03:00:00,23.5,0.0,11.2
Bhopal,icon,2026-09-25 04:00:00,23.2,0.0,11.8
Bhopal,icon,2026-09-25 05:00:00,23.0,0.0,11.3
Bhopal,icon,2026-09-25 06:00:00,22.9,0.0,10.7
Bhopal,icon,2026-09-25 07:00:00,23.4,0.0,12.0
Bhopal,icon,2026-09-25 08:00:00,24.4,0.0,15.7
Bhopal,icon,2026-09-25 09:00:00,25.4,0.0,16.0
Bhopal,icon,2026-09-25 10:00:00,26.6,0.0,18.0
Bhopal,icon,2026-09-25 11:00:00,27.9,0.0,18.2
Bhopal,icon,2026-09-25 12:00:00,28.9,0.0,20.3
Bhopal,icon,2026-09-25 13:00:00,29.7,0.0,20.9
Bhopal,icon,2026-09-25 14:00:00,30.0,0.0,21.6
Bhopal,icon,2026-09-25 15:00:00,29.8,0.0,21.6
Bhopal,icon,2026-09-25 16:00:00,29.1,0.0,19.1
Bhopal,icon,2026-09-25 17:00:00,28.3,0.0,15.5
Bhopal,icon,2026-09-25 18:00:00,27.4,0.0,11.9
Bhopal,icon,2026-09-25 19:00:00,26.2,0.0,12.6
Bhopal,icon,2026-09-25 20:00:00,25.4,0.0,14.7
Bhopal,icon,2026-09-25 21:00:00,24.9,0.0,15.0
Bhopal,icon,2026-09-25 22:00:00,24.4,0.0,15.5
Bhopal,icon,2026-09-25 23:00:00,24.0,0.0,14.6
Bhopal,icon,2026-09-26 00:00:00,23.5,0.0,15.7
Bhopal,icon,2026-09-26 01:00:00,23.2,0.0,16.4
Bhopal,icon,2026-09-26 02:00:00,22.7,0.0,16.3
Bhopal,icon,2026-09-26 03:00:00,22.6,0.0,16.4
Bhopal,icon,2026-09-26 04:00:00,22.5,0.0,16.1
Bhopal,icon,2026-09-26 05:00:00,22.3,0.0,16.9
Bhopal,icon,2026-09-26 06:00:00,22.1,0.0,17.1
Bhopal,icon,2026-09-26 07:00:00,22.2,0.0,17.7
Bhopal,icon,2026-09-26 08:00:00,22.6,0.0,20.4
Bhopal,icon,2026-09-26 09:00:00,23.8,0.0,20.9
Bhopal,icon,2026-09-26 10:00:00,25.3,0.0,20.9
Bhopal,icon,2026-09-26 11:00:00,26.5,0.0,22.1
Bhopal,icon,2026-09-26 12:00:00,27.6,0.0,24.2
Bhopal,icon,2026-09-26 13:00:00,28.6,0.0,23.2
Bhopal,icon,2026-09-26 14:00:00,29.1,0.0,22.7
Bhopal,icon,2026-09-26 15:00:00,29.2,0.0,21.0
Bhopal,icon,2026-09-26 16:00:00,28.9,0.0,18.7
Bhopal,icon,2026-09-26 17:00:00,28.2,0.0,13.3
Bhopal,icon,2026-09-26 18:00:00,26.7,0.0,8.2
Bhopal,icon,2026-09-26 19:00:00,25.5,0.0,5.2
Bhopal,icon,2026-09-26 20:00:00,24.8,0.0,4.2
Bhopal,icon,2026-09-26 21:00:00,24.4,0.0,3.6
Bhopal,icon,2026-09-26 22:00:00,23.9,0.0,5.2
Bhopal,icon,2026-09-26 23:00:00,23.9,0.0,9.3
Bhubaneswar,ecmwf,2026-09-24 00:00:00,25.8,1.9,22.2
Bhubaneswar,ecmwf,2026-09-24 01:00:00,25.7,1.9,22.9
Bhubaneswar,ecmwf,2026-09-24 02:00:00,25.7,1.9,23.1
Bhubaneswar,ecmwf,2026-09-24 03:00:00,25.7,2.5,22.7
Bhubaneswar,ecmwf,2026-09-24 04:00:00,25.8,2.5,22.3
Bhubaneswar,ecmwf,2026-09-24 05:00:00,25.8,2.5,22.5
Bhubaneswar,ecmwf,2026-09-24 06:00:00,25.8,5.5,23.8
Bhubaneswar,ecmwf,2026-09-24 07:00:00,25.8,5.5,25.7
Bhubaneswar,ecmwf,2026-09-24 08:00:00,25.9,5.5,27.4
Bhubaneswar,ecmwf,2026-09-24 09:00:00,26.1,1.9,29.0
Bhubaneswar,ecmwf,2026-09-24 10:00:00,26.4,1.9,30.3
Bhubaneswar,ecmwf,2026-09-24 11:00:00,26.7,1.9,30.7
Bhubaneswar,ecmwf,2026-09-24 12:00:00,27.0,1.8,29.6
Bhubaneswar,ecmwf,2026-09-24 13:00:00,27.3,1.8,27.2
Bhubaneswar,ecmwf,2026-09-24 14:00:00,27.3,1.8,25.3
Bhubaneswar,ecmwf,2026-09-24 15:00:00,27.0,1.5,23.6
Bhubaneswar,ecmwf,2026-09-24 16:00:00,26.5,1.5,22.6
Bhubaneswar,ecmwf,2026-09-24 17:00:00,26.0,1.5,21.7
Bhubaneswar,ecmwf,2026-09-24 18:00:00,25.9,1.1,21.2
Bhubaneswar,ecmwf,2026-09-24 19:00:00,25.8,1.1,20.8
Bhubaneswar,ecmwf,2026-09-24 20:00:00,25.8,1.1,21.6
Bhubaneswar,ecmwf,2026-09-24 21:00:00,25.7,0.8,23.9
Bhubaneswar,ecmwf,2026-09-24 22:00:00,25.7,0.8,27.1
Bhubaneswar,ecmwf,2026-09-24 23:00:00,25.7,0.8,29.6
Bhubaneswar,ecmwf,2026-09-25 00:00:00,25.8,1.3,30.2
Bhubaneswar,ecmwf,2026-09-25 01:00:00,25.9,1.3,29.8
Bhubaneswar,ecmwf,2026-09-25 02:00:00,25.9,1.3,29.7
Bhubaneswar,ecmwf,2026-09-25 03:00:00,25.8,1.6,29.4
Bhubaneswar,ecmwf,2026-09-25 04:00:00,25.6,1.6,29.3
Bhubaneswar,ecmwf,2026-09-25 05:00:00,25.6,1.6,29.5
Bhubaneswar,ecmwf,2026-09-25 06:00:00,25.8,1.5,30.5
Bhubaneswar,ecmwf,2026-09-25 07:00:00,26.1,1.5,31.6
Bhubaneswar,ecmwf,2026-09-25 08:00:00,26.6,1.5,32.5
Bhubaneswar,ecmwf,2026-09-25 09:00:00,27.3,1.3,32.3
Bhubaneswar,ecmwf,2026-09-25 10:00:00,28.1,1.3,31.7
Bhubaneswar,ecmwf,2026-09-25 11:00:00,28.7,1.3,31.7
Bhubaneswar,ecmwf,2026-09-25 12:00:00,28.9,0.6,33.2
Bhubaneswar,ecmwf,2026-09-25 13:00:00,28.9,0.6,34.6
Bhubaneswar,ecmwf,2026-09-25 14:00:00,28.8,0.6,35.0
Bhubaneswar,ecmwf,2026-09-25 15:00:00,28.6,0.3,32.9
Bhubaneswar,ecmwf,2026-09-25 16:00:00,28.3,0.3,29.3
Bhubaneswar,ecmwf,2026-09-25 17:00:00,28.0,0.3,26.0
Bhubaneswar,ecmwf,2026-09-25 18:00:00,27.8,0.1,23.8
Bhubaneswar,ecmwf,2026-09-25 19:00:00,27.6,0.1,21.6
Bhubaneswar,ecmwf,2026-09-25 20:00:00,27.4,0.1,20.2
Bhubaneswar,ecmwf,2026-09-25 21:00:00,27.4,0.1,19.1
Bhubaneswar,ecmwf,2026-09-25 22:00:00,27.3,0.1,18.4
Bhubaneswar,ecmwf,2026-09-25 23:00:00,27.3,0.1,18.0
Bhubaneswar,ecmwf,2026-09-26 00:00:00,27.3,0.0,17.6
Bhubaneswar,ecmwf,2026-09-26 01:00:00,27.4,0.0,17.7
Bhubaneswar,ecmwf,2026-09-26 02:00:00,27.3,0.0,17.7
Bhubaneswar,ecmwf,2026-09-26 03:00:00,27.0,0.1,18.1
Bhubaneswar,ecmwf,2026-09-26 04:00:00,26.6,0.1,18.5
Bhubaneswar,ecmwf,2026-09-26 05:00:00,26.5,0.1,19.2
Bhubaneswar,ecmwf,2026-09-26 06:00:00,27.2,0.0,20.3
Bhubaneswar,ecmwf,2026-09-26 07:00:00,28.2,0.0,21.0
Bhubaneswar,ecmwf,2026-09-26 08:00:00,29.2,0.0,21.7
Bhubaneswar,ecmwf,2026-09-26 09:00:00,30.1,0.1,21.5
Bhubaneswar,ecmwf,2026-09-26 10:00:00,30.8,0.1,21.0
Bhubaneswar,ecmwf,2026-09-26 11:00:00,31.4,0.1,20.5
Bhubaneswar,ecmwf,2026-09-26 12:00:00,31.7,0.1,20.5
Bhubaneswar,ecmwf,2026-09-26 13:00:00,31.9,0.1,20.3
Bhubaneswar,ecmwf,2026-09-26 14:00:00,31.7,0.1,19.5
Bhubaneswar,ecmwf,2026-09-26 15:00:00,30.9,0.0,17.8
Bhubaneswar,ecmwf,2026-09-26 16:00:00,29.9,0.0,15.5
Bhubaneswar,ecmwf,2026-09-26 17:00:00,28.8,0.0,13.0
Bhubaneswar,ecmwf,2026-09-26 18:00:00,27.7,0.2,10.4
Bhubaneswar,ecmwf,2026-09-26 19:00:00,26.7,0.2,9.2
Bhubaneswar,ecmwf,2026-09-26 20:00:00,25.8,0.2,9.5
Bhubaneswar,ecmwf,2026-09-26 21:00:00,25.3,0.5,7.1
Bhubaneswar,ecmwf,2026-09-26 22:00:00,25.1,0.5,3.3
Bhubaneswar,ecmwf,2026-09-26 23:00:00,24.9,0.5,2.3
Bhubaneswar,gem,2026-09-24 00:00:00,25.8,0.2,17.3
Bhubaneswar,gem,2026-09-24 01:00:00,26.1,0.2,15.5
Bhubaneswar,gem,2026-09-24 02:00:00,25.9,0.5,20.2
Bhubaneswar,gem,2026-09-24 03:00:00,26.1,0.2,21.2
Bhubaneswar,gem,2026-09-24 04:00:00,26.5,0.0,21.2
Bhubaneswar,gem,2026-09-24 05:00:00,26.1,0.3,23.0
Bhubaneswar,gem,2026-09-24 06:00:00,26.0,3.9,32.4
Bhubaneswar,gem,2026-09-24 07:00:00,26.2,3.3,30.6
Bhubaneswar,gem,2026-09-24 08:00:00,26.3,2.4,31.7
Bhubaneswar,gem,2026-09-24 09:00:00,27.0,0.6,31.0
Bhubaneswar,gem,2026-09-24 10:00:00,27.4,3.8,35.3
Bhubaneswar,gem,2026-09-24 11:00:00,27.3,1.6,33.5
Bhubaneswar,gem,2026-09-24 12:00:00,26.7,1.6,33.1
Bhubaneswar,gem,2026-09-24 13:00:00,26.8,1.3,31.0
Bhubaneswar,gem,2026-09-24 14:00:00,26.7,2.4,33.8
Bhubaneswar,gem,2026-09-24 15:00:00,26.4,1.1,30.2
Bhubaneswar,gem,2026-09-24 16:00:00,26.6,1.9,28.1
Bhubaneswar,gem,2026-09-24 17:00:00,26.2,1.7,28.4
Bhubaneswar,gem,2026-09-24 18:00:00,26.2,1.4,29.5
Bhubaneswar,gem,2026-09-24 19:00:00,26.7,0.0,25.9
Bhubaneswar,gem,2026-09-24 20:00:00,26.8,0.7,28.4
Bhubaneswar,gem,2026-09-24 21:00:00,26.8,1.0,29.2
Bhubaneswar,gem,2026-09-24 22:00:00,26.3,3.4,29.9
Bhubaneswar,gem,2026-09-24 23:00:00,26.6,3.5,29.5
Bhubaneswar,gem,2026-09-25 00:00:00,26.7,0.8,31.0
Bhubaneswar,gem,2026-09-25 01:00:00,26.6,1.8,30.2
Bhubaneswar,gem,2026-09-25 02:00:00,26.6,1.1,28.4
Bhubaneswar,gem,2026-09-25 03:00:00,25.8,6.2,31.0
Bhubaneswar,gem,2026-09-25 04:00:00,26.2,1.8,32.0
Bhubaneswar,gem,2026-09-25 05:00:00,25.9,1.6,31.0
Bhubaneswar,gem,2026-09-25 06:00:00,26.2,2.6,25.6
Bhubaneswar,gem,2026-09-25 07:00:00,26.6,1.7,29.9
Bhubaneswar,gem,2026-09-25 08:00:00,27.5,0.0,33.5
Bhubaneswar,gem,2026-09-25 09:00:00,28.2,0.1,32.8
Bhubaneswar,gem,2026-09-25 10:00:00,28.0,2.1,31.0
Bhubaneswar,gem,2026-09-25 11:00:00,28.8,1.9,30.2
Bhubaneswar,gem,2026-09-25 12:00:00,28.4,0.9,29.5
Bhubaneswar,gem,2026-09-25 13:00:00,28.7,0.0,28.8
Bhubaneswar,gem,2026-09-25 14:00:00,28.3,0.2,33.5
Bhubaneswar,gem,2026-09-25 15:00:00,27.2,2.8,30.2
Bhubaneswar,gem,2026-09-25 16:00:00,27.3,0.0,25.2
Bhubaneswar,gem,2026-09-25 17:00:00,27.1,0.0,22.3
Bhubaneswar,gem,2026-09-25 18:00:00,26.8,0.0,20.5
Bhubaneswar,gem,2026-09-25 19:00:00,26.5,0.1,19.4
Bhubaneswar,gem,2026-09-25 20:00:00,27.0,0.0,21.2
Bhubaneswar,gem,2026-09-25 21:00:00,27.0,0.0,19.8
Bhubaneswar,gem,2026-09-25 22:00:00,27.1,0.0,18.7
Bhubaneswar,gem,2026-09-25 23:00:00,27.2,0.0,18.7
Bhubaneswar,gem,2026-09-26 00:00:00,27.2,0.0,17.6
Bhubaneswar,gem,2026-09-26 01:00:00,27.2,0.0,18.4
Bhubaneswar,gem,2026-09-26 02:00:00,27.2,0.0,18.7
Bhubaneswar,gem,2026-09-26 03:00:00,27.0,0.0,20.2
Bhubaneswar,gem,2026-09-26 04:00:00,26.4,0.0,23.4
Bhubaneswar,gem,2026-09-26 05:00:00,25.8,0.0,21.2
Bhubaneswar,gem,2026-09-26 06:00:00,26.1,0.0,16.6
Bhubaneswar,gem,2026-09-26 07:00:00,27.2,0.0,15.8
Bhubaneswar,gem,2026-09-26 08:00:00,28.8,0.0,19.1
Bhubaneswar,gem,2026-09-26 09:00:00,29.6,0.0,23.4
Bhubaneswar,gem,2026-09-26 10:00:00,29.9,0.0,22.7
Bhubaneswar,gem,2026-09-26 11:00:00,30.3,0.0,22.3
Bhubaneswar,gem,2026-09-26 12:00:00,30.8,0.0,22.0
Bhubaneswar,gem,2026-09-26 13:00:00,30.9,0.0,20.5
Bhubaneswar,gem,2026-09-26 14:00:00,31.0,0.0,19.8
Bhubaneswar,gem,2026-09-26 15:00:00,30.5,0.0,16.9
Bhubaneswar,gem,2026-09-26 16:00:00,29.6,0.0,11.5
Bhubaneswar,gem,2026-09-26 17:00:00,28.8,0.0,5.0
Bhubaneswar,gem,2026-09-26 18:00:00,27.8,0.0,4.0
Bhubaneswar,gem,2026-09-26 19:00:00,26.9,0.0,2.9
Bhubaneswar,gem,2026-09-26 20:00:00,26.5,0.0,5.8
Bhubaneswar,gem,2026-09-26 21:00:00,26.2,0.5,11.5
Bhubaneswar,gem,2026-09-26 22:00:00,25.7,0.0,8.3
Bhubaneswar,gem,2026-09-26 23:00:00,25.2,0.0,5.4
Bhubaneswar,gfs,2026-09-24 00:00:00,26.1,1.7,28.0
Bhubaneswar,gfs,2026-09-24 01:00:00,26.2,1.7,28.7
Bhubaneswar,gfs,2026-09-24 02:00:00,25.8,1.5,31.1
Bhubaneswar,gfs,2026-09-24 03:00:00,24.4,20.9,29.3
Bhubaneswar,gfs,2026-09-24 04:00:00,25.1,25.3,20.2
Bhubaneswar,gfs,2026-09-24 05:00:00,26.2,1.3,31.2
Bhubaneswar,gfs,2026-09-24 06:00:00,26.3,1.0,29.8
Bhubaneswar,gfs,2026-09-24 07:00:00,26.7,1.9,28.7
Bhubaneswar,gfs,2026-09-24 08:00:00,26.8,1.4,29.4
Bhubaneswar,gfs,2026-09-24 09:00:00,27.9,0.9,33.1
Bhubaneswar,gfs,2026-09-24 10:00:00,28.9,1.2,33.6
Bhubaneswar,gfs,2026-09-24 11:00:00,28.3,1.2,33.0
Bhubaneswar,gfs,2026-09-24 12:00:00,28.2,0.9,35.7
Bhubaneswar,gfs,2026-09-24 13:00:00,26.4,3.0,26.0
Bhubaneswar,gfs,2026-09-24 14:00:00,25.6,8.0,29.4
Bhubaneswar,gfs,2026-09-24 15:00:00,26.6,0.9,31.6
Bhubaneswar,gfs,2026-09-24 16:00:00,26.5,1.1,32.4
Bhubaneswar,gfs,2026-09-24 17:00:00,26.6,1.3,37.2
Bhubaneswar,gfs,2026-09-24 18:00:00,26.6,1.1,34.2
Bhubaneswar,gfs,2026-09-24 19:00:00,26.5,0.9,34.5
Bhubaneswar,gfs,2026-09-24 20:00:00,26.4,2.9,36.1
Bhubaneswar,gfs,2026-09-24 21:00:00,26.3,1.1,33.0
Bhubaneswar,gfs,2026-09-24 22:00:00,26.4,1.2,34.2
Bhubaneswar,gfs,2026-09-24 23:00:00,26.5,0.6,35.2
Bhubaneswar,gfs,2026-09-25 00:00:00,26.3,0.4,34.0
Bhubaneswar,gfs,2026-09-25 01:00:00,26.3,0.9,35.3
Bhubaneswar,gfs,2026-09-25 02:00:00,26.1,1.1,35.4
Bhubaneswar,gfs,2026-09-25 03:00:00,25.9,1.0,34.8
Bhubaneswar,gfs,2026-09-25 04:00:00,26.1,1.4,34.6
Bhubaneswar,gfs,2026-09-25 05:00:00,26.1,1.3,34.7
Bhubaneswar,gfs,2026-09-25 06:00:00,26.3,0.7,34.7
Bhubaneswar,gfs,2026-09-25 07:00:00,26.6,0.8,36.0
Bhubaneswar,gfs,2026-09-25 08:00:00,27.2,0.6,36.9
Bhubaneswar,gfs,2026-09-25 09:00:00,27.0,0.8,36.2
Bhubaneswar,gfs,2026-09-25 10:00:00,27.2,0.6,35.7
Bhubaneswar,gfs,2026-09-25 11:00:00,28.2,0.6,36.6
Bhubaneswar,gfs,2026-09-25 12:00:00,28.8,0.7,35.3
Bhubaneswar,gfs,2026-09-25 13:00:00,28.4,0.7,35.6
Bhubaneswar,gfs,2026-09-25 14:00:00,27.8,0.8,36.0
Bhubaneswar,gfs,2026-09-25 15:00:00,26.9,1.1,33.9
Bhubaneswar,gfs,2026-09-25 16:00:00,27.0,1.0,31.3
Bhubaneswar,gfs,2026-09-25 17:00:00,26.5,1.0,30.6
Bhubaneswar,gfs,2026-09-25 18:00:00,26.4,0.1,30.3
Bhubaneswar,gfs,2026-09-25 19:00:00,26.4,0.1,29.9
Bhubaneswar,gfs,2026-09-25 20:00:00,26.6,0.2,29.2
Bhubaneswar,gfs,2026-09-25 21:00:00,26.5,0.6,27.8
Bhubaneswar,gfs,2026-09-25 22:00:00,26.4,3.6,26.5
Bhubaneswar,gfs,2026-09-25 23:00:00,26.5,3.1,27.0
Bhubaneswar,gfs,2026-09-26 00:00:00,26.4,4.3,28.1
Bhubaneswar,gfs,2026-09-26 01:00:00,26.5,5.1,28.9
Bhubaneswar,gfs,2026-09-26 02:00:00,26.6,1.2,26.7
Bhubaneswar,gfs,2026-09-26 03:00:00,26.3,0.3,24.6
Bhubaneswar,gfs,2026-09-26 04:00:00,26.5,0.0,25.1
Bhubaneswar,gfs,2026-09-26 05:00:00,26.9,0.0,27.0
Bhubaneswar,gfs,2026-09-26 06:00:00,26.9,0.0,24.6
Bhubaneswar,gfs,2026-09-26 07:00:00,28.2,0.0,25.7
Bhubaneswar,gfs,2026-09-26 08:00:00,29.6,0.0,26.2
Bhubaneswar,gfs,2026-09-26 09:00:00,29.9,0.1,26.7
Bhubaneswar,gfs,2026-09-26 10:00:00,31.2,0.1,30.2
Bhubaneswar,gfs,2026-09-26 11:00:00,31.7,0.0,30.6
Bhubaneswar,gfs,2026-09-26 12:00:00,31.9,0.0,29.9
Bhubaneswar,gfs,2026-09-26 13:00:00,31.5,0.0,29.9
Bhubaneswar,gfs,2026-09-26 14:00:00,31.2,0.0,26.6
Bhubaneswar,gfs,2026-09-26 15:00:00,30.7,0.0,22.5
Bhubaneswar,gfs,2026-09-26 16:00:00,29.5,0.0,21.3
Bhubaneswar,gfs,2026-09-26 17:00:00,27.9,0.0,19.1
Bhubaneswar,gfs,2026-09-26 18:00:00,27.4,0.0,17.6
Bhubaneswar,gfs,2026-09-26 19:00:00,26.9,0.4,15.0
Bhubaneswar,gfs,2026-09-26 20:00:00,25.6,0.9,11.9
Bhubaneswar,gfs,2026-09-26 21:00:00,25.7,0.7,11.5
Bhubaneswar,gfs,2026-09-26 22:00:00,25.9,0.1,11.4
Bhubaneswar,gfs,2026-09-26 23:00:00,25.8,0.0,10.0
Bhubaneswar,icon,2026-09-24 00:00:00,26.4,0.6,10.0
Bhubaneswar,icon,2026-09-24 01:00:00,26.4,1.1,10.9
Bhubaneswar,icon,2026-09-24 02:00:00,26.5,1.8,12.3
Bhubaneswar,icon,2026-09-24 03:00:00,26.5,1.8,12.0
Bhubaneswar,icon,2026-09-24 04:00:00,26.6,1.6,12.1
Bhubaneswar,icon,2026-09-24 05:00:00,26.6,2.1,13.7
Bhubaneswar,icon,2026-09-24 06:00:00,26.8,3.5,14.7
Bhubaneswar,icon,2026-09-24 07:00:00,27.2,0.9,14.3
Bhubaneswar,icon,2026-09-24 08:00:00,27.3,3.3,14.8
Bhubaneswar,icon,2026-09-24 09:00:00,27.7,1.7,14.8
Bhubaneswar,icon,2026-09-24 10:00:00,27.9,1.4,16.1
Bhubaneswar,icon,2026-09-24 11:00:00,28.0,0.9,16.5
Bhubaneswar,icon,2026-09-24 12:00:00,27.7,2.3,16.7
Bhubaneswar,icon,2026-09-24 13:00:00,27.7,1.7,17.9
Bhubaneswar,icon,2026-09-24 14:00:00,27.6,1.8,17.1
Bhubaneswar,icon,2026-09-24 15:00:00,27.5,4.0,18.9
Bhubaneswar,icon,2026-09-24 16:00:00,27.2,2.0,16.5
Bhubaneswar,icon,2026-09-24 17:00:00,27.0,1.6,17.6
Bhubaneswar,icon,2026-09-24 18:00:00,26.8,0.8,15.9
Bhubaneswar,icon,2026-09-24 19:00:00,26.7,1.0,14.8
Bhubaneswar,icon,2026-09-24 20:00:00,26.7,1.5,14.8
Bhubaneswar,icon,2026-09-24 21:00:00,26.7,1.3,14.5
Bhubaneswar,icon,2026-09-24 22:00:00,26.7,2.2,15.2
Bhubaneswar,icon,2026-09-24 23:00:00,26.7,1.7,15.7
Bhubaneswar,icon,2026-09-25 00:00:00,26.6,1.2,15.5
Bhubaneswar,icon,2026-09-25 01:00:00,26.6,0.9,14.7
Bhubaneswar,icon,2026-09-25 02:00:00,26.6,1.0,14.7
Bhubaneswar,icon,2026-09-25 03:00:00,26.6,0.5,15.3
Bhubaneswar,icon,2026-09-25 04:00:00,26.6,1.6,15.7
Bhubaneswar,icon,2026-09-25 05:00:00,26.7,2.2,18.4
Bhubaneswar,icon,2026-09-25 06:00:00,26.7,1.9,16.4
Bhubaneswar,icon,2026-09-25 07:00:00,26.7,1.0,16.4
Bhubaneswar,icon,2026-09-25 08:00:00,27.0,0.6,15.3
Bhubaneswar,icon,2026-09-25 09:00:00,27.1,0.6,17.9
Bhubaneswar,icon,2026-09-25 10:00:00,27.1,0.5,16.9
Bhubaneswar,icon,2026-09-25 11:00:00,26.7,1.7,15.6
Bhubaneswar,icon,2026-09-25 12:00:00,27.0,1.7,17.2
Bhubaneswar,icon,2026-09-25 13:00:00,26.8,1.6,16.9
Bhubaneswar,icon,2026-09-25 14:00:00,27.0,1.2,15.6
Bhubaneswar,icon,2026-09-25 15:00:00,27.1,1.7,15.0
Bhubaneswar,icon,2026-09-25 16:00:00,27.0,0.6,13.1
Bhubaneswar,icon,2026-09-25 17:00:00,26.9,0.4,12.4
Bhubaneswar,icon,2026-09-25 18:00:00,27.0,0.2,11.6
Bhubaneswar,icon,2026-09-25 19:00:00,27.1,0.0,10.4
Bhubaneswar,icon,2026-09-25 20:00:00,27.0,0.0,9.1
Bhubaneswar,icon,2026-09-25 21:00:00,27.0,0.0,9.3
Bhubaneswar,icon,2026-09-25 22:00:00,27.0,0.0,10.0
Bhubaneswar,icon,2026-09-25 23:00:00,26.9,1.2,10.1
Bhubaneswar,icon,2026-09-26 00:00:00,26.7,0.8,11.2
Bhubaneswar,icon,2026-09-26 01:00:00,26.7,0.0,10.4
Bhubaneswar,icon,2026-09-26 02:00:00,26.7,0.0,8.3
Bhubaneswar,icon,2026-09-26 03:00:00,26.6,0.0,7.9
Bhubaneswar,icon,2026-09-26 04:00:00,26.8,0.0,9.4
Bhubaneswar,icon,2026-09-26 05:00:00,26.8,0.0,10.8
Bhubaneswar,icon,2026-09-26 06:00:00,27.2,0.0,11.6
Bhubaneswar,icon,2026-09-26 07:00:00,27.7,0.0,11.6
Bhubaneswar,icon,2026-09-26 08:00:00,28.2,0.0,12.7
Bhubaneswar,icon,2026-09-26 09:00:00,29.2,0.6,13.3
Bhubaneswar,icon,2026-09-26 10:00:00,29.7,0.1,13.8
Bhubaneswar,icon,2026-09-26 11:00:00,30.4,0.1,14.5
Bhubaneswar,icon,2026-09-26 12:00:00,31.6,0.0,15.3
Bhubaneswar,icon,2026-09-26 13:00:00,32.2,0.0,15.7
Bhubaneswar,icon,2026-09-26 14:00:00,32.0,0.0,15.7
Bhubaneswar,icon,2026-09-26 15:00:00,31.3,0.0,14.5
Bhubaneswar,icon,2026-09-26 16:00:00,30.4,0.0,12.6
Bhubaneswar,icon,2026-09-26 17:00:00,29.4,0.0,9.4
Bhubaneswar,icon,2026-09-26 18:00:00,28.6,0.0,7.7
Bhubaneswar,icon,2026-09-26 19:00:00,28.1,0.0,6.6
Bhubaneswar,icon,2026-09-26 20:00:00,27.8,0.0,6.2
Bhubaneswar,icon,2026-09-26 21:00:00,27.6,0.0,6.5
Bhubaneswar,icon,2026-09-26 22:00:00,27.4,0.0,7.3
Bhubaneswar,icon,2026-09-26 23:00:00,27.3,0.0,7.1
Chandigarh,ecmwf,2026-09-24 00:00:00,27.2,0.0,12.1
Chandigarh,ecmwf,2026-09-24 01:00:00,26.8,0.0,11.1
Chandigarh,ecmwf,2026-09-24 02:00:00,26.5,0.0,9.9
Chandigarh,ecmwf,2026-09-24 03:00:00,26.4,0.0,8.5
Chandigarh,ecmwf,2026-09-24 04:00:00,26.3,0.0,7.5
Chandigarh,ecmwf,2026-09-24 05:00:00,26.5,0.0,6.6
Chandigarh,ecmwf,2026-09-24 06:00:00,26.9,0.0,5.9
Chandigarh,ecmwf,2026-09-24 07:00:00,27.5,0.0,5.6
Chandigarh,ecmwf,2026-09-24 08:00:00,28.2,0.0,5.9
Chandigarh,ecmwf,2026-09-24 09:00:00,29.3,0.1,7.1
Chandigarh,ecmwf,2026-09-24 10:00:00,30.5,0.1,9.2
Chandigarh,ecmwf,2026-09-24 11:00:00,31.5,0.1,9.8
Chandigarh,ecmwf,2026-09-24 12:00:00,32.0,0.0,8.4
Chandigarh,ecmwf,2026-09-24 13:00:00,32.3,0.0,5.8
Chandigarh,ecmwf,2026-09-24 14:00:00,32.3,0.0,4.0
Chandigarh,ecmwf,2026-09-24 15:00:00,32.0,0.0,3.6
Chandigarh,ecmwf,2026-09-24 16:00:00,31.4,0.0,3.3
Chandigarh,ecmwf,2026-09-24 17:00:00,30.6,0.0,3.2
Chandigarh,ecmwf,2026-09-24 18:00:00,29.4,0.0,2.9
Chandigarh,ecmwf,2026-09-24 19:00:00,28.0,0.0,4.2
Chandigarh,ecmwf,2026-09-24 20:00:00,26.9,0.0,6.2
Chandigarh,ecmwf,2026-09-24 21:00:00,26.5,0.0,8.4
Chandigarh,ecmwf,2026-09-24 22:00:00,26.4,0.0,10.7
Chandigarh,ecmwf,2026-09-24 23:00:00,26.3,0.0,12.1
Chandigarh,ecmwf,2026-09-25 00:00:00,26.0,0.0,12.8
Chandigarh,ecmwf,2026-09-25 01:00:00,25.6,0.0,12.5
Chandigarh,ecmwf,2026-09-25 02:00:00,25.3,0.0,11.5
Chandigarh,ecmwf,2026-09-25 03:00:00,24.8,0.0,9.7
Chandigarh,ecmwf,2026-09-25 04:00:00,24.3,0.0,6.9
Chandigarh,ecmwf,2026-09-25 05:00:00,24.2,0.0,4.5
Chandigarh,ecmwf,2026-09-25 06:00:00,24.7,0.0,3.0
Chandigarh,ecmwf,2026-09-25 07:00:00,25.5,0.0,1.8
Chandigarh,ecmwf,2026-09-25 08:00:00,26.5,0.0,1.8
Chandigarh,ecmwf,2026-09-25 09:00:00,27.8,0.0,4.6
Chandigarh,ecmwf,2026-09-25 10:00:00,29.3,0.0,8.2
Chandigarh,ecmwf,2026-09-25 11:00:00,30.5,0.0,11.0
Chandigarh,ecmwf,2026-09-25 12:00:00,31.4,0.0,12.8
Chandigarh,ecmwf,2026-09-25 13:00:00,32.0,0.0,13.6
Chandigarh,ecmwf,2026-09-25 14:00:00,32.3,0.0,13.8
Chandigarh,ecmwf,2026-09-25 15:00:00,32.0,0.0,12.8
Chandigarh,ecmwf,2026-09-25 16:00:00,31.2,0.0,11.2
Chandigarh,ecmwf,2026-09-25 17:00:00,30.4,0.0,9.4
Chandigarh,ecmwf,2026-09-25 18:00:00,29.3,0.0,8.0
Chandigarh,ecmwf,2026-09-25 19:00:00,28.2,0.0,6.4
Chandigarh,ecmwf,2026-09-25 20:00:00,27.1,0.0,5.2
Chandigarh,ecmwf,2026-09-25 21:00:00,26.4,0.0,3.6
Chandigarh,ecmwf,2026-09-25 22:00:00,25.8,0.0,2.1
Chandigarh,ecmwf,2026-09-25 23:00:00,25.3,0.0,2.2
Chandigarh,ecmwf,2026-09-26 00:00:00,25.1,0.0,3.5
Chandigarh,ecmwf,2026-09-26 01:00:00,25.0,0.0,5.2
Chandigarh,ecmwf,2026-09-26 02:00:00,24.8,0.0,6.2
Chandigarh,ecmwf,2026-09-26 03:00:00,24.2,0.0,6.1
Chandigarh,ecmwf,2026-09-26 04:00:00,23.5,0.0,5.4
Chandigarh,ecmwf,2026-09-26 05:00:00,23.4,0.0,4.7
Chandigarh,ecmwf,2026-09-26 06:00:00,24.0,0.0,4.1
Chandigarh,ecmwf,2026-09-26 07:00:00,25.1,0.0,3.4
Chandigarh,ecmwf,2026-09-26 08:00:00,26.4,0.0,2.3
Chandigarh,ecmwf,2026-09-26 09:00:00,28.0,0.0,0.8
Chandigarh,ecmwf,2026-09-26 10:00:00,29.7,0.0,2.6
Chandigarh,ecmwf,2026-09-26 11:00:00,31.1,0.0,4.5
Chandigarh,ecmwf,2026-09-26 12:00:00,32.1,0.0,6.7
Chandigarh,ecmwf,2026-09-26 13:00:00,32.7,0.0,8.7
Chandigarh,ecmwf,2026-09-26 14:00:00,32.6,0.0,7.6
Chandigarh,ecmwf,2026-09-26 15:00:00,31.2,0.1,1.1
Chandigarh,ecmwf,2026-09-26 16:00:00,29.0,0.1,8.4
Chandigarh,ecmwf,2026-09-26 17:00:00,27.3,0.1,13.8
Chandigarh,ecmwf,2026-09-26 18:00:00,26.5,0.0,10.8
Chandigarh,ecmwf,2026-09-26 19:00:00,26.2,0.0,4.0
Chandigarh,ecmwf,2026-09-26 20:00:00,26.0,0.0,3.3
Chandigarh,ecmwf,2026-09-26 21:00:00,25.6,0.0,3.9
Chandigarh,ecmwf,2026-09-26 22:00:00,25.3,0.0,3.1
Chandigarh,ecmwf,2026-09-26 23:00:00,25.0,0.0,1.8
Chandigarh,gem,2026-09-24 00:00:00,24.3,0.0,10.4
Chandigarh,gem,2026-09-24 01:00:00,24.5,0.0,10.1
Chandigarh,gem,2026-09-24 02:00:00,24.7,0.0,9.7
Chandigarh,gem,2026-09-24 03:00:00,25.1,0.0,9.0
Chandigarh,gem,2026-09-24 04:00:00,25.6,0.0,8.3
Chandigarh,gem,2026-09-24 05:00:00,27.5,0.0,9.0
Chandigarh,gem,2026-09-24 06:00:00,26.0,0.0,7.6
Chandigarh,gem,2026-09-24 07:00:00,26.7,0.0,7.9
Chandigarh,gem,2026-09-24 08:00:00,28.8,0.0,8.6
Chandigarh,gem,2026-09-24 09:00:00,29.3,0.0,15.8
Chandigarh,gem,2026-09-24 10:00:00,29.7,0.0,18.7
Chandigarh,gem,2026-09-24 11:00:00,30.2,0.0,19.1
Chandigarh,gem,2026-09-24 12:00:00,30.6,0.0,17.6
Chandigarh,gem,2026-09-24 13:00:00,30.7,0.0,18.4
Chandigarh,gem,2026-09-24 14:00:00,30.6,0.0,16.6
Chandigarh,gem,2026-09-24 15:00:00,30.1,0.0,16.2
Chandigarh,gem,2026-09-24 16:00:00,29.3,0.0,16.2
Chandigarh,gem,2026-09-24 17:00:00,28.3,0.0,14.0
Chandigarh,gem,2026-09-24 18:00:00,26.8,0.0,10.4
Chandigarh,gem,2026-09-24 19:00:00,25.4,0.0,9.7
Chandigarh,gem,2026-09-24 20:00:00,24.5,0.0,9.0
Chandigarh,gem,2026-09-24 21:00:00,23.9,0.0,9.0
Chandigarh,gem,2026-09-24 22:00:00,23.6,0.0,9.7
Chandigarh,gem,2026-09-24 23:00:00,23.5,0.0,10.1
Chandigarh,gem,2026-09-25 00:00:00,23.7,0.0,10.4
Chandigarh,gem,2026-09-25 01:00:00,24.1,0.0,10.1
Chandigarh,gem,2026-09-25 02:00:00,24.5,0.1,7.6
Chandigarh,gem,2026-09-25 03:00:00,23.0,0.5,9.4
Chandigarh,gem,2026-09-25 04:00:00,21.7,0.4,9.7
Chandigarh,gem,2026-09-25 05:00:00,21.0,0.1,9.7
Chandigarh,gem,2026-09-25 06:00:00,21.1,0.0,7.6
Chandigarh,gem,2026-09-25 07:00:00,21.7,0.0,6.8
Chandigarh,gem,2026-09-25 08:00:00,22.9,0.0,4.0
Chandigarh,gem,2026-09-25 09:00:00,23.2,0.0,5.0
Chandigarh,gem,2026-09-25 10:00:00,23.5,0.0,4.3
Chandigarh,gem,2026-09-25 11:00:00,24.9,0.0,3.6
Chandigarh,gem,2026-09-25 12:00:00,26.2,0.0,3.6
Chandigarh,gem,2026-09-25 13:00:00,27.2,0.0,4.0
Chandigarh,gem,2026-09-25 14:00:00,28.0,0.0,4.7
Chandigarh,gem,2026-09-25 15:00:00,28.5,0.0,7.2
Chandigarh,gem,2026-09-25 16:00:00,28.5,0.0,8.6
Chandigarh,gem,2026-09-25 17:00:00,27.9,0.0,6.8
Chandigarh,gem,2026-09-25 18:00:00,26.2,0.0,3.2
Chandigarh,gem,2026-09-25 19:00:00,24.6,0.0,4.0
Chandigarh,gem,2026-09-25 20:00:00,23.4,0.0,7.6
Chandigarh,gem,2026-09-25 21:00:00,22.8,0.0,9.7
Chandigarh,gem,2026-09-25 22:00:00,22.5,0.0,9.0
Chandigarh,gem,2026-09-25 23:00:00,22.2,0.0,8.6
Chandigarh,gem,2026-09-26 00:00:00,21.9,0.0,8.3
Chandigarh,gem,2026-09-26 01:00:00,21.7,0.0,8.3
Chandigarh,gem,2026-09-26 02:00:00,21.5,0.0,7.6
Chandigarh,gem,2026-09-26 03:00:00,21.3,0.0,7.2
Chandigarh,gem,2026-09-26 04:00:00,21.1,0.0,7.2
Chandigarh,gem,2026-09-26 05:00:00,21.0,0.0,7.6
Chandigarh,gem,2026-09-26 06:00:00,21.0,0.0,7.2
Chandigarh,gem,2026-09-26 07:00:00,22.6,0.0,5.8
Chandigarh,gem,2026-09-26 08:00:00,25.4,0.0,1.4
Chandigarh,gem,2026-09-26 09:00:00,26.8,0.0,7.9
Chandigarh,gem,2026-09-26 10:00:00,28.1,0.0,10.4
Chandigarh,gem,2026-09-26 11:00:00,29.3,0.0,11.9
Chandigarh,gem,2026-09-26 12:00:00,30.3,0.0,12.2
Chandigarh,gem,2026-09-26 13:00:00,31.2,0.0,11.5
Chandigarh,gem,2026-09-26 14:00:00,31.7,0.0,9.7
Chandigarh,gem,2026-09-26 15:00:00,32.0,0.0,6.8
Chandigarh,gem,2026-09-26 16:00:00,32.2,0.0,1.1
Chandigarh,gem,2026-09-26 17:00:00,30.9,0.0,6.8
Chandigarh,gem,2026-09-26 18:00:00,28.6,0.1,10.8
Chandigarh,gem,2026-09-26 19:00:00,26.6,0.1,11.2
Chandigarh,gem,2026-09-26 20:00:00,25.5,0.0,11.9
Chandigarh,gem,2026-09-26 21:00:00,24.8,0.0,13.0
Chandigarh,gem,2026-09-26 22:00:00,24.4,0.0,13.3
Chandigarh,gem,2026-09-26 23:00:00,23.9,0.0,11.5
Chandigarh,gfs,2026-09-24 00:00:00,23.6,0.0,7.8
Chandigarh,gfs,2026-09-24 01:00:00,23.5,0.0,8.5
Chandigarh,gfs,2026-09-24 02:00:00,23.3,0.0,9.0
Chandigarh,gfs,2026-09-24 03:00:00,23.0,0.0,8.4
Chandigarh,gfs,2026-09-24 04:00:00,22.9,0.0,7.0
Chandigarh,gfs,2026-09-24 05:00:00,22.9,0.0,6.5
Chandigarh,gfs,2026-09-24 06:00:00,23.1,0.0,6.8
Chandigarh,gfs,2026-09-24 07:00:00,25.3,0.0,6.5
Chandigarh,gfs,2026-09-24 08:00:00,27.9,0.0,8.2
Chandigarh,gfs,2026-09-24 09:00:00,30.0,0.0,10.9
Chandigarh,gfs,2026-09-24 10:00:00,31.6,0.0,13.1
Chandigarh,gfs,2026-09-24 11:00:00,32.2,0.0,14.8
Chandigarh,gfs,2026-09-24 12:00:00,33.0,0.0,13.0
Chandigarh,gfs,2026-09-24 13:00:00,33.4,0.0,11.6
Chandigarh,gfs,2026-09-24 14:00:00,33.5,0.0,9.8
Chandigarh,gfs,2026-09-24 15:00:00,33.6,0.0,7.8
Chandigarh,gfs,2026-09-24 16:00:00,33.4,0.0,9.2
Chandigarh,gfs,2026-09-24 17:00:00,31.2,0.0,14.4
Chandigarh,gfs,2026-09-24 18:00:00,28.1,0.0,15.1
Chandigarh,gfs,2026-09-24 19:00:00,26.7,0.0,13.5
Chandigarh,gfs,2026-09-24 20:00:00,26.0,0.0,11.4
Chandigarh,gfs,2026-09-24 21:00:00,25.5,0.0,9.6
Chandigarh,gfs,2026-09-24 22:00:00,25.2,0.0,10.6
Chandigarh,gfs,2026-09-24 23:00:00,25.0,0.0,11.2
Chandigarh,gfs,2026-09-25 00:00:00,24.6,0.0,11.4
Chandigarh,gfs,2026-09-25 01:00:00,24.2,0.0,11.8
Chandigarh,gfs,2026-09-25 02:00:00,23.8,0.0,11.9
Chandigarh,gfs,2026-09-25 03:00:00,23.3,0.0,12.6
Chandigarh,gfs,2026-09-25 04:00:00,22.8,0.1,12.5
Chandigarh,gfs,2026-09-25 05:00:00,22.5,0.1,11.9
Chandigarh,gfs,2026-09-25 06:00:00,22.1,0.2,12.2
Chandigarh,gfs,2026-09-25 07:00:00,23.8,0.0,14.0
Chandigarh,gfs,2026-09-25 08:00:00,25.6,0.0,19.7
Chandigarh,gfs,2026-09-25 09:00:00,27.3,0.0,20.7
Chandigarh,gfs,2026-09-25 10:00:00,28.8,0.0,18.4
Chandigarh,gfs,2026-09-25 11:00:00,30.3,0.0,15.6
Chandigarh,gfs,2026-09-25 12:00:00,31.3,0.0,11.6
Chandigarh,gfs,2026-09-25 13:00:00,32.5,0.0,7.3
Chandigarh,gfs,2026-09-25 14:00:00,33.8,0.0,8.4
Chandigarh,gfs,2026-09-25 15:00:00,34.5,0.0,11.5
Chandigarh,gfs,2026-09-25 16:00:00,34.0,0.0,14.5
Chandigarh,gfs,2026-09-25 17:00:00,31.4,0.0,12.7
Chandigarh,gfs,2026-09-25 18:00:00,28.4,0.0,10.6
Chandigarh,gfs,2026-09-25 19:00:00,26.7,0.0,14.5
Chandigarh,gfs,2026-09-25 20:00:00,26.1,0.0,14.9
Chandigarh,gfs,2026-09-25 21:00:00,25.6,0.0,13.4
Chandigarh,gfs,2026-09-25 22:00:00,25.6,0.0,15.5
Chandigarh,gfs,2026-09-25 23:00:00,25.4,0.0,16.3
Chandigarh,gfs,2026-09-26 00:00:00,24.6,0.0,16.6
Chandigarh,gfs,2026-09-26 01:00:00,24.0,0.0,18.6
Chandigarh,gfs,2026-09-26 02:00:00,23.5,0.0,17.1
Chandigarh,gfs,2026-09-26 03:00:00,23.2,0.0,13.2
Chandigarh,gfs,2026-09-26 04:00:00,22.7,0.0,8.6
Chandigarh,gfs,2026-09-26 05:00:00,22.4,0.0,6.1
Chandigarh,gfs,2026-09-26 06:00:00,22.4,0.0,7.1
Chandigarh,gfs,2026-09-26 07:00:00,24.4,0.0,7.2
Chandigarh,gfs,2026-09-26 08:00:00,26.5,0.0,7.7
Chandigarh,gfs,2026-09-26 09:00:00,28.3,0.0,8.6
Chandigarh,gfs,2026-09-26 10:00:00,29.9,0.0,8.0
Chandigarh,gfs,2026-09-26 11:00:00,32.1,0.0,3.8
Chandigarh,gfs,2026-09-26 12:00:00,33.5,0.0,3.3
Chandigarh,gfs,2026-09-26 13:00:00,34.5,0.0,1.8
Chandigarh,gfs,2026-09-26 14:00:00,34.9,0.0,5.4
Chandigarh,gfs,2026-09-26 15:00:00,35.0,0.0,7.0
Chandigarh,gfs,2026-09-26 16:00:00,33.8,0.0,15.2
Chandigarh,gfs,2026-09-26 17:00:00,29.7,0.0,22.4
Chandigarh,gfs,2026-09-26 18:00:00,26.9,0.0,20.3
Chandigarh,gfs,2026-09-26 19:00:00,25.7,0.0,22.1
Chandigarh,gfs,2026-09-26 20:00:00,24.6,0.0,23.9
Chandigarh,gfs,2026-09-26 21:00:00,23.6,0.0,26.7
Chandigarh,gfs,2026-09-26 22:00:00,22.7,0.0,22.7
Chandigarh,gfs,2026-09-26 23:00:00,22.0,0.0,14.6
Chandigarh,icon,2026-09-24 00:00:00,25.7,0.0,5.1
Chandigarh,icon,2026-09-24 01:00:00,25.6,0.0,4.7
Chandigarh,icon,2026-09-24 02:00:00,25.6,0.0,4.3
Chandigarh,icon,2026-09-24 03:00:00,25.8,0.0,4.0
Chandigarh,icon,2026-09-24 04:00:00,25.8,0.0,3.7
Chandigarh,icon,2026-09-24 05:00:00,26.0,0.0,3.4
Chandigarh,icon,2026-09-24 06:00:00,25.4,0.0,3.5
Chandigarh,icon,2026-09-24 07:00:00,25.9,0.0,3.1
Chandigarh,icon,2026-09-24 08:00:00,27.9,0.0,3.0
Chandigarh,icon,2026-09-24 09:00:00,29.5,0.0,6.4
Chandigarh,icon,2026-09-24 10:00:00,30.0,0.1,7.2
Chandigarh,icon,2026-09-24 11:00:00,31.5,0.0,7.6
Chandigarh,icon,2026-09-24 12:00:00,32.1,0.0,6.7
Chandigarh,icon,2026-09-24 13:00:00,32.6,0.0,5.5
Chandigarh,icon,2026-09-24 14:00:00,32.9,0.0,3.4
Chandigarh,icon,2026-09-24 15:00:00,32.7,0.0,2.9
Chandigarh,icon,2026-09-24 16:00:00,32.4,0.0,3.4
Chandigarh,icon,2026-09-24 17:00:00,31.6,0.0,2.8
Chandigarh,icon,2026-09-24 18:00:00,30.2,0.0,2.6
Chandigarh,icon,2026-09-24 19:00:00,28.5,0.0,3.4
Chandigarh,icon,2026-09-24 20:00:00,27.4,0.0,4.2
Chandigarh,icon,2026-09-24 21:00:00,26.7,0.0,4.7
Chandigarh,icon,2026-09-24 22:00:00,26.3,0.0,4.9
Chandigarh,icon,2026-09-24 23:00:00,26.0,0.0,5.1
Chandigarh,icon,2026-09-25 00:00:00,25.8,0.0,5.1
Chandigarh,icon,2026-09-25 01:00:00,25.8,0.0,4.7
Chandigarh,icon,2026-09-25 02:00:00,25.8,0.0,5.2
Chandigarh,icon,2026-09-25 03:00:00,25.7,0.0,5.2
Chandigarh,icon,2026-09-25 04:00:00,25.5,0.0,5.0
Chandigarh,icon,2026-09-25 05:00:00,25.3,0.0,4.0
Chandigarh,icon,2026-09-25 06:00:00,25.0,0.0,4.3
Chandigarh,icon,2026-09-25 07:00:00,25.3,0.0,4.3
Chandigarh,icon,2026-09-25 08:00:00,26.0,0.0,6.6
Chandigarh,icon,2026-09-25 09:00:00,26.5,0.0,9.4
Chandigarh,icon,2026-09-25 10:00:00,27.4,0.0,8.9
Chandigarh,icon,2026-09-25 11:00:00,28.2,0.0,8.3
Chandigarh,icon,2026-09-25 12:00:00,29.1,0.0,6.6
Chandigarh,icon,2026-09-25 13:00:00,30.0,0.0,5.6
Chandigarh,icon,2026-09-25 14:00:00,30.6,0.0,5.2
Chandigarh,icon,2026-09-25 15:00:00,30.9,0.0,5.2
Chandigarh,icon,2026-09-25 16:00:00,30.7,0.0,4.4
Chandigarh,icon,2026-09-25 17:00:00,30.1,0.0,3.3
Chandigarh,icon,2026-09-25 18:00:00,29.2,0.0,0.5
Chandigarh,icon,2026-09-25 19:00:00,28.9,0.0,2.9
Chandigarh,icon,2026-09-25 20:00:00,27.4,0.0,4.1
Chandigarh,icon,2026-09-25 21:00:00,26.8,0.0,5.1
Chandigarh,icon,2026-09-25 22:00:00,26.5,0.0,4.4
Chandigarh,icon,2026-09-25 23:00:00,26.3,0.0,4.0
Chandigarh,icon,2026-09-26 00:00:00,25.9,0.0,4.3
Chandigarh,icon,2026-09-26 01:00:00,25.5,0.0,4.3
Chandigarh,icon,2026-09-26 02:00:00,25.0,0.0,4.7
Chandigarh,icon,2026-09-26 03:00:00,24.6,0.0,3.2
Chandigarh,icon,2026-09-26 04:00:00,24.4,0.0,1.8
Chandigarh,icon,2026-09-26 05:00:00,24.3,0.0,0.8
Chandigarh,icon,2026-09-26 06:00:00,24.2,0.0,1.4
Chandigarh,icon,2026-09-26 07:00:00,24.3,0.0,2.5
Chandigarh,icon,2026-09-26 08:00:00,24.7,0.1,2.2
Chandigarh,icon,2026-09-26 09:00:00,25.7,0.0,5.1
Chandigarh,icon,2026-09-26 10:00:00,26.8,0.0,5.8
Chandigarh,icon,2026-09-26 11:00:00,27.9,0.0,4.5
Chandigarh,icon,2026-09-26 12:00:00,28.8,0.0,5.5
Chandigarh,icon,2026-09-26 13:00:00,29.4,0.0,5.4
Chandigarh,icon,2026-09-26 14:00:00,30.1,0.0,2.9
Chandigarh,icon,2026-09-26 15:00:00,30.3,0.0,4.5
Chandigarh,icon,2026-09-26 16:00:00,29.9,0.0,5.3
Chandigarh,icon,2026-09-26 17:00:00,29.1,0.0,6.3
Chandigarh,icon,2026-09-26 18:00:00,27.6,0.0,6.4
Chandigarh,icon,2026-09-26 19:00:00,26.7,0.0,5.1
Chandigarh,icon,2026-09-26 20:00:00,25.9,0.0,3.8
Chandigarh,icon,2026-09-26 21:00:00,25.4,0.0,3.4
Chandigarh,icon,2026-09-26 22:00:00,24.8,0.0,4.7
Chandigarh,icon,2026-09-26 23:00:00,24.1,0.0,5.5
Chennai,ecmwf,2026-09-24 00:00:00,29.3,0.0,14.3
Chennai,ecmwf,2026-09-24 01:00:00,29.1,0.0,16.4
Chennai,ecmwf,2026-09-24 02:00:00,28.9,0.0,17.8
Chennai,ecmwf,2026-09-24 03:00:00,28.7,0.0,18.0
Chennai,ecmwf,2026-09-24 04:00:00,28.4,0.0,17.9
Chennai,ecmwf,2026-09-24 05:00:00,28.3,0.0,17.9
Chennai,ecmwf,2026-09-24 06:00:00,28.2,0.0,18.4
Chennai,ecmwf,2026-09-24 07:00:00,28.2,0.0,18.8
Chennai,ecmwf,2026-09-24 08:00:00,28.6,0.0,19.5
Chennai,ecmwf,2026-09-24 09:00:00,30.0,0.0,20.2
Chennai,ecmwf,2026-09-24 10:00:00,31.9,0.0,21.1
Chennai,ecmwf,2026-09-24 11:00:00,33.3,0.0,21.3
Chennai,ecmwf,2026-09-24 12:00:00,33.9,0.0,20.3
Chennai,ecmwf,2026-09-24 13:00:00,34.1,0.0,18.6
Chennai,ecmwf,2026-09-24 14:00:00,34.1,0.0,17.1
Chennai,ecmwf,2026-09-24 15:00:00,33.8,0.0,16.6
Chennai,ecmwf,2026-09-24 16:00:00,33.4,0.0,16.8
Chennai,ecmwf,2026-09-24 17:00:00,32.8,0.0,16.6
Chennai,ecmwf,2026-09-24 18:00:00,32.3,0.0,15.3
Chennai,ecmwf,2026-09-24 19:00:00,31.6,0.0,13.2
Chennai,ecmwf,2026-09-24 20:00:00,31.0,0.0,12.1
Chennai,ecmwf,2026-09-24 21:00:00,30.3,0.0,11.3
Chennai,ecmwf,2026-09-24 22:00:00,29.6,0.0,11.0
Chennai,ecmwf,2026-09-24 23:00:00,29.0,0.0,11.1
Chennai,ecmwf,2026-09-25 00:00:00,28.8,0.0,12.2
Chennai,ecmwf,2026-09-25 01:00:00,28.8,0.0,14.4
Chennai,ecmwf,2026-09-25 02:00:00,28.8,0.0,15.8
Chennai,ecmwf,2026-09-25 03:00:00,28.5,0.0,16.8
Chennai,ecmwf,2026-09-25 04:00:00,28.3,0.0,17.1
Chennai,ecmwf,2026-09-25 05:00:00,28.3,0.0,17.1
Chennai,ecmwf,2026-09-25 06:00:00,28.6,0.0,16.5
Chennai,ecmwf,2026-09-25 07:00:00,29.2,0.0,15.1
Chennai,ecmwf,2026-09-25 08:00:00,30.0,0.0,14.8
Chennai,ecmwf,2026-09-25 09:00:00,31.3,0.0,15.0
Chennai,ecmwf,2026-09-25 10:00:00,32.7,0.0,15.6
Chennai,ecmwf,2026-09-25 11:00:00,33.9,0.0,15.9
Chennai,ecmwf,2026-09-25 12:00:00,34.8,0.0,15.3
Chennai,ecmwf,2026-09-25 13:00:00,35.4,0.0,14.3
Chennai,ecmwf,2026-09-25 14:00:00,35.5,0.0,13.8
Chennai,ecmwf,2026-09-25 15:00:00,34.9,0.1,13.8
Chennai,ecmwf,2026-09-25 16:00:00,33.7,0.1,14.1
Chennai,ecmwf,2026-09-25 17:00:00,32.4,0.1,13.9
Chennai,ecmwf,2026-09-25 18:00:00,30.8,0.3,12.8
Chennai,ecmwf,2026-09-25 19:00:00,29.1,0.3,11.2
Chennai,ecmwf,2026-09-25 20:00:00,27.8,0.3,10.1
Chennai,ecmwf,2026-09-25 21:00:00,27.3,0.0,9.7
Chennai,ecmwf,2026-09-25 22:00:00,27.2,0.0,10.0
Chennai,ecmwf,2026-09-25 23:00:00,27.2,0.0,10.0
Chennai,ecmwf,2026-09-26 00:00:00,27.2,0.0,9.9
Chennai,ecmwf,2026-09-26 01:00:00,27.2,0.0,9.7
Chennai,ecmwf,2026-09-26 02:00:00,27.2,0.0,9.7
Chennai,ecmwf,2026-09-26 03:00:00,27.0,0.0,9.9
Chennai,ecmwf,2026-09-26 04:00:00,26.7,0.0,10.0
Chennai,ecmwf,2026-09-26 05:00:00,26.8,0.0,10.7
Chennai,ecmwf,2026-09-26 06:00:00,27.6,0.0,11.6
Chennai,ecmwf,2026-09-26 07:00:00,28.9,0.0,12.3
Chennai,ecmwf,2026-09-26 08:00:00,30.2,0.0,12.9
Chennai,ecmwf,2026-09-26 09:00:00,31.8,0.0,13.1
Chennai,ecmwf,2026-09-26 10:00:00,33.4,0.0,13.0
Chennai,ecmwf,2026-09-26 11:00:00,34.5,0.0,11.2
Chennai,ecmwf,2026-09-26 12:00:00,34.9,0.1,6.4
Chennai,ecmwf,2026-09-26 13:00:00,34.7,0.1,4.5
Chennai,ecmwf,2026-09-26 14:00:00,34.0,0.1,8.2
Chennai,ecmwf,2026-09-26 15:00:00,32.5,1.1,8.4
Chennai,ecmwf,2026-09-26 16:00:00,30.5,1.1,7.9
Chennai,ecmwf,2026-09-26 17:00:00,28.9,1.1,8.9
Chennai,ecmwf,2026-09-26 18:00:00,28.3,0.4,9.6
Chennai,ecmwf,2026-09-26 19:00:00,28.1,0.4,10.2
Chennai,ecmwf,2026-09-26 20:00:00,27.9,0.4,10.5
Chennai,ecmwf,2026-09-26 21:00:00,27.8,0.0,10.2
Chennai,ecmwf,2026-09-26 22:00:00,27.7,0.0,9.9
Chennai,ecmwf,2026-09-26 23:00:00,27.6,0.0,9.7
Chennai,gem,2026-09-24 00:00:00,28.9,0.0,18.0
Chennai,gem,2026-09-24 01:00:00,28.6,0.0,16.9
Chennai,gem,2026-09-24 02:00:00,28.4,0.0,17.3
Chennai,gem,2026-09-24 03:00:00,28.3,0.0,21.2
Chennai,gem,2026-09-24 04:00:00,27.9,0.0,19.8
Chennai,gem,2026-09-24 05:00:00,27.9,0.0,17.3
Chennai,gem,2026-09-24 06:00:00,27.7,0.0,21.6
Chennai,gem,2026-09-24 07:00:00,28.6,0.0,22.3
Chennai,gem,2026-09-24 08:00:00,29.7,0.0,23.0
Chennai,gem,2026-09-24 09:00:00,30.1,0.0,23.4
Chennai,gem,2026-09-24 10:00:00,31.6,0.0,24.1
Chennai,gem,2026-09-24 11:00:00,32.8,0.0,22.0
Chennai,gem,2026-09-24 12:00:00,34.1,0.0,20.2
Chennai,gem,2026-09-24 13:00:00,34.8,0.0,19.4
Chennai,gem,2026-09-24 14:00:00,34.3,0.4,21.6
Chennai,gem,2026-09-24 15:00:00,31.5,0.8,8.3
Chennai,gem,2026-09-24 16:00:00,32.5,0.2,10.1
Chennai,gem,2026-09-24 17:00:00,31.4,0.5,9.4
Chennai,gem,2026-09-24 18:00:00,31.1,0.1,11.2
Chennai,gem,2026-09-24 19:00:00,29.8,0.2,34.2
Chennai,gem,2026-09-24 20:00:00,26.7,1.4,20.5
Chennai,gem,2026-09-24 21:00:00,28.3,0.0,23.4
Chennai,gem,2026-09-24 22:00:00,28.2,0.0,27.0
Chennai,gem,2026-09-24 23:00:00,28.9,0.0,28.4
Chennai,gem,2026-09-25 00:00:00,28.7,0.0,25.2
Chennai,gem,2026-09-25 01:00:00,28.3,0.0,25.9
Chennai,gem,2026-09-25 02:00:00,28.2,0.0,23.8
Chennai,gem,2026-09-25 03:00:00,28.3,0.0,22.7
Chennai,gem,2026-09-25 04:00:00,28.2,0.0,20.9
Chennai,gem,2026-09-25 05:00:00,28.1,0.0,20.2
Chennai,gem,2026-09-25 06:00:00,28.1,0.0,19.8
Chennai,gem,2026-09-25 07:00:00,28.9,0.0,20.5
Chennai,gem,2026-09-25 08:00:00,30.0,0.0,22.7
Chennai,gem,2026-09-25 09:00:00,31.2,0.0,25.6
Chennai,gem,2026-09-25 10:00:00,32.4,0.0,24.5
Chennai,gem,2026-09-25 11:00:00,33.5,0.0,22.7
Chennai,gem,2026-09-25 12:00:00,34.3,0.0,20.2
Chennai,gem,2026-09-25 13:00:00,34.9,0.0,17.6
Chennai,gem,2026-09-25 14:00:00,35.0,0.1,16.6
Chennai,gem,2026-09-25 15:00:00,34.4,0.3,13.0
Chennai,gem,2026-09-25 16:00:00,33.3,0.2,5.0
Chennai,gem,2026-09-25 17:00:00,29.9,0.7,15.5
Chennai,gem,2026-09-25 18:00:00,27.6,0.6,14.0
Chennai,gem,2026-09-25 19:00:00,27.2,0.1,10.4
Chennai,gem,2026-09-25 20:00:00,26.2,0.8,16.9
Chennai,gem,2026-09-25 21:00:00,26.2,0.1,13.7
Chennai,gem,2026-09-25 22:00:00,26.1,0.0,6.5
Chennai,gem,2026-09-25 23:00:00,26.3,0.0,4.3
Chennai,gem,2026-09-26 00:00:00,26.7,0.0,10.4
Chennai,gem,2026-09-26 01:00:00,26.9,0.0,13.3
Chennai,gem,2026-09-26 02:00:00,27.1,0.0,14.4
Chennai,gem,2026-09-26 03:00:00,27.2,0.0,14.4
Chennai,gem,2026-09-26 04:00:00,27.2,0.0,14.4
Chennai,gem,2026-09-26 05:00:00,27.2,0.0,13.0
Chennai,gem,2026-09-26 06:00:00,27.4,0.0,13.0
Chennai,gem,2026-09-26 07:00:00,28.2,0.0,15.1
Chennai,gem,2026-09-26 08:00:00,29.7,0.0,15.8
Chennai,gem,2026-09-26 09:00:00,31.0,0.0,15.5
Chennai,gem,2026-09-26 10:00:00,32.1,0.0,14.4
Chennai,gem,2026-09-26 11:00:00,33.0,0.0,11.5
Chennai,gem,2026-09-26 12:00:00,33.8,0.0,7.9
Chennai,gem,2026-09-26 13:00:00,34.1,0.0,7.2
Chennai,gem,2026-09-26 14:00:00,33.0,0.3,10.1
Chennai,gem,2026-09-26 15:00:00,30.0,1.8,12.2
Chennai,gem,2026-09-26 16:00:00,29.0,1.3,10.8
Chennai,gem,2026-09-26 17:00:00,28.2,0.1,10.4
Chennai,gem,2026-09-26 18:00:00,27.3,0.1,9.0
Chennai,gem,2026-09-26 19:00:00,26.6,0.3,10.4
Chennai,gem,2026-09-26 20:00:00,25.9,0.7,9.7
Chennai,gem,2026-09-26 21:00:00,26.3,0.1,7.2
Chennai,gem,2026-09-26 22:00:00,26.8,0.0,9.7
Chennai,gem,2026-09-26 23:00:00,27.2,0.0,14.0
Chennai,gfs,2026-09-24 00:00:00,29.1,0.0,17.6
Chennai,gfs,2026-09-24 01:00:00,28.9,0.0,17.3
Chennai,gfs,2026-09-24 02:00:00,28.5,0.0,19.4
Chennai,gfs,2026-09-24 03:00:00,27.3,0.3,21.6
Chennai,gfs,2026-09-24 04:00:00,26.1,1.1,20.3
Chennai,gfs,2026-09-24 05:00:00,26.3,1.4,15.7
Chennai,gfs,2026-09-24 06:00:00,26.4,0.5,15.4
Chennai,gfs,2026-09-24 07:00:00,27.3,0.5,17.4
Chennai,gfs,2026-09-24 08:00:00,27.8,1.2,21.7
Chennai,gfs,2026-09-24 09:00:00,30.2,0.2,27.7
Chennai,gfs,2026-09-24 10:00:00,32.0,0.0,28.1
Chennai,gfs,2026-09-24 11:00:00,35.5,0.0,24.4
Chennai,gfs,2026-09-24 12:00:00,36.0,0.7,21.0
Chennai,gfs,2026-09-24 13:00:00,34.3,0.3,7.5
Chennai,gfs,2026-09-24 14:00:00,32.8,0.1,11.9
Chennai,gfs,2026-09-24 15:00:00,32.4,0.1,8.2
Chennai,gfs,2026-09-24 16:00:00,30.9,0.0,20.5
Chennai,gfs,2026-09-24 17:00:00,30.4,0.0,21.7
Chennai,gfs,2026-09-24 18:00:00,30.7,0.0,18.2
Chennai,gfs,2026-09-24 19:00:00,30.9,0.0,15.6
Chennai,gfs,2026-09-24 20:00:00,29.3,1.5,15.0
Chennai,gfs,2026-09-24 21:00:00,28.6,0.9,14.3
Chennai,gfs,2026-09-24 22:00:00,28.9,0.2,13.0
Chennai,gfs,2026-09-24 23:00:00,28.2,0.0,14.6
Chennai,gfs,2026-09-25 00:00:00,27.8,0.0,14.1
Chennai,gfs,2026-09-25 01:00:00,27.8,0.0,15.8
Chennai,gfs,2026-09-25 02:00:00,27.9,0.0,22.2
Chennai,gfs,2026-09-25 03:00:00,27.8,0.0,22.1
Chennai,gfs,2026-09-25 04:00:00,27.0,0.5,19.2
Chennai,gfs,2026-09-25 05:00:00,26.8,0.2,17.0
Chennai,gfs,2026-09-25 06:00:00,26.8,0.2,16.3
Chennai,gfs,2026-09-25 07:00:00,27.9,0.0,19.8
Chennai,gfs,2026-09-25 08:00:00,28.7,0.0,21.7
Chennai,gfs,2026-09-25 09:00:00,29.6,0.0,24.9
Chennai,gfs,2026-09-25 10:00:00,31.5,0.0,26.4
Chennai,gfs,2026-09-25 11:00:00,34.2,0.0,24.8
Chennai,gfs,2026-09-25 12:00:00,36.0,0.0,22.6
Chennai,gfs,2026-09-25 13:00:00,36.5,0.0,21.3
Chennai,gfs,2026-09-25 14:00:00,36.7,0.1,19.6
Chennai,gfs,2026-09-25 15:00:00,35.7,0.1,17.4
Chennai,gfs,2026-09-25 16:00:00,35.3,0.0,13.6
Chennai,gfs,2026-09-25 17:00:00,34.5,0.0,9.5
Chennai,gfs,2026-09-25 18:00:00,31.7,0.0,13.0
Chennai,gfs,2026-09-25 19:00:00,31.7,0.0,8.2
Chennai,gfs,2026-09-25 20:00:00,31.8,0.0,9.9
Chennai,gfs,2026-09-25 21:00:00,31.0,0.0,11.6
Chennai,gfs,2026-09-25 22:00:00,30.8,0.0,8.9
Chennai,gfs,2026-09-25 23:00:00,30.8,0.0,8.0
Chennai,gfs,2026-09-26 00:00:00,30.4,0.0,10.9
Chennai,gfs,2026-09-26 01:00:00,29.7,0.0,12.7
Chennai,gfs,2026-09-26 02:00:00,29.7,0.0,16.6
Chennai,gfs,2026-09-26 03:00:00,29.3,0.0,19.3
Chennai,gfs,2026-09-26 04:00:00,28.8,0.0,18.7
Chennai,gfs,2026-09-26 05:00:00,28.7,0.0,19.6
Chennai,gfs,2026-09-26 06:00:00,28.7,0.0,19.5
Chennai,gfs,2026-09-26 07:00:00,29.3,0.0,19.4
Chennai,gfs,2026-09-26 08:00:00,30.4,0.0,20.2
Chennai,gfs,2026-09-26 09:00:00,31.4,0.0,21.6
Chennai,gfs,2026-09-26 10:00:00,33.1,0.0,20.9
Chennai,gfs,2026-09-26 11:00:00,34.4,0.0,21.6
Chennai,gfs,2026-09-26 12:00:00,34.7,0.0,19.5
Chennai,gfs,2026-09-26 13:00:00,35.1,0.0,16.0
Chennai,gfs,2026-09-26 14:00:00,36.0,0.0,13.2
Chennai,gfs,2026-09-26 15:00:00,36.5,0.0,9.8
Chennai,gfs,2026-09-26 16:00:00,36.3,0.0,6.3
Chennai,gfs,2026-09-26 17:00:00,34.1,0.0,10.0
Chennai,gfs,2026-09-26 18:00:00,32.0,0.0,15.1
Chennai,gfs,2026-09-26 19:00:00,31.0,0.0,12.9
Chennai,gfs,2026-09-26 20:00:00,30.8,0.0,13.2
Chennai,gfs,2026-09-26 21:00:00,29.6,0.0,16.4
Chennai,gfs,2026-09-26 22:00:00,29.1,0.0,14.8
Chennai,gfs,2026-09-26 23:00:00,28.7,0.0,15.4
Chennai,icon,2026-09-24 00:00:00,29.0,0.0,7.3
Chennai,icon,2026-09-24 01:00:00,28.5,0.0,7.6
Chennai,icon,2026-09-24 02:00:00,28.2,0.0,7.3
Chennai,icon,2026-09-24 03:00:00,27.9,0.0,7.8
Chennai,icon,2026-09-24 04:00:00,27.7,0.0,8.9
Chennai,icon,2026-09-24 05:00:00,27.6,0.0,8.7
Chennai,icon,2026-09-24 06:00:00,27.1,0.0,8.5
Chennai,icon,2026-09-24 07:00:00,27.3,0.0,9.0
Chennai,icon,2026-09-24 08:00:00,28.4,0.0,10.5
Chennai,icon,2026-09-24 09:00:00,30.0,0.0,12.8
Chennai,icon,2026-09-24 10:00:00,31.9,0.0,14.6
Chennai,icon,2026-09-24 11:00:00,33.3,0.0,14.5
Chennai,icon,2026-09-24 12:00:00,34.3,0.0,14.0
Chennai,icon,2026-09-24 13:00:00,35.4,0.0,13.9
Chennai,icon,2026-09-24 14:00:00,35.8,0.0,13.9
Chennai,icon,2026-09-24 15:00:00,36.0,0.0,12.7
Chennai,icon,2026-09-24 16:00:00,35.7,0.0,10.3
Chennai,icon,2026-09-24 17:00:00,32.8,0.1,9.5
Chennai,icon,2026-09-24 18:00:00,32.0,0.0,2.7
Chennai,icon,2026-09-24 19:00:00,31.4,0.0,3.4
Chennai,icon,2026-09-24 20:00:00,31.1,0.0,3.1
Chennai,icon,2026-09-24 21:00:00,30.8,0.0,4.3
Chennai,icon,2026-09-24 22:00:00,30.5,0.0,3.7
Chennai,icon,2026-09-24 23:00:00,29.7,0.0,5.1
Chennai,icon,2026-09-25 00:00:00,28.9,0.0,6.6
Chennai,icon,2026-09-25 01:00:00,28.4,0.0,7.1
Chennai,icon,2026-09-25 02:00:00,28.1,0.0,7.6
Chennai,icon,2026-09-25 03:00:00,27.8,0.0,8.4
Chennai,icon,2026-09-25 04:00:00,27.5,0.0,8.2
Chennai,icon,2026-09-25 05:00:00,27.2,0.0,7.9
Chennai,icon,2026-09-25 06:00:00,26.9,0.0,8.4
Chennai,icon,2026-09-25 07:00:00,27.3,0.0,8.7
Chennai,icon,2026-09-25 08:00:00,28.3,0.0,9.7
Chennai,icon,2026-09-25 09:00:00,29.8,0.0,9.8
Chennai,icon,2026-09-25 10:00:00,31.5,0.0,11.9
Chennai,icon,2026-09-25 11:00:00,32.6,0.0,12.2
Chennai,icon,2026-09-25 12:00:00,33.2,0.0,11.8
Chennai,icon,2026-09-25 13:00:00,33.9,0.0,12.1
Chennai,icon,2026-09-25 14:00:00,34.5,0.0,12.2
Chennai,icon,2026-09-25 15:00:00,35.0,0.0,11.7
Chennai,icon,2026-09-25 16:00:00,34.7,0.0,11.0
Chennai,icon,2026-09-25 17:00:00,33.6,0.0,10.1
Chennai,icon,2026-09-25 18:00:00,32.4,0.0,8.9
Chennai,icon,2026-09-25 19:00:00,31.6,0.0,8.6
Chennai,icon,2026-09-25 20:00:00,31.2,0.0,8.5
Chennai,icon,2026-09-25 21:00:00,30.9,0.0,8.9
Chennai,icon,2026-09-25 22:00:00,30.2,0.0,8.4
Chennai,icon,2026-09-25 23:00:00,29.6,0.0,7.2
Chennai,icon,2026-09-26 00:00:00,28.9,0.0,6.9
Chennai,icon,2026-09-26 01:00:00,28.4,0.0,6.2
Chennai,icon,2026-09-26 02:00:00,27.9,0.0,6.9
Chennai,icon,2026-09-26 03:00:00,27.6,0.0,6.9
Chennai,icon,2026-09-26 04:00:00,27.4,0.0,6.7
Chennai,icon,2026-09-26 05:00:00,27.1,0.0,6.7
Chennai,icon,2026-09-26 06:00:00,26.9,0.0,6.5
Chennai,icon,2026-09-26 07:00:00,27.9,0.0,7.0
Chennai,icon,2026-09-26 08:00:00,29.7,0.0,9.2
Chennai,icon,2026-09-26 09:00:00,31.5,0.0,12.4
Chennai,icon,2026-09-26 10:00:00,33.0,0.0,11.3
Chennai,icon,2026-09-26 11:00:00,34.3,0.0,9.7
Chennai,icon,2026-09-26 12:00:00,35.4,0.0,8.6
Chennai,icon,2026-09-26 13:00:00,36.1,0.0,7.6
Chennai,icon,2026-09-26 14:00:00,36.7,0.0,6.2
Chennai,icon,2026-09-26 15:00:00,36.9,0.0,3.3
Chennai,icon,2026-09-26 16:00:00,36.8,0.0,0.5
Chennai,icon,2026-09-26 17:00:00,35.2,0.0,7.0
Chennai,icon,2026-09-26 18:00:00,31.3,0.0,9.9
Chennai,icon,2026-09-26 19:00:00,30.3,0.0,8.6
Chennai,icon,2026-09-26 20:00:00,30.0,0.0,6.6
Chennai,icon,2026-09-26 21:00:00,29.7,0.0,5.0
Chennai,icon,2026-09-26 22:00:00,29.4,0.0,3.8
Chennai,icon,2026-09-26 23:00:00,29.1,0.0,6.8
Coimbatore,ecmwf,2026-09-24 00:00:00,23.5,0.0,15.9
Coimbatore,ecmwf,2026-09-24 01:00:00,23.1,0.0,15.8
Coimbatore,ecmwf,2026-09-24 02:00:00,22.8,0.0,16.0
Coimbatore,ecmwf,2026-09-24 03:00:00,22.7,0.0,16.4
Coimbatore,ecmwf,2026-09-24 04:00:00,22.8,0.0,17.1
Coimbatore,ecmwf,2026-09-24 05:00:00,23.2,0.0,17.9
Coimbatore,ecmwf,2026-09-24 06:00:00,24.0,0.0,18.4
Coimbatore,ecmwf,2026-09-24 07:00:00,25.0,0.0,19.0
Coimbatore,ecmwf,2026-09-24 08:00:00,26.3,0.0,19.8
Coimbatore,ecmwf,2026-09-24 09:00:00,28.0,0.0,20.9
Coimbatore,ecmwf,2026-09-24 10:00:00,30.0,0.0,23.2
Coimbatore,ecmwf,2026-09-24 11:00:00,31.4,0.0,25.4
Coimbatore,ecmwf,2026-09-24 12:00:00,31.7,0.0,26.7
Coimbatore,ecmwf,2026-09-24 13:00:00,31.3,0.0,27.2
Coimbatore,ecmwf,2026-09-24 14:00:00,30.6,0.0,27.4
Coimbatore,ecmwf,2026-09-24 15:00:00,29.7,0.0,26.9
Coimbatore,ecmwf,2026-09-24 16:00:00,28.4,0.0,26.1
Coimbatore,ecmwf,2026-09-24 17:00:00,27.2,0.0,25.0
Coimbatore,ecmwf,2026-09-24 18:00:00,26.2,0.0,23.2
Coimbatore,ecmwf,2026-09-24 19:00:00,25.2,0.0,21.0
Coimbatore,ecmwf,2026-09-24 20:00:00,24.6,0.0,19.3
Coimbatore,ecmwf,2026-09-24 21:00:00,24.4,0.0,18.6
Coimbatore,ecmwf,2026-09-24 22:00:00,24.4,0.0,18.5
Coimbatore,ecmwf,2026-09-24 23:00:00,24.4,0.0,18.4
Coimbatore,ecmwf,2026-09-25 00:00:00,24.3,0.0,18.6
Coimbatore,ecmwf,2026-09-25 01:00:00,24.2,0.0,19.1
Coimbatore,ecmwf,2026-09-25 02:00:00,24.0,0.0,19.4
Coimbatore,ecmwf,2026-09-25 03:00:00,23.6,0.0,19.4
Coimbatore,ecmwf,2026-09-25 04:00:00,23.2,0.0,19.3
Coimbatore,ecmwf,2026-09-25 05:00:00,23.0,0.0,19.3
Coimbatore,ecmwf,2026-09-25 06:00:00,23.3,0.0,19.0
Coimbatore,ecmwf,2026-09-25 07:00:00,23.9,0.0,19.0
Coimbatore,ecmwf,2026-09-25 08:00:00,24.9,0.0,19.2
Coimbatore,ecmwf,2026-09-25 09:00:00,26.4,0.0,20.3
Coimbatore,ecmwf,2026-09-25 10:00:00,28.4,0.0,22.5
Coimbatore,ecmwf,2026-09-25 11:00:00,29.7,0.0,24.2
Coimbatore,ecmwf,2026-09-25 12:00:00,30.2,0.0,25.0
Coimbatore,ecmwf,2026-09-25 13:00:00,30.1,0.0,25.0
Coimbatore,ecmwf,2026-09-25 14:00:00,29.7,0.0,24.7
Coimbatore,ecmwf,2026-09-25 15:00:00,28.9,0.0,24.4
Coimbatore,ecmwf,2026-09-25 16:00:00,27.7,0.0,23.8
Coimbatore,ecmwf,2026-09-25 17:00:00,26.5,0.0,23.2
Coimbatore,ecmwf,2026-09-25 18:00:00,25.6,0.0,22.4
Coimbatore,ecmwf,2026-09-25 19:00:00,24.8,0.0,21.8
Coimbatore,ecmwf,2026-09-25 20:00:00,24.1,0.0,20.7
Coimbatore,ecmwf,2026-09-25 21:00:00,23.5,0.0,20.0
Coimbatore,ecmwf,2026-09-25 22:00:00,23.1,0.0,19.3
Coimbatore,ecmwf,2026-09-25 23:00:00,22.7,0.0,18.1
Coimbatore,ecmwf,2026-09-26 00:00:00,22.4,0.0,16.6
Coimbatore,ecmwf,2026-09-26 01:00:00,22.2,0.0,15.3
Coimbatore,ecmwf,2026-09-26 02:00:00,21.9,0.0,13.8
Coimbatore,ecmwf,2026-09-26 03:00:00,21.6,0.0,12.8
Coimbatore,ecmwf,2026-09-26 04:00:00,21.2,0.0,11.8
Coimbatore,ecmwf,2026-09-26 05:00:00,21.4,0.0,11.1
Coimbatore,ecmwf,2026-09-26 06:00:00,22.3,0.0,10.0
Coimbatore,ecmwf,2026-09-26 07:00:00,23.7,0.0,9.4
Coimbatore,ecmwf,2026-09-26 08:00:00,25.4,0.0,9.4
Coimbatore,ecmwf,2026-09-26 09:00:00,27.5,0.0,10.9
Coimbatore,ecmwf,2026-09-26 10:00:00,29.9,0.0,13.3
Coimbatore,ecmwf,2026-09-26 11:00:00,31.6,0.0,15.4
Coimbatore,ecmwf,2026-09-26 12:00:00,32.5,0.1,16.3
Coimbatore,ecmwf,2026-09-26 13:00:00,32.8,0.1,16.8
Coimbatore,ecmwf,2026-09-26 14:00:00,32.5,0.1,17.3
Coimbatore,ecmwf,2026-09-26 15:00:00,31.6,0.0,18.3
Coimbatore,ecmwf,2026-09-26 16:00:00,30.2,0.0,19.6
Coimbatore,ecmwf,2026-09-26 17:00:00,28.8,0.0,20.0
Coimbatore,ecmwf,2026-09-26 18:00:00,27.5,0.0,18.9
Coimbatore,ecmwf,2026-09-26 19:00:00,26.2,0.0,17.4
Coimbatore,ecmwf,2026-09-26 20:00:00,25.1,0.0,15.4
Coimbatore,ecmwf,2026-09-26 21:00:00,24.3,0.0,13.7
Coimbatore,ecmwf,2026-09-26 22:00:00,23.7,0.0,11.8
Coimbatore,ecmwf,2026-09-26 23:00:00,23.3,0.0,10.3
Coimbatore,gem,2026-09-24 00:00:00,24.9,0.0,22.7
Coimbatore,gem,2026-09-24 01:00:00,24.9,0.0,22.7
Coimbatore,gem,2026-09-24 02:00:00,24.4,0.0,22.7
Coimbatore,gem,2026-09-24 03:00:00,23.7,0.1,21.6
Coimbatore,gem,2026-09-24 04:00:00,23.8,0.0,22.3
Coimbatore,gem,2026-09-24 05:00:00,23.2,0.0,20.9
Coimbatore,gem,2026-09-24 06:00:00,23.7,0.0,22.0
Coimbatore,gem,2026-09-24 07:00:00,24.5,0.1,23.0
Coimbatore,gem,2026-09-24 08:00:00,25.8,0.1,27.0
Coimbatore,gem,2026-09-24 09:00:00,28.1,0.0,29.5
Coimbatore,gem,2026-09-24 10:00:00,29.3,0.0,30.6
Coimbatore,gem,2026-09-24 11:00:00,30.2,0.0,31.0
Coimbatore,gem,2026-09-24 12:00:00,31.2,0.0,31.0
Coimbatore,gem,2026-09-24 13:00:00,31.9,0.0,31.3
Coimbatore,gem,2026-09-24 14:00:00,31.8,0.0,31.3
Coimbatore,gem,2026-09-24 15:00:00,31.5,0.0,31.3
Coimbatore,gem,2026-09-24 16:00:00,30.5,0.0,31.7
Coimbatore,gem,2026-09-24 17:00:00,29.3,0.0,30.2
Coimbatore,gem,2026-09-24 18:00:00,27.3,0.0,28.1
Coimbatore,gem,2026-09-24 19:00:00,25.9,0.0,26.3
Coimbatore,gem,2026-09-24 20:00:00,25.1,0.0,24.5
Coimbatore,gem,2026-09-24 21:00:00,24.7,0.0,23.4
Coimbatore,gem,2026-09-24 22:00:00,24.2,0.0,23.8
Coimbatore,gem,2026-09-24 23:00:00,24.1,0.0,24.5
Coimbatore,gem,2026-09-25 00:00:00,23.9,0.0,25.2
Coimbatore,gem,2026-09-25 01:00:00,23.7,0.0,24.1
Coimbatore,gem,2026-09-25 02:00:00,23.6,0.0,22.7
Coimbatore,gem,2026-09-25 03:00:00,23.5,0.0,22.3
Coimbatore,gem,2026-09-25 04:00:00,23.3,0.0,22.0
Coimbatore,gem,2026-09-25 05:00:00,23.2,0.0,21.6
Coimbatore,gem,2026-09-25 06:00:00,23.2,0.1,19.4
Coimbatore,gem,2026-09-25 07:00:00,23.1,0.4,19.1
Coimbatore,gem,2026-09-25 08:00:00,23.6,0.3,20.5
Coimbatore,gem,2026-09-25 09:00:00,25.1,0.4,23.8
Coimbatore,gem,2026-09-25 10:00:00,25.3,0.5,26.3
Coimbatore,gem,2026-09-25 11:00:00,26.3,0.2,29.5
Coimbatore,gem,2026-09-25 12:00:00,27.2,0.3,31.0
Coimbatore,gem,2026-09-25 13:00:00,27.9,0.2,32.4
Coimbatore,gem,2026-09-25 14:00:00,27.3,0.3,32.4
Coimbatore,gem,2026-09-25 15:00:00,27.0,0.1,33.5
Coimbatore,gem,2026-09-25 16:00:00,26.9,0.0,32.8
Coimbatore,gem,2026-09-25 17:00:00,26.5,0.0,29.2
Coimbatore,gem,2026-09-25 18:00:00,25.0,0.2,23.8
Coimbatore,gem,2026-09-25 19:00:00,24.3,0.1,22.7
Coimbatore,gem,2026-09-25 20:00:00,24.1,0.3,23.8
Coimbatore,gem,2026-09-25 21:00:00,23.8,0.1,22.7
Coimbatore,gem,2026-09-25 22:00:00,23.6,0.1,20.2
Coimbatore,gem,2026-09-25 23:00:00,23.3,0.2,19.4
Coimbatore,gem,2026-09-26 00:00:00,23.0,0.2,20.2
Coimbatore,gem,2026-09-26 01:00:00,22.8,0.0,23.0
Coimbatore,gem,2026-09-26 02:00:00,22.6,0.0,21.6
Coimbatore,gem,2026-09-26 03:00:00,22.4,0.0,19.4
Coimbatore,gem,2026-09-26 04:00:00,22.3,0.0,18.7
Coimbatore,gem,2026-09-26 05:00:00,22.2,0.0,18.7
Coimbatore,gem,2026-09-26 06:00:00,22.1,0.0,18.7
Coimbatore,gem,2026-09-26 07:00:00,23.4,0.0,19.4
Coimbatore,gem,2026-09-26 08:00:00,26.0,0.0,21.2
Coimbatore,gem,2026-09-26 09:00:00,28.0,0.0,21.6
Coimbatore,gem,2026-09-26 10:00:00,29.4,0.0,23.8
Coimbatore,gem,2026-09-26 11:00:00,30.5,0.0,25.9
Coimbatore,gem,2026-09-26 12:00:00,31.3,0.0,27.0
Coimbatore,gem,2026-09-26 13:00:00,31.9,0.0,28.4
Coimbatore,gem,2026-09-26 14:00:00,32.1,0.0,29.5
Coimbatore,gem,2026-09-26 15:00:00,31.6,0.0,29.5
Coimbatore,gem,2026-09-26 16:00:00,30.6,0.0,29.2
Coimbatore,gem,2026-09-26 17:00:00,29.0,0.0,27.7
Coimbatore,gem,2026-09-26 18:00:00,27.1,0.0,25.2
Coimbatore,gem,2026-09-26 19:00:00,25.8,0.0,23.0
Coimbatore,gem,2026-09-26 20:00:00,25.0,0.0,21.6
Coimbatore,gem,2026-09-26 21:00:00,24.4,0.0,20.2
Coimbatore,gem,2026-09-26 22:00:00,23.8,0.0,18.4
Coimbatore,gem,2026-09-26 23:00:00,23.2,0.0,16.6
Coimbatore,gfs,2026-09-24 00:00:00,22.5,0.0,15.7
Coimbatore,gfs,2026-09-24 01:00:00,22.2,0.0,15.8
Coimbatore,gfs,2026-09-24 02:00:00,22.0,0.0,15.3
Coimbatore,gfs,2026-09-24 03:00:00,21.7,0.0,14.6
Coimbatore,gfs,2026-09-24 04:00:00,21.5,0.0,15.2
Coimbatore,gfs,2026-09-24 05:00:00,21.6,0.0,14.0
Coimbatore,gfs,2026-09-24 06:00:00,21.7,0.0,13.8
Coimbatore,gfs,2026-09-24 07:00:00,23.2,0.0,16.3
Coimbatore,gfs,2026-09-24 08:00:00,25.9,0.0,17.3
Coimbatore,gfs,2026-09-24 09:00:00,27.8,0.0,18.3
Coimbatore,gfs,2026-09-24 10:00:00,29.0,0.0,21.1
Coimbatore,gfs,2026-09-24 11:00:00,30.0,0.0,22.2
Coimbatore,gfs,2026-09-24 12:00:00,30.6,0.0,25.5
Coimbatore,gfs,2026-09-24 13:00:00,31.3,0.0,27.2
Coimbatore,gfs,2026-09-24 14:00:00,31.2,0.0,29.0
Coimbatore,gfs,2026-09-24 15:00:00,30.6,0.0,28.8
Coimbatore,gfs,2026-09-24 16:00:00,29.4,0.0,26.2
Coimbatore,gfs,2026-09-24 17:00:00,27.7,0.0,22.9
Coimbatore,gfs,2026-09-24 18:00:00,25.9,0.0,21.0
Coimbatore,gfs,2026-09-24 19:00:00,24.8,0.0,19.6
Coimbatore,gfs,2026-09-24 20:00:00,24.1,0.0,19.1
Coimbatore,gfs,2026-09-24 21:00:00,23.5,0.0,20.0
Coimbatore,gfs,2026-09-24 22:00:00,23.4,0.0,19.0
Coimbatore,gfs,2026-09-24 23:00:00,23.3,0.0,18.0
Coimbatore,gfs,2026-09-25 00:00:00,23.2,0.0,17.2
Coimbatore,gfs,2026-09-25 01:00:00,23.4,0.0,17.9
Coimbatore,gfs,2026-09-25 02:00:00,23.2,0.0,16.9
Coimbatore,gfs,2026-09-25 03:00:00,23.0,0.0,16.1
Coimbatore,gfs,2026-09-25 04:00:00,22.9,0.0,16.0
Coimbatore,gfs,2026-09-25 05:00:00,22.8,0.0,15.9
Coimbatore,gfs,2026-09-25 06:00:00,22.8,0.0,14.8
Coimbatore,gfs,2026-09-25 07:00:00,23.7,0.0,18.4
Coimbatore,gfs,2026-09-25 08:00:00,25.6,0.0,20.1
Coimbatore,gfs,2026-09-25 09:00:00,27.3,0.0,19.6
Coimbatore,gfs,2026-09-25 10:00:00,28.6,0.0,19.5
Coimbatore,gfs,2026-09-25 11:00:00,29.7,0.0,21.1
Coimbatore,gfs,2026-09-25 12:00:00,29.9,0.0,22.7
Coimbatore,gfs,2026-09-25 13:00:00,30.3,0.0,23.3
Coimbatore,gfs,2026-09-25 14:00:00,30.1,0.0,24.3
Coimbatore,gfs,2026-09-25 15:00:00,29.2,0.0,25.3
Coimbatore,gfs,2026-09-25 16:00:00,27.9,0.0,24.7
Coimbatore,gfs,2026-09-25 17:00:00,26.5,0.0,24.2
Coimbatore,gfs,2026-09-25 18:00:00,24.7,0.0,21.9
Coimbatore,gfs,2026-09-25 19:00:00,23.6,0.0,20.7
Coimbatore,gfs,2026-09-25 20:00:00,23.1,0.0,18.7
Coimbatore,gfs,2026-09-25 21:00:00,22.9,0.0,18.5
Coimbatore,gfs,2026-09-25 22:00:00,23.0,0.0,18.3
Coimbatore,gfs,2026-09-25 23:00:00,22.9,0.0,18.9
Coimbatore,gfs,2026-09-26 00:00:00,22.6,0.0,18.1
Coimbatore,gfs,2026-09-26 01:00:00,22.3,0.0,15.8
Coimbatore,gfs,2026-09-26 02:00:00,21.8,0.0,14.7
Coimbatore,gfs,2026-09-26 03:00:00,21.6,0.0,13.4
Coimbatore,gfs,2026-09-26 04:00:00,21.5,0.0,12.0
Coimbatore,gfs,2026-09-26 05:00:00,21.4,0.0,12.3
Coimbatore,gfs,2026-09-26 06:00:00,21.5,0.0,12.5
Coimbatore,gfs,2026-09-26 07:00:00,23.0,0.0,14.7
Coimbatore,gfs,2026-09-26 08:00:00,25.1,0.0,15.5
Coimbatore,gfs,2026-09-26 09:00:00,27.4,0.0,16.1
Coimbatore,gfs,2026-09-26 10:00:00,29.3,0.0,17.9
Coimbatore,gfs,2026-09-26 11:00:00,30.8,0.0,19.5
Coimbatore,gfs,2026-09-26 12:00:00,31.4,0.0,20.3
Coimbatore,gfs,2026-09-26 13:00:00,31.6,0.0,21.9
Coimbatore,gfs,2026-09-26 14:00:00,31.7,0.0,21.9
Coimbatore,gfs,2026-09-26 15:00:00,31.2,0.0,21.3
Coimbatore,gfs,2026-09-26 16:00:00,29.7,0.0,21.3
Coimbatore,gfs,2026-09-26 17:00:00,27.7,0.0,20.5
Coimbatore,gfs,2026-09-26 18:00:00,26.4,0.0,19.4
Coimbatore,gfs,2026-09-26 19:00:00,25.6,0.0,19.1
Coimbatore,gfs,2026-09-26 20:00:00,24.9,0.0,17.4
Coimbatore,gfs,2026-09-26 21:00:00,23.9,0.0,16.3
Coimbatore,gfs,2026-09-26 22:00:00,23.3,0.0,16.1
Coimbatore,gfs,2026-09-26 23:00:00,23.1,0.0,14.0
Coimbatore,icon,2026-09-24 00:00:00,24.3,0.0,10.9
Coimbatore,icon,2026-09-24 01:00:00,24.1,0.0,10.6
Coimbatore,icon,2026-09-24 02:00:00,23.9,0.0,11.1
Coimbatore,icon,2026-09-24 03:00:00,23.8,0.0,11.0
Coimbatore,icon,2026-09-24 04:00:00,23.7,0.0,11.5
Coimbatore,icon,2026-09-24 05:00:00,23.9,0.0,12.1
Coimbatore,icon,2026-09-24 06:00:00,23.9,0.0,11.9
Coimbatore,icon,2026-09-24 07:00:00,25.1,0.0,13.7
Coimbatore,icon,2026-09-24 08:00:00,27.0,0.0,18.6
Coimbatore,icon,2026-09-24 09:00:00,29.1,0.0,21.2
Coimbatore,icon,2026-09-24 10:00:00,30.7,0.0,24.0
Coimbatore,icon,2026-09-24 11:00:00,32.1,0.0,26.1
Coimbatore,icon,2026-09-24 12:00:00,32.6,0.0,28.5
Coimbatore,icon,2026-09-24 13:00:00,32.7,0.0,29.6
Coimbatore,icon,2026-09-24 14:00:00,31.8,0.0,29.8
Coimbatore,icon,2026-09-24 15:00:00,30.3,0.0,28.7
Coimbatore,icon,2026-09-24 16:00:00,29.4,0.0,28.0
Coimbatore,icon,2026-09-24 17:00:00,28.1,0.0,25.3
Coimbatore,icon,2026-09-24 18:00:00,26.7,0.0,22.9
Coimbatore,icon,2026-09-24 19:00:00,25.9,0.0,20.8
Coimbatore,icon,2026-09-24 20:00:00,25.3,0.0,18.9
Coimbatore,icon,2026-09-24 21:00:00,25.1,0.0,18.4
Coimbatore,icon,2026-09-24 22:00:00,24.9,0.0,17.7
Coimbatore,icon,2026-09-24 23:00:00,24.6,0.0,17.6
Coimbatore,icon,2026-09-25 00:00:00,24.5,0.0,18.8
Coimbatore,icon,2026-09-25 01:00:00,24.4,0.0,19.1
Coimbatore,icon,2026-09-25 02:00:00,24.4,0.0,18.9
Coimbatore,icon,2026-09-25 03:00:00,24.4,0.0,17.7
Coimbatore,icon,2026-09-25 04:00:00,24.4,0.0,17.7
Coimbatore,icon,2026-09-25 05:00:00,24.4,0.0,17.7
Coimbatore,icon,2026-09-25 06:00:00,24.4,0.0,16.9
Coimbatore,icon,2026-09-25 07:00:00,25.0,0.0,16.5
Coimbatore,icon,2026-09-25 08:00:00,26.2,0.0,18.9
Coimbatore,icon,2026-09-25 09:00:00,27.6,0.0,22.4
Coimbatore,icon,2026-09-25 10:00:00,29.0,0.0,24.2
Coimbatore,icon,2026-09-25 11:00:00,30.3,0.0,26.1
Coimbatore,icon,2026-09-25 12:00:00,30.8,0.0,26.7
Coimbatore,icon,2026-09-25 13:00:00,31.3,0.0,26.9
Coimbatore,icon,2026-09-25 14:00:00,31.4,0.0,27.7
Coimbatore,icon,2026-09-25 15:00:00,30.9,0.0,27.1
Coimbatore,icon,2026-09-25 16:00:00,29.8,0.0,25.5
Coimbatore,icon,2026-09-25 17:00:00,28.3,0.0,23.2
Coimbatore,icon,2026-09-25 18:00:00,26.4,0.0,19.5
Coimbatore,icon,2026-09-25 19:00:00,25.3,0.0,16.3
Coimbatore,icon,2026-09-25 20:00:00,24.7,0.0,14.5
Coimbatore,icon,2026-09-25 21:00:00,24.3,0.0,13.5
Coimbatore,icon,2026-09-25 22:00:00,24.1,0.0,12.2
Coimbatore,icon,2026-09-25 23:00:00,23.9,0.0,11.5
Coimbatore,icon,2026-09-26 00:00:00,23.9,0.0,11.3
Coimbatore,icon,2026-09-26 01:00:00,23.6,0.0,10.8
Coimbatore,icon,2026-09-26 02:00:00,23.2,0.0,10.4
Coimbatore,icon,2026-09-26 03:00:00,22.8,0.0,9.3
Coimbatore,icon,2026-09-26 04:00:00,22.5,0.0,8.2
Coimbatore,icon,2026-09-26 05:00:00,22.2,0.0,7.5
Coimbatore,icon,2026-09-26 06:00:00,22.1,0.0,7.4
Coimbatore,icon,2026-09-26 07:00:00,23.9,0.0,7.7
Coimbatore,icon,2026-09-26 08:00:00,26.8,0.0,10.4
Coimbatore,icon,2026-09-26 09:00:00,29.4,0.0,15.9
Coimbatore,icon,2026-09-26 10:00:00,30.8,0.0,18.4
Coimbatore,icon,2026-09-26 11:00:00,32.1,0.0,19.3
Coimbatore,icon,2026-09-26 12:00:00,33.2,0.0,20.4
Coimbatore,icon,2026-09-26 13:00:00,33.6,0.0,21.8
Coimbatore,icon,2026-09-26 14:00:00,33.6,0.0,23.3
Coimbatore,icon,2026-09-26 15:00:00,33.0,0.0,23.5
Coimbatore,icon,2026-09-26 16:00:00,31.6,0.0,22.9
Coimbatore,icon,2026-09-26 17:00:00,29.8,0.0,21.6
Coimbatore,icon,2026-09-26 18:00:00,27.9,0.0,19.3
Coimbatore,icon,2026-09-26 19:00:00,26.4,0.0,16.5
Coimbatore,icon,2026-09-26 20:00:00,25.5,0.0,13.1
Coimbatore,icon,2026-09-26 21:00:00,24.8,0.0,10.2
Coimbatore,icon,2026-09-26 22:00:00,24.1,0.0,8.4
Coimbatore,icon,2026-09-26 23:00:00,23.6,0.0,7.4
Dehradun,ecmwf,2026-09-24 00:00:00,23.8,0.0,3.8
Dehradun,ecmwf,2026-09-24 01:00:00,23.2,0.0,2.8
Dehradun,ecmwf,2026-09-24 02:00:00,22.6,0.0,2.4
Dehradun,ecmwf,2026-09-24 03:00:00,22.2,0.0,1.8
Dehradun,ecmwf,2026-09-24 04:00:00,21.9,0.0,1.0
Dehradun,ecmwf,2026-09-24 05:00:00,21.9,0.0,1.1
Dehradun,ecmwf,2026-09-24 06:00:00,22.5,0.0,0.4
Dehradun,ecmwf,2026-09-24 07:00:00,23.4,0.0,1.1
Dehradun,ecmwf,2026-09-24 08:00:00,24.3,0.0,2.5
Dehradun,ecmwf,2026-09-24 09:00:00,25.2,0.1,4.0
Dehradun,ecmwf,2026-09-24 10:00:00,26.1,0.1,5.9
Dehradun,ecmwf,2026-09-24 11:00:00,26.8,0.1,6.9
Dehradun,ecmwf,2026-09-24 12:00:00,27.3,0.1,6.1
Dehradun,ecmwf,2026-09-24 13:00:00,27.7,0.1,4.8
Dehradun,ecmwf,2026-09-24 14:00:00,27.7,0.1,3.6
Dehradun,ecmwf,2026-09-24 15:00:00,27.2,0.1,2.2
Dehradun,ecmwf,2026-09-24 16:00:00,26.2,0.1,0.4
Dehradun,ecmwf,2026-09-24 17:00:00,25.3,0.1,1.5
Dehradun,ecmwf,2026-09-24 18:00:00,24.7,0.0,2.3
Dehradun,ecmwf,2026-09-24 19:00:00,24.1,0.0,2.9
Dehradun,ecmwf,2026-09-24 20:00:00,23.5,0.0,3.4
Dehradun,ecmwf,2026-09-24 21:00:00,22.8,0.2,1.9
Dehradun,ecmwf,2026-09-24 22:00:00,22.2,0.2,0.8
Dehradun,ecmwf,2026-09-24 23:00:00,21.6,0.2,2.4
Dehradun,ecmwf,2026-09-25 00:00:00,21.4,0.0,2.8
Dehradun,ecmwf,2026-09-25 01:00:00,21.3,0.0,2.7
Dehradun,ecmwf,2026-09-25 02:00:00,21.2,0.0,3.3
Dehradun,ecmwf,2026-09-25 03:00:00,20.8,0.0,4.0
Dehradun,ecmwf,2026-09-25 04:00:00,20.3,0.0,4.5
Dehradun,ecmwf,2026-09-25 05:00:00,20.3,0.0,4.6
Dehradun,ecmwf,2026-09-25 06:00:00,20.8,0.0,4.2
Dehradun,ecmwf,2026-09-25 07:00:00,21.7,0.0,3.1
Dehradun,ecmwf,2026-09-25 08:00:00,22.8,0.0,2.6
Dehradun,ecmwf,2026-09-25 09:00:00,24.2,0.0,2.9
Dehradun,ecmwf,2026-09-25 10:00:00,25.9,0.0,4.0
Dehradun,ecmwf,2026-09-25 11:00:00,27.1,0.0,5.1
Dehradun,ecmwf,2026-09-25 12:00:00,27.8,0.0,5.9
Dehradun,ecmwf,2026-09-25 13:00:00,28.2,0.0,6.0
Dehradun,ecmwf,2026-09-25 14:00:00,28.1,0.0,6.0
Dehradun,ecmwf,2026-09-25 15:00:00,27.6,0.1,4.6
Dehradun,ecmwf,2026-09-25 16:00:00,26.6,0.1,3.4
Dehradun,ecmwf,2026-09-25 17:00:00,25.6,0.1,3.4
Dehradun,ecmwf,2026-09-25 18:00:00,24.7,0.0,3.1
Dehradun,ecmwf,2026-09-25 19:00:00,23.7,0.0,2.9
Dehradun,ecmwf,2026-09-25 20:00:00,23.0,0.0,3.3
Dehradun,ecmwf,2026-09-25 21:00:00,22.6,0.0,3.1
Dehradun,ecmwf,2026-09-25 22:00:00,22.5,0.0,1.9
Dehradun,ecmwf,2026-09-25 23:00:00,22.3,0.0,1.3
Dehradun,ecmwf,2026-09-26 00:00:00,22.0,0.0,0.8
Dehradun,ecmwf,2026-09-26 01:00:00,21.6,0.0,0.7
Dehradun,ecmwf,2026-09-26 02:00:00,21.4,0.0,1.0
Dehradun,ecmwf,2026-09-26 03:00:00,21.3,0.0,1.8
Dehradun,ecmwf,2026-09-26 04:00:00,21.2,0.0,2.6
Dehradun,ecmwf,2026-09-26 05:00:00,21.3,0.0,3.1
Dehradun,ecmwf,2026-09-26 06:00:00,21.5,0.2,3.3
Dehradun,ecmwf,2026-09-26 07:00:00,21.7,0.2,3.4
Dehradun,ecmwf,2026-09-26 08:00:00,22.0,0.2,3.0
Dehradun,ecmwf,2026-09-26 09:00:00,22.1,0.4,1.8
Dehradun,ecmwf,2026-09-26 10:00:00,22.2,0.4,3.4
Dehradun,ecmwf,2026-09-26 11:00:00,22.2,0.4,5.5
Dehradun,ecmwf,2026-09-26 12:00:00,22.1,2.6,6.6
Dehradun,ecmwf,2026-09-26 13:00:00,22.0,2.6,7.1
Dehradun,ecmwf,2026-09-26 14:00:00,21.9,2.6,5.7
Dehradun,ecmwf,2026-09-26 15:00:00,21.7,3.9,1.5
Dehradun,ecmwf,2026-09-26 16:00:00,21.6,3.9,8.4
Dehradun,ecmwf,2026-09-26 17:00:00,21.4,3.9,12.7
Dehradun,ecmwf,2026-09-26 18:00:00,21.2,3.4,9.9
Dehradun,ecmwf,2026-09-26 19:00:00,20.9,3.4,3.4
Dehradun,ecmwf,2026-09-26 20:00:00,20.7,3.4,1.0
Dehradun,ecmwf,2026-09-26 21:00:00,20.4,2.9,1.5
Dehradun,ecmwf,2026-09-26 22:00:00,20.0,2.9,0.8
Dehradun,ecmwf,2026-09-26 23:00:00,19.8,2.9,1.1
Dehradun,gem,2026-09-24 00:00:00,23.9,0.0,6.5
Dehradun,gem,2026-09-24 01:00:00,23.7,0.0,6.5
Dehradun,gem,2026-09-24 02:00:00,23.4,0.0,6.5
Dehradun,gem,2026-09-24 03:00:00,23.1,0.0,6.1
Dehradun,gem,2026-09-24 04:00:00,22.8,0.0,5.8
Dehradun,gem,2026-09-24 05:00:00,24.1,0.0,6.1
Dehradun,gem,2026-09-24 06:00:00,24.2,0.0,5.4
Dehradun,gem,2026-09-24 07:00:00,25.0,0.0,2.9
Dehradun,gem,2026-09-24 08:00:00,25.6,0.1,2.2
Dehradun,gem,2026-09-24 09:00:00,24.6,0.8,2.9
Dehradun,gem,2026-09-24 10:00:00,24.3,0.6,3.6
Dehradun,gem,2026-09-24 11:00:00,23.9,1.1,4.0
Dehradun,gem,2026-09-24 12:00:00,23.2,1.3,4.0
Dehradun,gem,2026-09-24 13:00:00,22.9,0.8,1.8
Dehradun,gem,2026-09-24 14:00:00,23.6,0.1,3.6
Dehradun,gem,2026-09-24 15:00:00,24.0,0.1,2.9
Dehradun,gem,2026-09-24 16:00:00,24.7,0.0,2.9
Dehradun,gem,2026-09-24 17:00:00,25.0,0.0,2.2
Dehradun,gem,2026-09-24 18:00:00,23.6,0.0,2.5
Dehradun,gem,2026-09-24 19:00:00,22.8,0.0,5.8
Dehradun,gem,2026-09-24 20:00:00,22.5,0.0,6.5
Dehradun,gem,2026-09-24 21:00:00,22.5,0.0,6.5
Dehradun,gem,2026-09-24 22:00:00,22.5,0.0,5.8
Dehradun,gem,2026-09-24 23:00:00,22.5,0.0,5.0
Dehradun,gem,2026-09-25 00:00:00,22.5,0.0,4.3
Dehradun,gem,2026-09-25 01:00:00,22.4,0.7,4.0
Dehradun,gem,2026-09-25 02:00:00,21.3,2.3,4.3
Dehradun,gem,2026-09-25 03:00:00,20.9,1.9,4.3
Dehradun,gem,2026-09-25 04:00:00,20.6,1.7,2.5
Dehradun,gem,2026-09-25 05:00:00,20.3,1.3,2.2
Dehradun,gem,2026-09-25 06:00:00,20.4,0.6,2.9
Dehradun,gem,2026-09-25 07:00:00,20.9,1.1,3.6
Dehradun,gem,2026-09-25 08:00:00,21.3,1.0,4.3
Dehradun,gem,2026-09-25 09:00:00,22.0,1.0,2.9
Dehradun,gem,2026-09-25 10:00:00,22.9,0.0,1.1
Dehradun,gem,2026-09-25 11:00:00,24.0,0.0,2.9
Dehradun,gem,2026-09-25 12:00:00,25.5,0.0,5.0
Dehradun,gem,2026-09-25 13:00:00,26.3,0.0,6.5
Dehradun,gem,2026-09-25 14:00:00,26.2,0.0,6.5
Dehradun,gem,2026-09-25 15:00:00,26.3,0.0,7.2
Dehradun,gem,2026-09-25 16:00:00,25.9,0.0,6.5
Dehradun,gem,2026-09-25 17:00:00,25.1,0.0,4.3
Dehradun,gem,2026-09-25 18:00:00,23.5,0.0,1.1
Dehradun,gem,2026-09-25 19:00:00,22.7,0.0,3.2
Dehradun,gem,2026-09-25 20:00:00,22.4,0.0,5.0
Dehradun,gem,2026-09-25 21:00:00,21.9,0.0,5.0
Dehradun,gem,2026-09-25 22:00:00,21.6,0.0,5.8
Dehradun,gem,2026-09-25 23:00:00,21.4,0.0,6.5
Dehradun,gem,2026-09-26 00:00:00,21.3,0.0,6.5
Dehradun,gem,2026-09-26 01:00:00,21.2,0.0,6.5
Dehradun,gem,2026-09-26 02:00:00,21.1,0.0,6.1
Dehradun,gem,2026-09-26 03:00:00,20.9,0.0,5.8
Dehradun,gem,2026-09-26 04:00:00,20.8,0.0,5.8
Dehradun,gem,2026-09-26 05:00:00,20.7,0.0,5.8
Dehradun,gem,2026-09-26 06:00:00,20.6,0.0,5.8
Dehradun,gem,2026-09-26 07:00:00,22.3,0.0,5.0
Dehradun,gem,2026-09-26 08:00:00,24.8,0.0,2.5
Dehradun,gem,2026-09-26 09:00:00,26.0,0.0,4.7
Dehradun,gem,2026-09-26 10:00:00,26.6,0.0,6.1
Dehradun,gem,2026-09-26 11:00:00,27.2,0.0,6.5
Dehradun,gem,2026-09-26 12:00:00,27.6,0.0,6.8
Dehradun,gem,2026-09-26 13:00:00,27.7,0.0,7.6
Dehradun,gem,2026-09-26 14:00:00,27.9,0.0,7.2
Dehradun,gem,2026-09-26 15:00:00,27.3,0.0,6.8
Dehradun,gem,2026-09-26 16:00:00,26.0,0.6,4.7
Dehradun,gem,2026-09-26 17:00:00,24.7,0.6,4.0
Dehradun,gem,2026-09-26 18:00:00,23.6,0.9,3.6
Dehradun,gem,2026-09-26 19:00:00,23.0,0.8,3.2
Dehradun,gem,2026-09-26 20:00:00,22.8,0.1,5.0
Dehradun,gem,2026-09-26 21:00:00,22.5,0.0,5.0
Dehradun,gem,2026-09-26 22:00:00,22.3,0.0,4.3
Dehradun,gem,2026-09-26 23:00:00,22.0,0.0,4.0
Dehradun,gfs,2026-09-24 00:00:00,22.2,0.0,5.9
Dehradun,gfs,2026-09-24 01:00:00,22.0,0.0,6.1
Dehradun,gfs,2026-09-24 02:00:00,21.8,0.0,5.9
Dehradun,gfs,2026-09-24 03:00:00,21.7,0.0,5.9
Dehradun,gfs,2026-09-24 04:00:00,21.5,0.0,6.0
Dehradun,gfs,2026-09-24 05:00:00,21.3,0.0,6.6
Dehradun,gfs,2026-09-24 06:00:00,21.1,0.0,5.7
Dehradun,gfs,2026-09-24 07:00:00,23.2,0.0,3.6
Dehradun,gfs,2026-09-24 08:00:00,25.3,0.0,1.1
Dehradun,gfs,2026-09-24 09:00:00,27.1,0.0,3.9
Dehradun,gfs,2026-09-24 10:00:00,28.1,0.0,6.3
Dehradun,gfs,2026-09-24 11:00:00,29.2,0.0,7.3
Dehradun,gfs,2026-09-24 12:00:00,29.8,0.0,8.4
Dehradun,gfs,2026-09-24 13:00:00,30.1,0.0,9.9
Dehradun,gfs,2026-09-24 14:00:00,30.0,0.0,10.7
Dehradun,gfs,2026-09-24 15:00:00,28.9,0.1,9.9
Dehradun,gfs,2026-09-24 16:00:00,27.7,0.2,7.1
Dehradun,gfs,2026-09-24 17:00:00,25.8,0.2,4.1
Dehradun,gfs,2026-09-24 18:00:00,23.7,0.2,3.0
Dehradun,gfs,2026-09-24 19:00:00,23.3,0.0,5.4
Dehradun,gfs,2026-09-24 20:00:00,22.9,0.0,6.8
Dehradun,gfs,2026-09-24 21:00:00,22.0,0.7,7.5
Dehradun,gfs,2026-09-24 22:00:00,21.7,0.7,7.1
Dehradun,gfs,2026-09-24 23:00:00,21.2,1.1,6.6
Dehradun,gfs,2026-09-25 00:00:00,21.4,0.0,5.9
Dehradun,gfs,2026-09-25 01:00:00,21.2,0.0,4.4
Dehradun,gfs,2026-09-25 02:00:00,20.9,0.0,3.6
Dehradun,gfs,2026-09-25 03:00:00,20.5,0.0,4.4
Dehradun,gfs,2026-09-25 04:00:00,20.3,0.1,4.7
Dehradun,gfs,2026-09-25 05:00:00,20.1,0.3,3.7
Dehradun,gfs,2026-09-25 06:00:00,20.7,0.2,4.3
Dehradun,gfs,2026-09-25 07:00:00,20.8,0.4,4.7
Dehradun,gfs,2026-09-25 08:00:00,21.2,0.3,3.1
Dehradun,gfs,2026-09-25 09:00:00,23.8,0.3,3.6
Dehradun,gfs,2026-09-25 10:00:00,24.9,0.2,5.6
Dehradun,gfs,2026-09-25 11:00:00,26.5,0.1,6.9
Dehradun,gfs,2026-09-25 12:00:00,27.7,0.0,7.4
Dehradun,gfs,2026-09-25 13:00:00,28.0,0.1,7.5
Dehradun,gfs,2026-09-25 14:00:00,27.8,0.0,8.1
Dehradun,gfs,2026-09-25 15:00:00,25.7,0.4,8.2
Dehradun,gfs,2026-09-25 16:00:00,25.8,0.4,4.9
Dehradun,gfs,2026-09-25 17:00:00,24.8,0.0,2.9
Dehradun,gfs,2026-09-25 18:00:00,22.6,0.0,8.5
Dehradun,gfs,2026-09-25 19:00:00,21.9,0.0,7.6
Dehradun,gfs,2026-09-25 20:00:00,21.6,0.0,5.4
Dehradun,gfs,2026-09-25 21:00:00,21.5,0.0,5.4
Dehradun,gfs,2026-09-25 22:00:00,21.2,0.0,5.1
Dehradun,gfs,2026-09-25 23:00:00,20.9,0.0,4.6
Dehradun,gfs,2026-09-26 00:00:00,20.7,0.0,5.3
Dehradun,gfs,2026-09-26 01:00:00,20.5,0.0,5.0
Dehradun,gfs,2026-09-26 02:00:00,20.3,0.0,6.2
Dehradun,gfs,2026-09-26 03:00:00,20.1,0.0,6.3
Dehradun,gfs,2026-09-26 04:00:00,20.4,0.0,4.8
Dehradun,gfs,2026-09-26 05:00:00,20.1,0.0,6.1
Dehradun,gfs,2026-09-26 06:00:00,20.6,0.0,6.4
Dehradun,gfs,2026-09-26 07:00:00,22.2,0.0,5.4
Dehradun,gfs,2026-09-26 08:00:00,24.0,0.0,1.8
Dehradun,gfs,2026-09-26 09:00:00,26.1,0.0,5.7
Dehradun,gfs,2026-09-26 10:00:00,25.5,0.0,11.4
Dehradun,gfs,2026-09-26 11:00:00,26.7,0.0,7.5
Dehradun,gfs,2026-09-26 12:00:00,25.3,0.0,8.7
Dehradun,gfs,2026-09-26 13:00:00,24.6,0.0,4.6
Dehradun,gfs,2026-09-26 14:00:00,25.2,0.0,4.2
Dehradun,gfs,2026-09-26 15:00:00,25.6,0.0,5.4
Dehradun,gfs,2026-09-26 16:00:00,25.4,0.0,6.6
Dehradun,gfs,2026-09-26 17:00:00,23.5,0.2,7.2
Dehradun,gfs,2026-09-26 18:00:00,21.7,0.4,7.1
Dehradun,gfs,2026-09-26 19:00:00,21.2,0.0,10.7
Dehradun,gfs,2026-09-26 20:00:00,21.2,0.0,6.5
Dehradun,gfs,2026-09-26 21:00:00,20.8,0.0,4.0
Dehradun,gfs,2026-09-26 22:00:00,20.2,0.0,4.6
Dehradun,gfs,2026-09-26 23:00:00,20.4,0.0,1.5
Dehradun,icon,2026-09-24 00:00:00,22.9,0.0,4.9
Dehradun,icon,2026-09-24 01:00:00,22.9,0.0,5.0
Dehradun,icon,2026-09-24 02:00:00,22.8,0.0,5.8
Dehradun,icon,2026-09-24 03:00:00,22.7,0.0,4.7
Dehradun,icon,2026-09-24 04:00:00,22.2,0.0,4.2
Dehradun,icon,2026-09-24 05:00:00,22.3,0.0,3.9
Dehradun,icon,2026-09-24 06:00:00,22.2,0.0,4.1
Dehradun,icon,2026-09-24 07:00:00,22.9,0.0,3.8
Dehradun,icon,2026-09-24 08:00:00,24.5,0.0,1.9
Dehradun,icon,2026-09-24 09:00:00,26.3,0.0,4.3
Dehradun,icon,2026-09-24 10:00:00,27.0,0.0,6.9
Dehradun,icon,2026-09-24 11:00:00,27.5,0.1,8.9
Dehradun,icon,2026-09-24 12:00:00,27.6,0.0,6.6
Dehradun,icon,2026-09-24 13:00:00,28.4,0.0,6.8
Dehradun,icon,2026-09-24 14:00:00,28.7,0.0,5.8
Dehradun,icon,2026-09-24 15:00:00,28.9,0.0,5.2
Dehradun,icon,2026-09-24 16:00:00,28.6,0.0,5.1
Dehradun,icon,2026-09-24 17:00:00,27.6,0.0,3.4
Dehradun,icon,2026-09-24 18:00:00,26.8,0.0,1.5
Dehradun,icon,2026-09-24 19:00:00,26.0,0.0,3.9
Dehradun,icon,2026-09-24 20:00:00,24.6,0.0,4.4
Dehradun,icon,2026-09-24 21:00:00,23.5,0.1,5.1
Dehradun,icon,2026-09-24 22:00:00,23.0,0.0,4.5
Dehradun,icon,2026-09-24 23:00:00,22.4,0.2,6.3
Dehradun,icon,2026-09-25 00:00:00,22.4,0.5,5.9
Dehradun,icon,2026-09-25 01:00:00,22.1,0.0,2.4
Dehradun,icon,2026-09-25 02:00:00,21.8,0.0,2.2
Dehradun,icon,2026-09-25 03:00:00,21.8,0.0,3.0
Dehradun,icon,2026-09-25 04:00:00,21.7,0.1,3.4
Dehradun,icon,2026-09-25 05:00:00,21.8,0.1,2.5
Dehradun,icon,2026-09-25 06:00:00,22.0,0.2,2.4
Dehradun,icon,2026-09-25 07:00:00,22.4,0.0,1.3
Dehradun,icon,2026-09-25 08:00:00,23.3,0.0,2.5
Dehradun,icon,2026-09-25 09:00:00,23.7,0.0,5.1
Dehradun,icon,2026-09-25 10:00:00,24.6,0.0,6.4
Dehradun,icon,2026-09-25 11:00:00,25.3,0.0,8.2
Dehradun,icon,2026-09-25 12:00:00,26.0,0.0,9.1
Dehradun,icon,2026-09-25 13:00:00,26.1,0.0,9.1
Dehradun,icon,2026-09-25 14:00:00,26.4,0.0,7.9
Dehradun,icon,2026-09-25 15:00:00,26.5,0.0,7.1
Dehradun,icon,2026-09-25 16:00:00,26.3,0.0,5.1
Dehradun,icon,2026-09-25 17:00:00,25.7,0.0,3.1
Dehradun,icon,2026-09-25 18:00:00,25.3,0.0,1.1
Dehradun,icon,2026-09-25 19:00:00,24.9,0.0,3.0
Dehradun,icon,2026-09-25 20:00:00,24.1,0.0,3.4
Dehradun,icon,2026-09-25 21:00:00,23.2,0.0,2.9
Dehradun,icon,2026-09-25 22:00:00,23.1,0.0,2.1
Dehradun,icon,2026-09-25 23:00:00,23.1,0.0,2.6
Dehradun,icon,2026-09-26 00:00:00,22.8,0.0,3.6
Dehradun,icon,2026-09-26 01:00:00,22.5,0.0,3.1
Dehradun,icon,2026-09-26 02:00:00,22.2,0.0,3.6
Dehradun,icon,2026-09-26 03:00:00,22.0,0.0,3.1
Dehradun,icon,2026-09-26 04:00:00,22.0,0.0,1.8
Dehradun,icon,2026-09-26 05:00:00,22.0,0.0,2.2
Dehradun,icon,2026-09-26 06:00:00,21.8,0.0,2.1
Dehradun,icon,2026-09-26 07:00:00,21.7,0.0,3.0
Dehradun,icon,2026-09-26 08:00:00,21.9,0.0,2.4
Dehradun,icon,2026-09-26 09:00:00,22.3,0.0,2.3
Dehradun,icon,2026-09-26 10:00:00,22.7,0.0,2.5
Dehradun,icon,2026-09-26 11:00:00,23.2,0.0,0.0
Dehradun,icon,2026-09-26 12:00:00,23.7,0.0,2.6
Dehradun,icon,2026-09-26 13:00:00,24.0,0.0,4.3
Dehradun,icon,2026-09-26 14:00:00,23.6,0.1,5.6
Dehradun,icon,2026-09-26 15:00:00,23.5,0.5,4.1
Dehradun,icon,2026-09-26 16:00:00,23.6,0.3,3.3
Dehradun,icon,2026-09-26 17:00:00,23.2,0.3,3.7
Dehradun,icon,2026-09-26 18:00:00,22.1,1.3,5.2
Dehradun,icon,2026-09-26 19:00:00,21.2,2.2,8.5
Dehradun,icon,2026-09-26 20:00:00,20.7,1.3,5.5
Dehradun,icon,2026-09-26 21:00:00,20.3,2.3,7.6
Dehradun,icon,2026-09-26 22:00:00,20.2,2.3,6.4
Dehradun,icon,2026-09-26 23:00:00,20.1,2.2,3.1
Delhi,ecmwf,2026-09-24 00:00:00,28.9,0.0,6.6
Delhi,ecmwf,2026-09-24 01:00:00,27.9,0.0,6.5
Delhi,ecmwf,2026-09-24 02:00:00,27.1,0.0,6.1
Delhi,ecmwf,2026-09-24 03:00:00,26.6,0.0,4.6
Delhi,ecmwf,2026-09-24 04:00:00,26.4,0.0,3.1
Delhi,ecmwf,2026-09-24 05:00:00,26.4,0.0,2.9
Delhi,ecmwf,2026-09-24 06:00:00,26.7,0.0,4.3
Delhi,ecmwf,2026-09-24 07:00:00,27.2,0.0,7.7
Delhi,ecmwf,2026-09-24 08:00:00,28.0,0.0,10.5
Delhi,ecmwf,2026-09-24 09:00:00,29.3,0.0,10.3
Delhi,ecmwf,2026-09-24 10:00:00,30.9,0.0,9.2
Delhi,ecmwf,2026-09-24 11:00:00,32.2,0.0,8.0
Delhi,ecmwf,2026-09-24 12:00:00,33.2,0.0,6.5
Delhi,ecmwf,2026-09-24 13:00:00,33.8,0.0,5.2
Delhi,ecmwf,2026-09-24 14:00:00,34.0,0.0,4.9
Delhi,ecmwf,2026-09-24 15:00:00,33.5,0.0,6.8
Delhi,ecmwf,2026-09-24 16:00:00,32.5,0.0,9.6
Delhi,ecmwf,2026-09-24 17:00:00,31.5,0.0,11.3
Delhi,ecmwf,2026-09-24 18:00:00,30.6,0.0,11.0
Delhi,ecmwf,2026-09-24 19:00:00,29.8,0.0,10.0
Delhi,ecmwf,2026-09-24 20:00:00,29.0,0.0,9.2
Delhi,ecmwf,2026-09-24 21:00:00,28.4,0.0,9.0
Delhi,ecmwf,2026-09-24 22:00:00,27.8,0.0,9.4
Delhi,ecmwf,2026-09-24 23:00:00,27.3,0.0,9.2
Delhi,ecmwf,2026-09-25 00:00:00,26.7,0.0,8.4
Delhi,ecmwf,2026-09-25 01:00:00,26.0,0.0,7.6
Delhi,ecmwf,2026-09-25 02:00:00,25.5,0.0,6.5
Delhi,ecmwf,2026-09-25 03:00:00,24.8,0.0,5.2
Delhi,ecmwf,2026-09-25 04:00:00,24.2,0.0,4.3
Delhi,ecmwf,2026-09-25 05:00:00,24.1,0.0,3.4
Delhi,ecmwf,2026-09-25 06:00:00,24.6,0.0,2.4
Delhi,ecmwf,2026-09-25 07:00:00,25.7,0.0,1.6
Delhi,ecmwf,2026-09-25 08:00:00,26.9,0.0,1.1
Delhi,ecmwf,2026-09-25 09:00:00,28.3,0.0,1.5
Delhi,ecmwf,2026-09-25 10:00:00,29.9,0.0,2.6
Delhi,ecmwf,2026-09-25 11:00:00,31.2,0.0,3.3
Delhi,ecmwf,2026-09-25 12:00:00,32.2,0.0,3.6
Delhi,ecmwf,2026-09-25 13:00:00,32.9,0.0,3.3
Delhi,ecmwf,2026-09-25 14:00:00,33.1,0.0,3.6
Delhi,ecmwf,2026-09-25 15:00:00,32.7,0.1,4.6
Delhi,ecmwf,2026-09-25 16:00:00,31.9,0.1,6.1
Delhi,ecmwf,2026-09-25 17:00:00,31.1,0.1,6.9
Delhi,ecmwf,2026-09-25 18:00:00,30.3,0.0,6.0
Delhi,ecmwf,2026-09-25 19:00:00,29.4,0.0,4.2
Delhi,ecmwf,2026-09-25 20:00:00,28.6,0.0,3.6
Delhi,ecmwf,2026-09-25 21:00:00,28.0,0.0,4.0
Delhi,ecmwf,2026-09-25 22:00:00,27.5,0.0,4.8
Delhi,ecmwf,2026-09-25 23:00:00,26.9,0.0,5.6
Delhi,ecmwf,2026-09-26 00:00:00,26.2,0.0,5.9
Delhi,ecmwf,2026-09-26 01:00:00,25.5,0.0,6.2
Delhi,ecmwf,2026-09-26 02:00:00,24.9,0.0,6.1
Delhi,ecmwf,2026-09-26 03:00:00,24.4,0.0,5.8
Delhi,ecmwf,2026-09-26 04:00:00,24.1,0.0,5.8
Delhi,ecmwf,2026-09-26 05:00:00,24.1,0.0,5.6
Delhi,ecmwf,2026-09-26 06:00:00,24.8,0.0,5.5
Delhi,ecmwf,2026-09-26 07:00:00,25.9,0.0,5.9
Delhi,ecmwf,2026-09-26 08:00:00,26.9,0.0,5.4
Delhi,ecmwf,2026-09-26 09:00:00,27.9,0.0,3.6
Delhi,ecmwf,2026-09-26 10:00:00,28.9,0.0,4.0
Delhi,ecmwf,2026-09-26 11:00:00,29.4,0.0,5.8
Delhi,ecmwf,2026-09-26 12:00:00,29.1,0.4,6.0
Delhi,ecmwf,2026-09-26 13:00:00,28.3,0.4,5.8
Delhi,ecmwf,2026-09-26 14:00:00,27.6,0.4,6.1
Delhi,ecmwf,2026-09-26 15:00:00,27.4,0.0,7.6
Delhi,ecmwf,2026-09-26 16:00:00,27.2,0.0,9.0
Delhi,ecmwf,2026-09-26 17:00:00,27.0,0.0,9.4
Delhi,ecmwf,2026-09-26 18:00:00,26.6,0.0,7.7
Delhi,ecmwf,2026-09-26 19:00:00,26.0,0.0,6.4
Delhi,ecmwf,2026-09-26 20:00:00,25.5,0.0,6.4
Delhi,ecmwf,2026-09-26 21:00:00,25.1,0.0,4.1
Delhi,ecmwf,2026-09-26 22:00:00,24.8,0.0,0.7
Delhi,ecmwf,2026-09-26 23:00:00,24.4,0.0,3.0
Delhi,gem,2026-09-24 00:00:00,24.7,0.0,3.2
Delhi,gem,2026-09-24 01:00:00,24.0,0.0,4.0
Delhi,gem,2026-09-24 02:00:00,23.5,0.0,5.4
Delhi,gem,2026-09-24 03:00:00,23.3,0.0,7.6
Delhi,gem,2026-09-24 04:00:00,23.4,0.0,9.0
Delhi,gem,2026-09-24 05:00:00,24.4,0.0,6.5
Delhi,gem,2026-09-24 06:00:00,23.8,0.0,7.9
Delhi,gem,2026-09-24 07:00:00,25.5,0.0,9.4
Delhi,gem,2026-09-24 08:00:00,28.3,0.0,13.3
Delhi,gem,2026-09-24 09:00:00,30.9,0.0,14.4
Delhi,gem,2026-09-24 10:00:00,32.8,0.0,13.7
Delhi,gem,2026-09-24 11:00:00,33.6,0.0,13.3
Delhi,gem,2026-09-24 12:00:00,34.1,0.0,14.0
Delhi,gem,2026-09-24 13:00:00,34.4,0.0,15.1
Delhi,gem,2026-09-24 14:00:00,34.5,0.0,15.8
Delhi,gem,2026-09-24 15:00:00,34.2,0.0,16.6
Delhi,gem,2026-09-24 16:00:00,33.7,0.0,16.2
Delhi,gem,2026-09-24 17:00:00,32.7,0.0,15.1
Delhi,gem,2026-09-24 18:00:00,31.1,0.0,13.3
Delhi,gem,2026-09-24 19:00:00,29.7,0.0,10.8
Delhi,gem,2026-09-24 20:00:00,28.5,0.0,9.0
Delhi,gem,2026-09-24 21:00:00,27.4,0.0,9.0
Delhi,gem,2026-09-24 22:00:00,26.7,0.0,10.4
Delhi,gem,2026-09-24 23:00:00,26.2,0.0,10.8
Delhi,gem,2026-09-25 00:00:00,25.8,0.0,11.5
Delhi,gem,2026-09-25 01:00:00,25.3,0.0,12.2
Delhi,gem,2026-09-25 02:00:00,24.7,0.0,11.2
Delhi,gem,2026-09-25 03:00:00,24.2,0.0,9.7
Delhi,gem,2026-09-25 04:00:00,23.6,0.0,8.3
Delhi,gem,2026-09-25 05:00:00,23.1,0.0,7.9
Delhi,gem,2026-09-25 06:00:00,22.7,0.0,6.1
Delhi,gem,2026-09-25 07:00:00,24.0,0.0,6.1
Delhi,gem,2026-09-25 08:00:00,26.3,0.0,9.4
Delhi,gem,2026-09-25 09:00:00,28.5,0.0,12.6
Delhi,gem,2026-09-25 10:00:00,30.0,0.0,11.9
Delhi,gem,2026-09-25 11:00:00,31.2,0.0,11.2
Delhi,gem,2026-09-25 12:00:00,32.2,0.0,9.7
Delhi,gem,2026-09-25 13:00:00,33.0,0.0,6.5
Delhi,gem,2026-09-25 14:00:00,33.5,0.0,4.0
Delhi,gem,2026-09-25 15:00:00,33.7,0.0,5.4
Delhi,gem,2026-09-25 16:00:00,33.5,0.0,7.9
Delhi,gem,2026-09-25 17:00:00,32.9,0.0,10.4
Delhi,gem,2026-09-25 18:00:00,31.3,0.0,9.7
Delhi,gem,2026-09-25 19:00:00,29.7,0.0,9.0
Delhi,gem,2026-09-25 20:00:00,28.3,0.0,7.9
Delhi,gem,2026-09-25 21:00:00,27.2,0.0,7.2
Delhi,gem,2026-09-25 22:00:00,26.3,0.0,7.2
Delhi,gem,2026-09-25 23:00:00,25.5,0.0,7.2
Delhi,gem,2026-09-26 00:00:00,24.9,0.0,7.9
Delhi,gem,2026-09-26 01:00:00,24.4,0.0,8.3
Delhi,gem,2026-09-26 02:00:00,24.0,0.0,8.6
Delhi,gem,2026-09-26 03:00:00,23.5,0.0,7.6
Delhi,gem,2026-09-26 04:00:00,23.1,0.0,6.8
Delhi,gem,2026-09-26 05:00:00,22.8,0.0,7.6
Delhi,gem,2026-09-26 06:00:00,22.7,0.0,8.6
Delhi,gem,2026-09-26 07:00:00,24.2,0.0,7.9
Delhi,gem,2026-09-26 08:00:00,27.1,0.0,5.8
Delhi,gem,2026-09-26 09:00:00,30.0,0.0,3.2
Delhi,gem,2026-09-26 10:00:00,31.6,0.0,5.0
Delhi,gem,2026-09-26 11:00:00,32.7,0.0,7.6
Delhi,gem,2026-09-26 12:00:00,33.6,0.0,9.0
Delhi,gem,2026-09-26 13:00:00,34.2,0.0,11.2
Delhi,gem,2026-09-26 14:00:00,34.5,0.0,13.3
Delhi,gem,2026-09-26 15:00:00,34.5,0.0,13.7
Delhi,gem,2026-09-26 16:00:00,34.0,0.0,14.4
Delhi,gem,2026-09-26 17:00:00,30.9,0.8,18.4
Delhi,gem,2026-09-26 18:00:00,28.7,0.0,19.1
Delhi,gem,2026-09-26 19:00:00,27.3,0.0,17.3
Delhi,gem,2026-09-26 20:00:00,25.8,0.0,18.4
Delhi,gem,2026-09-26 21:00:00,24.4,0.0,15.8
Delhi,gem,2026-09-26 22:00:00,23.5,0.0,12.2
Delhi,gem,2026-09-26 23:00:00,22.8,0.0,9.4
Delhi,gfs,2026-09-24 00:00:00,31.4,0.0,9.4
Delhi,gfs,2026-09-24 01:00:00,30.8,0.0,9.6
Delhi,gfs,2026-09-24 02:00:00,30.2,0.0,9.0
Delhi,gfs,2026-09-24 03:00:00,29.9,0.0,7.3
Delhi,gfs,2026-09-24 04:00:00,29.5,0.0,8.4
Delhi,gfs,2026-09-24 05:00:00,29.1,0.0,9.9
Delhi,gfs,2026-09-24 06:00:00,28.7,0.0,9.2
Delhi,gfs,2026-09-24 07:00:00,29.1,0.0,8.1
Delhi,gfs,2026-09-24 08:00:00,30.3,0.0,8.1
Delhi,gfs,2026-09-24 09:00:00,31.8,0.0,10.0
Delhi,gfs,2026-09-24 10:00:00,33.1,0.0,10.6
Delhi,gfs,2026-09-24 11:00:00,34.0,0.0,9.9
Delhi,gfs,2026-09-24 12:00:00,35.2,0.0,8.4
Delhi,gfs,2026-09-24 13:00:00,36.0,0.0,7.9
Delhi,gfs,2026-09-24 14:00:00,36.3,0.0,8.6
Delhi,gfs,2026-09-24 15:00:00,36.5,0.0,7.6
Delhi,gfs,2026-09-24 16:00:00,36.3,0.0,8.5
Delhi,gfs,2026-09-24 17:00:00,35.4,0.0,12.1
Delhi,gfs,2026-09-24 18:00:00,34.3,0.0,12.5
Delhi,gfs,2026-09-24 19:00:00,33.1,0.0,15.1
Delhi,gfs,2026-09-24 20:00:00,31.7,0.0,14.9
Delhi,gfs,2026-09-24 21:00:00,31.4,0.0,15.8
Delhi,gfs,2026-09-24 22:00:00,30.6,0.0,18.2
Delhi,gfs,2026-09-24 23:00:00,29.4,0.0,19.9
Delhi,gfs,2026-09-25 00:00:00,28.5,0.0,20.3
Delhi,gfs,2026-09-25 01:00:00,27.6,0.0,21.7
Delhi,gfs,2026-09-25 02:00:00,26.8,0.0,20.7
Delhi,gfs,2026-09-25 03:00:00,26.4,0.0,18.4
Delhi,gfs,2026-09-25 04:00:00,26.0,0.0,16.8
Delhi,gfs,2026-09-25 05:00:00,25.8,0.0,14.0
Delhi,gfs,2026-09-25 06:00:00,25.6,0.0,12.7
Delhi,gfs,2026-09-25 07:00:00,25.9,0.0,12.8
Delhi,gfs,2026-09-25 08:00:00,26.9,0.0,13.9
Delhi,gfs,2026-09-25 09:00:00,28.2,0.0,14.6
Delhi,gfs,2026-09-25 10:00:00,29.8,0.0,13.9
Delhi,gfs,2026-09-25 11:00:00,31.4,0.0,12.7
Delhi,gfs,2026-09-25 12:00:00,32.7,0.0,12.1
Delhi,gfs,2026-09-25 13:00:00,33.8,0.0,10.3
Delhi,gfs,2026-09-25 14:00:00,34.9,0.0,6.6
Delhi,gfs,2026-09-25 15:00:00,35.4,0.0,4.6
Delhi,gfs,2026-09-25 16:00:00,35.0,0.0,13.5
Delhi,gfs,2026-09-25 17:00:00,33.5,0.0,18.7
Delhi,gfs,2026-09-25 18:00:00,32.9,0.0,14.0
Delhi,gfs,2026-09-25 19:00:00,30.4,0.0,25.0
Delhi,gfs,2026-09-25 20:00:00,28.3,0.0,21.3
Delhi,gfs,2026-09-25 21:00:00,27.8,0.0,20.0
Delhi,gfs,2026-09-25 22:00:00,27.5,0.0,18.5
Delhi,gfs,2026-09-25 23:00:00,27.1,0.0,17.8
Delhi,gfs,2026-09-26 00:00:00,26.9,0.0,14.8
Delhi,gfs,2026-09-26 01:00:00,26.7,0.0,13.0
Delhi,gfs,2026-09-26 02:00:00,26.6,0.0,12.1
Delhi,gfs,2026-09-26 03:00:00,26.4,0.0,11.3
Delhi,gfs,2026-09-26 04:00:00,25.9,0.0,9.0
Delhi,gfs,2026-09-26 05:00:00,25.8,0.0,8.8
Delhi,gfs,2026-09-26 06:00:00,25.8,0.0,8.2
Delhi,gfs,2026-09-26 07:00:00,25.9,0.0,11.2
Delhi,gfs,2026-09-26 08:00:00,26.5,0.0,9.4
Delhi,gfs,2026-09-26 09:00:00,27.0,0.0,13.6
Delhi,gfs,2026-09-26 10:00:00,27.8,0.0,10.2
Delhi,gfs,2026-09-26 11:00:00,29.3,0.0,10.0
Delhi,gfs,2026-09-26 12:00:00,30.1,0.0,7.4
Delhi,gfs,2026-09-26 13:00:00,30.9,0.0,2.3
Delhi,gfs,2026-09-26 14:00:00,31.5,0.0,8.4
Delhi,gfs,2026-09-26 15:00:00,32.1,0.0,11.6
Delhi,gfs,2026-09-26 16:00:00,29.4,0.0,23.4
Delhi,gfs,2026-09-26 17:00:00,27.0,0.0,20.5
Delhi,gfs,2026-09-26 18:00:00,26.6,0.0,19.7
Delhi,gfs,2026-09-26 19:00:00,26.1,0.5,17.2
Delhi,gfs,2026-09-26 20:00:00,26.0,0.1,15.8
Delhi,gfs,2026-09-26 21:00:00,25.6,0.0,16.4
Delhi,gfs,2026-09-26 22:00:00,25.2,0.0,16.3
Delhi,gfs,2026-09-26 23:00:00,24.9,0.0,15.7
Delhi,icon,2026-09-24 00:00:00,27.8,0.0,3.0
Delhi,icon,2026-09-24 01:00:00,27.3,0.0,3.3
Delhi,icon,2026-09-24 02:00:00,27.1,0.0,4.3
Delhi,icon,2026-09-24 03:00:00,27.0,0.0,5.6
Delhi,icon,2026-09-24 04:00:00,26.7,0.0,5.6
Delhi,icon,2026-09-24 05:00:00,26.6,0.0,4.9
Delhi,icon,2026-09-24 06:00:00,26.4,0.0,5.4
Delhi,icon,2026-09-24 07:00:00,26.8,0.0,6.4
Delhi,icon,2026-09-24 08:00:00,27.8,0.0,8.7
Delhi,icon,2026-09-24 09:00:00,29.3,0.0,8.7
Delhi,icon,2026-09-24 10:00:00,30.8,0.0,8.4
Delhi,icon,2026-09-24 11:00:00,32.3,0.0,6.4
Delhi,icon,2026-09-24 12:00:00,33.2,0.0,6.0
Delhi,icon,2026-09-24 13:00:00,33.8,0.0,5.0
Delhi,icon,2026-09-24 14:00:00,34.1,0.0,3.6
Delhi,icon,2026-09-24 15:00:00,34.1,0.0,3.7
Delhi,icon,2026-09-24 16:00:00,33.8,0.0,4.2
Delhi,icon,2026-09-24 17:00:00,33.1,0.0,4.0
Delhi,icon,2026-09-24 18:00:00,31.8,0.0,3.7
Delhi,icon,2026-09-24 19:00:00,30.6,0.0,4.7
Delhi,icon,2026-09-24 20:00:00,29.8,0.0,4.7
Delhi,icon,2026-09-24 21:00:00,29.2,0.0,6.6
Delhi,icon,2026-09-24 22:00:00,28.6,0.0,6.8
Delhi,icon,2026-09-24 23:00:00,28.2,0.0,7.2
Delhi,icon,2026-09-25 00:00:00,27.7,0.0,9.4
Delhi,icon,2026-09-25 01:00:00,27.0,0.0,9.2
Delhi,icon,2026-09-25 02:00:00,26.5,0.0,8.0
Delhi,icon,2026-09-25 03:00:00,26.0,0.0,7.5
Delhi,icon,2026-09-25 04:00:00,25.5,0.0,7.0
Delhi,icon,2026-09-25 05:00:00,25.2,0.0,6.5
Delhi,icon,2026-09-25 06:00:00,24.8,0.0,6.1
Delhi,icon,2026-09-25 07:00:00,25.2,0.0,7.1
Delhi,icon,2026-09-25 08:00:00,26.3,0.0,8.7
Delhi,icon,2026-09-25 09:00:00,27.6,0.0,10.9
Delhi,icon,2026-09-25 10:00:00,28.8,0.0,11.7
Delhi,icon,2026-09-25 11:00:00,29.9,0.0,11.2
Delhi,icon,2026-09-25 12:00:00,30.6,0.0,10.0
Delhi,icon,2026-09-25 13:00:00,31.0,0.0,8.0
Delhi,icon,2026-09-25 14:00:00,31.5,0.0,7.8
Delhi,icon,2026-09-25 15:00:00,31.7,0.0,8.4
Delhi,icon,2026-09-25 16:00:00,31.5,0.0,8.7
Delhi,icon,2026-09-25 17:00:00,29.6,0.0,14.6
Delhi,icon,2026-09-25 18:00:00,27.9,0.0,10.6
Delhi,icon,2026-09-25 19:00:00,27.1,0.0,10.3
Delhi,icon,2026-09-25 20:00:00,26.2,0.0,10.3
Delhi,icon,2026-09-25 21:00:00,25.5,0.0,7.9
Delhi,icon,2026-09-25 22:00:00,24.9,0.0,5.6
Delhi,icon,2026-09-25 23:00:00,24.5,0.0,3.4
Delhi,icon,2026-09-26 00:00:00,24.1,0.0,3.1
Delhi,icon,2026-09-26 01:00:00,23.9,0.0,4.8
Delhi,icon,2026-09-26 02:00:00,23.6,0.0,3.7
Delhi,icon,2026-09-26 03:00:00,23.4,0.0,2.6
Delhi,icon,2026-09-26 04:00:00,23.2,0.0,3.8
Delhi,icon,2026-09-26 05:00:00,23.3,0.0,3.4
Delhi,icon,2026-09-26 06:00:00,23.3,0.0,3.1
Delhi,icon,2026-09-26 07:00:00,23.6,0.0,2.4
Delhi,icon,2026-09-26 08:00:00,24.0,0.0,4.8
Delhi,icon,2026-09-26 09:00:00,24.6,0.0,6.3
Delhi,icon,2026-09-26 10:00:00,25.3,0.0,7.4
Delhi,icon,2026-09-26 11:00:00,25.7,0.0,9.4
Delhi,icon,2026-09-26 12:00:00,26.7,0.0,10.5
Delhi,icon,2026-09-26 13:00:00,26.6,0.0,12.4
Delhi,icon,2026-09-26 14:00:00,26.1,0.0,9.7
Delhi,icon,2026-09-26 15:00:00,25.8,0.0,11.3
Delhi,icon,2026-09-26 16:00:00,25.5,0.0,12.0
Delhi,icon,2026-09-26 17:00:00,25.3,0.0,11.9
Delhi,icon,2026-09-26 18:00:00,24.6,0.0,11.0
Delhi,icon,2026-09-26 19:00:00,24.0,0.0,10.4
Delhi,icon,2026-09-26 20:00:00,23.5,0.0,10.9
Delhi,icon,2026-09-26 21:00:00,22.2,0.6,10.6
Delhi,icon,2026-09-26 22:00:00,21.7,0.3,9.0
Delhi,icon,2026-09-26 23:00:00,21.7,0.1,7.4
Ghaziabad,ecmwf,2026-09-24 00:00:00,26.9,0.0,6.2
Ghaziabad,ecmwf,2026-09-24 01:00:00,26.4,0.0,7.1
Ghaziabad,ecmwf,2026-09-24 02:00:00,26.0,0.0,7.5
Ghaziabad,ecmwf,2026-09-24 03:00:00,25.7,0.0,7.4
Ghaziabad,ecmwf,2026-09-24 04:00:00,25.5,0.0,7.3
Ghaziabad,ecmwf,2026-09-24 05:00:00,25.5,0.0,7.2
Ghaziabad,ecmwf,2026-09-24 06:00:00,25.8,0.0,8.5
Ghaziabad,ecmwf,2026-09-24 07:00:00,26.3,0.0,9.9
Ghaziabad,ecmwf,2026-09-24 08:00:00,27.2,0.0,10.8
Ghaziabad,ecmwf,2026-09-24 09:00:00,28.6,0.0,9.9
Ghaziabad,ecmwf,2026-09-24 10:00:00,30.2,0.0,8.9
Ghaziabad,ecmwf,2026-09-24 11:00:00,31.6,0.0,7.9
Ghaziabad,ecmwf,2026-09-24 12:00:00,32.4,0.0,7.1
Ghaziabad,ecmwf,2026-09-24 13:00:00,32.8,0.0,7.1
Ghaziabad,ecmwf,2026-09-24 14:00:00,32.8,0.0,7.4
Ghaziabad,ecmwf,2026-09-24 15:00:00,32.1,0.0,8.2
Ghaziabad,ecmwf,2026-09-24 16:00:00,31.0,0.0,8.9
Ghaziabad,ecmwf,2026-09-24 17:00:00,29.9,0.0,9.5
Ghaziabad,ecmwf,2026-09-24 18:00:00,29.1,0.0,9.8
Ghaziabad,ecmwf,2026-09-24 19:00:00,28.4,0.0,9.7
Ghaziabad,ecmwf,2026-09-24 20:00:00,27.7,0.0,9.7
Ghaziabad,ecmwf,2026-09-24 21:00:00,27.2,0.0,10.0
Ghaziabad,ecmwf,2026-09-24 22:00:00,26.8,0.0,10.3
Ghaziabad,ecmwf,2026-09-24 23:00:00,26.4,0.0,10.3
Ghaziabad,ecmwf,2026-09-25 00:00:00,25.8,0.0,9.2
Ghaziabad,ecmwf,2026-09-25 01:00:00,25.2,0.0,7.6
Ghaziabad,ecmwf,2026-09-25 02:00:00,24.6,0.0,5.8
Ghaziabad,ecmwf,2026-09-25 03:00:00,23.9,0.0,4.5
Ghaziabad,ecmwf,2026-09-25 04:00:00,23.2,0.0,3.3
Ghaziabad,ecmwf,2026-09-25 05:00:00,23.1,0.0,2.6
Ghaziabad,ecmwf,2026-09-25 06:00:00,23.8,0.0,2.3
Ghaziabad,ecmwf,2026-09-25 07:00:00,25.0,0.0,1.8
Ghaziabad,ecmwf,2026-09-25 08:00:00,26.3,0.0,1.3
Ghaziabad,ecmwf,2026-09-25 09:00:00,27.6,0.0,0.7
Ghaziabad,ecmwf,2026-09-25 10:00:00,29.0,0.0,1.6
Ghaziabad,ecmwf,2026-09-25 11:00:00,30.1,0.0,2.3
Ghaziabad,ecmwf,2026-09-25 12:00:00,30.9,0.0,2.1
Ghaziabad,ecmwf,2026-09-25 13:00:00,31.5,0.0,1.8
Ghaziabad,ecmwf,2026-09-25 14:00:00,31.7,0.0,2.3
Ghaziabad,ecmwf,2026-09-25 15:00:00,31.5,0.0,3.0
Ghaziabad,ecmwf,2026-09-25 16:00:00,30.9,0.0,3.7
Ghaziabad,ecmwf,2026-09-25 17:00:00,30.1,0.0,4.1
Ghaziabad,ecmwf,2026-09-25 18:00:00,29.0,0.0,3.6
Ghaziabad,ecmwf,2026-09-25 19:00:00,27.8,0.0,3.8
Ghaziabad,ecmwf,2026-09-25 20:00:00,26.8,0.0,4.7
Ghaziabad,ecmwf,2026-09-25 21:00:00,26.2,0.0,5.6
Ghaziabad,ecmwf,2026-09-25 22:00:00,25.9,0.0,7.7
Ghaziabad,ecmwf,2026-09-25 23:00:00,25.5,0.0,9.1
Ghaziabad,ecmwf,2026-09-26 00:00:00,25.0,0.0,8.7
Ghaziabad,ecmwf,2026-09-26 01:00:00,24.5,0.0,7.5
Ghaziabad,ecmwf,2026-09-26 02:00:00,24.1,0.0,6.5
Ghaziabad,ecmwf,2026-09-26 03:00:00,23.9,0.1,5.4
Ghaziabad,ecmwf,2026-09-26 04:00:00,23.8,0.1,4.2
Ghaziabad,ecmwf,2026-09-26 05:00:00,23.9,0.1,3.8
Ghaziabad,ecmwf,2026-09-26 06:00:00,24.5,0.0,3.4
Ghaziabad,ecmwf,2026-09-26 07:00:00,25.3,0.0,2.7
Ghaziabad,ecmwf,2026-09-26 08:00:00,25.8,0.0,1.8
Ghaziabad,ecmwf,2026-09-26 09:00:00,25.9,0.5,0.8
Ghaziabad,ecmwf,2026-09-26 10:00:00,25.7,0.5,2.0
Ghaziabad,ecmwf,2026-09-26 11:00:00,25.5,0.5,3.3
Ghaziabad,ecmwf,2026-09-26 12:00:00,25.5,1.9,3.8
Ghaziabad,ecmwf,2026-09-26 13:00:00,25.4,1.9,5.1
Ghaziabad,ecmwf,2026-09-26 14:00:00,25.2,1.9,6.8
Ghaziabad,ecmwf,2026-09-26 15:00:00,24.9,0.9,8.9
Ghaziabad,ecmwf,2026-09-26 16:00:00,24.5,0.9,10.7
Ghaziabad,ecmwf,2026-09-26 17:00:00,24.2,0.9,11.3
Ghaziabad,ecmwf,2026-09-26 18:00:00,24.0,0.0,9.9
Ghaziabad,ecmwf,2026-09-26 19:00:00,24.0,0.0,7.9
Ghaziabad,ecmwf,2026-09-26 20:00:00,23.8,0.0,6.3
Ghaziabad,ecmwf,2026-09-26 21:00:00,23.3,0.0,3.9
Ghaziabad,ecmwf,2026-09-26 22:00:00,22.7,0.0,2.9
Ghaziabad,ecmwf,2026-09-26 23:00:00,22.3,0.0,5.1
Ghaziabad,gem,2026-09-24 00:00:00,24.8,0.0,4.7
Ghaziabad,gem,2026-09-24 01:00:00,24.1,0.0,5.8
Ghaziabad,gem,2026-09-24 02:00:00,23.6,0.0,7.6
Ghaziabad,gem,2026-09-24 03:00:00,23.5,0.0,9.7
Ghaziabad,gem,2026-09-24 04:00:00,23.6,0.0,10.4
Ghaziabad,gem,2026-09-24 05:00:00,24.4,0.0,7.2
Ghaziabad,gem,2026-09-24 06:00:00,23.8,0.0,9.4
Ghaziabad,gem,2026-09-24 07:00:00,25.6,0.0,12.2
Ghaziabad,gem,2026-09-24 08:00:00,28.5,0.0,16.9
Ghaziabad,gem,2026-09-24 09:00:00,30.9,0.0,17.3
Ghaziabad,gem,2026-09-24 10:00:00,32.2,0.0,16.9
Ghaziabad,gem,2026-09-24 11:00:00,33.1,0.0,16.2
Ghaziabad,gem,2026-09-24 12:00:00,33.5,0.0,18.4
Ghaziabad,gem,2026-09-24 13:00:00,33.6,0.0,19.8
Ghaziabad,gem,2026-09-24 14:00:00,33.4,0.0,18.7
Ghaziabad,gem,2026-09-24 15:00:00,33.1,0.0,18.4
Ghaziabad,gem,2026-09-24 16:00:00,32.6,0.0,17.6
Ghaziabad,gem,2026-09-24 17:00:00,31.9,0.0,16.2
Ghaziabad,gem,2026-09-24 18:00:00,30.4,0.0,12.6
Ghaziabad,gem,2026-09-24 19:00:00,28.7,0.0,9.4
Ghaziabad,gem,2026-09-24 20:00:00,27.1,0.0,8.3
Ghaziabad,gem,2026-09-24 21:00:00,26.1,0.0,9.0
Ghaziabad,gem,2026-09-24 22:00:00,25.7,0.0,10.8
Ghaziabad,gem,2026-09-24 23:00:00,25.4,0.0,10.8
Ghaziabad,gem,2026-09-25 00:00:00,25.1,0.0,11.9
Ghaziabad,gem,2026-09-25 01:00:00,24.6,0.0,12.2
Ghaziabad,gem,2026-09-25 02:00:00,24.1,0.0,10.4
Ghaziabad,gem,2026-09-25 03:00:00,23.5,0.0,8.6
Ghaziabad,gem,2026-09-25 04:00:00,22.8,0.0,7.6
Ghaziabad,gem,2026-09-25 05:00:00,22.2,0.0,6.8
Ghaziabad,gem,2026-09-25 06:00:00,21.8,0.0,4.7
Ghaziabad,gem,2026-09-25 07:00:00,23.3,0.0,5.0
Ghaziabad,gem,2026-09-25 08:00:00,25.9,0.0,7.9
Ghaziabad,gem,2026-09-25 09:00:00,28.0,0.0,13.0
Ghaziabad,gem,2026-09-25 10:00:00,29.5,0.0,12.6
Ghaziabad,gem,2026-09-25 11:00:00,30.7,0.0,11.9
Ghaziabad,gem,2026-09-25 12:00:00,31.8,0.0,10.8
Ghaziabad,gem,2026-09-25 13:00:00,32.6,0.0,6.8
Ghaziabad,gem,2026-09-25 14:00:00,33.1,0.0,4.0
Ghaziabad,gem,2026-09-25 15:00:00,33.3,0.0,6.1
Ghaziabad,gem,2026-09-25 16:00:00,33.1,0.0,8.6
Ghaziabad,gem,2026-09-25 17:00:00,32.4,0.0,10.8
Ghaziabad,gem,2026-09-25 18:00:00,30.7,0.0,10.1
Ghaziabad,gem,2026-09-25 19:00:00,28.9,0.0,9.0
Ghaziabad,gem,2026-09-25 20:00:00,27.4,0.0,7.9
Ghaziabad,gem,2026-09-25 21:00:00,26.2,0.0,7.2
Ghaziabad,gem,2026-09-25 22:00:00,25.3,0.0,7.2
Ghaziabad,gem,2026-09-25 23:00:00,24.5,0.0,7.6
Ghaziabad,gem,2026-09-26 00:00:00,24.0,0.0,9.0
Ghaziabad,gem,2026-09-26 01:00:00,23.6,0.0,9.7
Ghaziabad,gem,2026-09-26 02:00:00,23.3,0.0,9.4
Ghaziabad,gem,2026-09-26 03:00:00,22.9,0.0,7.9
Ghaziabad,gem,2026-09-26 04:00:00,22.4,0.0,7.2
Ghaziabad,gem,2026-09-26 05:00:00,22.2,0.0,8.6
Ghaziabad,gem,2026-09-26 06:00:00,22.1,0.0,7.6
Ghaziabad,gem,2026-09-26 07:00:00,23.8,0.0,5.0
Ghaziabad,gem,2026-09-26 08:00:00,26.5,0.0,2.5
Ghaziabad,gem,2026-09-26 09:00:00,29.0,0.0,2.2
Ghaziabad,gem,2026-09-26 10:00:00,30.7,0.0,5.4
Ghaziabad,gem,2026-09-26 11:00:00,31.9,0.0,7.9
Ghaziabad,gem,2026-09-26 12:00:00,32.8,0.0,10.4
Ghaziabad,gem,2026-09-26 13:00:00,33.5,0.0,13.7
Ghaziabad,gem,2026-09-26 14:00:00,33.7,0.0,15.1
Ghaziabad,gem,2026-09-26 15:00:00,33.8,0.0,15.5
Ghaziabad,gem,2026-09-26 16:00:00,32.9,0.0,21.6
Ghaziabad,gem,2026-09-26 17:00:00,30.4,0.1,24.5
Ghaziabad,gem,2026-09-26 18:00:00,28.1,0.0,19.4
Ghaziabad,gem,2026-09-26 19:00:00,26.5,0.0,19.1
Ghaziabad,gem,2026-09-26 20:00:00,24.8,0.0,19.8
Ghaziabad,gem,2026-09-26 21:00:00,23.6,0.0,15.5
Ghaziabad,gem,2026-09-26 22:00:00,22.7,0.0,12.2
Ghaziabad,gem,2026-09-26 23:00:00,22.1,0.0,9.4
Ghaziabad,gfs,2026-09-24 00:00:00,29.4,0.0,8.1
Ghaziabad,gfs,2026-09-24 01:00:00,28.7,0.0,8.9
Ghaziabad,gfs,2026-09-24 02:00:00,28.3,0.0,6.9
Ghaziabad,gfs,2026-09-24 03:00:00,28.0,0.0,6.8
Ghaziabad,gfs,2026-09-24 04:00:00,27.6,0.0,7.6
Ghaziabad,gfs,2026-09-24 05:00:00,27.2,0.0,8.7
Ghaziabad,gfs,2026-09-24 06:00:00,27.0,0.0,6.9
Ghaziabad,gfs,2026-09-24 07:00:00,27.7,0.0,7.3
Ghaziabad,gfs,2026-09-24 08:00:00,29.0,0.0,8.4
Ghaziabad,gfs,2026-09-24 09:00:00,30.6,0.0,9.8
Ghaziabad,gfs,2026-09-24 10:00:00,32.1,0.0,9.9
Ghaziabad,gfs,2026-09-24 11:00:00,33.3,0.0,8.6
Ghaziabad,gfs,2026-09-24 12:00:00,34.5,0.0,8.2
Ghaziabad,gfs,2026-09-24 13:00:00,35.1,0.0,9.5
Ghaziabad,gfs,2026-09-24 14:00:00,35.3,0.0,10.3
Ghaziabad,gfs,2026-09-24 15:00:00,35.3,0.0,10.1
Ghaziabad,gfs,2026-09-24 16:00:00,35.1,0.0,10.4
Ghaziabad,gfs,2026-09-24 17:00:00,34.2,0.0,11.9
Ghaziabad,gfs,2026-09-24 18:00:00,32.8,0.0,13.4
Ghaziabad,gfs,2026-09-24 19:00:00,30.7,0.0,15.1
Ghaziabad,gfs,2026-09-24 20:00:00,30.5,0.0,13.0
Ghaziabad,gfs,2026-09-24 21:00:00,29.9,0.0,14.3
Ghaziabad,gfs,2026-09-24 22:00:00,29.0,0.0,17.0
Ghaziabad,gfs,2026-09-24 23:00:00,28.1,0.0,17.1
Ghaziabad,gfs,2026-09-25 00:00:00,27.5,0.0,18.3
Ghaziabad,gfs,2026-09-25 01:00:00,26.8,0.0,19.2
Ghaziabad,gfs,2026-09-25 02:00:00,26.1,0.0,18.1
Ghaziabad,gfs,2026-09-25 03:00:00,25.7,0.0,17.1
Ghaziabad,gfs,2026-09-25 04:00:00,25.3,0.0,13.8
Ghaziabad,gfs,2026-09-25 05:00:00,25.0,0.0,11.2
Ghaziabad,gfs,2026-09-25 06:00:00,24.8,0.0,9.7
Ghaziabad,gfs,2026-09-25 07:00:00,25.3,0.0,11.0
Ghaziabad,gfs,2026-09-25 08:00:00,26.3,0.0,12.5
Ghaziabad,gfs,2026-09-25 09:00:00,27.9,0.0,13.2
Ghaziabad,gfs,2026-09-25 10:00:00,29.7,0.0,13.5
Ghaziabad,gfs,2026-09-25 11:00:00,31.1,0.0,12.9
Ghaziabad,gfs,2026-09-25 12:00:00,32.3,0.0,11.5
Ghaziabad,gfs,2026-09-25 13:00:00,33.3,0.0,9.9
Ghaziabad,gfs,2026-09-25 14:00:00,34.0,0.0,8.4
Ghaziabad,gfs,2026-09-25 15:00:00,34.3,0.0,9.4
Ghaziabad,gfs,2026-09-25 16:00:00,33.7,0.0,13.9
Ghaziabad,gfs,2026-09-25 17:00:00,32.8,0.0,13.0
Ghaziabad,gfs,2026-09-25 18:00:00,31.5,0.0,17.9
Ghaziabad,gfs,2026-09-25 19:00:00,28.0,0.0,20.4
Ghaziabad,gfs,2026-09-25 20:00:00,27.4,0.0,18.7
Ghaziabad,gfs,2026-09-25 21:00:00,27.0,0.0,17.8
Ghaziabad,gfs,2026-09-25 22:00:00,26.6,0.0,16.7
Ghaziabad,gfs,2026-09-25 23:00:00,26.3,0.0,15.2
Ghaziabad,gfs,2026-09-26 00:00:00,26.2,0.0,13.3
Ghaziabad,gfs,2026-09-26 01:00:00,25.9,0.0,10.9
Ghaziabad,gfs,2026-09-26 02:00:00,25.7,0.0,9.4
Ghaziabad,gfs,2026-09-26 03:00:00,25.1,0.0,10.4
Ghaziabad,gfs,2026-09-26 04:00:00,24.9,0.0,6.2
Ghaziabad,gfs,2026-09-26 05:00:00,25.0,0.0,7.2
Ghaziabad,gfs,2026-09-26 06:00:00,24.9,0.0,7.7
Ghaziabad,gfs,2026-09-26 07:00:00,25.1,0.0,8.8
Ghaziabad,gfs,2026-09-26 08:00:00,26.0,0.0,10.1
Ghaziabad,gfs,2026-09-26 09:00:00,26.8,0.0,13.5
Ghaziabad,gfs,2026-09-26 10:00:00,27.3,0.0,10.7
Ghaziabad,gfs,2026-09-26 11:00:00,28.3,0.0,6.6
Ghaziabad,gfs,2026-09-26 12:00:00,29.6,0.0,1.9
Ghaziabad,gfs,2026-09-26 13:00:00,31.4,0.0,3.4
Ghaziabad,gfs,2026-09-26 14:00:00,31.2,0.0,8.4
Ghaziabad,gfs,2026-09-26 15:00:00,29.0,0.0,23.3
Ghaziabad,gfs,2026-09-26 16:00:00,25.8,0.0,16.2
Ghaziabad,gfs,2026-09-26 17:00:00,26.0,0.0,19.0
Ghaziabad,gfs,2026-09-26 18:00:00,25.0,0.0,15.6
Ghaziabad,gfs,2026-09-26 19:00:00,24.6,0.1,14.0
Ghaziabad,gfs,2026-09-26 20:00:00,24.6,0.0,14.8
Ghaziabad,gfs,2026-09-26 21:00:00,24.0,0.0,15.3
Ghaziabad,gfs,2026-09-26 22:00:00,23.7,0.0,14.5
Ghaziabad,gfs,2026-09-26 23:00:00,23.5,0.0,15.5
Ghaziabad,icon,2026-09-24 00:00:00,26.8,0.0,4.2
Ghaziabad,icon,2026-09-24 01:00:00,26.6,0.0,4.7
Ghaziabad,icon,2026-09-24 02:00:00,26.5,0.0,6.2
Ghaziabad,icon,2026-09-24 03:00:00,26.2,0.0,6.6
Ghaziabad,icon,2026-09-24 04:00:00,26.0,0.0,6.3
Ghaziabad,icon,2026-09-24 05:00:00,25.9,0.0,5.6
Ghaziabad,icon,2026-09-24 06:00:00,25.9,0.0,6.2
Ghaziabad,icon,2026-09-24 07:00:00,26.4,0.0,6.1
Ghaziabad,icon,2026-09-24 08:00:00,27.4,0.0,10.2
Ghaziabad,icon,2026-09-24 09:00:00,28.7,0.0,10.5
Ghaziabad,icon,2026-09-24 10:00:00,30.0,0.0,10.0
Ghaziabad,icon,2026-09-24 11:00:00,31.4,0.0,7.2
Ghaziabad,icon,2026-09-24 12:00:00,32.4,0.0,6.1
Ghaziabad,icon,2026-09-24 13:00:00,33.0,0.0,4.3
Ghaziabad,icon,2026-09-24 14:00:00,33.3,0.0,2.7
Ghaziabad,icon,2026-09-24 15:00:00,33.4,0.0,4.0
Ghaziabad,icon,2026-09-24 16:00:00,33.2,0.0,4.5
Ghaziabad,icon,2026-09-24 17:00:00,32.3,0.0,4.7
Ghaziabad,icon,2026-09-24 18:00:00,30.7,0.0,4.7
Ghaziabad,icon,2026-09-24 19:00:00,29.5,0.0,4.7
Ghaziabad,icon,2026-09-24 20:00:00,28.9,0.0,5.4
Ghaziabad,icon,2026-09-24 21:00:00,28.3,0.0,7.6
Ghaziabad,icon,2026-09-24 22:00:00,27.8,0.0,7.8
Ghaziabad,icon,2026-09-24 23:00:00,27.3,0.0,9.2
Ghaziabad,icon,2026-09-25 00:00:00,26.7,0.0,10.0
Ghaziabad,icon,2026-09-25 01:00:00,26.1,0.0,9.3
Ghaziabad,icon,2026-09-25 02:00:00,25.6,0.0,7.4
Ghaziabad,icon,2026-09-25 03:00:00,25.2,0.0,7.4
Ghaziabad,icon,2026-09-25 04:00:00,24.7,0.0,6.9
Ghaziabad,icon,2026-09-25 05:00:00,24.4,0.0,6.4
Ghaziabad,icon,2026-09-25 06:00:00,24.1,0.0,6.0
Ghaziabad,icon,2026-09-25 07:00:00,24.7,0.0,6.1
Ghaziabad,icon,2026-09-25 08:00:00,25.9,0.0,9.7
Ghaziabad,icon,2026-09-25 09:00:00,26.9,0.0,14.1
Ghaziabad,icon,2026-09-25 10:00:00,27.9,0.0,14.3
Ghaziabad,icon,2026-09-25 11:00:00,29.0,0.0,12.7
Ghaziabad,icon,2026-09-25 12:00:00,29.8,0.0,11.2
Ghaziabad,icon,2026-09-25 13:00:00,30.4,0.0,9.5
Ghaziabad,icon,2026-09-25 14:00:00,30.9,0.0,8.9
Ghaziabad,icon,2026-09-25 15:00:00,31.0,0.0,9.0
Ghaziabad,icon,2026-09-25 16:00:00,30.7,0.0,14.7
Ghaziabad,icon,2026-09-25 17:00:00,28.0,0.0,14.8
Ghaziabad,icon,2026-09-25 18:00:00,27.0,0.0,10.8
Ghaziabad,icon,2026-09-25 19:00:00,26.0,0.0,10.3
Ghaziabad,icon,2026-09-25 20:00:00,25.2,0.0,8.7
Ghaziabad,icon,2026-09-25 21:00:00,24.4,0.0,5.8
Ghaziabad,icon,2026-09-25 22:00:00,23.9,0.0,4.3
Ghaziabad,icon,2026-09-25 23:00:00,23.5,0.0,3.1
Ghaziabad,icon,2026-09-26 00:00:00,23.3,0.0,3.4
Ghaziabad,icon,2026-09-26 01:00:00,23.2,0.0,4.6
Ghaziabad,icon,2026-09-26 02:00:00,23.1,0.0,2.2
Ghaziabad,icon,2026-09-26 03:00:00,23.0,0.0,3.6
Ghaziabad,icon,2026-09-26 04:00:00,23.0,0.0,4.9
Ghaziabad,icon,2026-09-26 05:00:00,23.0,0.0,4.3
Ghaziabad,icon,2026-09-26 06:00:00,23.0,0.0,4.2
Ghaziabad,icon,2026-09-26 07:00:00,23.2,0.0,4.5
Ghaziabad,icon,2026-09-26 08:00:00,23.4,0.0,6.7
Ghaziabad,icon,2026-09-26 09:00:00,23.4,0.2,6.5
Ghaziabad,icon,2026-09-26 10:00:00,23.6,0.2,7.6
Ghaziabad,icon,2026-09-26 11:00:00,24.0,0.0,10.9
Ghaziabad,icon,2026-09-26 12:00:00,24.4,0.0,12.3
Ghaziabad,icon,2026-09-26 13:00:00,24.6,0.0,12.3
Ghaziabad,icon,2026-09-26 14:00:00,24.1,0.0,11.5
Ghaziabad,icon,2026-09-26 15:00:00,23.4,0.2,10.9
Ghaziabad,icon,2026-09-26 16:00:00,23.5,0.3,14.6
Ghaziabad,icon,2026-09-26 17:00:00,23.5,0.0,12.3
Ghaziabad,icon,2026-09-26 18:00:00,23.2,0.0,13.1
Ghaziabad,icon,2026-09-26 19:00:00,22.7,0.0,12.4
Ghaziabad,icon,2026-09-26 20:00:00,22.0,0.0,15.6
Ghaziabad,icon,2026-09-26 21:00:00,21.3,0.3,13.2
Ghaziabad,icon,2026-09-26 22:00:00,21.0,0.3,13.5
Ghaziabad,icon,2026-09-26 23:00:00,21.2,1.0,9.2
Goa,ecmwf,2026-09-24 00:00:00,24.7,0.7,5.2
Goa,ecmwf,2026-09-24 01:00:00,24.6,0.7,5.6
Goa,ecmwf,2026-09-24 02:00:00,24.4,0.7,5.4
Goa,ecmwf,2026-09-24 03:00:00,24.0,3.7,3.4
Goa,ecmwf,2026-09-24 04:00:00,23.5,3.7,1.1
Goa,ecmwf,2026-09-24 05:00:00,23.2,3.7,2.3
Goa,ecmwf,2026-09-24 06:00:00,23.1,1.6,4.7
Goa,ecmwf,2026-09-24 07:00:00,23.2,1.6,6.7
Goa,ecmwf,2026-09-24 08:00:00,23.8,1.6,6.6
Goa,ecmwf,2026-09-24 09:00:00,25.3,0.1,3.3
Goa,ecmwf,2026-09-24 10:00:00,27.2,0.1,7.2
Goa,ecmwf,2026-09-24 11:00:00,28.4,0.1,12.2
Goa,ecmwf,2026-09-24 12:00:00,28.5,0.8,13.3
Goa,ecmwf,2026-09-24 13:00:00,27.9,0.8,12.6
Goa,ecmwf,2026-09-24 14:00:00,27.4,0.8,12.2
Goa,ecmwf,2026-09-24 15:00:00,27.3,0.4,13.7
Goa,ecmwf,2026-09-24 16:00:00,27.2,0.4,15.0
Goa,ecmwf,2026-09-24 17:00:00,26.9,0.4,14.4
Goa,ecmwf,2026-09-24 18:00:00,26.2,0.6,9.4
Goa,ecmwf,2026-09-24 19:00:00,25.3,0.6,2.6
Goa,ecmwf,2026-09-24 20:00:00,24.6,0.6,2.6
Goa,ecmwf,2026-09-24 21:00:00,24.5,0.1,3.5
Goa,ecmwf,2026-09-24 22:00:00,24.6,0.1,2.4
Goa,ecmwf,2026-09-24 23:00:00,24.6,0.1,0.8
Goa,ecmwf,2026-09-25 00:00:00,24.5,0.1,2.1
Goa,ecmwf,2026-09-25 01:00:00,24.4,0.1,5.8
Goa,ecmwf,2026-09-25 02:00:00,24.1,0.1,7.1
Goa,ecmwf,2026-09-25 03:00:00,23.6,0.9,3.8
Goa,ecmwf,2026-09-25 04:00:00,22.9,0.9,2.6
Goa,ecmwf,2026-09-25 05:00:00,22.6,0.9,6.2
Goa,ecmwf,2026-09-25 06:00:00,22.9,0.1,7.0
Goa,ecmwf,2026-09-25 07:00:00,23.6,0.1,6.4
Goa,ecmwf,2026-09-25 08:00:00,24.5,0.1,5.0
Goa,ecmwf,2026-09-25 09:00:00,25.5,0.2,3.7
Goa,ecmwf,2026-09-25 10:00:00,26.7,0.2,7.6
Goa,ecmwf,2026-09-25 11:00:00,27.5,0.2,11.9
Goa,ecmwf,2026-09-25 12:00:00,27.9,0.3,14.1
Goa,ecmwf,2026-09-25 13:00:00,28.0,0.3,14.8
Goa,ecmwf,2026-09-25 14:00:00,28.0,0.3,14.8
Goa,ecmwf,2026-09-25 15:00:00,27.9,0.2,14.1
Goa,ecmwf,2026-09-25 16:00:00,27.7,0.2,12.3
Goa,ecmwf,2026-09-25 17:00:00,27.4,0.2,10.8
Goa,ecmwf,2026-09-25 18:00:00,26.8,0.1,9.8
Goa,ecmwf,2026-09-25 19:00:00,26.0,0.1,9.1
Goa,ecmwf,2026-09-25 20:00:00,25.5,0.1,8.9
Goa,ecmwf,2026-09-25 21:00:00,25.3,0.2,9.5
Goa,ecmwf,2026-09-25 22:00:00,25.2,0.2,10.4
Goa,ecmwf,2026-09-25 23:00:00,25.1,0.2,10.5
Goa,ecmwf,2026-09-26 00:00:00,25.0,0.1,8.9
Goa,ecmwf,2026-09-26 01:00:00,24.8,0.1,6.3
Goa,ecmwf,2026-09-26 02:00:00,24.6,0.1,5.2
Goa,ecmwf,2026-09-26 03:00:00,24.3,0.2,6.5
Goa,ecmwf,2026-09-26 04:00:00,23.9,0.2,9.4
Goa,ecmwf,2026-09-26 05:00:00,23.8,0.2,10.8
Goa,ecmwf,2026-09-26 06:00:00,24.2,0.0,9.8
Goa,ecmwf,2026-09-26 07:00:00,24.7,0.0,7.8
Goa,ecmwf,2026-09-26 08:00:00,25.4,0.0,6.7
Goa,ecmwf,2026-09-26 09:00:00,26.1,0.1,8.1
Goa,ecmwf,2026-09-26 10:00:00,26.9,0.1,10.8
Goa,ecmwf,2026-09-26 11:00:00,27.5,0.1,12.9
Goa,ecmwf,2026-09-26 12:00:00,27.6,0.2,13.7
Goa,ecmwf,2026-09-26 13:00:00,27.5,0.2,14.2
Goa,ecmwf,2026-09-26 14:00:00,27.3,0.2,14.0
Goa,ecmwf,2026-09-26 15:00:00,27.1,0.0,13.5
Goa,ecmwf,2026-09-26 16:00:00,26.8,0.0,12.7
Goa,ecmwf,2026-09-26 17:00:00,26.4,0.0,11.2
Goa,ecmwf,2026-09-26 18:00:00,26.0,0.0,9.2
Goa,ecmwf,2026-09-26 19:00:00,25.4,0.0,7.1
Goa,ecmwf,2026-09-26 20:00:00,25.0,0.0,5.5
Goa,ecmwf,2026-09-26 21:00:00,24.7,0.0,4.4
Goa,ecmwf,2026-09-26 22:00:00,24.4,0.0,3.9
Goa,ecmwf,2026-09-26 23:00:00,24.2,0.0,3.8
Goa,gem,2026-09-24 00:00:00,25.5,0.1,5.0
Goa,gem,2026-09-24 01:00:00,25.4,0.1,7.6
Goa,gem,2026-09-24 02:00:00,25.1,0.3,7.6
Goa,gem,2026-09-24 03:00:00,24.8,2.1,7.2
Goa,gem,2026-09-24 04:00:00,24.5,2.5,8.3
Goa,gem,2026-09-24 05:00:00,23.7,3.0,1.1
Goa,gem,2026-09-24 06:00:00,23.4,5.4,1.8
Goa,gem,2026-09-24 07:00:00,23.7,3.0,1.1
Goa,gem,2026-09-24 08:00:00,24.1,1.4,4.3
Goa,gem,2026-09-24 09:00:00,24.0,2.5,8.6
Goa,gem,2026-09-24 10:00:00,25.2,0.0,2.5
Goa,gem,2026-09-24 11:00:00,26.8,0.0,6.8
Goa,gem,2026-09-24 12:00:00,27.3,0.0,10.1
Goa,gem,2026-09-24 13:00:00,26.1,1.9,10.4
Goa,gem,2026-09-24 14:00:00,25.1,4.6,8.3
Goa,gem,2026-09-24 15:00:00,25.2,2.5,7.9
Goa,gem,2026-09-24 16:00:00,25.8,0.6,10.1
Goa,gem,2026-09-24 17:00:00,25.7,2.0,12.6
Goa,gem,2026-09-24 18:00:00,24.2,1.5,10.8
Goa,gem,2026-09-24 19:00:00,23.5,0.1,4.7
Goa,gem,2026-09-24 20:00:00,23.0,1.4,1.8
Goa,gem,2026-09-24 21:00:00,22.9,0.3,2.9
Goa,gem,2026-09-24 22:00:00,22.8,0.0,4.0
Goa,gem,2026-09-24 23:00:00,22.8,0.0,4.0
Goa,gem,2026-09-25 00:00:00,23.0,0.2,3.2
Goa,gem,2026-09-25 01:00:00,23.1,0.3,2.2
Goa,gem,2026-09-25 02:00:00,23.3,0.2,2.2
Goa,gem,2026-09-25 03:00:00,23.3,0.5,1.8
Goa,gem,2026-09-25 04:00:00,23.1,2.1,8.6
Goa,gem,2026-09-25 05:00:00,22.6,0.3,4.3
Goa,gem,2026-09-25 06:00:00,22.5,0.1,3.2
Goa,gem,2026-09-25 07:00:00,23.1,0.7,4.0
Goa,gem,2026-09-25 08:00:00,23.4,0.4,4.7
Goa,gem,2026-09-25 09:00:00,25.0,0.0,2.5
Goa,gem,2026-09-25 10:00:00,26.6,0.0,6.1
Goa,gem,2026-09-25 11:00:00,27.2,0.0,8.6
Goa,gem,2026-09-25 12:00:00,26.5,2.4,11.9
Goa,gem,2026-09-25 13:00:00,25.6,2.5,7.9
Goa,gem,2026-09-25 14:00:00,27.4,0.1,9.4
Goa,gem,2026-09-25 15:00:00,27.3,1.5,13.7
Goa,gem,2026-09-25 16:00:00,26.9,0.8,11.5
Goa,gem,2026-09-25 17:00:00,26.9,0.0,11.9
Goa,gem,2026-09-25 18:00:00,26.0,0.0,9.7
Goa,gem,2026-09-25 19:00:00,25.7,0.0,7.6
Goa,gem,2026-09-25 20:00:00,25.3,0.0,6.5
Goa,gem,2026-09-25 21:00:00,24.9,0.0,5.8
Goa,gem,2026-09-25 22:00:00,24.7,0.0,4.0
Goa,gem,2026-09-25 23:00:00,24.4,0.0,3.2
Goa,gem,2026-09-26 00:00:00,24.2,0.0,2.5
Goa,gem,2026-09-26 01:00:00,24.1,0.0,2.5
Goa,gem,2026-09-26 02:00:00,24.0,0.0,2.5
Goa,gem,2026-09-26 03:00:00,23.8,0.0,2.5
Goa,gem,2026-09-26 04:00:00,23.8,0.0,2.5
Goa,gem,2026-09-26 05:00:00,23.9,0.2,1.8
Goa,gem,2026-09-26 06:00:00,23.5,2.4,5.4
Goa,gem,2026-09-26 07:00:00,23.7,2.2,4.3
Goa,gem,2026-09-26 08:00:00,24.4,0.3,2.5
Goa,gem,2026-09-26 09:00:00,25.5,0.0,2.5
Goa,gem,2026-09-26 10:00:00,27.0,0.0,5.8
Goa,gem,2026-09-26 11:00:00,28.2,0.0,6.8
Goa,gem,2026-09-26 12:00:00,28.5,0.0,9.7
Goa,gem,2026-09-26 13:00:00,28.6,0.1,11.2
Goa,gem,2026-09-26 14:00:00,28.5,0.1,11.2
Goa,gem,2026-09-26 15:00:00,28.5,0.0,11.9
Goa,gem,2026-09-26 16:00:00,28.2,0.0,12.6
Goa,gem,2026-09-26 17:00:00,27.3,0.0,10.4
Goa,gem,2026-09-26 18:00:00,26.1,0.0,6.5
Goa,gem,2026-09-26 19:00:00,25.0,0.0,4.3
Goa,gem,2026-09-26 20:00:00,24.2,0.0,2.5
Goa,gem,2026-09-26 21:00:00,23.8,0.0,1.4
Goa,gem,2026-09-26 22:00:00,23.4,0.0,2.2
Goa,gem,2026-09-26 23:00:00,23.0,0.0,3.2
Goa,gfs,2026-09-24 00:00:00,24.1,0.1,3.6
Goa,gfs,2026-09-24 01:00:00,23.9,0.1,2.9
Goa,gfs,2026-09-24 02:00:00,23.8,0.1,3.4
Goa,gfs,2026-09-24 03:00:00,23.7,0.1,3.4
Goa,gfs,2026-09-24 04:00:00,23.7,0.1,1.9
Goa,gfs,2026-09-24 05:00:00,23.5,0.1,2.0
Goa,gfs,2026-09-24 06:00:00,23.5,0.0,1.6
Goa,gfs,2026-09-24 07:00:00,24.6,0.0,1.6
Goa,gfs,2026-09-24 08:00:00,26.0,0.1,2.7
Goa,gfs,2026-09-24 09:00:00,27.2,0.1,4.7
Goa,gfs,2026-09-24 10:00:00,28.4,0.1,7.7
Goa,gfs,2026-09-24 11:00:00,28.7,0.1,9.6
Goa,gfs,2026-09-24 12:00:00,28.6,0.3,11.3
Goa,gfs,2026-09-24 13:00:00,27.8,1.0,11.1
Goa,gfs,2026-09-24 14:00:00,27.2,1.0,11.3
Goa,gfs,2026-09-24 15:00:00,26.4,0.8,9.7
Goa,gfs,2026-09-24 16:00:00,25.9,0.7,8.3
Goa,gfs,2026-09-24 17:00:00,25.3,0.7,5.7
Goa,gfs,2026-09-24 18:00:00,24.5,0.3,4.7
Goa,gfs,2026-09-24 19:00:00,24.4,0.0,3.7
Goa,gfs,2026-09-24 20:00:00,24.3,0.1,4.0
Goa,gfs,2026-09-24 21:00:00,24.2,0.1,3.7
Goa,gfs,2026-09-24 22:00:00,24.1,0.1,4.2
Goa,gfs,2026-09-24 23:00:00,23.9,0.1,3.7
Goa,gfs,2026-09-25 00:00:00,23.7,0.1,4.0
Goa,gfs,2026-09-25 01:00:00,23.5,0.1,3.5
Goa,gfs,2026-09-25 02:00:00,23.5,0.1,2.8
Goa,gfs,2026-09-25 03:00:00,23.5,0.1,3.1
Goa,gfs,2026-09-25 04:00:00,23.4,0.1,2.3
Goa,gfs,2026-09-25 05:00:00,23.3,0.1,2.5
Goa,gfs,2026-09-25 06:00:00,23.3,0.1,2.8
Goa,gfs,2026-09-25 07:00:00,24.5,0.1,2.6
Goa,gfs,2026-09-25 08:00:00,25.6,0.2,4.7
Goa,gfs,2026-09-25 09:00:00,26.4,0.5,7.3
Goa,gfs,2026-09-25 10:00:00,26.8,1.1,8.4
Goa,gfs,2026-09-25 11:00:00,27.1,1.4,8.8
Goa,gfs,2026-09-25 12:00:00,27.1,1.5,8.8
Goa,gfs,2026-09-25 13:00:00,27.2,1.5,9.8
Goa,gfs,2026-09-25 14:00:00,27.0,1.3,9.8
Goa,gfs,2026-09-25 15:00:00,26.6,1.2,9.4
Goa,gfs,2026-09-25 16:00:00,26.3,1.3,7.6
Goa,gfs,2026-09-25 17:00:00,25.7,0.8,5.1
Goa,gfs,2026-09-25 18:00:00,24.3,0.2,3.8
Goa,gfs,2026-09-25 19:00:00,23.9,0.1,0.5
Goa,gfs,2026-09-25 20:00:00,23.7,0.0,1.4
Goa,gfs,2026-09-25 21:00:00,23.6,0.0,2.5
Goa,gfs,2026-09-25 22:00:00,23.5,0.0,3.0
Goa,gfs,2026-09-25 23:00:00,23.5,0.1,4.0
Goa,gfs,2026-09-26 00:00:00,23.5,0.1,3.9
Goa,gfs,2026-09-26 01:00:00,23.3,0.1,3.2
Goa,gfs,2026-09-26 02:00:00,23.1,0.1,3.3
Goa,gfs,2026-09-26 03:00:00,23.0,0.1,3.6
Goa,gfs,2026-09-26 04:00:00,22.9,0.0,4.4
Goa,gfs,2026-09-26 05:00:00,22.8,0.0,5.0
Goa,gfs,2026-09-26 06:00:00,22.7,0.0,6.1
Goa,gfs,2026-09-26 07:00:00,23.9,0.0,5.2
Goa,gfs,2026-09-26 08:00:00,25.5,0.0,5.2
Goa,gfs,2026-09-26 09:00:00,26.7,0.0,7.6
Goa,gfs,2026-09-26 10:00:00,27.5,0.0,9.4
Goa,gfs,2026-09-26 11:00:00,27.4,0.3,10.2
Goa,gfs,2026-09-26 12:00:00,27.4,0.2,9.6
Goa,gfs,2026-09-26 13:00:00,27.7,0.1,8.9
Goa,gfs,2026-09-26 14:00:00,27.1,0.2,8.9
Goa,gfs,2026-09-26 15:00:00,27.1,0.0,8.0
Goa,gfs,2026-09-26 16:00:00,26.5,0.0,7.3
Goa,gfs,2026-09-26 17:00:00,25.3,0.0,5.3
Goa,gfs,2026-09-26 18:00:00,23.7,0.0,4.0
Goa,gfs,2026-09-26 19:00:00,23.2,0.0,4.5
Goa,gfs,2026-09-26 20:00:00,23.0,0.0,3.8
Goa,gfs,2026-09-26 21:00:00,22.8,0.0,4.4
Goa,gfs,2026-09-26 22:00:00,22.7,0.0,4.6
Goa,gfs,2026-09-26 23:00:00,22.7,0.0,4.4
Goa,icon,2026-09-24 00:00:00,25.5,0.2,1.8
Goa,icon,2026-09-24 01:00:00,25.4,0.0,2.1
Goa,icon,2026-09-24 02:00:00,25.3,0.4,2.5
Goa,icon,2026-09-24 03:00:00,25.2,0.8,2.0
Goa,icon,2026-09-24 04:00:00,25.1,1.2,1.5
Goa,icon,2026-09-24 05:00:00,25.3,1.1,3.0
Goa,icon,2026-09-24 06:00:00,25.2,2.0,2.5
Goa,icon,2026-09-24 07:00:00,25.4,2.3,2.9
Goa,icon,2026-09-24 08:00:00,25.7,1.6,2.9
Goa,icon,2026-09-24 09:00:00,26.4,0.9,2.9
Goa,icon,2026-09-24 10:00:00,26.7,1.1,5.9
Goa,icon,2026-09-24 11:00:00,26.9,2.6,8.0
Goa,icon,2026-09-24 12:00:00,27.0,1.3,9.4
Goa,icon,2026-09-24 13:00:00,26.8,2.5,10.5
Goa,icon,2026-09-24 14:00:00,26.9,1.2,10.4
Goa,icon,2026-09-24 15:00:00,27.2,0.4,9.5
Goa,icon,2026-09-24 16:00:00,26.7,1.4,8.6
Goa,icon,2026-09-24 17:00:00,26.2,1.1,6.5
Goa,icon,2026-09-24 18:00:00,25.9,1.2,4.5
Goa,icon,2026-09-24 19:00:00,25.9,0.5,4.5
Goa,icon,2026-09-24 20:00:00,25.7,0.6,3.5
Goa,icon,2026-09-24 21:00:00,25.6,0.5,2.6
Goa,icon,2026-09-24 22:00:00,25.5,0.8,2.1
Goa,icon,2026-09-24 23:00:00,25.3,0.9,2.0
Goa,icon,2026-09-25 00:00:00,25.2,1.0,1.9
Goa,icon,2026-09-25 01:00:00,25.2,0.9,2.5
Goa,icon,2026-09-25 02:00:00,25.0,0.9,1.6
Goa,icon,2026-09-25 03:00:00,24.7,1.1,2.2
Goa,icon,2026-09-25 04:00:00,24.6,1.0,1.1
Goa,icon,2026-09-25 05:00:00,24.5,0.7,1.1
Goa,icon,2026-09-25 06:00:00,24.4,0.2,0.7
Goa,icon,2026-09-25 07:00:00,24.4,0.5,0.8
Goa,icon,2026-09-25 08:00:00,24.8,0.3,1.3
Goa,icon,2026-09-25 09:00:00,25.1,0.4,1.4
Goa,icon,2026-09-25 10:00:00,25.4,0.2,2.3
Goa,icon,2026-09-25 11:00:00,26.6,0.4,5.4
Goa,icon,2026-09-25 12:00:00,27.6,0.1,7.6
Goa,icon,2026-09-25 13:00:00,27.7,0.6,10.8
Goa,icon,2026-09-25 14:00:00,26.9,1.8,9.5
Goa,icon,2026-09-25 15:00:00,26.7,0.9,7.4
Goa,icon,2026-09-25 16:00:00,26.6,0.2,8.4
Goa,icon,2026-09-25 17:00:00,26.4,0.0,7.4
Goa,icon,2026-09-25 18:00:00,26.0,0.1,5.2
Goa,icon,2026-09-25 19:00:00,25.7,0.1,3.4
Goa,icon,2026-09-25 20:00:00,25.5,0.0,1.9
Goa,icon,2026-09-25 21:00:00,25.4,0.0,1.9
Goa,icon,2026-09-25 22:00:00,25.1,0.0,2.6
Goa,icon,2026-09-25 23:00:00,24.8,0.1,2.9
Goa,icon,2026-09-26 00:00:00,24.7,0.1,2.9
Goa,icon,2026-09-26 01:00:00,24.5,0.1,3.4
Goa,icon,2026-09-26 02:00:00,24.6,0.1,3.4
Goa,icon,2026-09-26 03:00:00,24.7,0.3,3.3
Goa,icon,2026-09-26 04:00:00,24.7,0.3,3.3
Goa,icon,2026-09-26 05:00:00,24.8,0.0,3.2
Goa,icon,2026-09-26 06:00:00,24.8,0.0,3.2
Goa,icon,2026-09-26 07:00:00,25.1,0.0,2.5
Goa,icon,2026-09-26 08:00:00,26.0,0.0,3.6
Goa,icon,2026-09-26 09:00:00,27.1,0.0,7.3
Goa,icon,2026-09-26 10:00:00,28.0,0.0,10.1
Goa,icon,2026-09-26 11:00:00,28.5,0.0,10.1
Goa,icon,2026-09-26 12:00:00,28.6,0.2,8.7
Goa,icon,2026-09-26 13:00:00,28.9,0.3,7.8
Goa,icon,2026-09-26 14:00:00,29.0,0.1,9.3
Goa,icon,2026-09-26 15:00:00,28.9,0.0,8.7
Goa,icon,2026-09-26 16:00:00,28.7,0.0,8.8
Goa,icon,2026-09-26 17:00:00,28.1,0.0,8.0
Goa,icon,2026-09-26 18:00:00,27.2,0.0,5.7
Goa,icon,2026-09-26 19:00:00,26.5,0.0,2.7
Goa,icon,2026-09-26 20:00:00,26.1,0.0,1.9
Goa,icon,2026-09-26 21:00:00,25.8,0.0,2.5
Goa,icon,2026-09-26 22:00:00,25.5,0.0,2.2
Goa,icon,2026-09-26 23:00:00,25.3,0.0,2.4
Guwahati,ecmwf,2026-09-24 00:00:00,27.3,0.1,8.9
Guwahati,ecmwf,2026-09-24 01:00:00,26.9,0.1,9.7
Guwahati,ecmwf,2026-09-24 02:00:00,26.6,0.1,10.0
Guwahati,ecmwf,2026-09-24 03:00:00,26.4,0.6,9.8
Guwahati,ecmwf,2026-09-24 04:00:00,26.4,0.6,9.5
Guwahati,ecmwf,2026-09-24 05:00:00,26.6,0.6,9.3
Guwahati,ecmwf,2026-09-24 06:00:00,27.3,0.0,9.8
Guwahati,ecmwf,2026-09-24 07:00:00,28.3,0.0,10.9
Guwahati,ecmwf,2026-09-24 08:00:00,29.3,0.0,11.9
Guwahati,ecmwf,2026-09-24 09:00:00,30.4,0.0,11.9
Guwahati,ecmwf,2026-09-24 10:00:00,31.7,0.0,12.0
Guwahati,ecmwf,2026-09-24 11:00:00,32.5,0.0,11.8
Guwahati,ecmwf,2026-09-24 12:00:00,32.8,0.2,11.6
Guwahati,ecmwf,2026-09-24 13:00:00,32.8,0.2,11.0
Guwahati,ecmwf,2026-09-24 14:00:00,32.4,0.2,10.2
Guwahati,ecmwf,2026-09-24 15:00:00,31.7,0.0,9.0
Guwahati,ecmwf,2026-09-24 16:00:00,30.6,0.0,7.4
Guwahati,ecmwf,2026-09-24 17:00:00,29.7,0.0,6.3
Guwahati,ecmwf,2026-09-24 18:00:00,29.2,0.0,5.5
Guwahati,ecmwf,2026-09-24 19:00:00,28.9,0.0,5.4
Guwahati,ecmwf,2026-09-24 20:00:00,28.6,0.0,4.9
Guwahati,ecmwf,2026-09-24 21:00:00,28.2,0.0,4.7
Guwahati,ecmwf,2026-09-24 22:00:00,27.9,0.0,4.8
Guwahati,ecmwf,2026-09-24 23:00:00,27.5,0.0,5.0
Guwahati,ecmwf,2026-09-25 00:00:00,27.2,0.0,5.3
Guwahati,ecmwf,2026-09-25 01:00:00,27.0,0.0,5.4
Guwahati,ecmwf,2026-09-25 02:00:00,26.7,0.0,4.9
Guwahati,ecmwf,2026-09-25 03:00:00,26.4,0.0,2.4
Guwahati,ecmwf,2026-09-25 04:00:00,26.0,0.0,1.1
Guwahati,ecmwf,2026-09-25 05:00:00,26.0,0.0,3.3
Guwahati,ecmwf,2026-09-25 06:00:00,26.5,0.0,3.9
Guwahati,ecmwf,2026-09-25 07:00:00,27.3,0.0,3.8
Guwahati,ecmwf,2026-09-25 08:00:00,28.2,0.0,3.2
Guwahati,ecmwf,2026-09-25 09:00:00,29.6,0.0,1.0
Guwahati,ecmwf,2026-09-25 10:00:00,31.2,0.0,3.6
Guwahati,ecmwf,2026-09-25 11:00:00,31.9,0.0,5.6
Guwahati,ecmwf,2026-09-25 12:00:00,30.9,2.0,4.0
Guwahati,ecmwf,2026-09-25 13:00:00,29.1,2.0,4.9
Guwahati,ecmwf,2026-09-25 14:00:00,27.7,2.0,7.3
Guwahati,ecmwf,2026-09-25 15:00:00,27.4,0.0,8.3
Guwahati,ecmwf,2026-09-25 16:00:00,27.5,0.0,8.0
Guwahati,ecmwf,2026-09-25 17:00:00,27.6,0.0,7.5
Guwahati,ecmwf,2026-09-25 18:00:00,27.5,0.0,6.8
Guwahati,ecmwf,2026-09-25 19:00:00,27.3,0.0,6.2
Guwahati,ecmwf,2026-09-25 20:00:00,27.2,0.0,6.2
Guwahati,ecmwf,2026-09-25 21:00:00,27.1,0.0,5.8
Guwahati,ecmwf,2026-09-25 22:00:00,27.0,0.0,5.2
Guwahati,ecmwf,2026-09-25 23:00:00,27.0,0.0,4.6
Guwahati,ecmwf,2026-09-26 00:00:00,26.9,0.0,4.3
Guwahati,ecmwf,2026-09-26 01:00:00,26.8,0.0,3.9
Guwahati,ecmwf,2026-09-26 02:00:00,26.7,0.0,3.6
Guwahati,ecmwf,2026-09-26 03:00:00,26.4,0.0,3.6
Guwahati,ecmwf,2026-09-26 04:00:00,26.1,0.0,3.6
Guwahati,ecmwf,2026-09-26 05:00:00,26.3,0.0,3.6
Guwahati,ecmwf,2026-09-26 06:00:00,27.1,0.0,3.6
Guwahati,ecmwf,2026-09-26 07:00:00,28.4,0.0,4.0
Guwahati,ecmwf,2026-09-26 08:00:00,29.5,0.0,5.1
Guwahati,ecmwf,2026-09-26 09:00:00,30.4,0.0,5.9
Guwahati,ecmwf,2026-09-26 10:00:00,31.1,0.0,6.5
Guwahati,ecmwf,2026-09-26 11:00:00,31.4,0.0,7.3
Guwahati,ecmwf,2026-09-26 12:00:00,31.2,0.2,9.0
Guwahati,ecmwf,2026-09-26 13:00:00,30.7,0.2,10.6
Guwahati,ecmwf,2026-09-26 14:00:00,30.1,0.2,11.6
Guwahati,ecmwf,2026-09-26 15:00:00,29.6,0.0,10.8
Guwahati,ecmwf,2026-09-26 16:00:00,29.1,0.0,8.6
Guwahati,ecmwf,2026-09-26 17:00:00,28.6,0.0,7.4
Guwahati,ecmwf,2026-09-26 18:00:00,28.2,0.0,7.5
Guwahati,ecmwf,2026-09-26 19:00:00,27.9,0.0,8.7
Guwahati,ecmwf,2026-09-26 20:00:00,27.6,0.0,10.0
Guwahati,ecmwf,2026-09-26 21:00:00,27.4,0.0,9.4
Guwahati,ecmwf,2026-09-26 22:00:00,27.3,0.0,7.9
Guwahati,ecmwf,2026-09-26 23:00:00,27.2,0.0,7.1
Guwahati,gem,2026-09-24 00:00:00,24.6,0.0,4.3
Guwahati,gem,2026-09-24 01:00:00,24.3,0.0,4.3
Guwahati,gem,2026-09-24 02:00:00,24.1,0.0,4.3
Guwahati,gem,2026-09-24 03:00:00,24.1,0.0,5.0
Guwahati,gem,2026-09-24 04:00:00,24.3,0.0,4.7
Guwahati,gem,2026-09-24 05:00:00,24.6,0.0,4.3
Guwahati,gem,2026-09-24 06:00:00,25.6,0.0,2.9
Guwahati,gem,2026-09-24 07:00:00,27.3,0.0,4.3
Guwahati,gem,2026-09-24 08:00:00,28.9,0.0,5.4
Guwahati,gem,2026-09-24 09:00:00,29.9,0.0,6.1
Guwahati,gem,2026-09-24 10:00:00,31.0,0.0,8.6
Guwahati,gem,2026-09-24 11:00:00,31.9,0.0,9.4
Guwahati,gem,2026-09-24 12:00:00,32.6,0.0,6.5
Guwahati,gem,2026-09-24 13:00:00,30.7,2.3,3.2
Guwahati,gem,2026-09-24 14:00:00,26.6,8.4,11.2
Guwahati,gem,2026-09-24 15:00:00,24.3,17.4,7.9
Guwahati,gem,2026-09-24 16:00:00,23.9,9.7,4.7
Guwahati,gem,2026-09-24 17:00:00,24.2,0.7,5.8
Guwahati,gem,2026-09-24 18:00:00,24.0,0.0,6.1
Guwahati,gem,2026-09-24 19:00:00,23.9,0.0,4.3
Guwahati,gem,2026-09-24 20:00:00,23.8,0.0,3.6
Guwahati,gem,2026-09-24 21:00:00,24.0,0.0,5.0
Guwahati,gem,2026-09-24 22:00:00,24.1,0.0,4.7
Guwahati,gem,2026-09-24 23:00:00,24.2,0.0,4.3
Guwahati,gem,2026-09-25 00:00:00,24.1,0.0,3.2
Guwahati,gem,2026-09-25 01:00:00,24.0,0.0,3.2
Guwahati,gem,2026-09-25 02:00:00,23.9,0.0,3.2
Guwahati,gem,2026-09-25 03:00:00,24.3,0.0,1.8
Guwahati,gem,2026-09-25 04:00:00,24.2,0.0,3.6
Guwahati,gem,2026-09-25 05:00:00,24.0,0.0,2.5
Guwahati,gem,2026-09-25 06:00:00,24.7,0.0,4.3
Guwahati,gem,2026-09-25 07:00:00,24.6,6.5,5.8
Guwahati,gem,2026-09-25 08:00:00,25.1,8.6,2.2
Guwahati,gem,2026-09-25 09:00:00,25.2,4.5,5.8
Guwahati,gem,2026-09-25 10:00:00,24.9,0.3,6.1
Guwahati,gem,2026-09-25 11:00:00,25.3,1.2,6.5
Guwahati,gem,2026-09-25 12:00:00,24.9,4.5,5.4
Guwahati,gem,2026-09-25 13:00:00,24.7,3.8,4.0
Guwahati,gem,2026-09-25 14:00:00,25.2,0.9,2.2
Guwahati,gem,2026-09-25 15:00:00,26.5,0.0,5.8
Guwahati,gem,2026-09-25 16:00:00,26.9,0.0,2.9
Guwahati,gem,2026-09-25 17:00:00,25.9,0.0,1.4
Guwahati,gem,2026-09-25 18:00:00,24.9,0.0,1.1
Guwahati,gem,2026-09-25 19:00:00,24.4,0.0,2.2
Guwahati,gem,2026-09-25 20:00:00,24.1,0.0,4.3
Guwahati,gem,2026-09-25 21:00:00,24.0,0.0,4.3
Guwahati,gem,2026-09-25 22:00:00,23.9,0.0,4.7
Guwahati,gem,2026-09-25 23:00:00,23.8,0.0,4.0
Guwahati,gem,2026-09-26 00:00:00,23.6,0.0,2.5
Guwahati,gem,2026-09-26 01:00:00,23.3,0.0,2.9
Guwahati,gem,2026-09-26 02:00:00,23.1,0.0,3.2
Guwahati,gem,2026-09-26 03:00:00,23.0,0.0,5.0
Guwahati,gem,2026-09-26 04:00:00,23.0,0.0,4.3
Guwahati,gem,2026-09-26 05:00:00,23.3,0.0,4.7
Guwahati,gem,2026-09-26 06:00:00,24.5,0.0,3.2
Guwahati,gem,2026-09-26 07:00:00,26.7,0.0,1.4
Guwahati,gem,2026-09-26 08:00:00,28.2,0.0,3.2
Guwahati,gem,2026-09-26 09:00:00,29.3,0.0,4.0
Guwahati,gem,2026-09-26 10:00:00,30.6,0.0,4.3
Guwahati,gem,2026-09-26 11:00:00,31.5,0.0,4.3
Guwahati,gem,2026-09-26 12:00:00,32.1,0.0,4.7
Guwahati,gem,2026-09-26 13:00:00,32.4,0.0,5.0
Guwahati,gem,2026-09-26 14:00:00,32.3,0.0,4.7
Guwahati,gem,2026-09-26 15:00:00,31.9,0.0,4.3
Guwahati,gem,2026-09-26 16:00:00,29.6,2.6,5.0
Guwahati,gem,2026-09-26 17:00:00,27.7,5.0,7.2
Guwahati,gem,2026-09-26 18:00:00,26.4,6.9,6.8
Guwahati,gem,2026-09-26 19:00:00,25.9,4.1,7.2
Guwahati,gem,2026-09-26 20:00:00,25.6,0.3,5.4
Guwahati,gem,2026-09-26 21:00:00,25.3,0.0,4.3
Guwahati,gem,2026-09-26 22:00:00,25.1,0.0,5.0
Guwahati,gem,2026-09-26 23:00:00,25.2,0.0,5.4
Guwahati,gfs,2026-09-24 00:00:00,24.4,0.0,4.9
Guwahati,gfs,2026-09-24 01:00:00,24.4,0.0,4.7
Guwahati,gfs,2026-09-24 02:00:00,24.4,0.0,5.4
Guwahati,gfs,2026-09-24 03:00:00,24.4,0.0,4.9
Guwahati,gfs,2026-09-24 04:00:00,24.4,0.0,5.1
Guwahati,gfs,2026-09-24 05:00:00,24.4,0.0,5.9
Guwahati,gfs,2026-09-24 06:00:00,24.7,0.0,7.0
Guwahati,gfs,2026-09-24 07:00:00,24.9,0.0,6.8
Guwahati,gfs,2026-09-24 08:00:00,26.0,0.0,8.2
Guwahati,gfs,2026-09-24 09:00:00,27.6,0.0,10.2
Guwahati,gfs,2026-09-24 10:00:00,30.6,0.0,13.0
Guwahati,gfs,2026-09-24 11:00:00,32.3,0.0,15.9
Guwahati,gfs,2026-09-24 12:00:00,32.5,0.0,16.7
Guwahati,gfs,2026-09-24 13:00:00,32.6,0.0,15.6
Guwahati,gfs,2026-09-24 14:00:00,32.4,0.0,14.8
Guwahati,gfs,2026-09-24 15:00:00,32.0,0.0,11.3
Guwahati,gfs,2026-09-24 16:00:00,30.4,0.7,4.8
Guwahati,gfs,2026-09-24 17:00:00,28.0,3.7,0.4
Guwahati,gfs,2026-09-24 18:00:00,27.0,2.2,9.5
Guwahati,gfs,2026-09-24 19:00:00,24.6,1.7,16.6
Guwahati,gfs,2026-09-24 20:00:00,24.5,2.3,7.4
Guwahati,gfs,2026-09-24 21:00:00,25.0,0.2,7.7
Guwahati,gfs,2026-09-24 22:00:00,25.0,0.0,8.3
Guwahati,gfs,2026-09-24 23:00:00,25.0,0.0,6.6
Guwahati,gfs,2026-09-25 00:00:00,25.0,0.0,5.1
Guwahati,gfs,2026-09-25 01:00:00,25.1,0.0,5.1
Guwahati,gfs,2026-09-25 02:00:00,24.7,0.0,5.6
Guwahati,gfs,2026-09-25 03:00:00,24.4,0.0,3.8
Guwahati,gfs,2026-09-25 04:00:00,24.3,0.0,1.8
Guwahati,gfs,2026-09-25 05:00:00,24.4,0.0,2.7
Guwahati,gfs,2026-09-25 06:00:00,25.5,0.0,2.9
Guwahati,gfs,2026-09-25 07:00:00,27.1,0.0,4.0
Guwahati,gfs,2026-09-25 08:00:00,28.7,0.0,5.8
Guwahati,gfs,2026-09-25 09:00:00,30.0,0.0,6.5
Guwahati,gfs,2026-09-25 10:00:00,31.1,0.0,8.0
Guwahati,gfs,2026-09-25 11:00:00,31.8,0.0,8.4
Guwahati,gfs,2026-09-25 12:00:00,32.4,0.0,8.3
Guwahati,gfs,2026-09-25 13:00:00,31.4,0.0,8.0
Guwahati,gfs,2026-09-25 14:00:00,29.4,0.7,9.0
Guwahati,gfs,2026-09-25 15:00:00,29.4,0.3,9.1
Guwahati,gfs,2026-09-25 16:00:00,28.9,0.0,7.1
Guwahati,gfs,2026-09-25 17:00:00,27.8,0.0,6.5
Guwahati,gfs,2026-09-25 18:00:00,27.0,0.0,7.4
Guwahati,gfs,2026-09-25 19:00:00,26.4,0.1,6.2
Guwahati,gfs,2026-09-25 20:00:00,26.0,0.0,6.9
Guwahati,gfs,2026-09-25 21:00:00,25.7,0.0,6.2
Guwahati,gfs,2026-09-25 22:00:00,25.4,0.0,5.9
Guwahati,gfs,2026-09-25 23:00:00,25.1,0.0,5.9
Guwahati,gfs,2026-09-26 00:00:00,24.8,0.0,5.9
Guwahati,gfs,2026-09-26 01:00:00,24.6,0.0,5.6
Guwahati,gfs,2026-09-26 02:00:00,24.5,0.0,4.6
Guwahati,gfs,2026-09-26 03:00:00,24.4,0.0,4.3
Guwahati,gfs,2026-09-26 04:00:00,24.3,0.0,3.6
Guwahati,gfs,2026-09-26 05:00:00,24.3,0.0,2.8
Guwahati,gfs,2026-09-26 06:00:00,25.6,0.0,2.4
Guwahati,gfs,2026-09-26 07:00:00,27.2,0.0,1.8
Guwahati,gfs,2026-09-26 08:00:00,28.8,0.0,3.2
Guwahati,gfs,2026-09-26 09:00:00,29.9,0.0,5.7
Guwahati,gfs,2026-09-26 10:00:00,30.8,0.0,7.4
Guwahati,gfs,2026-09-26 11:00:00,31.5,0.0,8.6
Guwahati,gfs,2026-09-26 12:00:00,32.0,0.0,8.7
Guwahati,gfs,2026-09-26 13:00:00,32.2,0.0,9.3
Guwahati,gfs,2026-09-26 14:00:00,32.2,0.0,9.0
Guwahati,gfs,2026-09-26 15:00:00,32.0,0.0,7.9
Guwahati,gfs,2026-09-26 16:00:00,31.0,0.1,5.5
Guwahati,gfs,2026-09-26 17:00:00,29.2,0.0,4.8
Guwahati,gfs,2026-09-26 18:00:00,28.3,0.0,6.9
Guwahati,gfs,2026-09-26 19:00:00,27.6,0.0,6.6
Guwahati,gfs,2026-09-26 20:00:00,26.8,0.1,6.7
Guwahati,gfs,2026-09-26 21:00:00,26.6,0.0,6.1
Guwahati,gfs,2026-09-26 22:00:00,26.3,0.0,5.6
Guwahati,gfs,2026-09-26 23:00:00,26.0,0.0,5.9
Guwahati,icon,2026-09-24 00:00:00,26.0,0.0,2.9
Guwahati,icon,2026-09-24 01:00:00,25.9,0.0,2.9
Guwahati,icon,2026-09-24 02:00:00,25.9,0.0,3.6
Guwahati,icon,2026-09-24 03:00:00,26.0,0.0,4.3
Guwahati,icon,2026-09-24 04:00:00,26.0,0.0,4.3
Guwahati,icon,2026-09-24 05:00:00,25.9,0.0,4.3
Guwahati,icon,2026-09-24 06:00:00,26.6,0.0,5.1
Guwahati,icon,2026-09-24 07:00:00,27.6,0.0,6.3
Guwahati,icon,2026-09-24 08:00:00,29.1,0.0,7.4
Guwahati,icon,2026-09-24 09:00:00,30.6,0.0,10.8
Guwahati,icon,2026-09-24 10:00:00,32.1,0.0,13.2
Guwahati,icon,2026-09-24 11:00:00,32.9,0.0,11.2
Guwahati,icon,2026-09-24 12:00:00,33.4,0.0,11.6
Guwahati,icon,2026-09-24 13:00:00,33.5,0.0,10.6
Guwahati,icon,2026-09-24 14:00:00,33.3,0.0,8.6
Guwahati,icon,2026-09-24 15:00:00,32.7,0.0,5.5
Guwahati,icon,2026-09-24 16:00:00,31.9,0.0,2.3
Guwahati,icon,2026-09-24 17:00:00,31.2,0.0,1.8
Guwahati,icon,2026-09-24 18:00:00,30.4,0.0,1.8
Guwahati,icon,2026-09-24 19:00:00,29.7,0.0,2.6
Guwahati,icon,2026-09-24 20:00:00,29.3,0.0,2.3
Guwahati,icon,2026-09-24 21:00:00,28.8,0.0,2.7
Guwahati,icon,2026-09-24 22:00:00,28.6,0.0,2.1
Guwahati,icon,2026-09-24 23:00:00,28.3,0.0,2.7
Guwahati,icon,2026-09-25 00:00:00,28.1,0.0,2.5
Guwahati,icon,2026-09-25 01:00:00,27.9,0.0,2.6
Guwahati,icon,2026-09-25 02:00:00,27.5,0.0,2.5
Guwahati,icon,2026-09-25 03:00:00,26.9,0.0,2.3
Guwahati,icon,2026-09-25 04:00:00,26.7,0.0,2.2
Guwahati,icon,2026-09-25 05:00:00,26.5,0.0,1.5
Guwahati,icon,2026-09-25 06:00:00,26.9,0.0,1.1
Guwahati,icon,2026-09-25 07:00:00,28.0,0.0,0.8
Guwahati,icon,2026-09-25 08:00:00,28.8,0.0,2.3
Guwahati,icon,2026-09-25 09:00:00,29.9,0.0,3.3
Guwahati,icon,2026-09-25 10:00:00,30.7,0.0,5.0
Guwahati,icon,2026-09-25 11:00:00,31.0,0.0,8.0
Guwahati,icon,2026-09-25 12:00:00,31.4,0.0,9.4
Guwahati,icon,2026-09-25 13:00:00,31.8,0.0,10.2
Guwahati,icon,2026-09-25 14:00:00,31.5,0.0,8.7
Guwahati,icon,2026-09-25 15:00:00,31.0,0.5,4.2
Guwahati,icon,2026-09-25 16:00:00,30.7,0.7,1.1
Guwahati,icon,2026-09-25 17:00:00,29.5,1.2,3.5
Guwahati,icon,2026-09-25 18:00:00,28.7,0.0,3.7
Guwahati,icon,2026-09-25 19:00:00,28.1,0.0,3.6
Guwahati,icon,2026-09-25 20:00:00,27.7,0.0,2.5
Guwahati,icon,2026-09-25 21:00:00,27.5,0.0,1.6
Guwahati,icon,2026-09-25 22:00:00,27.3,0.0,1.4
Guwahati,icon,2026-09-25 23:00:00,27.1,0.0,1.8
Guwahati,icon,2026-09-26 00:00:00,26.9,0.0,2.5
Guwahati,icon,2026-09-26 01:00:00,26.8,0.0,2.5
Guwahati,icon,2026-09-26 02:00:00,26.6,0.0,2.5
Guwahati,icon,2026-09-26 03:00:00,26.5,0.0,2.2
Guwahati,icon,2026-09-26 04:00:00,26.4,0.0,2.2
Guwahati,icon,2026-09-26 05:00:00,26.4,0.0,2.3
Guwahati,icon,2026-09-26 06:00:00,27.0,0.0,1.8
Guwahati,icon,2026-09-26 07:00:00,28.7,0.0,1.1
Guwahati,icon,2026-09-26 08:00:00,29.7,0.2,1.3
Guwahati,icon,2026-09-26 09:00:00,30.6,0.2,2.1
Guwahati,icon,2026-09-26 10:00:00,31.5,0.1,4.1
Guwahati,icon,2026-09-26 11:00:00,31.6,0.9,6.4
Guwahati,icon,2026-09-26 12:00:00,31.5,1.1,6.6
Guwahati,icon,2026-09-26 13:00:00,32.2,0.1,4.7
Guwahati,icon,2026-09-26 14:00:00,32.5,0.0,5.1
Guwahati,icon,2026-09-26 15:00:00,32.3,0.0,6.2
Guwahati,icon,2026-09-26 16:00:00,31.4,0.0,5.8
Guwahati,icon,2026-09-26 17:00:00,30.3,0.0,4.3
Guwahati,icon,2026-09-26 18:00:00,29.5,0.0,3.9
Guwahati,icon,2026-09-26 19:00:00,29.0,0.0,3.3
Guwahati,icon,2026-09-26 20:00:00,28.6,0.0,3.4
Guwahati,icon,2026-09-26 21:00:00,28.3,0.0,3.1
Guwahati,icon,2026-09-26 22:00:00,28.0,0.0,2.9
Guwahati,icon,2026-09-26 23:00:00,27.7,0.0,3.3
Hyderabad,ecmwf,2026-09-24 00:00:00,24.0,1.5,15.2
Hyderabad,ecmwf,2026-09-24 01:00:00,23.4,1.5,16.2
Hyderabad,ecmwf,2026-09-24 02:00:00,23.1,1.5,16.9
Hyderabad,ecmwf,2026-09-24 03:00:00,23.0,0.7,17.1
Hyderabad,ecmwf,2026-09-24 04:00:00,23.2,0.7,17.1
Hyderabad,ecmwf,2026-09-24 05:00:00,23.3,0.7,17.1
Hyderabad,ecmwf,2026-09-24 06:00:00,23.4,0.1,16.8
Hyderabad,ecmwf,2026-09-24 07:00:00,23.6,0.1,16.6
Hyderabad,ecmwf,2026-09-24 08:00:00,24.0,0.1,16.7
Hyderabad,ecmwf,2026-09-24 09:00:00,25.0,0.1,17.4
Hyderabad,ecmwf,2026-09-24 10:00:00,26.2,0.1,18.9
Hyderabad,ecmwf,2026-09-24 11:00:00,27.2,0.1,19.7
Hyderabad,ecmwf,2026-09-24 12:00:00,27.8,0.3,20.3
Hyderabad,ecmwf,2026-09-24 13:00:00,28.0,0.3,20.7
Hyderabad,ecmwf,2026-09-24 14:00:00,28.1,0.3,20.3
Hyderabad,ecmwf,2026-09-24 15:00:00,27.9,0.2,19.3
Hyderabad,ecmwf,2026-09-24 16:00:00,27.5,0.2,17.7
Hyderabad,ecmwf,2026-09-24 17:00:00,27.2,0.2,16.4
Hyderabad,ecmwf,2026-09-24 18:00:00,26.8,0.0,15.6
Hyderabad,ecmwf,2026-09-24 19:00:00,26.5,0.0,14.8
Hyderabad,ecmwf,2026-09-24 20:00:00,26.2,0.0,14.7
Hyderabad,ecmwf,2026-09-24 21:00:00,26.0,0.0,14.4
Hyderabad,ecmwf,2026-09-24 22:00:00,26.0,0.0,14.8
Hyderabad,ecmwf,2026-09-24 23:00:00,25.9,0.0,15.7
Hyderabad,ecmwf,2026-09-25 00:00:00,25.9,0.0,17.5
Hyderabad,ecmwf,2026-09-25 01:00:00,25.9,0.0,19.1
Hyderabad,ecmwf,2026-09-25 02:00:00,25.8,0.0,20.7
Hyderabad,ecmwf,2026-09-25 03:00:00,25.5,0.0,20.7
Hyderabad,ecmwf,2026-09-25 04:00:00,25.2,0.0,20.3
Hyderabad,ecmwf,2026-09-25 05:00:00,25.0,0.0,19.7
Hyderabad,ecmwf,2026-09-25 06:00:00,25.0,0.0,19.6
Hyderabad,ecmwf,2026-09-25 07:00:00,25.2,0.0,19.7
Hyderabad,ecmwf,2026-09-25 08:00:00,25.7,0.0,19.7
Hyderabad,ecmwf,2026-09-25 09:00:00,26.7,0.0,20.2
Hyderabad,ecmwf,2026-09-25 10:00:00,27.9,0.0,21.1
Hyderabad,ecmwf,2026-09-25 11:00:00,29.0,0.0,21.5
Hyderabad,ecmwf,2026-09-25 12:00:00,29.8,0.0,21.8
Hyderabad,ecmwf,2026-09-25 13:00:00,30.5,0.0,21.6
Hyderabad,ecmwf,2026-09-25 14:00:00,30.8,0.0,20.8
Hyderabad,ecmwf,2026-09-25 15:00:00,30.4,0.0,18.1
Hyderabad,ecmwf,2026-09-25 16:00:00,29.6,0.0,14.6
Hyderabad,ecmwf,2026-09-25 17:00:00,28.8,0.0,12.4
Hyderabad,ecmwf,2026-09-25 18:00:00,28.2,0.0,11.9
Hyderabad,ecmwf,2026-09-25 19:00:00,27.7,0.0,12.6
Hyderabad,ecmwf,2026-09-25 20:00:00,27.2,0.0,13.4
Hyderabad,ecmwf,2026-09-25 21:00:00,26.8,0.0,13.4
Hyderabad,ecmwf,2026-09-25 22:00:00,26.4,0.0,13.4
Hyderabad,ecmwf,2026-09-25 23:00:00,26.1,0.0,13.4
Hyderabad,ecmwf,2026-09-26 00:00:00,25.7,0.0,14.1
Hyderabad,ecmwf,2026-09-26 01:00:00,25.4,0.0,14.8
Hyderabad,ecmwf,2026-09-26 02:00:00,25.0,0.0,15.5
Hyderabad,ecmwf,2026-09-26 03:00:00,24.4,0.0,15.8
Hyderabad,ecmwf,2026-09-26 04:00:00,23.8,0.0,15.5
Hyderabad,ecmwf,2026-09-26 05:00:00,23.5,0.0,15.5
Hyderabad,ecmwf,2026-09-26 06:00:00,23.8,0.0,15.1
Hyderabad,ecmwf,2026-09-26 07:00:00,24.5,0.0,15.2
Hyderabad,ecmwf,2026-09-26 08:00:00,25.4,0.0,15.0
Hyderabad,ecmwf,2026-09-26 09:00:00,26.7,0.0,14.9
Hyderabad,ecmwf,2026-09-26 10:00:00,28.3,0.0,15.3
Hyderabad,ecmwf,2026-09-26 11:00:00,29.6,0.0,15.2
Hyderabad,ecmwf,2026-09-26 12:00:00,30.4,0.0,15.1
Hyderabad,ecmwf,2026-09-26 13:00:00,30.8,0.0,14.5
Hyderabad,ecmwf,2026-09-26 14:00:00,31.0,0.0,13.5
Hyderabad,ecmwf,2026-09-26 15:00:00,30.7,0.0,11.4
Hyderabad,ecmwf,2026-09-26 16:00:00,30.2,0.0,8.9
Hyderabad,ecmwf,2026-09-26 17:00:00,29.4,0.0,7.1
Hyderabad,ecmwf,2026-09-26 18:00:00,28.5,0.0,7.3
Hyderabad,ecmwf,2026-09-26 19:00:00,27.4,0.0,8.2
Hyderabad,ecmwf,2026-09-26 20:00:00,26.5,0.0,8.5
Hyderabad,ecmwf,2026-09-26 21:00:00,25.8,0.0,7.2
Hyderabad,ecmwf,2026-09-26 22:00:00,25.2,0.0,5.2
Hyderabad,ecmwf,2026-09-26 23:00:00,24.7,0.0,4.8
Hyderabad,gem,2026-09-24 00:00:00,24.1,0.0,19.4
Hyderabad,gem,2026-09-24 01:00:00,24.0,0.2,21.2
Hyderabad,gem,2026-09-24 02:00:00,23.4,0.8,18.0
Hyderabad,gem,2026-09-24 03:00:00,23.1,0.6,16.2
Hyderabad,gem,2026-09-24 04:00:00,22.6,0.7,13.7
Hyderabad,gem,2026-09-24 05:00:00,22.9,0.5,13.0
Hyderabad,gem,2026-09-24 06:00:00,21.9,2.8,11.5
Hyderabad,gem,2026-09-24 07:00:00,22.2,2.5,11.9
Hyderabad,gem,2026-09-24 08:00:00,22.9,0.5,14.8
Hyderabad,gem,2026-09-24 09:00:00,23.8,1.0,18.4
Hyderabad,gem,2026-09-24 10:00:00,24.7,0.3,21.6
Hyderabad,gem,2026-09-24 11:00:00,25.8,0.2,21.2
Hyderabad,gem,2026-09-24 12:00:00,26.1,0.3,23.8
Hyderabad,gem,2026-09-24 13:00:00,26.8,0.0,20.5
Hyderabad,gem,2026-09-24 14:00:00,27.8,0.0,21.2
Hyderabad,gem,2026-09-24 15:00:00,26.7,1.1,19.8
Hyderabad,gem,2026-09-24 16:00:00,26.6,0.3,12.6
Hyderabad,gem,2026-09-24 17:00:00,27.0,0.0,10.8
Hyderabad,gem,2026-09-24 18:00:00,26.6,0.0,16.2
Hyderabad,gem,2026-09-24 19:00:00,25.7,0.9,22.0
Hyderabad,gem,2026-09-24 20:00:00,24.7,2.0,16.2
Hyderabad,gem,2026-09-24 21:00:00,25.3,0.0,16.9
Hyderabad,gem,2026-09-24 22:00:00,25.4,0.0,16.9
Hyderabad,gem,2026-09-24 23:00:00,25.1,0.0,18.4
Hyderabad,gem,2026-09-25 00:00:00,24.9,0.0,19.8
Hyderabad,gem,2026-09-25 01:00:00,24.6,0.0,20.2
Hyderabad,gem,2026-09-25 02:00:00,24.3,0.0,17.3
Hyderabad,gem,2026-09-25 03:00:00,23.8,0.0,16.9
Hyderabad,gem,2026-09-25 04:00:00,23.5,0.0,18.7
Hyderabad,gem,2026-09-25 05:00:00,23.1,0.0,20.5
Hyderabad,gem,2026-09-25 06:00:00,22.9,0.0,22.3
Hyderabad,gem,2026-09-25 07:00:00,24.0,0.0,25.2
Hyderabad,gem,2026-09-25 08:00:00,25.3,0.0,27.7
Hyderabad,gem,2026-09-25 09:00:00,26.9,0.0,30.6
Hyderabad,gem,2026-09-25 10:00:00,28.2,0.0,31.0
Hyderabad,gem,2026-09-25 11:00:00,29.6,0.0,31.3
Hyderabad,gem,2026-09-25 12:00:00,30.6,0.0,31.7
Hyderabad,gem,2026-09-25 13:00:00,31.2,0.0,31.0
Hyderabad,gem,2026-09-25 14:00:00,31.6,0.0,28.8
Hyderabad,gem,2026-09-25 15:00:00,31.6,0.0,26.6
Hyderabad,gem,2026-09-25 16:00:00,31.0,0.0,22.0
Hyderabad,gem,2026-09-25 17:00:00,30.3,0.0,17.6
Hyderabad,gem,2026-09-25 18:00:00,28.4,0.5,20.5
Hyderabad,gem,2026-09-25 19:00:00,24.3,0.8,20.9
Hyderabad,gem,2026-09-25 20:00:00,23.0,1.2,15.5
Hyderabad,gem,2026-09-25 21:00:00,22.6,0.1,10.4
Hyderabad,gem,2026-09-25 22:00:00,22.2,0.0,8.3
Hyderabad,gem,2026-09-25 23:00:00,21.9,0.0,9.7
Hyderabad,gem,2026-09-26 00:00:00,22.0,0.0,10.1
Hyderabad,gem,2026-09-26 01:00:00,22.0,0.0,11.9
Hyderabad,gem,2026-09-26 02:00:00,22.1,0.0,15.1
Hyderabad,gem,2026-09-26 03:00:00,22.5,0.0,17.3
Hyderabad,gem,2026-09-26 04:00:00,22.8,0.0,17.6
Hyderabad,gem,2026-09-26 05:00:00,22.8,0.0,18.0
Hyderabad,gem,2026-09-26 06:00:00,22.6,0.0,18.4
Hyderabad,gem,2026-09-26 07:00:00,23.7,0.0,20.2
Hyderabad,gem,2026-09-26 08:00:00,25.4,0.0,22.7
Hyderabad,gem,2026-09-26 09:00:00,26.9,0.0,24.1
Hyderabad,gem,2026-09-26 10:00:00,28.3,0.0,23.8
Hyderabad,gem,2026-09-26 11:00:00,29.5,0.0,23.0
Hyderabad,gem,2026-09-26 12:00:00,30.6,0.0,22.0
Hyderabad,gem,2026-09-26 13:00:00,31.3,0.0,20.9
Hyderabad,gem,2026-09-26 14:00:00,31.9,0.0,18.7
Hyderabad,gem,2026-09-26 15:00:00,32.1,0.0,15.8
Hyderabad,gem,2026-09-26 16:00:00,31.4,0.3,17.3
Hyderabad,gem,2026-09-26 17:00:00,28.0,0.5,6.1
Hyderabad,gem,2026-09-26 18:00:00,26.0,0.0,11.5
Hyderabad,gem,2026-09-26 19:00:00,24.6,0.0,13.0
Hyderabad,gem,2026-09-26 20:00:00,23.9,0.0,11.2
Hyderabad,gem,2026-09-26 21:00:00,23.1,0.0,9.4
Hyderabad,gem,2026-09-26 22:00:00,22.6,0.0,10.4
Hyderabad,gem,2026-09-26 23:00:00,22.4,0.0,9.7
Hyderabad,gfs,2026-09-24 00:00:00,24.4,0.1,19.4
Hyderabad,gfs,2026-09-24 01:00:00,24.1,0.0,18.1
Hyderabad,gfs,2026-09-24 02:00:00,23.9,0.0,20.1
Hyderabad,gfs,2026-09-24 03:00:00,23.8,0.2,20.6
Hyderabad,gfs,2026-09-24 04:00:00,23.7,0.0,20.8
Hyderabad,gfs,2026-09-24 05:00:00,23.7,0.0,20.9
Hyderabad,gfs,2026-09-24 06:00:00,23.8,0.0,21.7
Hyderabad,gfs,2026-09-24 07:00:00,24.1,0.0,22.3
Hyderabad,gfs,2026-09-24 08:00:00,25.2,0.0,24.0
Hyderabad,gfs,2026-09-24 09:00:00,25.7,0.0,25.2
Hyderabad,gfs,2026-09-24 10:00:00,27.2,0.2,26.6
Hyderabad,gfs,2026-09-24 11:00:00,28.2,0.1,27.5
Hyderabad,gfs,2026-09-24 12:00:00,27.9,0.9,26.6
Hyderabad,gfs,2026-09-24 13:00:00,27.6,1.5,25.6
Hyderabad,gfs,2026-09-24 14:00:00,26.7,1.8,24.4
Hyderabad,gfs,2026-09-24 15:00:00,26.3,2.0,23.2
Hyderabad,gfs,2026-09-24 16:00:00,25.5,2.5,22.9
Hyderabad,gfs,2026-09-24 17:00:00,24.6,2.7,19.5
Hyderabad,gfs,2026-09-24 18:00:00,24.6,0.6,15.2
Hyderabad,gfs,2026-09-24 19:00:00,25.2,0.8,23.2
Hyderabad,gfs,2026-09-24 20:00:00,25.0,1.8,25.1
Hyderabad,gfs,2026-09-24 21:00:00,24.9,0.0,22.9
Hyderabad,gfs,2026-09-24 22:00:00,25.0,0.0,23.7
Hyderabad,gfs,2026-09-24 23:00:00,24.8,0.0,23.4
Hyderabad,gfs,2026-09-25 00:00:00,24.5,0.0,24.8
Hyderabad,gfs,2026-09-25 01:00:00,24.4,0.0,25.9
Hyderabad,gfs,2026-09-25 02:00:00,24.3,0.0,26.7
Hyderabad,gfs,2026-09-25 03:00:00,24.4,0.0,26.8
Hyderabad,gfs,2026-09-25 04:00:00,23.8,0.0,23.3
Hyderabad,gfs,2026-09-25 05:00:00,23.3,0.0,22.6
Hyderabad,gfs,2026-09-25 06:00:00,23.1,0.0,22.2
Hyderabad,gfs,2026-09-25 07:00:00,23.8,0.0,24.8
Hyderabad,gfs,2026-09-25 08:00:00,25.0,0.0,26.0
Hyderabad,gfs,2026-09-25 09:00:00,26.5,0.0,27.7
Hyderabad,gfs,2026-09-25 10:00:00,28.0,0.0,27.2
Hyderabad,gfs,2026-09-25 11:00:00,28.8,0.0,27.9
Hyderabad,gfs,2026-09-25 12:00:00,29.7,0.0,29.0
Hyderabad,gfs,2026-09-25 13:00:00,30.6,0.0,29.8
Hyderabad,gfs,2026-09-25 14:00:00,31.0,0.0,29.8
Hyderabad,gfs,2026-09-25 15:00:00,30.9,0.0,25.0
Hyderabad,gfs,2026-09-25 16:00:00,30.2,0.0,20.4
Hyderabad,gfs,2026-09-25 17:00:00,28.8,0.0,15.8
Hyderabad,gfs,2026-09-25 18:00:00,27.4,0.0,11.5
Hyderabad,gfs,2026-09-25 19:00:00,26.9,0.0,9.0
Hyderabad,gfs,2026-09-25 20:00:00,26.5,0.0,8.6
Hyderabad,gfs,2026-09-25 21:00:00,25.9,0.0,10.7
Hyderabad,gfs,2026-09-25 22:00:00,25.5,0.0,12.5
Hyderabad,gfs,2026-09-25 23:00:00,25.7,0.0,14.4
Hyderabad,gfs,2026-09-26 00:00:00,25.5,0.0,17.0
Hyderabad,gfs,2026-09-26 01:00:00,24.9,0.0,17.0
Hyderabad,gfs,2026-09-26 02:00:00,24.4,0.0,15.9
Hyderabad,gfs,2026-09-26 03:00:00,23.9,0.0,16.6
Hyderabad,gfs,2026-09-26 04:00:00,23.5,0.0,15.8
Hyderabad,gfs,2026-09-26 05:00:00,23.6,0.0,16.6
Hyderabad,gfs,2026-09-26 06:00:00,23.3,0.0,17.3
Hyderabad,gfs,2026-09-26 07:00:00,24.1,0.0,19.8
Hyderabad,gfs,2026-09-26 08:00:00,25.7,0.0,23.5
Hyderabad,gfs,2026-09-26 09:00:00,27.3,0.0,24.1
Hyderabad,gfs,2026-09-26 10:00:00,28.7,0.0,23.4
Hyderabad,gfs,2026-09-26 11:00:00,29.9,0.0,23.0
Hyderabad,gfs,2026-09-26 12:00:00,31.0,0.0,22.1
Hyderabad,gfs,2026-09-26 13:00:00,31.5,0.0,23.2
Hyderabad,gfs,2026-09-26 14:00:00,31.4,0.0,21.7
Hyderabad,gfs,2026-09-26 15:00:00,31.2,0.0,19.1
Hyderabad,gfs,2026-09-26 16:00:00,30.3,0.0,15.8
Hyderabad,gfs,2026-09-26 17:00:00,28.6,0.0,14.3
Hyderabad,gfs,2026-09-26 18:00:00,27.3,0.0,12.1
Hyderabad,gfs,2026-09-26 19:00:00,26.3,0.0,13.0
Hyderabad,gfs,2026-09-26 20:00:00,26.6,0.0,12.6
Hyderabad,gfs,2026-09-26 21:00:00,26.9,0.0,10.5
Hyderabad,gfs,2026-09-26 22:00:00,26.0,0.0,9.6
Hyderabad,gfs,2026-09-26 23:00:00,25.5,0.0,9.4
Hyderabad,icon,2026-09-24 00:00:00,25.0,5.4,11.1
Hyderabad,icon,2026-09-24 01:00:00,24.5,3.3,9.9
Hyderabad,icon,2026-09-24 02:00:00,24.0,4.3,10.5
Hyderabad,icon,2026-09-24 03:00:00,23.9,3.7,11.2
Hyderabad,icon,2026-09-24 04:00:00,23.7,2.2,10.8
Hyderabad,icon,2026-09-24 05:00:00,24.3,0.6,9.7
Hyderabad,icon,2026-09-24 06:00:00,24.0,1.5,9.7
Hyderabad,icon,2026-09-24 07:00:00,24.1,0.9,9.7
Hyderabad,icon,2026-09-24 08:00:00,24.6,0.4,10.1
Hyderabad,icon,2026-09-24 09:00:00,25.5,0.2,12.7
Hyderabad,icon,2026-09-24 10:00:00,26.7,0.0,13.6
Hyderabad,icon,2026-09-24 11:00:00,27.8,0.0,11.9
Hyderabad,icon,2026-09-24 12:00:00,28.7,0.0,12.5
Hyderabad,icon,2026-09-24 13:00:00,30.0,0.0,13.5
Hyderabad,icon,2026-09-24 14:00:00,31.2,0.0,14.2
Hyderabad,icon,2026-09-24 15:00:00,31.1,0.0,12.6
Hyderabad,icon,2026-09-24 16:00:00,30.4,0.0,10.0
Hyderabad,icon,2026-09-24 17:00:00,28.3,0.6,8.7
Hyderabad,icon,2026-09-24 18:00:00,27.5,0.6,8.1
Hyderabad,icon,2026-09-24 19:00:00,26.8,0.5,9.2
Hyderabad,icon,2026-09-24 20:00:00,26.2,0.4,10.1
Hyderabad,icon,2026-09-24 21:00:00,25.9,0.6,9.2
Hyderabad,icon,2026-09-24 22:00:00,25.7,0.7,9.5
Hyderabad,icon,2026-09-24 23:00:00,25.6,0.3,7.9
Hyderabad,icon,2026-09-25 00:00:00,25.6,0.1,8.0
Hyderabad,icon,2026-09-25 01:00:00,25.9,0.0,9.7
Hyderabad,icon,2026-09-25 02:00:00,25.9,0.0,12.3
Hyderabad,icon,2026-09-25 03:00:00,25.5,0.0,13.7
Hyderabad,icon,2026-09-25 04:00:00,25.3,0.0,13.7
Hyderabad,icon,2026-09-25 05:00:00,25.0,0.0,14.4
Hyderabad,icon,2026-09-25 06:00:00,24.9,0.0,14.8
Hyderabad,icon,2026-09-25 07:00:00,25.3,0.0,15.5
Hyderabad,icon,2026-09-25 08:00:00,25.7,0.0,16.2
Hyderabad,icon,2026-09-25 09:00:00,26.5,0.0,17.0
Hyderabad,icon,2026-09-25 10:00:00,27.9,0.0,18.6
Hyderabad,icon,2026-09-25 11:00:00,29.3,0.0,19.1
Hyderabad,icon,2026-09-25 12:00:00,30.5,0.0,19.0
Hyderabad,icon,2026-09-25 13:00:00,31.1,0.0,18.3
Hyderabad,icon,2026-09-25 14:00:00,31.4,0.0,17.3
Hyderabad,icon,2026-09-25 15:00:00,31.6,0.0,16.1
Hyderabad,icon,2026-09-25 16:00:00,31.5,0.0,13.7
Hyderabad,icon,2026-09-25 17:00:00,30.6,0.0,10.2
Hyderabad,icon,2026-09-25 18:00:00,29.3,0.0,8.7
Hyderabad,icon,2026-09-25 19:00:00,28.4,0.0,8.5
Hyderabad,icon,2026-09-25 20:00:00,28.0,0.0,7.9
Hyderabad,icon,2026-09-25 21:00:00,27.6,0.0,8.6
Hyderabad,icon,2026-09-25 22:00:00,27.0,0.0,9.2
Hyderabad,icon,2026-09-25 23:00:00,26.2,0.0,8.2
Hyderabad,icon,2026-09-26 00:00:00,25.8,0.0,7.8
Hyderabad,icon,2026-09-26 01:00:00,25.5,0.0,8.8
Hyderabad,icon,2026-09-26 02:00:00,25.1,0.0,10.5
Hyderabad,icon,2026-09-26 03:00:00,24.7,0.0,11.2
Hyderabad,icon,2026-09-26 04:00:00,24.2,0.0,11.3
Hyderabad,icon,2026-09-26 05:00:00,23.8,0.0,11.7
Hyderabad,icon,2026-09-26 06:00:00,23.6,0.0,11.9
Hyderabad,icon,2026-09-26 07:00:00,24.1,0.0,13.4
Hyderabad,icon,2026-09-26 08:00:00,25.4,0.0,14.6
Hyderabad,icon,2026-09-26 09:00:00,26.8,0.0,15.2
Hyderabad,icon,2026-09-26 10:00:00,28.7,0.0,15.5
Hyderabad,icon,2026-09-26 11:00:00,30.2,0.0,15.4
Hyderabad,icon,2026-09-26 12:00:00,31.3,0.0,14.8
Hyderabad,icon,2026-09-26 13:00:00,32.3,0.0,13.8
Hyderabad,icon,2026-09-26 14:00:00,33.0,0.0,13.6
Hyderabad,icon,2026-09-26 15:00:00,33.2,0.0,13.1
Hyderabad,icon,2026-09-26 16:00:00,32.7,0.0,12.6
Hyderabad,icon,2026-09-26 17:00:00,31.7,0.0,10.4
Hyderabad,icon,2026-09-26 18:00:00,30.2,0.0,7.2
Hyderabad,icon,2026-09-26 19:00:00,29.0,0.0,5.3
Hyderabad,icon,2026-09-26 20:00:00,28.3,0.0,5.3
Hyderabad,icon,2026-09-26 21:00:00,27.7,0.0,5.3
Hyderabad,icon,2026-09-26 22:00:00,27.2,0.0,5.5
Hyderabad,icon,2026-09-26 23:00:00,26.8,0.0,5.8
Imphal,ecmwf,2026-09-24 00:00:00,21.9,0.0,3.2
Imphal,ecmwf,2026-09-24 01:00:00,21.4,0.0,3.3
Imphal,ecmwf,2026-09-24 02:00:00,21.1,0.0,3.1
Imphal,ecmwf,2026-09-24 03:00:00,21.1,0.0,3.1
Imphal,ecmwf,2026-09-24 04:00:00,21.2,0.0,4.0
Imphal,ecmwf,2026-09-24 05:00:00,21.8,0.0,4.7
Imphal,ecmwf,2026-09-24 06:00:00,23.1,0.0,5.1
Imphal,ecmwf,2026-09-24 07:00:00,24.8,0.0,6.4
Imphal,ecmwf,2026-09-24 08:00:00,26.3,0.0,7.9
Imphal,ecmwf,2026-09-24 09:00:00,27.4,0.1,8.3
Imphal,ecmwf,2026-09-24 10:00:00,28.3,0.1,7.7
Imphal,ecmwf,2026-09-24 11:00:00,28.9,0.1,7.6
Imphal,ecmwf,2026-09-24 12:00:00,29.1,0.1,8.7
Imphal,ecmwf,2026-09-24 13:00:00,28.9,0.1,10.0
Imphal,ecmwf,2026-09-24 14:00:00,28.5,0.1,10.2
Imphal,ecmwf,2026-09-24 15:00:00,27.7,0.0,8.4
Imphal,ecmwf,2026-09-24 16:00:00,26.6,0.0,5.5
Imphal,ecmwf,2026-09-24 17:00:00,25.5,0.0,3.7
Imphal,ecmwf,2026-09-24 18:00:00,24.7,0.0,3.6
Imphal,ecmwf,2026-09-24 19:00:00,23.9,0.0,4.0
Imphal,ecmwf,2026-09-24 20:00:00,23.2,0.0,4.3
Imphal,ecmwf,2026-09-24 21:00:00,22.7,0.0,4.1
Imphal,ecmwf,2026-09-24 22:00:00,22.3,0.0,4.1
Imphal,ecmwf,2026-09-24 23:00:00,22.0,0.0,4.6
Imphal,ecmwf,2026-09-25 00:00:00,21.8,0.0,4.9
Imphal,ecmwf,2026-09-25 01:00:00,21.6,0.0,5.1
Imphal,ecmwf,2026-09-25 02:00:00,21.5,0.0,5.4
Imphal,ecmwf,2026-09-25 03:00:00,21.2,0.0,5.6
Imphal,ecmwf,2026-09-25 04:00:00,20.9,0.0,6.2
Imphal,ecmwf,2026-09-25 05:00:00,21.3,0.0,6.0
Imphal,ecmwf,2026-09-25 06:00:00,22.8,0.0,5.3
Imphal,ecmwf,2026-09-25 07:00:00,24.9,0.0,3.9
Imphal,ecmwf,2026-09-25 08:00:00,26.7,0.0,2.4
Imphal,ecmwf,2026-09-25 09:00:00,28.0,0.0,2.2
Imphal,ecmwf,2026-09-25 10:00:00,28.9,0.0,4.4
Imphal,ecmwf,2026-09-25 11:00:00,29.5,0.0,6.6
Imphal,ecmwf,2026-09-25 12:00:00,29.7,0.1,7.7
Imphal,ecmwf,2026-09-25 13:00:00,29.7,0.1,7.7
Imphal,ecmwf,2026-09-25 14:00:00,29.3,0.1,7.2
Imphal,ecmwf,2026-09-25 15:00:00,28.4,0.1,6.1
Imphal,ecmwf,2026-09-25 16:00:00,27.1,0.1,4.7
Imphal,ecmwf,2026-09-25 17:00:00,26.0,0.1,3.7
Imphal,ecmwf,2026-09-25 18:00:00,25.2,0.0,2.9
Imphal,ecmwf,2026-09-25 19:00:00,24.5,0.0,2.1
Imphal,ecmwf,2026-09-25 20:00:00,23.9,0.0,1.3
Imphal,ecmwf,2026-09-25 21:00:00,23.4,0.0,0.4
Imphal,ecmwf,2026-09-25 22:00:00,22.9,0.0,1.0
Imphal,ecmwf,2026-09-25 23:00:00,22.6,0.0,1.8
Imphal,ecmwf,2026-09-26 00:00:00,22.4,0.0,1.3
Imphal,ecmwf,2026-09-26 01:00:00,22.3,0.0,1.3
Imphal,ecmwf,2026-09-26 02:00:00,22.2,0.0,1.9
Imphal,ecmwf,2026-09-26 03:00:00,22.2,0.0,1.8
Imphal,ecmwf,2026-09-26 04:00:00,22.2,0.0,2.2
Imphal,ecmwf,2026-09-26 05:00:00,22.5,0.0,2.5
Imphal,ecmwf,2026-09-26 06:00:00,23.2,0.0,2.5
Imphal,ecmwf,2026-09-26 07:00:00,24.3,0.0,2.1
Imphal,ecmwf,2026-09-26 08:00:00,25.4,0.0,2.3
Imphal,ecmwf,2026-09-26 09:00:00,26.6,0.0,2.3
Imphal,ecmwf,2026-09-26 10:00:00,27.8,0.0,3.3
Imphal,ecmwf,2026-09-26 11:00:00,28.7,0.0,4.7
Imphal,ecmwf,2026-09-26 12:00:00,29.2,0.1,6.8
Imphal,ecmwf,2026-09-26 13:00:00,29.3,0.1,9.7
Imphal,ecmwf,2026-09-26 14:00:00,29.0,0.1,11.1
Imphal,ecmwf,2026-09-26 15:00:00,28.1,0.0,10.0
Imphal,ecmwf,2026-09-26 16:00:00,26.8,0.0,7.2
Imphal,ecmwf,2026-09-26 17:00:00,25.7,0.0,5.3
Imphal,ecmwf,2026-09-26 18:00:00,25.0,0.0,4.8
Imphal,ecmwf,2026-09-26 19:00:00,24.4,0.0,5.2
Imphal,ecmwf,2026-09-26 20:00:00,23.9,0.0,5.6
Imphal,ecmwf,2026-09-26 21:00:00,23.4,0.0,5.1
Imphal,ecmwf,2026-09-26 22:00:00,22.9,0.0,4.3
Imphal,ecmwf,2026-09-26 23:00:00,22.6,0.0,3.6
Imphal,gem,2026-09-24 00:00:00,19.7,0.0,5.0
Imphal,gem,2026-09-24 01:00:00,19.3,0.0,4.7
Imphal,gem,2026-09-24 02:00:00,18.9,0.0,4.7
Imphal,gem,2026-09-24 03:00:00,18.8,0.0,4.7
Imphal,gem,2026-09-24 04:00:00,18.9,0.0,5.0
Imphal,gem,2026-09-24 05:00:00,20.1,0.0,5.4
Imphal,gem,2026-09-24 06:00:00,21.6,0.0,6.1
Imphal,gem,2026-09-24 07:00:00,24.3,0.0,6.5
Imphal,gem,2026-09-24 08:00:00,26.6,0.0,6.5
Imphal,gem,2026-09-24 09:00:00,28.6,0.0,7.2
Imphal,gem,2026-09-24 10:00:00,29.7,0.0,9.4
Imphal,gem,2026-09-24 11:00:00,30.3,0.0,10.4
Imphal,gem,2026-09-24 12:00:00,30.3,0.0,11.9
Imphal,gem,2026-09-24 13:00:00,29.9,0.0,11.5
Imphal,gem,2026-09-24 14:00:00,29.5,0.0,10.4
Imphal,gem,2026-09-24 15:00:00,28.8,0.0,10.4
Imphal,gem,2026-09-24 16:00:00,27.8,0.0,12.2
Imphal,gem,2026-09-24 17:00:00,26.0,0.0,11.2
Imphal,gem,2026-09-24 18:00:00,24.6,0.0,6.1
Imphal,gem,2026-09-24 19:00:00,23.4,0.0,4.0
Imphal,gem,2026-09-24 20:00:00,22.2,0.0,3.2
Imphal,gem,2026-09-24 21:00:00,21.3,0.0,3.2
Imphal,gem,2026-09-24 22:00:00,20.4,0.0,4.0
Imphal,gem,2026-09-24 23:00:00,19.9,0.0,3.6
Imphal,gem,2026-09-25 00:00:00,19.4,0.0,2.9
Imphal,gem,2026-09-25 01:00:00,19.1,0.0,3.2
Imphal,gem,2026-09-25 02:00:00,19.2,0.0,3.2
Imphal,gem,2026-09-25 03:00:00,19.6,0.0,2.9
Imphal,gem,2026-09-25 04:00:00,19.7,0.0,3.2
Imphal,gem,2026-09-25 05:00:00,20.1,0.0,4.0
Imphal,gem,2026-09-25 06:00:00,22.1,0.0,3.6
Imphal,gem,2026-09-25 07:00:00,24.6,0.0,4.3
Imphal,gem,2026-09-25 08:00:00,26.6,0.0,6.1
Imphal,gem,2026-09-25 09:00:00,28.2,0.0,8.3
Imphal,gem,2026-09-25 10:00:00,29.2,0.0,9.7
Imphal,gem,2026-09-25 11:00:00,30.1,0.0,11.2
Imphal,gem,2026-09-25 12:00:00,30.4,0.0,12.2
Imphal,gem,2026-09-25 13:00:00,30.3,0.0,12.6
Imphal,gem,2026-09-25 14:00:00,29.9,0.0,11.9
Imphal,gem,2026-09-25 15:00:00,29.2,0.0,10.8
Imphal,gem,2026-09-25 16:00:00,28.0,0.0,8.6
Imphal,gem,2026-09-25 17:00:00,26.1,0.0,5.8
Imphal,gem,2026-09-25 18:00:00,24.3,0.0,4.0
Imphal,gem,2026-09-25 19:00:00,22.8,0.0,2.2
Imphal,gem,2026-09-25 20:00:00,21.7,0.0,0.7
Imphal,gem,2026-09-25 21:00:00,20.8,0.0,1.8
Imphal,gem,2026-09-25 22:00:00,20.4,0.0,3.6
Imphal,gem,2026-09-25 23:00:00,20.0,0.0,4.0
Imphal,gem,2026-09-26 00:00:00,19.5,0.0,2.5
Imphal,gem,2026-09-26 01:00:00,19.0,0.0,0.7
Imphal,gem,2026-09-26 02:00:00,18.6,0.0,0.7
Imphal,gem,2026-09-26 03:00:00,18.3,0.0,0.7
Imphal,gem,2026-09-26 04:00:00,18.1,0.0,1.1
Imphal,gem,2026-09-26 05:00:00,18.1,0.0,1.1
Imphal,gem,2026-09-26 06:00:00,19.6,0.0,1.4
Imphal,gem,2026-09-26 07:00:00,22.3,0.0,1.1
Imphal,gem,2026-09-26 08:00:00,25.1,0.0,2.5
Imphal,gem,2026-09-26 09:00:00,27.6,0.0,4.3
Imphal,gem,2026-09-26 10:00:00,29.3,0.0,5.4
Imphal,gem,2026-09-26 11:00:00,30.4,0.0,6.5
Imphal,gem,2026-09-26 12:00:00,31.1,0.0,6.8
Imphal,gem,2026-09-26 13:00:00,31.5,0.0,7.2
Imphal,gem,2026-09-26 14:00:00,31.5,0.0,6.8
Imphal,gem,2026-09-26 15:00:00,31.0,0.0,6.5
Imphal,gem,2026-09-26 16:00:00,29.8,0.0,5.0
Imphal,gem,2026-09-26 17:00:00,27.3,0.0,4.0
Imphal,gem,2026-09-26 18:00:00,25.3,0.0,3.2
Imphal,gem,2026-09-26 19:00:00,23.9,0.0,3.6
Imphal,gem,2026-09-26 20:00:00,23.1,0.0,3.6
Imphal,gem,2026-09-26 21:00:00,22.6,0.0,2.5
Imphal,gem,2026-09-26 22:00:00,21.8,0.0,2.5
Imphal,gem,2026-09-26 23:00:00,21.2,0.0,2.2
Imphal,gfs,2026-09-24 00:00:00,18.9,0.0,4.3
Imphal,gfs,2026-09-24 01:00:00,18.7,0.0,5.2
Imphal,gfs,2026-09-24 02:00:00,18.4,0.0,5.8
Imphal,gfs,2026-09-24 03:00:00,18.2,0.0,5.4
Imphal,gfs,2026-09-24 04:00:00,18.1,0.0,5.1
Imphal,gfs,2026-09-24 05:00:00,18.4,0.0,5.2
Imphal,gfs,2026-09-24 06:00:00,20.6,0.0,3.7
Imphal,gfs,2026-09-24 07:00:00,23.0,0.0,1.9
Imphal,gfs,2026-09-24 08:00:00,25.8,0.0,1.1
Imphal,gfs,2026-09-24 09:00:00,28.1,0.0,0.5
Imphal,gfs,2026-09-24 10:00:00,29.1,0.1,4.1
Imphal,gfs,2026-09-24 11:00:00,29.4,1.0,7.3
Imphal,gfs,2026-09-24 12:00:00,30.2,0.0,7.5
Imphal,gfs,2026-09-24 13:00:00,30.5,0.0,4.8
Imphal,gfs,2026-09-24 14:00:00,29.7,0.0,6.2
Imphal,gfs,2026-09-24 15:00:00,26.6,0.1,9.7
Imphal,gfs,2026-09-24 16:00:00,25.0,0.1,7.2
Imphal,gfs,2026-09-24 17:00:00,22.6,0.0,2.9
Imphal,gfs,2026-09-24 18:00:00,21.7,0.0,0.5
Imphal,gfs,2026-09-24 19:00:00,21.2,0.0,4.1
Imphal,gfs,2026-09-24 20:00:00,20.6,0.0,5.7
Imphal,gfs,2026-09-24 21:00:00,20.1,0.0,5.4
Imphal,gfs,2026-09-24 22:00:00,19.8,0.0,6.1
Imphal,gfs,2026-09-24 23:00:00,19.6,0.0,5.2
Imphal,gfs,2026-09-25 00:00:00,19.4,0.0,5.2
Imphal,gfs,2026-09-25 01:00:00,19.2,0.0,4.9
Imphal,gfs,2026-09-25 02:00:00,19.0,0.0,4.3
Imphal,gfs,2026-09-25 03:00:00,18.7,0.0,4.4
Imphal,gfs,2026-09-25 04:00:00,18.5,0.0,5.0
Imphal,gfs,2026-09-25 05:00:00,18.8,0.0,4.7
Imphal,gfs,2026-09-25 06:00:00,21.3,0.0,3.1
Imphal,gfs,2026-09-25 07:00:00,23.9,0.0,2.9
Imphal,gfs,2026-09-25 08:00:00,26.2,0.0,2.2
Imphal,gfs,2026-09-25 09:00:00,27.6,0.0,5.9
Imphal,gfs,2026-09-25 10:00:00,28.0,0.7,9.4
Imphal,gfs,2026-09-25 11:00:00,28.1,1.0,12.0
Imphal,gfs,2026-09-25 12:00:00,27.5,0.8,9.9
Imphal,gfs,2026-09-25 13:00:00,27.7,0.0,5.8
Imphal,gfs,2026-09-25 14:00:00,28.0,0.0,2.2
Imphal,gfs,2026-09-25 15:00:00,27.6,0.2,3.3
Imphal,gfs,2026-09-25 16:00:00,25.2,0.5,4.3
Imphal,gfs,2026-09-25 17:00:00,22.8,0.0,1.1
Imphal,gfs,2026-09-25 18:00:00,21.8,0.0,1.5
Imphal,gfs,2026-09-25 19:00:00,21.2,0.0,1.0
Imphal,gfs,2026-09-25 20:00:00,20.7,0.0,3.4
Imphal,gfs,2026-09-25 21:00:00,20.1,0.0,4.7
Imphal,gfs,2026-09-25 22:00:00,19.8,0.0,5.4
Imphal,gfs,2026-09-25 23:00:00,19.5,0.0,5.0
Imphal,gfs,2026-09-26 00:00:00,19.2,0.0,3.6
Imphal,gfs,2026-09-26 01:00:00,18.9,0.0,3.6
Imphal,gfs,2026-09-26 02:00:00,18.7,0.0,3.3
Imphal,gfs,2026-09-26 03:00:00,18.5,0.0,2.3
Imphal,gfs,2026-09-26 04:00:00,18.3,0.0,2.6
Imphal,gfs,2026-09-26 05:00:00,18.5,0.0,2.3
Imphal,gfs,2026-09-26 06:00:00,20.4,0.0,1.6
Imphal,gfs,2026-09-26 07:00:00,22.8,0.0,0.4
Imphal,gfs,2026-09-26 08:00:00,25.1,0.0,2.1
Imphal,gfs,2026-09-26 09:00:00,26.9,0.0,4.8
Imphal,gfs,2026-09-26 10:00:00,27.8,0.0,6.8
Imphal,gfs,2026-09-26 11:00:00,28.5,0.0,8.0
Imphal,gfs,2026-09-26 12:00:00,28.4,0.0,6.8
Imphal,gfs,2026-09-26 13:00:00,28.8,0.0,4.8
Imphal,gfs,2026-09-26 14:00:00,28.7,0.0,5.4
Imphal,gfs,2026-09-26 15:00:00,27.5,0.1,5.9
Imphal,gfs,2026-09-26 16:00:00,25.7,0.1,5.8
Imphal,gfs,2026-09-26 17:00:00,23.2,0.0,2.6
Imphal,gfs,2026-09-26 18:00:00,22.2,0.0,1.8
Imphal,gfs,2026-09-26 19:00:00,21.5,0.0,2.0
Imphal,gfs,2026-09-26 20:00:00,21.0,0.0,1.3
Imphal,gfs,2026-09-26 21:00:00,20.5,0.0,1.8
Imphal,gfs,2026-09-26 22:00:00,20.2,0.0,1.6
Imphal,gfs,2026-09-26 23:00:00,20.0,0.0,1.6
Imphal,icon,2026-09-24 00:00:00,20.0,0.0,4.0
Imphal,icon,2026-09-24 01:00:00,19.3,0.0,3.7
Imphal,icon,2026-09-24 02:00:00,18.8,0.0,3.9
Imphal,icon,2026-09-24 03:00:00,18.6,0.0,3.9
Imphal,icon,2026-09-24 04:00:00,18.3,0.0,3.9
Imphal,icon,2026-09-24 05:00:00,18.8,0.0,3.7
Imphal,icon,2026-09-24 06:00:00,20.9,0.0,3.1
Imphal,icon,2026-09-24 07:00:00,23.8,0.0,1.6
Imphal,icon,2026-09-24 08:00:00,25.8,0.0,2.3
Imphal,icon,2026-09-24 09:00:00,27.5,0.0,6.8
Imphal,icon,2026-09-24 10:00:00,28.7,0.0,10.3
Imphal,icon,2026-09-24 11:00:00,29.7,0.0,9.0
Imphal,icon,2026-09-24 12:00:00,30.1,0.0,12.6
Imphal,icon,2026-09-24 13:00:00,30.2,0.0,14.1
Imphal,icon,2026-09-24 14:00:00,29.7,0.0,14.8
Imphal,icon,2026-09-24 15:00:00,28.8,0.0,10.7
Imphal,icon,2026-09-24 16:00:00,27.7,0.0,7.1
Imphal,icon,2026-09-24 17:00:00,25.9,0.0,2.7
Imphal,icon,2026-09-24 18:00:00,25.1,0.0,1.5
Imphal,icon,2026-09-24 19:00:00,24.5,0.0,0.7
Imphal,icon,2026-09-24 20:00:00,24.0,0.0,1.5
Imphal,icon,2026-09-24 21:00:00,23.6,0.0,2.0
Imphal,icon,2026-09-24 22:00:00,22.9,0.0,3.4
Imphal,icon,2026-09-24 23:00:00,21.5,0.0,3.4
Imphal,icon,2026-09-25 00:00:00,20.6,0.0,3.8
Imphal,icon,2026-09-25 01:00:00,20.2,0.0,3.3
Imphal,icon,2026-09-25 02:00:00,20.1,0.0,2.6
Imphal,icon,2026-09-25 03:00:00,19.7,0.0,2.9
Imphal,icon,2026-09-25 04:00:00,19.4,0.0,3.5
Imphal,icon,2026-09-25 05:00:00,19.3,0.0,2.9
Imphal,icon,2026-09-25 06:00:00,21.3,0.0,2.3
Imphal,icon,2026-09-25 07:00:00,23.8,0.0,1.8
Imphal,icon,2026-09-25 08:00:00,25.5,0.0,2.5
Imphal,icon,2026-09-25 09:00:00,27.1,0.0,5.8
Imphal,icon,2026-09-25 10:00:00,28.4,0.0,7.9
Imphal,icon,2026-09-25 11:00:00,29.4,0.0,9.4
Imphal,icon,2026-09-25 12:00:00,30.1,0.0,10.2
Imphal,icon,2026-09-25 13:00:00,30.3,0.0,12.4
Imphal,icon,2026-09-25 14:00:00,29.8,0.0,12.8
Imphal,icon,2026-09-25 15:00:00,29.1,0.0,10.0
Imphal,icon,2026-09-25 16:00:00,27.8,0.0,6.8
Imphal,icon,2026-09-25 17:00:00,26.0,0.0,2.3
Imphal,icon,2026-09-25 18:00:00,25.4,0.0,2.3
Imphal,icon,2026-09-25 19:00:00,24.6,0.0,2.1
Imphal,icon,2026-09-25 20:00:00,24.2,0.0,1.4
Imphal,icon,2026-09-25 21:00:00,23.7,0.0,2.1
Imphal,icon,2026-09-25 22:00:00,23.1,0.0,3.0
Imphal,icon,2026-09-25 23:00:00,22.0,0.0,3.3
Imphal,icon,2026-09-26 00:00:00,20.9,0.0,3.2
Imphal,icon,2026-09-26 01:00:00,20.2,0.0,3.1
Imphal,icon,2026-09-26 02:00:00,19.8,0.0,3.4
Imphal,icon,2026-09-26 03:00:00,19.4,0.0,2.8
Imphal,icon,2026-09-26 04:00:00,19.0,0.0,2.6
Imphal,icon,2026-09-26 05:00:00,18.8,0.0,2.8
Imphal,icon,2026-09-26 06:00:00,20.8,0.0,1.9
Imphal,icon,2026-09-26 07:00:00,23.8,0.0,1.4
Imphal,icon,2026-09-26 08:00:00,25.4,0.0,3.8
Imphal,icon,2026-09-26 09:00:00,26.9,0.0,4.9
Imphal,icon,2026-09-26 10:00:00,28.2,0.0,4.8
Imphal,icon,2026-09-26 11:00:00,29.4,0.0,4.4
Imphal,icon,2026-09-26 12:00:00,30.3,0.0,3.7
Imphal,icon,2026-09-26 13:00:00,30.9,0.0,3.4
Imphal,icon,2026-09-26 14:00:00,31.0,0.0,3.4
Imphal,icon,2026-09-26 15:00:00,30.6,0.0,6.8
Imphal,icon,2026-09-26 16:00:00,28.5,0.0,9.5
Imphal,icon,2026-09-26 17:00:00,26.4,0.0,8.4
Imphal,icon,2026-09-26 18:00:00,25.3,0.0,5.1
Imphal,icon,2026-09-26 19:00:00,24.4,0.0,4.0
Imphal,icon,2026-09-26 20:00:00,23.7,0.0,3.7
Imphal,icon,2026-09-26 21:00:00,23.0,0.0,3.8
Imphal,icon,2026-09-26 22:00:00,22.7,0.0,3.2
Imphal,icon,2026-09-26 23:00:00,22.4,0.0,2.4
Indore,ecmwf,2026-09-24 00:00:00,24.6,0.0,7.0
Indore,ecmwf,2026-09-24 01:00:00,23.9,0.0,6.5
Indore,ecmwf,2026-09-24 02:00:00,23.3,0.0,6.1
Indore,ecmwf,2026-09-24 03:00:00,22.7,0.0,6.6
Indore,ecmwf,2026-09-24 04:00:00,22.3,0.0,7.1
Indore,ecmwf,2026-09-24 05:00:00,22.4,0.0,7.9
Indore,ecmwf,2026-09-24 06:00:00,23.2,0.0,8.2
Indore,ecmwf,2026-09-24 07:00:00,24.5,0.0,8.5
Indore,ecmwf,2026-09-24 08:00:00,25.9,0.0,9.1
Indore,ecmwf,2026-09-24 09:00:00,27.4,0.0,10.1
Indore,ecmwf,2026-09-24 10:00:00,29.0,0.0,11.5
Indore,ecmwf,2026-09-24 11:00:00,30.2,0.0,13.3
Indore,ecmwf,2026-09-24 12:00:00,30.9,0.0,15.5
Indore,ecmwf,2026-09-24 13:00:00,31.2,0.0,18.1
Indore,ecmwf,2026-09-24 14:00:00,31.2,0.0,19.2
Indore,ecmwf,2026-09-24 15:00:00,30.7,0.0,18.1
Indore,ecmwf,2026-09-24 16:00:00,29.8,0.0,15.5
Indore,ecmwf,2026-09-24 17:00:00,28.8,0.0,13.7
Indore,ecmwf,2026-09-24 18:00:00,27.9,0.0,12.6
Indore,ecmwf,2026-09-24 19:00:00,27.0,0.0,12.2
Indore,ecmwf,2026-09-24 20:00:00,26.1,0.0,11.5
Indore,ecmwf,2026-09-24 21:00:00,25.3,0.0,10.5
Indore,ecmwf,2026-09-24 22:00:00,24.5,0.0,9.4
Indore,ecmwf,2026-09-24 23:00:00,23.9,0.0,8.4
Indore,ecmwf,2026-09-25 00:00:00,23.4,0.0,7.9
Indore,ecmwf,2026-09-25 01:00:00,23.0,0.0,7.6
Indore,ecmwf,2026-09-25 02:00:00,22.6,0.0,7.2
Indore,ecmwf,2026-09-25 03:00:00,22.0,0.0,6.5
Indore,ecmwf,2026-09-25 04:00:00,21.4,0.0,7.1
Indore,ecmwf,2026-09-25 05:00:00,21.4,0.0,9.0
Indore,ecmwf,2026-09-25 06:00:00,22.3,0.0,9.7
Indore,ecmwf,2026-09-25 07:00:00,23.8,0.0,10.2
Indore,ecmwf,2026-09-25 08:00:00,25.4,0.0,11.8
Indore,ecmwf,2026-09-25 09:00:00,26.9,0.0,14.2
Indore,ecmwf,2026-09-25 10:00:00,28.5,0.0,17.4
Indore,ecmwf,2026-09-25 11:00:00,29.8,0.0,20.1
Indore,ecmwf,2026-09-25 12:00:00,30.5,0.0,22.3
Indore,ecmwf,2026-09-25 13:00:00,30.9,0.0,24.0
Indore,ecmwf,2026-09-25 14:00:00,31.0,0.0,24.3
Indore,ecmwf,2026-09-25 15:00:00,30.5,0.0,21.7
Indore,ecmwf,2026-09-25 16:00:00,29.7,0.0,17.9
Indore,ecmwf,2026-09-25 17:00:00,28.8,0.0,14.3
Indore,ecmwf,2026-09-25 18:00:00,27.7,0.0,12.1
Indore,ecmwf,2026-09-25 19:00:00,26.5,0.0,10.1
Indore,ecmwf,2026-09-25 20:00:00,25.5,0.0,8.9
Indore,ecmwf,2026-09-25 21:00:00,24.9,0.0,9.2
Indore,ecmwf,2026-09-25 22:00:00,24.5,0.0,10.1
Indore,ecmwf,2026-09-25 23:00:00,24.2,0.0,10.8
Indore,ecmwf,2026-09-26 00:00:00,23.9,0.0,10.9
Indore,ecmwf,2026-09-26 01:00:00,23.6,0.0,11.0
Indore,ecmwf,2026-09-26 02:00:00,23.5,0.0,11.2
Indore,ecmwf,2026-09-26 03:00:00,23.5,0.0,11.7
Indore,ecmwf,2026-09-26 04:00:00,23.7,0.0,13.1
Indore,ecmwf,2026-09-26 05:00:00,23.9,0.0,14.1
Indore,ecmwf,2026-09-26 06:00:00,24.1,0.0,15.4
Indore,ecmwf,2026-09-26 07:00:00,24.4,0.0,16.7
Indore,ecmwf,2026-09-26 08:00:00,25.0,0.0,17.7
Indore,ecmwf,2026-09-26 09:00:00,25.9,0.0,18.8
Indore,ecmwf,2026-09-26 10:00:00,27.1,0.0,19.5
Indore,ecmwf,2026-09-26 11:00:00,28.1,0.0,20.2
Indore,ecmwf,2026-09-26 12:00:00,28.8,0.0,20.5
Indore,ecmwf,2026-09-26 13:00:00,29.3,0.0,20.9
Indore,ecmwf,2026-09-26 14:00:00,29.5,0.0,20.5
Indore,ecmwf,2026-09-26 15:00:00,29.1,0.0,19.5
Indore,ecmwf,2026-09-26 16:00:00,28.3,0.0,18.0
Indore,ecmwf,2026-09-26 17:00:00,27.5,0.0,17.0
Indore,ecmwf,2026-09-26 18:00:00,26.5,0.0,16.5
Indore,ecmwf,2026-09-26 19:00:00,25.5,0.0,16.6
Indore,ecmwf,2026-09-26 20:00:00,24.6,0.0,16.6
Indore,ecmwf,2026-09-26 21:00:00,23.9,0.0,16.3
Indore,ecmwf,2026-09-26 22:00:00,23.4,0.0,16.1
Indore,ecmwf,2026-09-26 23:00:00,23.0,0.0,15.8
Indore,gem,2026-09-24 00:00:00,25.2,0.0,11.5
Indore,gem,2026-09-24 01:00:00,24.5,0.0,10.4
Indore,gem,2026-09-24 02:00:00,23.6,0.0,9.4
Indore,gem,2026-09-24 03:00:00,22.9,0.0,8.3
Indore,gem,2026-09-24 04:00:00,22.3,0.0,7.9
Indore,gem,2026-09-24 05:00:00,23.2,0.0,9.0
Indore,gem,2026-09-24 06:00:00,22.5,0.0,10.4
Indore,gem,2026-09-24 07:00:00,24.1,0.0,12.2
Indore,gem,2026-09-24 08:00:00,27.2,0.0,17.3
Indore,gem,2026-09-24 09:00:00,29.6,0.0,19.1
Indore,gem,2026-09-24 10:00:00,31.1,0.0,20.2
Indore,gem,2026-09-24 11:00:00,32.2,0.0,20.9
Indore,gem,2026-09-24 12:00:00,33.0,0.0,23.4
Indore,gem,2026-09-24 13:00:00,33.5,0.0,25.2
Indore,gem,2026-09-24 14:00:00,33.7,0.0,26.3
Indore,gem,2026-09-24 15:00:00,33.6,0.0,25.9
Indore,gem,2026-09-24 16:00:00,33.1,0.0,24.8
Indore,gem,2026-09-24 17:00:00,32.2,0.0,24.1
Indore,gem,2026-09-24 18:00:00,30.5,0.0,20.2
Indore,gem,2026-09-24 19:00:00,29.3,0.0,18.0
Indore,gem,2026-09-24 20:00:00,28.2,0.0,16.2
Indore,gem,2026-09-24 21:00:00,27.1,0.0,14.0
Indore,gem,2026-09-24 22:00:00,26.1,0.0,12.6
Indore,gem,2026-09-24 23:00:00,25.2,0.0,11.2
Indore,gem,2026-09-25 00:00:00,24.2,0.0,8.6
Indore,gem,2026-09-25 01:00:00,23.1,0.0,7.2
Indore,gem,2026-09-25 02:00:00,22.2,0.0,6.8
Indore,gem,2026-09-25 03:00:00,21.5,0.0,7.2
Indore,gem,2026-09-25 04:00:00,21.0,0.0,7.2
Indore,gem,2026-09-25 05:00:00,20.8,0.0,6.1
Indore,gem,2026-09-25 06:00:00,20.7,0.0,6.1
Indore,gem,2026-09-25 07:00:00,22.3,0.0,8.3
Indore,gem,2026-09-25 08:00:00,25.2,0.0,11.5
Indore,gem,2026-09-25 09:00:00,28.2,0.0,15.8
Indore,gem,2026-09-25 10:00:00,29.8,0.0,19.1
Indore,gem,2026-09-25 11:00:00,31.3,0.0,20.9
Indore,gem,2026-09-25 12:00:00,32.1,0.0,22.7
Indore,gem,2026-09-25 13:00:00,32.8,0.0,25.6
Indore,gem,2026-09-25 14:00:00,33.0,0.0,27.0
Indore,gem,2026-09-25 15:00:00,33.0,0.0,27.4
Indore,gem,2026-09-25 16:00:00,32.6,0.0,27.0
Indore,gem,2026-09-25 17:00:00,31.7,0.0,25.6
Indore,gem,2026-09-25 18:00:00,30.1,0.0,18.7
Indore,gem,2026-09-25 19:00:00,28.6,0.0,13.0
Indore,gem,2026-09-25 20:00:00,26.8,0.0,10.8
Indore,gem,2026-09-25 21:00:00,25.5,0.0,10.8
Indore,gem,2026-09-25 22:00:00,24.1,0.0,10.8
Indore,gem,2026-09-25 23:00:00,22.9,0.0,12.2
Indore,gem,2026-09-26 00:00:00,22.3,0.0,9.7
Indore,gem,2026-09-26 01:00:00,21.7,0.0,7.9
Indore,gem,2026-09-26 02:00:00,21.4,0.0,7.2
Indore,gem,2026-09-26 03:00:00,21.4,0.0,9.0
Indore,gem,2026-09-26 04:00:00,22.0,0.0,11.9
Indore,gem,2026-09-26 05:00:00,23.0,0.0,14.8
Indore,gem,2026-09-26 06:00:00,23.1,0.0,17.6
Indore,gem,2026-09-26 07:00:00,24.0,0.0,22.0
Indore,gem,2026-09-26 08:00:00,25.7,0.0,25.9
Indore,gem,2026-09-26 09:00:00,27.2,0.0,26.6
Indore,gem,2026-09-26 10:00:00,29.0,0.0,27.7
Indore,gem,2026-09-26 11:00:00,30.1,0.0,28.1
Indore,gem,2026-09-26 12:00:00,30.7,0.0,28.8
Indore,gem,2026-09-26 13:00:00,31.2,0.0,29.9
Indore,gem,2026-09-26 14:00:00,31.3,0.0,30.6
Indore,gem,2026-09-26 15:00:00,31.1,0.0,30.2
Indore,gem,2026-09-26 16:00:00,30.6,0.0,29.9
Indore,gem,2026-09-26 17:00:00,29.7,0.0,29.2
Indore,gem,2026-09-26 18:00:00,28.2,0.0,25.6
Indore,gem,2026-09-26 19:00:00,27.0,0.0,23.0
Indore,gem,2026-09-26 20:00:00,26.3,0.0,21.6
Indore,gem,2026-09-26 21:00:00,25.7,0.0,20.5
Indore,gem,2026-09-26 22:00:00,25.2,0.0,20.5
Indore,gem,2026-09-26 23:00:00,24.7,0.0,23.8
Indore,gfs,2026-09-24 00:00:00,23.3,0.0,9.1
Indore,gfs,2026-09-24 01:00:00,23.0,0.0,10.4
Indore,gfs,2026-09-24 02:00:00,22.7,0.0,9.4
Indore,gfs,2026-09-24 03:00:00,22.4,0.0,9.2
Indore,gfs,2026-09-24 04:00:00,22.2,0.0,9.1
Indore,gfs,2026-09-24 05:00:00,21.7,0.0,10.0
Indore,gfs,2026-09-24 06:00:00,21.4,0.0,10.9
Indore,gfs,2026-09-24 07:00:00,22.9,0.0,9.8
Indore,gfs,2026-09-24 08:00:00,25.2,0.0,14.8
Indore,gfs,2026-09-24 09:00:00,26.9,0.0,16.6
Indore,gfs,2026-09-24 10:00:00,28.2,0.0,19.8
Indore,gfs,2026-09-24 11:00:00,29.4,0.0,22.1
Indore,gfs,2026-09-24 12:00:00,30.1,0.0,22.0
Indore,gfs,2026-09-24 13:00:00,30.2,0.0,24.5
Indore,gfs,2026-09-24 14:00:00,30.1,0.0,25.6
Indore,gfs,2026-09-24 15:00:00,30.1,0.0,23.8
Indore,gfs,2026-09-24 16:00:00,29.1,0.0,22.7
Indore,gfs,2026-09-24 17:00:00,27.5,0.0,18.0
Indore,gfs,2026-09-24 18:00:00,25.2,0.0,12.3
Indore,gfs,2026-09-24 19:00:00,24.5,0.0,12.4
Indore,gfs,2026-09-24 20:00:00,24.0,0.0,11.5
Indore,gfs,2026-09-24 21:00:00,23.7,0.0,11.7
Indore,gfs,2026-09-24 22:00:00,23.2,0.0,12.6
Indore,gfs,2026-09-24 23:00:00,22.9,0.0,12.6
Indore,gfs,2026-09-25 00:00:00,22.5,0.0,12.2
Indore,gfs,2026-09-25 01:00:00,21.9,0.0,9.7
Indore,gfs,2026-09-25 02:00:00,21.4,0.0,8.3
Indore,gfs,2026-09-25 03:00:00,21.0,0.0,9.4
Indore,gfs,2026-09-25 04:00:00,20.9,0.0,10.9
Indore,gfs,2026-09-25 05:00:00,20.8,0.0,10.5
Indore,gfs,2026-09-25 06:00:00,20.9,0.0,10.1
Indore,gfs,2026-09-25 07:00:00,22.5,0.0,11.3
Indore,gfs,2026-09-25 08:00:00,24.6,0.0,17.1
Indore,gfs,2026-09-25 09:00:00,26.3,0.0,19.9
Indore,gfs,2026-09-25 10:00:00,28.0,0.0,22.1
Indore,gfs,2026-09-25 11:00:00,29.3,0.0,24.1
Indore,gfs,2026-09-25 12:00:00,30.0,0.0,26.9
Indore,gfs,2026-09-25 13:00:00,30.4,0.0,28.4
Indore,gfs,2026-09-25 14:00:00,30.8,0.0,27.4
Indore,gfs,2026-09-25 15:00:00,30.5,0.0,25.2
Indore,gfs,2026-09-25 16:00:00,29.2,0.0,24.9
Indore,gfs,2026-09-25 17:00:00,27.1,0.0,16.6
Indore,gfs,2026-09-25 18:00:00,24.7,0.0,9.9
Indore,gfs,2026-09-25 19:00:00,23.8,0.0,8.4
Indore,gfs,2026-09-25 20:00:00,23.2,0.0,10.0
Indore,gfs,2026-09-25 21:00:00,22.5,0.0,9.8
Indore,gfs,2026-09-25 22:00:00,21.9,0.0,8.0
Indore,gfs,2026-09-25 23:00:00,21.5,0.0,9.1
Indore,gfs,2026-09-26 00:00:00,21.2,0.0,13.0
Indore,gfs,2026-09-26 01:00:00,21.3,0.0,12.6
Indore,gfs,2026-09-26 02:00:00,21.4,0.0,11.5
Indore,gfs,2026-09-26 03:00:00,21.3,0.0,13.2
Indore,gfs,2026-09-26 04:00:00,21.1,0.1,14.4
Indore,gfs,2026-09-26 05:00:00,21.8,0.0,17.9
Indore,gfs,2026-09-26 06:00:00,21.4,0.0,20.4
Indore,gfs,2026-09-26 07:00:00,21.8,0.0,18.5
Indore,gfs,2026-09-26 08:00:00,23.8,0.0,23.7
Indore,gfs,2026-09-26 09:00:00,25.4,0.0,26.8
Indore,gfs,2026-09-26 10:00:00,26.7,0.0,28.3
Indore,gfs,2026-09-26 11:00:00,27.8,0.0,28.5
Indore,gfs,2026-09-26 12:00:00,28.2,0.0,27.9
Indore,gfs,2026-09-26 13:00:00,28.6,0.0,28.1
Indore,gfs,2026-09-26 14:00:00,28.7,0.0,28.6
Indore,gfs,2026-09-26 15:00:00,28.6,0.0,26.3
Indore,gfs,2026-09-26 16:00:00,27.4,0.0,25.1
Indore,gfs,2026-09-26 17:00:00,25.9,0.0,23.8
Indore,gfs,2026-09-26 18:00:00,24.8,0.0,21.2
Indore,gfs,2026-09-26 19:00:00,24.5,0.0,23.8
Indore,gfs,2026-09-26 20:00:00,24.1,0.0,23.5
Indore,gfs,2026-09-26 21:00:00,23.5,0.0,22.0
Indore,gfs,2026-09-26 22:00:00,22.8,0.0,21.6
Indore,gfs,2026-09-26 23:00:00,22.4,0.0,21.6
Indore,icon,2026-09-24 00:00:00,25.8,0.0,5.7
Indore,icon,2026-09-24 01:00:00,25.3,0.0,5.6
Indore,icon,2026-09-24 02:00:00,24.9,0.0,5.5
Indore,icon,2026-09-24 03:00:00,24.4,0.0,4.7
Indore,icon,2026-09-24 04:00:00,24.0,0.0,4.5
Indore,icon,2026-09-24 05:00:00,23.8,0.0,4.2
Indore,icon,2026-09-24 06:00:00,23.5,0.0,4.3
Indore,icon,2026-09-24 07:00:00,24.1,0.0,5.4
Indore,icon,2026-09-24 08:00:00,25.7,0.0,7.8
Indore,icon,2026-09-24 09:00:00,27.7,0.0,9.8
Indore,icon,2026-09-24 10:00:00,29.4,0.0,12.6
Indore,icon,2026-09-24 11:00:00,30.9,0.0,13.7
Indore,icon,2026-09-24 12:00:00,31.9,0.0,14.4
Indore,icon,2026-09-24 13:00:00,32.8,0.0,15.5
Indore,icon,2026-09-24 14:00:00,33.1,0.0,15.8
Indore,icon,2026-09-24 15:00:00,33.1,0.0,15.9
Indore,icon,2026-09-24 16:00:00,32.6,0.0,15.9
Indore,icon,2026-09-24 17:00:00,31.6,0.0,13.7
Indore,icon,2026-09-24 18:00:00,30.1,0.0,9.7
Indore,icon,2026-09-24 19:00:00,28.7,0.0,8.3
Indore,icon,2026-09-24 20:00:00,27.7,0.0,7.9
Indore,icon,2026-09-24 21:00:00,26.9,0.0,7.2
Indore,icon,2026-09-24 22:00:00,26.1,0.0,6.5
Indore,icon,2026-09-24 23:00:00,25.4,0.0,6.2
Indore,icon,2026-09-25 00:00:00,24.8,0.0,6.3
Indore,icon,2026-09-25 01:00:00,24.3,0.0,6.2
Indore,icon,2026-09-25 02:00:00,23.7,0.0,4.7
Indore,icon,2026-09-25 03:00:00,23.3,0.0,4.3
Indore,icon,2026-09-25 04:00:00,22.9,0.0,4.4
Indore,icon,2026-09-25 05:00:00,22.6,0.0,5.6
Indore,icon,2026-09-25 06:00:00,22.4,0.0,5.1
Indore,icon,2026-09-25 07:00:00,23.1,0.0,5.8
Indore,icon,2026-09-25 08:00:00,24.6,0.0,8.0
Indore,icon,2026-09-25 09:00:00,26.3,0.0,10.1
Indore,icon,2026-09-25 10:00:00,27.9,0.0,11.0
Indore,icon,2026-09-25 11:00:00,29.3,0.0,12.3
Indore,icon,2026-09-25 12:00:00,30.3,0.0,14.0
Indore,icon,2026-09-25 13:00:00,31.3,0.0,16.1
Indore,icon,2026-09-25 14:00:00,31.8,0.0,18.3
Indore,icon,2026-09-25 15:00:00,31.9,0.0,18.8
Indore,icon,2026-09-25 16:00:00,31.5,0.0,17.4
Indore,icon,2026-09-25 17:00:00,30.6,0.0,14.0
Indore,icon,2026-09-25 18:00:00,29.0,0.0,11.3
Indore,icon,2026-09-25 19:00:00,27.5,0.0,9.7
Indore,icon,2026-09-25 20:00:00,26.4,0.0,9.1
Indore,icon,2026-09-25 21:00:00,25.6,0.0,9.5
Indore,icon,2026-09-25 22:00:00,24.9,0.0,8.6
Indore,icon,2026-09-25 23:00:00,24.3,0.0,8.1
Indore,icon,2026-09-26 00:00:00,23.7,0.0,9.1
Indore,icon,2026-09-26 01:00:00,23.4,0.0,9.5
Indore,icon,2026-09-26 02:00:00,23.1,0.0,9.1
Indore,icon,2026-09-26 03:00:00,22.8,0.0,8.7
Indore,icon,2026-09-26 04:00:00,22.5,0.0,9.2
Indore,icon,2026-09-26 05:00:00,22.4,0.0,9.9
Indore,icon,2026-09-26 06:00:00,22.3,0.0,9.7
Indore,icon,2026-09-26 07:00:00,22.8,0.0,9.9
Indore,icon,2026-09-26 08:00:00,23.7,0.0,13.1
Indore,icon,2026-09-26 09:00:00,25.1,0.0,13.7
Indore,icon,2026-09-26 10:00:00,26.9,0.0,14.2
Indore,icon,2026-09-26 11:00:00,28.9,0.0,18.1
Indore,icon,2026-09-26 12:00:00,29.8,0.0,19.4
Indore,icon,2026-09-26 13:00:00,30.9,0.0,18.3
Indore,icon,2026-09-26 14:00:00,31.6,0.0,18.6
Indore,icon,2026-09-26 15:00:00,31.5,0.0,17.0
Indore,icon,2026-09-26 16:00:00,31.0,0.0,16.6
Indore,icon,2026-09-26 17:00:00,29.6,0.0,15.5
Indore,icon,2026-09-26 18:00:00,27.9,0.0,13.4
Indore,icon,2026-09-26 19:00:00,27.0,0.0,11.9
Indore,icon,2026-09-26 20:00:00,26.2,0.0,13.0
Indore,icon,2026-09-26 21:00:00,25.5,0.0,11.9
Indore,icon,2026-09-26 22:00:00,24.8,0.0,12.0
Indore,icon,2026-09-26 23:00:00,24.3,0.0,12.5
Jabalpur,ecmwf,2026-09-24 00:00:00,24.9,0.0,13.7
Jabalpur,ecmwf,2026-09-24 01:00:00,24.6,0.0,14.0
Jabalpur,ecmwf,2026-09-24 02:00:00,24.4,0.0,14.3
Jabalpur,ecmwf,2026-09-24 03:00:00,24.2,0.1,14.7
Jabalpur,ecmwf,2026-09-24 04:00:00,24.1,0.1,14.7
Jabalpur,ecmwf,2026-09-24 05:00:00,24.2,0.1,15.4
Jabalpur,ecmwf,2026-09-24 06:00:00,24.3,0.0,16.5
Jabalpur,ecmwf,2026-09-24 07:00:00,24.6,0.0,17.9
Jabalpur,ecmwf,2026-09-24 08:00:00,25.2,0.0,18.7
Jabalpur,ecmwf,2026-09-24 09:00:00,26.3,0.5,18.4
Jabalpur,ecmwf,2026-09-24 10:00:00,27.6,0.5,18.0
Jabalpur,ecmwf,2026-09-24 11:00:00,28.3,0.5,17.5
Jabalpur,ecmwf,2026-09-24 12:00:00,27.8,1.0,18.0
Jabalpur,ecmwf,2026-09-24 13:00:00,26.7,1.0,19.2
Jabalpur,ecmwf,2026-09-24 14:00:00,25.7,1.0,19.9
Jabalpur,ecmwf,2026-09-24 15:00:00,25.1,1.9,19.5
Jabalpur,ecmwf,2026-09-24 16:00:00,24.5,1.9,18.8
Jabalpur,ecmwf,2026-09-24 17:00:00,24.0,1.9,18.1
Jabalpur,ecmwf,2026-09-24 18:00:00,23.8,0.1,17.7
Jabalpur,ecmwf,2026-09-24 19:00:00,23.6,0.1,17.1
Jabalpur,ecmwf,2026-09-24 20:00:00,23.5,0.1,16.9
Jabalpur,ecmwf,2026-09-24 21:00:00,23.4,0.6,16.9
Jabalpur,ecmwf,2026-09-24 22:00:00,23.2,0.6,17.1
Jabalpur,ecmwf,2026-09-24 23:00:00,23.1,0.6,17.3
Jabalpur,ecmwf,2026-09-25 00:00:00,23.0,1.0,17.3
Jabalpur,ecmwf,2026-09-25 01:00:00,22.9,1.0,17.3
Jabalpur,ecmwf,2026-09-25 02:00:00,22.8,1.0,17.3
Jabalpur,ecmwf,2026-09-25 03:00:00,22.7,0.4,16.9
Jabalpur,ecmwf,2026-09-25 04:00:00,22.6,0.4,16.2
Jabalpur,ecmwf,2026-09-25 05:00:00,22.6,0.4,16.2
Jabalpur,ecmwf,2026-09-25 06:00:00,22.6,2.2,17.8
Jabalpur,ecmwf,2026-09-25 07:00:00,22.6,2.2,19.8
Jabalpur,ecmwf,2026-09-25 08:00:00,22.8,2.2,21.0
Jabalpur,ecmwf,2026-09-25 09:00:00,23.3,1.2,19.8
Jabalpur,ecmwf,2026-09-25 10:00:00,24.0,1.2,17.9
Jabalpur,ecmwf,2026-09-25 11:00:00,24.5,1.2,16.5
Jabalpur,ecmwf,2026-09-25 12:00:00,24.6,1.9,17.0
Jabalpur,ecmwf,2026-09-25 13:00:00,24.5,1.9,18.4
Jabalpur,ecmwf,2026-09-25 14:00:00,24.4,1.9,19.4
Jabalpur,ecmwf,2026-09-25 15:00:00,24.1,2.4,20.0
Jabalpur,ecmwf,2026-09-25 16:00:00,23.8,2.4,20.2
Jabalpur,ecmwf,2026-09-25 17:00:00,23.5,2.4,20.0
Jabalpur,ecmwf,2026-09-25 18:00:00,23.4,2.6,18.9
Jabalpur,ecmwf,2026-09-25 19:00:00,23.3,2.6,18.3
Jabalpur,ecmwf,2026-09-25 20:00:00,23.2,2.6,18.3
Jabalpur,ecmwf,2026-09-25 21:00:00,23.0,5.4,19.7
Jabalpur,ecmwf,2026-09-25 22:00:00,22.7,5.4,21.3
Jabalpur,ecmwf,2026-09-25 23:00:00,22.4,5.4,22.4
Jabalpur,ecmwf,2026-09-26 00:00:00,22.1,5.1,21.5
Jabalpur,ecmwf,2026-09-26 01:00:00,21.9,5.1,19.6
Jabalpur,ecmwf,2026-09-26 02:00:00,21.6,5.1,18.9
Jabalpur,ecmwf,2026-09-26 03:00:00,21.1,5.1,20.9
Jabalpur,ecmwf,2026-09-26 04:00:00,20.4,5.1,23.8
Jabalpur,ecmwf,2026-09-26 05:00:00,20.1,5.1,25.6
Jabalpur,ecmwf,2026-09-26 06:00:00,20.1,0.6,24.6
Jabalpur,ecmwf,2026-09-26 07:00:00,20.4,0.6,22.1
Jabalpur,ecmwf,2026-09-26 08:00:00,21.0,0.6,19.8
Jabalpur,ecmwf,2026-09-26 09:00:00,22.0,0.0,17.2
Jabalpur,ecmwf,2026-09-26 10:00:00,23.4,0.0,15.6
Jabalpur,ecmwf,2026-09-26 11:00:00,24.6,0.0,15.0
Jabalpur,ecmwf,2026-09-26 12:00:00,25.6,0.0,15.6
Jabalpur,ecmwf,2026-09-26 13:00:00,26.5,0.0,17.1
Jabalpur,ecmwf,2026-09-26 14:00:00,27.0,0.0,17.4
Jabalpur,ecmwf,2026-09-26 15:00:00,27.0,0.0,13.0
Jabalpur,ecmwf,2026-09-26 16:00:00,26.6,0.0,6.3
Jabalpur,ecmwf,2026-09-26 17:00:00,26.1,0.0,2.4
Jabalpur,ecmwf,2026-09-26 18:00:00,25.6,0.0,4.7
Jabalpur,ecmwf,2026-09-26 19:00:00,25.0,0.0,8.3
Jabalpur,ecmwf,2026-09-26 20:00:00,24.3,0.0,10.5
Jabalpur,ecmwf,2026-09-26 21:00:00,23.5,1.0,10.7
Jabalpur,ecmwf,2026-09-26 22:00:00,22.6,1.0,10.3
Jabalpur,ecmwf,2026-09-26 23:00:00,22.0,1.0,10.5
Jabalpur,gem,2026-09-24 00:00:00,25.7,0.0,15.5
Jabalpur,gem,2026-09-24 01:00:00,25.2,0.0,19.4
Jabalpur,gem,2026-09-24 02:00:00,24.7,0.0,20.2
Jabalpur,gem,2026-09-24 03:00:00,24.3,0.0,18.7
Jabalpur,gem,2026-09-24 04:00:00,23.8,0.0,18.0
Jabalpur,gem,2026-09-24 05:00:00,24.3,0.0,17.3
Jabalpur,gem,2026-09-24 06:00:00,24.0,0.0,18.7
Jabalpur,gem,2026-09-24 07:00:00,25.2,0.0,21.6
Jabalpur,gem,2026-09-24 08:00:00,26.3,0.0,23.0
Jabalpur,gem,2026-09-24 09:00:00,26.7,0.0,24.5
Jabalpur,gem,2026-09-24 10:00:00,26.6,0.0,23.0
Jabalpur,gem,2026-09-24 11:00:00,27.1,0.0,25.9
Jabalpur,gem,2026-09-24 12:00:00,26.8,0.0,28.4
Jabalpur,gem,2026-09-24 13:00:00,26.5,0.0,27.0
Jabalpur,gem,2026-09-24 14:00:00,27.1,0.0,25.9
Jabalpur,gem,2026-09-24 15:00:00,27.4,0.0,26.6
Jabalpur,gem,2026-09-24 16:00:00,27.1,0.0,27.0
Jabalpur,gem,2026-09-24 17:00:00,26.3,0.0,27.0
Jabalpur,gem,2026-09-24 18:00:00,25.7,0.0,24.8
Jabalpur,gem,2026-09-24 19:00:00,25.3,0.0,22.3
Jabalpur,gem,2026-09-24 20:00:00,25.1,0.0,22.7
Jabalpur,gem,2026-09-24 21:00:00,24.6,0.0,23.4
Jabalpur,gem,2026-09-24 22:00:00,24.0,0.1,22.7
Jabalpur,gem,2026-09-24 23:00:00,23.2,0.5,22.7
Jabalpur,gem,2026-09-25 00:00:00,22.6,0.5,20.5
Jabalpur,gem,2026-09-25 01:00:00,22.3,0.3,19.1
Jabalpur,gem,2026-09-25 02:00:00,22.3,0.3,19.4
Jabalpur,gem,2026-09-25 03:00:00,22.3,0.3,19.8
Jabalpur,gem,2026-09-25 04:00:00,22.3,0.1,20.5
Jabalpur,gem,2026-09-25 05:00:00,22.1,0.5,21.2
Jabalpur,gem,2026-09-25 06:00:00,21.9,1.6,21.2
Jabalpur,gem,2026-09-25 07:00:00,21.9,1.8,22.7
Jabalpur,gem,2026-09-25 08:00:00,22.0,1.6,23.8
Jabalpur,gem,2026-09-25 09:00:00,22.2,1.3,24.1
Jabalpur,gem,2026-09-25 10:00:00,22.7,0.3,23.4
Jabalpur,gem,2026-09-25 11:00:00,23.3,0.3,24.5
Jabalpur,gem,2026-09-25 12:00:00,23.2,0.7,25.2
Jabalpur,gem,2026-09-25 13:00:00,22.9,1.0,24.5
Jabalpur,gem,2026-09-25 14:00:00,22.8,0.8,24.1
Jabalpur,gem,2026-09-25 15:00:00,22.5,0.5,22.7
Jabalpur,gem,2026-09-25 16:00:00,22.2,0.3,22.0
Jabalpur,gem,2026-09-25 17:00:00,21.9,0.1,23.4
Jabalpur,gem,2026-09-25 18:00:00,21.6,0.3,23.0
Jabalpur,gem,2026-09-25 19:00:00,21.5,0.2,22.7
Jabalpur,gem,2026-09-25 20:00:00,21.5,0.1,22.0
Jabalpur,gem,2026-09-25 21:00:00,21.3,0.1,22.3
Jabalpur,gem,2026-09-25 22:00:00,21.2,0.3,20.9
Jabalpur,gem,2026-09-25 23:00:00,21.2,0.7,19.1
Jabalpur,gem,2026-09-26 00:00:00,21.0,1.1,18.4
Jabalpur,gem,2026-09-26 01:00:00,21.0,0.6,19.1
Jabalpur,gem,2026-09-26 02:00:00,21.1,0.2,21.2
Jabalpur,gem,2026-09-26 03:00:00,21.1,0.2,20.5
Jabalpur,gem,2026-09-26 04:00:00,21.1,0.4,20.5
Jabalpur,gem,2026-09-26 05:00:00,21.0,0.4,20.9
Jabalpur,gem,2026-09-26 06:00:00,21.1,0.2,20.9
Jabalpur,gem,2026-09-26 07:00:00,21.3,0.2,22.0
Jabalpur,gem,2026-09-26 08:00:00,21.7,0.2,23.4
Jabalpur,gem,2026-09-26 09:00:00,22.5,0.1,24.5
Jabalpur,gem,2026-09-26 10:00:00,23.8,0.2,26.6
Jabalpur,gem,2026-09-26 11:00:00,24.5,0.1,26.3
Jabalpur,gem,2026-09-26 12:00:00,25.4,0.1,23.8
Jabalpur,gem,2026-09-26 13:00:00,26.8,0.0,23.0
Jabalpur,gem,2026-09-26 14:00:00,28.0,0.0,22.7
Jabalpur,gem,2026-09-26 15:00:00,28.6,0.0,21.2
Jabalpur,gem,2026-09-26 16:00:00,28.7,0.0,17.6
Jabalpur,gem,2026-09-26 17:00:00,27.7,0.0,12.2
Jabalpur,gem,2026-09-26 18:00:00,26.2,0.0,9.7
Jabalpur,gem,2026-09-26 19:00:00,24.9,0.0,10.4
Jabalpur,gem,2026-09-26 20:00:00,23.7,0.0,11.9
Jabalpur,gem,2026-09-26 21:00:00,22.5,0.0,6.1
Jabalpur,gem,2026-09-26 22:00:00,21.6,0.0,3.2
Jabalpur,gem,2026-09-26 23:00:00,21.1,0.0,5.8
Jabalpur,gfs,2026-09-24 00:00:00,23.4,0.0,15.7
Jabalpur,gfs,2026-09-24 01:00:00,23.1,0.0,16.9
Jabalpur,gfs,2026-09-24 02:00:00,22.8,0.0,16.1
Jabalpur,gfs,2026-09-24 03:00:00,22.6,0.0,15.9
Jabalpur,gfs,2026-09-24 04:00:00,22.5,0.0,16.3
Jabalpur,gfs,2026-09-24 05:00:00,22.8,0.0,19.0
Jabalpur,gfs,2026-09-24 06:00:00,23.1,0.0,18.4
Jabalpur,gfs,2026-09-24 07:00:00,23.3,0.3,17.4
Jabalpur,gfs,2026-09-24 08:00:00,23.7,0.7,18.2
Jabalpur,gfs,2026-09-24 09:00:00,24.2,0.0,20.9
Jabalpur,gfs,2026-09-24 10:00:00,24.4,0.0,21.2
Jabalpur,gfs,2026-09-24 11:00:00,25.5,0.0,24.0
Jabalpur,gfs,2026-09-24 12:00:00,26.6,1.0,27.4
Jabalpur,gfs,2026-09-24 13:00:00,26.0,1.0,26.4
Jabalpur,gfs,2026-09-24 14:00:00,26.1,0.7,28.2
Jabalpur,gfs,2026-09-24 15:00:00,25.4,0.2,25.4
Jabalpur,gfs,2026-09-24 16:00:00,25.1,0.5,25.8
Jabalpur,gfs,2026-09-24 17:00:00,24.1,0.8,24.6
Jabalpur,gfs,2026-09-24 18:00:00,23.5,0.1,21.6
Jabalpur,gfs,2026-09-24 19:00:00,23.4,0.0,20.5
Jabalpur,gfs,2026-09-24 20:00:00,23.1,0.0,21.8
Jabalpur,gfs,2026-09-24 21:00:00,23.0,0.0,21.3
Jabalpur,gfs,2026-09-24 22:00:00,23.0,0.0,20.6
Jabalpur,gfs,2026-09-24 23:00:00,23.0,0.0,19.6
Jabalpur,gfs,2026-09-25 00:00:00,22.9,0.1,21.3
Jabalpur,gfs,2026-09-25 01:00:00,22.7,0.0,22.1
Jabalpur,gfs,2026-09-25 02:00:00,22.4,0.2,22.6
Jabalpur,gfs,2026-09-25 03:00:00,22.2,0.6,22.2
Jabalpur,gfs,2026-09-25 04:00:00,22.1,0.6,21.3
Jabalpur,gfs,2026-09-25 05:00:00,21.9,0.7,22.0
Jabalpur,gfs,2026-09-25 06:00:00,21.7,2.6,21.0
Jabalpur,gfs,2026-09-25 07:00:00,21.8,4.1,23.8
Jabalpur,gfs,2026-09-25 08:00:00,21.8,4.3,25.9
Jabalpur,gfs,2026-09-25 09:00:00,21.9,0.8,23.8
Jabalpur,gfs,2026-09-25 10:00:00,21.7,4.7,24.0
Jabalpur,gfs,2026-09-25 11:00:00,21.6,4.6,23.2
Jabalpur,gfs,2026-09-25 12:00:00,21.7,6.2,24.6
Jabalpur,gfs,2026-09-25 13:00:00,21.6,3.7,24.7
Jabalpur,gfs,2026-09-25 14:00:00,21.6,4.3,25.3
Jabalpur,gfs,2026-09-25 15:00:00,21.6,2.6,24.8
Jabalpur,gfs,2026-09-25 16:00:00,21.5,6.8,27.8
Jabalpur,gfs,2026-09-25 17:00:00,21.4,10.5,27.9
Jabalpur,gfs,2026-09-25 18:00:00,21.3,17.9,26.9
Jabalpur,gfs,2026-09-25 19:00:00,21.4,11.1,27.9
Jabalpur,gfs,2026-09-25 20:00:00,21.4,11.0,27.1
Jabalpur,gfs,2026-09-25 21:00:00,21.4,10.5,26.0
Jabalpur,gfs,2026-09-25 22:00:00,21.2,8.4,27.2
Jabalpur,gfs,2026-09-25 23:00:00,21.1,11.5,25.1
Jabalpur,gfs,2026-09-26 00:00:00,20.9,9.9,26.1
Jabalpur,gfs,2026-09-26 01:00:00,20.7,5.9,27.9
Jabalpur,gfs,2026-09-26 02:00:00,20.5,2.1,25.2
Jabalpur,gfs,2026-09-26 03:00:00,20.6,2.7,21.2
Jabalpur,gfs,2026-09-26 04:00:00,20.5,4.3,21.9
Jabalpur,gfs,2026-09-26 05:00:00,20.5,1.6,22.7
Jabalpur,gfs,2026-09-26 06:00:00,20.4,7.1,21.5
Jabalpur,gfs,2026-09-26 07:00:00,20.3,6.4,22.4
Jabalpur,gfs,2026-09-26 08:00:00,20.2,2.3,23.2
Jabalpur,gfs,2026-09-26 09:00:00,20.3,3.1,24.0
Jabalpur,gfs,2026-09-26 10:00:00,20.3,1.5,23.4
Jabalpur,gfs,2026-09-26 11:00:00,20.3,3.6,24.7
Jabalpur,gfs,2026-09-26 12:00:00,20.0,7.2,27.3
Jabalpur,gfs,2026-09-26 13:00:00,19.5,6.3,27.2
Jabalpur,gfs,2026-09-26 14:00:00,19.5,5.5,26.4
Jabalpur,gfs,2026-09-26 15:00:00,19.7,6.2,27.5
Jabalpur,gfs,2026-09-26 16:00:00,19.8,2.4,27.1
Jabalpur,gfs,2026-09-26 17:00:00,19.9,1.7,27.2
Jabalpur,gfs,2026-09-26 18:00:00,19.9,2.2,27.2
Jabalpur,gfs,2026-09-26 19:00:00,19.8,3.0,23.5
Jabalpur,gfs,2026-09-26 20:00:00,19.8,2.3,24.3
Jabalpur,gfs,2026-09-26 21:00:00,19.7,0.8,21.9
Jabalpur,gfs,2026-09-26 22:00:00,19.4,1.0,18.8
Jabalpur,gfs,2026-09-26 23:00:00,19.4,0.7,19.6
Jabalpur,icon,2026-09-24 00:00:00,25.0,0.0,7.8
Jabalpur,icon,2026-09-24 01:00:00,24.8,0.0,7.9
Jabalpur,icon,2026-09-24 02:00:00,24.6,0.0,8.0
Jabalpur,icon,2026-09-24 03:00:00,24.3,0.0,8.9
Jabalpur,icon,2026-09-24 04:00:00,24.2,0.0,10.2
Jabalpur,icon,2026-09-24 05:00:00,24.1,0.0,9.1
Jabalpur,icon,2026-09-24 06:00:00,24.0,0.0,8.9
Jabalpur,icon,2026-09-24 07:00:00,24.5,0.0,10.1
Jabalpur,icon,2026-09-24 08:00:00,25.2,0.0,13.1
Jabalpur,icon,2026-09-24 09:00:00,25.9,0.0,14.0
Jabalpur,icon,2026-09-24 10:00:00,26.7,0.2,14.0
Jabalpur,icon,2026-09-24 11:00:00,27.1,0.1,13.5
Jabalpur,icon,2026-09-24 12:00:00,26.4,0.9,13.5
Jabalpur,icon,2026-09-24 13:00:00,25.2,0.9,11.4
Jabalpur,icon,2026-09-24 14:00:00,25.0,0.5,11.7
Jabalpur,icon,2026-09-24 15:00:00,25.3,0.6,11.5
Jabalpur,icon,2026-09-24 16:00:00,25.1,0.9,11.5
Jabalpur,icon,2026-09-24 17:00:00,24.6,0.7,10.8
Jabalpur,icon,2026-09-24 18:00:00,24.4,0.1,9.1
Jabalpur,icon,2026-09-24 19:00:00,24.3,0.0,9.9
Jabalpur,icon,2026-09-24 20:00:00,24.2,0.2,10.3
Jabalpur,icon,2026-09-24 21:00:00,24.2,0.0,10.1
Jabalpur,icon,2026-09-24 22:00:00,24.1,0.2,9.7
Jabalpur,icon,2026-09-24 23:00:00,23.9,0.2,10.1
Jabalpur,icon,2026-09-25 00:00:00,23.8,0.2,10.8
Jabalpur,icon,2026-09-25 01:00:00,23.4,1.3,10.4
Jabalpur,icon,2026-09-25 02:00:00,23.4,0.3,11.2
Jabalpur,icon,2026-09-25 03:00:00,23.4,0.0,12.0
Jabalpur,icon,2026-09-25 04:00:00,23.3,0.4,11.2
Jabalpur,icon,2026-09-25 05:00:00,23.3,0.3,11.2
Jabalpur,icon,2026-09-25 06:00:00,23.3,0.0,11.5
Jabalpur,icon,2026-09-25 07:00:00,23.2,1.0,10.5
Jabalpur,icon,2026-09-25 08:00:00,23.3,0.3,11.3
Jabalpur,icon,2026-09-25 09:00:00,23.3,2.1,12.0
Jabalpur,icon,2026-09-25 10:00:00,23.3,5.6,10.7
Jabalpur,icon,2026-09-25 11:00:00,23.3,3.7,12.3
Jabalpur,icon,2026-09-25 12:00:00,23.5,1.4,12.7
Jabalpur,icon,2026-09-25 13:00:00,23.4,0.8,12.7
Jabalpur,icon,2026-09-25 14:00:00,23.4,1.5,14.0
Jabalpur,icon,2026-09-25 15:00:00,23.5,1.9,14.5
Jabalpur,icon,2026-09-25 16:00:00,23.2,1.8,14.4
Jabalpur,icon,2026-09-25 17:00:00,22.8,2.6,14.0
Jabalpur,icon,2026-09-25 18:00:00,22.5,4.0,13.9
Jabalpur,icon,2026-09-25 19:00:00,22.5,3.9,13.8
Jabalpur,icon,2026-09-25 20:00:00,22.4,2.4,13.5
Jabalpur,icon,2026-09-25 21:00:00,22.2,8.5,13.1
Jabalpur,icon,2026-09-25 22:00:00,22.3,8.0,13.1
Jabalpur,icon,2026-09-25 23:00:00,22.5,1.1,13.3
Jabalpur,icon,2026-09-26 00:00:00,22.6,0.1,14.2
Jabalpur,icon,2026-09-26 01:00:00,22.2,1.3,12.8
Jabalpur,icon,2026-09-26 02:00:00,22.2,2.3,12.2
Jabalpur,icon,2026-09-26 03:00:00,22.1,1.8,11.5
Jabalpur,icon,2026-09-26 04:00:00,22.1,0.9,12.8
Jabalpur,icon,2026-09-26 05:00:00,22.1,0.2,13.6
Jabalpur,icon,2026-09-26 06:00:00,22.1,0.1,13.6
Jabalpur,icon,2026-09-26 07:00:00,22.0,0.3,13.4
Jabalpur,icon,2026-09-26 08:00:00,21.9,0.2,12.7
Jabalpur,icon,2026-09-26 09:00:00,21.9,0.1,12.7
Jabalpur,icon,2026-09-26 10:00:00,22.0,0.0,11.7
Jabalpur,icon,2026-09-26 11:00:00,22.4,0.0,12.7
Jabalpur,icon,2026-09-26 12:00:00,22.4,0.0,13.1
Jabalpur,icon,2026-09-26 13:00:00,22.4,0.5,11.3
Jabalpur,icon,2026-09-26 14:00:00,22.4,0.5,10.5
Jabalpur,icon,2026-09-26 15:00:00,22.5,0.0,10.2
Jabalpur,icon,2026-09-26 16:00:00,22.3,0.1,10.0
Jabalpur,icon,2026-09-26 17:00:00,22.4,0.0,8.3
Jabalpur,icon,2026-09-26 18:00:00,22.5,0.0,6.8
Jabalpur,icon,2026-09-26 19:00:00,22.5,0.0,5.7
Jabalpur,icon,2026-09-26 20:00:00,22.4,0.0,3.5
Jabalpur,icon,2026-09-26 21:00:00,22.4,0.0,3.6
Jabalpur,icon,2026-09-26 22:00:00,22.5,0.0,3.7
Jabalpur,icon,2026-09-26 23:00:00,22.5,0.0,4.4
Jaipur,ecmwf,2026-09-24 00:00:00,27.8,0.0,6.1
Jaipur,ecmwf,2026-09-24 01:00:00,26.7,0.0,6.5
Jaipur,ecmwf,2026-09-24 02:00:00,25.9,0.0,7.3
Jaipur,ecmwf,2026-09-24 03:00:00,25.4,0.0,7.3
Jaipur,ecmwf,2026-09-24 04:00:00,25.1,0.0,6.7
Jaipur,ecmwf,2026-09-24 05:00:00,25.3,0.0,6.6
Jaipur,ecmwf,2026-09-24 06:00:00,26.0,0.0,6.9
Jaipur,ecmwf,2026-09-24 07:00:00,27.3,0.0,7.8
Jaipur,ecmwf,2026-09-24 08:00:00,28.6,0.0,8.0
Jaipur,ecmwf,2026-09-24 09:00:00,30.0,0.0,8.5
Jaipur,ecmwf,2026-09-24 10:00:00,31.6,0.0,8.3
Jaipur,ecmwf,2026-09-24 11:00:00,32.9,0.0,7.7
Jaipur,ecmwf,2026-09-24 12:00:00,33.6,0.0,5.8
Jaipur,ecmwf,2026-09-24 13:00:00,34.1,0.0,6.1
Jaipur,ecmwf,2026-09-24 14:00:00,34.2,0.0,7.6
Jaipur,ecmwf,2026-09-24 15:00:00,33.8,0.0,6.5
Jaipur,ecmwf,2026-09-24 16:00:00,33.1,0.0,3.8
Jaipur,ecmwf,2026-09-24 17:00:00,32.3,0.0,2.0
Jaipur,ecmwf,2026-09-24 18:00:00,31.2,0.0,4.3
Jaipur,ecmwf,2026-09-24 19:00:00,29.9,0.0,8.3
Jaipur,ecmwf,2026-09-24 20:00:00,28.7,0.0,11.2
Jaipur,ecmwf,2026-09-24 21:00:00,27.9,0.0,11.6
Jaipur,ecmwf,2026-09-24 22:00:00,27.1,0.0,11.3
Jaipur,ecmwf,2026-09-24 23:00:00,26.5,0.0,10.6
Jaipur,ecmwf,2026-09-25 00:00:00,25.8,0.0,10.9
Jaipur,ecmwf,2026-09-25 01:00:00,25.2,0.0,11.3
Jaipur,ecmwf,2026-09-25 02:00:00,24.7,0.0,10.9
Jaipur,ecmwf,2026-09-25 03:00:00,23.9,0.0,9.4
Jaipur,ecmwf,2026-09-25 04:00:00,23.2,0.0,7.6
Jaipur,ecmwf,2026-09-25 05:00:00,23.0,0.0,5.8
Jaipur,ecmwf,2026-09-25 06:00:00,23.6,0.0,4.6
Jaipur,ecmwf,2026-09-25 07:00:00,24.7,0.0,4.1
Jaipur,ecmwf,2026-09-25 08:00:00,26.0,0.0,4.3
Jaipur,ecmwf,2026-09-25 09:00:00,27.8,0.0,4.4
Jaipur,ecmwf,2026-09-25 10:00:00,29.8,0.0,5.2
Jaipur,ecmwf,2026-09-25 11:00:00,31.4,0.0,5.6
Jaipur,ecmwf,2026-09-25 12:00:00,32.4,0.0,5.1
Jaipur,ecmwf,2026-09-25 13:00:00,33.0,0.0,7.3
Jaipur,ecmwf,2026-09-25 14:00:00,33.3,0.0,9.4
Jaipur,ecmwf,2026-09-25 15:00:00,33.1,0.0,10.1
Jaipur,ecmwf,2026-09-25 16:00:00,32.6,0.0,10.6
Jaipur,ecmwf,2026-09-25 17:00:00,31.7,0.0,9.9
Jaipur,ecmwf,2026-09-25 18:00:00,30.3,0.0,8.0
Jaipur,ecmwf,2026-09-25 19:00:00,28.5,0.0,9.3
Jaipur,ecmwf,2026-09-25 20:00:00,27.0,0.0,11.4
Jaipur,ecmwf,2026-09-25 21:00:00,26.0,0.0,10.4
Jaipur,ecmwf,2026-09-25 22:00:00,25.3,0.0,7.5
Jaipur,ecmwf,2026-09-25 23:00:00,24.7,0.0,5.5
Jaipur,ecmwf,2026-09-26 00:00:00,24.2,0.0,4.9
Jaipur,ecmwf,2026-09-26 01:00:00,23.8,0.0,4.3
Jaipur,ecmwf,2026-09-26 02:00:00,23.4,0.0,4.0
Jaipur,ecmwf,2026-09-26 03:00:00,22.8,0.0,3.7
Jaipur,ecmwf,2026-09-26 04:00:00,22.3,0.0,3.2
Jaipur,ecmwf,2026-09-26 05:00:00,22.2,0.0,2.6
Jaipur,ecmwf,2026-09-26 06:00:00,22.9,0.0,2.7
Jaipur,ecmwf,2026-09-26 07:00:00,24.1,0.0,4.9
Jaipur,ecmwf,2026-09-26 08:00:00,25.6,0.0,6.6
Jaipur,ecmwf,2026-09-26 09:00:00,27.5,0.0,8.0
Jaipur,ecmwf,2026-09-26 10:00:00,29.7,0.0,9.7
Jaipur,ecmwf,2026-09-26 11:00:00,31.4,0.0,11.1
Jaipur,ecmwf,2026-09-26 12:00:00,32.2,0.1,12.4
Jaipur,ecmwf,2026-09-26 13:00:00,32.5,0.1,14.5
Jaipur,ecmwf,2026-09-26 14:00:00,32.6,0.1,15.8
Jaipur,ecmwf,2026-09-26 15:00:00,32.7,0.1,13.9
Jaipur,ecmwf,2026-09-26 16:00:00,32.6,0.1,10.1
Jaipur,ecmwf,2026-09-26 17:00:00,32.2,0.1,7.0
Jaipur,ecmwf,2026-09-26 18:00:00,31.1,0.0,4.8
Jaipur,ecmwf,2026-09-26 19:00:00,29.7,0.0,3.2
Jaipur,ecmwf,2026-09-26 20:00:00,28.4,0.0,2.1
Jaipur,ecmwf,2026-09-26 21:00:00,27.3,0.0,2.5
Jaipur,ecmwf,2026-09-26 22:00:00,26.3,0.0,4.2
Jaipur,ecmwf,2026-09-26 23:00:00,25.7,0.0,5.1
Jaipur,gem,2026-09-24 00:00:00,24.5,0.0,5.0
Jaipur,gem,2026-09-24 01:00:00,24.2,0.0,5.0
Jaipur,gem,2026-09-24 02:00:00,24.0,0.0,5.0
Jaipur,gem,2026-09-24 03:00:00,23.6,0.0,4.3
Jaipur,gem,2026-09-24 04:00:00,23.3,0.0,4.3
Jaipur,gem,2026-09-24 05:00:00,24.7,0.0,3.2
Jaipur,gem,2026-09-24 06:00:00,23.4,0.0,3.2
Jaipur,gem,2026-09-24 07:00:00,25.1,0.0,4.7
Jaipur,gem,2026-09-24 08:00:00,28.4,0.0,6.1
Jaipur,gem,2026-09-24 09:00:00,30.7,0.0,10.8
Jaipur,gem,2026-09-24 10:00:00,32.1,0.0,12.2
Jaipur,gem,2026-09-24 11:00:00,33.2,0.0,11.9
Jaipur,gem,2026-09-24 12:00:00,34.2,0.0,10.8
Jaipur,gem,2026-09-24 13:00:00,34.7,0.0,11.5
Jaipur,gem,2026-09-24 14:00:00,34.9,0.0,12.6
Jaipur,gem,2026-09-24 15:00:00,34.9,0.0,13.3
Jaipur,gem,2026-09-24 16:00:00,34.6,0.0,14.0
Jaipur,gem,2026-09-24 17:00:00,33.8,0.0,15.8
Jaipur,gem,2026-09-24 18:00:00,31.8,0.0,14.8
Jaipur,gem,2026-09-24 19:00:00,29.9,0.0,12.2
Jaipur,gem,2026-09-24 20:00:00,28.8,0.0,13.3
Jaipur,gem,2026-09-24 21:00:00,27.9,0.0,14.8
Jaipur,gem,2026-09-24 22:00:00,27.0,0.0,15.8
Jaipur,gem,2026-09-24 23:00:00,26.2,0.0,15.8
Jaipur,gem,2026-09-25 00:00:00,25.5,0.0,15.8
Jaipur,gem,2026-09-25 01:00:00,24.7,0.0,14.8
Jaipur,gem,2026-09-25 02:00:00,24.0,0.0,14.8
Jaipur,gem,2026-09-25 03:00:00,23.3,0.0,14.0
Jaipur,gem,2026-09-25 04:00:00,22.7,0.0,11.5
Jaipur,gem,2026-09-25 05:00:00,22.4,0.0,10.4
Jaipur,gem,2026-09-25 06:00:00,22.5,0.0,9.0
Jaipur,gem,2026-09-25 07:00:00,23.3,0.0,9.4
Jaipur,gem,2026-09-25 08:00:00,24.7,0.0,9.7
Jaipur,gem,2026-09-25 09:00:00,26.8,0.0,11.2
Jaipur,gem,2026-09-25 10:00:00,28.9,0.0,12.6
Jaipur,gem,2026-09-25 11:00:00,30.3,0.0,13.0
Jaipur,gem,2026-09-25 12:00:00,31.4,0.0,12.2
Jaipur,gem,2026-09-25 13:00:00,32.2,0.0,11.5
Jaipur,gem,2026-09-25 14:00:00,32.7,0.0,11.2
Jaipur,gem,2026-09-25 15:00:00,32.9,0.0,11.5
Jaipur,gem,2026-09-25 16:00:00,32.7,0.0,11.9
Jaipur,gem,2026-09-25 17:00:00,32.0,0.0,13.7
Jaipur,gem,2026-09-25 18:00:00,30.4,0.0,15.8
Jaipur,gem,2026-09-25 19:00:00,28.8,0.0,13.7
Jaipur,gem,2026-09-25 20:00:00,27.7,0.0,11.9
Jaipur,gem,2026-09-25 21:00:00,26.7,0.0,11.2
Jaipur,gem,2026-09-25 22:00:00,25.8,0.0,10.8
Jaipur,gem,2026-09-25 23:00:00,25.0,0.0,10.1
Jaipur,gem,2026-09-26 00:00:00,24.2,0.0,9.4
Jaipur,gem,2026-09-26 01:00:00,23.4,0.0,8.3
Jaipur,gem,2026-09-26 02:00:00,22.6,0.0,7.2
Jaipur,gem,2026-09-26 03:00:00,22.0,0.0,6.8
Jaipur,gem,2026-09-26 04:00:00,21.4,0.0,6.5
Jaipur,gem,2026-09-26 05:00:00,21.1,0.0,5.0
Jaipur,gem,2026-09-26 06:00:00,20.9,0.0,5.0
Jaipur,gem,2026-09-26 07:00:00,22.4,0.0,5.8
Jaipur,gem,2026-09-26 08:00:00,25.5,0.0,7.9
Jaipur,gem,2026-09-26 09:00:00,28.6,0.0,9.7
Jaipur,gem,2026-09-26 10:00:00,30.9,0.0,11.5
Jaipur,gem,2026-09-26 11:00:00,32.5,0.0,9.7
Jaipur,gem,2026-09-26 12:00:00,33.9,0.0,8.6
Jaipur,gem,2026-09-26 13:00:00,35.0,0.0,9.0
Jaipur,gem,2026-09-26 14:00:00,35.7,0.0,10.8
Jaipur,gem,2026-09-26 15:00:00,35.9,0.0,11.9
Jaipur,gem,2026-09-26 16:00:00,35.9,0.0,11.2
Jaipur,gem,2026-09-26 17:00:00,35.3,0.0,13.3
Jaipur,gem,2026-09-26 18:00:00,31.5,0.1,15.5
Jaipur,gem,2026-09-26 19:00:00,27.3,0.1,16.6
Jaipur,gem,2026-09-26 20:00:00,25.4,0.2,1.1
Jaipur,gem,2026-09-26 21:00:00,23.7,0.6,5.0
Jaipur,gem,2026-09-26 22:00:00,22.8,0.1,4.0
Jaipur,gem,2026-09-26 23:00:00,22.3,0.1,5.0
Jaipur,gfs,2026-09-24 00:00:00,29.4,0.0,2.6
Jaipur,gfs,2026-09-24 01:00:00,29.0,0.0,3.9
Jaipur,gfs,2026-09-24 02:00:00,28.6,0.0,6.6
Jaipur,gfs,2026-09-24 03:00:00,28.2,0.0,7.6
Jaipur,gfs,2026-09-24 04:00:00,27.8,0.0,7.9
Jaipur,gfs,2026-09-24 05:00:00,27.4,0.0,7.6
Jaipur,gfs,2026-09-24 06:00:00,26.9,0.0,7.7
Jaipur,gfs,2026-09-24 07:00:00,27.6,0.0,7.5
Jaipur,gfs,2026-09-24 08:00:00,28.9,0.0,9.5
Jaipur,gfs,2026-09-24 09:00:00,30.2,0.0,10.8
Jaipur,gfs,2026-09-24 10:00:00,31.4,0.0,10.7
Jaipur,gfs,2026-09-24 11:00:00,32.4,0.0,9.7
Jaipur,gfs,2026-09-24 12:00:00,33.3,0.0,9.6
Jaipur,gfs,2026-09-24 13:00:00,34.0,0.0,9.7
Jaipur,gfs,2026-09-24 14:00:00,34.4,0.0,9.7
Jaipur,gfs,2026-09-24 15:00:00,34.7,0.0,11.8
Jaipur,gfs,2026-09-24 16:00:00,34.5,0.0,10.2
Jaipur,gfs,2026-09-24 17:00:00,34.0,0.0,8.0
Jaipur,gfs,2026-09-24 18:00:00,32.6,0.0,8.7
Jaipur,gfs,2026-09-24 19:00:00,31.8,0.0,11.5
Jaipur,gfs,2026-09-24 20:00:00,31.2,0.0,13.5
Jaipur,gfs,2026-09-24 21:00:00,30.4,0.0,16.7
Jaipur,gfs,2026-09-24 22:00:00,28.0,0.0,20.3
Jaipur,gfs,2026-09-24 23:00:00,27.5,0.0,18.2
Jaipur,gfs,2026-09-25 00:00:00,26.9,0.0,17.7
Jaipur,gfs,2026-09-25 01:00:00,26.2,0.0,18.4
Jaipur,gfs,2026-09-25 02:00:00,25.4,0.0,18.3
Jaipur,gfs,2026-09-25 03:00:00,24.7,0.0,15.7
Jaipur,gfs,2026-09-25 04:00:00,24.1,0.0,14.6
Jaipur,gfs,2026-09-25 05:00:00,23.7,0.0,11.6
Jaipur,gfs,2026-09-25 06:00:00,23.5,0.0,9.3
Jaipur,gfs,2026-09-25 07:00:00,23.9,0.0,13.8
Jaipur,gfs,2026-09-25 08:00:00,25.1,0.0,14.9
Jaipur,gfs,2026-09-25 09:00:00,26.8,0.0,14.1
Jaipur,gfs,2026-09-25 10:00:00,28.5,0.0,13.8
Jaipur,gfs,2026-09-25 11:00:00,30.0,0.0,14.6
Jaipur,gfs,2026-09-25 12:00:00,31.1,0.0,14.4
Jaipur,gfs,2026-09-25 13:00:00,31.9,0.0,13.8
Jaipur,gfs,2026-09-25 14:00:00,32.5,0.0,13.0
Jaipur,gfs,2026-09-25 15:00:00,33.1,0.0,13.9
Jaipur,gfs,2026-09-25 16:00:00,33.3,0.0,16.9
Jaipur,gfs,2026-09-25 17:00:00,31.9,0.0,22.7
Jaipur,gfs,2026-09-25 18:00:00,28.3,0.0,24.0
Jaipur,gfs,2026-09-25 19:00:00,27.5,0.0,21.7
Jaipur,gfs,2026-09-25 20:00:00,26.6,0.0,19.3
Jaipur,gfs,2026-09-25 21:00:00,25.7,0.0,17.6
Jaipur,gfs,2026-09-25 22:00:00,25.0,0.0,17.1
Jaipur,gfs,2026-09-25 23:00:00,24.5,0.0,13.0
Jaipur,gfs,2026-09-26 00:00:00,24.2,0.0,10.9
Jaipur,gfs,2026-09-26 01:00:00,23.8,0.0,9.4
Jaipur,gfs,2026-09-26 02:00:00,23.5,0.0,9.3
Jaipur,gfs,2026-09-26 03:00:00,23.2,0.0,8.2
Jaipur,gfs,2026-09-26 04:00:00,23.1,0.0,6.8
Jaipur,gfs,2026-09-26 05:00:00,23.0,0.0,6.7
Jaipur,gfs,2026-09-26 06:00:00,23.0,0.0,6.0
Jaipur,gfs,2026-09-26 07:00:00,23.8,0.0,5.4
Jaipur,gfs,2026-09-26 08:00:00,25.4,0.0,8.0
Jaipur,gfs,2026-09-26 09:00:00,27.0,0.0,8.4
Jaipur,gfs,2026-09-26 10:00:00,28.7,0.0,8.6
Jaipur,gfs,2026-09-26 11:00:00,30.2,0.0,9.2
Jaipur,gfs,2026-09-26 12:00:00,31.8,0.0,5.6
Jaipur,gfs,2026-09-26 13:00:00,33.1,0.0,2.9
Jaipur,gfs,2026-09-26 14:00:00,34.2,0.0,3.9
Jaipur,gfs,2026-09-26 15:00:00,34.9,0.0,8.3
Jaipur,gfs,2026-09-26 16:00:00,35.3,0.0,12.0
Jaipur,gfs,2026-09-26 17:00:00,34.7,0.0,12.4
Jaipur,gfs,2026-09-26 18:00:00,32.1,0.0,21.4
Jaipur,gfs,2026-09-26 19:00:00,26.5,0.0,26.8
Jaipur,gfs,2026-09-26 20:00:00,26.0,0.0,22.9
Jaipur,gfs,2026-09-26 21:00:00,24.8,0.5,22.9
Jaipur,gfs,2026-09-26 22:00:00,24.1,0.0,19.1
Jaipur,gfs,2026-09-26 23:00:00,23.9,0.0,12.7
Jaipur,icon,2026-09-24 00:00:00,29.0,0.0,3.3
Jaipur,icon,2026-09-24 01:00:00,28.6,0.0,4.3
Jaipur,icon,2026-09-24 02:00:00,28.1,0.0,4.4
Jaipur,icon,2026-09-24 03:00:00,27.6,0.0,4.3
Jaipur,icon,2026-09-24 04:00:00,27.3,0.0,4.1
Jaipur,icon,2026-09-24 05:00:00,27.3,0.0,3.0
Jaipur,icon,2026-09-24 06:00:00,26.9,0.0,3.7
Jaipur,icon,2026-09-24 07:00:00,27.4,0.0,4.7
Jaipur,icon,2026-09-24 08:00:00,28.9,0.0,8.6
Jaipur,icon,2026-09-24 09:00:00,30.2,0.0,10.8
Jaipur,icon,2026-09-24 10:00:00,31.5,0.0,10.5
Jaipur,icon,2026-09-24 11:00:00,33.2,0.0,8.2
Jaipur,icon,2026-09-24 12:00:00,34.1,0.0,7.1
Jaipur,icon,2026-09-24 13:00:00,34.8,0.0,5.7
Jaipur,icon,2026-09-24 14:00:00,35.2,0.0,5.9
Jaipur,icon,2026-09-24 15:00:00,35.1,0.0,7.3
Jaipur,icon,2026-09-24 16:00:00,34.6,0.0,7.8
Jaipur,icon,2026-09-24 17:00:00,33.7,0.0,9.2
Jaipur,icon,2026-09-24 18:00:00,31.9,0.0,9.7
Jaipur,icon,2026-09-24 19:00:00,30.4,0.0,8.1
Jaipur,icon,2026-09-24 20:00:00,29.5,0.0,7.6
Jaipur,icon,2026-09-24 21:00:00,28.8,0.0,7.0
Jaipur,icon,2026-09-24 22:00:00,28.3,0.0,6.1
Jaipur,icon,2026-09-24 23:00:00,27.8,0.0,5.4
Jaipur,icon,2026-09-25 00:00:00,27.1,0.0,5.9
Jaipur,icon,2026-09-25 01:00:00,26.4,0.0,6.2
Jaipur,icon,2026-09-25 02:00:00,25.8,0.0,6.6
Jaipur,icon,2026-09-25 03:00:00,25.3,0.0,6.5
Jaipur,icon,2026-09-25 04:00:00,24.9,0.0,5.8
Jaipur,icon,2026-09-25 05:00:00,24.6,0.0,5.8
Jaipur,icon,2026-09-25 06:00:00,24.5,0.0,5.4
Jaipur,icon,2026-09-25 07:00:00,24.9,0.0,7.2
Jaipur,icon,2026-09-25 08:00:00,25.8,0.0,9.4
Jaipur,icon,2026-09-25 09:00:00,27.0,0.0,9.0
Jaipur,icon,2026-09-25 10:00:00,28.5,0.0,8.5
Jaipur,icon,2026-09-25 11:00:00,30.1,0.0,9.1
Jaipur,icon,2026-09-25 12:00:00,31.2,0.0,10.1
Jaipur,icon,2026-09-25 13:00:00,32.0,0.0,10.2
Jaipur,icon,2026-09-25 14:00:00,32.5,0.0,11.0
Jaipur,icon,2026-09-25 15:00:00,32.2,0.0,12.2
Jaipur,icon,2026-09-25 16:00:00,31.5,0.0,13.2
Jaipur,icon,2026-09-25 17:00:00,30.3,0.0,13.9
Jaipur,icon,2026-09-25 18:00:00,28.8,0.0,12.7
Jaipur,icon,2026-09-25 19:00:00,27.6,0.0,14.4
Jaipur,icon,2026-09-25 20:00:00,26.2,0.0,13.7
Jaipur,icon,2026-09-25 21:00:00,25.3,0.0,12.8
Jaipur,icon,2026-09-25 22:00:00,24.5,0.0,12.8
Jaipur,icon,2026-09-25 23:00:00,23.7,0.0,13.1
Jaipur,icon,2026-09-26 00:00:00,23.2,0.0,13.4
Jaipur,icon,2026-09-26 01:00:00,22.8,0.0,10.6
Jaipur,icon,2026-09-26 02:00:00,22.5,0.0,8.9
Jaipur,icon,2026-09-26 03:00:00,22.3,0.0,8.8
Jaipur,icon,2026-09-26 04:00:00,22.0,0.0,7.5
Jaipur,icon,2026-09-26 05:00:00,21.7,0.0,5.4
Jaipur,icon,2026-09-26 06:00:00,21.5,0.0,4.7
Jaipur,icon,2026-09-26 07:00:00,22.3,0.0,4.7
Jaipur,icon,2026-09-26 08:00:00,24.1,0.0,5.1
Jaipur,icon,2026-09-26 09:00:00,26.1,0.0,6.1
Jaipur,icon,2026-09-26 10:00:00,28.1,0.0,5.9
Jaipur,icon,2026-09-26 11:00:00,30.0,0.0,6.8
Jaipur,icon,2026-09-26 12:00:00,31.4,0.0,10.3
Jaipur,icon,2026-09-26 13:00:00,32.2,0.0,13.0
Jaipur,icon,2026-09-26 14:00:00,32.8,0.0,14.0
Jaipur,icon,2026-09-26 15:00:00,33.0,0.0,14.0
Jaipur,icon,2026-09-26 16:00:00,32.8,0.0,13.3
Jaipur,icon,2026-09-26 17:00:00,32.1,0.0,11.9
Jaipur,icon,2026-09-26 18:00:00,30.7,0.0,8.4
Jaipur,icon,2026-09-26 19:00:00,29.3,0.0,4.7
Jaipur,icon,2026-09-26 20:00:00,28.1,0.0,4.4
Jaipur,icon,2026-09-26 21:00:00,26.8,0.0,4.5
Jaipur,icon,2026-09-26 22:00:00,25.7,0.0,3.3
Jaipur,icon,2026-09-26 23:00:00,25.0,0.0,1.5
Jodhpur,ecmwf,2026-09-24 00:00:00,33.0,0.0,7.3
Jodhpur,ecmwf,2026-09-24 01:00:00,32.2,0.0,7.8
Jodhpur,ecmwf,2026-09-24 02:00:00,31.4,0.0,8.2
Jodhpur,ecmwf,2026-09-24 03:00:00,30.7,0.0,8.8
Jodhpur,ecmwf,2026-09-24 04:00:00,30.1,0.0,9.4
Jodhpur,ecmwf,2026-09-24 05:00:00,29.9,0.0,9.4
Jodhpur,ecmwf,2026-09-24 06:00:00,30.0,0.0,7.9
Jodhpur,ecmwf,2026-09-24 07:00:00,30.5,0.0,5.8
Jodhpur,ecmwf,2026-09-24 08:00:00,31.5,0.0,4.6
Jodhpur,ecmwf,2026-09-24 09:00:00,33.5,0.0,4.6
Jodhpur,ecmwf,2026-09-24 10:00:00,36.1,0.0,5.0
Jodhpur,ecmwf,2026-09-24 11:00:00,38.2,0.0,5.3
Jodhpur,ecmwf,2026-09-24 12:00:00,39.5,0.0,6.7
Jodhpur,ecmwf,2026-09-24 13:00:00,40.4,0.0,9.4
Jodhpur,ecmwf,2026-09-24 14:00:00,40.8,0.0,11.4
Jodhpur,ecmwf,2026-09-24 15:00:00,40.7,0.0,11.3
Jodhpur,ecmwf,2026-09-24 16:00:00,40.1,0.0,9.8
Jodhpur,ecmwf,2026-09-24 17:00:00,39.3,0.0,8.3
Jodhpur,ecmwf,2026-09-24 18:00:00,38.3,0.0,6.8
Jodhpur,ecmwf,2026-09-24 19:00:00,37.2,0.0,5.2
Jodhpur,ecmwf,2026-09-24 20:00:00,36.0,0.0,4.3
Jodhpur,ecmwf,2026-09-24 21:00:00,34.8,0.0,5.5
Jodhpur,ecmwf,2026-09-24 22:00:00,33.7,0.0,8.3
Jodhpur,ecmwf,2026-09-24 23:00:00,32.6,0.0,10.3
Jodhpur,ecmwf,2026-09-25 00:00:00,31.6,0.0,10.0
Jodhpur,ecmwf,2026-09-25 01:00:00,30.7,0.0,8.0
Jodhpur,ecmwf,2026-09-25 02:00:00,29.9,0.0,6.8
Jodhpur,ecmwf,2026-09-25 03:00:00,29.1,0.0,6.9
Jodhpur,ecmwf,2026-09-25 04:00:00,28.5,0.0,7.1
Jodhpur,ecmwf,2026-09-25 05:00:00,28.2,0.0,7.2
Jodhpur,ecmwf,2026-09-25 06:00:00,28.4,0.0,6.2
Jodhpur,ecmwf,2026-09-25 07:00:00,28.9,0.0,4.9
Jodhpur,ecmwf,2026-09-25 08:00:00,29.9,0.0,4.6
Jodhpur,ecmwf,2026-09-25 09:00:00,31.8,0.0,4.1
Jodhpur,ecmwf,2026-09-25 10:00:00,34.2,0.0,3.7
Jodhpur,ecmwf,2026-09-25 11:00:00,36.3,0.0,2.2
Jodhpur,ecmwf,2026-09-25 12:00:00,37.9,0.0,1.8
Jodhpur,ecmwf,2026-09-25 13:00:00,39.1,0.0,4.7
Jodhpur,ecmwf,2026-09-25 14:00:00,39.8,0.0,7.7
Jodhpur,ecmwf,2026-09-25 15:00:00,39.8,0.0,9.7
Jodhpur,ecmwf,2026-09-25 16:00:00,39.2,0.0,11.2
Jodhpur,ecmwf,2026-09-25 17:00:00,38.4,0.0,11.1
Jodhpur,ecmwf,2026-09-25 18:00:00,37.5,0.0,8.2
Jodhpur,ecmwf,2026-09-25 19:00:00,36.5,0.0,4.0
Jodhpur,ecmwf,2026-09-25 20:00:00,35.4,0.0,1.8
Jodhpur,ecmwf,2026-09-25 21:00:00,34.4,0.0,2.2
Jodhpur,ecmwf,2026-09-25 22:00:00,33.4,0.0,2.3
Jodhpur,ecmwf,2026-09-25 23:00:00,32.6,0.0,2.3
Jodhpur,ecmwf,2026-09-26 00:00:00,31.9,0.0,3.9
Jodhpur,ecmwf,2026-09-26 01:00:00,31.4,0.0,8.0
Jodhpur,ecmwf,2026-09-26 02:00:00,30.7,0.0,10.8
Jodhpur,ecmwf,2026-09-26 03:00:00,29.6,0.0,11.6
Jodhpur,ecmwf,2026-09-26 04:00:00,28.4,0.0,11.0
Jodhpur,ecmwf,2026-09-26 05:00:00,27.6,0.0,10.7
Jodhpur,ecmwf,2026-09-26 06:00:00,27.4,0.0,11.2
Jodhpur,ecmwf,2026-09-26 07:00:00,27.7,0.0,11.9
Jodhpur,ecmwf,2026-09-26 08:00:00,28.4,0.0,12.4
Jodhpur,ecmwf,2026-09-26 09:00:00,29.7,0.0,12.4
Jodhpur,ecmwf,2026-09-26 10:00:00,31.4,0.0,12.3
Jodhpur,ecmwf,2026-09-26 11:00:00,33.0,0.0,12.3
Jodhpur,ecmwf,2026-09-26 12:00:00,34.4,0.0,12.8
Jodhpur,ecmwf,2026-09-26 13:00:00,35.6,0.0,13.3
Jodhpur,ecmwf,2026-09-26 14:00:00,36.3,0.0,13.8
Jodhpur,ecmwf,2026-09-26 15:00:00,36.2,0.0,14.8
Jodhpur,ecmwf,2026-09-26 16:00:00,35.5,0.0,16.1
Jodhpur,ecmwf,2026-09-26 17:00:00,34.7,0.0,16.9
Jodhpur,ecmwf,2026-09-26 18:00:00,33.8,0.0,17.3
Jodhpur,ecmwf,2026-09-26 19:00:00,32.7,0.0,17.6
Jodhpur,ecmwf,2026-09-26 20:00:00,31.8,0.0,17.6
Jodhpur,ecmwf,2026-09-26 21:00:00,31.2,0.0,17.4
Jodhpur,ecmwf,2026-09-26 22:00:00,30.7,0.0,16.9
Jodhpur,ecmwf,2026-09-26 23:00:00,30.2,0.0,16.6
Jodhpur,gem,2026-09-24 00:00:00,27.9,0.0,8.6
Jodhpur,gem,2026-09-24 01:00:00,27.3,0.0,9.0
Jodhpur,gem,2026-09-24 02:00:00,26.8,0.0,9.4
Jodhpur,gem,2026-09-24 03:00:00,26.4,0.0,8.3
Jodhpur,gem,2026-09-24 04:00:00,25.9,0.0,7.2
Jodhpur,gem,2026-09-24 05:00:00,26.1,0.0,7.2
Jodhpur,gem,2026-09-24 06:00:00,24.8,0.0,3.6
Jodhpur,gem,2026-09-24 07:00:00,25.9,0.0,3.2
Jodhpur,gem,2026-09-24 08:00:00,29.7,0.0,6.5
Jodhpur,gem,2026-09-24 09:00:00,33.0,0.0,10.4
Jodhpur,gem,2026-09-24 10:00:00,35.0,0.0,8.3
Jodhpur,gem,2026-09-24 11:00:00,36.5,0.0,4.7
Jodhpur,gem,2026-09-24 12:00:00,37.8,0.0,2.5
Jodhpur,gem,2026-09-24 13:00:00,38.7,0.0,2.5
Jodhpur,gem,2026-09-24 14:00:00,39.3,0.0,2.5
Jodhpur,gem,2026-09-24 15:00:00,39.5,0.0,4.0
Jodhpur,gem,2026-09-24 16:00:00,39.5,0.0,6.8
Jodhpur,gem,2026-09-24 17:00:00,37.7,0.2,8.3
Jodhpur,gem,2026-09-24 18:00:00,34.6,0.4,5.0
Jodhpur,gem,2026-09-24 19:00:00,31.2,0.5,5.0
Jodhpur,gem,2026-09-24 20:00:00,28.1,0.3,5.4
Jodhpur,gem,2026-09-24 21:00:00,27.6,0.0,0.7
Jodhpur,gem,2026-09-24 22:00:00,27.4,0.0,1.8
Jodhpur,gem,2026-09-24 23:00:00,27.1,0.0,1.4
Jodhpur,gem,2026-09-25 00:00:00,26.5,0.0,1.4
Jodhpur,gem,2026-09-25 01:00:00,25.8,0.0,1.1
Jodhpur,gem,2026-09-25 02:00:00,25.0,0.0,2.5
Jodhpur,gem,2026-09-25 03:00:00,24.4,0.0,6.1
Jodhpur,gem,2026-09-25 04:00:00,23.8,0.0,4.3
Jodhpur,gem,2026-09-25 05:00:00,23.4,0.0,4.7
Jodhpur,gem,2026-09-25 06:00:00,23.0,0.0,5.4
Jodhpur,gem,2026-09-25 07:00:00,23.9,0.0,6.5
Jodhpur,gem,2026-09-25 08:00:00,26.8,0.0,7.9
Jodhpur,gem,2026-09-25 09:00:00,29.9,0.0,8.6
Jodhpur,gem,2026-09-25 10:00:00,32.2,0.0,6.8
Jodhpur,gem,2026-09-25 11:00:00,34.1,0.0,5.4
Jodhpur,gem,2026-09-25 12:00:00,35.6,0.0,5.0
Jodhpur,gem,2026-09-25 13:00:00,36.9,0.0,4.3
Jodhpur,gem,2026-09-25 14:00:00,37.7,0.0,4.0
Jodhpur,gem,2026-09-25 15:00:00,38.3,0.0,2.5
Jodhpur,gem,2026-09-25 16:00:00,38.4,0.0,2.5
Jodhpur,gem,2026-09-25 17:00:00,38.2,0.0,2.9
Jodhpur,gem,2026-09-25 18:00:00,36.4,0.0,3.2
Jodhpur,gem,2026-09-25 19:00:00,33.9,0.0,4.3
Jodhpur,gem,2026-09-25 20:00:00,32.1,0.0,2.5
Jodhpur,gem,2026-09-25 21:00:00,30.5,0.0,1.4
Jodhpur,gem,2026-09-25 22:00:00,28.9,0.0,5.8
Jodhpur,gem,2026-09-25 23:00:00,27.4,0.0,6.1
Jodhpur,gem,2026-09-26 00:00:00,26.5,0.0,6.1
Jodhpur,gem,2026-09-26 01:00:00,25.4,0.2,5.4
Jodhpur,gem,2026-09-26 02:00:00,24.6,0.0,3.6
Jodhpur,gem,2026-09-26 03:00:00,23.9,0.0,3.6
Jodhpur,gem,2026-09-26 04:00:00,23.4,0.0,5.8
Jodhpur,gem,2026-09-26 05:00:00,23.3,0.0,9.0
Jodhpur,gem,2026-09-26 06:00:00,23.6,0.0,12.2
Jodhpur,gem,2026-09-26 07:00:00,24.9,0.0,15.8
Jodhpur,gem,2026-09-26 08:00:00,27.4,0.0,20.2
Jodhpur,gem,2026-09-26 09:00:00,29.6,0.0,19.8
Jodhpur,gem,2026-09-26 10:00:00,31.7,0.0,18.4
Jodhpur,gem,2026-09-26 11:00:00,33.5,0.0,17.6
Jodhpur,gem,2026-09-26 12:00:00,34.8,0.0,17.6
Jodhpur,gem,2026-09-26 13:00:00,35.8,0.0,18.0
Jodhpur,gem,2026-09-26 14:00:00,36.4,0.0,18.0
Jodhpur,gem,2026-09-26 15:00:00,36.7,0.0,18.0
Jodhpur,gem,2026-09-26 16:00:00,36.6,0.0,17.6
Jodhpur,gem,2026-09-26 17:00:00,36.1,0.0,17.3
Jodhpur,gem,2026-09-26 18:00:00,34.5,0.0,14.8
Jodhpur,gem,2026-09-26 19:00:00,32.6,0.0,13.7
Jodhpur,gem,2026-09-26 20:00:00,31.3,0.0,15.1
Jodhpur,gem,2026-09-26 21:00:00,30.6,0.0,16.6
Jodhpur,gem,2026-09-26 22:00:00,30.0,0.0,16.6
Jodhpur,gem,2026-09-26 23:00:00,29.4,0.0,15.5
Jodhpur,gfs,2026-09-24 00:00:00,31.2,0.0,8.8
Jodhpur,gfs,2026-09-24 01:00:00,30.4,0.0,3.3
Jodhpur,gfs,2026-09-24 02:00:00,30.2,0.0,6.9
Jodhpur,gfs,2026-09-24 03:00:00,29.6,0.0,7.4
Jodhpur,gfs,2026-09-24 04:00:00,29.2,0.0,8.5
Jodhpur,gfs,2026-09-24 05:00:00,28.8,0.0,9.3
Jodhpur,gfs,2026-09-24 06:00:00,28.3,0.0,11.0
Jodhpur,gfs,2026-09-24 07:00:00,28.8,0.0,10.3
Jodhpur,gfs,2026-09-24 08:00:00,30.9,0.0,13.8
Jodhpur,gfs,2026-09-24 09:00:00,33.2,0.0,13.4
Jodhpur,gfs,2026-09-24 10:00:00,35.1,0.0,12.3
Jodhpur,gfs,2026-09-24 11:00:00,36.4,0.0,11.2
Jodhpur,gfs,2026-09-24 12:00:00,37.7,0.0,11.4
Jodhpur,gfs,2026-09-24 13:00:00,38.8,0.0,11.7
Jodhpur,gfs,2026-09-24 14:00:00,39.5,0.0,10.9
Jodhpur,gfs,2026-09-24 15:00:00,40.0,0.0,10.4
Jodhpur,gfs,2026-09-24 16:00:00,40.1,0.0,9.6
Jodhpur,gfs,2026-09-24 17:00:00,39.6,0.0,10.9
Jodhpur,gfs,2026-09-24 18:00:00,36.7,0.0,13.9
Jodhpur,gfs,2026-09-24 19:00:00,35.3,0.0,12.9
Jodhpur,gfs,2026-09-24 20:00:00,34.4,0.0,9.8
Jodhpur,gfs,2026-09-24 21:00:00,33.4,0.0,8.3
Jodhpur,gfs,2026-09-24 22:00:00,32.6,0.0,8.7
Jodhpur,gfs,2026-09-24 23:00:00,31.7,0.0,10.6
Jodhpur,gfs,2026-09-25 00:00:00,30.7,0.0,5.6
Jodhpur,gfs,2026-09-25 01:00:00,30.1,0.0,5.4
Jodhpur,gfs,2026-09-25 02:00:00,29.5,0.0,3.6
Jodhpur,gfs,2026-09-25 03:00:00,29.4,0.0,6.5
Jodhpur,gfs,2026-09-25 04:00:00,28.6,0.0,2.5
Jodhpur,gfs,2026-09-25 05:00:00,28.2,0.0,5.8
Jodhpur,gfs,2026-09-25 06:00:00,27.9,0.0,10.0
Jodhpur,gfs,2026-09-25 07:00:00,28.1,0.0,12.1
Jodhpur,gfs,2026-09-25 08:00:00,30.2,0.0,13.1
Jodhpur,gfs,2026-09-25 09:00:00,32.3,0.0,11.2
Jodhpur,gfs,2026-09-25 10:00:00,34.3,0.0,11.2
Jodhpur,gfs,2026-09-25 11:00:00,36.1,0.0,11.7
Jodhpur,gfs,2026-09-25 12:00:00,37.5,0.0,10.8
Jodhpur,gfs,2026-09-25 13:00:00,38.4,0.0,9.3
Jodhpur,gfs,2026-09-25 14:00:00,39.1,0.0,7.4
Jodhpur,gfs,2026-09-25 15:00:00,39.4,0.0,7.9
Jodhpur,gfs,2026-09-25 16:00:00,39.4,0.0,9.3
Jodhpur,gfs,2026-09-25 17:00:00,38.9,0.0,9.4
Jodhpur,gfs,2026-09-25 18:00:00,36.2,0.0,8.9
Jodhpur,gfs,2026-09-25 19:00:00,35.1,0.0,11.5
Jodhpur,gfs,2026-09-25 20:00:00,33.9,0.0,10.4
Jodhpur,gfs,2026-09-25 21:00:00,32.8,0.0,4.8
Jodhpur,gfs,2026-09-25 22:00:00,32.4,0.0,9.0
Jodhpur,gfs,2026-09-25 23:00:00,30.8,0.0,11.3
Jodhpur,gfs,2026-09-26 00:00:00,29.4,0.0,16.4
Jodhpur,gfs,2026-09-26 01:00:00,29.1,0.0,19.6
Jodhpur,gfs,2026-09-26 02:00:00,28.4,0.0,19.8
Jodhpur,gfs,2026-09-26 03:00:00,27.6,0.0,18.0
Jodhpur,gfs,2026-09-26 04:00:00,26.8,0.0,15.6
Jodhpur,gfs,2026-09-26 05:00:00,26.4,0.0,14.4
Jodhpur,gfs,2026-09-26 06:00:00,26.1,0.0,10.8
Jodhpur,gfs,2026-09-26 07:00:00,26.8,0.0,12.8
Jodhpur,gfs,2026-09-26 08:00:00,28.3,0.0,16.9
Jodhpur,gfs,2026-09-26 09:00:00,30.1,0.0,18.3
Jodhpur,gfs,2026-09-26 10:00:00,31.9,0.0,19.4
Jodhpur,gfs,2026-09-26 11:00:00,33.6,0.0,19.7
Jodhpur,gfs,2026-09-26 12:00:00,35.1,0.0,20.8
Jodhpur,gfs,2026-09-26 13:00:00,36.2,0.0,24.3
Jodhpur,gfs,2026-09-26 14:00:00,37.0,0.0,26.3
Jodhpur,gfs,2026-09-26 15:00:00,37.4,0.0,26.1
Jodhpur,gfs,2026-09-26 16:00:00,37.5,0.0,25.1
Jodhpur,gfs,2026-09-26 17:00:00,37.0,0.0,23.3
Jodhpur,gfs,2026-09-26 18:00:00,34.8,0.0,18.8
Jodhpur,gfs,2026-09-26 19:00:00,33.0,0.0,26.1
Jodhpur,gfs,2026-09-26 20:00:00,30.9,0.0,29.8
Jodhpur,gfs,2026-09-26 21:00:00,29.9,0.0,28.7
Jodhpur,gfs,2026-09-26 22:00:00,29.3,0.0,26.2
Jodhpur,gfs,2026-09-26 23:00:00,28.8,0.0,21.9
Jodhpur,icon,2026-09-24 00:00:00,31.1,0.0,6.5
Jodhpur,icon,2026-09-24 01:00:00,30.4,0.0,5.8
Jodhpur,icon,2026-09-24 02:00:00,29.4,0.0,5.2
Jodhpur,icon,2026-09-24 03:00:00,28.6,0.0,4.9
Jodhpur,icon,2026-09-24 04:00:00,28.0,0.0,4.8
Jodhpur,icon,2026-09-24 05:00:00,28.0,0.0,3.4
Jodhpur,icon,2026-09-24 06:00:00,27.7,0.0,2.3
Jodhpur,icon,2026-09-24 07:00:00,28.0,0.0,2.7
Jodhpur,icon,2026-09-24 08:00:00,30.3,0.0,4.3
Jodhpur,icon,2026-09-24 09:00:00,32.9,0.0,9.2
Jodhpur,icon,2026-09-24 10:00:00,34.7,0.0,9.4
Jodhpur,icon,2026-09-24 11:00:00,36.9,0.0,9.3
Jodhpur,icon,2026-09-24 12:00:00,38.7,0.0,10.0
Jodhpur,icon,2026-09-24 13:00:00,40.1,0.0,9.8
Jodhpur,icon,2026-09-24 14:00:00,40.9,0.0,10.2
Jodhpur,icon,2026-09-24 15:00:00,41.3,0.0,10.5
Jodhpur,icon,2026-09-24 16:00:00,41.0,0.0,10.4
Jodhpur,icon,2026-09-24 17:00:00,40.4,0.0,10.2
Jodhpur,icon,2026-09-24 18:00:00,38.6,0.0,6.3
Jodhpur,icon,2026-09-24 19:00:00,36.2,0.0,5.4
Jodhpur,icon,2026-09-24 20:00:00,34.1,0.0,8.2
Jodhpur,icon,2026-09-24 21:00:00,33.9,0.0,4.6
Jodhpur,icon,2026-09-24 22:00:00,33.0,0.0,6.8
Jodhpur,icon,2026-09-24 23:00:00,32.1,0.0,3.1
Jodhpur,icon,2026-09-25 00:00:00,32.0,0.0,2.2
Jodhpur,icon,2026-09-25 01:00:00,29.8,0.0,4.8
Jodhpur,icon,2026-09-25 02:00:00,29.1,0.0,4.0
Jodhpur,icon,2026-09-25 03:00:00,28.5,0.0,3.2
Jodhpur,icon,2026-09-25 04:00:00,28.3,0.0,2.3
Jodhpur,icon,2026-09-25 05:00:00,27.3,0.0,4.8
Jodhpur,icon,2026-09-25 06:00:00,27.1,0.0,6.5
Jodhpur,icon,2026-09-25 07:00:00,27.3,0.0,5.8
Jodhpur,icon,2026-09-25 08:00:00,28.5,0.0,5.6
Jodhpur,icon,2026-09-25 09:00:00,30.8,0.0,6.4
Jodhpur,icon,2026-09-25 10:00:00,33.1,0.0,6.0
Jodhpur,icon,2026-09-25 11:00:00,35.3,0.0,5.4
Jodhpur,icon,2026-09-25 12:00:00,37.0,0.0,4.1
Jodhpur,icon,2026-09-25 13:00:00,38.3,0.0,2.0
Jodhpur,icon,2026-09-25 14:00:00,39.1,0.0,3.6
Jodhpur,icon,2026-09-25 15:00:00,39.5,0.0,7.6
Jodhpur,icon,2026-09-25 16:00:00,39.3,0.0,8.3
Jodhpur,icon,2026-09-25 17:00:00,38.8,0.0,7.4
Jodhpur,icon,2026-09-25 18:00:00,37.3,0.0,7.1
Jodhpur,icon,2026-09-25 19:00:00,35.4,0.0,9.9
Jodhpur,icon,2026-09-25 20:00:00,34.3,0.0,9.5
Jodhpur,icon,2026-09-25 21:00:00,33.0,0.0,9.3
Jodhpur,icon,2026-09-25 22:00:00,31.6,0.0,9.7
Jodhpur,icon,2026-09-25 23:00:00,30.4,0.0,12.0
Jodhpur,icon,2026-09-26 00:00:00,29.6,0.0,12.2
Jodhpur,icon,2026-09-26 01:00:00,28.9,0.0,11.8
Jodhpur,icon,2026-09-26 02:00:00,28.1,0.0,12.1
Jodhpur,icon,2026-09-26 03:00:00,27.4,0.0,12.1
Jodhpur,icon,2026-09-26 04:00:00,26.7,0.0,11.2
Jodhpur,icon,2026-09-26 05:00:00,26.1,0.0,10.3
Jodhpur,icon,2026-09-26 06:00:00,25.6,0.0,9.5
Jodhpur,icon,2026-09-26 07:00:00,25.6,0.0,10.8
Jodhpur,icon,2026-09-26 08:00:00,26.8,0.0,10.7
Jodhpur,icon,2026-09-26 09:00:00,29.0,0.0,11.0
Jodhpur,icon,2026-09-26 10:00:00,31.0,0.0,10.3
Jodhpur,icon,2026-09-26 11:00:00,32.7,0.0,9.1
Jodhpur,icon,2026-09-26 12:00:00,34.2,0.0,8.1
Jodhpur,icon,2026-09-26 13:00:00,35.5,0.0,8.5
Jodhpur,icon,2026-09-26 14:00:00,36.3,0.0,8.2
Jodhpur,icon,2026-09-26 15:00:00,36.8,0.0,7.9
Jodhpur,icon,2026-09-26 16:00:00,36.9,0.0,8.0
Jodhpur,icon,2026-09-26 17:00:00,36.5,0.0,7.2
Jodhpur,icon,2026-09-26 18:00:00,35.4,0.0,8.7
Jodhpur,icon,2026-09-26 19:00:00,33.8,0.0,12.5
Jodhpur,icon,2026-09-26 20:00:00,32.9,0.0,5.5
Jodhpur,icon,2026-09-26 21:00:00,31.4,0.0,11.8
Jodhpur,icon,2026-09-26 22:00:00,30.1,0.0,9.4
Jodhpur,icon,2026-09-26 23:00:00,29.5,0.0,10.8
Kanpur,ecmwf,2026-09-24 00:00:00,23.2,0.1,9.0
Kanpur,ecmwf,2026-09-24 01:00:00,23.2,0.1,10.2
Kanpur,ecmwf,2026-09-24 02:00:00,23.4,0.1,12.2
Kanpur,ecmwf,2026-09-24 03:00:00,24.0,0.0,13.4
Kanpur,ecmwf,2026-09-24 04:00:00,24.8,0.0,14.0
Kanpur,ecmwf,2026-09-24 05:00:00,25.6,0.0,14.6
Kanpur,ecmwf,2026-09-24 06:00:00,26.2,0.0,14.4
Kanpur,ecmwf,2026-09-24 07:00:00,26.8,0.0,13.8
Kanpur,ecmwf,2026-09-24 08:00:00,27.5,0.0,13.8
Kanpur,ecmwf,2026-09-24 09:00:00,28.3,0.0,14.9
Kanpur,ecmwf,2026-09-24 10:00:00,29.1,0.0,16.0
Kanpur,ecmwf,2026-09-24 11:00:00,29.6,0.0,17.2
Kanpur,ecmwf,2026-09-24 12:00:00,29.5,0.0,17.7
Kanpur,ecmwf,2026-09-24 13:00:00,29.1,0.0,17.9
Kanpur,ecmwf,2026-09-24 14:00:00,28.6,0.0,17.8
Kanpur,ecmwf,2026-09-24 15:00:00,28.0,0.1,17.0
Kanpur,ecmwf,2026-09-24 16:00:00,27.2,0.1,16.2
Kanpur,ecmwf,2026-09-24 17:00:00,26.5,0.1,15.0
Kanpur,ecmwf,2026-09-24 18:00:00,26.0,0.0,14.5
Kanpur,ecmwf,2026-09-24 19:00:00,25.6,0.0,13.9
Kanpur,ecmwf,2026-09-24 20:00:00,25.3,0.0,13.5
Kanpur,ecmwf,2026-09-24 21:00:00,25.1,0.0,12.6
Kanpur,ecmwf,2026-09-24 22:00:00,24.9,0.0,12.1
Kanpur,ecmwf,2026-09-24 23:00:00,24.7,0.0,12.2
Kanpur,ecmwf,2026-09-25 00:00:00,24.4,0.2,14.3
Kanpur,ecmwf,2026-09-25 01:00:00,24.1,0.2,16.8
Kanpur,ecmwf,2026-09-25 02:00:00,23.8,0.2,18.3
Kanpur,ecmwf,2026-09-25 03:00:00,23.6,2.3,17.6
Kanpur,ecmwf,2026-09-25 04:00:00,23.3,2.3,16.1
Kanpur,ecmwf,2026-09-25 05:00:00,23.2,2.3,14.8
Kanpur,ecmwf,2026-09-25 06:00:00,23.1,4.8,15.0
Kanpur,ecmwf,2026-09-25 07:00:00,23.2,4.8,16.0
Kanpur,ecmwf,2026-09-25 08:00:00,23.3,4.8,17.3
Kanpur,ecmwf,2026-09-25 09:00:00,23.5,2.6,18.3
Kanpur,ecmwf,2026-09-25 10:00:00,23.7,2.6,19.3
Kanpur,ecmwf,2026-09-25 11:00:00,23.9,2.6,19.9
Kanpur,ecmwf,2026-09-25 12:00:00,24.0,5.3,20.5
Kanpur,ecmwf,2026-09-25 13:00:00,24.1,5.3,21.1
Kanpur,ecmwf,2026-09-25 14:00:00,24.1,5.3,20.6
Kanpur,ecmwf,2026-09-25 15:00:00,23.8,6.1,17.5
Kanpur,ecmwf,2026-09-25 16:00:00,23.4,6.1,13.8
Kanpur,ecmwf,2026-09-25 17:00:00,23.2,6.1,12.2
Kanpur,ecmwf,2026-09-25 18:00:00,23.4,4.1,14.5
Kanpur,ecmwf,2026-09-25 19:00:00,23.7,4.1,20.7
Kanpur,ecmwf,2026-09-25 20:00:00,23.8,4.1,25.0
Kanpur,ecmwf,2026-09-25 21:00:00,23.1,3.3,24.3
Kanpur,ecmwf,2026-09-25 22:00:00,22.2,3.3,21.3
Kanpur,ecmwf,2026-09-25 23:00:00,21.8,3.3,19.4
Kanpur,ecmwf,2026-09-26 00:00:00,22.3,5.3,18.4
Kanpur,ecmwf,2026-09-26 01:00:00,23.3,5.3,17.1
Kanpur,ecmwf,2026-09-26 02:00:00,24.0,5.3,16.3
Kanpur,ecmwf,2026-09-26 03:00:00,24.2,17.4,18.4
Kanpur,ecmwf,2026-09-26 04:00:00,24.2,17.4,24.4
Kanpur,ecmwf,2026-09-26 05:00:00,24.3,17.4,29.5
Kanpur,ecmwf,2026-09-26 06:00:00,24.5,3.9,28.9
Kanpur,ecmwf,2026-09-26 07:00:00,24.8,3.9,24.9
Kanpur,ecmwf,2026-09-26 08:00:00,25.0,3.9,21.7
Kanpur,ecmwf,2026-09-26 09:00:00,25.1,2.6,21.5
Kanpur,ecmwf,2026-09-26 10:00:00,25.2,2.6,21.1
Kanpur,ecmwf,2026-09-26 11:00:00,25.1,2.6,18.5
Kanpur,ecmwf,2026-09-26 12:00:00,24.7,4.5,10.4
Kanpur,ecmwf,2026-09-26 13:00:00,24.1,4.5,2.5
Kanpur,ecmwf,2026-09-26 14:00:00,23.6,4.5,9.8
Kanpur,ecmwf,2026-09-26 15:00:00,23.1,3.7,15.8
Kanpur,ecmwf,2026-09-26 16:00:00,22.6,3.7,19.9
Kanpur,ecmwf,2026-09-26 17:00:00,22.3,3.7,22.1
Kanpur,ecmwf,2026-09-26 18:00:00,22.5,0.2,20.9
Kanpur,ecmwf,2026-09-26 19:00:00,22.9,0.2,18.6
Kanpur,ecmwf,2026-09-26 20:00:00,23.2,0.2,16.5
Kanpur,ecmwf,2026-09-26 21:00:00,23.2,0.0,14.6
Kanpur,ecmwf,2026-09-26 22:00:00,23.1,0.0,12.2
Kanpur,ecmwf,2026-09-26 23:00:00,23.0,0.0,10.6
Kanpur,gem,2026-09-24 00:00:00,26.8,0.0,15.1
Kanpur,gem,2026-09-24 01:00:00,26.2,0.0,12.2
Kanpur,gem,2026-09-24 02:00:00,26.2,0.0,11.5
Kanpur,gem,2026-09-24 03:00:00,26.0,0.0,14.0
Kanpur,gem,2026-09-24 04:00:00,25.1,0.3,19.4
Kanpur,gem,2026-09-24 05:00:00,24.0,0.4,15.8
Kanpur,gem,2026-09-24 06:00:00,23.6,0.0,16.9
Kanpur,gem,2026-09-24 07:00:00,24.6,0.0,20.9
Kanpur,gem,2026-09-24 08:00:00,25.6,0.0,23.8
Kanpur,gem,2026-09-24 09:00:00,26.2,0.0,24.5
Kanpur,gem,2026-09-24 10:00:00,27.2,0.0,24.5
Kanpur,gem,2026-09-24 11:00:00,27.3,0.0,23.8
Kanpur,gem,2026-09-24 12:00:00,26.6,0.1,20.5
Kanpur,gem,2026-09-24 13:00:00,26.8,0.2,20.9
Kanpur,gem,2026-09-24 14:00:00,28.0,0.0,19.4
Kanpur,gem,2026-09-24 15:00:00,28.2,0.0,21.2
Kanpur,gem,2026-09-24 16:00:00,27.4,0.0,21.2
Kanpur,gem,2026-09-24 17:00:00,25.4,1.2,21.2
Kanpur,gem,2026-09-24 18:00:00,24.6,0.8,19.8
Kanpur,gem,2026-09-24 19:00:00,24.1,0.0,20.2
Kanpur,gem,2026-09-24 20:00:00,23.5,0.0,18.4
Kanpur,gem,2026-09-24 21:00:00,23.2,0.0,17.3
Kanpur,gem,2026-09-24 22:00:00,23.1,0.0,18.0
Kanpur,gem,2026-09-24 23:00:00,23.1,0.0,17.3
Kanpur,gem,2026-09-25 00:00:00,23.1,0.0,16.6
Kanpur,gem,2026-09-25 01:00:00,23.1,0.0,19.8
Kanpur,gem,2026-09-25 02:00:00,22.8,0.5,21.6
Kanpur,gem,2026-09-25 03:00:00,22.6,1.9,24.5
Kanpur,gem,2026-09-25 04:00:00,22.5,1.6,25.2
Kanpur,gem,2026-09-25 05:00:00,22.3,1.8,23.0
Kanpur,gem,2026-09-25 06:00:00,22.3,2.8,22.7
Kanpur,gem,2026-09-25 07:00:00,22.3,3.1,25.2
Kanpur,gem,2026-09-25 08:00:00,22.1,3.1,25.2
Kanpur,gem,2026-09-25 09:00:00,22.3,1.7,24.5
Kanpur,gem,2026-09-25 10:00:00,22.5,0.5,23.8
Kanpur,gem,2026-09-25 11:00:00,22.5,2.1,25.9
Kanpur,gem,2026-09-25 12:00:00,22.4,7.2,26.6
Kanpur,gem,2026-09-25 13:00:00,22.5,6.7,27.7
Kanpur,gem,2026-09-25 14:00:00,22.5,5.7,25.9
Kanpur,gem,2026-09-25 15:00:00,22.5,3.4,24.5
Kanpur,gem,2026-09-25 16:00:00,22.4,3.7,24.8
Kanpur,gem,2026-09-25 17:00:00,22.5,4.8,25.6
Kanpur,gem,2026-09-25 18:00:00,22.5,3.7,27.7
Kanpur,gem,2026-09-25 19:00:00,22.4,1.9,25.2
Kanpur,gem,2026-09-25 20:00:00,22.2,1.2,23.4
Kanpur,gem,2026-09-25 21:00:00,22.2,0.7,26.6
Kanpur,gem,2026-09-25 22:00:00,22.2,0.3,31.3
Kanpur,gem,2026-09-25 23:00:00,22.0,0.6,30.6
Kanpur,gem,2026-09-26 00:00:00,21.8,2.9,32.8
Kanpur,gem,2026-09-26 01:00:00,21.9,6.6,33.8
Kanpur,gem,2026-09-26 02:00:00,21.9,10.0,32.4
Kanpur,gem,2026-09-26 03:00:00,21.9,9.5,31.3
Kanpur,gem,2026-09-26 04:00:00,22.0,7.1,31.7
Kanpur,gem,2026-09-26 05:00:00,21.9,3.2,34.6
Kanpur,gem,2026-09-26 06:00:00,21.7,5.5,33.5
Kanpur,gem,2026-09-26 07:00:00,21.6,7.6,30.2
Kanpur,gem,2026-09-26 08:00:00,21.6,8.9,30.6
Kanpur,gem,2026-09-26 09:00:00,21.5,9.4,29.2
Kanpur,gem,2026-09-26 10:00:00,21.5,6.7,29.9
Kanpur,gem,2026-09-26 11:00:00,21.5,4.1,30.6
Kanpur,gem,2026-09-26 12:00:00,22.0,2.0,30.2
Kanpur,gem,2026-09-26 13:00:00,21.9,2.1,29.9
Kanpur,gem,2026-09-26 14:00:00,21.7,1.4,29.9
Kanpur,gem,2026-09-26 15:00:00,21.7,1.0,29.9
Kanpur,gem,2026-09-26 16:00:00,21.7,0.9,29.2
Kanpur,gem,2026-09-26 17:00:00,21.8,1.1,27.4
Kanpur,gem,2026-09-26 18:00:00,22.0,1.2,23.8
Kanpur,gem,2026-09-26 19:00:00,22.2,1.0,21.6
Kanpur,gem,2026-09-26 20:00:00,22.3,0.7,20.9
Kanpur,gem,2026-09-26 21:00:00,22.2,0.3,18.7
Kanpur,gem,2026-09-26 22:00:00,22.2,0.2,15.8
Kanpur,gem,2026-09-26 23:00:00,22.2,0.3,14.8
Kanpur,gfs,2026-09-24 00:00:00,27.2,0.0,13.3
Kanpur,gfs,2026-09-24 01:00:00,26.7,0.0,15.1
Kanpur,gfs,2026-09-24 02:00:00,26.2,0.0,13.5
Kanpur,gfs,2026-09-24 03:00:00,25.9,0.0,11.5
Kanpur,gfs,2026-09-24 04:00:00,25.6,0.0,11.2
Kanpur,gfs,2026-09-24 05:00:00,25.4,0.0,10.7
Kanpur,gfs,2026-09-24 06:00:00,25.3,0.0,12.4
Kanpur,gfs,2026-09-24 07:00:00,26.1,0.0,20.0
Kanpur,gfs,2026-09-24 08:00:00,27.2,0.0,25.2
Kanpur,gfs,2026-09-24 09:00:00,28.5,0.0,24.9
Kanpur,gfs,2026-09-24 10:00:00,29.5,0.0,24.8
Kanpur,gfs,2026-09-24 11:00:00,30.0,0.1,24.2
Kanpur,gfs,2026-09-24 12:00:00,29.7,1.4,24.5
Kanpur,gfs,2026-09-24 13:00:00,29.9,0.6,22.5
Kanpur,gfs,2026-09-24 14:00:00,29.3,1.4,24.3
Kanpur,gfs,2026-09-24 15:00:00,27.8,2.4,28.9
Kanpur,gfs,2026-09-24 16:00:00,26.9,1.1,26.3
Kanpur,gfs,2026-09-24 17:00:00,25.4,0.3,25.1
Kanpur,gfs,2026-09-24 18:00:00,24.1,0.0,24.9
Kanpur,gfs,2026-09-24 19:00:00,23.5,0.2,24.2
Kanpur,gfs,2026-09-24 20:00:00,23.3,2.6,21.1
Kanpur,gfs,2026-09-24 21:00:00,23.5,1.3,25.6
Kanpur,gfs,2026-09-24 22:00:00,23.4,0.4,24.6
Kanpur,gfs,2026-09-24 23:00:00,22.9,1.4,21.1
Kanpur,gfs,2026-09-25 00:00:00,22.8,1.1,22.2
Kanpur,gfs,2026-09-25 01:00:00,22.9,0.8,20.8
Kanpur,gfs,2026-09-25 02:00:00,22.9,0.7,20.3
Kanpur,gfs,2026-09-25 03:00:00,22.8,1.1,21.3
Kanpur,gfs,2026-09-25 04:00:00,22.9,0.2,22.9
Kanpur,gfs,2026-09-25 05:00:00,22.8,0.1,22.3
Kanpur,gfs,2026-09-25 06:00:00,22.9,0.1,22.2
Kanpur,gfs,2026-09-25 07:00:00,22.8,0.0,22.9
Kanpur,gfs,2026-09-25 08:00:00,23.1,0.2,23.0
Kanpur,gfs,2026-09-25 09:00:00,22.9,1.2,24.8
Kanpur,gfs,2026-09-25 10:00:00,22.5,2.1,23.5
Kanpur,gfs,2026-09-25 11:00:00,22.1,1.9,23.2
Kanpur,gfs,2026-09-25 12:00:00,21.9,2.4,21.9
Kanpur,gfs,2026-09-25 13:00:00,21.8,5.0,23.8
Kanpur,gfs,2026-09-25 14:00:00,21.5,5.7,23.0
Kanpur,gfs,2026-09-25 15:00:00,21.6,5.4,23.2
Kanpur,gfs,2026-09-25 16:00:00,21.6,4.2,27.9
Kanpur,gfs,2026-09-25 17:00:00,21.7,4.6,32.4
Kanpur,gfs,2026-09-25 18:00:00,21.1,6.9,33.9
Kanpur,gfs,2026-09-25 19:00:00,21.1,4.7,32.0
Kanpur,gfs,2026-09-25 20:00:00,21.1,3.9,29.1
Kanpur,gfs,2026-09-25 21:00:00,20.9,10.7,28.1
Kanpur,gfs,2026-09-25 22:00:00,20.9,7.1,26.9
Kanpur,gfs,2026-09-25 23:00:00,20.9,16.9,33.7
Kanpur,gfs,2026-09-26 00:00:00,20.6,5.7,34.3
Kanpur,gfs,2026-09-26 01:00:00,20.7,15.6,31.4
Kanpur,gfs,2026-09-26 02:00:00,20.8,5.0,32.4
Kanpur,gfs,2026-09-26 03:00:00,20.7,5.0,35.5
Kanpur,gfs,2026-09-26 04:00:00,20.8,10.0,33.8
Kanpur,gfs,2026-09-26 05:00:00,21.0,12.5,32.6
Kanpur,gfs,2026-09-26 06:00:00,20.6,17.5,38.9
Kanpur,gfs,2026-09-26 07:00:00,20.2,7.3,35.5
Kanpur,gfs,2026-09-26 08:00:00,20.4,3.3,33.7
Kanpur,gfs,2026-09-26 09:00:00,20.6,3.3,34.3
Kanpur,gfs,2026-09-26 10:00:00,20.5,3.3,34.7
Kanpur,gfs,2026-09-26 11:00:00,20.2,4.7,32.8
Kanpur,gfs,2026-09-26 12:00:00,20.1,5.0,29.5
Kanpur,gfs,2026-09-26 13:00:00,20.2,5.7,28.0
Kanpur,gfs,2026-09-26 14:00:00,20.1,4.8,28.8
Kanpur,gfs,2026-09-26 15:00:00,20.3,6.1,26.5
Kanpur,gfs,2026-09-26 16:00:00,21.1,2.7,22.3
Kanpur,gfs,2026-09-26 17:00:00,21.9,1.6,18.9
Kanpur,gfs,2026-09-26 18:00:00,22.1,5.9,19.8
Kanpur,gfs,2026-09-26 19:00:00,22.3,6.2,20.2
Kanpur,gfs,2026-09-26 20:00:00,22.3,2.9,19.9
Kanpur,gfs,2026-09-26 21:00:00,22.4,1.8,15.1
Kanpur,gfs,2026-09-26 22:00:00,22.9,0.3,14.1
Kanpur,gfs,2026-09-26 23:00:00,23.0,0.4,16.2
Kanpur,icon,2026-09-24 00:00:00,26.9,0.4,8.0
Kanpur,icon,2026-09-24 01:00:00,26.7,0.1,7.2
Kanpur,icon,2026-09-24 02:00:00,26.3,0.0,6.3
Kanpur,icon,2026-09-24 03:00:00,26.0,0.0,7.8
Kanpur,icon,2026-09-24 04:00:00,25.7,1.7,10.4
Kanpur,icon,2026-09-24 05:00:00,25.7,0.0,10.8
Kanpur,icon,2026-09-24 06:00:00,25.6,0.0,10.2
Kanpur,icon,2026-09-24 07:00:00,25.9,0.0,10.9
Kanpur,icon,2026-09-24 08:00:00,26.9,0.0,13.2
Kanpur,icon,2026-09-24 09:00:00,28.0,0.0,16.5
Kanpur,icon,2026-09-24 10:00:00,29.1,0.0,17.8
Kanpur,icon,2026-09-24 11:00:00,29.8,0.2,12.8
Kanpur,icon,2026-09-24 12:00:00,30.1,0.1,12.8
Kanpur,icon,2026-09-24 13:00:00,28.8,2.1,13.3
Kanpur,icon,2026-09-24 14:00:00,29.3,0.4,10.7
Kanpur,icon,2026-09-24 15:00:00,29.1,0.4,11.7
Kanpur,icon,2026-09-24 16:00:00,28.2,0.3,10.9
Kanpur,icon,2026-09-24 17:00:00,27.8,0.1,9.8
Kanpur,icon,2026-09-24 18:00:00,27.1,0.0,10.7
Kanpur,icon,2026-09-24 19:00:00,26.5,0.0,8.8
Kanpur,icon,2026-09-24 20:00:00,26.1,0.0,9.8
Kanpur,icon,2026-09-24 21:00:00,25.7,0.0,9.8
Kanpur,icon,2026-09-24 22:00:00,25.4,0.0,9.8
Kanpur,icon,2026-09-24 23:00:00,25.1,0.0,10.1
Kanpur,icon,2026-09-25 00:00:00,24.9,0.0,10.3
Kanpur,icon,2026-09-25 01:00:00,24.7,0.0,9.3
Kanpur,icon,2026-09-25 02:00:00,24.6,0.0,10.0
Kanpur,icon,2026-09-25 03:00:00,24.4,0.0,11.5
Kanpur,icon,2026-09-25 04:00:00,24.3,0.0,12.6
Kanpur,icon,2026-09-25 05:00:00,24.2,0.0,11.8
Kanpur,icon,2026-09-25 06:00:00,23.7,0.7,13.2
Kanpur,icon,2026-09-25 07:00:00,23.1,2.8,11.3
Kanpur,icon,2026-09-25 08:00:00,23.0,2.5,11.5
Kanpur,icon,2026-09-25 09:00:00,23.1,2.1,10.9
Kanpur,icon,2026-09-25 10:00:00,23.3,1.5,11.0
Kanpur,icon,2026-09-25 11:00:00,23.4,0.9,11.6
Kanpur,icon,2026-09-25 12:00:00,23.2,3.6,10.9
Kanpur,icon,2026-09-25 13:00:00,23.3,6.3,9.0
Kanpur,icon,2026-09-25 14:00:00,23.5,7.7,12.2
Kanpur,icon,2026-09-25 15:00:00,23.0,10.7,13.0
Kanpur,icon,2026-09-25 16:00:00,22.8,7.5,12.7
Kanpur,icon,2026-09-25 17:00:00,22.8,7.1,14.3
Kanpur,icon,2026-09-25 18:00:00,22.4,8.4,17.1
Kanpur,icon,2026-09-25 19:00:00,22.3,7.8,17.6
Kanpur,icon,2026-09-25 20:00:00,22.2,5.3,17.2
Kanpur,icon,2026-09-25 21:00:00,22.0,3.3,16.5
Kanpur,icon,2026-09-25 22:00:00,21.7,3.6,15.7
Kanpur,icon,2026-09-25 23:00:00,21.3,8.3,14.7
Kanpur,icon,2026-09-26 00:00:00,21.5,5.8,13.0
Kanpur,icon,2026-09-26 01:00:00,21.9,0.5,13.0
Kanpur,icon,2026-09-26 02:00:00,22.6,0.0,13.0
Kanpur,icon,2026-09-26 03:00:00,22.3,2.3,13.7
Kanpur,icon,2026-09-26 04:00:00,22.0,10.9,14.3
Kanpur,icon,2026-09-26 05:00:00,22.2,4.2,14.3
Kanpur,icon,2026-09-26 06:00:00,22.4,3.6,14.8
Kanpur,icon,2026-09-26 07:00:00,22.5,8.7,15.5
Kanpur,icon,2026-09-26 08:00:00,22.7,8.0,14.5
Kanpur,icon,2026-09-26 09:00:00,22.9,7.3,11.7
Kanpur,icon,2026-09-26 10:00:00,23.2,7.3,12.2
Kanpur,icon,2026-09-26 11:00:00,23.7,7.8,11.6
Kanpur,icon,2026-09-26 12:00:00,23.9,7.6,10.3
Kanpur,icon,2026-09-26 13:00:00,24.1,8.3,10.9
Kanpur,icon,2026-09-26 14:00:00,24.2,5.3,9.2
Kanpur,icon,2026-09-26 15:00:00,24.7,3.7,8.8
Kanpur,icon,2026-09-26 16:00:00,24.6,4.7,8.7
Kanpur,icon,2026-09-26 17:00:00,24.9,2.8,9.3
Kanpur,icon,2026-09-26 18:00:00,24.9,1.2,9.2
Kanpur,icon,2026-09-26 19:00:00,24.8,1.5,8.4
Kanpur,icon,2026-09-26 20:00:00,24.7,1.7,7.3
Kanpur,icon,2026-09-26 21:00:00,24.6,0.7,5.1
Kanpur,icon,2026-09-26 22:00:00,24.3,1.0,6.9
Kanpur,icon,2026-09-26 23:00:00,23.1,0.5,11.0
Kochi,ecmwf,2026-09-24 00:00:00,27.1,0.2,8.8
Kochi,ecmwf,2026-09-24 01:00:00,27.0,0.2,9.8
Kochi,ecmwf,2026-09-24 02:00:00,27.0,0.2,10.5
Kochi,ecmwf,2026-09-24 03:00:00,27.2,0.1,11.5
Kochi,ecmwf,2026-09-24 04:00:00,27.5,0.1,13.3
Kochi,ecmwf,2026-09-24 05:00:00,27.8,0.1,14.3
Kochi,ecmwf,2026-09-24 06:00:00,28.1,0.0,13.5
Kochi,ecmwf,2026-09-24 07:00:00,28.3,0.0,12.0
Kochi,ecmwf,2026-09-24 08:00:00,28.6,0.0,11.0
Kochi,ecmwf,2026-09-24 09:00:00,28.8,0.0,11.8
Kochi,ecmwf,2026-09-24 10:00:00,29.0,0.0,13.6
Kochi,ecmwf,2026-09-24 11:00:00,29.1,0.0,15.4
Kochi,ecmwf,2026-09-24 12:00:00,29.2,0.0,16.0
Kochi,ecmwf,2026-09-24 13:00:00,29.2,0.0,15.9
Kochi,ecmwf,2026-09-24 14:00:00,29.2,0.0,16.2
Kochi,ecmwf,2026-09-24 15:00:00,29.1,0.0,16.8
Kochi,ecmwf,2026-09-24 16:00:00,29.0,0.0,17.8
Kochi,ecmwf,2026-09-24 17:00:00,28.8,0.0,18.1
Kochi,ecmwf,2026-09-24 18:00:00,28.7,0.0,17.7
Kochi,ecmwf,2026-09-24 19:00:00,28.7,0.0,17.3
Kochi,ecmwf,2026-09-24 20:00:00,28.4,0.0,16.9
Kochi,ecmwf,2026-09-24 21:00:00,27.9,0.4,17.6
Kochi,ecmwf,2026-09-24 22:00:00,27.1,0.4,18.7
Kochi,ecmwf,2026-09-24 23:00:00,26.6,0.4,18.8
Kochi,ecmwf,2026-09-25 00:00:00,26.6,0.4,17.6
Kochi,ecmwf,2026-09-25 01:00:00,26.7,0.4,16.3
Kochi,ecmwf,2026-09-25 02:00:00,26.6,0.4,14.0
Kochi,ecmwf,2026-09-25 03:00:00,25.9,0.1,9.3
Kochi,ecmwf,2026-09-25 04:00:00,24.9,0.1,6.0
Kochi,ecmwf,2026-09-25 05:00:00,24.4,0.1,8.2
Kochi,ecmwf,2026-09-25 06:00:00,24.6,0.0,10.4
Kochi,ecmwf,2026-09-25 07:00:00,25.2,0.0,11.2
Kochi,ecmwf,2026-09-25 08:00:00,25.9,0.0,10.1
Kochi,ecmwf,2026-09-25 09:00:00,26.7,0.1,6.2
Kochi,ecmwf,2026-09-25 10:00:00,27.7,0.1,1.4
Kochi,ecmwf,2026-09-25 11:00:00,28.3,0.1,5.8
Kochi,ecmwf,2026-09-25 12:00:00,28.3,0.0,9.7
Kochi,ecmwf,2026-09-25 13:00:00,28.0,0.0,12.9
Kochi,ecmwf,2026-09-25 14:00:00,27.7,0.0,14.6
Kochi,ecmwf,2026-09-25 15:00:00,27.6,0.0,14.1
Kochi,ecmwf,2026-09-25 16:00:00,27.4,0.0,12.2
Kochi,ecmwf,2026-09-25 17:00:00,27.3,0.0,10.4
Kochi,ecmwf,2026-09-25 18:00:00,27.1,0.0,8.7
Kochi,ecmwf,2026-09-25 19:00:00,27.0,0.0,7.3
Kochi,ecmwf,2026-09-25 20:00:00,26.9,0.0,6.0
Kochi,ecmwf,2026-09-25 21:00:00,26.8,0.0,5.4
Kochi,ecmwf,2026-09-25 22:00:00,26.7,0.0,5.2
Kochi,ecmwf,2026-09-25 23:00:00,26.6,0.0,4.9
Kochi,ecmwf,2026-09-26 00:00:00,26.3,0.2,4.4
Kochi,ecmwf,2026-09-26 01:00:00,26.0,0.2,4.7
Kochi,ecmwf,2026-09-26 02:00:00,25.7,0.2,4.5
Kochi,ecmwf,2026-09-26 03:00:00,25.4,0.1,3.5
Kochi,ecmwf,2026-09-26 04:00:00,25.2,0.1,5.5
Kochi,ecmwf,2026-09-26 05:00:00,25.2,0.1,7.7
Kochi,ecmwf,2026-09-26 06:00:00,25.5,0.0,8.1
Kochi,ecmwf,2026-09-26 07:00:00,26.0,0.0,7.4
Kochi,ecmwf,2026-09-26 08:00:00,26.6,0.0,5.9
Kochi,ecmwf,2026-09-26 09:00:00,27.1,0.0,4.3
Kochi,ecmwf,2026-09-26 10:00:00,27.6,0.0,8.0
Kochi,ecmwf,2026-09-26 11:00:00,28.0,0.0,12.4
Kochi,ecmwf,2026-09-26 12:00:00,28.0,0.0,14.7
Kochi,ecmwf,2026-09-26 13:00:00,27.9,0.0,15.9
Kochi,ecmwf,2026-09-26 14:00:00,27.8,0.0,16.6
Kochi,ecmwf,2026-09-26 15:00:00,27.8,0.0,16.6
Kochi,ecmwf,2026-09-26 16:00:00,27.8,0.0,16.2
Kochi,ecmwf,2026-09-26 17:00:00,27.7,0.0,14.7
Kochi,ecmwf,2026-09-26 18:00:00,27.6,0.0,11.8
Kochi,ecmwf,2026-09-26 19:00:00,27.4,0.0,7.9
Kochi,ecmwf,2026-09-26 20:00:00,27.2,0.0,5.5
Kochi,ecmwf,2026-09-26 21:00:00,27.0,0.1,4.8
Kochi,ecmwf,2026-09-26 22:00:00,26.7,0.1,4.7
Kochi,ecmwf,2026-09-26 23:00:00,26.5,0.1,4.7
Kochi,gem,2026-09-24 00:00:00,26.0,1.5,10.4
Kochi,gem,2026-09-24 01:00:00,26.0,0.7,8.3
Kochi,gem,2026-09-24 02:00:00,25.9,0.2,9.4
Kochi,gem,2026-09-24 03:00:00,26.1,0.2,9.7
Kochi,gem,2026-09-24 04:00:00,25.9,0.3,11.5
Kochi,gem,2026-09-24 05:00:00,25.1,1.1,5.0
Kochi,gem,2026-09-24 06:00:00,26.2,0.0,6.1
Kochi,gem,2026-09-24 07:00:00,26.5,0.0,5.0
Kochi,gem,2026-09-24 08:00:00,27.7,0.0,6.1
Kochi,gem,2026-09-24 09:00:00,29.0,0.0,13.7
Kochi,gem,2026-09-24 10:00:00,28.8,0.1,13.7
Kochi,gem,2026-09-24 11:00:00,29.9,0.0,16.2
Kochi,gem,2026-09-24 12:00:00,30.2,0.1,18.0
Kochi,gem,2026-09-24 13:00:00,30.5,0.0,18.4
Kochi,gem,2026-09-24 14:00:00,30.5,0.0,18.7
Kochi,gem,2026-09-24 15:00:00,30.2,0.0,17.6
Kochi,gem,2026-09-24 16:00:00,29.6,0.0,16.2
Kochi,gem,2026-09-24 17:00:00,29.0,0.0,14.4
Kochi,gem,2026-09-24 18:00:00,28.3,0.0,11.9
Kochi,gem,2026-09-24 19:00:00,27.8,0.0,10.4
Kochi,gem,2026-09-24 20:00:00,27.5,0.0,9.7
Kochi,gem,2026-09-24 21:00:00,27.5,0.0,11.5
Kochi,gem,2026-09-24 22:00:00,27.6,0.0,14.0
Kochi,gem,2026-09-24 23:00:00,27.7,0.0,11.9
Kochi,gem,2026-09-25 00:00:00,27.4,0.0,9.4
Kochi,gem,2026-09-25 01:00:00,27.0,0.1,9.7
Kochi,gem,2026-09-25 02:00:00,26.9,0.4,10.4
Kochi,gem,2026-09-25 03:00:00,26.8,0.0,7.6
Kochi,gem,2026-09-25 04:00:00,26.7,0.1,6.1
Kochi,gem,2026-09-25 05:00:00,26.2,0.0,4.7
Kochi,gem,2026-09-25 06:00:00,25.8,0.0,4.3
Kochi,gem,2026-09-25 07:00:00,26.5,0.0,3.6
Kochi,gem,2026-09-25 08:00:00,27.8,0.0,4.0
Kochi,gem,2026-09-25 09:00:00,29.3,0.0,7.2
Kochi,gem,2026-09-25 10:00:00,30.4,0.0,13.0
Kochi,gem,2026-09-25 11:00:00,30.9,0.0,17.3
Kochi,gem,2026-09-25 12:00:00,30.9,0.0,18.4
Kochi,gem,2026-09-25 13:00:00,30.8,0.0,18.7
Kochi,gem,2026-09-25 14:00:00,30.5,0.0,18.0
Kochi,gem,2026-09-25 15:00:00,30.2,0.0,17.3
Kochi,gem,2026-09-25 16:00:00,29.9,0.0,17.3
Kochi,gem,2026-09-25 17:00:00,29.4,0.0,16.2
Kochi,gem,2026-09-25 18:00:00,28.6,0.0,13.0
Kochi,gem,2026-09-25 19:00:00,27.9,0.0,10.4
Kochi,gem,2026-09-25 20:00:00,27.4,0.0,9.7
Kochi,gem,2026-09-25 21:00:00,27.0,0.0,9.7
Kochi,gem,2026-09-25 22:00:00,26.7,0.0,8.3
Kochi,gem,2026-09-25 23:00:00,26.4,0.0,7.2
Kochi,gem,2026-09-26 00:00:00,26.1,0.0,5.8
Kochi,gem,2026-09-26 01:00:00,25.9,0.0,5.4
Kochi,gem,2026-09-26 02:00:00,25.7,0.7,7.6
Kochi,gem,2026-09-26 03:00:00,25.8,0.3,6.5
Kochi,gem,2026-09-26 04:00:00,25.7,0.5,7.6
Kochi,gem,2026-09-26 05:00:00,25.2,1.6,7.6
Kochi,gem,2026-09-26 06:00:00,25.2,1.0,2.5
Kochi,gem,2026-09-26 07:00:00,25.6,0.9,2.9
Kochi,gem,2026-09-26 08:00:00,25.8,0.6,2.5
Kochi,gem,2026-09-26 09:00:00,26.3,0.1,4.3
Kochi,gem,2026-09-26 10:00:00,28.0,0.0,3.2
Kochi,gem,2026-09-26 11:00:00,29.6,0.1,5.4
Kochi,gem,2026-09-26 12:00:00,30.6,0.0,8.6
Kochi,gem,2026-09-26 13:00:00,30.9,0.0,13.3
Kochi,gem,2026-09-26 14:00:00,30.7,0.0,15.5
Kochi,gem,2026-09-26 15:00:00,30.2,0.0,14.8
Kochi,gem,2026-09-26 16:00:00,29.7,0.0,13.0
Kochi,gem,2026-09-26 17:00:00,28.9,0.0,12.2
Kochi,gem,2026-09-26 18:00:00,28.2,0.0,10.8
Kochi,gem,2026-09-26 19:00:00,27.6,0.0,9.7
Kochi,gem,2026-09-26 20:00:00,27.3,0.0,9.4
Kochi,gem,2026-09-26 21:00:00,26.9,0.0,8.6
Kochi,gem,2026-09-26 22:00:00,26.4,0.0,7.6
Kochi,gem,2026-09-26 23:00:00,26.0,0.0,6.1
Kochi,gfs,2026-09-24 00:00:00,24.4,0.0,3.6
Kochi,gfs,2026-09-24 01:00:00,24.2,0.0,3.5
Kochi,gfs,2026-09-24 02:00:00,23.9,0.0,5.5
Kochi,gfs,2026-09-24 03:00:00,23.6,0.0,5.5
Kochi,gfs,2026-09-24 04:00:00,23.5,0.0,6.1
Kochi,gfs,2026-09-24 05:00:00,23.4,0.0,5.6
Kochi,gfs,2026-09-24 06:00:00,23.4,0.0,6.7
Kochi,gfs,2026-09-24 07:00:00,25.0,0.0,4.6
Kochi,gfs,2026-09-24 08:00:00,27.1,0.1,5.5
Kochi,gfs,2026-09-24 09:00:00,29.0,0.0,5.5
Kochi,gfs,2026-09-24 10:00:00,30.4,0.0,13.2
Kochi,gfs,2026-09-24 11:00:00,30.9,0.0,17.6
Kochi,gfs,2026-09-24 12:00:00,30.5,0.0,18.1
Kochi,gfs,2026-09-24 13:00:00,30.0,0.0,17.9
Kochi,gfs,2026-09-24 14:00:00,28.8,0.0,16.1
Kochi,gfs,2026-09-24 15:00:00,28.9,0.0,14.1
Kochi,gfs,2026-09-24 16:00:00,28.6,0.0,14.1
Kochi,gfs,2026-09-24 17:00:00,27.2,0.0,10.8
Kochi,gfs,2026-09-24 18:00:00,25.8,0.1,8.2
Kochi,gfs,2026-09-24 19:00:00,25.4,0.1,6.8
Kochi,gfs,2026-09-24 20:00:00,25.4,0.1,6.1
Kochi,gfs,2026-09-24 21:00:00,25.3,0.2,6.1
Kochi,gfs,2026-09-24 22:00:00,25.0,0.1,6.2
Kochi,gfs,2026-09-24 23:00:00,25.2,0.2,4.4
Kochi,gfs,2026-09-25 00:00:00,25.1,0.2,3.4
Kochi,gfs,2026-09-25 01:00:00,25.1,0.2,3.9
Kochi,gfs,2026-09-25 02:00:00,24.9,0.3,2.9
Kochi,gfs,2026-09-25 03:00:00,24.5,0.3,1.3
Kochi,gfs,2026-09-25 04:00:00,24.1,0.3,2.2
Kochi,gfs,2026-09-25 05:00:00,24.1,0.1,1.8
Kochi,gfs,2026-09-25 06:00:00,24.2,0.1,3.2
Kochi,gfs,2026-09-25 07:00:00,25.7,0.1,1.4
Kochi,gfs,2026-09-25 08:00:00,27.4,0.1,1.8
Kochi,gfs,2026-09-25 09:00:00,28.3,0.1,7.7
Kochi,gfs,2026-09-25 10:00:00,28.3,0.1,10.5
Kochi,gfs,2026-09-25 11:00:00,29.5,0.0,10.9
Kochi,gfs,2026-09-25 12:00:00,30.4,0.0,14.2
Kochi,gfs,2026-09-25 13:00:00,29.9,0.1,15.2
Kochi,gfs,2026-09-25 14:00:00,29.6,0.0,14.8
Kochi,gfs,2026-09-25 15:00:00,29.3,0.0,14.4
Kochi,gfs,2026-09-25 16:00:00,28.2,0.0,12.7
Kochi,gfs,2026-09-25 17:00:00,27.0,0.1,9.7
Kochi,gfs,2026-09-25 18:00:00,26.0,0.1,7.3
Kochi,gfs,2026-09-25 19:00:00,25.4,0.2,8.2
Kochi,gfs,2026-09-25 20:00:00,25.2,0.1,7.9
Kochi,gfs,2026-09-25 21:00:00,25.0,0.0,7.4
Kochi,gfs,2026-09-25 22:00:00,24.9,0.0,6.7
Kochi,gfs,2026-09-25 23:00:00,24.7,0.0,6.0
Kochi,gfs,2026-09-26 00:00:00,24.1,0.0,6.5
Kochi,gfs,2026-09-26 01:00:00,23.8,0.1,5.2
Kochi,gfs,2026-09-26 02:00:00,23.5,0.3,4.7
Kochi,gfs,2026-09-26 03:00:00,23.5,0.0,5.5
Kochi,gfs,2026-09-26 04:00:00,23.2,0.0,5.9
Kochi,gfs,2026-09-26 05:00:00,22.9,0.0,5.9
Kochi,gfs,2026-09-26 06:00:00,22.9,0.0,6.8
Kochi,gfs,2026-09-26 07:00:00,24.4,0.0,6.5
Kochi,gfs,2026-09-26 08:00:00,26.5,0.0,5.8
Kochi,gfs,2026-09-26 09:00:00,28.2,0.0,4.7
Kochi,gfs,2026-09-26 10:00:00,31.1,0.0,3.3
Kochi,gfs,2026-09-26 11:00:00,30.7,0.0,9.9
Kochi,gfs,2026-09-26 12:00:00,29.2,0.0,13.6
Kochi,gfs,2026-09-26 13:00:00,28.6,0.0,12.6
Kochi,gfs,2026-09-26 14:00:00,28.3,0.0,13.4
Kochi,gfs,2026-09-26 15:00:00,27.8,0.0,11.0
Kochi,gfs,2026-09-26 16:00:00,27.3,0.0,9.9
Kochi,gfs,2026-09-26 17:00:00,27.1,0.0,8.0
Kochi,gfs,2026-09-26 18:00:00,25.9,0.0,4.8
Kochi,gfs,2026-09-26 19:00:00,25.3,0.0,4.7
Kochi,gfs,2026-09-26 20:00:00,25.3,0.0,5.6
Kochi,gfs,2026-09-26 21:00:00,25.2,0.0,5.8
Kochi,gfs,2026-09-26 22:00:00,24.9,0.1,5.8
Kochi,gfs,2026-09-26 23:00:00,24.7,0.1,4.3
Kochi,icon,2026-09-24 00:00:00,26.9,0.0,4.3
Kochi,icon,2026-09-24 01:00:00,26.7,0.0,4.0
Kochi,icon,2026-09-24 02:00:00,26.5,0.1,4.8
Kochi,icon,2026-09-24 03:00:00,26.3,0.0,4.6
Kochi,icon,2026-09-24 04:00:00,26.2,0.0,2.4
Kochi,icon,2026-09-24 05:00:00,26.1,0.0,4.0
Kochi,icon,2026-09-24 06:00:00,26.0,0.0,3.5
Kochi,icon,2026-09-24 07:00:00,26.4,0.0,5.8
Kochi,icon,2026-09-24 08:00:00,27.3,0.0,6.5
Kochi,icon,2026-09-24 09:00:00,28.7,0.0,8.4
Kochi,icon,2026-09-24 10:00:00,29.7,0.0,12.7
Kochi,icon,2026-09-24 11:00:00,30.1,0.0,14.7
Kochi,icon,2026-09-24 12:00:00,30.2,0.0,15.5
Kochi,icon,2026-09-24 13:00:00,30.3,0.0,16.9
Kochi,icon,2026-09-24 14:00:00,29.9,0.0,17.3
Kochi,icon,2026-09-24 15:00:00,29.7,0.0,17.3
Kochi,icon,2026-09-24 16:00:00,29.1,0.0,17.3
Kochi,icon,2026-09-24 17:00:00,28.7,0.0,14.6
Kochi,icon,2026-09-24 18:00:00,28.1,0.0,13.0
Kochi,icon,2026-09-24 19:00:00,27.6,0.1,10.5
Kochi,icon,2026-09-24 20:00:00,27.5,0.2,7.4
Kochi,icon,2026-09-24 21:00:00,27.5,0.0,4.0
Kochi,icon,2026-09-24 22:00:00,27.4,0.0,4.3
Kochi,icon,2026-09-24 23:00:00,27.1,0.1,8.9
Kochi,icon,2026-09-25 00:00:00,26.7,0.3,12.2
Kochi,icon,2026-09-25 01:00:00,26.7,0.3,9.4
Kochi,icon,2026-09-25 02:00:00,27.0,0.0,4.7
Kochi,icon,2026-09-25 03:00:00,27.1,0.0,3.7
Kochi,icon,2026-09-25 04:00:00,27.1,0.0,2.8
Kochi,icon,2026-09-25 05:00:00,26.7,0.0,3.2
Kochi,icon,2026-09-25 06:00:00,26.3,0.0,3.3
Kochi,icon,2026-09-25 07:00:00,26.4,0.0,2.4
Kochi,icon,2026-09-25 08:00:00,27.3,0.0,1.5
Kochi,icon,2026-09-25 09:00:00,29.0,0.0,8.0
Kochi,icon,2026-09-25 10:00:00,30.2,0.0,12.4
Kochi,icon,2026-09-25 11:00:00,30.5,0.0,13.1
Kochi,icon,2026-09-25 12:00:00,30.6,0.0,14.9
Kochi,icon,2026-09-25 13:00:00,30.7,0.0,15.8
Kochi,icon,2026-09-25 14:00:00,30.7,0.0,17.1
Kochi,icon,2026-09-25 15:00:00,30.5,0.0,17.1
Kochi,icon,2026-09-25 16:00:00,30.2,0.0,16.3
Kochi,icon,2026-09-25 17:00:00,29.4,0.0,14.7
Kochi,icon,2026-09-25 18:00:00,28.7,0.0,11.8
Kochi,icon,2026-09-25 19:00:00,28.2,0.0,8.6
Kochi,icon,2026-09-25 20:00:00,27.7,0.0,6.4
Kochi,icon,2026-09-25 21:00:00,27.2,0.0,5.2
Kochi,icon,2026-09-25 22:00:00,26.9,0.0,4.9
Kochi,icon,2026-09-25 23:00:00,26.7,0.0,2.2
Kochi,icon,2026-09-26 00:00:00,26.7,0.0,0.8
Kochi,icon,2026-09-26 01:00:00,26.5,0.0,2.9
Kochi,icon,2026-09-26 02:00:00,26.3,0.0,4.7
Kochi,icon,2026-09-26 03:00:00,26.1,0.0,4.5
Kochi,icon,2026-09-26 04:00:00,26.0,0.0,4.6
Kochi,icon,2026-09-26 05:00:00,25.9,0.0,5.2
Kochi,icon,2026-09-26 06:00:00,25.9,0.0,4.7
Kochi,icon,2026-09-26 07:00:00,26.2,0.0,4.0
Kochi,icon,2026-09-26 08:00:00,27.3,0.0,3.8
Kochi,icon,2026-09-26 09:00:00,28.6,0.0,0.8
Kochi,icon,2026-09-26 10:00:00,29.6,0.0,3.3
Kochi,icon,2026-09-26 11:00:00,30.3,0.0,6.6
Kochi,icon,2026-09-26 12:00:00,30.5,0.0,9.7
Kochi,icon,2026-09-26 13:00:00,30.4,0.0,12.6
Kochi,icon,2026-09-26 14:00:00,30.3,0.0,13.0
Kochi,icon,2026-09-26 15:00:00,30.1,0.0,12.5
Kochi,icon,2026-09-26 16:00:00,29.7,0.0,12.3
Kochi,icon,2026-09-26 17:00:00,29.1,0.0,11.8
Kochi,icon,2026-09-26 18:00:00,28.5,0.0,8.2
Kochi,icon,2026-09-26 19:00:00,28.1,0.0,4.3
Kochi,icon,2026-09-26 20:00:00,27.9,0.0,3.2
Kochi,icon,2026-09-26 21:00:00,27.6,0.0,2.9
Kochi,icon,2026-09-26 22:00:00,27.4,0.0,3.3
Kochi,icon,2026-09-26 23:00:00,27.2,0.0,3.6
Kolkata,ecmwf,2026-09-24 00:00:00,26.4,0.3,15.5
Kolkata,ecmwf,2026-09-24 01:00:00,26.0,0.3,16.1
Kolkata,ecmwf,2026-09-24 02:00:00,25.7,0.3,16.4
Kolkata,ecmwf,2026-09-24 03:00:00,25.6,1.4,16.6
Kolkata,ecmwf,2026-09-24 04:00:00,25.7,1.4,16.6
Kolkata,ecmwf,2026-09-24 05:00:00,25.8,1.4,16.6
Kolkata,ecmwf,2026-09-24 06:00:00,26.1,1.0,15.7
Kolkata,ecmwf,2026-09-24 07:00:00,26.6,1.0,14.6
Kolkata,ecmwf,2026-09-24 08:00:00,27.2,1.0,14.1
Kolkata,ecmwf,2026-09-24 09:00:00,28.1,2.1,14.5
Kolkata,ecmwf,2026-09-24 10:00:00,29.1,2.1,15.6
Kolkata,ecmwf,2026-09-24 11:00:00,29.6,2.1,16.8
Kolkata,ecmwf,2026-09-24 12:00:00,28.9,4.3,17.4
Kolkata,ecmwf,2026-09-24 13:00:00,27.7,4.3,17.3
Kolkata,ecmwf,2026-09-24 14:00:00,26.7,4.3,17.2
Kolkata,ecmwf,2026-09-24 15:00:00,26.0,3.4,16.6
Kolkata,ecmwf,2026-09-24 16:00:00,25.5,3.4,16.1
Kolkata,ecmwf,2026-09-24 17:00:00,25.2,3.4,15.6
Kolkata,ecmwf,2026-09-24 18:00:00,25.2,1.2,16.0
Kolkata,ecmwf,2026-09-24 19:00:00,25.4,1.2,16.5
Kolkata,ecmwf,2026-09-24 20:00:00,25.5,1.2,17.2
Kolkata,ecmwf,2026-09-24 21:00:00,25.4,2.9,17.7
Kolkata,ecmwf,2026-09-24 22:00:00,25.3,2.9,18.4
Kolkata,ecmwf,2026-09-24 23:00:00,25.2,2.9,18.6
Kolkata,ecmwf,2026-09-25 00:00:00,25.2,0.9,18.6
Kolkata,ecmwf,2026-09-25 01:00:00,25.1,0.9,18.6
Kolkata,ecmwf,2026-09-25 02:00:00,25.1,0.9,18.4
Kolkata,ecmwf,2026-09-25 03:00:00,25.0,1.1,18.2
Kolkata,ecmwf,2026-09-25 04:00:00,25.0,1.1,17.9
Kolkata,ecmwf,2026-09-25 05:00:00,25.0,1.1,17.7
Kolkata,ecmwf,2026-09-25 06:00:00,25.0,1.7,17.7
Kolkata,ecmwf,2026-09-25 07:00:00,25.2,1.7,18.2
Kolkata,ecmwf,2026-09-25 08:00:00,25.4,1.7,18.2
Kolkata,ecmwf,2026-09-25 09:00:00,25.7,1.0,18.4
Kolkata,ecmwf,2026-09-25 10:00:00,26.2,1.0,18.6
Kolkata,ecmwf,2026-09-25 11:00:00,26.7,1.0,19.1
Kolkata,ecmwf,2026-09-25 12:00:00,27.5,0.5,19.6
Kolkata,ecmwf,2026-09-25 13:00:00,28.3,0.5,19.9
Kolkata,ecmwf,2026-09-25 14:00:00,28.6,0.5,19.9
Kolkata,ecmwf,2026-09-25 15:00:00,28.2,0.8,19.6
Kolkata,ecmwf,2026-09-25 16:00:00,27.3,0.8,18.8
Kolkata,ecmwf,2026-09-25 17:00:00,26.5,0.8,18.1
Kolkata,ecmwf,2026-09-25 18:00:00,25.9,0.9,16.8
Kolkata,ecmwf,2026-09-25 19:00:00,25.4,0.9,15.3
Kolkata,ecmwf,2026-09-25 20:00:00,25.1,0.9,14.5
Kolkata,ecmwf,2026-09-25 21:00:00,25.2,0.6,15.0
Kolkata,ecmwf,2026-09-25 22:00:00,25.5,0.6,15.8
Kolkata,ecmwf,2026-09-25 23:00:00,25.6,0.6,16.3
Kolkata,ecmwf,2026-09-26 00:00:00,25.5,0.2,16.1
Kolkata,ecmwf,2026-09-26 01:00:00,25.3,0.2,15.7
Kolkata,ecmwf,2026-09-26 02:00:00,25.1,0.2,15.3
Kolkata,ecmwf,2026-09-26 03:00:00,24.8,1.0,14.5
Kolkata,ecmwf,2026-09-26 04:00:00,24.6,1.0,13.7
Kolkata,ecmwf,2026-09-26 05:00:00,24.7,1.0,13.2
Kolkata,ecmwf,2026-09-26 06:00:00,25.5,0.1,14.3
Kolkata,ecmwf,2026-09-26 07:00:00,26.7,0.1,16.0
Kolkata,ecmwf,2026-09-26 08:00:00,27.6,0.1,16.6
Kolkata,ecmwf,2026-09-26 09:00:00,28.2,0.7,14.3
Kolkata,ecmwf,2026-09-26 10:00:00,28.5,0.7,11.0
Kolkata,ecmwf,2026-09-26 11:00:00,28.8,0.7,8.7
Kolkata,ecmwf,2026-09-26 12:00:00,29.1,0.6,9.0
Kolkata,ecmwf,2026-09-26 13:00:00,29.3,0.6,10.4
Kolkata,ecmwf,2026-09-26 14:00:00,29.4,0.6,11.2
Kolkata,ecmwf,2026-09-26 15:00:00,29.2,0.1,10.5
Kolkata,ecmwf,2026-09-26 16:00:00,28.8,0.1,9.0
Kolkata,ecmwf,2026-09-26 17:00:00,28.4,0.1,8.0
Kolkata,ecmwf,2026-09-26 18:00:00,27.9,0.0,7.7
Kolkata,ecmwf,2026-09-26 19:00:00,27.4,0.0,7.8
Kolkata,ecmwf,2026-09-26 20:00:00,26.9,0.0,7.8
Kolkata,ecmwf,2026-09-26 21:00:00,26.7,0.0,8.2
Kolkata,ecmwf,2026-09-26 22:00:00,26.5,0.0,8.6
Kolkata,ecmwf,2026-09-26 23:00:00,26.4,0.0,8.7
Kolkata,gem,2026-09-24 00:00:00,27.8,0.0,21.2
Kolkata,gem,2026-09-24 01:00:00,27.5,0.0,20.5
Kolkata,gem,2026-09-24 02:00:00,26.8,0.4,22.0
Kolkata,gem,2026-09-24 03:00:00,26.5,0.7,20.2
Kolkata,gem,2026-09-24 04:00:00,25.9,2.0,20.2
Kolkata,gem,2026-09-24 05:00:00,27.1,0.6,18.0
Kolkata,gem,2026-09-24 06:00:00,27.1,0.3,23.8
Kolkata,gem,2026-09-24 07:00:00,27.3,0.1,24.1
Kolkata,gem,2026-09-24 08:00:00,28.3,0.0,23.8
Kolkata,gem,2026-09-24 09:00:00,28.0,0.7,23.8
Kolkata,gem,2026-09-24 10:00:00,28.0,0.5,23.0
Kolkata,gem,2026-09-24 11:00:00,28.5,2.8,25.9
Kolkata,gem,2026-09-24 12:00:00,28.1,2.2,26.6
Kolkata,gem,2026-09-24 13:00:00,28.8,0.0,27.7
Kolkata,gem,2026-09-24 14:00:00,29.7,0.0,29.5
Kolkata,gem,2026-09-24 15:00:00,29.9,0.0,28.1
Kolkata,gem,2026-09-24 16:00:00,29.4,0.0,27.0
Kolkata,gem,2026-09-24 17:00:00,28.8,0.0,25.6
Kolkata,gem,2026-09-24 18:00:00,28.5,0.0,25.9
Kolkata,gem,2026-09-24 19:00:00,27.9,0.1,27.0
Kolkata,gem,2026-09-24 20:00:00,27.7,0.1,23.0
Kolkata,gem,2026-09-24 21:00:00,27.8,0.1,23.8
Kolkata,gem,2026-09-24 22:00:00,27.9,0.0,23.0
Kolkata,gem,2026-09-24 23:00:00,28.2,0.0,25.2
Kolkata,gem,2026-09-25 00:00:00,28.3,0.0,23.4
Kolkata,gem,2026-09-25 01:00:00,28.1,0.0,23.8
Kolkata,gem,2026-09-25 02:00:00,27.9,0.0,24.8
Kolkata,gem,2026-09-25 03:00:00,28.3,0.0,25.2
Kolkata,gem,2026-09-25 04:00:00,28.5,0.1,26.6
Kolkata,gem,2026-09-25 05:00:00,28.5,0.0,26.3
Kolkata,gem,2026-09-25 06:00:00,28.7,0.0,26.6
Kolkata,gem,2026-09-25 07:00:00,29.0,0.0,28.8
Kolkata,gem,2026-09-25 08:00:00,29.8,0.0,31.3
Kolkata,gem,2026-09-25 09:00:00,30.4,0.0,33.5
Kolkata,gem,2026-09-25 10:00:00,30.6,0.0,33.1
Kolkata,gem,2026-09-25 11:00:00,30.4,0.0,34.9
Kolkata,gem,2026-09-25 12:00:00,30.4,0.0,34.2
Kolkata,gem,2026-09-25 13:00:00,30.6,0.0,32.4
Kolkata,gem,2026-09-25 14:00:00,31.2,0.0,32.4
Kolkata,gem,2026-09-25 15:00:00,30.7,0.0,31.7
Kolkata,gem,2026-09-25 16:00:00,30.4,0.0,28.8
Kolkata,gem,2026-09-25 17:00:00,30.0,0.0,27.7
Kolkata,gem,2026-09-25 18:00:00,29.5,0.1,27.4
Kolkata,gem,2026-09-25 19:00:00,29.4,0.2,27.7
Kolkata,gem,2026-09-25 20:00:00,28.6,0.8,27.4
Kolkata,gem,2026-09-25 21:00:00,28.7,0.0,25.2
Kolkata,gem,2026-09-25 22:00:00,28.5,0.5,26.6
Kolkata,gem,2026-09-25 23:00:00,28.4,0.0,23.8
Kolkata,gem,2026-09-26 00:00:00,28.4,0.1,23.8
Kolkata,gem,2026-09-26 01:00:00,27.0,2.2,22.3
Kolkata,gem,2026-09-26 02:00:00,27.0,1.4,22.7
Kolkata,gem,2026-09-26 03:00:00,26.5,5.0,21.2
Kolkata,gem,2026-09-26 04:00:00,25.6,10.8,19.1
Kolkata,gem,2026-09-26 05:00:00,25.3,6.2,18.0
Kolkata,gem,2026-09-26 06:00:00,25.8,0.3,20.2
Kolkata,gem,2026-09-26 07:00:00,26.4,0.0,22.7
Kolkata,gem,2026-09-26 08:00:00,27.9,0.0,24.8
Kolkata,gem,2026-09-26 09:00:00,29.5,0.0,27.4
Kolkata,gem,2026-09-26 10:00:00,29.9,0.0,25.9
Kolkata,gem,2026-09-26 11:00:00,29.9,0.0,24.8
Kolkata,gem,2026-09-26 12:00:00,29.9,0.0,23.0
Kolkata,gem,2026-09-26 13:00:00,28.7,3.3,21.2
Kolkata,gem,2026-09-26 14:00:00,28.7,0.1,16.9
Kolkata,gem,2026-09-26 15:00:00,29.1,0.0,18.4
Kolkata,gem,2026-09-26 16:00:00,28.6,0.0,17.3
Kolkata,gem,2026-09-26 17:00:00,27.7,0.0,15.8
Kolkata,gem,2026-09-26 18:00:00,27.2,0.0,13.7
Kolkata,gem,2026-09-26 19:00:00,27.0,0.0,14.0
Kolkata,gem,2026-09-26 20:00:00,27.1,0.0,12.2
Kolkata,gem,2026-09-26 21:00:00,27.1,0.0,11.9
Kolkata,gem,2026-09-26 22:00:00,27.1,0.0,12.2
Kolkata,gem,2026-09-26 23:00:00,27.1,0.0,11.5
Kolkata,gfs,2026-09-24 00:00:00,26.5,1.3,18.8
Kolkata,gfs,2026-09-24 01:00:00,26.1,1.2,20.7
Kolkata,gfs,2026-09-24 02:00:00,26.0,0.0,18.2
Kolkata,gfs,2026-09-24 03:00:00,25.7,0.1,21.4
Kolkata,gfs,2026-09-24 04:00:00,25.8,0.0,19.8
Kolkata,gfs,2026-09-24 05:00:00,26.0,0.5,23.0
Kolkata,gfs,2026-09-24 06:00:00,25.9,0.1,22.3
Kolkata,gfs,2026-09-24 07:00:00,26.1,0.4,21.3
Kolkata,gfs,2026-09-24 08:00:00,26.9,1.0,23.2
Kolkata,gfs,2026-09-24 09:00:00,28.3,1.3,23.9
Kolkata,gfs,2026-09-24 10:00:00,30.0,1.3,30.6
Kolkata,gfs,2026-09-24 11:00:00,29.9,0.9,30.8
Kolkata,gfs,2026-09-24 12:00:00,28.7,0.9,26.4
Kolkata,gfs,2026-09-24 13:00:00,29.3,0.8,26.1
Kolkata,gfs,2026-09-24 14:00:00,27.1,1.0,22.4
Kolkata,gfs,2026-09-24 15:00:00,28.3,1.1,25.5
Kolkata,gfs,2026-09-24 16:00:00,27.6,1.2,25.3
Kolkata,gfs,2026-09-24 17:00:00,26.8,1.3,23.2
Kolkata,gfs,2026-09-24 18:00:00,26.7,0.0,22.9
Kolkata,gfs,2026-09-24 19:00:00,26.4,0.0,20.9
Kolkata,gfs,2026-09-24 20:00:00,26.0,0.5,18.5
Kolkata,gfs,2026-09-24 21:00:00,26.4,0.3,18.9
Kolkata,gfs,2026-09-24 22:00:00,26.6,0.4,19.3
Kolkata,gfs,2026-09-24 23:00:00,26.2,1.4,19.9
Kolkata,gfs,2026-09-25 00:00:00,26.1,1.6,19.4
Kolkata,gfs,2026-09-25 01:00:00,26.0,1.5,18.6
Kolkata,gfs,2026-09-25 02:00:00,25.7,1.8,20.4
Kolkata,gfs,2026-09-25 03:00:00,25.7,1.9,23.1
Kolkata,gfs,2026-09-25 04:00:00,25.8,2.7,26.4
Kolkata,gfs,2026-09-25 05:00:00,26.2,0.2,27.0
Kolkata,gfs,2026-09-25 06:00:00,26.2,0.0,25.9
Kolkata,gfs,2026-09-25 07:00:00,26.7,0.3,26.6
Kolkata,gfs,2026-09-25 08:00:00,27.8,0.3,27.0
Kolkata,gfs,2026-09-25 09:00:00,29.2,0.4,31.9
Kolkata,gfs,2026-09-25 10:00:00,29.7,0.9,34.0
Kolkata,gfs,2026-09-25 11:00:00,29.1,1.3,30.4
Kolkata,gfs,2026-09-25 12:00:00,30.1,1.4,32.8
Kolkata,gfs,2026-09-25 13:00:00,29.8,1.3,32.6
Kolkata,gfs,2026-09-25 14:00:00,29.6,1.0,30.2
Kolkata,gfs,2026-09-25 15:00:00,29.2,0.5,28.7
Kolkata,gfs,2026-09-25 16:00:00,28.2,0.7,28.3
Kolkata,gfs,2026-09-25 17:00:00,27.3,0.1,25.7
Kolkata,gfs,2026-09-25 18:00:00,26.6,0.8,24.0
Kolkata,gfs,2026-09-25 19:00:00,26.3,1.3,23.2
Kolkata,gfs,2026-09-25 20:00:00,26.0,1.7,20.7
Kolkata,gfs,2026-09-25 21:00:00,25.7,2.0,18.7
Kolkata,gfs,2026-09-25 22:00:00,25.8,2.5,19.5
Kolkata,gfs,2026-09-25 23:00:00,25.6,3.6,18.4
Kolkata,gfs,2026-09-26 00:00:00,25.6,3.9,18.8
Kolkata,gfs,2026-09-26 01:00:00,26.0,1.7,18.8
Kolkata,gfs,2026-09-26 02:00:00,25.9,0.7,18.4
Kolkata,gfs,2026-09-26 03:00:00,25.6,2.6,18.8
Kolkata,gfs,2026-09-26 04:00:00,26.0,0.7,20.0
Kolkata,gfs,2026-09-26 05:00:00,26.0,0.0,19.5
Kolkata,gfs,2026-09-26 06:00:00,26.0,0.0,17.6
Kolkata,gfs,2026-09-26 07:00:00,27.6,0.7,19.3
Kolkata,gfs,2026-09-26 08:00:00,29.2,0.1,24.6
Kolkata,gfs,2026-09-26 09:00:00,30.0,0.5,25.7
Kolkata,gfs,2026-09-26 10:00:00,30.9,0.4,25.8
Kolkata,gfs,2026-09-26 11:00:00,31.7,0.1,26.1
Kolkata,gfs,2026-09-26 12:00:00,31.7,0.2,26.6
Kolkata,gfs,2026-09-26 13:00:00,31.5,0.2,25.0
Kolkata,gfs,2026-09-26 14:00:00,31.4,0.0,23.8
Kolkata,gfs,2026-09-26 15:00:00,30.6,0.1,21.4
Kolkata,gfs,2026-09-26 16:00:00,29.8,0.0,19.0
Kolkata,gfs,2026-09-26 17:00:00,28.5,0.0,15.0
Kolkata,gfs,2026-09-26 18:00:00,27.7,0.0,14.3
Kolkata,gfs,2026-09-26 19:00:00,27.2,0.0,13.8
Kolkata,gfs,2026-09-26 20:00:00,27.0,0.0,13.0
Kolkata,gfs,2026-09-26 21:00:00,26.8,0.0,12.2
Kolkata,gfs,2026-09-26 22:00:00,26.7,0.0,11.5
Kolkata,gfs,2026-09-26 23:00:00,26.6,0.0,10.5
Kolkata,icon,2026-09-24 00:00:00,26.4,0.9,8.3
Kolkata,icon,2026-09-24 01:00:00,26.4,0.8,8.3
Kolkata,icon,2026-09-24 02:00:00,26.3,1.0,9.0
Kolkata,icon,2026-09-24 03:00:00,26.3,1.3,9.7
Kolkata,icon,2026-09-24 04:00:00,26.4,1.2,10.1
Kolkata,icon,2026-09-24 05:00:00,26.5,0.8,10.2
Kolkata,icon,2026-09-24 06:00:00,26.6,1.3,10.6
Kolkata,icon,2026-09-24 07:00:00,26.9,1.4,11.2
Kolkata,icon,2026-09-24 08:00:00,27.7,0.6,11.6
Kolkata,icon,2026-09-24 09:00:00,28.3,0.4,13.2
Kolkata,icon,2026-09-24 10:00:00,28.4,0.8,11.9
Kolkata,icon,2026-09-24 11:00:00,29.1,0.3,11.3
Kolkata,icon,2026-09-24 12:00:00,29.1,1.2,12.9
Kolkata,icon,2026-09-24 13:00:00,28.7,1.3,12.9
Kolkata,icon,2026-09-24 14:00:00,28.6,0.8,13.6
Kolkata,icon,2026-09-24 15:00:00,28.0,0.8,12.7
Kolkata,icon,2026-09-24 16:00:00,27.5,0.6,12.6
Kolkata,icon,2026-09-24 17:00:00,27.1,0.2,11.1
Kolkata,icon,2026-09-24 18:00:00,27.0,0.1,10.3
Kolkata,icon,2026-09-24 19:00:00,26.9,0.0,10.9
Kolkata,icon,2026-09-24 20:00:00,26.7,0.0,11.6
Kolkata,icon,2026-09-24 21:00:00,26.8,0.0,11.2
Kolkata,icon,2026-09-24 22:00:00,26.8,0.1,11.4
Kolkata,icon,2026-09-24 23:00:00,26.8,0.5,11.7
Kolkata,icon,2026-09-25 00:00:00,26.7,0.5,11.6
Kolkata,icon,2026-09-25 01:00:00,26.5,0.9,11.0
Kolkata,icon,2026-09-25 02:00:00,26.4,1.1,11.3
Kolkata,icon,2026-09-25 03:00:00,26.2,1.3,10.0
Kolkata,icon,2026-09-25 04:00:00,26.2,1.1,10.9
Kolkata,icon,2026-09-25 05:00:00,26.2,1.1,10.4
Kolkata,icon,2026-09-25 06:00:00,26.4,1.0,11.3
Kolkata,icon,2026-09-25 07:00:00,26.8,0.8,11.8
Kolkata,icon,2026-09-25 08:00:00,27.2,0.9,13.4
Kolkata,icon,2026-09-25 09:00:00,28.2,0.6,14.5
Kolkata,icon,2026-09-25 10:00:00,28.7,0.6,15.8
Kolkata,icon,2026-09-25 11:00:00,29.1,0.3,14.7
Kolkata,icon,2026-09-25 12:00:00,29.9,0.2,15.3
Kolkata,icon,2026-09-25 13:00:00,29.9,0.8,15.5
Kolkata,icon,2026-09-25 14:00:00,29.0,1.9,12.3
Kolkata,icon,2026-09-25 15:00:00,29.1,0.8,13.6
Kolkata,icon,2026-09-25 16:00:00,28.2,0.9,13.1
Kolkata,icon,2026-09-25 17:00:00,27.9,0.1,11.9
Kolkata,icon,2026-09-25 18:00:00,27.4,0.8,10.6
Kolkata,icon,2026-09-25 19:00:00,27.2,0.2,10.5
Kolkata,icon,2026-09-25 20:00:00,27.0,0.3,10.1
Kolkata,icon,2026-09-25 21:00:00,26.8,0.9,9.5
Kolkata,icon,2026-09-25 22:00:00,26.7,1.3,9.3
Kolkata,icon,2026-09-25 23:00:00,26.5,1.4,9.6
Kolkata,icon,2026-09-26 00:00:00,26.3,1.7,9.4
Kolkata,icon,2026-09-26 01:00:00,26.3,1.9,9.8
Kolkata,icon,2026-09-26 02:00:00,26.2,1.9,10.1
Kolkata,icon,2026-09-26 03:00:00,26.2,1.4,9.7
Kolkata,icon,2026-09-26 04:00:00,26.2,1.6,9.7
Kolkata,icon,2026-09-26 05:00:00,26.1,0.5,10.4
Kolkata,icon,2026-09-26 06:00:00,26.4,0.3,10.5
Kolkata,icon,2026-09-26 07:00:00,27.0,0.0,14.5
Kolkata,icon,2026-09-26 08:00:00,27.5,0.4,11.7
Kolkata,icon,2026-09-26 09:00:00,28.6,0.4,11.8
Kolkata,icon,2026-09-26 10:00:00,29.7,0.5,11.8
Kolkata,icon,2026-09-26 11:00:00,29.8,0.4,12.1
Kolkata,icon,2026-09-26 12:00:00,29.9,0.3,10.8
Kolkata,icon,2026-09-26 13:00:00,29.3,1.5,10.0
Kolkata,icon,2026-09-26 14:00:00,29.4,0.4,9.8
Kolkata,icon,2026-09-26 15:00:00,28.7,0.8,9.3
Kolkata,icon,2026-09-26 16:00:00,28.3,0.4,8.2
Kolkata,icon,2026-09-26 17:00:00,27.8,0.5,6.6
Kolkata,icon,2026-09-26 18:00:00,27.5,0.0,6.5
Kolkata,icon,2026-09-26 19:00:00,27.3,0.0,6.6
Kolkata,icon,2026-09-26 20:00:00,27.1,0.0,6.5
Kolkata,icon,2026-09-26 21:00:00,27.0,0.0,5.9
Kolkata,icon,2026-09-26 22:00:00,26.9,0.0,5.1
Kolkata,icon,2026-09-26 23:00:00,26.8,0.0,5.1
Kota,ecmwf,2026-09-24 00:00:00,26.2,0.0,3.5
Kota,ecmwf,2026-09-24 01:00:00,25.8,0.0,1.1
Kota,ecmwf,2026-09-24 02:00:00,25.4,0.0,0.8
Kota,ecmwf,2026-09-24 03:00:00,24.9,0.0,1.1
Kota,ecmwf,2026-09-24 04:00:00,24.5,0.0,1.1
Kota,ecmwf,2026-09-24 05:00:00,24.4,0.0,1.0
Kota,ecmwf,2026-09-24 06:00:00,25.1,0.0,0.4
Kota,ecmwf,2026-09-24 07:00:00,26.2,0.0,1.1
Kota,ecmwf,2026-09-24 08:00:00,27.4,0.0,2.7
Kota,ecmwf,2026-09-24 09:00:00,28.8,0.0,4.6
Kota,ecmwf,2026-09-24 10:00:00,30.3,0.0,6.5
Kota,ecmwf,2026-09-24 11:00:00,31.5,0.0,7.4
Kota,ecmwf,2026-09-24 12:00:00,32.2,0.0,7.5
Kota,ecmwf,2026-09-24 13:00:00,32.7,0.0,8.0
Kota,ecmwf,2026-09-24 14:00:00,32.9,0.0,7.9
Kota,ecmwf,2026-09-24 15:00:00,32.8,0.0,6.8
Kota,ecmwf,2026-09-24 16:00:00,32.4,0.0,4.6
Kota,ecmwf,2026-09-24 17:00:00,31.6,0.0,2.7
Kota,ecmwf,2026-09-24 18:00:00,30.3,0.0,1.8
Kota,ecmwf,2026-09-24 19:00:00,28.7,0.0,3.4
Kota,ecmwf,2026-09-24 20:00:00,27.4,0.0,4.6
Kota,ecmwf,2026-09-24 21:00:00,26.6,0.0,4.7
Kota,ecmwf,2026-09-24 22:00:00,26.1,0.0,4.5
Kota,ecmwf,2026-09-24 23:00:00,25.7,0.0,4.3
Kota,ecmwf,2026-09-25 00:00:00,25.2,0.0,4.0
Kota,ecmwf,2026-09-25 01:00:00,24.7,0.0,4.0
Kota,ecmwf,2026-09-25 02:00:00,24.3,0.0,3.6
Kota,ecmwf,2026-09-25 03:00:00,23.8,0.0,2.3
Kota,ecmwf,2026-09-25 04:00:00,23.3,0.0,1.5
Kota,ecmwf,2026-09-25 05:00:00,23.2,0.0,2.0
Kota,ecmwf,2026-09-25 06:00:00,23.9,0.0,2.9
Kota,ecmwf,2026-09-25 07:00:00,24.9,0.0,4.6
Kota,ecmwf,2026-09-25 08:00:00,26.1,0.0,5.9
Kota,ecmwf,2026-09-25 09:00:00,27.3,0.0,7.0
Kota,ecmwf,2026-09-25 10:00:00,28.5,0.0,7.4
Kota,ecmwf,2026-09-25 11:00:00,29.7,0.0,8.6
Kota,ecmwf,2026-09-25 12:00:00,30.7,0.0,10.3
Kota,ecmwf,2026-09-25 13:00:00,31.6,0.0,12.0
Kota,ecmwf,2026-09-25 14:00:00,32.0,0.0,12.6
Kota,ecmwf,2026-09-25 15:00:00,31.7,0.0,11.9
Kota,ecmwf,2026-09-25 16:00:00,30.9,0.0,10.9
Kota,ecmwf,2026-09-25 17:00:00,29.9,0.0,9.9
Kota,ecmwf,2026-09-25 18:00:00,28.5,0.0,8.8
Kota,ecmwf,2026-09-25 19:00:00,27.0,0.0,8.8
Kota,ecmwf,2026-09-25 20:00:00,25.7,0.0,9.1
Kota,ecmwf,2026-09-25 21:00:00,24.9,0.0,7.3
Kota,ecmwf,2026-09-25 22:00:00,24.4,0.0,4.2
Kota,ecmwf,2026-09-25 23:00:00,24.0,0.0,2.4
Kota,ecmwf,2026-09-26 00:00:00,23.6,0.0,2.5
Kota,ecmwf,2026-09-26 01:00:00,23.3,0.0,2.5
Kota,ecmwf,2026-09-26 02:00:00,23.0,0.0,2.5
Kota,ecmwf,2026-09-26 03:00:00,22.7,0.0,1.8
Kota,ecmwf,2026-09-26 04:00:00,22.4,0.0,1.5
Kota,ecmwf,2026-09-26 05:00:00,22.5,0.0,1.9
Kota,ecmwf,2026-09-26 06:00:00,23.2,0.0,3.1
Kota,ecmwf,2026-09-26 07:00:00,24.3,0.0,4.6
Kota,ecmwf,2026-09-26 08:00:00,25.7,0.0,5.7
Kota,ecmwf,2026-09-26 09:00:00,27.5,0.0,6.6
Kota,ecmwf,2026-09-26 10:00:00,29.5,0.0,7.2
Kota,ecmwf,2026-09-26 11:00:00,31.2,0.0,8.3
Kota,ecmwf,2026-09-26 12:00:00,32.5,0.0,10.4
Kota,ecmwf,2026-09-26 13:00:00,33.4,0.0,12.6
Kota,ecmwf,2026-09-26 14:00:00,33.8,0.0,13.9
Kota,ecmwf,2026-09-26 15:00:00,33.5,0.0,12.3
Kota,ecmwf,2026-09-26 16:00:00,32.7,0.0,9.3
Kota,ecmwf,2026-09-26 17:00:00,31.8,0.0,7.9
Kota,ecmwf,2026-09-26 18:00:00,31.0,0.0,10.5
Kota,ecmwf,2026-09-26 19:00:00,30.1,0.0,15.5
Kota,ecmwf,2026-09-26 20:00:00,29.3,0.0,19.5
Kota,ecmwf,2026-09-26 21:00:00,28.6,0.0,21.1
Kota,ecmwf,2026-09-26 22:00:00,28.0,0.0,21.6
Kota,ecmwf,2026-09-26 23:00:00,27.4,0.0,21.4
Kota,gem,2026-09-24 00:00:00,25.9,0.0,5.8
Kota,gem,2026-09-24 01:00:00,25.4,0.0,4.3
Kota,gem,2026-09-24 02:00:00,24.8,0.0,3.6
Kota,gem,2026-09-24 03:00:00,24.2,0.0,2.9
Kota,gem,2026-09-24 04:00:00,23.6,0.0,1.8
Kota,gem,2026-09-24 05:00:00,24.3,0.0,0.4
Kota,gem,2026-09-24 06:00:00,23.0,0.0,0.7
Kota,gem,2026-09-24 07:00:00,24.5,0.0,1.1
Kota,gem,2026-09-24 08:00:00,27.4,0.0,2.2
Kota,gem,2026-09-24 09:00:00,29.8,0.0,7.6
Kota,gem,2026-09-24 10:00:00,31.3,0.0,8.6
Kota,gem,2026-09-24 11:00:00,32.6,0.0,8.3
Kota,gem,2026-09-24 12:00:00,33.7,0.0,9.7
Kota,gem,2026-09-24 13:00:00,34.4,0.0,11.9
Kota,gem,2026-09-24 14:00:00,34.7,0.0,13.3
Kota,gem,2026-09-24 15:00:00,34.8,0.0,14.4
Kota,gem,2026-09-24 16:00:00,34.7,0.0,14.4
Kota,gem,2026-09-24 17:00:00,33.9,0.0,14.4
Kota,gem,2026-09-24 18:00:00,32.0,0.0,13.7
Kota,gem,2026-09-24 19:00:00,30.7,0.0,14.8
Kota,gem,2026-09-24 20:00:00,29.7,0.0,14.8
Kota,gem,2026-09-24 21:00:00,28.7,0.0,13.7
Kota,gem,2026-09-24 22:00:00,27.7,0.0,11.9
Kota,gem,2026-09-24 23:00:00,26.8,0.0,11.5
Kota,gem,2026-09-25 00:00:00,26.0,0.0,10.4
Kota,gem,2026-09-25 01:00:00,25.1,0.0,7.6
Kota,gem,2026-09-25 02:00:00,24.3,0.0,5.0
Kota,gem,2026-09-25 03:00:00,23.5,0.0,4.3
Kota,gem,2026-09-25 04:00:00,22.9,0.0,4.0
Kota,gem,2026-09-25 05:00:00,22.6,0.0,4.3
Kota,gem,2026-09-25 06:00:00,22.6,0.0,4.3
Kota,gem,2026-09-25 07:00:00,23.5,0.0,4.7
Kota,gem,2026-09-25 08:00:00,25.2,0.0,7.6
Kota,gem,2026-09-25 09:00:00,27.3,0.0,9.7
Kota,gem,2026-09-25 10:00:00,29.0,0.0,11.2
Kota,gem,2026-09-25 11:00:00,30.2,0.0,11.2
Kota,gem,2026-09-25 12:00:00,31.3,0.0,11.9
Kota,gem,2026-09-25 13:00:00,32.1,0.0,11.9
Kota,gem,2026-09-25 14:00:00,32.7,0.0,12.2
Kota,gem,2026-09-25 15:00:00,32.9,0.0,13.3
Kota,gem,2026-09-25 16:00:00,32.9,0.0,13.7
Kota,gem,2026-09-25 17:00:00,32.4,0.0,12.6
Kota,gem,2026-09-25 18:00:00,30.8,0.0,9.7
Kota,gem,2026-09-25 19:00:00,29.1,0.0,10.4
Kota,gem,2026-09-25 20:00:00,27.9,0.0,12.2
Kota,gem,2026-09-25 21:00:00,26.9,0.0,13.0
Kota,gem,2026-09-25 22:00:00,26.1,0.0,10.8
Kota,gem,2026-09-25 23:00:00,25.2,0.0,8.3
Kota,gem,2026-09-26 00:00:00,24.4,0.0,7.2
Kota,gem,2026-09-26 01:00:00,23.7,0.0,7.2
Kota,gem,2026-09-26 02:00:00,23.2,0.0,7.2
Kota,gem,2026-09-26 03:00:00,22.8,0.0,6.8
Kota,gem,2026-09-26 04:00:00,22.5,0.0,7.2
Kota,gem,2026-09-26 05:00:00,22.6,0.0,7.2
Kota,gem,2026-09-26 06:00:00,22.8,0.0,4.7
Kota,gem,2026-09-26 07:00:00,24.2,0.0,5.0
Kota,gem,2026-09-26 08:00:00,26.4,0.0,7.9
Kota,gem,2026-09-26 09:00:00,28.4,0.0,9.7
Kota,gem,2026-09-26 10:00:00,31.2,0.0,8.6
Kota,gem,2026-09-26 11:00:00,33.0,0.0,13.7
Kota,gem,2026-09-26 12:00:00,34.1,0.0,16.2
Kota,gem,2026-09-26 13:00:00,35.1,0.0,16.2
Kota,gem,2026-09-26 14:00:00,35.9,0.0,15.8
Kota,gem,2026-09-26 15:00:00,36.3,0.0,17.3
Kota,gem,2026-09-26 16:00:00,36.1,0.0,19.4
Kota,gem,2026-09-26 17:00:00,35.1,0.0,16.9
Kota,gem,2026-09-26 18:00:00,33.0,0.0,11.9
Kota,gem,2026-09-26 19:00:00,31.2,0.0,10.8
Kota,gem,2026-09-26 20:00:00,29.4,0.3,7.2
Kota,gem,2026-09-26 21:00:00,26.1,1.0,8.3
Kota,gem,2026-09-26 22:00:00,24.1,0.3,7.6
Kota,gem,2026-09-26 23:00:00,23.4,0.0,4.0
Kota,gfs,2026-09-24 00:00:00,27.1,0.0,4.3
Kota,gfs,2026-09-24 01:00:00,26.9,0.0,4.1
Kota,gfs,2026-09-24 02:00:00,26.6,0.0,1.3
Kota,gfs,2026-09-24 03:00:00,26.1,0.0,2.8
Kota,gfs,2026-09-24 04:00:00,25.8,0.0,3.4
Kota,gfs,2026-09-24 05:00:00,25.5,0.0,3.6
Kota,gfs,2026-09-24 06:00:00,25.3,0.0,3.1
Kota,gfs,2026-09-24 07:00:00,26.7,0.0,2.9
Kota,gfs,2026-09-24 08:00:00,28.1,0.0,3.3
Kota,gfs,2026-09-24 09:00:00,29.6,0.0,3.4
Kota,gfs,2026-09-24 10:00:00,30.9,0.0,4.7
Kota,gfs,2026-09-24 11:00:00,32.1,0.0,7.8
Kota,gfs,2026-09-24 12:00:00,33.3,0.0,9.7
Kota,gfs,2026-09-24 13:00:00,34.1,0.0,10.6
Kota,gfs,2026-09-24 14:00:00,34.7,0.0,12.1
Kota,gfs,2026-09-24 15:00:00,34.9,0.0,13.7
Kota,gfs,2026-09-24 16:00:00,34.6,0.0,13.0
Kota,gfs,2026-09-24 17:00:00,32.9,0.0,9.9
Kota,gfs,2026-09-24 18:00:00,30.5,0.0,9.7
Kota,gfs,2026-09-24 19:00:00,29.2,0.0,10.5
Kota,gfs,2026-09-24 20:00:00,28.4,0.0,10.1
Kota,gfs,2026-09-24 21:00:00,27.8,0.0,9.5
Kota,gfs,2026-09-24 22:00:00,27.1,0.0,9.8
Kota,gfs,2026-09-24 23:00:00,26.6,0.0,9.8
Kota,gfs,2026-09-25 00:00:00,26.0,0.0,10.2
Kota,gfs,2026-09-25 01:00:00,25.5,0.0,10.1
Kota,gfs,2026-09-25 02:00:00,24.9,0.0,8.3
Kota,gfs,2026-09-25 03:00:00,24.4,0.0,7.3
Kota,gfs,2026-09-25 04:00:00,24.0,0.0,6.9
Kota,gfs,2026-09-25 05:00:00,23.7,0.0,6.4
Kota,gfs,2026-09-25 06:00:00,23.5,0.0,5.1
Kota,gfs,2026-09-25 07:00:00,24.5,0.0,7.1
Kota,gfs,2026-09-25 08:00:00,25.9,0.0,10.2
Kota,gfs,2026-09-25 09:00:00,27.2,0.0,11.5
Kota,gfs,2026-09-25 10:00:00,28.8,0.0,12.0
Kota,gfs,2026-09-25 11:00:00,30.4,0.0,13.2
Kota,gfs,2026-09-25 12:00:00,31.7,0.0,14.2
Kota,gfs,2026-09-25 13:00:00,32.5,0.0,14.8
Kota,gfs,2026-09-25 14:00:00,32.8,0.0,16.6
Kota,gfs,2026-09-25 15:00:00,32.5,0.0,20.1
Kota,gfs,2026-09-25 16:00:00,31.5,0.0,21.9
Kota,gfs,2026-09-25 17:00:00,29.7,0.0,22.1
Kota,gfs,2026-09-25 18:00:00,27.4,0.0,19.2
Kota,gfs,2026-09-25 19:00:00,26.5,0.0,15.7
Kota,gfs,2026-09-25 20:00:00,25.8,0.0,16.4
Kota,gfs,2026-09-25 21:00:00,25.1,0.0,13.8
Kota,gfs,2026-09-25 22:00:00,24.6,0.0,9.6
Kota,gfs,2026-09-25 23:00:00,24.1,0.0,9.2
Kota,gfs,2026-09-26 00:00:00,23.7,0.0,7.9
Kota,gfs,2026-09-26 01:00:00,23.4,0.0,6.0
Kota,gfs,2026-09-26 02:00:00,23.1,0.0,6.6
Kota,gfs,2026-09-26 03:00:00,22.9,0.0,5.2
Kota,gfs,2026-09-26 04:00:00,22.7,0.0,6.6
Kota,gfs,2026-09-26 05:00:00,22.6,0.0,7.1
Kota,gfs,2026-09-26 06:00:00,22.6,0.0,4.2
Kota,gfs,2026-09-26 07:00:00,23.7,0.0,5.1
Kota,gfs,2026-09-26 08:00:00,25.3,0.0,7.4
Kota,gfs,2026-09-26 09:00:00,26.7,0.0,5.9
Kota,gfs,2026-09-26 10:00:00,28.5,0.0,5.4
Kota,gfs,2026-09-26 11:00:00,29.9,0.0,7.5
Kota,gfs,2026-09-26 12:00:00,31.2,0.0,8.7
Kota,gfs,2026-09-26 13:00:00,32.6,0.0,9.3
Kota,gfs,2026-09-26 14:00:00,33.5,0.0,10.6
Kota,gfs,2026-09-26 15:00:00,34.0,0.0,10.8
Kota,gfs,2026-09-26 16:00:00,33.8,0.0,12.8
Kota,gfs,2026-09-26 17:00:00,31.9,0.0,12.9
Kota,gfs,2026-09-26 18:00:00,30.0,0.0,10.2
Kota,gfs,2026-09-26 19:00:00,28.8,0.0,3.5
Kota,gfs,2026-09-26 20:00:00,23.9,2.5,21.9
Kota,gfs,2026-09-26 21:00:00,26.5,0.1,5.1
Kota,gfs,2026-09-26 22:00:00,26.2,0.0,4.3
Kota,gfs,2026-09-26 23:00:00,25.5,0.0,8.5
Kota,icon,2026-09-24 00:00:00,29.0,0.0,2.1
Kota,icon,2026-09-24 01:00:00,28.7,0.0,2.8
Kota,icon,2026-09-24 02:00:00,28.0,0.0,1.8
Kota,icon,2026-09-24 03:00:00,27.6,0.0,0.8
Kota,icon,2026-09-24 04:00:00,27.2,0.0,1.1
Kota,icon,2026-09-24 05:00:00,26.8,0.0,1.4
Kota,icon,2026-09-24 06:00:00,26.7,0.0,2.9
Kota,icon,2026-09-24 07:00:00,26.5,0.0,2.9
Kota,icon,2026-09-24 08:00:00,28.1,0.0,3.8
Kota,icon,2026-09-24 09:00:00,29.6,0.0,4.5
Kota,icon,2026-09-24 10:00:00,31.2,0.0,6.6
Kota,icon,2026-09-24 11:00:00,33.0,0.0,7.6
Kota,icon,2026-09-24 12:00:00,33.7,0.0,8.9
Kota,icon,2026-09-24 13:00:00,34.2,0.0,9.0
Kota,icon,2026-09-24 14:00:00,34.7,0.0,9.2
Kota,icon,2026-09-24 15:00:00,34.6,0.0,9.4
Kota,icon,2026-09-24 16:00:00,34.3,0.0,9.0
Kota,icon,2026-09-24 17:00:00,33.3,0.0,6.5
Kota,icon,2026-09-24 18:00:00,31.4,0.0,4.8
Kota,icon,2026-09-24 19:00:00,30.2,0.0,4.8
Kota,icon,2026-09-24 20:00:00,29.3,0.0,4.7
Kota,icon,2026-09-24 21:00:00,28.4,0.0,4.7
Kota,icon,2026-09-24 22:00:00,27.8,0.0,4.0
Kota,icon,2026-09-24 23:00:00,27.1,0.0,4.0
Kota,icon,2026-09-25 00:00:00,26.6,0.0,4.3
Kota,icon,2026-09-25 01:00:00,25.9,0.0,4.3
Kota,icon,2026-09-25 02:00:00,25.5,0.0,3.0
Kota,icon,2026-09-25 03:00:00,25.3,0.0,1.3
Kota,icon,2026-09-25 04:00:00,24.9,0.0,2.3
Kota,icon,2026-09-25 05:00:00,24.5,0.0,2.7
Kota,icon,2026-09-25 06:00:00,24.2,0.0,2.3
Kota,icon,2026-09-25 07:00:00,24.8,0.0,2.6
Kota,icon,2026-09-25 08:00:00,26.2,0.0,7.1
Kota,icon,2026-09-25 09:00:00,27.4,0.0,8.9
Kota,icon,2026-09-25 10:00:00,28.6,0.0,9.1
Kota,icon,2026-09-25 11:00:00,29.9,0.0,10.1
Kota,icon,2026-09-25 12:00:00,31.1,0.0,10.8
Kota,icon,2026-09-25 13:00:00,32.0,0.0,11.8
Kota,icon,2026-09-25 14:00:00,32.4,0.0,12.1
Kota,icon,2026-09-25 15:00:00,32.6,0.0,12.3
Kota,icon,2026-09-25 16:00:00,32.2,0.0,12.8
Kota,icon,2026-09-25 17:00:00,31.2,0.0,11.4
Kota,icon,2026-09-25 18:00:00,29.5,0.0,8.1
Kota,icon,2026-09-25 19:00:00,28.0,0.0,7.2
Kota,icon,2026-09-25 20:00:00,27.2,0.0,9.0
Kota,icon,2026-09-25 21:00:00,26.2,0.0,7.6
Kota,icon,2026-09-25 22:00:00,25.3,0.0,6.4
Kota,icon,2026-09-25 23:00:00,24.5,0.0,6.7
Kota,icon,2026-09-26 00:00:00,23.9,0.0,6.2
Kota,icon,2026-09-26 01:00:00,23.4,0.0,5.5
Kota,icon,2026-09-26 02:00:00,22.9,0.0,4.8
Kota,icon,2026-09-26 03:00:00,22.7,0.0,5.5
Kota,icon,2026-09-26 04:00:00,22.6,0.0,6.2
Kota,icon,2026-09-26 05:00:00,22.3,0.0,6.8
Kota,icon,2026-09-26 06:00:00,22.1,0.0,6.6
Kota,icon,2026-09-26 07:00:00,22.7,0.0,7.1
Kota,icon,2026-09-26 08:00:00,24.0,0.0,9.7
Kota,icon,2026-09-26 09:00:00,25.2,0.0,12.1
Kota,icon,2026-09-26 10:00:00,27.0,0.0,11.7
Kota,icon,2026-09-26 11:00:00,28.3,0.0,10.9
Kota,icon,2026-09-26 12:00:00,29.5,0.0,10.8
Kota,icon,2026-09-26 13:00:00,30.5,0.0,10.7
Kota,icon,2026-09-26 14:00:00,31.1,0.0,10.7
Kota,icon,2026-09-26 15:00:00,31.4,0.0,11.2
Kota,icon,2026-09-26 16:00:00,31.3,0.0,10.0
Kota,icon,2026-09-26 17:00:00,30.8,0.0,6.4
Kota,icon,2026-09-26 18:00:00,29.5,0.0,2.9
Kota,icon,2026-09-26 19:00:00,28.2,0.0,4.4
Kota,icon,2026-09-26 20:00:00,27.5,0.0,5.2
Kota,icon,2026-09-26 21:00:00,26.9,0.0,6.4
Kota,icon,2026-09-26 22:00:00,26.7,0.0,7.5
Kota,icon,2026-09-26 23:00:00,26.5,0.0,8.0
Lucknow,ecmwf,2026-09-24 00:00:00,23.1,0.5,7.6
Lucknow,ecmwf,2026-09-24 01:00:00,23.2,0.5,9.4
Lucknow,ecmwf,2026-09-24 02:00:00,23.5,0.5,10.9
Lucknow,ecmwf,2026-09-24 03:00:00,24.0,0.0,12.3
Lucknow,ecmwf,2026-09-24 04:00:00,24.7,0.0,13.8
Lucknow,ecmwf,2026-09-24 05:00:00,25.3,0.0,14.9
Lucknow,ecmwf,2026-09-24 06:00:00,25.7,0.0,14.6
Lucknow,ecmwf,2026-09-24 07:00:00,26.0,0.0,14.0
Lucknow,ecmwf,2026-09-24 08:00:00,26.3,0.0,13.8
Lucknow,ecmwf,2026-09-24 09:00:00,26.9,0.0,15.6
Lucknow,ecmwf,2026-09-24 10:00:00,27.4,0.0,18.6
Lucknow,ecmwf,2026-09-24 11:00:00,27.8,0.0,20.4
Lucknow,ecmwf,2026-09-24 12:00:00,27.7,0.0,20.8
Lucknow,ecmwf,2026-09-24 13:00:00,27.3,0.0,20.2
Lucknow,ecmwf,2026-09-24 14:00:00,27.0,0.0,19.1
Lucknow,ecmwf,2026-09-24 15:00:00,26.6,0.0,17.3
Lucknow,ecmwf,2026-09-24 16:00:00,26.3,0.0,15.5
Lucknow,ecmwf,2026-09-24 17:00:00,25.9,0.0,13.7
Lucknow,ecmwf,2026-09-24 18:00:00,25.4,0.1,13.1
Lucknow,ecmwf,2026-09-24 19:00:00,25.0,0.1,13.7
Lucknow,ecmwf,2026-09-24 20:00:00,24.6,0.1,14.4
Lucknow,ecmwf,2026-09-24 21:00:00,24.5,0.1,14.9
Lucknow,ecmwf,2026-09-24 22:00:00,24.6,0.1,15.6
Lucknow,ecmwf,2026-09-24 23:00:00,24.5,0.1,15.9
Lucknow,ecmwf,2026-09-25 00:00:00,24.1,3.2,15.5
Lucknow,ecmwf,2026-09-25 01:00:00,23.6,3.2,14.8
Lucknow,ecmwf,2026-09-25 02:00:00,23.2,3.2,14.5
Lucknow,ecmwf,2026-09-25 03:00:00,23.0,1.1,15.0
Lucknow,ecmwf,2026-09-25 04:00:00,23.1,1.1,15.5
Lucknow,ecmwf,2026-09-25 05:00:00,23.1,1.1,16.4
Lucknow,ecmwf,2026-09-25 06:00:00,23.3,1.9,17.3
Lucknow,ecmwf,2026-09-25 07:00:00,23.5,1.9,18.6
Lucknow,ecmwf,2026-09-25 08:00:00,23.6,1.9,19.4
Lucknow,ecmwf,2026-09-25 09:00:00,23.7,12.2,19.5
Lucknow,ecmwf,2026-09-25 10:00:00,23.7,12.2,19.9
Lucknow,ecmwf,2026-09-25 11:00:00,23.8,12.2,20.6
Lucknow,ecmwf,2026-09-25 12:00:00,24.1,7.1,20.9
Lucknow,ecmwf,2026-09-25 13:00:00,24.6,7.1,21.8
Lucknow,ecmwf,2026-09-25 14:00:00,24.9,7.1,22.9
Lucknow,ecmwf,2026-09-25 15:00:00,24.8,2.5,23.5
Lucknow,ecmwf,2026-09-25 16:00:00,24.6,2.5,24.0
Lucknow,ecmwf,2026-09-25 17:00:00,24.4,2.5,23.8
Lucknow,ecmwf,2026-09-25 18:00:00,24.3,1.4,23.4
Lucknow,ecmwf,2026-09-25 19:00:00,24.2,1.4,23.2
Lucknow,ecmwf,2026-09-25 20:00:00,24.1,1.4,22.8
Lucknow,ecmwf,2026-09-25 21:00:00,24.2,3.0,22.6
Lucknow,ecmwf,2026-09-25 22:00:00,24.2,3.0,22.9
Lucknow,ecmwf,2026-09-25 23:00:00,24.3,3.0,24.1
Lucknow,ecmwf,2026-09-26 00:00:00,24.2,5.3,26.2
Lucknow,ecmwf,2026-09-26 01:00:00,24.1,5.3,28.4
Lucknow,ecmwf,2026-09-26 02:00:00,24.0,5.3,30.1
Lucknow,ecmwf,2026-09-26 03:00:00,24.0,3.5,30.0
Lucknow,ecmwf,2026-09-26 04:00:00,24.1,3.5,29.1
Lucknow,ecmwf,2026-09-26 05:00:00,24.2,3.5,29.2
Lucknow,ecmwf,2026-09-26 06:00:00,24.4,4.3,29.6
Lucknow,ecmwf,2026-09-26 07:00:00,24.6,4.3,30.0
Lucknow,ecmwf,2026-09-26 08:00:00,24.8,4.3,30.3
Lucknow,ecmwf,2026-09-26 09:00:00,24.9,1.3,30.3
Lucknow,ecmwf,2026-09-26 10:00:00,25.0,1.3,30.3
Lucknow,ecmwf,2026-09-26 11:00:00,25.0,1.3,30.0
Lucknow,ecmwf,2026-09-26 12:00:00,25.1,1.3,29.0
Lucknow,ecmwf,2026-09-26 13:00:00,25.3,1.3,28.5
Lucknow,ecmwf,2026-09-26 14:00:00,25.2,1.3,28.2
Lucknow,ecmwf,2026-09-26 15:00:00,24.7,2.0,28.6
Lucknow,ecmwf,2026-09-26 16:00:00,24.1,2.0,29.3
Lucknow,ecmwf,2026-09-26 17:00:00,23.6,2.0,27.7
Lucknow,ecmwf,2026-09-26 18:00:00,23.3,0.4,22.7
Lucknow,ecmwf,2026-09-26 19:00:00,23.1,0.4,17.7
Lucknow,ecmwf,2026-09-26 20:00:00,22.9,0.4,15.5
Lucknow,ecmwf,2026-09-26 21:00:00,22.9,0.4,14.8
Lucknow,ecmwf,2026-09-26 22:00:00,23.0,0.4,14.0
Lucknow,ecmwf,2026-09-26 23:00:00,23.0,0.4,13.3
Lucknow,gem,2026-09-24 00:00:00,26.6,0.0,9.0
Lucknow,gem,2026-09-24 01:00:00,26.1,0.0,10.4
Lucknow,gem,2026-09-24 02:00:00,24.8,1.2,16.9
Lucknow,gem,2026-09-24 03:00:00,23.6,4.3,17.3
Lucknow,gem,2026-09-24 04:00:00,23.5,1.0,19.4
Lucknow,gem,2026-09-24 05:00:00,24.7,0.1,20.5
Lucknow,gem,2026-09-24 06:00:00,23.5,0.0,20.5
Lucknow,gem,2026-09-24 07:00:00,24.1,0.0,23.0
Lucknow,gem,2026-09-24 08:00:00,24.7,0.0,26.3
Lucknow,gem,2026-09-24 09:00:00,25.0,0.2,23.0
Lucknow,gem,2026-09-24 10:00:00,24.9,0.1,24.5
Lucknow,gem,2026-09-24 11:00:00,25.4,0.0,26.6
Lucknow,gem,2026-09-24 12:00:00,25.6,0.0,25.2
Lucknow,gem,2026-09-24 13:00:00,26.0,0.0,21.2
Lucknow,gem,2026-09-24 14:00:00,26.2,0.0,19.4
Lucknow,gem,2026-09-24 15:00:00,25.9,0.1,20.2
Lucknow,gem,2026-09-24 16:00:00,25.4,0.4,21.2
Lucknow,gem,2026-09-24 17:00:00,25.1,0.0,21.6
Lucknow,gem,2026-09-24 18:00:00,24.1,0.0,18.4
Lucknow,gem,2026-09-24 19:00:00,23.7,0.0,18.4
Lucknow,gem,2026-09-24 20:00:00,23.6,0.0,16.9
Lucknow,gem,2026-09-24 21:00:00,23.8,0.0,18.0
Lucknow,gem,2026-09-24 22:00:00,23.5,0.0,18.7
Lucknow,gem,2026-09-24 23:00:00,23.5,0.0,19.4
Lucknow,gem,2026-09-25 00:00:00,23.3,0.0,21.6
Lucknow,gem,2026-09-25 01:00:00,22.9,1.0,23.8
Lucknow,gem,2026-09-25 02:00:00,22.6,4.6,27.7
Lucknow,gem,2026-09-25 03:00:00,22.4,6.3,25.6
Lucknow,gem,2026-09-25 04:00:00,22.3,5.2,26.6
Lucknow,gem,2026-09-25 05:00:00,22.3,3.4,25.6
Lucknow,gem,2026-09-25 06:00:00,22.2,3.1,25.2
Lucknow,gem,2026-09-25 07:00:00,22.1,3.7,24.5
Lucknow,gem,2026-09-25 08:00:00,22.2,2.4,23.4
Lucknow,gem,2026-09-25 09:00:00,22.4,1.7,23.0
Lucknow,gem,2026-09-25 10:00:00,22.5,1.8,24.1
Lucknow,gem,2026-09-25 11:00:00,22.6,3.0,26.6
Lucknow,gem,2026-09-25 12:00:00,22.5,6.0,28.8
Lucknow,gem,2026-09-25 13:00:00,22.6,5.1,29.2
Lucknow,gem,2026-09-25 14:00:00,22.6,5.3,27.7
Lucknow,gem,2026-09-25 15:00:00,22.6,5.3,29.2
Lucknow,gem,2026-09-25 16:00:00,22.7,3.3,29.9
Lucknow,gem,2026-09-25 17:00:00,22.7,2.7,30.6
Lucknow,gem,2026-09-25 18:00:00,22.6,2.1,26.6
Lucknow,gem,2026-09-25 19:00:00,22.6,3.0,27.7
Lucknow,gem,2026-09-25 20:00:00,22.5,4.2,29.2
Lucknow,gem,2026-09-25 21:00:00,22.2,5.5,31.7
Lucknow,gem,2026-09-25 22:00:00,22.1,2.2,31.0
Lucknow,gem,2026-09-25 23:00:00,21.8,6.0,31.7
Lucknow,gem,2026-09-26 00:00:00,21.7,12.0,27.7
Lucknow,gem,2026-09-26 01:00:00,21.8,11.8,29.2
Lucknow,gem,2026-09-26 02:00:00,21.7,9.2,26.6
Lucknow,gem,2026-09-26 03:00:00,21.5,8.4,27.0
Lucknow,gem,2026-09-26 04:00:00,21.5,11.2,29.5
Lucknow,gem,2026-09-26 05:00:00,21.3,9.7,33.5
Lucknow,gem,2026-09-26 06:00:00,21.2,7.0,30.6
Lucknow,gem,2026-09-26 07:00:00,21.3,5.4,27.4
Lucknow,gem,2026-09-26 08:00:00,21.8,5.5,25.9
Lucknow,gem,2026-09-26 09:00:00,22.5,6.0,25.2
Lucknow,gem,2026-09-26 10:00:00,22.5,5.5,33.8
Lucknow,gem,2026-09-26 11:00:00,22.1,3.9,30.2
Lucknow,gem,2026-09-26 12:00:00,22.3,8.4,27.4
Lucknow,gem,2026-09-26 13:00:00,22.4,9.7,24.1
Lucknow,gem,2026-09-26 14:00:00,23.0,9.5,19.1
Lucknow,gem,2026-09-26 15:00:00,23.7,10.8,18.7
Lucknow,gem,2026-09-26 16:00:00,23.7,6.3,24.1
Lucknow,gem,2026-09-26 17:00:00,23.2,2.6,25.6
Lucknow,gem,2026-09-26 18:00:00,22.9,1.2,24.8
Lucknow,gem,2026-09-26 19:00:00,22.9,1.1,23.0
Lucknow,gem,2026-09-26 20:00:00,23.1,1.0,24.1
Lucknow,gem,2026-09-26 21:00:00,23.1,1.3,23.8
Lucknow,gem,2026-09-26 22:00:00,23.2,1.5,23.0
Lucknow,gem,2026-09-26 23:00:00,23.3,1.1,20.9
Lucknow,gfs,2026-09-24 00:00:00,27.3,0.0,13.9
Lucknow,gfs,2026-09-24 01:00:00,27.1,0.0,12.4
Lucknow,gfs,2026-09-24 02:00:00,26.7,0.0,11.2
Lucknow,gfs,2026-09-24 03:00:00,26.5,0.0,11.3
Lucknow,gfs,2026-09-24 04:00:00,26.3,0.0,11.8
Lucknow,gfs,2026-09-24 05:00:00,26.0,0.0,12.8
Lucknow,gfs,2026-09-24 06:00:00,25.8,0.0,16.5
Lucknow,gfs,2026-09-24 07:00:00,26.1,0.0,20.3
Lucknow,gfs,2026-09-24 08:00:00,26.8,0.0,23.4
Lucknow,gfs,2026-09-24 09:00:00,27.8,0.0,25.6
Lucknow,gfs,2026-09-24 10:00:00,28.8,0.0,26.8
Lucknow,gfs,2026-09-24 11:00:00,29.1,0.0,24.5
Lucknow,gfs,2026-09-24 12:00:00,29.6,0.2,25.0
Lucknow,gfs,2026-09-24 13:00:00,28.6,1.3,24.2
Lucknow,gfs,2026-09-24 14:00:00,27.2,1.5,27.7
Lucknow,gfs,2026-09-24 15:00:00,26.5,0.2,26.3
Lucknow,gfs,2026-09-24 16:00:00,25.9,0.0,26.0
Lucknow,gfs,2026-09-24 17:00:00,23.9,1.0,24.4
Lucknow,gfs,2026-09-24 18:00:00,23.3,4.6,28.3
Lucknow,gfs,2026-09-24 19:00:00,23.4,4.0,29.4
Lucknow,gfs,2026-09-24 20:00:00,23.3,3.1,27.7
Lucknow,gfs,2026-09-24 21:00:00,23.2,0.9,24.0
Lucknow,gfs,2026-09-24 22:00:00,23.0,1.4,20.5
Lucknow,gfs,2026-09-24 23:00:00,23.1,0.9,20.7
Lucknow,gfs,2026-09-25 00:00:00,22.9,1.4,20.8
Lucknow,gfs,2026-09-25 01:00:00,22.7,1.4,20.3
Lucknow,gfs,2026-09-25 02:00:00,22.7,0.5,20.3
Lucknow,gfs,2026-09-25 03:00:00,22.7,0.8,17.7
Lucknow,gfs,2026-09-25 04:00:00,22.9,0.8,17.9
Lucknow,gfs,2026-09-25 05:00:00,22.8,0.6,18.1
Lucknow,gfs,2026-09-25 06:00:00,22.6,1.3,18.4
Lucknow,gfs,2026-09-25 07:00:00,22.6,2.2,19.4
Lucknow,gfs,2026-09-25 08:00:00,22.4,0.8,20.2
Lucknow,gfs,2026-09-25 09:00:00,22.1,3.4,20.9
Lucknow,gfs,2026-09-25 10:00:00,21.9,6.3,17.0
Lucknow,gfs,2026-09-25 11:00:00,22.0,6.4,18.6
Lucknow,gfs,2026-09-25 12:00:00,21.8,6.5,18.8
Lucknow,gfs,2026-09-25 13:00:00,21.7,6.4,18.3
Lucknow,gfs,2026-09-25 14:00:00,21.8,3.3,20.9
Lucknow,gfs,2026-09-25 15:00:00,21.6,5.0,26.8
Lucknow,gfs,2026-09-25 16:00:00,21.7,0.9,27.2
Lucknow,gfs,2026-09-25 17:00:00,21.5,2.8,26.6
Lucknow,gfs,2026-09-25 18:00:00,21.5,2.1,25.0
Lucknow,gfs,2026-09-25 19:00:00,21.3,4.3,24.3
Lucknow,gfs,2026-09-25 20:00:00,21.2,6.9,26.1
Lucknow,gfs,2026-09-25 21:00:00,21.2,4.3,25.7
Lucknow,gfs,2026-09-25 22:00:00,21.0,9.1,25.6
Lucknow,gfs,2026-09-25 23:00:00,20.8,6.6,27.2
Lucknow,gfs,2026-09-26 00:00:00,20.8,8.6,27.1
Lucknow,gfs,2026-09-26 01:00:00,20.8,2.0,28.0
Lucknow,gfs,2026-09-26 02:00:00,20.5,6.9,27.9
Lucknow,gfs,2026-09-26 03:00:00,20.7,9.8,24.7
Lucknow,gfs,2026-09-26 04:00:00,20.9,4.5,28.3
Lucknow,gfs,2026-09-26 05:00:00,20.7,14.7,26.9
Lucknow,gfs,2026-09-26 06:00:00,20.8,14.6,24.2
Lucknow,gfs,2026-09-26 07:00:00,20.7,18.0,24.5
Lucknow,gfs,2026-09-26 08:00:00,21.4,19.9,19.1
Lucknow,gfs,2026-09-26 09:00:00,21.8,15.0,17.8
Lucknow,gfs,2026-09-26 10:00:00,21.8,22.8,19.4
Lucknow,gfs,2026-09-26 11:00:00,22.5,10.9,12.9
Lucknow,gfs,2026-09-26 12:00:00,22.5,3.9,20.0
Lucknow,gfs,2026-09-26 13:00:00,22.7,2.2,21.9
Lucknow,gfs,2026-09-26 14:00:00,22.7,2.6,25.1
Lucknow,gfs,2026-09-26 15:00:00,22.8,2.9,25.3
Lucknow,gfs,2026-09-26 16:00:00,22.8,1.7,30.1
Lucknow,gfs,2026-09-26 17:00:00,22.7,0.7,28.6
Lucknow,gfs,2026-09-26 18:00:00,22.7,5.0,27.7
Lucknow,gfs,2026-09-26 19:00:00,22.7,6.3,33.3
Lucknow,gfs,2026-09-26 20:00:00,22.6,6.7,25.4
Lucknow,gfs,2026-09-26 21:00:00,22.8,1.9,22.0
Lucknow,gfs,2026-09-26 22:00:00,22.8,1.2,20.7
Lucknow,gfs,2026-09-26 23:00:00,23.0,1.0,24.5
Lucknow,icon,2026-09-24 00:00:00,27.1,0.0,6.2
Lucknow,icon,2026-09-24 01:00:00,26.8,0.0,6.6
Lucknow,icon,2026-09-24 02:00:00,26.3,1.4,10.9
Lucknow,icon,2026-09-24 03:00:00,26.0,0.4,11.4
Lucknow,icon,2026-09-24 04:00:00,25.3,1.6,12.3
Lucknow,icon,2026-09-24 05:00:00,25.3,0.0,7.4
Lucknow,icon,2026-09-24 06:00:00,25.3,0.0,8.6
Lucknow,icon,2026-09-24 07:00:00,25.9,0.0,12.8
Lucknow,icon,2026-09-24 08:00:00,27.0,0.0,14.4
Lucknow,icon,2026-09-24 09:00:00,27.9,0.0,17.4
Lucknow,icon,2026-09-24 10:00:00,28.3,0.2,17.3
Lucknow,icon,2026-09-24 11:00:00,29.3,0.0,13.0
Lucknow,icon,2026-09-24 12:00:00,29.1,0.8,13.4
Lucknow,icon,2026-09-24 13:00:00,29.6,0.7,12.2
Lucknow,icon,2026-09-24 14:00:00,29.5,0.1,13.7
Lucknow,icon,2026-09-24 15:00:00,29.1,0.0,13.0
Lucknow,icon,2026-09-24 16:00:00,28.4,0.0,13.3
Lucknow,icon,2026-09-24 17:00:00,27.3,0.0,12.3
Lucknow,icon,2026-09-24 18:00:00,26.5,0.0,10.2
Lucknow,icon,2026-09-24 19:00:00,26.1,0.0,10.2
Lucknow,icon,2026-09-24 20:00:00,25.7,0.0,11.3
Lucknow,icon,2026-09-24 21:00:00,25.4,0.0,11.4
Lucknow,icon,2026-09-24 22:00:00,25.1,0.0,10.8
Lucknow,icon,2026-09-24 23:00:00,24.9,0.0,12.1
Lucknow,icon,2026-09-25 00:00:00,24.7,0.1,11.3
Lucknow,icon,2026-09-25 01:00:00,24.6,0.0,12.2
Lucknow,icon,2026-09-25 02:00:00,24.4,0.1,13.3
Lucknow,icon,2026-09-25 03:00:00,24.1,0.0,15.0
Lucknow,icon,2026-09-25 04:00:00,23.8,0.1,14.7
Lucknow,icon,2026-09-25 05:00:00,23.6,0.1,13.4
Lucknow,icon,2026-09-25 06:00:00,23.3,0.3,14.5
Lucknow,icon,2026-09-25 07:00:00,22.9,1.4,12.6
Lucknow,icon,2026-09-25 08:00:00,23.1,1.7,12.0
Lucknow,icon,2026-09-25 09:00:00,23.0,2.8,11.2
Lucknow,icon,2026-09-25 10:00:00,23.0,7.3,10.4
Lucknow,icon,2026-09-25 11:00:00,23.4,3.7,12.4
Lucknow,icon,2026-09-25 12:00:00,23.7,4.0,18.0
Lucknow,icon,2026-09-25 13:00:00,23.5,9.4,19.6
Lucknow,icon,2026-09-25 14:00:00,23.1,5.0,17.6
Lucknow,icon,2026-09-25 15:00:00,23.1,1.9,16.3
Lucknow,icon,2026-09-25 16:00:00,22.8,4.9,17.3
Lucknow,icon,2026-09-25 17:00:00,22.4,5.1,16.6
Lucknow,icon,2026-09-25 18:00:00,22.5,5.1,15.3
Lucknow,icon,2026-09-25 19:00:00,22.6,3.5,14.2
Lucknow,icon,2026-09-25 20:00:00,22.2,2.3,14.4
Lucknow,icon,2026-09-25 21:00:00,22.1,2.3,15.8
Lucknow,icon,2026-09-25 22:00:00,21.9,7.2,15.4
Lucknow,icon,2026-09-25 23:00:00,22.2,8.8,15.9
Lucknow,icon,2026-09-26 00:00:00,22.2,5.2,14.8
Lucknow,icon,2026-09-26 01:00:00,22.7,0.3,17.4
Lucknow,icon,2026-09-26 02:00:00,22.4,1.2,14.8
Lucknow,icon,2026-09-26 03:00:00,22.2,4.7,16.0
Lucknow,icon,2026-09-26 04:00:00,22.2,5.5,15.9
Lucknow,icon,2026-09-26 05:00:00,22.4,7.7,16.0
Lucknow,icon,2026-09-26 06:00:00,22.5,2.6,15.4
Lucknow,icon,2026-09-26 07:00:00,22.5,8.0,15.9
Lucknow,icon,2026-09-26 08:00:00,23.0,3.4,17.2
Lucknow,icon,2026-09-26 09:00:00,23.3,2.0,16.1
Lucknow,icon,2026-09-26 10:00:00,23.9,4.8,13.0
Lucknow,icon,2026-09-26 11:00:00,24.2,1.9,14.9
Lucknow,icon,2026-09-26 12:00:00,24.1,6.5,14.2
Lucknow,icon,2026-09-26 13:00:00,24.1,8.2,12.0
Lucknow,icon,2026-09-26 14:00:00,24.3,5.6,12.2
Lucknow,icon,2026-09-26 15:00:00,24.9,2.3,11.9
Lucknow,icon,2026-09-26 16:00:00,25.1,0.5,13.0
Lucknow,icon,2026-09-26 17:00:00,25.4,1.3,13.6
Lucknow,icon,2026-09-26 18:00:00,25.3,1.2,14.1
Lucknow,icon,2026-09-26 19:00:00,25.5,0.8,14.8
Lucknow,icon,2026-09-26 20:00:00,25.4,0.1,12.2
Lucknow,icon,2026-09-26 21:00:00,25.3,0.1,12.4
Lucknow,icon,2026-09-26 22:00:00,25.1,0.0,14.2
Lucknow,icon,2026-09-26 23:00:00,24.6,0.5,14.7
Ludhiana,ecmwf,2026-09-24 00:00:00,26.8,0.0,3.1
Ludhiana,ecmwf,2026-09-24 01:00:00,26.2,0.0,4.2
Ludhiana,ecmwf,2026-09-24 02:00:00,25.9,0.0,5.2
Ludhiana,ecmwf,2026-09-24 03:00:00,26.0,0.0,6.1
Ludhiana,ecmwf,2026-09-24 04:00:00,26.4,0.0,6.9
Ludhiana,ecmwf,2026-09-24 05:00:00,26.7,0.0,7.0
Ludhiana,ecmwf,2026-09-24 06:00:00,26.5,0.0,6.6
Ludhiana,ecmwf,2026-09-24 07:00:00,26.2,0.0,11.8
Ludhiana,ecmwf,2026-09-24 08:00:00,26.4,0.0,15.0
Ludhiana,ecmwf,2026-09-24 09:00:00,27.6,0.3,10.7
Ludhiana,ecmwf,2026-09-24 10:00:00,29.3,0.3,3.3
Ludhiana,ecmwf,2026-09-24 11:00:00,30.7,0.3,4.8
Ludhiana,ecmwf,2026-09-24 12:00:00,31.7,0.0,5.1
Ludhiana,ecmwf,2026-09-24 13:00:00,32.4,0.0,2.5
Ludhiana,ecmwf,2026-09-24 14:00:00,32.6,0.0,0.5
Ludhiana,ecmwf,2026-09-24 15:00:00,32.4,0.0,2.0
Ludhiana,ecmwf,2026-09-24 16:00:00,31.7,0.0,4.1
Ludhiana,ecmwf,2026-09-24 17:00:00,30.9,0.0,5.4
Ludhiana,ecmwf,2026-09-24 18:00:00,29.8,0.0,4.9
Ludhiana,ecmwf,2026-09-24 19:00:00,28.6,0.0,3.6
Ludhiana,ecmwf,2026-09-24 20:00:00,27.6,0.0,1.8
Ludhiana,ecmwf,2026-09-24 21:00:00,26.8,0.0,0.4
Ludhiana,ecmwf,2026-09-24 22:00:00,26.1,0.0,2.6
Ludhiana,ecmwf,2026-09-24 23:00:00,25.6,0.0,4.9
Ludhiana,ecmwf,2026-09-25 00:00:00,25.4,0.0,6.7
Ludhiana,ecmwf,2026-09-25 01:00:00,25.3,0.0,7.9
Ludhiana,ecmwf,2026-09-25 02:00:00,25.2,0.0,8.7
Ludhiana,ecmwf,2026-09-25 03:00:00,24.9,0.0,8.5
Ludhiana,ecmwf,2026-09-25 04:00:00,24.5,0.0,7.7
Ludhiana,ecmwf,2026-09-25 05:00:00,24.5,0.0,7.0
Ludhiana,ecmwf,2026-09-25 06:00:00,24.9,0.0,7.0
Ludhiana,ecmwf,2026-09-25 07:00:00,25.6,0.0,6.7
Ludhiana,ecmwf,2026-09-25 08:00:00,26.5,0.0,5.9
Ludhiana,ecmwf,2026-09-25 09:00:00,27.8,0.0,4.1
Ludhiana,ecmwf,2026-09-25 10:00:00,29.3,0.0,3.0
Ludhiana,ecmwf,2026-09-25 11:00:00,30.5,0.0,4.0
Ludhiana,ecmwf,2026-09-25 12:00:00,31.2,0.0,6.1
Ludhiana,ecmwf,2026-09-25 13:00:00,31.7,0.0,9.0
Ludhiana,ecmwf,2026-09-25 14:00:00,31.9,0.0,10.8
Ludhiana,ecmwf,2026-09-25 15:00:00,31.6,0.0,10.5
Ludhiana,ecmwf,2026-09-25 16:00:00,31.0,0.0,8.8
Ludhiana,ecmwf,2026-09-25 17:00:00,30.2,0.0,7.1
Ludhiana,ecmwf,2026-09-25 18:00:00,29.1,0.0,5.4
Ludhiana,ecmwf,2026-09-25 19:00:00,27.7,0.0,4.1
Ludhiana,ecmwf,2026-09-25 20:00:00,26.6,0.0,3.4
Ludhiana,ecmwf,2026-09-25 21:00:00,25.8,0.0,2.6
Ludhiana,ecmwf,2026-09-25 22:00:00,25.2,0.0,2.9
Ludhiana,ecmwf,2026-09-25 23:00:00,24.7,0.0,3.6
Ludhiana,ecmwf,2026-09-26 00:00:00,24.3,0.0,3.1
Ludhiana,ecmwf,2026-09-26 01:00:00,24.0,0.0,1.8
Ludhiana,ecmwf,2026-09-26 02:00:00,23.7,0.0,1.1
Ludhiana,ecmwf,2026-09-26 03:00:00,23.3,0.0,1.3
Ludhiana,ecmwf,2026-09-26 04:00:00,22.9,0.0,2.6
Ludhiana,ecmwf,2026-09-26 05:00:00,22.9,0.0,3.0
Ludhiana,ecmwf,2026-09-26 06:00:00,23.6,0.0,1.9
Ludhiana,ecmwf,2026-09-26 07:00:00,24.8,0.0,0.7
Ludhiana,ecmwf,2026-09-26 08:00:00,26.1,0.0,1.3
Ludhiana,ecmwf,2026-09-26 09:00:00,27.7,0.0,0.8
Ludhiana,ecmwf,2026-09-26 10:00:00,29.4,0.0,0.4
Ludhiana,ecmwf,2026-09-26 11:00:00,30.8,0.0,1.1
Ludhiana,ecmwf,2026-09-26 12:00:00,31.7,0.0,4.0
Ludhiana,ecmwf,2026-09-26 13:00:00,32.2,0.0,8.4
Ludhiana,ecmwf,2026-09-26 14:00:00,32.3,0.0,11.3
Ludhiana,ecmwf,2026-09-26 15:00:00,32.0,0.0,11.2
Ludhiana,ecmwf,2026-09-26 16:00:00,31.2,0.0,9.3
Ludhiana,ecmwf,2026-09-26 17:00:00,30.3,0.0,7.8
Ludhiana,ecmwf,2026-09-26 18:00:00,29.2,0.0,6.6
Ludhiana,ecmwf,2026-09-26 19:00:00,27.8,0.0,5.4
Ludhiana,ecmwf,2026-09-26 20:00:00,26.7,0.0,4.3
Ludhiana,ecmwf,2026-09-26 21:00:00,26.0,0.0,4.2
Ludhiana,ecmwf,2026-09-26 22:00:00,25.5,0.0,4.4
Ludhiana,ecmwf,2026-09-26 23:00:00,25.0,0.0,4.8
Ludhiana,gem,2026-09-24 00:00:00,26.7,0.0,3.2
Ludhiana,gem,2026-09-24 01:00:00,26.1,0.0,4.3
Ludhiana,gem,2026-09-24 02:00:00,25.6,0.0,5.0
Ludhiana,gem,2026-09-24 03:00:00,25.5,0.0,6.5
Ludhiana,gem,2026-09-24 04:00:00,25.7,0.0,8.3
Ludhiana,gem,2026-09-24 05:00:00,27.8,0.0,10.8
Ludhiana,gem,2026-09-24 06:00:00,26.9,0.0,10.4
Ludhiana,gem,2026-09-24 07:00:00,28.2,0.0,10.8
Ludhiana,gem,2026-09-24 08:00:00,31.1,0.0,13.0
Ludhiana,gem,2026-09-24 09:00:00,33.1,0.0,14.0
Ludhiana,gem,2026-09-24 10:00:00,34.3,0.0,13.3
Ludhiana,gem,2026-09-24 11:00:00,35.2,0.0,14.0
Ludhiana,gem,2026-09-24 12:00:00,35.7,0.0,14.8
Ludhiana,gem,2026-09-24 13:00:00,36.2,0.0,15.5
Ludhiana,gem,2026-09-24 14:00:00,36.4,0.1,15.8
Ludhiana,gem,2026-09-24 15:00:00,33.4,1.6,9.7
Ludhiana,gem,2026-09-24 16:00:00,31.6,0.6,2.9
Ludhiana,gem,2026-09-24 17:00:00,30.2,0.1,5.8
Ludhiana,gem,2026-09-24 18:00:00,28.7,0.0,8.6
Ludhiana,gem,2026-09-24 19:00:00,27.4,0.0,7.2
Ludhiana,gem,2026-09-24 20:00:00,26.9,0.0,9.4
Ludhiana,gem,2026-09-24 21:00:00,26.8,0.0,11.2
Ludhiana,gem,2026-09-24 22:00:00,26.4,0.0,11.9
Ludhiana,gem,2026-09-24 23:00:00,25.9,0.0,12.2
Ludhiana,gem,2026-09-25 00:00:00,25.4,0.0,12.6
Ludhiana,gem,2026-09-25 01:00:00,25.0,0.0,13.0
Ludhiana,gem,2026-09-25 02:00:00,24.7,0.0,12.6
Ludhiana,gem,2026-09-25 03:00:00,24.5,0.0,13.3
Ludhiana,gem,2026-09-25 04:00:00,24.4,0.0,15.5
Ludhiana,gem,2026-09-25 05:00:00,24.2,0.0,14.0
Ludhiana,gem,2026-09-25 06:00:00,24.1,0.0,10.1
Ludhiana,gem,2026-09-25 07:00:00,24.6,0.0,11.2
Ludhiana,gem,2026-09-25 08:00:00,25.7,0.0,17.6
Ludhiana,gem,2026-09-25 09:00:00,27.1,0.0,19.4
Ludhiana,gem,2026-09-25 10:00:00,28.8,0.0,15.1
Ludhiana,gem,2026-09-25 11:00:00,30.5,0.0,11.9
Ludhiana,gem,2026-09-25 12:00:00,32.0,0.0,8.3
Ludhiana,gem,2026-09-25 13:00:00,33.2,0.0,4.7
Ludhiana,gem,2026-09-25 14:00:00,33.9,0.0,3.6
Ludhiana,gem,2026-09-25 15:00:00,33.2,0.5,4.0
Ludhiana,gem,2026-09-25 16:00:00,32.0,0.4,3.6
Ludhiana,gem,2026-09-25 17:00:00,31.7,0.0,5.0
Ludhiana,gem,2026-09-25 18:00:00,30.2,0.0,4.3
Ludhiana,gem,2026-09-25 19:00:00,28.6,0.0,5.8
Ludhiana,gem,2026-09-25 20:00:00,27.5,0.0,6.5
Ludhiana,gem,2026-09-25 21:00:00,26.8,0.0,7.6
Ludhiana,gem,2026-09-25 22:00:00,26.3,0.0,10.1
Ludhiana,gem,2026-09-25 23:00:00,25.9,0.0,9.7
Ludhiana,gem,2026-09-26 00:00:00,25.4,0.0,8.3
Ludhiana,gem,2026-09-26 01:00:00,24.8,0.0,7.2
Ludhiana,gem,2026-09-26 02:00:00,24.3,0.0,7.2
Ludhiana,gem,2026-09-26 03:00:00,23.9,0.0,8.3
Ludhiana,gem,2026-09-26 04:00:00,23.4,0.0,8.3
Ludhiana,gem,2026-09-26 05:00:00,22.9,0.0,7.2
Ludhiana,gem,2026-09-26 06:00:00,22.5,0.0,6.8
Ludhiana,gem,2026-09-26 07:00:00,23.8,0.0,7.6
Ludhiana,gem,2026-09-26 08:00:00,26.5,0.0,8.3
Ludhiana,gem,2026-09-26 09:00:00,29.0,0.0,6.8
Ludhiana,gem,2026-09-26 10:00:00,31.1,0.0,4.3
Ludhiana,gem,2026-09-26 11:00:00,32.9,0.0,6.1
Ludhiana,gem,2026-09-26 12:00:00,34.3,0.0,11.9
Ludhiana,gem,2026-09-26 13:00:00,35.2,0.0,15.1
Ludhiana,gem,2026-09-26 14:00:00,35.6,0.0,16.6
Ludhiana,gem,2026-09-26 15:00:00,35.6,0.0,16.6
Ludhiana,gem,2026-09-26 16:00:00,35.2,0.0,15.5
Ludhiana,gem,2026-09-26 17:00:00,34.3,0.0,14.0
Ludhiana,gem,2026-09-26 18:00:00,32.3,0.0,10.8
Ludhiana,gem,2026-09-26 19:00:00,30.5,0.0,12.2
Ludhiana,gem,2026-09-26 20:00:00,29.2,0.0,8.3
Ludhiana,gem,2026-09-26 21:00:00,27.1,0.0,9.4
Ludhiana,gem,2026-09-26 22:00:00,25.6,0.0,15.8
Ludhiana,gem,2026-09-26 23:00:00,24.8,0.0,16.9
Ludhiana,gfs,2026-09-24 00:00:00,24.5,0.0,11.7
Ludhiana,gfs,2026-09-24 01:00:00,23.5,0.0,11.3
Ludhiana,gfs,2026-09-24 02:00:00,23.0,0.0,10.7
Ludhiana,gfs,2026-09-24 03:00:00,22.7,0.0,11.2
Ludhiana,gfs,2026-09-24 04:00:00,22.3,0.0,10.0
Ludhiana,gfs,2026-09-24 05:00:00,22.2,0.0,10.4
Ludhiana,gfs,2026-09-24 06:00:00,22.0,0.0,9.8
Ludhiana,gfs,2026-09-24 07:00:00,24.7,0.0,10.6
Ludhiana,gfs,2026-09-24 08:00:00,28.6,0.0,12.3
Ludhiana,gfs,2026-09-24 09:00:00,31.9,0.0,11.4
Ludhiana,gfs,2026-09-24 10:00:00,34.1,0.0,9.2
Ludhiana,gfs,2026-09-24 11:00:00,36.3,0.0,7.6
Ludhiana,gfs,2026-09-24 12:00:00,37.9,0.0,6.3
Ludhiana,gfs,2026-09-24 13:00:00,39.0,0.0,4.7
Ludhiana,gfs,2026-09-24 14:00:00,39.1,0.0,4.9
Ludhiana,gfs,2026-09-24 15:00:00,38.7,0.0,6.1
Ludhiana,gfs,2026-09-24 16:00:00,38.1,0.0,8.1
Ludhiana,gfs,2026-09-24 17:00:00,37.1,0.0,9.8
Ludhiana,gfs,2026-09-24 18:00:00,32.4,0.0,13.8
Ludhiana,gfs,2026-09-24 19:00:00,29.6,0.0,16.6
Ludhiana,gfs,2026-09-24 20:00:00,28.1,0.0,14.5
Ludhiana,gfs,2026-09-24 21:00:00,27.0,0.0,12.4
Ludhiana,gfs,2026-09-24 22:00:00,26.1,0.0,12.3
Ludhiana,gfs,2026-09-24 23:00:00,25.4,0.0,13.0
Ludhiana,gfs,2026-09-25 00:00:00,25.1,0.0,13.0
Ludhiana,gfs,2026-09-25 01:00:00,24.8,0.0,14.5
Ludhiana,gfs,2026-09-25 02:00:00,24.8,0.0,14.3
Ludhiana,gfs,2026-09-25 03:00:00,24.0,0.0,12.6
Ludhiana,gfs,2026-09-25 04:00:00,23.5,0.0,13.5
Ludhiana,gfs,2026-09-25 05:00:00,23.2,0.0,14.9
Ludhiana,gfs,2026-09-25 06:00:00,22.9,0.0,15.9
Ludhiana,gfs,2026-09-25 07:00:00,24.6,0.0,19.4
Ludhiana,gfs,2026-09-25 08:00:00,27.5,0.0,20.7
Ludhiana,gfs,2026-09-25 09:00:00,30.0,0.0,19.3
Ludhiana,gfs,2026-09-25 10:00:00,32.3,0.0,15.6
Ludhiana,gfs,2026-09-25 11:00:00,34.0,0.0,12.6
Ludhiana,gfs,2026-09-25 12:00:00,35.9,0.0,8.7
Ludhiana,gfs,2026-09-25 13:00:00,38.2,0.0,4.3
Ludhiana,gfs,2026-09-25 14:00:00,38.4,0.0,6.4
Ludhiana,gfs,2026-09-25 15:00:00,38.1,0.0,9.7
Ludhiana,gfs,2026-09-25 16:00:00,38.0,0.0,10.9
Ludhiana,gfs,2026-09-25 17:00:00,37.0,0.0,12.0
Ludhiana,gfs,2026-09-25 18:00:00,32.8,0.0,13.0
Ludhiana,gfs,2026-09-25 19:00:00,30.5,0.0,18.6
Ludhiana,gfs,2026-09-25 20:00:00,29.1,0.0,14.4
Ludhiana,gfs,2026-09-25 21:00:00,27.5,0.0,12.8
Ludhiana,gfs,2026-09-25 22:00:00,27.2,0.0,14.8
Ludhiana,gfs,2026-09-25 23:00:00,26.6,0.0,14.8
Ludhiana,gfs,2026-09-26 00:00:00,25.9,0.0,17.8
Ludhiana,gfs,2026-09-26 01:00:00,25.4,0.0,19.1
Ludhiana,gfs,2026-09-26 02:00:00,24.4,0.0,16.2
Ludhiana,gfs,2026-09-26 03:00:00,23.7,0.0,14.8
Ludhiana,gfs,2026-09-26 04:00:00,23.1,0.0,14.0
Ludhiana,gfs,2026-09-26 05:00:00,22.7,0.0,13.0
Ludhiana,gfs,2026-09-26 06:00:00,22.3,0.0,12.4
Ludhiana,gfs,2026-09-26 07:00:00,24.5,0.0,14.2
Ludhiana,gfs,2026-09-26 08:00:00,27.7,0.0,13.8
Ludhiana,gfs,2026-09-26 09:00:00,30.5,0.0,12.0
Ludhiana,gfs,2026-09-26 10:00:00,32.9,0.0,10.5
Ludhiana,gfs,2026-09-26 11:00:00,35.5,0.0,8.3
Ludhiana,gfs,2026-09-26 12:00:00,38.0,0.0,5.7
Ludhiana,gfs,2026-09-26 13:00:00,39.6,0.0,4.0
Ludhiana,gfs,2026-09-26 14:00:00,39.7,0.0,5.5
Ludhiana,gfs,2026-09-26 15:00:00,39.2,0.0,9.7
Ludhiana,gfs,2026-09-26 16:00:00,39.0,0.0,12.0
Ludhiana,gfs,2026-09-26 17:00:00,37.8,0.0,14.7
Ludhiana,gfs,2026-09-26 18:00:00,33.2,0.0,12.5
Ludhiana,gfs,2026-09-26 19:00:00,29.8,0.0,21.1
Ludhiana,gfs,2026-09-26 20:00:00,28.5,0.0,21.0
Ludhiana,gfs,2026-09-26 21:00:00,27.4,0.0,20.8
Ludhiana,gfs,2026-09-26 22:00:00,26.2,0.0,21.7
Ludhiana,gfs,2026-09-26 23:00:00,24.4,0.0,21.2
Ludhiana,icon,2026-09-24 00:00:00,27.7,0.0,1.1
Ludhiana,icon,2026-09-24 01:00:00,27.2,0.0,1.8
Ludhiana,icon,2026-09-24 02:00:00,26.6,0.0,3.3
Ludhiana,icon,2026-09-24 03:00:00,26.2,0.0,4.8
Ludhiana,icon,2026-09-24 04:00:00,26.0,0.0,6.3
Ludhiana,icon,2026-09-24 05:00:00,25.9,0.0,6.8
Ludhiana,icon,2026-09-24 06:00:00,25.8,0.0,6.9
Ludhiana,icon,2026-09-24 07:00:00,26.1,0.0,6.8
Ludhiana,icon,2026-09-24 08:00:00,27.2,0.0,9.2
Ludhiana,icon,2026-09-24 09:00:00,28.6,0.0,6.9
Ludhiana,icon,2026-09-24 10:00:00,30.4,0.0,8.4
Ludhiana,icon,2026-09-24 11:00:00,32.2,0.0,7.0
Ludhiana,icon,2026-09-24 12:00:00,33.2,0.0,3.9
Ludhiana,icon,2026-09-24 13:00:00,33.8,0.0,2.4
Ludhiana,icon,2026-09-24 14:00:00,34.2,0.0,0.0
Ludhiana,icon,2026-09-24 15:00:00,34.1,0.0,3.3
Ludhiana,icon,2026-09-24 16:00:00,33.8,0.0,3.2
Ludhiana,icon,2026-09-24 17:00:00,32.9,0.0,3.4
Ludhiana,icon,2026-09-24 18:00:00,31.3,0.0,2.9
Ludhiana,icon,2026-09-24 19:00:00,29.9,0.0,4.0
Ludhiana,icon,2026-09-24 20:00:00,28.5,0.0,5.8
Ludhiana,icon,2026-09-24 21:00:00,27.7,0.0,4.4
Ludhiana,icon,2026-09-24 22:00:00,27.3,0.0,3.4
Ludhiana,icon,2026-09-24 23:00:00,27.0,0.0,2.7
Ludhiana,icon,2026-09-25 00:00:00,26.7,0.0,2.9
Ludhiana,icon,2026-09-25 01:00:00,26.4,0.0,3.6
Ludhiana,icon,2026-09-25 02:00:00,26.1,0.0,4.3
Ludhiana,icon,2026-09-25 03:00:00,25.7,0.0,6.2
Ludhiana,icon,2026-09-25 04:00:00,25.6,0.0,8.2
Ludhiana,icon,2026-09-25 05:00:00,25.4,0.0,8.9
Ludhiana,icon,2026-09-25 06:00:00,25.2,0.0,7.9
Ludhiana,icon,2026-09-25 07:00:00,25.4,0.0,8.1
Ludhiana,icon,2026-09-25 08:00:00,26.2,0.0,9.4
Ludhiana,icon,2026-09-25 09:00:00,27.3,0.0,10.0
Ludhiana,icon,2026-09-25 10:00:00,28.5,0.0,8.8
Ludhiana,icon,2026-09-25 11:00:00,30.0,0.0,7.1
Ludhiana,icon,2026-09-25 12:00:00,31.2,0.0,4.6
Ludhiana,icon,2026-09-25 13:00:00,32.2,0.0,0.8
Ludhiana,icon,2026-09-25 14:00:00,32.6,0.0,1.9
Ludhiana,icon,2026-09-25 15:00:00,32.8,0.0,3.1
Ludhiana,icon,2026-09-25 16:00:00,32.6,0.0,3.2
Ludhiana,icon,2026-09-25 17:00:00,32.1,0.0,1.9
Ludhiana,icon,2026-09-25 18:00:00,31.2,0.0,1.6
Ludhiana,icon,2026-09-25 19:00:00,29.9,0.0,2.8
Ludhiana,icon,2026-09-25 20:00:00,29.1,0.0,3.6
Ludhiana,icon,2026-09-25 21:00:00,28.2,0.0,4.6
Ludhiana,icon,2026-09-25 22:00:00,27.6,0.0,5.2
Ludhiana,icon,2026-09-25 23:00:00,27.2,0.0,4.8
Ludhiana,icon,2026-09-26 00:00:00,26.9,0.0,6.1
Ludhiana,icon,2026-09-26 01:00:00,26.5,0.0,6.1
Ludhiana,icon,2026-09-26 02:00:00,26.0,0.0,5.8
Ludhiana,icon,2026-09-26 03:00:00,25.6,0.0,5.9
Ludhiana,icon,2026-09-26 04:00:00,25.2,0.0,5.2
Ludhiana,icon,2026-09-26 05:00:00,24.9,0.0,5.2
Ludhiana,icon,2026-09-26 06:00:00,24.6,0.0,5.2
Ludhiana,icon,2026-09-26 07:00:00,24.7,0.0,5.8
Ludhiana,icon,2026-09-26 08:00:00,25.4,0.0,5.4
Ludhiana,icon,2026-09-26 09:00:00,26.7,0.0,6.0
Ludhiana,icon,2026-09-26 10:00:00,28.3,0.0,3.6
Ludhiana,icon,2026-09-26 11:00:00,29.7,0.0,2.9
Ludhiana,icon,2026-09-26 12:00:00,30.7,0.0,3.5
Ludhiana,icon,2026-09-26 13:00:00,31.6,0.0,2.5
Ludhiana,icon,2026-09-26 14:00:00,32.2,0.0,1.4
Ludhiana,icon,2026-09-26 15:00:00,32.5,0.0,3.7
Ludhiana,icon,2026-09-26 16:00:00,32.4,0.0,2.1
Ludhiana,icon,2026-09-26 17:00:00,32.0,0.0,0.8
Ludhiana,icon,2026-09-26 18:00:00,30.7,0.0,1.8
Ludhiana,icon,2026-09-26 19:00:00,29.4,0.0,2.8
Ludhiana,icon,2026-09-26 20:00:00,28.4,0.0,3.6
Ludhiana,icon,2026-09-26 21:00:00,27.4,0.0,6.1
Ludhiana,icon,2026-09-26 22:00:00,26.6,0.0,8.5
Ludhiana,icon,2026-09-26 23:00:00,26.1,0.0,7.3
Madurai,ecmwf,2026-09-24 00:00:00,28.2,0.0,4.6
Madurai,ecmwf,2026-09-24 01:00:00,27.5,0.0,3.2
Madurai,ecmwf,2026-09-24 02:00:00,27.1,0.0,2.2
Madurai,ecmwf,2026-09-24 03:00:00,26.8,0.0,1.9
Madurai,ecmwf,2026-09-24 04:00:00,26.6,0.0,1.6
Madurai,ecmwf,2026-09-24 05:00:00,26.8,0.0,1.1
Madurai,ecmwf,2026-09-24 06:00:00,27.4,0.0,0.7
Madurai,ecmwf,2026-09-24 07:00:00,28.4,0.0,0.8
Madurai,ecmwf,2026-09-24 08:00:00,29.6,0.0,1.5
Madurai,ecmwf,2026-09-24 09:00:00,31.1,0.0,3.6
Madurai,ecmwf,2026-09-24 10:00:00,32.7,0.0,6.9
Madurai,ecmwf,2026-09-24 11:00:00,34.0,0.0,10.4
Madurai,ecmwf,2026-09-24 12:00:00,34.7,0.0,14.8
Madurai,ecmwf,2026-09-24 13:00:00,34.9,0.0,20.6
Madurai,ecmwf,2026-09-24 14:00:00,34.7,0.0,24.9
Madurai,ecmwf,2026-09-24 15:00:00,33.7,0.0,26.9
Madurai,ecmwf,2026-09-24 16:00:00,32.2,0.0,27.1
Madurai,ecmwf,2026-09-24 17:00:00,30.9,0.0,26.0
Madurai,ecmwf,2026-09-24 18:00:00,29.9,0.0,22.4
Madurai,ecmwf,2026-09-24 19:00:00,29.2,0.0,16.9
Madurai,ecmwf,2026-09-24 20:00:00,28.5,0.0,12.6
Madurai,ecmwf,2026-09-24 21:00:00,28.0,0.0,8.6
Madurai,ecmwf,2026-09-24 22:00:00,27.5,0.0,5.4
Madurai,ecmwf,2026-09-24 23:00:00,27.2,0.0,3.3
Madurai,ecmwf,2026-09-25 00:00:00,27.1,0.0,4.2
Madurai,ecmwf,2026-09-25 01:00:00,27.2,0.0,7.2
Madurai,ecmwf,2026-09-25 02:00:00,27.1,0.0,8.5
Madurai,ecmwf,2026-09-25 03:00:00,26.7,0.0,6.8
Madurai,ecmwf,2026-09-25 04:00:00,26.1,0.0,3.8
Madurai,ecmwf,2026-09-25 05:00:00,26.0,0.0,1.8
Madurai,ecmwf,2026-09-25 06:00:00,26.6,0.0,1.8
Madurai,ecmwf,2026-09-25 07:00:00,27.6,0.0,3.9
Madurai,ecmwf,2026-09-25 08:00:00,29.0,0.0,6.4
Madurai,ecmwf,2026-09-25 09:00:00,31.0,0.0,10.1
Madurai,ecmwf,2026-09-25 10:00:00,33.3,0.0,16.0
Madurai,ecmwf,2026-09-25 11:00:00,35.1,0.0,19.8
Madurai,ecmwf,2026-09-25 12:00:00,36.0,0.0,20.2
Madurai,ecmwf,2026-09-25 13:00:00,36.4,0.0,19.5
Madurai,ecmwf,2026-09-25 14:00:00,36.2,0.0,19.0
Madurai,ecmwf,2026-09-25 15:00:00,35.3,0.0,19.1
Madurai,ecmwf,2026-09-25 16:00:00,33.8,0.0,18.7
Madurai,ecmwf,2026-09-25 17:00:00,32.3,0.0,17.4
Madurai,ecmwf,2026-09-25 18:00:00,31.0,0.0,14.3
Madurai,ecmwf,2026-09-25 19:00:00,29.6,0.0,10.8
Madurai,ecmwf,2026-09-25 20:00:00,28.4,0.0,8.2
Madurai,ecmwf,2026-09-25 21:00:00,27.6,0.0,6.9
Madurai,ecmwf,2026-09-25 22:00:00,26.9,0.0,5.9
Madurai,ecmwf,2026-09-25 23:00:00,26.3,0.0,5.1
Madurai,ecmwf,2026-09-26 00:00:00,25.7,0.0,4.3
Madurai,ecmwf,2026-09-26 01:00:00,25.2,0.0,4.0
Madurai,ecmwf,2026-09-26 02:00:00,24.7,0.0,4.0
Madurai,ecmwf,2026-09-26 03:00:00,24.1,0.0,4.7
Madurai,ecmwf,2026-09-26 04:00:00,23.6,0.0,5.4
Madurai,ecmwf,2026-09-26 05:00:00,23.8,0.0,5.8
Madurai,ecmwf,2026-09-26 06:00:00,24.9,0.0,4.9
Madurai,ecmwf,2026-09-26 07:00:00,26.7,0.0,3.6
Madurai,ecmwf,2026-09-26 08:00:00,28.6,0.0,2.4
Madurai,ecmwf,2026-09-26 09:00:00,30.4,0.0,0.8
Madurai,ecmwf,2026-09-26 10:00:00,32.2,0.0,3.1
Madurai,ecmwf,2026-09-26 11:00:00,33.6,0.0,5.9
Madurai,ecmwf,2026-09-26 12:00:00,34.4,0.0,8.6
Madurai,ecmwf,2026-09-26 13:00:00,34.7,0.0,11.3
Madurai,ecmwf,2026-09-26 14:00:00,34.8,0.0,11.6
Madurai,ecmwf,2026-09-26 15:00:00,34.7,0.0,7.9
Madurai,ecmwf,2026-09-26 16:00:00,34.3,0.0,2.9
Madurai,ecmwf,2026-09-26 17:00:00,33.6,0.0,2.6
Madurai,ecmwf,2026-09-26 18:00:00,32.4,0.0,3.1
Madurai,ecmwf,2026-09-26 19:00:00,31.0,0.0,2.7
Madurai,ecmwf,2026-09-26 20:00:00,29.8,0.0,4.0
Madurai,ecmwf,2026-09-26 21:00:00,29.0,0.0,4.8
Madurai,ecmwf,2026-09-26 22:00:00,28.4,0.0,5.6
Madurai,ecmwf,2026-09-26 23:00:00,27.9,0.0,6.5
Madurai,gem,2026-09-24 00:00:00,28.4,0.0,18.7
Madurai,gem,2026-09-24 01:00:00,28.0,0.0,14.0
Madurai,gem,2026-09-24 02:00:00,27.2,0.0,10.8
Madurai,gem,2026-09-24 03:00:00,26.5,0.0,9.0
Madurai,gem,2026-09-24 04:00:00,26.0,0.0,9.0
Madurai,gem,2026-09-24 05:00:00,25.5,0.0,5.4
Madurai,gem,2026-09-24 06:00:00,25.2,0.0,8.6
Madurai,gem,2026-09-24 07:00:00,27.7,0.0,12.6
Madurai,gem,2026-09-24 08:00:00,30.5,0.0,21.6
Madurai,gem,2026-09-24 09:00:00,32.1,0.0,24.1
Madurai,gem,2026-09-24 10:00:00,33.4,0.0,24.8
Madurai,gem,2026-09-24 11:00:00,34.6,0.0,25.9
Madurai,gem,2026-09-24 12:00:00,35.0,0.0,28.4
Madurai,gem,2026-09-24 13:00:00,35.1,0.0,29.5
Madurai,gem,2026-09-24 14:00:00,35.2,0.0,31.0
Madurai,gem,2026-09-24 15:00:00,34.9,0.0,31.3
Madurai,gem,2026-09-24 16:00:00,34.3,0.0,31.0
Madurai,gem,2026-09-24 17:00:00,33.1,0.0,29.9
Madurai,gem,2026-09-24 18:00:00,31.2,0.0,27.7
Madurai,gem,2026-09-24 19:00:00,30.1,0.0,26.6
Madurai,gem,2026-09-24 20:00:00,29.3,0.0,25.9
Madurai,gem,2026-09-24 21:00:00,28.7,0.0,24.5
Madurai,gem,2026-09-24 22:00:00,28.2,0.0,21.2
Madurai,gem,2026-09-24 23:00:00,27.6,0.0,18.7
Madurai,gem,2026-09-25 00:00:00,27.1,0.0,16.6
Madurai,gem,2026-09-25 01:00:00,26.7,0.0,15.1
Madurai,gem,2026-09-25 02:00:00,26.4,0.0,13.0
Madurai,gem,2026-09-25 03:00:00,25.7,0.0,10.4
Madurai,gem,2026-09-25 04:00:00,25.0,0.0,8.3
Madurai,gem,2026-09-25 05:00:00,24.3,0.0,6.1
Madurai,gem,2026-09-25 06:00:00,24.1,0.0,4.3
Madurai,gem,2026-09-25 07:00:00,26.5,0.0,5.4
Madurai,gem,2026-09-25 08:00:00,30.2,0.0,13.3
Madurai,gem,2026-09-25 09:00:00,32.5,0.0,20.5
Madurai,gem,2026-09-25 10:00:00,34.0,0.0,22.3
Madurai,gem,2026-09-25 11:00:00,35.1,0.0,22.0
Madurai,gem,2026-09-25 12:00:00,35.9,0.0,21.6
Madurai,gem,2026-09-25 13:00:00,36.6,0.0,21.6
Madurai,gem,2026-09-25 14:00:00,36.8,0.0,22.0
Madurai,gem,2026-09-25 15:00:00,36.7,0.0,22.0
Madurai,gem,2026-09-25 16:00:00,35.9,0.0,22.7
Madurai,gem,2026-09-25 17:00:00,34.5,0.0,23.4
Madurai,gem,2026-09-25 18:00:00,32.5,0.0,23.4
Madurai,gem,2026-09-25 19:00:00,31.0,0.0,24.8
Madurai,gem,2026-09-25 20:00:00,30.0,0.0,24.5
Madurai,gem,2026-09-25 21:00:00,29.2,0.0,22.7
Madurai,gem,2026-09-25 22:00:00,28.7,0.0,20.9
Madurai,gem,2026-09-25 23:00:00,28.1,0.0,18.7
Madurai,gem,2026-09-26 00:00:00,27.5,0.0,16.2
Madurai,gem,2026-09-26 01:00:00,26.7,0.0,13.7
Madurai,gem,2026-09-26 02:00:00,25.8,0.0,11.5
Madurai,gem,2026-09-26 03:00:00,24.9,0.0,10.4
Madurai,gem,2026-09-26 04:00:00,24.2,0.0,9.4
Madurai,gem,2026-09-26 05:00:00,23.6,0.0,7.6
Madurai,gem,2026-09-26 06:00:00,23.3,0.0,7.2
Madurai,gem,2026-09-26 07:00:00,25.8,0.0,6.8
Madurai,gem,2026-09-26 08:00:00,29.1,0.0,7.9
Madurai,gem,2026-09-26 09:00:00,31.6,0.0,8.6
Madurai,gem,2026-09-26 10:00:00,33.8,0.0,8.6
Madurai,gem,2026-09-26 11:00:00,35.4,0.0,8.6
Madurai,gem,2026-09-26 12:00:00,36.5,0.0,7.9
Madurai,gem,2026-09-26 13:00:00,37.2,0.0,7.6
Madurai,gem,2026-09-26 14:00:00,37.5,0.0,7.9
Madurai,gem,2026-09-26 15:00:00,37.4,0.0,7.6
Madurai,gem,2026-09-26 16:00:00,36.9,0.0,9.4
Madurai,gem,2026-09-26 17:00:00,35.9,0.0,12.6
Madurai,gem,2026-09-26 18:00:00,33.6,0.0,15.5
Madurai,gem,2026-09-26 19:00:00,31.6,0.0,17.3
Madurai,gem,2026-09-26 20:00:00,30.2,0.0,14.0
Madurai,gem,2026-09-26 21:00:00,28.9,0.0,10.1
Madurai,gem,2026-09-26 22:00:00,27.7,0.0,8.3
Madurai,gem,2026-09-26 23:00:00,26.7,0.0,7.9
Madurai,gfs,2026-09-24 00:00:00,27.0,0.0,14.3
Madurai,gfs,2026-09-24 01:00:00,26.8,0.0,12.8
Madurai,gfs,2026-09-24 02:00:00,26.5,0.0,10.6
Madurai,gfs,2026-09-24 03:00:00,26.2,0.0,10.5
Madurai,gfs,2026-09-24 04:00:00,26.0,0.0,8.1
Madurai,gfs,2026-09-24 05:00:00,25.9,0.0,6.4
Madurai,gfs,2026-09-24 06:00:00,25.9,0.0,8.9
Madurai,gfs,2026-09-24 07:00:00,27.1,0.0,6.6
Madurai,gfs,2026-09-24 08:00:00,29.0,0.0,15.6
Madurai,gfs,2026-09-24 09:00:00,30.8,0.0,18.0
Madurai,gfs,2026-09-24 10:00:00,32.1,0.0,20.2
Madurai,gfs,2026-09-24 11:00:00,33.8,0.0,24.1
Madurai,gfs,2026-09-24 12:00:00,34.6,0.0,26.4
Madurai,gfs,2026-09-24 13:00:00,34.7,0.0,30.4
Madurai,gfs,2026-09-24 14:00:00,33.7,0.0,38.2
Madurai,gfs,2026-09-24 15:00:00,33.4,0.0,38.1
Madurai,gfs,2026-09-24 16:00:00,31.9,0.0,33.7
Madurai,gfs,2026-09-24 17:00:00,30.5,0.0,29.9
Madurai,gfs,2026-09-24 18:00:00,29.1,0.0,26.6
Madurai,gfs,2026-09-24 19:00:00,28.4,0.0,25.7
Madurai,gfs,2026-09-24 20:00:00,27.8,0.0,24.9
Madurai,gfs,2026-09-24 21:00:00,27.4,0.0,22.1
Madurai,gfs,2026-09-24 22:00:00,26.9,0.0,18.6
Madurai,gfs,2026-09-24 23:00:00,26.8,0.0,16.6
Madurai,gfs,2026-09-25 00:00:00,26.2,0.0,11.8
Madurai,gfs,2026-09-25 01:00:00,25.7,0.0,11.0
Madurai,gfs,2026-09-25 02:00:00,25.6,0.0,10.2
Madurai,gfs,2026-09-25 03:00:00,25.4,0.0,7.3
Madurai,gfs,2026-09-25 04:00:00,25.1,0.0,8.0
Madurai,gfs,2026-09-25 05:00:00,24.9,0.0,6.2
Madurai,gfs,2026-09-25 06:00:00,25.1,0.0,6.8
Madurai,gfs,2026-09-25 07:00:00,26.6,0.0,7.6
Madurai,gfs,2026-09-25 08:00:00,28.4,0.0,11.2
Madurai,gfs,2026-09-25 09:00:00,29.8,0.0,14.6
Madurai,gfs,2026-09-25 10:00:00,31.3,0.0,16.3
Madurai,gfs,2026-09-25 11:00:00,32.6,0.0,17.0
Madurai,gfs,2026-09-25 12:00:00,33.7,0.0,16.7
Madurai,gfs,2026-09-25 13:00:00,34.0,0.0,16.2
Madurai,gfs,2026-09-25 14:00:00,34.3,0.0,15.0
Madurai,gfs,2026-09-25 15:00:00,34.2,0.0,15.4
Madurai,gfs,2026-09-25 16:00:00,33.7,0.0,14.8
Madurai,gfs,2026-09-25 17:00:00,30.8,0.0,19.9
Madurai,gfs,2026-09-25 18:00:00,29.5,0.0,21.7
Madurai,gfs,2026-09-25 19:00:00,28.6,0.0,21.2
Madurai,gfs,2026-09-25 20:00:00,28.0,0.0,15.5
Madurai,gfs,2026-09-25 21:00:00,27.8,0.0,15.2
Madurai,gfs,2026-09-25 22:00:00,27.6,0.0,13.7
Madurai,gfs,2026-09-25 23:00:00,27.2,0.0,11.6
Madurai,gfs,2026-09-26 00:00:00,26.9,0.0,10.9
Madurai,gfs,2026-09-26 01:00:00,26.5,0.0,10.5
Madurai,gfs,2026-09-26 02:00:00,26.3,0.0,10.9
Madurai,gfs,2026-09-26 03:00:00,25.8,0.0,9.6
Madurai,gfs,2026-09-26 04:00:00,25.7,0.0,8.2
Madurai,gfs,2026-09-26 05:00:00,25.7,0.0,8.7
Madurai,gfs,2026-09-26 06:00:00,25.6,0.0,9.4
Madurai,gfs,2026-09-26 07:00:00,26.7,0.0,9.9
Madurai,gfs,2026-09-26 08:00:00,28.2,0.0,13.5
Madurai,gfs,2026-09-26 09:00:00,29.9,0.0,17.6
Madurai,gfs,2026-09-26 10:00:00,31.6,0.0,17.9
Madurai,gfs,2026-09-26 11:00:00,32.3,0.0,18.6
Madurai,gfs,2026-09-26 12:00:00,32.6,0.0,16.2
Madurai,gfs,2026-09-26 13:00:00,32.9,0.0,12.3
Madurai,gfs,2026-09-26 14:00:00,33.1,0.0,10.4
Madurai,gfs,2026-09-26 15:00:00,33.2,0.0,12.8
Madurai,gfs,2026-09-26 16:00:00,32.6,0.0,14.5
Madurai,gfs,2026-09-26 17:00:00,31.2,0.0,13.9
Madurai,gfs,2026-09-26 18:00:00,29.1,0.0,15.8
Madurai,gfs,2026-09-26 19:00:00,28.5,0.0,18.7
Madurai,gfs,2026-09-26 20:00:00,28.1,0.0,17.1
Madurai,gfs,2026-09-26 21:00:00,27.5,0.0,12.4
Madurai,gfs,2026-09-26 22:00:00,27.1,0.0,8.5
Madurai,gfs,2026-09-26 23:00:00,26.9,0.0,9.6
Madurai,icon,2026-09-24 00:00:00,27.5,0.0,5.4
Madurai,icon,2026-09-24 01:00:00,26.9,0.0,4.6
Madurai,icon,2026-09-24 02:00:00,26.4,0.0,3.9
Madurai,icon,2026-09-24 03:00:00,26.0,0.0,3.3
Madurai,icon,2026-09-24 04:00:00,25.6,0.0,3.5
Madurai,icon,2026-09-24 05:00:00,25.8,0.0,2.8
Madurai,icon,2026-09-24 06:00:00,25.5,0.0,2.4
Madurai,icon,2026-09-24 07:00:00,26.4,0.0,2.6
Madurai,icon,2026-09-24 08:00:00,28.5,0.0,5.5
Madurai,icon,2026-09-24 09:00:00,30.2,0.0,7.5
Madurai,icon,2026-09-24 10:00:00,32.2,0.0,11.3
Madurai,icon,2026-09-24 11:00:00,34.5,0.0,14.5
Madurai,icon,2026-09-24 12:00:00,35.8,0.0,19.4
Madurai,icon,2026-09-24 13:00:00,36.2,0.0,23.7
Madurai,icon,2026-09-24 14:00:00,36.3,0.0,25.6
Madurai,icon,2026-09-24 15:00:00,35.8,0.0,27.0
Madurai,icon,2026-09-24 16:00:00,34.8,0.0,25.7
Madurai,icon,2026-09-24 17:00:00,33.2,0.0,25.2
Madurai,icon,2026-09-24 18:00:00,31.5,0.0,22.8
Madurai,icon,2026-09-24 19:00:00,30.4,0.0,22.0
Madurai,icon,2026-09-24 20:00:00,29.5,0.0,20.3
Madurai,icon,2026-09-24 21:00:00,29.0,0.0,15.5
Madurai,icon,2026-09-24 22:00:00,28.5,0.0,12.1
Madurai,icon,2026-09-24 23:00:00,27.7,0.0,9.7
Madurai,icon,2026-09-25 00:00:00,27.1,0.0,8.7
Madurai,icon,2026-09-25 01:00:00,26.4,0.0,8.2
Madurai,icon,2026-09-25 02:00:00,25.8,0.0,7.5
Madurai,icon,2026-09-25 03:00:00,25.4,0.0,6.9
Madurai,icon,2026-09-25 04:00:00,25.2,0.0,5.4
Madurai,icon,2026-09-25 05:00:00,25.0,0.0,4.4
Madurai,icon,2026-09-25 06:00:00,24.9,0.0,3.6
Madurai,icon,2026-09-25 07:00:00,26.1,0.0,3.1
Madurai,icon,2026-09-25 08:00:00,28.2,0.0,5.4
Madurai,icon,2026-09-25 09:00:00,30.0,0.0,7.7
Madurai,icon,2026-09-25 10:00:00,32.6,0.0,14.5
Madurai,icon,2026-09-25 11:00:00,34.6,0.0,19.3
Madurai,icon,2026-09-25 12:00:00,35.9,0.0,21.3
Madurai,icon,2026-09-25 13:00:00,36.7,0.0,22.4
Madurai,icon,2026-09-25 14:00:00,36.8,0.0,22.8
Madurai,icon,2026-09-25 15:00:00,36.3,0.0,22.7
Madurai,icon,2026-09-25 16:00:00,35.1,0.0,22.8
Madurai,icon,2026-09-25 17:00:00,33.5,0.0,22.0
Madurai,icon,2026-09-25 18:00:00,31.9,0.0,19.1
Madurai,icon,2026-09-25 19:00:00,30.5,0.0,14.6
Madurai,icon,2026-09-25 20:00:00,29.3,0.0,11.2
Madurai,icon,2026-09-25 21:00:00,28.4,0.0,8.4
Madurai,icon,2026-09-25 22:00:00,27.4,0.0,7.2
Madurai,icon,2026-09-25 23:00:00,26.6,0.0,7.2
Madurai,icon,2026-09-26 00:00:00,26.0,0.0,6.2
Madurai,icon,2026-09-26 01:00:00,25.6,0.0,4.1
Madurai,icon,2026-09-26 02:00:00,25.2,0.0,3.0
Madurai,icon,2026-09-26 03:00:00,25.0,0.0,1.5
Madurai,icon,2026-09-26 04:00:00,24.8,0.0,1.5
Madurai,icon,2026-09-26 05:00:00,24.6,0.0,1.3
Madurai,icon,2026-09-26 06:00:00,24.5,0.0,1.3
Madurai,icon,2026-09-26 07:00:00,25.5,0.0,1.5
Madurai,icon,2026-09-26 08:00:00,27.8,0.0,3.4
Madurai,icon,2026-09-26 09:00:00,30.2,0.0,4.8
Madurai,icon,2026-09-26 10:00:00,32.3,0.0,6.3
Madurai,icon,2026-09-26 11:00:00,34.2,0.0,6.8
Madurai,icon,2026-09-26 12:00:00,35.7,0.0,5.4
Madurai,icon,2026-09-26 13:00:00,36.9,0.0,2.9
Madurai,icon,2026-09-26 14:00:00,37.9,0.0,3.6
Madurai,icon,2026-09-26 15:00:00,38.3,0.0,9.7
Madurai,icon,2026-09-26 16:00:00,37.6,0.0,15.0
Madurai,icon,2026-09-26 17:00:00,35.4,0.0,15.3
Madurai,icon,2026-09-26 18:00:00,33.6,0.0,11.4
Madurai,icon,2026-09-26 19:00:00,31.9,0.0,9.7
Madurai,icon,2026-09-26 20:00:00,30.6,0.0,3.3
Madurai,icon,2026-09-26 21:00:00,29.9,0.0,1.5
Madurai,icon,2026-09-26 22:00:00,28.7,0.0,3.7
Madurai,icon,2026-09-26 23:00:00,27.9,0.0,4.3
Mumbai,ecmwf,2026-09-24 00:00:00,24.9,0.6,1.5
Mumbai,ecmwf,2026-09-24 01:00:00,24.8,0.6,2.2
Mumbai,ecmwf,2026-09-24 02:00:00,24.7,0.6,2.9
Mumbai,ecmwf,2026-09-24 03:00:00,24.8,0.0,2.5
Mumbai,ecmwf,2026-09-24 04:00:00,25.0,0.0,1.3
Mumbai,ecmwf,2026-09-24 05:00:00,25.3,0.0,1.5
Mumbai,ecmwf,2026-09-24 06:00:00,25.7,0.0,2.9
Mumbai,ecmwf,2026-09-24 07:00:00,26.3,0.0,4.3
Mumbai,ecmwf,2026-09-24 08:00:00,27.1,0.0,4.4
Mumbai,ecmwf,2026-09-24 09:00:00,28.3,0.1,2.4
Mumbai,ecmwf,2026-09-24 10:00:00,29.7,0.1,5.4
Mumbai,ecmwf,2026-09-24 11:00:00,30.7,0.1,9.4
Mumbai,ecmwf,2026-09-24 12:00:00,31.2,0.6,11.6
Mumbai,ecmwf,2026-09-24 13:00:00,31.2,0.6,12.7
Mumbai,ecmwf,2026-09-24 14:00:00,31.1,0.6,13.0
Mumbai,ecmwf,2026-09-24 15:00:00,30.6,0.1,12.9
Mumbai,ecmwf,2026-09-24 16:00:00,29.9,0.1,12.0
Mumbai,ecmwf,2026-09-24 17:00:00,29.3,0.1,10.3
Mumbai,ecmwf,2026-09-24 18:00:00,28.8,0.0,7.7
Mumbai,ecmwf,2026-09-24 19:00:00,28.5,0.0,4.8
Mumbai,ecmwf,2026-09-24 20:00:00,28.1,0.0,2.4
Mumbai,ecmwf,2026-09-24 21:00:00,27.8,0.0,1.0
Mumbai,ecmwf,2026-09-24 22:00:00,27.5,0.0,0.8
Mumbai,ecmwf,2026-09-24 23:00:00,27.0,0.0,0.8
Mumbai,ecmwf,2026-09-25 00:00:00,26.2,1.7,2.3
Mumbai,ecmwf,2026-09-25 01:00:00,25.1,1.7,6.9
Mumbai,ecmwf,2026-09-25 02:00:00,24.3,1.7,9.2
Mumbai,ecmwf,2026-09-25 03:00:00,23.8,0.9,7.2
Mumbai,ecmwf,2026-09-25 04:00:00,23.5,0.9,5.2
Mumbai,ecmwf,2026-09-25 05:00:00,23.5,0.9,6.1
Mumbai,ecmwf,2026-09-25 06:00:00,23.8,0.0,5.4
Mumbai,ecmwf,2026-09-25 07:00:00,24.3,0.0,3.9
Mumbai,ecmwf,2026-09-25 08:00:00,25.2,0.0,2.5
Mumbai,ecmwf,2026-09-25 09:00:00,26.6,0.0,0.5
Mumbai,ecmwf,2026-09-25 10:00:00,28.2,0.0,4.7
Mumbai,ecmwf,2026-09-25 11:00:00,29.5,0.0,8.3
Mumbai,ecmwf,2026-09-25 12:00:00,30.1,0.1,10.8
Mumbai,ecmwf,2026-09-25 13:00:00,30.3,0.1,13.5
Mumbai,ecmwf,2026-09-25 14:00:00,30.3,0.1,15.3
Mumbai,ecmwf,2026-09-25 15:00:00,30.0,0.0,14.7
Mumbai,ecmwf,2026-09-25 16:00:00,29.5,0.0,12.9
Mumbai,ecmwf,2026-09-25 17:00:00,29.0,0.0,10.9
Mumbai,ecmwf,2026-09-25 18:00:00,28.6,0.0,8.9
Mumbai,ecmwf,2026-09-25 19:00:00,28.1,0.0,6.9
Mumbai,ecmwf,2026-09-25 20:00:00,27.7,0.0,5.4
Mumbai,ecmwf,2026-09-25 21:00:00,27.6,0.0,5.2
Mumbai,ecmwf,2026-09-25 22:00:00,27.5,0.0,6.3
Mumbai,ecmwf,2026-09-25 23:00:00,27.4,0.0,6.8
Mumbai,ecmwf,2026-09-26 00:00:00,27.3,0.0,7.0
Mumbai,ecmwf,2026-09-26 01:00:00,27.2,0.0,7.1
Mumbai,ecmwf,2026-09-26 02:00:00,27.1,0.0,7.3
Mumbai,ecmwf,2026-09-26 03:00:00,27.0,0.0,7.3
Mumbai,ecmwf,2026-09-26 04:00:00,26.9,0.0,6.9
Mumbai,ecmwf,2026-09-26 05:00:00,26.9,0.0,6.6
Mumbai,ecmwf,2026-09-26 06:00:00,27.2,0.0,6.2
Mumbai,ecmwf,2026-09-26 07:00:00,27.7,0.0,6.5
Mumbai,ecmwf,2026-09-26 08:00:00,28.2,0.0,6.9
Mumbai,ecmwf,2026-09-26 09:00:00,28.8,0.0,8.3
Mumbai,ecmwf,2026-09-26 10:00:00,29.3,0.0,10.0
Mumbai,ecmwf,2026-09-26 11:00:00,29.8,0.0,11.6
Mumbai,ecmwf,2026-09-26 12:00:00,30.0,0.0,12.3
Mumbai,ecmwf,2026-09-26 13:00:00,30.1,0.0,12.4
Mumbai,ecmwf,2026-09-26 14:00:00,30.1,0.0,12.4
Mumbai,ecmwf,2026-09-26 15:00:00,29.9,0.0,12.0
Mumbai,ecmwf,2026-09-26 16:00:00,29.6,0.0,11.0
Mumbai,ecmwf,2026-09-26 17:00:00,29.2,0.0,9.9
Mumbai,ecmwf,2026-09-26 18:00:00,28.6,0.0,7.8
Mumbai,ecmwf,2026-09-26 19:00:00,27.9,0.0,5.2
Mumbai,ecmwf,2026-09-26 20:00:00,27.2,0.0,3.9
Mumbai,ecmwf,2026-09-26 21:00:00,26.8,0.1,5.1
Mumbai,ecmwf,2026-09-26 22:00:00,26.4,0.1,7.6
Mumbai,ecmwf,2026-09-26 23:00:00,26.0,0.1,9.1
Mumbai,gem,2026-09-24 00:00:00,27.2,0.1,2.2
Mumbai,gem,2026-09-24 01:00:00,26.6,0.6,4.0
Mumbai,gem,2026-09-24 02:00:00,26.0,0.1,4.3
Mumbai,gem,2026-09-24 03:00:00,25.6,0.9,1.4
Mumbai,gem,2026-09-24 04:00:00,25.3,1.2,0.7
Mumbai,gem,2026-09-24 05:00:00,27.2,0.4,3.6
Mumbai,gem,2026-09-24 06:00:00,26.9,0.0,4.0
Mumbai,gem,2026-09-24 07:00:00,27.5,0.0,4.0
Mumbai,gem,2026-09-24 08:00:00,28.3,0.0,6.1
Mumbai,gem,2026-09-24 09:00:00,29.1,0.0,9.7
Mumbai,gem,2026-09-24 10:00:00,29.8,0.0,13.3
Mumbai,gem,2026-09-24 11:00:00,30.3,0.0,15.8
Mumbai,gem,2026-09-24 12:00:00,30.5,0.2,18.0
Mumbai,gem,2026-09-24 13:00:00,30.2,0.6,19.8
Mumbai,gem,2026-09-24 14:00:00,30.3,0.1,20.2
Mumbai,gem,2026-09-24 15:00:00,30.3,0.1,20.2
Mumbai,gem,2026-09-24 16:00:00,30.1,0.0,20.9
Mumbai,gem,2026-09-24 17:00:00,29.7,0.0,19.8
Mumbai,gem,2026-09-24 18:00:00,29.0,0.0,16.2
Mumbai,gem,2026-09-24 19:00:00,28.3,0.0,13.0
Mumbai,gem,2026-09-24 20:00:00,28.0,0.0,10.4
Mumbai,gem,2026-09-24 21:00:00,27.9,0.0,7.6
Mumbai,gem,2026-09-24 22:00:00,27.6,0.0,7.2
Mumbai,gem,2026-09-24 23:00:00,27.4,0.0,7.6
Mumbai,gem,2026-09-25 00:00:00,27.3,0.0,9.0
Mumbai,gem,2026-09-25 01:00:00,27.2,0.0,9.7
Mumbai,gem,2026-09-25 02:00:00,27.3,0.0,9.0
Mumbai,gem,2026-09-25 03:00:00,27.3,0.0,7.2
Mumbai,gem,2026-09-25 04:00:00,27.1,0.0,6.5
Mumbai,gem,2026-09-25 05:00:00,27.3,0.0,7.9
Mumbai,gem,2026-09-25 06:00:00,27.5,0.0,11.2
Mumbai,gem,2026-09-25 07:00:00,28.2,0.0,12.6
Mumbai,gem,2026-09-25 08:00:00,29.2,0.0,15.5
Mumbai,gem,2026-09-25 09:00:00,30.0,0.0,17.3
Mumbai,gem,2026-09-25 10:00:00,30.5,0.0,18.4
Mumbai,gem,2026-09-25 11:00:00,30.8,0.0,19.8
Mumbai,gem,2026-09-25 12:00:00,30.9,0.0,20.5
Mumbai,gem,2026-09-25 13:00:00,31.0,0.0,20.9
Mumbai,gem,2026-09-25 14:00:00,30.9,0.0,20.9
Mumbai,gem,2026-09-25 15:00:00,30.6,0.0,21.2
Mumbai,gem,2026-09-25 16:00:00,30.3,0.0,20.2
Mumbai,gem,2026-09-25 17:00:00,29.7,0.0,18.7
Mumbai,gem,2026-09-25 18:00:00,28.9,0.0,16.6
Mumbai,gem,2026-09-25 19:00:00,28.2,0.0,13.7
Mumbai,gem,2026-09-25 20:00:00,27.8,0.0,13.3
Mumbai,gem,2026-09-25 21:00:00,27.6,0.0,13.0
Mumbai,gem,2026-09-25 22:00:00,27.4,0.0,12.2
Mumbai,gem,2026-09-25 23:00:00,27.4,0.0,12.6
Mumbai,gem,2026-09-26 00:00:00,27.4,0.0,13.0
Mumbai,gem,2026-09-26 01:00:00,27.4,0.0,12.6
Mumbai,gem,2026-09-26 02:00:00,27.3,0.0,11.5
Mumbai,gem,2026-09-26 03:00:00,27.4,0.0,11.2
Mumbai,gem,2026-09-26 04:00:00,27.6,0.0,11.5
Mumbai,gem,2026-09-26 05:00:00,27.7,0.0,11.5
Mumbai,gem,2026-09-26 06:00:00,27.9,0.0,11.2
Mumbai,gem,2026-09-26 07:00:00,28.2,0.0,11.5
Mumbai,gem,2026-09-26 08:00:00,29.0,0.0,13.0
Mumbai,gem,2026-09-26 09:00:00,29.5,0.0,14.0
Mumbai,gem,2026-09-26 10:00:00,29.7,0.0,14.8
Mumbai,gem,2026-09-26 11:00:00,29.7,0.0,15.8
Mumbai,gem,2026-09-26 12:00:00,30.0,0.0,16.6
Mumbai,gem,2026-09-26 13:00:00,30.3,0.0,18.0
Mumbai,gem,2026-09-26 14:00:00,30.4,0.0,18.4
Mumbai,gem,2026-09-26 15:00:00,30.4,0.0,18.0
Mumbai,gem,2026-09-26 16:00:00,30.0,0.0,17.6
Mumbai,gem,2026-09-26 17:00:00,29.4,0.0,16.9
Mumbai,gem,2026-09-26 18:00:00,28.5,0.0,15.5
Mumbai,gem,2026-09-26 19:00:00,27.8,0.0,11.5
Mumbai,gem,2026-09-26 20:00:00,27.2,0.0,8.6
Mumbai,gem,2026-09-26 21:00:00,26.8,0.0,7.6
Mumbai,gem,2026-09-26 22:00:00,26.4,0.0,6.8
Mumbai,gem,2026-09-26 23:00:00,26.1,0.0,7.2
Mumbai,gfs,2026-09-24 00:00:00,29.2,0.0,6.6
Mumbai,gfs,2026-09-24 01:00:00,29.0,0.0,5.2
Mumbai,gfs,2026-09-24 02:00:00,28.8,0.0,3.3
Mumbai,gfs,2026-09-24 03:00:00,28.6,0.0,2.1
Mumbai,gfs,2026-09-24 04:00:00,28.5,0.0,3.1
Mumbai,gfs,2026-09-24 05:00:00,28.4,0.0,3.3
Mumbai,gfs,2026-09-24 06:00:00,28.2,0.0,0.4
Mumbai,gfs,2026-09-24 07:00:00,28.6,0.0,0.8
Mumbai,gfs,2026-09-24 08:00:00,29.8,0.0,5.6
Mumbai,gfs,2026-09-24 09:00:00,31.0,0.0,8.4
Mumbai,gfs,2026-09-24 10:00:00,32.0,0.0,13.7
Mumbai,gfs,2026-09-24 11:00:00,32.5,0.0,18.7
Mumbai,gfs,2026-09-24 12:00:00,32.5,0.4,23.1
Mumbai,gfs,2026-09-24 13:00:00,31.8,0.8,22.2
Mumbai,gfs,2026-09-24 14:00:00,31.3,0.7,21.4
Mumbai,gfs,2026-09-24 15:00:00,31.1,0.5,20.8
Mumbai,gfs,2026-09-24 16:00:00,30.6,0.1,22.2
Mumbai,gfs,2026-09-24 17:00:00,28.9,1.3,20.2
Mumbai,gfs,2026-09-24 18:00:00,28.4,0.7,19.7
Mumbai,gfs,2026-09-24 19:00:00,28.2,0.6,14.3
Mumbai,gfs,2026-09-24 20:00:00,27.8,1.0,11.0
Mumbai,gfs,2026-09-24 21:00:00,27.5,0.8,11.2
Mumbai,gfs,2026-09-24 22:00:00,27.4,0.8,12.5
Mumbai,gfs,2026-09-24 23:00:00,27.4,0.1,12.0
Mumbai,gfs,2026-09-25 00:00:00,27.5,0.1,11.4
Mumbai,gfs,2026-09-25 01:00:00,27.3,0.2,15.9
Mumbai,gfs,2026-09-25 02:00:00,27.0,0.0,14.8
Mumbai,gfs,2026-09-25 03:00:00,26.7,0.8,8.3
Mumbai,gfs,2026-09-25 04:00:00,26.8,0.6,8.0
Mumbai,gfs,2026-09-25 05:00:00,26.8,0.6,10.2
Mumbai,gfs,2026-09-25 06:00:00,26.7,0.0,10.4
Mumbai,gfs,2026-09-25 07:00:00,27.3,0.0,10.2
Mumbai,gfs,2026-09-25 08:00:00,28.3,0.0,13.1
Mumbai,gfs,2026-09-25 09:00:00,29.4,0.0,13.3
Mumbai,gfs,2026-09-25 10:00:00,30.4,0.0,14.3
Mumbai,gfs,2026-09-25 11:00:00,31.1,0.0,17.1
Mumbai,gfs,2026-09-25 12:00:00,31.4,0.1,19.8
Mumbai,gfs,2026-09-25 13:00:00,31.5,0.0,21.9
Mumbai,gfs,2026-09-25 14:00:00,31.4,0.0,20.5
Mumbai,gfs,2026-09-25 15:00:00,31.1,0.0,20.3
Mumbai,gfs,2026-09-25 16:00:00,30.5,0.0,20.3
Mumbai,gfs,2026-09-25 17:00:00,29.8,0.0,18.2
Mumbai,gfs,2026-09-25 18:00:00,29.1,0.0,15.5
Mumbai,gfs,2026-09-25 19:00:00,29.0,0.0,14.1
Mumbai,gfs,2026-09-25 20:00:00,29.1,0.0,13.3
Mumbai,gfs,2026-09-25 21:00:00,29.0,0.0,12.6
Mumbai,gfs,2026-09-25 22:00:00,28.5,0.0,13.7
Mumbai,gfs,2026-09-25 23:00:00,28.2,0.0,13.3
Mumbai,gfs,2026-09-26 00:00:00,28.0,0.0,13.0
Mumbai,gfs,2026-09-26 01:00:00,27.7,0.0,11.5
Mumbai,gfs,2026-09-26 02:00:00,27.5,0.0,11.9
Mumbai,gfs,2026-09-26 03:00:00,27.3,0.0,11.2
Mumbai,gfs,2026-09-26 04:00:00,27.3,0.1,11.2
Mumbai,gfs,2026-09-26 05:00:00,27.3,0.0,11.2
Mumbai,gfs,2026-09-26 06:00:00,27.6,0.0,10.4
Mumbai,gfs,2026-09-26 07:00:00,27.7,0.0,10.0
Mumbai,gfs,2026-09-26 08:00:00,27.8,0.0,10.4
Mumbai,gfs,2026-09-26 09:00:00,28.1,0.0,13.4
Mumbai,gfs,2026-09-26 10:00:00,28.8,0.0,13.4
Mumbai,gfs,2026-09-26 11:00:00,29.9,0.0,15.2
Mumbai,gfs,2026-09-26 12:00:00,30.0,0.0,15.2
Mumbai,gfs,2026-09-26 13:00:00,30.1,0.0,15.4
Mumbai,gfs,2026-09-26 14:00:00,30.7,0.0,16.8
Mumbai,gfs,2026-09-26 15:00:00,30.7,0.0,17.9
Mumbai,gfs,2026-09-26 16:00:00,30.3,0.0,17.4
Mumbai,gfs,2026-09-26 17:00:00,29.6,0.0,14.7
Mumbai,gfs,2026-09-26 18:00:00,29.0,0.0,13.7
Mumbai,gfs,2026-09-26 19:00:00,28.5,0.0,13.5
Mumbai,gfs,2026-09-26 20:00:00,28.2,0.0,13.4
Mumbai,gfs,2026-09-26 21:00:00,27.9,0.0,11.6
Mumbai,gfs,2026-09-26 22:00:00,27.8,0.0,10.7
Mumbai,gfs,2026-09-26 23:00:00,27.6,0.0,8.7
Mumbai,icon,2026-09-24 00:00:00,27.9,0.3,3.2
Mumbai,icon,2026-09-24 01:00:00,27.6,1.4,3.3
Mumbai,icon,2026-09-24 02:00:00,27.5,0.2,2.9
Mumbai,icon,2026-09-24 03:00:00,27.1,1.4,4.1
Mumbai,icon,2026-09-24 04:00:00,27.1,0.3,4.3
Mumbai,icon,2026-09-24 05:00:00,27.3,0.0,4.8
Mumbai,icon,2026-09-24 06:00:00,27.4,0.0,3.7
Mumbai,icon,2026-09-24 07:00:00,27.8,0.0,3.4
Mumbai,icon,2026-09-24 08:00:00,28.8,0.0,5.7
Mumbai,icon,2026-09-24 09:00:00,29.6,0.0,9.1
Mumbai,icon,2026-09-24 10:00:00,30.5,0.0,10.2
Mumbai,icon,2026-09-24 11:00:00,30.7,0.0,11.3
Mumbai,icon,2026-09-24 12:00:00,31.0,0.1,12.6
Mumbai,icon,2026-09-24 13:00:00,31.2,0.0,14.8
Mumbai,icon,2026-09-24 14:00:00,31.2,0.0,15.6
Mumbai,icon,2026-09-24 15:00:00,31.0,0.0,15.7
Mumbai,icon,2026-09-24 16:00:00,30.2,0.0,15.3
Mumbai,icon,2026-09-24 17:00:00,29.5,0.0,12.8
Mumbai,icon,2026-09-24 18:00:00,28.9,0.0,11.0
Mumbai,icon,2026-09-24 19:00:00,28.5,0.0,10.3
Mumbai,icon,2026-09-24 20:00:00,28.4,0.0,8.4
Mumbai,icon,2026-09-24 21:00:00,28.3,0.0,6.8
Mumbai,icon,2026-09-24 22:00:00,28.1,0.0,5.5
Mumbai,icon,2026-09-24 23:00:00,28.0,0.0,5.4
Mumbai,icon,2026-09-25 00:00:00,28.0,0.0,4.7
Mumbai,icon,2026-09-25 01:00:00,27.9,0.0,4.8
Mumbai,icon,2026-09-25 02:00:00,27.9,0.0,4.8
Mumbai,icon,2026-09-25 03:00:00,27.8,0.0,4.7
Mumbai,icon,2026-09-25 04:00:00,27.8,0.0,5.1
Mumbai,icon,2026-09-25 05:00:00,27.7,0.1,5.8
Mumbai,icon,2026-09-25 06:00:00,27.7,0.0,5.8
Mumbai,icon,2026-09-25 07:00:00,28.1,0.0,5.8
Mumbai,icon,2026-09-25 08:00:00,29.0,0.0,9.1
Mumbai,icon,2026-09-25 09:00:00,29.6,0.0,11.0
Mumbai,icon,2026-09-25 10:00:00,30.4,0.0,11.9
Mumbai,icon,2026-09-25 11:00:00,30.9,0.0,13.4
Mumbai,icon,2026-09-25 12:00:00,31.1,0.0,13.5
Mumbai,icon,2026-09-25 13:00:00,31.2,0.0,13.9
Mumbai,icon,2026-09-25 14:00:00,30.9,0.0,14.1
Mumbai,icon,2026-09-25 15:00:00,30.6,0.0,14.2
Mumbai,icon,2026-09-25 16:00:00,30.2,0.0,13.6
Mumbai,icon,2026-09-25 17:00:00,29.5,0.0,12.2
Mumbai,icon,2026-09-25 18:00:00,28.9,0.0,10.9
Mumbai,icon,2026-09-25 19:00:00,28.5,0.0,9.0
Mumbai,icon,2026-09-25 20:00:00,28.3,0.0,8.4
Mumbai,icon,2026-09-25 21:00:00,28.1,0.0,8.0
Mumbai,icon,2026-09-25 22:00:00,28.1,0.0,7.4
Mumbai,icon,2026-09-25 23:00:00,28.0,0.0,7.9
Mumbai,icon,2026-09-26 00:00:00,27.8,0.0,8.1
Mumbai,icon,2026-09-26 01:00:00,27.7,0.0,8.4
Mumbai,icon,2026-09-26 02:00:00,27.6,0.0,8.8
Mumbai,icon,2026-09-26 03:00:00,27.6,0.0,8.4
Mumbai,icon,2026-09-26 04:00:00,27.4,0.0,6.5
Mumbai,icon,2026-09-26 05:00:00,27.5,0.0,5.8
Mumbai,icon,2026-09-26 06:00:00,27.5,0.0,6.1
Mumbai,icon,2026-09-26 07:00:00,27.8,0.0,6.9
Mumbai,icon,2026-09-26 08:00:00,28.6,0.0,9.4
Mumbai,icon,2026-09-26 09:00:00,29.5,0.0,9.4
Mumbai,icon,2026-09-26 10:00:00,30.3,0.0,10.5
Mumbai,icon,2026-09-26 11:00:00,30.9,0.0,12.2
Mumbai,icon,2026-09-26 12:00:00,31.2,0.0,12.6
Mumbai,icon,2026-09-26 13:00:00,31.4,0.0,12.2
Mumbai,icon,2026-09-26 14:00:00,31.3,0.0,12.2
Mumbai,icon,2026-09-26 15:00:00,31.0,0.0,12.2
Mumbai,icon,2026-09-26 16:00:00,30.6,0.0,11.9
Mumbai,icon,2026-09-26 17:00:00,29.7,0.0,11.2
Mumbai,icon,2026-09-26 18:00:00,28.9,0.0,9.1
Mumbai,icon,2026-09-26 19:00:00,28.4,0.0,7.9
Mumbai,icon,2026-09-26 20:00:00,28.1,0.0,7.3
Mumbai,icon,2026-09-26 21:00:00,27.9,0.0,6.0
Mumbai,icon,2026-09-26 22:00:00,27.9,0.0,7.7
Mumbai,icon,2026-09-26 23:00:00,27.6,0.0,8.2
Nagpur,ecmwf,2026-09-24 00:00:00,26.9,0.0,16.6
Nagpur,ecmwf,2026-09-24 01:00:00,26.4,0.0,16.6
Nagpur,ecmwf,2026-09-24 02:00:00,26.0,0.0,16.6
Nagpur,ecmwf,2026-09-24 03:00:00,25.7,0.0,15.8
Nagpur,ecmwf,2026-09-24 04:00:00,25.6,0.0,15.1
Nagpur,ecmwf,2026-09-24 05:00:00,25.7,0.0,14.8
Nagpur,ecmwf,2026-09-24 06:00:00,26.2,0.0,14.8
Nagpur,ecmwf,2026-09-24 07:00:00,26.9,0.0,15.1
Nagpur,ecmwf,2026-09-24 08:00:00,27.8,0.0,15.9
Nagpur,ecmwf,2026-09-24 09:00:00,28.8,0.0,17.3
Nagpur,ecmwf,2026-09-24 10:00:00,29.9,0.0,19.4
Nagpur,ecmwf,2026-09-24 11:00:00,30.7,0.0,20.9
Nagpur,ecmwf,2026-09-24 12:00:00,31.2,0.0,21.6
Nagpur,ecmwf,2026-09-24 13:00:00,31.5,0.0,22.3
Nagpur,ecmwf,2026-09-24 14:00:00,31.3,0.0,22.4
Nagpur,ecmwf,2026-09-24 15:00:00,30.4,0.3,22.5
Nagpur,ecmwf,2026-09-24 16:00:00,29.0,0.3,22.4
Nagpur,ecmwf,2026-09-24 17:00:00,27.9,0.3,21.8
Nagpur,ecmwf,2026-09-24 18:00:00,27.2,0.0,20.4
Nagpur,ecmwf,2026-09-24 19:00:00,26.8,0.0,18.9
Nagpur,ecmwf,2026-09-24 20:00:00,26.5,0.0,17.8
Nagpur,ecmwf,2026-09-24 21:00:00,26.3,0.0,17.9
Nagpur,ecmwf,2026-09-24 22:00:00,26.2,0.0,18.3
Nagpur,ecmwf,2026-09-24 23:00:00,26.1,0.0,18.6
Nagpur,ecmwf,2026-09-25 00:00:00,25.9,0.0,17.9
Nagpur,ecmwf,2026-09-25 01:00:00,25.7,0.0,17.2
Nagpur,ecmwf,2026-09-25 02:00:00,25.6,0.0,17.1
Nagpur,ecmwf,2026-09-25 03:00:00,25.4,0.1,17.7
Nagpur,ecmwf,2026-09-25 04:00:00,25.2,0.1,18.9
Nagpur,ecmwf,2026-09-25 05:00:00,25.1,0.1,19.4
Nagpur,ecmwf,2026-09-25 06:00:00,25.2,1.0,19.1
Nagpur,ecmwf,2026-09-25 07:00:00,25.5,1.0,18.6
Nagpur,ecmwf,2026-09-25 08:00:00,25.8,1.0,18.3
Nagpur,ecmwf,2026-09-25 09:00:00,26.0,0.5,19.3
Nagpur,ecmwf,2026-09-25 10:00:00,26.4,0.5,21.1
Nagpur,ecmwf,2026-09-25 11:00:00,26.8,0.5,22.7
Nagpur,ecmwf,2026-09-25 12:00:00,27.7,0.0,24.5
Nagpur,ecmwf,2026-09-25 13:00:00,28.6,0.0,26.4
Nagpur,ecmwf,2026-09-25 14:00:00,29.2,0.0,27.2
Nagpur,ecmwf,2026-09-25 15:00:00,28.9,0.0,26.1
Nagpur,ecmwf,2026-09-25 16:00:00,28.3,0.0,23.7
Nagpur,ecmwf,2026-09-25 17:00:00,27.7,0.0,21.8
Nagpur,ecmwf,2026-09-25 18:00:00,27.6,0.0,20.1
Nagpur,ecmwf,2026-09-25 19:00:00,27.5,0.0,18.5
Nagpur,ecmwf,2026-09-25 20:00:00,27.4,0.0,17.4
Nagpur,ecmwf,2026-09-25 21:00:00,27.2,0.0,17.3
Nagpur,ecmwf,2026-09-25 22:00:00,26.8,0.0,18.1
Nagpur,ecmwf,2026-09-25 23:00:00,26.5,0.0,19.1
Nagpur,ecmwf,2026-09-26 00:00:00,26.3,0.0,20.5
Nagpur,ecmwf,2026-09-26 01:00:00,26.1,0.0,22.0
Nagpur,ecmwf,2026-09-26 02:00:00,25.8,0.0,22.6
Nagpur,ecmwf,2026-09-26 03:00:00,25.2,0.0,21.5
Nagpur,ecmwf,2026-09-26 04:00:00,24.4,0.0,19.5
Nagpur,ecmwf,2026-09-26 05:00:00,24.1,0.0,17.7
Nagpur,ecmwf,2026-09-26 06:00:00,24.4,0.0,16.8
Nagpur,ecmwf,2026-09-26 07:00:00,25.0,0.0,16.3
Nagpur,ecmwf,2026-09-26 08:00:00,26.0,0.0,16.0
Nagpur,ecmwf,2026-09-26 09:00:00,27.3,0.0,16.7
Nagpur,ecmwf,2026-09-26 10:00:00,28.9,0.0,18.3
Nagpur,ecmwf,2026-09-26 11:00:00,30.1,0.0,18.6
Nagpur,ecmwf,2026-09-26 12:00:00,30.4,0.3,17.3
Nagpur,ecmwf,2026-09-26 13:00:00,30.3,0.3,15.5
Nagpur,ecmwf,2026-09-26 14:00:00,29.8,0.3,13.5
Nagpur,ecmwf,2026-09-26 15:00:00,29.0,0.2,7.6
Nagpur,ecmwf,2026-09-26 16:00:00,28.0,0.2,5.1
Nagpur,ecmwf,2026-09-26 17:00:00,27.0,0.2,9.3
Nagpur,ecmwf,2026-09-26 18:00:00,26.2,0.0,8.0
Nagpur,ecmwf,2026-09-26 19:00:00,25.5,0.0,3.3
Nagpur,ecmwf,2026-09-26 20:00:00,24.9,0.0,1.3
Nagpur,ecmwf,2026-09-26 21:00:00,24.4,0.0,1.8
Nagpur,ecmwf,2026-09-26 22:00:00,24.1,0.0,1.9
Nagpur,ecmwf,2026-09-26 23:00:00,23.8,0.0,1.6
Nagpur,gem,2026-09-24 00:00:00,28.2,0.0,16.9
Nagpur,gem,2026-09-24 01:00:00,27.7,0.0,18.0
Nagpur,gem,2026-09-24 02:00:00,27.5,0.0,18.0
Nagpur,gem,2026-09-24 03:00:00,27.3,0.0,18.0
Nagpur,gem,2026-09-24 04:00:00,27.3,0.0,19.1
Nagpur,gem,2026-09-24 05:00:00,27.2,0.0,17.3
Nagpur,gem,2026-09-24 06:00:00,26.7,0.0,19.4
Nagpur,gem,2026-09-24 07:00:00,27.5,0.0,20.2
Nagpur,gem,2026-09-24 08:00:00,28.5,0.0,21.6
Nagpur,gem,2026-09-24 09:00:00,29.9,0.0,22.3
Nagpur,gem,2026-09-24 10:00:00,31.2,0.0,22.7
Nagpur,gem,2026-09-24 11:00:00,32.1,0.0,25.6
Nagpur,gem,2026-09-24 12:00:00,32.7,0.0,28.4
Nagpur,gem,2026-09-24 13:00:00,32.5,0.0,31.0
Nagpur,gem,2026-09-24 14:00:00,31.9,0.0,31.0
Nagpur,gem,2026-09-24 15:00:00,31.4,0.0,31.0
Nagpur,gem,2026-09-24 16:00:00,30.7,0.0,29.5
Nagpur,gem,2026-09-24 17:00:00,30.0,0.0,26.6
Nagpur,gem,2026-09-24 18:00:00,29.1,0.0,24.8
Nagpur,gem,2026-09-24 19:00:00,28.4,0.0,23.8
Nagpur,gem,2026-09-24 20:00:00,28.1,0.0,23.8
Nagpur,gem,2026-09-24 21:00:00,27.8,0.0,23.4
Nagpur,gem,2026-09-24 22:00:00,27.3,0.0,22.0
Nagpur,gem,2026-09-24 23:00:00,27.2,0.0,22.3
Nagpur,gem,2026-09-25 00:00:00,26.9,0.0,22.3
Nagpur,gem,2026-09-25 01:00:00,26.4,0.0,22.7
Nagpur,gem,2026-09-25 02:00:00,26.2,0.0,23.4
Nagpur,gem,2026-09-25 03:00:00,26.1,0.0,24.5
Nagpur,gem,2026-09-25 04:00:00,26.0,0.0,25.2
Nagpur,gem,2026-09-25 05:00:00,25.6,0.1,23.4
Nagpur,gem,2026-09-25 06:00:00,25.6,0.1,22.0
Nagpur,gem,2026-09-25 07:00:00,26.0,0.0,25.6
Nagpur,gem,2026-09-25 08:00:00,26.7,0.0,26.3
Nagpur,gem,2026-09-25 09:00:00,27.9,0.0,27.4
Nagpur,gem,2026-09-25 10:00:00,28.8,0.0,27.4
Nagpur,gem,2026-09-25 11:00:00,29.8,0.0,29.2
Nagpur,gem,2026-09-25 12:00:00,29.8,0.0,29.9
Nagpur,gem,2026-09-25 13:00:00,29.7,0.0,28.4
Nagpur,gem,2026-09-25 14:00:00,29.4,0.0,28.4
Nagpur,gem,2026-09-25 15:00:00,28.7,0.0,26.6
Nagpur,gem,2026-09-25 16:00:00,28.6,0.0,27.0
Nagpur,gem,2026-09-25 17:00:00,28.5,0.0,26.6
Nagpur,gem,2026-09-25 18:00:00,27.6,0.0,26.6
Nagpur,gem,2026-09-25 19:00:00,27.3,0.0,20.9
Nagpur,gem,2026-09-25 20:00:00,26.8,0.0,23.8
Nagpur,gem,2026-09-25 21:00:00,26.3,0.0,23.8
Nagpur,gem,2026-09-25 22:00:00,25.8,0.0,21.2
Nagpur,gem,2026-09-25 23:00:00,25.3,0.0,18.7
Nagpur,gem,2026-09-26 00:00:00,24.7,0.0,16.2
Nagpur,gem,2026-09-26 01:00:00,24.2,0.0,15.8
Nagpur,gem,2026-09-26 02:00:00,24.0,0.0,16.9
Nagpur,gem,2026-09-26 03:00:00,23.9,0.0,17.6
Nagpur,gem,2026-09-26 04:00:00,23.9,0.0,18.0
Nagpur,gem,2026-09-26 05:00:00,23.8,0.0,18.4
Nagpur,gem,2026-09-26 06:00:00,23.8,0.0,18.7
Nagpur,gem,2026-09-26 07:00:00,25.1,0.0,21.2
Nagpur,gem,2026-09-26 08:00:00,26.7,0.0,23.8
Nagpur,gem,2026-09-26 09:00:00,28.1,0.0,24.5
Nagpur,gem,2026-09-26 10:00:00,29.5,0.0,26.6
Nagpur,gem,2026-09-26 11:00:00,30.8,0.0,24.5
Nagpur,gem,2026-09-26 12:00:00,31.9,0.0,25.9
Nagpur,gem,2026-09-26 13:00:00,32.2,0.0,27.0
Nagpur,gem,2026-09-26 14:00:00,32.2,0.0,26.3
Nagpur,gem,2026-09-26 15:00:00,32.3,0.0,23.4
Nagpur,gem,2026-09-26 16:00:00,32.4,0.0,18.7
Nagpur,gem,2026-09-26 17:00:00,31.8,0.0,16.2
Nagpur,gem,2026-09-26 18:00:00,30.6,0.0,16.6
Nagpur,gem,2026-09-26 19:00:00,29.7,0.0,17.3
Nagpur,gem,2026-09-26 20:00:00,28.8,0.0,14.4
Nagpur,gem,2026-09-26 21:00:00,27.7,0.0,20.5
Nagpur,gem,2026-09-26 22:00:00,26.2,0.0,10.4
Nagpur,gem,2026-09-26 23:00:00,25.2,0.0,5.8
Nagpur,gfs,2026-09-24 00:00:00,24.4,0.0,14.5
Nagpur,gfs,2026-09-24 01:00:00,24.2,0.0,14.0
Nagpur,gfs,2026-09-24 02:00:00,24.0,0.0,14.4
Nagpur,gfs,2026-09-24 03:00:00,23.7,0.0,13.7
Nagpur,gfs,2026-09-24 04:00:00,23.5,0.0,13.8
Nagpur,gfs,2026-09-24 05:00:00,23.5,0.0,11.6
Nagpur,gfs,2026-09-24 06:00:00,23.7,0.0,13.4
Nagpur,gfs,2026-09-24 07:00:00,24.8,0.0,16.9
Nagpur,gfs,2026-09-24 08:00:00,25.9,0.0,19.6
Nagpur,gfs,2026-09-24 09:00:00,26.8,0.0,22.0
Nagpur,gfs,2026-09-24 10:00:00,28.6,0.0,23.6
Nagpur,gfs,2026-09-24 11:00:00,29.1,0.0,24.6
Nagpur,gfs,2026-09-24 12:00:00,29.1,0.0,25.7
Nagpur,gfs,2026-09-24 13:00:00,28.8,0.0,25.6
Nagpur,gfs,2026-09-24 14:00:00,29.3,0.0,24.6
Nagpur,gfs,2026-09-24 15:00:00,29.2,0.5,24.1
Nagpur,gfs,2026-09-24 16:00:00,27.8,0.9,24.9
Nagpur,gfs,2026-09-24 17:00:00,26.4,1.0,23.9
Nagpur,gfs,2026-09-24 18:00:00,25.3,1.8,23.2
Nagpur,gfs,2026-09-24 19:00:00,24.8,1.0,22.1
Nagpur,gfs,2026-09-24 20:00:00,24.5,0.2,21.0
Nagpur,gfs,2026-09-24 21:00:00,24.3,0.2,18.9
Nagpur,gfs,2026-09-24 22:00:00,24.1,0.4,18.1
Nagpur,gfs,2026-09-24 23:00:00,24.1,0.4,18.8
Nagpur,gfs,2026-09-25 00:00:00,23.9,0.1,18.7
Nagpur,gfs,2026-09-25 01:00:00,23.8,0.0,20.5
Nagpur,gfs,2026-09-25 02:00:00,23.7,0.0,19.9
Nagpur,gfs,2026-09-25 03:00:00,23.6,0.4,20.3
Nagpur,gfs,2026-09-25 04:00:00,23.4,0.5,21.1
Nagpur,gfs,2026-09-25 05:00:00,23.5,0.0,20.5
Nagpur,gfs,2026-09-25 06:00:00,23.7,0.0,20.8
Nagpur,gfs,2026-09-25 07:00:00,23.8,0.0,21.8
Nagpur,gfs,2026-09-25 08:00:00,24.2,0.0,20.2
Nagpur,gfs,2026-09-25 09:00:00,24.9,0.0,22.5
Nagpur,gfs,2026-09-25 10:00:00,25.5,0.4,22.5
Nagpur,gfs,2026-09-25 11:00:00,26.9,1.6,29.0
Nagpur,gfs,2026-09-25 12:00:00,24.3,0.8,23.9
Nagpur,gfs,2026-09-25 13:00:00,24.2,0.2,22.6
Nagpur,gfs,2026-09-25 14:00:00,24.0,0.6,17.8
Nagpur,gfs,2026-09-25 15:00:00,24.4,0.2,19.2
Nagpur,gfs,2026-09-25 16:00:00,24.1,0.1,22.2
Nagpur,gfs,2026-09-25 17:00:00,23.6,0.0,23.3
Nagpur,gfs,2026-09-25 18:00:00,23.4,0.1,23.0
Nagpur,gfs,2026-09-25 19:00:00,23.3,0.1,22.7
Nagpur,gfs,2026-09-25 20:00:00,23.6,0.0,21.9
Nagpur,gfs,2026-09-25 21:00:00,23.5,0.0,20.4
Nagpur,gfs,2026-09-25 22:00:00,23.2,0.0,19.9
Nagpur,gfs,2026-09-25 23:00:00,23.2,0.0,20.8
Nagpur,gfs,2026-09-26 00:00:00,23.0,0.3,21.3
Nagpur,gfs,2026-09-26 01:00:00,23.0,0.1,22.4
Nagpur,gfs,2026-09-26 02:00:00,22.7,0.0,21.9
Nagpur,gfs,2026-09-26 03:00:00,22.7,0.0,19.7
Nagpur,gfs,2026-09-26 04:00:00,22.4,0.0,18.4
Nagpur,gfs,2026-09-26 05:00:00,22.3,0.0,18.6
Nagpur,gfs,2026-09-26 06:00:00,22.4,0.0,18.7
Nagpur,gfs,2026-09-26 07:00:00,23.3,0.0,19.5
Nagpur,gfs,2026-09-26 08:00:00,23.2,0.0,20.5
Nagpur,gfs,2026-09-26 09:00:00,23.4,0.0,23.1
Nagpur,gfs,2026-09-26 10:00:00,24.1,0.0,25.5
Nagpur,gfs,2026-09-26 11:00:00,24.9,0.0,24.5
Nagpur,gfs,2026-09-26 12:00:00,26.8,0.1,27.0
Nagpur,gfs,2026-09-26 13:00:00,26.9,0.5,29.0
Nagpur,gfs,2026-09-26 14:00:00,26.4,0.6,23.2
Nagpur,gfs,2026-09-26 15:00:00,26.4,0.1,16.3
Nagpur,gfs,2026-09-26 16:00:00,26.0,0.2,12.5
Nagpur,gfs,2026-09-26 17:00:00,25.0,0.2,13.6
Nagpur,gfs,2026-09-26 18:00:00,24.0,0.0,9.2
Nagpur,gfs,2026-09-26 19:00:00,23.8,0.0,6.8
Nagpur,gfs,2026-09-26 20:00:00,23.6,0.0,5.8
Nagpur,gfs,2026-09-26 21:00:00,23.5,0.0,5.4
Nagpur,gfs,2026-09-26 22:00:00,23.3,0.0,3.7
Nagpur,gfs,2026-09-26 23:00:00,23.2,0.0,4.7
Nagpur,icon,2026-09-24 00:00:00,27.8,0.3,8.3
Nagpur,icon,2026-09-24 01:00:00,27.5,0.1,9.4
Nagpur,icon,2026-09-24 02:00:00,27.1,0.0,9.5
Nagpur,icon,2026-09-24 03:00:00,26.7,0.0,9.7
Nagpur,icon,2026-09-24 04:00:00,26.5,0.0,10.1
Nagpur,icon,2026-09-24 05:00:00,26.5,0.0,9.7
Nagpur,icon,2026-09-24 06:00:00,26.4,0.0,10.1
Nagpur,icon,2026-09-24 07:00:00,27.0,0.0,11.5
Nagpur,icon,2026-09-24 08:00:00,28.2,0.0,13.7
Nagpur,icon,2026-09-24 09:00:00,29.4,0.0,14.9
Nagpur,icon,2026-09-24 10:00:00,30.2,0.0,14.3
Nagpur,icon,2026-09-24 11:00:00,31.6,0.0,13.1
Nagpur,icon,2026-09-24 12:00:00,32.1,0.0,14.5
Nagpur,icon,2026-09-24 13:00:00,31.7,0.3,14.1
Nagpur,icon,2026-09-24 14:00:00,31.1,0.2,13.5
Nagpur,icon,2026-09-24 15:00:00,30.3,0.2,12.0
Nagpur,icon,2026-09-24 16:00:00,29.3,0.0,12.7
Nagpur,icon,2026-09-24 17:00:00,28.5,0.0,10.4
Nagpur,icon,2026-09-24 18:00:00,28.4,0.0,10.9
Nagpur,icon,2026-09-24 19:00:00,27.9,0.0,11.7
Nagpur,icon,2026-09-24 20:00:00,27.4,0.0,13.1
Nagpur,icon,2026-09-24 21:00:00,26.4,0.0,12.2
Nagpur,icon,2026-09-24 22:00:00,26.1,0.0,10.3
Nagpur,icon,2026-09-24 23:00:00,26.0,0.0,10.1
Nagpur,icon,2026-09-25 00:00:00,26.0,0.0,10.6
Nagpur,icon,2026-09-25 01:00:00,26.0,0.0,10.4
Nagpur,icon,2026-09-25 02:00:00,25.9,0.0,10.7
Nagpur,icon,2026-09-25 03:00:00,25.8,0.0,9.5
Nagpur,icon,2026-09-25 04:00:00,25.7,0.0,10.7
Nagpur,icon,2026-09-25 05:00:00,25.5,0.0,11.6
Nagpur,icon,2026-09-25 06:00:00,25.4,0.1,11.5
Nagpur,icon,2026-09-25 07:00:00,25.5,0.0,12.9
Nagpur,icon,2026-09-25 08:00:00,26.1,0.0,13.3
Nagpur,icon,2026-09-25 09:00:00,26.6,0.0,13.0
Nagpur,icon,2026-09-25 10:00:00,26.9,0.0,15.5
Nagpur,icon,2026-09-25 11:00:00,27.3,0.0,14.5
Nagpur,icon,2026-09-25 12:00:00,27.1,0.3,15.0
Nagpur,icon,2026-09-25 13:00:00,26.4,0.9,14.0
Nagpur,icon,2026-09-25 14:00:00,25.8,1.6,12.6
Nagpur,icon,2026-09-25 15:00:00,25.5,1.3,13.4
Nagpur,icon,2026-09-25 16:00:00,25.2,1.3,13.2
Nagpur,icon,2026-09-25 17:00:00,25.0,1.7,12.7
Nagpur,icon,2026-09-25 18:00:00,25.1,2.3,10.8
Nagpur,icon,2026-09-25 19:00:00,25.8,0.1,11.2
Nagpur,icon,2026-09-25 20:00:00,25.9,0.0,11.3
Nagpur,icon,2026-09-25 21:00:00,25.7,0.0,11.2
Nagpur,icon,2026-09-25 22:00:00,25.4,0.1,11.2
Nagpur,icon,2026-09-25 23:00:00,25.1,0.2,10.7
Nagpur,icon,2026-09-26 00:00:00,25.2,0.0,11.7
Nagpur,icon,2026-09-26 01:00:00,25.0,0.0,11.6
Nagpur,icon,2026-09-26 02:00:00,25.1,0.0,10.8
Nagpur,icon,2026-09-26 03:00:00,25.2,0.0,10.9
Nagpur,icon,2026-09-26 04:00:00,25.2,0.0,12.3
Nagpur,icon,2026-09-26 05:00:00,25.1,0.0,13.0
Nagpur,icon,2026-09-26 06:00:00,25.1,0.0,13.7
Nagpur,icon,2026-09-26 07:00:00,25.2,0.0,14.4
Nagpur,icon,2026-09-26 08:00:00,25.9,0.0,15.5
Nagpur,icon,2026-09-26 09:00:00,27.0,0.0,17.7
Nagpur,icon,2026-09-26 10:00:00,27.9,0.0,18.0
Nagpur,icon,2026-09-26 11:00:00,29.2,0.0,18.3
Nagpur,icon,2026-09-26 12:00:00,30.6,0.0,17.9
Nagpur,icon,2026-09-26 13:00:00,31.3,0.0,17.3
Nagpur,icon,2026-09-26 14:00:00,32.1,0.0,16.0
Nagpur,icon,2026-09-26 15:00:00,32.2,0.0,15.1
Nagpur,icon,2026-09-26 16:00:00,31.9,0.0,13.4
Nagpur,icon,2026-09-26 17:00:00,31.0,0.0,9.8
Nagpur,icon,2026-09-26 18:00:00,29.5,0.0,5.2
Nagpur,icon,2026-09-26 19:00:00,28.4,0.0,3.2
Nagpur,icon,2026-09-26 20:00:00,27.9,0.0,2.2
Nagpur,icon,2026-09-26 21:00:00,27.5,0.0,2.3
Nagpur,icon,2026-09-26 22:00:00,27.2,0.0,2.4
Nagpur,icon,2026-09-26 23:00:00,27.2,0.0,2.7
Nashik,ecmwf,2026-09-24 00:00:00,24.0,0.0,11.1
Nashik,ecmwf,2026-09-24 01:00:00,23.9,0.0,11.1
Nashik,ecmwf,2026-09-24 02:00:00,23.8,0.0,11.3
Nashik,ecmwf,2026-09-24 03:00:00,23.5,0.0,11.1
Nashik,ecmwf,2026-09-24 04:00:00,23.2,0.0,10.3
Nashik,ecmwf,2026-09-24 05:00:00,23.2,0.0,10.2
Nashik,ecmwf,2026-09-24 06:00:00,23.8,0.0,10.5
Nashik,ecmwf,2026-09-24 07:00:00,24.6,0.0,11.0
Nashik,ecmwf,2026-09-24 08:00:00,25.6,0.0,12.1
Nashik,ecmwf,2026-09-24 09:00:00,26.7,0.0,14.0
Nashik,ecmwf,2026-09-24 10:00:00,28.0,0.0,16.8
Nashik,ecmwf,2026-09-24 11:00:00,28.9,0.0,18.6
Nashik,ecmwf,2026-09-24 12:00:00,29.3,0.2,18.8
Nashik,ecmwf,2026-09-24 13:00:00,29.2,0.2,18.3
Nashik,ecmwf,2026-09-24 14:00:00,29.0,0.2,17.3
Nashik,ecmwf,2026-09-24 15:00:00,28.5,0.1,16.6
Nashik,ecmwf,2026-09-24 16:00:00,27.7,0.1,15.9
Nashik,ecmwf,2026-09-24 17:00:00,26.9,0.1,15.3
Nashik,ecmwf,2026-09-24 18:00:00,25.9,0.1,13.6
Nashik,ecmwf,2026-09-24 19:00:00,24.9,0.1,11.6
Nashik,ecmwf,2026-09-24 20:00:00,24.1,0.1,10.2
Nashik,ecmwf,2026-09-24 21:00:00,23.7,0.0,9.4
Nashik,ecmwf,2026-09-24 22:00:00,23.6,0.0,9.4
Nashik,ecmwf,2026-09-24 23:00:00,23.5,0.0,9.4
Nashik,ecmwf,2026-09-25 00:00:00,23.3,0.0,10.0
Nashik,ecmwf,2026-09-25 01:00:00,23.2,0.0,10.8
Nashik,ecmwf,2026-09-25 02:00:00,23.1,0.0,11.6
Nashik,ecmwf,2026-09-25 03:00:00,23.2,0.0,12.6
Nashik,ecmwf,2026-09-25 04:00:00,23.3,0.0,13.8
Nashik,ecmwf,2026-09-25 05:00:00,23.6,0.0,14.8
Nashik,ecmwf,2026-09-25 06:00:00,23.9,0.0,15.5
Nashik,ecmwf,2026-09-25 07:00:00,24.2,0.0,16.2
Nashik,ecmwf,2026-09-25 08:00:00,24.8,0.0,16.9
Nashik,ecmwf,2026-09-25 09:00:00,25.7,0.0,18.1
Nashik,ecmwf,2026-09-25 10:00:00,26.8,0.0,19.8
Nashik,ecmwf,2026-09-25 11:00:00,27.7,0.0,21.2
Nashik,ecmwf,2026-09-25 12:00:00,28.2,0.0,21.6
Nashik,ecmwf,2026-09-25 13:00:00,28.5,0.0,21.7
Nashik,ecmwf,2026-09-25 14:00:00,28.4,0.0,21.3
Nashik,ecmwf,2026-09-25 15:00:00,27.8,0.0,20.4
Nashik,ecmwf,2026-09-25 16:00:00,26.7,0.0,19.5
Nashik,ecmwf,2026-09-25 17:00:00,25.7,0.0,18.4
Nashik,ecmwf,2026-09-25 18:00:00,24.6,0.0,17.0
Nashik,ecmwf,2026-09-25 19:00:00,23.5,0.0,15.9
Nashik,ecmwf,2026-09-25 20:00:00,22.7,0.0,15.6
Nashik,ecmwf,2026-09-25 21:00:00,22.4,0.0,15.8
Nashik,ecmwf,2026-09-25 22:00:00,22.3,0.0,16.5
Nashik,ecmwf,2026-09-25 23:00:00,22.4,0.0,17.1
Nashik,ecmwf,2026-09-26 00:00:00,22.5,0.0,17.2
Nashik,ecmwf,2026-09-26 01:00:00,22.7,0.0,17.4
Nashik,ecmwf,2026-09-26 02:00:00,22.8,0.0,17.2
Nashik,ecmwf,2026-09-26 03:00:00,22.7,0.0,16.8
Nashik,ecmwf,2026-09-26 04:00:00,22.5,0.0,16.2
Nashik,ecmwf,2026-09-26 05:00:00,22.5,0.0,15.8
Nashik,ecmwf,2026-09-26 06:00:00,22.7,0.0,15.9
Nashik,ecmwf,2026-09-26 07:00:00,23.1,0.0,16.3
Nashik,ecmwf,2026-09-26 08:00:00,23.7,0.0,17.0
Nashik,ecmwf,2026-09-26 09:00:00,24.8,0.0,18.0
Nashik,ecmwf,2026-09-26 10:00:00,26.2,0.0,19.4
Nashik,ecmwf,2026-09-26 11:00:00,27.3,0.0,20.4
Nashik,ecmwf,2026-09-26 12:00:00,27.9,0.0,21.0
Nashik,ecmwf,2026-09-26 13:00:00,28.3,0.0,21.6
Nashik,ecmwf,2026-09-26 14:00:00,28.2,0.0,21.6
Nashik,ecmwf,2026-09-26 15:00:00,27.6,0.0,20.5
Nashik,ecmwf,2026-09-26 16:00:00,26.7,0.0,18.4
Nashik,ecmwf,2026-09-26 17:00:00,25.7,0.0,16.8
Nashik,ecmwf,2026-09-26 18:00:00,24.6,0.0,15.2
Nashik,ecmwf,2026-09-26 19:00:00,23.6,0.0,13.4
Nashik,ecmwf,2026-09-26 20:00:00,22.7,0.0,12.9
Nashik,ecmwf,2026-09-26 21:00:00,22.3,0.0,12.7
Nashik,ecmwf,2026-09-26 22:00:00,22.0,0.0,13.5
Nashik,ecmwf,2026-09-26 23:00:00,21.9,0.0,14.0
Nashik,gem,2026-09-24 00:00:00,22.1,0.0,9.7
Nashik,gem,2026-09-24 01:00:00,22.1,0.0,10.8
Nashik,gem,2026-09-24 02:00:00,22.4,0.0,12.6
Nashik,gem,2026-09-24 03:00:00,22.8,0.0,12.6
Nashik,gem,2026-09-24 04:00:00,23.0,0.0,11.5
Nashik,gem,2026-09-24 05:00:00,23.6,0.0,10.1
Nashik,gem,2026-09-24 06:00:00,23.2,0.0,10.8
Nashik,gem,2026-09-24 07:00:00,24.1,0.0,12.6
Nashik,gem,2026-09-24 08:00:00,25.5,0.0,16.2
Nashik,gem,2026-09-24 09:00:00,27.2,0.0,18.0
Nashik,gem,2026-09-24 10:00:00,28.4,0.0,19.1
Nashik,gem,2026-09-24 11:00:00,29.5,0.0,18.7
Nashik,gem,2026-09-24 12:00:00,30.0,0.0,22.3
Nashik,gem,2026-09-24 13:00:00,30.2,0.0,23.0
Nashik,gem,2026-09-24 14:00:00,30.3,0.0,24.5
Nashik,gem,2026-09-24 15:00:00,30.3,0.0,23.8
Nashik,gem,2026-09-24 16:00:00,29.8,0.0,23.0
Nashik,gem,2026-09-24 17:00:00,28.6,0.3,21.6
Nashik,gem,2026-09-24 18:00:00,26.1,1.0,19.4
Nashik,gem,2026-09-24 19:00:00,24.4,0.0,13.3
Nashik,gem,2026-09-24 20:00:00,23.7,0.0,11.2
Nashik,gem,2026-09-24 21:00:00,23.1,0.0,12.2
Nashik,gem,2026-09-24 22:00:00,22.9,0.0,14.4
Nashik,gem,2026-09-24 23:00:00,22.8,0.0,15.5
Nashik,gem,2026-09-25 00:00:00,22.9,0.0,17.3
Nashik,gem,2026-09-25 01:00:00,22.8,0.0,17.6
Nashik,gem,2026-09-25 02:00:00,22.8,0.0,18.4
Nashik,gem,2026-09-25 03:00:00,23.0,0.0,18.0
Nashik,gem,2026-09-25 04:00:00,22.9,0.0,16.9
Nashik,gem,2026-09-25 05:00:00,22.8,0.0,16.2
Nashik,gem,2026-09-25 06:00:00,22.7,0.0,17.3
Nashik,gem,2026-09-25 07:00:00,23.2,0.0,19.1
Nashik,gem,2026-09-25 08:00:00,24.7,0.0,19.4
Nashik,gem,2026-09-25 09:00:00,26.2,0.0,20.9
Nashik,gem,2026-09-25 10:00:00,27.3,0.0,22.0
Nashik,gem,2026-09-25 11:00:00,28.2,0.0,23.0
Nashik,gem,2026-09-25 12:00:00,28.9,0.0,24.1
Nashik,gem,2026-09-25 13:00:00,29.4,0.0,24.5
Nashik,gem,2026-09-25 14:00:00,29.6,0.0,24.5
Nashik,gem,2026-09-25 15:00:00,29.2,0.0,24.8
Nashik,gem,2026-09-25 16:00:00,28.5,0.0,24.1
Nashik,gem,2026-09-25 17:00:00,27.2,0.0,22.0
Nashik,gem,2026-09-25 18:00:00,25.5,0.0,18.0
Nashik,gem,2026-09-25 19:00:00,24.3,0.0,18.7
Nashik,gem,2026-09-25 20:00:00,23.4,0.0,20.9
Nashik,gem,2026-09-25 21:00:00,22.7,0.0,22.3
Nashik,gem,2026-09-25 22:00:00,22.5,0.0,23.8
Nashik,gem,2026-09-25 23:00:00,22.5,0.0,25.2
Nashik,gem,2026-09-26 00:00:00,22.5,0.0,25.9
Nashik,gem,2026-09-26 01:00:00,22.4,0.0,25.6
Nashik,gem,2026-09-26 02:00:00,22.4,0.0,24.1
Nashik,gem,2026-09-26 03:00:00,22.4,0.0,23.8
Nashik,gem,2026-09-26 04:00:00,22.3,0.0,23.4
Nashik,gem,2026-09-26 05:00:00,22.3,0.0,23.4
Nashik,gem,2026-09-26 06:00:00,22.4,0.0,23.4
Nashik,gem,2026-09-26 07:00:00,23.1,0.0,23.8
Nashik,gem,2026-09-26 08:00:00,24.6,0.0,23.8
Nashik,gem,2026-09-26 09:00:00,25.9,0.0,24.8
Nashik,gem,2026-09-26 10:00:00,27.0,0.0,25.2
Nashik,gem,2026-09-26 11:00:00,27.8,0.0,25.9
Nashik,gem,2026-09-26 12:00:00,28.7,0.0,25.2
Nashik,gem,2026-09-26 13:00:00,29.3,0.0,26.3
Nashik,gem,2026-09-26 14:00:00,29.3,0.0,26.3
Nashik,gem,2026-09-26 15:00:00,29.0,0.0,25.9
Nashik,gem,2026-09-26 16:00:00,28.3,0.0,24.8
Nashik,gem,2026-09-26 17:00:00,27.2,0.0,23.4
Nashik,gem,2026-09-26 18:00:00,25.6,0.0,20.5
Nashik,gem,2026-09-26 19:00:00,24.3,0.0,16.9
Nashik,gem,2026-09-26 20:00:00,23.4,0.0,16.2
Nashik,gem,2026-09-26 21:00:00,22.5,0.0,16.6
Nashik,gem,2026-09-26 22:00:00,21.8,0.0,17.3
Nashik,gem,2026-09-26 23:00:00,21.4,0.0,19.4
Nashik,gfs,2026-09-24 00:00:00,22.7,0.0,11.5
Nashik,gfs,2026-09-24 01:00:00,22.4,0.0,12.0
Nashik,gfs,2026-09-24 02:00:00,22.2,0.0,10.9
Nashik,gfs,2026-09-24 03:00:00,21.9,0.0,11.2
Nashik,gfs,2026-09-24 04:00:00,21.7,0.0,10.9
Nashik,gfs,2026-09-24 05:00:00,21.7,0.0,10.8
Nashik,gfs,2026-09-24 06:00:00,21.7,0.0,11.5
Nashik,gfs,2026-09-24 07:00:00,22.8,0.0,12.2
Nashik,gfs,2026-09-24 08:00:00,25.1,0.0,16.1
Nashik,gfs,2026-09-24 09:00:00,26.6,0.0,21.1
Nashik,gfs,2026-09-24 10:00:00,27.7,0.0,21.2
Nashik,gfs,2026-09-24 11:00:00,28.7,0.0,20.9
Nashik,gfs,2026-09-24 12:00:00,29.4,0.2,20.7
Nashik,gfs,2026-09-24 13:00:00,29.7,0.2,21.4
Nashik,gfs,2026-09-24 14:00:00,29.8,0.0,23.1
Nashik,gfs,2026-09-24 15:00:00,29.1,0.0,24.0
Nashik,gfs,2026-09-24 16:00:00,28.1,0.1,22.4
Nashik,gfs,2026-09-24 17:00:00,26.5,0.3,20.1
Nashik,gfs,2026-09-24 18:00:00,24.2,0.0,15.3
Nashik,gfs,2026-09-24 19:00:00,23.6,0.0,12.6
Nashik,gfs,2026-09-24 20:00:00,23.4,0.0,11.9
Nashik,gfs,2026-09-24 21:00:00,23.3,0.0,13.3
Nashik,gfs,2026-09-24 22:00:00,23.1,0.0,12.7
Nashik,gfs,2026-09-24 23:00:00,22.8,0.0,12.6
Nashik,gfs,2026-09-25 00:00:00,22.5,0.0,13.4
Nashik,gfs,2026-09-25 01:00:00,22.0,0.0,12.8
Nashik,gfs,2026-09-25 02:00:00,22.1,0.0,13.6
Nashik,gfs,2026-09-25 03:00:00,22.1,0.0,16.8
Nashik,gfs,2026-09-25 04:00:00,21.7,0.0,16.8
Nashik,gfs,2026-09-25 05:00:00,21.5,0.0,15.2
Nashik,gfs,2026-09-25 06:00:00,21.3,0.1,14.2
Nashik,gfs,2026-09-25 07:00:00,22.4,0.0,14.8
Nashik,gfs,2026-09-25 08:00:00,24.7,0.0,20.2
Nashik,gfs,2026-09-25 09:00:00,26.1,0.0,23.6
Nashik,gfs,2026-09-25 10:00:00,27.2,0.0,25.9
Nashik,gfs,2026-09-25 11:00:00,27.8,0.0,26.6
Nashik,gfs,2026-09-25 12:00:00,28.4,0.0,27.6
Nashik,gfs,2026-09-25 13:00:00,28.6,0.0,28.6
Nashik,gfs,2026-09-25 14:00:00,28.5,0.1,29.3
Nashik,gfs,2026-09-25 15:00:00,27.8,0.0,29.7
Nashik,gfs,2026-09-25 16:00:00,26.7,0.0,27.6
Nashik,gfs,2026-09-25 17:00:00,25.3,0.0,22.8
Nashik,gfs,2026-09-25 18:00:00,23.6,0.0,20.5
Nashik,gfs,2026-09-25 19:00:00,22.7,0.0,16.9
Nashik,gfs,2026-09-25 20:00:00,22.2,0.0,15.6
Nashik,gfs,2026-09-25 21:00:00,21.8,0.0,15.9
Nashik,gfs,2026-09-25 22:00:00,21.6,0.0,12.9
Nashik,gfs,2026-09-25 23:00:00,21.4,0.0,15.5
Nashik,gfs,2026-09-26 00:00:00,21.7,0.0,17.8
Nashik,gfs,2026-09-26 01:00:00,21.7,0.4,19.6
Nashik,gfs,2026-09-26 02:00:00,22.1,0.0,20.4
Nashik,gfs,2026-09-26 03:00:00,21.8,0.0,20.3
Nashik,gfs,2026-09-26 04:00:00,21.9,0.0,21.8
Nashik,gfs,2026-09-26 05:00:00,21.7,0.0,21.4
Nashik,gfs,2026-09-26 06:00:00,21.7,0.0,20.6
Nashik,gfs,2026-09-26 07:00:00,22.2,0.0,20.1
Nashik,gfs,2026-09-26 08:00:00,23.3,0.0,23.0
Nashik,gfs,2026-09-26 09:00:00,24.6,0.0,24.1
Nashik,gfs,2026-09-26 10:00:00,25.6,0.0,26.3
Nashik,gfs,2026-09-26 11:00:00,26.4,0.0,27.8
Nashik,gfs,2026-09-26 12:00:00,26.7,0.0,28.8
Nashik,gfs,2026-09-26 13:00:00,27.1,0.0,29.1
Nashik,gfs,2026-09-26 14:00:00,26.9,0.0,28.8
Nashik,gfs,2026-09-26 15:00:00,26.1,0.0,28.1
Nashik,gfs,2026-09-26 16:00:00,25.2,0.0,25.4
Nashik,gfs,2026-09-26 17:00:00,24.3,0.0,22.1
Nashik,gfs,2026-09-26 18:00:00,23.0,0.0,20.0
Nashik,gfs,2026-09-26 19:00:00,22.2,0.0,17.5
Nashik,gfs,2026-09-26 20:00:00,21.8,0.0,16.9
Nashik,gfs,2026-09-26 21:00:00,21.5,0.0,16.5
Nashik,gfs,2026-09-26 22:00:00,21.5,0.0,16.9
Nashik,gfs,2026-09-26 23:00:00,21.3,0.0,17.0
Nashik,icon,2026-09-24 00:00:00,24.7,0.0,6.9
Nashik,icon,2026-09-24 01:00:00,24.4,0.0,7.4
Nashik,icon,2026-09-24 02:00:00,24.2,0.0,8.0
Nashik,icon,2026-09-24 03:00:00,23.9,0.0,8.8
Nashik,icon,2026-09-24 04:00:00,23.9,0.0,8.9
Nashik,icon,2026-09-24 05:00:00,23.8,0.0,9.6
Nashik,icon,2026-09-24 06:00:00,23.7,0.0,9.3
Nashik,icon,2026-09-24 07:00:00,24.0,0.0,9.4
Nashik,icon,2026-09-24 08:00:00,25.4,0.0,13.4
Nashik,icon,2026-09-24 09:00:00,26.7,0.0,15.5
Nashik,icon,2026-09-24 10:00:00,28.0,0.0,17.1
Nashik,icon,2026-09-24 11:00:00,29.3,0.0,18.3
Nashik,icon,2026-09-24 12:00:00,30.3,0.0,18.9
Nashik,icon,2026-09-24 13:00:00,30.6,0.0,20.5
Nashik,icon,2026-09-24 14:00:00,30.5,0.0,21.2
Nashik,icon,2026-09-24 15:00:00,30.3,0.0,20.7
Nashik,icon,2026-09-24 16:00:00,29.7,0.0,21.3
Nashik,icon,2026-09-24 17:00:00,28.6,0.0,19.9
Nashik,icon,2026-09-24 18:00:00,27.0,0.0,17.4
Nashik,icon,2026-09-24 19:00:00,26.0,0.0,11.5
Nashik,icon,2026-09-24 20:00:00,25.2,0.0,10.2
Nashik,icon,2026-09-24 21:00:00,24.7,0.0,9.0
Nashik,icon,2026-09-24 22:00:00,24.3,0.0,9.0
Nashik,icon,2026-09-24 23:00:00,23.9,0.0,9.4
Nashik,icon,2026-09-25 00:00:00,23.6,0.0,8.3
Nashik,icon,2026-09-25 01:00:00,23.4,0.0,7.6
Nashik,icon,2026-09-25 02:00:00,23.3,0.0,7.8
Nashik,icon,2026-09-25 03:00:00,23.0,0.0,9.9
Nashik,icon,2026-09-25 04:00:00,23.1,0.0,8.8
Nashik,icon,2026-09-25 05:00:00,23.3,0.0,9.0
Nashik,icon,2026-09-25 06:00:00,23.2,0.0,10.4
Nashik,icon,2026-09-25 07:00:00,23.5,0.0,12.3
Nashik,icon,2026-09-25 08:00:00,24.8,0.0,15.9
Nashik,icon,2026-09-25 09:00:00,26.2,0.0,18.5
Nashik,icon,2026-09-25 10:00:00,27.1,0.0,20.5
Nashik,icon,2026-09-25 11:00:00,28.2,0.0,21.3
Nashik,icon,2026-09-25 12:00:00,28.8,0.0,22.0
Nashik,icon,2026-09-25 13:00:00,29.0,0.0,22.5
Nashik,icon,2026-09-25 14:00:00,29.0,0.0,22.8
Nashik,icon,2026-09-25 15:00:00,28.8,0.0,23.0
Nashik,icon,2026-09-25 16:00:00,27.8,0.0,21.8
Nashik,icon,2026-09-25 17:00:00,26.7,0.0,20.5
Nashik,icon,2026-09-25 18:00:00,25.2,0.0,18.1
Nashik,icon,2026-09-25 19:00:00,24.2,0.0,16.4
Nashik,icon,2026-09-25 20:00:00,23.6,0.0,15.8
Nashik,icon,2026-09-25 21:00:00,23.3,0.0,13.7
Nashik,icon,2026-09-25 22:00:00,23.0,0.0,14.1
Nashik,icon,2026-09-25 23:00:00,22.7,0.0,14.3
Nashik,icon,2026-09-26 00:00:00,22.8,0.0,16.6
Nashik,icon,2026-09-26 01:00:00,22.8,0.0,16.3
Nashik,icon,2026-09-26 02:00:00,22.8,0.0,15.6
Nashik,icon,2026-09-26 03:00:00,22.9,0.0,16.6
Nashik,icon,2026-09-26 04:00:00,22.9,0.0,17.3
Nashik,icon,2026-09-26 05:00:00,22.8,0.0,16.9
Nashik,icon,2026-09-26 06:00:00,22.7,0.0,16.9
Nashik,icon,2026-09-26 07:00:00,23.0,0.0,18.1
Nashik,icon,2026-09-26 08:00:00,23.9,0.0,21.3
Nashik,icon,2026-09-26 09:00:00,24.9,0.0,24.2
Nashik,icon,2026-09-26 10:00:00,25.9,0.0,24.9
Nashik,icon,2026-09-26 11:00:00,27.0,0.0,25.9
Nashik,icon,2026-09-26 12:00:00,27.9,0.0,25.6
Nashik,icon,2026-09-26 13:00:00,28.4,0.0,24.9
Nashik,icon,2026-09-26 14:00:00,28.5,0.0,24.5
Nashik,icon,2026-09-26 15:00:00,28.2,0.0,22.7
Nashik,icon,2026-09-26 16:00:00,27.5,0.0,21.3
Nashik,icon,2026-09-26 17:00:00,26.2,0.0,19.8
Nashik,icon,2026-09-26 18:00:00,24.8,0.0,17.8
Nashik,icon,2026-09-26 19:00:00,23.7,0.0,15.3
Nashik,icon,2026-09-26 20:00:00,23.1,0.0,12.6
Nashik,icon,2026-09-26 21:00:00,22.8,0.0,13.2
Nashik,icon,2026-09-26 22:00:00,22.8,0.0,13.7
Nashik,icon,2026-09-26 23:00:00,22.5,0.0,14.8
Patna,ecmwf,2026-09-24 00:00:00,25.7,3.0,19.1
Patna,ecmwf,2026-09-24 01:00:00,25.5,3.0,18.7
Patna,ecmwf,2026-09-24 02:00:00,25.3,3.0,18.4
Patna,ecmwf,2026-09-24 03:00:00,25.1,1.7,18.4
Patna,ecmwf,2026-09-24 04:00:00,25.0,1.7,18.7
Patna,ecmwf,2026-09-24 05:00:00,25.0,1.7,19.1
Patna,ecmwf,2026-09-24 06:00:00,25.2,0.8,20.0
Patna,ecmwf,2026-09-24 07:00:00,25.6,0.8,21.2
Patna,ecmwf,2026-09-24 08:00:00,25.8,0.8,22.1
Patna,ecmwf,2026-09-24 09:00:00,25.9,1.1,23.0
Patna,ecmwf,2026-09-24 10:00:00,25.9,1.1,23.5
Patna,ecmwf,2026-09-24 11:00:00,25.9,1.1,23.7
Patna,ecmwf,2026-09-24 12:00:00,25.9,0.2,22.7
Patna,ecmwf,2026-09-24 13:00:00,26.0,0.2,21.7
Patna,ecmwf,2026-09-24 14:00:00,26.0,0.2,20.8
Patna,ecmwf,2026-09-24 15:00:00,25.8,0.9,20.6
Patna,ecmwf,2026-09-24 16:00:00,25.6,0.9,21.3
Patna,ecmwf,2026-09-24 17:00:00,25.4,0.9,22.3
Patna,ecmwf,2026-09-24 18:00:00,25.3,1.7,22.8
Patna,ecmwf,2026-09-24 19:00:00,25.3,1.7,23.1
Patna,ecmwf,2026-09-24 20:00:00,25.3,1.7,23.5
Patna,ecmwf,2026-09-24 21:00:00,25.2,2.2,23.1
Patna,ecmwf,2026-09-24 22:00:00,25.1,2.2,22.8
Patna,ecmwf,2026-09-24 23:00:00,25.0,2.2,22.8
Patna,ecmwf,2026-09-25 00:00:00,24.9,0.7,23.6
Patna,ecmwf,2026-09-25 01:00:00,24.8,0.7,24.3
Patna,ecmwf,2026-09-25 02:00:00,24.7,0.7,25.4
Patna,ecmwf,2026-09-25 03:00:00,24.5,1.1,26.4
Patna,ecmwf,2026-09-25 04:00:00,24.4,1.1,27.4
Patna,ecmwf,2026-09-25 05:00:00,24.4,1.1,27.8
Patna,ecmwf,2026-09-25 06:00:00,24.8,0.6,26.3
Patna,ecmwf,2026-09-25 07:00:00,25.4,0.6,24.5
Patna,ecmwf,2026-09-25 08:00:00,25.9,0.6,23.8
Patna,ecmwf,2026-09-25 09:00:00,26.3,1.6,25.9
Patna,ecmwf,2026-09-25 10:00:00,26.6,1.6,29.5
Patna,ecmwf,2026-09-25 11:00:00,26.8,1.6,32.0
Patna,ecmwf,2026-09-25 12:00:00,26.9,1.8,31.7
Patna,ecmwf,2026-09-25 13:00:00,26.9,1.8,30.3
Patna,ecmwf,2026-09-25 14:00:00,26.8,1.8,29.3
Patna,ecmwf,2026-09-25 15:00:00,26.5,1.7,29.3
Patna,ecmwf,2026-09-25 16:00:00,26.1,1.7,29.6
Patna,ecmwf,2026-09-25 17:00:00,25.7,1.7,29.9
Patna,ecmwf,2026-09-25 18:00:00,25.5,0.2,30.6
Patna,ecmwf,2026-09-25 19:00:00,25.4,0.2,31.7
Patna,ecmwf,2026-09-25 20:00:00,25.3,0.2,32.4
Patna,ecmwf,2026-09-25 21:00:00,25.2,0.2,32.4
Patna,ecmwf,2026-09-25 22:00:00,25.2,0.2,31.8
Patna,ecmwf,2026-09-25 23:00:00,25.2,0.2,31.1
Patna,ecmwf,2026-09-26 00:00:00,25.2,0.2,30.4
Patna,ecmwf,2026-09-26 01:00:00,25.4,0.2,29.3
Patna,ecmwf,2026-09-26 02:00:00,25.4,0.2,29.0
Patna,ecmwf,2026-09-26 03:00:00,25.3,0.3,29.4
Patna,ecmwf,2026-09-26 04:00:00,25.2,0.3,30.2
Patna,ecmwf,2026-09-26 05:00:00,25.1,0.3,30.7
Patna,ecmwf,2026-09-26 06:00:00,25.3,0.4,30.7
Patna,ecmwf,2026-09-26 07:00:00,25.6,0.4,30.7
Patna,ecmwf,2026-09-26 08:00:00,26.0,0.4,30.4
Patna,ecmwf,2026-09-26 09:00:00,26.7,1.1,30.6
Patna,ecmwf,2026-09-26 10:00:00,27.6,1.1,30.5
Patna,ecmwf,2026-09-26 11:00:00,28.1,1.1,29.2
Patna,ecmwf,2026-09-26 12:00:00,28.1,6.9,25.2
Patna,ecmwf,2026-09-26 13:00:00,27.7,6.9,19.8
Patna,ecmwf,2026-09-26 14:00:00,27.2,6.9,15.7
Patna,ecmwf,2026-09-26 15:00:00,26.7,5.0,13.9
Patna,ecmwf,2026-09-26 16:00:00,26.2,5.0,13.5
Patna,ecmwf,2026-09-26 17:00:00,25.8,5.0,14.4
Patna,ecmwf,2026-09-26 18:00:00,25.6,2.9,15.9
Patna,ecmwf,2026-09-26 19:00:00,25.6,2.9,17.4
Patna,ecmwf,2026-09-26 20:00:00,25.5,2.9,17.5
Patna,ecmwf,2026-09-26 21:00:00,25.3,0.2,14.5
Patna,ecmwf,2026-09-26 22:00:00,25.1,0.2,10.0
Patna,ecmwf,2026-09-26 23:00:00,24.9,0.2,6.8
Patna,gem,2026-09-24 00:00:00,23.2,4.4,25.9
Patna,gem,2026-09-24 01:00:00,23.0,0.7,28.1
Patna,gem,2026-09-24 02:00:00,22.8,1.8,22.3
Patna,gem,2026-09-24 03:00:00,22.8,0.6,23.0
Patna,gem,2026-09-24 04:00:00,22.9,4.7,16.2
Patna,gem,2026-09-24 05:00:00,23.9,1.0,23.4
Patna,gem,2026-09-24 06:00:00,23.9,0.0,26.3
Patna,gem,2026-09-24 07:00:00,24.4,0.0,26.3
Patna,gem,2026-09-24 08:00:00,24.4,0.0,25.6
Patna,gem,2026-09-24 09:00:00,24.6,0.4,27.7
Patna,gem,2026-09-24 10:00:00,24.4,1.8,31.0
Patna,gem,2026-09-24 11:00:00,23.9,1.8,25.2
Patna,gem,2026-09-24 12:00:00,23.8,6.9,22.7
Patna,gem,2026-09-24 13:00:00,23.8,5.4,26.6
Patna,gem,2026-09-24 14:00:00,23.5,2.3,30.2
Patna,gem,2026-09-24 15:00:00,23.2,1.3,31.3
Patna,gem,2026-09-24 16:00:00,23.1,1.3,31.7
Patna,gem,2026-09-24 17:00:00,23.1,1.8,27.7
Patna,gem,2026-09-24 18:00:00,23.0,3.5,22.0
Patna,gem,2026-09-24 19:00:00,23.0,6.0,27.0
Patna,gem,2026-09-24 20:00:00,23.1,5.4,29.5
Patna,gem,2026-09-24 21:00:00,24.0,2.8,36.7
Patna,gem,2026-09-24 22:00:00,23.8,1.5,33.5
Patna,gem,2026-09-24 23:00:00,23.6,0.2,38.2
Patna,gem,2026-09-25 00:00:00,23.3,0.5,35.6
Patna,gem,2026-09-25 01:00:00,22.9,8.1,29.9
Patna,gem,2026-09-25 02:00:00,22.9,9.2,24.8
Patna,gem,2026-09-25 03:00:00,23.4,3.6,30.6
Patna,gem,2026-09-25 04:00:00,23.8,1.0,35.6
Patna,gem,2026-09-25 05:00:00,23.7,0.1,38.5
Patna,gem,2026-09-25 06:00:00,23.6,0.0,40.0
Patna,gem,2026-09-25 07:00:00,23.6,0.7,44.3
Patna,gem,2026-09-25 08:00:00,23.6,0.4,44.6
Patna,gem,2026-09-25 09:00:00,23.3,1.8,44.3
Patna,gem,2026-09-25 10:00:00,23.2,2.9,43.9
Patna,gem,2026-09-25 11:00:00,24.1,0.2,46.8
Patna,gem,2026-09-25 12:00:00,24.8,0.3,42.1
Patna,gem,2026-09-25 13:00:00,24.9,1.5,39.6
Patna,gem,2026-09-25 14:00:00,24.8,1.5,46.1
Patna,gem,2026-09-25 15:00:00,24.3,12.9,38.5
Patna,gem,2026-09-25 16:00:00,24.1,14.7,30.2
Patna,gem,2026-09-25 17:00:00,25.1,2.0,33.5
Patna,gem,2026-09-25 18:00:00,25.1,0.3,33.5
Patna,gem,2026-09-25 19:00:00,25.2,1.1,34.6
Patna,gem,2026-09-25 20:00:00,25.3,1.0,36.7
Patna,gem,2026-09-25 21:00:00,25.3,0.0,41.4
Patna,gem,2026-09-25 22:00:00,24.4,1.6,43.2
Patna,gem,2026-09-25 23:00:00,24.2,2.6,38.9
Patna,gem,2026-09-26 00:00:00,24.4,1.2,39.6
Patna,gem,2026-09-26 01:00:00,24.5,0.1,40.7
Patna,gem,2026-09-26 02:00:00,24.6,0.2,40.7
Patna,gem,2026-09-26 03:00:00,24.8,0.1,35.6
Patna,gem,2026-09-26 04:00:00,24.7,0.1,40.7
Patna,gem,2026-09-26 05:00:00,24.7,0.2,45.0
Patna,gem,2026-09-26 06:00:00,24.3,8.3,41.4
Patna,gem,2026-09-26 07:00:00,24.5,8.6,38.2
Patna,gem,2026-09-26 08:00:00,25.2,0.6,32.8
Patna,gem,2026-09-26 09:00:00,26.4,0.0,30.6
Patna,gem,2026-09-26 10:00:00,25.7,1.8,29.9
Patna,gem,2026-09-26 11:00:00,25.7,0.8,29.5
Patna,gem,2026-09-26 12:00:00,24.8,11.8,30.2
Patna,gem,2026-09-26 13:00:00,24.5,20.7,25.2
Patna,gem,2026-09-26 14:00:00,24.7,9.3,21.2
Patna,gem,2026-09-26 15:00:00,24.8,1.5,25.6
Patna,gem,2026-09-26 16:00:00,24.5,2.8,20.9
Patna,gem,2026-09-26 17:00:00,24.5,0.1,20.9
Patna,gem,2026-09-26 18:00:00,24.6,0.0,18.7
Patna,gem,2026-09-26 19:00:00,24.3,0.6,17.3
Patna,gem,2026-09-26 20:00:00,24.5,0.9,17.3
Patna,gem,2026-09-26 21:00:00,24.6,0.0,15.5
Patna,gem,2026-09-26 22:00:00,24.5,0.0,15.8
Patna,gem,2026-09-26 23:00:00,24.3,0.0,14.8
Patna,gfs,2026-09-24 00:00:00,25.2,4.0,24.5
Patna,gfs,2026-09-24 01:00:00,24.9,6.1,21.7
Patna,gfs,2026-09-24 02:00:00,24.5,2.7,22.1
Patna,gfs,2026-09-24 03:00:00,24.7,0.3,23.3
Patna,gfs,2026-09-24 04:00:00,24.5,0.5,26.0
Patna,gfs,2026-09-24 05:00:00,24.2,2.4,27.9
Patna,gfs,2026-09-24 06:00:00,24.0,3.4,28.4
Patna,gfs,2026-09-24 07:00:00,24.0,2.0,29.1
Patna,gfs,2026-09-24 08:00:00,24.1,1.2,28.8
Patna,gfs,2026-09-24 09:00:00,24.2,1.7,27.4
Patna,gfs,2026-09-24 10:00:00,24.0,2.6,27.3
Patna,gfs,2026-09-24 11:00:00,24.3,1.0,25.7
Patna,gfs,2026-09-24 12:00:00,24.6,0.5,26.0
Patna,gfs,2026-09-24 13:00:00,24.3,1.5,24.5
Patna,gfs,2026-09-24 14:00:00,24.2,1.8,24.2
Patna,gfs,2026-09-24 15:00:00,24.2,0.5,24.3
Patna,gfs,2026-09-24 16:00:00,24.1,0.2,25.7
Patna,gfs,2026-09-24 17:00:00,23.5,2.8,26.9
Patna,gfs,2026-09-24 18:00:00,23.2,0.8,25.6
Patna,gfs,2026-09-24 19:00:00,23.2,3.2,27.7
Patna,gfs,2026-09-24 20:00:00,22.9,9.1,27.2
Patna,gfs,2026-09-24 21:00:00,23.4,1.0,27.2
Patna,gfs,2026-09-24 22:00:00,23.4,1.4,29.3
Patna,gfs,2026-09-24 23:00:00,23.0,3.6,30.1
Patna,gfs,2026-09-25 00:00:00,22.9,3.0,33.6
Patna,gfs,2026-09-25 01:00:00,23.4,1.6,30.6
Patna,gfs,2026-09-25 02:00:00,23.6,0.1,31.1
Patna,gfs,2026-09-25 03:00:00,23.3,0.0,31.1
Patna,gfs,2026-09-25 04:00:00,23.2,0.0,31.2
Patna,gfs,2026-09-25 05:00:00,23.3,0.0,31.9
Patna,gfs,2026-09-25 06:00:00,23.5,0.0,33.6
Patna,gfs,2026-09-25 07:00:00,24.2,0.0,33.8
Patna,gfs,2026-09-25 08:00:00,24.3,0.0,33.1
Patna,gfs,2026-09-25 09:00:00,26.2,0.0,33.4
Patna,gfs,2026-09-25 10:00:00,25.6,0.0,33.9
Patna,gfs,2026-09-25 11:00:00,25.4,0.0,31.8
Patna,gfs,2026-09-25 12:00:00,24.9,0.0,30.9
Patna,gfs,2026-09-25 13:00:00,26.3,0.0,34.5
Patna,gfs,2026-09-25 14:00:00,24.8,0.1,34.5
Patna,gfs,2026-09-25 15:00:00,24.6,0.5,34.6
Patna,gfs,2026-09-25 16:00:00,24.3,0.7,32.8
Patna,gfs,2026-09-25 17:00:00,24.0,0.2,31.9
Patna,gfs,2026-09-25 18:00:00,23.7,0.1,33.3
Patna,gfs,2026-09-25 19:00:00,23.7,0.0,33.9
Patna,gfs,2026-09-25 20:00:00,23.7,0.1,31.5
Patna,gfs,2026-09-25 21:00:00,23.9,0.1,31.3
Patna,gfs,2026-09-25 22:00:00,24.0,0.1,31.8
Patna,gfs,2026-09-25 23:00:00,24.0,0.1,31.4
Patna,gfs,2026-09-26 00:00:00,23.9,0.1,28.9
Patna,gfs,2026-09-26 01:00:00,23.9,0.2,28.2
Patna,gfs,2026-09-26 02:00:00,23.8,0.2,28.9
Patna,gfs,2026-09-26 03:00:00,24.0,0.3,28.9
Patna,gfs,2026-09-26 04:00:00,24.1,0.1,30.6
Patna,gfs,2026-09-26 05:00:00,23.8,1.1,32.8
Patna,gfs,2026-09-26 06:00:00,24.1,0.2,31.7
Patna,gfs,2026-09-26 07:00:00,24.2,0.2,32.1
Patna,gfs,2026-09-26 08:00:00,24.4,0.1,32.5
Patna,gfs,2026-09-26 09:00:00,24.7,0.1,31.4
Patna,gfs,2026-09-26 10:00:00,26.8,0.7,32.6
Patna,gfs,2026-09-26 11:00:00,25.3,0.7,29.5
Patna,gfs,2026-09-26 12:00:00,26.9,0.0,30.7
Patna,gfs,2026-09-26 13:00:00,28.6,0.0,33.9
Patna,gfs,2026-09-26 14:00:00,28.1,0.0,30.3
Patna,gfs,2026-09-26 15:00:00,28.1,0.2,27.7
Patna,gfs,2026-09-26 16:00:00,27.0,1.0,25.6
Patna,gfs,2026-09-26 17:00:00,26.6,1.3,23.9
Patna,gfs,2026-09-26 18:00:00,25.7,1.3,21.6
Patna,gfs,2026-09-26 19:00:00,25.0,0.9,20.9
Patna,gfs,2026-09-26 20:00:00,25.3,1.5,20.6
Patna,gfs,2026-09-26 21:00:00,25.7,1.5,21.0
Patna,gfs,2026-09-26 22:00:00,25.7,0.7,20.5
Patna,gfs,2026-09-26 23:00:00,25.8,0.9,20.0
Patna,icon,2026-09-24 00:00:00,25.4,4.4,11.0
Patna,icon,2026-09-24 01:00:00,25.4,3.2,13.3
Patna,icon,2026-09-24 02:00:00,25.2,1.9,13.0
Patna,icon,2026-09-24 03:00:00,25.1,3.3,13.8
Patna,icon,2026-09-24 04:00:00,25.3,0.7,14.4
Patna,icon,2026-09-24 05:00:00,25.3,0.3,13.8
Patna,icon,2026-09-24 06:00:00,25.2,1.2,14.1
Patna,icon,2026-09-24 07:00:00,25.2,2.2,14.9
Patna,icon,2026-09-24 08:00:00,25.2,2.2,14.4
Patna,icon,2026-09-24 09:00:00,25.3,0.6,14.8
Patna,icon,2026-09-24 10:00:00,25.1,2.5,14.2
Patna,icon,2026-09-24 11:00:00,25.6,3.0,14.2
Patna,icon,2026-09-24 12:00:00,25.3,1.6,14.5
Patna,icon,2026-09-24 13:00:00,24.7,5.9,14.0
Patna,icon,2026-09-24 14:00:00,24.5,2.5,14.5
Patna,icon,2026-09-24 15:00:00,24.2,6.2,14.6
Patna,icon,2026-09-24 16:00:00,24.2,2.3,13.9
Patna,icon,2026-09-24 17:00:00,24.2,11.9,12.4
Patna,icon,2026-09-24 18:00:00,24.0,6.9,13.0
Patna,icon,2026-09-24 19:00:00,23.8,3.8,13.2
Patna,icon,2026-09-24 20:00:00,24.0,5.9,14.7
Patna,icon,2026-09-24 21:00:00,24.2,0.3,16.4
Patna,icon,2026-09-24 22:00:00,24.3,0.0,13.9
Patna,icon,2026-09-24 23:00:00,24.2,0.0,15.2
Patna,icon,2026-09-25 00:00:00,24.1,1.0,14.2
Patna,icon,2026-09-25 01:00:00,24.1,1.5,14.5
Patna,icon,2026-09-25 02:00:00,24.3,1.3,16.1
Patna,icon,2026-09-25 03:00:00,24.1,1.3,17.3
Patna,icon,2026-09-25 04:00:00,23.9,0.7,17.4
Patna,icon,2026-09-25 05:00:00,24.0,0.1,18.0
Patna,icon,2026-09-25 06:00:00,24.1,0.0,19.1
Patna,icon,2026-09-25 07:00:00,24.3,0.0,17.4
Patna,icon,2026-09-25 08:00:00,24.9,0.0,16.9
Patna,icon,2026-09-25 09:00:00,25.3,0.0,16.9
Patna,icon,2026-09-25 10:00:00,25.7,0.0,16.7
Patna,icon,2026-09-25 11:00:00,26.0,0.0,20.9
Patna,icon,2026-09-25 12:00:00,26.4,0.0,20.2
Patna,icon,2026-09-25 13:00:00,26.9,0.0,22.0
Patna,icon,2026-09-25 14:00:00,26.9,0.0,19.6
Patna,icon,2026-09-25 15:00:00,26.4,0.2,17.2
Patna,icon,2026-09-25 16:00:00,26.1,0.0,18.7
Patna,icon,2026-09-25 17:00:00,25.8,0.1,17.2
Patna,icon,2026-09-25 18:00:00,25.5,0.0,18.3
Patna,icon,2026-09-25 19:00:00,25.5,0.1,18.7
Patna,icon,2026-09-25 20:00:00,25.7,0.2,19.2
Patna,icon,2026-09-25 21:00:00,25.7,0.1,16.9
Patna,icon,2026-09-25 22:00:00,25.5,1.7,16.9
Patna,icon,2026-09-25 23:00:00,26.0,0.4,18.4
Patna,icon,2026-09-26 00:00:00,26.2,1.1,19.1
Patna,icon,2026-09-26 01:00:00,26.3,0.1,18.5
Patna,icon,2026-09-26 02:00:00,26.3,0.6,19.3
Patna,icon,2026-09-26 03:00:00,26.3,0.7,19.1
Patna,icon,2026-09-26 04:00:00,26.3,0.6,19.1
Patna,icon,2026-09-26 05:00:00,26.3,0.7,20.7
Patna,icon,2026-09-26 06:00:00,26.6,0.0,21.0
Patna,icon,2026-09-26 07:00:00,26.9,0.5,20.7
Patna,icon,2026-09-26 08:00:00,27.2,0.0,19.8
Patna,icon,2026-09-26 09:00:00,27.6,0.2,20.7
Patna,icon,2026-09-26 10:00:00,28.3,0.4,22.2
Patna,icon,2026-09-26 11:00:00,27.9,1.7,18.8
Patna,icon,2026-09-26 12:00:00,28.2,2.8,19.5
Patna,icon,2026-09-26 13:00:00,28.5,1.7,16.7
Patna,icon,2026-09-26 14:00:00,28.6,3.1,18.8
Patna,icon,2026-09-26 15:00:00,28.4,1.7,18.5
Patna,icon,2026-09-26 16:00:00,28.1,2.0,17.9
Patna,icon,2026-09-26 17:00:00,27.8,0.1,18.8
Patna,icon,2026-09-26 18:00:00,27.4,0.0,17.7
Patna,icon,2026-09-26 19:00:00,27.4,0.0,16.8
Patna,icon,2026-09-26 20:00:00,27.3,0.0,15.7
Patna,icon,2026-09-26 21:00:00,27.1,0.0,14.7
Patna,icon,2026-09-26 22:00:00,26.9,0.1,13.0
Patna,icon,2026-09-26 23:00:00,26.7,0.2,12.5
Pune,ecmwf,2026-09-24 00:00:00,23.6,0.0,8.0
Pune,ecmwf,2026-09-24 01:00:00,23.3,0.0,7.3
Pune,ecmwf,2026-09-24 02:00:00,23.0,0.0,7.0
Pune,ecmwf,2026-09-24 03:00:00,22.9,0.0,7.0
Pune,ecmwf,2026-09-24 04:00:00,22.8,0.0,7.1
Pune,ecmwf,2026-09-24 05:00:00,23.0,0.0,7.0
Pune,ecmwf,2026-09-24 06:00:00,23.5,0.0,7.2
Pune,ecmwf,2026-09-24 07:00:00,24.3,0.0,7.6
Pune,ecmwf,2026-09-24 08:00:00,25.3,0.0,8.1
Pune,ecmwf,2026-09-24 09:00:00,26.6,0.0,9.7
Pune,ecmwf,2026-09-24 10:00:00,28.2,0.0,12.0
Pune,ecmwf,2026-09-24 11:00:00,29.2,0.0,14.3
Pune,ecmwf,2026-09-24 12:00:00,29.5,0.1,15.3
Pune,ecmwf,2026-09-24 13:00:00,29.4,0.1,15.1
Pune,ecmwf,2026-09-24 14:00:00,28.9,0.1,14.8
Pune,ecmwf,2026-09-24 15:00:00,28.1,0.4,14.0
Pune,ecmwf,2026-09-24 16:00:00,27.0,0.4,13.1
Pune,ecmwf,2026-09-24 17:00:00,25.9,0.4,12.3
Pune,ecmwf,2026-09-24 18:00:00,25.1,0.0,11.1
Pune,ecmwf,2026-09-24 19:00:00,24.3,0.0,9.8
Pune,ecmwf,2026-09-24 20:00:00,23.6,0.0,8.6
Pune,ecmwf,2026-09-24 21:00:00,23.2,0.0,8.5
Pune,ecmwf,2026-09-24 22:00:00,22.9,0.0,8.4
Pune,ecmwf,2026-09-24 23:00:00,22.6,0.0,8.5
Pune,ecmwf,2026-09-25 00:00:00,22.5,0.0,8.4
Pune,ecmwf,2026-09-25 01:00:00,22.4,0.0,8.3
Pune,ecmwf,2026-09-25 02:00:00,22.4,0.0,8.0
Pune,ecmwf,2026-09-25 03:00:00,22.5,0.0,7.5
Pune,ecmwf,2026-09-25 04:00:00,22.6,0.0,6.7
Pune,ecmwf,2026-09-25 05:00:00,22.8,0.0,6.8
Pune,ecmwf,2026-09-25 06:00:00,23.3,0.1,7.9
Pune,ecmwf,2026-09-25 07:00:00,24.0,0.1,10.0
Pune,ecmwf,2026-09-25 08:00:00,24.8,0.1,12.0
Pune,ecmwf,2026-09-25 09:00:00,26.0,0.0,14.1
Pune,ecmwf,2026-09-25 10:00:00,27.3,0.0,16.3
Pune,ecmwf,2026-09-25 11:00:00,28.2,0.0,18.6
Pune,ecmwf,2026-09-25 12:00:00,28.5,0.0,20.0
Pune,ecmwf,2026-09-25 13:00:00,28.5,0.0,20.9
Pune,ecmwf,2026-09-25 14:00:00,28.2,0.0,21.0
Pune,ecmwf,2026-09-25 15:00:00,27.6,0.0,19.9
Pune,ecmwf,2026-09-25 16:00:00,26.8,0.0,18.1
Pune,ecmwf,2026-09-25 17:00:00,25.9,0.0,16.2
Pune,ecmwf,2026-09-25 18:00:00,24.9,0.0,14.5
Pune,ecmwf,2026-09-25 19:00:00,23.8,0.0,13.0
Pune,ecmwf,2026-09-25 20:00:00,23.0,0.0,12.0
Pune,ecmwf,2026-09-25 21:00:00,22.6,0.0,11.4
Pune,ecmwf,2026-09-25 22:00:00,22.4,0.0,11.0
Pune,ecmwf,2026-09-25 23:00:00,22.3,0.0,10.7
Pune,ecmwf,2026-09-26 00:00:00,22.2,0.0,10.7
Pune,ecmwf,2026-09-26 01:00:00,22.1,0.0,10.7
Pune,ecmwf,2026-09-26 02:00:00,22.1,0.0,11.0
Pune,ecmwf,2026-09-26 03:00:00,22.0,0.0,11.4
Pune,ecmwf,2026-09-26 04:00:00,22.1,0.0,11.8
Pune,ecmwf,2026-09-26 05:00:00,22.3,0.0,12.1
Pune,ecmwf,2026-09-26 06:00:00,22.8,0.0,12.5
Pune,ecmwf,2026-09-26 07:00:00,23.4,0.0,12.8
Pune,ecmwf,2026-09-26 08:00:00,24.3,0.0,13.5
Pune,ecmwf,2026-09-26 09:00:00,25.6,0.0,14.9
Pune,ecmwf,2026-09-26 10:00:00,27.1,0.0,16.2
Pune,ecmwf,2026-09-26 11:00:00,28.1,0.0,17.3
Pune,ecmwf,2026-09-26 12:00:00,28.4,0.2,17.3
Pune,ecmwf,2026-09-26 13:00:00,28.1,0.2,17.0
Pune,ecmwf,2026-09-26 14:00:00,27.8,0.2,16.6
Pune,ecmwf,2026-09-26 15:00:00,27.3,0.0,16.2
Pune,ecmwf,2026-09-26 16:00:00,26.8,0.0,15.5
Pune,ecmwf,2026-09-26 17:00:00,26.1,0.0,14.4
Pune,ecmwf,2026-09-26 18:00:00,25.2,0.0,11.9
Pune,ecmwf,2026-09-26 19:00:00,24.3,0.0,9.2
Pune,ecmwf,2026-09-26 20:00:00,23.6,0.0,7.2
Pune,ecmwf,2026-09-26 21:00:00,23.3,0.0,6.6
Pune,ecmwf,2026-09-26 22:00:00,23.4,0.0,7.1
Pune,ecmwf,2026-09-26 23:00:00,23.4,0.0,7.1
Pune,gem,2026-09-24 00:00:00,23.4,0.1,10.1
Pune,gem,2026-09-24 01:00:00,23.3,0.7,10.4
Pune,gem,2026-09-24 02:00:00,22.6,0.8,14.0
Pune,gem,2026-09-24 03:00:00,21.7,0.8,10.1
Pune,gem,2026-09-24 04:00:00,21.8,0.0,9.0
Pune,gem,2026-09-24 05:00:00,23.9,0.0,6.8
Pune,gem,2026-09-24 06:00:00,23.8,0.1,8.6
Pune,gem,2026-09-24 07:00:00,24.5,0.0,10.1
Pune,gem,2026-09-24 08:00:00,25.8,0.0,13.7
Pune,gem,2026-09-24 09:00:00,26.9,0.0,14.4
Pune,gem,2026-09-24 10:00:00,28.0,0.0,14.8
Pune,gem,2026-09-24 11:00:00,28.9,0.0,15.5
Pune,gem,2026-09-24 12:00:00,29.6,0.0,16.2
Pune,gem,2026-09-24 13:00:00,29.9,0.0,16.6
Pune,gem,2026-09-24 14:00:00,29.9,0.0,16.6
Pune,gem,2026-09-24 15:00:00,29.6,0.0,17.6
Pune,gem,2026-09-24 16:00:00,29.2,0.0,15.1
Pune,gem,2026-09-24 17:00:00,28.3,0.0,16.2
Pune,gem,2026-09-24 18:00:00,26.9,0.0,16.9
Pune,gem,2026-09-24 19:00:00,25.5,0.2,15.8
Pune,gem,2026-09-24 20:00:00,24.8,0.4,13.7
Pune,gem,2026-09-24 21:00:00,24.3,0.0,13.0
Pune,gem,2026-09-24 22:00:00,23.9,0.0,13.0
Pune,gem,2026-09-24 23:00:00,23.8,0.0,13.7
Pune,gem,2026-09-25 00:00:00,23.5,0.0,14.0
Pune,gem,2026-09-25 01:00:00,23.3,0.0,14.4
Pune,gem,2026-09-25 02:00:00,23.3,0.0,15.5
Pune,gem,2026-09-25 03:00:00,23.3,0.0,16.2
Pune,gem,2026-09-25 04:00:00,23.3,0.0,16.9
Pune,gem,2026-09-25 05:00:00,23.2,0.0,16.6
Pune,gem,2026-09-25 06:00:00,23.3,0.0,15.1
Pune,gem,2026-09-25 07:00:00,24.1,0.0,16.2
Pune,gem,2026-09-25 08:00:00,25.8,0.0,18.4
Pune,gem,2026-09-25 09:00:00,27.0,0.0,19.8
Pune,gem,2026-09-25 10:00:00,27.9,0.0,20.5
Pune,gem,2026-09-25 11:00:00,28.5,0.0,20.2
Pune,gem,2026-09-25 12:00:00,29.1,0.0,20.5
Pune,gem,2026-09-25 13:00:00,29.3,0.0,21.2
Pune,gem,2026-09-25 14:00:00,29.3,0.0,21.2
Pune,gem,2026-09-25 15:00:00,28.7,0.0,21.6
Pune,gem,2026-09-25 16:00:00,27.9,0.0,21.2
Pune,gem,2026-09-25 17:00:00,26.8,0.0,20.2
Pune,gem,2026-09-25 18:00:00,25.1,0.0,18.4
Pune,gem,2026-09-25 19:00:00,23.8,0.0,16.9
Pune,gem,2026-09-25 20:00:00,23.0,0.0,14.8
Pune,gem,2026-09-25 21:00:00,22.6,0.0,14.4
Pune,gem,2026-09-25 22:00:00,22.4,0.0,14.8
Pune,gem,2026-09-25 23:00:00,22.5,0.0,14.8
Pune,gem,2026-09-26 00:00:00,22.7,0.0,14.8
Pune,gem,2026-09-26 01:00:00,22.9,0.0,15.5
Pune,gem,2026-09-26 02:00:00,23.0,0.0,14.8
Pune,gem,2026-09-26 03:00:00,23.0,0.0,15.5
Pune,gem,2026-09-26 04:00:00,22.9,0.0,15.8
Pune,gem,2026-09-26 05:00:00,22.8,0.0,15.8
Pune,gem,2026-09-26 06:00:00,22.7,0.0,14.8
Pune,gem,2026-09-26 07:00:00,23.1,0.0,16.9
Pune,gem,2026-09-26 08:00:00,24.5,0.0,17.6
Pune,gem,2026-09-26 09:00:00,25.7,0.0,17.3
Pune,gem,2026-09-26 10:00:00,27.0,0.0,17.3
Pune,gem,2026-09-26 11:00:00,28.0,0.0,17.3
Pune,gem,2026-09-26 12:00:00,28.7,0.0,18.0
Pune,gem,2026-09-26 13:00:00,28.8,0.0,19.1
Pune,gem,2026-09-26 14:00:00,28.7,0.0,19.1
Pune,gem,2026-09-26 15:00:00,28.4,0.0,18.0
Pune,gem,2026-09-26 16:00:00,27.9,0.0,17.6
Pune,gem,2026-09-26 17:00:00,26.9,0.0,16.2
Pune,gem,2026-09-26 18:00:00,25.4,0.0,14.4
Pune,gem,2026-09-26 19:00:00,24.0,0.0,11.9
Pune,gem,2026-09-26 20:00:00,23.1,0.0,10.8
Pune,gem,2026-09-26 21:00:00,22.4,0.0,10.4
Pune,gem,2026-09-26 22:00:00,21.8,0.0,9.4
Pune,gem,2026-09-26 23:00:00,21.0,0.0,8.3
Pune,gfs,2026-09-24 00:00:00,22.9,0.0,10.3
Pune,gfs,2026-09-24 01:00:00,22.8,0.0,8.6
Pune,gfs,2026-09-24 02:00:00,22.7,0.0,8.6
Pune,gfs,2026-09-24 03:00:00,22.5,0.0,10.2
Pune,gfs,2026-09-24 04:00:00,22.4,0.0,10.4
Pune,gfs,2026-09-24 05:00:00,22.3,0.0,8.8
Pune,gfs,2026-09-24 06:00:00,22.2,0.0,8.7
Pune,gfs,2026-09-24 07:00:00,23.0,0.0,10.0
Pune,gfs,2026-09-24 08:00:00,24.7,0.0,11.2
Pune,gfs,2026-09-24 09:00:00,26.6,0.0,13.6
Pune,gfs,2026-09-24 10:00:00,28.2,0.0,16.6
Pune,gfs,2026-09-24 11:00:00,29.2,0.0,19.3
Pune,gfs,2026-09-24 12:00:00,29.9,0.1,19.6
Pune,gfs,2026-09-24 13:00:00,30.5,0.1,18.9
Pune,gfs,2026-09-24 14:00:00,30.1,0.0,20.9
Pune,gfs,2026-09-24 15:00:00,28.8,0.2,22.2
Pune,gfs,2026-09-24 16:00:00,27.6,1.0,21.3
Pune,gfs,2026-09-24 17:00:00,26.7,0.2,18.1
Pune,gfs,2026-09-24 18:00:00,25.2,0.0,15.7
Pune,gfs,2026-09-24 19:00:00,24.8,0.0,12.2
Pune,gfs,2026-09-24 20:00:00,24.2,0.0,13.7
Pune,gfs,2026-09-24 21:00:00,23.7,0.0,12.2
Pune,gfs,2026-09-24 22:00:00,23.3,0.0,10.9
Pune,gfs,2026-09-24 23:00:00,23.0,0.0,11.4
Pune,gfs,2026-09-25 00:00:00,22.8,0.0,11.4
Pune,gfs,2026-09-25 01:00:00,22.7,0.0,11.4
Pune,gfs,2026-09-25 02:00:00,22.6,0.0,10.0
Pune,gfs,2026-09-25 03:00:00,22.7,0.0,10.1
Pune,gfs,2026-09-25 04:00:00,22.6,0.0,10.2
Pune,gfs,2026-09-25 05:00:00,22.3,0.0,12.1
Pune,gfs,2026-09-25 06:00:00,22.1,0.0,11.9
Pune,gfs,2026-09-25 07:00:00,22.8,0.0,12.4
Pune,gfs,2026-09-25 08:00:00,24.6,0.0,15.3
Pune,gfs,2026-09-25 09:00:00,26.2,0.0,17.3
Pune,gfs,2026-09-25 10:00:00,27.5,0.0,18.5
Pune,gfs,2026-09-25 11:00:00,28.8,0.0,22.1
Pune,gfs,2026-09-25 12:00:00,29.4,0.0,22.7
Pune,gfs,2026-09-25 13:00:00,29.7,0.0,24.0
Pune,gfs,2026-09-25 14:00:00,28.7,0.5,23.6
Pune,gfs,2026-09-25 15:00:00,28.3,0.5,21.0
Pune,gfs,2026-09-25 16:00:00,27.0,0.5,20.0
Pune,gfs,2026-09-25 17:00:00,26.2,0.1,17.2
Pune,gfs,2026-09-25 18:00:00,24.8,0.2,14.9
Pune,gfs,2026-09-25 19:00:00,23.9,0.2,11.6
Pune,gfs,2026-09-25 20:00:00,23.6,0.0,11.7
Pune,gfs,2026-09-25 21:00:00,23.0,0.0,11.7
Pune,gfs,2026-09-25 22:00:00,22.6,0.0,11.4
Pune,gfs,2026-09-25 23:00:00,22.4,0.0,10.1
Pune,gfs,2026-09-26 00:00:00,22.2,0.0,9.5
Pune,gfs,2026-09-26 01:00:00,22.1,0.0,10.1
Pune,gfs,2026-09-26 02:00:00,21.9,0.0,9.4
Pune,gfs,2026-09-26 03:00:00,21.7,0.0,9.7
Pune,gfs,2026-09-26 04:00:00,21.5,0.0,10.3
Pune,gfs,2026-09-26 05:00:00,21.4,0.0,9.9
Pune,gfs,2026-09-26 06:00:00,21.3,0.0,9.2
Pune,gfs,2026-09-26 07:00:00,22.1,0.0,11.0
Pune,gfs,2026-09-26 08:00:00,23.7,0.0,14.2
Pune,gfs,2026-09-26 09:00:00,25.5,0.0,15.5
Pune,gfs,2026-09-26 10:00:00,27.0,0.0,16.9
Pune,gfs,2026-09-26 11:00:00,28.2,0.0,19.1
Pune,gfs,2026-09-26 12:00:00,28.9,0.0,18.9
Pune,gfs,2026-09-26 13:00:00,29.4,0.0,19.1
Pune,gfs,2026-09-26 14:00:00,29.6,0.0,20.0
Pune,gfs,2026-09-26 15:00:00,28.9,0.0,21.3
Pune,gfs,2026-09-26 16:00:00,27.8,0.0,19.1
Pune,gfs,2026-09-26 17:00:00,26.6,0.0,16.2
Pune,gfs,2026-09-26 18:00:00,25.1,0.0,13.0
Pune,gfs,2026-09-26 19:00:00,24.2,0.0,11.9
Pune,gfs,2026-09-26 20:00:00,23.5,0.0,11.2
Pune,gfs,2026-09-26 21:00:00,23.0,0.0,12.4
Pune,gfs,2026-09-26 22:00:00,22.5,0.0,11.6
Pune,gfs,2026-09-26 23:00:00,22.2,0.0,11.5
Pune,icon,2026-09-24 00:00:00,24.7,0.0,6.1
Pune,icon,2026-09-24 01:00:00,24.5,0.0,5.0
Pune,icon,2026-09-24 02:00:00,24.4,0.0,5.8
Pune,icon,2026-09-24 03:00:00,24.4,0.0,5.8
Pune,icon,2026-09-24 04:00:00,24.4,0.0,5.8
Pune,icon,2026-09-24 05:00:00,24.2,0.0,5.8
Pune,icon,2026-09-24 06:00:00,24.1,0.0,6.2
Pune,icon,2026-09-24 07:00:00,24.7,0.0,7.1
Pune,icon,2026-09-24 08:00:00,25.5,0.0,10.3
Pune,icon,2026-09-24 09:00:00,26.9,0.0,12.8
Pune,icon,2026-09-24 10:00:00,28.5,0.0,14.7
Pune,icon,2026-09-24 11:00:00,29.7,0.0,16.5
Pune,icon,2026-09-24 12:00:00,30.5,0.0,17.6
Pune,icon,2026-09-24 13:00:00,31.0,0.0,18.1
Pune,icon,2026-09-24 14:00:00,31.3,0.0,17.0
Pune,icon,2026-09-24 15:00:00,31.1,0.0,16.6
Pune,icon,2026-09-24 16:00:00,30.1,0.0,18.2
Pune,icon,2026-09-24 17:00:00,28.3,0.0,18.5
Pune,icon,2026-09-24 18:00:00,26.7,0.0,15.6
Pune,icon,2026-09-24 19:00:00,25.8,0.0,12.5
Pune,icon,2026-09-24 20:00:00,25.3,0.0,12.1
Pune,icon,2026-09-24 21:00:00,25.0,0.0,10.5
Pune,icon,2026-09-24 22:00:00,24.8,0.0,9.7
Pune,icon,2026-09-24 23:00:00,24.6,0.0,9.8
Pune,icon,2026-09-25 00:00:00,24.3,0.0,9.8
Pune,icon,2026-09-25 01:00:00,24.0,0.0,10.1
Pune,icon,2026-09-25 02:00:00,23.7,0.0,10.1
Pune,icon,2026-09-25 03:00:00,23.5,0.0,9.7
Pune,icon,2026-09-25 04:00:00,23.5,0.0,9.8
Pune,icon,2026-09-25 05:00:00,23.3,0.0,9.5
Pune,icon,2026-09-25 06:00:00,23.2,0.0,8.8
Pune,icon,2026-09-25 07:00:00,23.8,0.0,9.5
Pune,icon,2026-09-25 08:00:00,24.9,0.0,15.1
Pune,icon,2026-09-25 09:00:00,26.7,0.0,17.7
Pune,icon,2026-09-25 10:00:00,28.3,0.0,19.2
Pune,icon,2026-09-25 11:00:00,29.4,0.0,20.3
Pune,icon,2026-09-25 12:00:00,30.1,0.0,20.7
Pune,icon,2026-09-25 13:00:00,30.4,0.0,21.9
Pune,icon,2026-09-25 14:00:00,30.3,0.0,22.5
Pune,icon,2026-09-25 15:00:00,29.4,0.0,21.8
Pune,icon,2026-09-25 16:00:00,28.4,0.0,20.6
Pune,icon,2026-09-25 17:00:00,27.1,0.0,19.1
Pune,icon,2026-09-25 18:00:00,25.6,0.0,15.9
Pune,icon,2026-09-25 19:00:00,24.6,0.0,14.4
Pune,icon,2026-09-25 20:00:00,24.0,0.0,14.1
Pune,icon,2026-09-25 21:00:00,23.7,0.0,12.4
Pune,icon,2026-09-25 22:00:00,23.5,0.0,13.2
Pune,icon,2026-09-25 23:00:00,23.4,0.0,14.1
Pune,icon,2026-09-26 00:00:00,23.3,0.0,14.3
Pune,icon,2026-09-26 01:00:00,23.2,0.0,14.8
Pune,icon,2026-09-26 02:00:00,23.2,0.0,14.8
Pune,icon,2026-09-26 03:00:00,23.0,0.0,13.6
Pune,icon,2026-09-26 04:00:00,22.8,0.0,13.9
Pune,icon,2026-09-26 05:00:00,22.6,0.0,13.6
Pune,icon,2026-09-26 06:00:00,22.5,0.0,13.6
Pune,icon,2026-09-26 07:00:00,23.1,0.0,13.3
Pune,icon,2026-09-26 08:00:00,24.5,0.0,18.1
Pune,icon,2026-09-26 09:00:00,26.3,0.0,19.8
Pune,icon,2026-09-26 10:00:00,27.9,0.0,20.9
Pune,icon,2026-09-26 11:00:00,28.9,0.0,21.6
Pune,icon,2026-09-26 12:00:00,29.5,0.0,22.0
Pune,icon,2026-09-26 13:00:00,29.8,0.0,21.7
Pune,icon,2026-09-26 14:00:00,30.0,0.0,20.5
Pune,icon,2026-09-26 15:00:00,29.7,0.0,19.8
Pune,icon,2026-09-26 16:00:00,28.7,0.0,18.4
Pune,icon,2026-09-26 17:00:00,27.4,0.0,16.6
Pune,icon,2026-09-26 18:00:00,25.8,0.0,14.4
Pune,icon,2026-09-26 19:00:00,24.6,0.0,10.1
Pune,icon,2026-09-26 20:00:00,24.1,0.0,8.9
Pune,icon,2026-09-26 21:00:00,23.8,0.0,8.8
Pune,icon,2026-09-26 22:00:00,23.4,0.0,8.6
Pune,icon,2026-09-26 23:00:00,23.3,0.0,8.4
Raipur,ecmwf,2026-09-24 00:00:00,24.7,0.3,18.0
Raipur,ecmwf,2026-09-24 01:00:00,24.6,0.3,18.6
Raipur,ecmwf,2026-09-24 02:00:00,24.5,0.3,19.0
Raipur,ecmwf,2026-09-24 03:00:00,24.4,0.2,19.2
Raipur,ecmwf,2026-09-24 04:00:00,24.3,0.2,19.5
Raipur,ecmwf,2026-09-24 05:00:00,24.4,0.2,19.6
Raipur,ecmwf,2026-09-24 06:00:00,24.7,0.2,20.3
Raipur,ecmwf,2026-09-24 07:00:00,25.1,0.2,21.1
Raipur,ecmwf,2026-09-24 08:00:00,25.6,0.2,22.1
Raipur,ecmwf,2026-09-24 09:00:00,26.1,0.2,23.3
Raipur,ecmwf,2026-09-24 10:00:00,26.6,0.2,24.8
Raipur,ecmwf,2026-09-24 11:00:00,26.8,0.2,25.5
Raipur,ecmwf,2026-09-24 12:00:00,26.4,3.1,24.7
Raipur,ecmwf,2026-09-24 13:00:00,25.8,3.1,22.7
Raipur,ecmwf,2026-09-24 14:00:00,25.2,3.1,21.6
Raipur,ecmwf,2026-09-24 15:00:00,25.0,1.9,21.4
Raipur,ecmwf,2026-09-24 16:00:00,25.0,1.9,21.4
Raipur,ecmwf,2026-09-24 17:00:00,24.9,1.9,22.1
Raipur,ecmwf,2026-09-24 18:00:00,24.7,3.6,23.3
Raipur,ecmwf,2026-09-24 19:00:00,24.5,3.6,25.2
Raipur,ecmwf,2026-09-24 20:00:00,24.4,3.6,25.6
Raipur,ecmwf,2026-09-24 21:00:00,24.3,1.6,24.4
Raipur,ecmwf,2026-09-24 22:00:00,24.2,1.6,21.8
Raipur,ecmwf,2026-09-24 23:00:00,24.1,1.6,19.9
Raipur,ecmwf,2026-09-25 00:00:00,24.0,3.5,19.5
Raipur,ecmwf,2026-09-25 01:00:00,23.9,3.5,20.0
Raipur,ecmwf,2026-09-25 02:00:00,23.8,3.5,20.0
Raipur,ecmwf,2026-09-25 03:00:00,23.7,0.7,18.6
Raipur,ecmwf,2026-09-25 04:00:00,23.7,0.7,17.5
Raipur,ecmwf,2026-09-25 05:00:00,23.7,0.7,16.6
Raipur,ecmwf,2026-09-25 06:00:00,23.8,2.1,16.6
Raipur,ecmwf,2026-09-25 07:00:00,23.9,2.1,16.8
Raipur,ecmwf,2026-09-25 08:00:00,24.2,2.1,15.6
Raipur,ecmwf,2026-09-25 09:00:00,24.6,0.9,12.6
Raipur,ecmwf,2026-09-25 10:00:00,25.1,0.9,10.3
Raipur,ecmwf,2026-09-25 11:00:00,25.5,0.9,11.3
Raipur,ecmwf,2026-09-25 12:00:00,25.5,1.6,13.1
Raipur,ecmwf,2026-09-25 13:00:00,25.2,1.6,14.3
Raipur,ecmwf,2026-09-25 14:00:00,25.0,1.6,15.5
Raipur,ecmwf,2026-09-25 15:00:00,24.9,1.4,16.7
Raipur,ecmwf,2026-09-25 16:00:00,24.8,1.4,17.9
Raipur,ecmwf,2026-09-25 17:00:00,24.7,1.4,19.6
Raipur,ecmwf,2026-09-25 18:00:00,24.4,1.6,21.1
Raipur,ecmwf,2026-09-25 19:00:00,24.2,1.6,21.9
Raipur,ecmwf,2026-09-25 20:00:00,24.0,1.6,22.9
Raipur,ecmwf,2026-09-25 21:00:00,23.9,2.1,23.7
Raipur,ecmwf,2026-09-25 22:00:00,23.9,2.1,24.5
Raipur,ecmwf,2026-09-25 23:00:00,23.8,2.1,24.5
Raipur,ecmwf,2026-09-26 00:00:00,23.8,0.3,23.8
Raipur,ecmwf,2026-09-26 01:00:00,23.7,0.3,22.2
Raipur,ecmwf,2026-09-26 02:00:00,23.7,0.3,21.1
Raipur,ecmwf,2026-09-26 03:00:00,23.6,0.3,20.9
Raipur,ecmwf,2026-09-26 04:00:00,23.4,0.3,21.0
Raipur,ecmwf,2026-09-26 05:00:00,23.5,0.3,20.7
Raipur,ecmwf,2026-09-26 06:00:00,23.6,0.0,20.1
Raipur,ecmwf,2026-09-26 07:00:00,24.0,0.0,20.0
Raipur,ecmwf,2026-09-26 08:00:00,24.6,0.0,19.8
Raipur,ecmwf,2026-09-26 09:00:00,26.0,0.0,19.7
Raipur,ecmwf,2026-09-26 10:00:00,27.7,0.0,19.5
Raipur,ecmwf,2026-09-26 11:00:00,29.0,0.0,19.4
Raipur,ecmwf,2026-09-26 12:00:00,29.6,0.1,18.8
Raipur,ecmwf,2026-09-26 13:00:00,29.8,0.1,18.1
Raipur,ecmwf,2026-09-26 14:00:00,29.7,0.1,16.6
Raipur,ecmwf,2026-09-26 15:00:00,29.3,0.0,12.6
Raipur,ecmwf,2026-09-26 16:00:00,28.5,0.0,7.7
Raipur,ecmwf,2026-09-26 17:00:00,27.7,0.0,4.7
Raipur,ecmwf,2026-09-26 18:00:00,26.8,0.0,4.1
Raipur,ecmwf,2026-09-26 19:00:00,25.8,0.0,5.0
Raipur,ecmwf,2026-09-26 20:00:00,25.0,0.0,5.8
Raipur,ecmwf,2026-09-26 21:00:00,24.7,0.0,6.9
Raipur,ecmwf,2026-09-26 22:00:00,24.7,0.0,7.9
Raipur,ecmwf,2026-09-26 23:00:00,24.5,0.0,8.6
Raipur,gem,2026-09-24 00:00:00,25.2,0.0,17.6
Raipur,gem,2026-09-24 01:00:00,25.2,0.0,18.0
Raipur,gem,2026-09-24 02:00:00,25.0,0.0,19.1
Raipur,gem,2026-09-24 03:00:00,24.8,0.0,18.7
Raipur,gem,2026-09-24 04:00:00,24.6,0.0,16.9
Raipur,gem,2026-09-24 05:00:00,24.4,0.9,23.0
Raipur,gem,2026-09-24 06:00:00,23.8,0.1,22.7
Raipur,gem,2026-09-24 07:00:00,24.2,0.0,23.8
Raipur,gem,2026-09-24 08:00:00,25.9,0.0,28.1
Raipur,gem,2026-09-24 09:00:00,26.8,0.0,29.2
Raipur,gem,2026-09-24 10:00:00,25.9,0.7,31.0
Raipur,gem,2026-09-24 11:00:00,24.2,10.8,31.0
Raipur,gem,2026-09-24 12:00:00,24.2,11.1,26.6
Raipur,gem,2026-09-24 13:00:00,24.5,4.8,28.4
Raipur,gem,2026-09-24 14:00:00,25.0,0.3,33.1
Raipur,gem,2026-09-24 15:00:00,24.4,3.4,31.7
Raipur,gem,2026-09-24 16:00:00,24.6,3.5,30.6
Raipur,gem,2026-09-24 17:00:00,24.8,0.0,31.3
Raipur,gem,2026-09-24 18:00:00,23.8,2.8,32.4
Raipur,gem,2026-09-24 19:00:00,23.7,1.0,31.7
Raipur,gem,2026-09-24 20:00:00,23.6,0.3,30.6
Raipur,gem,2026-09-24 21:00:00,23.7,1.4,29.9
Raipur,gem,2026-09-24 22:00:00,23.6,1.1,27.0
Raipur,gem,2026-09-24 23:00:00,23.4,8.2,23.0
Raipur,gem,2026-09-25 00:00:00,23.3,7.6,23.4
Raipur,gem,2026-09-25 01:00:00,23.2,0.6,25.2
Raipur,gem,2026-09-25 02:00:00,23.4,0.2,23.4
Raipur,gem,2026-09-25 03:00:00,23.2,0.4,23.4
Raipur,gem,2026-09-25 04:00:00,23.1,1.0,24.5
Raipur,gem,2026-09-25 05:00:00,23.4,0.1,22.3
Raipur,gem,2026-09-25 06:00:00,23.3,0.2,22.3
Raipur,gem,2026-09-25 07:00:00,23.2,1.8,21.6
Raipur,gem,2026-09-25 08:00:00,23.2,1.6,21.6
Raipur,gem,2026-09-25 09:00:00,23.4,0.9,22.0
Raipur,gem,2026-09-25 10:00:00,23.4,1.9,22.0
Raipur,gem,2026-09-25 11:00:00,23.7,1.0,22.3
Raipur,gem,2026-09-25 12:00:00,24.0,0.1,23.4
Raipur,gem,2026-09-25 13:00:00,24.0,0.2,24.5
Raipur,gem,2026-09-25 14:00:00,23.8,0.6,25.2
Raipur,gem,2026-09-25 15:00:00,23.6,1.6,22.3
Raipur,gem,2026-09-25 16:00:00,23.3,5.9,18.4
Raipur,gem,2026-09-25 17:00:00,23.4,1.9,19.4
Raipur,gem,2026-09-25 18:00:00,23.3,0.7,21.2
Raipur,gem,2026-09-25 19:00:00,23.1,0.4,21.2
Raipur,gem,2026-09-25 20:00:00,22.9,0.5,20.2
Raipur,gem,2026-09-25 21:00:00,22.8,1.2,18.7
Raipur,gem,2026-09-25 22:00:00,22.8,1.2,19.1
Raipur,gem,2026-09-25 23:00:00,22.7,0.4,20.9
Raipur,gem,2026-09-26 00:00:00,22.4,0.3,20.5
Raipur,gem,2026-09-26 01:00:00,22.5,0.0,22.3
Raipur,gem,2026-09-26 02:00:00,22.4,0.0,22.3
Raipur,gem,2026-09-26 03:00:00,22.3,0.0,22.0
Raipur,gem,2026-09-26 04:00:00,22.2,0.0,21.6
Raipur,gem,2026-09-26 05:00:00,22.1,0.0,21.2
Raipur,gem,2026-09-26 06:00:00,22.0,0.1,21.2
Raipur,gem,2026-09-26 07:00:00,22.2,0.1,21.6
Raipur,gem,2026-09-26 08:00:00,23.2,0.0,21.2
Raipur,gem,2026-09-26 09:00:00,25.3,0.0,25.9
Raipur,gem,2026-09-26 10:00:00,26.1,0.0,26.3
Raipur,gem,2026-09-26 11:00:00,26.2,0.0,24.1
Raipur,gem,2026-09-26 12:00:00,27.2,0.0,23.4
Raipur,gem,2026-09-26 13:00:00,28.4,0.0,22.3
Raipur,gem,2026-09-26 14:00:00,28.7,0.0,21.2
Raipur,gem,2026-09-26 15:00:00,28.6,0.0,21.6
Raipur,gem,2026-09-26 16:00:00,28.2,0.0,14.4
Raipur,gem,2026-09-26 17:00:00,27.3,0.0,7.6
Raipur,gem,2026-09-26 18:00:00,25.6,0.0,2.9
Raipur,gem,2026-09-26 19:00:00,24.2,0.0,3.6
Raipur,gem,2026-09-26 20:00:00,23.3,0.0,3.6
Raipur,gem,2026-09-26 21:00:00,23.0,0.0,5.8
Raipur,gem,2026-09-26 22:00:00,22.4,0.0,5.0
Raipur,gem,2026-09-26 23:00:00,22.0,0.0,5.8
Raipur,gfs,2026-09-24 00:00:00,23.9,0.0,21.7
Raipur,gfs,2026-09-24 01:00:00,23.7,0.0,21.9
Raipur,gfs,2026-09-24 02:00:00,23.6,0.0,22.6
Raipur,gfs,2026-09-24 03:00:00,23.6,0.0,23.2
Raipur,gfs,2026-09-24 04:00:00,23.6,0.0,24.0
Raipur,gfs,2026-09-24 05:00:00,23.6,0.1,22.5
Raipur,gfs,2026-09-24 06:00:00,23.4,0.0,22.3
Raipur,gfs,2026-09-24 07:00:00,23.7,0.0,23.1
Raipur,gfs,2026-09-24 08:00:00,24.6,0.0,24.9
Raipur,gfs,2026-09-24 09:00:00,25.4,0.0,25.4
Raipur,gfs,2026-09-24 10:00:00,27.2,0.3,30.9
Raipur,gfs,2026-09-24 11:00:00,25.8,0.6,28.5
Raipur,gfs,2026-09-24 12:00:00,24.9,0.4,25.6
Raipur,gfs,2026-09-24 13:00:00,24.8,0.3,26.9
Raipur,gfs,2026-09-24 14:00:00,25.1,0.0,27.6
Raipur,gfs,2026-09-24 15:00:00,24.0,0.8,27.1
Raipur,gfs,2026-09-24 16:00:00,23.6,0.6,28.8
Raipur,gfs,2026-09-24 17:00:00,23.8,0.1,26.8
Raipur,gfs,2026-09-24 18:00:00,23.8,0.4,28.8
Raipur,gfs,2026-09-24 19:00:00,23.9,0.1,28.2
Raipur,gfs,2026-09-24 20:00:00,23.8,0.2,25.9
Raipur,gfs,2026-09-24 21:00:00,23.4,2.3,22.3
Raipur,gfs,2026-09-24 22:00:00,23.3,7.3,28.7
Raipur,gfs,2026-09-24 23:00:00,23.2,11.3,25.3
Raipur,gfs,2026-09-25 00:00:00,23.2,12.0,29.2
Raipur,gfs,2026-09-25 01:00:00,23.1,7.6,25.2
Raipur,gfs,2026-09-25 02:00:00,23.3,1.9,23.8
Raipur,gfs,2026-09-25 03:00:00,23.2,1.4,21.6
Raipur,gfs,2026-09-25 04:00:00,23.0,4.4,25.0
Raipur,gfs,2026-09-25 05:00:00,23.0,4.1,23.2
Raipur,gfs,2026-09-25 06:00:00,23.2,8.1,24.3
Raipur,gfs,2026-09-25 07:00:00,23.3,6.4,25.9
Raipur,gfs,2026-09-25 08:00:00,23.4,9.0,19.9
Raipur,gfs,2026-09-25 09:00:00,23.4,6.3,20.5
Raipur,gfs,2026-09-25 10:00:00,23.5,14.0,24.1
Raipur,gfs,2026-09-25 11:00:00,23.4,5.0,14.7
Raipur,gfs,2026-09-25 12:00:00,23.6,7.4,13.4
Raipur,gfs,2026-09-25 13:00:00,23.4,11.2,14.7
Raipur,gfs,2026-09-25 14:00:00,23.4,8.9,14.4
Raipur,gfs,2026-09-25 15:00:00,23.4,2.7,14.5
Raipur,gfs,2026-09-25 16:00:00,23.4,1.7,15.5
Raipur,gfs,2026-09-25 17:00:00,23.0,1.7,20.2
Raipur,gfs,2026-09-25 18:00:00,22.6,2.3,23.1
Raipur,gfs,2026-09-25 19:00:00,22.6,7.4,23.2
Raipur,gfs,2026-09-25 20:00:00,22.5,3.0,26.7
Raipur,gfs,2026-09-25 21:00:00,22.3,0.6,28.0
Raipur,gfs,2026-09-25 22:00:00,22.3,1.3,26.8
Raipur,gfs,2026-09-25 23:00:00,22.2,0.9,27.0
Raipur,gfs,2026-09-26 00:00:00,22.2,2.5,29.0
Raipur,gfs,2026-09-26 01:00:00,22.1,2.0,29.7
Raipur,gfs,2026-09-26 02:00:00,22.0,0.9,29.1
Raipur,gfs,2026-09-26 03:00:00,22.1,0.7,30.3
Raipur,gfs,2026-09-26 04:00:00,22.2,0.1,30.6
Raipur,gfs,2026-09-26 05:00:00,22.2,0.1,29.9
Raipur,gfs,2026-09-26 06:00:00,22.2,2.5,31.1
Raipur,gfs,2026-09-26 07:00:00,22.2,0.3,29.1
Raipur,gfs,2026-09-26 08:00:00,22.3,0.4,28.0
Raipur,gfs,2026-09-26 09:00:00,22.5,0.1,28.3
Raipur,gfs,2026-09-26 10:00:00,23.0,0.1,28.4
Raipur,gfs,2026-09-26 11:00:00,23.4,0.1,28.8
Raipur,gfs,2026-09-26 12:00:00,23.2,0.1,27.3
Raipur,gfs,2026-09-26 13:00:00,23.6,0.1,26.1
Raipur,gfs,2026-09-26 14:00:00,23.2,0.0,23.0
Raipur,gfs,2026-09-26 15:00:00,24.3,0.0,23.7
Raipur,gfs,2026-09-26 16:00:00,23.9,0.0,22.9
Raipur,gfs,2026-09-26 17:00:00,23.1,0.0,21.0
Raipur,gfs,2026-09-26 18:00:00,22.5,0.0,22.5
Raipur,gfs,2026-09-26 19:00:00,21.9,0.0,18.3
Raipur,gfs,2026-09-26 20:00:00,21.8,0.0,19.7
Raipur,gfs,2026-09-26 21:00:00,21.6,0.0,18.1
Raipur,gfs,2026-09-26 22:00:00,21.7,0.0,17.9
Raipur,gfs,2026-09-26 23:00:00,21.7,0.0,18.8
Raipur,icon,2026-09-24 00:00:00,25.4,0.6,9.9
Raipur,icon,2026-09-24 01:00:00,25.3,0.3,10.2
Raipur,icon,2026-09-24 02:00:00,25.1,0.8,10.5
Raipur,icon,2026-09-24 03:00:00,25.0,1.2,11.1
Raipur,icon,2026-09-24 04:00:00,24.9,0.6,11.1
Raipur,icon,2026-09-24 05:00:00,25.1,0.0,11.3
Raipur,icon,2026-09-24 06:00:00,25.1,0.0,12.0
Raipur,icon,2026-09-24 07:00:00,25.4,0.0,12.8
Raipur,icon,2026-09-24 08:00:00,25.9,0.0,14.3
Raipur,icon,2026-09-24 09:00:00,26.3,0.3,13.6
Raipur,icon,2026-09-24 10:00:00,26.9,0.1,14.1
Raipur,icon,2026-09-24 11:00:00,27.6,0.8,16.7
Raipur,icon,2026-09-24 12:00:00,27.5,1.1,15.9
Raipur,icon,2026-09-24 13:00:00,27.7,0.7,14.8
Raipur,icon,2026-09-24 14:00:00,26.3,2.3,15.1
Raipur,icon,2026-09-24 15:00:00,25.8,1.1,12.4
Raipur,icon,2026-09-24 16:00:00,25.6,0.9,12.9
Raipur,icon,2026-09-24 17:00:00,25.5,0.6,13.4
Raipur,icon,2026-09-24 18:00:00,25.2,0.7,14.2
Raipur,icon,2026-09-24 19:00:00,25.1,0.8,14.0
Raipur,icon,2026-09-24 20:00:00,24.8,5.3,11.9
Raipur,icon,2026-09-24 21:00:00,24.6,4.4,12.1
Raipur,icon,2026-09-24 22:00:00,24.5,6.2,12.2
Raipur,icon,2026-09-24 23:00:00,24.6,10.9,13.2
Raipur,icon,2026-09-25 00:00:00,24.5,0.5,12.2
Raipur,icon,2026-09-25 01:00:00,24.5,0.1,12.6
Raipur,icon,2026-09-25 02:00:00,24.4,0.1,13.0
Raipur,icon,2026-09-25 03:00:00,24.4,1.0,14.1
Raipur,icon,2026-09-25 04:00:00,24.0,12.2,12.3
Raipur,icon,2026-09-25 05:00:00,24.1,15.3,10.9
Raipur,icon,2026-09-25 06:00:00,24.1,7.1,11.5
Raipur,icon,2026-09-25 07:00:00,24.1,9.2,13.0
Raipur,icon,2026-09-25 08:00:00,24.2,4.0,12.1
Raipur,icon,2026-09-25 09:00:00,24.2,4.4,11.1
Raipur,icon,2026-09-25 10:00:00,24.2,12.3,8.7
Raipur,icon,2026-09-25 11:00:00,24.4,6.6,8.3
Raipur,icon,2026-09-25 12:00:00,24.8,4.0,10.2
Raipur,icon,2026-09-25 13:00:00,24.7,4.8,10.1
Raipur,icon,2026-09-25 14:00:00,24.6,4.5,10.3
Raipur,icon,2026-09-25 15:00:00,24.5,2.9,10.5
Raipur,icon,2026-09-25 16:00:00,24.5,3.3,10.3
Raipur,icon,2026-09-25 17:00:00,24.5,1.7,10.5
Raipur,icon,2026-09-25 18:00:00,24.5,0.2,12.8
Raipur,icon,2026-09-25 19:00:00,24.3,0.3,14.1
Raipur,icon,2026-09-25 20:00:00,24.3,0.0,15.5
Raipur,icon,2026-09-25 21:00:00,24.2,0.6,15.0
Raipur,icon,2026-09-25 22:00:00,23.8,1.2,15.9
Raipur,icon,2026-09-25 23:00:00,23.9,0.9,18.7
Raipur,icon,2026-09-26 00:00:00,23.6,1.8,18.7
Raipur,icon,2026-09-26 01:00:00,23.6,1.8,18.7
Raipur,icon,2026-09-26 02:00:00,23.5,1.0,17.9
Raipur,icon,2026-09-26 03:00:00,23.3,3.5,17.1
Raipur,icon,2026-09-26 04:00:00,23.3,7.4,16.8
Raipur,icon,2026-09-26 05:00:00,23.3,7.3,17.8
Raipur,icon,2026-09-26 06:00:00,23.3,9.4,15.8
Raipur,icon,2026-09-26 07:00:00,23.7,3.6,15.5
Raipur,icon,2026-09-26 08:00:00,23.8,2.1,15.0
Raipur,icon,2026-09-26 09:00:00,24.0,1.1,14.5
Raipur,icon,2026-09-26 10:00:00,24.0,0.7,13.7
Raipur,icon,2026-09-26 11:00:00,24.1,1.8,12.5
Raipur,icon,2026-09-26 12:00:00,24.3,1.6,10.7
Raipur,icon,2026-09-26 13:00:00,24.7,0.3,12.4
Raipur,icon,2026-09-26 14:00:00,25.0,0.2,9.2
Raipur,icon,2026-09-26 15:00:00,25.0,0.0,7.4
Raipur,icon,2026-09-26 16:00:00,24.8,0.0,6.0
Raipur,icon,2026-09-26 17:00:00,24.6,0.0,5.0
Raipur,icon,2026-09-26 18:00:00,24.6,0.0,3.8
Raipur,icon,2026-09-26 19:00:00,24.6,0.0,3.6
Raipur,icon,2026-09-26 20:00:00,24.6,0.0,2.9
Raipur,icon,2026-09-26 21:00:00,24.5,0.0,3.3
Raipur,icon,2026-09-26 22:00:00,24.3,0.0,4.1
Raipur,icon,2026-09-26 23:00:00,24.0,0.0,4.0
Ranchi,ecmwf,2026-09-24 00:00:00,22.1,1.5,21.0
Ranchi,ecmwf,2026-09-24 01:00:00,22.3,1.5,24.0
Ranchi,ecmwf,2026-09-24 02:00:00,22.5,1.5,25.9
Ranchi,ecmwf,2026-09-24 03:00:00,22.4,0.9,25.2
Ranchi,ecmwf,2026-09-24 04:00:00,22.3,0.9,23.3
Ranchi,ecmwf,2026-09-24 05:00:00,22.3,0.9,21.5
Ranchi,ecmwf,2026-09-24 06:00:00,22.4,1.5,20.2
Ranchi,ecmwf,2026-09-24 07:00:00,22.6,1.5,18.9
Ranchi,ecmwf,2026-09-24 08:00:00,22.8,1.5,18.7
Ranchi,ecmwf,2026-09-24 09:00:00,23.3,1.5,20.5
Ranchi,ecmwf,2026-09-24 10:00:00,23.9,1.5,24.3
Ranchi,ecmwf,2026-09-24 11:00:00,24.2,1.5,27.1
Ranchi,ecmwf,2026-09-24 12:00:00,24.1,1.3,26.8
Ranchi,ecmwf,2026-09-24 13:00:00,23.7,1.3,25.3
Ranchi,ecmwf,2026-09-24 14:00:00,23.3,1.3,24.5
Ranchi,ecmwf,2026-09-24 15:00:00,23.0,1.5,24.7
Ranchi,ecmwf,2026-09-24 16:00:00,22.7,1.5,25.8
Ranchi,ecmwf,2026-09-24 17:00:00,22.4,1.5,26.4
Ranchi,ecmwf,2026-09-24 18:00:00,22.3,2.6,27.2
Ranchi,ecmwf,2026-09-24 19:00:00,22.3,2.6,27.7
Ranchi,ecmwf,2026-09-24 20:00:00,22.3,2.6,27.8
Ranchi,ecmwf,2026-09-24 21:00:00,22.3,2.8,26.9
Ranchi,ecmwf,2026-09-24 22:00:00,22.2,2.8,25.7
Ranchi,ecmwf,2026-09-24 23:00:00,22.1,2.8,24.9
Ranchi,ecmwf,2026-09-25 00:00:00,22.0,1.4,24.6
Ranchi,ecmwf,2026-09-25 01:00:00,21.9,1.4,25.3
Ranchi,ecmwf,2026-09-25 02:00:00,21.9,1.4,25.8
Ranchi,ecmwf,2026-09-25 03:00:00,21.8,1.0,27.1
Ranchi,ecmwf,2026-09-25 04:00:00,21.6,1.0,28.3
Ranchi,ecmwf,2026-09-25 05:00:00,21.6,1.0,29.3
Ranchi,ecmwf,2026-09-25 06:00:00,21.8,2.1,29.0
Ranchi,ecmwf,2026-09-25 07:00:00,22.0,2.1,28.5
Ranchi,ecmwf,2026-09-25 08:00:00,22.3,2.1,28.1
Ranchi,ecmwf,2026-09-25 09:00:00,22.7,1.2,28.6
Ranchi,ecmwf,2026-09-25 10:00:00,23.2,1.2,29.3
Ranchi,ecmwf,2026-09-25 11:00:00,23.5,1.2,30.0
Ranchi,ecmwf,2026-09-25 12:00:00,23.6,1.6,29.9
Ranchi,ecmwf,2026-09-25 13:00:00,23.5,1.6,29.7
Ranchi,ecmwf,2026-09-25 14:00:00,23.4,1.6,29.2
Ranchi,ecmwf,2026-09-25 15:00:00,23.2,1.6,27.5
Ranchi,ecmwf,2026-09-25 16:00:00,23.0,1.6,25.2
Ranchi,ecmwf,2026-09-25 17:00:00,22.8,1.6,23.9
Ranchi,ecmwf,2026-09-25 18:00:00,22.7,1.5,24.4
Ranchi,ecmwf,2026-09-25 19:00:00,22.7,1.5,25.8
Ranchi,ecmwf,2026-09-25 20:00:00,22.6,1.5,26.6
Ranchi,ecmwf,2026-09-25 21:00:00,22.5,0.9,25.8
Ranchi,ecmwf,2026-09-25 22:00:00,22.3,0.9,24.3
Ranchi,ecmwf,2026-09-25 23:00:00,22.1,0.9,23.2
Ranchi,ecmwf,2026-09-26 00:00:00,22.0,0.6,23.1
Ranchi,ecmwf,2026-09-26 01:00:00,22.0,0.6,23.3
Ranchi,ecmwf,2026-09-26 02:00:00,22.0,0.6,23.9
Ranchi,ecmwf,2026-09-26 03:00:00,21.9,0.3,24.6
Ranchi,ecmwf,2026-09-26 04:00:00,21.9,0.3,25.5
Ranchi,ecmwf,2026-09-26 05:00:00,22.0,0.3,26.2
Ranchi,ecmwf,2026-09-26 06:00:00,22.2,1.4,26.4
Ranchi,ecmwf,2026-09-26 07:00:00,22.4,1.4,26.7
Ranchi,ecmwf,2026-09-26 08:00:00,22.9,1.4,26.9
Ranchi,ecmwf,2026-09-26 09:00:00,23.8,0.8,26.6
Ranchi,ecmwf,2026-09-26 10:00:00,24.9,0.8,26.4
Ranchi,ecmwf,2026-09-26 11:00:00,25.7,0.8,26.3
Ranchi,ecmwf,2026-09-26 12:00:00,26.0,0.4,25.3
Ranchi,ecmwf,2026-09-26 13:00:00,26.1,0.4,23.5
Ranchi,ecmwf,2026-09-26 14:00:00,26.0,0.4,21.3
Ranchi,ecmwf,2026-09-26 15:00:00,25.5,0.4,18.8
Ranchi,ecmwf,2026-09-26 16:00:00,24.8,0.4,16.3
Ranchi,ecmwf,2026-09-26 17:00:00,24.2,0.4,13.8
Ranchi,ecmwf,2026-09-26 18:00:00,23.7,0.1,11.4
Ranchi,ecmwf,2026-09-26 19:00:00,23.3,0.1,9.7
Ranchi,ecmwf,2026-09-26 20:00:00,22.9,0.1,8.4
Ranchi,ecmwf,2026-09-26 21:00:00,22.4,0.0,7.7
Ranchi,ecmwf,2026-09-26 22:00:00,21.9,0.0,7.1
Ranchi,ecmwf,2026-09-26 23:00:00,21.5,0.0,6.6
Ranchi,gem,2026-09-24 00:00:00,23.0,1.3,23.8
Ranchi,gem,2026-09-24 01:00:00,22.7,3.1,24.8
Ranchi,gem,2026-09-24 02:00:00,23.1,1.0,21.2
Ranchi,gem,2026-09-24 03:00:00,22.7,5.4,26.3
Ranchi,gem,2026-09-24 04:00:00,22.5,4.0,23.8
Ranchi,gem,2026-09-24 05:00:00,22.8,0.2,20.5
Ranchi,gem,2026-09-24 06:00:00,22.2,0.7,22.3
Ranchi,gem,2026-09-24 07:00:00,22.1,1.0,25.6
Ranchi,gem,2026-09-24 08:00:00,22.8,0.3,28.4
Ranchi,gem,2026-09-24 09:00:00,24.2,0.1,29.5
Ranchi,gem,2026-09-24 10:00:00,23.9,0.6,30.6
Ranchi,gem,2026-09-24 11:00:00,23.2,8.7,31.7
Ranchi,gem,2026-09-24 12:00:00,23.3,6.3,32.4
Ranchi,gem,2026-09-24 13:00:00,23.1,6.9,37.8
Ranchi,gem,2026-09-24 14:00:00,23.5,0.2,24.1
Ranchi,gem,2026-09-24 15:00:00,23.7,0.0,24.8
Ranchi,gem,2026-09-24 16:00:00,23.6,2.5,30.2
Ranchi,gem,2026-09-24 17:00:00,22.9,1.1,28.8
Ranchi,gem,2026-09-24 18:00:00,22.6,0.2,25.9
Ranchi,gem,2026-09-24 19:00:00,22.9,0.4,27.7
Ranchi,gem,2026-09-24 20:00:00,23.2,0.7,29.9
Ranchi,gem,2026-09-24 21:00:00,23.2,0.5,31.7
Ranchi,gem,2026-09-24 22:00:00,23.1,0.7,32.4
Ranchi,gem,2026-09-24 23:00:00,22.9,1.8,33.1
Ranchi,gem,2026-09-25 00:00:00,22.6,1.2,34.6
Ranchi,gem,2026-09-25 01:00:00,22.9,0.8,33.1
Ranchi,gem,2026-09-25 02:00:00,23.0,1.9,33.1
Ranchi,gem,2026-09-25 03:00:00,23.0,1.3,31.0
Ranchi,gem,2026-09-25 04:00:00,22.8,1.5,33.8
Ranchi,gem,2026-09-25 05:00:00,22.7,0.3,33.8
Ranchi,gem,2026-09-25 06:00:00,22.8,0.7,34.2
Ranchi,gem,2026-09-25 07:00:00,23.2,0.7,37.4
Ranchi,gem,2026-09-25 08:00:00,23.2,2.8,37.1
Ranchi,gem,2026-09-25 09:00:00,23.4,1.4,38.9
Ranchi,gem,2026-09-25 10:00:00,23.9,0.7,42.5
Ranchi,gem,2026-09-25 11:00:00,24.1,1.6,43.9
Ranchi,gem,2026-09-25 12:00:00,23.9,1.7,35.6
Ranchi,gem,2026-09-25 13:00:00,23.7,5.2,44.3
Ranchi,gem,2026-09-25 14:00:00,24.2,0.6,37.4
Ranchi,gem,2026-09-25 15:00:00,24.1,0.5,40.3
Ranchi,gem,2026-09-25 16:00:00,23.8,0.7,32.4
Ranchi,gem,2026-09-25 17:00:00,23.4,3.5,32.8
Ranchi,gem,2026-09-25 18:00:00,23.2,2.3,36.4
Ranchi,gem,2026-09-25 19:00:00,23.6,0.5,34.2
Ranchi,gem,2026-09-25 20:00:00,23.4,1.3,35.6
Ranchi,gem,2026-09-25 21:00:00,23.3,0.9,35.6
Ranchi,gem,2026-09-25 22:00:00,23.2,1.6,33.8
Ranchi,gem,2026-09-25 23:00:00,23.1,2.4,28.4
Ranchi,gem,2026-09-26 00:00:00,22.9,4.3,25.2
Ranchi,gem,2026-09-26 01:00:00,22.8,5.4,23.4
Ranchi,gem,2026-09-26 02:00:00,22.8,0.7,22.7
Ranchi,gem,2026-09-26 03:00:00,22.8,0.8,23.8
Ranchi,gem,2026-09-26 04:00:00,22.6,2.3,23.4
Ranchi,gem,2026-09-26 05:00:00,22.5,1.6,20.9
Ranchi,gem,2026-09-26 06:00:00,22.6,1.7,21.6
Ranchi,gem,2026-09-26 07:00:00,22.7,1.1,23.0
Ranchi,gem,2026-09-26 08:00:00,22.9,0.4,23.4
Ranchi,gem,2026-09-26 09:00:00,23.5,0.1,22.7
Ranchi,gem,2026-09-26 10:00:00,24.1,0.1,25.2
Ranchi,gem,2026-09-26 11:00:00,24.2,0.1,23.0
Ranchi,gem,2026-09-26 12:00:00,24.2,0.2,24.1
Ranchi,gem,2026-09-26 13:00:00,24.4,0.1,24.1
Ranchi,gem,2026-09-26 14:00:00,24.7,0.1,22.7
Ranchi,gem,2026-09-26 15:00:00,23.9,0.3,23.8
Ranchi,gem,2026-09-26 16:00:00,23.1,0.1,21.6
Ranchi,gem,2026-09-26 17:00:00,22.7,0.0,20.2
Ranchi,gem,2026-09-26 18:00:00,22.0,0.0,18.7
Ranchi,gem,2026-09-26 19:00:00,21.7,0.0,17.3
Ranchi,gem,2026-09-26 20:00:00,21.4,0.0,14.0
Ranchi,gem,2026-09-26 21:00:00,21.0,0.0,11.5
Ranchi,gem,2026-09-26 22:00:00,21.0,0.0,11.9
Ranchi,gem,2026-09-26 23:00:00,21.0,0.0,13.7
Ranchi,gfs,2026-09-24 00:00:00,22.2,0.1,16.9
Ranchi,gfs,2026-09-24 01:00:00,22.2,0.2,17.6
Ranchi,gfs,2026-09-24 02:00:00,22.1,0.9,17.1
Ranchi,gfs,2026-09-24 03:00:00,22.2,0.7,16.3
Ranchi,gfs,2026-09-24 04:00:00,22.1,0.2,13.5
Ranchi,gfs,2026-09-24 05:00:00,22.0,24.8,10.9
Ranchi,gfs,2026-09-24 06:00:00,21.9,35.3,6.5
Ranchi,gfs,2026-09-24 07:00:00,22.0,27.0,8.4
Ranchi,gfs,2026-09-24 08:00:00,22.1,6.7,19.9
Ranchi,gfs,2026-09-24 09:00:00,22.2,0.2,22.5
Ranchi,gfs,2026-09-24 10:00:00,22.2,0.2,23.6
Ranchi,gfs,2026-09-24 11:00:00,22.3,0.2,25.4
Ranchi,gfs,2026-09-24 12:00:00,22.5,0.3,24.4
Ranchi,gfs,2026-09-24 13:00:00,22.6,0.4,21.2
Ranchi,gfs,2026-09-24 14:00:00,22.4,0.6,22.4
Ranchi,gfs,2026-09-24 15:00:00,22.3,0.5,27.7
Ranchi,gfs,2026-09-24 16:00:00,22.4,0.2,29.2
Ranchi,gfs,2026-09-24 17:00:00,22.5,0.1,27.4
Ranchi,gfs,2026-09-24 18:00:00,22.4,0.1,27.6
Ranchi,gfs,2026-09-24 19:00:00,22.3,0.9,28.1
Ranchi,gfs,2026-09-24 20:00:00,22.2,13.2,26.2
Ranchi,gfs,2026-09-24 21:00:00,22.2,11.7,35.3
Ranchi,gfs,2026-09-24 22:00:00,22.4,0.4,29.6
Ranchi,gfs,2026-09-24 23:00:00,22.3,0.4,29.7
Ranchi,gfs,2026-09-25 00:00:00,22.2,0.6,30.6
Ranchi,gfs,2026-09-25 01:00:00,22.1,0.3,30.7
Ranchi,gfs,2026-09-25 02:00:00,22.1,0.4,27.6
Ranchi,gfs,2026-09-25 03:00:00,22.0,0.4,27.5
Ranchi,gfs,2026-09-25 04:00:00,21.9,0.3,28.7
Ranchi,gfs,2026-09-25 05:00:00,21.8,0.2,29.5
Ranchi,gfs,2026-09-25 06:00:00,21.8,1.0,29.4
Ranchi,gfs,2026-09-25 07:00:00,21.9,0.4,31.0
Ranchi,gfs,2026-09-25 08:00:00,22.3,0.6,35.3
Ranchi,gfs,2026-09-25 09:00:00,22.6,0.9,33.2
Ranchi,gfs,2026-09-25 10:00:00,22.6,0.3,32.4
Ranchi,gfs,2026-09-25 11:00:00,22.9,1.4,27.2
Ranchi,gfs,2026-09-25 12:00:00,22.7,1.8,29.0
Ranchi,gfs,2026-09-25 13:00:00,23.3,0.5,26.2
Ranchi,gfs,2026-09-25 14:00:00,23.4,0.3,27.7
Ranchi,gfs,2026-09-25 15:00:00,23.2,0.5,31.9
Ranchi,gfs,2026-09-25 16:00:00,22.7,0.5,27.8
Ranchi,gfs,2026-09-25 17:00:00,22.6,0.2,28.8
Ranchi,gfs,2026-09-25 18:00:00,22.5,0.5,35.1
Ranchi,gfs,2026-09-25 19:00:00,22.3,0.1,32.3
Ranchi,gfs,2026-09-25 20:00:00,22.3,0.6,33.4
Ranchi,gfs,2026-09-25 21:00:00,22.2,0.3,32.5
Ranchi,gfs,2026-09-25 22:00:00,22.3,0.3,31.2
Ranchi,gfs,2026-09-25 23:00:00,22.1,0.2,29.1
Ranchi,gfs,2026-09-26 00:00:00,22.1,0.2,28.4
Ranchi,gfs,2026-09-26 01:00:00,22.1,0.3,26.6
Ranchi,gfs,2026-09-26 02:00:00,22.1,0.6,24.8
Ranchi,gfs,2026-09-26 03:00:00,22.0,0.3,25.0
Ranchi,gfs,2026-09-26 04:00:00,22.0,0.3,24.8
Ranchi,gfs,2026-09-26 05:00:00,22.0,0.1,24.5
Ranchi,gfs,2026-09-26 06:00:00,22.1,0.1,24.2
Ranchi,gfs,2026-09-26 07:00:00,22.7,0.2,25.7
Ranchi,gfs,2026-09-26 08:00:00,23.4,0.5,27.0
Ranchi,gfs,2026-09-26 09:00:00,24.4,0.8,31.3
Ranchi,gfs,2026-09-26 10:00:00,23.4,0.8,28.4
Ranchi,gfs,2026-09-26 11:00:00,23.1,0.4,26.0
Ranchi,gfs,2026-09-26 12:00:00,23.7,0.4,23.7
Ranchi,gfs,2026-09-26 13:00:00,25.4,0.6,24.2
Ranchi,gfs,2026-09-26 14:00:00,24.6,0.9,23.1
Ranchi,gfs,2026-09-26 15:00:00,23.8,1.0,22.1
Ranchi,gfs,2026-09-26 16:00:00,23.7,0.8,20.1
Ranchi,gfs,2026-09-26 17:00:00,23.2,0.8,19.1
Ranchi,gfs,2026-09-26 18:00:00,22.3,1.0,15.0
Ranchi,gfs,2026-09-26 19:00:00,22.0,0.9,12.2
Ranchi,gfs,2026-09-26 20:00:00,22.0,0.2,11.1
Ranchi,gfs,2026-09-26 21:00:00,22.3,0.0,14.1
Ranchi,gfs,2026-09-26 22:00:00,22.0,0.0,16.9
Ranchi,gfs,2026-09-26 23:00:00,21.7,0.0,17.0
Ranchi,icon,2026-09-24 00:00:00,22.8,0.3,14.3
Ranchi,icon,2026-09-24 01:00:00,22.6,0.2,14.5
Ranchi,icon,2026-09-24 02:00:00,22.6,0.2,12.6
Ranchi,icon,2026-09-24 03:00:00,22.5,2.4,15.8
Ranchi,icon,2026-09-24 04:00:00,22.5,0.6,14.8
Ranchi,icon,2026-09-24 05:00:00,22.5,0.3,17.3
Ranchi,icon,2026-09-24 06:00:00,22.6,0.1,15.9
Ranchi,icon,2026-09-24 07:00:00,22.8,0.4,15.9
Ranchi,icon,2026-09-24 08:00:00,22.9,1.6,15.5
Ranchi,icon,2026-09-24 09:00:00,23.1,1.5,15.5
Ranchi,icon,2026-09-24 10:00:00,23.2,1.7,16.6
Ranchi,icon,2026-09-24 11:00:00,23.3,0.6,16.8
Ranchi,icon,2026-09-24 12:00:00,23.5,1.5,17.8
Ranchi,icon,2026-09-24 13:00:00,23.7,0.7,17.1
Ranchi,icon,2026-09-24 14:00:00,23.7,0.8,17.9
Ranchi,icon,2026-09-24 15:00:00,23.8,0.6,20.1
Ranchi,icon,2026-09-24 16:00:00,23.6,0.6,17.9
Ranchi,icon,2026-09-24 17:00:00,23.2,0.5,18.0
Ranchi,icon,2026-09-24 18:00:00,23.2,0.4,17.7
Ranchi,icon,2026-09-24 19:00:00,22.9,2.1,17.2
Ranchi,icon,2026-09-24 20:00:00,23.2,5.6,21.7
Ranchi,icon,2026-09-24 21:00:00,23.1,0.4,20.1
Ranchi,icon,2026-09-24 22:00:00,23.1,0.3,20.3
Ranchi,icon,2026-09-24 23:00:00,23.0,0.3,20.1
Ranchi,icon,2026-09-25 00:00:00,22.9,0.2,20.7
Ranchi,icon,2026-09-25 01:00:00,22.9,0.2,21.9
Ranchi,icon,2026-09-25 02:00:00,22.9,0.5,20.7
Ranchi,icon,2026-09-25 03:00:00,22.9,0.3,22.0
Ranchi,icon,2026-09-25 04:00:00,22.8,0.3,23.3
Ranchi,icon,2026-09-25 05:00:00,22.9,0.3,22.1
Ranchi,icon,2026-09-25 06:00:00,23.0,0.4,24.4
Ranchi,icon,2026-09-25 07:00:00,23.1,0.3,23.6
Ranchi,icon,2026-09-25 08:00:00,23.3,0.4,25.6
Ranchi,icon,2026-09-25 09:00:00,23.5,0.4,25.2
Ranchi,icon,2026-09-25 10:00:00,23.6,0.5,25.7
Ranchi,icon,2026-09-25 11:00:00,23.7,0.1,26.3
Ranchi,icon,2026-09-25 12:00:00,23.6,0.5,27.6
Ranchi,icon,2026-09-25 13:00:00,23.8,0.5,23.7
Ranchi,icon,2026-09-25 14:00:00,23.8,1.7,25.5
Ranchi,icon,2026-09-25 15:00:00,23.9,0.5,25.6
Ranchi,icon,2026-09-25 16:00:00,23.3,1.2,25.0
Ranchi,icon,2026-09-25 17:00:00,23.2,2.0,23.7
Ranchi,icon,2026-09-25 18:00:00,23.2,0.4,24.3
Ranchi,icon,2026-09-25 19:00:00,23.1,0.3,23.6
Ranchi,icon,2026-09-25 20:00:00,23.0,0.4,24.7
Ranchi,icon,2026-09-25 21:00:00,23.1,0.2,23.1
Ranchi,icon,2026-09-25 22:00:00,23.0,0.4,22.6
Ranchi,icon,2026-09-25 23:00:00,23.0,0.3,22.9
Ranchi,icon,2026-09-26 00:00:00,23.0,0.4,22.5
Ranchi,icon,2026-09-26 01:00:00,23.0,0.5,22.9
Ranchi,icon,2026-09-26 02:00:00,22.9,0.3,21.7
Ranchi,icon,2026-09-26 03:00:00,22.9,0.4,20.4
Ranchi,icon,2026-09-26 04:00:00,23.0,0.6,22.2
Ranchi,icon,2026-09-26 05:00:00,23.1,0.8,22.4
Ranchi,icon,2026-09-26 06:00:00,23.0,0.8,22.1
Ranchi,icon,2026-09-26 07:00:00,23.2,0.7,21.8
Ranchi,icon,2026-09-26 08:00:00,23.3,0.8,21.8
Ranchi,icon,2026-09-26 09:00:00,23.5,0.8,20.3
Ranchi,icon,2026-09-26 10:00:00,23.8,0.8,20.6
Ranchi,icon,2026-09-26 11:00:00,24.8,0.3,20.3
Ranchi,icon,2026-09-26 12:00:00,26.2,0.1,20.9
Ranchi,icon,2026-09-26 13:00:00,26.3,0.2,18.7
Ranchi,icon,2026-09-26 14:00:00,25.6,1.1,19.2
Ranchi,icon,2026-09-26 15:00:00,25.6,0.0,18.9
Ranchi,icon,2026-09-26 16:00:00,24.7,0.9,14.7
Ranchi,icon,2026-09-26 17:00:00,24.4,0.1,13.0
Ranchi,icon,2026-09-26 18:00:00,23.5,0.7,10.8
Ranchi,icon,2026-09-26 19:00:00,23.4,0.6,10.3
Ranchi,icon,2026-09-26 20:00:00,22.9,0.0,9.1
Ranchi,icon,2026-09-26 21:00:00,22.6,0.0,7.5
Ranchi,icon,2026-09-26 22:00:00,22.5,0.0,7.1
Ranchi,icon,2026-09-26 23:00:00,22.4,0.0,6.9
Shillong,ecmwf,2026-09-24 00:00:00,18.8,1.3,5.9
Shillong,ecmwf,2026-09-24 01:00:00,18.6,1.3,4.5
Shillong,ecmwf,2026-09-24 02:00:00,18.5,1.3,3.8
Shillong,ecmwf,2026-09-24 03:00:00,18.3,0.0,4.3
Shillong,ecmwf,2026-09-24 04:00:00,18.1,0.0,5.3
Shillong,ecmwf,2026-09-24 05:00:00,18.4,0.0,6.0
Shillong,ecmwf,2026-09-24 06:00:00,19.3,0.0,5.9
Shillong,ecmwf,2026-09-24 07:00:00,20.6,0.0,6.1
Shillong,ecmwf,2026-09-24 08:00:00,21.9,0.0,6.7
Shillong,ecmwf,2026-09-24 09:00:00,23.2,0.0,7.5
Shillong,ecmwf,2026-09-24 10:00:00,24.4,0.0,8.1
Shillong,ecmwf,2026-09-24 11:00:00,25.3,0.0,8.1
Shillong,ecmwf,2026-09-24 12:00:00,25.8,0.0,7.5
Shillong,ecmwf,2026-09-24 13:00:00,25.9,0.0,6.3
Shillong,ecmwf,2026-09-24 14:00:00,25.4,0.0,5.0
Shillong,ecmwf,2026-09-24 15:00:00,24.0,0.0,3.2
Shillong,ecmwf,2026-09-24 16:00:00,22.0,0.0,1.4
Shillong,ecmwf,2026-09-24 17:00:00,20.4,0.0,1.3
Shillong,ecmwf,2026-09-24 18:00:00,19.5,0.0,2.1
Shillong,ecmwf,2026-09-24 19:00:00,18.9,0.0,2.8
Shillong,ecmwf,2026-09-24 20:00:00,18.5,0.0,3.6
Shillong,ecmwf,2026-09-24 21:00:00,18.3,0.0,4.1
Shillong,ecmwf,2026-09-24 22:00:00,18.2,0.0,4.3
Shillong,ecmwf,2026-09-24 23:00:00,18.1,0.0,4.3
Shillong,ecmwf,2026-09-25 00:00:00,17.8,0.0,4.3
Shillong,ecmwf,2026-09-25 01:00:00,17.5,0.0,3.8
Shillong,ecmwf,2026-09-25 02:00:00,17.3,0.0,3.6
Shillong,ecmwf,2026-09-25 03:00:00,17.1,0.0,4.2
Shillong,ecmwf,2026-09-25 04:00:00,17.1,0.0,5.6
Shillong,ecmwf,2026-09-25 05:00:00,17.6,0.0,6.0
Shillong,ecmwf,2026-09-25 06:00:00,19.2,0.0,5.4
Shillong,ecmwf,2026-09-25 07:00:00,21.4,0.0,5.9
Shillong,ecmwf,2026-09-25 08:00:00,22.8,0.0,7.2
Shillong,ecmwf,2026-09-25 09:00:00,22.7,1.1,6.9
Shillong,ecmwf,2026-09-25 10:00:00,21.9,1.1,5.9
Shillong,ecmwf,2026-09-25 11:00:00,21.5,1.1,5.5
Shillong,ecmwf,2026-09-25 12:00:00,22.3,0.1,5.6
Shillong,ecmwf,2026-09-25 13:00:00,23.6,0.1,6.1
Shillong,ecmwf,2026-09-25 14:00:00,24.1,0.1,6.3
Shillong,ecmwf,2026-09-25 15:00:00,23.3,0.1,6.3
Shillong,ecmwf,2026-09-25 16:00:00,21.7,0.1,6.1
Shillong,ecmwf,2026-09-25 17:00:00,20.3,0.1,5.9
Shillong,ecmwf,2026-09-25 18:00:00,19.6,0.1,5.5
Shillong,ecmwf,2026-09-25 19:00:00,19.1,0.1,4.9
Shillong,ecmwf,2026-09-25 20:00:00,18.7,0.1,4.3
Shillong,ecmwf,2026-09-25 21:00:00,18.3,0.0,3.9
Shillong,ecmwf,2026-09-25 22:00:00,18.0,0.0,3.7
Shillong,ecmwf,2026-09-25 23:00:00,17.8,0.0,3.2
Shillong,ecmwf,2026-09-26 00:00:00,17.6,0.0,2.4
Shillong,ecmwf,2026-09-26 01:00:00,17.5,0.0,1.8
Shillong,ecmwf,2026-09-26 02:00:00,17.4,0.0,1.1
Shillong,ecmwf,2026-09-26 03:00:00,17.2,0.0,1.1
Shillong,ecmwf,2026-09-26 04:00:00,17.0,0.0,1.3
Shillong,ecmwf,2026-09-26 05:00:00,17.5,0.0,1.0
Shillong,ecmwf,2026-09-26 06:00:00,19.3,0.0,0.8
Shillong,ecmwf,2026-09-26 07:00:00,21.7,0.0,1.8
Shillong,ecmwf,2026-09-26 08:00:00,23.4,0.0,2.5
Shillong,ecmwf,2026-09-26 09:00:00,23.5,0.6,2.6
Shillong,ecmwf,2026-09-26 10:00:00,22.8,0.6,2.9
Shillong,ecmwf,2026-09-26 11:00:00,22.4,0.6,2.5
Shillong,ecmwf,2026-09-26 12:00:00,22.8,0.5,1.9
Shillong,ecmwf,2026-09-26 13:00:00,23.4,0.5,1.9
Shillong,ecmwf,2026-09-26 14:00:00,23.5,0.5,2.5
Shillong,ecmwf,2026-09-26 15:00:00,22.7,0.1,3.1
Shillong,ecmwf,2026-09-26 16:00:00,21.4,0.1,3.9
Shillong,ecmwf,2026-09-26 17:00:00,20.3,0.1,4.5
Shillong,ecmwf,2026-09-26 18:00:00,19.6,0.0,4.2
Shillong,ecmwf,2026-09-26 19:00:00,19.0,0.0,3.9
Shillong,ecmwf,2026-09-26 20:00:00,18.6,0.0,4.1
Shillong,ecmwf,2026-09-26 21:00:00,18.2,0.0,4.8
Shillong,ecmwf,2026-09-26 22:00:00,18.0,0.0,5.6
Shillong,ecmwf,2026-09-26 23:00:00,17.8,0.0,6.1
Shillong,gem,2026-09-24 00:00:00,17.7,0.0,6.1
Shillong,gem,2026-09-24 01:00:00,17.6,0.0,6.5
Shillong,gem,2026-09-24 02:00:00,17.4,0.0,6.8
Shillong,gem,2026-09-24 03:00:00,17.3,0.0,6.8
Shillong,gem,2026-09-24 04:00:00,17.2,0.0,6.1
Shillong,gem,2026-09-24 05:00:00,17.2,0.0,5.0
Shillong,gem,2026-09-24 06:00:00,18.6,0.0,3.2
Shillong,gem,2026-09-24 07:00:00,20.5,0.0,2.2
Shillong,gem,2026-09-24 08:00:00,21.8,0.0,3.2
Shillong,gem,2026-09-24 09:00:00,23.6,0.0,4.3
Shillong,gem,2026-09-24 10:00:00,24.7,0.2,5.8
Shillong,gem,2026-09-24 11:00:00,22.8,1.6,1.8
Shillong,gem,2026-09-24 12:00:00,21.1,1.4,2.2
Shillong,gem,2026-09-24 13:00:00,20.9,1.1,4.3
Shillong,gem,2026-09-24 14:00:00,21.9,0.0,5.0
Shillong,gem,2026-09-24 15:00:00,22.4,0.1,3.6
Shillong,gem,2026-09-24 16:00:00,21.6,0.1,4.3
Shillong,gem,2026-09-24 17:00:00,19.6,0.1,2.5
Shillong,gem,2026-09-24 18:00:00,19.2,0.4,1.1
Shillong,gem,2026-09-24 19:00:00,19.0,0.2,3.2
Shillong,gem,2026-09-24 20:00:00,19.0,0.0,4.3
Shillong,gem,2026-09-24 21:00:00,18.9,0.0,5.4
Shillong,gem,2026-09-24 22:00:00,18.9,0.0,6.5
Shillong,gem,2026-09-24 23:00:00,18.8,0.0,7.2
Shillong,gem,2026-09-25 00:00:00,18.6,0.0,7.2
Shillong,gem,2026-09-25 01:00:00,18.2,0.0,6.5
Shillong,gem,2026-09-25 02:00:00,18.2,0.0,7.2
Shillong,gem,2026-09-25 03:00:00,18.0,0.0,5.4
Shillong,gem,2026-09-25 04:00:00,17.5,0.0,4.3
Shillong,gem,2026-09-25 05:00:00,17.7,0.0,5.8
Shillong,gem,2026-09-25 06:00:00,17.9,1.7,5.8
Shillong,gem,2026-09-25 07:00:00,17.6,2.5,6.5
Shillong,gem,2026-09-25 08:00:00,17.7,0.9,5.8
Shillong,gem,2026-09-25 09:00:00,20.0,0.0,6.5
Shillong,gem,2026-09-25 10:00:00,22.6,0.0,7.9
Shillong,gem,2026-09-25 11:00:00,21.2,0.3,7.6
Shillong,gem,2026-09-25 12:00:00,20.7,0.0,3.2
Shillong,gem,2026-09-25 13:00:00,23.1,0.0,2.2
Shillong,gem,2026-09-25 14:00:00,23.6,0.0,3.6
Shillong,gem,2026-09-25 15:00:00,22.8,0.0,3.6
Shillong,gem,2026-09-25 16:00:00,22.0,0.0,4.0
Shillong,gem,2026-09-25 17:00:00,20.1,0.0,2.5
Shillong,gem,2026-09-25 18:00:00,18.5,0.0,1.4
Shillong,gem,2026-09-25 19:00:00,17.8,0.0,4.0
Shillong,gem,2026-09-25 20:00:00,17.4,0.0,5.8
Shillong,gem,2026-09-25 21:00:00,17.4,0.0,6.5
Shillong,gem,2026-09-25 22:00:00,17.0,0.0,5.0
Shillong,gem,2026-09-25 23:00:00,17.0,0.0,6.5
Shillong,gem,2026-09-26 00:00:00,17.1,0.0,5.8
Shillong,gem,2026-09-26 01:00:00,17.0,0.0,4.7
Shillong,gem,2026-09-26 02:00:00,16.8,0.0,4.7
Shillong,gem,2026-09-26 03:00:00,16.7,0.0,6.5
Shillong,gem,2026-09-26 04:00:00,16.9,0.0,6.5
Shillong,gem,2026-09-26 05:00:00,17.0,0.0,6.8
Shillong,gem,2026-09-26 06:00:00,18.6,0.0,5.8
Shillong,gem,2026-09-26 07:00:00,20.8,0.0,2.9
Shillong,gem,2026-09-26 08:00:00,22.0,0.0,2.5
Shillong,gem,2026-09-26 09:00:00,22.7,0.0,5.0
Shillong,gem,2026-09-26 10:00:00,23.8,0.0,5.8
Shillong,gem,2026-09-26 11:00:00,24.9,0.0,6.1
Shillong,gem,2026-09-26 12:00:00,25.5,0.0,5.0
Shillong,gem,2026-09-26 13:00:00,25.5,0.0,3.2
Shillong,gem,2026-09-26 14:00:00,25.2,0.0,2.2
Shillong,gem,2026-09-26 15:00:00,24.4,0.0,1.8
Shillong,gem,2026-09-26 16:00:00,23.2,0.0,1.8
Shillong,gem,2026-09-26 17:00:00,21.5,0.0,1.8
Shillong,gem,2026-09-26 18:00:00,20.0,0.0,2.2
Shillong,gem,2026-09-26 19:00:00,19.1,0.0,3.2
Shillong,gem,2026-09-26 20:00:00,18.7,0.0,4.0
Shillong,gem,2026-09-26 21:00:00,18.3,0.0,4.7
Shillong,gem,2026-09-26 22:00:00,17.9,0.0,5.4
Shillong,gem,2026-09-26 23:00:00,17.3,0.0,5.8
Shillong,gfs,2026-09-24 00:00:00,17.9,0.2,4.4
Shillong,gfs,2026-09-24 01:00:00,17.7,0.4,4.0
Shillong,gfs,2026-09-24 02:00:00,17.4,0.6,2.0
Shillong,gfs,2026-09-24 03:00:00,17.3,0.1,2.3
Shillong,gfs,2026-09-24 04:00:00,17.3,0.0,2.8
Shillong,gfs,2026-09-24 05:00:00,17.4,0.0,3.8
Shillong,gfs,2026-09-24 06:00:00,18.6,0.0,4.1
Shillong,gfs,2026-09-24 07:00:00,20.1,0.0,4.7
Shillong,gfs,2026-09-24 08:00:00,22.6,0.0,5.2
Shillong,gfs,2026-09-24 09:00:00,24.9,0.0,5.4
Shillong,gfs,2026-09-24 10:00:00,26.0,0.0,6.2
Shillong,gfs,2026-09-24 11:00:00,26.6,0.1,4.0
Shillong,gfs,2026-09-24 12:00:00,26.0,0.2,1.6
Shillong,gfs,2026-09-24 13:00:00,26.2,0.1,1.5
Shillong,gfs,2026-09-24 14:00:00,24.7,0.2,1.5
Shillong,gfs,2026-09-24 15:00:00,23.2,0.2,3.7
Shillong,gfs,2026-09-24 16:00:00,21.2,0.2,1.5
Shillong,gfs,2026-09-24 17:00:00,18.9,0.1,3.9
Shillong,gfs,2026-09-24 18:00:00,18.3,0.0,3.5
Shillong,gfs,2026-09-24 19:00:00,17.8,0.0,3.0
Shillong,gfs,2026-09-24 20:00:00,17.7,0.0,3.5
Shillong,gfs,2026-09-24 21:00:00,18.6,0.1,4.1
Shillong,gfs,2026-09-24 22:00:00,18.7,0.0,3.4
Shillong,gfs,2026-09-24 23:00:00,18.5,0.0,4.7
Shillong,gfs,2026-09-25 00:00:00,17.3,0.0,5.9
Shillong,gfs,2026-09-25 01:00:00,16.9,0.0,6.4
Shillong,gfs,2026-09-25 02:00:00,16.8,0.1,6.4
Shillong,gfs,2026-09-25 03:00:00,16.7,0.0,5.1
Shillong,gfs,2026-09-25 04:00:00,16.6,0.0,4.7
Shillong,gfs,2026-09-25 05:00:00,16.8,0.0,5.1
Shillong,gfs,2026-09-25 06:00:00,19.2,0.0,4.2
Shillong,gfs,2026-09-25 07:00:00,21.7,0.0,4.1
Shillong,gfs,2026-09-25 08:00:00,22.8,0.3,5.2
Shillong,gfs,2026-09-25 09:00:00,23.2,0.5,5.9
Shillong,gfs,2026-09-25 10:00:00,23.1,1.0,5.4
Shillong,gfs,2026-09-25 11:00:00,22.9,1.6,3.9
Shillong,gfs,2026-09-25 12:00:00,22.1,2.2,4.6
Shillong,gfs,2026-09-25 13:00:00,21.6,3.4,3.6
Shillong,gfs,2026-09-25 14:00:00,21.6,3.2,1.1
Shillong,gfs,2026-09-25 15:00:00,21.2,3.0,0.4
Shillong,gfs,2026-09-25 16:00:00,20.1,2.2,1.5
Shillong,gfs,2026-09-25 17:00:00,18.0,2.1,5.2
Shillong,gfs,2026-09-25 18:00:00,17.8,0.5,6.1
Shillong,gfs,2026-09-25 19:00:00,17.7,0.0,4.9
Shillong,gfs,2026-09-25 20:00:00,17.6,0.0,5.5
Shillong,gfs,2026-09-25 21:00:00,17.5,0.0,6.6
Shillong,gfs,2026-09-25 22:00:00,17.3,0.0,7.6
Shillong,gfs,2026-09-25 23:00:00,17.1,0.0,7.6
Shillong,gfs,2026-09-26 00:00:00,16.9,0.0,7.3
Shillong,gfs,2026-09-26 01:00:00,16.8,0.0,6.4
Shillong,gfs,2026-09-26 02:00:00,16.7,0.0,5.9
Shillong,gfs,2026-09-26 03:00:00,16.6,0.0,5.1
Shillong,gfs,2026-09-26 04:00:00,16.6,0.0,4.1
Shillong,gfs,2026-09-26 05:00:00,16.7,0.0,4.3
Shillong,gfs,2026-09-26 06:00:00,19.0,0.0,2.3
Shillong,gfs,2026-09-26 07:00:00,21.2,0.0,1.8
Shillong,gfs,2026-09-26 08:00:00,23.2,0.0,4.2
Shillong,gfs,2026-09-26 09:00:00,24.1,0.2,5.6
Shillong,gfs,2026-09-26 10:00:00,23.8,0.9,4.3
Shillong,gfs,2026-09-26 11:00:00,22.8,1.3,3.1
Shillong,gfs,2026-09-26 12:00:00,22.4,1.7,3.0
Shillong,gfs,2026-09-26 13:00:00,22.3,1.7,2.2
Shillong,gfs,2026-09-26 14:00:00,22.1,1.3,1.3
Shillong,gfs,2026-09-26 15:00:00,21.8,0.9,1.8
Shillong,gfs,2026-09-26 16:00:00,20.8,0.8,1.0
Shillong,gfs,2026-09-26 17:00:00,19.0,0.1,3.5
Shillong,gfs,2026-09-26 18:00:00,18.3,0.6,7.7
Shillong,gfs,2026-09-26 19:00:00,18.0,0.2,7.5
Shillong,gfs,2026-09-26 20:00:00,17.6,0.0,8.2
Shillong,gfs,2026-09-26 21:00:00,17.4,0.0,8.6
Shillong,gfs,2026-09-26 22:00:00,17.3,0.0,8.1
Shillong,gfs,2026-09-26 23:00:00,17.3,0.0,8.4
Shillong,icon,2026-09-24 00:00:00,18.9,0.0,2.5
Shillong,icon,2026-09-24 01:00:00,18.9,0.0,3.4
Shillong,icon,2026-09-24 02:00:00,19.0,0.0,4.7
Shillong,icon,2026-09-24 03:00:00,18.7,0.0,5.3
Shillong,icon,2026-09-24 04:00:00,18.5,0.0,5.4
Shillong,icon,2026-09-24 05:00:00,18.4,0.0,1.9
Shillong,icon,2026-09-24 06:00:00,19.0,0.0,1.8
Shillong,icon,2026-09-24 07:00:00,21.2,0.0,4.1
Shillong,icon,2026-09-24 08:00:00,22.6,0.0,6.4
Shillong,icon,2026-09-24 09:00:00,23.6,0.0,9.4
Shillong,icon,2026-09-24 10:00:00,24.2,0.0,11.2
Shillong,icon,2026-09-24 11:00:00,24.2,0.0,10.8
Shillong,icon,2026-09-24 12:00:00,24.4,0.0,11.2
Shillong,icon,2026-09-24 13:00:00,24.5,0.0,9.5
Shillong,icon,2026-09-24 14:00:00,24.4,0.0,7.8
Shillong,icon,2026-09-24 15:00:00,23.9,0.0,4.1
Shillong,icon,2026-09-24 16:00:00,22.9,0.0,3.8
Shillong,icon,2026-09-24 17:00:00,21.8,0.0,3.3
Shillong,icon,2026-09-24 18:00:00,20.8,0.0,3.8
Shillong,icon,2026-09-24 19:00:00,20.3,0.0,2.8
Shillong,icon,2026-09-24 20:00:00,19.9,0.0,4.1
Shillong,icon,2026-09-24 21:00:00,19.8,0.0,1.6
Shillong,icon,2026-09-24 22:00:00,19.7,0.0,1.5
Shillong,icon,2026-09-24 23:00:00,19.6,0.0,1.4
Shillong,icon,2026-09-25 00:00:00,19.2,0.0,1.8
Shillong,icon,2026-09-25 01:00:00,19.1,0.0,0.8
Shillong,icon,2026-09-25 02:00:00,19.2,0.0,1.4
Shillong,icon,2026-09-25 03:00:00,19.1,0.0,2.6
Shillong,icon,2026-09-25 04:00:00,19.0,0.0,3.7
Shillong,icon,2026-09-25 05:00:00,18.9,0.0,4.3
Shillong,icon,2026-09-25 06:00:00,19.7,0.0,4.7
Shillong,icon,2026-09-25 07:00:00,21.1,0.0,6.4
Shillong,icon,2026-09-25 08:00:00,21.7,0.0,10.5
Shillong,icon,2026-09-25 09:00:00,22.3,0.0,11.0
Shillong,icon,2026-09-25 10:00:00,22.5,0.1,12.1
Shillong,icon,2026-09-25 11:00:00,22.5,0.4,12.1
Shillong,icon,2026-09-25 12:00:00,22.2,0.5,11.2
Shillong,icon,2026-09-25 13:00:00,22.5,0.1,10.2
Shillong,icon,2026-09-25 14:00:00,22.6,0.0,9.7
Shillong,icon,2026-09-25 15:00:00,22.1,0.0,8.2
Shillong,icon,2026-09-25 16:00:00,21.6,0.0,6.8
Shillong,icon,2026-09-25 17:00:00,20.7,0.0,5.0
Shillong,icon,2026-09-25 18:00:00,19.7,0.0,5.7
Shillong,icon,2026-09-25 19:00:00,19.3,0.0,5.5
Shillong,icon,2026-09-25 20:00:00,19.2,0.0,4.7
Shillong,icon,2026-09-25 21:00:00,19.3,0.0,4.1
Shillong,icon,2026-09-25 22:00:00,19.1,0.0,3.8
Shillong,icon,2026-09-25 23:00:00,18.9,0.0,4.1
Shillong,icon,2026-09-26 00:00:00,18.7,0.0,4.2
Shillong,icon,2026-09-26 01:00:00,18.5,0.0,4.3
Shillong,icon,2026-09-26 02:00:00,18.6,0.0,4.0
Shillong,icon,2026-09-26 03:00:00,18.7,0.0,4.0
Shillong,icon,2026-09-26 04:00:00,18.7,0.0,3.6
Shillong,icon,2026-09-26 05:00:00,18.6,0.0,3.7
Shillong,icon,2026-09-26 06:00:00,19.5,0.0,3.6
Shillong,icon,2026-09-26 07:00:00,21.4,0.0,3.7
Shillong,icon,2026-09-26 08:00:00,22.2,0.0,5.8
Shillong,icon,2026-09-26 09:00:00,22.7,0.0,7.0
Shillong,icon,2026-09-26 10:00:00,23.3,0.0,8.6
Shillong,icon,2026-09-26 11:00:00,22.7,0.3,7.7
Shillong,icon,2026-09-26 12:00:00,22.6,0.8,7.3
Shillong,icon,2026-09-26 13:00:00,22.3,2.3,6.6
Shillong,icon,2026-09-26 14:00:00,21.9,2.3,6.3
Shillong,icon,2026-09-26 15:00:00,21.4,1.8,5.4
Shillong,icon,2026-09-26 16:00:00,20.6,0.2,4.0
Shillong,icon,2026-09-26 17:00:00,20.1,0.0,4.5
Shillong,icon,2026-09-26 18:00:00,19.7,0.0,3.8
Shillong,icon,2026-09-26 19:00:00,19.3,0.0,4.3
Shillong,icon,2026-09-26 20:00:00,19.1,0.0,4.9
Shillong,icon,2026-09-26 21:00:00,18.7,0.0,4.9
Shillong,icon,2026-09-26 22:00:00,18.4,0.0,4.3
Shillong,icon,2026-09-26 23:00:00,18.1,0.0,3.8
Shimla,ecmwf,2026-09-24 00:00:00,10.0,0.0,2.0
Shimla,ecmwf,2026-09-24 01:00:00,8.8,0.0,2.8
Shimla,ecmwf,2026-09-24 02:00:00,8.1,0.0,3.3
Shimla,ecmwf,2026-09-24 03:00:00,8.0,0.0,3.9
Shimla,ecmwf,2026-09-24 04:00:00,8.3,0.0,4.7
Shimla,ecmwf,2026-09-24 05:00:00,9.2,0.0,4.9
Shimla,ecmwf,2026-09-24 06:00:00,11.0,0.0,4.1
Shimla,ecmwf,2026-09-24 07:00:00,13.3,0.0,2.9
Shimla,ecmwf,2026-09-24 08:00:00,15.5,0.0,1.9
Shimla,ecmwf,2026-09-24 09:00:00,17.3,0.0,2.2
Shimla,ecmwf,2026-09-24 10:00:00,18.8,0.0,4.0
Shimla,ecmwf,2026-09-24 11:00:00,19.9,0.0,6.0
Shimla,ecmwf,2026-09-24 12:00:00,20.1,0.2,8.2
Shimla,ecmwf,2026-09-24 13:00:00,19.8,0.2,10.2
Shimla,ecmwf,2026-09-24 14:00:00,19.3,0.2,10.9
Shimla,ecmwf,2026-09-24 15:00:00,18.5,0.2,9.4
Shimla,ecmwf,2026-09-24 16:00:00,17.4,0.2,6.5
Shimla,ecmwf,2026-09-24 17:00:00,16.2,0.2,4.0
Shimla,ecmwf,2026-09-24 18:00:00,14.8,0.0,2.4
Shimla,ecmwf,2026-09-24 19:00:00,13.2,0.0,1.1
Shimla,ecmwf,2026-09-24 20:00:00,11.9,0.0,1.8
Shimla,ecmwf,2026-09-24 21:00:00,10.8,0.0,2.5
Shimla,ecmwf,2026-09-24 22:00:00,10.0,0.0,3.1
Shimla,ecmwf,2026-09-24 23:00:00,9.2,0.0,3.6
Shimla,ecmwf,2026-09-25 00:00:00,8.2,0.0,4.3
Shimla,ecmwf,2026-09-25 01:00:00,7.3,0.0,4.8
Shimla,ecmwf,2026-09-25 02:00:00,6.7,0.0,5.6
Shimla,ecmwf,2026-09-25 03:00:00,6.3,0.0,6.2
Shimla,ecmwf,2026-09-25 04:00:00,6.3,0.0,6.8
Shimla,ecmwf,2026-09-25 05:00:00,7.1,0.0,6.6
Shimla,ecmwf,2026-09-25 06:00:00,9.0,0.0,5.8
Shimla,ecmwf,2026-09-25 07:00:00,11.7,0.0,4.7
Shimla,ecmwf,2026-09-25 08:00:00,14.3,0.0,3.2
Shimla,ecmwf,2026-09-25 09:00:00,16.8,0.0,2.1
Shimla,ecmwf,2026-09-25 10:00:00,19.2,0.0,4.1
Shimla,ecmwf,2026-09-25 11:00:00,20.8,0.0,6.9
Shimla,ecmwf,2026-09-25 12:00:00,21.2,0.1,9.1
Shimla,ecmwf,2026-09-25 13:00:00,20.7,0.1,11.3
Shimla,ecmwf,2026-09-25 14:00:00,19.9,0.1,11.7
Shimla,ecmwf,2026-09-25 15:00:00,19.0,0.0,9.9
Shimla,ecmwf,2026-09-25 16:00:00,17.9,0.0,6.6
Shimla,ecmwf,2026-09-25 17:00:00,16.5,0.0,3.7
Shimla,ecmwf,2026-09-25 18:00:00,14.9,0.0,2.1
Shimla,ecmwf,2026-09-25 19:00:00,13.2,0.0,2.2
Shimla,ecmwf,2026-09-25 20:00:00,11.8,0.0,2.7
Shimla,ecmwf,2026-09-25 21:00:00,10.8,0.0,2.9
Shimla,ecmwf,2026-09-25 22:00:00,10.2,0.0,2.3
Shimla,ecmwf,2026-09-25 23:00:00,9.6,0.0,2.3
Shimla,ecmwf,2026-09-26 00:00:00,8.9,0.0,2.8
Shimla,ecmwf,2026-09-26 01:00:00,8.3,0.0,3.6
Shimla,ecmwf,2026-09-26 02:00:00,7.8,0.0,4.1
Shimla,ecmwf,2026-09-26 03:00:00,7.0,0.0,4.6
Shimla,ecmwf,2026-09-26 04:00:00,6.3,0.0,4.9
Shimla,ecmwf,2026-09-26 05:00:00,6.7,0.0,4.9
Shimla,ecmwf,2026-09-26 06:00:00,8.9,0.0,4.6
Shimla,ecmwf,2026-09-26 07:00:00,12.2,0.0,3.6
Shimla,ecmwf,2026-09-26 08:00:00,15.1,0.0,2.3
Shimla,ecmwf,2026-09-26 09:00:00,17.6,0.0,0.4
Shimla,ecmwf,2026-09-26 10:00:00,19.8,0.0,3.3
Shimla,ecmwf,2026-09-26 11:00:00,21.1,0.0,5.9
Shimla,ecmwf,2026-09-26 12:00:00,21.2,0.0,7.7
Shimla,ecmwf,2026-09-26 13:00:00,20.4,0.0,9.4
Shimla,ecmwf,2026-09-26 14:00:00,19.3,0.0,9.5
Shimla,ecmwf,2026-09-26 15:00:00,17.7,0.4,7.2
Shimla,ecmwf,2026-09-26 16:00:00,15.7,0.4,3.9
Shimla,ecmwf,2026-09-26 17:00:00,14.1,0.4,4.0
Shimla,ecmwf,2026-09-26 18:00:00,13.3,1.2,4.9
Shimla,ecmwf,2026-09-26 19:00:00,12.9,1.2,5.4
Shimla,ecmwf,2026-09-26 20:00:00,12.5,1.2,5.6
Shimla,ecmwf,2026-09-26 21:00:00,11.9,0.3,6.5
Shimla,ecmwf,2026-09-26 22:00:00,11.4,0.3,7.4
Shimla,ecmwf,2026-09-26 23:00:00,11.0,0.3,8.2
Shimla,gem,2026-09-24 00:00:00,13.0,0.0,4.7
Shimla,gem,2026-09-24 01:00:00,12.9,0.0,4.7
Shimla,gem,2026-09-24 02:00:00,12.7,0.0,4.7
Shimla,gem,2026-09-24 03:00:00,12.6,0.0,4.3
Shimla,gem,2026-09-24 04:00:00,12.4,0.0,4.3
Shimla,gem,2026-09-24 05:00:00,12.9,0.0,4.3
Shimla,gem,2026-09-24 06:00:00,12.3,0.0,4.0
Shimla,gem,2026-09-24 07:00:00,14.1,0.0,2.9
Shimla,gem,2026-09-24 08:00:00,17.4,0.0,1.1
Shimla,gem,2026-09-24 09:00:00,19.6,0.0,2.2
Shimla,gem,2026-09-24 10:00:00,20.9,0.0,4.0
Shimla,gem,2026-09-24 11:00:00,21.9,0.0,5.0
Shimla,gem,2026-09-24 12:00:00,22.3,0.0,6.5
Shimla,gem,2026-09-24 13:00:00,22.4,0.1,6.8
Shimla,gem,2026-09-24 14:00:00,21.8,0.1,7.2
Shimla,gem,2026-09-24 15:00:00,21.5,0.0,7.2
Shimla,gem,2026-09-24 16:00:00,19.4,0.3,5.4
Shimla,gem,2026-09-24 17:00:00,16.7,0.8,2.2
Shimla,gem,2026-09-24 18:00:00,15.0,0.0,1.4
Shimla,gem,2026-09-24 19:00:00,14.7,0.0,0.7
Shimla,gem,2026-09-24 20:00:00,14.2,0.0,1.8
Shimla,gem,2026-09-24 21:00:00,14.0,0.0,2.5
Shimla,gem,2026-09-24 22:00:00,13.7,0.0,2.5
Shimla,gem,2026-09-24 23:00:00,13.6,0.0,2.5
Shimla,gem,2026-09-25 00:00:00,13.6,0.0,2.5
Shimla,gem,2026-09-25 01:00:00,13.3,0.1,1.4
Shimla,gem,2026-09-25 02:00:00,13.1,0.3,1.8
Shimla,gem,2026-09-25 03:00:00,12.9,0.6,1.8
Shimla,gem,2026-09-25 04:00:00,12.2,2.2,1.4
Shimla,gem,2026-09-25 05:00:00,12.1,0.1,2.2
Shimla,gem,2026-09-25 06:00:00,12.1,0.0,2.5
Shimla,gem,2026-09-25 07:00:00,13.0,0.0,2.2
Shimla,gem,2026-09-25 08:00:00,15.5,0.0,0.0
Shimla,gem,2026-09-25 09:00:00,17.2,0.0,2.5
Shimla,gem,2026-09-25 10:00:00,18.6,0.0,4.3
Shimla,gem,2026-09-25 11:00:00,19.5,0.0,5.8
Shimla,gem,2026-09-25 12:00:00,19.7,0.0,6.5
Shimla,gem,2026-09-25 13:00:00,20.2,0.0,6.5
Shimla,gem,2026-09-25 14:00:00,20.2,0.0,6.8
Shimla,gem,2026-09-25 15:00:00,19.8,0.0,6.1
Shimla,gem,2026-09-25 16:00:00,19.0,0.0,5.8
Shimla,gem,2026-09-25 17:00:00,17.8,0.0,4.3
Shimla,gem,2026-09-25 18:00:00,15.9,0.0,2.5
Shimla,gem,2026-09-25 19:00:00,13.7,0.0,0.7
Shimla,gem,2026-09-25 20:00:00,12.6,0.0,2.2
Shimla,gem,2026-09-25 21:00:00,12.2,0.0,3.2
Shimla,gem,2026-09-25 22:00:00,12.2,0.0,3.2
Shimla,gem,2026-09-25 23:00:00,12.0,0.0,3.2
Shimla,gem,2026-09-26 00:00:00,11.7,0.0,3.2
Shimla,gem,2026-09-26 01:00:00,11.4,0.0,3.2
Shimla,gem,2026-09-26 02:00:00,11.2,0.0,3.2
Shimla,gem,2026-09-26 03:00:00,11.0,0.0,3.2
Shimla,gem,2026-09-26 04:00:00,10.7,0.0,3.2
Shimla,gem,2026-09-26 05:00:00,10.4,0.0,3.2
Shimla,gem,2026-09-26 06:00:00,10.4,0.0,3.6
Shimla,gem,2026-09-26 07:00:00,12.3,0.0,3.2
Shimla,gem,2026-09-26 08:00:00,16.0,0.0,1.8
Shimla,gem,2026-09-26 09:00:00,18.5,0.0,2.5
Shimla,gem,2026-09-26 10:00:00,20.0,0.0,4.0
Shimla,gem,2026-09-26 11:00:00,21.1,0.0,4.7
Shimla,gem,2026-09-26 12:00:00,21.8,0.0,5.4
Shimla,gem,2026-09-26 13:00:00,22.2,0.0,6.1
Shimla,gem,2026-09-26 14:00:00,22.0,0.0,6.8
Shimla,gem,2026-09-26 15:00:00,21.3,0.2,6.8
Shimla,gem,2026-09-26 16:00:00,18.6,0.9,4.3
Shimla,gem,2026-09-26 17:00:00,16.9,0.1,2.5
Shimla,gem,2026-09-26 18:00:00,14.4,0.0,0.7
Shimla,gem,2026-09-26 19:00:00,13.8,0.0,1.8
Shimla,gem,2026-09-26 20:00:00,14.3,0.1,1.8
Shimla,gem,2026-09-26 21:00:00,14.6,0.1,1.1
Shimla,gem,2026-09-26 22:00:00,14.3,0.0,1.4
Shimla,gem,2026-09-26 23:00:00,13.4,0.0,2.2
Shimla,gfs,2026-09-24 00:00:00,11.5,0.0,8.4
Shimla,gfs,2026-09-24 01:00:00,11.2,0.0,8.1
Shimla,gfs,2026-09-24 02:00:00,11.0,0.0,8.4
Shimla,gfs,2026-09-24 03:00:00,10.8,0.0,8.0
Shimla,gfs,2026-09-24 04:00:00,10.7,0.0,7.7
Shimla,gfs,2026-09-24 05:00:00,10.5,0.0,7.8
Shimla,gfs,2026-09-24 06:00:00,10.6,0.0,7.9
Shimla,gfs,2026-09-24 07:00:00,13.2,0.0,6.3
Shimla,gfs,2026-09-24 08:00:00,16.2,0.0,4.9
Shimla,gfs,2026-09-24 09:00:00,18.4,0.0,4.9
Shimla,gfs,2026-09-24 10:00:00,19.7,0.0,6.8
Shimla,gfs,2026-09-24 11:00:00,20.7,0.0,9.0
Shimla,gfs,2026-09-24 12:00:00,21.1,0.0,10.1
Shimla,gfs,2026-09-24 13:00:00,21.0,0.0,10.9
Shimla,gfs,2026-09-24 14:00:00,20.5,0.0,10.9
Shimla,gfs,2026-09-24 15:00:00,19.8,0.0,10.6
Shimla,gfs,2026-09-24 16:00:00,18.8,0.0,8.8
Shimla,gfs,2026-09-24 17:00:00,16.7,0.0,6.6
Shimla,gfs,2026-09-24 18:00:00,13.6,0.0,2.3
Shimla,gfs,2026-09-24 19:00:00,13.2,0.0,4.8
Shimla,gfs,2026-09-24 20:00:00,12.8,0.0,6.9
Shimla,gfs,2026-09-24 21:00:00,12.5,0.0,7.3
Shimla,gfs,2026-09-24 22:00:00,12.3,0.0,7.4
Shimla,gfs,2026-09-24 23:00:00,12.0,0.0,7.8
Shimla,gfs,2026-09-25 00:00:00,11.7,0.0,8.4
Shimla,gfs,2026-09-25 01:00:00,11.3,0.0,7.7
Shimla,gfs,2026-09-25 02:00:00,11.0,0.0,7.2
Shimla,gfs,2026-09-25 03:00:00,10.6,0.0,6.7
Shimla,gfs,2026-09-25 04:00:00,10.3,0.0,5.7
Shimla,gfs,2026-09-25 05:00:00,10.0,0.0,5.3
Shimla,gfs,2026-09-25 06:00:00,10.0,0.0,5.6
Shimla,gfs,2026-09-25 07:00:00,12.6,0.0,3.9
Shimla,gfs,2026-09-25 08:00:00,15.4,0.0,2.8
Shimla,gfs,2026-09-25 09:00:00,16.9,0.0,6.4
Shimla,gfs,2026-09-25 10:00:00,18.2,0.0,8.1
Shimla,gfs,2026-09-25 11:00:00,19.2,0.0,9.1
Shimla,gfs,2026-09-25 12:00:00,19.7,0.0,10.0
Shimla,gfs,2026-09-25 13:00:00,19.8,0.0,10.8
Shimla,gfs,2026-09-25 14:00:00,19.5,0.0,11.5
Shimla,gfs,2026-09-25 15:00:00,18.8,0.0,11.1
Shimla,gfs,2026-09-25 16:00:00,17.9,0.0,8.4
Shimla,gfs,2026-09-25 17:00:00,16.2,0.0,4.8
Shimla,gfs,2026-09-25 18:00:00,13.2,0.0,1.0
Shimla,gfs,2026-09-25 19:00:00,12.7,0.0,5.4
Shimla,gfs,2026-09-25 20:00:00,12.6,0.0,7.4
Shimla,gfs,2026-09-25 21:00:00,12.6,0.0,8.0
Shimla,gfs,2026-09-25 22:00:00,12.4,0.0,8.0
Shimla,gfs,2026-09-25 23:00:00,12.1,0.0,7.9
Shimla,gfs,2026-09-26 00:00:00,11.9,0.0,8.2
Shimla,gfs,2026-09-26 01:00:00,11.7,0.0,8.4
Shimla,gfs,2026-09-26 02:00:00,11.3,0.0,7.6
Shimla,gfs,2026-09-26 03:00:00,11.2,0.0,7.8
Shimla,gfs,2026-09-26 04:00:00,10.9,0.0,7.1
Shimla,gfs,2026-09-26 05:00:00,10.6,0.0,6.3
Shimla,gfs,2026-09-26 06:00:00,10.6,0.0,6.6
Shimla,gfs,2026-09-26 07:00:00,13.0,0.0,5.5
Shimla,gfs,2026-09-26 08:00:00,16.0,0.0,4.5
Shimla,gfs,2026-09-26 09:00:00,18.0,0.0,5.4
Shimla,gfs,2026-09-26 10:00:00,19.4,0.0,7.3
Shimla,gfs,2026-09-26 11:00:00,20.2,0.0,8.3
Shimla,gfs,2026-09-26 12:00:00,19.7,0.0,7.9
Shimla,gfs,2026-09-26 13:00:00,20.3,0.0,9.4
Shimla,gfs,2026-09-26 14:00:00,20.4,0.0,10.1
Shimla,gfs,2026-09-26 15:00:00,19.2,0.1,10.1
Shimla,gfs,2026-09-26 16:00:00,17.0,0.3,5.8
Shimla,gfs,2026-09-26 17:00:00,15.7,0.1,1.3
Shimla,gfs,2026-09-26 18:00:00,13.5,0.0,5.6
Shimla,gfs,2026-09-26 19:00:00,12.7,0.0,8.3
Shimla,gfs,2026-09-26 20:00:00,12.5,0.0,7.3
Shimla,gfs,2026-09-26 21:00:00,12.4,0.0,7.5
Shimla,gfs,2026-09-26 22:00:00,12.6,0.0,7.7
Shimla,gfs,2026-09-26 23:00:00,12.3,0.0,8.1
Shimla,icon,2026-09-24 00:00:00,13.1,0.0,4.6
Shimla,icon,2026-09-24 01:00:00,12.6,0.0,4.0
Shimla,icon,2026-09-24 02:00:00,12.2,0.0,3.2
Shimla,icon,2026-09-24 03:00:00,12.1,0.0,2.9
Shimla,icon,2026-09-24 04:00:00,11.9,0.0,3.4
Shimla,icon,2026-09-24 05:00:00,11.2,0.0,4.4
Shimla,icon,2026-09-24 06:00:00,11.1,0.0,4.6
Shimla,icon,2026-09-24 07:00:00,12.6,0.0,3.6
Shimla,icon,2026-09-24 08:00:00,15.2,0.0,1.8
Shimla,icon,2026-09-24 09:00:00,17.1,0.0,2.9
Shimla,icon,2026-09-24 10:00:00,18.3,0.0,5.4
Shimla,icon,2026-09-24 11:00:00,19.1,0.0,5.8
Shimla,icon,2026-09-24 12:00:00,19.8,0.0,9.4
Shimla,icon,2026-09-24 13:00:00,19.8,0.0,9.0
Shimla,icon,2026-09-24 14:00:00,19.6,0.0,8.4
Shimla,icon,2026-09-24 15:00:00,19.0,0.0,8.5
Shimla,icon,2026-09-24 16:00:00,18.1,0.0,8.4
Shimla,icon,2026-09-24 17:00:00,16.9,0.0,6.6
Shimla,icon,2026-09-24 18:00:00,15.5,0.0,3.8
Shimla,icon,2026-09-24 19:00:00,14.7,0.0,1.5
Shimla,icon,2026-09-24 20:00:00,14.1,0.0,1.5
Shimla,icon,2026-09-24 21:00:00,13.5,0.0,2.9
Shimla,icon,2026-09-24 22:00:00,13.1,0.0,3.5
Shimla,icon,2026-09-24 23:00:00,12.7,0.0,4.5
Shimla,icon,2026-09-25 00:00:00,12.1,0.0,4.0
Shimla,icon,2026-09-25 01:00:00,11.6,0.0,4.1
Shimla,icon,2026-09-25 02:00:00,11.3,0.0,3.3
Shimla,icon,2026-09-25 03:00:00,11.1,0.0,3.1
Shimla,icon,2026-09-25 04:00:00,11.0,0.0,3.4
Shimla,icon,2026-09-25 05:00:00,11.1,0.0,3.3
Shimla,icon,2026-09-25 06:00:00,11.4,0.0,3.4
Shimla,icon,2026-09-25 07:00:00,12.6,0.0,3.3
Shimla,icon,2026-09-25 08:00:00,14.6,0.0,2.6
Shimla,icon,2026-09-25 09:00:00,16.0,0.0,4.1
Shimla,icon,2026-09-25 10:00:00,17.3,0.0,5.2
Shimla,icon,2026-09-25 11:00:00,18.4,0.0,6.0
Shimla,icon,2026-09-25 12:00:00,19.1,0.0,8.1
Shimla,icon,2026-09-25 13:00:00,19.7,0.0,8.8
Shimla,icon,2026-09-25 14:00:00,19.5,0.0,8.7
Shimla,icon,2026-09-25 15:00:00,18.9,0.0,8.5
Shimla,icon,2026-09-25 16:00:00,18.2,0.0,7.7
Shimla,icon,2026-09-25 17:00:00,17.0,0.0,6.2
Shimla,icon,2026-09-25 18:00:00,15.4,0.0,4.7
Shimla,icon,2026-09-25 19:00:00,14.4,0.0,3.3
Shimla,icon,2026-09-25 20:00:00,14.0,0.0,1.1
Shimla,icon,2026-09-25 21:00:00,13.9,0.0,1.1
Shimla,icon,2026-09-25 22:00:00,13.8,0.0,1.1
Shimla,icon,2026-09-25 23:00:00,13.8,0.0,1.3
Shimla,icon,2026-09-26 00:00:00,13.6,0.0,2.5
Shimla,icon,2026-09-26 01:00:00,13.4,0.0,3.3
Shimla,icon,2026-09-26 02:00:00,13.4,0.0,3.3
Shimla,icon,2026-09-26 03:00:00,13.2,0.0,3.4
Shimla,icon,2026-09-26 04:00:00,13.0,0.0,4.0
Shimla,icon,2026-09-26 05:00:00,12.8,0.0,4.0
Shimla,icon,2026-09-26 06:00:00,12.8,0.0,4.7
Shimla,icon,2026-09-26 07:00:00,13.4,0.0,5.1
Shimla,icon,2026-09-26 08:00:00,14.4,0.0,2.7
Shimla,icon,2026-09-26 09:00:00,15.6,0.0,4.4
Shimla,icon,2026-09-26 10:00:00,16.8,0.0,2.5
Shimla,icon,2026-09-26 11:00:00,17.7,0.0,3.5
Shimla,icon,2026-09-26 12:00:00,18.4,0.0,5.5
Shimla,icon,2026-09-26 13:00:00,18.6,0.0,5.5
Shimla,icon,2026-09-26 14:00:00,18.7,0.0,5.9
Shimla,icon,2026-09-26 15:00:00,18.5,0.0,5.8
Shimla,icon,2026-09-26 16:00:00,17.5,0.0,7.0
Shimla,icon,2026-09-26 17:00:00,16.3,0.0,5.8
Shimla,icon,2026-09-26 18:00:00,15.2,0.0,4.2
Shimla,icon,2026-09-26 19:00:00,14.7,0.0,3.9
Shimla,icon,2026-09-26 20:00:00,14.8,0.0,4.7
Shimla,icon,2026-09-26 21:00:00,14.6,0.0,3.3
Shimla,icon,2026-09-26 22:00:00,14.4,0.0,3.4
Shimla,icon,2026-09-26 23:00:00,14.3,0.0,3.2
Srinagar,ecmwf,2026-09-24 00:00:00,15.4,0.0,2.2
Srinagar,ecmwf,2026-09-24 01:00:00,15.1,0.0,1.8
Srinagar,ecmwf,2026-09-24 02:00:00,14.8,0.0,1.4
Srinagar,ecmwf,2026-09-24 03:00:00,14.5,0.0,1.4
Srinagar,ecmwf,2026-09-24 04:00:00,14.1,0.0,1.8
Srinagar,ecmwf,2026-09-24 05:00:00,14.2,0.0,1.8
Srinagar,ecmwf,2026-09-24 06:00:00,14.9,0.0,1.9
Srinagar,ecmwf,2026-09-24 07:00:00,16.0,0.0,2.6
Srinagar,ecmwf,2026-09-24 08:00:00,17.3,0.0,2.5
Srinagar,ecmwf,2026-09-24 09:00:00,18.9,0.0,2.1
Srinagar,ecmwf,2026-09-24 10:00:00,20.7,0.0,1.5
Srinagar,ecmwf,2026-09-24 11:00:00,22.3,0.0,1.5
Srinagar,ecmwf,2026-09-24 12:00:00,23.4,0.0,1.6
Srinagar,ecmwf,2026-09-24 13:00:00,24.3,0.0,1.8
Srinagar,ecmwf,2026-09-24 14:00:00,24.5,0.0,1.5
Srinagar,ecmwf,2026-09-24 15:00:00,23.6,0.0,2.2
Srinagar,ecmwf,2026-09-24 16:00:00,22.0,0.0,4.8
Srinagar,ecmwf,2026-09-24 17:00:00,20.5,0.0,6.2
Srinagar,ecmwf,2026-09-24 18:00:00,19.3,0.0,5.2
Srinagar,ecmwf,2026-09-24 19:00:00,18.2,0.0,3.1
Srinagar,ecmwf,2026-09-24 20:00:00,17.2,0.0,1.8
Srinagar,ecmwf,2026-09-24 21:00:00,16.4,0.0,1.9
Srinagar,ecmwf,2026-09-24 22:00:00,15.6,0.0,2.3
Srinagar,ecmwf,2026-09-24 23:00:00,15.0,0.0,2.3
Srinagar,ecmwf,2026-09-25 00:00:00,14.4,0.0,1.9
Srinagar,ecmwf,2026-09-25 01:00:00,13.8,0.0,1.1
Srinagar,ecmwf,2026-09-25 02:00:00,13.4,0.0,0.5
Srinagar,ecmwf,2026-09-25 03:00:00,12.9,0.0,0.5
Srinagar,ecmwf,2026-09-25 04:00:00,12.4,0.0,0.4
Srinagar,ecmwf,2026-09-25 05:00:00,12.4,0.0,0.4
Srinagar,ecmwf,2026-09-25 06:00:00,13.0,0.0,0.8
Srinagar,ecmwf,2026-09-25 07:00:00,14.1,0.0,1.0
Srinagar,ecmwf,2026-09-25 08:00:00,15.5,0.0,1.3
Srinagar,ecmwf,2026-09-25 09:00:00,17.4,0.0,1.4
Srinagar,ecmwf,2026-09-25 10:00:00,19.6,0.0,2.1
Srinagar,ecmwf,2026-09-25 11:00:00,21.5,0.0,2.8
Srinagar,ecmwf,2026-09-25 12:00:00,22.9,0.0,3.1
Srinagar,ecmwf,2026-09-25 13:00:00,24.0,0.0,2.9
Srinagar,ecmwf,2026-09-25 14:00:00,24.6,0.0,3.0
Srinagar,ecmwf,2026-09-25 15:00:00,24.5,0.0,3.2
Srinagar,ecmwf,2026-09-25 16:00:00,23.9,0.0,3.3
Srinagar,ecmwf,2026-09-25 17:00:00,22.9,0.0,3.5
Srinagar,ecmwf,2026-09-25 18:00:00,21.3,0.0,2.6
Srinagar,ecmwf,2026-09-25 19:00:00,19.4,0.0,1.8
Srinagar,ecmwf,2026-09-25 20:00:00,17.7,0.0,1.4
Srinagar,ecmwf,2026-09-25 21:00:00,16.6,0.0,1.4
Srinagar,ecmwf,2026-09-25 22:00:00,15.6,0.0,1.8
Srinagar,ecmwf,2026-09-25 23:00:00,14.8,0.0,1.8
Srinagar,ecmwf,2026-09-26 00:00:00,14.0,0.0,1.5
Srinagar,ecmwf,2026-09-26 01:00:00,13.2,0.0,1.1
Srinagar,ecmwf,2026-09-26 02:00:00,12.6,0.0,0.8
Srinagar,ecmwf,2026-09-26 03:00:00,11.9,0.0,0.8
Srinagar,ecmwf,2026-09-26 04:00:00,11.3,0.0,1.3
Srinagar,ecmwf,2026-09-26 05:00:00,11.3,0.0,1.3
Srinagar,ecmwf,2026-09-26 06:00:00,12.0,0.0,0.8
Srinagar,ecmwf,2026-09-26 07:00:00,13.3,0.0,0.4
Srinagar,ecmwf,2026-09-26 08:00:00,15.0,0.0,1.0
Srinagar,ecmwf,2026-09-26 09:00:00,17.3,0.0,1.8
Srinagar,ecmwf,2026-09-26 10:00:00,20.0,0.0,3.1
Srinagar,ecmwf,2026-09-26 11:00:00,22.2,0.0,3.9
Srinagar,ecmwf,2026-09-26 12:00:00,23.8,0.0,4.1
Srinagar,ecmwf,2026-09-26 13:00:00,24.8,0.0,4.8
Srinagar,ecmwf,2026-09-26 14:00:00,25.4,0.0,5.0
Srinagar,ecmwf,2026-09-26 15:00:00,25.3,0.0,4.0
Srinagar,ecmwf,2026-09-26 16:00:00,24.8,0.0,2.5
Srinagar,ecmwf,2026-09-26 17:00:00,23.7,0.0,1.3
Srinagar,ecmwf,2026-09-26 18:00:00,21.9,0.0,1.1
Srinagar,ecmwf,2026-09-26 19:00:00,19.7,0.0,1.8
Srinagar,ecmwf,2026-09-26 20:00:00,17.8,0.0,2.2
Srinagar,ecmwf,2026-09-26 21:00:00,16.7,0.0,2.2
Srinagar,ecmwf,2026-09-26 22:00:00,16.0,0.0,1.8
Srinagar,ecmwf,2026-09-26 23:00:00,15.3,0.0,1.4
Srinagar,gem,2026-09-24 00:00:00,13.3,0.0,0.4
Srinagar,gem,2026-09-24 01:00:00,12.8,0.0,1.1
Srinagar,gem,2026-09-24 02:00:00,12.4,0.0,0.4
Srinagar,gem,2026-09-24 03:00:00,12.1,0.0,0.7
Srinagar,gem,2026-09-24 04:00:00,11.9,0.0,1.1
Srinagar,gem,2026-09-24 05:00:00,13.3,0.0,1.1
Srinagar,gem,2026-09-24 06:00:00,12.0,0.0,0.7
Srinagar,gem,2026-09-24 07:00:00,13.5,0.0,1.1
Srinagar,gem,2026-09-24 08:00:00,15.9,0.0,2.2
Srinagar,gem,2026-09-24 09:00:00,18.4,0.0,2.9
Srinagar,gem,2026-09-24 10:00:00,21.1,0.0,4.7
Srinagar,gem,2026-09-24 11:00:00,23.5,0.0,3.2
Srinagar,gem,2026-09-24 12:00:00,25.5,0.0,1.8
Srinagar,gem,2026-09-24 13:00:00,27.2,0.0,1.1
Srinagar,gem,2026-09-24 14:00:00,28.1,0.0,1.4
Srinagar,gem,2026-09-24 15:00:00,28.5,0.0,1.1
Srinagar,gem,2026-09-24 16:00:00,28.0,0.0,2.9
Srinagar,gem,2026-09-24 17:00:00,27.1,0.0,6.5
Srinagar,gem,2026-09-24 18:00:00,24.0,0.1,7.2
Srinagar,gem,2026-09-24 19:00:00,20.7,0.1,5.8
Srinagar,gem,2026-09-24 20:00:00,18.1,0.1,3.2
Srinagar,gem,2026-09-24 21:00:00,16.7,0.0,2.9
Srinagar,gem,2026-09-24 22:00:00,15.7,0.0,3.2
Srinagar,gem,2026-09-24 23:00:00,14.9,0.0,1.4
Srinagar,gem,2026-09-25 00:00:00,14.4,0.0,0.7
Srinagar,gem,2026-09-25 01:00:00,14.0,0.0,0.7
Srinagar,gem,2026-09-25 02:00:00,13.5,0.0,0.4
Srinagar,gem,2026-09-25 03:00:00,13.1,0.0,0.7
Srinagar,gem,2026-09-25 04:00:00,12.7,0.0,0.7
Srinagar,gem,2026-09-25 05:00:00,12.2,0.0,0.7
Srinagar,gem,2026-09-25 06:00:00,11.8,0.0,1.1
Srinagar,gem,2026-09-25 07:00:00,13.3,0.0,1.8
Srinagar,gem,2026-09-25 08:00:00,15.7,0.0,1.8
Srinagar,gem,2026-09-25 09:00:00,18.0,0.0,1.1
Srinagar,gem,2026-09-25 10:00:00,20.6,0.0,1.4
Srinagar,gem,2026-09-25 11:00:00,23.2,0.0,1.8
Srinagar,gem,2026-09-25 12:00:00,25.3,0.0,1.8
Srinagar,gem,2026-09-25 13:00:00,27.1,0.0,2.9
Srinagar,gem,2026-09-25 14:00:00,27.9,0.0,3.6
Srinagar,gem,2026-09-25 15:00:00,27.9,0.0,2.5
Srinagar,gem,2026-09-25 16:00:00,28.0,0.0,1.4
Srinagar,gem,2026-09-25 17:00:00,27.2,0.0,3.2
Srinagar,gem,2026-09-25 18:00:00,24.0,0.0,6.5
Srinagar,gem,2026-09-25 19:00:00,21.2,0.0,4.0
Srinagar,gem,2026-09-25 20:00:00,19.1,0.0,1.1
Srinagar,gem,2026-09-25 21:00:00,17.7,0.0,0.0
Srinagar,gem,2026-09-25 22:00:00,16.6,0.0,1.8
Srinagar,gem,2026-09-25 23:00:00,15.8,0.0,1.8
Srinagar,gem,2026-09-26 00:00:00,15.4,0.0,1.1
Srinagar,gem,2026-09-26 01:00:00,14.8,0.0,1.1
Srinagar,gem,2026-09-26 02:00:00,14.1,0.0,0.7
Srinagar,gem,2026-09-26 03:00:00,13.5,0.0,0.7
Srinagar,gem,2026-09-26 04:00:00,12.9,0.0,0.7
Srinagar,gem,2026-09-26 05:00:00,12.4,0.0,1.1
Srinagar,gem,2026-09-26 06:00:00,12.0,0.0,1.1
Srinagar,gem,2026-09-26 07:00:00,13.4,0.0,1.1
Srinagar,gem,2026-09-26 08:00:00,16.3,0.0,0.7
Srinagar,gem,2026-09-26 09:00:00,19.1,0.0,1.8
Srinagar,gem,2026-09-26 10:00:00,21.8,0.0,3.2
Srinagar,gem,2026-09-26 11:00:00,24.2,0.0,2.9
Srinagar,gem,2026-09-26 12:00:00,26.1,0.0,2.5
Srinagar,gem,2026-09-26 13:00:00,27.6,0.0,2.9
Srinagar,gem,2026-09-26 14:00:00,28.6,0.0,1.8
Srinagar,gem,2026-09-26 15:00:00,28.9,0.0,1.1
Srinagar,gem,2026-09-26 16:00:00,28.6,0.0,1.4
Srinagar,gem,2026-09-26 17:00:00,27.4,0.0,2.5
Srinagar,gem,2026-09-26 18:00:00,23.5,0.0,4.7
Srinagar,gem,2026-09-26 19:00:00,20.4,0.0,1.4
Srinagar,gem,2026-09-26 20:00:00,18.4,0.0,2.2
Srinagar,gem,2026-09-26 21:00:00,17.1,0.0,2.2
Srinagar,gem,2026-09-26 22:00:00,16.4,0.0,1.8
Srinagar,gem,2026-09-26 23:00:00,15.7,0.0,1.8
Srinagar,gfs,2026-09-24 00:00:00,10.8,0.0,1.1
Srinagar,gfs,2026-09-24 01:00:00,10.5,0.0,1.1
Srinagar,gfs,2026-09-24 02:00:00,10.2,0.0,1.0
Srinagar,gfs,2026-09-24 03:00:00,9.8,0.0,0.8
Srinagar,gfs,2026-09-24 04:00:00,9.6,0.0,1.6
Srinagar,gfs,2026-09-24 05:00:00,9.5,0.0,1.5
Srinagar,gfs,2026-09-24 06:00:00,9.4,0.0,0.8
Srinagar,gfs,2026-09-24 07:00:00,11.6,0.0,0.4
Srinagar,gfs,2026-09-24 08:00:00,14.1,0.0,2.2
Srinagar,gfs,2026-09-24 09:00:00,16.6,0.0,5.4
Srinagar,gfs,2026-09-24 10:00:00,19.0,0.0,6.6
Srinagar,gfs,2026-09-24 11:00:00,22.7,0.0,4.6
Srinagar,gfs,2026-09-24 12:00:00,25.0,0.0,3.6
Srinagar,gfs,2026-09-24 13:00:00,26.7,0.0,5.1
Srinagar,gfs,2026-09-24 14:00:00,27.4,0.0,6.8
Srinagar,gfs,2026-09-24 15:00:00,27.7,0.0,3.8
Srinagar,gfs,2026-09-24 16:00:00,27.0,0.0,12.6
Srinagar,gfs,2026-09-24 17:00:00,25.2,0.0,13.5
Srinagar,gfs,2026-09-24 18:00:00,20.4,0.0,7.1
Srinagar,gfs,2026-09-24 19:00:00,16.9,0.0,5.9
Srinagar,gfs,2026-09-24 20:00:00,16.4,0.0,5.4
Srinagar,gfs,2026-09-24 21:00:00,15.3,0.1,5.4
Srinagar,gfs,2026-09-24 22:00:00,14.5,0.0,5.0
Srinagar,gfs,2026-09-24 23:00:00,13.5,0.2,5.8
Srinagar,gfs,2026-09-25 00:00:00,12.3,0.7,3.1
Srinagar,gfs,2026-09-25 01:00:00,12.0,0.1,1.1
Srinagar,gfs,2026-09-25 02:00:00,11.6,0.0,2.3
Srinagar,gfs,2026-09-25 03:00:00,11.2,0.1,1.6
Srinagar,gfs,2026-09-25 04:00:00,10.8,0.1,2.2
Srinagar,gfs,2026-09-25 05:00:00,10.5,0.0,2.3
Srinagar,gfs,2026-09-25 06:00:00,10.3,0.0,2.9
Srinagar,gfs,2026-09-25 07:00:00,12.4,0.0,2.3
Srinagar,gfs,2026-09-25 08:00:00,14.7,0.0,5.2
Srinagar,gfs,2026-09-25 09:00:00,17.5,0.0,4.0
Srinagar,gfs,2026-09-25 10:00:00,20.4,0.0,2.2
Srinagar,gfs,2026-09-25 11:00:00,22.9,0.0,3.6
Srinagar,gfs,2026-09-25 12:00:00,25.2,0.0,5.1
Srinagar,gfs,2026-09-25 13:00:00,26.7,0.0,5.9
Srinagar,gfs,2026-09-25 14:00:00,27.5,0.0,7.2
Srinagar,gfs,2026-09-25 15:00:00,27.4,0.0,4.7
Srinagar,gfs,2026-09-25 16:00:00,27.1,0.0,4.5
Srinagar,gfs,2026-09-25 17:00:00,25.9,0.0,3.1
Srinagar,gfs,2026-09-25 18:00:00,21.0,0.0,4.1
Srinagar,gfs,2026-09-25 19:00:00,18.2,0.0,4.3
Srinagar,gfs,2026-09-25 20:00:00,16.8,0.0,2.3
Srinagar,gfs,2026-09-25 21:00:00,16.4,0.0,3.7
Srinagar,gfs,2026-09-25 22:00:00,15.8,0.0,4.3
Srinagar,gfs,2026-09-25 23:00:00,15.1,0.0,2.4
Srinagar,gfs,2026-09-26 00:00:00,14.5,0.0,2.9
Srinagar,gfs,2026-09-26 01:00:00,13.9,0.0,3.0
Srinagar,gfs,2026-09-26 02:00:00,12.9,0.2,3.7
Srinagar,gfs,2026-09-26 03:00:00,12.0,0.4,4.0
Srinagar,gfs,2026-09-26 04:00:00,11.6,0.0,3.4
Srinagar,gfs,2026-09-26 05:00:00,11.2,0.0,3.7
Srinagar,gfs,2026-09-26 06:00:00,10.9,0.0,1.8
Srinagar,gfs,2026-09-26 07:00:00,13.3,0.0,0.4
Srinagar,gfs,2026-09-26 08:00:00,15.7,0.0,1.8
Srinagar,gfs,2026-09-26 09:00:00,18.6,0.0,3.2
Srinagar,gfs,2026-09-26 10:00:00,21.7,0.0,3.2
Srinagar,gfs,2026-09-26 11:00:00,24.4,0.0,2.9
Srinagar,gfs,2026-09-26 12:00:00,26.4,0.0,5.2
Srinagar,gfs,2026-09-26 13:00:00,27.6,0.0,6.6
Srinagar,gfs,2026-09-26 14:00:00,28.6,0.0,4.8
Srinagar,gfs,2026-09-26 15:00:00,28.8,0.0,4.1
Srinagar,gfs,2026-09-26 16:00:00,28.4,0.0,1.8
Srinagar,gfs,2026-09-26 17:00:00,26.8,0.0,1.1
Srinagar,gfs,2026-09-26 18:00:00,21.8,0.0,4.7
Srinagar,gfs,2026-09-26 19:00:00,19.1,0.0,4.7
Srinagar,gfs,2026-09-26 20:00:00,17.8,0.0,1.9
Srinagar,gfs,2026-09-26 21:00:00,17.1,0.0,2.7
Srinagar,gfs,2026-09-26 22:00:00,16.6,0.0,3.9
Srinagar,gfs,2026-09-26 23:00:00,16.0,0.0,3.2
Srinagar,icon,2026-09-24 00:00:00,12.6,0.0,2.8
Srinagar,icon,2026-09-24 01:00:00,11.4,0.0,2.2
Srinagar,icon,2026-09-24 02:00:00,11.0,0.0,1.1
Srinagar,icon,2026-09-24 03:00:00,10.9,0.0,1.1
Srinagar,icon,2026-09-24 04:00:00,10.7,0.0,1.8
Srinagar,icon,2026-09-24 05:00:00,9.9,0.0,1.8
Srinagar,icon,2026-09-24 06:00:00,9.8,0.1,1.0
Srinagar,icon,2026-09-24 07:00:00,11.1,0.2,2.5
Srinagar,icon,2026-09-24 08:00:00,15.6,0.0,5.8
Srinagar,icon,2026-09-24 09:00:00,18.6,0.0,4.1
Srinagar,icon,2026-09-24 10:00:00,20.6,0.0,2.8
Srinagar,icon,2026-09-24 11:00:00,22.5,0.0,2.6
Srinagar,icon,2026-09-24 12:00:00,24.2,0.0,3.6
Srinagar,icon,2026-09-24 13:00:00,25.5,0.0,3.2
Srinagar,icon,2026-09-24 14:00:00,26.1,0.0,4.4
Srinagar,icon,2026-09-24 15:00:00,26.3,0.0,4.7
Srinagar,icon,2026-09-24 16:00:00,25.8,0.0,5.2
Srinagar,icon,2026-09-24 17:00:00,24.6,0.0,4.7
Srinagar,icon,2026-09-24 18:00:00,21.2,0.0,6.9
Srinagar,icon,2026-09-24 19:00:00,18.9,0.0,3.7
Srinagar,icon,2026-09-24 20:00:00,18.2,0.0,1.0
Srinagar,icon,2026-09-24 21:00:00,17.0,0.0,1.5
Srinagar,icon,2026-09-24 22:00:00,15.6,0.0,1.8
Srinagar,icon,2026-09-24 23:00:00,14.1,0.0,1.8
Srinagar,icon,2026-09-25 00:00:00,12.4,0.0,2.3
Srinagar,icon,2026-09-25 01:00:00,10.9,0.0,1.9
Srinagar,icon,2026-09-25 02:00:00,10.0,0.0,1.5
Srinagar,icon,2026-09-25 03:00:00,9.2,0.0,1.6
Srinagar,icon,2026-09-25 04:00:00,8.6,0.0,2.3
Srinagar,icon,2026-09-25 05:00:00,7.9,0.0,1.3
Srinagar,icon,2026-09-25 06:00:00,7.8,0.0,0.5
Srinagar,icon,2026-09-25 07:00:00,8.9,0.0,3.1
Srinagar,icon,2026-09-25 08:00:00,13.8,0.0,1.8
Srinagar,icon,2026-09-25 09:00:00,18.7,0.0,2.7
Srinagar,icon,2026-09-25 10:00:00,21.1,0.0,1.9
Srinagar,icon,2026-09-25 11:00:00,23.0,0.0,2.1
Srinagar,icon,2026-09-25 12:00:00,24.7,0.0,2.6
Srinagar,icon,2026-09-25 13:00:00,26.0,0.0,1.8
Srinagar,icon,2026-09-25 14:00:00,26.6,0.0,0.5
Srinagar,icon,2026-09-25 15:00:00,26.9,0.0,4.7
Srinagar,icon,2026-09-25 16:00:00,26.5,0.0,4.4
Srinagar,icon,2026-09-25 17:00:00,25.1,0.0,3.9
Srinagar,icon,2026-09-25 18:00:00,22.5,0.0,1.9
Srinagar,icon,2026-09-25 19:00:00,20.4,0.0,2.4
Srinagar,icon,2026-09-25 20:00:00,18.1,0.0,2.4
Srinagar,icon,2026-09-25 21:00:00,15.8,0.0,0.7
Srinagar,icon,2026-09-25 22:00:00,14.4,0.0,0.8
Srinagar,icon,2026-09-25 23:00:00,13.4,0.0,0.8
Srinagar,icon,2026-09-26 00:00:00,12.7,0.0,0.5
Srinagar,icon,2026-09-26 01:00:00,12.3,0.0,0.0
Srinagar,icon,2026-09-26 02:00:00,12.0,0.0,1.1
Srinagar,icon,2026-09-26 03:00:00,11.6,0.0,1.4
Srinagar,icon,2026-09-26 04:00:00,10.8,0.0,1.0
Srinagar,icon,2026-09-26 05:00:00,9.9,0.0,1.5
Srinagar,icon,2026-09-26 06:00:00,9.1,0.0,0.4
Srinagar,icon,2026-09-26 07:00:00,9.8,0.0,2.3
Srinagar,icon,2026-09-26 08:00:00,13.9,0.0,1.1
Srinagar,icon,2026-09-26 09:00:00,18.5,0.0,3.7
Srinagar,icon,2026-09-26 10:00:00,21.4,0.0,3.4
Srinagar,icon,2026-09-26 11:00:00,23.6,0.0,3.1
Srinagar,icon,2026-09-26 12:00:00,25.4,0.0,1.8
Srinagar,icon,2026-09-26 13:00:00,26.8,0.0,0.7
Srinagar,icon,2026-09-26 14:00:00,27.9,0.0,0.8
Srinagar,icon,2026-09-26 15:00:00,28.2,0.0,1.6
Srinagar,icon,2026-09-26 16:00:00,27.7,0.0,1.8
Srinagar,icon,2026-09-26 17:00:00,26.1,0.0,3.3
Srinagar,icon,2026-09-26 18:00:00,23.2,0.0,3.1
Srinagar,icon,2026-09-26 19:00:00,20.3,0.0,1.6
Srinagar,icon,2026-09-26 20:00:00,17.8,0.0,1.5
Srinagar,icon,2026-09-26 21:00:00,15.8,0.0,1.8
Srinagar,icon,2026-09-26 22:00:00,14.9,0.0,0.8
Srinagar,icon,2026-09-26 23:00:00,13.8,0.0,0.4
Surat,ecmwf,2026-09-24 00:00:00,28.7,0.0,8.0
Surat,ecmwf,2026-09-24 01:00:00,28.4,0.0,7.3
Surat,ecmwf,2026-09-24 02:00:00,28.1,0.0,6.8
Surat,ecmwf,2026-09-24 03:00:00,27.8,0.0,6.3
Surat,ecmwf,2026-09-24 04:00:00,27.5,0.0,6.5
Surat,ecmwf,2026-09-24 05:00:00,27.5,0.0,6.9
Surat,ecmwf,2026-09-24 06:00:00,27.9,0.0,6.9
Surat,ecmwf,2026-09-24 07:00:00,28.5,0.0,6.9
Surat,ecmwf,2026-09-24 08:00:00,29.3,0.0,6.9
Surat,ecmwf,2026-09-24 09:00:00,30.1,0.0,7.2
Surat,ecmwf,2026-09-24 10:00:00,31.0,0.0,8.0
Surat,ecmwf,2026-09-24 11:00:00,31.7,0.0,9.0
Surat,ecmwf,2026-09-24 12:00:00,32.1,0.0,11.0
Surat,ecmwf,2026-09-24 13:00:00,32.3,0.0,13.3
Surat,ecmwf,2026-09-24 14:00:00,32.2,0.0,14.2
Surat,ecmwf,2026-09-24 15:00:00,31.8,0.0,12.1
Surat,ecmwf,2026-09-24 16:00:00,31.1,0.0,9.7
Surat,ecmwf,2026-09-24 17:00:00,30.4,0.0,9.2
Surat,ecmwf,2026-09-24 18:00:00,29.8,0.0,7.4
Surat,ecmwf,2026-09-24 19:00:00,29.2,0.0,5.5
Surat,ecmwf,2026-09-24 20:00:00,28.6,0.0,5.6
Surat,ecmwf,2026-09-24 21:00:00,28.1,0.0,7.3
Surat,ecmwf,2026-09-24 22:00:00,27.7,0.0,9.7
Surat,ecmwf,2026-09-24 23:00:00,27.3,0.0,10.6
Surat,ecmwf,2026-09-25 00:00:00,27.2,0.0,8.6
Surat,ecmwf,2026-09-25 01:00:00,27.2,0.0,4.8
Surat,ecmwf,2026-09-25 02:00:00,27.1,0.0,2.7
Surat,ecmwf,2026-09-25 03:00:00,26.8,0.0,3.3
Surat,ecmwf,2026-09-25 04:00:00,26.3,0.0,4.1
Surat,ecmwf,2026-09-25 05:00:00,26.2,0.0,5.2
Surat,ecmwf,2026-09-25 06:00:00,26.7,0.0,7.0
Surat,ecmwf,2026-09-25 07:00:00,27.4,0.0,9.1
Surat,ecmwf,2026-09-25 08:00:00,28.2,0.0,10.5
Surat,ecmwf,2026-09-25 09:00:00,28.8,0.0,11.3
Surat,ecmwf,2026-09-25 10:00:00,29.4,0.0,11.4
Surat,ecmwf,2026-09-25 11:00:00,29.9,0.0,11.4
Surat,ecmwf,2026-09-25 12:00:00,30.2,0.0,11.2
Surat,ecmwf,2026-09-25 13:00:00,30.4,0.0,11.0
Surat,ecmwf,2026-09-25 14:00:00,30.3,0.0,11.6
Surat,ecmwf,2026-09-25 15:00:00,29.9,0.0,13.1
Surat,ecmwf,2026-09-25 16:00:00,29.3,0.0,14.8
Surat,ecmwf,2026-09-25 17:00:00,28.8,0.0,15.9
Surat,ecmwf,2026-09-25 18:00:00,28.5,0.0,15.7
Surat,ecmwf,2026-09-25 19:00:00,28.3,0.0,14.3
Surat,ecmwf,2026-09-25 20:00:00,28.2,0.0,13.4
Surat,ecmwf,2026-09-25 21:00:00,28.3,0.0,12.5
Surat,ecmwf,2026-09-25 22:00:00,28.4,0.0,12.3
Surat,ecmwf,2026-09-25 23:00:00,28.4,0.0,12.9
Surat,ecmwf,2026-09-26 00:00:00,28.0,0.0,13.9
Surat,ecmwf,2026-09-26 01:00:00,27.4,0.0,15.0
Surat,ecmwf,2026-09-26 02:00:00,26.9,0.0,15.6
Surat,ecmwf,2026-09-26 03:00:00,26.4,0.0,15.4
Surat,ecmwf,2026-09-26 04:00:00,25.9,0.0,14.6
Surat,ecmwf,2026-09-26 05:00:00,25.8,0.0,14.2
Surat,ecmwf,2026-09-26 06:00:00,26.3,0.0,14.6
Surat,ecmwf,2026-09-26 07:00:00,27.0,0.0,14.8
Surat,ecmwf,2026-09-26 08:00:00,27.7,0.0,15.5
Surat,ecmwf,2026-09-26 09:00:00,28.3,0.0,16.3
Surat,ecmwf,2026-09-26 10:00:00,28.9,0.0,16.9
Surat,ecmwf,2026-09-26 11:00:00,29.3,0.0,17.6
Surat,ecmwf,2026-09-26 12:00:00,29.6,0.0,18.5
Surat,ecmwf,2026-09-26 13:00:00,29.8,0.0,19.8
Surat,ecmwf,2026-09-26 14:00:00,29.7,0.0,20.6
Surat,ecmwf,2026-09-26 15:00:00,29.4,0.0,20.7
Surat,ecmwf,2026-09-26 16:00:00,28.8,0.0,20.6
Surat,ecmwf,2026-09-26 17:00:00,28.4,0.0,20.3
Surat,ecmwf,2026-09-26 18:00:00,28.1,0.0,20.0
Surat,ecmwf,2026-09-26 19:00:00,27.8,0.0,19.3
Surat,ecmwf,2026-09-26 20:00:00,27.6,0.0,18.7
Surat,ecmwf,2026-09-26 21:00:00,27.5,0.0,17.9
Surat,ecmwf,2026-09-26 22:00:00,27.3,0.0,17.1
Surat,ecmwf,2026-09-26 23:00:00,27.2,0.0,16.6
Surat,gem,2026-09-24 00:00:00,27.8,0.0,9.7
Surat,gem,2026-09-24 01:00:00,27.4,0.0,8.3
Surat,gem,2026-09-24 02:00:00,27.1,0.0,7.9
Surat,gem,2026-09-24 03:00:00,26.8,0.0,7.6
Surat,gem,2026-09-24 04:00:00,26.5,0.0,5.8
Surat,gem,2026-09-24 05:00:00,26.7,0.0,2.2
Surat,gem,2026-09-24 06:00:00,26.0,0.0,1.1
Surat,gem,2026-09-24 07:00:00,26.9,0.0,1.1
Surat,gem,2026-09-24 08:00:00,29.2,0.0,2.2
Surat,gem,2026-09-24 09:00:00,30.9,0.0,7.2
Surat,gem,2026-09-24 10:00:00,31.9,0.0,9.0
Surat,gem,2026-09-24 11:00:00,32.8,0.0,10.1
Surat,gem,2026-09-24 12:00:00,33.8,0.0,12.6
Surat,gem,2026-09-24 13:00:00,34.4,0.0,15.8
Surat,gem,2026-09-24 14:00:00,34.7,0.0,18.0
Surat,gem,2026-09-24 15:00:00,34.7,0.0,18.4
Surat,gem,2026-09-24 16:00:00,34.2,0.0,17.6
Surat,gem,2026-09-24 17:00:00,33.1,0.0,17.6
Surat,gem,2026-09-24 18:00:00,31.3,0.0,17.3
Surat,gem,2026-09-24 19:00:00,29.8,0.0,16.6
Surat,gem,2026-09-24 20:00:00,29.0,0.0,14.4
Surat,gem,2026-09-24 21:00:00,28.5,0.0,13.0
Surat,gem,2026-09-24 22:00:00,28.1,0.0,10.8
Surat,gem,2026-09-24 23:00:00,27.8,0.0,10.1
Surat,gem,2026-09-25 00:00:00,27.8,0.0,11.9
Surat,gem,2026-09-25 01:00:00,27.7,0.0,13.0
Surat,gem,2026-09-25 02:00:00,27.3,0.0,11.5
Surat,gem,2026-09-25 03:00:00,26.6,0.0,7.6
Surat,gem,2026-09-25 04:00:00,26.0,0.0,3.2
Surat,gem,2026-09-25 05:00:00,25.4,0.0,1.4
Surat,gem,2026-09-25 06:00:00,24.9,0.0,4.0
Surat,gem,2026-09-25 07:00:00,26.0,0.0,6.1
Surat,gem,2026-09-25 08:00:00,29.0,0.0,9.0
Surat,gem,2026-09-25 09:00:00,30.3,0.0,13.3
Surat,gem,2026-09-25 10:00:00,31.0,0.0,16.2
Surat,gem,2026-09-25 11:00:00,31.6,0.0,17.3
Surat,gem,2026-09-25 12:00:00,32.0,0.0,16.2
Surat,gem,2026-09-25 13:00:00,32.4,0.0,14.0
Surat,gem,2026-09-25 14:00:00,32.7,0.0,13.7
Surat,gem,2026-09-25 15:00:00,32.6,0.0,16.6
Surat,gem,2026-09-25 16:00:00,31.9,0.0,22.3
Surat,gem,2026-09-25 17:00:00,30.7,0.0,26.3
Surat,gem,2026-09-25 18:00:00,29.3,0.0,26.6
Surat,gem,2026-09-25 19:00:00,28.6,0.0,25.9
Surat,gem,2026-09-25 20:00:00,28.5,0.0,25.9
Surat,gem,2026-09-25 21:00:00,28.6,0.0,23.4
Surat,gem,2026-09-25 22:00:00,28.9,0.0,20.5
Surat,gem,2026-09-25 23:00:00,29.0,0.0,20.2
Surat,gem,2026-09-26 00:00:00,28.6,0.0,20.5
Surat,gem,2026-09-26 01:00:00,28.1,0.0,20.2
Surat,gem,2026-09-26 02:00:00,27.4,0.0,18.0
Surat,gem,2026-09-26 03:00:00,26.8,0.0,16.9
Surat,gem,2026-09-26 04:00:00,26.2,0.0,17.3
Surat,gem,2026-09-26 05:00:00,25.8,0.0,17.3
Surat,gem,2026-09-26 06:00:00,25.5,0.0,16.2
Surat,gem,2026-09-26 07:00:00,26.3,0.0,16.6
Surat,gem,2026-09-26 08:00:00,28.2,0.0,18.7
Surat,gem,2026-09-26 09:00:00,29.7,0.0,21.2
Surat,gem,2026-09-26 10:00:00,30.4,0.0,23.0
Surat,gem,2026-09-26 11:00:00,30.8,0.0,24.1
Surat,gem,2026-09-26 12:00:00,31.2,0.0,25.2
Surat,gem,2026-09-26 13:00:00,31.5,0.0,27.0
Surat,gem,2026-09-26 14:00:00,31.5,0.0,29.2
Surat,gem,2026-09-26 15:00:00,31.1,0.0,30.6
Surat,gem,2026-09-26 16:00:00,30.7,0.0,31.7
Surat,gem,2026-09-26 17:00:00,29.9,0.0,32.4
Surat,gem,2026-09-26 18:00:00,28.6,0.0,31.7
Surat,gem,2026-09-26 19:00:00,27.9,0.0,29.9
Surat,gem,2026-09-26 20:00:00,27.8,0.0,29.2
Surat,gem,2026-09-26 21:00:00,27.6,0.0,28.1
Surat,gem,2026-09-26 22:00:00,27.3,0.0,26.6
Surat,gem,2026-09-26 23:00:00,27.0,0.0,24.8
Surat,gfs,2026-09-24 00:00:00,28.8,0.0,11.0
Surat,gfs,2026-09-24 01:00:00,28.5,0.0,9.5
Surat,gfs,2026-09-24 02:00:00,28.3,0.0,6.5
Surat,gfs,2026-09-24 03:00:00,28.1,0.0,5.5
Surat,gfs,2026-09-24 04:00:00,28.1,0.0,4.8
Surat,gfs,2026-09-24 05:00:00,27.9,0.0,4.7
Surat,gfs,2026-09-24 06:00:00,27.6,0.0,7.3
Surat,gfs,2026-09-24 07:00:00,28.0,0.0,7.6
Surat,gfs,2026-09-24 08:00:00,29.0,0.0,9.2
Surat,gfs,2026-09-24 09:00:00,30.1,0.0,9.2
Surat,gfs,2026-09-24 10:00:00,31.3,0.0,11.2
Surat,gfs,2026-09-24 11:00:00,32.2,0.0,13.3
Surat,gfs,2026-09-24 12:00:00,32.6,0.0,15.3
Surat,gfs,2026-09-24 13:00:00,32.8,0.0,15.8
Surat,gfs,2026-09-24 14:00:00,33.1,0.0,15.4
Surat,gfs,2026-09-24 15:00:00,33.4,0.0,13.1
Surat,gfs,2026-09-24 16:00:00,33.2,0.0,11.9
Surat,gfs,2026-09-24 17:00:00,31.4,0.0,14.9
Surat,gfs,2026-09-24 18:00:00,29.4,0.0,17.4
Surat,gfs,2026-09-24 19:00:00,29.2,0.0,17.8
Surat,gfs,2026-09-24 20:00:00,29.0,0.0,16.8
Surat,gfs,2026-09-24 21:00:00,28.7,0.0,15.7
Surat,gfs,2026-09-24 22:00:00,28.6,0.1,13.1
Surat,gfs,2026-09-24 23:00:00,28.7,0.1,13.9
Surat,gfs,2026-09-25 00:00:00,28.8,0.0,15.7
Surat,gfs,2026-09-25 01:00:00,28.8,0.0,14.3
Surat,gfs,2026-09-25 02:00:00,28.1,0.0,11.9
Surat,gfs,2026-09-25 03:00:00,27.6,0.0,10.7
Surat,gfs,2026-09-25 04:00:00,27.4,0.0,11.2
Surat,gfs,2026-09-25 05:00:00,27.3,0.0,10.1
Surat,gfs,2026-09-25 06:00:00,27.1,0.0,8.0
Surat,gfs,2026-09-25 07:00:00,27.7,0.0,8.0
Surat,gfs,2026-09-25 08:00:00,28.8,0.0,9.4
Surat,gfs,2026-09-25 09:00:00,29.6,0.0,11.2
Surat,gfs,2026-09-25 10:00:00,30.3,0.0,12.2
Surat,gfs,2026-09-25 11:00:00,30.7,0.0,14.8
Surat,gfs,2026-09-25 12:00:00,30.6,0.0,17.1
Surat,gfs,2026-09-25 13:00:00,31.0,0.0,13.7
Surat,gfs,2026-09-25 14:00:00,31.3,0.0,12.4
Surat,gfs,2026-09-25 15:00:00,31.0,0.0,15.6
Surat,gfs,2026-09-25 16:00:00,29.8,0.0,18.3
Surat,gfs,2026-09-25 17:00:00,29.2,0.0,18.2
Surat,gfs,2026-09-25 18:00:00,28.5,0.0,20.3
Surat,gfs,2026-09-25 19:00:00,28.3,0.1,21.7
Surat,gfs,2026-09-25 20:00:00,28.6,0.2,24.7
Surat,gfs,2026-09-25 21:00:00,28.1,0.4,25.3
Surat,gfs,2026-09-25 22:00:00,28.1,0.1,23.6
Surat,gfs,2026-09-25 23:00:00,27.1,0.4,24.7
Surat,gfs,2026-09-26 00:00:00,27.0,0.0,23.2
Surat,gfs,2026-09-26 01:00:00,26.8,0.0,21.7
Surat,gfs,2026-09-26 02:00:00,26.7,0.0,22.4
Surat,gfs,2026-09-26 03:00:00,26.6,0.0,20.5
Surat,gfs,2026-09-26 04:00:00,26.5,0.0,19.9
Surat,gfs,2026-09-26 05:00:00,26.4,0.0,20.3
Surat,gfs,2026-09-26 06:00:00,26.4,0.0,19.7
Surat,gfs,2026-09-26 07:00:00,26.8,0.0,20.6
Surat,gfs,2026-09-26 08:00:00,27.8,0.0,20.1
Surat,gfs,2026-09-26 09:00:00,28.6,0.0,20.1
Surat,gfs,2026-09-26 10:00:00,29.2,0.0,20.6
Surat,gfs,2026-09-26 11:00:00,29.7,0.0,21.8
Surat,gfs,2026-09-26 12:00:00,30.0,0.0,23.8
Surat,gfs,2026-09-26 13:00:00,30.0,0.0,24.7
Surat,gfs,2026-09-26 14:00:00,30.0,0.0,24.5
Surat,gfs,2026-09-26 15:00:00,29.7,0.0,24.2
Surat,gfs,2026-09-26 16:00:00,29.2,0.0,24.0
Surat,gfs,2026-09-26 17:00:00,28.6,0.0,23.5
Surat,gfs,2026-09-26 18:00:00,28.0,0.0,23.6
Surat,gfs,2026-09-26 19:00:00,27.9,0.0,24.1
Surat,gfs,2026-09-26 20:00:00,27.8,0.0,24.5
Surat,gfs,2026-09-26 21:00:00,27.6,0.0,24.3
Surat,gfs,2026-09-26 22:00:00,27.5,0.0,24.7
Surat,gfs,2026-09-26 23:00:00,27.3,0.0,25.0
Surat,icon,2026-09-24 00:00:00,28.0,0.0,6.2
Surat,icon,2026-09-24 01:00:00,27.7,0.0,5.0
Surat,icon,2026-09-24 02:00:00,27.5,0.0,4.3
Surat,icon,2026-09-24 03:00:00,27.3,0.0,4.0
Surat,icon,2026-09-24 04:00:00,27.2,0.0,3.3
Surat,icon,2026-09-24 05:00:00,27.3,0.0,3.5
Surat,icon,2026-09-24 06:00:00,27.3,0.0,1.9
Surat,icon,2026-09-24 07:00:00,27.6,0.0,1.1
Surat,icon,2026-09-24 08:00:00,29.0,0.0,1.1
Surat,icon,2026-09-24 09:00:00,30.4,0.0,4.3
Surat,icon,2026-09-24 10:00:00,31.7,0.0,6.2
Surat,icon,2026-09-24 11:00:00,32.6,0.0,7.6
Surat,icon,2026-09-24 12:00:00,33.5,0.0,10.0
Surat,icon,2026-09-24 13:00:00,33.9,0.0,11.7
Surat,icon,2026-09-24 14:00:00,33.9,0.0,12.4
Surat,icon,2026-09-24 15:00:00,33.4,0.0,12.8
Surat,icon,2026-09-24 16:00:00,32.5,0.0,11.9
Surat,icon,2026-09-24 17:00:00,31.4,0.0,10.2
Surat,icon,2026-09-24 18:00:00,29.9,0.0,8.0
Surat,icon,2026-09-24 19:00:00,28.7,0.0,4.5
Surat,icon,2026-09-24 20:00:00,28.1,0.0,7.1
Surat,icon,2026-09-24 21:00:00,28.0,0.0,8.1
Surat,icon,2026-09-24 22:00:00,27.9,0.0,6.3
Surat,icon,2026-09-24 23:00:00,27.7,0.0,5.1
Surat,icon,2026-09-25 00:00:00,27.6,0.0,7.0
Surat,icon,2026-09-25 01:00:00,27.6,0.0,7.0
Surat,icon,2026-09-25 02:00:00,27.4,0.0,6.3
Surat,icon,2026-09-25 03:00:00,27.1,0.0,5.1
Surat,icon,2026-09-25 04:00:00,27.0,0.0,2.6
Surat,icon,2026-09-25 05:00:00,27.0,0.0,3.9
Surat,icon,2026-09-25 06:00:00,27.2,0.0,5.2
Surat,icon,2026-09-25 07:00:00,27.4,0.0,4.7
Surat,icon,2026-09-25 08:00:00,27.9,0.0,4.7
Surat,icon,2026-09-25 09:00:00,28.8,0.0,9.0
Surat,icon,2026-09-25 10:00:00,29.7,0.0,11.6
Surat,icon,2026-09-25 11:00:00,30.3,0.0,11.3
Surat,icon,2026-09-25 12:00:00,31.2,0.0,12.8
Surat,icon,2026-09-25 13:00:00,31.7,0.0,13.1
Surat,icon,2026-09-25 14:00:00,31.8,0.0,14.0
Surat,icon,2026-09-25 15:00:00,31.3,0.0,14.7
Surat,icon,2026-09-25 16:00:00,30.4,0.0,14.4
Surat,icon,2026-09-25 17:00:00,29.7,0.0,13.1
Surat,icon,2026-09-25 18:00:00,28.7,0.0,11.7
Surat,icon,2026-09-25 19:00:00,28.1,0.0,11.8
Surat,icon,2026-09-25 20:00:00,27.9,0.0,12.6
Surat,icon,2026-09-25 21:00:00,27.9,0.0,13.2
Surat,icon,2026-09-25 22:00:00,27.9,0.0,13.4
Surat,icon,2026-09-25 23:00:00,27.9,0.0,12.6
Surat,icon,2026-09-26 00:00:00,27.9,0.0,12.2
Surat,icon,2026-09-26 01:00:00,27.6,0.0,10.9
Surat,icon,2026-09-26 02:00:00,27.2,0.0,9.5
Surat,icon,2026-09-26 03:00:00,26.9,0.0,9.0
Surat,icon,2026-09-26 04:00:00,26.6,0.0,9.9
Surat,icon,2026-09-26 05:00:00,26.2,0.0,10.5
Surat,icon,2026-09-26 06:00:00,26.1,0.0,10.0
Surat,icon,2026-09-26 07:00:00,26.4,0.0,10.5
Surat,icon,2026-09-26 08:00:00,27.2,0.0,13.7
Surat,icon,2026-09-26 09:00:00,27.9,0.0,14.8
Surat,icon,2026-09-26 10:00:00,28.6,0.0,14.8
Surat,icon,2026-09-26 11:00:00,29.3,0.0,15.7
Surat,icon,2026-09-26 12:00:00,30.0,0.0,16.3
Surat,icon,2026-09-26 13:00:00,30.5,0.0,16.5
Surat,icon,2026-09-26 14:00:00,30.7,0.0,16.9
Surat,icon,2026-09-26 15:00:00,30.5,0.0,18.2
Surat,icon,2026-09-26 16:00:00,30.0,0.0,18.8
Surat,icon,2026-09-26 17:00:00,29.3,0.0,17.8
Surat,icon,2026-09-26 18:00:00,28.3,0.0,15.3
Surat,icon,2026-09-26 19:00:00,27.9,0.0,14.6
Surat,icon,2026-09-26 20:00:00,27.9,0.0,15.0
Surat,icon,2026-09-26 21:00:00,27.8,0.0,15.8
Surat,icon,2026-09-26 22:00:00,27.7,0.0,16.3
Surat,icon,2026-09-26 23:00:00,27.5,0.0,14.8
Thane,ecmwf,2026-09-24 00:00:00,25.1,0.6,1.9
Thane,ecmwf,2026-09-24 01:00:00,24.8,0.6,3.3
Thane,ecmwf,2026-09-24 02:00:00,24.6,0.6,4.1
Thane,ecmwf,2026-09-24 03:00:00,24.6,0.0,3.0
Thane,ecmwf,2026-09-24 04:00:00,24.8,0.0,1.1
Thane,ecmwf,2026-09-24 05:00:00,25.1,0.0,0.5
Thane,ecmwf,2026-09-24 06:00:00,25.4,0.0,0.8
Thane,ecmwf,2026-09-24 07:00:00,25.9,0.0,2.5
Thane,ecmwf,2026-09-24 08:00:00,26.7,0.0,2.5
Thane,ecmwf,2026-09-24 09:00:00,28.2,0.1,1.4
Thane,ecmwf,2026-09-24 10:00:00,29.9,0.1,5.1
Thane,ecmwf,2026-09-24 11:00:00,31.2,0.1,9.1
Thane,ecmwf,2026-09-24 12:00:00,31.5,0.5,11.8
Thane,ecmwf,2026-09-24 13:00:00,31.3,0.5,14.0
Thane,ecmwf,2026-09-24 14:00:00,30.9,0.5,15.1
Thane,ecmwf,2026-09-24 15:00:00,30.5,0.0,14.8
Thane,ecmwf,2026-09-24 16:00:00,29.8,0.0,13.7
Thane,ecmwf,2026-09-24 17:00:00,29.2,0.0,11.5
Thane,ecmwf,2026-09-24 18:00:00,28.5,0.0,8.3
Thane,ecmwf,2026-09-24 19:00:00,27.9,0.0,4.5
Thane,ecmwf,2026-09-24 20:00:00,27.4,0.0,1.8
Thane,ecmwf,2026-09-24 21:00:00,27.2,0.0,2.1
Thane,ecmwf,2026-09-24 22:00:00,27.2,0.0,3.2
Thane,ecmwf,2026-09-24 23:00:00,26.9,0.0,4.0
Thane,ecmwf,2026-09-25 00:00:00,26.0,1.8,3.6
Thane,ecmwf,2026-09-25 01:00:00,24.9,1.8,3.2
Thane,ecmwf,2026-09-25 02:00:00,24.1,1.8,3.0
Thane,ecmwf,2026-09-25 03:00:00,23.9,0.2,2.6
Thane,ecmwf,2026-09-25 04:00:00,24.0,0.2,3.0
Thane,ecmwf,2026-09-25 05:00:00,24.1,0.2,3.6
Thane,ecmwf,2026-09-25 06:00:00,24.1,0.3,3.4
Thane,ecmwf,2026-09-25 07:00:00,24.2,0.3,2.4
Thane,ecmwf,2026-09-25 08:00:00,24.8,0.3,1.1
Thane,ecmwf,2026-09-25 09:00:00,26.4,0.1,3.2
Thane,ecmwf,2026-09-25 10:00:00,28.5,0.1,8.0
Thane,ecmwf,2026-09-25 11:00:00,30.1,0.1,11.8
Thane,ecmwf,2026-09-25 12:00:00,30.7,0.0,13.7
Thane,ecmwf,2026-09-25 13:00:00,30.8,0.0,14.9
Thane,ecmwf,2026-09-25 14:00:00,30.6,0.0,15.4
Thane,ecmwf,2026-09-25 15:00:00,30.1,0.0,14.9
Thane,ecmwf,2026-09-25 16:00:00,29.4,0.0,13.5
Thane,ecmwf,2026-09-25 17:00:00,28.6,0.0,11.4
Thane,ecmwf,2026-09-25 18:00:00,27.9,0.0,8.4
Thane,ecmwf,2026-09-25 19:00:00,27.1,0.0,5.1
Thane,ecmwf,2026-09-25 20:00:00,26.5,0.0,3.4
Thane,ecmwf,2026-09-25 21:00:00,26.2,0.0,3.3
Thane,ecmwf,2026-09-25 22:00:00,26.2,0.0,4.1
Thane,ecmwf,2026-09-25 23:00:00,26.2,0.0,4.6
Thane,ecmwf,2026-09-26 00:00:00,26.1,0.0,4.8
Thane,ecmwf,2026-09-26 01:00:00,26.0,0.0,5.1
Thane,ecmwf,2026-09-26 02:00:00,25.9,0.0,5.4
Thane,ecmwf,2026-09-26 03:00:00,25.7,0.0,5.2
Thane,ecmwf,2026-09-26 04:00:00,25.5,0.0,4.7
Thane,ecmwf,2026-09-26 05:00:00,25.5,0.0,4.5
Thane,ecmwf,2026-09-26 06:00:00,26.1,0.0,4.4
Thane,ecmwf,2026-09-26 07:00:00,26.9,0.0,4.3
Thane,ecmwf,2026-09-26 08:00:00,27.8,0.0,5.1
Thane,ecmwf,2026-09-26 09:00:00,28.6,0.1,6.9
Thane,ecmwf,2026-09-26 10:00:00,29.4,0.1,9.4
Thane,ecmwf,2026-09-26 11:00:00,30.0,0.1,11.4
Thane,ecmwf,2026-09-26 12:00:00,30.3,0.0,12.4
Thane,ecmwf,2026-09-26 13:00:00,30.2,0.0,13.1
Thane,ecmwf,2026-09-26 14:00:00,30.1,0.0,13.1
Thane,ecmwf,2026-09-26 15:00:00,29.8,0.0,12.0
Thane,ecmwf,2026-09-26 16:00:00,29.4,0.0,10.5
Thane,ecmwf,2026-09-26 17:00:00,28.9,0.0,8.8
Thane,ecmwf,2026-09-26 18:00:00,28.1,0.0,6.7
Thane,ecmwf,2026-09-26 19:00:00,27.2,0.0,5.0
Thane,ecmwf,2026-09-26 20:00:00,26.5,0.0,4.1
Thane,ecmwf,2026-09-26 21:00:00,26.1,0.0,4.2
Thane,ecmwf,2026-09-26 22:00:00,25.9,0.0,4.8
Thane,ecmwf,2026-09-26 23:00:00,25.7,0.0,5.1
Thane,gem,2026-09-24 00:00:00,25.7,0.4,7.6
Thane,gem,2026-09-24 01:00:00,24.8,2.0,10.8
Thane,gem,2026-09-24 02:00:00,23.9,1.0,8.3
Thane,gem,2026-09-24 03:00:00,23.7,0.0,3.2
Thane,gem,2026-09-24 04:00:00,23.8,0.0,2.2
Thane,gem,2026-09-24 05:00:00,25.6,0.0,4.3
Thane,gem,2026-09-24 06:00:00,25.4,0.0,4.3
Thane,gem,2026-09-24 07:00:00,26.0,0.0,4.3
Thane,gem,2026-09-24 08:00:00,27.2,0.0,2.5
Thane,gem,2026-09-24 09:00:00,28.5,0.0,1.1
Thane,gem,2026-09-24 10:00:00,30.0,0.0,6.5
Thane,gem,2026-09-24 11:00:00,31.1,0.0,10.4
Thane,gem,2026-09-24 12:00:00,31.6,0.3,13.0
Thane,gem,2026-09-24 13:00:00,31.3,1.0,15.8
Thane,gem,2026-09-24 14:00:00,30.9,0.6,16.6
Thane,gem,2026-09-24 15:00:00,30.8,0.2,16.9
Thane,gem,2026-09-24 16:00:00,30.6,0.0,17.6
Thane,gem,2026-09-24 17:00:00,29.9,0.0,15.5
Thane,gem,2026-09-24 18:00:00,28.6,0.0,10.1
Thane,gem,2026-09-24 19:00:00,27.6,0.0,6.1
Thane,gem,2026-09-24 20:00:00,27.0,0.0,4.0
Thane,gem,2026-09-24 21:00:00,26.7,0.0,2.5
Thane,gem,2026-09-24 22:00:00,26.4,0.0,4.0
Thane,gem,2026-09-24 23:00:00,26.0,0.0,4.7
Thane,gem,2026-09-25 00:00:00,25.9,0.0,5.4
Thane,gem,2026-09-25 01:00:00,25.7,0.0,5.4
Thane,gem,2026-09-25 02:00:00,26.0,0.0,4.3
Thane,gem,2026-09-25 03:00:00,26.2,0.0,3.6
Thane,gem,2026-09-25 04:00:00,26.0,0.0,2.9
Thane,gem,2026-09-25 05:00:00,26.1,0.0,3.2
Thane,gem,2026-09-25 06:00:00,26.4,0.0,4.0
Thane,gem,2026-09-25 07:00:00,27.5,0.0,5.4
Thane,gem,2026-09-25 08:00:00,29.0,0.0,9.4
Thane,gem,2026-09-25 09:00:00,30.3,0.0,11.9
Thane,gem,2026-09-25 10:00:00,31.4,0.0,14.0
Thane,gem,2026-09-25 11:00:00,32.1,0.0,17.3
Thane,gem,2026-09-25 12:00:00,32.3,0.0,19.8
Thane,gem,2026-09-25 13:00:00,32.3,0.0,20.5
Thane,gem,2026-09-25 14:00:00,32.3,0.0,20.5
Thane,gem,2026-09-25 15:00:00,31.8,0.0,20.2
Thane,gem,2026-09-25 16:00:00,31.3,0.0,19.1
Thane,gem,2026-09-25 17:00:00,30.4,0.0,17.6
Thane,gem,2026-09-25 18:00:00,29.0,0.0,14.8
Thane,gem,2026-09-25 19:00:00,27.9,0.0,9.0
Thane,gem,2026-09-25 20:00:00,27.1,0.0,6.8
Thane,gem,2026-09-25 21:00:00,26.6,0.0,6.1
Thane,gem,2026-09-25 22:00:00,26.4,0.0,5.8
Thane,gem,2026-09-25 23:00:00,26.4,0.0,5.8
Thane,gem,2026-09-26 00:00:00,26.5,0.0,6.1
Thane,gem,2026-09-26 01:00:00,26.5,0.0,6.1
Thane,gem,2026-09-26 02:00:00,26.5,0.0,5.8
Thane,gem,2026-09-26 03:00:00,26.5,0.0,5.0
Thane,gem,2026-09-26 04:00:00,26.7,0.0,5.4
Thane,gem,2026-09-26 05:00:00,26.9,0.0,5.8
Thane,gem,2026-09-26 06:00:00,27.1,0.0,5.8
Thane,gem,2026-09-26 07:00:00,27.7,0.0,6.1
Thane,gem,2026-09-26 08:00:00,29.1,0.0,9.0
Thane,gem,2026-09-26 09:00:00,30.3,0.0,11.5
Thane,gem,2026-09-26 10:00:00,31.0,0.0,13.7
Thane,gem,2026-09-26 11:00:00,31.3,0.0,16.2
Thane,gem,2026-09-26 12:00:00,31.5,0.0,18.0
Thane,gem,2026-09-26 13:00:00,31.8,0.0,19.1
Thane,gem,2026-09-26 14:00:00,31.8,0.0,19.1
Thane,gem,2026-09-26 15:00:00,31.7,0.0,18.4
Thane,gem,2026-09-26 16:00:00,31.1,0.0,17.6
Thane,gem,2026-09-26 17:00:00,30.2,0.0,16.9
Thane,gem,2026-09-26 18:00:00,28.8,0.0,14.8
Thane,gem,2026-09-26 19:00:00,27.6,0.0,9.4
Thane,gem,2026-09-26 20:00:00,26.7,0.0,5.8
Thane,gem,2026-09-26 21:00:00,25.9,0.0,4.3
Thane,gem,2026-09-26 22:00:00,25.2,0.0,3.2
Thane,gem,2026-09-26 23:00:00,24.6,0.0,3.6
Thane,gfs,2026-09-24 00:00:00,27.2,0.5,3.7
Thane,gfs,2026-09-24 01:00:00,27.0,0.0,1.9
Thane,gfs,2026-09-24 02:00:00,26.7,0.0,2.6
Thane,gfs,2026-09-24 03:00:00,26.5,0.0,3.3
Thane,gfs,2026-09-24 04:00:00,26.3,0.0,4.7
Thane,gfs,2026-09-24 05:00:00,26.2,0.0,2.3
Thane,gfs,2026-09-24 06:00:00,25.9,0.0,4.0
Thane,gfs,2026-09-24 07:00:00,26.5,0.0,3.6
Thane,gfs,2026-09-24 08:00:00,27.9,0.0,1.0
Thane,gfs,2026-09-24 09:00:00,29.6,0.0,0.5
Thane,gfs,2026-09-24 10:00:00,31.0,0.0,5.1
Thane,gfs,2026-09-24 11:00:00,31.9,0.0,9.4
Thane,gfs,2026-09-24 12:00:00,32.4,0.2,14.0
Thane,gfs,2026-09-24 13:00:00,31.8,0.9,15.8
Thane,gfs,2026-09-24 14:00:00,31.2,1.3,16.7
Thane,gfs,2026-09-24 15:00:00,30.8,1.0,16.3
Thane,gfs,2026-09-24 16:00:00,30.5,0.4,15.6
Thane,gfs,2026-09-24 17:00:00,28.9,0.6,13.8
Thane,gfs,2026-09-24 18:00:00,27.8,0.8,12.6
Thane,gfs,2026-09-24 19:00:00,26.6,0.7,8.2
Thane,gfs,2026-09-24 20:00:00,26.7,0.5,6.2
Thane,gfs,2026-09-24 21:00:00,26.5,0.9,5.5
Thane,gfs,2026-09-24 22:00:00,26.9,0.3,4.0
Thane,gfs,2026-09-24 23:00:00,26.6,0.0,5.7
Thane,gfs,2026-09-25 00:00:00,26.4,0.0,3.3
Thane,gfs,2026-09-25 01:00:00,26.0,0.7,7.6
Thane,gfs,2026-09-25 02:00:00,25.6,1.0,8.0
Thane,gfs,2026-09-25 03:00:00,25.3,1.2,2.6
Thane,gfs,2026-09-25 04:00:00,25.1,0.8,0.7
Thane,gfs,2026-09-25 05:00:00,25.3,0.1,3.7
Thane,gfs,2026-09-25 06:00:00,25.4,0.0,2.6
Thane,gfs,2026-09-25 07:00:00,26.3,0.0,2.0
Thane,gfs,2026-09-25 08:00:00,27.7,0.7,8.3
Thane,gfs,2026-09-25 09:00:00,29.2,0.0,10.2
Thane,gfs,2026-09-25 10:00:00,30.4,0.1,13.5
Thane,gfs,2026-09-25 11:00:00,30.9,0.5,15.9
Thane,gfs,2026-09-25 12:00:00,31.2,0.2,16.7
Thane,gfs,2026-09-25 13:00:00,31.1,0.2,19.1
Thane,gfs,2026-09-25 14:00:00,31.0,0.1,19.0
Thane,gfs,2026-09-25 15:00:00,30.6,0.1,18.9
Thane,gfs,2026-09-25 16:00:00,29.9,0.0,18.0
Thane,gfs,2026-09-25 17:00:00,29.0,0.0,15.6
Thane,gfs,2026-09-25 18:00:00,28.0,0.0,12.1
Thane,gfs,2026-09-25 19:00:00,27.8,0.0,10.1
Thane,gfs,2026-09-25 20:00:00,27.7,0.0,8.3
Thane,gfs,2026-09-25 21:00:00,27.5,0.0,8.7
Thane,gfs,2026-09-25 22:00:00,27.1,0.0,9.4
Thane,gfs,2026-09-25 23:00:00,26.8,0.0,7.9
Thane,gfs,2026-09-26 00:00:00,26.6,0.0,7.9
Thane,gfs,2026-09-26 01:00:00,26.4,0.0,6.8
Thane,gfs,2026-09-26 02:00:00,26.4,0.0,7.6
Thane,gfs,2026-09-26 03:00:00,26.5,0.0,6.9
Thane,gfs,2026-09-26 04:00:00,26.5,0.0,8.8
Thane,gfs,2026-09-26 05:00:00,26.4,0.0,8.0
Thane,gfs,2026-09-26 06:00:00,26.5,0.0,7.2
Thane,gfs,2026-09-26 07:00:00,26.9,0.0,5.7
Thane,gfs,2026-09-26 08:00:00,27.1,0.0,7.1
Thane,gfs,2026-09-26 09:00:00,27.5,0.0,9.8
Thane,gfs,2026-09-26 10:00:00,28.3,0.0,11.3
Thane,gfs,2026-09-26 11:00:00,29.3,0.0,11.5
Thane,gfs,2026-09-26 12:00:00,29.6,0.0,13.0
Thane,gfs,2026-09-26 13:00:00,29.5,0.0,14.0
Thane,gfs,2026-09-26 14:00:00,29.9,0.0,14.3
Thane,gfs,2026-09-26 15:00:00,30.4,0.0,14.9
Thane,gfs,2026-09-26 16:00:00,29.8,0.0,14.7
Thane,gfs,2026-09-26 17:00:00,28.8,0.0,12.7
Thane,gfs,2026-09-26 18:00:00,28.0,0.0,12.1
Thane,gfs,2026-09-26 19:00:00,27.7,0.0,10.8
Thane,gfs,2026-09-26 20:00:00,27.4,0.0,10.6
Thane,gfs,2026-09-26 21:00:00,26.7,0.0,10.0
Thane,gfs,2026-09-26 22:00:00,26.4,0.0,8.9
Thane,gfs,2026-09-26 23:00:00,26.2,0.0,7.4
Thane,icon,2026-09-24 00:00:00,28.0,0.1,2.5
Thane,icon,2026-09-24 01:00:00,27.4,1.0,2.6
Thane,icon,2026-09-24 02:00:00,27.2,0.0,1.1
Thane,icon,2026-09-24 03:00:00,27.0,0.1,2.1
Thane,icon,2026-09-24 04:00:00,26.9,0.0,1.9
Thane,icon,2026-09-24 05:00:00,27.2,0.0,1.9
Thane,icon,2026-09-24 06:00:00,27.1,0.0,2.2
Thane,icon,2026-09-24 07:00:00,27.4,0.0,2.6
Thane,icon,2026-09-24 08:00:00,28.1,0.0,1.8
Thane,icon,2026-09-24 09:00:00,29.5,0.0,4.9
Thane,icon,2026-09-24 10:00:00,31.1,0.0,6.8
Thane,icon,2026-09-24 11:00:00,31.9,0.0,9.3
Thane,icon,2026-09-24 12:00:00,32.4,0.0,12.1
Thane,icon,2026-09-24 13:00:00,32.7,0.0,13.4
Thane,icon,2026-09-24 14:00:00,33.0,0.0,14.3
Thane,icon,2026-09-24 15:00:00,32.5,0.0,14.8
Thane,icon,2026-09-24 16:00:00,31.6,0.0,13.2
Thane,icon,2026-09-24 17:00:00,30.6,0.0,10.9
Thane,icon,2026-09-24 18:00:00,29.6,0.0,10.0
Thane,icon,2026-09-24 19:00:00,28.8,0.0,7.7
Thane,icon,2026-09-24 20:00:00,28.4,0.0,5.1
Thane,icon,2026-09-24 21:00:00,28.2,0.0,3.1
Thane,icon,2026-09-24 22:00:00,28.0,0.0,2.8
Thane,icon,2026-09-24 23:00:00,27.9,0.0,2.8
Thane,icon,2026-09-25 00:00:00,27.7,0.0,3.1
Thane,icon,2026-09-25 01:00:00,27.5,0.0,3.4
Thane,icon,2026-09-25 02:00:00,27.5,0.0,3.3
Thane,icon,2026-09-25 03:00:00,27.4,0.1,2.8
Thane,icon,2026-09-25 04:00:00,27.3,0.0,3.7
Thane,icon,2026-09-25 05:00:00,27.2,0.0,3.2
Thane,icon,2026-09-25 06:00:00,27.2,0.0,3.1
Thane,icon,2026-09-25 07:00:00,27.5,0.0,2.4
Thane,icon,2026-09-25 08:00:00,28.5,0.0,4.7
Thane,icon,2026-09-25 09:00:00,29.7,0.0,8.2
Thane,icon,2026-09-25 10:00:00,31.2,0.0,10.2
Thane,icon,2026-09-25 11:00:00,32.3,0.0,12.2
Thane,icon,2026-09-25 12:00:00,32.6,0.0,12.9
Thane,icon,2026-09-25 13:00:00,32.6,0.0,13.1
Thane,icon,2026-09-25 14:00:00,32.5,0.0,13.8
Thane,icon,2026-09-25 15:00:00,32.0,0.0,14.1
Thane,icon,2026-09-25 16:00:00,31.1,0.0,13.4
Thane,icon,2026-09-25 17:00:00,30.2,0.0,11.7
Thane,icon,2026-09-25 18:00:00,29.2,0.0,10.1
Thane,icon,2026-09-25 19:00:00,28.6,0.0,7.3
Thane,icon,2026-09-25 20:00:00,28.2,0.0,5.4
Thane,icon,2026-09-25 21:00:00,28.0,0.0,4.4
Thane,icon,2026-09-25 22:00:00,27.8,0.0,4.1
Thane,icon,2026-09-25 23:00:00,27.7,0.0,4.3
Thane,icon,2026-09-26 00:00:00,27.6,0.0,4.3
Thane,icon,2026-09-26 01:00:00,27.4,0.0,4.6
Thane,icon,2026-09-26 02:00:00,27.2,0.0,4.4
Thane,icon,2026-09-26 03:00:00,27.1,0.0,3.3
Thane,icon,2026-09-26 04:00:00,27.0,0.0,3.1
Thane,icon,2026-09-26 05:00:00,27.0,0.0,2.8
Thane,icon,2026-09-26 06:00:00,26.9,0.0,2.0
Thane,icon,2026-09-26 07:00:00,27.2,0.0,1.6
Thane,icon,2026-09-26 08:00:00,28.4,0.0,5.1
Thane,icon,2026-09-26 09:00:00,29.9,0.0,8.7
Thane,icon,2026-09-26 10:00:00,31.1,0.0,10.3
Thane,icon,2026-09-26 11:00:00,32.1,0.0,11.7
Thane,icon,2026-09-26 12:00:00,32.4,0.0,13.0
Thane,icon,2026-09-26 13:00:00,32.7,0.0,13.4
Thane,icon,2026-09-26 14:00:00,32.8,0.0,13.0
Thane,icon,2026-09-26 15:00:00,32.6,0.0,12.3
Thane,icon,2026-09-26 16:00:00,32.1,0.0,11.9
Thane,icon,2026-09-26 17:00:00,31.1,0.0,11.3
Thane,icon,2026-09-26 18:00:00,29.6,0.0,9.5
Thane,icon,2026-09-26 19:00:00,28.7,0.0,7.4
Thane,icon,2026-09-26 20:00:00,28.1,0.0,4.8
Thane,icon,2026-09-26 21:00:00,27.7,0.0,3.4
Thane,icon,2026-09-26 22:00:00,27.5,0.0,3.4
Thane,icon,2026-09-26 23:00:00,27.4,0.0,3.6
Thiruvananthapuram,ecmwf,2026-09-24 00:00:00,25.9,0.2,13.4
Thiruvananthapuram,ecmwf,2026-09-24 01:00:00,25.3,0.2,14.1
Thiruvananthapuram,ecmwf,2026-09-24 02:00:00,24.8,0.2,14.0
Thiruvananthapuram,ecmwf,2026-09-24 03:00:00,24.5,0.7,12.8
Thiruvananthapuram,ecmwf,2026-09-24 04:00:00,24.3,0.7,11.4
Thiruvananthapuram,ecmwf,2026-09-24 05:00:00,24.4,0.7,10.5
Thiruvananthapuram,ecmwf,2026-09-24 06:00:00,24.7,0.4,9.7
Thiruvananthapuram,ecmwf,2026-09-24 07:00:00,25.4,0.4,9.0
Thiruvananthapuram,ecmwf,2026-09-24 08:00:00,26.2,0.4,9.7
Thiruvananthapuram,ecmwf,2026-09-24 09:00:00,27.3,1.3,12.1
Thiruvananthapuram,ecmwf,2026-09-24 10:00:00,28.6,1.3,15.5
Thiruvananthapuram,ecmwf,2026-09-24 11:00:00,29.6,1.3,18.3
Thiruvananthapuram,ecmwf,2026-09-24 12:00:00,30.2,0.2,19.8
Thiruvananthapuram,ecmwf,2026-09-24 13:00:00,30.4,0.2,20.5
Thiruvananthapuram,ecmwf,2026-09-24 14:00:00,30.3,0.2,20.3
Thiruvananthapuram,ecmwf,2026-09-24 15:00:00,29.7,0.1,18.8
Thiruvananthapuram,ecmwf,2026-09-24 16:00:00,28.8,0.1,16.6
Thiruvananthapuram,ecmwf,2026-09-24 17:00:00,28.1,0.1,14.8
Thiruvananthapuram,ecmwf,2026-09-24 18:00:00,27.7,0.1,14.1
Thiruvananthapuram,ecmwf,2026-09-24 19:00:00,27.4,0.1,13.7
Thiruvananthapuram,ecmwf,2026-09-24 20:00:00,27.1,0.1,13.1
Thiruvananthapuram,ecmwf,2026-09-24 21:00:00,26.5,0.2,11.8
Thiruvananthapuram,ecmwf,2026-09-24 22:00:00,25.9,0.2,10.1
Thiruvananthapuram,ecmwf,2026-09-24 23:00:00,25.3,0.2,9.1
Thiruvananthapuram,ecmwf,2026-09-25 00:00:00,24.8,0.7,8.7
Thiruvananthapuram,ecmwf,2026-09-25 01:00:00,24.3,0.7,8.9
Thiruvananthapuram,ecmwf,2026-09-25 02:00:00,24.0,0.7,9.2
Thiruvananthapuram,ecmwf,2026-09-25 03:00:00,23.8,1.0,9.4
Thiruvananthapuram,ecmwf,2026-09-25 04:00:00,23.7,1.0,9.7
Thiruvananthapuram,ecmwf,2026-09-25 05:00:00,23.9,1.0,10.0
Thiruvananthapuram,ecmwf,2026-09-25 06:00:00,24.5,0.4,10.5
Thiruvananthapuram,ecmwf,2026-09-25 07:00:00,25.4,0.4,11.0
Thiruvananthapuram,ecmwf,2026-09-25 08:00:00,26.3,0.4,11.7
Thiruvananthapuram,ecmwf,2026-09-25 09:00:00,27.0,0.6,13.4
Thiruvananthapuram,ecmwf,2026-09-25 10:00:00,27.7,0.6,16.2
Thiruvananthapuram,ecmwf,2026-09-25 11:00:00,28.3,0.6,19.2
Thiruvananthapuram,ecmwf,2026-09-25 12:00:00,28.9,0.2,20.7
Thiruvananthapuram,ecmwf,2026-09-25 13:00:00,29.3,0.2,21.4
Thiruvananthapuram,ecmwf,2026-09-25 14:00:00,29.3,0.2,21.6
Thiruvananthapuram,ecmwf,2026-09-25 15:00:00,28.5,0.2,20.8
Thiruvananthapuram,ecmwf,2026-09-25 16:00:00,27.1,0.2,19.5
Thiruvananthapuram,ecmwf,2026-09-25 17:00:00,26.1,0.2,18.0
Thiruvananthapuram,ecmwf,2026-09-25 18:00:00,25.8,0.0,16.2
Thiruvananthapuram,ecmwf,2026-09-25 19:00:00,25.8,0.0,14.3
Thiruvananthapuram,ecmwf,2026-09-25 20:00:00,25.8,0.0,13.1
Thiruvananthapuram,ecmwf,2026-09-25 21:00:00,25.7,0.0,11.8
Thiruvananthapuram,ecmwf,2026-09-25 22:00:00,25.7,0.0,10.6
Thiruvananthapuram,ecmwf,2026-09-25 23:00:00,25.7,0.0,9.7
Thiruvananthapuram,ecmwf,2026-09-26 00:00:00,25.6,0.0,9.2
Thiruvananthapuram,ecmwf,2026-09-26 01:00:00,25.4,0.0,9.1
Thiruvananthapuram,ecmwf,2026-09-26 02:00:00,25.2,0.0,9.0
Thiruvananthapuram,ecmwf,2026-09-26 03:00:00,25.0,0.1,9.0
Thiruvananthapuram,ecmwf,2026-09-26 04:00:00,24.7,0.1,8.9
Thiruvananthapuram,ecmwf,2026-09-26 05:00:00,24.7,0.1,9.1
Thiruvananthapuram,ecmwf,2026-09-26 06:00:00,25.2,0.0,9.4
Thiruvananthapuram,ecmwf,2026-09-26 07:00:00,25.9,0.0,9.8
Thiruvananthapuram,ecmwf,2026-09-26 08:00:00,26.8,0.0,10.2
Thiruvananthapuram,ecmwf,2026-09-26 09:00:00,27.8,0.4,11.2
Thiruvananthapuram,ecmwf,2026-09-26 10:00:00,28.9,0.4,13.5
Thiruvananthapuram,ecmwf,2026-09-26 11:00:00,29.5,0.4,15.6
Thiruvananthapuram,ecmwf,2026-09-26 12:00:00,29.3,0.3,16.3
Thiruvananthapuram,ecmwf,2026-09-26 13:00:00,28.7,0.3,16.3
Thiruvananthapuram,ecmwf,2026-09-26 14:00:00,28.1,0.3,16.2
Thiruvananthapuram,ecmwf,2026-09-26 15:00:00,28.0,0.0,15.9
Thiruvananthapuram,ecmwf,2026-09-26 16:00:00,27.9,0.0,15.0
Thiruvananthapuram,ecmwf,2026-09-26 17:00:00,27.7,0.0,14.1
Thiruvananthapuram,ecmwf,2026-09-26 18:00:00,27.1,0.0,12.1
Thiruvananthapuram,ecmwf,2026-09-26 19:00:00,26.4,0.0,10.7
Thiruvananthapuram,ecmwf,2026-09-26 20:00:00,25.8,0.0,10.1
Thiruvananthapuram,ecmwf,2026-09-26 21:00:00,25.4,0.0,10.2
Thiruvananthapuram,ecmwf,2026-09-26 22:00:00,25.0,0.0,10.1
Thiruvananthapuram,ecmwf,2026-09-26 23:00:00,24.8,0.0,10.3
Thiruvananthapuram,gem,2026-09-24 00:00:00,28.2,0.0,17.6
Thiruvananthapuram,gem,2026-09-24 01:00:00,27.3,1.1,18.7
Thiruvananthapuram,gem,2026-09-24 02:00:00,27.1,1.3,16.2
Thiruvananthapuram,gem,2026-09-24 03:00:00,27.2,0.5,15.5
Thiruvananthapuram,gem,2026-09-24 04:00:00,27.3,0.5,15.1
Thiruvananthapuram,gem,2026-09-24 05:00:00,26.9,0.6,9.4
Thiruvananthapuram,gem,2026-09-24 06:00:00,26.5,1.1,17.3
Thiruvananthapuram,gem,2026-09-24 07:00:00,26.3,1.1,16.2
Thiruvananthapuram,gem,2026-09-24 08:00:00,27.0,0.3,16.2
Thiruvananthapuram,gem,2026-09-24 09:00:00,28.3,0.2,18.0
Thiruvananthapuram,gem,2026-09-24 10:00:00,29.6,0.4,21.6
Thiruvananthapuram,gem,2026-09-24 11:00:00,30.2,0.1,23.4
Thiruvananthapuram,gem,2026-09-24 12:00:00,30.8,0.0,23.0
Thiruvananthapuram,gem,2026-09-24 13:00:00,31.1,0.0,24.1
Thiruvananthapuram,gem,2026-09-24 14:00:00,30.7,0.4,24.5
Thiruvananthapuram,gem,2026-09-24 15:00:00,30.1,0.6,24.5
Thiruvananthapuram,gem,2026-09-24 16:00:00,29.5,0.0,21.2
Thiruvananthapuram,gem,2026-09-24 17:00:00,29.0,0.0,20.2
Thiruvananthapuram,gem,2026-09-24 18:00:00,28.2,0.2,18.7
Thiruvananthapuram,gem,2026-09-24 19:00:00,27.7,0.5,18.0
Thiruvananthapuram,gem,2026-09-24 20:00:00,27.7,0.8,17.3
Thiruvananthapuram,gem,2026-09-24 21:00:00,27.8,0.7,16.2
Thiruvananthapuram,gem,2026-09-24 22:00:00,27.9,0.5,15.8
Thiruvananthapuram,gem,2026-09-24 23:00:00,27.8,0.4,15.8
Thiruvananthapuram,gem,2026-09-25 00:00:00,27.7,0.0,15.5
Thiruvananthapuram,gem,2026-09-25 01:00:00,27.7,0.6,16.6
Thiruvananthapuram,gem,2026-09-25 02:00:00,27.6,0.6,18.0
Thiruvananthapuram,gem,2026-09-25 03:00:00,27.4,0.4,18.0
Thiruvananthapuram,gem,2026-09-25 04:00:00,27.1,0.1,18.0
Thiruvananthapuram,gem,2026-09-25 05:00:00,26.3,0.4,16.9
Thiruvananthapuram,gem,2026-09-25 06:00:00,26.6,0.0,13.0
Thiruvananthapuram,gem,2026-09-25 07:00:00,27.7,0.0,13.0
Thiruvananthapuram,gem,2026-09-25 08:00:00,29.3,0.0,15.8
Thiruvananthapuram,gem,2026-09-25 09:00:00,30.2,0.0,18.7
Thiruvananthapuram,gem,2026-09-25 10:00:00,30.7,0.1,19.8
Thiruvananthapuram,gem,2026-09-25 11:00:00,30.8,0.1,22.0
Thiruvananthapuram,gem,2026-09-25 12:00:00,30.7,0.0,22.7
Thiruvananthapuram,gem,2026-09-25 13:00:00,31.0,0.0,23.0
Thiruvananthapuram,gem,2026-09-25 14:00:00,30.8,0.0,22.3
Thiruvananthapuram,gem,2026-09-25 15:00:00,30.4,0.0,22.0
Thiruvananthapuram,gem,2026-09-25 16:00:00,30.0,0.0,22.3
Thiruvananthapuram,gem,2026-09-25 17:00:00,29.2,0.0,21.2
Thiruvananthapuram,gem,2026-09-25 18:00:00,28.5,0.0,18.0
Thiruvananthapuram,gem,2026-09-25 19:00:00,28.1,0.0,14.8
Thiruvananthapuram,gem,2026-09-25 20:00:00,27.7,0.2,18.4
Thiruvananthapuram,gem,2026-09-25 21:00:00,27.4,0.8,14.8
Thiruvananthapuram,gem,2026-09-25 22:00:00,27.1,0.0,14.8
Thiruvananthapuram,gem,2026-09-25 23:00:00,27.0,1.3,16.2
Thiruvananthapuram,gem,2026-09-26 00:00:00,27.2,1.1,17.6
Thiruvananthapuram,gem,2026-09-26 01:00:00,27.0,1.1,18.0
Thiruvananthapuram,gem,2026-09-26 02:00:00,26.4,1.4,18.0
Thiruvananthapuram,gem,2026-09-26 03:00:00,26.0,0.9,14.0
Thiruvananthapuram,gem,2026-09-26 04:00:00,25.8,0.7,14.8
Thiruvananthapuram,gem,2026-09-26 05:00:00,25.6,2.2,14.8
Thiruvananthapuram,gem,2026-09-26 06:00:00,25.8,0.8,13.7
Thiruvananthapuram,gem,2026-09-26 07:00:00,26.2,0.3,13.0
Thiruvananthapuram,gem,2026-09-26 08:00:00,26.4,0.7,13.3
Thiruvananthapuram,gem,2026-09-26 09:00:00,27.0,0.4,14.0
Thiruvananthapuram,gem,2026-09-26 10:00:00,28.2,0.1,17.6
Thiruvananthapuram,gem,2026-09-26 11:00:00,29.2,0.0,18.7
Thiruvananthapuram,gem,2026-09-26 12:00:00,30.1,0.0,21.6
Thiruvananthapuram,gem,2026-09-26 13:00:00,30.1,0.0,23.8
Thiruvananthapuram,gem,2026-09-26 14:00:00,29.6,0.0,23.4
Thiruvananthapuram,gem,2026-09-26 15:00:00,29.7,0.0,22.7
Thiruvananthapuram,gem,2026-09-26 16:00:00,29.7,0.0,22.7
Thiruvananthapuram,gem,2026-09-26 17:00:00,29.0,0.0,21.6
Thiruvananthapuram,gem,2026-09-26 18:00:00,28.2,0.0,19.4
Thiruvananthapuram,gem,2026-09-26 19:00:00,27.7,0.0,18.4
Thiruvananthapuram,gem,2026-09-26 20:00:00,27.5,0.0,16.9
Thiruvananthapuram,gem,2026-09-26 21:00:00,27.3,0.0,16.2
Thiruvananthapuram,gem,2026-09-26 22:00:00,27.0,0.0,15.8
Thiruvananthapuram,gem,2026-09-26 23:00:00,26.8,0.0,15.5
Thiruvananthapuram,gfs,2026-09-24 00:00:00,25.4,0.0,9.8
Thiruvananthapuram,gfs,2026-09-24 01:00:00,25.3,0.0,10.1
Thiruvananthapuram,gfs,2026-09-24 02:00:00,25.2,0.0,9.0
Thiruvananthapuram,gfs,2026-09-24 03:00:00,25.0,0.0,8.3
Thiruvananthapuram,gfs,2026-09-24 04:00:00,24.8,0.0,7.4
Thiruvananthapuram,gfs,2026-09-24 05:00:00,24.7,0.0,8.2
Thiruvananthapuram,gfs,2026-09-24 06:00:00,24.9,0.0,8.6
Thiruvananthapuram,gfs,2026-09-24 07:00:00,26.5,0.0,10.3
Thiruvananthapuram,gfs,2026-09-24 08:00:00,28.5,0.0,13.0
Thiruvananthapuram,gfs,2026-09-24 09:00:00,29.9,0.0,16.1
Thiruvananthapuram,gfs,2026-09-24 10:00:00,30.6,0.0,18.2
Thiruvananthapuram,gfs,2026-09-24 11:00:00,30.7,0.0,18.7
Thiruvananthapuram,gfs,2026-09-24 12:00:00,30.7,0.0,19.0
Thiruvananthapuram,gfs,2026-09-24 13:00:00,30.7,0.1,20.5
Thiruvananthapuram,gfs,2026-09-24 14:00:00,29.7,0.1,19.0
Thiruvananthapuram,gfs,2026-09-24 15:00:00,28.9,0.2,18.1
Thiruvananthapuram,gfs,2026-09-24 16:00:00,27.6,0.3,15.5
Thiruvananthapuram,gfs,2026-09-24 17:00:00,26.6,0.2,12.1
Thiruvananthapuram,gfs,2026-09-24 18:00:00,26.2,0.0,9.7
Thiruvananthapuram,gfs,2026-09-24 19:00:00,26.0,0.0,9.4
Thiruvananthapuram,gfs,2026-09-24 20:00:00,26.0,0.1,10.0
Thiruvananthapuram,gfs,2026-09-24 21:00:00,26.0,0.0,10.2
Thiruvananthapuram,gfs,2026-09-24 22:00:00,25.8,0.1,9.4
Thiruvananthapuram,gfs,2026-09-24 23:00:00,25.4,0.1,7.7
Thiruvananthapuram,gfs,2026-09-25 00:00:00,25.2,0.2,7.3
Thiruvananthapuram,gfs,2026-09-25 01:00:00,24.9,0.0,7.7
Thiruvananthapuram,gfs,2026-09-25 02:00:00,24.8,0.1,7.3
Thiruvananthapuram,gfs,2026-09-25 03:00:00,25.0,0.1,9.2
Thiruvananthapuram,gfs,2026-09-25 04:00:00,24.9,0.2,9.8
Thiruvananthapuram,gfs,2026-09-25 05:00:00,24.7,0.7,10.3
Thiruvananthapuram,gfs,2026-09-25 06:00:00,24.5,0.1,6.8
Thiruvananthapuram,gfs,2026-09-25 07:00:00,25.8,0.0,5.8
Thiruvananthapuram,gfs,2026-09-25 08:00:00,26.8,0.1,8.4
Thiruvananthapuram,gfs,2026-09-25 09:00:00,27.6,0.3,12.3
Thiruvananthapuram,gfs,2026-09-25 10:00:00,28.5,0.1,14.5
Thiruvananthapuram,gfs,2026-09-25 11:00:00,29.5,0.1,15.8
Thiruvananthapuram,gfs,2026-09-25 12:00:00,30.4,0.1,17.7
Thiruvananthapuram,gfs,2026-09-25 13:00:00,30.2,0.2,19.0
Thiruvananthapuram,gfs,2026-09-25 14:00:00,29.5,0.1,18.4
Thiruvananthapuram,gfs,2026-09-25 15:00:00,28.5,0.0,15.6
Thiruvananthapuram,gfs,2026-09-25 16:00:00,27.7,0.1,13.4
Thiruvananthapuram,gfs,2026-09-25 17:00:00,27.2,0.0,12.0
Thiruvananthapuram,gfs,2026-09-25 18:00:00,26.4,0.0,10.8
Thiruvananthapuram,gfs,2026-09-25 19:00:00,25.6,0.0,8.9
Thiruvananthapuram,gfs,2026-09-25 20:00:00,25.2,0.0,7.9
Thiruvananthapuram,gfs,2026-09-25 21:00:00,25.1,0.0,8.0
Thiruvananthapuram,gfs,2026-09-25 22:00:00,25.0,0.1,8.3
Thiruvananthapuram,gfs,2026-09-25 23:00:00,24.9,0.0,8.0
Thiruvananthapuram,gfs,2026-09-26 00:00:00,24.6,0.2,8.2
Thiruvananthapuram,gfs,2026-09-26 01:00:00,24.5,0.0,7.6
Thiruvananthapuram,gfs,2026-09-26 02:00:00,24.5,0.1,8.6
Thiruvananthapuram,gfs,2026-09-26 03:00:00,24.4,0.2,9.3
Thiruvananthapuram,gfs,2026-09-26 04:00:00,24.1,0.4,9.4
Thiruvananthapuram,gfs,2026-09-26 05:00:00,24.0,0.2,8.9
Thiruvananthapuram,gfs,2026-09-26 06:00:00,24.0,0.2,8.7
Thiruvananthapuram,gfs,2026-09-26 07:00:00,24.8,0.0,10.0
Thiruvananthapuram,gfs,2026-09-26 08:00:00,25.3,0.0,12.4
Thiruvananthapuram,gfs,2026-09-26 09:00:00,26.0,0.0,13.6
Thiruvananthapuram,gfs,2026-09-26 10:00:00,26.9,0.0,11.6
Thiruvananthapuram,gfs,2026-09-26 11:00:00,27.8,0.0,11.4
Thiruvananthapuram,gfs,2026-09-26 12:00:00,29.7,0.1,13.3
Thiruvananthapuram,gfs,2026-09-26 13:00:00,29.7,0.1,14.5
Thiruvananthapuram,gfs,2026-09-26 14:00:00,29.8,0.1,15.3
Thiruvananthapuram,gfs,2026-09-26 15:00:00,28.9,0.2,15.7
Thiruvananthapuram,gfs,2026-09-26 16:00:00,27.9,0.1,14.4
Thiruvananthapuram,gfs,2026-09-26 17:00:00,27.0,0.0,12.8
Thiruvananthapuram,gfs,2026-09-26 18:00:00,26.1,0.0,12.5
Thiruvananthapuram,gfs,2026-09-26 19:00:00,25.8,0.0,10.9
Thiruvananthapuram,gfs,2026-09-26 20:00:00,25.5,0.0,9.3
Thiruvananthapuram,gfs,2026-09-26 21:00:00,25.1,0.0,8.4
Thiruvananthapuram,gfs,2026-09-26 22:00:00,25.1,0.0,7.8
Thiruvananthapuram,gfs,2026-09-26 23:00:00,24.9,0.0,7.1
Thiruvananthapuram,icon,2026-09-24 00:00:00,27.0,0.0,10.7
Thiruvananthapuram,icon,2026-09-24 01:00:00,26.4,0.1,12.7
Thiruvananthapuram,icon,2026-09-24 02:00:00,26.1,0.2,12.5
Thiruvananthapuram,icon,2026-09-24 03:00:00,26.0,0.3,12.0
Thiruvananthapuram,icon,2026-09-24 04:00:00,26.0,0.3,11.8
Thiruvananthapuram,icon,2026-09-24 05:00:00,26.0,0.4,12.2
Thiruvananthapuram,icon,2026-09-24 06:00:00,26.0,0.4,13.5
Thiruvananthapuram,icon,2026-09-24 07:00:00,26.3,0.4,13.8
Thiruvananthapuram,icon,2026-09-24 08:00:00,26.9,0.4,14.8
Thiruvananthapuram,icon,2026-09-24 09:00:00,27.4,0.4,14.9
Thiruvananthapuram,icon,2026-09-24 10:00:00,28.1,0.3,16.2
Thiruvananthapuram,icon,2026-09-24 11:00:00,29.3,0.3,19.0
Thiruvananthapuram,icon,2026-09-24 12:00:00,29.9,0.1,19.4
Thiruvananthapuram,icon,2026-09-24 13:00:00,29.7,0.1,19.9
Thiruvananthapuram,icon,2026-09-24 14:00:00,29.7,0.0,19.5
Thiruvananthapuram,icon,2026-09-24 15:00:00,29.3,0.0,18.4
Thiruvananthapuram,icon,2026-09-24 16:00:00,28.9,0.0,17.9
Thiruvananthapuram,icon,2026-09-24 17:00:00,28.2,0.1,16.3
Thiruvananthapuram,icon,2026-09-24 18:00:00,27.5,0.2,14.8
Thiruvananthapuram,icon,2026-09-24 19:00:00,27.1,0.4,13.6
Thiruvananthapuram,icon,2026-09-24 20:00:00,26.9,0.5,13.8
Thiruvananthapuram,icon,2026-09-24 21:00:00,26.8,0.4,13.3
Thiruvananthapuram,icon,2026-09-24 22:00:00,26.8,0.3,14.8
Thiruvananthapuram,icon,2026-09-24 23:00:00,26.9,0.1,14.4
Thiruvananthapuram,icon,2026-09-25 00:00:00,27.0,0.1,13.7
Thiruvananthapuram,icon,2026-09-25 01:00:00,27.4,0.1,14.1
Thiruvananthapuram,icon,2026-09-25 02:00:00,27.4,0.0,13.2
Thiruvananthapuram,icon,2026-09-25 03:00:00,27.3,0.0,12.3
Thiruvananthapuram,icon,2026-09-25 04:00:00,26.7,0.1,12.2
Thiruvananthapuram,icon,2026-09-25 05:00:00,26.5,0.0,10.0
Thiruvananthapuram,icon,2026-09-25 06:00:00,26.5,0.0,9.4
Thiruvananthapuram,icon,2026-09-25 07:00:00,27.1,0.0,9.7
Thiruvananthapuram,icon,2026-09-25 08:00:00,27.8,0.1,13.6
Thiruvananthapuram,icon,2026-09-25 09:00:00,28.9,0.0,17.2
Thiruvananthapuram,icon,2026-09-25 10:00:00,29.7,0.0,20.2
Thiruvananthapuram,icon,2026-09-25 11:00:00,29.8,0.0,21.1
Thiruvananthapuram,icon,2026-09-25 12:00:00,30.3,0.0,20.4
Thiruvananthapuram,icon,2026-09-25 13:00:00,30.4,0.0,19.7
Thiruvananthapuram,icon,2026-09-25 14:00:00,30.3,0.0,18.8
Thiruvananthapuram,icon,2026-09-25 15:00:00,29.9,0.0,18.4
Thiruvananthapuram,icon,2026-09-25 16:00:00,29.2,0.0,17.9
Thiruvananthapuram,icon,2026-09-25 17:00:00,28.2,0.1,17.0
Thiruvananthapuram,icon,2026-09-25 18:00:00,27.4,0.2,14.7
Thiruvananthapuram,icon,2026-09-25 19:00:00,27.0,0.3,13.2
Thiruvananthapuram,icon,2026-09-25 20:00:00,26.7,0.4,13.5
Thiruvananthapuram,icon,2026-09-25 21:00:00,26.6,0.5,12.6
Thiruvananthapuram,icon,2026-09-25 22:00:00,26.6,0.3,11.0
Thiruvananthapuram,icon,2026-09-25 23:00:00,26.6,0.0,9.4
Thiruvananthapuram,icon,2026-09-26 00:00:00,26.6,0.0,8.4
Thiruvananthapuram,icon,2026-09-26 01:00:00,26.4,0.0,9.3
Thiruvananthapuram,icon,2026-09-26 02:00:00,26.2,0.0,8.7
Thiruvananthapuram,icon,2026-09-26 03:00:00,26.1,0.0,8.5
Thiruvananthapuram,icon,2026-09-26 04:00:00,26.0,0.0,7.4
Thiruvananthapuram,icon,2026-09-26 05:00:00,25.9,0.0,6.4
Thiruvananthapuram,icon,2026-09-26 06:00:00,25.8,0.0,7.0
Thiruvananthapuram,icon,2026-09-26 07:00:00,26.4,0.0,8.5
Thiruvananthapuram,icon,2026-09-26 08:00:00,27.2,0.0,12.5
Thiruvananthapuram,icon,2026-09-26 09:00:00,28.1,0.0,15.9
Thiruvananthapuram,icon,2026-09-26 10:00:00,29.2,0.0,17.8
Thiruvananthapuram,icon,2026-09-26 11:00:00,29.7,0.0,19.0
Thiruvananthapuram,icon,2026-09-26 12:00:00,30.0,0.0,18.6
Thiruvananthapuram,icon,2026-09-26 13:00:00,29.7,0.0,18.9
Thiruvananthapuram,icon,2026-09-26 14:00:00,29.2,0.0,19.0
Thiruvananthapuram,icon,2026-09-26 15:00:00,28.9,0.0,17.7
Thiruvananthapuram,icon,2026-09-26 16:00:00,28.8,0.0,16.5
Thiruvananthapuram,icon,2026-09-26 17:00:00,28.4,0.0,16.4
Thiruvananthapuram,icon,2026-09-26 18:00:00,27.7,0.0,13.9
Thiruvananthapuram,icon,2026-09-26 19:00:00,27.5,0.0,12.6
Thiruvananthapuram,icon,2026-09-26 20:00:00,27.3,0.0,10.5
Thiruvananthapuram,icon,2026-09-26 21:00:00,27.0,0.0,8.4
Thiruvananthapuram,icon,2026-09-26 22:00:00,26.8,0.0,7.0
Thiruvananthapuram,icon,2026-09-26 23:00:00,26.5,0.0,7.3
Vadodara,ecmwf,2026-09-24 00:00:00,27.5,0.0,6.5
Vadodara,ecmwf,2026-09-24 01:00:00,26.9,0.0,4.8
Vadodara,ecmwf,2026-09-24 02:00:00,26.4,0.0,3.4
Vadodara,ecmwf,2026-09-24 03:00:00,26.2,0.0,3.1
Vadodara,ecmwf,2026-09-24 04:00:00,26.1,0.0,3.3
Vadodara,ecmwf,2026-09-24 05:00:00,26.3,0.0,3.6
Vadodara,ecmwf,2026-09-24 06:00:00,26.9,0.0,4.0
Vadodara,ecmwf,2026-09-24 07:00:00,27.9,0.0,4.3
Vadodara,ecmwf,2026-09-24 08:00:00,29.0,0.0,5.1
Vadodara,ecmwf,2026-09-24 09:00:00,30.4,0.0,6.3
Vadodara,ecmwf,2026-09-24 10:00:00,32.0,0.0,8.0
Vadodara,ecmwf,2026-09-24 11:00:00,33.3,0.0,9.7
Vadodara,ecmwf,2026-09-24 12:00:00,34.2,0.0,11.2
Vadodara,ecmwf,2026-09-24 13:00:00,34.7,0.0,12.5
Vadodara,ecmwf,2026-09-24 14:00:00,34.8,0.0,13.0
Vadodara,ecmwf,2026-09-24 15:00:00,34.5,0.0,11.7
Vadodara,ecmwf,2026-09-24 16:00:00,33.9,0.0,9.4
Vadodara,ecmwf,2026-09-24 17:00:00,33.1,0.0,7.1
Vadodara,ecmwf,2026-09-24 18:00:00,31.9,0.0,5.2
Vadodara,ecmwf,2026-09-24 19:00:00,30.6,0.0,4.7
Vadodara,ecmwf,2026-09-24 20:00:00,29.5,0.0,5.3
Vadodara,ecmwf,2026-09-24 21:00:00,28.9,0.0,6.4
Vadodara,ecmwf,2026-09-24 22:00:00,28.6,0.0,7.3
Vadodara,ecmwf,2026-09-24 23:00:00,28.2,0.0,8.0
Vadodara,ecmwf,2026-09-25 00:00:00,27.8,0.0,8.5
Vadodara,ecmwf,2026-09-25 01:00:00,27.5,0.0,8.7
Vadodara,ecmwf,2026-09-25 02:00:00,27.2,0.0,8.5
Vadodara,ecmwf,2026-09-25 03:00:00,26.8,0.0,8.4
Vadodara,ecmwf,2026-09-25 04:00:00,26.5,0.0,8.4
Vadodara,ecmwf,2026-09-25 05:00:00,26.4,0.0,8.8
Vadodara,ecmwf,2026-09-25 06:00:00,26.8,0.0,9.6
Vadodara,ecmwf,2026-09-25 07:00:00,27.4,0.0,10.2
Vadodara,ecmwf,2026-09-25 08:00:00,28.2,0.0,11.2
Vadodara,ecmwf,2026-09-25 09:00:00,29.4,0.0,12.3
Vadodara,ecmwf,2026-09-25 10:00:00,30.7,0.0,13.7
Vadodara,ecmwf,2026-09-25 11:00:00,31.8,0.0,15.0
Vadodara,ecmwf,2026-09-25 12:00:00,32.5,0.0,15.7
Vadodara,ecmwf,2026-09-25 13:00:00,33.0,0.0,16.0
Vadodara,ecmwf,2026-09-25 14:00:00,33.2,0.0,15.5
Vadodara,ecmwf,2026-09-25 15:00:00,33.1,0.0,14.3
Vadodara,ecmwf,2026-09-25 16:00:00,32.8,0.0,12.7
Vadodara,ecmwf,2026-09-25 17:00:00,32.1,0.0,11.2
Vadodara,ecmwf,2026-09-25 18:00:00,31.0,0.0,9.4
Vadodara,ecmwf,2026-09-25 19:00:00,29.5,0.0,9.4
Vadodara,ecmwf,2026-09-25 20:00:00,28.4,0.0,10.7
Vadodara,ecmwf,2026-09-25 21:00:00,27.9,0.0,12.2
Vadodara,ecmwf,2026-09-25 22:00:00,27.7,0.0,13.8
Vadodara,ecmwf,2026-09-25 23:00:00,27.5,0.0,14.3
Vadodara,ecmwf,2026-09-26 00:00:00,27.2,0.0,14.2
Vadodara,ecmwf,2026-09-26 01:00:00,26.9,0.0,14.0
Vadodara,ecmwf,2026-09-26 02:00:00,26.4,0.0,13.3
Vadodara,ecmwf,2026-09-26 03:00:00,25.5,0.0,10.1
Vadodara,ecmwf,2026-09-26 04:00:00,24.4,0.0,5.8
Vadodara,ecmwf,2026-09-26 05:00:00,23.9,0.0,5.0
Vadodara,ecmwf,2026-09-26 06:00:00,24.3,0.0,6.6
Vadodara,ecmwf,2026-09-26 07:00:00,25.4,0.0,10.3
Vadodara,ecmwf,2026-09-26 08:00:00,26.5,0.0,13.2
Vadodara,ecmwf,2026-09-26 09:00:00,27.7,0.0,14.5
Vadodara,ecmwf,2026-09-26 10:00:00,29.0,0.0,15.1
Vadodara,ecmwf,2026-09-26 11:00:00,30.1,0.0,15.6
Vadodara,ecmwf,2026-09-26 12:00:00,31.0,0.0,16.3
Vadodara,ecmwf,2026-09-26 13:00:00,31.6,0.0,17.3
Vadodara,ecmwf,2026-09-26 14:00:00,31.8,0.0,17.6
Vadodara,ecmwf,2026-09-26 15:00:00,31.5,0.0,17.4
Vadodara,ecmwf,2026-09-26 16:00:00,30.8,0.0,16.8
Vadodara,ecmwf,2026-09-26 17:00:00,30.0,0.0,16.7
Vadodara,ecmwf,2026-09-26 18:00:00,29.1,0.0,17.0
Vadodara,ecmwf,2026-09-26 19:00:00,28.1,0.0,17.1
Vadodara,ecmwf,2026-09-26 20:00:00,27.4,0.0,17.2
Vadodara,ecmwf,2026-09-26 21:00:00,27.0,0.0,17.2
Vadodara,ecmwf,2026-09-26 22:00:00,26.8,0.0,16.8
Vadodara,ecmwf,2026-09-26 23:00:00,26.6,0.0,16.0
Vadodara,gem,2026-09-24 00:00:00,26.5,0.0,1.1
Vadodara,gem,2026-09-24 01:00:00,26.1,0.0,1.1
Vadodara,gem,2026-09-24 02:00:00,25.7,0.0,2.5
Vadodara,gem,2026-09-24 03:00:00,25.2,0.0,1.8
Vadodara,gem,2026-09-24 04:00:00,24.8,0.0,1.1
Vadodara,gem,2026-09-24 05:00:00,26.0,0.0,1.8
Vadodara,gem,2026-09-24 06:00:00,24.9,0.0,3.2
Vadodara,gem,2026-09-24 07:00:00,26.7,0.0,5.8
Vadodara,gem,2026-09-24 08:00:00,30.0,0.0,9.7
Vadodara,gem,2026-09-24 09:00:00,32.2,0.0,14.0
Vadodara,gem,2026-09-24 10:00:00,33.8,0.0,15.8
Vadodara,gem,2026-09-24 11:00:00,35.1,0.0,16.9
Vadodara,gem,2026-09-24 12:00:00,35.1,0.0,16.9
Vadodara,gem,2026-09-24 13:00:00,35.2,0.0,15.8
Vadodara,gem,2026-09-24 14:00:00,37.1,0.0,17.3
Vadodara,gem,2026-09-24 15:00:00,37.6,0.0,19.4
Vadodara,gem,2026-09-24 16:00:00,37.3,0.0,19.8
Vadodara,gem,2026-09-24 17:00:00,36.5,0.0,18.4
Vadodara,gem,2026-09-24 18:00:00,34.6,0.0,12.2
Vadodara,gem,2026-09-24 19:00:00,32.4,0.0,7.9
Vadodara,gem,2026-09-24 20:00:00,30.7,0.0,6.5
Vadodara,gem,2026-09-24 21:00:00,29.8,0.0,5.8
Vadodara,gem,2026-09-24 22:00:00,29.2,0.0,4.7
Vadodara,gem,2026-09-24 23:00:00,29.0,0.0,2.5
Vadodara,gem,2026-09-25 00:00:00,28.4,0.0,6.1
Vadodara,gem,2026-09-25 01:00:00,27.4,0.0,6.5
Vadodara,gem,2026-09-25 02:00:00,26.8,0.0,7.2
Vadodara,gem,2026-09-25 03:00:00,26.4,0.0,6.5
Vadodara,gem,2026-09-25 04:00:00,25.8,0.0,5.0
Vadodara,gem,2026-09-25 05:00:00,25.5,0.0,4.3
Vadodara,gem,2026-09-25 06:00:00,25.2,0.0,3.2
Vadodara,gem,2026-09-25 07:00:00,26.4,0.0,5.4
Vadodara,gem,2026-09-25 08:00:00,29.3,0.0,13.7
Vadodara,gem,2026-09-25 09:00:00,31.0,0.0,20.9
Vadodara,gem,2026-09-25 10:00:00,32.5,0.0,22.7
Vadodara,gem,2026-09-25 11:00:00,34.0,0.0,23.0
Vadodara,gem,2026-09-25 12:00:00,35.2,0.0,22.0
Vadodara,gem,2026-09-25 13:00:00,36.3,0.0,21.2
Vadodara,gem,2026-09-25 14:00:00,37.0,0.0,20.5
Vadodara,gem,2026-09-25 15:00:00,37.2,0.0,20.5
Vadodara,gem,2026-09-25 16:00:00,37.0,0.0,19.4
Vadodara,gem,2026-09-25 17:00:00,36.4,0.0,18.0
Vadodara,gem,2026-09-25 18:00:00,34.7,0.0,12.2
Vadodara,gem,2026-09-25 19:00:00,32.6,0.0,7.2
Vadodara,gem,2026-09-25 20:00:00,31.1,0.0,9.4
Vadodara,gem,2026-09-25 21:00:00,29.6,0.0,14.0
Vadodara,gem,2026-09-25 22:00:00,28.7,0.0,13.0
Vadodara,gem,2026-09-25 23:00:00,28.0,0.0,10.8
Vadodara,gem,2026-09-26 00:00:00,27.6,0.0,9.4
Vadodara,gem,2026-09-26 01:00:00,27.0,0.0,7.6
Vadodara,gem,2026-09-26 02:00:00,26.2,0.0,7.2
Vadodara,gem,2026-09-26 03:00:00,25.4,0.0,7.6
Vadodara,gem,2026-09-26 04:00:00,24.7,0.0,9.4
Vadodara,gem,2026-09-26 05:00:00,24.0,0.0,9.7
Vadodara,gem,2026-09-26 06:00:00,23.3,0.0,9.7
Vadodara,gem,2026-09-26 07:00:00,24.2,0.0,11.2
Vadodara,gem,2026-09-26 08:00:00,26.4,0.0,16.2
Vadodara,gem,2026-09-26 09:00:00,28.9,0.0,18.0
Vadodara,gem,2026-09-26 10:00:00,30.9,0.0,19.4
Vadodara,gem,2026-09-26 11:00:00,32.5,0.0,20.2
Vadodara,gem,2026-09-26 12:00:00,33.7,0.0,20.5
Vadodara,gem,2026-09-26 13:00:00,34.6,0.0,21.2
Vadodara,gem,2026-09-26 14:00:00,35.1,0.0,21.6
Vadodara,gem,2026-09-26 15:00:00,35.4,0.0,21.6
Vadodara,gem,2026-09-26 16:00:00,35.2,0.0,21.2
Vadodara,gem,2026-09-26 17:00:00,34.3,0.0,22.0
Vadodara,gem,2026-09-26 18:00:00,32.1,0.0,24.1
Vadodara,gem,2026-09-26 19:00:00,29.7,0.0,24.8
Vadodara,gem,2026-09-26 20:00:00,28.1,0.0,22.7
Vadodara,gem,2026-09-26 21:00:00,27.2,0.0,22.3
Vadodara,gem,2026-09-26 22:00:00,26.8,0.0,21.6
Vadodara,gem,2026-09-26 23:00:00,26.6,0.0,19.8
Vadodara,gfs,2026-09-24 00:00:00,31.6,0.0,10.9
Vadodara,gfs,2026-09-24 01:00:00,31.1,0.0,9.2
Vadodara,gfs,2026-09-24 02:00:00,30.6,0.0,4.3
Vadodara,gfs,2026-09-24 03:00:00,30.0,0.0,4.3
Vadodara,gfs,2026-09-24 04:00:00,29.6,0.0,5.1
Vadodara,gfs,2026-09-24 05:00:00,29.3,0.0,5.7
Vadodara,gfs,2026-09-24 06:00:00,29.0,0.0,5.4
Vadodara,gfs,2026-09-24 07:00:00,29.2,0.0,6.4
Vadodara,gfs,2026-09-24 08:00:00,30.3,0.0,7.9
Vadodara,gfs,2026-09-24 09:00:00,31.9,0.0,9.2
Vadodara,gfs,2026-09-24 10:00:00,33.3,0.0,11.7
Vadodara,gfs,2026-09-24 11:00:00,34.9,0.0,14.0
Vadodara,gfs,2026-09-24 12:00:00,36.2,0.0,15.6
Vadodara,gfs,2026-09-24 13:00:00,36.9,0.0,17.6
Vadodara,gfs,2026-09-24 14:00:00,36.9,0.0,18.8
Vadodara,gfs,2026-09-24 15:00:00,36.9,0.0,17.8
Vadodara,gfs,2026-09-24 16:00:00,36.8,0.0,17.4
Vadodara,gfs,2026-09-24 17:00:00,36.3,0.0,15.7
Vadodara,gfs,2026-09-24 18:00:00,35.3,0.0,12.2
Vadodara,gfs,2026-09-24 19:00:00,34.3,0.0,15.2
Vadodara,gfs,2026-09-24 20:00:00,33.4,0.0,14.7
Vadodara,gfs,2026-09-24 21:00:00,32.8,0.0,13.5
Vadodara,gfs,2026-09-24 22:00:00,33.0,0.0,12.4
Vadodara,gfs,2026-09-24 23:00:00,32.0,0.0,12.1
Vadodara,gfs,2026-09-25 00:00:00,30.7,0.0,11.5
Vadodara,gfs,2026-09-25 01:00:00,30.4,0.0,7.8
Vadodara,gfs,2026-09-25 02:00:00,29.9,0.0,10.9
Vadodara,gfs,2026-09-25 03:00:00,29.1,0.0,9.7
Vadodara,gfs,2026-09-25 04:00:00,28.7,0.0,8.2
Vadodara,gfs,2026-09-25 05:00:00,28.5,0.0,9.0
Vadodara,gfs,2026-09-25 06:00:00,28.2,0.0,10.4
Vadodara,gfs,2026-09-25 07:00:00,28.4,0.0,11.0
Vadodara,gfs,2026-09-25 08:00:00,29.5,0.0,13.9
Vadodara,gfs,2026-09-25 09:00:00,30.9,0.0,15.5
Vadodara,gfs,2026-09-25 10:00:00,32.3,0.0,16.9
Vadodara,gfs,2026-09-25 11:00:00,33.6,0.0,17.9
Vadodara,gfs,2026-09-25 12:00:00,34.8,0.0,18.8
Vadodara,gfs,2026-09-25 13:00:00,35.8,0.0,19.6
Vadodara,gfs,2026-09-25 14:00:00,36.4,0.0,21.1
Vadodara,gfs,2026-09-25 15:00:00,36.6,0.0,21.9
Vadodara,gfs,2026-09-25 16:00:00,36.2,0.0,20.6
Vadodara,gfs,2026-09-25 17:00:00,35.4,0.0,19.0
Vadodara,gfs,2026-09-25 18:00:00,34.1,0.0,14.7
Vadodara,gfs,2026-09-25 19:00:00,33.0,0.0,11.9
Vadodara,gfs,2026-09-25 20:00:00,31.1,0.0,16.8
Vadodara,gfs,2026-09-25 21:00:00,29.7,0.0,18.0
Vadodara,gfs,2026-09-25 22:00:00,29.2,0.0,16.4
Vadodara,gfs,2026-09-25 23:00:00,29.1,0.0,15.5
Vadodara,gfs,2026-09-26 00:00:00,29.6,0.0,15.7
Vadodara,gfs,2026-09-26 01:00:00,29.0,0.0,16.6
Vadodara,gfs,2026-09-26 02:00:00,28.2,0.0,14.2
Vadodara,gfs,2026-09-26 03:00:00,27.9,0.0,12.2
Vadodara,gfs,2026-09-26 04:00:00,27.5,0.0,11.9
Vadodara,gfs,2026-09-26 05:00:00,27.1,0.0,14.0
Vadodara,gfs,2026-09-26 06:00:00,26.8,0.0,14.6
Vadodara,gfs,2026-09-26 07:00:00,27.0,0.0,15.4
Vadodara,gfs,2026-09-26 08:00:00,28.1,0.0,15.8
Vadodara,gfs,2026-09-26 09:00:00,29.6,0.0,16.9
Vadodara,gfs,2026-09-26 10:00:00,30.9,0.0,18.0
Vadodara,gfs,2026-09-26 11:00:00,32.0,0.0,19.0
Vadodara,gfs,2026-09-26 12:00:00,32.8,0.0,21.0
Vadodara,gfs,2026-09-26 13:00:00,33.4,0.0,21.1
Vadodara,gfs,2026-09-26 14:00:00,33.9,0.0,20.1
Vadodara,gfs,2026-09-26 15:00:00,34.2,0.0,19.3
Vadodara,gfs,2026-09-26 16:00:00,34.2,0.0,18.6
Vadodara,gfs,2026-09-26 17:00:00,32.3,0.0,24.0
Vadodara,gfs,2026-09-26 18:00:00,29.9,0.0,23.6
Vadodara,gfs,2026-09-26 19:00:00,28.5,0.0,24.9
Vadodara,gfs,2026-09-26 20:00:00,28.0,0.0,25.3
Vadodara,gfs,2026-09-26 21:00:00,27.9,0.0,24.8
Vadodara,gfs,2026-09-26 22:00:00,28.1,0.0,23.6
Vadodara,gfs,2026-09-26 23:00:00,28.0,0.0,22.7
Vadodara,icon,2026-09-24 00:00:00,29.0,0.0,4.0
Vadodara,icon,2026-09-24 01:00:00,28.4,0.0,4.1
Vadodara,icon,2026-09-24 02:00:00,27.7,0.0,5.2
Vadodara,icon,2026-09-24 03:00:00,27.3,0.0,4.9
Vadodara,icon,2026-09-24 04:00:00,27.0,0.0,3.6
Vadodara,icon,2026-09-24 05:00:00,27.2,0.0,4.9
Vadodara,icon,2026-09-24 06:00:00,27.2,0.0,4.2
Vadodara,icon,2026-09-24 07:00:00,27.7,0.0,3.6
Vadodara,icon,2026-09-24 08:00:00,29.1,0.0,5.8
Vadodara,icon,2026-09-24 09:00:00,30.3,0.0,8.8
Vadodara,icon,2026-09-24 10:00:00,31.6,0.0,9.9
Vadodara,icon,2026-09-24 11:00:00,33.5,0.0,10.1
Vadodara,icon,2026-09-24 12:00:00,34.6,0.0,12.3
Vadodara,icon,2026-09-24 13:00:00,35.4,0.0,13.6
Vadodara,icon,2026-09-24 14:00:00,35.8,0.0,13.8
Vadodara,icon,2026-09-24 15:00:00,35.9,0.0,14.3
Vadodara,icon,2026-09-24 16:00:00,35.6,0.0,14.2
Vadodara,icon,2026-09-24 17:00:00,34.6,0.0,11.6
Vadodara,icon,2026-09-24 18:00:00,32.8,0.0,7.3
Vadodara,icon,2026-09-24 19:00:00,31.1,0.0,5.1
Vadodara,icon,2026-09-24 20:00:00,30.4,0.0,4.7
Vadodara,icon,2026-09-24 21:00:00,30.1,0.0,5.1
Vadodara,icon,2026-09-24 22:00:00,29.5,0.0,5.5
Vadodara,icon,2026-09-24 23:00:00,28.6,0.0,6.9
Vadodara,icon,2026-09-25 00:00:00,28.1,0.0,6.6
Vadodara,icon,2026-09-25 01:00:00,27.8,0.0,6.2
Vadodara,icon,2026-09-25 02:00:00,27.5,0.0,4.7
Vadodara,icon,2026-09-25 03:00:00,27.4,0.0,4.8
Vadodara,icon,2026-09-25 04:00:00,27.2,0.0,5.9
Vadodara,icon,2026-09-25 05:00:00,27.0,0.0,5.5
Vadodara,icon,2026-09-25 06:00:00,26.8,0.0,7.5
Vadodara,icon,2026-09-25 07:00:00,26.9,0.0,8.1
Vadodara,icon,2026-09-25 08:00:00,28.2,0.0,9.5
Vadodara,icon,2026-09-25 09:00:00,29.5,0.0,12.8
Vadodara,icon,2026-09-25 10:00:00,30.7,0.0,13.1
Vadodara,icon,2026-09-25 11:00:00,31.8,0.0,13.9
Vadodara,icon,2026-09-25 12:00:00,32.9,0.0,15.2
Vadodara,icon,2026-09-25 13:00:00,33.8,0.0,16.3
Vadodara,icon,2026-09-25 14:00:00,34.4,0.0,16.7
Vadodara,icon,2026-09-25 15:00:00,34.6,0.0,17.4
Vadodara,icon,2026-09-25 16:00:00,34.2,0.0,16.6
Vadodara,icon,2026-09-25 17:00:00,33.3,0.0,14.8
Vadodara,icon,2026-09-25 18:00:00,31.6,0.0,12.1
Vadodara,icon,2026-09-25 19:00:00,30.1,0.0,9.9
Vadodara,icon,2026-09-25 20:00:00,28.9,0.0,10.2
Vadodara,icon,2026-09-25 21:00:00,27.9,0.0,9.2
Vadodara,icon,2026-09-25 22:00:00,27.3,0.0,8.6
Vadodara,icon,2026-09-25 23:00:00,26.9,0.0,7.2
Vadodara,icon,2026-09-26 00:00:00,26.7,0.0,7.0
Vadodara,icon,2026-09-26 01:00:00,26.6,0.0,6.0
Vadodara,icon,2026-09-26 02:00:00,26.5,0.0,6.4
Vadodara,icon,2026-09-26 03:00:00,26.7,0.0,7.6
Vadodara,icon,2026-09-26 04:00:00,26.4,0.0,7.5
Vadodara,icon,2026-09-26 05:00:00,25.7,0.0,7.9
Vadodara,icon,2026-09-26 06:00:00,25.2,0.0,7.3
Vadodara,icon,2026-09-26 07:00:00,25.6,0.0,8.0
Vadodara,icon,2026-09-26 08:00:00,26.7,0.0,13.1
Vadodara,icon,2026-09-26 09:00:00,27.7,0.0,15.5
Vadodara,icon,2026-09-26 10:00:00,28.8,0.0,15.5
Vadodara,icon,2026-09-26 11:00:00,29.9,0.0,14.7
Vadodara,icon,2026-09-26 12:00:00,31.4,0.0,14.7
Vadodara,icon,2026-09-26 13:00:00,32.3,0.0,14.7
Vadodara,icon,2026-09-26 14:00:00,32.6,0.0,15.3
Vadodara,icon,2026-09-26 15:00:00,32.6,0.0,15.6
Vadodara,icon,2026-09-26 16:00:00,32.3,0.0,15.5
Vadodara,icon,2026-09-26 17:00:00,31.7,0.0,14.5
Vadodara,icon,2026-09-26 18:00:00,30.5,0.0,10.6
Vadodara,icon,2026-09-26 19:00:00,28.9,0.0,13.9
Vadodara,icon,2026-09-26 20:00:00,28.0,0.0,14.8
Vadodara,icon,2026-09-26 21:00:00,27.5,0.0,14.2
Vadodara,icon,2026-09-26 22:00:00,27.2,0.0,12.5
Vadodara,icon,2026-09-26 23:00:00,27.0,0.0,13.1
Varanasi,ecmwf,2026-09-24 00:00:00,25.9,0.9,17.4
Varanasi,ecmwf,2026-09-24 01:00:00,25.5,0.9,16.9
Varanasi,ecmwf,2026-09-24 02:00:00,25.2,0.9,16.7
Varanasi,ecmwf,2026-09-24 03:00:00,25.0,1.2,16.5
Varanasi,ecmwf,2026-09-24 04:00:00,24.9,1.2,16.1
Varanasi,ecmwf,2026-09-24 05:00:00,24.9,1.2,15.9
Varanasi,ecmwf,2026-09-24 06:00:00,24.9,0.7,15.5
Varanasi,ecmwf,2026-09-24 07:00:00,25.0,0.7,15.5
Varanasi,ecmwf,2026-09-24 08:00:00,25.2,0.7,15.4
Varanasi,ecmwf,2026-09-24 09:00:00,25.6,0.9,15.4
Varanasi,ecmwf,2026-09-24 10:00:00,26.1,0.9,15.9
Varanasi,ecmwf,2026-09-24 11:00:00,26.5,0.9,16.5
Varanasi,ecmwf,2026-09-24 12:00:00,26.4,0.5,17.6
Varanasi,ecmwf,2026-09-24 13:00:00,26.2,0.5,19.0
Varanasi,ecmwf,2026-09-24 14:00:00,25.8,0.5,20.3
Varanasi,ecmwf,2026-09-24 15:00:00,25.4,1.6,21.2
Varanasi,ecmwf,2026-09-24 16:00:00,25.0,1.6,22.0
Varanasi,ecmwf,2026-09-24 17:00:00,24.7,1.6,22.2
Varanasi,ecmwf,2026-09-24 18:00:00,24.6,2.3,21.3
Varanasi,ecmwf,2026-09-24 19:00:00,24.6,2.3,19.9
Varanasi,ecmwf,2026-09-24 20:00:00,24.7,2.3,19.2
Varanasi,ecmwf,2026-09-24 21:00:00,24.8,1.4,19.5
Varanasi,ecmwf,2026-09-24 22:00:00,24.9,1.4,20.3
Varanasi,ecmwf,2026-09-24 23:00:00,25.0,1.4,20.9
Varanasi,ecmwf,2026-09-25 00:00:00,24.9,1.6,21.7
Varanasi,ecmwf,2026-09-25 01:00:00,24.9,1.6,22.3
Varanasi,ecmwf,2026-09-25 02:00:00,24.8,1.6,22.6
Varanasi,ecmwf,2026-09-25 03:00:00,24.7,1.1,21.7
Varanasi,ecmwf,2026-09-25 04:00:00,24.6,1.1,20.5
Varanasi,ecmwf,2026-09-25 05:00:00,24.7,1.1,19.8
Varanasi,ecmwf,2026-09-25 06:00:00,25.1,0.2,19.7
Varanasi,ecmwf,2026-09-25 07:00:00,25.8,0.2,19.7
Varanasi,ecmwf,2026-09-25 08:00:00,26.4,0.2,20.4
Varanasi,ecmwf,2026-09-25 09:00:00,27.1,0.2,22.5
Varanasi,ecmwf,2026-09-25 10:00:00,27.8,0.2,24.9
Varanasi,ecmwf,2026-09-25 11:00:00,28.2,0.2,27.1
Varanasi,ecmwf,2026-09-25 12:00:00,28.0,0.6,28.4
Varanasi,ecmwf,2026-09-25 13:00:00,27.4,0.6,29.7
Varanasi,ecmwf,2026-09-25 14:00:00,26.9,0.6,30.3
Varanasi,ecmwf,2026-09-25 15:00:00,26.5,0.9,30.6
Varanasi,ecmwf,2026-09-25 16:00:00,26.2,0.9,30.3
Varanasi,ecmwf,2026-09-25 17:00:00,26.0,0.9,30.1
Varanasi,ecmwf,2026-09-25 18:00:00,25.9,0.2,30.1
Varanasi,ecmwf,2026-09-25 19:00:00,25.8,0.2,30.1
Varanasi,ecmwf,2026-09-25 20:00:00,25.8,0.2,30.1
Varanasi,ecmwf,2026-09-25 21:00:00,25.6,1.9,29.6
Varanasi,ecmwf,2026-09-25 22:00:00,25.5,1.9,28.8
Varanasi,ecmwf,2026-09-25 23:00:00,25.3,1.9,28.4
Varanasi,ecmwf,2026-09-26 00:00:00,25.2,1.7,29.2
Varanasi,ecmwf,2026-09-26 01:00:00,25.1,1.7,29.9
Varanasi,ecmwf,2026-09-26 02:00:00,25.1,1.7,30.7
Varanasi,ecmwf,2026-09-26 03:00:00,25.0,2.8,30.3
Varanasi,ecmwf,2026-09-26 04:00:00,24.9,2.8,29.6
Varanasi,ecmwf,2026-09-26 05:00:00,24.9,2.8,28.9
Varanasi,ecmwf,2026-09-26 06:00:00,24.9,1.7,29.1
Varanasi,ecmwf,2026-09-26 07:00:00,24.9,1.7,29.4
Varanasi,ecmwf,2026-09-26 08:00:00,25.1,1.7,28.8
Varanasi,ecmwf,2026-09-26 09:00:00,25.5,0.9,26.3
Varanasi,ecmwf,2026-09-26 10:00:00,26.1,0.9,23.1
Varanasi,ecmwf,2026-09-26 11:00:00,26.5,0.9,19.9
Varanasi,ecmwf,2026-09-26 12:00:00,26.7,0.7,16.8
Varanasi,ecmwf,2026-09-26 13:00:00,26.8,0.7,14.8
Varanasi,ecmwf,2026-09-26 14:00:00,26.8,0.7,15.5
Varanasi,ecmwf,2026-09-26 15:00:00,26.9,0.0,15.8
Varanasi,ecmwf,2026-09-26 16:00:00,27.0,0.0,15.3
Varanasi,ecmwf,2026-09-26 17:00:00,26.9,0.0,14.8
Varanasi,ecmwf,2026-09-26 18:00:00,26.5,0.0,14.5
Varanasi,ecmwf,2026-09-26 19:00:00,26.0,0.0,14.3
Varanasi,ecmwf,2026-09-26 20:00:00,25.4,0.0,13.0
Varanasi,ecmwf,2026-09-26 21:00:00,24.8,0.0,10.6
Varanasi,ecmwf,2026-09-26 22:00:00,24.1,0.0,8.3
Varanasi,ecmwf,2026-09-26 23:00:00,23.6,0.0,7.8
Varanasi,gem,2026-09-24 00:00:00,24.2,0.0,17.3
Varanasi,gem,2026-09-24 01:00:00,23.7,0.3,18.0
Varanasi,gem,2026-09-24 02:00:00,23.5,1.2,17.6
Varanasi,gem,2026-09-24 03:00:00,23.6,0.1,20.5
Varanasi,gem,2026-09-24 04:00:00,23.6,0.0,21.2
Varanasi,gem,2026-09-24 05:00:00,24.4,0.1,15.8
Varanasi,gem,2026-09-24 06:00:00,24.0,0.0,20.2
Varanasi,gem,2026-09-24 07:00:00,24.3,0.0,20.9
Varanasi,gem,2026-09-24 08:00:00,24.4,0.5,22.3
Varanasi,gem,2026-09-24 09:00:00,24.9,0.1,25.9
Varanasi,gem,2026-09-24 10:00:00,25.5,0.1,30.2
Varanasi,gem,2026-09-24 11:00:00,24.8,0.8,27.0
Varanasi,gem,2026-09-24 12:00:00,24.4,1.7,22.3
Varanasi,gem,2026-09-24 13:00:00,24.5,0.7,24.8
Varanasi,gem,2026-09-24 14:00:00,24.2,0.5,27.4
Varanasi,gem,2026-09-24 15:00:00,24.0,0.2,28.1
Varanasi,gem,2026-09-24 16:00:00,23.6,0.6,26.6
Varanasi,gem,2026-09-24 17:00:00,23.4,2.0,26.6
Varanasi,gem,2026-09-24 18:00:00,23.3,0.8,27.7
Varanasi,gem,2026-09-24 19:00:00,23.3,0.1,29.2
Varanasi,gem,2026-09-24 20:00:00,23.2,0.1,31.0
Varanasi,gem,2026-09-24 21:00:00,23.1,0.6,31.0
Varanasi,gem,2026-09-24 22:00:00,23.1,0.8,31.7
Varanasi,gem,2026-09-24 23:00:00,23.0,0.8,29.2
Varanasi,gem,2026-09-25 00:00:00,22.8,0.9,25.2
Varanasi,gem,2026-09-25 01:00:00,22.8,2.7,21.6
Varanasi,gem,2026-09-25 02:00:00,22.9,5.4,25.9
Varanasi,gem,2026-09-25 03:00:00,22.7,3.3,31.3
Varanasi,gem,2026-09-25 04:00:00,22.6,0.9,34.6
Varanasi,gem,2026-09-25 05:00:00,22.3,5.1,35.3
Varanasi,gem,2026-09-25 06:00:00,22.5,2.8,35.6
Varanasi,gem,2026-09-25 07:00:00,22.6,8.8,35.3
Varanasi,gem,2026-09-25 08:00:00,22.5,2.5,38.2
Varanasi,gem,2026-09-25 09:00:00,22.3,1.9,38.5
Varanasi,gem,2026-09-25 10:00:00,22.2,3.3,33.5
Varanasi,gem,2026-09-25 11:00:00,22.7,1.5,36.7
Varanasi,gem,2026-09-25 12:00:00,23.3,0.4,39.6
Varanasi,gem,2026-09-25 13:00:00,23.3,0.9,38.5
Varanasi,gem,2026-09-25 14:00:00,23.4,0.2,36.0
Varanasi,gem,2026-09-25 15:00:00,23.7,1.1,34.2
Varanasi,gem,2026-09-25 16:00:00,24.1,1.6,34.6
Varanasi,gem,2026-09-25 17:00:00,24.3,0.4,33.5
Varanasi,gem,2026-09-25 18:00:00,24.4,3.8,23.8
Varanasi,gem,2026-09-25 19:00:00,24.7,7.0,23.4
Varanasi,gem,2026-09-25 20:00:00,25.1,7.3,31.7
Varanasi,gem,2026-09-25 21:00:00,25.7,1.2,38.9
Varanasi,gem,2026-09-25 22:00:00,25.6,0.5,32.8
Varanasi,gem,2026-09-25 23:00:00,25.0,4.3,23.8
Varanasi,gem,2026-09-26 00:00:00,24.7,16.2,25.9
Varanasi,gem,2026-09-26 01:00:00,25.0,4.6,26.3
Varanasi,gem,2026-09-26 02:00:00,25.5,0.4,32.4
Varanasi,gem,2026-09-26 03:00:00,25.1,0.1,31.7
Varanasi,gem,2026-09-26 04:00:00,24.9,0.2,28.1
Varanasi,gem,2026-09-26 05:00:00,25.0,0.0,27.7
Varanasi,gem,2026-09-26 06:00:00,25.2,0.0,26.6
Varanasi,gem,2026-09-26 07:00:00,25.5,0.1,25.2
Varanasi,gem,2026-09-26 08:00:00,25.7,0.1,22.0
Varanasi,gem,2026-09-26 09:00:00,25.7,0.0,19.8
Varanasi,gem,2026-09-26 10:00:00,26.0,0.0,20.5
Varanasi,gem,2026-09-26 11:00:00,26.0,0.0,22.7
Varanasi,gem,2026-09-26 12:00:00,25.2,0.1,20.5
Varanasi,gem,2026-09-26 13:00:00,25.2,0.1,19.1
Varanasi,gem,2026-09-26 14:00:00,25.6,0.1,18.0
Varanasi,gem,2026-09-26 15:00:00,25.8,0.0,18.0
Varanasi,gem,2026-09-26 16:00:00,25.2,0.1,20.2
Varanasi,gem,2026-09-26 17:00:00,24.6,0.4,17.3
Varanasi,gem,2026-09-26 18:00:00,24.3,0.0,14.0
Varanasi,gem,2026-09-26 19:00:00,24.0,0.0,12.6
Varanasi,gem,2026-09-26 20:00:00,23.9,0.0,13.0
Varanasi,gem,2026-09-26 21:00:00,23.7,0.0,13.7
Varanasi,gem,2026-09-26 22:00:00,23.5,0.1,14.0
Varanasi,gem,2026-09-26 23:00:00,23.3,0.2,15.1
Varanasi,gfs,2026-09-24 00:00:00,24.5,0.0,18.0
Varanasi,gfs,2026-09-24 01:00:00,24.6,0.0,18.1
Varanasi,gfs,2026-09-24 02:00:00,24.9,0.0,19.1
Varanasi,gfs,2026-09-24 03:00:00,24.9,0.0,20.3
Varanasi,gfs,2026-09-24 04:00:00,24.7,0.0,18.7
Varanasi,gfs,2026-09-24 05:00:00,24.7,0.1,22.5
Varanasi,gfs,2026-09-24 06:00:00,24.6,0.0,24.4
Varanasi,gfs,2026-09-24 07:00:00,24.4,0.0,24.8
Varanasi,gfs,2026-09-24 08:00:00,24.5,0.0,23.1
Varanasi,gfs,2026-09-24 09:00:00,24.7,0.1,24.5
Varanasi,gfs,2026-09-24 10:00:00,24.1,1.0,24.0
Varanasi,gfs,2026-09-24 11:00:00,24.1,0.7,21.5
Varanasi,gfs,2026-09-24 12:00:00,23.8,1.1,18.2
Varanasi,gfs,2026-09-24 13:00:00,23.9,1.2,22.7
Varanasi,gfs,2026-09-24 14:00:00,24.3,0.7,27.3
Varanasi,gfs,2026-09-24 15:00:00,24.6,0.2,29.2
Varanasi,gfs,2026-09-24 16:00:00,24.0,0.5,28.7
Varanasi,gfs,2026-09-24 17:00:00,23.7,0.7,28.1
Varanasi,gfs,2026-09-24 18:00:00,23.5,0.2,29.5
Varanasi,gfs,2026-09-24 19:00:00,23.3,0.1,29.7
Varanasi,gfs,2026-09-24 20:00:00,23.1,0.1,29.5
Varanasi,gfs,2026-09-24 21:00:00,22.8,0.8,27.2
Varanasi,gfs,2026-09-24 22:00:00,22.7,1.7,27.1
Varanasi,gfs,2026-09-24 23:00:00,22.8,1.5,28.2
Varanasi,gfs,2026-09-25 00:00:00,22.6,3.0,29.0
Varanasi,gfs,2026-09-25 01:00:00,22.6,3.1,31.2
Varanasi,gfs,2026-09-25 02:00:00,22.6,2.1,31.1
Varanasi,gfs,2026-09-25 03:00:00,22.6,2.4,33.7
Varanasi,gfs,2026-09-25 04:00:00,22.6,0.2,31.9
Varanasi,gfs,2026-09-25 05:00:00,22.8,0.0,33.2
Varanasi,gfs,2026-09-25 06:00:00,22.8,0.0,33.0
Varanasi,gfs,2026-09-25 07:00:00,23.0,0.0,32.1
Varanasi,gfs,2026-09-25 08:00:00,23.4,0.0,32.1
Varanasi,gfs,2026-09-25 09:00:00,23.7,0.0,33.4
Varanasi,gfs,2026-09-25 10:00:00,24.4,0.0,35.0
Varanasi,gfs,2026-09-25 11:00:00,24.9,0.0,35.5
Varanasi,gfs,2026-09-25 12:00:00,25.4,0.1,34.9
Varanasi,gfs,2026-09-25 13:00:00,24.7,0.7,33.1
Varanasi,gfs,2026-09-25 14:00:00,24.6,0.3,34.8
Varanasi,gfs,2026-09-25 15:00:00,24.1,0.0,33.8
Varanasi,gfs,2026-09-25 16:00:00,23.6,1.2,35.1
Varanasi,gfs,2026-09-25 17:00:00,23.5,0.4,36.8
Varanasi,gfs,2026-09-25 18:00:00,23.5,0.0,36.8
Varanasi,gfs,2026-09-25 19:00:00,23.4,0.2,34.9
Varanasi,gfs,2026-09-25 20:00:00,23.4,1.2,38.7
Varanasi,gfs,2026-09-25 21:00:00,23.2,0.1,35.3
Varanasi,gfs,2026-09-25 22:00:00,23.6,0.2,37.4
Varanasi,gfs,2026-09-25 23:00:00,23.5,0.0,38.9
Varanasi,gfs,2026-09-26 00:00:00,23.3,0.2,39.8
Varanasi,gfs,2026-09-26 01:00:00,23.6,0.1,38.2
Varanasi,gfs,2026-09-26 02:00:00,23.6,0.1,37.3
Varanasi,gfs,2026-09-26 03:00:00,23.4,4.2,38.6
Varanasi,gfs,2026-09-26 04:00:00,23.7,1.2,35.1
Varanasi,gfs,2026-09-26 05:00:00,23.8,0.1,34.4
Varanasi,gfs,2026-09-26 06:00:00,23.9,0.0,36.0
Varanasi,gfs,2026-09-26 07:00:00,24.0,0.0,35.6
Varanasi,gfs,2026-09-26 08:00:00,24.4,0.1,35.3
Varanasi,gfs,2026-09-26 09:00:00,25.1,0.0,35.8
Varanasi,gfs,2026-09-26 10:00:00,25.4,0.1,34.7
Varanasi,gfs,2026-09-26 11:00:00,26.7,1.0,36.6
Varanasi,gfs,2026-09-26 12:00:00,25.6,0.9,32.6
Varanasi,gfs,2026-09-26 13:00:00,25.5,1.7,28.7
Varanasi,gfs,2026-09-26 14:00:00,25.8,1.2,29.1
Varanasi,gfs,2026-09-26 15:00:00,26.8,1.3,26.6
Varanasi,gfs,2026-09-26 16:00:00,26.1,2.1,25.4
Varanasi,gfs,2026-09-26 17:00:00,25.6,1.5,24.2
Varanasi,gfs,2026-09-26 18:00:00,25.3,0.9,20.8
Varanasi,gfs,2026-09-26 19:00:00,25.0,1.0,18.9
Varanasi,gfs,2026-09-26 20:00:00,24.5,1.4,17.8
Varanasi,gfs,2026-09-26 21:00:00,24.2,0.7,17.4
Varanasi,gfs,2026-09-26 22:00:00,24.3,0.2,16.7
Varanasi,gfs,2026-09-26 23:00:00,23.9,0.3,16.6
Varanasi,icon,2026-09-24 00:00:00,25.7,0.0,8.7
Varanasi,icon,2026-09-24 01:00:00,25.6,0.1,8.7
Varanasi,icon,2026-09-24 02:00:00,25.5,0.0,8.7
Varanasi,icon,2026-09-24 03:00:00,25.4,0.0,9.0
Varanasi,icon,2026-09-24 04:00:00,25.4,0.0,9.0
Varanasi,icon,2026-09-24 05:00:00,25.1,0.6,8.4
Varanasi,icon,2026-09-24 06:00:00,24.9,1.3,7.4
Varanasi,icon,2026-09-24 07:00:00,24.8,4.3,7.7
Varanasi,icon,2026-09-24 08:00:00,25.1,7.9,13.4
Varanasi,icon,2026-09-24 09:00:00,25.2,2.9,14.1
Varanasi,icon,2026-09-24 10:00:00,25.3,1.8,12.6
Varanasi,icon,2026-09-24 11:00:00,26.2,0.2,11.5
Varanasi,icon,2026-09-24 12:00:00,26.1,0.6,11.8
Varanasi,icon,2026-09-24 13:00:00,26.3,0.4,12.5
Varanasi,icon,2026-09-24 14:00:00,25.8,0.8,12.6
Varanasi,icon,2026-09-24 15:00:00,25.5,1.2,12.7
Varanasi,icon,2026-09-24 16:00:00,25.3,0.3,12.9
Varanasi,icon,2026-09-24 17:00:00,24.8,1.9,12.3
Varanasi,icon,2026-09-24 18:00:00,24.6,1.6,13.0
Varanasi,icon,2026-09-24 19:00:00,24.5,0.2,13.0
Varanasi,icon,2026-09-24 20:00:00,24.3,0.4,12.7
Varanasi,icon,2026-09-24 21:00:00,24.2,0.3,13.0
Varanasi,icon,2026-09-24 22:00:00,24.1,0.4,11.8
Varanasi,icon,2026-09-24 23:00:00,24.1,0.6,13.2
Varanasi,icon,2026-09-25 00:00:00,24.1,0.5,11.9
Varanasi,icon,2026-09-25 01:00:00,23.9,4.4,10.8
Varanasi,icon,2026-09-25 02:00:00,23.9,7.5,13.0
Varanasi,icon,2026-09-25 03:00:00,23.8,4.7,12.6
Varanasi,icon,2026-09-25 04:00:00,24.0,1.8,12.7
Varanasi,icon,2026-09-25 05:00:00,24.1,0.6,14.2
Varanasi,icon,2026-09-25 06:00:00,23.9,3.3,12.9
Varanasi,icon,2026-09-25 07:00:00,24.0,0.5,15.8
Varanasi,icon,2026-09-25 08:00:00,24.1,0.6,15.4
Varanasi,icon,2026-09-25 09:00:00,24.3,0.1,18.1
Varanasi,icon,2026-09-25 10:00:00,24.7,0.1,16.5
Varanasi,icon,2026-09-25 11:00:00,24.9,0.3,15.1
Varanasi,icon,2026-09-25 12:00:00,25.2,0.0,15.1
Varanasi,icon,2026-09-25 13:00:00,25.1,0.6,13.8
Varanasi,icon,2026-09-25 14:00:00,25.3,0.2,14.5
Varanasi,icon,2026-09-25 15:00:00,25.4,0.4,15.5
Varanasi,icon,2026-09-25 16:00:00,24.9,2.0,15.3
Varanasi,icon,2026-09-25 17:00:00,24.7,4.6,14.9
Varanasi,icon,2026-09-25 18:00:00,24.9,4.6,15.5
Varanasi,icon,2026-09-25 19:00:00,25.4,0.7,16.5
Varanasi,icon,2026-09-25 20:00:00,25.4,0.7,15.6
Varanasi,icon,2026-09-25 21:00:00,25.4,0.3,16.5
Varanasi,icon,2026-09-25 22:00:00,25.2,0.1,15.6
Varanasi,icon,2026-09-25 23:00:00,25.1,2.2,16.2
Varanasi,icon,2026-09-26 00:00:00,25.3,0.7,17.1
Varanasi,icon,2026-09-26 01:00:00,25.6,0.9,18.7
Varanasi,icon,2026-09-26 02:00:00,25.7,0.2,18.5
Varanasi,icon,2026-09-26 03:00:00,26.0,0.0,18.1
Varanasi,icon,2026-09-26 04:00:00,25.9,0.7,18.0
Varanasi,icon,2026-09-26 05:00:00,26.1,0.0,18.4
Varanasi,icon,2026-09-26 06:00:00,25.6,3.1,17.0
Varanasi,icon,2026-09-26 07:00:00,25.7,10.0,16.6
Varanasi,icon,2026-09-26 08:00:00,26.4,0.1,19.1
Varanasi,icon,2026-09-26 09:00:00,25.9,1.9,19.1
Varanasi,icon,2026-09-26 10:00:00,26.1,0.9,18.4
Varanasi,icon,2026-09-26 11:00:00,26.4,0.4,18.5
Varanasi,icon,2026-09-26 12:00:00,26.3,0.7,18.1
Varanasi,icon,2026-09-26 13:00:00,26.4,0.5,18.2
Varanasi,icon,2026-09-26 14:00:00,26.5,0.7,17.6
Varanasi,icon,2026-09-26 15:00:00,26.4,1.1,17.5
Varanasi,icon,2026-09-26 16:00:00,26.2,2.1,17.3
Varanasi,icon,2026-09-26 17:00:00,25.9,1.5,18.7
Varanasi,icon,2026-09-26 18:00:00,25.8,1.1,17.1
Varanasi,icon,2026-09-26 19:00:00,25.1,1.2,15.3
Varanasi,icon,2026-09-26 20:00:00,24.4,3.3,13.7
Varanasi,icon,2026-09-26 21:00:00,24.4,4.0,11.5
Varanasi,icon,2026-09-26 22:00:00,24.3,4.4,11.2
Varanasi,icon,2026-09-26 23:00:00,24.2,5.7,9.2
Vijayawada,ecmwf,2026-09-24 00:00:00,25.8,2.0,24.6
Vijayawada,ecmwf,2026-09-24 01:00:00,25.2,2.0,25.7
Vijayawada,ecmwf,2026-09-24 02:00:00,24.9,2.0,26.6
Vijayawada,ecmwf,2026-09-24 03:00:00,24.8,2.6,26.0
Vijayawada,ecmwf,2026-09-24 04:00:00,24.9,2.6,25.3
Vijayawada,ecmwf,2026-09-24 05:00:00,25.0,2.6,24.3
Vijayawada,ecmwf,2026-09-24 06:00:00,25.1,1.3,24.3
Vijayawada,ecmwf,2026-09-24 07:00:00,25.3,1.3,24.3
Vijayawada,ecmwf,2026-09-24 08:00:00,25.5,1.3,23.9
Vijayawada,ecmwf,2026-09-24 09:00:00,25.6,0.7,23.1
Vijayawada,ecmwf,2026-09-24 10:00:00,25.7,0.7,22.3
Vijayawada,ecmwf,2026-09-24 11:00:00,25.8,0.7,22.1
Vijayawada,ecmwf,2026-09-24 12:00:00,26.0,1.4,22.8
Vijayawada,ecmwf,2026-09-24 13:00:00,26.3,1.4,23.5
Vijayawada,ecmwf,2026-09-24 14:00:00,26.4,1.4,23.5
Vijayawada,ecmwf,2026-09-24 15:00:00,26.4,1.0,22.0
Vijayawada,ecmwf,2026-09-24 16:00:00,26.2,1.0,19.6
Vijayawada,ecmwf,2026-09-24 17:00:00,26.1,1.0,18.2
Vijayawada,ecmwf,2026-09-24 18:00:00,26.1,0.5,18.4
Vijayawada,ecmwf,2026-09-24 19:00:00,26.0,0.5,19.0
Vijayawada,ecmwf,2026-09-24 20:00:00,26.0,0.5,19.2
Vijayawada,ecmwf,2026-09-24 21:00:00,25.9,1.5,18.6
Vijayawada,ecmwf,2026-09-24 22:00:00,25.7,1.5,17.8
Vijayawada,ecmwf,2026-09-24 23:00:00,25.5,1.5,17.0
Vijayawada,ecmwf,2026-09-25 00:00:00,25.2,1.2,16.5
Vijayawada,ecmwf,2026-09-25 01:00:00,24.9,1.2,15.8
Vijayawada,ecmwf,2026-09-25 02:00:00,24.7,1.2,15.6
Vijayawada,ecmwf,2026-09-25 03:00:00,24.8,0.0,15.8
Vijayawada,ecmwf,2026-09-25 04:00:00,24.9,0.0,15.8
Vijayawada,ecmwf,2026-09-25 05:00:00,25.3,0.0,15.8
Vijayawada,ecmwf,2026-09-25 06:00:00,25.8,0.0,15.8
Vijayawada,ecmwf,2026-09-25 07:00:00,26.4,0.0,15.8
Vijayawada,ecmwf,2026-09-25 08:00:00,27.2,0.0,16.4
Vijayawada,ecmwf,2026-09-25 09:00:00,28.3,0.0,17.1
Vijayawada,ecmwf,2026-09-25 10:00:00,29.5,0.0,18.2
Vijayawada,ecmwf,2026-09-25 11:00:00,30.5,0.0,18.7
Vijayawada,ecmwf,2026-09-25 12:00:00,31.0,0.0,18.5
Vijayawada,ecmwf,2026-09-25 13:00:00,31.4,0.0,18.0
Vijayawada,ecmwf,2026-09-25 14:00:00,31.4,0.0,17.1
Vijayawada,ecmwf,2026-09-25 15:00:00,31.0,0.0,14.9
Vijayawada,ecmwf,2026-09-25 16:00:00,30.3,0.0,12.2
Vijayawada,ecmwf,2026-09-25 17:00:00,29.7,0.0,9.8
Vijayawada,ecmwf,2026-09-25 18:00:00,29.1,0.0,8.7
Vijayawada,ecmwf,2026-09-25 19:00:00,28.5,0.0,9.6
Vijayawada,ecmwf,2026-09-25 20:00:00,27.9,0.0,10.3
Vijayawada,ecmwf,2026-09-25 21:00:00,27.4,0.0,10.8
Vijayawada,ecmwf,2026-09-25 22:00:00,26.9,0.0,10.5
Vijayawada,ecmwf,2026-09-25 23:00:00,26.5,0.0,11.0
Vijayawada,ecmwf,2026-09-26 00:00:00,26.5,0.0,12.5
Vijayawada,ecmwf,2026-09-26 01:00:00,26.6,0.0,14.0
Vijayawada,ecmwf,2026-09-26 02:00:00,26.5,0.0,14.4
Vijayawada,ecmwf,2026-09-26 03:00:00,26.1,0.0,12.4
Vijayawada,ecmwf,2026-09-26 04:00:00,25.5,0.0,9.8
Vijayawada,ecmwf,2026-09-26 05:00:00,25.4,0.0,8.3
Vijayawada,ecmwf,2026-09-26 06:00:00,26.3,0.0,8.6
Vijayawada,ecmwf,2026-09-26 07:00:00,27.6,0.0,9.7
Vijayawada,ecmwf,2026-09-26 08:00:00,28.9,0.0,10.8
Vijayawada,ecmwf,2026-09-26 09:00:00,30.0,0.0,11.2
Vijayawada,ecmwf,2026-09-26 10:00:00,31.1,0.0,11.7
Vijayawada,ecmwf,2026-09-26 11:00:00,31.9,0.0,11.8
Vijayawada,ecmwf,2026-09-26 12:00:00,32.5,0.0,11.3
Vijayawada,ecmwf,2026-09-26 13:00:00,32.8,0.0,10.0
Vijayawada,ecmwf,2026-09-26 14:00:00,32.8,0.0,8.7
Vijayawada,ecmwf,2026-09-26 15:00:00,32.5,0.0,7.2
Vijayawada,ecmwf,2026-09-26 16:00:00,31.8,0.0,5.6
Vijayawada,ecmwf,2026-09-26 17:00:00,31.0,0.0,3.9
Vijayawada,ecmwf,2026-09-26 18:00:00,30.1,0.0,2.9
Vijayawada,ecmwf,2026-09-26 19:00:00,29.0,0.0,3.1
Vijayawada,ecmwf,2026-09-26 20:00:00,28.1,0.0,3.7
Vijayawada,ecmwf,2026-09-26 21:00:00,27.5,0.0,2.7
Vijayawada,ecmwf,2026-09-26 22:00:00,27.2,0.0,1.1
Vijayawada,ecmwf,2026-09-26 23:00:00,26.9,0.0,0.4
Vijayawada,gem,2026-09-24 00:00:00,23.6,11.1,23.8
Vijayawada,gem,2026-09-24 01:00:00,23.7,8.1,24.5
Vijayawada,gem,2026-09-24 02:00:00,23.7,8.7,29.2
Vijayawada,gem,2026-09-24 03:00:00,23.8,7.1,31.0
Vijayawada,gem,2026-09-24 04:00:00,23.6,5.9,26.3
Vijayawada,gem,2026-09-24 05:00:00,23.9,2.9,27.4
Vijayawada,gem,2026-09-24 06:00:00,24.2,0.2,27.4
Vijayawada,gem,2026-09-24 07:00:00,24.7,0.1,25.2
Vijayawada,gem,2026-09-24 08:00:00,25.1,0.1,21.2
Vijayawada,gem,2026-09-24 09:00:00,25.2,0.3,21.6
Vijayawada,gem,2026-09-24 10:00:00,25.7,0.2,23.8
Vijayawada,gem,2026-09-24 11:00:00,26.8,0.0,30.6
Vijayawada,gem,2026-09-24 12:00:00,26.8,0.0,34.2
Vijayawada,gem,2026-09-24 13:00:00,25.7,0.1,26.3
Vijayawada,gem,2026-09-24 14:00:00,25.9,0.0,23.8
Vijayawada,gem,2026-09-24 15:00:00,26.0,0.3,20.5
Vijayawada,gem,2026-09-24 16:00:00,26.1,1.0,14.0
Vijayawada,gem,2026-09-24 17:00:00,26.9,0.0,14.8
Vijayawada,gem,2026-09-24 18:00:00,26.5,0.0,29.2
Vijayawada,gem,2026-09-24 19:00:00,25.4,0.3,28.4
Vijayawada,gem,2026-09-24 20:00:00,25.5,0.0,22.3
Vijayawada,gem,2026-09-24 21:00:00,25.8,0.0,18.4
Vijayawada,gem,2026-09-24 22:00:00,25.7,0.5,15.5
Vijayawada,gem,2026-09-24 23:00:00,24.4,4.2,26.6
Vijayawada,gem,2026-09-25 00:00:00,24.0,11.6,23.8
Vijayawada,gem,2026-09-25 01:00:00,23.6,5.4,22.7
Vijayawada,gem,2026-09-25 02:00:00,23.4,6.0,18.7
Vijayawada,gem,2026-09-25 03:00:00,23.6,1.5,10.8
Vijayawada,gem,2026-09-25 04:00:00,24.0,0.2,10.4
Vijayawada,gem,2026-09-25 05:00:00,24.7,0.0,15.5
Vijayawada,gem,2026-09-25 06:00:00,25.3,0.0,17.3
Vijayawada,gem,2026-09-25 07:00:00,25.8,0.0,17.3
Vijayawada,gem,2026-09-25 08:00:00,26.8,0.0,19.1
Vijayawada,gem,2026-09-25 09:00:00,28.1,0.0,23.0
Vijayawada,gem,2026-09-25 10:00:00,29.0,0.0,25.6
Vijayawada,gem,2026-09-25 11:00:00,29.8,0.0,25.6
Vijayawada,gem,2026-09-25 12:00:00,30.5,0.0,24.5
Vijayawada,gem,2026-09-25 13:00:00,30.8,0.0,22.3
Vijayawada,gem,2026-09-25 14:00:00,30.8,0.0,19.1
Vijayawada,gem,2026-09-25 15:00:00,30.4,0.0,16.2
Vijayawada,gem,2026-09-25 16:00:00,30.1,0.0,13.3
Vijayawada,gem,2026-09-25 17:00:00,29.3,0.0,12.6
Vijayawada,gem,2026-09-25 18:00:00,28.3,0.0,13.7
Vijayawada,gem,2026-09-25 19:00:00,27.7,0.0,16.2
Vijayawada,gem,2026-09-25 20:00:00,27.4,0.0,16.2
Vijayawada,gem,2026-09-25 21:00:00,26.9,0.0,15.5
Vijayawada,gem,2026-09-25 22:00:00,26.9,0.0,16.6
Vijayawada,gem,2026-09-25 23:00:00,26.9,0.0,16.2
Vijayawada,gem,2026-09-26 00:00:00,26.5,0.0,20.5
Vijayawada,gem,2026-09-26 01:00:00,25.8,0.0,16.6
Vijayawada,gem,2026-09-26 02:00:00,25.7,0.0,18.0
Vijayawada,gem,2026-09-26 03:00:00,25.3,0.0,18.0
Vijayawada,gem,2026-09-26 04:00:00,24.8,0.0,17.6
Vijayawada,gem,2026-09-26 05:00:00,24.7,0.0,16.2
Vijayawada,gem,2026-09-26 06:00:00,25.1,0.0,15.5
Vijayawada,gem,2026-09-26 07:00:00,26.4,0.0,16.6
Vijayawada,gem,2026-09-26 08:00:00,27.9,0.0,20.2
Vijayawada,gem,2026-09-26 09:00:00,29.1,0.0,21.2
Vijayawada,gem,2026-09-26 10:00:00,30.5,0.0,21.6
Vijayawada,gem,2026-09-26 11:00:00,31.6,0.0,20.9
Vijayawada,gem,2026-09-26 12:00:00,32.3,0.0,19.1
Vijayawada,gem,2026-09-26 13:00:00,32.9,0.0,17.3
Vijayawada,gem,2026-09-26 14:00:00,33.2,0.0,15.8
Vijayawada,gem,2026-09-26 15:00:00,33.4,0.0,13.7
Vijayawada,gem,2026-09-26 16:00:00,33.2,0.0,9.7
Vijayawada,gem,2026-09-26 17:00:00,32.2,0.0,3.2
Vijayawada,gem,2026-09-26 18:00:00,30.0,0.0,8.3
Vijayawada,gem,2026-09-26 19:00:00,27.4,0.3,11.5
Vijayawada,gem,2026-09-26 20:00:00,26.5,0.1,5.0
Vijayawada,gem,2026-09-26 21:00:00,26.0,0.0,10.8
Vijayawada,gem,2026-09-26 22:00:00,25.7,0.0,4.3
Vijayawada,gem,2026-09-26 23:00:00,25.4,0.0,12.6
Vijayawada,gfs,2026-09-24 00:00:00,24.3,1.2,21.6
Vijayawada,gfs,2026-09-24 01:00:00,24.2,8.3,22.9
Vijayawada,gfs,2026-09-24 02:00:00,24.3,7.0,20.2
Vijayawada,gfs,2026-09-24 03:00:00,24.2,1.9,23.4
Vijayawada,gfs,2026-09-24 04:00:00,24.2,1.8,23.8
Vijayawada,gfs,2026-09-24 05:00:00,24.0,2.7,31.7
Vijayawada,gfs,2026-09-24 06:00:00,24.1,2.7,28.4
Vijayawada,gfs,2026-09-24 07:00:00,24.1,5.0,24.7
Vijayawada,gfs,2026-09-24 08:00:00,24.1,10.3,25.8
Vijayawada,gfs,2026-09-24 09:00:00,24.2,1.2,25.8
Vijayawada,gfs,2026-09-24 10:00:00,24.4,0.9,25.5
Vijayawada,gfs,2026-09-24 11:00:00,24.5,2.3,25.3
Vijayawada,gfs,2026-09-24 12:00:00,24.7,1.0,23.9
Vijayawada,gfs,2026-09-24 13:00:00,25.2,1.9,26.8
Vijayawada,gfs,2026-09-24 14:00:00,25.1,2.1,28.9
Vijayawada,gfs,2026-09-24 15:00:00,24.5,1.5,25.9
Vijayawada,gfs,2026-09-24 16:00:00,24.3,1.0,23.1
Vijayawada,gfs,2026-09-24 17:00:00,24.1,1.9,22.0
Vijayawada,gfs,2026-09-24 18:00:00,24.3,1.6,22.6
Vijayawada,gfs,2026-09-24 19:00:00,24.3,1.5,22.8
Vijayawada,gfs,2026-09-24 20:00:00,24.3,4.3,22.0
Vijayawada,gfs,2026-09-24 21:00:00,24.5,0.8,20.0
Vijayawada,gfs,2026-09-24 22:00:00,24.5,0.9,23.8
Vijayawada,gfs,2026-09-24 23:00:00,24.2,5.1,19.0
Vijayawada,gfs,2026-09-25 00:00:00,24.3,0.2,16.6
Vijayawada,gfs,2026-09-25 01:00:00,24.5,0.5,17.4
Vijayawada,gfs,2026-09-25 02:00:00,24.3,0.4,14.0
Vijayawada,gfs,2026-09-25 03:00:00,24.5,0.1,14.8
Vijayawada,gfs,2026-09-25 04:00:00,24.3,0.0,12.0
Vijayawada,gfs,2026-09-25 05:00:00,24.3,0.0,14.1
Vijayawada,gfs,2026-09-25 06:00:00,24.2,0.0,13.1
Vijayawada,gfs,2026-09-25 07:00:00,24.7,0.0,14.8
Vijayawada,gfs,2026-09-25 08:00:00,25.8,0.0,15.3
Vijayawada,gfs,2026-09-25 09:00:00,27.2,0.0,18.3
Vijayawada,gfs,2026-09-25 10:00:00,28.4,0.0,19.9
Vijayawada,gfs,2026-09-25 11:00:00,28.7,0.0,20.2
Vijayawada,gfs,2026-09-25 12:00:00,29.1,0.0,19.8
Vijayawada,gfs,2026-09-25 13:00:00,29.3,0.0,15.2
Vijayawada,gfs,2026-09-25 14:00:00,29.5,0.0,12.5
Vijayawada,gfs,2026-09-25 15:00:00,29.6,0.0,12.4
Vijayawada,gfs,2026-09-25 16:00:00,28.9,0.0,11.7
Vijayawada,gfs,2026-09-25 17:00:00,27.5,0.0,11.1
Vijayawada,gfs,2026-09-25 18:00:00,26.8,0.0,10.2
Vijayawada,gfs,2026-09-25 19:00:00,27.0,0.0,7.4
Vijayawada,gfs,2026-09-25 20:00:00,26.7,0.0,6.3
Vijayawada,gfs,2026-09-25 21:00:00,26.4,0.0,8.4
Vijayawada,gfs,2026-09-25 22:00:00,26.3,0.0,5.8
Vijayawada,gfs,2026-09-25 23:00:00,26.4,0.0,6.8
Vijayawada,gfs,2026-09-26 00:00:00,25.6,0.0,7.1
Vijayawada,gfs,2026-09-26 01:00:00,25.4,0.0,9.2
Vijayawada,gfs,2026-09-26 02:00:00,25.1,0.0,10.7
Vijayawada,gfs,2026-09-26 03:00:00,25.0,0.0,10.5
Vijayawada,gfs,2026-09-26 04:00:00,24.6,0.0,9.0
Vijayawada,gfs,2026-09-26 05:00:00,24.6,0.0,8.2
Vijayawada,gfs,2026-09-26 06:00:00,24.6,0.0,7.9
Vijayawada,gfs,2026-09-26 07:00:00,26.5,0.0,8.7
Vijayawada,gfs,2026-09-26 08:00:00,28.4,0.0,13.0
Vijayawada,gfs,2026-09-26 09:00:00,29.8,0.0,19.1
Vijayawada,gfs,2026-09-26 10:00:00,31.1,0.0,21.5
Vijayawada,gfs,2026-09-26 11:00:00,31.9,0.0,20.9
Vijayawada,gfs,2026-09-26 12:00:00,32.3,0.0,22.2
Vijayawada,gfs,2026-09-26 13:00:00,32.5,0.0,21.3
Vijayawada,gfs,2026-09-26 14:00:00,32.8,0.0,18.1
Vijayawada,gfs,2026-09-26 15:00:00,32.6,0.0,14.9
Vijayawada,gfs,2026-09-26 16:00:00,32.0,0.0,11.5
Vijayawada,gfs,2026-09-26 17:00:00,30.0,0.0,8.7
Vijayawada,gfs,2026-09-26 18:00:00,28.4,0.0,4.8
Vijayawada,gfs,2026-09-26 19:00:00,27.9,0.0,4.3
Vijayawada,gfs,2026-09-26 20:00:00,27.4,0.0,6.3
Vijayawada,gfs,2026-09-26 21:00:00,26.6,0.0,7.2
Vijayawada,gfs,2026-09-26 22:00:00,25.4,0.1,7.4
Vijayawada,gfs,2026-09-26 23:00:00,25.8,0.1,3.7
Vijayawada,icon,2026-09-24 00:00:00,25.6,3.3,13.0
Vijayawada,icon,2026-09-24 01:00:00,25.4,9.1,12.3
Vijayawada,icon,2026-09-24 02:00:00,25.7,0.4,15.6
Vijayawada,icon,2026-09-24 03:00:00,25.3,2.8,15.8
Vijayawada,icon,2026-09-24 04:00:00,25.3,6.9,17.3
Vijayawada,icon,2026-09-24 05:00:00,25.5,4.3,16.6
Vijayawada,icon,2026-09-24 06:00:00,25.6,6.6,14.8
Vijayawada,icon,2026-09-24 07:00:00,25.8,2.0,13.0
Vijayawada,icon,2026-09-24 08:00:00,26.2,1.2,14.0
Vijayawada,icon,2026-09-24 09:00:00,26.3,1.2,14.4
Vijayawada,icon,2026-09-24 10:00:00,26.2,1.6,13.3
Vijayawada,icon,2026-09-24 11:00:00,26.5,2.9,12.3
Vijayawada,icon,2026-09-24 12:00:00,26.9,1.4,13.0
Vijayawada,icon,2026-09-24 13:00:00,27.0,1.8,13.1
Vijayawada,icon,2026-09-24 14:00:00,26.8,2.8,14.0
Vijayawada,icon,2026-09-24 15:00:00,26.8,1.4,13.4
Vijayawada,icon,2026-09-24 16:00:00,26.8,1.3,11.9
Vijayawada,icon,2026-09-24 17:00:00,26.6,2.2,9.8
Vijayawada,icon,2026-09-24 18:00:00,26.4,3.2,7.1
Vijayawada,icon,2026-09-24 19:00:00,26.2,6.0,7.4
Vijayawada,icon,2026-09-24 20:00:00,26.2,4.3,9.0
Vijayawada,icon,2026-09-24 21:00:00,26.0,4.2,9.2
Vijayawada,icon,2026-09-24 22:00:00,25.9,2.1,7.7
Vijayawada,icon,2026-09-24 23:00:00,25.7,2.7,9.7
Vijayawada,icon,2026-09-25 00:00:00,25.6,1.4,9.5
Vijayawada,icon,2026-09-25 01:00:00,25.4,1.7,8.5
Vijayawada,icon,2026-09-25 02:00:00,25.6,0.2,9.7
Vijayawada,icon,2026-09-25 03:00:00,25.9,0.0,9.5
Vijayawada,icon,2026-09-25 04:00:00,26.0,0.0,6.9
Vijayawada,icon,2026-09-25 05:00:00,26.3,0.0,5.2
Vijayawada,icon,2026-09-25 06:00:00,26.6,0.0,5.7
Vijayawada,icon,2026-09-25 07:00:00,27.1,0.0,7.1
Vijayawada,icon,2026-09-25 08:00:00,27.8,0.0,9.5
Vijayawada,icon,2026-09-25 09:00:00,28.7,0.0,10.7
Vijayawada,icon,2026-09-25 10:00:00,29.8,0.0,12.2
Vijayawada,icon,2026-09-25 11:00:00,30.8,0.0,12.6
Vijayawada,icon,2026-09-25 12:00:00,31.4,0.0,11.3
Vijayawada,icon,2026-09-25 13:00:00,31.8,0.0,9.7
Vijayawada,icon,2026-09-25 14:00:00,31.9,0.0,9.8
Vijayawada,icon,2026-09-25 15:00:00,31.7,0.0,7.2
Vijayawada,icon,2026-09-25 16:00:00,31.5,0.0,5.2
Vijayawada,icon,2026-09-25 17:00:00,31.4,0.0,5.6
Vijayawada,icon,2026-09-25 18:00:00,31.0,0.0,5.2
Vijayawada,icon,2026-09-25 19:00:00,30.3,0.0,5.1
Vijayawada,icon,2026-09-25 20:00:00,29.6,0.0,4.7
Vijayawada,icon,2026-09-25 21:00:00,29.0,0.0,4.0
Vijayawada,icon,2026-09-25 22:00:00,28.5,0.0,4.1
Vijayawada,icon,2026-09-25 23:00:00,28.0,0.0,4.8
Vijayawada,icon,2026-09-26 00:00:00,27.7,0.0,6.6
Vijayawada,icon,2026-09-26 01:00:00,27.6,0.0,8.2
Vijayawada,icon,2026-09-26 02:00:00,27.6,0.0,8.4
Vijayawada,icon,2026-09-26 03:00:00,27.5,0.0,7.2
Vijayawada,icon,2026-09-26 04:00:00,27.4,0.0,5.0
Vijayawada,icon,2026-09-26 05:00:00,27.2,0.0,5.0
Vijayawada,icon,2026-09-26 06:00:00,27.1,0.0,4.3
Vijayawada,icon,2026-09-26 07:00:00,27.7,0.0,5.4
Vijayawada,icon,2026-09-26 08:00:00,29.0,0.0,9.8
Vijayawada,icon,2026-09-26 09:00:00,30.2,0.0,12.8
Vijayawada,icon,2026-09-26 10:00:00,31.4,0.0,12.6
Vijayawada,icon,2026-09-26 11:00:00,32.5,0.0,10.7
Vijayawada,icon,2026-09-26 12:00:00,33.5,0.0,9.5
Vijayawada,icon,2026-09-26 13:00:00,34.1,0.0,8.4
Vijayawada,icon,2026-09-26 14:00:00,34.4,0.0,7.2
Vijayawada,icon,2026-09-26 15:00:00,34.5,0.0,6.2
Vijayawada,icon,2026-09-26 16:00:00,34.3,0.0,5.1
Vijayawada,icon,2026-09-26 17:00:00,33.7,0.0,3.4
Vijayawada,icon,2026-09-26 18:00:00,33.0,0.0,1.3
Vijayawada,icon,2026-09-26 19:00:00,32.4,0.0,1.4
Vijayawada,icon,2026-09-26 20:00:00,31.9,0.0,3.9
Vijayawada,icon,2026-09-26 21:00:00,30.0,0.0,6.8
Vijayawada,icon,2026-09-26 22:00:00,29.3,0.0,2.6
Vijayawada,icon,2026-09-26 23:00:00,29.0,0.0,3.1
Visakhapatnam,ecmwf,2026-09-24 00:00:00,25.4,2.1,18.1
Visakhapatnam,ecmwf,2026-09-24 01:00:00,25.4,2.1,15.3
Visakhapatnam,ecmwf,2026-09-24 02:00:00,25.4,2.1,12.7
Visakhapatnam,ecmwf,2026-09-24 03:00:00,25.3,5.5,12.8
Visakhapatnam,ecmwf,2026-09-24 04:00:00,25.1,5.5,17.7
Visakhapatnam,ecmwf,2026-09-24 05:00:00,25.0,5.5,22.4
Visakhapatnam,ecmwf,2026-09-24 06:00:00,24.9,6.4,22.1
Visakhapatnam,ecmwf,2026-09-24 07:00:00,24.9,6.4,19.3
Visakhapatnam,ecmwf,2026-09-24 08:00:00,25.0,6.4,17.7
Visakhapatnam,ecmwf,2026-09-24 09:00:00,25.5,2.8,19.4
Visakhapatnam,ecmwf,2026-09-24 10:00:00,26.1,2.8,22.4
Visakhapatnam,ecmwf,2026-09-24 11:00:00,26.5,2.8,25.0
Visakhapatnam,ecmwf,2026-09-24 12:00:00,26.3,1.6,26.3
Visakhapatnam,ecmwf,2026-09-24 13:00:00,25.9,1.6,26.5
Visakhapatnam,ecmwf,2026-09-24 14:00:00,25.5,1.6,26.5
Visakhapatnam,ecmwf,2026-09-24 15:00:00,25.4,1.2,25.7
Visakhapatnam,ecmwf,2026-09-24 16:00:00,25.4,1.2,24.7
Visakhapatnam,ecmwf,2026-09-24 17:00:00,25.4,1.2,24.2
Visakhapatnam,ecmwf,2026-09-24 18:00:00,25.4,2.1,25.2
Visakhapatnam,ecmwf,2026-09-24 19:00:00,25.5,2.1,27.0
Visakhapatnam,ecmwf,2026-09-24 20:00:00,25.6,2.1,28.8
Visakhapatnam,ecmwf,2026-09-24 21:00:00,25.6,4.7,30.0
Visakhapatnam,ecmwf,2026-09-24 22:00:00,25.7,4.7,31.3
Visakhapatnam,ecmwf,2026-09-24 23:00:00,25.7,4.7,32.1
Visakhapatnam,ecmwf,2026-09-25 00:00:00,25.6,2.2,32.3
Visakhapatnam,ecmwf,2026-09-25 01:00:00,25.4,2.2,32.6
Visakhapatnam,ecmwf,2026-09-25 02:00:00,25.2,2.2,31.8
Visakhapatnam,ecmwf,2026-09-25 03:00:00,25.0,0.3,30.3
Visakhapatnam,ecmwf,2026-09-25 04:00:00,24.9,0.3,28.0
Visakhapatnam,ecmwf,2026-09-25 05:00:00,24.9,0.3,26.3
Visakhapatnam,ecmwf,2026-09-25 06:00:00,25.2,0.2,25.2
Visakhapatnam,ecmwf,2026-09-25 07:00:00,25.7,0.2,25.0
Visakhapatnam,ecmwf,2026-09-25 08:00:00,26.3,0.2,25.2
Visakhapatnam,ecmwf,2026-09-25 09:00:00,27.2,0.1,26.0
Visakhapatnam,ecmwf,2026-09-25 10:00:00,28.3,0.1,27.2
Visakhapatnam,ecmwf,2026-09-25 11:00:00,29.0,0.1,27.5
Visakhapatnam,ecmwf,2026-09-25 12:00:00,29.2,0.1,26.7
Visakhapatnam,ecmwf,2026-09-25 13:00:00,29.0,0.1,25.0
Visakhapatnam,ecmwf,2026-09-25 14:00:00,28.8,0.1,23.4
Visakhapatnam,ecmwf,2026-09-25 15:00:00,28.6,0.0,21.7
Visakhapatnam,ecmwf,2026-09-25 16:00:00,28.2,0.0,19.9
Visakhapatnam,ecmwf,2026-09-25 17:00:00,27.9,0.0,18.3
Visakhapatnam,ecmwf,2026-09-25 18:00:00,27.7,0.0,17.1
Visakhapatnam,ecmwf,2026-09-25 19:00:00,27.6,0.0,16.3
Visakhapatnam,ecmwf,2026-09-25 20:00:00,27.5,0.0,15.8
Visakhapatnam,ecmwf,2026-09-25 21:00:00,27.5,0.0,16.5
Visakhapatnam,ecmwf,2026-09-25 22:00:00,27.5,0.0,18.1
Visakhapatnam,ecmwf,2026-09-25 23:00:00,27.4,0.0,18.9
Visakhapatnam,ecmwf,2026-09-26 00:00:00,27.2,0.0,17.9
Visakhapatnam,ecmwf,2026-09-26 01:00:00,26.9,0.0,15.9
Visakhapatnam,ecmwf,2026-09-26 02:00:00,26.7,0.0,14.7
Visakhapatnam,ecmwf,2026-09-26 03:00:00,26.3,0.0,13.9
Visakhapatnam,ecmwf,2026-09-26 04:00:00,26.0,0.0,13.6
Visakhapatnam,ecmwf,2026-09-26 05:00:00,26.0,0.0,13.3
Visakhapatnam,ecmwf,2026-09-26 06:00:00,26.7,0.0,12.8
Visakhapatnam,ecmwf,2026-09-26 07:00:00,27.9,0.0,12.0
Visakhapatnam,ecmwf,2026-09-26 08:00:00,29.0,0.0,11.5
Visakhapatnam,ecmwf,2026-09-26 09:00:00,30.2,0.0,10.7
Visakhapatnam,ecmwf,2026-09-26 10:00:00,31.5,0.0,9.7
Visakhapatnam,ecmwf,2026-09-26 11:00:00,32.2,0.0,9.6
Visakhapatnam,ecmwf,2026-09-26 12:00:00,32.3,0.1,10.6
Visakhapatnam,ecmwf,2026-09-26 13:00:00,31.9,0.1,12.2
Visakhapatnam,ecmwf,2026-09-26 14:00:00,31.4,0.1,13.2
Visakhapatnam,ecmwf,2026-09-26 15:00:00,30.7,0.0,13.0
Visakhapatnam,ecmwf,2026-09-26 16:00:00,29.9,0.0,12.1
Visakhapatnam,ecmwf,2026-09-26 17:00:00,29.2,0.0,10.9
Visakhapatnam,ecmwf,2026-09-26 18:00:00,28.7,0.0,9.9
Visakhapatnam,ecmwf,2026-09-26 19:00:00,28.3,0.0,9.0
Visakhapatnam,ecmwf,2026-09-26 20:00:00,27.9,0.0,7.6
Visakhapatnam,ecmwf,2026-09-26 21:00:00,27.4,0.0,5.4
Visakhapatnam,ecmwf,2026-09-26 22:00:00,26.8,0.0,3.4
Visakhapatnam,ecmwf,2026-09-26 23:00:00,26.3,0.0,3.1
Visakhapatnam,gem,2026-09-24 00:00:00,24.6,2.9,17.3
Visakhapatnam,gem,2026-09-24 01:00:00,24.6,0.8,17.6
Visakhapatnam,gem,2026-09-24 02:00:00,24.8,0.5,22.3
Visakhapatnam,gem,2026-09-24 03:00:00,25.0,1.3,27.4
Visakhapatnam,gem,2026-09-24 04:00:00,25.2,0.4,28.4
Visakhapatnam,gem,2026-09-24 05:00:00,25.1,0.0,21.6
Visakhapatnam,gem,2026-09-24 06:00:00,25.3,0.2,26.6
Visakhapatnam,gem,2026-09-24 07:00:00,25.7,1.1,27.0
Visakhapatnam,gem,2026-09-24 08:00:00,26.1,0.2,31.7
Visakhapatnam,gem,2026-09-24 09:00:00,26.4,0.0,35.6
Visakhapatnam,gem,2026-09-24 10:00:00,26.9,0.0,36.0
Visakhapatnam,gem,2026-09-24 11:00:00,27.1,0.0,36.7
Visakhapatnam,gem,2026-09-24 12:00:00,27.1,0.0,38.2
Visakhapatnam,gem,2026-09-24 13:00:00,27.0,0.0,39.2
Visakhapatnam,gem,2026-09-24 14:00:00,26.7,0.0,41.8
Visakhapatnam,gem,2026-09-24 15:00:00,26.0,0.2,38.2
Visakhapatnam,gem,2026-09-24 16:00:00,26.5,0.3,36.0
Visakhapatnam,gem,2026-09-24 17:00:00,26.7,0.0,38.5
Visakhapatnam,gem,2026-09-24 18:00:00,26.5,0.0,40.0
Visakhapatnam,gem,2026-09-24 19:00:00,26.6,0.0,40.0
Visakhapatnam,gem,2026-09-24 20:00:00,26.8,0.0,41.4
Visakhapatnam,gem,2026-09-24 21:00:00,26.9,0.0,44.3
Visakhapatnam,gem,2026-09-24 22:00:00,25.9,1.3,42.8
Visakhapatnam,gem,2026-09-24 23:00:00,25.2,2.3,43.9
Visakhapatnam,gem,2026-09-25 00:00:00,25.1,2.7,40.3
Visakhapatnam,gem,2026-09-25 01:00:00,25.5,0.5,40.7
Visakhapatnam,gem,2026-09-25 02:00:00,25.4,0.0,40.7
Visakhapatnam,gem,2026-09-25 03:00:00,25.2,0.5,38.2
Visakhapatnam,gem,2026-09-25 04:00:00,25.3,0.3,37.4
Visakhapatnam,gem,2026-09-25 05:00:00,25.3,0.3,37.8
Visakhapatnam,gem,2026-09-25 06:00:00,25.3,0.6,36.7
Visakhapatnam,gem,2026-09-25 07:00:00,25.7,0.0,34.6
Visakhapatnam,gem,2026-09-25 08:00:00,26.4,0.0,32.0
Visakhapatnam,gem,2026-09-25 09:00:00,26.8,0.0,29.9
Visakhapatnam,gem,2026-09-25 10:00:00,27.4,0.0,29.2
Visakhapatnam,gem,2026-09-25 11:00:00,27.8,0.0,28.4
Visakhapatnam,gem,2026-09-25 12:00:00,27.5,0.0,30.2
Visakhapatnam,gem,2026-09-25 13:00:00,27.5,0.0,30.2
Visakhapatnam,gem,2026-09-25 14:00:00,27.6,0.0,28.1
Visakhapatnam,gem,2026-09-25 15:00:00,27.6,0.0,27.4
Visakhapatnam,gem,2026-09-25 16:00:00,27.6,0.0,27.0
Visakhapatnam,gem,2026-09-25 17:00:00,27.6,0.0,24.1
Visakhapatnam,gem,2026-09-25 18:00:00,27.5,0.0,22.0
Visakhapatnam,gem,2026-09-25 19:00:00,27.4,0.0,20.9
Visakhapatnam,gem,2026-09-25 20:00:00,27.3,0.0,18.4
Visakhapatnam,gem,2026-09-25 21:00:00,27.4,0.0,20.5
Visakhapatnam,gem,2026-09-25 22:00:00,26.9,0.0,20.2
Visakhapatnam,gem,2026-09-25 23:00:00,26.7,0.0,19.8
Visakhapatnam,gem,2026-09-26 00:00:00,26.1,0.3,16.2
Visakhapatnam,gem,2026-09-26 01:00:00,26.0,0.1,11.2
Visakhapatnam,gem,2026-09-26 02:00:00,26.4,0.0,13.7
Visakhapatnam,gem,2026-09-26 03:00:00,26.6,0.0,15.5
Visakhapatnam,gem,2026-09-26 04:00:00,26.5,0.0,19.1
Visakhapatnam,gem,2026-09-26 05:00:00,26.3,0.0,20.9
Visakhapatnam,gem,2026-09-26 06:00:00,26.4,0.0,21.6
Visakhapatnam,gem,2026-09-26 07:00:00,26.8,0.0,23.4
Visakhapatnam,gem,2026-09-26 08:00:00,27.5,0.0,23.4
Visakhapatnam,gem,2026-09-26 09:00:00,28.4,0.0,21.2
Visakhapatnam,gem,2026-09-26 10:00:00,29.2,0.0,19.8
Visakhapatnam,gem,2026-09-26 11:00:00,29.8,0.0,18.7
Visakhapatnam,gem,2026-09-26 12:00:00,30.3,0.0,19.1
Visakhapatnam,gem,2026-09-26 13:00:00,30.8,0.0,18.7
Visakhapatnam,gem,2026-09-26 14:00:00,31.0,0.0,18.7
Visakhapatnam,gem,2026-09-26 15:00:00,31.0,0.0,18.0
Visakhapatnam,gem,2026-09-26 16:00:00,30.6,0.0,15.5
Visakhapatnam,gem,2026-09-26 17:00:00,29.9,0.0,12.6
Visakhapatnam,gem,2026-09-26 18:00:00,29.3,0.0,10.4
Visakhapatnam,gem,2026-09-26 19:00:00,28.9,0.0,9.7
Visakhapatnam,gem,2026-09-26 20:00:00,28.3,0.0,8.6
Visakhapatnam,gem,2026-09-26 21:00:00,27.5,0.0,7.9
Visakhapatnam,gem,2026-09-26 22:00:00,26.8,0.0,7.6
Visakhapatnam,gem,2026-09-26 23:00:00,26.1,0.0,7.2
Visakhapatnam,gfs,2026-09-24 00:00:00,24.7,21.2,40.7
Visakhapatnam,gfs,2026-09-24 01:00:00,24.9,10.5,40.1
Visakhapatnam,gfs,2026-09-24 02:00:00,25.0,4.9,38.8
Visakhapatnam,gfs,2026-09-24 03:00:00,25.1,3.1,42.8
Visakhapatnam,gfs,2026-09-24 04:00:00,25.4,1.4,39.8
Visakhapatnam,gfs,2026-09-24 05:00:00,25.2,0.3,39.8
Visakhapatnam,gfs,2026-09-24 06:00:00,25.3,7.2,41.7
Visakhapatnam,gfs,2026-09-24 07:00:00,25.1,10.8,40.7
Visakhapatnam,gfs,2026-09-24 08:00:00,25.6,0.6,43.3
Visakhapatnam,gfs,2026-09-24 09:00:00,25.7,0.9,45.0
Visakhapatnam,gfs,2026-09-24 10:00:00,25.7,0.7,48.0
Visakhapatnam,gfs,2026-09-24 11:00:00,25.5,0.6,45.5
Visakhapatnam,gfs,2026-09-24 12:00:00,25.4,1.1,45.7
Visakhapatnam,gfs,2026-09-24 13:00:00,25.6,0.8,44.2
Visakhapatnam,gfs,2026-09-24 14:00:00,25.7,0.3,42.2
Visakhapatnam,gfs,2026-09-24 15:00:00,25.4,3.0,41.8
Visakhapatnam,gfs,2026-09-24 16:00:00,25.6,0.9,42.8
Visakhapatnam,gfs,2026-09-24 17:00:00,25.6,0.3,41.9
Visakhapatnam,gfs,2026-09-24 18:00:00,25.7,0.1,42.6
Visakhapatnam,gfs,2026-09-24 19:00:00,25.8,0.0,40.8
Visakhapatnam,gfs,2026-09-24 20:00:00,25.7,0.0,39.4
Visakhapatnam,gfs,2026-09-24 21:00:00,25.7,0.0,39.4
Visakhapatnam,gfs,2026-09-24 22:00:00,25.6,0.1,42.4
Visakhapatnam,gfs,2026-09-24 23:00:00,25.5,0.1,43.0
Visakhapatnam,gfs,2026-09-25 00:00:00,25.4,0.3,41.4
Visakhapatnam,gfs,2026-09-25 01:00:00,25.3,0.2,39.2
Visakhapatnam,gfs,2026-09-25 02:00:00,25.3,1.4,41.3
Visakhapatnam,gfs,2026-09-25 03:00:00,25.4,0.9,40.8
Visakhapatnam,gfs,2026-09-25 04:00:00,25.3,0.9,39.2
Visakhapatnam,gfs,2026-09-25 05:00:00,25.2,0.7,40.0
Visakhapatnam,gfs,2026-09-25 06:00:00,25.5,0.3,42.3
Visakhapatnam,gfs,2026-09-25 07:00:00,25.5,0.3,44.4
Visakhapatnam,gfs,2026-09-25 08:00:00,25.4,0.5,41.9
Visakhapatnam,gfs,2026-09-25 09:00:00,25.4,0.6,35.9
Visakhapatnam,gfs,2026-09-25 10:00:00,25.9,0.2,33.1
Visakhapatnam,gfs,2026-09-25 11:00:00,25.9,0.2,32.1
Visakhapatnam,gfs,2026-09-25 12:00:00,26.2,0.0,35.0
Visakhapatnam,gfs,2026-09-25 13:00:00,26.5,0.0,34.3
Visakhapatnam,gfs,2026-09-25 14:00:00,27.4,0.0,33.7
Visakhapatnam,gfs,2026-09-25 15:00:00,27.2,0.1,31.6
Visakhapatnam,gfs,2026-09-25 16:00:00,27.5,0.0,30.7
Visakhapatnam,gfs,2026-09-25 17:00:00,27.3,0.0,28.8
Visakhapatnam,gfs,2026-09-25 18:00:00,27.3,0.2,29.4
Visakhapatnam,gfs,2026-09-25 19:00:00,27.4,0.3,28.5
Visakhapatnam,gfs,2026-09-25 20:00:00,27.5,0.1,26.7
Visakhapatnam,gfs,2026-09-25 21:00:00,27.6,0.1,23.7
Visakhapatnam,gfs,2026-09-25 22:00:00,27.3,0.0,21.9
Visakhapatnam,gfs,2026-09-25 23:00:00,27.0,0.0,20.3
Visakhapatnam,gfs,2026-09-26 00:00:00,26.8,0.0,18.4
Visakhapatnam,gfs,2026-09-26 01:00:00,26.6,0.0,16.6
Visakhapatnam,gfs,2026-09-26 02:00:00,26.6,0.0,18.2
Visakhapatnam,gfs,2026-09-26 03:00:00,26.6,0.1,16.2
Visakhapatnam,gfs,2026-09-26 04:00:00,26.6,0.1,17.9
Visakhapatnam,gfs,2026-09-26 05:00:00,26.8,0.1,21.0
Visakhapatnam,gfs,2026-09-26 06:00:00,26.9,0.0,19.8
Visakhapatnam,gfs,2026-09-26 07:00:00,27.6,0.0,20.9
Visakhapatnam,gfs,2026-09-26 08:00:00,28.7,0.0,22.9
Visakhapatnam,gfs,2026-09-26 09:00:00,29.6,0.0,23.8
Visakhapatnam,gfs,2026-09-26 10:00:00,30.3,0.0,23.7
Visakhapatnam,gfs,2026-09-26 11:00:00,31.2,0.0,22.9
Visakhapatnam,gfs,2026-09-26 12:00:00,31.7,0.0,22.9
Visakhapatnam,gfs,2026-09-26 13:00:00,31.9,0.0,23.0
Visakhapatnam,gfs,2026-09-26 14:00:00,31.7,0.0,22.9
Visakhapatnam,gfs,2026-09-26 15:00:00,31.1,0.0,23.3
Visakhapatnam,gfs,2026-09-26 16:00:00,30.5,0.0,21.3
Visakhapatnam,gfs,2026-09-26 17:00:00,30.0,0.0,20.7
Visakhapatnam,gfs,2026-09-26 18:00:00,29.4,0.0,22.2
Visakhapatnam,gfs,2026-09-26 19:00:00,28.7,0.0,21.6
Visakhapatnam,gfs,2026-09-26 20:00:00,28.3,0.0,17.3
Visakhapatnam,gfs,2026-09-26 21:00:00,27.9,0.0,12.7
Visakhapatnam,gfs,2026-09-26 22:00:00,27.7,0.0,9.1
Visakhapatnam,gfs,2026-09-26 23:00:00,27.6,0.0,6.6
Visakhapatnam,icon,2026-09-24 00:00:00,25.9,13.8,25.3
Visakhapatnam,icon,2026-09-24 01:00:00,25.8,24.6,29.6
Visakhapatnam,icon,2026-09-24 02:00:00,25.8,24.2,28.9
Visakhapatnam,icon,2026-09-24 03:00:00,25.9,15.0,28.7
Visakhapatnam,icon,2026-09-24 04:00:00,26.0,11.4,28.5
Visakhapatnam,icon,2026-09-24 05:00:00,26.0,9.2,20.4
Visakhapatnam,icon,2026-09-24 06:00:00,26.0,7.9,20.2
Visakhapatnam,icon,2026-09-24 07:00:00,26.0,7.0,18.8
Visakhapatnam,icon,2026-09-24 08:00:00,26.4,4.8,17.7
Visakhapatnam,icon,2026-09-24 09:00:00,26.6,2.9,18.3
Visakhapatnam,icon,2026-09-24 10:00:00,26.7,4.6,17.8
Visakhapatnam,icon,2026-09-24 11:00:00,26.8,1.6,17.4
Visakhapatnam,icon,2026-09-24 12:00:00,27.0,0.8,19.4
Visakhapatnam,icon,2026-09-24 13:00:00,26.9,0.8,21.9
Visakhapatnam,icon,2026-09-24 14:00:00,26.7,1.4,21.7
Visakhapatnam,icon,2026-09-24 15:00:00,26.7,1.6,21.3
Visakhapatnam,icon,2026-09-24 16:00:00,26.8,2.2,20.1
Visakhapatnam,icon,2026-09-24 17:00:00,27.0,0.1,20.3
Visakhapatnam,icon,2026-09-24 18:00:00,27.0,1.9,20.7
Visakhapatnam,icon,2026-09-24 19:00:00,26.6,6.1,22.1
Visakhapatnam,icon,2026-09-24 20:00:00,26.6,7.3,23.2
Visakhapatnam,icon,2026-09-24 21:00:00,26.7,3.1,25.2
Visakhapatnam,icon,2026-09-24 22:00:00,27.1,2.6,24.2
Visakhapatnam,icon,2026-09-24 23:00:00,27.2,0.0,25.8
Visakhapatnam,icon,2026-09-25 00:00:00,27.1,0.1,24.0
Visakhapatnam,icon,2026-09-25 01:00:00,27.0,0.0,25.3
Visakhapatnam,icon,2026-09-25 02:00:00,26.8,0.2,25.2
Visakhapatnam,icon,2026-09-25 03:00:00,26.7,0.4,24.7
Visakhapatnam,icon,2026-09-25 04:00:00,26.7,0.4,23.8
Visakhapatnam,icon,2026-09-25 05:00:00,26.6,0.4,22.6
Visakhapatnam,icon,2026-09-25 06:00:00,26.0,4.2,20.8
Visakhapatnam,icon,2026-09-25 07:00:00,26.2,1.6,21.6
Visakhapatnam,icon,2026-09-25 08:00:00,26.3,1.1,20.8
Visakhapatnam,icon,2026-09-25 09:00:00,26.4,1.3,20.7
Visakhapatnam,icon,2026-09-25 10:00:00,27.1,1.1,22.2
Visakhapatnam,icon,2026-09-25 11:00:00,28.1,0.0,21.7
Visakhapatnam,icon,2026-09-25 12:00:00,28.4,0.0,19.9
Visakhapatnam,icon,2026-09-25 13:00:00,28.4,0.0,18.6
Visakhapatnam,icon,2026-09-25 14:00:00,28.3,0.1,18.6
Visakhapatnam,icon,2026-09-25 15:00:00,28.2,0.1,18.8
Visakhapatnam,icon,2026-09-25 16:00:00,28.2,0.0,17.6
Visakhapatnam,icon,2026-09-25 17:00:00,28.3,0.0,15.5
Visakhapatnam,icon,2026-09-25 18:00:00,28.4,0.0,15.3
Visakhapatnam,icon,2026-09-25 19:00:00,28.5,0.0,14.8
Visakhapatnam,icon,2026-09-25 20:00:00,28.4,0.0,14.1
Visakhapatnam,icon,2026-09-25 21:00:00,28.4,0.0,11.1
Visakhapatnam,icon,2026-09-25 22:00:00,28.4,0.4,11.1
Visakhapatnam,icon,2026-09-25 23:00:00,28.3,1.3,11.5
Visakhapatnam,icon,2026-09-26 00:00:00,28.3,1.1,12.7
Visakhapatnam,icon,2026-09-26 01:00:00,28.3,0.8,11.4
Visakhapatnam,icon,2026-09-26 02:00:00,27.9,1.7,10.6
Visakhapatnam,icon,2026-09-26 03:00:00,28.0,0.0,10.3
Visakhapatnam,icon,2026-09-26 04:00:00,28.0,0.0,10.0
Visakhapatnam,icon,2026-09-26 05:00:00,28.0,0.0,8.5
Visakhapatnam,icon,2026-09-26 06:00:00,28.2,0.0,9.0
Visakhapatnam,icon,2026-09-26 07:00:00,28.6,0.0,11.5
Visakhapatnam,icon,2026-09-26 08:00:00,29.4,0.0,13.3
Visakhapatnam,icon,2026-09-26 09:00:00,30.1,0.0,13.6
Visakhapatnam,icon,2026-09-26 10:00:00,30.8,0.0,12.7
Visakhapatnam,icon,2026-09-26 11:00:00,31.7,0.0,12.0
Visakhapatnam,icon,2026-09-26 12:00:00,32.3,0.0,12.0
Visakhapatnam,icon,2026-09-26 13:00:00,32.4,0.0,12.1
Visakhapatnam,icon,2026-09-26 14:00:00,32.1,0.0,11.9
Visakhapatnam,icon,2026-09-26 15:00:00,31.7,0.0,11.3
Visakhapatnam,icon,2026-09-26 16:00:00,31.1,0.0,10.1
Visakhapatnam,icon,2026-09-26 17:00:00,30.4,0.0,8.5
Visakhapatnam,icon,2026-09-26 18:00:00,29.8,0.0,7.3
Visakhapatnam,icon,2026-09-26 19:00:00,29.4,0.0,5.9
Visakhapatnam,icon,2026-09-26 20:00:00,29.2,0.0,5.1
Visakhapatnam,icon,2026-09-26 21:00:00,29.0,0.0,4.8
Visakhapatnam,icon,2026-09-26 22:00:00,28.8,0.0,4.3
Visakhapatnam,icon,2026-09-26 23:00:00,28.5,0.0,4.1
